2023-07-08 15:34:25,094 [AppLog] INFO : 开启闪喷： IDP_FlashPrtCtl(true)：ReturnCode{True}
2023-07-08 15:34:26,077 [AppLog] INFO : 关闭闪喷： IDP_FlashPrtCtl(false)：ReturnCode{True}
2023-07-08 15:34:29,010 [AppLog] INFO : 开启闪喷： IDP_FlashPrtCtl(true)：ReturnCode{True}
2023-07-08 15:34:33,019 [AppLog] INFO : 关闭闪喷： IDP_FlashPrtCtl(false)：ReturnCode{True}
2023-07-08 15:34:56,575 [AppLog] INFO : 手动开启自动清洗过程：AutoCleanBtn_Click
2023-07-08 15:34:56,575 [AppLog] INFO : 进入自动清洗过程：AutoCleanThread
2023-07-08 15:34:56,950 [AppLog] INFO : 刮墨轴回零成功：motionMap.SetBackSpreaderAxis(4, 1, 2, -SinkHomePosition)
2023-07-08 15:34:56,950 [AppLog] INFO : 准备读取编码器位置：Y方向！
2023-07-08 15:34:56,950 [AppLog] INFO : 准备运动，编码器当前位置：DEM_GetAxisEncodeVal：MoveDirectionFlag{false为Y方向：True}CurrentPos{316.925}AimPos{116}
2023-07-08 15:34:57,698 [AppLog] INFO : Y方向运动开始：DEM_Run：返回值{True}nAxis{1}DirFlag{False}nSpeed{300000}MoveStep{-201304.949175}nCtlValue{1}
2023-07-08 15:34:57,761 [AppLog] INFO : Y方向到位停止：DEM_StopAxisRun：返回值{True}CurrentPos{118.115}bImmeStop{False}nAxisMask{2}
2023-07-08 15:34:57,761 [AppLog] INFO : 准备读取编码器位置：X方向！
2023-07-08 15:34:57,761 [AppLog] INFO : 准备运动，当前位置：DEV_GetPrintEncoderValue：MoveDirectionFlag{false为Y方向：False}CurrentPos{757.46}AimPos{780}
2023-07-08 15:34:57,792 [AppLog] INFO : X方向运动开始：DEM_Run：返回值{True}nAxis{0}DirFlag{True}nSpeed{300000}MoveStep{22540}nCtlValue{2}
2023-07-08 15:34:58,276 [AppLog] INFO : X方向到位停止：DEM_StopAxisRun：返回值{True}CurrentPos{779.45}bImmeStop{False}nAxisMask{1}
2023-07-08 15:34:58,276 [AppLog] INFO : 关闭闪喷： IDP_FlashPrtCtl(false)：ReturnCode{True}
2023-07-08 15:34:59,492 [AppLog] INFO : 开启手动清洗挤墨喷头，DEV_EnableTimer: 端口{11}，清洗控制周期：{0.5}S,{0.5}S
2023-07-08 15:35:00,506 [AppLog] INFO : 关闭手动清洗挤墨喷头：DEV_EnableTimer
2023-07-08 15:35:00,506 [AppLog] INFO : 压墨等待开启：{1.5S}
2023-07-08 15:35:02,020 [AppLog] INFO : 压墨等待完成：{1.5S}
2023-07-08 15:35:02,020 [AppLog] INFO : 准备读取编码器位置：X方向！
2023-07-08 15:35:02,020 [AppLog] INFO : 准备运动，当前位置：DEV_GetPrintEncoderValue：MoveDirectionFlag{false为Y方向：False}CurrentPos{779.97}AimPos{680}
2023-07-08 15:35:02,051 [AppLog] INFO : X方向运动开始：DEM_Run：返回值{True}nAxis{0}DirFlag{False}nSpeed{200000}MoveStep{-99970}nCtlValue{2}
2023-07-08 15:35:02,909 [AppLog] INFO : X方向到位停止：DEM_StopAxisRun：返回值{True}CurrentPos{684.55}bImmeStop{False}nAxisMask{1}
2023-07-08 15:35:03,486 [AppLog] INFO : 准备读取编码器位置：X方向！
2023-07-08 15:35:03,486 [AppLog] INFO : 准备运动，当前位置：DEV_GetPrintEncoderValue：MoveDirectionFlag{false为Y方向：False}CurrentPos{680.51}AimPos{758}
2023-07-08 15:35:03,517 [AppLog] INFO : X方向运动开始：DEM_Run：返回值{True}nAxis{0}DirFlag{True}nSpeed{300000}MoveStep{77490}nCtlValue{2}
2023-07-08 15:35:04,266 [AppLog] INFO : X方向到位停止：DEM_StopAxisRun：返回值{True}CurrentPos{753.75}bImmeStop{False}nAxisMask{1}
2023-07-08 15:35:04,266 [AppLog] INFO : 准备读取编码器位置：Y方向！
2023-07-08 15:35:04,266 [AppLog] INFO : 准备运动，编码器当前位置：DEM_GetAxisEncodeVal：MoveDirectionFlag{false为Y方向：True}CurrentPos{116.095}AimPos{317}
2023-07-08 15:35:05,015 [AppLog] INFO : Y方向运动开始：DEM_Run：返回值{True}nAxis{1}DirFlag{True}nSpeed{300000}MoveStep{201284.911355}nCtlValue{1}
2023-07-08 15:35:05,093 [AppLog] INFO : Y方向到位停止：DEM_StopAxisRun：返回值{True}CurrentPos{315.315}bImmeStop{False}nAxisMask{2}
2023-07-08 15:35:05,093 [AppLog] INFO : 结束自动清洗过程：AutoCleanThread
2023-07-08 15:35:07,729 [AppLog] INFO : 手动停止自动清洗过程：AutoCleanBtn_Click
2023-07-08 15:35:19,304 [AppLog] INFO : 退出手动调试子模块，未执行修改
==========================================================================
2023-07-08 15:35:29,928 [AppLog] INFO : 启动打印任务：准备开启数据处理及打印线程
2023-07-08 15:35:29,928 [AppLog] INFO : 创建：AutoPrintMotion0=》不需重新创建-手动操作！
2023-07-08 15:35:29,944 [AppLog] INFO : 停止打印任务，释放板卡内存：IDP_StopPrintJob()：ReturnFlag{True}
2023-07-08 15:35:29,944 [AppLog] INFO : 启动打印线程成功： DataTaskTHREAD
2023-07-08 15:35:29,944 [AppLog] INFO : 启动打印线程成功：PrintTaskTHREAD
2023-07-08 15:35:29,959 [AppLog] INFO : 写入打印参数：IDP_SartPrintJob：nJobID{1}szJobName{金属3DP打印}nPixelGrayBits{1} nPrtCtl{0}nPrtXEncPos{10000}fPrtYPos{0}
2023-07-08 15:35:29,959 [AppLog] INFO : 进入：EquipmentMotionLogic3=》准备创建对象-手动操作！
2023-07-08 15:35:29,959 [AppLog] INFO : 创建：AutoPrintMotion4=》不需重新创建-手动操作！
2023-07-08 15:35:29,975 [AppLog] INFO : 准备处理第0层数据：准备调用RenderToWic，index为0，subindex为0，g_nRePrintTimes为1，起始层为0
2023-07-08 15:35:30,037 [AppLog] INFO : 完成处理第0层数据：准备调用DrawLayerBMP，index为0，起始层为0
2023-07-08 15:35:30,037 [AppLog] INFO : 完成处理第0层数据：准备调用DrawLayerBMP，index为0，起始层为0
2023-07-08 15:35:30,412 [AppLog] INFO : 作业写入成功：IDP_WriteImgLayerData：bpp:{1bit}灰阶:{1阶}nLayerIndex{0}LayerIndex{0}SubIndex{0}RePrintTimes{1}nBytesPerLine{752}nWidth{6001}nHeight{7680}nXEncOff{0}nYJetOff{355}nImgStartJetIndex{0}nXDPI{476.25}nYDPI{600}nPrtDir{0} nPrtFlag{1}nColorCnts{1}nReserved{System.Int32[]}
2023-07-08 15:35:30,427 [AppLog] INFO : 完成处理第0层数据：准备调用RenderToWic，index为0，subindex为0，g_nRePrintTimes为1，起始层为0
2023-07-08 15:35:30,443 [AppLog] INFO : 准备处理第0层数据：准备调用RenderToWic，index为0，subindex为1，g_nRePrintTimes为1，起始层为0
2023-07-08 15:35:30,505 [AppLog] INFO : 完成处理第0层数据：准备调用DrawLayerBMP，index为0，起始层为0
2023-07-08 15:35:30,505 [AppLog] INFO : 完成处理第0层数据：准备调用DrawLayerBMP，index为0，起始层为0
2023-07-08 15:35:30,848 [AppLog] INFO : 作业写入成功：IDP_WriteImgLayerData：bpp:{1bit}灰阶:{1阶}nLayerIndex{1}LayerIndex{0}SubIndex{1}RePrintTimes{1}nBytesPerLine{752}nWidth{6001}nHeight{7680}nXEncOff{0}nYJetOff{355}nImgStartJetIndex{0}nXDPI{476.25}nYDPI{600}nPrtDir{0} nPrtFlag{1}nColorCnts{1}nReserved{System.Int32[]}
2023-07-08 15:35:30,864 [AppLog] INFO : 完成处理第0层数据：准备调用RenderToWic，index为0，subindex为1，g_nRePrintTimes为1，起始层为0
2023-07-08 15:35:30,864 [AppLog] INFO : 准备处理第1层数据：准备调用RenderToWic，index为1，subindex为0，g_nRePrintTimes为1，起始层为0
2023-07-08 15:35:30,926 [AppLog] INFO : 关闭自动供墨：DEV_EnableInkAutoSupply：ControlBit{0xX}
2023-07-08 15:35:30,926 [AppLog] INFO : 完成处理第1层数据：准备调用DrawLayerBMP，index为1，起始层为0
2023-07-08 15:35:30,926 [AppLog] INFO : 完成处理第1层数据：准备调用DrawLayerBMP，index为1，起始层为0
2023-07-08 15:35:30,942 [AppLog] INFO : 初始化墨轴1：DEM_InitAxis：{0, 0x100}
2023-07-08 15:35:30,973 [AppLog] INFO : 初始化墨轴2：DEM_InitAxis：{1, 0x1400}
2023-07-08 15:35:30,989 [AppLog] INFO : 初始化墨轴3：DEM_InitAxis：{1, 0x1400}
2023-07-08 15:35:30,989 [AppLog] INFO : 使能所有墨轴：DEM_EnableAxisRun：{true}
2023-07-08 15:35:31,004 [AppLog] INFO : 使能双Y墨轴输出同步：DEM_EnableDYOutPut：{true, true}
2023-07-08 15:35:31,004 [AppLog] INFO : 初始化墨轴1：DEM_InitAxis：{0, 0x100}
2023-07-08 15:35:31,004 [AppLog] INFO : 使能所有墨轴：DEM_EnableAxisRun：{true}
2023-07-08 15:35:31,020 [AppLog] INFO : 开启自动供墨：DEV_EnableInkAutoSupply：ControlBit{0xFF}
2023-07-08 15:35:31,020 [AppLog] INFO : 接收到恢复打印指令：PrintTaskTHREAD
2023-07-08 15:35:31,020 [AppLog] INFO : 获取打印Pass数据：IDP_GetPassItem2：nLayerIndex{1}nPassID{0}nProcState{3}LPPassDataItemb:PrtDir{False}nDataTxCompleteCnt{1}nHwMemAdrMatchMask{1}nLayerIndex{1}nLayerPassCount{6}nLayerPassIndex{0}nMinJet0ImgLinePos{355}nPrtMemHwAddr{System.UInt32[]}nPrtDataOffset{System.UInt32[]}nSrcDataSize{System.UInt32[]}nPrtColBytes{System.UInt32[]}nPrtPrecession{10.666}nSrcEndCols{6000}nSrcStartCols{0}nStartEncPos{76511}nValidPassJets{1280}nValidPrtCols{6233}nValidPrtCtlCnts{1}pDataBuf{0}pNextItem{767821072}
2023-07-08 15:35:31,067 [AppLog] INFO : 使能Pass打印成功：IDP_DoPassPrint2：nLayerIndex{1}nPassID{0}
2023-07-08 15:35:31,082 [AppLog] INFO : PASS打印前关键状态：DEV_GetDeviceInfo：nLayerIndex{1}nPassID{0}LPPRINTER_INFO:nXSysEncDPI{5080}nStatus{909129520}nPrintStatus{0}bSuperDevice{1}
LPPRINTER_INFO-LPPrtRunInfo:bJobPrtRuning{True}bLayerPrtIsOver{False}nContReqMemErr{0}nContWDErr{0}nCurPrtDir{0}nDTLayerIndex{1}nDTLayerPassIndex{5}nDTPtrCtlIndex{0}nLayerPassCount{6}nPrintLayerIndex{1}nPrintPassIndex{0}nProcLayerIndex{1}nPrtDataMemAddr{0}nPrtState{0}nReverse{System.Int32[]}nRevPrtCols{0}
LPPRINTER_INFO-LPDRVINFO:nFMVersion{45074}nFpgaVersion{539038216}nPCBVersion{0}nState{0}nNextState{0}nPtvwarnState{0}nCrc32{0}nRevInfo{System.UInt32[]}nSignature{0}
2023-07-08 15:35:31,082 [AppLog] INFO : 创建：AutoPrintMotion1=》不需重新创建-手动操作！
2023-07-08 15:35:31,082 [AppLog] INFO : 进入：EquipmentMotionLogic3=》准备创建对象-手动操作！
2023-07-08 15:35:31,082 [AppLog] INFO : 进入：EquipmentMotionLogic3=》不需重新创建-手动操作！
2023-07-08 15:35:31,082 [AppLog] INFO : 进入：EquipmentMotionLogic3=》赋值完成自-AutoPrintMotion2！
2023-07-08 15:35:31,082 [AppLog] INFO : 进入：EquipmentMotionLogic3=》加载配置文件-LoadJsonFile成功！
2023-07-08 15:35:31,082 [AppLog] INFO : 进入自动清洗过程：AutoCleanThread
2023-07-08 15:35:31,316 [AppLog] INFO : 作业写入成功：IDP_WriteImgLayerData：bpp:{1bit}灰阶:{1阶}nLayerIndex{2}LayerIndex{1}SubIndex{1}RePrintTimes{1}nBytesPerLine{752}nWidth{6001}nHeight{7680}nXEncOff{0}nYJetOff{355}nImgStartJetIndex{0}nXDPI{476.25}nYDPI{600}nPrtDir{0} nPrtFlag{1}nColorCnts{1}nReserved{System.Int32[]}
2023-07-08 15:35:31,316 [AppLog] INFO : 完成处理第1层数据：准备调用RenderToWic，index为1，subindex为0，g_nRePrintTimes为1，起始层为0
2023-07-08 15:35:31,332 [AppLog] INFO : 准备处理第2层数据：准备调用RenderToWic，index为2，subindex为0，g_nRePrintTimes为1，起始层为0
2023-07-08 15:35:31,394 [AppLog] INFO : 完成处理第2层数据：准备调用DrawLayerBMP，index为2，起始层为0
2023-07-08 15:35:31,394 [AppLog] INFO : 完成处理第2层数据：准备调用DrawLayerBMP，index为2，起始层为0
2023-07-08 15:35:31,441 [AppLog] INFO : 刮墨轴回零成功：motionMap.SetBackSpreaderAxis(4, 1, 2, -SinkHomePosition)
2023-07-08 15:35:31,441 [AppLog] INFO : 准备读取编码器位置：Y方向！
2023-07-08 15:35:31,441 [AppLog] INFO : 准备运动，编码器当前位置：DEM_GetAxisEncodeVal：MoveDirectionFlag{false为Y方向：True}CurrentPos{316.895}AimPos{116}
2023-07-08 15:35:31,753 [AppLog] INFO : 作业写入成功：IDP_WriteImgLayerData：bpp:{1bit}灰阶:{1阶}nLayerIndex{3}LayerIndex{2}SubIndex{1}RePrintTimes{1}nBytesPerLine{752}nWidth{6001}nHeight{7680}nXEncOff{0}nYJetOff{355}nImgStartJetIndex{0}nXDPI{476.25}nYDPI{600}nPrtDir{0} nPrtFlag{1}nColorCnts{1}nReserved{System.Int32[]}
2023-07-08 15:35:31,753 [AppLog] INFO : 完成处理第2层数据：准备调用RenderToWic，index为2，subindex为0，g_nRePrintTimes为1，起始层为0
2023-07-08 15:35:31,769 [AppLog] INFO : 准备处理第3层数据：准备调用RenderToWic，index为3，subindex为0，g_nRePrintTimes为1，起始层为0
2023-07-08 15:35:31,831 [AppLog] INFO : 完成处理第3层数据：准备调用DrawLayerBMP，index为3，起始层为0
2023-07-08 15:35:31,831 [AppLog] INFO : 完成处理第3层数据：准备调用DrawLayerBMP，index为3，起始层为0
2023-07-08 15:35:32,190 [AppLog] INFO : Y方向运动开始：DEM_Run：返回值{True}nAxis{1}DirFlag{False}nSpeed{300000}MoveStep{-201274.892445}nCtlValue{1}
2023-07-08 15:35:32,190 [AppLog] INFO : 作业写入成功：IDP_WriteImgLayerData：bpp:{1bit}灰阶:{1阶}nLayerIndex{4}LayerIndex{3}SubIndex{1}RePrintTimes{1}nBytesPerLine{752}nWidth{6001}nHeight{7680}nXEncOff{0}nYJetOff{355}nImgStartJetIndex{0}nXDPI{476.25}nYDPI{600}nPrtDir{0} nPrtFlag{1}nColorCnts{1}nReserved{System.Int32[]}
2023-07-08 15:35:32,190 [AppLog] INFO : 完成处理第3层数据：准备调用RenderToWic，index为3，subindex为0，g_nRePrintTimes为1，起始层为0
2023-07-08 15:35:32,190 [AppLog] INFO : 准备处理第4层数据：准备调用RenderToWic，index为4，subindex为0，g_nRePrintTimes为1，起始层为0
2023-07-08 15:35:32,252 [AppLog] INFO : Y方向到位停止：DEM_StopAxisRun：返回值{True}CurrentPos{119.49}bImmeStop{False}nAxisMask{2}
2023-07-08 15:35:32,252 [AppLog] INFO : 准备读取编码器位置：X方向！
2023-07-08 15:35:32,252 [AppLog] INFO : 准备运动，当前位置：DEV_GetPrintEncoderValue：MoveDirectionFlag{false为Y方向：False}CurrentPos{757.52}AimPos{780}
2023-07-08 15:35:32,252 [AppLog] INFO : 完成处理第4层数据：准备调用DrawLayerBMP，index为4，起始层为0
2023-07-08 15:35:32,252 [AppLog] INFO : 完成处理第4层数据：准备调用DrawLayerBMP，index为4，起始层为0
2023-07-08 15:35:32,315 [AppLog] INFO : X方向运动开始：DEM_Run：返回值{True}nAxis{0}DirFlag{True}nSpeed{300000}MoveStep{22480}nCtlValue{2}
2023-07-08 15:35:32,611 [AppLog] INFO : 作业写入成功：IDP_WriteImgLayerData：bpp:{1bit}灰阶:{1阶}nLayerIndex{5}LayerIndex{4}SubIndex{1}RePrintTimes{1}nBytesPerLine{752}nWidth{6001}nHeight{7680}nXEncOff{0}nYJetOff{355}nImgStartJetIndex{0}nXDPI{476.25}nYDPI{600}nPrtDir{0} nPrtFlag{1}nColorCnts{1}nReserved{System.Int32[]}
2023-07-08 15:35:32,611 [AppLog] INFO : 完成处理第4层数据：准备调用RenderToWic，index为4，subindex为0，g_nRePrintTimes为1，起始层为0
2023-07-08 15:35:32,611 [AppLog] INFO : 准备处理第5层数据：准备调用RenderToWic，index为5，subindex为0，g_nRePrintTimes为1，起始层为0
2023-07-08 15:35:32,689 [AppLog] INFO : 完成处理第5层数据：准备调用DrawLayerBMP，index为5，起始层为0
2023-07-08 15:35:32,689 [AppLog] INFO : 完成处理第5层数据：准备调用DrawLayerBMP，index为5，起始层为0
2023-07-08 15:35:32,705 [AppLog] INFO : X方向到位停止：DEM_StopAxisRun：返回值{True}CurrentPos{775.89}bImmeStop{False}nAxisMask{1}
2023-07-08 15:35:33,048 [AppLog] INFO : 作业写入成功：IDP_WriteImgLayerData：bpp:{1bit}灰阶:{1阶}nLayerIndex{6}LayerIndex{5}SubIndex{1}RePrintTimes{1}nBytesPerLine{752}nWidth{6001}nHeight{7680}nXEncOff{0}nYJetOff{355}nImgStartJetIndex{0}nXDPI{476.25}nYDPI{600}nPrtDir{0} nPrtFlag{1}nColorCnts{1}nReserved{System.Int32[]}
2023-07-08 15:35:33,048 [AppLog] INFO : 完成处理第5层数据：准备调用RenderToWic，index为5，subindex为0，g_nRePrintTimes为1，起始层为0
2023-07-08 15:35:33,064 [AppLog] INFO : 准备处理第6层数据：准备调用RenderToWic，index为6，subindex为0，g_nRePrintTimes为1，起始层为0
2023-07-08 15:35:33,126 [AppLog] INFO : 完成处理第6层数据：准备调用DrawLayerBMP，index为6，起始层为0
2023-07-08 15:35:33,142 [AppLog] INFO : 完成处理第6层数据：准备调用DrawLayerBMP，index为6，起始层为0
2023-07-08 15:35:33,485 [AppLog] INFO : 作业写入成功：IDP_WriteImgLayerData：bpp:{1bit}灰阶:{1阶}nLayerIndex{7}LayerIndex{6}SubIndex{1}RePrintTimes{1}nBytesPerLine{752}nWidth{6001}nHeight{7680}nXEncOff{0}nYJetOff{355}nImgStartJetIndex{0}nXDPI{476.25}nYDPI{600}nPrtDir{0} nPrtFlag{1}nColorCnts{1}nReserved{System.Int32[]}
2023-07-08 15:35:33,485 [AppLog] INFO : 完成处理第6层数据：准备调用RenderToWic，index为6，subindex为0，g_nRePrintTimes为1，起始层为0
2023-07-08 15:35:33,485 [AppLog] INFO : 准备处理第7层数据：准备调用RenderToWic，index为7，subindex为0，g_nRePrintTimes为1，起始层为0
2023-07-08 15:35:33,563 [AppLog] INFO : 完成处理第7层数据：准备调用DrawLayerBMP，index为7，起始层为0
2023-07-08 15:35:33,563 [AppLog] INFO : 完成处理第7层数据：准备调用DrawLayerBMP，index为7，起始层为0
2023-07-08 15:35:33,906 [AppLog] INFO : 作业写入成功：IDP_WriteImgLayerData：bpp:{1bit}灰阶:{1阶}nLayerIndex{8}LayerIndex{7}SubIndex{1}RePrintTimes{1}nBytesPerLine{752}nWidth{6001}nHeight{7680}nXEncOff{0}nYJetOff{355}nImgStartJetIndex{0}nXDPI{476.25}nYDPI{600}nPrtDir{0} nPrtFlag{1}nColorCnts{1}nReserved{System.Int32[]}
2023-07-08 15:35:33,906 [AppLog] INFO : 完成处理第7层数据：准备调用RenderToWic，index为7，subindex为0，g_nRePrintTimes为1，起始层为0
2023-07-08 15:35:33,906 [AppLog] INFO : 准备处理第8层数据：准备调用RenderToWic，index为8，subindex为0，g_nRePrintTimes为1，起始层为0
2023-07-08 15:35:33,937 [AppLog] INFO : 开启手动清洗挤墨喷头，DEV_EnableTimer: 端口{11}，清洗控制周期：{0.5}S,{0.5}S
2023-07-08 15:35:33,984 [AppLog] INFO : 完成处理第8层数据：准备调用DrawLayerBMP，index为8，起始层为0
2023-07-08 15:35:33,984 [AppLog] INFO : 完成处理第8层数据：准备调用DrawLayerBMP，index为8，起始层为0
2023-07-08 15:35:34,343 [AppLog] INFO : 作业写入成功：IDP_WriteImgLayerData：bpp:{1bit}灰阶:{1阶}nLayerIndex{9}LayerIndex{8}SubIndex{1}RePrintTimes{1}nBytesPerLine{752}nWidth{6001}nHeight{7680}nXEncOff{0}nYJetOff{355}nImgStartJetIndex{0}nXDPI{476.25}nYDPI{600}nPrtDir{0} nPrtFlag{1}nColorCnts{1}nReserved{System.Int32[]}
2023-07-08 15:35:34,343 [AppLog] INFO : 完成处理第8层数据：准备调用RenderToWic，index为8，subindex为0，g_nRePrintTimes为1，起始层为0
2023-07-08 15:35:34,343 [AppLog] INFO : 准备处理第9层数据：准备调用RenderToWic，index为9，subindex为0，g_nRePrintTimes为1，起始层为0
2023-07-08 15:35:34,405 [AppLog] INFO : 完成处理第9层数据：准备调用DrawLayerBMP，index为9，起始层为0
2023-07-08 15:35:34,405 [AppLog] INFO : 完成处理第9层数据：准备调用DrawLayerBMP，index为9，起始层为0
2023-07-08 15:35:34,764 [AppLog] INFO : 作业写入成功：IDP_WriteImgLayerData：bpp:{1bit}灰阶:{1阶}nLayerIndex{10}LayerIndex{9}SubIndex{1}RePrintTimes{1}nBytesPerLine{752}nWidth{6001}nHeight{7680}nXEncOff{0}nYJetOff{355}nImgStartJetIndex{0}nXDPI{476.25}nYDPI{600}nPrtDir{0} nPrtFlag{1}nColorCnts{1}nReserved{System.Int32[]}
2023-07-08 15:35:34,764 [AppLog] INFO : 完成处理第9层数据：准备调用RenderToWic，index为9，subindex为0，g_nRePrintTimes为1，起始层为0
2023-07-08 15:35:34,967 [AppLog] INFO : 关闭手动清洗挤墨喷头：DEV_EnableTimer
2023-07-08 15:35:34,967 [AppLog] INFO : 压墨等待开启：{1.5S}
2023-07-08 15:35:36,480 [AppLog] INFO : 压墨等待完成：{1.5S}
2023-07-08 15:35:36,480 [AppLog] INFO : 准备读取编码器位置：X方向！
2023-07-08 15:35:36,480 [AppLog] INFO : 准备运动，当前位置：DEV_GetPrintEncoderValue：MoveDirectionFlag{false为Y方向：False}CurrentPos{779.975}AimPos{680}
2023-07-08 15:35:36,511 [AppLog] INFO : X方向运动开始：DEM_Run：返回值{True}nAxis{0}DirFlag{False}nSpeed{200000}MoveStep{-99975}nCtlValue{2}
2023-07-08 15:35:37,369 [AppLog] INFO : X方向到位停止：DEM_StopAxisRun：返回值{True}CurrentPos{684.355}bImmeStop{False}nAxisMask{1}
2023-07-08 15:35:37,946 [AppLog] INFO : 结束自动清洗过程：AutoCleanThread
2023-07-08 15:35:37,946 [AppLog] INFO : 进入：EquipmentMotionLogic3=》准备创建对象-手动操作！
2023-07-08 15:35:37,946 [AppLog] INFO : 进入：EquipmentMotionLogic3=》不需重新创建-手动操作！
2023-07-08 15:35:37,946 [AppLog] INFO : 进入：EquipmentMotionLogic3=》赋值完成自-AutoPrintMotion2！
2023-07-08 15:35:37,946 [AppLog] INFO : 进入：EquipmentMotionLogic3=》加载配置文件-LoadJsonFile成功！
2023-07-08 15:35:37,946 [AppLog] INFO : 进入：AutoPrintThread3！
2023-07-08 15:35:37,946 [AppLog] INFO : 关闭闪喷操作：IDP_FlashPrtCtl：返回值{True}
2023-07-08 15:35:37,946 [AppLog] INFO : 准备读取编码器位置：Y方向！
2023-07-08 15:35:37,946 [AppLog] INFO : 准备运动，编码器当前位置：DEM_GetAxisEncodeVal：MoveDirectionFlag{false为Y方向：True}CurrentPos{116.11}AimPos{88.5}
2023-07-08 15:35:38,102 [AppLog] INFO : Y方向运动开始：DEM_Run：返回值{True}nAxis{1}DirFlag{False}nSpeed{300000}MoveStep{-27662.21051}nCtlValue{1}
2023-07-08 15:35:38,165 [AppLog] INFO : 准备读取编码器位置：X方向！
2023-07-08 15:35:38,165 [AppLog] INFO : 准备运动，当前位置：DEV_GetPrintEncoderValue：MoveDirectionFlag{false为Y方向：False}CurrentPos{680.51}AimPos{425}
2023-07-08 15:35:38,196 [AppLog] INFO : X方向运动开始：DEM_Run：返回值{True}nAxis{0}DirFlag{False}nSpeed{300000}MoveStep{-255510}nCtlValue{2}
2023-07-08 15:35:39,600 [AppLog] INFO : X方向到位停止：DEM_StopAxisRun：返回值{True}CurrentPos{428.995}bImmeStop{False}nAxisMask{1}
2023-07-08 15:35:39,600 [AppLog] INFO : 准备读取编码器位置：X方向！
2023-07-08 15:35:39,600 [AppLog] INFO : 准备运动，当前位置：DEV_GetPrintEncoderValue：MoveDirectionFlag{false为Y方向：False}CurrentPos{428.9}AimPos{25}
2023-07-08 15:35:39,631 [AppLog] INFO : X方向运动开始：DEM_Run：返回值{True}nAxis{0}DirFlag{False}nSpeed{300000}MoveStep{-403900}nCtlValue{2}
2023-07-08 15:35:41,519 [AppLog] INFO : X方向到位停止：DEM_StopAxisRun：返回值{True}CurrentPos{26.28}bImmeStop{False}nAxisMask{1}
2023-07-08 15:35:41,519 [AppLog] INFO : 准备读取编码器位置：Y方向！
2023-07-08 15:35:41,519 [AppLog] INFO : 准备运动，编码器当前位置：DEM_GetAxisEncodeVal：MoveDirectionFlag{false为Y方向：True}CurrentPos{88.475}AimPos{103.521166666667}
2023-07-08 15:35:41,659 [AppLog] INFO : Y方向运动开始：DEM_Run：返回值{True}nAxis{1}DirFlag{True}nSpeed{300000}MoveStep{15074.6189678333}nCtlValue{1}
2023-07-08 15:35:41,737 [AppLog] INFO : Y方向到位停止：DEM_StopAxisRun：返回值{True}CurrentPos{101.675}bImmeStop{False}nAxisMask{2}
2023-07-08 15:35:41,737 [AppLog] INFO : 获取打印Pass数据：IDP_GetPassItem2：nLayerIndex{1}nPassID{1}nProcState{3}LPPassDataItemb:PrtDir{True}nDataTxCompleteCnt{1}nHwMemAdrMatchMask{1}nLayerIndex{1}nLayerPassCount{6}nLayerPassIndex{1}nMinJet0ImgLinePos{1635}nPrtMemHwAddr{System.UInt32[]}nPrtDataOffset{System.UInt32[]}nSrcDataSize{System.UInt32[]}nPrtColBytes{System.UInt32[]}nPrtPrecession{10.666}nSrcEndCols{6000}nSrcStartCols{0}nStartEncPos{10000}nValidPassJets{1280}nValidPrtCols{6233}nValidPrtCtlCnts{1}pDataBuf{0}pNextItem{767821232}
2023-07-08 15:35:41,753 [AppLog] INFO : 使能Pass打印成功：IDP_DoPassPrint2：nLayerIndex{1}nPassID{1}
2023-07-08 15:35:41,753 [AppLog] INFO : PASS打印前关键状态：DEV_GetDeviceInfo：nLayerIndex{1}nPassID{1}LPPRINTER_INFO:nXSysEncDPI{5080}nStatus{909129520}nPrintStatus{0}bSuperDevice{1}
LPPRINTER_INFO-LPPrtRunInfo:bJobPrtRuning{True}bLayerPrtIsOver{False}nContReqMemErr{0}nContWDErr{0}nCurPrtDir{0}nDTLayerIndex{10}nDTLayerPassIndex{5}nDTPtrCtlIndex{0}nLayerPassCount{6}nPrintLayerIndex{1}nPrintPassIndex{1}nProcLayerIndex{10}nPrtDataMemAddr{0}nPrtState{0}nReverse{System.Int32[]}nRevPrtCols{0}
LPPRINTER_INFO-LPDRVINFO:nFMVersion{45074}nFpgaVersion{539038216}nPCBVersion{0}nState{0}nNextState{0}nPtvwarnState{0}nCrc32{0}nRevInfo{System.UInt32[]}nSignature{0}
2023-07-08 15:35:41,753 [AppLog] INFO : 创建：AutoPrintMotion1=》不需重新创建-手动操作！
2023-07-08 15:35:41,753 [AppLog] INFO : 进入：EquipmentMotionLogic3=》准备创建对象-手动操作！
2023-07-08 15:35:41,753 [AppLog] INFO : 进入：EquipmentMotionLogic3=》不需重新创建-手动操作！
2023-07-08 15:35:41,753 [AppLog] INFO : 进入：EquipmentMotionLogic3=》赋值完成自-AutoPrintMotion2！
2023-07-08 15:35:41,753 [AppLog] INFO : 进入：EquipmentMotionLogic3=》加载配置文件-LoadJsonFile成功！
2023-07-08 15:35:41,753 [AppLog] INFO : 进入：AutoPrintThread3！
2023-07-08 15:35:41,753 [AppLog] INFO : 准备读取编码器位置：X方向！
2023-07-08 15:35:41,753 [AppLog] INFO : 准备运动，当前位置：DEV_GetPrintEncoderValue：MoveDirectionFlag{false为Y方向：False}CurrentPos{22.23}AimPos{425}
2023-07-08 15:35:41,784 [AppLog] INFO : X方向运动开始：DEM_Run：返回值{True}nAxis{0}DirFlag{True}nSpeed{300000}MoveStep{402770}nCtlValue{2}
2023-07-08 15:35:43,672 [AppLog] INFO : X方向到位停止：DEM_StopAxisRun：返回值{True}CurrentPos{419.405}bImmeStop{False}nAxisMask{1}
2023-07-08 15:35:43,672 [AppLog] INFO : 准备读取编码器位置：Y方向！
2023-07-08 15:35:43,672 [AppLog] INFO : 准备运动，编码器当前位置：DEM_GetAxisEncodeVal：MoveDirectionFlag{false为Y方向：True}CurrentPos{103.49}AimPos{142.5}
2023-07-08 15:35:43,874 [AppLog] INFO : Y方向运动开始：DEM_Run：返回值{True}nAxis{1}DirFlag{True}nSpeed{300000}MoveStep{39083.76791}nCtlValue{1}
2023-07-08 15:35:43,937 [AppLog] INFO : Y方向到位停止：DEM_StopAxisRun：返回值{True}CurrentPos{139.305}bImmeStop{False}nAxisMask{2}
2023-07-08 15:35:43,937 [AppLog] INFO : 获取打印Pass数据：IDP_GetPassItem2：nLayerIndex{1}nPassID{2}nProcState{3}LPPassDataItemb:PrtDir{False}nDataTxCompleteCnt{1}nHwMemAdrMatchMask{1}nLayerIndex{1}nLayerPassCount{6}nLayerPassIndex{2}nMinJet0ImgLinePos{2915}nPrtMemHwAddr{System.UInt32[]}nPrtDataOffset{System.UInt32[]}nSrcDataSize{System.UInt32[]}nPrtColBytes{System.UInt32[]}nPrtPrecession{10.666}nSrcEndCols{6000}nSrcStartCols{0}nStartEncPos{76511}nValidPassJets{1280}nValidPrtCols{6233}nValidPrtCtlCnts{1}pDataBuf{0}pNextItem{767821392}
2023-07-08 15:35:43,937 [AppLog] INFO : 使能Pass打印成功：IDP_DoPassPrint2：nLayerIndex{1}nPassID{2}
2023-07-08 15:35:43,952 [AppLog] INFO : PASS打印前关键状态：DEV_GetDeviceInfo：nLayerIndex{1}nPassID{2}LPPRINTER_INFO:nXSysEncDPI{5080}nStatus{909129520}nPrintStatus{0}bSuperDevice{1}
LPPRINTER_INFO-LPPrtRunInfo:bJobPrtRuning{True}bLayerPrtIsOver{False}nContReqMemErr{0}nContWDErr{0}nCurPrtDir{0}nDTLayerIndex{10}nDTLayerPassIndex{5}nDTPtrCtlIndex{0}nLayerPassCount{6}nPrintLayerIndex{1}nPrintPassIndex{2}nProcLayerIndex{10}nPrtDataMemAddr{0}nPrtState{0}nReverse{System.Int32[]}nRevPrtCols{0}
LPPRINTER_INFO-LPDRVINFO:nFMVersion{45074}nFpgaVersion{539038216}nPCBVersion{0}nState{0}nNextState{0}nPtvwarnState{0}nCrc32{0}nRevInfo{System.UInt32[]}nSignature{0}
2023-07-08 15:35:43,952 [AppLog] INFO : 创建：AutoPrintMotion1=》不需重新创建-手动操作！
2023-07-08 15:35:43,952 [AppLog] INFO : 进入：EquipmentMotionLogic3=》准备创建对象-手动操作！
2023-07-08 15:35:43,952 [AppLog] INFO : 进入：EquipmentMotionLogic3=》不需重新创建-手动操作！
2023-07-08 15:35:43,952 [AppLog] INFO : 进入：EquipmentMotionLogic3=》赋值完成自-AutoPrintMotion2！
2023-07-08 15:35:43,952 [AppLog] INFO : 进入：EquipmentMotionLogic3=》加载配置文件-LoadJsonFile成功！
2023-07-08 15:35:43,952 [AppLog] INFO : 进入：AutoPrintThread3！
2023-07-08 15:35:43,952 [AppLog] INFO : 准备读取编码器位置：X方向！
2023-07-08 15:35:43,952 [AppLog] INFO : 准备运动，当前位置：DEV_GetPrintEncoderValue：MoveDirectionFlag{false为Y方向：False}CurrentPos{423.365}AimPos{25}
2023-07-08 15:35:43,984 [AppLog] INFO : X方向运动开始：DEM_Run：返回值{True}nAxis{0}DirFlag{False}nSpeed{300000}MoveStep{-398365}nCtlValue{2}
2023-07-08 15:35:45,856 [AppLog] INFO : X方向到位停止：DEM_StopAxisRun：返回值{True}CurrentPos{30.54}bImmeStop{False}nAxisMask{1}
2023-07-08 15:35:45,856 [AppLog] INFO : 准备读取编码器位置：Y方向！
2023-07-08 15:35:45,856 [AppLog] INFO : 准备运动，编码器当前位置：DEM_GetAxisEncodeVal：MoveDirectionFlag{false为Y方向：True}CurrentPos{142.495}AimPos{157.521166666667}
2023-07-08 15:35:45,980 [AppLog] INFO : Y方向运动开始：DEM_Run：返回值{True}nAxis{1}DirFlag{True}nSpeed{300000}MoveStep{15054.5811478333}nCtlValue{1}
2023-07-08 15:35:46,043 [AppLog] INFO : Y方向到位停止：DEM_StopAxisRun：返回值{True}CurrentPos{155.035}bImmeStop{False}nAxisMask{2}
2023-07-08 15:35:46,043 [AppLog] INFO : 获取打印Pass数据：IDP_GetPassItem2：nLayerIndex{1}nPassID{3}nProcState{3}LPPassDataItemb:PrtDir{True}nDataTxCompleteCnt{1}nHwMemAdrMatchMask{1}nLayerIndex{1}nLayerPassCount{6}nLayerPassIndex{3}nMinJet0ImgLinePos{4195}nPrtMemHwAddr{System.UInt32[]}nPrtDataOffset{System.UInt32[]}nSrcDataSize{System.UInt32[]}nPrtColBytes{System.UInt32[]}nPrtPrecession{10.666}nSrcEndCols{6000}nSrcStartCols{0}nStartEncPos{10000}nValidPassJets{1280}nValidPrtCols{6233}nValidPrtCtlCnts{1}pDataBuf{0}pNextItem{767821552}
2023-07-08 15:35:46,058 [AppLog] INFO : 使能Pass打印成功：IDP_DoPassPrint2：nLayerIndex{1}nPassID{3}
2023-07-08 15:35:46,058 [AppLog] INFO : PASS打印前关键状态：DEV_GetDeviceInfo：nLayerIndex{1}nPassID{3}LPPRINTER_INFO:nXSysEncDPI{5080}nStatus{909129520}nPrintStatus{0}bSuperDevice{1}
LPPRINTER_INFO-LPPrtRunInfo:bJobPrtRuning{True}bLayerPrtIsOver{False}nContReqMemErr{0}nContWDErr{0}nCurPrtDir{0}nDTLayerIndex{10}nDTLayerPassIndex{5}nDTPtrCtlIndex{0}nLayerPassCount{6}nPrintLayerIndex{1}nPrintPassIndex{3}nProcLayerIndex{10}nPrtDataMemAddr{0}nPrtState{0}nReverse{System.Int32[]}nRevPrtCols{0}
LPPRINTER_INFO-LPDRVINFO:nFMVersion{45074}nFpgaVersion{539038216}nPCBVersion{0}nState{0}nNextState{0}nPtvwarnState{0}nCrc32{0}nRevInfo{System.UInt32[]}nSignature{0}
2023-07-08 15:35:46,058 [AppLog] INFO : 创建：AutoPrintMotion1=》不需重新创建-手动操作！
2023-07-08 15:35:46,058 [AppLog] INFO : 进入：EquipmentMotionLogic3=》准备创建对象-手动操作！
2023-07-08 15:35:46,058 [AppLog] INFO : 进入：EquipmentMotionLogic3=》不需重新创建-手动操作！
2023-07-08 15:35:46,058 [AppLog] INFO : 进入：EquipmentMotionLogic3=》赋值完成自-AutoPrintMotion2！
2023-07-08 15:35:46,058 [AppLog] INFO : 进入：EquipmentMotionLogic3=》加载配置文件-LoadJsonFile成功！
2023-07-08 15:35:46,058 [AppLog] INFO : 进入：AutoPrintThread3！
2023-07-08 15:35:46,058 [AppLog] INFO : 准备读取编码器位置：X方向！
2023-07-08 15:35:46,058 [AppLog] INFO : 准备运动，当前位置：DEV_GetPrintEncoderValue：MoveDirectionFlag{false为Y方向：False}CurrentPos{26.595}AimPos{425}
2023-07-08 15:35:46,090 [AppLog] INFO : X方向运动开始：DEM_Run：返回值{True}nAxis{0}DirFlag{True}nSpeed{300000}MoveStep{398405}nCtlValue{2}
2023-07-08 15:35:47,962 [AppLog] INFO : X方向到位停止：DEM_StopAxisRun：返回值{True}CurrentPos{419.485}bImmeStop{False}nAxisMask{1}
2023-07-08 15:35:47,962 [AppLog] INFO : 准备读取编码器位置：Y方向！
2023-07-08 15:35:47,977 [AppLog] INFO : 准备运动，编码器当前位置：DEM_GetAxisEncodeVal：MoveDirectionFlag{false为Y方向：True}CurrentPos{157.48}AimPos{196.5}
2023-07-08 15:35:48,180 [AppLog] INFO : Y方向运动开始：DEM_Run：返回值{True}nAxis{1}DirFlag{True}nSpeed{300000}MoveStep{39093.78682}nCtlValue{1}
2023-07-08 15:35:48,242 [AppLog] INFO : Y方向到位停止：DEM_StopAxisRun：返回值{True}CurrentPos{193.51}bImmeStop{False}nAxisMask{2}
2023-07-08 15:35:48,242 [AppLog] INFO : 获取打印Pass数据：IDP_GetPassItem2：nLayerIndex{1}nPassID{4}nProcState{3}LPPassDataItemb:PrtDir{False}nDataTxCompleteCnt{1}nHwMemAdrMatchMask{1}nLayerIndex{1}nLayerPassCount{6}nLayerPassIndex{4}nMinJet0ImgLinePos{5475}nPrtMemHwAddr{System.UInt32[]}nPrtDataOffset{System.UInt32[]}nSrcDataSize{System.UInt32[]}nPrtColBytes{System.UInt32[]}nPrtPrecession{10.666}nSrcEndCols{6000}nSrcStartCols{0}nStartEncPos{76511}nValidPassJets{1280}nValidPrtCols{6233}nValidPrtCtlCnts{1}pDataBuf{0}pNextItem{767821712}
2023-07-08 15:35:48,242 [AppLog] INFO : 使能Pass打印成功：IDP_DoPassPrint2：nLayerIndex{1}nPassID{4}
2023-07-08 15:35:48,258 [AppLog] INFO : PASS打印前关键状态：DEV_GetDeviceInfo：nLayerIndex{1}nPassID{4}LPPRINTER_INFO:nXSysEncDPI{5080}nStatus{909129520}nPrintStatus{0}bSuperDevice{1}
LPPRINTER_INFO-LPPrtRunInfo:bJobPrtRuning{True}bLayerPrtIsOver{False}nContReqMemErr{0}nContWDErr{0}nCurPrtDir{0}nDTLayerIndex{10}nDTLayerPassIndex{5}nDTPtrCtlIndex{0}nLayerPassCount{6}nPrintLayerIndex{1}nPrintPassIndex{4}nProcLayerIndex{10}nPrtDataMemAddr{0}nPrtState{0}nReverse{System.Int32[]}nRevPrtCols{0}
LPPRINTER_INFO-LPDRVINFO:nFMVersion{45074}nFpgaVersion{539038216}nPCBVersion{0}nState{0}nNextState{0}nPtvwarnState{0}nCrc32{0}nRevInfo{System.UInt32[]}nSignature{0}
2023-07-08 15:35:48,258 [AppLog] INFO : 创建：AutoPrintMotion1=》不需重新创建-手动操作！
2023-07-08 15:35:48,258 [AppLog] INFO : 进入：EquipmentMotionLogic3=》准备创建对象-手动操作！
2023-07-08 15:35:48,258 [AppLog] INFO : 进入：EquipmentMotionLogic3=》不需重新创建-手动操作！
2023-07-08 15:35:48,258 [AppLog] INFO : 进入：EquipmentMotionLogic3=》赋值完成自-AutoPrintMotion2！
2023-07-08 15:35:48,258 [AppLog] INFO : 进入：EquipmentMotionLogic3=》加载配置文件-LoadJsonFile成功！
2023-07-08 15:35:48,258 [AppLog] INFO : 进入：AutoPrintThread3！
2023-07-08 15:35:48,258 [AppLog] INFO : 准备读取编码器位置：X方向！
2023-07-08 15:35:48,258 [AppLog] INFO : 准备运动，当前位置：DEV_GetPrintEncoderValue：MoveDirectionFlag{false为Y方向：False}CurrentPos{423.405}AimPos{25}
2023-07-08 15:35:48,289 [AppLog] INFO : X方向运动开始：DEM_Run：返回值{True}nAxis{0}DirFlag{False}nSpeed{300000}MoveStep{-398405}nCtlValue{2}
2023-07-08 15:35:50,177 [AppLog] INFO : X方向到位停止：DEM_StopAxisRun：返回值{True}CurrentPos{30.245}bImmeStop{False}nAxisMask{1}
2023-07-08 15:35:50,177 [AppLog] INFO : 准备读取编码器位置：Y方向！
2023-07-08 15:35:50,177 [AppLog] INFO : 准备运动，编码器当前位置：DEM_GetAxisEncodeVal：MoveDirectionFlag{false为Y方向：True}CurrentPos{196.555}AimPos{211.521166666667}
2023-07-08 15:35:50,302 [AppLog] INFO : Y方向运动开始：DEM_Run：返回值{True}nAxis{1}DirFlag{True}nSpeed{300000}MoveStep{14994.4676878333}nCtlValue{1}
2023-07-08 15:35:50,364 [AppLog] INFO : Y方向到位停止：DEM_StopAxisRun：返回值{True}CurrentPos{209.24}bImmeStop{False}nAxisMask{2}
2023-07-08 15:35:50,364 [AppLog] INFO : 获取打印Pass数据：IDP_GetPassItem2：nLayerIndex{1}nPassID{5}nProcState{3}LPPassDataItemb:PrtDir{True}nDataTxCompleteCnt{1}nHwMemAdrMatchMask{1}nLayerIndex{1}nLayerPassCount{6}nLayerPassIndex{5}nMinJet0ImgLinePos{6755}nPrtMemHwAddr{System.UInt32[]}nPrtDataOffset{System.UInt32[]}nSrcDataSize{System.UInt32[]}nPrtColBytes{System.UInt32[]}nPrtPrecession{10.666}nSrcEndCols{6000}nSrcStartCols{0}nStartEncPos{10000}nValidPassJets{1280}nValidPrtCols{6233}nValidPrtCtlCnts{1}pDataBuf{0}pNextItem{0}
2023-07-08 15:35:50,380 [AppLog] INFO : 使能Pass打印成功：IDP_DoPassPrint2：nLayerIndex{1}nPassID{5}
2023-07-08 15:35:50,380 [AppLog] INFO : PASS打印前关键状态：DEV_GetDeviceInfo：nLayerIndex{1}nPassID{5}LPPRINTER_INFO:nXSysEncDPI{5080}nStatus{909129520}nPrintStatus{0}bSuperDevice{1}
LPPRINTER_INFO-LPPrtRunInfo:bJobPrtRuning{True}bLayerPrtIsOver{False}nContReqMemErr{0}nContWDErr{0}nCurPrtDir{0}nDTLayerIndex{10}nDTLayerPassIndex{5}nDTPtrCtlIndex{0}nLayerPassCount{6}nPrintLayerIndex{1}nPrintPassIndex{5}nProcLayerIndex{10}nPrtDataMemAddr{0}nPrtState{0}nReverse{System.Int32[]}nRevPrtCols{0}
LPPRINTER_INFO-LPDRVINFO:nFMVersion{45074}nFpgaVersion{539038216}nPCBVersion{0}nState{0}nNextState{0}nPtvwarnState{0}nCrc32{0}nRevInfo{System.UInt32[]}nSignature{0}
2023-07-08 15:35:50,380 [AppLog] INFO : 创建：AutoPrintMotion1=》不需重新创建-手动操作！
2023-07-08 15:35:50,380 [AppLog] INFO : 进入：EquipmentMotionLogic3=》准备创建对象-手动操作！
2023-07-08 15:35:50,380 [AppLog] INFO : 进入：EquipmentMotionLogic3=》不需重新创建-手动操作！
2023-07-08 15:35:50,380 [AppLog] INFO : 进入：EquipmentMotionLogic3=》赋值完成自-AutoPrintMotion2！
2023-07-08 15:35:50,380 [AppLog] INFO : 进入：EquipmentMotionLogic3=》加载配置文件-LoadJsonFile成功！
2023-07-08 15:35:50,380 [AppLog] INFO : 进入：AutoPrintThread3！
2023-07-08 15:35:50,380 [AppLog] INFO : 准备读取编码器位置：X方向！
2023-07-08 15:35:50,380 [AppLog] INFO : 准备运动，当前位置：DEV_GetPrintEncoderValue：MoveDirectionFlag{false为Y方向：False}CurrentPos{26.59}AimPos{425}
2023-07-08 15:35:50,411 [AppLog] INFO : X方向运动开始：DEM_Run：返回值{True}nAxis{0}DirFlag{True}nSpeed{300000}MoveStep{398410}nCtlValue{2}
2023-07-08 15:35:52,283 [AppLog] INFO : X方向到位停止：DEM_StopAxisRun：返回值{True}CurrentPos{418.9}bImmeStop{False}nAxisMask{1}
2023-07-08 15:35:52,283 [AppLog] INFO : 准备读取编码器位置：X方向！
2023-07-08 15:35:52,283 [AppLog] INFO : 准备运动，当前位置：DEV_GetPrintEncoderValue：MoveDirectionFlag{false为Y方向：False}CurrentPos{419.09}AimPos{780}
2023-07-08 15:35:52,314 [AppLog] INFO : X方向运动开始：DEM_Run：返回值{True}nAxis{0}DirFlag{True}nSpeed{300000}MoveStep{360910}nCtlValue{2}
2023-07-08 15:35:52,376 [AppLog] INFO : 准备读取编码器位置：Y方向！
2023-07-08 15:35:52,376 [AppLog] INFO : 准备运动，编码器当前位置：DEM_GetAxisEncodeVal：MoveDirectionFlag{false为Y方向：True}CurrentPos{211.535}AimPos{121}
2023-07-08 15:35:52,751 [AppLog] INFO : Y方向运动开始：DEM_Run：返回值{True}nAxis{1}DirFlag{False}nSpeed{300000}MoveStep{-90706.201685}nCtlValue{1}
2023-07-08 15:35:54,092 [AppLog] INFO : Y方向到位等停：DEM_StopAxisRun：返回值{True}bImmeStop{False}nAxisMask{1}
2023-07-08 15:35:54,092 [AppLog] INFO : X方向到位等停：DEM_StopAxisRun：返回值{True}bImmeStop{False}nAxisMask{2}
2023-07-08 15:35:54,108 [AppLog] INFO : 开启闪喷操作：IDP_FlashPrtCtl：返回值{True}
2023-07-08 15:35:54,108 [AppLog] INFO : 进入：EquipmentMotionLogic3=》准备创建对象-手动操作！
2023-07-08 15:35:54,108 [AppLog] INFO : 进入：EquipmentMotionLogic3=》不需重新创建-手动操作！
2023-07-08 15:35:54,108 [AppLog] INFO : 进入：EquipmentMotionLogic3=》赋值完成自-AutoPrintMotion2！
2023-07-08 15:35:54,108 [AppLog] INFO : 进入：EquipmentMotionLogic3=》加载配置文件-LoadJsonFile成功！
2023-07-08 15:35:54,108 [AppLog] INFO : 进入自动铺粉逻辑：NewAutoSupplyPowderThread2
2023-07-08 15:35:54,108 [AppLog] INFO : 电气控制模块：手动打开端口14
2023-07-08 15:35:54,108 [AppLog] INFO : 电气控制模块：手动打开端口15
2023-07-08 15:35:54,186 [AppLog] INFO : 手动正向点动指令（8轴运控板卡系统） ====》：输出AXIS{第1轴},点动量{-0.1MM},运动速度{2MM/s}
2023-07-08 15:35:54,186 [AppLog] INFO : 成形面高度下降层厚 TrapSpace{0.1mm}：TrapMoveUp(1, true, Convert.ToString(vel), Convert.ToString(TrapSpace), true, true）
2023-07-08 15:35:54,950 [AppLog] INFO : 手动正向点动指令（8轴运控板卡系统） ====》：输出AXIS{第1轴},点动量{-1.5MM},运动速度{2MM/s}
2023-07-08 15:35:54,950 [AppLog] INFO : 成形面高度下降指定厚度 TrapSpace{1.5mm}：TrapMoveUp(1, true, Convert.ToString(vel), Convert.ToString(TrapSpace), true, true）
2023-07-08 15:35:55,730 [AppLog] INFO : 手动正向点动指令（8轴运控板卡系统） ====》：输出AXIS{第1轴},点动量{1.5MM},运动速度{2MM/s}
2023-07-08 15:35:55,730 [AppLog] INFO : 电气控制模块：手动关闭端口15
2023-07-08 15:35:55,730 [AppLog] INFO : 电气控制模块：手动关闭端口14
2023-07-08 15:35:55,730 [AppLog] INFO : 成形面高度上升层厚 TrapSpace{1.5mm}：TrapMoveUp(1, true, Convert.ToString(vel), Convert.ToString(TrapSpace), true, true）
2023-07-08 15:35:55,980 [AppLog] INFO : 手动正向点动指令（8轴运控板卡系统） ====》：输出AXIS{第8轴},点动量{0.6MM},运动速度{2.5MM/s}
2023-07-08 15:35:55,980 [AppLog] INFO : Hopper落粉轴转2圈落粉，速度0.5rev/s：TrapMoveUp(8, true, 0.5, rotateNuM.ToString(), true, false)
2023-07-08 15:35:56,994 [AppLog] INFO : 开启铺粉车不等停运动，准备运动至准备打印位置215mm，速度250mm/s：BackToStation2
2023-07-08 15:35:57,852 [AppLog] INFO : 手动正向点动指令（8轴运控板卡系统） ====》：输出AXIS{第2轴},点动量{216.5MM},运动速度{250MM/s}
2023-07-08 15:35:57,852 [AppLog] INFO : 当前铺粉车位置：打印位置215mm
2023-07-08 15:35:57,852 [AppLog] INFO : 手动正向点动指令（8轴运控板卡系统） ====》：输出AXIS{第2轴},点动量{480MM},运动速度{25MM/s}
2023-07-08 15:35:57,852 [AppLog] INFO : 开启铺粉车不等停运动至准备打印位置695mm，速度25mm/s：BackToStation2
2023-07-08 15:35:57,977 [AppLog] INFO : 打开IR灯：OpenIRLamp(true)
2023-07-08 15:35:58,117 [AppLog] INFO : 手动正向点动指令（8轴运控板卡系统） ====》：输出AXIS{第3轴},点动量{0.125MM},运动速度{1MM/s}
2023-07-08 15:35:58,117 [AppLog] INFO : 在{40mm}处，落粉轴运动{45度}，落粉轴转速{1rev/s}：TrapMoveUp(3, true, Convert.ToString(DispenseRollerSpeed), 0.5, true, true)
2023-07-08 15:35:58,117 [AppLog] INFO : 手动正向点动指令（8轴运控板卡系统） ====》：输出AXIS{第3轴},点动量{0.5MM},运动速度{0.0376712328767123MM/s}
2023-07-08 15:35:58,117 [AppLog] INFO : 开启均匀落粉及辊子铺平运动：TrapMoveUp(3, true, Convert.ToString(DispenseRollerSpeed), 0.5, true, true)
2023-07-08 15:36:09,770 [AppLog] INFO : 关闭IR灯：OpenIRLamp(false)
2023-07-08 15:36:14,326 [AppLog] INFO : 手动正向点动指令（8轴运控板卡系统） ====》：输出AXIS{第3轴},点动量{0.5MM},运动速度{2MM/s}
2023-07-08 15:36:14,326 [AppLog] INFO : 落粉轴继续转动以倒掉余粉：TrapMoveUp(3, true, 2, 0.5, true, false)
2023-07-08 15:36:17,056 [AppLog] INFO : 电气控制模块：手动打开端口14
2023-07-08 15:36:17,056 [AppLog] INFO : 电气控制模块：手动打开端口15
2023-07-08 15:36:17,836 [AppLog] INFO : 手动正向点动指令（8轴运控板卡系统） ====》：输出AXIS{第1轴},点动量{-1.5MM},运动速度{2MM/s}
2023-07-08 15:36:17,836 [AppLog] INFO : 电气控制模块：手动关闭端口15
2023-07-08 15:36:17,836 [AppLog] INFO : 电气控制模块：手动关闭端口14
2023-07-08 15:36:17,836 [AppLog] INFO : 成形面高度下降指定厚度 TrapSpace{1.5mm}：TrapMoveUp(1, true, Convert.ToString(vel), Convert.ToString(TrapSpace), true, true）
2023-07-08 15:36:20,628 [AppLog] INFO : 手动正向点动指令（8轴运控板卡系统） ====》：输出AXIS{第2轴},点动量{-696.5MM},运动速度{250MM/s}
2023-07-08 15:36:20,628 [AppLog] INFO : 铺粉车返回至站1：BackToStation2(AimPos, MovSpeed, true)：-1.5mm，速度250mm/s：BackToStation2
2023-07-08 15:36:21,408 [AppLog] INFO : 落粉轴回零成功：motionMap.SetBackSpreaderAxis(3, 0.5, 2, -SinkPosition)：ReturnCode{True}
2023-07-08 15:36:21,408 [AppLog] INFO : 电气控制模块：手动打开端口14
2023-07-08 15:36:21,408 [AppLog] INFO : 电气控制模块：手动打开端口15
2023-07-08 15:36:22,173 [AppLog] INFO : 手动正向点动指令（8轴运控板卡系统） ====》：输出AXIS{第1轴},点动量{1.5MM},运动速度{2MM/s}
2023-07-08 15:36:22,173 [AppLog] INFO : 电气控制模块：手动关闭端口15
2023-07-08 15:36:22,173 [AppLog] INFO : 电气控制模块：手动关闭端口14
2023-07-08 15:36:22,173 [AppLog] INFO : 成形面高度上升层厚 TrapSpace{1.5mm}：TrapMoveUp(1, true, Convert.ToString(vel), Convert.ToString(TrapSpace), true, true）
2023-07-08 15:36:22,173 [AppLog] INFO : 自动铺粉正常结束：NewAutoSupplyPowderThread2
2023-07-08 15:36:22,173 [AppLog] INFO : 发送监控指令，拍照记录1条：SendMessageFromSharedMemory
2023-07-08 15:36:22,173 [AppLog] INFO : 铺粉模式：铺粉固化同时进行！
2023-07-08 15:36:22,173 [AppLog] INFO : 执行完成铺粉固化操作：EquipmentMotionLogic3：m_bApplyPowderSupplyMotion:0
2023-07-08 15:36:22,173 [AppLog] INFO : 接收到恢复打印指令：PrintTaskTHREAD
2023-07-08 15:36:22,173 [AppLog] INFO : 获取打印Pass数据：IDP_GetPassItem2：nLayerIndex{2}nPassID{0}nProcState{3}LPPassDataItemb:PrtDir{False}nDataTxCompleteCnt{1}nHwMemAdrMatchMask{1}nLayerIndex{2}nLayerPassCount{6}nLayerPassIndex{0}nMinJet0ImgLinePos{355}nPrtMemHwAddr{System.UInt32[]}nPrtDataOffset{System.UInt32[]}nSrcDataSize{System.UInt32[]}nPrtColBytes{System.UInt32[]}nPrtPrecession{10.666}nSrcEndCols{6000}nSrcStartCols{0}nStartEncPos{76511}nValidPassJets{1280}nValidPrtCols{6233}nValidPrtCtlCnts{1}pDataBuf{0}pNextItem{767822032}
2023-07-08 15:36:22,188 [AppLog] INFO : 使能Pass打印成功：IDP_DoPassPrint2：nLayerIndex{2}nPassID{0}
2023-07-08 15:36:22,188 [AppLog] INFO : PASS打印前关键状态：DEV_GetDeviceInfo：nLayerIndex{2}nPassID{0}LPPRINTER_INFO:nXSysEncDPI{5080}nStatus{909129520}nPrintStatus{0}bSuperDevice{1}
LPPRINTER_INFO-LPPrtRunInfo:bJobPrtRuning{True}bLayerPrtIsOver{False}nContReqMemErr{0}nContWDErr{0}nCurPrtDir{0}nDTLayerIndex{10}nDTLayerPassIndex{5}nDTPtrCtlIndex{0}nLayerPassCount{6}nPrintLayerIndex{2}nPrintPassIndex{0}nProcLayerIndex{10}nPrtDataMemAddr{0}nPrtState{0}nReverse{System.Int32[]}nRevPrtCols{0}
LPPRINTER_INFO-LPDRVINFO:nFMVersion{45074}nFpgaVersion{539038216}nPCBVersion{0}nState{0}nNextState{0}nPtvwarnState{0}nCrc32{0}nRevInfo{System.UInt32[]}nSignature{0}
2023-07-08 15:36:22,188 [AppLog] INFO : 创建：AutoPrintMotion1=》不需重新创建-手动操作！
2023-07-08 15:36:22,188 [AppLog] INFO : 进入：EquipmentMotionLogic3=》准备创建对象-手动操作！
2023-07-08 15:36:22,188 [AppLog] INFO : 进入：EquipmentMotionLogic3=》不需重新创建-手动操作！
2023-07-08 15:36:22,188 [AppLog] INFO : 进入：EquipmentMotionLogic3=》赋值完成自-AutoPrintMotion2！
2023-07-08 15:36:22,188 [AppLog] INFO : 进入：EquipmentMotionLogic3=》加载配置文件-LoadJsonFile成功！
2023-07-08 15:36:22,188 [AppLog] INFO : 进入自动清洗过程：AutoCleanThread
2023-07-08 15:36:22,563 [AppLog] INFO : 刮墨轴回零成功：motionMap.SetBackSpreaderAxis(4, 1, 2, -SinkHomePosition)
2023-07-08 15:36:22,563 [AppLog] INFO : 准备读取编码器位置：Y方向！
2023-07-08 15:36:22,563 [AppLog] INFO : 准备运动，编码器当前位置：DEM_GetAxisEncodeVal：MoveDirectionFlag{false为Y方向：True}CurrentPos{121.015}AimPos{116}
2023-07-08 15:36:22,641 [AppLog] INFO : 准备处理第10层数据：准备调用RenderToWic，index为10，subindex为0，g_nRePrintTimes为1，起始层为0
2023-07-08 15:36:22,687 [AppLog] INFO : Y方向运动开始：DEM_Run：返回值{True}nAxis{1}DirFlag{False}nSpeed{300000}MoveStep{-5024.483365}nCtlValue{1}
2023-07-08 15:36:22,703 [AppLog] INFO : 完成处理第10层数据：准备调用DrawLayerBMP，index为10，起始层为0
2023-07-08 15:36:22,703 [AppLog] INFO : 完成处理第10层数据：准备调用DrawLayerBMP，index为10，起始层为0
2023-07-08 15:36:22,750 [AppLog] INFO : Y方向到位停止：DEM_StopAxisRun：返回值{True}CurrentPos{116.41}bImmeStop{False}nAxisMask{2}
2023-07-08 15:36:22,750 [AppLog] INFO : 准备读取编码器位置：X方向！
2023-07-08 15:36:22,750 [AppLog] INFO : 准备运动，当前位置：DEV_GetPrintEncoderValue：MoveDirectionFlag{false为Y方向：False}CurrentPos{784.265}AimPos{780}
2023-07-08 15:36:22,781 [AppLog] INFO : X方向运动开始：DEM_Run：返回值{True}nAxis{0}DirFlag{False}nSpeed{300000}MoveStep{-4264.99999999999}nCtlValue{2}
2023-07-08 15:36:22,968 [AppLog] INFO : X方向到位停止：DEM_StopAxisRun：返回值{True}CurrentPos{782.425}bImmeStop{False}nAxisMask{1}
2023-07-08 15:36:23,062 [AppLog] INFO : 作业写入成功：IDP_WriteImgLayerData：bpp:{1bit}灰阶:{1阶}nLayerIndex{11}LayerIndex{10}SubIndex{1}RePrintTimes{1}nBytesPerLine{752}nWidth{6001}nHeight{7680}nXEncOff{0}nYJetOff{355}nImgStartJetIndex{0}nXDPI{476.25}nYDPI{600}nPrtDir{0} nPrtFlag{1}nColorCnts{1}nReserved{System.Int32[]}
2023-07-08 15:36:23,062 [AppLog] INFO : 完成处理第10层数据：准备调用RenderToWic，index为10，subindex为0，g_nRePrintTimes为1，起始层为0
2023-07-08 15:36:24,185 [AppLog] INFO : 开启手动清洗挤墨喷头，DEV_EnableTimer: 端口{11}，清洗控制周期：{0.5}S,{0.5}S
2023-07-08 15:36:25,199 [AppLog] INFO : 关闭手动清洗挤墨喷头：DEV_EnableTimer
2023-07-08 15:36:25,199 [AppLog] INFO : 压墨等待开启：{1.5S}
2023-07-08 15:36:26,712 [AppLog] INFO : 压墨等待完成：{1.5S}
2023-07-08 15:36:26,712 [AppLog] INFO : 准备读取编码器位置：X方向！
2023-07-08 15:36:26,712 [AppLog] INFO : 准备运动，当前位置：DEV_GetPrintEncoderValue：MoveDirectionFlag{false为Y方向：False}CurrentPos{780.3}AimPos{680}
2023-07-08 15:36:26,743 [AppLog] INFO : X方向运动开始：DEM_Run：返回值{True}nAxis{0}DirFlag{False}nSpeed{200000}MoveStep{-100300}nCtlValue{2}
2023-07-08 15:36:27,601 [AppLog] INFO : X方向到位停止：DEM_StopAxisRun：返回值{True}CurrentPos{684.145}bImmeStop{False}nAxisMask{1}
2023-07-08 15:36:28,179 [AppLog] INFO : 结束自动清洗过程：AutoCleanThread
2023-07-08 15:36:28,179 [AppLog] INFO : 进入：EquipmentMotionLogic3=》准备创建对象-手动操作！
2023-07-08 15:36:28,179 [AppLog] INFO : 进入：EquipmentMotionLogic3=》不需重新创建-手动操作！
2023-07-08 15:36:28,179 [AppLog] INFO : 进入：EquipmentMotionLogic3=》赋值完成自-AutoPrintMotion2！
2023-07-08 15:36:28,179 [AppLog] INFO : 进入：EquipmentMotionLogic3=》加载配置文件-LoadJsonFile成功！
2023-07-08 15:36:28,179 [AppLog] INFO : 进入：AutoPrintThread3！
2023-07-08 15:36:28,179 [AppLog] INFO : 关闭闪喷操作：IDP_FlashPrtCtl：返回值{True}
2023-07-08 15:36:28,179 [AppLog] INFO : 准备读取编码器位置：Y方向！
2023-07-08 15:36:28,179 [AppLog] INFO : 准备运动，编码器当前位置：DEM_GetAxisEncodeVal：MoveDirectionFlag{false为Y方向：True}CurrentPos{115.995}AimPos{91}
2023-07-08 15:36:28,335 [AppLog] INFO : Y方向运动开始：DEM_Run：返回值{True}nAxis{1}DirFlag{False}nSpeed{300000}MoveStep{-25042.265545}nCtlValue{1}
2023-07-08 15:36:28,397 [AppLog] INFO : 准备读取编码器位置：X方向！
2023-07-08 15:36:28,413 [AppLog] INFO : 准备运动，当前位置：DEV_GetPrintEncoderValue：MoveDirectionFlag{false为Y方向：False}CurrentPos{680.28}AimPos{425}
2023-07-08 15:36:28,459 [AppLog] INFO : X方向运动开始：DEM_Run：返回值{True}nAxis{0}DirFlag{False}nSpeed{300000}MoveStep{-255280}nCtlValue{2}
2023-07-08 15:36:29,863 [AppLog] INFO : X方向到位停止：DEM_StopAxisRun：返回值{True}CurrentPos{428.965}bImmeStop{False}nAxisMask{1}
2023-07-08 15:36:29,863 [AppLog] INFO : 准备读取编码器位置：X方向！
2023-07-08 15:36:29,863 [AppLog] INFO : 准备运动，当前位置：DEV_GetPrintEncoderValue：MoveDirectionFlag{false为Y方向：False}CurrentPos{428.87}AimPos{25}
2023-07-08 15:36:29,895 [AppLog] INFO : X方向运动开始：DEM_Run：返回值{True}nAxis{0}DirFlag{False}nSpeed{300000}MoveStep{-403870}nCtlValue{2}
2023-07-08 15:36:30,082 [AppLog] INFO : 进入手动调试子模块！
2023-07-08 15:36:30,082 [AppLog] INFO : 进入：ManulBtn_Click=》准备创建对象-手动操作！
2023-07-08 15:36:30,113 [AppLog] INFO : 创建：ManualControl=》创建完成-手动操作！
2023-07-08 15:36:30,113 [AppLog] INFO : 加载成功：温控Modbus接口！
2023-07-08 15:36:31,798 [AppLog] INFO : X方向到位停止：DEM_StopAxisRun：返回值{True}CurrentPos{25.22}bImmeStop{False}nAxisMask{1}
2023-07-08 15:36:31,798 [AppLog] INFO : 准备读取编码器位置：Y方向！
2023-07-08 15:36:31,798 [AppLog] INFO : 准备运动，编码器当前位置：DEM_GetAxisEncodeVal：MoveDirectionFlag{false为Y方向：True}CurrentPos{90.985}AimPos{101.021166666667}
2023-07-08 15:36:31,923 [AppLog] INFO : Y方向运动开始：DEM_Run：返回值{True}nAxis{1}DirFlag{True}nSpeed{300000}MoveStep{10055.1450578333}nCtlValue{1}
2023-07-08 15:36:31,985 [AppLog] INFO : Y方向到位停止：DEM_StopAxisRun：返回值{True}CurrentPos{99.505}bImmeStop{False}nAxisMask{2}
2023-07-08 15:36:31,985 [AppLog] INFO : 获取打印Pass数据：IDP_GetPassItem2：nLayerIndex{2}nPassID{1}nProcState{3}LPPassDataItemb:PrtDir{True}nDataTxCompleteCnt{1}nHwMemAdrMatchMask{1}nLayerIndex{2}nLayerPassCount{6}nLayerPassIndex{1}nMinJet0ImgLinePos{1635}nPrtMemHwAddr{System.UInt32[]}nPrtDataOffset{System.UInt32[]}nSrcDataSize{System.UInt32[]}nPrtColBytes{System.UInt32[]}nPrtPrecession{10.666}nSrcEndCols{6000}nSrcStartCols{0}nStartEncPos{10000}nValidPassJets{1280}nValidPrtCols{6233}nValidPrtCtlCnts{1}pDataBuf{0}pNextItem{767822192}
2023-07-08 15:36:31,985 [AppLog] INFO : 使能Pass打印成功：IDP_DoPassPrint2：nLayerIndex{2}nPassID{1}
2023-07-08 15:36:32,001 [AppLog] INFO : PASS打印前关键状态：DEV_GetDeviceInfo：nLayerIndex{2}nPassID{1}LPPRINTER_INFO:nXSysEncDPI{5080}nStatus{909129520}nPrintStatus{0}bSuperDevice{1}
LPPRINTER_INFO-LPPrtRunInfo:bJobPrtRuning{True}bLayerPrtIsOver{False}nContReqMemErr{0}nContWDErr{0}nCurPrtDir{0}nDTLayerIndex{11}nDTLayerPassIndex{5}nDTPtrCtlIndex{0}nLayerPassCount{6}nPrintLayerIndex{2}nPrintPassIndex{1}nProcLayerIndex{11}nPrtDataMemAddr{0}nPrtState{0}nReverse{System.Int32[]}nRevPrtCols{0}
LPPRINTER_INFO-LPDRVINFO:nFMVersion{45074}nFpgaVersion{539038216}nPCBVersion{0}nState{0}nNextState{0}nPtvwarnState{0}nCrc32{0}nRevInfo{System.UInt32[]}nSignature{0}
2023-07-08 15:36:32,001 [AppLog] INFO : 创建：AutoPrintMotion1=》不需重新创建-手动操作！
2023-07-08 15:36:32,001 [AppLog] INFO : 进入：EquipmentMotionLogic3=》准备创建对象-手动操作！
2023-07-08 15:36:32,001 [AppLog] INFO : 进入：EquipmentMotionLogic3=》不需重新创建-手动操作！
2023-07-08 15:36:32,001 [AppLog] INFO : 进入：EquipmentMotionLogic3=》赋值完成自-AutoPrintMotion2！
2023-07-08 15:36:32,001 [AppLog] INFO : 进入：EquipmentMotionLogic3=》加载配置文件-LoadJsonFile成功！
2023-07-08 15:36:32,001 [AppLog] INFO : 进入：AutoPrintThread3！
2023-07-08 15:36:32,001 [AppLog] INFO : 准备读取编码器位置：X方向！
2023-07-08 15:36:32,001 [AppLog] INFO : 准备运动，当前位置：DEV_GetPrintEncoderValue：MoveDirectionFlag{false为Y方向：False}CurrentPos{22.235}AimPos{425}
2023-07-08 15:36:32,032 [AppLog] INFO : X方向运动开始：DEM_Run：返回值{True}nAxis{0}DirFlag{True}nSpeed{300000}MoveStep{402765}nCtlValue{2}
2023-07-08 15:36:33,935 [AppLog] INFO : X方向到位停止：DEM_StopAxisRun：返回值{True}CurrentPos{420.83}bImmeStop{False}nAxisMask{1}
2023-07-08 15:36:33,935 [AppLog] INFO : 准备读取编码器位置：Y方向！
2023-07-08 15:36:33,951 [AppLog] INFO : 准备运动，编码器当前位置：DEM_GetAxisEncodeVal：MoveDirectionFlag{false为Y方向：True}CurrentPos{101.005}AimPos{145}
2023-07-08 15:36:34,153 [AppLog] INFO : Y方向运动开始：DEM_Run：返回值{True}nAxis{1}DirFlag{True}nSpeed{300000}MoveStep{44078.194545}nCtlValue{1}
2023-07-08 15:36:34,216 [AppLog] INFO : Y方向到位停止：DEM_StopAxisRun：返回值{True}CurrentPos{139.95}bImmeStop{False}nAxisMask{2}
2023-07-08 15:36:34,216 [AppLog] INFO : 获取打印Pass数据：IDP_GetPassItem2：nLayerIndex{2}nPassID{2}nProcState{3}LPPassDataItemb:PrtDir{False}nDataTxCompleteCnt{1}nHwMemAdrMatchMask{1}nLayerIndex{2}nLayerPassCount{6}nLayerPassIndex{2}nMinJet0ImgLinePos{2915}nPrtMemHwAddr{System.UInt32[]}nPrtDataOffset{System.UInt32[]}nSrcDataSize{System.UInt32[]}nPrtColBytes{System.UInt32[]}nPrtPrecession{10.666}nSrcEndCols{6000}nSrcStartCols{0}nStartEncPos{76511}nValidPassJets{1280}nValidPrtCols{6233}nValidPrtCtlCnts{1}pDataBuf{0}pNextItem{767822352}
2023-07-08 15:36:34,231 [AppLog] INFO : 使能Pass打印成功：IDP_DoPassPrint2：nLayerIndex{2}nPassID{2}
2023-07-08 15:36:34,231 [AppLog] INFO : PASS打印前关键状态：DEV_GetDeviceInfo：nLayerIndex{2}nPassID{2}LPPRINTER_INFO:nXSysEncDPI{5080}nStatus{909129520}nPrintStatus{0}bSuperDevice{1}
LPPRINTER_INFO-LPPrtRunInfo:bJobPrtRuning{True}bLayerPrtIsOver{False}nContReqMemErr{0}nContWDErr{0}nCurPrtDir{0}nDTLayerIndex{11}nDTLayerPassIndex{5}nDTPtrCtlIndex{0}nLayerPassCount{6}nPrintLayerIndex{2}nPrintPassIndex{2}nProcLayerIndex{11}nPrtDataMemAddr{0}nPrtState{0}nReverse{System.Int32[]}nRevPrtCols{0}
LPPRINTER_INFO-LPDRVINFO:nFMVersion{45074}nFpgaVersion{539038216}nPCBVersion{0}nState{0}nNextState{0}nPtvwarnState{0}nCrc32{0}nRevInfo{System.UInt32[]}nSignature{0}
2023-07-08 15:36:34,231 [AppLog] INFO : 创建：AutoPrintMotion1=》不需重新创建-手动操作！
2023-07-08 15:36:34,231 [AppLog] INFO : 进入：EquipmentMotionLogic3=》准备创建对象-手动操作！
2023-07-08 15:36:34,231 [AppLog] INFO : 进入：EquipmentMotionLogic3=》不需重新创建-手动操作！
2023-07-08 15:36:34,231 [AppLog] INFO : 进入：EquipmentMotionLogic3=》赋值完成自-AutoPrintMotion2！
2023-07-08 15:36:34,231 [AppLog] INFO : 进入：EquipmentMotionLogic3=》加载配置文件-LoadJsonFile成功！
2023-07-08 15:36:34,231 [AppLog] INFO : 进入：AutoPrintThread3！
2023-07-08 15:36:34,231 [AppLog] INFO : 准备读取编码器位置：X方向！
2023-07-08 15:36:34,231 [AppLog] INFO : 准备运动，当前位置：DEV_GetPrintEncoderValue：MoveDirectionFlag{false为Y方向：False}CurrentPos{423.37}AimPos{25}
2023-07-08 15:36:34,263 [AppLog] INFO : X方向运动开始：DEM_Run：返回值{True}nAxis{0}DirFlag{False}nSpeed{300000}MoveStep{-398370}nCtlValue{2}
2023-07-08 15:36:36,135 [AppLog] INFO : X方向到位停止：DEM_StopAxisRun：返回值{True}CurrentPos{30.44}bImmeStop{False}nAxisMask{1}
2023-07-08 15:36:36,135 [AppLog] INFO : 准备读取编码器位置：Y方向！
2023-07-08 15:36:36,135 [AppLog] INFO : 准备运动，编码器当前位置：DEM_GetAxisEncodeVal：MoveDirectionFlag{false为Y方向：True}CurrentPos{144.98}AimPos{155.021166666667}
2023-07-08 15:36:36,259 [AppLog] INFO : Y方向运动开始：DEM_Run：返回值{True}nAxis{1}DirFlag{True}nSpeed{300000}MoveStep{10060.1545128333}nCtlValue{1}
2023-07-08 15:36:36,322 [AppLog] INFO : Y方向到位停止：DEM_StopAxisRun：返回值{True}CurrentPos{153.615}bImmeStop{False}nAxisMask{2}
2023-07-08 15:36:36,322 [AppLog] INFO : 获取打印Pass数据：IDP_GetPassItem2：nLayerIndex{2}nPassID{3}nProcState{3}LPPassDataItemb:PrtDir{True}nDataTxCompleteCnt{1}nHwMemAdrMatchMask{1}nLayerIndex{2}nLayerPassCount{6}nLayerPassIndex{3}nMinJet0ImgLinePos{4195}nPrtMemHwAddr{System.UInt32[]}nPrtDataOffset{System.UInt32[]}nSrcDataSize{System.UInt32[]}nPrtColBytes{System.UInt32[]}nPrtPrecession{10.666}nSrcEndCols{6000}nSrcStartCols{0}nStartEncPos{10000}nValidPassJets{1280}nValidPrtCols{6233}nValidPrtCtlCnts{1}pDataBuf{0}pNextItem{767822512}
2023-07-08 15:36:36,353 [AppLog] INFO : 使能Pass打印成功：IDP_DoPassPrint2：nLayerIndex{2}nPassID{3}
2023-07-08 15:36:36,353 [AppLog] INFO : PASS打印前关键状态：DEV_GetDeviceInfo：nLayerIndex{2}nPassID{3}LPPRINTER_INFO:nXSysEncDPI{5080}nStatus{909129520}nPrintStatus{0}bSuperDevice{1}
LPPRINTER_INFO-LPPrtRunInfo:bJobPrtRuning{True}bLayerPrtIsOver{False}nContReqMemErr{0}nContWDErr{0}nCurPrtDir{0}nDTLayerIndex{11}nDTLayerPassIndex{5}nDTPtrCtlIndex{0}nLayerPassCount{6}nPrintLayerIndex{2}nPrintPassIndex{3}nProcLayerIndex{11}nPrtDataMemAddr{0}nPrtState{0}nReverse{System.Int32[]}nRevPrtCols{0}
LPPRINTER_INFO-LPDRVINFO:nFMVersion{45074}nFpgaVersion{539038216}nPCBVersion{0}nState{0}nNextState{0}nPtvwarnState{0}nCrc32{0}nRevInfo{System.UInt32[]}nSignature{0}
2023-07-08 15:36:36,353 [AppLog] INFO : 创建：AutoPrintMotion1=》不需重新创建-手动操作！
2023-07-08 15:36:36,353 [AppLog] INFO : 进入：EquipmentMotionLogic3=》准备创建对象-手动操作！
2023-07-08 15:36:36,353 [AppLog] INFO : 进入：EquipmentMotionLogic3=》不需重新创建-手动操作！
2023-07-08 15:36:36,353 [AppLog] INFO : 进入：EquipmentMotionLogic3=》赋值完成自-AutoPrintMotion2！
2023-07-08 15:36:36,353 [AppLog] INFO : 进入：EquipmentMotionLogic3=》加载配置文件-LoadJsonFile成功！
2023-07-08 15:36:36,353 [AppLog] INFO : 进入：AutoPrintThread3！
2023-07-08 15:36:36,353 [AppLog] INFO : 准备读取编码器位置：X方向！
2023-07-08 15:36:36,353 [AppLog] INFO : 准备运动，当前位置：DEV_GetPrintEncoderValue：MoveDirectionFlag{false为Y方向：False}CurrentPos{26.605}AimPos{425}
2023-07-08 15:36:36,384 [AppLog] INFO : X方向运动开始：DEM_Run：返回值{True}nAxis{0}DirFlag{True}nSpeed{300000}MoveStep{398395}nCtlValue{2}
2023-07-08 15:36:38,272 [AppLog] INFO : X方向到位停止：DEM_StopAxisRun：返回值{True}CurrentPos{420.135}bImmeStop{False}nAxisMask{1}
2023-07-08 15:36:38,272 [AppLog] INFO : 准备读取编码器位置：Y方向！
2023-07-08 15:36:38,272 [AppLog] INFO : 准备运动，编码器当前位置：DEM_GetAxisEncodeVal：MoveDirectionFlag{false为Y方向：True}CurrentPos{154.99}AimPos{199}
2023-07-08 15:36:38,490 [AppLog] INFO : Y方向运动开始：DEM_Run：返回值{True}nAxis{1}DirFlag{True}nSpeed{300000}MoveStep{44093.22291}nCtlValue{1}
2023-07-08 15:36:38,553 [AppLog] INFO : Y方向到位停止：DEM_StopAxisRun：返回值{True}CurrentPos{194.095}bImmeStop{False}nAxisMask{2}
2023-07-08 15:36:38,553 [AppLog] INFO : 获取打印Pass数据：IDP_GetPassItem2：nLayerIndex{2}nPassID{4}nProcState{3}LPPassDataItemb:PrtDir{False}nDataTxCompleteCnt{1}nHwMemAdrMatchMask{1}nLayerIndex{2}nLayerPassCount{6}nLayerPassIndex{4}nMinJet0ImgLinePos{5475}nPrtMemHwAddr{System.UInt32[]}nPrtDataOffset{System.UInt32[]}nSrcDataSize{System.UInt32[]}nPrtColBytes{System.UInt32[]}nPrtPrecession{10.666}nSrcEndCols{6000}nSrcStartCols{0}nStartEncPos{76511}nValidPassJets{1280}nValidPrtCols{6233}nValidPrtCtlCnts{1}pDataBuf{0}pNextItem{767822672}
2023-07-08 15:36:38,553 [AppLog] INFO : 使能Pass打印成功：IDP_DoPassPrint2：nLayerIndex{2}nPassID{4}
2023-07-08 15:36:38,568 [AppLog] INFO : PASS打印前关键状态：DEV_GetDeviceInfo：nLayerIndex{2}nPassID{4}LPPRINTER_INFO:nXSysEncDPI{5080}nStatus{909129520}nPrintStatus{0}bSuperDevice{1}
LPPRINTER_INFO-LPPrtRunInfo:bJobPrtRuning{True}bLayerPrtIsOver{False}nContReqMemErr{0}nContWDErr{0}nCurPrtDir{0}nDTLayerIndex{11}nDTLayerPassIndex{5}nDTPtrCtlIndex{0}nLayerPassCount{6}nPrintLayerIndex{2}nPrintPassIndex{4}nProcLayerIndex{11}nPrtDataMemAddr{0}nPrtState{0}nReverse{System.Int32[]}nRevPrtCols{0}
LPPRINTER_INFO-LPDRVINFO:nFMVersion{45074}nFpgaVersion{539038216}nPCBVersion{0}nState{0}nNextState{0}nPtvwarnState{0}nCrc32{0}nRevInfo{System.UInt32[]}nSignature{0}
2023-07-08 15:36:38,568 [AppLog] INFO : 创建：AutoPrintMotion1=》不需重新创建-手动操作！
2023-07-08 15:36:38,568 [AppLog] INFO : 进入：EquipmentMotionLogic3=》准备创建对象-手动操作！
2023-07-08 15:36:38,568 [AppLog] INFO : 进入：EquipmentMotionLogic3=》不需重新创建-手动操作！
2023-07-08 15:36:38,568 [AppLog] INFO : 进入：EquipmentMotionLogic3=》赋值完成自-AutoPrintMotion2！
2023-07-08 15:36:38,568 [AppLog] INFO : 进入：EquipmentMotionLogic3=》加载配置文件-LoadJsonFile成功！
2023-07-08 15:36:38,568 [AppLog] INFO : 进入：AutoPrintThread3！
2023-07-08 15:36:38,568 [AppLog] INFO : 准备读取编码器位置：X方向！
2023-07-08 15:36:38,599 [AppLog] INFO : 准备运动，当前位置：DEV_GetPrintEncoderValue：MoveDirectionFlag{false为Y方向：False}CurrentPos{423.395}AimPos{25}
2023-07-08 15:36:38,631 [AppLog] INFO : X方向运动开始：DEM_Run：返回值{True}nAxis{0}DirFlag{False}nSpeed{300000}MoveStep{-398395}nCtlValue{2}
2023-07-08 15:36:40,518 [AppLog] INFO : X方向到位停止：DEM_StopAxisRun：返回值{True}CurrentPos{29.6}bImmeStop{False}nAxisMask{1}
2023-07-08 15:36:40,518 [AppLog] INFO : 准备读取编码器位置：Y方向！
2023-07-08 15:36:40,518 [AppLog] INFO : 准备运动，编码器当前位置：DEM_GetAxisEncodeVal：MoveDirectionFlag{false为Y方向：True}CurrentPos{199.05}AimPos{209.021166666667}
2023-07-08 15:36:40,643 [AppLog] INFO : Y方向运动开始：DEM_Run：返回值{True}nAxis{1}DirFlag{True}nSpeed{300000}MoveStep{9990.02214283331}nCtlValue{1}
2023-07-08 15:36:40,705 [AppLog] INFO : Y方向到位停止：DEM_StopAxisRun：返回值{True}CurrentPos{207.84}bImmeStop{False}nAxisMask{2}
2023-07-08 15:36:40,705 [AppLog] INFO : 获取打印Pass数据：IDP_GetPassItem2：nLayerIndex{2}nPassID{5}nProcState{3}LPPassDataItemb:PrtDir{True}nDataTxCompleteCnt{1}nHwMemAdrMatchMask{1}nLayerIndex{2}nLayerPassCount{6}nLayerPassIndex{5}nMinJet0ImgLinePos{6755}nPrtMemHwAddr{System.UInt32[]}nPrtDataOffset{System.UInt32[]}nSrcDataSize{System.UInt32[]}nPrtColBytes{System.UInt32[]}nPrtPrecession{10.666}nSrcEndCols{6000}nSrcStartCols{0}nStartEncPos{10000}nValidPassJets{1280}nValidPrtCols{6233}nValidPrtCtlCnts{1}pDataBuf{0}pNextItem{0}
2023-07-08 15:36:40,705 [AppLog] INFO : 使能Pass打印成功：IDP_DoPassPrint2：nLayerIndex{2}nPassID{5}
2023-07-08 15:36:40,721 [AppLog] INFO : PASS打印前关键状态：DEV_GetDeviceInfo：nLayerIndex{2}nPassID{5}LPPRINTER_INFO:nXSysEncDPI{5080}nStatus{909129520}nPrintStatus{0}bSuperDevice{1}
LPPRINTER_INFO-LPPrtRunInfo:bJobPrtRuning{True}bLayerPrtIsOver{False}nContReqMemErr{0}nContWDErr{0}nCurPrtDir{0}nDTLayerIndex{11}nDTLayerPassIndex{5}nDTPtrCtlIndex{0}nLayerPassCount{6}nPrintLayerIndex{2}nPrintPassIndex{5}nProcLayerIndex{11}nPrtDataMemAddr{0}nPrtState{0}nReverse{System.Int32[]}nRevPrtCols{0}
LPPRINTER_INFO-LPDRVINFO:nFMVersion{45074}nFpgaVersion{539038216}nPCBVersion{0}nState{0}nNextState{0}nPtvwarnState{0}nCrc32{0}nRevInfo{System.UInt32[]}nSignature{0}
2023-07-08 15:36:40,721 [AppLog] INFO : 创建：AutoPrintMotion1=》不需重新创建-手动操作！
2023-07-08 15:36:40,721 [AppLog] INFO : 进入：EquipmentMotionLogic3=》准备创建对象-手动操作！
2023-07-08 15:36:40,721 [AppLog] INFO : 进入：EquipmentMotionLogic3=》不需重新创建-手动操作！
2023-07-08 15:36:40,721 [AppLog] INFO : 进入：EquipmentMotionLogic3=》赋值完成自-AutoPrintMotion2！
2023-07-08 15:36:40,721 [AppLog] INFO : 进入：EquipmentMotionLogic3=》加载配置文件-LoadJsonFile成功！
2023-07-08 15:36:40,721 [AppLog] INFO : 进入：AutoPrintThread3！
2023-07-08 15:36:40,721 [AppLog] INFO : 准备读取编码器位置：X方向！
2023-07-08 15:36:40,721 [AppLog] INFO : 准备运动，当前位置：DEV_GetPrintEncoderValue：MoveDirectionFlag{false为Y方向：False}CurrentPos{26.585}AimPos{425}
2023-07-08 15:36:40,752 [AppLog] INFO : X方向运动开始：DEM_Run：返回值{True}nAxis{0}DirFlag{True}nSpeed{300000}MoveStep{398415}nCtlValue{2}
2023-07-08 15:36:42,640 [AppLog] INFO : X方向到位停止：DEM_StopAxisRun：返回值{True}CurrentPos{419.01}bImmeStop{False}nAxisMask{1}
2023-07-08 15:36:42,640 [AppLog] INFO : 准备读取编码器位置：X方向！
2023-07-08 15:36:42,640 [AppLog] INFO : 准备运动，当前位置：DEV_GetPrintEncoderValue：MoveDirectionFlag{false为Y方向：False}CurrentPos{419.51}AimPos{780}
2023-07-08 15:36:42,671 [AppLog] INFO : X方向运动开始：DEM_Run：返回值{True}nAxis{0}DirFlag{True}nSpeed{300000}MoveStep{360490}nCtlValue{2}
2023-07-08 15:36:42,733 [AppLog] INFO : 准备读取编码器位置：Y方向！
2023-07-08 15:36:42,733 [AppLog] INFO : 准备运动，编码器当前位置：DEM_GetAxisEncodeVal：MoveDirectionFlag{false为Y方向：True}CurrentPos{209.025}AimPos{121}
2023-07-08 15:36:43,108 [AppLog] INFO : Y方向运动开始：DEM_Run：返回值{True}nAxis{1}DirFlag{False}nSpeed{300000}MoveStep{-88191.455275}nCtlValue{1}
2023-07-08 15:36:44,434 [AppLog] INFO : Y方向到位等停：DEM_StopAxisRun：返回值{True}bImmeStop{False}nAxisMask{1}
2023-07-08 15:36:44,434 [AppLog] INFO : X方向到位等停：DEM_StopAxisRun：返回值{True}bImmeStop{False}nAxisMask{2}
2023-07-08 15:36:44,465 [AppLog] INFO : 开启闪喷操作：IDP_FlashPrtCtl：返回值{True}
2023-07-08 15:36:44,465 [AppLog] INFO : 进入：EquipmentMotionLogic3=》准备创建对象-手动操作！
2023-07-08 15:36:44,465 [AppLog] INFO : 进入：EquipmentMotionLogic3=》不需重新创建-手动操作！
2023-07-08 15:36:44,465 [AppLog] INFO : 进入：EquipmentMotionLogic3=》赋值完成自-AutoPrintMotion2！
2023-07-08 15:36:44,465 [AppLog] INFO : 进入：EquipmentMotionLogic3=》加载配置文件-LoadJsonFile成功！
2023-07-08 15:36:44,465 [AppLog] INFO : 进入自动铺粉逻辑：NewAutoSupplyPowderThread2
2023-07-08 15:36:44,465 [AppLog] INFO : 电气控制模块：手动打开端口14
2023-07-08 15:36:44,465 [AppLog] INFO : 电气控制模块：手动打开端口15
2023-07-08 15:36:44,543 [AppLog] INFO : 手动正向点动指令（8轴运控板卡系统） ====》：输出AXIS{第1轴},点动量{-0.1MM},运动速度{2MM/s}
2023-07-08 15:36:44,543 [AppLog] INFO : 成形面高度下降层厚 TrapSpace{0.1mm}：TrapMoveUp(1, true, Convert.ToString(vel), Convert.ToString(TrapSpace), true, true）
2023-07-08 15:36:45,323 [AppLog] INFO : 手动正向点动指令（8轴运控板卡系统） ====》：输出AXIS{第1轴},点动量{-1.5MM},运动速度{2MM/s}
2023-07-08 15:36:45,323 [AppLog] INFO : 成形面高度下降指定厚度 TrapSpace{1.5mm}：TrapMoveUp(1, true, Convert.ToString(vel), Convert.ToString(TrapSpace), true, true）
2023-07-08 15:36:46,087 [AppLog] INFO : 手动正向点动指令（8轴运控板卡系统） ====》：输出AXIS{第1轴},点动量{1.5MM},运动速度{2MM/s}
2023-07-08 15:36:46,087 [AppLog] INFO : 电气控制模块：手动关闭端口15
2023-07-08 15:36:46,087 [AppLog] INFO : 电气控制模块：手动关闭端口14
2023-07-08 15:36:46,087 [AppLog] INFO : 成形面高度上升层厚 TrapSpace{1.5mm}：TrapMoveUp(1, true, Convert.ToString(vel), Convert.ToString(TrapSpace), true, true）
2023-07-08 15:36:46,337 [AppLog] INFO : 手动正向点动指令（8轴运控板卡系统） ====》：输出AXIS{第8轴},点动量{0.6MM},运动速度{2.5MM/s}
2023-07-08 15:36:46,337 [AppLog] INFO : Hopper落粉轴转2圈落粉，速度0.5rev/s：TrapMoveUp(8, true, 0.5, rotateNuM.ToString(), true, false)
2023-07-08 15:36:47,351 [AppLog] INFO : 开启铺粉车不等停运动，准备运动至准备打印位置215mm，速度250mm/s：BackToStation2
2023-07-08 15:36:48,209 [AppLog] INFO : 手动正向点动指令（8轴运控板卡系统） ====》：输出AXIS{第2轴},点动量{216.5MM},运动速度{250MM/s}
2023-07-08 15:36:48,209 [AppLog] INFO : 当前铺粉车位置：打印位置215mm
2023-07-08 15:36:48,209 [AppLog] INFO : 手动正向点动指令（8轴运控板卡系统） ====》：输出AXIS{第2轴},点动量{480MM},运动速度{25MM/s}
2023-07-08 15:36:48,209 [AppLog] INFO : 开启铺粉车不等停运动至准备打印位置695mm，速度25mm/s：BackToStation2
2023-07-08 15:36:48,334 [AppLog] INFO : 打开IR灯：OpenIRLamp(true)
2023-07-08 15:36:48,459 [AppLog] INFO : 手动正向点动指令（8轴运控板卡系统） ====》：输出AXIS{第3轴},点动量{0.125MM},运动速度{1MM/s}
2023-07-08 15:36:48,459 [AppLog] INFO : 在{40mm}处，落粉轴运动{45度}，落粉轴转速{1rev/s}：TrapMoveUp(3, true, Convert.ToString(DispenseRollerSpeed), 0.5, true, true)
2023-07-08 15:36:48,459 [AppLog] INFO : 手动正向点动指令（8轴运控板卡系统） ====》：输出AXIS{第3轴},点动量{0.5MM},运动速度{0.0376712328767123MM/s}
2023-07-08 15:36:48,459 [AppLog] INFO : 开启均匀落粉及辊子铺平运动：TrapMoveUp(3, true, Convert.ToString(DispenseRollerSpeed), 0.5, true, true)
2023-07-08 15:37:00,127 [AppLog] INFO : 关闭IR灯：OpenIRLamp(false)
2023-07-08 15:37:04,683 [AppLog] INFO : 手动正向点动指令（8轴运控板卡系统） ====》：输出AXIS{第3轴},点动量{0.5MM},运动速度{2MM/s}
2023-07-08 15:37:04,683 [AppLog] INFO : 落粉轴继续转动以倒掉余粉：TrapMoveUp(3, true, 2, 0.5, true, false)
2023-07-08 15:37:07,413 [AppLog] INFO : 电气控制模块：手动打开端口14
2023-07-08 15:37:07,413 [AppLog] INFO : 电气控制模块：手动打开端口15
2023-07-08 15:37:08,193 [AppLog] INFO : 手动正向点动指令（8轴运控板卡系统） ====》：输出AXIS{第1轴},点动量{-1.5MM},运动速度{2MM/s}
2023-07-08 15:37:08,193 [AppLog] INFO : 电气控制模块：手动关闭端口15
2023-07-08 15:37:08,193 [AppLog] INFO : 电气控制模块：手动关闭端口14
2023-07-08 15:37:08,193 [AppLog] INFO : 成形面高度下降指定厚度 TrapSpace{1.5mm}：TrapMoveUp(1, true, Convert.ToString(vel), Convert.ToString(TrapSpace), true, true）
2023-07-08 15:37:10,985 [AppLog] INFO : 手动正向点动指令（8轴运控板卡系统） ====》：输出AXIS{第2轴},点动量{-696.5MM},运动速度{250MM/s}
2023-07-08 15:37:10,985 [AppLog] INFO : 铺粉车返回至站1：BackToStation2(AimPos, MovSpeed, true)：-1.5mm，速度250mm/s：BackToStation2
2023-07-08 15:37:11,765 [AppLog] INFO : 落粉轴回零成功：motionMap.SetBackSpreaderAxis(3, 0.5, 2, -SinkPosition)：ReturnCode{True}
2023-07-08 15:37:11,765 [AppLog] INFO : 电气控制模块：手动打开端口14
2023-07-08 15:37:11,765 [AppLog] INFO : 电气控制模块：手动打开端口15
2023-07-08 15:37:12,529 [AppLog] INFO : 手动正向点动指令（8轴运控板卡系统） ====》：输出AXIS{第1轴},点动量{1.5MM},运动速度{2MM/s}
2023-07-08 15:37:12,529 [AppLog] INFO : 电气控制模块：手动关闭端口15
2023-07-08 15:37:12,529 [AppLog] INFO : 电气控制模块：手动关闭端口14
2023-07-08 15:37:12,529 [AppLog] INFO : 成形面高度上升层厚 TrapSpace{1.5mm}：TrapMoveUp(1, true, Convert.ToString(vel), Convert.ToString(TrapSpace), true, true）
2023-07-08 15:37:12,529 [AppLog] INFO : 自动铺粉正常结束：NewAutoSupplyPowderThread2
2023-07-08 15:37:12,529 [AppLog] INFO : 发送监控指令，拍照记录1条：SendMessageFromSharedMemory
2023-07-08 15:37:12,529 [AppLog] INFO : 铺粉模式：铺粉固化同时进行！
2023-07-08 15:37:12,529 [AppLog] INFO : 执行完成铺粉固化操作：EquipmentMotionLogic3：m_bApplyPowderSupplyMotion:0
2023-07-08 15:37:12,529 [AppLog] INFO : 接收到恢复打印指令：PrintTaskTHREAD
2023-07-08 15:37:12,529 [AppLog] INFO : 获取打印Pass数据：IDP_GetPassItem2：nLayerIndex{3}nPassID{0}nProcState{3}LPPassDataItemb:PrtDir{False}nDataTxCompleteCnt{1}nHwMemAdrMatchMask{1}nLayerIndex{3}nLayerPassCount{6}nLayerPassIndex{0}nMinJet0ImgLinePos{355}nPrtMemHwAddr{System.UInt32[]}nPrtDataOffset{System.UInt32[]}nSrcDataSize{System.UInt32[]}nPrtColBytes{System.UInt32[]}nPrtPrecession{10.666}nSrcEndCols{6000}nSrcStartCols{0}nStartEncPos{76511}nValidPassJets{1280}nValidPrtCols{6233}nValidPrtCtlCnts{1}pDataBuf{0}pNextItem{767822992}
2023-07-08 15:37:12,545 [AppLog] INFO : 使能Pass打印成功：IDP_DoPassPrint2：nLayerIndex{3}nPassID{0}
2023-07-08 15:37:12,545 [AppLog] INFO : PASS打印前关键状态：DEV_GetDeviceInfo：nLayerIndex{3}nPassID{0}LPPRINTER_INFO:nXSysEncDPI{5080}nStatus{909129520}nPrintStatus{0}bSuperDevice{1}
LPPRINTER_INFO-LPPrtRunInfo:bJobPrtRuning{True}bLayerPrtIsOver{False}nContReqMemErr{0}nContWDErr{0}nCurPrtDir{0}nDTLayerIndex{11}nDTLayerPassIndex{5}nDTPtrCtlIndex{0}nLayerPassCount{6}nPrintLayerIndex{3}nPrintPassIndex{0}nProcLayerIndex{11}nPrtDataMemAddr{0}nPrtState{0}nReverse{System.Int32[]}nRevPrtCols{0}
LPPRINTER_INFO-LPDRVINFO:nFMVersion{45074}nFpgaVersion{539038216}nPCBVersion{0}nState{0}nNextState{0}nPtvwarnState{0}nCrc32{0}nRevInfo{System.UInt32[]}nSignature{0}
2023-07-08 15:37:12,545 [AppLog] INFO : 创建：AutoPrintMotion1=》不需重新创建-手动操作！
2023-07-08 15:37:12,545 [AppLog] INFO : 进入：EquipmentMotionLogic3=》准备创建对象-手动操作！
2023-07-08 15:37:12,545 [AppLog] INFO : 进入：EquipmentMotionLogic3=》不需重新创建-手动操作！
2023-07-08 15:37:12,545 [AppLog] INFO : 进入：EquipmentMotionLogic3=》赋值完成自-AutoPrintMotion2！
2023-07-08 15:37:12,545 [AppLog] INFO : 进入：EquipmentMotionLogic3=》加载配置文件-LoadJsonFile成功！
2023-07-08 15:37:12,545 [AppLog] INFO : 进入自动清洗过程：AutoCleanThread
2023-07-08 15:37:12,919 [AppLog] INFO : 刮墨轴回零成功：motionMap.SetBackSpreaderAxis(4, 1, 2, -SinkHomePosition)
2023-07-08 15:37:12,919 [AppLog] INFO : 准备读取编码器位置：Y方向！
2023-07-08 15:37:12,919 [AppLog] INFO : 准备运动，编码器当前位置：DEM_GetAxisEncodeVal：MoveDirectionFlag{false为Y方向：True}CurrentPos{121.03}AimPos{116}
2023-07-08 15:37:12,997 [AppLog] INFO : 准备处理第11层数据：准备调用RenderToWic，index为11，subindex为0，g_nRePrintTimes为1，起始层为0
2023-07-08 15:37:13,044 [AppLog] INFO : Y方向运动开始：DEM_Run：返回值{True}nAxis{1}DirFlag{False}nSpeed{300000}MoveStep{-5039.51173}nCtlValue{1}
2023-07-08 15:37:13,060 [AppLog] INFO : 完成处理第11层数据：准备调用DrawLayerBMP，index为11，起始层为0
2023-07-08 15:37:13,060 [AppLog] INFO : 完成处理第11层数据：准备调用DrawLayerBMP，index为11，起始层为0
2023-07-08 15:37:13,107 [AppLog] INFO : Y方向到位停止：DEM_StopAxisRun：返回值{True}CurrentPos{116.545}bImmeStop{False}nAxisMask{2}
2023-07-08 15:37:13,107 [AppLog] INFO : 准备读取编码器位置：X方向！
2023-07-08 15:37:13,107 [AppLog] INFO : 准备运动，当前位置：DEV_GetPrintEncoderValue：MoveDirectionFlag{false为Y方向：False}CurrentPos{783.865}AimPos{780}
2023-07-08 15:37:13,138 [AppLog] INFO : X方向运动开始：DEM_Run：返回值{True}nAxis{0}DirFlag{False}nSpeed{300000}MoveStep{-3865.00000000001}nCtlValue{2}
2023-07-08 15:37:13,341 [AppLog] INFO : X方向到位停止：DEM_StopAxisRun：返回值{True}CurrentPos{781.71}bImmeStop{False}nAxisMask{1}
2023-07-08 15:37:13,419 [AppLog] INFO : 作业写入成功：IDP_WriteImgLayerData：bpp:{1bit}灰阶:{1阶}nLayerIndex{12}LayerIndex{11}SubIndex{1}RePrintTimes{1}nBytesPerLine{752}nWidth{6001}nHeight{7680}nXEncOff{0}nYJetOff{355}nImgStartJetIndex{0}nXDPI{476.25}nYDPI{600}nPrtDir{0} nPrtFlag{1}nColorCnts{1}nReserved{System.Int32[]}
2023-07-08 15:37:13,419 [AppLog] INFO : 完成处理第11层数据：准备调用RenderToWic，index为11，subindex为0，g_nRePrintTimes为1，起始层为0
2023-07-08 15:37:14,557 [AppLog] INFO : 开启手动清洗挤墨喷头，DEV_EnableTimer: 端口{11}，清洗控制周期：{0.5}S,{0.5}S
2023-07-08 15:37:15,571 [AppLog] INFO : 关闭手动清洗挤墨喷头：DEV_EnableTimer
2023-07-08 15:37:15,571 [AppLog] INFO : 压墨等待开启：{1.5S}
2023-07-08 15:37:17,085 [AppLog] INFO : 压墨等待完成：{1.5S}
2023-07-08 15:37:17,085 [AppLog] INFO : 准备读取编码器位置：X方向！
2023-07-08 15:37:17,085 [AppLog] INFO : 准备运动，当前位置：DEV_GetPrintEncoderValue：MoveDirectionFlag{false为Y方向：False}CurrentPos{780.34}AimPos{680}
2023-07-08 15:37:17,116 [AppLog] INFO : X方向运动开始：DEM_Run：返回值{True}nAxis{0}DirFlag{False}nSpeed{200000}MoveStep{-100340}nCtlValue{2}
2023-07-08 15:37:17,989 [AppLog] INFO : X方向到位停止：DEM_StopAxisRun：返回值{True}CurrentPos{682.865}bImmeStop{False}nAxisMask{1}
2023-07-08 15:37:18,582 [AppLog] INFO : 结束自动清洗过程：AutoCleanThread
2023-07-08 15:37:18,582 [AppLog] INFO : 进入：EquipmentMotionLogic3=》准备创建对象-手动操作！
2023-07-08 15:37:18,582 [AppLog] INFO : 进入：EquipmentMotionLogic3=》不需重新创建-手动操作！
2023-07-08 15:37:18,582 [AppLog] INFO : 进入：EquipmentMotionLogic3=》赋值完成自-AutoPrintMotion2！
2023-07-08 15:37:18,582 [AppLog] INFO : 进入：EquipmentMotionLogic3=》加载配置文件-LoadJsonFile成功！
2023-07-08 15:37:18,582 [AppLog] INFO : 进入：AutoPrintThread3！
2023-07-08 15:37:18,582 [AppLog] INFO : 关闭闪喷操作：IDP_FlashPrtCtl：返回值{True}
2023-07-08 15:37:18,582 [AppLog] INFO : 准备读取编码器位置：Y方向！
2023-07-08 15:37:18,582 [AppLog] INFO : 准备运动，编码器当前位置：DEM_GetAxisEncodeVal：MoveDirectionFlag{false为Y方向：True}CurrentPos{115.99}AimPos{93.5}
2023-07-08 15:37:18,738 [AppLog] INFO : Y方向运动开始：DEM_Run：返回值{True}nAxis{1}DirFlag{False}nSpeed{300000}MoveStep{-22532.52859}nCtlValue{1}
2023-07-08 15:37:18,801 [AppLog] INFO : 准备读取编码器位置：X方向！
2023-07-08 15:37:18,801 [AppLog] INFO : 准备运动，当前位置：DEV_GetPrintEncoderValue：MoveDirectionFlag{false为Y方向：False}CurrentPos{680.235}AimPos{425}
2023-07-08 15:37:18,832 [AppLog] INFO : X方向运动开始：DEM_Run：返回值{True}nAxis{0}DirFlag{False}nSpeed{300000}MoveStep{-255235}nCtlValue{2}
2023-07-08 15:37:20,220 [AppLog] INFO : X方向到位停止：DEM_StopAxisRun：返回值{True}CurrentPos{429.855}bImmeStop{False}nAxisMask{1}
2023-07-08 15:37:20,220 [AppLog] INFO : 准备读取编码器位置：X方向！
2023-07-08 15:37:20,220 [AppLog] INFO : 准备运动，当前位置：DEV_GetPrintEncoderValue：MoveDirectionFlag{false为Y方向：False}CurrentPos{429.75}AimPos{25}
2023-07-08 15:37:20,251 [AppLog] INFO : X方向运动开始：DEM_Run：返回值{True}nAxis{0}DirFlag{False}nSpeed{300000}MoveStep{-404750}nCtlValue{2}
2023-07-08 15:37:22,155 [AppLog] INFO : X方向到位停止：DEM_StopAxisRun：返回值{True}CurrentPos{24.95}bImmeStop{False}nAxisMask{1}
2023-07-08 15:37:22,155 [AppLog] INFO : 准备读取编码器位置：Y方向！
2023-07-08 15:37:22,155 [AppLog] INFO : 准备运动，编码器当前位置：DEM_GetAxisEncodeVal：MoveDirectionFlag{false为Y方向：True}CurrentPos{93.505}AimPos{98.5211666666667}
2023-07-08 15:37:22,279 [AppLog] INFO : Y方向运动开始：DEM_Run：返回值{True}nAxis{1}DirFlag{True}nSpeed{300000}MoveStep{5025.65223783334}nCtlValue{1}
2023-07-08 15:37:22,342 [AppLog] INFO : Y方向到位停止：DEM_StopAxisRun：返回值{True}CurrentPos{97.83}bImmeStop{False}nAxisMask{2}
2023-07-08 15:37:22,342 [AppLog] INFO : 获取打印Pass数据：IDP_GetPassItem2：nLayerIndex{3}nPassID{1}nProcState{3}LPPassDataItemb:PrtDir{True}nDataTxCompleteCnt{1}nHwMemAdrMatchMask{1}nLayerIndex{3}nLayerPassCount{6}nLayerPassIndex{1}nMinJet0ImgLinePos{1635}nPrtMemHwAddr{System.UInt32[]}nPrtDataOffset{System.UInt32[]}nSrcDataSize{System.UInt32[]}nPrtColBytes{System.UInt32[]}nPrtPrecession{10.666}nSrcEndCols{6000}nSrcStartCols{0}nStartEncPos{10000}nValidPassJets{1280}nValidPrtCols{6233}nValidPrtCtlCnts{1}pDataBuf{0}pNextItem{767823152}
2023-07-08 15:37:22,357 [AppLog] INFO : 使能Pass打印成功：IDP_DoPassPrint2：nLayerIndex{3}nPassID{1}
2023-07-08 15:37:22,357 [AppLog] INFO : PASS打印前关键状态：DEV_GetDeviceInfo：nLayerIndex{3}nPassID{1}LPPRINTER_INFO:nXSysEncDPI{5080}nStatus{909129520}nPrintStatus{0}bSuperDevice{1}
LPPRINTER_INFO-LPPrtRunInfo:bJobPrtRuning{True}bLayerPrtIsOver{False}nContReqMemErr{0}nContWDErr{0}nCurPrtDir{0}nDTLayerIndex{12}nDTLayerPassIndex{5}nDTPtrCtlIndex{0}nLayerPassCount{6}nPrintLayerIndex{3}nPrintPassIndex{1}nProcLayerIndex{12}nPrtDataMemAddr{0}nPrtState{0}nReverse{System.Int32[]}nRevPrtCols{0}
LPPRINTER_INFO-LPDRVINFO:nFMVersion{45074}nFpgaVersion{539038216}nPCBVersion{0}nState{0}nNextState{0}nPtvwarnState{0}nCrc32{0}nRevInfo{System.UInt32[]}nSignature{0}
2023-07-08 15:37:22,357 [AppLog] INFO : 创建：AutoPrintMotion1=》不需重新创建-手动操作！
2023-07-08 15:37:22,357 [AppLog] INFO : 进入：EquipmentMotionLogic3=》准备创建对象-手动操作！
2023-07-08 15:37:22,357 [AppLog] INFO : 进入：EquipmentMotionLogic3=》不需重新创建-手动操作！
2023-07-08 15:37:22,357 [AppLog] INFO : 进入：EquipmentMotionLogic3=》赋值完成自-AutoPrintMotion2！
2023-07-08 15:37:22,357 [AppLog] INFO : 进入：EquipmentMotionLogic3=》加载配置文件-LoadJsonFile成功！
2023-07-08 15:37:22,357 [AppLog] INFO : 进入：AutoPrintThread3！
2023-07-08 15:37:22,357 [AppLog] INFO : 准备读取编码器位置：X方向！
2023-07-08 15:37:22,357 [AppLog] INFO : 准备运动，当前位置：DEV_GetPrintEncoderValue：MoveDirectionFlag{false为Y方向：False}CurrentPos{21.345}AimPos{425}
2023-07-08 15:37:22,389 [AppLog] INFO : X方向运动开始：DEM_Run：返回值{True}nAxis{0}DirFlag{True}nSpeed{300000}MoveStep{403655}nCtlValue{2}
2023-07-08 15:37:24,276 [AppLog] INFO : X方向到位停止：DEM_StopAxisRun：返回值{True}CurrentPos{419.175}bImmeStop{False}nAxisMask{1}
2023-07-08 15:37:24,276 [AppLog] INFO : 准备读取编码器位置：Y方向！
2023-07-08 15:37:24,276 [AppLog] INFO : 准备运动，编码器当前位置：DEM_GetAxisEncodeVal：MoveDirectionFlag{false为Y方向：True}CurrentPos{98.5}AimPos{147.5}
2023-07-08 15:37:24,526 [AppLog] INFO : Y方向运动开始：DEM_Run：返回值{True}nAxis{1}DirFlag{True}nSpeed{300000}MoveStep{49092.659}nCtlValue{1}
2023-07-08 15:37:24,588 [AppLog] INFO : Y方向到位停止：DEM_StopAxisRun：返回值{True}CurrentPos{145.3}bImmeStop{False}nAxisMask{2}
2023-07-08 15:37:24,588 [AppLog] INFO : 获取打印Pass数据：IDP_GetPassItem2：nLayerIndex{3}nPassID{2}nProcState{3}LPPassDataItemb:PrtDir{False}nDataTxCompleteCnt{1}nHwMemAdrMatchMask{1}nLayerIndex{3}nLayerPassCount{6}nLayerPassIndex{2}nMinJet0ImgLinePos{2915}nPrtMemHwAddr{System.UInt32[]}nPrtDataOffset{System.UInt32[]}nSrcDataSize{System.UInt32[]}nPrtColBytes{System.UInt32[]}nPrtPrecession{10.666}nSrcEndCols{6000}nSrcStartCols{0}nStartEncPos{76511}nValidPassJets{1280}nValidPrtCols{6233}nValidPrtCtlCnts{1}pDataBuf{0}pNextItem{767823312}
2023-07-08 15:37:24,604 [AppLog] INFO : 使能Pass打印成功：IDP_DoPassPrint2：nLayerIndex{3}nPassID{2}
2023-07-08 15:37:24,635 [AppLog] INFO : PASS打印前关键状态：DEV_GetDeviceInfo：nLayerIndex{3}nPassID{2}LPPRINTER_INFO:nXSysEncDPI{5080}nStatus{909129520}nPrintStatus{0}bSuperDevice{1}
LPPRINTER_INFO-LPPrtRunInfo:bJobPrtRuning{True}bLayerPrtIsOver{False}nContReqMemErr{0}nContWDErr{0}nCurPrtDir{0}nDTLayerIndex{12}nDTLayerPassIndex{5}nDTPtrCtlIndex{0}nLayerPassCount{6}nPrintLayerIndex{3}nPrintPassIndex{2}nProcLayerIndex{12}nPrtDataMemAddr{0}nPrtState{0}nReverse{System.Int32[]}nRevPrtCols{0}
LPPRINTER_INFO-LPDRVINFO:nFMVersion{45074}nFpgaVersion{539038216}nPCBVersion{0}nState{0}nNextState{0}nPtvwarnState{0}nCrc32{0}nRevInfo{System.UInt32[]}nSignature{0}
2023-07-08 15:37:24,635 [AppLog] INFO : 创建：AutoPrintMotion1=》不需重新创建-手动操作！
2023-07-08 15:37:24,635 [AppLog] INFO : 进入：EquipmentMotionLogic3=》准备创建对象-手动操作！
2023-07-08 15:37:24,635 [AppLog] INFO : 进入：EquipmentMotionLogic3=》不需重新创建-手动操作！
2023-07-08 15:37:24,635 [AppLog] INFO : 进入：EquipmentMotionLogic3=》赋值完成自-AutoPrintMotion2！
2023-07-08 15:37:24,635 [AppLog] INFO : 进入：EquipmentMotionLogic3=》加载配置文件-LoadJsonFile成功！
2023-07-08 15:37:24,635 [AppLog] INFO : 进入：AutoPrintThread3！
2023-07-08 15:37:24,635 [AppLog] INFO : 准备读取编码器位置：X方向！
2023-07-08 15:37:24,635 [AppLog] INFO : 准备运动，当前位置：DEV_GetPrintEncoderValue：MoveDirectionFlag{false为Y方向：False}CurrentPos{423.365}AimPos{25}
2023-07-08 15:37:24,666 [AppLog] INFO : X方向运动开始：DEM_Run：返回值{True}nAxis{0}DirFlag{False}nSpeed{300000}MoveStep{-398365}nCtlValue{2}
2023-07-08 15:37:26,538 [AppLog] INFO : X方向到位停止：DEM_StopAxisRun：返回值{True}CurrentPos{30.535}bImmeStop{False}nAxisMask{1}
2023-07-08 15:37:26,538 [AppLog] INFO : 准备读取编码器位置：Y方向！
2023-07-08 15:37:26,538 [AppLog] INFO : 准备运动，编码器当前位置：DEM_GetAxisEncodeVal：MoveDirectionFlag{false为Y方向：True}CurrentPos{147.465}AimPos{152.521166666667}
2023-07-08 15:37:26,663 [AppLog] INFO : Y方向运动开始：DEM_Run：返回值{True}nAxis{1}DirFlag{True}nSpeed{300000}MoveStep{5065.72787783332}nCtlValue{1}
2023-07-08 15:37:26,725 [AppLog] INFO : Y方向到位停止：DEM_StopAxisRun：返回值{True}CurrentPos{151.88}bImmeStop{False}nAxisMask{2}
2023-07-08 15:37:26,725 [AppLog] INFO : 获取打印Pass数据：IDP_GetPassItem2：nLayerIndex{3}nPassID{3}nProcState{3}LPPassDataItemb:PrtDir{True}nDataTxCompleteCnt{1}nHwMemAdrMatchMask{1}nLayerIndex{3}nLayerPassCount{6}nLayerPassIndex{3}nMinJet0ImgLinePos{4195}nPrtMemHwAddr{System.UInt32[]}nPrtDataOffset{System.UInt32[]}nSrcDataSize{System.UInt32[]}nPrtColBytes{System.UInt32[]}nPrtPrecession{10.666}nSrcEndCols{6000}nSrcStartCols{0}nStartEncPos{10000}nValidPassJets{1280}nValidPrtCols{6233}nValidPrtCtlCnts{1}pDataBuf{0}pNextItem{767823472}
2023-07-08 15:37:26,741 [AppLog] INFO : 使能Pass打印成功：IDP_DoPassPrint2：nLayerIndex{3}nPassID{3}
2023-07-08 15:37:26,741 [AppLog] INFO : PASS打印前关键状态：DEV_GetDeviceInfo：nLayerIndex{3}nPassID{3}LPPRINTER_INFO:nXSysEncDPI{5080}nStatus{909129520}nPrintStatus{0}bSuperDevice{1}
LPPRINTER_INFO-LPPrtRunInfo:bJobPrtRuning{True}bLayerPrtIsOver{False}nContReqMemErr{0}nContWDErr{0}nCurPrtDir{0}nDTLayerIndex{12}nDTLayerPassIndex{5}nDTPtrCtlIndex{0}nLayerPassCount{6}nPrintLayerIndex{3}nPrintPassIndex{3}nProcLayerIndex{12}nPrtDataMemAddr{0}nPrtState{0}nReverse{System.Int32[]}nRevPrtCols{0}
LPPRINTER_INFO-LPDRVINFO:nFMVersion{45074}nFpgaVersion{539038216}nPCBVersion{0}nState{0}nNextState{0}nPtvwarnState{0}nCrc32{0}nRevInfo{System.UInt32[]}nSignature{0}
2023-07-08 15:37:26,741 [AppLog] INFO : 创建：AutoPrintMotion1=》不需重新创建-手动操作！
2023-07-08 15:37:26,741 [AppLog] INFO : 进入：EquipmentMotionLogic3=》准备创建对象-手动操作！
2023-07-08 15:37:26,741 [AppLog] INFO : 进入：EquipmentMotionLogic3=》不需重新创建-手动操作！
2023-07-08 15:37:26,741 [AppLog] INFO : 进入：EquipmentMotionLogic3=》赋值完成自-AutoPrintMotion2！
2023-07-08 15:37:26,741 [AppLog] INFO : 进入：EquipmentMotionLogic3=》加载配置文件-LoadJsonFile成功！
2023-07-08 15:37:26,741 [AppLog] INFO : 进入：AutoPrintThread3！
2023-07-08 15:37:26,741 [AppLog] INFO : 准备读取编码器位置：X方向！
2023-07-08 15:37:26,741 [AppLog] INFO : 准备运动，当前位置：DEV_GetPrintEncoderValue：MoveDirectionFlag{false为Y方向：False}CurrentPos{26.615}AimPos{425}
2023-07-08 15:37:26,772 [AppLog] INFO : X方向运动开始：DEM_Run：返回值{True}nAxis{0}DirFlag{True}nSpeed{300000}MoveStep{398385}nCtlValue{2}
2023-07-08 15:37:28,660 [AppLog] INFO : X方向到位停止：DEM_StopAxisRun：返回值{True}CurrentPos{420.395}bImmeStop{False}nAxisMask{1}
2023-07-08 15:37:28,660 [AppLog] INFO : 准备读取编码器位置：Y方向！
2023-07-08 15:37:28,675 [AppLog] INFO : 准备运动，编码器当前位置：DEM_GetAxisEncodeVal：MoveDirectionFlag{false为Y方向：True}CurrentPos{152.535}AimPos{201.5}
2023-07-08 15:37:28,909 [AppLog] INFO : Y方向运动开始：DEM_Run：返回值{True}nAxis{1}DirFlag{True}nSpeed{300000}MoveStep{49057.592815}nCtlValue{1}
2023-07-08 15:37:28,972 [AppLog] INFO : Y方向到位停止：DEM_StopAxisRun：返回值{True}CurrentPos{198.225}bImmeStop{False}nAxisMask{2}
2023-07-08 15:37:28,972 [AppLog] INFO : 获取打印Pass数据：IDP_GetPassItem2：nLayerIndex{3}nPassID{4}nProcState{3}LPPassDataItemb:PrtDir{False}nDataTxCompleteCnt{1}nHwMemAdrMatchMask{1}nLayerIndex{3}nLayerPassCount{6}nLayerPassIndex{4}nMinJet0ImgLinePos{5475}nPrtMemHwAddr{System.UInt32[]}nPrtDataOffset{System.UInt32[]}nSrcDataSize{System.UInt32[]}nPrtColBytes{System.UInt32[]}nPrtPrecession{10.666}nSrcEndCols{6000}nSrcStartCols{0}nStartEncPos{76511}nValidPassJets{1280}nValidPrtCols{6233}nValidPrtCtlCnts{1}pDataBuf{0}pNextItem{767823632}
2023-07-08 15:37:28,987 [AppLog] INFO : 使能Pass打印成功：IDP_DoPassPrint2：nLayerIndex{3}nPassID{4}
2023-07-08 15:37:29,003 [AppLog] INFO : PASS打印前关键状态：DEV_GetDeviceInfo：nLayerIndex{3}nPassID{4}LPPRINTER_INFO:nXSysEncDPI{5080}nStatus{909129520}nPrintStatus{0}bSuperDevice{1}
LPPRINTER_INFO-LPPrtRunInfo:bJobPrtRuning{True}bLayerPrtIsOver{False}nContReqMemErr{0}nContWDErr{0}nCurPrtDir{0}nDTLayerIndex{12}nDTLayerPassIndex{5}nDTPtrCtlIndex{0}nLayerPassCount{6}nPrintLayerIndex{3}nPrintPassIndex{4}nProcLayerIndex{12}nPrtDataMemAddr{0}nPrtState{0}nReverse{System.Int32[]}nRevPrtCols{0}
LPPRINTER_INFO-LPDRVINFO:nFMVersion{45074}nFpgaVersion{539038216}nPCBVersion{0}nState{0}nNextState{0}nPtvwarnState{0}nCrc32{0}nRevInfo{System.UInt32[]}nSignature{0}
2023-07-08 15:37:29,003 [AppLog] INFO : 创建：AutoPrintMotion1=》不需重新创建-手动操作！
2023-07-08 15:37:29,003 [AppLog] INFO : 进入：EquipmentMotionLogic3=》准备创建对象-手动操作！
2023-07-08 15:37:29,003 [AppLog] INFO : 进入：EquipmentMotionLogic3=》不需重新创建-手动操作！
2023-07-08 15:37:29,003 [AppLog] INFO : 进入：EquipmentMotionLogic3=》赋值完成自-AutoPrintMotion2！
2023-07-08 15:37:29,003 [AppLog] INFO : 进入：EquipmentMotionLogic3=》加载配置文件-LoadJsonFile成功！
2023-07-08 15:37:29,003 [AppLog] INFO : 进入：AutoPrintThread3！
2023-07-08 15:37:29,003 [AppLog] INFO : 准备读取编码器位置：X方向！
2023-07-08 15:37:29,019 [AppLog] INFO : 准备运动，当前位置：DEV_GetPrintEncoderValue：MoveDirectionFlag{false为Y方向：False}CurrentPos{423.395}AimPos{25}
2023-07-08 15:37:29,081 [AppLog] INFO : X方向运动开始：DEM_Run：返回值{True}nAxis{0}DirFlag{False}nSpeed{300000}MoveStep{-398395}nCtlValue{2}
2023-07-08 15:37:30,953 [AppLog] INFO : X方向到位停止：DEM_StopAxisRun：返回值{True}CurrentPos{30.905}bImmeStop{False}nAxisMask{1}
2023-07-08 15:37:30,953 [AppLog] INFO : 准备读取编码器位置：Y方向！
2023-07-08 15:37:30,953 [AppLog] INFO : 准备运动，编码器当前位置：DEM_GetAxisEncodeVal：MoveDirectionFlag{false为Y方向：True}CurrentPos{201.535}AimPos{206.521166666667}
2023-07-08 15:37:31,078 [AppLog] INFO : Y方向运动开始：DEM_Run：返回值{True}nAxis{1}DirFlag{True}nSpeed{300000}MoveStep{4995.59550783333}nCtlValue{1}
2023-07-08 15:37:31,140 [AppLog] INFO : Y方向到位停止：DEM_StopAxisRun：返回值{True}CurrentPos{205.93}bImmeStop{False}nAxisMask{2}
2023-07-08 15:37:31,140 [AppLog] INFO : 获取打印Pass数据：IDP_GetPassItem2：nLayerIndex{3}nPassID{5}nProcState{3}LPPassDataItemb:PrtDir{True}nDataTxCompleteCnt{1}nHwMemAdrMatchMask{1}nLayerIndex{3}nLayerPassCount{6}nLayerPassIndex{5}nMinJet0ImgLinePos{6755}nPrtMemHwAddr{System.UInt32[]}nPrtDataOffset{System.UInt32[]}nSrcDataSize{System.UInt32[]}nPrtColBytes{System.UInt32[]}nPrtPrecession{10.666}nSrcEndCols{6000}nSrcStartCols{0}nStartEncPos{10000}nValidPassJets{1280}nValidPrtCols{6233}nValidPrtCtlCnts{1}pDataBuf{0}pNextItem{0}
2023-07-08 15:37:31,156 [AppLog] INFO : 使能Pass打印成功：IDP_DoPassPrint2：nLayerIndex{3}nPassID{5}
2023-07-08 15:37:31,156 [AppLog] INFO : PASS打印前关键状态：DEV_GetDeviceInfo：nLayerIndex{3}nPassID{5}LPPRINTER_INFO:nXSysEncDPI{5080}nStatus{909129520}nPrintStatus{0}bSuperDevice{1}
LPPRINTER_INFO-LPPrtRunInfo:bJobPrtRuning{True}bLayerPrtIsOver{False}nContReqMemErr{0}nContWDErr{0}nCurPrtDir{0}nDTLayerIndex{12}nDTLayerPassIndex{5}nDTPtrCtlIndex{0}nLayerPassCount{6}nPrintLayerIndex{3}nPrintPassIndex{5}nProcLayerIndex{12}nPrtDataMemAddr{0}nPrtState{0}nReverse{System.Int32[]}nRevPrtCols{0}
LPPRINTER_INFO-LPDRVINFO:nFMVersion{45074}nFpgaVersion{539038216}nPCBVersion{0}nState{0}nNextState{0}nPtvwarnState{0}nCrc32{0}nRevInfo{System.UInt32[]}nSignature{0}
2023-07-08 15:37:31,156 [AppLog] INFO : 创建：AutoPrintMotion1=》不需重新创建-手动操作！
2023-07-08 15:37:31,156 [AppLog] INFO : 进入：EquipmentMotionLogic3=》准备创建对象-手动操作！
2023-07-08 15:37:31,156 [AppLog] INFO : 进入：EquipmentMotionLogic3=》不需重新创建-手动操作！
2023-07-08 15:37:31,156 [AppLog] INFO : 进入：EquipmentMotionLogic3=》赋值完成自-AutoPrintMotion2！
2023-07-08 15:37:31,156 [AppLog] INFO : 进入：EquipmentMotionLogic3=》加载配置文件-LoadJsonFile成功！
2023-07-08 15:37:31,156 [AppLog] INFO : 进入：AutoPrintThread3！
2023-07-08 15:37:31,156 [AppLog] INFO : 准备读取编码器位置：X方向！
2023-07-08 15:37:31,156 [AppLog] INFO : 准备运动，当前位置：DEV_GetPrintEncoderValue：MoveDirectionFlag{false为Y方向：False}CurrentPos{26.585}AimPos{425}
2023-07-08 15:37:31,187 [AppLog] INFO : X方向运动开始：DEM_Run：返回值{True}nAxis{0}DirFlag{True}nSpeed{300000}MoveStep{398415}nCtlValue{2}
2023-07-08 15:37:33,059 [AppLog] INFO : X方向到位停止：DEM_StopAxisRun：返回值{True}CurrentPos{418.38}bImmeStop{False}nAxisMask{1}
2023-07-08 15:37:33,059 [AppLog] INFO : 准备读取编码器位置：X方向！
2023-07-08 15:37:33,059 [AppLog] INFO : 准备运动，当前位置：DEV_GetPrintEncoderValue：MoveDirectionFlag{false为Y方向：False}CurrentPos{418.655}AimPos{780}
2023-07-08 15:37:33,090 [AppLog] INFO : X方向运动开始：DEM_Run：返回值{True}nAxis{0}DirFlag{True}nSpeed{300000}MoveStep{361345}nCtlValue{2}
2023-07-08 15:37:33,153 [AppLog] INFO : 准备读取编码器位置：Y方向！
2023-07-08 15:37:33,168 [AppLog] INFO : 准备运动，编码器当前位置：DEM_GetAxisEncodeVal：MoveDirectionFlag{false为Y方向：True}CurrentPos{206.495}AimPos{121}
2023-07-08 15:37:33,527 [AppLog] INFO : Y方向运动开始：DEM_Run：返回值{True}nAxis{1}DirFlag{False}nSpeed{300000}MoveStep{-85656.671045}nCtlValue{1}
2023-07-08 15:37:34,853 [AppLog] INFO : Y方向到位等停：DEM_StopAxisRun：返回值{True}bImmeStop{False}nAxisMask{1}
2023-07-08 15:37:34,853 [AppLog] INFO : X方向到位等停：DEM_StopAxisRun：返回值{True}bImmeStop{False}nAxisMask{2}
2023-07-08 15:37:34,869 [AppLog] INFO : 开启闪喷操作：IDP_FlashPrtCtl：返回值{True}
2023-07-08 15:37:34,869 [AppLog] INFO : 进入：EquipmentMotionLogic3=》准备创建对象-手动操作！
2023-07-08 15:37:34,869 [AppLog] INFO : 进入：EquipmentMotionLogic3=》不需重新创建-手动操作！
2023-07-08 15:37:34,869 [AppLog] INFO : 进入：EquipmentMotionLogic3=》赋值完成自-AutoPrintMotion2！
2023-07-08 15:37:34,869 [AppLog] INFO : 进入：EquipmentMotionLogic3=》加载配置文件-LoadJsonFile成功！
2023-07-08 15:37:34,869 [AppLog] INFO : 进入自动铺粉逻辑：NewAutoSupplyPowderThread2
2023-07-08 15:37:34,869 [AppLog] INFO : 电气控制模块：手动打开端口14
2023-07-08 15:37:34,869 [AppLog] INFO : 电气控制模块：手动打开端口15
2023-07-08 15:37:34,947 [AppLog] INFO : 手动正向点动指令（8轴运控板卡系统） ====》：输出AXIS{第1轴},点动量{-0.1MM},运动速度{2MM/s}
2023-07-08 15:37:34,947 [AppLog] INFO : 成形面高度下降层厚 TrapSpace{0.1mm}：TrapMoveUp(1, true, Convert.ToString(vel), Convert.ToString(TrapSpace), true, true）
2023-07-08 15:37:35,711 [AppLog] INFO : 手动正向点动指令（8轴运控板卡系统） ====》：输出AXIS{第1轴},点动量{-1.5MM},运动速度{2MM/s}
2023-07-08 15:37:35,711 [AppLog] INFO : 成形面高度下降指定厚度 TrapSpace{1.5mm}：TrapMoveUp(1, true, Convert.ToString(vel), Convert.ToString(TrapSpace), true, true）
2023-07-08 15:37:36,491 [AppLog] INFO : 手动正向点动指令（8轴运控板卡系统） ====》：输出AXIS{第1轴},点动量{1.5MM},运动速度{2MM/s}
2023-07-08 15:37:36,491 [AppLog] INFO : 电气控制模块：手动关闭端口15
2023-07-08 15:37:36,491 [AppLog] INFO : 电气控制模块：手动关闭端口14
2023-07-08 15:37:36,491 [AppLog] INFO : 成形面高度上升层厚 TrapSpace{1.5mm}：TrapMoveUp(1, true, Convert.ToString(vel), Convert.ToString(TrapSpace), true, true）
2023-07-08 15:37:36,741 [AppLog] INFO : 手动正向点动指令（8轴运控板卡系统） ====》：输出AXIS{第8轴},点动量{0.6MM},运动速度{2.5MM/s}
2023-07-08 15:37:36,741 [AppLog] INFO : Hopper落粉轴转2圈落粉，速度0.5rev/s：TrapMoveUp(8, true, 0.5, rotateNuM.ToString(), true, false)
2023-07-08 15:37:37,755 [AppLog] INFO : 开启铺粉车不等停运动，准备运动至准备打印位置215mm，速度250mm/s：BackToStation2
2023-07-08 15:37:38,613 [AppLog] INFO : 手动正向点动指令（8轴运控板卡系统） ====》：输出AXIS{第2轴},点动量{216.5MM},运动速度{250MM/s}
2023-07-08 15:37:38,613 [AppLog] INFO : 当前铺粉车位置：打印位置215mm
2023-07-08 15:37:38,613 [AppLog] INFO : 手动正向点动指令（8轴运控板卡系统） ====》：输出AXIS{第2轴},点动量{480MM},运动速度{25MM/s}
2023-07-08 15:37:38,613 [AppLog] INFO : 开启铺粉车不等停运动至准备打印位置695mm，速度25mm/s：BackToStation2
2023-07-08 15:37:38,737 [AppLog] INFO : 打开IR灯：OpenIRLamp(true)
2023-07-08 15:37:38,862 [AppLog] INFO : 手动正向点动指令（8轴运控板卡系统） ====》：输出AXIS{第3轴},点动量{0.125MM},运动速度{1MM/s}
2023-07-08 15:37:38,862 [AppLog] INFO : 在{40mm}处，落粉轴运动{45度}，落粉轴转速{1rev/s}：TrapMoveUp(3, true, Convert.ToString(DispenseRollerSpeed), 0.5, true, true)
2023-07-08 15:37:38,862 [AppLog] INFO : 手动正向点动指令（8轴运控板卡系统） ====》：输出AXIS{第3轴},点动量{0.5MM},运动速度{0.0376712328767123MM/s}
2023-07-08 15:37:38,862 [AppLog] INFO : 开启均匀落粉及辊子铺平运动：TrapMoveUp(3, true, Convert.ToString(DispenseRollerSpeed), 0.5, true, true)
2023-07-08 15:37:50,531 [AppLog] INFO : 关闭IR灯：OpenIRLamp(false)
2023-07-08 15:37:55,086 [AppLog] INFO : 手动正向点动指令（8轴运控板卡系统） ====》：输出AXIS{第3轴},点动量{0.5MM},运动速度{2MM/s}
2023-07-08 15:37:55,086 [AppLog] INFO : 落粉轴继续转动以倒掉余粉：TrapMoveUp(3, true, 2, 0.5, true, false)
2023-07-08 15:37:57,816 [AppLog] INFO : 电气控制模块：手动打开端口14
2023-07-08 15:37:57,816 [AppLog] INFO : 电气控制模块：手动打开端口15
2023-07-08 15:37:58,596 [AppLog] INFO : 手动正向点动指令（8轴运控板卡系统） ====》：输出AXIS{第1轴},点动量{-1.5MM},运动速度{2MM/s}
2023-07-08 15:37:58,596 [AppLog] INFO : 电气控制模块：手动关闭端口15
2023-07-08 15:37:58,596 [AppLog] INFO : 电气控制模块：手动关闭端口14
2023-07-08 15:37:58,596 [AppLog] INFO : 成形面高度下降指定厚度 TrapSpace{1.5mm}：TrapMoveUp(1, true, Convert.ToString(vel), Convert.ToString(TrapSpace), true, true）
2023-07-08 15:37:58,924 [AppLog] INFO : 退出手动调试子模块，未执行修改
==========================================================================
2023-07-08 15:38:01,389 [AppLog] INFO : 手动正向点动指令（8轴运控板卡系统） ====》：输出AXIS{第2轴},点动量{-696.5MM},运动速度{250MM/s}
2023-07-08 15:38:01,389 [AppLog] INFO : 铺粉车返回至站1：BackToStation2(AimPos, MovSpeed, true)：-1.5mm，速度250mm/s：BackToStation2
2023-07-08 15:38:02,169 [AppLog] INFO : 落粉轴回零成功：motionMap.SetBackSpreaderAxis(3, 0.5, 2, -SinkPosition)：ReturnCode{True}
2023-07-08 15:38:02,169 [AppLog] INFO : 电气控制模块：手动打开端口14
2023-07-08 15:38:02,169 [AppLog] INFO : 电气控制模块：手动打开端口15
2023-07-08 15:38:02,933 [AppLog] INFO : 手动正向点动指令（8轴运控板卡系统） ====》：输出AXIS{第1轴},点动量{1.5MM},运动速度{2MM/s}
2023-07-08 15:38:02,933 [AppLog] INFO : 电气控制模块：手动关闭端口15
2023-07-08 15:38:02,933 [AppLog] INFO : 电气控制模块：手动关闭端口14
2023-07-08 15:38:02,933 [AppLog] INFO : 成形面高度上升层厚 TrapSpace{1.5mm}：TrapMoveUp(1, true, Convert.ToString(vel), Convert.ToString(TrapSpace), true, true）
2023-07-08 15:38:02,933 [AppLog] INFO : 自动铺粉正常结束：NewAutoSupplyPowderThread2
2023-07-08 15:38:02,933 [AppLog] INFO : 发送监控指令，拍照记录1条：SendMessageFromSharedMemory
2023-07-08 15:38:02,933 [AppLog] INFO : 铺粉模式：铺粉固化同时进行！
2023-07-08 15:38:02,933 [AppLog] INFO : 执行完成铺粉固化操作：EquipmentMotionLogic3：m_bApplyPowderSupplyMotion:0
2023-07-08 15:38:02,933 [AppLog] INFO : 接收到恢复打印指令：PrintTaskTHREAD
2023-07-08 15:38:02,933 [AppLog] INFO : 获取打印Pass数据：IDP_GetPassItem2：nLayerIndex{4}nPassID{0}nProcState{3}LPPassDataItemb:PrtDir{False}nDataTxCompleteCnt{1}nHwMemAdrMatchMask{1}nLayerIndex{4}nLayerPassCount{6}nLayerPassIndex{0}nMinJet0ImgLinePos{355}nPrtMemHwAddr{System.UInt32[]}nPrtDataOffset{System.UInt32[]}nSrcDataSize{System.UInt32[]}nPrtColBytes{System.UInt32[]}nPrtPrecession{10.666}nSrcEndCols{6000}nSrcStartCols{0}nStartEncPos{76511}nValidPassJets{1280}nValidPrtCols{6233}nValidPrtCtlCnts{1}pDataBuf{0}pNextItem{668503200}
2023-07-08 15:38:02,949 [AppLog] INFO : 使能Pass打印成功：IDP_DoPassPrint2：nLayerIndex{4}nPassID{0}
2023-07-08 15:38:02,949 [AppLog] INFO : PASS打印前关键状态：DEV_GetDeviceInfo：nLayerIndex{4}nPassID{0}LPPRINTER_INFO:nXSysEncDPI{5080}nStatus{909129520}nPrintStatus{0}bSuperDevice{1}
LPPRINTER_INFO-LPPrtRunInfo:bJobPrtRuning{True}bLayerPrtIsOver{False}nContReqMemErr{0}nContWDErr{0}nCurPrtDir{0}nDTLayerIndex{12}nDTLayerPassIndex{5}nDTPtrCtlIndex{0}nLayerPassCount{6}nPrintLayerIndex{4}nPrintPassIndex{0}nProcLayerIndex{12}nPrtDataMemAddr{0}nPrtState{0}nReverse{System.Int32[]}nRevPrtCols{0}
LPPRINTER_INFO-LPDRVINFO:nFMVersion{45074}nFpgaVersion{539038216}nPCBVersion{0}nState{0}nNextState{0}nPtvwarnState{0}nCrc32{0}nRevInfo{System.UInt32[]}nSignature{0}
2023-07-08 15:38:02,949 [AppLog] INFO : 创建：AutoPrintMotion1=》不需重新创建-手动操作！
2023-07-08 15:38:02,949 [AppLog] INFO : 进入：EquipmentMotionLogic3=》准备创建对象-手动操作！
2023-07-08 15:38:02,949 [AppLog] INFO : 进入：EquipmentMotionLogic3=》不需重新创建-手动操作！
2023-07-08 15:38:02,949 [AppLog] INFO : 进入：EquipmentMotionLogic3=》赋值完成自-AutoPrintMotion2！
2023-07-08 15:38:02,949 [AppLog] INFO : 进入：EquipmentMotionLogic3=》加载配置文件-LoadJsonFile成功！
2023-07-08 15:38:02,949 [AppLog] INFO : 进入自动清洗过程：AutoCleanThread
2023-07-08 15:38:03,323 [AppLog] INFO : 刮墨轴回零成功：motionMap.SetBackSpreaderAxis(4, 1, 2, -SinkHomePosition)
2023-07-08 15:38:03,323 [AppLog] INFO : 准备读取编码器位置：Y方向！
2023-07-08 15:38:03,323 [AppLog] INFO : 准备运动，编码器当前位置：DEM_GetAxisEncodeVal：MoveDirectionFlag{false为Y方向：True}CurrentPos{121.045}AimPos{116}
2023-07-08 15:38:03,354 [AppLog] INFO : 准备处理第12层数据：准备调用RenderToWic，index为12，subindex为0，g_nRePrintTimes为1，起始层为0
2023-07-08 15:38:03,417 [AppLog] INFO : 完成处理第12层数据：准备调用DrawLayerBMP，index为12，起始层为0
2023-07-08 15:38:03,417 [AppLog] INFO : 完成处理第12层数据：准备调用DrawLayerBMP，index为12，起始层为0
2023-07-08 15:38:03,463 [AppLog] INFO : Y方向运动开始：DEM_Run：返回值{True}nAxis{1}DirFlag{False}nSpeed{300000}MoveStep{-5054.540095}nCtlValue{1}
2023-07-08 15:38:03,526 [AppLog] INFO : Y方向到位停止：DEM_StopAxisRun：返回值{True}CurrentPos{116.375}bImmeStop{False}nAxisMask{2}
2023-07-08 15:38:03,526 [AppLog] INFO : 准备读取编码器位置：X方向！
2023-07-08 15:38:03,526 [AppLog] INFO : 准备运动，当前位置：DEV_GetPrintEncoderValue：MoveDirectionFlag{false为Y方向：False}CurrentPos{784.71}AimPos{780}
2023-07-08 15:38:03,573 [AppLog] INFO : X方向运动开始：DEM_Run：返回值{True}nAxis{0}DirFlag{False}nSpeed{300000}MoveStep{-4710.00000000004}nCtlValue{2}
2023-07-08 15:38:03,744 [AppLog] INFO : X方向到位停止：DEM_StopAxisRun：返回值{True}CurrentPos{783.31}bImmeStop{False}nAxisMask{1}
2023-07-08 15:38:03,760 [AppLog] INFO : 作业写入成功：IDP_WriteImgLayerData：bpp:{1bit}灰阶:{1阶}nLayerIndex{13}LayerIndex{12}SubIndex{1}RePrintTimes{1}nBytesPerLine{752}nWidth{6001}nHeight{7680}nXEncOff{0}nYJetOff{355}nImgStartJetIndex{0}nXDPI{476.25}nYDPI{600}nPrtDir{0} nPrtFlag{1}nColorCnts{1}nReserved{System.Int32[]}
2023-07-08 15:38:03,760 [AppLog] INFO : 完成处理第12层数据：准备调用RenderToWic，index为12，subindex为0，g_nRePrintTimes为1，起始层为0
2023-07-08 15:38:04,961 [AppLog] INFO : 开启手动清洗挤墨喷头，DEV_EnableTimer: 端口{11}，清洗控制周期：{0.5}S,{0.5}S
2023-07-08 15:38:05,975 [AppLog] INFO : 关闭手动清洗挤墨喷头：DEV_EnableTimer
2023-07-08 15:38:05,975 [AppLog] INFO : 压墨等待开启：{1.5S}
2023-07-08 15:38:07,488 [AppLog] INFO : 压墨等待完成：{1.5S}
2023-07-08 15:38:07,488 [AppLog] INFO : 准备读取编码器位置：X方向！
2023-07-08 15:38:07,488 [AppLog] INFO : 准备运动，当前位置：DEV_GetPrintEncoderValue：MoveDirectionFlag{false为Y方向：False}CurrentPos{780.35}AimPos{680}
2023-07-08 15:38:07,520 [AppLog] INFO : X方向运动开始：DEM_Run：返回值{True}nAxis{0}DirFlag{False}nSpeed{200000}MoveStep{-100350}nCtlValue{2}
2023-07-08 15:38:08,378 [AppLog] INFO : X方向到位停止：DEM_StopAxisRun：返回值{True}CurrentPos{683.92}bImmeStop{False}nAxisMask{1}
2023-07-08 15:38:08,955 [AppLog] INFO : 结束自动清洗过程：AutoCleanThread
2023-07-08 15:38:08,955 [AppLog] INFO : 进入：EquipmentMotionLogic3=》准备创建对象-手动操作！
2023-07-08 15:38:08,955 [AppLog] INFO : 进入：EquipmentMotionLogic3=》不需重新创建-手动操作！
2023-07-08 15:38:08,955 [AppLog] INFO : 进入：EquipmentMotionLogic3=》赋值完成自-AutoPrintMotion2！
2023-07-08 15:38:08,955 [AppLog] INFO : 进入：EquipmentMotionLogic3=》加载配置文件-LoadJsonFile成功！
2023-07-08 15:38:08,955 [AppLog] INFO : 进入：AutoPrintThread3！
2023-07-08 15:38:08,955 [AppLog] INFO : 关闭闪喷操作：IDP_FlashPrtCtl：返回值{True}
2023-07-08 15:38:08,955 [AppLog] INFO : 准备读取编码器位置：Y方向！
2023-07-08 15:38:08,955 [AppLog] INFO : 准备运动，编码器当前位置：DEM_GetAxisEncodeVal：MoveDirectionFlag{false为Y方向：True}CurrentPos{115.985}AimPos{88.5}
2023-07-08 15:38:09,095 [AppLog] INFO : Y方向运动开始：DEM_Run：返回值{True}nAxis{1}DirFlag{False}nSpeed{300000}MoveStep{-27536.974135}nCtlValue{1}
2023-07-08 15:38:09,158 [AppLog] INFO : 准备读取编码器位置：X方向！
2023-07-08 15:38:09,158 [AppLog] INFO : 准备运动，当前位置：DEV_GetPrintEncoderValue：MoveDirectionFlag{false为Y方向：False}CurrentPos{680.23}AimPos{425}
2023-07-08 15:38:09,189 [AppLog] INFO : X方向运动开始：DEM_Run：返回值{True}nAxis{0}DirFlag{False}nSpeed{300000}MoveStep{-255230}nCtlValue{2}
2023-07-08 15:38:10,608 [AppLog] INFO : X方向到位停止：DEM_StopAxisRun：返回值{True}CurrentPos{428.24}bImmeStop{False}nAxisMask{1}
2023-07-08 15:38:10,608 [AppLog] INFO : 准备读取编码器位置：X方向！
2023-07-08 15:38:10,608 [AppLog] INFO : 准备运动，当前位置：DEV_GetPrintEncoderValue：MoveDirectionFlag{false为Y方向：False}CurrentPos{428.135}AimPos{25}
2023-07-08 15:38:10,640 [AppLog] INFO : X方向运动开始：DEM_Run：返回值{True}nAxis{0}DirFlag{False}nSpeed{300000}MoveStep{-403135}nCtlValue{2}
2023-07-08 15:38:12,527 [AppLog] INFO : X方向到位停止：DEM_StopAxisRun：返回值{True}CurrentPos{26.475}bImmeStop{False}nAxisMask{1}
2023-07-08 15:38:12,527 [AppLog] INFO : 准备读取编码器位置：Y方向！
2023-07-08 15:38:12,527 [AppLog] INFO : 准备运动，编码器当前位置：DEM_GetAxisEncodeVal：MoveDirectionFlag{false为Y方向：True}CurrentPos{88.485}AimPos{103.521166666667}
2023-07-08 15:38:12,652 [AppLog] INFO : Y方向运动开始：DEM_Run：返回值{True}nAxis{1}DirFlag{True}nSpeed{300000}MoveStep{15064.6000578333}nCtlValue{1}
2023-07-08 15:38:12,714 [AppLog] INFO : Y方向到位停止：DEM_StopAxisRun：返回值{True}CurrentPos{100.96}bImmeStop{False}nAxisMask{2}
2023-07-08 15:38:12,714 [AppLog] INFO : 获取打印Pass数据：IDP_GetPassItem2：nLayerIndex{4}nPassID{1}nProcState{3}LPPassDataItemb:PrtDir{True}nDataTxCompleteCnt{1}nHwMemAdrMatchMask{1}nLayerIndex{4}nLayerPassCount{6}nLayerPassIndex{1}nMinJet0ImgLinePos{1635}nPrtMemHwAddr{System.UInt32[]}nPrtDataOffset{System.UInt32[]}nSrcDataSize{System.UInt32[]}nPrtColBytes{System.UInt32[]}nPrtPrecession{10.666}nSrcEndCols{6000}nSrcStartCols{0}nStartEncPos{10000}nValidPassJets{1280}nValidPrtCols{6233}nValidPrtCtlCnts{1}pDataBuf{0}pNextItem{668503360}
2023-07-08 15:38:12,714 [AppLog] INFO : 使能Pass打印成功：IDP_DoPassPrint2：nLayerIndex{4}nPassID{1}
2023-07-08 15:38:12,730 [AppLog] INFO : PASS打印前关键状态：DEV_GetDeviceInfo：nLayerIndex{4}nPassID{1}LPPRINTER_INFO:nXSysEncDPI{5080}nStatus{909129520}nPrintStatus{0}bSuperDevice{1}
LPPRINTER_INFO-LPPrtRunInfo:bJobPrtRuning{True}bLayerPrtIsOver{False}nContReqMemErr{0}nContWDErr{0}nCurPrtDir{0}nDTLayerIndex{13}nDTLayerPassIndex{5}nDTPtrCtlIndex{0}nLayerPassCount{6}nPrintLayerIndex{4}nPrintPassIndex{1}nProcLayerIndex{13}nPrtDataMemAddr{0}nPrtState{0}nReverse{System.Int32[]}nRevPrtCols{0}
LPPRINTER_INFO-LPDRVINFO:nFMVersion{45074}nFpgaVersion{539038216}nPCBVersion{0}nState{0}nNextState{0}nPtvwarnState{0}nCrc32{0}nRevInfo{System.UInt32[]}nSignature{0}
2023-07-08 15:38:12,730 [AppLog] INFO : 创建：AutoPrintMotion1=》不需重新创建-手动操作！
2023-07-08 15:38:12,730 [AppLog] INFO : 进入：EquipmentMotionLogic3=》准备创建对象-手动操作！
2023-07-08 15:38:12,730 [AppLog] INFO : 进入：EquipmentMotionLogic3=》不需重新创建-手动操作！
2023-07-08 15:38:12,730 [AppLog] INFO : 进入：EquipmentMotionLogic3=》赋值完成自-AutoPrintMotion2！
2023-07-08 15:38:12,730 [AppLog] INFO : 进入：EquipmentMotionLogic3=》加载配置文件-LoadJsonFile成功！
2023-07-08 15:38:12,730 [AppLog] INFO : 进入：AutoPrintThread3！
2023-07-08 15:38:12,730 [AppLog] INFO : 准备读取编码器位置：X方向！
2023-07-08 15:38:12,730 [AppLog] INFO : 准备运动，当前位置：DEV_GetPrintEncoderValue：MoveDirectionFlag{false为Y方向：False}CurrentPos{22.945}AimPos{425}
2023-07-08 15:38:12,761 [AppLog] INFO : X方向运动开始：DEM_Run：返回值{True}nAxis{0}DirFlag{True}nSpeed{300000}MoveStep{402055}nCtlValue{2}
2023-07-08 15:38:14,664 [AppLog] INFO : X方向到位停止：DEM_StopAxisRun：返回值{True}CurrentPos{420.315}bImmeStop{False}nAxisMask{1}
2023-07-08 15:38:14,664 [AppLog] INFO : 准备读取编码器位置：Y方向！
2023-07-08 15:38:14,664 [AppLog] INFO : 准备运动，编码器当前位置：DEM_GetAxisEncodeVal：MoveDirectionFlag{false为Y方向：True}CurrentPos{103.505}AimPos{142.5}
2023-07-08 15:38:14,867 [AppLog] INFO : Y方向运动开始：DEM_Run：返回值{True}nAxis{1}DirFlag{True}nSpeed{300000}MoveStep{39068.739545}nCtlValue{1}
2023-07-08 15:38:14,930 [AppLog] INFO : Y方向到位停止：DEM_StopAxisRun：返回值{True}CurrentPos{139.515}bImmeStop{False}nAxisMask{2}
2023-07-08 15:38:14,930 [AppLog] INFO : 获取打印Pass数据：IDP_GetPassItem2：nLayerIndex{4}nPassID{2}nProcState{3}LPPassDataItemb:PrtDir{False}nDataTxCompleteCnt{1}nHwMemAdrMatchMask{1}nLayerIndex{4}nLayerPassCount{6}nLayerPassIndex{2}nMinJet0ImgLinePos{2915}nPrtMemHwAddr{System.UInt32[]}nPrtDataOffset{System.UInt32[]}nSrcDataSize{System.UInt32[]}nPrtColBytes{System.UInt32[]}nPrtPrecession{10.666}nSrcEndCols{6000}nSrcStartCols{0}nStartEncPos{76511}nValidPassJets{1280}nValidPrtCols{6233}nValidPrtCtlCnts{1}pDataBuf{0}pNextItem{668503520}
2023-07-08 15:38:14,945 [AppLog] INFO : 使能Pass打印成功：IDP_DoPassPrint2：nLayerIndex{4}nPassID{2}
2023-07-08 15:38:14,945 [AppLog] INFO : PASS打印前关键状态：DEV_GetDeviceInfo：nLayerIndex{4}nPassID{2}LPPRINTER_INFO:nXSysEncDPI{5080}nStatus{909129520}nPrintStatus{0}bSuperDevice{1}
LPPRINTER_INFO-LPPrtRunInfo:bJobPrtRuning{True}bLayerPrtIsOver{False}nContReqMemErr{0}nContWDErr{0}nCurPrtDir{0}nDTLayerIndex{13}nDTLayerPassIndex{5}nDTPtrCtlIndex{0}nLayerPassCount{6}nPrintLayerIndex{4}nPrintPassIndex{2}nProcLayerIndex{13}nPrtDataMemAddr{0}nPrtState{0}nReverse{System.Int32[]}nRevPrtCols{0}
LPPRINTER_INFO-LPDRVINFO:nFMVersion{45074}nFpgaVersion{539038216}nPCBVersion{0}nState{0}nNextState{0}nPtvwarnState{0}nCrc32{0}nRevInfo{System.UInt32[]}nSignature{0}
2023-07-08 15:38:14,945 [AppLog] INFO : 创建：AutoPrintMotion1=》不需重新创建-手动操作！
2023-07-08 15:38:14,945 [AppLog] INFO : 进入：EquipmentMotionLogic3=》准备创建对象-手动操作！
2023-07-08 15:38:14,945 [AppLog] INFO : 进入：EquipmentMotionLogic3=》不需重新创建-手动操作！
2023-07-08 15:38:14,945 [AppLog] INFO : 进入：EquipmentMotionLogic3=》赋值完成自-AutoPrintMotion2！
2023-07-08 15:38:14,945 [AppLog] INFO : 进入：EquipmentMotionLogic3=》加载配置文件-LoadJsonFile成功！
2023-07-08 15:38:14,945 [AppLog] INFO : 进入：AutoPrintThread3！
2023-07-08 15:38:14,945 [AppLog] INFO : 准备读取编码器位置：X方向！
2023-07-08 15:38:14,945 [AppLog] INFO : 准备运动，当前位置：DEV_GetPrintEncoderValue：MoveDirectionFlag{false为Y方向：False}CurrentPos{423.385}AimPos{25}
2023-07-08 15:38:14,976 [AppLog] INFO : X方向运动开始：DEM_Run：返回值{True}nAxis{0}DirFlag{False}nSpeed{300000}MoveStep{-398385}nCtlValue{2}
2023-07-08 15:38:16,848 [AppLog] INFO : X方向到位停止：DEM_StopAxisRun：返回值{True}CurrentPos{30.5}bImmeStop{False}nAxisMask{1}
2023-07-08 15:38:16,848 [AppLog] INFO : 准备读取编码器位置：Y方向！
2023-07-08 15:38:16,848 [AppLog] INFO : 准备运动，编码器当前位置：DEM_GetAxisEncodeVal：MoveDirectionFlag{false为Y方向：True}CurrentPos{142.49}AimPos{157.521166666667}
2023-07-08 15:38:16,973 [AppLog] INFO : Y方向运动开始：DEM_Run：返回值{True}nAxis{1}DirFlag{True}nSpeed{300000}MoveStep{15059.5906028333}nCtlValue{1}
2023-07-08 15:38:17,036 [AppLog] INFO : Y方向到位停止：DEM_StopAxisRun：返回值{True}CurrentPos{155.04}bImmeStop{False}nAxisMask{2}
2023-07-08 15:38:17,036 [AppLog] INFO : 获取打印Pass数据：IDP_GetPassItem2：nLayerIndex{4}nPassID{3}nProcState{3}LPPassDataItemb:PrtDir{True}nDataTxCompleteCnt{1}nHwMemAdrMatchMask{1}nLayerIndex{4}nLayerPassCount{6}nLayerPassIndex{3}nMinJet0ImgLinePos{4195}nPrtMemHwAddr{System.UInt32[]}nPrtDataOffset{System.UInt32[]}nSrcDataSize{System.UInt32[]}nPrtColBytes{System.UInt32[]}nPrtPrecession{10.666}nSrcEndCols{6000}nSrcStartCols{0}nStartEncPos{10000}nValidPassJets{1280}nValidPrtCols{6233}nValidPrtCtlCnts{1}pDataBuf{0}pNextItem{668503680}
2023-07-08 15:38:17,051 [AppLog] INFO : 使能Pass打印成功：IDP_DoPassPrint2：nLayerIndex{4}nPassID{3}
2023-07-08 15:38:17,051 [AppLog] INFO : PASS打印前关键状态：DEV_GetDeviceInfo：nLayerIndex{4}nPassID{3}LPPRINTER_INFO:nXSysEncDPI{5080}nStatus{909129520}nPrintStatus{0}bSuperDevice{1}
LPPRINTER_INFO-LPPrtRunInfo:bJobPrtRuning{True}bLayerPrtIsOver{False}nContReqMemErr{0}nContWDErr{0}nCurPrtDir{0}nDTLayerIndex{13}nDTLayerPassIndex{5}nDTPtrCtlIndex{0}nLayerPassCount{6}nPrintLayerIndex{4}nPrintPassIndex{3}nProcLayerIndex{13}nPrtDataMemAddr{0}nPrtState{0}nReverse{System.Int32[]}nRevPrtCols{0}
LPPRINTER_INFO-LPDRVINFO:nFMVersion{45074}nFpgaVersion{539038216}nPCBVersion{0}nState{0}nNextState{0}nPtvwarnState{0}nCrc32{0}nRevInfo{System.UInt32[]}nSignature{0}
2023-07-08 15:38:17,051 [AppLog] INFO : 创建：AutoPrintMotion1=》不需重新创建-手动操作！
2023-07-08 15:38:17,051 [AppLog] INFO : 进入：EquipmentMotionLogic3=》准备创建对象-手动操作！
2023-07-08 15:38:17,051 [AppLog] INFO : 进入：EquipmentMotionLogic3=》不需重新创建-手动操作！
2023-07-08 15:38:17,051 [AppLog] INFO : 进入：EquipmentMotionLogic3=》赋值完成自-AutoPrintMotion2！
2023-07-08 15:38:17,051 [AppLog] INFO : 进入：EquipmentMotionLogic3=》加载配置文件-LoadJsonFile成功！
2023-07-08 15:38:17,051 [AppLog] INFO : 进入：AutoPrintThread3！
2023-07-08 15:38:17,051 [AppLog] INFO : 准备读取编码器位置：X方向！
2023-07-08 15:38:17,051 [AppLog] INFO : 准备运动，当前位置：DEV_GetPrintEncoderValue：MoveDirectionFlag{false为Y方向：False}CurrentPos{26.59}AimPos{425}
2023-07-08 15:38:17,082 [AppLog] INFO : X方向运动开始：DEM_Run：返回值{True}nAxis{0}DirFlag{True}nSpeed{300000}MoveStep{398410}nCtlValue{2}
2023-07-08 15:38:18,954 [AppLog] INFO : X方向到位停止：DEM_StopAxisRun：返回值{True}CurrentPos{419.195}bImmeStop{False}nAxisMask{1}
2023-07-08 15:38:18,954 [AppLog] INFO : 准备读取编码器位置：Y方向！
2023-07-08 15:38:18,954 [AppLog] INFO : 准备运动，编码器当前位置：DEM_GetAxisEncodeVal：MoveDirectionFlag{false为Y方向：True}CurrentPos{157.48}AimPos{196.5}
2023-07-08 15:38:19,142 [AppLog] INFO : Y方向运动开始：DEM_Run：返回值{True}nAxis{1}DirFlag{True}nSpeed{300000}MoveStep{39093.78682}nCtlValue{1}
2023-07-08 15:38:19,204 [AppLog] INFO : Y方向到位停止：DEM_StopAxisRun：返回值{True}CurrentPos{191.505}bImmeStop{False}nAxisMask{2}
2023-07-08 15:38:19,204 [AppLog] INFO : 获取打印Pass数据：IDP_GetPassItem2：nLayerIndex{4}nPassID{4}nProcState{3}LPPassDataItemb:PrtDir{False}nDataTxCompleteCnt{1}nHwMemAdrMatchMask{1}nLayerIndex{4}nLayerPassCount{6}nLayerPassIndex{4}nMinJet0ImgLinePos{5475}nPrtMemHwAddr{System.UInt32[]}nPrtDataOffset{System.UInt32[]}nSrcDataSize{System.UInt32[]}nPrtColBytes{System.UInt32[]}nPrtPrecession{10.666}nSrcEndCols{6000}nSrcStartCols{0}nStartEncPos{76511}nValidPassJets{1280}nValidPrtCols{6233}nValidPrtCtlCnts{1}pDataBuf{0}pNextItem{668503840}
2023-07-08 15:38:19,220 [AppLog] INFO : 使能Pass打印成功：IDP_DoPassPrint2：nLayerIndex{4}nPassID{4}
2023-07-08 15:38:19,220 [AppLog] INFO : PASS打印前关键状态：DEV_GetDeviceInfo：nLayerIndex{4}nPassID{4}LPPRINTER_INFO:nXSysEncDPI{5080}nStatus{909129520}nPrintStatus{0}bSuperDevice{1}
LPPRINTER_INFO-LPPrtRunInfo:bJobPrtRuning{True}bLayerPrtIsOver{False}nContReqMemErr{0}nContWDErr{0}nCurPrtDir{0}nDTLayerIndex{13}nDTLayerPassIndex{5}nDTPtrCtlIndex{0}nLayerPassCount{6}nPrintLayerIndex{4}nPrintPassIndex{4}nProcLayerIndex{13}nPrtDataMemAddr{0}nPrtState{0}nReverse{System.Int32[]}nRevPrtCols{0}
LPPRINTER_INFO-LPDRVINFO:nFMVersion{45074}nFpgaVersion{539038216}nPCBVersion{0}nState{0}nNextState{0}nPtvwarnState{0}nCrc32{0}nRevInfo{System.UInt32[]}nSignature{0}
2023-07-08 15:38:19,220 [AppLog] INFO : 创建：AutoPrintMotion1=》不需重新创建-手动操作！
2023-07-08 15:38:19,220 [AppLog] INFO : 进入：EquipmentMotionLogic3=》准备创建对象-手动操作！
2023-07-08 15:38:19,220 [AppLog] INFO : 进入：EquipmentMotionLogic3=》不需重新创建-手动操作！
2023-07-08 15:38:19,220 [AppLog] INFO : 进入：EquipmentMotionLogic3=》赋值完成自-AutoPrintMotion2！
2023-07-08 15:38:19,220 [AppLog] INFO : 进入：EquipmentMotionLogic3=》加载配置文件-LoadJsonFile成功！
2023-07-08 15:38:19,220 [AppLog] INFO : 进入：AutoPrintThread3！
2023-07-08 15:38:19,220 [AppLog] INFO : 准备读取编码器位置：X方向！
2023-07-08 15:38:19,220 [AppLog] INFO : 准备运动，当前位置：DEV_GetPrintEncoderValue：MoveDirectionFlag{false为Y方向：False}CurrentPos{423.395}AimPos{25}
2023-07-08 15:38:19,251 [AppLog] INFO : X方向运动开始：DEM_Run：返回值{True}nAxis{0}DirFlag{False}nSpeed{300000}MoveStep{-398395}nCtlValue{2}
2023-07-08 15:38:21,123 [AppLog] INFO : X方向到位停止：DEM_StopAxisRun：返回值{True}CurrentPos{30.565}bImmeStop{False}nAxisMask{1}
2023-07-08 15:38:21,123 [AppLog] INFO : 准备读取编码器位置：Y方向！
2023-07-08 15:38:21,123 [AppLog] INFO : 准备运动，编码器当前位置：DEM_GetAxisEncodeVal：MoveDirectionFlag{false为Y方向：True}CurrentPos{196.54}AimPos{211.521166666667}
2023-07-08 15:38:21,248 [AppLog] INFO : Y方向运动开始：DEM_Run：返回值{True}nAxis{1}DirFlag{True}nSpeed{300000}MoveStep{15009.4960528333}nCtlValue{1}
2023-07-08 15:38:21,326 [AppLog] INFO : Y方向到位停止：DEM_StopAxisRun：返回值{True}CurrentPos{210.04}bImmeStop{False}nAxisMask{2}
2023-07-08 15:38:21,326 [AppLog] INFO : 获取打印Pass数据：IDP_GetPassItem2：nLayerIndex{4}nPassID{5}nProcState{3}LPPassDataItemb:PrtDir{True}nDataTxCompleteCnt{1}nHwMemAdrMatchMask{1}nLayerIndex{4}nLayerPassCount{6}nLayerPassIndex{5}nMinJet0ImgLinePos{6755}nPrtMemHwAddr{System.UInt32[]}nPrtDataOffset{System.UInt32[]}nSrcDataSize{System.UInt32[]}nPrtColBytes{System.UInt32[]}nPrtPrecession{10.666}nSrcEndCols{6000}nSrcStartCols{0}nStartEncPos{10000}nValidPassJets{1280}nValidPrtCols{6233}nValidPrtCtlCnts{1}pDataBuf{0}pNextItem{0}
2023-07-08 15:38:21,341 [AppLog] INFO : 使能Pass打印成功：IDP_DoPassPrint2：nLayerIndex{4}nPassID{5}
2023-07-08 15:38:21,341 [AppLog] INFO : PASS打印前关键状态：DEV_GetDeviceInfo：nLayerIndex{4}nPassID{5}LPPRINTER_INFO:nXSysEncDPI{5080}nStatus{909129520}nPrintStatus{0}bSuperDevice{1}
LPPRINTER_INFO-LPPrtRunInfo:bJobPrtRuning{True}bLayerPrtIsOver{False}nContReqMemErr{0}nContWDErr{0}nCurPrtDir{0}nDTLayerIndex{13}nDTLayerPassIndex{5}nDTPtrCtlIndex{0}nLayerPassCount{6}nPrintLayerIndex{4}nPrintPassIndex{5}nProcLayerIndex{13}nPrtDataMemAddr{0}nPrtState{0}nReverse{System.Int32[]}nRevPrtCols{0}
LPPRINTER_INFO-LPDRVINFO:nFMVersion{45074}nFpgaVersion{539038216}nPCBVersion{0}nState{0}nNextState{0}nPtvwarnState{0}nCrc32{0}nRevInfo{System.UInt32[]}nSignature{0}
2023-07-08 15:38:21,357 [AppLog] INFO : 创建：AutoPrintMotion1=》不需重新创建-手动操作！
2023-07-08 15:38:21,357 [AppLog] INFO : 进入：EquipmentMotionLogic3=》准备创建对象-手动操作！
2023-07-08 15:38:21,357 [AppLog] INFO : 进入：EquipmentMotionLogic3=》不需重新创建-手动操作！
2023-07-08 15:38:21,357 [AppLog] INFO : 进入：EquipmentMotionLogic3=》赋值完成自-AutoPrintMotion2！
2023-07-08 15:38:21,357 [AppLog] INFO : 进入：EquipmentMotionLogic3=》加载配置文件-LoadJsonFile成功！
2023-07-08 15:38:21,357 [AppLog] INFO : 进入：AutoPrintThread3！
2023-07-08 15:38:21,357 [AppLog] INFO : 准备读取编码器位置：X方向！
2023-07-08 15:38:21,357 [AppLog] INFO : 准备运动，当前位置：DEV_GetPrintEncoderValue：MoveDirectionFlag{false为Y方向：False}CurrentPos{26.605}AimPos{425}
2023-07-08 15:38:21,388 [AppLog] INFO : X方向运动开始：DEM_Run：返回值{True}nAxis{0}DirFlag{True}nSpeed{300000}MoveStep{398395}nCtlValue{2}
2023-07-08 15:38:23,260 [AppLog] INFO : X方向到位停止：DEM_StopAxisRun：返回值{True}CurrentPos{418.935}bImmeStop{False}nAxisMask{1}
2023-07-08 15:38:23,260 [AppLog] INFO : 准备读取编码器位置：X方向！
2023-07-08 15:38:23,260 [AppLog] INFO : 准备运动，当前位置：DEV_GetPrintEncoderValue：MoveDirectionFlag{false为Y方向：False}CurrentPos{419.195}AimPos{780}
2023-07-08 15:38:23,291 [AppLog] INFO : X方向运动开始：DEM_Run：返回值{True}nAxis{0}DirFlag{True}nSpeed{300000}MoveStep{360805}nCtlValue{2}
2023-07-08 15:38:23,354 [AppLog] INFO : 准备读取编码器位置：Y方向！
2023-07-08 15:38:23,354 [AppLog] INFO : 准备运动，编码器当前位置：DEM_GetAxisEncodeVal：MoveDirectionFlag{false为Y方向：True}CurrentPos{211.535}AimPos{121}
2023-07-08 15:38:23,712 [AppLog] INFO : Y方向运动开始：DEM_Run：返回值{True}nAxis{1}DirFlag{False}nSpeed{300000}MoveStep{-90706.201685}nCtlValue{1}
2023-07-08 15:38:25,038 [AppLog] INFO : Y方向到位等停：DEM_StopAxisRun：返回值{True}bImmeStop{False}nAxisMask{1}
2023-07-08 15:38:25,038 [AppLog] INFO : X方向到位等停：DEM_StopAxisRun：返回值{True}bImmeStop{False}nAxisMask{2}
2023-07-08 15:38:25,054 [AppLog] INFO : 开启闪喷操作：IDP_FlashPrtCtl：返回值{True}
2023-07-08 15:38:25,054 [AppLog] INFO : 进入：EquipmentMotionLogic3=》准备创建对象-手动操作！
2023-07-08 15:38:25,054 [AppLog] INFO : 进入：EquipmentMotionLogic3=》不需重新创建-手动操作！
2023-07-08 15:38:25,054 [AppLog] INFO : 进入：EquipmentMotionLogic3=》赋值完成自-AutoPrintMotion2！
2023-07-08 15:38:25,054 [AppLog] INFO : 进入：EquipmentMotionLogic3=》加载配置文件-LoadJsonFile成功！
2023-07-08 15:38:25,054 [AppLog] INFO : 进入自动铺粉逻辑：NewAutoSupplyPowderThread2
2023-07-08 15:38:25,054 [AppLog] INFO : 电气控制模块：手动打开端口14
2023-07-08 15:38:25,054 [AppLog] INFO : 电气控制模块：手动打开端口15
2023-07-08 15:38:25,132 [AppLog] INFO : 手动正向点动指令（8轴运控板卡系统） ====》：输出AXIS{第1轴},点动量{-0.1MM},运动速度{2MM/s}
2023-07-08 15:38:25,132 [AppLog] INFO : 成形面高度下降层厚 TrapSpace{0.1mm}：TrapMoveUp(1, true, Convert.ToString(vel), Convert.ToString(TrapSpace), true, true）
2023-07-08 15:38:25,912 [AppLog] INFO : 手动正向点动指令（8轴运控板卡系统） ====》：输出AXIS{第1轴},点动量{-1.5MM},运动速度{2MM/s}
2023-07-08 15:38:25,912 [AppLog] INFO : 成形面高度下降指定厚度 TrapSpace{1.5mm}：TrapMoveUp(1, true, Convert.ToString(vel), Convert.ToString(TrapSpace), true, true）
2023-07-08 15:38:26,676 [AppLog] INFO : 手动正向点动指令（8轴运控板卡系统） ====》：输出AXIS{第1轴},点动量{1.5MM},运动速度{2MM/s}
2023-07-08 15:38:26,676 [AppLog] INFO : 电气控制模块：手动关闭端口15
2023-07-08 15:38:26,676 [AppLog] INFO : 电气控制模块：手动关闭端口14
2023-07-08 15:38:26,676 [AppLog] INFO : 成形面高度上升层厚 TrapSpace{1.5mm}：TrapMoveUp(1, true, Convert.ToString(vel), Convert.ToString(TrapSpace), true, true）
2023-07-08 15:38:26,926 [AppLog] INFO : 手动正向点动指令（8轴运控板卡系统） ====》：输出AXIS{第8轴},点动量{0.6MM},运动速度{2.5MM/s}
2023-07-08 15:38:26,926 [AppLog] INFO : Hopper落粉轴转2圈落粉，速度0.5rev/s：TrapMoveUp(8, true, 0.5, rotateNuM.ToString(), true, false)
2023-07-08 15:38:27,940 [AppLog] INFO : 开启铺粉车不等停运动，准备运动至准备打印位置215mm，速度250mm/s：BackToStation2
2023-07-08 15:38:28,798 [AppLog] INFO : 手动正向点动指令（8轴运控板卡系统） ====》：输出AXIS{第2轴},点动量{216.5MM},运动速度{250MM/s}
2023-07-08 15:38:28,798 [AppLog] INFO : 当前铺粉车位置：打印位置215mm
2023-07-08 15:38:28,798 [AppLog] INFO : 手动正向点动指令（8轴运控板卡系统） ====》：输出AXIS{第2轴},点动量{480MM},运动速度{25MM/s}
2023-07-08 15:38:28,798 [AppLog] INFO : 开启铺粉车不等停运动至准备打印位置695mm，速度25mm/s：BackToStation2
2023-07-08 15:38:28,923 [AppLog] INFO : 打开IR灯：OpenIRLamp(true)
2023-07-08 15:38:29,048 [AppLog] INFO : 手动正向点动指令（8轴运控板卡系统） ====》：输出AXIS{第3轴},点动量{0.125MM},运动速度{1MM/s}
2023-07-08 15:38:29,048 [AppLog] INFO : 在{40mm}处，落粉轴运动{45度}，落粉轴转速{1rev/s}：TrapMoveUp(3, true, Convert.ToString(DispenseRollerSpeed), 0.5, true, true)
2023-07-08 15:38:29,048 [AppLog] INFO : 手动正向点动指令（8轴运控板卡系统） ====》：输出AXIS{第3轴},点动量{0.5MM},运动速度{0.0376712328767123MM/s}
2023-07-08 15:38:29,048 [AppLog] INFO : 开启均匀落粉及辊子铺平运动：TrapMoveUp(3, true, Convert.ToString(DispenseRollerSpeed), 0.5, true, true)
2023-07-08 15:38:40,716 [AppLog] INFO : 关闭IR灯：OpenIRLamp(false)
2023-07-08 15:38:45,272 [AppLog] INFO : 手动正向点动指令（8轴运控板卡系统） ====》：输出AXIS{第3轴},点动量{0.5MM},运动速度{2MM/s}
2023-07-08 15:38:45,272 [AppLog] INFO : 落粉轴继续转动以倒掉余粉：TrapMoveUp(3, true, 2, 0.5, true, false)
2023-07-08 15:38:48,002 [AppLog] INFO : 电气控制模块：手动打开端口14
2023-07-08 15:38:48,002 [AppLog] INFO : 电气控制模块：手动打开端口15
2023-07-08 15:38:48,782 [AppLog] INFO : 手动正向点动指令（8轴运控板卡系统） ====》：输出AXIS{第1轴},点动量{-1.5MM},运动速度{2MM/s}
2023-07-08 15:38:48,782 [AppLog] INFO : 电气控制模块：手动关闭端口15
2023-07-08 15:38:48,782 [AppLog] INFO : 电气控制模块：手动关闭端口14
2023-07-08 15:38:48,782 [AppLog] INFO : 成形面高度下降指定厚度 TrapSpace{1.5mm}：TrapMoveUp(1, true, Convert.ToString(vel), Convert.ToString(TrapSpace), true, true）
2023-07-08 15:38:51,574 [AppLog] INFO : 手动正向点动指令（8轴运控板卡系统） ====》：输出AXIS{第2轴},点动量{-696.5MM},运动速度{250MM/s}
2023-07-08 15:38:51,574 [AppLog] INFO : 铺粉车返回至站1：BackToStation2(AimPos, MovSpeed, true)：-1.5mm，速度250mm/s：BackToStation2
2023-07-08 15:38:52,354 [AppLog] INFO : 落粉轴回零成功：motionMap.SetBackSpreaderAxis(3, 0.5, 2, -SinkPosition)：ReturnCode{True}
2023-07-08 15:38:52,354 [AppLog] INFO : 电气控制模块：手动打开端口14
2023-07-08 15:38:52,354 [AppLog] INFO : 电气控制模块：手动打开端口15
2023-07-08 15:38:53,118 [AppLog] INFO : 手动正向点动指令（8轴运控板卡系统） ====》：输出AXIS{第1轴},点动量{1.5MM},运动速度{2MM/s}
2023-07-08 15:38:53,118 [AppLog] INFO : 电气控制模块：手动关闭端口15
2023-07-08 15:38:53,118 [AppLog] INFO : 电气控制模块：手动关闭端口14
2023-07-08 15:38:53,118 [AppLog] INFO : 成形面高度上升层厚 TrapSpace{1.5mm}：TrapMoveUp(1, true, Convert.ToString(vel), Convert.ToString(TrapSpace), true, true）
2023-07-08 15:38:53,118 [AppLog] INFO : 自动铺粉正常结束：NewAutoSupplyPowderThread2
2023-07-08 15:38:53,118 [AppLog] INFO : 发送监控指令，拍照记录1条：SendMessageFromSharedMemory
2023-07-08 15:38:53,118 [AppLog] INFO : 铺粉模式：铺粉固化同时进行！
2023-07-08 15:38:53,118 [AppLog] INFO : 执行完成铺粉固化操作：EquipmentMotionLogic3：m_bApplyPowderSupplyMotion:0
2023-07-08 15:38:53,118 [AppLog] INFO : 接收到恢复打印指令：PrintTaskTHREAD
2023-07-08 15:38:53,134 [AppLog] INFO : 获取打印Pass数据：IDP_GetPassItem2：nLayerIndex{5}nPassID{0}nProcState{3}LPPassDataItemb:PrtDir{False}nDataTxCompleteCnt{1}nHwMemAdrMatchMask{1}nLayerIndex{5}nLayerPassCount{6}nLayerPassIndex{0}nMinJet0ImgLinePos{355}nPrtMemHwAddr{System.UInt32[]}nPrtDataOffset{System.UInt32[]}nSrcDataSize{System.UInt32[]}nPrtColBytes{System.UInt32[]}nPrtPrecession{10.666}nSrcEndCols{6000}nSrcStartCols{0}nStartEncPos{76511}nValidPassJets{1280}nValidPrtCols{6233}nValidPrtCtlCnts{1}pDataBuf{0}pNextItem{668504160}
2023-07-08 15:38:53,134 [AppLog] INFO : 使能Pass打印成功：IDP_DoPassPrint2：nLayerIndex{5}nPassID{0}
2023-07-08 15:38:53,134 [AppLog] INFO : PASS打印前关键状态：DEV_GetDeviceInfo：nLayerIndex{5}nPassID{0}LPPRINTER_INFO:nXSysEncDPI{5080}nStatus{909129520}nPrintStatus{0}bSuperDevice{1}
LPPRINTER_INFO-LPPrtRunInfo:bJobPrtRuning{True}bLayerPrtIsOver{False}nContReqMemErr{0}nContWDErr{0}nCurPrtDir{0}nDTLayerIndex{13}nDTLayerPassIndex{5}nDTPtrCtlIndex{0}nLayerPassCount{6}nPrintLayerIndex{5}nPrintPassIndex{0}nProcLayerIndex{13}nPrtDataMemAddr{0}nPrtState{0}nReverse{System.Int32[]}nRevPrtCols{0}
LPPRINTER_INFO-LPDRVINFO:nFMVersion{45074}nFpgaVersion{539038216}nPCBVersion{0}nState{0}nNextState{0}nPtvwarnState{0}nCrc32{0}nRevInfo{System.UInt32[]}nSignature{0}
2023-07-08 15:38:53,134 [AppLog] INFO : 创建：AutoPrintMotion1=》不需重新创建-手动操作！
2023-07-08 15:38:53,134 [AppLog] INFO : 进入：EquipmentMotionLogic3=》准备创建对象-手动操作！
2023-07-08 15:38:53,134 [AppLog] INFO : 进入：EquipmentMotionLogic3=》不需重新创建-手动操作！
2023-07-08 15:38:53,134 [AppLog] INFO : 进入：EquipmentMotionLogic3=》赋值完成自-AutoPrintMotion2！
2023-07-08 15:38:53,134 [AppLog] INFO : 进入：EquipmentMotionLogic3=》加载配置文件-LoadJsonFile成功！
2023-07-08 15:38:53,134 [AppLog] INFO : 进入自动清洗过程：AutoCleanThread
2023-07-08 15:38:53,181 [AppLog] INFO : 准备处理第13层数据：准备调用RenderToWic，index为13，subindex为0，g_nRePrintTimes为1，起始层为0
2023-07-08 15:38:53,243 [AppLog] INFO : 完成处理第13层数据：准备调用DrawLayerBMP，index为13，起始层为0
2023-07-08 15:38:53,243 [AppLog] INFO : 完成处理第13层数据：准备调用DrawLayerBMP，index为13，起始层为0
2023-07-08 15:38:53,508 [AppLog] INFO : 刮墨轴回零成功：motionMap.SetBackSpreaderAxis(4, 1, 2, -SinkHomePosition)
2023-07-08 15:38:53,508 [AppLog] INFO : 准备读取编码器位置：Y方向！
2023-07-08 15:38:53,508 [AppLog] INFO : 准备运动，编码器当前位置：DEM_GetAxisEncodeVal：MoveDirectionFlag{false为Y方向：True}CurrentPos{121.035}AimPos{116}
2023-07-08 15:38:53,586 [AppLog] INFO : 作业写入成功：IDP_WriteImgLayerData：bpp:{1bit}灰阶:{1阶}nLayerIndex{14}LayerIndex{13}SubIndex{1}RePrintTimes{1}nBytesPerLine{752}nWidth{6001}nHeight{7680}nXEncOff{0}nYJetOff{355}nImgStartJetIndex{0}nXDPI{476.25}nYDPI{600}nPrtDir{0} nPrtFlag{1}nColorCnts{1}nReserved{System.Int32[]}
2023-07-08 15:38:53,586 [AppLog] INFO : 完成处理第13层数据：准备调用RenderToWic，index为13，subindex为0，g_nRePrintTimes为1，起始层为0
2023-07-08 15:38:53,633 [AppLog] INFO : Y方向运动开始：DEM_Run：返回值{True}nAxis{1}DirFlag{False}nSpeed{300000}MoveStep{-5044.521185}nCtlValue{1}
2023-07-08 15:38:53,696 [AppLog] INFO : Y方向到位停止：DEM_StopAxisRun：返回值{True}CurrentPos{116.595}bImmeStop{False}nAxisMask{2}
2023-07-08 15:38:53,696 [AppLog] INFO : 准备读取编码器位置：X方向！
2023-07-08 15:38:53,696 [AppLog] INFO : 准备运动，当前位置：DEV_GetPrintEncoderValue：MoveDirectionFlag{false为Y方向：False}CurrentPos{784.175}AimPos{780}
2023-07-08 15:38:53,727 [AppLog] INFO : X方向运动开始：DEM_Run：返回值{True}nAxis{0}DirFlag{False}nSpeed{300000}MoveStep{-4175.00000000007}nCtlValue{2}
2023-07-08 15:38:53,930 [AppLog] INFO : X方向到位停止：DEM_StopAxisRun：返回值{True}CurrentPos{782.025}bImmeStop{False}nAxisMask{1}
2023-07-08 15:38:55,146 [AppLog] INFO : 开启手动清洗挤墨喷头，DEV_EnableTimer: 端口{11}，清洗控制周期：{0.5}S,{0.5}S
2023-07-08 15:38:56,160 [AppLog] INFO : 关闭手动清洗挤墨喷头：DEV_EnableTimer
2023-07-08 15:38:56,160 [AppLog] INFO : 压墨等待开启：{1.5S}
2023-07-08 15:38:57,674 [AppLog] INFO : 压墨等待完成：{1.5S}
2023-07-08 15:38:57,674 [AppLog] INFO : 准备读取编码器位置：X方向！
2023-07-08 15:38:57,674 [AppLog] INFO : 准备运动，当前位置：DEV_GetPrintEncoderValue：MoveDirectionFlag{false为Y方向：False}CurrentPos{780.355}AimPos{680}
2023-07-08 15:38:57,705 [AppLog] INFO : X方向运动开始：DEM_Run：返回值{True}nAxis{0}DirFlag{False}nSpeed{200000}MoveStep{-100355}nCtlValue{2}
2023-07-08 15:38:58,563 [AppLog] INFO : X方向到位停止：DEM_StopAxisRun：返回值{True}CurrentPos{684.045}bImmeStop{False}nAxisMask{1}
2023-07-08 15:38:59,140 [AppLog] INFO : 结束自动清洗过程：AutoCleanThread
2023-07-08 15:38:59,140 [AppLog] INFO : 进入：EquipmentMotionLogic3=》准备创建对象-手动操作！
2023-07-08 15:38:59,140 [AppLog] INFO : 进入：EquipmentMotionLogic3=》不需重新创建-手动操作！
2023-07-08 15:38:59,140 [AppLog] INFO : 进入：EquipmentMotionLogic3=》赋值完成自-AutoPrintMotion2！
2023-07-08 15:38:59,140 [AppLog] INFO : 进入：EquipmentMotionLogic3=》加载配置文件-LoadJsonFile成功！
2023-07-08 15:38:59,140 [AppLog] INFO : 进入：AutoPrintThread3！
2023-07-08 15:38:59,156 [AppLog] INFO : 关闭闪喷操作：IDP_FlashPrtCtl：返回值{True}
2023-07-08 15:38:59,156 [AppLog] INFO : 准备读取编码器位置：Y方向！
2023-07-08 15:38:59,156 [AppLog] INFO : 准备运动，编码器当前位置：DEM_GetAxisEncodeVal：MoveDirectionFlag{false为Y方向：True}CurrentPos{115.99}AimPos{91}
2023-07-08 15:38:59,296 [AppLog] INFO : Y方向运动开始：DEM_Run：返回值{True}nAxis{1}DirFlag{False}nSpeed{300000}MoveStep{-25037.25609}nCtlValue{1}
2023-07-08 15:38:59,358 [AppLog] INFO : 准备读取编码器位置：X方向！
2023-07-08 15:38:59,358 [AppLog] INFO : 准备运动，当前位置：DEV_GetPrintEncoderValue：MoveDirectionFlag{false为Y方向：False}CurrentPos{680.215}AimPos{425}
2023-07-08 15:38:59,390 [AppLog] INFO : X方向运动开始：DEM_Run：返回值{True}nAxis{0}DirFlag{False}nSpeed{300000}MoveStep{-255215}nCtlValue{2}
2023-07-08 15:39:00,778 [AppLog] INFO : X方向到位停止：DEM_StopAxisRun：返回值{True}CurrentPos{430.135}bImmeStop{False}nAxisMask{1}
2023-07-08 15:39:00,778 [AppLog] INFO : 准备读取编码器位置：X方向！
2023-07-08 15:39:00,778 [AppLog] INFO : 准备运动，当前位置：DEV_GetPrintEncoderValue：MoveDirectionFlag{false为Y方向：False}CurrentPos{429.87}AimPos{25}
2023-07-08 15:39:00,809 [AppLog] INFO : X方向运动开始：DEM_Run：返回值{True}nAxis{0}DirFlag{False}nSpeed{300000}MoveStep{-404870}nCtlValue{2}
2023-07-08 15:39:02,712 [AppLog] INFO : X方向到位停止：DEM_StopAxisRun：返回值{True}CurrentPos{24.33}bImmeStop{False}nAxisMask{1}
2023-07-08 15:39:02,712 [AppLog] INFO : 准备读取编码器位置：Y方向！
2023-07-08 15:39:02,712 [AppLog] INFO : 准备运动，编码器当前位置：DEM_GetAxisEncodeVal：MoveDirectionFlag{false为Y方向：True}CurrentPos{90.99}AimPos{101.021166666667}
2023-07-08 15:39:02,853 [AppLog] INFO : Y方向运动开始：DEM_Run：返回值{True}nAxis{1}DirFlag{True}nSpeed{300000}MoveStep{10050.1356028333}nCtlValue{1}
2023-07-08 15:39:02,915 [AppLog] INFO : Y方向到位停止：DEM_StopAxisRun：返回值{True}CurrentPos{99.565}bImmeStop{False}nAxisMask{2}
2023-07-08 15:39:02,915 [AppLog] INFO : 获取打印Pass数据：IDP_GetPassItem2：nLayerIndex{5}nPassID{1}nProcState{3}LPPassDataItemb:PrtDir{True}nDataTxCompleteCnt{1}nHwMemAdrMatchMask{1}nLayerIndex{5}nLayerPassCount{6}nLayerPassIndex{1}nMinJet0ImgLinePos{1635}nPrtMemHwAddr{System.UInt32[]}nPrtDataOffset{System.UInt32[]}nSrcDataSize{System.UInt32[]}nPrtColBytes{System.UInt32[]}nPrtPrecession{10.666}nSrcEndCols{6000}nSrcStartCols{0}nStartEncPos{10000}nValidPassJets{1280}nValidPrtCols{6233}nValidPrtCtlCnts{1}pDataBuf{0}pNextItem{668504320}
2023-07-08 15:39:02,915 [AppLog] INFO : 使能Pass打印成功：IDP_DoPassPrint2：nLayerIndex{5}nPassID{1}
2023-07-08 15:39:02,931 [AppLog] INFO : PASS打印前关键状态：DEV_GetDeviceInfo：nLayerIndex{5}nPassID{1}LPPRINTER_INFO:nXSysEncDPI{5080}nStatus{909129520}nPrintStatus{0}bSuperDevice{1}
LPPRINTER_INFO-LPPrtRunInfo:bJobPrtRuning{True}bLayerPrtIsOver{False}nContReqMemErr{0}nContWDErr{0}nCurPrtDir{0}nDTLayerIndex{14}nDTLayerPassIndex{5}nDTPtrCtlIndex{0}nLayerPassCount{6}nPrintLayerIndex{5}nPrintPassIndex{1}nProcLayerIndex{14}nPrtDataMemAddr{0}nPrtState{0}nReverse{System.Int32[]}nRevPrtCols{0}
LPPRINTER_INFO-LPDRVINFO:nFMVersion{45074}nFpgaVersion{539038216}nPCBVersion{0}nState{0}nNextState{0}nPtvwarnState{0}nCrc32{0}nRevInfo{System.UInt32[]}nSignature{0}
2023-07-08 15:39:02,931 [AppLog] INFO : 创建：AutoPrintMotion1=》不需重新创建-手动操作！
2023-07-08 15:39:02,931 [AppLog] INFO : 进入：EquipmentMotionLogic3=》准备创建对象-手动操作！
2023-07-08 15:39:02,931 [AppLog] INFO : 进入：EquipmentMotionLogic3=》不需重新创建-手动操作！
2023-07-08 15:39:02,931 [AppLog] INFO : 进入：EquipmentMotionLogic3=》赋值完成自-AutoPrintMotion2！
2023-07-08 15:39:02,931 [AppLog] INFO : 进入：EquipmentMotionLogic3=》加载配置文件-LoadJsonFile成功！
2023-07-08 15:39:02,931 [AppLog] INFO : 进入：AutoPrintThread3！
2023-07-08 15:39:02,931 [AppLog] INFO : 准备读取编码器位置：X方向！
2023-07-08 15:39:02,946 [AppLog] INFO : 准备运动，当前位置：DEV_GetPrintEncoderValue：MoveDirectionFlag{false为Y方向：False}CurrentPos{21.26}AimPos{425}
2023-07-08 15:39:02,978 [AppLog] INFO : X方向运动开始：DEM_Run：返回值{True}nAxis{0}DirFlag{True}nSpeed{300000}MoveStep{403740}nCtlValue{2}
2023-07-08 15:39:04,865 [AppLog] INFO : X方向到位停止：DEM_StopAxisRun：返回值{True}CurrentPos{419.89}bImmeStop{False}nAxisMask{1}
2023-07-08 15:39:04,865 [AppLog] INFO : 准备读取编码器位置：Y方向！
2023-07-08 15:39:04,881 [AppLog] INFO : 准备运动，编码器当前位置：DEM_GetAxisEncodeVal：MoveDirectionFlag{false为Y方向：True}CurrentPos{101.005}AimPos{145}
2023-07-08 15:39:05,084 [AppLog] INFO : Y方向运动开始：DEM_Run：返回值{True}nAxis{1}DirFlag{True}nSpeed{300000}MoveStep{44078.194545}nCtlValue{1}
2023-07-08 15:39:05,146 [AppLog] INFO : Y方向到位停止：DEM_StopAxisRun：返回值{True}CurrentPos{139.92}bImmeStop{False}nAxisMask{2}
2023-07-08 15:39:05,146 [AppLog] INFO : 获取打印Pass数据：IDP_GetPassItem2：nLayerIndex{5}nPassID{2}nProcState{3}LPPassDataItemb:PrtDir{False}nDataTxCompleteCnt{1}nHwMemAdrMatchMask{1}nLayerIndex{5}nLayerPassCount{6}nLayerPassIndex{2}nMinJet0ImgLinePos{2915}nPrtMemHwAddr{System.UInt32[]}nPrtDataOffset{System.UInt32[]}nSrcDataSize{System.UInt32[]}nPrtColBytes{System.UInt32[]}nPrtPrecession{10.666}nSrcEndCols{6000}nSrcStartCols{0}nStartEncPos{76511}nValidPassJets{1280}nValidPrtCols{6233}nValidPrtCtlCnts{1}pDataBuf{0}pNextItem{668504480}
2023-07-08 15:39:05,162 [AppLog] INFO : 使能Pass打印成功：IDP_DoPassPrint2：nLayerIndex{5}nPassID{2}
2023-07-08 15:39:05,162 [AppLog] INFO : PASS打印前关键状态：DEV_GetDeviceInfo：nLayerIndex{5}nPassID{2}LPPRINTER_INFO:nXSysEncDPI{5080}nStatus{909129520}nPrintStatus{0}bSuperDevice{1}
LPPRINTER_INFO-LPPrtRunInfo:bJobPrtRuning{True}bLayerPrtIsOver{False}nContReqMemErr{0}nContWDErr{0}nCurPrtDir{0}nDTLayerIndex{14}nDTLayerPassIndex{5}nDTPtrCtlIndex{0}nLayerPassCount{6}nPrintLayerIndex{5}nPrintPassIndex{2}nProcLayerIndex{14}nPrtDataMemAddr{0}nPrtState{0}nReverse{System.Int32[]}nRevPrtCols{0}
LPPRINTER_INFO-LPDRVINFO:nFMVersion{45074}nFpgaVersion{539038216}nPCBVersion{0}nState{0}nNextState{0}nPtvwarnState{0}nCrc32{0}nRevInfo{System.UInt32[]}nSignature{0}
2023-07-08 15:39:05,162 [AppLog] INFO : 创建：AutoPrintMotion1=》不需重新创建-手动操作！
2023-07-08 15:39:05,162 [AppLog] INFO : 进入：EquipmentMotionLogic3=》准备创建对象-手动操作！
2023-07-08 15:39:05,162 [AppLog] INFO : 进入：EquipmentMotionLogic3=》不需重新创建-手动操作！
2023-07-08 15:39:05,162 [AppLog] INFO : 进入：EquipmentMotionLogic3=》赋值完成自-AutoPrintMotion2！
2023-07-08 15:39:05,162 [AppLog] INFO : 进入：EquipmentMotionLogic3=》加载配置文件-LoadJsonFile成功！
2023-07-08 15:39:05,162 [AppLog] INFO : 进入：AutoPrintThread3！
2023-07-08 15:39:05,162 [AppLog] INFO : 准备读取编码器位置：X方向！
2023-07-08 15:39:05,162 [AppLog] INFO : 准备运动，当前位置：DEV_GetPrintEncoderValue：MoveDirectionFlag{false为Y方向：False}CurrentPos{423.355}AimPos{25}
2023-07-08 15:39:05,193 [AppLog] INFO : X方向运动开始：DEM_Run：返回值{True}nAxis{0}DirFlag{False}nSpeed{300000}MoveStep{-398355}nCtlValue{2}
2023-07-08 15:39:07,065 [AppLog] INFO : X方向到位停止：DEM_StopAxisRun：返回值{True}CurrentPos{30.425}bImmeStop{False}nAxisMask{1}
2023-07-08 15:39:07,065 [AppLog] INFO : 准备读取编码器位置：Y方向！
2023-07-08 15:39:07,065 [AppLog] INFO : 准备运动，编码器当前位置：DEM_GetAxisEncodeVal：MoveDirectionFlag{false为Y方向：True}CurrentPos{144.975}AimPos{155.021166666667}
2023-07-08 15:39:07,190 [AppLog] INFO : Y方向运动开始：DEM_Run：返回值{True}nAxis{1}DirFlag{True}nSpeed{300000}MoveStep{10065.1639678333}nCtlValue{1}
2023-07-08 15:39:07,252 [AppLog] INFO : Y方向到位停止：DEM_StopAxisRun：返回值{True}CurrentPos{153.705}bImmeStop{False}nAxisMask{2}
2023-07-08 15:39:07,252 [AppLog] INFO : 获取打印Pass数据：IDP_GetPassItem2：nLayerIndex{5}nPassID{3}nProcState{3}LPPassDataItemb:PrtDir{True}nDataTxCompleteCnt{1}nHwMemAdrMatchMask{1}nLayerIndex{5}nLayerPassCount{6}nLayerPassIndex{3}nMinJet0ImgLinePos{4195}nPrtMemHwAddr{System.UInt32[]}nPrtDataOffset{System.UInt32[]}nSrcDataSize{System.UInt32[]}nPrtColBytes{System.UInt32[]}nPrtPrecession{10.666}nSrcEndCols{6000}nSrcStartCols{0}nStartEncPos{10000}nValidPassJets{1280}nValidPrtCols{6233}nValidPrtCtlCnts{1}pDataBuf{0}pNextItem{668504640}
2023-07-08 15:39:07,268 [AppLog] INFO : 使能Pass打印成功：IDP_DoPassPrint2：nLayerIndex{5}nPassID{3}
2023-07-08 15:39:07,268 [AppLog] INFO : PASS打印前关键状态：DEV_GetDeviceInfo：nLayerIndex{5}nPassID{3}LPPRINTER_INFO:nXSysEncDPI{5080}nStatus{909129520}nPrintStatus{0}bSuperDevice{1}
LPPRINTER_INFO-LPPrtRunInfo:bJobPrtRuning{True}bLayerPrtIsOver{False}nContReqMemErr{0}nContWDErr{0}nCurPrtDir{0}nDTLayerIndex{14}nDTLayerPassIndex{5}nDTPtrCtlIndex{0}nLayerPassCount{6}nPrintLayerIndex{5}nPrintPassIndex{3}nProcLayerIndex{14}nPrtDataMemAddr{0}nPrtState{0}nReverse{System.Int32[]}nRevPrtCols{0}
LPPRINTER_INFO-LPDRVINFO:nFMVersion{45074}nFpgaVersion{539038216}nPCBVersion{0}nState{0}nNextState{0}nPtvwarnState{0}nCrc32{0}nRevInfo{System.UInt32[]}nSignature{0}
2023-07-08 15:39:07,268 [AppLog] INFO : 创建：AutoPrintMotion1=》不需重新创建-手动操作！
2023-07-08 15:39:07,268 [AppLog] INFO : 进入：EquipmentMotionLogic3=》准备创建对象-手动操作！
2023-07-08 15:39:07,268 [AppLog] INFO : 进入：EquipmentMotionLogic3=》不需重新创建-手动操作！
2023-07-08 15:39:07,268 [AppLog] INFO : 进入：EquipmentMotionLogic3=》赋值完成自-AutoPrintMotion2！
2023-07-08 15:39:07,268 [AppLog] INFO : 进入：EquipmentMotionLogic3=》加载配置文件-LoadJsonFile成功！
2023-07-08 15:39:07,268 [AppLog] INFO : 进入：AutoPrintThread3！
2023-07-08 15:39:07,268 [AppLog] INFO : 准备读取编码器位置：X方向！
2023-07-08 15:39:07,268 [AppLog] INFO : 准备运动，当前位置：DEV_GetPrintEncoderValue：MoveDirectionFlag{false为Y方向：False}CurrentPos{26.585}AimPos{425}
2023-07-08 15:39:07,299 [AppLog] INFO : X方向运动开始：DEM_Run：返回值{True}nAxis{0}DirFlag{True}nSpeed{300000}MoveStep{398415}nCtlValue{2}
2023-07-08 15:39:09,171 [AppLog] INFO : X方向到位停止：DEM_StopAxisRun：返回值{True}CurrentPos{419.58}bImmeStop{False}nAxisMask{1}
2023-07-08 15:39:09,171 [AppLog] INFO : 准备读取编码器位置：Y方向！
2023-07-08 15:39:09,186 [AppLog] INFO : 准备运动，编码器当前位置：DEM_GetAxisEncodeVal：MoveDirectionFlag{false为Y方向：True}CurrentPos{154.99}AimPos{199}
2023-07-08 15:39:09,389 [AppLog] INFO : Y方向运动开始：DEM_Run：返回值{True}nAxis{1}DirFlag{True}nSpeed{300000}MoveStep{44093.22291}nCtlValue{1}
2023-07-08 15:39:09,452 [AppLog] INFO : Y方向到位停止：DEM_StopAxisRun：返回值{True}CurrentPos{194.115}bImmeStop{False}nAxisMask{2}
2023-07-08 15:39:09,452 [AppLog] INFO : 获取打印Pass数据：IDP_GetPassItem2：nLayerIndex{5}nPassID{4}nProcState{3}LPPassDataItemb:PrtDir{False}nDataTxCompleteCnt{1}nHwMemAdrMatchMask{1}nLayerIndex{5}nLayerPassCount{6}nLayerPassIndex{4}nMinJet0ImgLinePos{5475}nPrtMemHwAddr{System.UInt32[]}nPrtDataOffset{System.UInt32[]}nSrcDataSize{System.UInt32[]}nPrtColBytes{System.UInt32[]}nPrtPrecession{10.666}nSrcEndCols{6000}nSrcStartCols{0}nStartEncPos{76511}nValidPassJets{1280}nValidPrtCols{6233}nValidPrtCtlCnts{1}pDataBuf{0}pNextItem{668504800}
2023-07-08 15:39:09,467 [AppLog] INFO : 使能Pass打印成功：IDP_DoPassPrint2：nLayerIndex{5}nPassID{4}
2023-07-08 15:39:09,467 [AppLog] INFO : PASS打印前关键状态：DEV_GetDeviceInfo：nLayerIndex{5}nPassID{4}LPPRINTER_INFO:nXSysEncDPI{5080}nStatus{909129520}nPrintStatus{0}bSuperDevice{1}
LPPRINTER_INFO-LPPrtRunInfo:bJobPrtRuning{True}bLayerPrtIsOver{False}nContReqMemErr{0}nContWDErr{0}nCurPrtDir{0}nDTLayerIndex{14}nDTLayerPassIndex{5}nDTPtrCtlIndex{0}nLayerPassCount{6}nPrintLayerIndex{5}nPrintPassIndex{4}nProcLayerIndex{14}nPrtDataMemAddr{0}nPrtState{0}nReverse{System.Int32[]}nRevPrtCols{0}
LPPRINTER_INFO-LPDRVINFO:nFMVersion{45074}nFpgaVersion{539038216}nPCBVersion{0}nState{0}nNextState{0}nPtvwarnState{0}nCrc32{0}nRevInfo{System.UInt32[]}nSignature{0}
2023-07-08 15:39:09,467 [AppLog] INFO : 创建：AutoPrintMotion1=》不需重新创建-手动操作！
2023-07-08 15:39:09,467 [AppLog] INFO : 进入：EquipmentMotionLogic3=》准备创建对象-手动操作！
2023-07-08 15:39:09,467 [AppLog] INFO : 进入：EquipmentMotionLogic3=》不需重新创建-手动操作！
2023-07-08 15:39:09,467 [AppLog] INFO : 进入：EquipmentMotionLogic3=》赋值完成自-AutoPrintMotion2！
2023-07-08 15:39:09,467 [AppLog] INFO : 进入：EquipmentMotionLogic3=》加载配置文件-LoadJsonFile成功！
2023-07-08 15:39:09,467 [AppLog] INFO : 进入：AutoPrintThread3！
2023-07-08 15:39:09,467 [AppLog] INFO : 准备读取编码器位置：X方向！
2023-07-08 15:39:09,467 [AppLog] INFO : 准备运动，当前位置：DEV_GetPrintEncoderValue：MoveDirectionFlag{false为Y方向：False}CurrentPos{423.415}AimPos{25}
2023-07-08 15:39:09,514 [AppLog] INFO : X方向运动开始：DEM_Run：返回值{True}nAxis{0}DirFlag{False}nSpeed{300000}MoveStep{-398415}nCtlValue{2}
2023-07-08 15:39:11,402 [AppLog] INFO : X方向到位停止：DEM_StopAxisRun：返回值{True}CurrentPos{30.855}bImmeStop{False}nAxisMask{1}
2023-07-08 15:39:11,402 [AppLog] INFO : 准备读取编码器位置：Y方向！
2023-07-08 15:39:11,402 [AppLog] INFO : 准备运动，编码器当前位置：DEM_GetAxisEncodeVal：MoveDirectionFlag{false为Y方向：True}CurrentPos{199.07}AimPos{209.021166666667}
2023-07-08 15:39:11,542 [AppLog] INFO : Y方向运动开始：DEM_Run：返回值{True}nAxis{1}DirFlag{True}nSpeed{300000}MoveStep{9969.98432283333}nCtlValue{1}
2023-07-08 15:39:11,604 [AppLog] INFO : Y方向到位停止：DEM_StopAxisRun：返回值{True}CurrentPos{207.975}bImmeStop{False}nAxisMask{2}
2023-07-08 15:39:11,604 [AppLog] INFO : 获取打印Pass数据：IDP_GetPassItem2：nLayerIndex{5}nPassID{5}nProcState{3}LPPassDataItemb:PrtDir{True}nDataTxCompleteCnt{1}nHwMemAdrMatchMask{1}nLayerIndex{5}nLayerPassCount{6}nLayerPassIndex{5}nMinJet0ImgLinePos{6755}nPrtMemHwAddr{System.UInt32[]}nPrtDataOffset{System.UInt32[]}nSrcDataSize{System.UInt32[]}nPrtColBytes{System.UInt32[]}nPrtPrecession{10.666}nSrcEndCols{6000}nSrcStartCols{0}nStartEncPos{10000}nValidPassJets{1280}nValidPrtCols{6233}nValidPrtCtlCnts{1}pDataBuf{0}pNextItem{0}
2023-07-08 15:39:11,620 [AppLog] INFO : 使能Pass打印成功：IDP_DoPassPrint2：nLayerIndex{5}nPassID{5}
2023-07-08 15:39:11,620 [AppLog] INFO : PASS打印前关键状态：DEV_GetDeviceInfo：nLayerIndex{5}nPassID{5}LPPRINTER_INFO:nXSysEncDPI{5080}nStatus{909129520}nPrintStatus{0}bSuperDevice{1}
LPPRINTER_INFO-LPPrtRunInfo:bJobPrtRuning{True}bLayerPrtIsOver{False}nContReqMemErr{0}nContWDErr{0}nCurPrtDir{0}nDTLayerIndex{14}nDTLayerPassIndex{5}nDTPtrCtlIndex{0}nLayerPassCount{6}nPrintLayerIndex{5}nPrintPassIndex{5}nProcLayerIndex{14}nPrtDataMemAddr{0}nPrtState{0}nReverse{System.Int32[]}nRevPrtCols{0}
LPPRINTER_INFO-LPDRVINFO:nFMVersion{45074}nFpgaVersion{539038216}nPCBVersion{0}nState{0}nNextState{0}nPtvwarnState{0}nCrc32{0}nRevInfo{System.UInt32[]}nSignature{0}
2023-07-08 15:39:11,620 [AppLog] INFO : 创建：AutoPrintMotion1=》不需重新创建-手动操作！
2023-07-08 15:39:11,620 [AppLog] INFO : 进入：EquipmentMotionLogic3=》准备创建对象-手动操作！
2023-07-08 15:39:11,620 [AppLog] INFO : 进入：EquipmentMotionLogic3=》不需重新创建-手动操作！
2023-07-08 15:39:11,620 [AppLog] INFO : 进入：EquipmentMotionLogic3=》赋值完成自-AutoPrintMotion2！
2023-07-08 15:39:11,620 [AppLog] INFO : 进入：EquipmentMotionLogic3=》加载配置文件-LoadJsonFile成功！
2023-07-08 15:39:11,620 [AppLog] INFO : 进入：AutoPrintThread3！
2023-07-08 15:39:11,620 [AppLog] INFO : 准备读取编码器位置：X方向！
2023-07-08 15:39:11,620 [AppLog] INFO : 准备运动，当前位置：DEV_GetPrintEncoderValue：MoveDirectionFlag{false为Y方向：False}CurrentPos{26.595}AimPos{425}
2023-07-08 15:39:11,651 [AppLog] INFO : X方向运动开始：DEM_Run：返回值{True}nAxis{0}DirFlag{True}nSpeed{300000}MoveStep{398405}nCtlValue{2}
2023-07-08 15:39:13,539 [AppLog] INFO : X方向到位停止：DEM_StopAxisRun：返回值{True}CurrentPos{418.945}bImmeStop{False}nAxisMask{1}
2023-07-08 15:39:13,539 [AppLog] INFO : 准备读取编码器位置：X方向！
2023-07-08 15:39:13,539 [AppLog] INFO : 准备运动，当前位置：DEV_GetPrintEncoderValue：MoveDirectionFlag{false为Y方向：False}CurrentPos{419.055}AimPos{780}
2023-07-08 15:39:13,570 [AppLog] INFO : X方向运动开始：DEM_Run：返回值{True}nAxis{0}DirFlag{True}nSpeed{300000}MoveStep{360945}nCtlValue{2}
2023-07-08 15:39:13,632 [AppLog] INFO : 准备读取编码器位置：Y方向！
2023-07-08 15:39:13,632 [AppLog] INFO : 准备运动，编码器当前位置：DEM_GetAxisEncodeVal：MoveDirectionFlag{false为Y方向：True}CurrentPos{209}AimPos{121}
2023-07-08 15:39:13,991 [AppLog] INFO : Y方向运动开始：DEM_Run：返回值{True}nAxis{1}DirFlag{False}nSpeed{300000}MoveStep{-88166.408}nCtlValue{1}
2023-07-08 15:39:15,317 [AppLog] INFO : Y方向到位等停：DEM_StopAxisRun：返回值{True}bImmeStop{False}nAxisMask{1}
2023-07-08 15:39:15,317 [AppLog] INFO : X方向到位等停：DEM_StopAxisRun：返回值{True}bImmeStop{False}nAxisMask{2}
2023-07-08 15:39:15,333 [AppLog] INFO : 开启闪喷操作：IDP_FlashPrtCtl：返回值{True}
2023-07-08 15:39:15,333 [AppLog] INFO : 进入：EquipmentMotionLogic3=》准备创建对象-手动操作！
2023-07-08 15:39:15,333 [AppLog] INFO : 进入：EquipmentMotionLogic3=》不需重新创建-手动操作！
2023-07-08 15:39:15,333 [AppLog] INFO : 进入：EquipmentMotionLogic3=》赋值完成自-AutoPrintMotion2！
2023-07-08 15:39:15,333 [AppLog] INFO : 进入：EquipmentMotionLogic3=》加载配置文件-LoadJsonFile成功！
2023-07-08 15:39:15,333 [AppLog] INFO : 进入自动铺粉逻辑：NewAutoSupplyPowderThread2
2023-07-08 15:39:15,333 [AppLog] INFO : 电气控制模块：手动打开端口14
2023-07-08 15:39:15,333 [AppLog] INFO : 电气控制模块：手动打开端口15
2023-07-08 15:39:15,411 [AppLog] INFO : 手动正向点动指令（8轴运控板卡系统） ====》：输出AXIS{第1轴},点动量{-0.1MM},运动速度{2MM/s}
2023-07-08 15:39:15,411 [AppLog] INFO : 成形面高度下降层厚 TrapSpace{0.1mm}：TrapMoveUp(1, true, Convert.ToString(vel), Convert.ToString(TrapSpace), true, true）
2023-07-08 15:39:16,175 [AppLog] INFO : 手动正向点动指令（8轴运控板卡系统） ====》：输出AXIS{第1轴},点动量{-1.5MM},运动速度{2MM/s}
2023-07-08 15:39:16,175 [AppLog] INFO : 成形面高度下降指定厚度 TrapSpace{1.5mm}：TrapMoveUp(1, true, Convert.ToString(vel), Convert.ToString(TrapSpace), true, true）
2023-07-08 15:39:16,955 [AppLog] INFO : 手动正向点动指令（8轴运控板卡系统） ====》：输出AXIS{第1轴},点动量{1.5MM},运动速度{2MM/s}
2023-07-08 15:39:16,955 [AppLog] INFO : 电气控制模块：手动关闭端口15
2023-07-08 15:39:16,955 [AppLog] INFO : 电气控制模块：手动关闭端口14
2023-07-08 15:39:16,955 [AppLog] INFO : 成形面高度上升层厚 TrapSpace{1.5mm}：TrapMoveUp(1, true, Convert.ToString(vel), Convert.ToString(TrapSpace), true, true）
2023-07-08 15:39:17,205 [AppLog] INFO : 手动正向点动指令（8轴运控板卡系统） ====》：输出AXIS{第8轴},点动量{0.6MM},运动速度{2.5MM/s}
2023-07-08 15:39:17,205 [AppLog] INFO : Hopper落粉轴转2圈落粉，速度0.5rev/s：TrapMoveUp(8, true, 0.5, rotateNuM.ToString(), true, false)
2023-07-08 15:39:18,219 [AppLog] INFO : 开启铺粉车不等停运动，准备运动至准备打印位置215mm，速度250mm/s：BackToStation2
2023-07-08 15:39:19,077 [AppLog] INFO : 手动正向点动指令（8轴运控板卡系统） ====》：输出AXIS{第2轴},点动量{216.5MM},运动速度{250MM/s}
2023-07-08 15:39:19,077 [AppLog] INFO : 当前铺粉车位置：打印位置215mm
2023-07-08 15:39:19,077 [AppLog] INFO : 手动正向点动指令（8轴运控板卡系统） ====》：输出AXIS{第2轴},点动量{480MM},运动速度{25MM/s}
2023-07-08 15:39:19,077 [AppLog] INFO : 开启铺粉车不等停运动至准备打印位置695mm，速度25mm/s：BackToStation2
2023-07-08 15:39:19,202 [AppLog] INFO : 打开IR灯：OpenIRLamp(true)
2023-07-08 15:39:19,342 [AppLog] INFO : 手动正向点动指令（8轴运控板卡系统） ====》：输出AXIS{第3轴},点动量{0.125MM},运动速度{1MM/s}
2023-07-08 15:39:19,342 [AppLog] INFO : 在{40mm}处，落粉轴运动{45度}，落粉轴转速{1rev/s}：TrapMoveUp(3, true, Convert.ToString(DispenseRollerSpeed), 0.5, true, true)
2023-07-08 15:39:19,342 [AppLog] INFO : 手动正向点动指令（8轴运控板卡系统） ====》：输出AXIS{第3轴},点动量{0.5MM},运动速度{0.0376712328767123MM/s}
2023-07-08 15:39:19,342 [AppLog] INFO : 开启均匀落粉及辊子铺平运动：TrapMoveUp(3, true, Convert.ToString(DispenseRollerSpeed), 0.5, true, true)
2023-07-08 15:39:30,995 [AppLog] INFO : 关闭IR灯：OpenIRLamp(false)
2023-07-08 15:39:35,550 [AppLog] INFO : 手动正向点动指令（8轴运控板卡系统） ====》：输出AXIS{第3轴},点动量{0.5MM},运动速度{2MM/s}
2023-07-08 15:39:35,550 [AppLog] INFO : 落粉轴继续转动以倒掉余粉：TrapMoveUp(3, true, 2, 0.5, true, false)
2023-07-08 15:39:38,280 [AppLog] INFO : 电气控制模块：手动打开端口14
2023-07-08 15:39:38,280 [AppLog] INFO : 电气控制模块：手动打开端口15
2023-07-08 15:39:39,060 [AppLog] INFO : 手动正向点动指令（8轴运控板卡系统） ====》：输出AXIS{第1轴},点动量{-1.5MM},运动速度{2MM/s}
2023-07-08 15:39:39,060 [AppLog] INFO : 电气控制模块：手动关闭端口15
2023-07-08 15:39:39,060 [AppLog] INFO : 电气控制模块：手动关闭端口14
2023-07-08 15:39:39,060 [AppLog] INFO : 成形面高度下降指定厚度 TrapSpace{1.5mm}：TrapMoveUp(1, true, Convert.ToString(vel), Convert.ToString(TrapSpace), true, true）
2023-07-08 15:39:39,419 [AppLog] INFO : 进入手动调试子模块！
2023-07-08 15:39:39,419 [AppLog] INFO : 进入：ManulBtn_Click=》准备创建对象-手动操作！
2023-07-08 15:39:39,466 [AppLog] INFO : 创建：ManualControl=》创建完成-手动操作！
2023-07-08 15:39:39,466 [AppLog] INFO : 加载成功：温控Modbus接口！
2023-07-08 15:39:41,853 [AppLog] INFO : 手动正向点动指令（8轴运控板卡系统） ====》：输出AXIS{第2轴},点动量{-696.5MM},运动速度{250MM/s}
2023-07-08 15:39:41,853 [AppLog] INFO : 铺粉车返回至站1：BackToStation2(AimPos, MovSpeed, true)：-1.5mm，速度250mm/s：BackToStation2
2023-07-08 15:39:42,633 [AppLog] INFO : 落粉轴回零成功：motionMap.SetBackSpreaderAxis(3, 0.5, 2, -SinkPosition)：ReturnCode{True}
2023-07-08 15:39:42,633 [AppLog] INFO : 电气控制模块：手动打开端口14
2023-07-08 15:39:42,633 [AppLog] INFO : 电气控制模块：手动打开端口15
2023-07-08 15:39:43,397 [AppLog] INFO : 手动正向点动指令（8轴运控板卡系统） ====》：输出AXIS{第1轴},点动量{1.5MM},运动速度{2MM/s}
2023-07-08 15:39:43,397 [AppLog] INFO : 电气控制模块：手动关闭端口15
2023-07-08 15:39:43,397 [AppLog] INFO : 电气控制模块：手动关闭端口14
2023-07-08 15:39:43,397 [AppLog] INFO : 成形面高度上升层厚 TrapSpace{1.5mm}：TrapMoveUp(1, true, Convert.ToString(vel), Convert.ToString(TrapSpace), true, true）
2023-07-08 15:39:43,397 [AppLog] INFO : 自动铺粉正常结束：NewAutoSupplyPowderThread2
2023-07-08 15:39:43,397 [AppLog] INFO : 发送监控指令，拍照记录1条：SendMessageFromSharedMemory
2023-07-08 15:39:43,397 [AppLog] INFO : 铺粉模式：铺粉固化同时进行！
2023-07-08 15:39:43,397 [AppLog] INFO : 执行完成铺粉固化操作：EquipmentMotionLogic3：m_bApplyPowderSupplyMotion:0
2023-07-08 15:39:43,397 [AppLog] INFO : 接收到恢复打印指令：PrintTaskTHREAD
2023-07-08 15:39:43,397 [AppLog] INFO : 获取打印Pass数据：IDP_GetPassItem2：nLayerIndex{6}nPassID{0}nProcState{3}LPPassDataItemb:PrtDir{False}nDataTxCompleteCnt{1}nHwMemAdrMatchMask{1}nLayerIndex{6}nLayerPassCount{6}nLayerPassIndex{0}nMinJet0ImgLinePos{355}nPrtMemHwAddr{System.UInt32[]}nPrtDataOffset{System.UInt32[]}nSrcDataSize{System.UInt32[]}nPrtColBytes{System.UInt32[]}nPrtPrecession{10.666}nSrcEndCols{6000}nSrcStartCols{0}nStartEncPos{76511}nValidPassJets{1280}nValidPrtCols{6233}nValidPrtCtlCnts{1}pDataBuf{0}pNextItem{668505120}
2023-07-08 15:39:43,413 [AppLog] INFO : 使能Pass打印成功：IDP_DoPassPrint2：nLayerIndex{6}nPassID{0}
2023-07-08 15:39:43,413 [AppLog] INFO : PASS打印前关键状态：DEV_GetDeviceInfo：nLayerIndex{6}nPassID{0}LPPRINTER_INFO:nXSysEncDPI{5080}nStatus{909129520}nPrintStatus{0}bSuperDevice{1}
LPPRINTER_INFO-LPPrtRunInfo:bJobPrtRuning{True}bLayerPrtIsOver{False}nContReqMemErr{0}nContWDErr{0}nCurPrtDir{0}nDTLayerIndex{14}nDTLayerPassIndex{5}nDTPtrCtlIndex{0}nLayerPassCount{6}nPrintLayerIndex{6}nPrintPassIndex{0}nProcLayerIndex{14}nPrtDataMemAddr{0}nPrtState{0}nReverse{System.Int32[]}nRevPrtCols{0}
LPPRINTER_INFO-LPDRVINFO:nFMVersion{45074}nFpgaVersion{539038216}nPCBVersion{0}nState{0}nNextState{0}nPtvwarnState{0}nCrc32{0}nRevInfo{System.UInt32[]}nSignature{0}
2023-07-08 15:39:43,413 [AppLog] INFO : 创建：AutoPrintMotion1=》不需重新创建-手动操作！
2023-07-08 15:39:43,413 [AppLog] INFO : 进入：EquipmentMotionLogic3=》准备创建对象-手动操作！
2023-07-08 15:39:43,413 [AppLog] INFO : 进入：EquipmentMotionLogic3=》不需重新创建-手动操作！
2023-07-08 15:39:43,413 [AppLog] INFO : 进入：EquipmentMotionLogic3=》赋值完成自-AutoPrintMotion2！
2023-07-08 15:39:43,413 [AppLog] INFO : 进入：EquipmentMotionLogic3=》加载配置文件-LoadJsonFile成功！
2023-07-08 15:39:43,413 [AppLog] INFO : 进入自动清洗过程：AutoCleanThread
2023-07-08 15:39:43,538 [AppLog] INFO : 准备处理第14层数据：准备调用RenderToWic，index为14，subindex为0，g_nRePrintTimes为1，起始层为0
2023-07-08 15:39:43,600 [AppLog] INFO : 完成处理第14层数据：准备调用DrawLayerBMP，index为14，起始层为0
2023-07-08 15:39:43,600 [AppLog] INFO : 完成处理第14层数据：准备调用DrawLayerBMP，index为14，起始层为0
2023-07-08 15:39:43,787 [AppLog] INFO : 刮墨轴回零成功：motionMap.SetBackSpreaderAxis(4, 1, 2, -SinkHomePosition)
2023-07-08 15:39:43,787 [AppLog] INFO : 准备读取编码器位置：Y方向！
2023-07-08 15:39:43,787 [AppLog] INFO : 准备运动，编码器当前位置：DEM_GetAxisEncodeVal：MoveDirectionFlag{false为Y方向：True}CurrentPos{121.045}AimPos{116}
2023-07-08 15:39:43,912 [AppLog] INFO : Y方向运动开始：DEM_Run：返回值{True}nAxis{1}DirFlag{False}nSpeed{300000}MoveStep{-5054.540095}nCtlValue{1}
2023-07-08 15:39:43,974 [AppLog] INFO : 作业写入成功：IDP_WriteImgLayerData：bpp:{1bit}灰阶:{1阶}nLayerIndex{15}LayerIndex{14}SubIndex{1}RePrintTimes{1}nBytesPerLine{752}nWidth{6001}nHeight{7680}nXEncOff{0}nYJetOff{355}nImgStartJetIndex{0}nXDPI{476.25}nYDPI{600}nPrtDir{0} nPrtFlag{1}nColorCnts{1}nReserved{System.Int32[]}
2023-07-08 15:39:43,974 [AppLog] INFO : 完成处理第14层数据：准备调用RenderToWic，index为14，subindex为0，g_nRePrintTimes为1，起始层为0
2023-07-08 15:39:43,974 [AppLog] INFO : Y方向到位停止：DEM_StopAxisRun：返回值{True}CurrentPos{116.38}bImmeStop{False}nAxisMask{2}
2023-07-08 15:39:43,974 [AppLog] INFO : 准备读取编码器位置：X方向！
2023-07-08 15:39:43,990 [AppLog] INFO : 准备运动，当前位置：DEV_GetPrintEncoderValue：MoveDirectionFlag{false为Y方向：False}CurrentPos{784.29}AimPos{780}
2023-07-08 15:39:44,021 [AppLog] INFO : X方向运动开始：DEM_Run：返回值{True}nAxis{0}DirFlag{False}nSpeed{300000}MoveStep{-4289.99999999996}nCtlValue{2}
2023-07-08 15:39:44,193 [AppLog] INFO : X方向到位停止：DEM_StopAxisRun：返回值{True}CurrentPos{783.045}bImmeStop{False}nAxisMask{1}
2023-07-08 15:39:45,410 [AppLog] INFO : 开启手动清洗挤墨喷头，DEV_EnableTimer: 端口{11}，清洗控制周期：{0.5}S,{0.5}S
2023-07-08 15:39:46,424 [AppLog] INFO : 关闭手动清洗挤墨喷头：DEV_EnableTimer
2023-07-08 15:39:46,424 [AppLog] INFO : 压墨等待开启：{1.5S}
2023-07-08 15:39:47,937 [AppLog] INFO : 压墨等待完成：{1.5S}
2023-07-08 15:39:47,937 [AppLog] INFO : 准备读取编码器位置：X方向！
2023-07-08 15:39:47,937 [AppLog] INFO : 准备运动，当前位置：DEV_GetPrintEncoderValue：MoveDirectionFlag{false为Y方向：False}CurrentPos{780.375}AimPos{680}
2023-07-08 15:39:47,968 [AppLog] INFO : X方向运动开始：DEM_Run：返回值{True}nAxis{0}DirFlag{False}nSpeed{200000}MoveStep{-100375}nCtlValue{2}
2023-07-08 15:39:48,826 [AppLog] INFO : X方向到位停止：DEM_StopAxisRun：返回值{True}CurrentPos{683.925}bImmeStop{False}nAxisMask{1}
2023-07-08 15:39:49,403 [AppLog] INFO : 结束自动清洗过程：AutoCleanThread
2023-07-08 15:39:49,403 [AppLog] INFO : 进入：EquipmentMotionLogic3=》准备创建对象-手动操作！
2023-07-08 15:39:49,403 [AppLog] INFO : 进入：EquipmentMotionLogic3=》不需重新创建-手动操作！
2023-07-08 15:39:49,403 [AppLog] INFO : 进入：EquipmentMotionLogic3=》赋值完成自-AutoPrintMotion2！
2023-07-08 15:39:49,403 [AppLog] INFO : 进入：EquipmentMotionLogic3=》加载配置文件-LoadJsonFile成功！
2023-07-08 15:39:49,403 [AppLog] INFO : 进入：AutoPrintThread3！
2023-07-08 15:39:49,403 [AppLog] INFO : 关闭闪喷操作：IDP_FlashPrtCtl：返回值{True}
2023-07-08 15:39:49,403 [AppLog] INFO : 准备读取编码器位置：Y方向！
2023-07-08 15:39:49,403 [AppLog] INFO : 准备运动，编码器当前位置：DEM_GetAxisEncodeVal：MoveDirectionFlag{false为Y方向：True}CurrentPos{115.99}AimPos{93.5}
2023-07-08 15:39:49,559 [AppLog] INFO : Y方向运动开始：DEM_Run：返回值{True}nAxis{1}DirFlag{False}nSpeed{300000}MoveStep{-22532.52859}nCtlValue{1}
2023-07-08 15:39:49,622 [AppLog] INFO : 准备读取编码器位置：X方向！
2023-07-08 15:39:49,622 [AppLog] INFO : 准备运动，当前位置：DEV_GetPrintEncoderValue：MoveDirectionFlag{false为Y方向：False}CurrentPos{680.195}AimPos{425}
2023-07-08 15:39:49,653 [AppLog] INFO : X方向运动开始：DEM_Run：返回值{True}nAxis{0}DirFlag{False}nSpeed{300000}MoveStep{-255195}nCtlValue{2}
2023-07-08 15:39:51,057 [AppLog] INFO : X方向到位停止：DEM_StopAxisRun：返回值{True}CurrentPos{429.005}bImmeStop{False}nAxisMask{1}
2023-07-08 15:39:51,057 [AppLog] INFO : 准备读取编码器位置：X方向！
2023-07-08 15:39:51,057 [AppLog] INFO : 准备运动，当前位置：DEV_GetPrintEncoderValue：MoveDirectionFlag{false为Y方向：False}CurrentPos{428.84}AimPos{25}
2023-07-08 15:39:51,088 [AppLog] INFO : X方向运动开始：DEM_Run：返回值{True}nAxis{0}DirFlag{False}nSpeed{300000}MoveStep{-403840}nCtlValue{2}
2023-07-08 15:39:52,991 [AppLog] INFO : X方向到位停止：DEM_StopAxisRun：返回值{True}CurrentPos{25.49}bImmeStop{False}nAxisMask{1}
2023-07-08 15:39:52,991 [AppLog] INFO : 准备读取编码器位置：Y方向！
2023-07-08 15:39:52,991 [AppLog] INFO : 准备运动，编码器当前位置：DEM_GetAxisEncodeVal：MoveDirectionFlag{false为Y方向：True}CurrentPos{93.5}AimPos{98.5211666666667}
2023-07-08 15:39:53,116 [AppLog] INFO : Y方向运动开始：DEM_Run：返回值{True}nAxis{1}DirFlag{True}nSpeed{300000}MoveStep{5030.66169283334}nCtlValue{1}
2023-07-08 15:39:53,178 [AppLog] INFO : Y方向到位停止：DEM_StopAxisRun：返回值{True}CurrentPos{97.8}bImmeStop{False}nAxisMask{2}
2023-07-08 15:39:53,178 [AppLog] INFO : 获取打印Pass数据：IDP_GetPassItem2：nLayerIndex{6}nPassID{1}nProcState{3}LPPassDataItemb:PrtDir{True}nDataTxCompleteCnt{1}nHwMemAdrMatchMask{1}nLayerIndex{6}nLayerPassCount{6}nLayerPassIndex{1}nMinJet0ImgLinePos{1635}nPrtMemHwAddr{System.UInt32[]}nPrtDataOffset{System.UInt32[]}nSrcDataSize{System.UInt32[]}nPrtColBytes{System.UInt32[]}nPrtPrecession{10.666}nSrcEndCols{6000}nSrcStartCols{0}nStartEncPos{10000}nValidPassJets{1280}nValidPrtCols{6233}nValidPrtCtlCnts{1}pDataBuf{0}pNextItem{668505280}
2023-07-08 15:39:53,178 [AppLog] INFO : 使能Pass打印成功：IDP_DoPassPrint2：nLayerIndex{6}nPassID{1}
2023-07-08 15:39:53,194 [AppLog] INFO : PASS打印前关键状态：DEV_GetDeviceInfo：nLayerIndex{6}nPassID{1}LPPRINTER_INFO:nXSysEncDPI{5080}nStatus{909129520}nPrintStatus{0}bSuperDevice{1}
LPPRINTER_INFO-LPPrtRunInfo:bJobPrtRuning{True}bLayerPrtIsOver{False}nContReqMemErr{0}nContWDErr{0}nCurPrtDir{0}nDTLayerIndex{15}nDTLayerPassIndex{5}nDTPtrCtlIndex{0}nLayerPassCount{6}nPrintLayerIndex{6}nPrintPassIndex{1}nProcLayerIndex{15}nPrtDataMemAddr{0}nPrtState{0}nReverse{System.Int32[]}nRevPrtCols{0}
LPPRINTER_INFO-LPDRVINFO:nFMVersion{45074}nFpgaVersion{539038216}nPCBVersion{0}nState{0}nNextState{0}nPtvwarnState{0}nCrc32{0}nRevInfo{System.UInt32[]}nSignature{0}
2023-07-08 15:39:53,194 [AppLog] INFO : 创建：AutoPrintMotion1=》不需重新创建-手动操作！
2023-07-08 15:39:53,194 [AppLog] INFO : 进入：EquipmentMotionLogic3=》准备创建对象-手动操作！
2023-07-08 15:39:53,194 [AppLog] INFO : 进入：EquipmentMotionLogic3=》不需重新创建-手动操作！
2023-07-08 15:39:53,194 [AppLog] INFO : 进入：EquipmentMotionLogic3=》赋值完成自-AutoPrintMotion2！
2023-07-08 15:39:53,194 [AppLog] INFO : 进入：EquipmentMotionLogic3=》加载配置文件-LoadJsonFile成功！
2023-07-08 15:39:53,194 [AppLog] INFO : 进入：AutoPrintThread3！
2023-07-08 15:39:53,194 [AppLog] INFO : 准备读取编码器位置：X方向！
2023-07-08 15:39:53,194 [AppLog] INFO : 准备运动，当前位置：DEV_GetPrintEncoderValue：MoveDirectionFlag{false为Y方向：False}CurrentPos{22.29}AimPos{425}
2023-07-08 15:39:53,225 [AppLog] INFO : X方向运动开始：DEM_Run：返回值{True}nAxis{0}DirFlag{True}nSpeed{300000}MoveStep{402710}nCtlValue{2}
2023-07-08 15:39:55,113 [AppLog] INFO : X方向到位停止：DEM_StopAxisRun：返回值{True}CurrentPos{419.51}bImmeStop{False}nAxisMask{1}
2023-07-08 15:39:55,113 [AppLog] INFO : 准备读取编码器位置：Y方向！
2023-07-08 15:39:55,113 [AppLog] INFO : 准备运动，编码器当前位置：DEM_GetAxisEncodeVal：MoveDirectionFlag{false为Y方向：True}CurrentPos{98.5}AimPos{147.5}
2023-07-08 15:39:55,347 [AppLog] INFO : Y方向运动开始：DEM_Run：返回值{True}nAxis{1}DirFlag{True}nSpeed{300000}MoveStep{49092.659}nCtlValue{1}
2023-07-08 15:39:55,409 [AppLog] INFO : Y方向到位停止：DEM_StopAxisRun：返回值{True}CurrentPos{142.29}bImmeStop{False}nAxisMask{2}
2023-07-08 15:39:55,409 [AppLog] INFO : 获取打印Pass数据：IDP_GetPassItem2：nLayerIndex{6}nPassID{2}nProcState{3}LPPassDataItemb:PrtDir{False}nDataTxCompleteCnt{1}nHwMemAdrMatchMask{1}nLayerIndex{6}nLayerPassCount{6}nLayerPassIndex{2}nMinJet0ImgLinePos{2915}nPrtMemHwAddr{System.UInt32[]}nPrtDataOffset{System.UInt32[]}nSrcDataSize{System.UInt32[]}nPrtColBytes{System.UInt32[]}nPrtPrecession{10.666}nSrcEndCols{6000}nSrcStartCols{0}nStartEncPos{76511}nValidPassJets{1280}nValidPrtCols{6233}nValidPrtCtlCnts{1}pDataBuf{0}pNextItem{668505440}
2023-07-08 15:39:55,425 [AppLog] INFO : 使能Pass打印成功：IDP_DoPassPrint2：nLayerIndex{6}nPassID{2}
2023-07-08 15:39:55,425 [AppLog] INFO : PASS打印前关键状态：DEV_GetDeviceInfo：nLayerIndex{6}nPassID{2}LPPRINTER_INFO:nXSysEncDPI{5080}nStatus{909129520}nPrintStatus{0}bSuperDevice{1}
LPPRINTER_INFO-LPPrtRunInfo:bJobPrtRuning{True}bLayerPrtIsOver{False}nContReqMemErr{0}nContWDErr{0}nCurPrtDir{0}nDTLayerIndex{15}nDTLayerPassIndex{5}nDTPtrCtlIndex{0}nLayerPassCount{6}nPrintLayerIndex{6}nPrintPassIndex{2}nProcLayerIndex{15}nPrtDataMemAddr{0}nPrtState{0}nReverse{System.Int32[]}nRevPrtCols{0}
LPPRINTER_INFO-LPDRVINFO:nFMVersion{45074}nFpgaVersion{539038216}nPCBVersion{0}nState{0}nNextState{0}nPtvwarnState{0}nCrc32{0}nRevInfo{System.UInt32[]}nSignature{0}
2023-07-08 15:39:55,425 [AppLog] INFO : 创建：AutoPrintMotion1=》不需重新创建-手动操作！
2023-07-08 15:39:55,425 [AppLog] INFO : 进入：EquipmentMotionLogic3=》准备创建对象-手动操作！
2023-07-08 15:39:55,425 [AppLog] INFO : 进入：EquipmentMotionLogic3=》不需重新创建-手动操作！
2023-07-08 15:39:55,425 [AppLog] INFO : 进入：EquipmentMotionLogic3=》赋值完成自-AutoPrintMotion2！
2023-07-08 15:39:55,425 [AppLog] INFO : 进入：EquipmentMotionLogic3=》加载配置文件-LoadJsonFile成功！
2023-07-08 15:39:55,425 [AppLog] INFO : 进入：AutoPrintThread3！
2023-07-08 15:39:55,425 [AppLog] INFO : 准备读取编码器位置：X方向！
2023-07-08 15:39:55,425 [AppLog] INFO : 准备运动，当前位置：DEV_GetPrintEncoderValue：MoveDirectionFlag{false为Y方向：False}CurrentPos{423.34}AimPos{25}
2023-07-08 15:39:55,456 [AppLog] INFO : X方向运动开始：DEM_Run：返回值{True}nAxis{0}DirFlag{False}nSpeed{300000}MoveStep{-398340}nCtlValue{2}
2023-07-08 15:39:57,328 [AppLog] INFO : X方向到位停止：DEM_StopAxisRun：返回值{True}CurrentPos{30.76}bImmeStop{False}nAxisMask{1}
2023-07-08 15:39:57,328 [AppLog] INFO : 准备读取编码器位置：Y方向！
2023-07-08 15:39:57,328 [AppLog] INFO : 准备运动，编码器当前位置：DEM_GetAxisEncodeVal：MoveDirectionFlag{false为Y方向：True}CurrentPos{147.46}AimPos{152.521166666667}
2023-07-08 15:39:57,453 [AppLog] INFO : Y方向运动开始：DEM_Run：返回值{True}nAxis{1}DirFlag{True}nSpeed{300000}MoveStep{5070.73733283332}nCtlValue{1}
2023-07-08 15:39:57,515 [AppLog] INFO : Y方向到位停止：DEM_StopAxisRun：返回值{True}CurrentPos{151.89}bImmeStop{False}nAxisMask{2}
2023-07-08 15:39:57,515 [AppLog] INFO : 获取打印Pass数据：IDP_GetPassItem2：nLayerIndex{6}nPassID{3}nProcState{3}LPPassDataItemb:PrtDir{True}nDataTxCompleteCnt{1}nHwMemAdrMatchMask{1}nLayerIndex{6}nLayerPassCount{6}nLayerPassIndex{3}nMinJet0ImgLinePos{4195}nPrtMemHwAddr{System.UInt32[]}nPrtDataOffset{System.UInt32[]}nSrcDataSize{System.UInt32[]}nPrtColBytes{System.UInt32[]}nPrtPrecession{10.666}nSrcEndCols{6000}nSrcStartCols{0}nStartEncPos{10000}nValidPassJets{1280}nValidPrtCols{6233}nValidPrtCtlCnts{1}pDataBuf{0}pNextItem{668505600}
2023-07-08 15:39:57,531 [AppLog] INFO : 使能Pass打印成功：IDP_DoPassPrint2：nLayerIndex{6}nPassID{3}
2023-07-08 15:39:57,531 [AppLog] INFO : PASS打印前关键状态：DEV_GetDeviceInfo：nLayerIndex{6}nPassID{3}LPPRINTER_INFO:nXSysEncDPI{5080}nStatus{909129520}nPrintStatus{0}bSuperDevice{1}
LPPRINTER_INFO-LPPrtRunInfo:bJobPrtRuning{True}bLayerPrtIsOver{False}nContReqMemErr{0}nContWDErr{0}nCurPrtDir{0}nDTLayerIndex{15}nDTLayerPassIndex{5}nDTPtrCtlIndex{0}nLayerPassCount{6}nPrintLayerIndex{6}nPrintPassIndex{3}nProcLayerIndex{15}nPrtDataMemAddr{0}nPrtState{0}nReverse{System.Int32[]}nRevPrtCols{0}
LPPRINTER_INFO-LPDRVINFO:nFMVersion{45074}nFpgaVersion{539038216}nPCBVersion{0}nState{0}nNextState{0}nPtvwarnState{0}nCrc32{0}nRevInfo{System.UInt32[]}nSignature{0}
2023-07-08 15:39:57,531 [AppLog] INFO : 创建：AutoPrintMotion1=》不需重新创建-手动操作！
2023-07-08 15:39:57,531 [AppLog] INFO : 进入：EquipmentMotionLogic3=》准备创建对象-手动操作！
2023-07-08 15:39:57,531 [AppLog] INFO : 进入：EquipmentMotionLogic3=》不需重新创建-手动操作！
2023-07-08 15:39:57,531 [AppLog] INFO : 进入：EquipmentMotionLogic3=》赋值完成自-AutoPrintMotion2！
2023-07-08 15:39:57,531 [AppLog] INFO : 进入：EquipmentMotionLogic3=》加载配置文件-LoadJsonFile成功！
2023-07-08 15:39:57,531 [AppLog] INFO : 进入：AutoPrintThread3！
2023-07-08 15:39:57,531 [AppLog] INFO : 准备读取编码器位置：X方向！
2023-07-08 15:39:57,546 [AppLog] INFO : 准备运动，当前位置：DEV_GetPrintEncoderValue：MoveDirectionFlag{false为Y方向：False}CurrentPos{26.615}AimPos{425}
2023-07-08 15:39:57,593 [AppLog] INFO : X方向运动开始：DEM_Run：返回值{True}nAxis{0}DirFlag{True}nSpeed{300000}MoveStep{398385}nCtlValue{2}
2023-07-08 15:39:59,465 [AppLog] INFO : X方向到位停止：DEM_StopAxisRun：返回值{True}CurrentPos{419.6}bImmeStop{False}nAxisMask{1}
2023-07-08 15:39:59,465 [AppLog] INFO : 准备读取编码器位置：Y方向！
2023-07-08 15:39:59,481 [AppLog] INFO : 准备运动，编码器当前位置：DEM_GetAxisEncodeVal：MoveDirectionFlag{false为Y方向：True}CurrentPos{152.54}AimPos{201.5}
2023-07-08 15:39:59,715 [AppLog] INFO : Y方向运动开始：DEM_Run：返回值{True}nAxis{1}DirFlag{True}nSpeed{300000}MoveStep{49052.58336}nCtlValue{1}
2023-07-08 15:39:59,793 [AppLog] INFO : Y方向到位停止：DEM_StopAxisRun：返回值{True}CurrentPos{199.4}bImmeStop{False}nAxisMask{2}
2023-07-08 15:39:59,793 [AppLog] INFO : 获取打印Pass数据：IDP_GetPassItem2：nLayerIndex{6}nPassID{4}nProcState{3}LPPassDataItemb:PrtDir{False}nDataTxCompleteCnt{1}nHwMemAdrMatchMask{1}nLayerIndex{6}nLayerPassCount{6}nLayerPassIndex{4}nMinJet0ImgLinePos{5475}nPrtMemHwAddr{System.UInt32[]}nPrtDataOffset{System.UInt32[]}nSrcDataSize{System.UInt32[]}nPrtColBytes{System.UInt32[]}nPrtPrecession{10.666}nSrcEndCols{6000}nSrcStartCols{0}nStartEncPos{76511}nValidPassJets{1280}nValidPrtCols{6233}nValidPrtCtlCnts{1}pDataBuf{0}pNextItem{668505760}
2023-07-08 15:39:59,808 [AppLog] INFO : 使能Pass打印成功：IDP_DoPassPrint2：nLayerIndex{6}nPassID{4}
2023-07-08 15:39:59,808 [AppLog] INFO : PASS打印前关键状态：DEV_GetDeviceInfo：nLayerIndex{6}nPassID{4}LPPRINTER_INFO:nXSysEncDPI{5080}nStatus{909129520}nPrintStatus{0}bSuperDevice{1}
LPPRINTER_INFO-LPPrtRunInfo:bJobPrtRuning{True}bLayerPrtIsOver{False}nContReqMemErr{0}nContWDErr{0}nCurPrtDir{0}nDTLayerIndex{15}nDTLayerPassIndex{5}nDTPtrCtlIndex{0}nLayerPassCount{6}nPrintLayerIndex{6}nPrintPassIndex{4}nProcLayerIndex{15}nPrtDataMemAddr{0}nPrtState{0}nReverse{System.Int32[]}nRevPrtCols{0}
LPPRINTER_INFO-LPDRVINFO:nFMVersion{45074}nFpgaVersion{539038216}nPCBVersion{0}nState{0}nNextState{0}nPtvwarnState{0}nCrc32{0}nRevInfo{System.UInt32[]}nSignature{0}
2023-07-08 15:39:59,808 [AppLog] INFO : 创建：AutoPrintMotion1=》不需重新创建-手动操作！
2023-07-08 15:39:59,808 [AppLog] INFO : 进入：EquipmentMotionLogic3=》准备创建对象-手动操作！
2023-07-08 15:39:59,808 [AppLog] INFO : 进入：EquipmentMotionLogic3=》不需重新创建-手动操作！
2023-07-08 15:39:59,808 [AppLog] INFO : 进入：EquipmentMotionLogic3=》赋值完成自-AutoPrintMotion2！
2023-07-08 15:39:59,808 [AppLog] INFO : 进入：EquipmentMotionLogic3=》加载配置文件-LoadJsonFile成功！
2023-07-08 15:39:59,808 [AppLog] INFO : 进入：AutoPrintThread3！
2023-07-08 15:39:59,808 [AppLog] INFO : 准备读取编码器位置：X方向！
2023-07-08 15:39:59,808 [AppLog] INFO : 准备运动，当前位置：DEV_GetPrintEncoderValue：MoveDirectionFlag{false为Y方向：False}CurrentPos{423.405}AimPos{25}
2023-07-08 15:39:59,871 [AppLog] INFO : X方向运动开始：DEM_Run：返回值{True}nAxis{0}DirFlag{False}nSpeed{300000}MoveStep{-398405}nCtlValue{2}
2023-07-08 15:40:00,511 [AppLog] INFO : 退出手动调试子模块，未执行修改
==========================================================================
2023-07-08 15:40:01,447 [AppLog] INFO : 进入JOB参数设置：修改前初始参数：灰度数据格式{1bits}打印灰阶{1阶}m_XPrintDpi{System.Single[]Dpi}墨车运动速度{300MM/s}X向起打位置{50MM}X向起打位置偏移{0MM}Y向起打位置偏移{15MM}
2023-07-08 15:40:01,759 [AppLog] INFO : X方向到位停止：DEM_StopAxisRun：返回值{True}CurrentPos{30.03}bImmeStop{False}nAxisMask{1}
2023-07-08 15:40:01,759 [AppLog] INFO : 准备读取编码器位置：Y方向！
2023-07-08 15:40:01,759 [AppLog] INFO : 准备运动，编码器当前位置：DEM_GetAxisEncodeVal：MoveDirectionFlag{false为Y方向：True}CurrentPos{201.525}AimPos{206.521166666667}
2023-07-08 15:40:01,883 [AppLog] INFO : Y方向运动开始：DEM_Run：返回值{True}nAxis{1}DirFlag{True}nSpeed{300000}MoveStep{5005.61441783332}nCtlValue{1}
2023-07-08 15:40:01,946 [AppLog] INFO : Y方向到位停止：DEM_StopAxisRun：返回值{True}CurrentPos{205.94}bImmeStop{False}nAxisMask{2}
2023-07-08 15:40:01,946 [AppLog] INFO : 获取打印Pass数据：IDP_GetPassItem2：nLayerIndex{6}nPassID{5}nProcState{3}LPPassDataItemb:PrtDir{True}nDataTxCompleteCnt{1}nHwMemAdrMatchMask{1}nLayerIndex{6}nLayerPassCount{6}nLayerPassIndex{5}nMinJet0ImgLinePos{6755}nPrtMemHwAddr{System.UInt32[]}nPrtDataOffset{System.UInt32[]}nSrcDataSize{System.UInt32[]}nPrtColBytes{System.UInt32[]}nPrtPrecession{10.666}nSrcEndCols{6000}nSrcStartCols{0}nStartEncPos{10000}nValidPassJets{1280}nValidPrtCols{6233}nValidPrtCtlCnts{1}pDataBuf{0}pNextItem{0}
2023-07-08 15:40:01,946 [AppLog] INFO : 使能Pass打印成功：IDP_DoPassPrint2：nLayerIndex{6}nPassID{5}
2023-07-08 15:40:01,961 [AppLog] INFO : PASS打印前关键状态：DEV_GetDeviceInfo：nLayerIndex{6}nPassID{5}LPPRINTER_INFO:nXSysEncDPI{5080}nStatus{909129520}nPrintStatus{0}bSuperDevice{1}
LPPRINTER_INFO-LPPrtRunInfo:bJobPrtRuning{True}bLayerPrtIsOver{False}nContReqMemErr{0}nContWDErr{0}nCurPrtDir{0}nDTLayerIndex{15}nDTLayerPassIndex{5}nDTPtrCtlIndex{0}nLayerPassCount{6}nPrintLayerIndex{6}nPrintPassIndex{5}nProcLayerIndex{15}nPrtDataMemAddr{0}nPrtState{0}nReverse{System.Int32[]}nRevPrtCols{0}
LPPRINTER_INFO-LPDRVINFO:nFMVersion{45074}nFpgaVersion{539038216}nPCBVersion{0}nState{0}nNextState{0}nPtvwarnState{0}nCrc32{0}nRevInfo{System.UInt32[]}nSignature{0}
2023-07-08 15:40:01,961 [AppLog] INFO : 创建：AutoPrintMotion1=》不需重新创建-手动操作！
2023-07-08 15:40:01,961 [AppLog] INFO : 进入：EquipmentMotionLogic3=》准备创建对象-手动操作！
2023-07-08 15:40:01,961 [AppLog] INFO : 进入：EquipmentMotionLogic3=》不需重新创建-手动操作！
2023-07-08 15:40:01,961 [AppLog] INFO : 进入：EquipmentMotionLogic3=》赋值完成自-AutoPrintMotion2！
2023-07-08 15:40:01,961 [AppLog] INFO : 进入：EquipmentMotionLogic3=》加载配置文件-LoadJsonFile成功！
2023-07-08 15:40:01,961 [AppLog] INFO : 进入：AutoPrintThread3！
2023-07-08 15:40:01,961 [AppLog] INFO : 准备读取编码器位置：X方向！
2023-07-08 15:40:01,961 [AppLog] INFO : 准备运动，当前位置：DEV_GetPrintEncoderValue：MoveDirectionFlag{false为Y方向：False}CurrentPos{26.565}AimPos{425}
2023-07-08 15:40:01,993 [AppLog] INFO : X方向运动开始：DEM_Run：返回值{True}nAxis{0}DirFlag{True}nSpeed{300000}MoveStep{398435}nCtlValue{2}
2023-07-08 15:40:03,880 [AppLog] INFO : X方向到位停止：DEM_StopAxisRun：返回值{True}CurrentPos{419.17}bImmeStop{False}nAxisMask{1}
2023-07-08 15:40:03,880 [AppLog] INFO : 准备读取编码器位置：X方向！
2023-07-08 15:40:03,880 [AppLog] INFO : 准备运动，当前位置：DEV_GetPrintEncoderValue：MoveDirectionFlag{false为Y方向：False}CurrentPos{419.355}AimPos{780}
2023-07-08 15:40:03,911 [AppLog] INFO : X方向运动开始：DEM_Run：返回值{True}nAxis{0}DirFlag{True}nSpeed{300000}MoveStep{360645}nCtlValue{2}
2023-07-08 15:40:03,974 [AppLog] INFO : 准备读取编码器位置：Y方向！
2023-07-08 15:40:03,974 [AppLog] INFO : 准备运动，编码器当前位置：DEM_GetAxisEncodeVal：MoveDirectionFlag{false为Y方向：True}CurrentPos{206.5}AimPos{121}
2023-07-08 15:40:04,317 [AppLog] INFO : Y方向运动开始：DEM_Run：返回值{True}nAxis{1}DirFlag{False}nSpeed{300000}MoveStep{-85661.6805}nCtlValue{1}
2023-07-08 15:40:05,659 [AppLog] INFO : Y方向到位等停：DEM_StopAxisRun：返回值{True}bImmeStop{False}nAxisMask{1}
2023-07-08 15:40:05,659 [AppLog] INFO : X方向到位等停：DEM_StopAxisRun：返回值{True}bImmeStop{False}nAxisMask{2}
2023-07-08 15:40:05,705 [AppLog] INFO : 开启闪喷操作：IDP_FlashPrtCtl：返回值{True}
2023-07-08 15:40:05,705 [AppLog] INFO : 进入：EquipmentMotionLogic3=》准备创建对象-手动操作！
2023-07-08 15:40:05,705 [AppLog] INFO : 进入：EquipmentMotionLogic3=》不需重新创建-手动操作！
2023-07-08 15:40:05,705 [AppLog] INFO : 进入：EquipmentMotionLogic3=》赋值完成自-AutoPrintMotion2！
2023-07-08 15:40:05,721 [AppLog] INFO : 进入：EquipmentMotionLogic3=》加载配置文件-LoadJsonFile成功！
2023-07-08 15:40:05,721 [AppLog] INFO : 进入自动铺粉逻辑：NewAutoSupplyPowderThread2
2023-07-08 15:40:05,721 [AppLog] INFO : 电气控制模块：手动打开端口14
2023-07-08 15:40:05,721 [AppLog] INFO : 电气控制模块：手动打开端口15
2023-07-08 15:40:05,783 [AppLog] INFO : 手动正向点动指令（8轴运控板卡系统） ====》：输出AXIS{第1轴},点动量{-0.1MM},运动速度{2MM/s}
2023-07-08 15:40:05,783 [AppLog] INFO : 成形面高度下降层厚 TrapSpace{0.1mm}：TrapMoveUp(1, true, Convert.ToString(vel), Convert.ToString(TrapSpace), true, true）
2023-07-08 15:40:06,563 [AppLog] INFO : 手动正向点动指令（8轴运控板卡系统） ====》：输出AXIS{第1轴},点动量{-1.5MM},运动速度{2MM/s}
2023-07-08 15:40:06,563 [AppLog] INFO : 成形面高度下降指定厚度 TrapSpace{1.5mm}：TrapMoveUp(1, true, Convert.ToString(vel), Convert.ToString(TrapSpace), true, true）
2023-07-08 15:40:07,343 [AppLog] INFO : 手动正向点动指令（8轴运控板卡系统） ====》：输出AXIS{第1轴},点动量{1.5MM},运动速度{2MM/s}
2023-07-08 15:40:07,343 [AppLog] INFO : 电气控制模块：手动关闭端口15
2023-07-08 15:40:07,343 [AppLog] INFO : 电气控制模块：手动关闭端口14
2023-07-08 15:40:07,343 [AppLog] INFO : 成形面高度上升层厚 TrapSpace{1.5mm}：TrapMoveUp(1, true, Convert.ToString(vel), Convert.ToString(TrapSpace), true, true）
2023-07-08 15:40:07,593 [AppLog] INFO : 手动正向点动指令（8轴运控板卡系统） ====》：输出AXIS{第8轴},点动量{0.6MM},运动速度{2.5MM/s}
2023-07-08 15:40:07,593 [AppLog] INFO : Hopper落粉轴转2圈落粉，速度0.5rev/s：TrapMoveUp(8, true, 0.5, rotateNuM.ToString(), true, false)
2023-07-08 15:40:07,624 [AppLog] INFO : 退出JOB参数设置：修改后参数：灰度数据格式{1bits}打印灰阶{1阶}m_XPrintDpi{63.5,95.25,127,158.75,190.5,222.25,254,285.75,317.5,349.25,381,412.75,444.5,476.25,508,539.75,571.5,603.25,635,666.75,698.5,730.25,762,793.75,825.5,857.25,889,920.75,952.5,1270,2540Dpi}当前打印任务选定DPI{476.25}墨车运动速度{300MM/s}X向起打位置{50MM}X向起打位置偏移{0MM}Y向起打位置偏移{15MM}
2023-07-08 15:40:08,607 [AppLog] INFO : 开启铺粉车不等停运动，准备运动至准备打印位置215mm，速度250mm/s：BackToStation2
2023-07-08 15:40:09,465 [AppLog] INFO : 手动正向点动指令（8轴运控板卡系统） ====》：输出AXIS{第2轴},点动量{216.5MM},运动速度{250MM/s}
2023-07-08 15:40:09,465 [AppLog] INFO : 当前铺粉车位置：打印位置215mm
2023-07-08 15:40:09,465 [AppLog] INFO : 手动正向点动指令（8轴运控板卡系统） ====》：输出AXIS{第2轴},点动量{480MM},运动速度{25MM/s}
2023-07-08 15:40:09,465 [AppLog] INFO : 开启铺粉车不等停运动至准备打印位置695mm，速度25mm/s：BackToStation2
2023-07-08 15:40:09,590 [AppLog] INFO : 打开IR灯：OpenIRLamp(true)
2023-07-08 15:40:09,730 [AppLog] INFO : 手动正向点动指令（8轴运控板卡系统） ====》：输出AXIS{第3轴},点动量{0.125MM},运动速度{1MM/s}
2023-07-08 15:40:09,730 [AppLog] INFO : 在{40mm}处，落粉轴运动{45度}，落粉轴转速{1rev/s}：TrapMoveUp(3, true, Convert.ToString(DispenseRollerSpeed), 0.5, true, true)
2023-07-08 15:40:09,730 [AppLog] INFO : 手动正向点动指令（8轴运控板卡系统） ====》：输出AXIS{第3轴},点动量{0.5MM},运动速度{0.0376712328767123MM/s}
2023-07-08 15:40:09,730 [AppLog] INFO : 开启均匀落粉及辊子铺平运动：TrapMoveUp(3, true, Convert.ToString(DispenseRollerSpeed), 0.5, true, true)
2023-07-08 15:40:21,383 [AppLog] INFO : 关闭IR灯：OpenIRLamp(false)
2023-07-08 15:40:25,939 [AppLog] INFO : 手动正向点动指令（8轴运控板卡系统） ====》：输出AXIS{第3轴},点动量{0.5MM},运动速度{2MM/s}
2023-07-08 15:40:25,939 [AppLog] INFO : 落粉轴继续转动以倒掉余粉：TrapMoveUp(3, true, 2, 0.5, true, false)
2023-07-08 15:40:28,669 [AppLog] INFO : 电气控制模块：手动打开端口14
2023-07-08 15:40:28,669 [AppLog] INFO : 电气控制模块：手动打开端口15
2023-07-08 15:40:29,449 [AppLog] INFO : 手动正向点动指令（8轴运控板卡系统） ====》：输出AXIS{第1轴},点动量{-1.5MM},运动速度{2MM/s}
2023-07-08 15:40:29,449 [AppLog] INFO : 电气控制模块：手动关闭端口15
2023-07-08 15:40:29,449 [AppLog] INFO : 电气控制模块：手动关闭端口14
2023-07-08 15:40:29,449 [AppLog] INFO : 成形面高度下降指定厚度 TrapSpace{1.5mm}：TrapMoveUp(1, true, Convert.ToString(vel), Convert.ToString(TrapSpace), true, true）
2023-07-08 15:40:32,241 [AppLog] INFO : 手动正向点动指令（8轴运控板卡系统） ====》：输出AXIS{第2轴},点动量{-696.5MM},运动速度{250MM/s}
2023-07-08 15:40:32,241 [AppLog] INFO : 铺粉车返回至站1：BackToStation2(AimPos, MovSpeed, true)：-1.5mm，速度250mm/s：BackToStation2
2023-07-08 15:40:33,021 [AppLog] INFO : 落粉轴回零成功：motionMap.SetBackSpreaderAxis(3, 0.5, 2, -SinkPosition)：ReturnCode{True}
2023-07-08 15:40:33,021 [AppLog] INFO : 电气控制模块：手动打开端口14
2023-07-08 15:40:33,021 [AppLog] INFO : 电气控制模块：手动打开端口15
2023-07-08 15:40:33,785 [AppLog] INFO : 手动正向点动指令（8轴运控板卡系统） ====》：输出AXIS{第1轴},点动量{1.5MM},运动速度{2MM/s}
2023-07-08 15:40:33,785 [AppLog] INFO : 电气控制模块：手动关闭端口15
2023-07-08 15:40:33,785 [AppLog] INFO : 电气控制模块：手动关闭端口14
2023-07-08 15:40:33,785 [AppLog] INFO : 成形面高度上升层厚 TrapSpace{1.5mm}：TrapMoveUp(1, true, Convert.ToString(vel), Convert.ToString(TrapSpace), true, true）
2023-07-08 15:40:33,785 [AppLog] INFO : 自动铺粉正常结束：NewAutoSupplyPowderThread2
2023-07-08 15:40:33,785 [AppLog] INFO : 发送监控指令，拍照记录1条：SendMessageFromSharedMemory
2023-07-08 15:40:33,785 [AppLog] INFO : 铺粉模式：铺粉固化同时进行！
2023-07-08 15:40:33,785 [AppLog] INFO : 执行完成铺粉固化操作：EquipmentMotionLogic3：m_bApplyPowderSupplyMotion:0
2023-07-08 15:40:33,785 [AppLog] INFO : 接收到恢复打印指令：PrintTaskTHREAD
2023-07-08 15:40:33,817 [AppLog] INFO : 获取打印Pass数据：IDP_GetPassItem2：nLayerIndex{7}nPassID{0}nProcState{3}LPPassDataItemb:PrtDir{False}nDataTxCompleteCnt{1}nHwMemAdrMatchMask{1}nLayerIndex{7}nLayerPassCount{6}nLayerPassIndex{0}nMinJet0ImgLinePos{355}nPrtMemHwAddr{System.UInt32[]}nPrtDataOffset{System.UInt32[]}nSrcDataSize{System.UInt32[]}nPrtColBytes{System.UInt32[]}nPrtPrecession{10.666}nSrcEndCols{6000}nSrcStartCols{0}nStartEncPos{76511}nValidPassJets{1280}nValidPrtCols{6233}nValidPrtCtlCnts{1}pDataBuf{0}pNextItem{668506080}
2023-07-08 15:40:33,832 [AppLog] INFO : 使能Pass打印成功：IDP_DoPassPrint2：nLayerIndex{7}nPassID{0}
2023-07-08 15:40:33,832 [AppLog] INFO : PASS打印前关键状态：DEV_GetDeviceInfo：nLayerIndex{7}nPassID{0}LPPRINTER_INFO:nXSysEncDPI{5080}nStatus{909129520}nPrintStatus{0}bSuperDevice{1}
LPPRINTER_INFO-LPPrtRunInfo:bJobPrtRuning{True}bLayerPrtIsOver{False}nContReqMemErr{0}nContWDErr{0}nCurPrtDir{0}nDTLayerIndex{15}nDTLayerPassIndex{5}nDTPtrCtlIndex{0}nLayerPassCount{6}nPrintLayerIndex{7}nPrintPassIndex{0}nProcLayerIndex{15}nPrtDataMemAddr{0}nPrtState{0}nReverse{System.Int32[]}nRevPrtCols{0}
LPPRINTER_INFO-LPDRVINFO:nFMVersion{45074}nFpgaVersion{539038216}nPCBVersion{0}nState{0}nNextState{0}nPtvwarnState{0}nCrc32{0}nRevInfo{System.UInt32[]}nSignature{0}
2023-07-08 15:40:33,832 [AppLog] INFO : 创建：AutoPrintMotion1=》不需重新创建-手动操作！
2023-07-08 15:40:33,832 [AppLog] INFO : 进入：EquipmentMotionLogic3=》准备创建对象-手动操作！
2023-07-08 15:40:33,832 [AppLog] INFO : 进入：EquipmentMotionLogic3=》不需重新创建-手动操作！
2023-07-08 15:40:33,832 [AppLog] INFO : 进入：EquipmentMotionLogic3=》赋值完成自-AutoPrintMotion2！
2023-07-08 15:40:33,832 [AppLog] INFO : 进入：EquipmentMotionLogic3=》加载配置文件-LoadJsonFile成功！
2023-07-08 15:40:33,832 [AppLog] INFO : 进入自动清洗过程：AutoCleanThread
2023-07-08 15:40:33,926 [AppLog] INFO : 准备处理第15层数据：准备调用RenderToWic，index为15，subindex为0，g_nRePrintTimes为1，起始层为0
2023-07-08 15:40:33,988 [AppLog] INFO : 完成处理第15层数据：准备调用DrawLayerBMP，index为15，起始层为0
2023-07-08 15:40:33,988 [AppLog] INFO : 完成处理第15层数据：准备调用DrawLayerBMP，index为15，起始层为0
2023-07-08 15:40:34,207 [AppLog] INFO : 刮墨轴回零成功：motionMap.SetBackSpreaderAxis(4, 1, 2, -SinkHomePosition)
2023-07-08 15:40:34,207 [AppLog] INFO : 准备读取编码器位置：Y方向！
2023-07-08 15:40:34,207 [AppLog] INFO : 准备运动，编码器当前位置：DEM_GetAxisEncodeVal：MoveDirectionFlag{false为Y方向：True}CurrentPos{121.05}AimPos{116}
2023-07-08 15:40:34,316 [AppLog] INFO : 作业写入成功：IDP_WriteImgLayerData：bpp:{1bit}灰阶:{1阶}nLayerIndex{16}LayerIndex{15}SubIndex{1}RePrintTimes{1}nBytesPerLine{752}nWidth{6001}nHeight{7680}nXEncOff{0}nYJetOff{355}nImgStartJetIndex{0}nXDPI{476.25}nYDPI{600}nPrtDir{0} nPrtFlag{1}nColorCnts{1}nReserved{System.Int32[]}
2023-07-08 15:40:34,316 [AppLog] INFO : 完成处理第15层数据：准备调用RenderToWic，index为15，subindex为0，g_nRePrintTimes为1，起始层为0
2023-07-08 15:40:34,331 [AppLog] INFO : Y方向运动开始：DEM_Run：返回值{True}nAxis{1}DirFlag{False}nSpeed{300000}MoveStep{-5059.54955}nCtlValue{1}
2023-07-08 15:40:34,394 [AppLog] INFO : Y方向到位停止：DEM_StopAxisRun：返回值{True}CurrentPos{116.52}bImmeStop{False}nAxisMask{2}
2023-07-08 15:40:34,394 [AppLog] INFO : 准备读取编码器位置：X方向！
2023-07-08 15:40:34,394 [AppLog] INFO : 准备运动，当前位置：DEV_GetPrintEncoderValue：MoveDirectionFlag{false为Y方向：False}CurrentPos{784.02}AimPos{780}
2023-07-08 15:40:34,441 [AppLog] INFO : X方向运动开始：DEM_Run：返回值{True}nAxis{0}DirFlag{False}nSpeed{300000}MoveStep{-4019.99999999998}nCtlValue{2}
2023-07-08 15:40:34,597 [AppLog] INFO : X方向到位停止：DEM_StopAxisRun：返回值{True}CurrentPos{783.325}bImmeStop{False}nAxisMask{1}
2023-07-08 15:40:35,813 [AppLog] INFO : 开启手动清洗挤墨喷头，DEV_EnableTimer: 端口{11}，清洗控制周期：{0.5}S,{0.5}S
2023-07-08 15:40:36,843 [AppLog] INFO : 关闭手动清洗挤墨喷头：DEV_EnableTimer
2023-07-08 15:40:36,843 [AppLog] INFO : 压墨等待开启：{1.5S}
2023-07-08 15:40:38,356 [AppLog] INFO : 压墨等待完成：{1.5S}
2023-07-08 15:40:38,356 [AppLog] INFO : 准备读取编码器位置：X方向！
2023-07-08 15:40:38,356 [AppLog] INFO : 准备运动，当前位置：DEV_GetPrintEncoderValue：MoveDirectionFlag{false为Y方向：False}CurrentPos{780.37}AimPos{680}
2023-07-08 15:40:38,387 [AppLog] INFO : X方向运动开始：DEM_Run：返回值{True}nAxis{0}DirFlag{False}nSpeed{200000}MoveStep{-100370}nCtlValue{2}
2023-07-08 15:40:39,245 [AppLog] INFO : X方向到位停止：DEM_StopAxisRun：返回值{True}CurrentPos{684.055}bImmeStop{False}nAxisMask{1}
2023-07-08 15:40:39,823 [AppLog] INFO : 结束自动清洗过程：AutoCleanThread
2023-07-08 15:40:39,823 [AppLog] INFO : 进入：EquipmentMotionLogic3=》准备创建对象-手动操作！
2023-07-08 15:40:39,823 [AppLog] INFO : 进入：EquipmentMotionLogic3=》不需重新创建-手动操作！
2023-07-08 15:40:39,823 [AppLog] INFO : 进入：EquipmentMotionLogic3=》赋值完成自-AutoPrintMotion2！
2023-07-08 15:40:39,823 [AppLog] INFO : 进入：EquipmentMotionLogic3=》加载配置文件-LoadJsonFile成功！
2023-07-08 15:40:39,823 [AppLog] INFO : 进入：AutoPrintThread3！
2023-07-08 15:40:39,823 [AppLog] INFO : 关闭闪喷操作：IDP_FlashPrtCtl：返回值{True}
2023-07-08 15:40:39,823 [AppLog] INFO : 准备读取编码器位置：Y方向！
2023-07-08 15:40:39,823 [AppLog] INFO : 准备运动，编码器当前位置：DEM_GetAxisEncodeVal：MoveDirectionFlag{false为Y方向：True}CurrentPos{115.985}AimPos{88.5}
2023-07-08 15:40:39,979 [AppLog] INFO : Y方向运动开始：DEM_Run：返回值{True}nAxis{1}DirFlag{False}nSpeed{300000}MoveStep{-27536.974135}nCtlValue{1}
2023-07-08 15:40:40,041 [AppLog] INFO : 准备读取编码器位置：X方向！
2023-07-08 15:40:40,041 [AppLog] INFO : 准备运动，当前位置：DEV_GetPrintEncoderValue：MoveDirectionFlag{false为Y方向：False}CurrentPos{680.205}AimPos{425}
2023-07-08 15:40:40,072 [AppLog] INFO : X方向运动开始：DEM_Run：返回值{True}nAxis{0}DirFlag{False}nSpeed{300000}MoveStep{-255205}nCtlValue{2}
2023-07-08 15:40:41,476 [AppLog] INFO : X方向到位停止：DEM_StopAxisRun：返回值{True}CurrentPos{429.115}bImmeStop{False}nAxisMask{1}
2023-07-08 15:40:41,476 [AppLog] INFO : 准备读取编码器位置：X方向！
2023-07-08 15:40:41,476 [AppLog] INFO : 准备运动，当前位置：DEV_GetPrintEncoderValue：MoveDirectionFlag{false为Y方向：False}CurrentPos{429.02}AimPos{25}
2023-07-08 15:40:41,507 [AppLog] INFO : X方向运动开始：DEM_Run：返回值{True}nAxis{0}DirFlag{False}nSpeed{300000}MoveStep{-404020}nCtlValue{2}
2023-07-08 15:40:43,395 [AppLog] INFO : X方向到位停止：DEM_StopAxisRun：返回值{True}CurrentPos{25.73}bImmeStop{False}nAxisMask{1}
2023-07-08 15:40:43,395 [AppLog] INFO : 准备读取编码器位置：Y方向！
2023-07-08 15:40:43,395 [AppLog] INFO : 准备运动，编码器当前位置：DEM_GetAxisEncodeVal：MoveDirectionFlag{false为Y方向：True}CurrentPos{88.505}AimPos{103.521166666667}
2023-07-08 15:40:43,535 [AppLog] INFO : Y方向运动开始：DEM_Run：返回值{True}nAxis{1}DirFlag{True}nSpeed{300000}MoveStep{15044.5622378333}nCtlValue{1}
2023-07-08 15:40:43,598 [AppLog] INFO : Y方向到位停止：DEM_StopAxisRun：返回值{True}CurrentPos{100.87}bImmeStop{False}nAxisMask{2}
2023-07-08 15:40:43,598 [AppLog] INFO : 获取打印Pass数据：IDP_GetPassItem2：nLayerIndex{7}nPassID{1}nProcState{3}LPPassDataItemb:PrtDir{True}nDataTxCompleteCnt{1}nHwMemAdrMatchMask{1}nLayerIndex{7}nLayerPassCount{6}nLayerPassIndex{1}nMinJet0ImgLinePos{1635}nPrtMemHwAddr{System.UInt32[]}nPrtDataOffset{System.UInt32[]}nSrcDataSize{System.UInt32[]}nPrtColBytes{System.UInt32[]}nPrtPrecession{10.666}nSrcEndCols{6000}nSrcStartCols{0}nStartEncPos{10000}nValidPassJets{1280}nValidPrtCols{6233}nValidPrtCtlCnts{1}pDataBuf{0}pNextItem{668506240}
2023-07-08 15:40:43,598 [AppLog] INFO : 使能Pass打印成功：IDP_DoPassPrint2：nLayerIndex{7}nPassID{1}
2023-07-08 15:40:43,613 [AppLog] INFO : PASS打印前关键状态：DEV_GetDeviceInfo：nLayerIndex{7}nPassID{1}LPPRINTER_INFO:nXSysEncDPI{5080}nStatus{909129520}nPrintStatus{0}bSuperDevice{1}
LPPRINTER_INFO-LPPrtRunInfo:bJobPrtRuning{True}bLayerPrtIsOver{False}nContReqMemErr{0}nContWDErr{0}nCurPrtDir{0}nDTLayerIndex{16}nDTLayerPassIndex{5}nDTPtrCtlIndex{0}nLayerPassCount{6}nPrintLayerIndex{7}nPrintPassIndex{1}nProcLayerIndex{16}nPrtDataMemAddr{0}nPrtState{0}nReverse{System.Int32[]}nRevPrtCols{0}
LPPRINTER_INFO-LPDRVINFO:nFMVersion{45074}nFpgaVersion{539038216}nPCBVersion{0}nState{0}nNextState{0}nPtvwarnState{0}nCrc32{0}nRevInfo{System.UInt32[]}nSignature{0}
2023-07-08 15:40:43,613 [AppLog] INFO : 创建：AutoPrintMotion1=》不需重新创建-手动操作！
2023-07-08 15:40:43,613 [AppLog] INFO : 进入：EquipmentMotionLogic3=》准备创建对象-手动操作！
2023-07-08 15:40:43,613 [AppLog] INFO : 进入：EquipmentMotionLogic3=》不需重新创建-手动操作！
2023-07-08 15:40:43,613 [AppLog] INFO : 进入：EquipmentMotionLogic3=》赋值完成自-AutoPrintMotion2！
2023-07-08 15:40:43,613 [AppLog] INFO : 进入：EquipmentMotionLogic3=》加载配置文件-LoadJsonFile成功！
2023-07-08 15:40:43,613 [AppLog] INFO : 进入：AutoPrintThread3！
2023-07-08 15:40:43,613 [AppLog] INFO : 准备读取编码器位置：X方向！
2023-07-08 15:40:43,613 [AppLog] INFO : 准备运动，当前位置：DEV_GetPrintEncoderValue：MoveDirectionFlag{false为Y方向：False}CurrentPos{22.115}AimPos{425}
2023-07-08 15:40:43,645 [AppLog] INFO : X方向运动开始：DEM_Run：返回值{True}nAxis{0}DirFlag{True}nSpeed{300000}MoveStep{402885}nCtlValue{2}
2023-07-08 15:40:45,532 [AppLog] INFO : X方向到位停止：DEM_StopAxisRun：返回值{True}CurrentPos{419.165}bImmeStop{False}nAxisMask{1}
2023-07-08 15:40:45,532 [AppLog] INFO : 准备读取编码器位置：Y方向！
2023-07-08 15:40:45,532 [AppLog] INFO : 准备运动，编码器当前位置：DEM_GetAxisEncodeVal：MoveDirectionFlag{false为Y方向：True}CurrentPos{103.495}AimPos{142.5}
2023-07-08 15:40:45,735 [AppLog] INFO : Y方向运动开始：DEM_Run：返回值{True}nAxis{1}DirFlag{True}nSpeed{300000}MoveStep{39078.758455}nCtlValue{1}
2023-07-08 15:40:45,797 [AppLog] INFO : Y方向到位停止：DEM_StopAxisRun：返回值{True}CurrentPos{139.515}bImmeStop{False}nAxisMask{2}
2023-07-08 15:40:45,797 [AppLog] INFO : 获取打印Pass数据：IDP_GetPassItem2：nLayerIndex{7}nPassID{2}nProcState{3}LPPassDataItemb:PrtDir{False}nDataTxCompleteCnt{1}nHwMemAdrMatchMask{1}nLayerIndex{7}nLayerPassCount{6}nLayerPassIndex{2}nMinJet0ImgLinePos{2915}nPrtMemHwAddr{System.UInt32[]}nPrtDataOffset{System.UInt32[]}nSrcDataSize{System.UInt32[]}nPrtColBytes{System.UInt32[]}nPrtPrecession{10.666}nSrcEndCols{6000}nSrcStartCols{0}nStartEncPos{76511}nValidPassJets{1280}nValidPrtCols{6233}nValidPrtCtlCnts{1}pDataBuf{0}pNextItem{668506400}
2023-07-08 15:40:45,797 [AppLog] INFO : 使能Pass打印成功：IDP_DoPassPrint2：nLayerIndex{7}nPassID{2}
2023-07-08 15:40:45,813 [AppLog] INFO : PASS打印前关键状态：DEV_GetDeviceInfo：nLayerIndex{7}nPassID{2}LPPRINTER_INFO:nXSysEncDPI{5080}nStatus{909129520}nPrintStatus{0}bSuperDevice{1}
LPPRINTER_INFO-LPPrtRunInfo:bJobPrtRuning{True}bLayerPrtIsOver{False}nContReqMemErr{0}nContWDErr{0}nCurPrtDir{0}nDTLayerIndex{16}nDTLayerPassIndex{5}nDTPtrCtlIndex{0}nLayerPassCount{6}nPrintLayerIndex{7}nPrintPassIndex{2}nProcLayerIndex{16}nPrtDataMemAddr{0}nPrtState{0}nReverse{System.Int32[]}nRevPrtCols{0}
LPPRINTER_INFO-LPDRVINFO:nFMVersion{45074}nFpgaVersion{539038216}nPCBVersion{0}nState{0}nNextState{0}nPtvwarnState{0}nCrc32{0}nRevInfo{System.UInt32[]}nSignature{0}
2023-07-08 15:40:45,813 [AppLog] INFO : 创建：AutoPrintMotion1=》不需重新创建-手动操作！
2023-07-08 15:40:45,813 [AppLog] INFO : 进入：EquipmentMotionLogic3=》准备创建对象-手动操作！
2023-07-08 15:40:45,813 [AppLog] INFO : 进入：EquipmentMotionLogic3=》不需重新创建-手动操作！
2023-07-08 15:40:45,813 [AppLog] INFO : 进入：EquipmentMotionLogic3=》赋值完成自-AutoPrintMotion2！
2023-07-08 15:40:45,813 [AppLog] INFO : 进入：EquipmentMotionLogic3=》加载配置文件-LoadJsonFile成功！
2023-07-08 15:40:45,813 [AppLog] INFO : 进入：AutoPrintThread3！
2023-07-08 15:40:45,813 [AppLog] INFO : 准备读取编码器位置：X方向！
2023-07-08 15:40:45,813 [AppLog] INFO : 准备运动，当前位置：DEV_GetPrintEncoderValue：MoveDirectionFlag{false为Y方向：False}CurrentPos{423.33}AimPos{25}
2023-07-08 15:40:45,844 [AppLog] INFO : X方向运动开始：DEM_Run：返回值{True}nAxis{0}DirFlag{False}nSpeed{300000}MoveStep{-398330}nCtlValue{2}
2023-07-08 15:40:47,716 [AppLog] INFO : X方向到位停止：DEM_StopAxisRun：返回值{True}CurrentPos{30.71}bImmeStop{False}nAxisMask{1}
2023-07-08 15:40:47,716 [AppLog] INFO : 准备读取编码器位置：Y方向！
2023-07-08 15:40:47,716 [AppLog] INFO : 准备运动，编码器当前位置：DEM_GetAxisEncodeVal：MoveDirectionFlag{false为Y方向：True}CurrentPos{142.475}AimPos{157.521166666667}
2023-07-08 15:40:47,841 [AppLog] INFO : Y方向运动开始：DEM_Run：返回值{True}nAxis{1}DirFlag{True}nSpeed{300000}MoveStep{15074.6189678333}nCtlValue{1}
2023-07-08 15:40:47,903 [AppLog] INFO : Y方向到位停止：DEM_StopAxisRun：返回值{True}CurrentPos{155.145}bImmeStop{False}nAxisMask{2}
2023-07-08 15:40:47,903 [AppLog] INFO : 获取打印Pass数据：IDP_GetPassItem2：nLayerIndex{7}nPassID{3}nProcState{3}LPPassDataItemb:PrtDir{True}nDataTxCompleteCnt{1}nHwMemAdrMatchMask{1}nLayerIndex{7}nLayerPassCount{6}nLayerPassIndex{3}nMinJet0ImgLinePos{4195}nPrtMemHwAddr{System.UInt32[]}nPrtDataOffset{System.UInt32[]}nSrcDataSize{System.UInt32[]}nPrtColBytes{System.UInt32[]}nPrtPrecession{10.666}nSrcEndCols{6000}nSrcStartCols{0}nStartEncPos{10000}nValidPassJets{1280}nValidPrtCols{6233}nValidPrtCtlCnts{1}pDataBuf{0}pNextItem{668506560}
2023-07-08 15:40:47,919 [AppLog] INFO : 使能Pass打印成功：IDP_DoPassPrint2：nLayerIndex{7}nPassID{3}
2023-07-08 15:40:47,919 [AppLog] INFO : PASS打印前关键状态：DEV_GetDeviceInfo：nLayerIndex{7}nPassID{3}LPPRINTER_INFO:nXSysEncDPI{5080}nStatus{909129520}nPrintStatus{0}bSuperDevice{1}
LPPRINTER_INFO-LPPrtRunInfo:bJobPrtRuning{True}bLayerPrtIsOver{False}nContReqMemErr{0}nContWDErr{0}nCurPrtDir{0}nDTLayerIndex{16}nDTLayerPassIndex{5}nDTPtrCtlIndex{0}nLayerPassCount{6}nPrintLayerIndex{7}nPrintPassIndex{3}nProcLayerIndex{16}nPrtDataMemAddr{0}nPrtState{0}nReverse{System.Int32[]}nRevPrtCols{0}
LPPRINTER_INFO-LPDRVINFO:nFMVersion{45074}nFpgaVersion{539038216}nPCBVersion{0}nState{0}nNextState{0}nPtvwarnState{0}nCrc32{0}nRevInfo{System.UInt32[]}nSignature{0}
2023-07-08 15:40:47,919 [AppLog] INFO : 创建：AutoPrintMotion1=》不需重新创建-手动操作！
2023-07-08 15:40:47,919 [AppLog] INFO : 进入：EquipmentMotionLogic3=》准备创建对象-手动操作！
2023-07-08 15:40:47,919 [AppLog] INFO : 进入：EquipmentMotionLogic3=》不需重新创建-手动操作！
2023-07-08 15:40:47,919 [AppLog] INFO : 进入：EquipmentMotionLogic3=》赋值完成自-AutoPrintMotion2！
2023-07-08 15:40:47,919 [AppLog] INFO : 进入：EquipmentMotionLogic3=》加载配置文件-LoadJsonFile成功！
2023-07-08 15:40:47,919 [AppLog] INFO : 进入：AutoPrintThread3！
2023-07-08 15:40:47,919 [AppLog] INFO : 准备读取编码器位置：X方向！
2023-07-08 15:40:47,919 [AppLog] INFO : 准备运动，当前位置：DEV_GetPrintEncoderValue：MoveDirectionFlag{false为Y方向：False}CurrentPos{26.605}AimPos{425}
2023-07-08 15:40:47,966 [AppLog] INFO : X方向运动开始：DEM_Run：返回值{True}nAxis{0}DirFlag{True}nSpeed{300000}MoveStep{398395}nCtlValue{2}
2023-07-08 15:40:49,838 [AppLog] INFO : X方向到位停止：DEM_StopAxisRun：返回值{True}CurrentPos{418.95}bImmeStop{False}nAxisMask{1}
2023-07-08 15:40:49,838 [AppLog] INFO : 准备读取编码器位置：Y方向！
2023-07-08 15:40:49,838 [AppLog] INFO : 准备运动，编码器当前位置：DEM_GetAxisEncodeVal：MoveDirectionFlag{false为Y方向：True}CurrentPos{157.48}AimPos{196.5}
2023-07-08 15:40:50,025 [AppLog] INFO : Y方向运动开始：DEM_Run：返回值{True}nAxis{1}DirFlag{True}nSpeed{300000}MoveStep{39093.78682}nCtlValue{1}
2023-07-08 15:40:50,087 [AppLog] INFO : Y方向到位停止：DEM_StopAxisRun：返回值{True}CurrentPos{191.835}bImmeStop{False}nAxisMask{2}
2023-07-08 15:40:50,087 [AppLog] INFO : 获取打印Pass数据：IDP_GetPassItem2：nLayerIndex{7}nPassID{4}nProcState{3}LPPassDataItemb:PrtDir{False}nDataTxCompleteCnt{1}nHwMemAdrMatchMask{1}nLayerIndex{7}nLayerPassCount{6}nLayerPassIndex{4}nMinJet0ImgLinePos{5475}nPrtMemHwAddr{System.UInt32[]}nPrtDataOffset{System.UInt32[]}nSrcDataSize{System.UInt32[]}nPrtColBytes{System.UInt32[]}nPrtPrecession{10.666}nSrcEndCols{6000}nSrcStartCols{0}nStartEncPos{76511}nValidPassJets{1280}nValidPrtCols{6233}nValidPrtCtlCnts{1}pDataBuf{0}pNextItem{668506720}
2023-07-08 15:40:50,103 [AppLog] INFO : 使能Pass打印成功：IDP_DoPassPrint2：nLayerIndex{7}nPassID{4}
2023-07-08 15:40:50,103 [AppLog] INFO : PASS打印前关键状态：DEV_GetDeviceInfo：nLayerIndex{7}nPassID{4}LPPRINTER_INFO:nXSysEncDPI{5080}nStatus{909129520}nPrintStatus{0}bSuperDevice{1}
LPPRINTER_INFO-LPPrtRunInfo:bJobPrtRuning{True}bLayerPrtIsOver{False}nContReqMemErr{0}nContWDErr{0}nCurPrtDir{0}nDTLayerIndex{16}nDTLayerPassIndex{5}nDTPtrCtlIndex{0}nLayerPassCount{6}nPrintLayerIndex{7}nPrintPassIndex{4}nProcLayerIndex{16}nPrtDataMemAddr{0}nPrtState{0}nReverse{System.Int32[]}nRevPrtCols{0}
LPPRINTER_INFO-LPDRVINFO:nFMVersion{45074}nFpgaVersion{539038216}nPCBVersion{0}nState{0}nNextState{0}nPtvwarnState{0}nCrc32{0}nRevInfo{System.UInt32[]}nSignature{0}
2023-07-08 15:40:50,103 [AppLog] INFO : 创建：AutoPrintMotion1=》不需重新创建-手动操作！
2023-07-08 15:40:50,103 [AppLog] INFO : 进入：EquipmentMotionLogic3=》准备创建对象-手动操作！
2023-07-08 15:40:50,103 [AppLog] INFO : 进入：EquipmentMotionLogic3=》不需重新创建-手动操作！
2023-07-08 15:40:50,103 [AppLog] INFO : 进入：EquipmentMotionLogic3=》赋值完成自-AutoPrintMotion2！
2023-07-08 15:40:50,103 [AppLog] INFO : 进入：EquipmentMotionLogic3=》加载配置文件-LoadJsonFile成功！
2023-07-08 15:40:50,103 [AppLog] INFO : 进入：AutoPrintThread3！
2023-07-08 15:40:50,103 [AppLog] INFO : 准备读取编码器位置：X方向！
2023-07-08 15:40:50,103 [AppLog] INFO : 准备运动，当前位置：DEV_GetPrintEncoderValue：MoveDirectionFlag{false为Y方向：False}CurrentPos{423.4}AimPos{25}
2023-07-08 15:40:50,134 [AppLog] INFO : X方向运动开始：DEM_Run：返回值{True}nAxis{0}DirFlag{False}nSpeed{300000}MoveStep{-398400}nCtlValue{2}
2023-07-08 15:40:52,006 [AppLog] INFO : X方向到位停止：DEM_StopAxisRun：返回值{True}CurrentPos{30.84}bImmeStop{False}nAxisMask{1}
2023-07-08 15:40:52,006 [AppLog] INFO : 准备读取编码器位置：Y方向！
2023-07-08 15:40:52,006 [AppLog] INFO : 准备运动，编码器当前位置：DEM_GetAxisEncodeVal：MoveDirectionFlag{false为Y方向：True}CurrentPos{196.535}AimPos{211.521166666667}
2023-07-08 15:40:52,131 [AppLog] INFO : Y方向运动开始：DEM_Run：返回值{True}nAxis{1}DirFlag{True}nSpeed{300000}MoveStep{15014.5055078333}nCtlValue{1}
2023-07-08 15:40:52,209 [AppLog] INFO : Y方向到位停止：DEM_StopAxisRun：返回值{True}CurrentPos{209.71}bImmeStop{False}nAxisMask{2}
2023-07-08 15:40:52,209 [AppLog] INFO : 获取打印Pass数据：IDP_GetPassItem2：nLayerIndex{7}nPassID{5}nProcState{3}LPPassDataItemb:PrtDir{True}nDataTxCompleteCnt{1}nHwMemAdrMatchMask{1}nLayerIndex{7}nLayerPassCount{6}nLayerPassIndex{5}nMinJet0ImgLinePos{6755}nPrtMemHwAddr{System.UInt32[]}nPrtDataOffset{System.UInt32[]}nSrcDataSize{System.UInt32[]}nPrtColBytes{System.UInt32[]}nPrtPrecession{10.666}nSrcEndCols{6000}nSrcStartCols{0}nStartEncPos{10000}nValidPassJets{1280}nValidPrtCols{6233}nValidPrtCtlCnts{1}pDataBuf{0}pNextItem{0}
2023-07-08 15:40:52,209 [AppLog] INFO : 使能Pass打印成功：IDP_DoPassPrint2：nLayerIndex{7}nPassID{5}
2023-07-08 15:40:52,225 [AppLog] INFO : PASS打印前关键状态：DEV_GetDeviceInfo：nLayerIndex{7}nPassID{5}LPPRINTER_INFO:nXSysEncDPI{5080}nStatus{909129520}nPrintStatus{0}bSuperDevice{1}
LPPRINTER_INFO-LPPrtRunInfo:bJobPrtRuning{True}bLayerPrtIsOver{False}nContReqMemErr{0}nContWDErr{0}nCurPrtDir{0}nDTLayerIndex{16}nDTLayerPassIndex{5}nDTPtrCtlIndex{0}nLayerPassCount{6}nPrintLayerIndex{7}nPrintPassIndex{5}nProcLayerIndex{16}nPrtDataMemAddr{0}nPrtState{0}nReverse{System.Int32[]}nRevPrtCols{0}
LPPRINTER_INFO-LPDRVINFO:nFMVersion{45074}nFpgaVersion{539038216}nPCBVersion{0}nState{0}nNextState{0}nPtvwarnState{0}nCrc32{0}nRevInfo{System.UInt32[]}nSignature{0}
2023-07-08 15:40:52,225 [AppLog] INFO : 创建：AutoPrintMotion1=》不需重新创建-手动操作！
2023-07-08 15:40:52,225 [AppLog] INFO : 进入：EquipmentMotionLogic3=》准备创建对象-手动操作！
2023-07-08 15:40:52,225 [AppLog] INFO : 进入：EquipmentMotionLogic3=》不需重新创建-手动操作！
2023-07-08 15:40:52,225 [AppLog] INFO : 进入：EquipmentMotionLogic3=》赋值完成自-AutoPrintMotion2！
2023-07-08 15:40:52,225 [AppLog] INFO : 进入：EquipmentMotionLogic3=》加载配置文件-LoadJsonFile成功！
2023-07-08 15:40:52,225 [AppLog] INFO : 进入：AutoPrintThread3！
2023-07-08 15:40:52,225 [AppLog] INFO : 准备读取编码器位置：X方向！
2023-07-08 15:40:52,225 [AppLog] INFO : 准备运动，当前位置：DEV_GetPrintEncoderValue：MoveDirectionFlag{false为Y方向：False}CurrentPos{26.585}AimPos{425}
2023-07-08 15:40:52,256 [AppLog] INFO : X方向运动开始：DEM_Run：返回值{True}nAxis{0}DirFlag{True}nSpeed{300000}MoveStep{398415}nCtlValue{2}
2023-07-08 15:40:54,128 [AppLog] INFO : X方向到位停止：DEM_StopAxisRun：返回值{True}CurrentPos{418.375}bImmeStop{False}nAxisMask{1}
2023-07-08 15:40:54,128 [AppLog] INFO : 准备读取编码器位置：X方向！
2023-07-08 15:40:54,128 [AppLog] INFO : 准备运动，当前位置：DEV_GetPrintEncoderValue：MoveDirectionFlag{false为Y方向：False}CurrentPos{418.48}AimPos{780}
2023-07-08 15:40:54,159 [AppLog] INFO : X方向运动开始：DEM_Run：返回值{True}nAxis{0}DirFlag{True}nSpeed{300000}MoveStep{361520}nCtlValue{2}
2023-07-08 15:40:54,221 [AppLog] INFO : 准备读取编码器位置：Y方向！
2023-07-08 15:40:54,221 [AppLog] INFO : 准备运动，编码器当前位置：DEM_GetAxisEncodeVal：MoveDirectionFlag{false为Y方向：True}CurrentPos{211.54}AimPos{121}
2023-07-08 15:40:54,627 [AppLog] INFO : Y方向运动开始：DEM_Run：返回值{True}nAxis{1}DirFlag{False}nSpeed{300000}MoveStep{-90711.21114}nCtlValue{1}
2023-07-08 15:40:55,906 [AppLog] INFO : Y方向到位等停：DEM_StopAxisRun：返回值{True}bImmeStop{False}nAxisMask{1}
2023-07-08 15:40:55,906 [AppLog] INFO : X方向到位等停：DEM_StopAxisRun：返回值{True}bImmeStop{False}nAxisMask{2}
2023-07-08 15:40:55,922 [AppLog] INFO : 开启闪喷操作：IDP_FlashPrtCtl：返回值{True}
2023-07-08 15:40:55,922 [AppLog] INFO : 进入：EquipmentMotionLogic3=》准备创建对象-手动操作！
2023-07-08 15:40:55,922 [AppLog] INFO : 进入：EquipmentMotionLogic3=》不需重新创建-手动操作！
2023-07-08 15:40:55,922 [AppLog] INFO : 进入：EquipmentMotionLogic3=》赋值完成自-AutoPrintMotion2！
2023-07-08 15:40:55,922 [AppLog] INFO : 进入：EquipmentMotionLogic3=》加载配置文件-LoadJsonFile成功！
2023-07-08 15:40:55,922 [AppLog] INFO : 进入自动铺粉逻辑：NewAutoSupplyPowderThread2
2023-07-08 15:40:55,922 [AppLog] INFO : 电气控制模块：手动打开端口14
2023-07-08 15:40:55,922 [AppLog] INFO : 电气控制模块：手动打开端口15
2023-07-08 15:40:56,000 [AppLog] INFO : 手动正向点动指令（8轴运控板卡系统） ====》：输出AXIS{第1轴},点动量{-0.1MM},运动速度{2MM/s}
2023-07-08 15:40:56,000 [AppLog] INFO : 成形面高度下降层厚 TrapSpace{0.1mm}：TrapMoveUp(1, true, Convert.ToString(vel), Convert.ToString(TrapSpace), true, true）
2023-07-08 15:40:56,764 [AppLog] INFO : 手动正向点动指令（8轴运控板卡系统） ====》：输出AXIS{第1轴},点动量{-1.5MM},运动速度{2MM/s}
2023-07-08 15:40:56,764 [AppLog] INFO : 成形面高度下降指定厚度 TrapSpace{1.5mm}：TrapMoveUp(1, true, Convert.ToString(vel), Convert.ToString(TrapSpace), true, true）
2023-07-08 15:40:57,544 [AppLog] INFO : 手动正向点动指令（8轴运控板卡系统） ====》：输出AXIS{第1轴},点动量{1.5MM},运动速度{2MM/s}
2023-07-08 15:40:57,544 [AppLog] INFO : 电气控制模块：手动关闭端口15
2023-07-08 15:40:57,544 [AppLog] INFO : 电气控制模块：手动关闭端口14
2023-07-08 15:40:57,544 [AppLog] INFO : 成形面高度上升层厚 TrapSpace{1.5mm}：TrapMoveUp(1, true, Convert.ToString(vel), Convert.ToString(TrapSpace), true, true）
2023-07-08 15:40:57,794 [AppLog] INFO : 手动正向点动指令（8轴运控板卡系统） ====》：输出AXIS{第8轴},点动量{0.6MM},运动速度{2.5MM/s}
2023-07-08 15:40:57,794 [AppLog] INFO : Hopper落粉轴转2圈落粉，速度0.5rev/s：TrapMoveUp(8, true, 0.5, rotateNuM.ToString(), true, false)
2023-07-08 15:40:58,808 [AppLog] INFO : 开启铺粉车不等停运动，准备运动至准备打印位置215mm，速度250mm/s：BackToStation2
2023-07-08 15:40:59,666 [AppLog] INFO : 手动正向点动指令（8轴运控板卡系统） ====》：输出AXIS{第2轴},点动量{216.5MM},运动速度{250MM/s}
2023-07-08 15:40:59,666 [AppLog] INFO : 当前铺粉车位置：打印位置215mm
2023-07-08 15:40:59,666 [AppLog] INFO : 手动正向点动指令（8轴运控板卡系统） ====》：输出AXIS{第2轴},点动量{480MM},运动速度{25MM/s}
2023-07-08 15:40:59,666 [AppLog] INFO : 开启铺粉车不等停运动至准备打印位置695mm，速度25mm/s：BackToStation2
2023-07-08 15:40:59,775 [AppLog] INFO : 打开IR灯：OpenIRLamp(true)
2023-07-08 15:40:59,915 [AppLog] INFO : 手动正向点动指令（8轴运控板卡系统） ====》：输出AXIS{第3轴},点动量{0.125MM},运动速度{1MM/s}
2023-07-08 15:40:59,915 [AppLog] INFO : 在{40mm}处，落粉轴运动{45度}，落粉轴转速{1rev/s}：TrapMoveUp(3, true, Convert.ToString(DispenseRollerSpeed), 0.5, true, true)
2023-07-08 15:40:59,915 [AppLog] INFO : 手动正向点动指令（8轴运控板卡系统） ====》：输出AXIS{第3轴},点动量{0.5MM},运动速度{0.0376712328767123MM/s}
2023-07-08 15:40:59,915 [AppLog] INFO : 开启均匀落粉及辊子铺平运动：TrapMoveUp(3, true, Convert.ToString(DispenseRollerSpeed), 0.5, true, true)
2023-07-08 15:41:11,584 [AppLog] INFO : 关闭IR灯：OpenIRLamp(false)
2023-07-08 15:41:16,139 [AppLog] INFO : 手动正向点动指令（8轴运控板卡系统） ====》：输出AXIS{第3轴},点动量{0.5MM},运动速度{2MM/s}
2023-07-08 15:41:16,139 [AppLog] INFO : 落粉轴继续转动以倒掉余粉：TrapMoveUp(3, true, 2, 0.5, true, false)
2023-07-08 15:41:18,869 [AppLog] INFO : 电气控制模块：手动打开端口14
2023-07-08 15:41:18,869 [AppLog] INFO : 电气控制模块：手动打开端口15
2023-07-08 15:41:19,649 [AppLog] INFO : 手动正向点动指令（8轴运控板卡系统） ====》：输出AXIS{第1轴},点动量{-1.5MM},运动速度{2MM/s}
2023-07-08 15:41:19,649 [AppLog] INFO : 电气控制模块：手动关闭端口15
2023-07-08 15:41:19,649 [AppLog] INFO : 电气控制模块：手动关闭端口14
2023-07-08 15:41:19,649 [AppLog] INFO : 成形面高度下降指定厚度 TrapSpace{1.5mm}：TrapMoveUp(1, true, Convert.ToString(vel), Convert.ToString(TrapSpace), true, true）
2023-07-08 15:41:22,442 [AppLog] INFO : 手动正向点动指令（8轴运控板卡系统） ====》：输出AXIS{第2轴},点动量{-696.5MM},运动速度{250MM/s}
2023-07-08 15:41:22,442 [AppLog] INFO : 铺粉车返回至站1：BackToStation2(AimPos, MovSpeed, true)：-1.5mm，速度250mm/s：BackToStation2
2023-07-08 15:41:23,222 [AppLog] INFO : 落粉轴回零成功：motionMap.SetBackSpreaderAxis(3, 0.5, 2, -SinkPosition)：ReturnCode{True}
2023-07-08 15:41:23,222 [AppLog] INFO : 电气控制模块：手动打开端口14
2023-07-08 15:41:23,222 [AppLog] INFO : 电气控制模块：手动打开端口15
2023-07-08 15:41:23,986 [AppLog] INFO : 手动正向点动指令（8轴运控板卡系统） ====》：输出AXIS{第1轴},点动量{1.5MM},运动速度{2MM/s}
2023-07-08 15:41:23,986 [AppLog] INFO : 电气控制模块：手动关闭端口15
2023-07-08 15:41:23,986 [AppLog] INFO : 电气控制模块：手动关闭端口14
2023-07-08 15:41:23,986 [AppLog] INFO : 成形面高度上升层厚 TrapSpace{1.5mm}：TrapMoveUp(1, true, Convert.ToString(vel), Convert.ToString(TrapSpace), true, true）
2023-07-08 15:41:23,986 [AppLog] INFO : 自动铺粉正常结束：NewAutoSupplyPowderThread2
2023-07-08 15:41:23,986 [AppLog] INFO : 发送监控指令，拍照记录1条：SendMessageFromSharedMemory
2023-07-08 15:41:23,986 [AppLog] INFO : 铺粉模式：铺粉固化同时进行！
2023-07-08 15:41:23,986 [AppLog] INFO : 执行完成铺粉固化操作：EquipmentMotionLogic3：m_bApplyPowderSupplyMotion:0
2023-07-08 15:41:23,986 [AppLog] INFO : 接收到恢复打印指令：PrintTaskTHREAD
2023-07-08 15:41:23,986 [AppLog] INFO : 获取打印Pass数据：IDP_GetPassItem2：nLayerIndex{8}nPassID{0}nProcState{3}LPPassDataItemb:PrtDir{False}nDataTxCompleteCnt{1}nHwMemAdrMatchMask{1}nLayerIndex{8}nLayerPassCount{6}nLayerPassIndex{0}nMinJet0ImgLinePos{355}nPrtMemHwAddr{System.UInt32[]}nPrtDataOffset{System.UInt32[]}nSrcDataSize{System.UInt32[]}nPrtColBytes{System.UInt32[]}nPrtPrecession{10.666}nSrcEndCols{6000}nSrcStartCols{0}nStartEncPos{76511}nValidPassJets{1280}nValidPrtCols{6233}nValidPrtCtlCnts{1}pDataBuf{0}pNextItem{668507040}
2023-07-08 15:41:24,002 [AppLog] INFO : 使能Pass打印成功：IDP_DoPassPrint2：nLayerIndex{8}nPassID{0}
2023-07-08 15:41:24,033 [AppLog] INFO : PASS打印前关键状态：DEV_GetDeviceInfo：nLayerIndex{8}nPassID{0}LPPRINTER_INFO:nXSysEncDPI{5080}nStatus{909129520}nPrintStatus{0}bSuperDevice{1}
LPPRINTER_INFO-LPPrtRunInfo:bJobPrtRuning{True}bLayerPrtIsOver{False}nContReqMemErr{0}nContWDErr{0}nCurPrtDir{0}nDTLayerIndex{16}nDTLayerPassIndex{5}nDTPtrCtlIndex{0}nLayerPassCount{6}nPrintLayerIndex{8}nPrintPassIndex{0}nProcLayerIndex{16}nPrtDataMemAddr{0}nPrtState{0}nReverse{System.Int32[]}nRevPrtCols{0}
LPPRINTER_INFO-LPDRVINFO:nFMVersion{45074}nFpgaVersion{539038216}nPCBVersion{0}nState{0}nNextState{0}nPtvwarnState{0}nCrc32{0}nRevInfo{System.UInt32[]}nSignature{0}
2023-07-08 15:41:24,033 [AppLog] INFO : 创建：AutoPrintMotion1=》不需重新创建-手动操作！
2023-07-08 15:41:24,033 [AppLog] INFO : 进入：EquipmentMotionLogic3=》准备创建对象-手动操作！
2023-07-08 15:41:24,033 [AppLog] INFO : 进入：EquipmentMotionLogic3=》不需重新创建-手动操作！
2023-07-08 15:41:24,033 [AppLog] INFO : 进入：EquipmentMotionLogic3=》赋值完成自-AutoPrintMotion2！
2023-07-08 15:41:24,033 [AppLog] INFO : 进入：EquipmentMotionLogic3=》加载配置文件-LoadJsonFile成功！
2023-07-08 15:41:24,033 [AppLog] INFO : 进入自动清洗过程：AutoCleanThread
2023-07-08 15:41:24,267 [AppLog] INFO : 准备处理第16层数据：准备调用RenderToWic，index为16，subindex为0，g_nRePrintTimes为1，起始层为0
2023-07-08 15:41:24,329 [AppLog] INFO : 完成处理第16层数据：准备调用DrawLayerBMP，index为16，起始层为0
2023-07-08 15:41:24,329 [AppLog] INFO : 完成处理第16层数据：准备调用DrawLayerBMP，index为16，起始层为0
2023-07-08 15:41:24,407 [AppLog] INFO : 刮墨轴回零成功：motionMap.SetBackSpreaderAxis(4, 1, 2, -SinkHomePosition)
2023-07-08 15:41:24,407 [AppLog] INFO : 准备读取编码器位置：Y方向！
2023-07-08 15:41:24,407 [AppLog] INFO : 准备运动，编码器当前位置：DEM_GetAxisEncodeVal：MoveDirectionFlag{false为Y方向：True}CurrentPos{121.035}AimPos{116}
2023-07-08 15:41:24,532 [AppLog] INFO : Y方向运动开始：DEM_Run：返回值{True}nAxis{1}DirFlag{False}nSpeed{300000}MoveStep{-5044.521185}nCtlValue{1}
2023-07-08 15:41:24,610 [AppLog] INFO : Y方向到位停止：DEM_StopAxisRun：返回值{True}CurrentPos{116.165}bImmeStop{False}nAxisMask{2}
2023-07-08 15:41:24,610 [AppLog] INFO : 准备读取编码器位置：X方向！
2023-07-08 15:41:24,610 [AppLog] INFO : 准备运动，当前位置：DEV_GetPrintEncoderValue：MoveDirectionFlag{false为Y方向：False}CurrentPos{784.895}AimPos{780}
2023-07-08 15:41:24,641 [AppLog] INFO : X方向运动开始：DEM_Run：返回值{True}nAxis{0}DirFlag{False}nSpeed{300000}MoveStep{-4894.99999999998}nCtlValue{2}
2023-07-08 15:41:24,673 [AppLog] INFO : 作业写入成功：IDP_WriteImgLayerData：bpp:{1bit}灰阶:{1阶}nLayerIndex{17}LayerIndex{16}SubIndex{1}RePrintTimes{1}nBytesPerLine{752}nWidth{6001}nHeight{7680}nXEncOff{0}nYJetOff{355}nImgStartJetIndex{0}nXDPI{476.25}nYDPI{600}nPrtDir{0} nPrtFlag{1}nColorCnts{1}nReserved{System.Int32[]}
2023-07-08 15:41:24,673 [AppLog] INFO : 完成处理第16层数据：准备调用RenderToWic，index为16，subindex为0，g_nRePrintTimes为1，起始层为0
2023-07-08 15:41:24,875 [AppLog] INFO : X方向到位停止：DEM_StopAxisRun：返回值{True}CurrentPos{781.805}bImmeStop{False}nAxisMask{1}
2023-07-08 15:41:26,092 [AppLog] INFO : 开启手动清洗挤墨喷头，DEV_EnableTimer: 端口{11}，清洗控制周期：{0.5}S,{0.5}S
2023-07-08 15:41:27,106 [AppLog] INFO : 关闭手动清洗挤墨喷头：DEV_EnableTimer
2023-07-08 15:41:27,106 [AppLog] INFO : 压墨等待开启：{1.5S}
2023-07-08 15:41:28,619 [AppLog] INFO : 压墨等待完成：{1.5S}
2023-07-08 15:41:28,619 [AppLog] INFO : 准备读取编码器位置：X方向！
2023-07-08 15:41:28,619 [AppLog] INFO : 准备运动，当前位置：DEV_GetPrintEncoderValue：MoveDirectionFlag{false为Y方向：False}CurrentPos{780.365}AimPos{680}
2023-07-08 15:41:28,651 [AppLog] INFO : X方向运动开始：DEM_Run：返回值{True}nAxis{0}DirFlag{False}nSpeed{200000}MoveStep{-100365}nCtlValue{2}
2023-07-08 15:41:29,509 [AppLog] INFO : X方向到位停止：DEM_StopAxisRun：返回值{True}CurrentPos{684.155}bImmeStop{False}nAxisMask{1}
2023-07-08 15:41:30,086 [AppLog] INFO : 结束自动清洗过程：AutoCleanThread
2023-07-08 15:41:30,086 [AppLog] INFO : 进入：EquipmentMotionLogic3=》准备创建对象-手动操作！
2023-07-08 15:41:30,086 [AppLog] INFO : 进入：EquipmentMotionLogic3=》不需重新创建-手动操作！
2023-07-08 15:41:30,086 [AppLog] INFO : 进入：EquipmentMotionLogic3=》赋值完成自-AutoPrintMotion2！
2023-07-08 15:41:30,086 [AppLog] INFO : 进入：EquipmentMotionLogic3=》加载配置文件-LoadJsonFile成功！
2023-07-08 15:41:30,086 [AppLog] INFO : 进入：AutoPrintThread3！
2023-07-08 15:41:30,086 [AppLog] INFO : 关闭闪喷操作：IDP_FlashPrtCtl：返回值{True}
2023-07-08 15:41:30,086 [AppLog] INFO : 准备读取编码器位置：Y方向！
2023-07-08 15:41:30,086 [AppLog] INFO : 准备运动，编码器当前位置：DEM_GetAxisEncodeVal：MoveDirectionFlag{false为Y方向：True}CurrentPos{115.995}AimPos{91}
2023-07-08 15:41:30,273 [AppLog] INFO : Y方向运动开始：DEM_Run：返回值{True}nAxis{1}DirFlag{False}nSpeed{300000}MoveStep{-25042.265545}nCtlValue{1}
2023-07-08 15:41:30,335 [AppLog] INFO : 准备读取编码器位置：X方向！
2023-07-08 15:41:30,335 [AppLog] INFO : 准备运动，当前位置：DEV_GetPrintEncoderValue：MoveDirectionFlag{false为Y方向：False}CurrentPos{680.22}AimPos{425}
2023-07-08 15:41:30,367 [AppLog] INFO : X方向运动开始：DEM_Run：返回值{True}nAxis{0}DirFlag{False}nSpeed{300000}MoveStep{-255220}nCtlValue{2}
2023-07-08 15:41:31,771 [AppLog] INFO : X方向到位停止：DEM_StopAxisRun：返回值{True}CurrentPos{429.19}bImmeStop{False}nAxisMask{1}
2023-07-08 15:41:31,771 [AppLog] INFO : 准备读取编码器位置：X方向！
2023-07-08 15:41:31,771 [AppLog] INFO : 准备运动，当前位置：DEV_GetPrintEncoderValue：MoveDirectionFlag{false为Y方向：False}CurrentPos{429.005}AimPos{25}
2023-07-08 15:41:31,802 [AppLog] INFO : X方向运动开始：DEM_Run：返回值{True}nAxis{0}DirFlag{False}nSpeed{300000}MoveStep{-404005}nCtlValue{2}
2023-07-08 15:41:33,705 [AppLog] INFO : X方向到位停止：DEM_StopAxisRun：返回值{True}CurrentPos{25.27}bImmeStop{False}nAxisMask{1}
2023-07-08 15:41:33,705 [AppLog] INFO : 准备读取编码器位置：Y方向！
2023-07-08 15:41:33,705 [AppLog] INFO : 准备运动，编码器当前位置：DEM_GetAxisEncodeVal：MoveDirectionFlag{false为Y方向：True}CurrentPos{90.995}AimPos{101.021166666667}
2023-07-08 15:41:33,830 [AppLog] INFO : Y方向运动开始：DEM_Run：返回值{True}nAxis{1}DirFlag{True}nSpeed{300000}MoveStep{10045.1261478333}nCtlValue{1}
2023-07-08 15:41:33,892 [AppLog] INFO : Y方向到位停止：DEM_StopAxisRun：返回值{True}CurrentPos{99.54}bImmeStop{False}nAxisMask{2}
2023-07-08 15:41:33,892 [AppLog] INFO : 获取打印Pass数据：IDP_GetPassItem2：nLayerIndex{8}nPassID{1}nProcState{3}LPPassDataItemb:PrtDir{True}nDataTxCompleteCnt{1}nHwMemAdrMatchMask{1}nLayerIndex{8}nLayerPassCount{6}nLayerPassIndex{1}nMinJet0ImgLinePos{1635}nPrtMemHwAddr{System.UInt32[]}nPrtDataOffset{System.UInt32[]}nSrcDataSize{System.UInt32[]}nPrtColBytes{System.UInt32[]}nPrtPrecession{10.666}nSrcEndCols{6000}nSrcStartCols{0}nStartEncPos{10000}nValidPassJets{1280}nValidPrtCols{6233}nValidPrtCtlCnts{1}pDataBuf{0}pNextItem{767876816}
2023-07-08 15:41:33,892 [AppLog] INFO : 使能Pass打印成功：IDP_DoPassPrint2：nLayerIndex{8}nPassID{1}
2023-07-08 15:41:33,908 [AppLog] INFO : PASS打印前关键状态：DEV_GetDeviceInfo：nLayerIndex{8}nPassID{1}LPPRINTER_INFO:nXSysEncDPI{5080}nStatus{909129520}nPrintStatus{0}bSuperDevice{1}
LPPRINTER_INFO-LPPrtRunInfo:bJobPrtRuning{True}bLayerPrtIsOver{False}nContReqMemErr{0}nContWDErr{0}nCurPrtDir{0}nDTLayerIndex{17}nDTLayerPassIndex{5}nDTPtrCtlIndex{0}nLayerPassCount{6}nPrintLayerIndex{8}nPrintPassIndex{1}nProcLayerIndex{17}nPrtDataMemAddr{0}nPrtState{0}nReverse{System.Int32[]}nRevPrtCols{0}
LPPRINTER_INFO-LPDRVINFO:nFMVersion{45074}nFpgaVersion{539038216}nPCBVersion{0}nState{0}nNextState{0}nPtvwarnState{0}nCrc32{0}nRevInfo{System.UInt32[]}nSignature{0}
2023-07-08 15:41:33,908 [AppLog] INFO : 创建：AutoPrintMotion1=》不需重新创建-手动操作！
2023-07-08 15:41:33,908 [AppLog] INFO : 进入：EquipmentMotionLogic3=》准备创建对象-手动操作！
2023-07-08 15:41:33,908 [AppLog] INFO : 进入：EquipmentMotionLogic3=》不需重新创建-手动操作！
2023-07-08 15:41:33,908 [AppLog] INFO : 进入：EquipmentMotionLogic3=》赋值完成自-AutoPrintMotion2！
2023-07-08 15:41:33,908 [AppLog] INFO : 进入：EquipmentMotionLogic3=》加载配置文件-LoadJsonFile成功！
2023-07-08 15:41:33,908 [AppLog] INFO : 进入：AutoPrintThread3！
2023-07-08 15:41:33,908 [AppLog] INFO : 准备读取编码器位置：X方向！
2023-07-08 15:41:33,908 [AppLog] INFO : 准备运动，当前位置：DEV_GetPrintEncoderValue：MoveDirectionFlag{false为Y方向：False}CurrentPos{22.105}AimPos{425}
2023-07-08 15:41:33,939 [AppLog] INFO : X方向运动开始：DEM_Run：返回值{True}nAxis{0}DirFlag{True}nSpeed{300000}MoveStep{402895}nCtlValue{2}
2023-07-08 15:41:35,827 [AppLog] INFO : X方向到位停止：DEM_StopAxisRun：返回值{True}CurrentPos{419.425}bImmeStop{False}nAxisMask{1}
2023-07-08 15:41:35,827 [AppLog] INFO : 准备读取编码器位置：Y方向！
2023-07-08 15:41:35,858 [AppLog] INFO : 准备运动，编码器当前位置：DEM_GetAxisEncodeVal：MoveDirectionFlag{false为Y方向：True}CurrentPos{100.955}AimPos{145}
2023-07-08 15:41:36,076 [AppLog] INFO : Y方向运动开始：DEM_Run：返回值{True}nAxis{1}DirFlag{True}nSpeed{300000}MoveStep{44128.289095}nCtlValue{1}
2023-07-08 15:41:36,139 [AppLog] INFO : Y方向到位停止：DEM_StopAxisRun：返回值{True}CurrentPos{141.93}bImmeStop{False}nAxisMask{2}
2023-07-08 15:41:36,139 [AppLog] INFO : 获取打印Pass数据：IDP_GetPassItem2：nLayerIndex{8}nPassID{2}nProcState{3}LPPassDataItemb:PrtDir{False}nDataTxCompleteCnt{1}nHwMemAdrMatchMask{1}nLayerIndex{8}nLayerPassCount{6}nLayerPassIndex{2}nMinJet0ImgLinePos{2915}nPrtMemHwAddr{System.UInt32[]}nPrtDataOffset{System.UInt32[]}nSrcDataSize{System.UInt32[]}nPrtColBytes{System.UInt32[]}nPrtPrecession{10.666}nSrcEndCols{6000}nSrcStartCols{0}nStartEncPos{76511}nValidPassJets{1280}nValidPrtCols{6233}nValidPrtCtlCnts{1}pDataBuf{0}pNextItem{767876976}
2023-07-08 15:41:36,139 [AppLog] INFO : 使能Pass打印成功：IDP_DoPassPrint2：nLayerIndex{8}nPassID{2}
2023-07-08 15:41:36,154 [AppLog] INFO : PASS打印前关键状态：DEV_GetDeviceInfo：nLayerIndex{8}nPassID{2}LPPRINTER_INFO:nXSysEncDPI{5080}nStatus{909129520}nPrintStatus{0}bSuperDevice{1}
LPPRINTER_INFO-LPPrtRunInfo:bJobPrtRuning{True}bLayerPrtIsOver{False}nContReqMemErr{0}nContWDErr{0}nCurPrtDir{0}nDTLayerIndex{17}nDTLayerPassIndex{5}nDTPtrCtlIndex{0}nLayerPassCount{6}nPrintLayerIndex{8}nPrintPassIndex{2}nProcLayerIndex{17}nPrtDataMemAddr{0}nPrtState{0}nReverse{System.Int32[]}nRevPrtCols{0}
LPPRINTER_INFO-LPDRVINFO:nFMVersion{45074}nFpgaVersion{539038216}nPCBVersion{0}nState{0}nNextState{0}nPtvwarnState{0}nCrc32{0}nRevInfo{System.UInt32[]}nSignature{0}
2023-07-08 15:41:36,154 [AppLog] INFO : 创建：AutoPrintMotion1=》不需重新创建-手动操作！
2023-07-08 15:41:36,154 [AppLog] INFO : 进入：EquipmentMotionLogic3=》准备创建对象-手动操作！
2023-07-08 15:41:36,154 [AppLog] INFO : 进入：EquipmentMotionLogic3=》不需重新创建-手动操作！
2023-07-08 15:41:36,154 [AppLog] INFO : 进入：EquipmentMotionLogic3=》赋值完成自-AutoPrintMotion2！
2023-07-08 15:41:36,154 [AppLog] INFO : 进入：EquipmentMotionLogic3=》加载配置文件-LoadJsonFile成功！
2023-07-08 15:41:36,154 [AppLog] INFO : 进入：AutoPrintThread3！
2023-07-08 15:41:36,154 [AppLog] INFO : 准备读取编码器位置：X方向！
2023-07-08 15:41:36,154 [AppLog] INFO : 准备运动，当前位置：DEV_GetPrintEncoderValue：MoveDirectionFlag{false为Y方向：False}CurrentPos{423.35}AimPos{25}
2023-07-08 15:41:36,185 [AppLog] INFO : X方向运动开始：DEM_Run：返回值{True}nAxis{0}DirFlag{False}nSpeed{300000}MoveStep{-398350}nCtlValue{2}
2023-07-08 15:41:38,057 [AppLog] INFO : X方向到位停止：DEM_StopAxisRun：返回值{True}CurrentPos{30.45}bImmeStop{False}nAxisMask{1}
2023-07-08 15:41:38,057 [AppLog] INFO : 准备读取编码器位置：Y方向！
2023-07-08 15:41:38,057 [AppLog] INFO : 准备运动，编码器当前位置：DEM_GetAxisEncodeVal：MoveDirectionFlag{false为Y方向：True}CurrentPos{145.02}AimPos{155.021166666667}
2023-07-08 15:41:38,182 [AppLog] INFO : Y方向运动开始：DEM_Run：返回值{True}nAxis{1}DirFlag{True}nSpeed{300000}MoveStep{10020.0788728333}nCtlValue{1}
2023-07-08 15:41:38,245 [AppLog] INFO : Y方向到位停止：DEM_StopAxisRun：返回值{True}CurrentPos{153.735}bImmeStop{False}nAxisMask{2}
2023-07-08 15:41:38,245 [AppLog] INFO : 获取打印Pass数据：IDP_GetPassItem2：nLayerIndex{8}nPassID{3}nProcState{3}LPPassDataItemb:PrtDir{True}nDataTxCompleteCnt{1}nHwMemAdrMatchMask{1}nLayerIndex{8}nLayerPassCount{6}nLayerPassIndex{3}nMinJet0ImgLinePos{4195}nPrtMemHwAddr{System.UInt32[]}nPrtDataOffset{System.UInt32[]}nSrcDataSize{System.UInt32[]}nPrtColBytes{System.UInt32[]}nPrtPrecession{10.666}nSrcEndCols{6000}nSrcStartCols{0}nStartEncPos{10000}nValidPassJets{1280}nValidPrtCols{6233}nValidPrtCtlCnts{1}pDataBuf{0}pNextItem{767877136}
2023-07-08 15:41:38,260 [AppLog] INFO : 使能Pass打印成功：IDP_DoPassPrint2：nLayerIndex{8}nPassID{3}
2023-07-08 15:41:38,260 [AppLog] INFO : PASS打印前关键状态：DEV_GetDeviceInfo：nLayerIndex{8}nPassID{3}LPPRINTER_INFO:nXSysEncDPI{5080}nStatus{909129520}nPrintStatus{0}bSuperDevice{1}
LPPRINTER_INFO-LPPrtRunInfo:bJobPrtRuning{True}bLayerPrtIsOver{False}nContReqMemErr{0}nContWDErr{0}nCurPrtDir{0}nDTLayerIndex{17}nDTLayerPassIndex{5}nDTPtrCtlIndex{0}nLayerPassCount{6}nPrintLayerIndex{8}nPrintPassIndex{3}nProcLayerIndex{17}nPrtDataMemAddr{0}nPrtState{0}nReverse{System.Int32[]}nRevPrtCols{0}
LPPRINTER_INFO-LPDRVINFO:nFMVersion{45074}nFpgaVersion{539038216}nPCBVersion{0}nState{0}nNextState{0}nPtvwarnState{0}nCrc32{0}nRevInfo{System.UInt32[]}nSignature{0}
2023-07-08 15:41:38,260 [AppLog] INFO : 创建：AutoPrintMotion1=》不需重新创建-手动操作！
2023-07-08 15:41:38,260 [AppLog] INFO : 进入：EquipmentMotionLogic3=》准备创建对象-手动操作！
2023-07-08 15:41:38,260 [AppLog] INFO : 进入：EquipmentMotionLogic3=》不需重新创建-手动操作！
2023-07-08 15:41:38,260 [AppLog] INFO : 进入：EquipmentMotionLogic3=》赋值完成自-AutoPrintMotion2！
2023-07-08 15:41:38,260 [AppLog] INFO : 进入：EquipmentMotionLogic3=》加载配置文件-LoadJsonFile成功！
2023-07-08 15:41:38,260 [AppLog] INFO : 进入：AutoPrintThread3！
2023-07-08 15:41:38,260 [AppLog] INFO : 准备读取编码器位置：X方向！
2023-07-08 15:41:38,260 [AppLog] INFO : 准备运动，当前位置：DEV_GetPrintEncoderValue：MoveDirectionFlag{false为Y方向：False}CurrentPos{26.595}AimPos{425}
2023-07-08 15:41:38,291 [AppLog] INFO : X方向运动开始：DEM_Run：返回值{True}nAxis{0}DirFlag{True}nSpeed{300000}MoveStep{398405}nCtlValue{2}
2023-07-08 15:41:40,163 [AppLog] INFO : X方向到位停止：DEM_StopAxisRun：返回值{True}CurrentPos{418.935}bImmeStop{False}nAxisMask{1}
2023-07-08 15:41:40,163 [AppLog] INFO : 准备读取编码器位置：Y方向！
2023-07-08 15:41:40,163 [AppLog] INFO : 准备运动，编码器当前位置：DEM_GetAxisEncodeVal：MoveDirectionFlag{false为Y方向：True}CurrentPos{154.99}AimPos{199}
2023-07-08 15:41:40,366 [AppLog] INFO : Y方向运动开始：DEM_Run：返回值{True}nAxis{1}DirFlag{True}nSpeed{300000}MoveStep{44093.22291}nCtlValue{1}
2023-07-08 15:41:40,429 [AppLog] INFO : Y方向到位停止：DEM_StopAxisRun：返回值{True}CurrentPos{194.075}bImmeStop{False}nAxisMask{2}
2023-07-08 15:41:40,429 [AppLog] INFO : 获取打印Pass数据：IDP_GetPassItem2：nLayerIndex{8}nPassID{4}nProcState{3}LPPassDataItemb:PrtDir{False}nDataTxCompleteCnt{1}nHwMemAdrMatchMask{1}nLayerIndex{8}nLayerPassCount{6}nLayerPassIndex{4}nMinJet0ImgLinePos{5475}nPrtMemHwAddr{System.UInt32[]}nPrtDataOffset{System.UInt32[]}nSrcDataSize{System.UInt32[]}nPrtColBytes{System.UInt32[]}nPrtPrecession{10.666}nSrcEndCols{6000}nSrcStartCols{0}nStartEncPos{76511}nValidPassJets{1280}nValidPrtCols{6233}nValidPrtCtlCnts{1}pDataBuf{0}pNextItem{767877296}
2023-07-08 15:41:40,444 [AppLog] INFO : 使能Pass打印成功：IDP_DoPassPrint2：nLayerIndex{8}nPassID{4}
2023-07-08 15:41:40,444 [AppLog] INFO : PASS打印前关键状态：DEV_GetDeviceInfo：nLayerIndex{8}nPassID{4}LPPRINTER_INFO:nXSysEncDPI{5080}nStatus{909129520}nPrintStatus{0}bSuperDevice{1}
LPPRINTER_INFO-LPPrtRunInfo:bJobPrtRuning{True}bLayerPrtIsOver{False}nContReqMemErr{0}nContWDErr{0}nCurPrtDir{0}nDTLayerIndex{17}nDTLayerPassIndex{5}nDTPtrCtlIndex{0}nLayerPassCount{6}nPrintLayerIndex{8}nPrintPassIndex{4}nProcLayerIndex{17}nPrtDataMemAddr{0}nPrtState{0}nReverse{System.Int32[]}nRevPrtCols{0}
LPPRINTER_INFO-LPDRVINFO:nFMVersion{45074}nFpgaVersion{539038216}nPCBVersion{0}nState{0}nNextState{0}nPtvwarnState{0}nCrc32{0}nRevInfo{System.UInt32[]}nSignature{0}
2023-07-08 15:41:40,444 [AppLog] INFO : 创建：AutoPrintMotion1=》不需重新创建-手动操作！
2023-07-08 15:41:40,444 [AppLog] INFO : 进入：EquipmentMotionLogic3=》准备创建对象-手动操作！
2023-07-08 15:41:40,444 [AppLog] INFO : 进入：EquipmentMotionLogic3=》不需重新创建-手动操作！
2023-07-08 15:41:40,444 [AppLog] INFO : 进入：EquipmentMotionLogic3=》赋值完成自-AutoPrintMotion2！
2023-07-08 15:41:40,444 [AppLog] INFO : 进入：EquipmentMotionLogic3=》加载配置文件-LoadJsonFile成功！
2023-07-08 15:41:40,444 [AppLog] INFO : 进入：AutoPrintThread3！
2023-07-08 15:41:40,444 [AppLog] INFO : 准备读取编码器位置：X方向！
2023-07-08 15:41:40,444 [AppLog] INFO : 准备运动，当前位置：DEV_GetPrintEncoderValue：MoveDirectionFlag{false为Y方向：False}CurrentPos{423.405}AimPos{25}
2023-07-08 15:41:40,475 [AppLog] INFO : X方向运动开始：DEM_Run：返回值{True}nAxis{0}DirFlag{False}nSpeed{300000}MoveStep{-398405}nCtlValue{2}
2023-07-08 15:41:42,347 [AppLog] INFO : X方向到位停止：DEM_StopAxisRun：返回值{True}CurrentPos{30.845}bImmeStop{False}nAxisMask{1}
2023-07-08 15:41:42,347 [AppLog] INFO : 准备读取编码器位置：Y方向！
2023-07-08 15:41:42,347 [AppLog] INFO : 准备运动，编码器当前位置：DEM_GetAxisEncodeVal：MoveDirectionFlag{false为Y方向：True}CurrentPos{199.06}AimPos{209.021166666667}
2023-07-08 15:41:42,472 [AppLog] INFO : Y方向运动开始：DEM_Run：返回值{True}nAxis{1}DirFlag{True}nSpeed{300000}MoveStep{9980.00323283332}nCtlValue{1}
2023-07-08 15:41:42,535 [AppLog] INFO : Y方向到位停止：DEM_StopAxisRun：返回值{True}CurrentPos{207.835}bImmeStop{False}nAxisMask{2}
2023-07-08 15:41:42,535 [AppLog] INFO : 获取打印Pass数据：IDP_GetPassItem2：nLayerIndex{8}nPassID{5}nProcState{3}LPPassDataItemb:PrtDir{True}nDataTxCompleteCnt{1}nHwMemAdrMatchMask{1}nLayerIndex{8}nLayerPassCount{6}nLayerPassIndex{5}nMinJet0ImgLinePos{6755}nPrtMemHwAddr{System.UInt32[]}nPrtDataOffset{System.UInt32[]}nSrcDataSize{System.UInt32[]}nPrtColBytes{System.UInt32[]}nPrtPrecession{10.666}nSrcEndCols{6000}nSrcStartCols{0}nStartEncPos{10000}nValidPassJets{1280}nValidPrtCols{6233}nValidPrtCtlCnts{1}pDataBuf{0}pNextItem{0}
2023-07-08 15:41:42,550 [AppLog] INFO : 使能Pass打印成功：IDP_DoPassPrint2：nLayerIndex{8}nPassID{5}
2023-07-08 15:41:42,550 [AppLog] INFO : PASS打印前关键状态：DEV_GetDeviceInfo：nLayerIndex{8}nPassID{5}LPPRINTER_INFO:nXSysEncDPI{5080}nStatus{909129520}nPrintStatus{0}bSuperDevice{1}
LPPRINTER_INFO-LPPrtRunInfo:bJobPrtRuning{True}bLayerPrtIsOver{False}nContReqMemErr{0}nContWDErr{0}nCurPrtDir{0}nDTLayerIndex{17}nDTLayerPassIndex{5}nDTPtrCtlIndex{0}nLayerPassCount{6}nPrintLayerIndex{8}nPrintPassIndex{5}nProcLayerIndex{17}nPrtDataMemAddr{0}nPrtState{0}nReverse{System.Int32[]}nRevPrtCols{0}
LPPRINTER_INFO-LPDRVINFO:nFMVersion{45074}nFpgaVersion{539038216}nPCBVersion{0}nState{0}nNextState{0}nPtvwarnState{0}nCrc32{0}nRevInfo{System.UInt32[]}nSignature{0}
2023-07-08 15:41:42,550 [AppLog] INFO : 创建：AutoPrintMotion1=》不需重新创建-手动操作！
2023-07-08 15:41:42,550 [AppLog] INFO : 进入：EquipmentMotionLogic3=》准备创建对象-手动操作！
2023-07-08 15:41:42,550 [AppLog] INFO : 进入：EquipmentMotionLogic3=》不需重新创建-手动操作！
2023-07-08 15:41:42,550 [AppLog] INFO : 进入：EquipmentMotionLogic3=》赋值完成自-AutoPrintMotion2！
2023-07-08 15:41:42,550 [AppLog] INFO : 进入：EquipmentMotionLogic3=》加载配置文件-LoadJsonFile成功！
2023-07-08 15:41:42,550 [AppLog] INFO : 进入：AutoPrintThread3！
2023-07-08 15:41:42,550 [AppLog] INFO : 准备读取编码器位置：X方向！
2023-07-08 15:41:42,550 [AppLog] INFO : 准备运动，当前位置：DEV_GetPrintEncoderValue：MoveDirectionFlag{false为Y方向：False}CurrentPos{26.615}AimPos{425}
2023-07-08 15:41:42,581 [AppLog] INFO : X方向运动开始：DEM_Run：返回值{True}nAxis{0}DirFlag{True}nSpeed{300000}MoveStep{398385}nCtlValue{2}
2023-07-08 15:41:44,453 [AppLog] INFO : X方向到位停止：DEM_StopAxisRun：返回值{True}CurrentPos{418.435}bImmeStop{False}nAxisMask{1}
2023-07-08 15:41:44,453 [AppLog] INFO : 准备读取编码器位置：X方向！
2023-07-08 15:41:44,453 [AppLog] INFO : 准备运动，当前位置：DEV_GetPrintEncoderValue：MoveDirectionFlag{false为Y方向：False}CurrentPos{418.645}AimPos{780}
2023-07-08 15:41:44,485 [AppLog] INFO : X方向运动开始：DEM_Run：返回值{True}nAxis{0}DirFlag{True}nSpeed{300000}MoveStep{361355}nCtlValue{2}
2023-07-08 15:41:44,547 [AppLog] INFO : 准备读取编码器位置：Y方向！
2023-07-08 15:41:44,547 [AppLog] INFO : 准备运动，编码器当前位置：DEM_GetAxisEncodeVal：MoveDirectionFlag{false为Y方向：True}CurrentPos{209.01}AimPos{121}
2023-07-08 15:41:44,921 [AppLog] INFO : Y方向运动开始：DEM_Run：返回值{True}nAxis{1}DirFlag{False}nSpeed{300000}MoveStep{-88176.42691}nCtlValue{1}
2023-07-08 15:41:46,247 [AppLog] INFO : Y方向到位等停：DEM_StopAxisRun：返回值{True}bImmeStop{False}nAxisMask{1}
2023-07-08 15:41:46,247 [AppLog] INFO : X方向到位等停：DEM_StopAxisRun：返回值{True}bImmeStop{False}nAxisMask{2}
2023-07-08 15:41:46,263 [AppLog] INFO : 开启闪喷操作：IDP_FlashPrtCtl：返回值{True}
2023-07-08 15:41:46,263 [AppLog] INFO : 进入：EquipmentMotionLogic3=》准备创建对象-手动操作！
2023-07-08 15:41:46,263 [AppLog] INFO : 进入：EquipmentMotionLogic3=》不需重新创建-手动操作！
2023-07-08 15:41:46,263 [AppLog] INFO : 进入：EquipmentMotionLogic3=》赋值完成自-AutoPrintMotion2！
2023-07-08 15:41:46,263 [AppLog] INFO : 进入：EquipmentMotionLogic3=》加载配置文件-LoadJsonFile成功！
2023-07-08 15:41:46,263 [AppLog] INFO : 进入自动铺粉逻辑：NewAutoSupplyPowderThread2
2023-07-08 15:41:46,263 [AppLog] INFO : 电气控制模块：手动打开端口14
2023-07-08 15:41:46,263 [AppLog] INFO : 电气控制模块：手动打开端口15
2023-07-08 15:41:46,341 [AppLog] INFO : 手动正向点动指令（8轴运控板卡系统） ====》：输出AXIS{第1轴},点动量{-0.1MM},运动速度{2MM/s}
2023-07-08 15:41:46,341 [AppLog] INFO : 成形面高度下降层厚 TrapSpace{0.1mm}：TrapMoveUp(1, true, Convert.ToString(vel), Convert.ToString(TrapSpace), true, true）
2023-07-08 15:41:47,105 [AppLog] INFO : 手动正向点动指令（8轴运控板卡系统） ====》：输出AXIS{第1轴},点动量{-1.5MM},运动速度{2MM/s}
2023-07-08 15:41:47,105 [AppLog] INFO : 成形面高度下降指定厚度 TrapSpace{1.5mm}：TrapMoveUp(1, true, Convert.ToString(vel), Convert.ToString(TrapSpace), true, true）
2023-07-08 15:41:47,885 [AppLog] INFO : 手动正向点动指令（8轴运控板卡系统） ====》：输出AXIS{第1轴},点动量{1.5MM},运动速度{2MM/s}
2023-07-08 15:41:47,885 [AppLog] INFO : 电气控制模块：手动关闭端口15
2023-07-08 15:41:47,885 [AppLog] INFO : 电气控制模块：手动关闭端口14
2023-07-08 15:41:47,885 [AppLog] INFO : 成形面高度上升层厚 TrapSpace{1.5mm}：TrapMoveUp(1, true, Convert.ToString(vel), Convert.ToString(TrapSpace), true, true）
2023-07-08 15:41:48,135 [AppLog] INFO : 手动正向点动指令（8轴运控板卡系统） ====》：输出AXIS{第8轴},点动量{0.6MM},运动速度{2.5MM/s}
2023-07-08 15:41:48,135 [AppLog] INFO : Hopper落粉轴转2圈落粉，速度0.5rev/s：TrapMoveUp(8, true, 0.5, rotateNuM.ToString(), true, false)
2023-07-08 15:41:49,149 [AppLog] INFO : 开启铺粉车不等停运动，准备运动至准备打印位置215mm，速度250mm/s：BackToStation2
2023-07-08 15:41:50,007 [AppLog] INFO : 手动正向点动指令（8轴运控板卡系统） ====》：输出AXIS{第2轴},点动量{216.5MM},运动速度{250MM/s}
2023-07-08 15:41:50,007 [AppLog] INFO : 当前铺粉车位置：打印位置215mm
2023-07-08 15:41:50,007 [AppLog] INFO : 手动正向点动指令（8轴运控板卡系统） ====》：输出AXIS{第2轴},点动量{480MM},运动速度{25MM/s}
2023-07-08 15:41:50,007 [AppLog] INFO : 开启铺粉车不等停运动至准备打印位置695mm，速度25mm/s：BackToStation2
2023-07-08 15:41:50,132 [AppLog] INFO : 打开IR灯：OpenIRLamp(true)
2023-07-08 15:41:50,257 [AppLog] INFO : 手动正向点动指令（8轴运控板卡系统） ====》：输出AXIS{第3轴},点动量{0.125MM},运动速度{1MM/s}
2023-07-08 15:41:50,257 [AppLog] INFO : 在{40mm}处，落粉轴运动{45度}，落粉轴转速{1rev/s}：TrapMoveUp(3, true, Convert.ToString(DispenseRollerSpeed), 0.5, true, true)
2023-07-08 15:41:50,257 [AppLog] INFO : 手动正向点动指令（8轴运控板卡系统） ====》：输出AXIS{第3轴},点动量{0.5MM},运动速度{0.0376712328767123MM/s}
2023-07-08 15:41:50,257 [AppLog] INFO : 开启均匀落粉及辊子铺平运动：TrapMoveUp(3, true, Convert.ToString(DispenseRollerSpeed), 0.5, true, true)
2023-07-08 15:42:01,926 [AppLog] INFO : 关闭IR灯：OpenIRLamp(false)
2023-07-08 15:42:06,481 [AppLog] INFO : 手动正向点动指令（8轴运控板卡系统） ====》：输出AXIS{第3轴},点动量{0.5MM},运动速度{2MM/s}
2023-07-08 15:42:06,481 [AppLog] INFO : 落粉轴继续转动以倒掉余粉：TrapMoveUp(3, true, 2, 0.5, true, false)
2023-07-08 15:42:09,211 [AppLog] INFO : 电气控制模块：手动打开端口14
2023-07-08 15:42:09,211 [AppLog] INFO : 电气控制模块：手动打开端口15
2023-07-08 15:42:09,991 [AppLog] INFO : 手动正向点动指令（8轴运控板卡系统） ====》：输出AXIS{第1轴},点动量{-1.5MM},运动速度{2MM/s}
2023-07-08 15:42:09,991 [AppLog] INFO : 电气控制模块：手动关闭端口15
2023-07-08 15:42:09,991 [AppLog] INFO : 电气控制模块：手动关闭端口14
2023-07-08 15:42:09,991 [AppLog] INFO : 成形面高度下降指定厚度 TrapSpace{1.5mm}：TrapMoveUp(1, true, Convert.ToString(vel), Convert.ToString(TrapSpace), true, true）
2023-07-08 15:42:12,783 [AppLog] INFO : 手动正向点动指令（8轴运控板卡系统） ====》：输出AXIS{第2轴},点动量{-696.5MM},运动速度{250MM/s}
2023-07-08 15:42:12,783 [AppLog] INFO : 铺粉车返回至站1：BackToStation2(AimPos, MovSpeed, true)：-1.5mm，速度250mm/s：BackToStation2
2023-07-08 15:42:13,563 [AppLog] INFO : 落粉轴回零成功：motionMap.SetBackSpreaderAxis(3, 0.5, 2, -SinkPosition)：ReturnCode{True}
2023-07-08 15:42:13,563 [AppLog] INFO : 电气控制模块：手动打开端口14
2023-07-08 15:42:13,563 [AppLog] INFO : 电气控制模块：手动打开端口15
2023-07-08 15:42:14,328 [AppLog] INFO : 手动正向点动指令（8轴运控板卡系统） ====》：输出AXIS{第1轴},点动量{1.5MM},运动速度{2MM/s}
2023-07-08 15:42:14,328 [AppLog] INFO : 电气控制模块：手动关闭端口15
2023-07-08 15:42:14,328 [AppLog] INFO : 电气控制模块：手动关闭端口14
2023-07-08 15:42:14,328 [AppLog] INFO : 成形面高度上升层厚 TrapSpace{1.5mm}：TrapMoveUp(1, true, Convert.ToString(vel), Convert.ToString(TrapSpace), true, true）
2023-07-08 15:42:14,328 [AppLog] INFO : 自动铺粉正常结束：NewAutoSupplyPowderThread2
2023-07-08 15:42:14,328 [AppLog] INFO : 发送监控指令，拍照记录1条：SendMessageFromSharedMemory
2023-07-08 15:42:14,328 [AppLog] INFO : 铺粉模式：铺粉固化同时进行！
2023-07-08 15:42:14,328 [AppLog] INFO : 执行完成铺粉固化操作：EquipmentMotionLogic3：m_bApplyPowderSupplyMotion:0
2023-07-08 15:42:14,328 [AppLog] INFO : 接收到恢复打印指令：PrintTaskTHREAD
2023-07-08 15:42:14,328 [AppLog] INFO : 获取打印Pass数据：IDP_GetPassItem2：nLayerIndex{9}nPassID{0}nProcState{3}LPPassDataItemb:PrtDir{False}nDataTxCompleteCnt{1}nHwMemAdrMatchMask{1}nLayerIndex{9}nLayerPassCount{6}nLayerPassIndex{0}nMinJet0ImgLinePos{355}nPrtMemHwAddr{System.UInt32[]}nPrtDataOffset{System.UInt32[]}nSrcDataSize{System.UInt32[]}nPrtColBytes{System.UInt32[]}nPrtPrecession{10.666}nSrcEndCols{6000}nSrcStartCols{0}nStartEncPos{76511}nValidPassJets{1280}nValidPrtCols{6233}nValidPrtCtlCnts{1}pDataBuf{0}pNextItem{767877616}
2023-07-08 15:42:14,343 [AppLog] INFO : 使能Pass打印成功：IDP_DoPassPrint2：nLayerIndex{9}nPassID{0}
2023-07-08 15:42:14,343 [AppLog] INFO : PASS打印前关键状态：DEV_GetDeviceInfo：nLayerIndex{9}nPassID{0}LPPRINTER_INFO:nXSysEncDPI{5080}nStatus{909129520}nPrintStatus{0}bSuperDevice{1}
LPPRINTER_INFO-LPPrtRunInfo:bJobPrtRuning{True}bLayerPrtIsOver{False}nContReqMemErr{0}nContWDErr{0}nCurPrtDir{0}nDTLayerIndex{17}nDTLayerPassIndex{5}nDTPtrCtlIndex{0}nLayerPassCount{6}nPrintLayerIndex{9}nPrintPassIndex{0}nProcLayerIndex{17}nPrtDataMemAddr{0}nPrtState{0}nReverse{System.Int32[]}nRevPrtCols{0}
LPPRINTER_INFO-LPDRVINFO:nFMVersion{45074}nFpgaVersion{539038216}nPCBVersion{0}nState{0}nNextState{0}nPtvwarnState{0}nCrc32{0}nRevInfo{System.UInt32[]}nSignature{0}
2023-07-08 15:42:14,343 [AppLog] INFO : 创建：AutoPrintMotion1=》不需重新创建-手动操作！
2023-07-08 15:42:14,343 [AppLog] INFO : 进入：EquipmentMotionLogic3=》准备创建对象-手动操作！
2023-07-08 15:42:14,343 [AppLog] INFO : 进入：EquipmentMotionLogic3=》不需重新创建-手动操作！
2023-07-08 15:42:14,343 [AppLog] INFO : 进入：EquipmentMotionLogic3=》赋值完成自-AutoPrintMotion2！
2023-07-08 15:42:14,343 [AppLog] INFO : 进入：EquipmentMotionLogic3=》加载配置文件-LoadJsonFile成功！
2023-07-08 15:42:14,343 [AppLog] INFO : 进入自动清洗过程：AutoCleanThread
2023-07-08 15:42:14,608 [AppLog] INFO : 准备处理第17层数据：准备调用RenderToWic，index为17，subindex为0，g_nRePrintTimes为1，起始层为0
2023-07-08 15:42:14,671 [AppLog] INFO : 完成处理第17层数据：准备调用DrawLayerBMP，index为17，起始层为0
2023-07-08 15:42:14,671 [AppLog] INFO : 完成处理第17层数据：准备调用DrawLayerBMP，index为17，起始层为0
2023-07-08 15:42:14,718 [AppLog] INFO : 刮墨轴回零成功：motionMap.SetBackSpreaderAxis(4, 1, 2, -SinkHomePosition)
2023-07-08 15:42:14,718 [AppLog] INFO : 准备读取编码器位置：Y方向！
2023-07-08 15:42:14,718 [AppLog] INFO : 准备运动，编码器当前位置：DEM_GetAxisEncodeVal：MoveDirectionFlag{false为Y方向：True}CurrentPos{121.045}AimPos{116}
2023-07-08 15:42:14,842 [AppLog] INFO : Y方向运动开始：DEM_Run：返回值{True}nAxis{1}DirFlag{False}nSpeed{300000}MoveStep{-5054.540095}nCtlValue{1}
2023-07-08 15:42:14,905 [AppLog] INFO : Y方向到位停止：DEM_StopAxisRun：返回值{True}CurrentPos{116.445}bImmeStop{False}nAxisMask{2}
2023-07-08 15:42:14,905 [AppLog] INFO : 准备读取编码器位置：X方向！
2023-07-08 15:42:14,905 [AppLog] INFO : 准备运动，当前位置：DEV_GetPrintEncoderValue：MoveDirectionFlag{false为Y方向：False}CurrentPos{784.705}AimPos{780}
2023-07-08 15:42:14,936 [AppLog] INFO : X方向运动开始：DEM_Run：返回值{True}nAxis{0}DirFlag{False}nSpeed{300000}MoveStep{-4705.00000000004}nCtlValue{2}
2023-07-08 15:42:15,030 [AppLog] INFO : 作业写入成功：IDP_WriteImgLayerData：bpp:{1bit}灰阶:{1阶}nLayerIndex{18}LayerIndex{17}SubIndex{1}RePrintTimes{1}nBytesPerLine{752}nWidth{6001}nHeight{7680}nXEncOff{0}nYJetOff{355}nImgStartJetIndex{0}nXDPI{476.25}nYDPI{600}nPrtDir{0} nPrtFlag{1}nColorCnts{1}nReserved{System.Int32[]}
2023-07-08 15:42:15,030 [AppLog] INFO : 完成处理第17层数据：准备调用RenderToWic，index为17，subindex为0，g_nRePrintTimes为1，起始层为0
2023-07-08 15:42:15,170 [AppLog] INFO : X方向到位停止：DEM_StopAxisRun：返回值{True}CurrentPos{781.475}bImmeStop{False}nAxisMask{1}
2023-07-08 15:42:16,387 [AppLog] INFO : 开启手动清洗挤墨喷头，DEV_EnableTimer: 端口{11}，清洗控制周期：{0.5}S,{0.5}S
2023-07-08 15:42:17,401 [AppLog] INFO : 关闭手动清洗挤墨喷头：DEV_EnableTimer
2023-07-08 15:42:17,401 [AppLog] INFO : 压墨等待开启：{1.5S}
2023-07-08 15:42:18,914 [AppLog] INFO : 压墨等待完成：{1.5S}
2023-07-08 15:42:18,914 [AppLog] INFO : 准备读取编码器位置：X方向！
2023-07-08 15:42:18,914 [AppLog] INFO : 准备运动，当前位置：DEV_GetPrintEncoderValue：MoveDirectionFlag{false为Y方向：False}CurrentPos{780.345}AimPos{680}
2023-07-08 15:42:18,945 [AppLog] INFO : X方向运动开始：DEM_Run：返回值{True}nAxis{0}DirFlag{False}nSpeed{200000}MoveStep{-100345}nCtlValue{2}
2023-07-08 15:42:19,819 [AppLog] INFO : X方向到位停止：DEM_StopAxisRun：返回值{True}CurrentPos{683.115}bImmeStop{False}nAxisMask{1}
2023-07-08 15:42:20,396 [AppLog] INFO : 结束自动清洗过程：AutoCleanThread
2023-07-08 15:42:20,396 [AppLog] INFO : 进入：EquipmentMotionLogic3=》准备创建对象-手动操作！
2023-07-08 15:42:20,396 [AppLog] INFO : 进入：EquipmentMotionLogic3=》不需重新创建-手动操作！
2023-07-08 15:42:20,396 [AppLog] INFO : 进入：EquipmentMotionLogic3=》赋值完成自-AutoPrintMotion2！
2023-07-08 15:42:20,396 [AppLog] INFO : 进入：EquipmentMotionLogic3=》加载配置文件-LoadJsonFile成功！
2023-07-08 15:42:20,396 [AppLog] INFO : 进入：AutoPrintThread3！
2023-07-08 15:42:20,396 [AppLog] INFO : 关闭闪喷操作：IDP_FlashPrtCtl：返回值{True}
2023-07-08 15:42:20,396 [AppLog] INFO : 准备读取编码器位置：Y方向！
2023-07-08 15:42:20,396 [AppLog] INFO : 准备运动，编码器当前位置：DEM_GetAxisEncodeVal：MoveDirectionFlag{false为Y方向：True}CurrentPos{115.995}AimPos{93.5}
2023-07-08 15:42:20,536 [AppLog] INFO : Y方向运动开始：DEM_Run：返回值{True}nAxis{1}DirFlag{False}nSpeed{300000}MoveStep{-22537.538045}nCtlValue{1}
2023-07-08 15:42:20,599 [AppLog] INFO : 准备读取编码器位置：X方向！
2023-07-08 15:42:20,599 [AppLog] INFO : 准备运动，当前位置：DEV_GetPrintEncoderValue：MoveDirectionFlag{false为Y方向：False}CurrentPos{680.225}AimPos{425}
2023-07-08 15:42:20,630 [AppLog] INFO : X方向运动开始：DEM_Run：返回值{True}nAxis{0}DirFlag{False}nSpeed{300000}MoveStep{-255225}nCtlValue{2}
2023-07-08 15:42:22,018 [AppLog] INFO : X方向到位停止：DEM_StopAxisRun：返回值{True}CurrentPos{430.175}bImmeStop{False}nAxisMask{1}
2023-07-08 15:42:22,018 [AppLog] INFO : 准备读取编码器位置：X方向！
2023-07-08 15:42:22,018 [AppLog] INFO : 准备运动，当前位置：DEV_GetPrintEncoderValue：MoveDirectionFlag{false为Y方向：False}CurrentPos{429.91}AimPos{25}
2023-07-08 15:42:22,050 [AppLog] INFO : X方向运动开始：DEM_Run：返回值{True}nAxis{0}DirFlag{False}nSpeed{300000}MoveStep{-404910}nCtlValue{2}
2023-07-08 15:42:23,937 [AppLog] INFO : X方向到位停止：DEM_StopAxisRun：返回值{True}CurrentPos{25.355}bImmeStop{False}nAxisMask{1}
2023-07-08 15:42:23,937 [AppLog] INFO : 准备读取编码器位置：Y方向！
2023-07-08 15:42:23,937 [AppLog] INFO : 准备运动，编码器当前位置：DEM_GetAxisEncodeVal：MoveDirectionFlag{false为Y方向：True}CurrentPos{93.505}AimPos{98.5211666666667}
2023-07-08 15:42:24,062 [AppLog] INFO : Y方向运动开始：DEM_Run：返回值{True}nAxis{1}DirFlag{True}nSpeed{300000}MoveStep{5025.65223783334}nCtlValue{1}
2023-07-08 15:42:24,124 [AppLog] INFO : Y方向到位停止：DEM_StopAxisRun：返回值{True}CurrentPos{97.8}bImmeStop{False}nAxisMask{2}
2023-07-08 15:42:24,124 [AppLog] INFO : 获取打印Pass数据：IDP_GetPassItem2：nLayerIndex{9}nPassID{1}nProcState{3}LPPassDataItemb:PrtDir{True}nDataTxCompleteCnt{1}nHwMemAdrMatchMask{1}nLayerIndex{9}nLayerPassCount{6}nLayerPassIndex{1}nMinJet0ImgLinePos{1635}nPrtMemHwAddr{System.UInt32[]}nPrtDataOffset{System.UInt32[]}nSrcDataSize{System.UInt32[]}nPrtColBytes{System.UInt32[]}nPrtPrecession{10.666}nSrcEndCols{6000}nSrcStartCols{0}nStartEncPos{10000}nValidPassJets{1280}nValidPrtCols{6233}nValidPrtCtlCnts{1}pDataBuf{0}pNextItem{767877776}
2023-07-08 15:42:24,140 [AppLog] INFO : 使能Pass打印成功：IDP_DoPassPrint2：nLayerIndex{9}nPassID{1}
2023-07-08 15:42:24,140 [AppLog] INFO : PASS打印前关键状态：DEV_GetDeviceInfo：nLayerIndex{9}nPassID{1}LPPRINTER_INFO:nXSysEncDPI{5080}nStatus{909129520}nPrintStatus{0}bSuperDevice{1}
LPPRINTER_INFO-LPPrtRunInfo:bJobPrtRuning{True}bLayerPrtIsOver{False}nContReqMemErr{0}nContWDErr{0}nCurPrtDir{0}nDTLayerIndex{18}nDTLayerPassIndex{5}nDTPtrCtlIndex{0}nLayerPassCount{6}nPrintLayerIndex{9}nPrintPassIndex{1}nProcLayerIndex{18}nPrtDataMemAddr{0}nPrtState{0}nReverse{System.Int32[]}nRevPrtCols{0}
LPPRINTER_INFO-LPDRVINFO:nFMVersion{45074}nFpgaVersion{539038216}nPCBVersion{0}nState{0}nNextState{0}nPtvwarnState{0}nCrc32{0}nRevInfo{System.UInt32[]}nSignature{0}
2023-07-08 15:42:24,140 [AppLog] INFO : 创建：AutoPrintMotion1=》不需重新创建-手动操作！
2023-07-08 15:42:24,140 [AppLog] INFO : 进入：EquipmentMotionLogic3=》准备创建对象-手动操作！
2023-07-08 15:42:24,140 [AppLog] INFO : 进入：EquipmentMotionLogic3=》不需重新创建-手动操作！
2023-07-08 15:42:24,140 [AppLog] INFO : 进入：EquipmentMotionLogic3=》赋值完成自-AutoPrintMotion2！
2023-07-08 15:42:24,140 [AppLog] INFO : 进入：EquipmentMotionLogic3=》加载配置文件-LoadJsonFile成功！
2023-07-08 15:42:24,140 [AppLog] INFO : 进入：AutoPrintThread3！
2023-07-08 15:42:24,140 [AppLog] INFO : 准备读取编码器位置：X方向！
2023-07-08 15:42:24,140 [AppLog] INFO : 准备运动，当前位置：DEV_GetPrintEncoderValue：MoveDirectionFlag{false为Y方向：False}CurrentPos{21.21}AimPos{425}
2023-07-08 15:42:24,171 [AppLog] INFO : X方向运动开始：DEM_Run：返回值{True}nAxis{0}DirFlag{True}nSpeed{300000}MoveStep{403790}nCtlValue{2}
2023-07-08 15:42:26,059 [AppLog] INFO : X方向到位停止：DEM_StopAxisRun：返回值{True}CurrentPos{419.21}bImmeStop{False}nAxisMask{1}
2023-07-08 15:42:26,059 [AppLog] INFO : 准备读取编码器位置：Y方向！
2023-07-08 15:42:26,059 [AppLog] INFO : 准备运动，编码器当前位置：DEM_GetAxisEncodeVal：MoveDirectionFlag{false为Y方向：True}CurrentPos{98.495}AimPos{147.5}
2023-07-08 15:42:26,293 [AppLog] INFO : Y方向运动开始：DEM_Run：返回值{True}nAxis{1}DirFlag{True}nSpeed{300000}MoveStep{49097.668455}nCtlValue{1}
2023-07-08 15:42:26,355 [AppLog] INFO : Y方向到位停止：DEM_StopAxisRun：返回值{True}CurrentPos{144.245}bImmeStop{False}nAxisMask{2}
2023-07-08 15:42:26,355 [AppLog] INFO : 获取打印Pass数据：IDP_GetPassItem2：nLayerIndex{9}nPassID{2}nProcState{3}LPPassDataItemb:PrtDir{False}nDataTxCompleteCnt{1}nHwMemAdrMatchMask{1}nLayerIndex{9}nLayerPassCount{6}nLayerPassIndex{2}nMinJet0ImgLinePos{2915}nPrtMemHwAddr{System.UInt32[]}nPrtDataOffset{System.UInt32[]}nSrcDataSize{System.UInt32[]}nPrtColBytes{System.UInt32[]}nPrtPrecession{10.666}nSrcEndCols{6000}nSrcStartCols{0}nStartEncPos{76511}nValidPassJets{1280}nValidPrtCols{6233}nValidPrtCtlCnts{1}pDataBuf{0}pNextItem{767877936}
2023-07-08 15:42:26,371 [AppLog] INFO : 使能Pass打印成功：IDP_DoPassPrint2：nLayerIndex{9}nPassID{2}
2023-07-08 15:42:26,371 [AppLog] INFO : PASS打印前关键状态：DEV_GetDeviceInfo：nLayerIndex{9}nPassID{2}LPPRINTER_INFO:nXSysEncDPI{5080}nStatus{909129520}nPrintStatus{0}bSuperDevice{1}
LPPRINTER_INFO-LPPrtRunInfo:bJobPrtRuning{True}bLayerPrtIsOver{False}nContReqMemErr{0}nContWDErr{0}nCurPrtDir{0}nDTLayerIndex{18}nDTLayerPassIndex{5}nDTPtrCtlIndex{0}nLayerPassCount{6}nPrintLayerIndex{9}nPrintPassIndex{2}nProcLayerIndex{18}nPrtDataMemAddr{0}nPrtState{0}nReverse{System.Int32[]}nRevPrtCols{0}
LPPRINTER_INFO-LPDRVINFO:nFMVersion{45074}nFpgaVersion{539038216}nPCBVersion{0}nState{0}nNextState{0}nPtvwarnState{0}nCrc32{0}nRevInfo{System.UInt32[]}nSignature{0}
2023-07-08 15:42:26,371 [AppLog] INFO : 创建：AutoPrintMotion1=》不需重新创建-手动操作！
2023-07-08 15:42:26,371 [AppLog] INFO : 进入：EquipmentMotionLogic3=》准备创建对象-手动操作！
2023-07-08 15:42:26,371 [AppLog] INFO : 进入：EquipmentMotionLogic3=》不需重新创建-手动操作！
2023-07-08 15:42:26,371 [AppLog] INFO : 进入：EquipmentMotionLogic3=》赋值完成自-AutoPrintMotion2！
2023-07-08 15:42:26,371 [AppLog] INFO : 进入：EquipmentMotionLogic3=》加载配置文件-LoadJsonFile成功！
2023-07-08 15:42:26,371 [AppLog] INFO : 进入：AutoPrintThread3！
2023-07-08 15:42:26,371 [AppLog] INFO : 准备读取编码器位置：X方向！
2023-07-08 15:42:26,371 [AppLog] INFO : 准备运动，当前位置：DEV_GetPrintEncoderValue：MoveDirectionFlag{false为Y方向：False}CurrentPos{423.34}AimPos{25}
2023-07-08 15:42:26,402 [AppLog] INFO : X方向运动开始：DEM_Run：返回值{True}nAxis{0}DirFlag{False}nSpeed{300000}MoveStep{-398340}nCtlValue{2}
2023-07-08 15:42:28,258 [AppLog] INFO : X方向到位停止：DEM_StopAxisRun：返回值{True}CurrentPos{30.83}bImmeStop{False}nAxisMask{1}
2023-07-08 15:42:28,258 [AppLog] INFO : 准备读取编码器位置：Y方向！
2023-07-08 15:42:28,274 [AppLog] INFO : 准备运动，编码器当前位置：DEM_GetAxisEncodeVal：MoveDirectionFlag{false为Y方向：True}CurrentPos{147.46}AimPos{152.521166666667}
2023-07-08 15:42:28,399 [AppLog] INFO : Y方向运动开始：DEM_Run：返回值{True}nAxis{1}DirFlag{True}nSpeed{300000}MoveStep{5070.73733283332}nCtlValue{1}
2023-07-08 15:42:28,477 [AppLog] INFO : Y方向到位停止：DEM_StopAxisRun：返回值{True}CurrentPos{151.975}bImmeStop{False}nAxisMask{2}
2023-07-08 15:42:28,477 [AppLog] INFO : 获取打印Pass数据：IDP_GetPassItem2：nLayerIndex{9}nPassID{3}nProcState{3}LPPassDataItemb:PrtDir{True}nDataTxCompleteCnt{1}nHwMemAdrMatchMask{1}nLayerIndex{9}nLayerPassCount{6}nLayerPassIndex{3}nMinJet0ImgLinePos{4195}nPrtMemHwAddr{System.UInt32[]}nPrtDataOffset{System.UInt32[]}nSrcDataSize{System.UInt32[]}nPrtColBytes{System.UInt32[]}nPrtPrecession{10.666}nSrcEndCols{6000}nSrcStartCols{0}nStartEncPos{10000}nValidPassJets{1280}nValidPrtCols{6233}nValidPrtCtlCnts{1}pDataBuf{0}pNextItem{767878096}
2023-07-08 15:42:28,477 [AppLog] INFO : 使能Pass打印成功：IDP_DoPassPrint2：nLayerIndex{9}nPassID{3}
2023-07-08 15:42:28,492 [AppLog] INFO : PASS打印前关键状态：DEV_GetDeviceInfo：nLayerIndex{9}nPassID{3}LPPRINTER_INFO:nXSysEncDPI{5080}nStatus{909129520}nPrintStatus{0}bSuperDevice{1}
LPPRINTER_INFO-LPPrtRunInfo:bJobPrtRuning{True}bLayerPrtIsOver{False}nContReqMemErr{0}nContWDErr{0}nCurPrtDir{0}nDTLayerIndex{18}nDTLayerPassIndex{5}nDTPtrCtlIndex{0}nLayerPassCount{6}nPrintLayerIndex{9}nPrintPassIndex{3}nProcLayerIndex{18}nPrtDataMemAddr{0}nPrtState{0}nReverse{System.Int32[]}nRevPrtCols{0}
LPPRINTER_INFO-LPDRVINFO:nFMVersion{45074}nFpgaVersion{539038216}nPCBVersion{0}nState{0}nNextState{0}nPtvwarnState{0}nCrc32{0}nRevInfo{System.UInt32[]}nSignature{0}
2023-07-08 15:42:28,492 [AppLog] INFO : 创建：AutoPrintMotion1=》不需重新创建-手动操作！
2023-07-08 15:42:28,492 [AppLog] INFO : 进入：EquipmentMotionLogic3=》准备创建对象-手动操作！
2023-07-08 15:42:28,492 [AppLog] INFO : 进入：EquipmentMotionLogic3=》不需重新创建-手动操作！
2023-07-08 15:42:28,492 [AppLog] INFO : 进入：EquipmentMotionLogic3=》赋值完成自-AutoPrintMotion2！
2023-07-08 15:42:28,492 [AppLog] INFO : 进入：EquipmentMotionLogic3=》加载配置文件-LoadJsonFile成功！
2023-07-08 15:42:28,492 [AppLog] INFO : 进入：AutoPrintThread3！
2023-07-08 15:42:28,492 [AppLog] INFO : 准备读取编码器位置：X方向！
2023-07-08 15:42:28,492 [AppLog] INFO : 准备运动，当前位置：DEV_GetPrintEncoderValue：MoveDirectionFlag{false为Y方向：False}CurrentPos{26.64}AimPos{425}
2023-07-08 15:42:28,524 [AppLog] INFO : X方向运动开始：DEM_Run：返回值{True}nAxis{0}DirFlag{True}nSpeed{300000}MoveStep{398360}nCtlValue{2}
2023-07-08 15:42:30,396 [AppLog] INFO : X方向到位停止：DEM_StopAxisRun：返回值{True}CurrentPos{418.89}bImmeStop{False}nAxisMask{1}
2023-07-08 15:42:30,396 [AppLog] INFO : 准备读取编码器位置：Y方向！
2023-07-08 15:42:30,396 [AppLog] INFO : 准备运动，编码器当前位置：DEM_GetAxisEncodeVal：MoveDirectionFlag{false为Y方向：True}CurrentPos{152.535}AimPos{201.5}
2023-07-08 15:42:30,630 [AppLog] INFO : Y方向运动开始：DEM_Run：返回值{True}nAxis{1}DirFlag{True}nSpeed{300000}MoveStep{49057.592815}nCtlValue{1}
2023-07-08 15:42:30,692 [AppLog] INFO : Y方向到位停止：DEM_StopAxisRun：返回值{True}CurrentPos{198.22}bImmeStop{False}nAxisMask{2}
2023-07-08 15:42:30,692 [AppLog] INFO : 获取打印Pass数据：IDP_GetPassItem2：nLayerIndex{9}nPassID{4}nProcState{3}LPPassDataItemb:PrtDir{False}nDataTxCompleteCnt{1}nHwMemAdrMatchMask{1}nLayerIndex{9}nLayerPassCount{6}nLayerPassIndex{4}nMinJet0ImgLinePos{5475}nPrtMemHwAddr{System.UInt32[]}nPrtDataOffset{System.UInt32[]}nSrcDataSize{System.UInt32[]}nPrtColBytes{System.UInt32[]}nPrtPrecession{10.666}nSrcEndCols{6000}nSrcStartCols{0}nStartEncPos{76511}nValidPassJets{1280}nValidPrtCols{6233}nValidPrtCtlCnts{1}pDataBuf{0}pNextItem{767878256}
2023-07-08 15:42:30,723 [AppLog] INFO : 使能Pass打印成功：IDP_DoPassPrint2：nLayerIndex{9}nPassID{4}
2023-07-08 15:42:30,723 [AppLog] INFO : PASS打印前关键状态：DEV_GetDeviceInfo：nLayerIndex{9}nPassID{4}LPPRINTER_INFO:nXSysEncDPI{5080}nStatus{909129520}nPrintStatus{0}bSuperDevice{1}
LPPRINTER_INFO-LPPrtRunInfo:bJobPrtRuning{True}bLayerPrtIsOver{False}nContReqMemErr{0}nContWDErr{0}nCurPrtDir{0}nDTLayerIndex{18}nDTLayerPassIndex{5}nDTPtrCtlIndex{0}nLayerPassCount{6}nPrintLayerIndex{9}nPrintPassIndex{4}nProcLayerIndex{18}nPrtDataMemAddr{0}nPrtState{0}nReverse{System.Int32[]}nRevPrtCols{0}
LPPRINTER_INFO-LPDRVINFO:nFMVersion{45074}nFpgaVersion{539038216}nPCBVersion{0}nState{0}nNextState{0}nPtvwarnState{0}nCrc32{0}nRevInfo{System.UInt32[]}nSignature{0}
2023-07-08 15:42:30,723 [AppLog] INFO : 创建：AutoPrintMotion1=》不需重新创建-手动操作！
2023-07-08 15:42:30,723 [AppLog] INFO : 进入：EquipmentMotionLogic3=》准备创建对象-手动操作！
2023-07-08 15:42:30,723 [AppLog] INFO : 进入：EquipmentMotionLogic3=》不需重新创建-手动操作！
2023-07-08 15:42:30,723 [AppLog] INFO : 进入：EquipmentMotionLogic3=》赋值完成自-AutoPrintMotion2！
2023-07-08 15:42:30,723 [AppLog] INFO : 进入：EquipmentMotionLogic3=》加载配置文件-LoadJsonFile成功！
2023-07-08 15:42:30,739 [AppLog] INFO : 进入：AutoPrintThread3！
2023-07-08 15:42:30,739 [AppLog] INFO : 准备读取编码器位置：X方向！
2023-07-08 15:42:30,739 [AppLog] INFO : 准备运动，当前位置：DEV_GetPrintEncoderValue：MoveDirectionFlag{false为Y方向：False}CurrentPos{423.365}AimPos{25}
2023-07-08 15:42:30,770 [AppLog] INFO : X方向运动开始：DEM_Run：返回值{True}nAxis{0}DirFlag{False}nSpeed{300000}MoveStep{-398365}nCtlValue{2}
2023-07-08 15:42:32,642 [AppLog] INFO : X方向到位停止：DEM_StopAxisRun：返回值{True}CurrentPos{30.335}bImmeStop{False}nAxisMask{1}
2023-07-08 15:42:32,642 [AppLog] INFO : 准备读取编码器位置：Y方向！
2023-07-08 15:42:32,658 [AppLog] INFO : 准备运动，编码器当前位置：DEM_GetAxisEncodeVal：MoveDirectionFlag{false为Y方向：True}CurrentPos{201.525}AimPos{206.521166666667}
2023-07-08 15:42:32,782 [AppLog] INFO : Y方向运动开始：DEM_Run：返回值{True}nAxis{1}DirFlag{True}nSpeed{300000}MoveStep{5005.61441783332}nCtlValue{1}
2023-07-08 15:42:32,845 [AppLog] INFO : Y方向到位停止：DEM_StopAxisRun：返回值{True}CurrentPos{205.95}bImmeStop{False}nAxisMask{2}
2023-07-08 15:42:32,845 [AppLog] INFO : 获取打印Pass数据：IDP_GetPassItem2：nLayerIndex{9}nPassID{5}nProcState{3}LPPassDataItemb:PrtDir{True}nDataTxCompleteCnt{1}nHwMemAdrMatchMask{1}nLayerIndex{9}nLayerPassCount{6}nLayerPassIndex{5}nMinJet0ImgLinePos{6755}nPrtMemHwAddr{System.UInt32[]}nPrtDataOffset{System.UInt32[]}nSrcDataSize{System.UInt32[]}nPrtColBytes{System.UInt32[]}nPrtPrecession{10.666}nSrcEndCols{6000}nSrcStartCols{0}nStartEncPos{10000}nValidPassJets{1280}nValidPrtCols{6233}nValidPrtCtlCnts{1}pDataBuf{0}pNextItem{0}
2023-07-08 15:42:32,860 [AppLog] INFO : 使能Pass打印成功：IDP_DoPassPrint2：nLayerIndex{9}nPassID{5}
2023-07-08 15:42:32,860 [AppLog] INFO : PASS打印前关键状态：DEV_GetDeviceInfo：nLayerIndex{9}nPassID{5}LPPRINTER_INFO:nXSysEncDPI{5080}nStatus{909129520}nPrintStatus{0}bSuperDevice{1}
LPPRINTER_INFO-LPPrtRunInfo:bJobPrtRuning{True}bLayerPrtIsOver{False}nContReqMemErr{0}nContWDErr{0}nCurPrtDir{0}nDTLayerIndex{18}nDTLayerPassIndex{5}nDTPtrCtlIndex{0}nLayerPassCount{6}nPrintLayerIndex{9}nPrintPassIndex{5}nProcLayerIndex{18}nPrtDataMemAddr{0}nPrtState{0}nReverse{System.Int32[]}nRevPrtCols{0}
LPPRINTER_INFO-LPDRVINFO:nFMVersion{45074}nFpgaVersion{539038216}nPCBVersion{0}nState{0}nNextState{0}nPtvwarnState{0}nCrc32{0}nRevInfo{System.UInt32[]}nSignature{0}
2023-07-08 15:42:32,860 [AppLog] INFO : 创建：AutoPrintMotion1=》不需重新创建-手动操作！
2023-07-08 15:42:32,860 [AppLog] INFO : 进入：EquipmentMotionLogic3=》准备创建对象-手动操作！
2023-07-08 15:42:32,860 [AppLog] INFO : 进入：EquipmentMotionLogic3=》不需重新创建-手动操作！
2023-07-08 15:42:32,860 [AppLog] INFO : 进入：EquipmentMotionLogic3=》赋值完成自-AutoPrintMotion2！
2023-07-08 15:42:32,860 [AppLog] INFO : 进入：EquipmentMotionLogic3=》加载配置文件-LoadJsonFile成功！
2023-07-08 15:42:32,860 [AppLog] INFO : 进入：AutoPrintThread3！
2023-07-08 15:42:32,860 [AppLog] INFO : 准备读取编码器位置：X方向！
2023-07-08 15:42:32,860 [AppLog] INFO : 准备运动，当前位置：DEV_GetPrintEncoderValue：MoveDirectionFlag{false为Y方向：False}CurrentPos{26.605}AimPos{425}
2023-07-08 15:42:32,892 [AppLog] INFO : X方向运动开始：DEM_Run：返回值{True}nAxis{0}DirFlag{True}nSpeed{300000}MoveStep{398395}nCtlValue{2}
2023-07-08 15:42:34,764 [AppLog] INFO : X方向到位停止：DEM_StopAxisRun：返回值{True}CurrentPos{418.89}bImmeStop{False}nAxisMask{1}
2023-07-08 15:42:34,764 [AppLog] INFO : 准备读取编码器位置：X方向！
2023-07-08 15:42:34,764 [AppLog] INFO : 准备运动，当前位置：DEV_GetPrintEncoderValue：MoveDirectionFlag{false为Y方向：False}CurrentPos{419.08}AimPos{780}
2023-07-08 15:42:34,795 [AppLog] INFO : X方向运动开始：DEM_Run：返回值{True}nAxis{0}DirFlag{True}nSpeed{300000}MoveStep{360920}nCtlValue{2}
2023-07-08 15:42:34,857 [AppLog] INFO : 准备读取编码器位置：Y方向！
2023-07-08 15:42:34,857 [AppLog] INFO : 准备运动，编码器当前位置：DEM_GetAxisEncodeVal：MoveDirectionFlag{false为Y方向：True}CurrentPos{206.5}AimPos{121}
2023-07-08 15:42:35,200 [AppLog] INFO : Y方向运动开始：DEM_Run：返回值{True}nAxis{1}DirFlag{False}nSpeed{300000}MoveStep{-85661.6805}nCtlValue{1}
2023-07-08 15:42:36,542 [AppLog] INFO : Y方向到位等停：DEM_StopAxisRun：返回值{True}bImmeStop{False}nAxisMask{1}
2023-07-08 15:42:36,542 [AppLog] INFO : X方向到位等停：DEM_StopAxisRun：返回值{True}bImmeStop{False}nAxisMask{2}
2023-07-08 15:42:36,558 [AppLog] INFO : 开启闪喷操作：IDP_FlashPrtCtl：返回值{True}
2023-07-08 15:42:36,558 [AppLog] INFO : 进入：EquipmentMotionLogic3=》准备创建对象-手动操作！
2023-07-08 15:42:36,558 [AppLog] INFO : 进入：EquipmentMotionLogic3=》不需重新创建-手动操作！
2023-07-08 15:42:36,558 [AppLog] INFO : 进入：EquipmentMotionLogic3=》赋值完成自-AutoPrintMotion2！
2023-07-08 15:42:36,558 [AppLog] INFO : 进入：EquipmentMotionLogic3=》加载配置文件-LoadJsonFile成功！
2023-07-08 15:42:36,558 [AppLog] INFO : 进入自动铺粉逻辑：NewAutoSupplyPowderThread2
2023-07-08 15:42:36,558 [AppLog] INFO : 电气控制模块：手动打开端口14
2023-07-08 15:42:36,558 [AppLog] INFO : 电气控制模块：手动打开端口15
2023-07-08 15:42:36,636 [AppLog] INFO : 手动正向点动指令（8轴运控板卡系统） ====》：输出AXIS{第1轴},点动量{-0.1MM},运动速度{2MM/s}
2023-07-08 15:42:36,636 [AppLog] INFO : 成形面高度下降层厚 TrapSpace{0.1mm}：TrapMoveUp(1, true, Convert.ToString(vel), Convert.ToString(TrapSpace), true, true）
2023-07-08 15:42:37,416 [AppLog] INFO : 手动正向点动指令（8轴运控板卡系统） ====》：输出AXIS{第1轴},点动量{-1.5MM},运动速度{2MM/s}
2023-07-08 15:42:37,416 [AppLog] INFO : 成形面高度下降指定厚度 TrapSpace{1.5mm}：TrapMoveUp(1, true, Convert.ToString(vel), Convert.ToString(TrapSpace), true, true）
2023-07-08 15:42:38,180 [AppLog] INFO : 手动正向点动指令（8轴运控板卡系统） ====》：输出AXIS{第1轴},点动量{1.5MM},运动速度{2MM/s}
2023-07-08 15:42:38,180 [AppLog] INFO : 电气控制模块：手动关闭端口15
2023-07-08 15:42:38,180 [AppLog] INFO : 电气控制模块：手动关闭端口14
2023-07-08 15:42:38,180 [AppLog] INFO : 成形面高度上升层厚 TrapSpace{1.5mm}：TrapMoveUp(1, true, Convert.ToString(vel), Convert.ToString(TrapSpace), true, true）
2023-07-08 15:42:38,430 [AppLog] INFO : 手动正向点动指令（8轴运控板卡系统） ====》：输出AXIS{第8轴},点动量{0.6MM},运动速度{2.5MM/s}
2023-07-08 15:42:38,430 [AppLog] INFO : Hopper落粉轴转2圈落粉，速度0.5rev/s：TrapMoveUp(8, true, 0.5, rotateNuM.ToString(), true, false)
2023-07-08 15:42:39,444 [AppLog] INFO : 开启铺粉车不等停运动，准备运动至准备打印位置215mm，速度250mm/s：BackToStation2
2023-07-08 15:42:40,302 [AppLog] INFO : 手动正向点动指令（8轴运控板卡系统） ====》：输出AXIS{第2轴},点动量{216.5MM},运动速度{250MM/s}
2023-07-08 15:42:40,302 [AppLog] INFO : 当前铺粉车位置：打印位置215mm
2023-07-08 15:42:40,302 [AppLog] INFO : 手动正向点动指令（8轴运控板卡系统） ====》：输出AXIS{第2轴},点动量{480MM},运动速度{25MM/s}
2023-07-08 15:42:40,302 [AppLog] INFO : 开启铺粉车不等停运动至准备打印位置695mm，速度25mm/s：BackToStation2
2023-07-08 15:42:40,426 [AppLog] INFO : 打开IR灯：OpenIRLamp(true)
2023-07-08 15:42:40,567 [AppLog] INFO : 手动正向点动指令（8轴运控板卡系统） ====》：输出AXIS{第3轴},点动量{0.125MM},运动速度{1MM/s}
2023-07-08 15:42:40,567 [AppLog] INFO : 在{40mm}处，落粉轴运动{45度}，落粉轴转速{1rev/s}：TrapMoveUp(3, true, Convert.ToString(DispenseRollerSpeed), 0.5, true, true)
2023-07-08 15:42:40,567 [AppLog] INFO : 手动正向点动指令（8轴运控板卡系统） ====》：输出AXIS{第3轴},点动量{0.5MM},运动速度{0.0376712328767123MM/s}
2023-07-08 15:42:40,567 [AppLog] INFO : 开启均匀落粉及辊子铺平运动：TrapMoveUp(3, true, Convert.ToString(DispenseRollerSpeed), 0.5, true, true)
2023-07-08 15:42:52,220 [AppLog] INFO : 关闭IR灯：OpenIRLamp(false)
2023-07-08 15:42:56,775 [AppLog] INFO : 手动正向点动指令（8轴运控板卡系统） ====》：输出AXIS{第3轴},点动量{0.5MM},运动速度{2MM/s}
2023-07-08 15:42:56,775 [AppLog] INFO : 落粉轴继续转动以倒掉余粉：TrapMoveUp(3, true, 2, 0.5, true, false)
2023-07-08 15:42:59,505 [AppLog] INFO : 电气控制模块：手动打开端口14
2023-07-08 15:42:59,505 [AppLog] INFO : 电气控制模块：手动打开端口15
2023-07-08 15:43:00,285 [AppLog] INFO : 手动正向点动指令（8轴运控板卡系统） ====》：输出AXIS{第1轴},点动量{-1.5MM},运动速度{2MM/s}
2023-07-08 15:43:00,285 [AppLog] INFO : 电气控制模块：手动关闭端口15
2023-07-08 15:43:00,285 [AppLog] INFO : 电气控制模块：手动关闭端口14
2023-07-08 15:43:00,285 [AppLog] INFO : 成形面高度下降指定厚度 TrapSpace{1.5mm}：TrapMoveUp(1, true, Convert.ToString(vel), Convert.ToString(TrapSpace), true, true）
2023-07-08 15:43:03,078 [AppLog] INFO : 手动正向点动指令（8轴运控板卡系统） ====》：输出AXIS{第2轴},点动量{-696.5MM},运动速度{250MM/s}
2023-07-08 15:43:03,078 [AppLog] INFO : 铺粉车返回至站1：BackToStation2(AimPos, MovSpeed, true)：-1.5mm，速度250mm/s：BackToStation2
2023-07-08 15:43:03,858 [AppLog] INFO : 落粉轴回零成功：motionMap.SetBackSpreaderAxis(3, 0.5, 2, -SinkPosition)：ReturnCode{True}
2023-07-08 15:43:03,858 [AppLog] INFO : 电气控制模块：手动打开端口14
2023-07-08 15:43:03,858 [AppLog] INFO : 电气控制模块：手动打开端口15
2023-07-08 15:43:04,622 [AppLog] INFO : 手动正向点动指令（8轴运控板卡系统） ====》：输出AXIS{第1轴},点动量{1.5MM},运动速度{2MM/s}
2023-07-08 15:43:04,622 [AppLog] INFO : 电气控制模块：手动关闭端口15
2023-07-08 15:43:04,622 [AppLog] INFO : 电气控制模块：手动关闭端口14
2023-07-08 15:43:04,622 [AppLog] INFO : 成形面高度上升层厚 TrapSpace{1.5mm}：TrapMoveUp(1, true, Convert.ToString(vel), Convert.ToString(TrapSpace), true, true）
2023-07-08 15:43:04,622 [AppLog] INFO : 自动铺粉正常结束：NewAutoSupplyPowderThread2
2023-07-08 15:43:04,622 [AppLog] INFO : 发送监控指令，拍照记录1条：SendMessageFromSharedMemory
2023-07-08 15:43:04,622 [AppLog] INFO : 铺粉模式：铺粉固化同时进行！
2023-07-08 15:43:04,622 [AppLog] INFO : 执行完成铺粉固化操作：EquipmentMotionLogic3：m_bApplyPowderSupplyMotion:0
2023-07-08 15:43:04,622 [AppLog] INFO : 接收到恢复打印指令：PrintTaskTHREAD
2023-07-08 15:43:04,638 [AppLog] INFO : 获取打印Pass数据：IDP_GetPassItem2：nLayerIndex{10}nPassID{0}nProcState{3}LPPassDataItemb:PrtDir{False}nDataTxCompleteCnt{1}nHwMemAdrMatchMask{1}nLayerIndex{10}nLayerPassCount{6}nLayerPassIndex{0}nMinJet0ImgLinePos{355}nPrtMemHwAddr{System.UInt32[]}nPrtDataOffset{System.UInt32[]}nSrcDataSize{System.UInt32[]}nPrtColBytes{System.UInt32[]}nPrtPrecession{10.666}nSrcEndCols{6000}nSrcStartCols{0}nStartEncPos{76511}nValidPassJets{1280}nValidPrtCols{6233}nValidPrtCtlCnts{1}pDataBuf{0}pNextItem{767878576}
2023-07-08 15:43:04,653 [AppLog] INFO : 使能Pass打印成功：IDP_DoPassPrint2：nLayerIndex{10}nPassID{0}
2023-07-08 15:43:04,653 [AppLog] INFO : PASS打印前关键状态：DEV_GetDeviceInfo：nLayerIndex{10}nPassID{0}LPPRINTER_INFO:nXSysEncDPI{5080}nStatus{909129520}nPrintStatus{0}bSuperDevice{1}
LPPRINTER_INFO-LPPrtRunInfo:bJobPrtRuning{True}bLayerPrtIsOver{False}nContReqMemErr{0}nContWDErr{0}nCurPrtDir{0}nDTLayerIndex{18}nDTLayerPassIndex{5}nDTPtrCtlIndex{0}nLayerPassCount{6}nPrintLayerIndex{10}nPrintPassIndex{0}nProcLayerIndex{18}nPrtDataMemAddr{0}nPrtState{0}nReverse{System.Int32[]}nRevPrtCols{0}
LPPRINTER_INFO-LPDRVINFO:nFMVersion{45074}nFpgaVersion{539038216}nPCBVersion{0}nState{0}nNextState{0}nPtvwarnState{0}nCrc32{0}nRevInfo{System.UInt32[]}nSignature{0}
2023-07-08 15:43:04,653 [AppLog] INFO : 创建：AutoPrintMotion1=》不需重新创建-手动操作！
2023-07-08 15:43:04,653 [AppLog] INFO : 进入：EquipmentMotionLogic3=》准备创建对象-手动操作！
2023-07-08 15:43:04,653 [AppLog] INFO : 进入：EquipmentMotionLogic3=》不需重新创建-手动操作！
2023-07-08 15:43:04,653 [AppLog] INFO : 进入：EquipmentMotionLogic3=》赋值完成自-AutoPrintMotion2！
2023-07-08 15:43:04,653 [AppLog] INFO : 进入：EquipmentMotionLogic3=》加载配置文件-LoadJsonFile成功！
2023-07-08 15:43:04,653 [AppLog] INFO : 进入自动清洗过程：AutoCleanThread
2023-07-08 15:43:04,965 [AppLog] INFO : 准备处理第18层数据：准备调用RenderToWic，index为18，subindex为0，g_nRePrintTimes为1，起始层为0
2023-07-08 15:43:05,028 [AppLog] INFO : 刮墨轴回零成功：motionMap.SetBackSpreaderAxis(4, 1, 2, -SinkHomePosition)
2023-07-08 15:43:05,028 [AppLog] INFO : 准备读取编码器位置：Y方向！
2023-07-08 15:43:05,028 [AppLog] INFO : 完成处理第18层数据：准备调用DrawLayerBMP，index为18，起始层为0
2023-07-08 15:43:05,028 [AppLog] INFO : 完成处理第18层数据：准备调用DrawLayerBMP，index为18，起始层为0
2023-07-08 15:43:05,028 [AppLog] INFO : 准备运动，编码器当前位置：DEM_GetAxisEncodeVal：MoveDirectionFlag{false为Y方向：True}CurrentPos{121.055}AimPos{116}
2023-07-08 15:43:05,184 [AppLog] INFO : Y方向运动开始：DEM_Run：返回值{True}nAxis{1}DirFlag{False}nSpeed{300000}MoveStep{-5064.55900500001}nCtlValue{1}
2023-07-08 15:43:05,246 [AppLog] INFO : Y方向到位停止：DEM_StopAxisRun：返回值{True}CurrentPos{116.32}bImmeStop{False}nAxisMask{2}
2023-07-08 15:43:05,246 [AppLog] INFO : 准备读取编码器位置：X方向！
2023-07-08 15:43:05,246 [AppLog] INFO : 准备运动，当前位置：DEV_GetPrintEncoderValue：MoveDirectionFlag{false为Y方向：False}CurrentPos{784.27}AimPos{780}
2023-07-08 15:43:05,277 [AppLog] INFO : X方向运动开始：DEM_Run：返回值{True}nAxis{0}DirFlag{False}nSpeed{300000}MoveStep{-4269.99999999998}nCtlValue{2}
2023-07-08 15:43:05,371 [AppLog] INFO : 作业写入成功：IDP_WriteImgLayerData：bpp:{1bit}灰阶:{1阶}nLayerIndex{19}LayerIndex{18}SubIndex{1}RePrintTimes{1}nBytesPerLine{752}nWidth{6001}nHeight{7680}nXEncOff{0}nYJetOff{355}nImgStartJetIndex{0}nXDPI{476.25}nYDPI{600}nPrtDir{0} nPrtFlag{1}nColorCnts{1}nReserved{System.Int32[]}
2023-07-08 15:43:05,371 [AppLog] INFO : 完成处理第18层数据：准备调用RenderToWic，index为18，subindex为0，g_nRePrintTimes为1，起始层为0
2023-07-08 15:43:05,480 [AppLog] INFO : X方向到位停止：DEM_StopAxisRun：返回值{True}CurrentPos{782.235}bImmeStop{False}nAxisMask{1}
2023-07-08 15:43:06,697 [AppLog] INFO : 开启手动清洗挤墨喷头，DEV_EnableTimer: 端口{11}，清洗控制周期：{0.5}S,{0.5}S
2023-07-08 15:43:07,711 [AppLog] INFO : 关闭手动清洗挤墨喷头：DEV_EnableTimer
2023-07-08 15:43:07,711 [AppLog] INFO : 压墨等待开启：{1.5S}
2023-07-08 15:43:09,224 [AppLog] INFO : 压墨等待完成：{1.5S}
2023-07-08 15:43:09,224 [AppLog] INFO : 准备读取编码器位置：X方向！
2023-07-08 15:43:09,240 [AppLog] INFO : 准备运动，当前位置：DEV_GetPrintEncoderValue：MoveDirectionFlag{false为Y方向：False}CurrentPos{780.37}AimPos{680}
2023-07-08 15:43:09,271 [AppLog] INFO : X方向运动开始：DEM_Run：返回值{True}nAxis{0}DirFlag{False}nSpeed{200000}MoveStep{-100370}nCtlValue{2}
2023-07-08 15:43:10,129 [AppLog] INFO : X方向到位停止：DEM_StopAxisRun：返回值{True}CurrentPos{684.08}bImmeStop{False}nAxisMask{1}
2023-07-08 15:43:10,706 [AppLog] INFO : 结束自动清洗过程：AutoCleanThread
2023-07-08 15:43:10,706 [AppLog] INFO : 进入：EquipmentMotionLogic3=》准备创建对象-手动操作！
2023-07-08 15:43:10,706 [AppLog] INFO : 进入：EquipmentMotionLogic3=》不需重新创建-手动操作！
2023-07-08 15:43:10,706 [AppLog] INFO : 进入：EquipmentMotionLogic3=》赋值完成自-AutoPrintMotion2！
2023-07-08 15:43:10,706 [AppLog] INFO : 进入：EquipmentMotionLogic3=》加载配置文件-LoadJsonFile成功！
2023-07-08 15:43:10,706 [AppLog] INFO : 进入：AutoPrintThread3！
2023-07-08 15:43:10,706 [AppLog] INFO : 关闭闪喷操作：IDP_FlashPrtCtl：返回值{True}
2023-07-08 15:43:10,706 [AppLog] INFO : 准备读取编码器位置：Y方向！
2023-07-08 15:43:10,706 [AppLog] INFO : 准备运动，编码器当前位置：DEM_GetAxisEncodeVal：MoveDirectionFlag{false为Y方向：True}CurrentPos{115.99}AimPos{88.5}
2023-07-08 15:43:10,846 [AppLog] INFO : Y方向运动开始：DEM_Run：返回值{True}nAxis{1}DirFlag{False}nSpeed{300000}MoveStep{-27541.98359}nCtlValue{1}
2023-07-08 15:43:10,909 [AppLog] INFO : 准备读取编码器位置：X方向！
2023-07-08 15:43:10,909 [AppLog] INFO : 准备运动，当前位置：DEV_GetPrintEncoderValue：MoveDirectionFlag{false为Y方向：False}CurrentPos{680.205}AimPos{425}
2023-07-08 15:43:10,940 [AppLog] INFO : X方向运动开始：DEM_Run：返回值{True}nAxis{0}DirFlag{False}nSpeed{300000}MoveStep{-255205}nCtlValue{2}
2023-07-08 15:43:12,344 [AppLog] INFO : X方向到位停止：DEM_StopAxisRun：返回值{True}CurrentPos{428.86}bImmeStop{False}nAxisMask{1}
2023-07-08 15:43:12,344 [AppLog] INFO : 准备读取编码器位置：X方向！
2023-07-08 15:43:12,344 [AppLog] INFO : 准备运动，当前位置：DEV_GetPrintEncoderValue：MoveDirectionFlag{false为Y方向：False}CurrentPos{428.77}AimPos{25}
2023-07-08 15:43:12,375 [AppLog] INFO : X方向运动开始：DEM_Run：返回值{True}nAxis{0}DirFlag{False}nSpeed{300000}MoveStep{-403770}nCtlValue{2}
2023-07-08 15:43:14,263 [AppLog] INFO : X方向到位停止：DEM_StopAxisRun：返回值{True}CurrentPos{26.405}bImmeStop{False}nAxisMask{1}
2023-07-08 15:43:14,263 [AppLog] INFO : 准备读取编码器位置：Y方向！
2023-07-08 15:43:14,263 [AppLog] INFO : 准备运动，编码器当前位置：DEM_GetAxisEncodeVal：MoveDirectionFlag{false为Y方向：True}CurrentPos{88.485}AimPos{103.521166666667}
2023-07-08 15:43:14,388 [AppLog] INFO : Y方向运动开始：DEM_Run：返回值{True}nAxis{1}DirFlag{True}nSpeed{300000}MoveStep{15064.6000578333}nCtlValue{1}
2023-07-08 15:43:14,450 [AppLog] INFO : Y方向到位停止：DEM_StopAxisRun：返回值{True}CurrentPos{100.94}bImmeStop{False}nAxisMask{2}
2023-07-08 15:43:14,450 [AppLog] INFO : 获取打印Pass数据：IDP_GetPassItem2：nLayerIndex{10}nPassID{1}nProcState{3}LPPassDataItemb:PrtDir{True}nDataTxCompleteCnt{1}nHwMemAdrMatchMask{1}nLayerIndex{10}nLayerPassCount{6}nLayerPassIndex{1}nMinJet0ImgLinePos{1635}nPrtMemHwAddr{System.UInt32[]}nPrtDataOffset{System.UInt32[]}nSrcDataSize{System.UInt32[]}nPrtColBytes{System.UInt32[]}nPrtPrecession{10.666}nSrcEndCols{6000}nSrcStartCols{0}nStartEncPos{10000}nValidPassJets{1280}nValidPrtCols{6233}nValidPrtCtlCnts{1}pDataBuf{0}pNextItem{767878736}
2023-07-08 15:43:14,466 [AppLog] INFO : 使能Pass打印成功：IDP_DoPassPrint2：nLayerIndex{10}nPassID{1}
2023-07-08 15:43:14,466 [AppLog] INFO : PASS打印前关键状态：DEV_GetDeviceInfo：nLayerIndex{10}nPassID{1}LPPRINTER_INFO:nXSysEncDPI{5080}nStatus{909129520}nPrintStatus{0}bSuperDevice{1}
LPPRINTER_INFO-LPPrtRunInfo:bJobPrtRuning{True}bLayerPrtIsOver{False}nContReqMemErr{0}nContWDErr{0}nCurPrtDir{0}nDTLayerIndex{19}nDTLayerPassIndex{5}nDTPtrCtlIndex{0}nLayerPassCount{6}nPrintLayerIndex{10}nPrintPassIndex{1}nProcLayerIndex{19}nPrtDataMemAddr{0}nPrtState{0}nReverse{System.Int32[]}nRevPrtCols{0}
LPPRINTER_INFO-LPDRVINFO:nFMVersion{45074}nFpgaVersion{539038216}nPCBVersion{0}nState{0}nNextState{0}nPtvwarnState{0}nCrc32{0}nRevInfo{System.UInt32[]}nSignature{0}
2023-07-08 15:43:14,466 [AppLog] INFO : 创建：AutoPrintMotion1=》不需重新创建-手动操作！
2023-07-08 15:43:14,466 [AppLog] INFO : 进入：EquipmentMotionLogic3=》准备创建对象-手动操作！
2023-07-08 15:43:14,466 [AppLog] INFO : 进入：EquipmentMotionLogic3=》不需重新创建-手动操作！
2023-07-08 15:43:14,466 [AppLog] INFO : 进入：EquipmentMotionLogic3=》赋值完成自-AutoPrintMotion2！
2023-07-08 15:43:14,466 [AppLog] INFO : 进入：EquipmentMotionLogic3=》加载配置文件-LoadJsonFile成功！
2023-07-08 15:43:14,466 [AppLog] INFO : 进入：AutoPrintThread3！
2023-07-08 15:43:14,466 [AppLog] INFO : 准备读取编码器位置：X方向！
2023-07-08 15:43:14,466 [AppLog] INFO : 准备运动，当前位置：DEV_GetPrintEncoderValue：MoveDirectionFlag{false为Y方向：False}CurrentPos{22.385}AimPos{425}
2023-07-08 15:43:14,497 [AppLog] INFO : X方向运动开始：DEM_Run：返回值{True}nAxis{0}DirFlag{True}nSpeed{300000}MoveStep{402615}nCtlValue{2}
2023-07-08 15:43:16,384 [AppLog] INFO : X方向到位停止：DEM_StopAxisRun：返回值{True}CurrentPos{419.395}bImmeStop{False}nAxisMask{1}
2023-07-08 15:43:16,384 [AppLog] INFO : 准备读取编码器位置：Y方向！
2023-07-08 15:43:16,384 [AppLog] INFO : 准备运动，编码器当前位置：DEM_GetAxisEncodeVal：MoveDirectionFlag{false为Y方向：True}CurrentPos{103.5}AimPos{142.5}
2023-07-08 15:43:16,587 [AppLog] INFO : Y方向运动开始：DEM_Run：返回值{True}nAxis{1}DirFlag{True}nSpeed{300000}MoveStep{39073.749}nCtlValue{1}
2023-07-08 15:43:16,650 [AppLog] INFO : Y方向到位停止：DEM_StopAxisRun：返回值{True}CurrentPos{139.53}bImmeStop{False}nAxisMask{2}
2023-07-08 15:43:16,650 [AppLog] INFO : 获取打印Pass数据：IDP_GetPassItem2：nLayerIndex{10}nPassID{2}nProcState{3}LPPassDataItemb:PrtDir{False}nDataTxCompleteCnt{1}nHwMemAdrMatchMask{1}nLayerIndex{10}nLayerPassCount{6}nLayerPassIndex{2}nMinJet0ImgLinePos{2915}nPrtMemHwAddr{System.UInt32[]}nPrtDataOffset{System.UInt32[]}nSrcDataSize{System.UInt32[]}nPrtColBytes{System.UInt32[]}nPrtPrecession{10.666}nSrcEndCols{6000}nSrcStartCols{0}nStartEncPos{76511}nValidPassJets{1280}nValidPrtCols{6233}nValidPrtCtlCnts{1}pDataBuf{0}pNextItem{767878896}
2023-07-08 15:43:16,665 [AppLog] INFO : 使能Pass打印成功：IDP_DoPassPrint2：nLayerIndex{10}nPassID{2}
2023-07-08 15:43:16,665 [AppLog] INFO : PASS打印前关键状态：DEV_GetDeviceInfo：nLayerIndex{10}nPassID{2}LPPRINTER_INFO:nXSysEncDPI{5080}nStatus{909129520}nPrintStatus{0}bSuperDevice{1}
LPPRINTER_INFO-LPPrtRunInfo:bJobPrtRuning{True}bLayerPrtIsOver{False}nContReqMemErr{0}nContWDErr{0}nCurPrtDir{0}nDTLayerIndex{19}nDTLayerPassIndex{5}nDTPtrCtlIndex{0}nLayerPassCount{6}nPrintLayerIndex{10}nPrintPassIndex{2}nProcLayerIndex{19}nPrtDataMemAddr{0}nPrtState{0}nReverse{System.Int32[]}nRevPrtCols{0}
LPPRINTER_INFO-LPDRVINFO:nFMVersion{45074}nFpgaVersion{539038216}nPCBVersion{0}nState{0}nNextState{0}nPtvwarnState{0}nCrc32{0}nRevInfo{System.UInt32[]}nSignature{0}
2023-07-08 15:43:16,665 [AppLog] INFO : 创建：AutoPrintMotion1=》不需重新创建-手动操作！
2023-07-08 15:43:16,665 [AppLog] INFO : 进入：EquipmentMotionLogic3=》准备创建对象-手动操作！
2023-07-08 15:43:16,665 [AppLog] INFO : 进入：EquipmentMotionLogic3=》不需重新创建-手动操作！
2023-07-08 15:43:16,665 [AppLog] INFO : 进入：EquipmentMotionLogic3=》赋值完成自-AutoPrintMotion2！
2023-07-08 15:43:16,665 [AppLog] INFO : 进入：EquipmentMotionLogic3=》加载配置文件-LoadJsonFile成功！
2023-07-08 15:43:16,665 [AppLog] INFO : 进入：AutoPrintThread3！
2023-07-08 15:43:16,665 [AppLog] INFO : 准备读取编码器位置：X方向！
2023-07-08 15:43:16,665 [AppLog] INFO : 准备运动，当前位置：DEV_GetPrintEncoderValue：MoveDirectionFlag{false为Y方向：False}CurrentPos{423.3}AimPos{25}
2023-07-08 15:43:16,696 [AppLog] INFO : X方向运动开始：DEM_Run：返回值{True}nAxis{0}DirFlag{False}nSpeed{300000}MoveStep{-398300}nCtlValue{2}
2023-07-08 15:43:18,584 [AppLog] INFO : X方向到位停止：DEM_StopAxisRun：返回值{True}CurrentPos{29.66}bImmeStop{False}nAxisMask{1}
2023-07-08 15:43:18,584 [AppLog] INFO : 准备读取编码器位置：Y方向！
2023-07-08 15:43:18,584 [AppLog] INFO : 准备运动，编码器当前位置：DEM_GetAxisEncodeVal：MoveDirectionFlag{false为Y方向：True}CurrentPos{142.485}AimPos{157.521166666667}
2023-07-08 15:43:18,709 [AppLog] INFO : Y方向运动开始：DEM_Run：返回值{True}nAxis{1}DirFlag{True}nSpeed{300000}MoveStep{15064.6000578333}nCtlValue{1}
2023-07-08 15:43:18,771 [AppLog] INFO : Y方向到位停止：DEM_StopAxisRun：返回值{True}CurrentPos{155.07}bImmeStop{False}nAxisMask{2}
2023-07-08 15:43:18,771 [AppLog] INFO : 获取打印Pass数据：IDP_GetPassItem2：nLayerIndex{10}nPassID{3}nProcState{3}LPPassDataItemb:PrtDir{True}nDataTxCompleteCnt{1}nHwMemAdrMatchMask{1}nLayerIndex{10}nLayerPassCount{6}nLayerPassIndex{3}nMinJet0ImgLinePos{4195}nPrtMemHwAddr{System.UInt32[]}nPrtDataOffset{System.UInt32[]}nSrcDataSize{System.UInt32[]}nPrtColBytes{System.UInt32[]}nPrtPrecession{10.666}nSrcEndCols{6000}nSrcStartCols{0}nStartEncPos{10000}nValidPassJets{1280}nValidPrtCols{6233}nValidPrtCtlCnts{1}pDataBuf{0}pNextItem{767879056}
2023-07-08 15:43:18,771 [AppLog] INFO : 使能Pass打印成功：IDP_DoPassPrint2：nLayerIndex{10}nPassID{3}
2023-07-08 15:43:18,787 [AppLog] INFO : PASS打印前关键状态：DEV_GetDeviceInfo：nLayerIndex{10}nPassID{3}LPPRINTER_INFO:nXSysEncDPI{5080}nStatus{909129520}nPrintStatus{0}bSuperDevice{1}
LPPRINTER_INFO-LPPrtRunInfo:bJobPrtRuning{True}bLayerPrtIsOver{False}nContReqMemErr{0}nContWDErr{0}nCurPrtDir{0}nDTLayerIndex{19}nDTLayerPassIndex{5}nDTPtrCtlIndex{0}nLayerPassCount{6}nPrintLayerIndex{10}nPrintPassIndex{3}nProcLayerIndex{19}nPrtDataMemAddr{0}nPrtState{0}nReverse{System.Int32[]}nRevPrtCols{0}
LPPRINTER_INFO-LPDRVINFO:nFMVersion{45074}nFpgaVersion{539038216}nPCBVersion{0}nState{0}nNextState{0}nPtvwarnState{0}nCrc32{0}nRevInfo{System.UInt32[]}nSignature{0}
2023-07-08 15:43:18,787 [AppLog] INFO : 创建：AutoPrintMotion1=》不需重新创建-手动操作！
2023-07-08 15:43:18,787 [AppLog] INFO : 进入：EquipmentMotionLogic3=》准备创建对象-手动操作！
2023-07-08 15:43:18,787 [AppLog] INFO : 进入：EquipmentMotionLogic3=》不需重新创建-手动操作！
2023-07-08 15:43:18,787 [AppLog] INFO : 进入：EquipmentMotionLogic3=》赋值完成自-AutoPrintMotion2！
2023-07-08 15:43:18,787 [AppLog] INFO : 进入：EquipmentMotionLogic3=》加载配置文件-LoadJsonFile成功！
2023-07-08 15:43:18,787 [AppLog] INFO : 进入：AutoPrintThread3！
2023-07-08 15:43:18,787 [AppLog] INFO : 准备读取编码器位置：X方向！
2023-07-08 15:43:18,787 [AppLog] INFO : 准备运动，当前位置：DEV_GetPrintEncoderValue：MoveDirectionFlag{false为Y方向：False}CurrentPos{26.625}AimPos{425}
2023-07-08 15:43:18,818 [AppLog] INFO : X方向运动开始：DEM_Run：返回值{True}nAxis{0}DirFlag{True}nSpeed{300000}MoveStep{398375}nCtlValue{2}
2023-07-08 15:43:20,690 [AppLog] INFO : X方向到位停止：DEM_StopAxisRun：返回值{True}CurrentPos{418.975}bImmeStop{False}nAxisMask{1}
2023-07-08 15:43:20,690 [AppLog] INFO : 准备读取编码器位置：Y方向！
2023-07-08 15:43:20,690 [AppLog] INFO : 准备运动，编码器当前位置：DEM_GetAxisEncodeVal：MoveDirectionFlag{false为Y方向：True}CurrentPos{157.475}AimPos{196.5}
2023-07-08 15:43:20,877 [AppLog] INFO : Y方向运动开始：DEM_Run：返回值{True}nAxis{1}DirFlag{True}nSpeed{300000}MoveStep{39098.796275}nCtlValue{1}
2023-07-08 15:43:20,940 [AppLog] INFO : Y方向到位停止：DEM_StopAxisRun：返回值{True}CurrentPos{191.725}bImmeStop{False}nAxisMask{2}
2023-07-08 15:43:20,940 [AppLog] INFO : 获取打印Pass数据：IDP_GetPassItem2：nLayerIndex{10}nPassID{4}nProcState{3}LPPassDataItemb:PrtDir{False}nDataTxCompleteCnt{1}nHwMemAdrMatchMask{1}nLayerIndex{10}nLayerPassCount{6}nLayerPassIndex{4}nMinJet0ImgLinePos{5475}nPrtMemHwAddr{System.UInt32[]}nPrtDataOffset{System.UInt32[]}nSrcDataSize{System.UInt32[]}nPrtColBytes{System.UInt32[]}nPrtPrecession{10.666}nSrcEndCols{6000}nSrcStartCols{0}nStartEncPos{76511}nValidPassJets{1280}nValidPrtCols{6233}nValidPrtCtlCnts{1}pDataBuf{0}pNextItem{767879216}
2023-07-08 15:43:20,955 [AppLog] INFO : 使能Pass打印成功：IDP_DoPassPrint2：nLayerIndex{10}nPassID{4}
2023-07-08 15:43:20,955 [AppLog] INFO : PASS打印前关键状态：DEV_GetDeviceInfo：nLayerIndex{10}nPassID{4}LPPRINTER_INFO:nXSysEncDPI{5080}nStatus{909129520}nPrintStatus{0}bSuperDevice{1}
LPPRINTER_INFO-LPPrtRunInfo:bJobPrtRuning{True}bLayerPrtIsOver{False}nContReqMemErr{0}nContWDErr{0}nCurPrtDir{0}nDTLayerIndex{19}nDTLayerPassIndex{5}nDTPtrCtlIndex{0}nLayerPassCount{6}nPrintLayerIndex{10}nPrintPassIndex{4}nProcLayerIndex{19}nPrtDataMemAddr{0}nPrtState{0}nReverse{System.Int32[]}nRevPrtCols{0}
LPPRINTER_INFO-LPDRVINFO:nFMVersion{45074}nFpgaVersion{539038216}nPCBVersion{0}nState{0}nNextState{0}nPtvwarnState{0}nCrc32{0}nRevInfo{System.UInt32[]}nSignature{0}
2023-07-08 15:43:20,955 [AppLog] INFO : 创建：AutoPrintMotion1=》不需重新创建-手动操作！
2023-07-08 15:43:20,955 [AppLog] INFO : 进入：EquipmentMotionLogic3=》准备创建对象-手动操作！
2023-07-08 15:43:20,955 [AppLog] INFO : 进入：EquipmentMotionLogic3=》不需重新创建-手动操作！
2023-07-08 15:43:20,955 [AppLog] INFO : 进入：EquipmentMotionLogic3=》赋值完成自-AutoPrintMotion2！
2023-07-08 15:43:20,955 [AppLog] INFO : 进入：EquipmentMotionLogic3=》加载配置文件-LoadJsonFile成功！
2023-07-08 15:43:20,955 [AppLog] INFO : 进入：AutoPrintThread3！
2023-07-08 15:43:20,955 [AppLog] INFO : 准备读取编码器位置：X方向！
2023-07-08 15:43:20,955 [AppLog] INFO : 准备运动，当前位置：DEV_GetPrintEncoderValue：MoveDirectionFlag{false为Y方向：False}CurrentPos{423.375}AimPos{25}
2023-07-08 15:43:20,986 [AppLog] INFO : X方向运动开始：DEM_Run：返回值{True}nAxis{0}DirFlag{False}nSpeed{300000}MoveStep{-398375}nCtlValue{2}
2023-07-08 15:43:22,858 [AppLog] INFO : X方向到位停止：DEM_StopAxisRun：返回值{True}CurrentPos{30.525}bImmeStop{False}nAxisMask{1}
2023-07-08 15:43:22,858 [AppLog] INFO : 准备读取编码器位置：Y方向！
2023-07-08 15:43:22,858 [AppLog] INFO : 准备运动，编码器当前位置：DEM_GetAxisEncodeVal：MoveDirectionFlag{false为Y方向：True}CurrentPos{196.54}AimPos{211.521166666667}
2023-07-08 15:43:22,983 [AppLog] INFO : Y方向运动开始：DEM_Run：返回值{True}nAxis{1}DirFlag{True}nSpeed{300000}MoveStep{15009.4960528333}nCtlValue{1}
2023-07-08 15:43:23,046 [AppLog] INFO : Y方向到位停止：DEM_StopAxisRun：返回值{True}CurrentPos{209.675}bImmeStop{False}nAxisMask{2}
2023-07-08 15:43:23,046 [AppLog] INFO : 获取打印Pass数据：IDP_GetPassItem2：nLayerIndex{10}nPassID{5}nProcState{3}LPPassDataItemb:PrtDir{True}nDataTxCompleteCnt{1}nHwMemAdrMatchMask{1}nLayerIndex{10}nLayerPassCount{6}nLayerPassIndex{5}nMinJet0ImgLinePos{6755}nPrtMemHwAddr{System.UInt32[]}nPrtDataOffset{System.UInt32[]}nSrcDataSize{System.UInt32[]}nPrtColBytes{System.UInt32[]}nPrtPrecession{10.666}nSrcEndCols{6000}nSrcStartCols{0}nStartEncPos{10000}nValidPassJets{1280}nValidPrtCols{6233}nValidPrtCtlCnts{1}pDataBuf{0}pNextItem{0}
2023-07-08 15:43:23,061 [AppLog] INFO : 使能Pass打印成功：IDP_DoPassPrint2：nLayerIndex{10}nPassID{5}
2023-07-08 15:43:23,061 [AppLog] INFO : PASS打印前关键状态：DEV_GetDeviceInfo：nLayerIndex{10}nPassID{5}LPPRINTER_INFO:nXSysEncDPI{5080}nStatus{909129520}nPrintStatus{0}bSuperDevice{1}
LPPRINTER_INFO-LPPrtRunInfo:bJobPrtRuning{True}bLayerPrtIsOver{False}nContReqMemErr{0}nContWDErr{0}nCurPrtDir{0}nDTLayerIndex{19}nDTLayerPassIndex{5}nDTPtrCtlIndex{0}nLayerPassCount{6}nPrintLayerIndex{10}nPrintPassIndex{5}nProcLayerIndex{19}nPrtDataMemAddr{0}nPrtState{0}nReverse{System.Int32[]}nRevPrtCols{0}
LPPRINTER_INFO-LPDRVINFO:nFMVersion{45074}nFpgaVersion{539038216}nPCBVersion{0}nState{0}nNextState{0}nPtvwarnState{0}nCrc32{0}nRevInfo{System.UInt32[]}nSignature{0}
2023-07-08 15:43:23,061 [AppLog] INFO : 创建：AutoPrintMotion1=》不需重新创建-手动操作！
2023-07-08 15:43:23,061 [AppLog] INFO : 进入：EquipmentMotionLogic3=》准备创建对象-手动操作！
2023-07-08 15:43:23,061 [AppLog] INFO : 进入：EquipmentMotionLogic3=》不需重新创建-手动操作！
2023-07-08 15:43:23,061 [AppLog] INFO : 进入：EquipmentMotionLogic3=》赋值完成自-AutoPrintMotion2！
2023-07-08 15:43:23,061 [AppLog] INFO : 进入：EquipmentMotionLogic3=》加载配置文件-LoadJsonFile成功！
2023-07-08 15:43:23,061 [AppLog] INFO : 进入：AutoPrintThread3！
2023-07-08 15:43:23,061 [AppLog] INFO : 准备读取编码器位置：X方向！
2023-07-08 15:43:23,061 [AppLog] INFO : 准备运动，当前位置：DEV_GetPrintEncoderValue：MoveDirectionFlag{false为Y方向：False}CurrentPos{26.61}AimPos{425}
2023-07-08 15:43:23,108 [AppLog] INFO : X方向运动开始：DEM_Run：返回值{True}nAxis{0}DirFlag{True}nSpeed{300000}MoveStep{398390}nCtlValue{2}
2023-07-08 15:43:24,980 [AppLog] INFO : X方向到位停止：DEM_StopAxisRun：返回值{True}CurrentPos{418.92}bImmeStop{False}nAxisMask{1}
2023-07-08 15:43:24,980 [AppLog] INFO : 准备读取编码器位置：X方向！
2023-07-08 15:43:24,980 [AppLog] INFO : 准备运动，当前位置：DEV_GetPrintEncoderValue：MoveDirectionFlag{false为Y方向：False}CurrentPos{419.115}AimPos{780}
2023-07-08 15:43:25,011 [AppLog] INFO : X方向运动开始：DEM_Run：返回值{True}nAxis{0}DirFlag{True}nSpeed{300000}MoveStep{360885}nCtlValue{2}
2023-07-08 15:43:25,074 [AppLog] INFO : 准备读取编码器位置：Y方向！
2023-07-08 15:43:25,074 [AppLog] INFO : 准备运动，编码器当前位置：DEM_GetAxisEncodeVal：MoveDirectionFlag{false为Y方向：True}CurrentPos{211.535}AimPos{121}
2023-07-08 15:43:25,448 [AppLog] INFO : Y方向运动开始：DEM_Run：返回值{True}nAxis{1}DirFlag{False}nSpeed{300000}MoveStep{-90706.201685}nCtlValue{1}
2023-07-08 15:43:26,758 [AppLog] INFO : Y方向到位等停：DEM_StopAxisRun：返回值{True}bImmeStop{False}nAxisMask{1}
2023-07-08 15:43:26,758 [AppLog] INFO : X方向到位等停：DEM_StopAxisRun：返回值{True}bImmeStop{False}nAxisMask{2}
2023-07-08 15:43:26,774 [AppLog] INFO : 开启闪喷操作：IDP_FlashPrtCtl：返回值{True}
2023-07-08 15:43:26,774 [AppLog] INFO : 进入：EquipmentMotionLogic3=》准备创建对象-手动操作！
2023-07-08 15:43:26,774 [AppLog] INFO : 进入：EquipmentMotionLogic3=》不需重新创建-手动操作！
2023-07-08 15:43:26,774 [AppLog] INFO : 进入：EquipmentMotionLogic3=》赋值完成自-AutoPrintMotion2！
2023-07-08 15:43:26,774 [AppLog] INFO : 进入：EquipmentMotionLogic3=》加载配置文件-LoadJsonFile成功！
2023-07-08 15:43:26,774 [AppLog] INFO : 进入自动铺粉逻辑：NewAutoSupplyPowderThread2
2023-07-08 15:43:26,774 [AppLog] INFO : 电气控制模块：手动打开端口14
2023-07-08 15:43:26,774 [AppLog] INFO : 电气控制模块：手动打开端口15
2023-07-08 15:43:26,852 [AppLog] INFO : 手动正向点动指令（8轴运控板卡系统） ====》：输出AXIS{第1轴},点动量{-0.1MM},运动速度{2MM/s}
2023-07-08 15:43:26,852 [AppLog] INFO : 成形面高度下降层厚 TrapSpace{0.1mm}：TrapMoveUp(1, true, Convert.ToString(vel), Convert.ToString(TrapSpace), true, true）
2023-07-08 15:43:27,632 [AppLog] INFO : 手动正向点动指令（8轴运控板卡系统） ====》：输出AXIS{第1轴},点动量{-1.5MM},运动速度{2MM/s}
2023-07-08 15:43:27,632 [AppLog] INFO : 成形面高度下降指定厚度 TrapSpace{1.5mm}：TrapMoveUp(1, true, Convert.ToString(vel), Convert.ToString(TrapSpace), true, true）
2023-07-08 15:43:28,396 [AppLog] INFO : 手动正向点动指令（8轴运控板卡系统） ====》：输出AXIS{第1轴},点动量{1.5MM},运动速度{2MM/s}
2023-07-08 15:43:28,396 [AppLog] INFO : 电气控制模块：手动关闭端口15
2023-07-08 15:43:28,396 [AppLog] INFO : 电气控制模块：手动关闭端口14
2023-07-08 15:43:28,396 [AppLog] INFO : 成形面高度上升层厚 TrapSpace{1.5mm}：TrapMoveUp(1, true, Convert.ToString(vel), Convert.ToString(TrapSpace), true, true）
2023-07-08 15:43:28,646 [AppLog] INFO : 手动正向点动指令（8轴运控板卡系统） ====》：输出AXIS{第8轴},点动量{0.6MM},运动速度{2.5MM/s}
2023-07-08 15:43:28,646 [AppLog] INFO : Hopper落粉轴转2圈落粉，速度0.5rev/s：TrapMoveUp(8, true, 0.5, rotateNuM.ToString(), true, false)
2023-07-08 15:43:29,660 [AppLog] INFO : 开启铺粉车不等停运动，准备运动至准备打印位置215mm，速度250mm/s：BackToStation2
2023-07-08 15:43:30,518 [AppLog] INFO : 手动正向点动指令（8轴运控板卡系统） ====》：输出AXIS{第2轴},点动量{216.5MM},运动速度{250MM/s}
2023-07-08 15:43:30,518 [AppLog] INFO : 当前铺粉车位置：打印位置215mm
2023-07-08 15:43:30,518 [AppLog] INFO : 手动正向点动指令（8轴运控板卡系统） ====》：输出AXIS{第2轴},点动量{480MM},运动速度{25MM/s}
2023-07-08 15:43:30,518 [AppLog] INFO : 开启铺粉车不等停运动至准备打印位置695mm，速度25mm/s：BackToStation2
2023-07-08 15:43:30,643 [AppLog] INFO : 打开IR灯：OpenIRLamp(true)
2023-07-08 15:43:30,768 [AppLog] INFO : 手动正向点动指令（8轴运控板卡系统） ====》：输出AXIS{第3轴},点动量{0.125MM},运动速度{1MM/s}
2023-07-08 15:43:30,768 [AppLog] INFO : 在{40mm}处，落粉轴运动{45度}，落粉轴转速{1rev/s}：TrapMoveUp(3, true, Convert.ToString(DispenseRollerSpeed), 0.5, true, true)
2023-07-08 15:43:30,768 [AppLog] INFO : 手动正向点动指令（8轴运控板卡系统） ====》：输出AXIS{第3轴},点动量{0.5MM},运动速度{0.0376712328767123MM/s}
2023-07-08 15:43:30,768 [AppLog] INFO : 开启均匀落粉及辊子铺平运动：TrapMoveUp(3, true, Convert.ToString(DispenseRollerSpeed), 0.5, true, true)
2023-07-08 15:43:42,436 [AppLog] INFO : 关闭IR灯：OpenIRLamp(false)
2023-07-08 15:43:46,992 [AppLog] INFO : 手动正向点动指令（8轴运控板卡系统） ====》：输出AXIS{第3轴},点动量{0.5MM},运动速度{2MM/s}
2023-07-08 15:43:46,992 [AppLog] INFO : 落粉轴继续转动以倒掉余粉：TrapMoveUp(3, true, 2, 0.5, true, false)
2023-07-08 15:43:49,722 [AppLog] INFO : 电气控制模块：手动打开端口14
2023-07-08 15:43:49,722 [AppLog] INFO : 电气控制模块：手动打开端口15
2023-07-08 15:43:50,502 [AppLog] INFO : 手动正向点动指令（8轴运控板卡系统） ====》：输出AXIS{第1轴},点动量{-1.5MM},运动速度{2MM/s}
2023-07-08 15:43:50,502 [AppLog] INFO : 电气控制模块：手动关闭端口15
2023-07-08 15:43:50,502 [AppLog] INFO : 电气控制模块：手动关闭端口14
2023-07-08 15:43:50,502 [AppLog] INFO : 成形面高度下降指定厚度 TrapSpace{1.5mm}：TrapMoveUp(1, true, Convert.ToString(vel), Convert.ToString(TrapSpace), true, true）
2023-07-08 15:43:53,294 [AppLog] INFO : 手动正向点动指令（8轴运控板卡系统） ====》：输出AXIS{第2轴},点动量{-696.5MM},运动速度{250MM/s}
2023-07-08 15:43:53,294 [AppLog] INFO : 铺粉车返回至站1：BackToStation2(AimPos, MovSpeed, true)：-1.5mm，速度250mm/s：BackToStation2
2023-07-08 15:43:54,074 [AppLog] INFO : 落粉轴回零成功：motionMap.SetBackSpreaderAxis(3, 0.5, 2, -SinkPosition)：ReturnCode{True}
2023-07-08 15:43:54,074 [AppLog] INFO : 电气控制模块：手动打开端口14
2023-07-08 15:43:54,074 [AppLog] INFO : 电气控制模块：手动打开端口15
2023-07-08 15:43:54,839 [AppLog] INFO : 手动正向点动指令（8轴运控板卡系统） ====》：输出AXIS{第1轴},点动量{1.5MM},运动速度{2MM/s}
2023-07-08 15:43:54,839 [AppLog] INFO : 电气控制模块：手动关闭端口15
2023-07-08 15:43:54,839 [AppLog] INFO : 电气控制模块：手动关闭端口14
2023-07-08 15:43:54,839 [AppLog] INFO : 成形面高度上升层厚 TrapSpace{1.5mm}：TrapMoveUp(1, true, Convert.ToString(vel), Convert.ToString(TrapSpace), true, true）
2023-07-08 15:43:54,839 [AppLog] INFO : 自动铺粉正常结束：NewAutoSupplyPowderThread2
2023-07-08 15:43:54,839 [AppLog] INFO : 发送监控指令，拍照记录1条：SendMessageFromSharedMemory
2023-07-08 15:43:54,839 [AppLog] INFO : 铺粉模式：铺粉固化同时进行！
2023-07-08 15:43:54,839 [AppLog] INFO : 执行完成铺粉固化操作：EquipmentMotionLogic3：m_bApplyPowderSupplyMotion:0
2023-07-08 15:43:54,839 [AppLog] INFO : 接收到恢复打印指令：PrintTaskTHREAD
2023-07-08 15:43:54,854 [AppLog] INFO : 获取打印Pass数据：IDP_GetPassItem2：nLayerIndex{11}nPassID{0}nProcState{3}LPPassDataItemb:PrtDir{False}nDataTxCompleteCnt{1}nHwMemAdrMatchMask{1}nLayerIndex{11}nLayerPassCount{6}nLayerPassIndex{0}nMinJet0ImgLinePos{355}nPrtMemHwAddr{System.UInt32[]}nPrtDataOffset{System.UInt32[]}nSrcDataSize{System.UInt32[]}nPrtColBytes{System.UInt32[]}nPrtPrecession{10.666}nSrcEndCols{6000}nSrcStartCols{0}nStartEncPos{76511}nValidPassJets{1280}nValidPrtCols{6233}nValidPrtCtlCnts{1}pDataBuf{0}pNextItem{767820592}
2023-07-08 15:43:54,854 [AppLog] INFO : 使能Pass打印成功：IDP_DoPassPrint2：nLayerIndex{11}nPassID{0}
2023-07-08 15:43:54,854 [AppLog] INFO : PASS打印前关键状态：DEV_GetDeviceInfo：nLayerIndex{11}nPassID{0}LPPRINTER_INFO:nXSysEncDPI{5080}nStatus{909129520}nPrintStatus{0}bSuperDevice{1}
LPPRINTER_INFO-LPPrtRunInfo:bJobPrtRuning{True}bLayerPrtIsOver{False}nContReqMemErr{0}nContWDErr{0}nCurPrtDir{0}nDTLayerIndex{19}nDTLayerPassIndex{5}nDTPtrCtlIndex{0}nLayerPassCount{6}nPrintLayerIndex{11}nPrintPassIndex{0}nProcLayerIndex{19}nPrtDataMemAddr{0}nPrtState{0}nReverse{System.Int32[]}nRevPrtCols{0}
LPPRINTER_INFO-LPDRVINFO:nFMVersion{45074}nFpgaVersion{539038216}nPCBVersion{0}nState{0}nNextState{0}nPtvwarnState{0}nCrc32{0}nRevInfo{System.UInt32[]}nSignature{0}
2023-07-08 15:43:54,854 [AppLog] INFO : 创建：AutoPrintMotion1=》不需重新创建-手动操作！
2023-07-08 15:43:54,854 [AppLog] INFO : 进入：EquipmentMotionLogic3=》准备创建对象-手动操作！
2023-07-08 15:43:54,854 [AppLog] INFO : 进入：EquipmentMotionLogic3=》不需重新创建-手动操作！
2023-07-08 15:43:54,854 [AppLog] INFO : 进入：EquipmentMotionLogic3=》赋值完成自-AutoPrintMotion2！
2023-07-08 15:43:54,854 [AppLog] INFO : 进入：EquipmentMotionLogic3=》加载配置文件-LoadJsonFile成功！
2023-07-08 15:43:54,854 [AppLog] INFO : 进入自动清洗过程：AutoCleanThread
2023-07-08 15:43:55,229 [AppLog] INFO : 刮墨轴回零成功：motionMap.SetBackSpreaderAxis(4, 1, 2, -SinkHomePosition)
2023-07-08 15:43:55,229 [AppLog] INFO : 准备读取编码器位置：Y方向！
2023-07-08 15:43:55,244 [AppLog] INFO : 准备运动，编码器当前位置：DEM_GetAxisEncodeVal：MoveDirectionFlag{false为Y方向：True}CurrentPos{121.035}AimPos{116}
2023-07-08 15:43:55,322 [AppLog] INFO : 准备处理第19层数据：准备调用RenderToWic，index为19，subindex为0，g_nRePrintTimes为1，起始层为0
2023-07-08 15:43:55,369 [AppLog] INFO : Y方向运动开始：DEM_Run：返回值{True}nAxis{1}DirFlag{False}nSpeed{300000}MoveStep{-5044.521185}nCtlValue{1}
2023-07-08 15:43:55,385 [AppLog] INFO : 完成处理第19层数据：准备调用DrawLayerBMP，index为19，起始层为0
2023-07-08 15:43:55,385 [AppLog] INFO : 完成处理第19层数据：准备调用DrawLayerBMP，index为19，起始层为0
2023-07-08 15:43:55,431 [AppLog] INFO : Y方向到位停止：DEM_StopAxisRun：返回值{True}CurrentPos{116.555}bImmeStop{False}nAxisMask{2}
2023-07-08 15:43:55,431 [AppLog] INFO : 准备读取编码器位置：X方向！
2023-07-08 15:43:55,431 [AppLog] INFO : 准备运动，当前位置：DEV_GetPrintEncoderValue：MoveDirectionFlag{false为Y方向：False}CurrentPos{784.24}AimPos{780}
2023-07-08 15:43:55,463 [AppLog] INFO : X方向运动开始：DEM_Run：返回值{True}nAxis{0}DirFlag{False}nSpeed{300000}MoveStep{-4240.00000000001}nCtlValue{2}
2023-07-08 15:43:55,634 [AppLog] INFO : X方向到位停止：DEM_StopAxisRun：返回值{True}CurrentPos{783.025}bImmeStop{False}nAxisMask{1}
2023-07-08 15:43:55,728 [AppLog] INFO : 作业写入成功：IDP_WriteImgLayerData：bpp:{1bit}灰阶:{1阶}nLayerIndex{20}LayerIndex{19}SubIndex{1}RePrintTimes{1}nBytesPerLine{752}nWidth{6001}nHeight{7680}nXEncOff{0}nYJetOff{355}nImgStartJetIndex{0}nXDPI{476.25}nYDPI{600}nPrtDir{0} nPrtFlag{1}nColorCnts{1}nReserved{System.Int32[]}
2023-07-08 15:43:55,743 [AppLog] INFO : 完成处理第19层数据：准备调用RenderToWic，index为19，subindex为0，g_nRePrintTimes为1，起始层为0
2023-07-08 15:43:56,851 [AppLog] INFO : 开启手动清洗挤墨喷头，DEV_EnableTimer: 端口{11}，清洗控制周期：{0.5}S,{0.5}S
2023-07-08 15:43:57,865 [AppLog] INFO : 关闭手动清洗挤墨喷头：DEV_EnableTimer
2023-07-08 15:43:57,865 [AppLog] INFO : 压墨等待开启：{1.5S}
2023-07-08 15:43:59,378 [AppLog] INFO : 压墨等待完成：{1.5S}
2023-07-08 15:43:59,378 [AppLog] INFO : 准备读取编码器位置：X方向！
2023-07-08 15:43:59,378 [AppLog] INFO : 准备运动，当前位置：DEV_GetPrintEncoderValue：MoveDirectionFlag{false为Y方向：False}CurrentPos{780.36}AimPos{680}
2023-07-08 15:43:59,409 [AppLog] INFO : X方向运动开始：DEM_Run：返回值{True}nAxis{0}DirFlag{False}nSpeed{200000}MoveStep{-100360}nCtlValue{2}
2023-07-08 15:44:00,267 [AppLog] INFO : X方向到位停止：DEM_StopAxisRun：返回值{True}CurrentPos{683.815}bImmeStop{False}nAxisMask{1}
2023-07-08 15:44:00,845 [AppLog] INFO : 结束自动清洗过程：AutoCleanThread
2023-07-08 15:44:00,845 [AppLog] INFO : 进入：EquipmentMotionLogic3=》准备创建对象-手动操作！
2023-07-08 15:44:00,845 [AppLog] INFO : 进入：EquipmentMotionLogic3=》不需重新创建-手动操作！
2023-07-08 15:44:00,845 [AppLog] INFO : 进入：EquipmentMotionLogic3=》赋值完成自-AutoPrintMotion2！
2023-07-08 15:44:00,845 [AppLog] INFO : 进入：EquipmentMotionLogic3=》加载配置文件-LoadJsonFile成功！
2023-07-08 15:44:00,845 [AppLog] INFO : 进入：AutoPrintThread3！
2023-07-08 15:44:00,860 [AppLog] INFO : 关闭闪喷操作：IDP_FlashPrtCtl：返回值{True}
2023-07-08 15:44:00,860 [AppLog] INFO : 准备读取编码器位置：Y方向！
2023-07-08 15:44:00,876 [AppLog] INFO : 准备运动，编码器当前位置：DEM_GetAxisEncodeVal：MoveDirectionFlag{false为Y方向：True}CurrentPos{115.99}AimPos{91}
2023-07-08 15:44:01,032 [AppLog] INFO : Y方向运动开始：DEM_Run：返回值{True}nAxis{1}DirFlag{False}nSpeed{300000}MoveStep{-25037.25609}nCtlValue{1}
2023-07-08 15:44:01,094 [AppLog] INFO : 准备读取编码器位置：X方向！
2023-07-08 15:44:01,094 [AppLog] INFO : 准备运动，当前位置：DEV_GetPrintEncoderValue：MoveDirectionFlag{false为Y方向：False}CurrentPos{680.23}AimPos{425}
2023-07-08 15:44:01,125 [AppLog] INFO : X方向运动开始：DEM_Run：返回值{True}nAxis{0}DirFlag{False}nSpeed{300000}MoveStep{-255230}nCtlValue{2}
2023-07-08 15:44:02,514 [AppLog] INFO : X方向到位停止：DEM_StopAxisRun：返回值{True}CurrentPos{430.16}bImmeStop{False}nAxisMask{1}
2023-07-08 15:44:02,514 [AppLog] INFO : 准备读取编码器位置：X方向！
2023-07-08 15:44:02,514 [AppLog] INFO : 准备运动，当前位置：DEV_GetPrintEncoderValue：MoveDirectionFlag{false为Y方向：False}CurrentPos{429.635}AimPos{25}
2023-07-08 15:44:02,545 [AppLog] INFO : X方向运动开始：DEM_Run：返回值{True}nAxis{0}DirFlag{False}nSpeed{300000}MoveStep{-404635}nCtlValue{2}
2023-07-08 15:44:04,433 [AppLog] INFO : X方向到位停止：DEM_StopAxisRun：返回值{True}CurrentPos{25.705}bImmeStop{False}nAxisMask{1}
2023-07-08 15:44:04,433 [AppLog] INFO : 准备读取编码器位置：Y方向！
2023-07-08 15:44:04,433 [AppLog] INFO : 准备运动，编码器当前位置：DEM_GetAxisEncodeVal：MoveDirectionFlag{false为Y方向：True}CurrentPos{91.01}AimPos{101.021166666667}
2023-07-08 15:44:04,557 [AppLog] INFO : Y方向运动开始：DEM_Run：返回值{True}nAxis{1}DirFlag{True}nSpeed{300000}MoveStep{10030.0977828333}nCtlValue{1}
2023-07-08 15:44:04,620 [AppLog] INFO : Y方向到位停止：DEM_StopAxisRun：返回值{True}CurrentPos{99.535}bImmeStop{False}nAxisMask{2}
2023-07-08 15:44:04,620 [AppLog] INFO : 获取打印Pass数据：IDP_GetPassItem2：nLayerIndex{11}nPassID{1}nProcState{3}LPPassDataItemb:PrtDir{True}nDataTxCompleteCnt{1}nHwMemAdrMatchMask{1}nLayerIndex{11}nLayerPassCount{6}nLayerPassIndex{1}nMinJet0ImgLinePos{1635}nPrtMemHwAddr{System.UInt32[]}nPrtDataOffset{System.UInt32[]}nSrcDataSize{System.UInt32[]}nPrtColBytes{System.UInt32[]}nPrtPrecession{10.666}nSrcEndCols{6000}nSrcStartCols{0}nStartEncPos{10000}nValidPassJets{1280}nValidPrtCols{6233}nValidPrtCtlCnts{1}pDataBuf{0}pNextItem{767820432}
2023-07-08 15:44:04,635 [AppLog] INFO : 使能Pass打印成功：IDP_DoPassPrint2：nLayerIndex{11}nPassID{1}
2023-07-08 15:44:04,635 [AppLog] INFO : PASS打印前关键状态：DEV_GetDeviceInfo：nLayerIndex{11}nPassID{1}LPPRINTER_INFO:nXSysEncDPI{5080}nStatus{909129520}nPrintStatus{0}bSuperDevice{1}
LPPRINTER_INFO-LPPrtRunInfo:bJobPrtRuning{True}bLayerPrtIsOver{False}nContReqMemErr{0}nContWDErr{0}nCurPrtDir{0}nDTLayerIndex{20}nDTLayerPassIndex{5}nDTPtrCtlIndex{0}nLayerPassCount{6}nPrintLayerIndex{11}nPrintPassIndex{1}nProcLayerIndex{20}nPrtDataMemAddr{0}nPrtState{0}nReverse{System.Int32[]}nRevPrtCols{0}
LPPRINTER_INFO-LPDRVINFO:nFMVersion{45074}nFpgaVersion{539038216}nPCBVersion{0}nState{0}nNextState{0}nPtvwarnState{0}nCrc32{0}nRevInfo{System.UInt32[]}nSignature{0}
2023-07-08 15:44:04,635 [AppLog] INFO : 创建：AutoPrintMotion1=》不需重新创建-手动操作！
2023-07-08 15:44:04,635 [AppLog] INFO : 进入：EquipmentMotionLogic3=》准备创建对象-手动操作！
2023-07-08 15:44:04,635 [AppLog] INFO : 进入：EquipmentMotionLogic3=》不需重新创建-手动操作！
2023-07-08 15:44:04,635 [AppLog] INFO : 进入：EquipmentMotionLogic3=》赋值完成自-AutoPrintMotion2！
2023-07-08 15:44:04,635 [AppLog] INFO : 进入：EquipmentMotionLogic3=》加载配置文件-LoadJsonFile成功！
2023-07-08 15:44:04,635 [AppLog] INFO : 进入：AutoPrintThread3！
2023-07-08 15:44:04,635 [AppLog] INFO : 准备读取编码器位置：X方向！
2023-07-08 15:44:04,635 [AppLog] INFO : 准备运动，当前位置：DEV_GetPrintEncoderValue：MoveDirectionFlag{false为Y方向：False}CurrentPos{21.485}AimPos{425}
2023-07-08 15:44:04,667 [AppLog] INFO : X方向运动开始：DEM_Run：返回值{True}nAxis{0}DirFlag{True}nSpeed{300000}MoveStep{403515}nCtlValue{2}
2023-07-08 15:44:06,554 [AppLog] INFO : X方向到位停止：DEM_StopAxisRun：返回值{True}CurrentPos{419.34}bImmeStop{False}nAxisMask{1}
2023-07-08 15:44:06,554 [AppLog] INFO : 准备读取编码器位置：Y方向！
2023-07-08 15:44:06,554 [AppLog] INFO : 准备运动，编码器当前位置：DEM_GetAxisEncodeVal：MoveDirectionFlag{false为Y方向：True}CurrentPos{100.95}AimPos{145}
2023-07-08 15:44:06,788 [AppLog] INFO : Y方向运动开始：DEM_Run：返回值{True}nAxis{1}DirFlag{True}nSpeed{300000}MoveStep{44133.29855}nCtlValue{1}
2023-07-08 15:44:06,851 [AppLog] INFO : Y方向到位停止：DEM_StopAxisRun：返回值{True}CurrentPos{143}bImmeStop{False}nAxisMask{2}
2023-07-08 15:44:06,851 [AppLog] INFO : 获取打印Pass数据：IDP_GetPassItem2：nLayerIndex{11}nPassID{2}nProcState{3}LPPassDataItemb:PrtDir{False}nDataTxCompleteCnt{1}nHwMemAdrMatchMask{1}nLayerIndex{11}nLayerPassCount{6}nLayerPassIndex{2}nMinJet0ImgLinePos{2915}nPrtMemHwAddr{System.UInt32[]}nPrtDataOffset{System.UInt32[]}nSrcDataSize{System.UInt32[]}nPrtColBytes{System.UInt32[]}nPrtPrecession{10.666}nSrcEndCols{6000}nSrcStartCols{0}nStartEncPos{76511}nValidPassJets{1280}nValidPrtCols{6233}nValidPrtCtlCnts{1}pDataBuf{0}pNextItem{767820272}
2023-07-08 15:44:06,851 [AppLog] INFO : 使能Pass打印成功：IDP_DoPassPrint2：nLayerIndex{11}nPassID{2}
2023-07-08 15:44:06,866 [AppLog] INFO : PASS打印前关键状态：DEV_GetDeviceInfo：nLayerIndex{11}nPassID{2}LPPRINTER_INFO:nXSysEncDPI{5080}nStatus{909129520}nPrintStatus{0}bSuperDevice{1}
LPPRINTER_INFO-LPPrtRunInfo:bJobPrtRuning{True}bLayerPrtIsOver{False}nContReqMemErr{0}nContWDErr{0}nCurPrtDir{0}nDTLayerIndex{20}nDTLayerPassIndex{5}nDTPtrCtlIndex{0}nLayerPassCount{6}nPrintLayerIndex{11}nPrintPassIndex{2}nProcLayerIndex{20}nPrtDataMemAddr{0}nPrtState{0}nReverse{System.Int32[]}nRevPrtCols{0}
LPPRINTER_INFO-LPDRVINFO:nFMVersion{45074}nFpgaVersion{539038216}nPCBVersion{0}nState{0}nNextState{0}nPtvwarnState{0}nCrc32{0}nRevInfo{System.UInt32[]}nSignature{0}
2023-07-08 15:44:06,866 [AppLog] INFO : 创建：AutoPrintMotion1=》不需重新创建-手动操作！
2023-07-08 15:44:06,866 [AppLog] INFO : 进入：EquipmentMotionLogic3=》准备创建对象-手动操作！
2023-07-08 15:44:06,866 [AppLog] INFO : 进入：EquipmentMotionLogic3=》不需重新创建-手动操作！
2023-07-08 15:44:06,866 [AppLog] INFO : 进入：EquipmentMotionLogic3=》赋值完成自-AutoPrintMotion2！
2023-07-08 15:44:06,866 [AppLog] INFO : 进入：EquipmentMotionLogic3=》加载配置文件-LoadJsonFile成功！
2023-07-08 15:44:06,866 [AppLog] INFO : 进入：AutoPrintThread3！
2023-07-08 15:44:06,866 [AppLog] INFO : 准备读取编码器位置：X方向！
2023-07-08 15:44:06,866 [AppLog] INFO : 准备运动，当前位置：DEV_GetPrintEncoderValue：MoveDirectionFlag{false为Y方向：False}CurrentPos{423.33}AimPos{25}
2023-07-08 15:44:06,897 [AppLog] INFO : X方向运动开始：DEM_Run：返回值{True}nAxis{0}DirFlag{False}nSpeed{300000}MoveStep{-398330}nCtlValue{2}
2023-07-08 15:44:08,769 [AppLog] INFO : X方向到位停止：DEM_StopAxisRun：返回值{True}CurrentPos{30.455}bImmeStop{False}nAxisMask{1}
2023-07-08 15:44:08,769 [AppLog] INFO : 准备读取编码器位置：Y方向！
2023-07-08 15:44:08,785 [AppLog] INFO : 准备运动，编码器当前位置：DEM_GetAxisEncodeVal：MoveDirectionFlag{false为Y方向：True}CurrentPos{145.02}AimPos{155.021166666667}
2023-07-08 15:44:08,910 [AppLog] INFO : Y方向运动开始：DEM_Run：返回值{True}nAxis{1}DirFlag{True}nSpeed{300000}MoveStep{10020.0788728333}nCtlValue{1}
2023-07-08 15:44:08,988 [AppLog] INFO : Y方向到位停止：DEM_StopAxisRun：返回值{True}CurrentPos{153.9}bImmeStop{False}nAxisMask{2}
2023-07-08 15:44:08,988 [AppLog] INFO : 获取打印Pass数据：IDP_GetPassItem2：nLayerIndex{11}nPassID{3}nProcState{3}LPPassDataItemb:PrtDir{True}nDataTxCompleteCnt{1}nHwMemAdrMatchMask{1}nLayerIndex{11}nLayerPassCount{6}nLayerPassIndex{3}nMinJet0ImgLinePos{4195}nPrtMemHwAddr{System.UInt32[]}nPrtDataOffset{System.UInt32[]}nSrcDataSize{System.UInt32[]}nPrtColBytes{System.UInt32[]}nPrtPrecession{10.666}nSrcEndCols{6000}nSrcStartCols{0}nStartEncPos{10000}nValidPassJets{1280}nValidPrtCols{6233}nValidPrtCtlCnts{1}pDataBuf{0}pNextItem{767820112}
2023-07-08 15:44:09,003 [AppLog] INFO : 使能Pass打印成功：IDP_DoPassPrint2：nLayerIndex{11}nPassID{3}
2023-07-08 15:44:09,003 [AppLog] INFO : PASS打印前关键状态：DEV_GetDeviceInfo：nLayerIndex{11}nPassID{3}LPPRINTER_INFO:nXSysEncDPI{5080}nStatus{909129520}nPrintStatus{0}bSuperDevice{1}
LPPRINTER_INFO-LPPrtRunInfo:bJobPrtRuning{True}bLayerPrtIsOver{False}nContReqMemErr{0}nContWDErr{0}nCurPrtDir{0}nDTLayerIndex{20}nDTLayerPassIndex{5}nDTPtrCtlIndex{0}nLayerPassCount{6}nPrintLayerIndex{11}nPrintPassIndex{3}nProcLayerIndex{20}nPrtDataMemAddr{0}nPrtState{0}nReverse{System.Int32[]}nRevPrtCols{0}
LPPRINTER_INFO-LPDRVINFO:nFMVersion{45074}nFpgaVersion{539038216}nPCBVersion{0}nState{0}nNextState{0}nPtvwarnState{0}nCrc32{0}nRevInfo{System.UInt32[]}nSignature{0}
2023-07-08 15:44:09,003 [AppLog] INFO : 创建：AutoPrintMotion1=》不需重新创建-手动操作！
2023-07-08 15:44:09,003 [AppLog] INFO : 进入：EquipmentMotionLogic3=》准备创建对象-手动操作！
2023-07-08 15:44:09,003 [AppLog] INFO : 进入：EquipmentMotionLogic3=》不需重新创建-手动操作！
2023-07-08 15:44:09,003 [AppLog] INFO : 进入：EquipmentMotionLogic3=》赋值完成自-AutoPrintMotion2！
2023-07-08 15:44:09,003 [AppLog] INFO : 进入：EquipmentMotionLogic3=》加载配置文件-LoadJsonFile成功！
2023-07-08 15:44:09,003 [AppLog] INFO : 进入：AutoPrintThread3！
2023-07-08 15:44:09,003 [AppLog] INFO : 准备读取编码器位置：X方向！
2023-07-08 15:44:09,003 [AppLog] INFO : 准备运动，当前位置：DEV_GetPrintEncoderValue：MoveDirectionFlag{false为Y方向：False}CurrentPos{26.625}AimPos{425}
2023-07-08 15:44:09,066 [AppLog] INFO : X方向运动开始：DEM_Run：返回值{True}nAxis{0}DirFlag{True}nSpeed{300000}MoveStep{398375}nCtlValue{2}
2023-07-08 15:44:10,938 [AppLog] INFO : X方向到位停止：DEM_StopAxisRun：返回值{True}CurrentPos{418.75}bImmeStop{False}nAxisMask{1}
2023-07-08 15:44:10,938 [AppLog] INFO : 准备读取编码器位置：Y方向！
2023-07-08 15:44:10,938 [AppLog] INFO : 准备运动，编码器当前位置：DEM_GetAxisEncodeVal：MoveDirectionFlag{false为Y方向：True}CurrentPos{154.985}AimPos{199}
2023-07-08 15:44:11,141 [AppLog] INFO : Y方向运动开始：DEM_Run：返回值{True}nAxis{1}DirFlag{True}nSpeed{300000}MoveStep{44098.232365}nCtlValue{1}
2023-07-08 15:44:11,203 [AppLog] INFO : Y方向到位停止：DEM_StopAxisRun：返回值{True}CurrentPos{194.02}bImmeStop{False}nAxisMask{2}
2023-07-08 15:44:11,203 [AppLog] INFO : 获取打印Pass数据：IDP_GetPassItem2：nLayerIndex{11}nPassID{4}nProcState{3}LPPassDataItemb:PrtDir{False}nDataTxCompleteCnt{1}nHwMemAdrMatchMask{1}nLayerIndex{11}nLayerPassCount{6}nLayerPassIndex{4}nMinJet0ImgLinePos{5475}nPrtMemHwAddr{System.UInt32[]}nPrtDataOffset{System.UInt32[]}nSrcDataSize{System.UInt32[]}nPrtColBytes{System.UInt32[]}nPrtPrecession{10.666}nSrcEndCols{6000}nSrcStartCols{0}nStartEncPos{76511}nValidPassJets{1280}nValidPrtCols{6233}nValidPrtCtlCnts{1}pDataBuf{0}pNextItem{767819952}
2023-07-08 15:44:11,203 [AppLog] INFO : 使能Pass打印成功：IDP_DoPassPrint2：nLayerIndex{11}nPassID{4}
2023-07-08 15:44:11,219 [AppLog] INFO : PASS打印前关键状态：DEV_GetDeviceInfo：nLayerIndex{11}nPassID{4}LPPRINTER_INFO:nXSysEncDPI{5080}nStatus{909129520}nPrintStatus{0}bSuperDevice{1}
LPPRINTER_INFO-LPPrtRunInfo:bJobPrtRuning{True}bLayerPrtIsOver{False}nContReqMemErr{0}nContWDErr{0}nCurPrtDir{0}nDTLayerIndex{20}nDTLayerPassIndex{5}nDTPtrCtlIndex{0}nLayerPassCount{6}nPrintLayerIndex{11}nPrintPassIndex{4}nProcLayerIndex{20}nPrtDataMemAddr{0}nPrtState{0}nReverse{System.Int32[]}nRevPrtCols{0}
LPPRINTER_INFO-LPDRVINFO:nFMVersion{45074}nFpgaVersion{539038216}nPCBVersion{0}nState{0}nNextState{0}nPtvwarnState{0}nCrc32{0}nRevInfo{System.UInt32[]}nSignature{0}
2023-07-08 15:44:11,219 [AppLog] INFO : 创建：AutoPrintMotion1=》不需重新创建-手动操作！
2023-07-08 15:44:11,219 [AppLog] INFO : 进入：EquipmentMotionLogic3=》准备创建对象-手动操作！
2023-07-08 15:44:11,219 [AppLog] INFO : 进入：EquipmentMotionLogic3=》不需重新创建-手动操作！
2023-07-08 15:44:11,219 [AppLog] INFO : 进入：EquipmentMotionLogic3=》赋值完成自-AutoPrintMotion2！
2023-07-08 15:44:11,219 [AppLog] INFO : 进入：EquipmentMotionLogic3=》加载配置文件-LoadJsonFile成功！
2023-07-08 15:44:11,219 [AppLog] INFO : 进入：AutoPrintThread3！
2023-07-08 15:44:11,219 [AppLog] INFO : 准备读取编码器位置：X方向！
2023-07-08 15:44:11,219 [AppLog] INFO : 准备运动，当前位置：DEV_GetPrintEncoderValue：MoveDirectionFlag{false为Y方向：False}CurrentPos{423.37}AimPos{25}
2023-07-08 15:44:11,250 [AppLog] INFO : X方向运动开始：DEM_Run：返回值{True}nAxis{0}DirFlag{False}nSpeed{300000}MoveStep{-398370}nCtlValue{2}
2023-07-08 15:44:13,122 [AppLog] INFO : X方向到位停止：DEM_StopAxisRun：返回值{True}CurrentPos{30.95}bImmeStop{False}nAxisMask{1}
2023-07-08 15:44:13,122 [AppLog] INFO : 准备读取编码器位置：Y方向！
2023-07-08 15:44:13,122 [AppLog] INFO : 准备运动，编码器当前位置：DEM_GetAxisEncodeVal：MoveDirectionFlag{false为Y方向：True}CurrentPos{199.055}AimPos{209.021166666667}
2023-07-08 15:44:13,247 [AppLog] INFO : Y方向运动开始：DEM_Run：返回值{True}nAxis{1}DirFlag{True}nSpeed{300000}MoveStep{9985.01268783332}nCtlValue{1}
2023-07-08 15:44:13,309 [AppLog] INFO : Y方向到位停止：DEM_StopAxisRun：返回值{True}CurrentPos{207.855}bImmeStop{False}nAxisMask{2}
2023-07-08 15:44:13,309 [AppLog] INFO : 获取打印Pass数据：IDP_GetPassItem2：nLayerIndex{11}nPassID{5}nProcState{3}LPPassDataItemb:PrtDir{True}nDataTxCompleteCnt{1}nHwMemAdrMatchMask{1}nLayerIndex{11}nLayerPassCount{6}nLayerPassIndex{5}nMinJet0ImgLinePos{6755}nPrtMemHwAddr{System.UInt32[]}nPrtDataOffset{System.UInt32[]}nSrcDataSize{System.UInt32[]}nPrtColBytes{System.UInt32[]}nPrtPrecession{10.666}nSrcEndCols{6000}nSrcStartCols{0}nStartEncPos{10000}nValidPassJets{1280}nValidPrtCols{6233}nValidPrtCtlCnts{1}pDataBuf{0}pNextItem{0}
2023-07-08 15:44:13,325 [AppLog] INFO : 使能Pass打印成功：IDP_DoPassPrint2：nLayerIndex{11}nPassID{5}
2023-07-08 15:44:13,325 [AppLog] INFO : PASS打印前关键状态：DEV_GetDeviceInfo：nLayerIndex{11}nPassID{5}LPPRINTER_INFO:nXSysEncDPI{5080}nStatus{909129520}nPrintStatus{0}bSuperDevice{1}
LPPRINTER_INFO-LPPrtRunInfo:bJobPrtRuning{True}bLayerPrtIsOver{False}nContReqMemErr{0}nContWDErr{0}nCurPrtDir{0}nDTLayerIndex{20}nDTLayerPassIndex{5}nDTPtrCtlIndex{0}nLayerPassCount{6}nPrintLayerIndex{11}nPrintPassIndex{5}nProcLayerIndex{20}nPrtDataMemAddr{0}nPrtState{0}nReverse{System.Int32[]}nRevPrtCols{0}
LPPRINTER_INFO-LPDRVINFO:nFMVersion{45074}nFpgaVersion{539038216}nPCBVersion{0}nState{0}nNextState{0}nPtvwarnState{0}nCrc32{0}nRevInfo{System.UInt32[]}nSignature{0}
2023-07-08 15:44:13,325 [AppLog] INFO : 创建：AutoPrintMotion1=》不需重新创建-手动操作！
2023-07-08 15:44:13,325 [AppLog] INFO : 进入：EquipmentMotionLogic3=》准备创建对象-手动操作！
2023-07-08 15:44:13,325 [AppLog] INFO : 进入：EquipmentMotionLogic3=》不需重新创建-手动操作！
2023-07-08 15:44:13,325 [AppLog] INFO : 进入：EquipmentMotionLogic3=》赋值完成自-AutoPrintMotion2！
2023-07-08 15:44:13,325 [AppLog] INFO : 进入：EquipmentMotionLogic3=》加载配置文件-LoadJsonFile成功！
2023-07-08 15:44:13,325 [AppLog] INFO : 进入：AutoPrintThread3！
2023-07-08 15:44:13,325 [AppLog] INFO : 准备读取编码器位置：X方向！
2023-07-08 15:44:13,325 [AppLog] INFO : 准备运动，当前位置：DEV_GetPrintEncoderValue：MoveDirectionFlag{false为Y方向：False}CurrentPos{26.625}AimPos{425}
2023-07-08 15:44:13,356 [AppLog] INFO : X方向运动开始：DEM_Run：返回值{True}nAxis{0}DirFlag{True}nSpeed{300000}MoveStep{398375}nCtlValue{2}
2023-07-08 15:44:15,228 [AppLog] INFO : X方向到位停止：DEM_StopAxisRun：返回值{True}CurrentPos{418.945}bImmeStop{False}nAxisMask{1}
2023-07-08 15:44:15,228 [AppLog] INFO : 准备读取编码器位置：X方向！
2023-07-08 15:44:15,228 [AppLog] INFO : 准备运动，当前位置：DEV_GetPrintEncoderValue：MoveDirectionFlag{false为Y方向：False}CurrentPos{419.055}AimPos{780}
2023-07-08 15:44:15,259 [AppLog] INFO : X方向运动开始：DEM_Run：返回值{True}nAxis{0}DirFlag{True}nSpeed{300000}MoveStep{360945}nCtlValue{2}
2023-07-08 15:44:15,321 [AppLog] INFO : 准备读取编码器位置：Y方向！
2023-07-08 15:44:15,321 [AppLog] INFO : 准备运动，编码器当前位置：DEM_GetAxisEncodeVal：MoveDirectionFlag{false为Y方向：True}CurrentPos{209.015}AimPos{121}
2023-07-08 15:44:15,696 [AppLog] INFO : Y方向运动开始：DEM_Run：返回值{True}nAxis{1}DirFlag{False}nSpeed{300000}MoveStep{-88181.436365}nCtlValue{1}
2023-07-08 15:44:17,006 [AppLog] INFO : Y方向到位等停：DEM_StopAxisRun：返回值{True}bImmeStop{False}nAxisMask{1}
2023-07-08 15:44:17,006 [AppLog] INFO : X方向到位等停：DEM_StopAxisRun：返回值{True}bImmeStop{False}nAxisMask{2}
2023-07-08 15:44:17,022 [AppLog] INFO : 开启闪喷操作：IDP_FlashPrtCtl：返回值{True}
2023-07-08 15:44:17,022 [AppLog] INFO : 进入：EquipmentMotionLogic3=》准备创建对象-手动操作！
2023-07-08 15:44:17,022 [AppLog] INFO : 进入：EquipmentMotionLogic3=》不需重新创建-手动操作！
2023-07-08 15:44:17,022 [AppLog] INFO : 进入：EquipmentMotionLogic3=》赋值完成自-AutoPrintMotion2！
2023-07-08 15:44:17,022 [AppLog] INFO : 进入：EquipmentMotionLogic3=》加载配置文件-LoadJsonFile成功！
2023-07-08 15:44:17,022 [AppLog] INFO : 进入自动铺粉逻辑：NewAutoSupplyPowderThread2
2023-07-08 15:44:17,022 [AppLog] INFO : 电气控制模块：手动打开端口14
2023-07-08 15:44:17,022 [AppLog] INFO : 电气控制模块：手动打开端口15
2023-07-08 15:44:17,100 [AppLog] INFO : 手动正向点动指令（8轴运控板卡系统） ====》：输出AXIS{第1轴},点动量{-0.1MM},运动速度{2MM/s}
2023-07-08 15:44:17,100 [AppLog] INFO : 成形面高度下降层厚 TrapSpace{0.1mm}：TrapMoveUp(1, true, Convert.ToString(vel), Convert.ToString(TrapSpace), true, true）
2023-07-08 15:44:17,864 [AppLog] INFO : 手动正向点动指令（8轴运控板卡系统） ====》：输出AXIS{第1轴},点动量{-1.5MM},运动速度{2MM/s}
2023-07-08 15:44:17,864 [AppLog] INFO : 成形面高度下降指定厚度 TrapSpace{1.5mm}：TrapMoveUp(1, true, Convert.ToString(vel), Convert.ToString(TrapSpace), true, true）
2023-07-08 15:44:18,644 [AppLog] INFO : 手动正向点动指令（8轴运控板卡系统） ====》：输出AXIS{第1轴},点动量{1.5MM},运动速度{2MM/s}
2023-07-08 15:44:18,644 [AppLog] INFO : 电气控制模块：手动关闭端口15
2023-07-08 15:44:18,644 [AppLog] INFO : 电气控制模块：手动关闭端口14
2023-07-08 15:44:18,644 [AppLog] INFO : 成形面高度上升层厚 TrapSpace{1.5mm}：TrapMoveUp(1, true, Convert.ToString(vel), Convert.ToString(TrapSpace), true, true）
2023-07-08 15:44:18,894 [AppLog] INFO : 手动正向点动指令（8轴运控板卡系统） ====》：输出AXIS{第8轴},点动量{0.6MM},运动速度{2.5MM/s}
2023-07-08 15:44:18,894 [AppLog] INFO : Hopper落粉轴转2圈落粉，速度0.5rev/s：TrapMoveUp(8, true, 0.5, rotateNuM.ToString(), true, false)
2023-07-08 15:44:19,908 [AppLog] INFO : 开启铺粉车不等停运动，准备运动至准备打印位置215mm，速度250mm/s：BackToStation2
2023-07-08 15:44:20,766 [AppLog] INFO : 手动正向点动指令（8轴运控板卡系统） ====》：输出AXIS{第2轴},点动量{216.5MM},运动速度{250MM/s}
2023-07-08 15:44:20,766 [AppLog] INFO : 当前铺粉车位置：打印位置215mm
2023-07-08 15:44:20,766 [AppLog] INFO : 手动正向点动指令（8轴运控板卡系统） ====》：输出AXIS{第2轴},点动量{480MM},运动速度{25MM/s}
2023-07-08 15:44:20,766 [AppLog] INFO : 开启铺粉车不等停运动至准备打印位置695mm，速度25mm/s：BackToStation2
2023-07-08 15:44:20,891 [AppLog] INFO : 打开IR灯：OpenIRLamp(true)
2023-07-08 15:44:21,015 [AppLog] INFO : 手动正向点动指令（8轴运控板卡系统） ====》：输出AXIS{第3轴},点动量{0.125MM},运动速度{1MM/s}
2023-07-08 15:44:21,015 [AppLog] INFO : 在{40mm}处，落粉轴运动{45度}，落粉轴转速{1rev/s}：TrapMoveUp(3, true, Convert.ToString(DispenseRollerSpeed), 0.5, true, true)
2023-07-08 15:44:21,015 [AppLog] INFO : 手动正向点动指令（8轴运控板卡系统） ====》：输出AXIS{第3轴},点动量{0.5MM},运动速度{0.0376712328767123MM/s}
2023-07-08 15:44:21,015 [AppLog] INFO : 开启均匀落粉及辊子铺平运动：TrapMoveUp(3, true, Convert.ToString(DispenseRollerSpeed), 0.5, true, true)
2023-07-08 15:44:32,684 [AppLog] INFO : 关闭IR灯：OpenIRLamp(false)
2023-07-08 15:44:37,239 [AppLog] INFO : 手动正向点动指令（8轴运控板卡系统） ====》：输出AXIS{第3轴},点动量{0.5MM},运动速度{2MM/s}
2023-07-08 15:44:37,239 [AppLog] INFO : 落粉轴继续转动以倒掉余粉：TrapMoveUp(3, true, 2, 0.5, true, false)
2023-07-08 15:44:39,969 [AppLog] INFO : 电气控制模块：手动打开端口14
2023-07-08 15:44:39,969 [AppLog] INFO : 电气控制模块：手动打开端口15
2023-07-08 15:44:40,749 [AppLog] INFO : 手动正向点动指令（8轴运控板卡系统） ====》：输出AXIS{第1轴},点动量{-1.5MM},运动速度{2MM/s}
2023-07-08 15:44:40,749 [AppLog] INFO : 电气控制模块：手动关闭端口15
2023-07-08 15:44:40,749 [AppLog] INFO : 电气控制模块：手动关闭端口14
2023-07-08 15:44:40,749 [AppLog] INFO : 成形面高度下降指定厚度 TrapSpace{1.5mm}：TrapMoveUp(1, true, Convert.ToString(vel), Convert.ToString(TrapSpace), true, true）
2023-07-08 15:44:43,542 [AppLog] INFO : 手动正向点动指令（8轴运控板卡系统） ====》：输出AXIS{第2轴},点动量{-696.5MM},运动速度{250MM/s}
2023-07-08 15:44:43,542 [AppLog] INFO : 铺粉车返回至站1：BackToStation2(AimPos, MovSpeed, true)：-1.5mm，速度250mm/s：BackToStation2
2023-07-08 15:44:44,322 [AppLog] INFO : 落粉轴回零成功：motionMap.SetBackSpreaderAxis(3, 0.5, 2, -SinkPosition)：ReturnCode{True}
2023-07-08 15:44:44,322 [AppLog] INFO : 电气控制模块：手动打开端口14
2023-07-08 15:44:44,322 [AppLog] INFO : 电气控制模块：手动打开端口15
2023-07-08 15:44:45,086 [AppLog] INFO : 手动正向点动指令（8轴运控板卡系统） ====》：输出AXIS{第1轴},点动量{1.5MM},运动速度{2MM/s}
2023-07-08 15:44:45,086 [AppLog] INFO : 电气控制模块：手动关闭端口15
2023-07-08 15:44:45,086 [AppLog] INFO : 电气控制模块：手动关闭端口14
2023-07-08 15:44:45,086 [AppLog] INFO : 成形面高度上升层厚 TrapSpace{1.5mm}：TrapMoveUp(1, true, Convert.ToString(vel), Convert.ToString(TrapSpace), true, true）
2023-07-08 15:44:45,086 [AppLog] INFO : 自动铺粉正常结束：NewAutoSupplyPowderThread2
2023-07-08 15:44:45,086 [AppLog] INFO : 发送监控指令，拍照记录1条：SendMessageFromSharedMemory
2023-07-08 15:44:45,086 [AppLog] INFO : 铺粉模式：铺粉固化同时进行！
2023-07-08 15:44:45,086 [AppLog] INFO : 执行完成铺粉固化操作：EquipmentMotionLogic3：m_bApplyPowderSupplyMotion:0
2023-07-08 15:44:45,086 [AppLog] INFO : 接收到恢复打印指令：PrintTaskTHREAD
2023-07-08 15:44:45,086 [AppLog] INFO : 获取打印Pass数据：IDP_GetPassItem2：nLayerIndex{12}nPassID{0}nProcState{3}LPPassDataItemb:PrtDir{False}nDataTxCompleteCnt{1}nHwMemAdrMatchMask{1}nLayerIndex{12}nLayerPassCount{6}nLayerPassIndex{0}nMinJet0ImgLinePos{355}nPrtMemHwAddr{System.UInt32[]}nPrtDataOffset{System.UInt32[]}nSrcDataSize{System.UInt32[]}nPrtColBytes{System.UInt32[]}nPrtPrecession{10.666}nSrcEndCols{6000}nSrcStartCols{0}nStartEncPos{76511}nValidPassJets{1280}nValidPrtCols{6233}nValidPrtCtlCnts{1}pDataBuf{0}pNextItem{767821552}
2023-07-08 15:44:45,117 [AppLog] INFO : 使能Pass打印成功：IDP_DoPassPrint2：nLayerIndex{12}nPassID{0}
2023-07-08 15:44:45,117 [AppLog] INFO : PASS打印前关键状态：DEV_GetDeviceInfo：nLayerIndex{12}nPassID{0}LPPRINTER_INFO:nXSysEncDPI{5080}nStatus{909129520}nPrintStatus{0}bSuperDevice{1}
LPPRINTER_INFO-LPPrtRunInfo:bJobPrtRuning{True}bLayerPrtIsOver{False}nContReqMemErr{0}nContWDErr{0}nCurPrtDir{0}nDTLayerIndex{20}nDTLayerPassIndex{5}nDTPtrCtlIndex{0}nLayerPassCount{6}nPrintLayerIndex{12}nPrintPassIndex{0}nProcLayerIndex{20}nPrtDataMemAddr{0}nPrtState{0}nReverse{System.Int32[]}nRevPrtCols{0}
LPPRINTER_INFO-LPDRVINFO:nFMVersion{45074}nFpgaVersion{539038216}nPCBVersion{0}nState{0}nNextState{0}nPtvwarnState{0}nCrc32{0}nRevInfo{System.UInt32[]}nSignature{0}
2023-07-08 15:44:45,117 [AppLog] INFO : 创建：AutoPrintMotion1=》不需重新创建-手动操作！
2023-07-08 15:44:45,117 [AppLog] INFO : 进入：EquipmentMotionLogic3=》准备创建对象-手动操作！
2023-07-08 15:44:45,117 [AppLog] INFO : 进入：EquipmentMotionLogic3=》不需重新创建-手动操作！
2023-07-08 15:44:45,117 [AppLog] INFO : 进入：EquipmentMotionLogic3=》赋值完成自-AutoPrintMotion2！
2023-07-08 15:44:45,117 [AppLog] INFO : 进入：EquipmentMotionLogic3=》加载配置文件-LoadJsonFile成功！
2023-07-08 15:44:45,117 [AppLog] INFO : 进入自动清洗过程：AutoCleanThread
2023-07-08 15:44:45,164 [AppLog] INFO : 准备处理第20层数据：准备调用RenderToWic，index为20，subindex为0，g_nRePrintTimes为1，起始层为0
2023-07-08 15:44:45,227 [AppLog] INFO : 完成处理第20层数据：准备调用DrawLayerBMP，index为20，起始层为0
2023-07-08 15:44:45,227 [AppLog] INFO : 完成处理第20层数据：准备调用DrawLayerBMP，index为20，起始层为0
2023-07-08 15:44:45,492 [AppLog] INFO : 刮墨轴回零成功：motionMap.SetBackSpreaderAxis(4, 1, 2, -SinkHomePosition)
2023-07-08 15:44:45,492 [AppLog] INFO : 准备读取编码器位置：Y方向！
2023-07-08 15:44:45,492 [AppLog] INFO : 准备运动，编码器当前位置：DEM_GetAxisEncodeVal：MoveDirectionFlag{false为Y方向：True}CurrentPos{121.045}AimPos{116}
2023-07-08 15:44:45,585 [AppLog] INFO : 作业写入成功：IDP_WriteImgLayerData：bpp:{1bit}灰阶:{1阶}nLayerIndex{21}LayerIndex{20}SubIndex{1}RePrintTimes{1}nBytesPerLine{752}nWidth{6001}nHeight{7680}nXEncOff{0}nYJetOff{355}nImgStartJetIndex{0}nXDPI{476.25}nYDPI{600}nPrtDir{0} nPrtFlag{1}nColorCnts{1}nReserved{System.Int32[]}
2023-07-08 15:44:45,585 [AppLog] INFO : 完成处理第20层数据：准备调用RenderToWic，index为20，subindex为0，g_nRePrintTimes为1，起始层为0
2023-07-08 15:44:45,617 [AppLog] INFO : Y方向运动开始：DEM_Run：返回值{True}nAxis{1}DirFlag{False}nSpeed{300000}MoveStep{-5054.540095}nCtlValue{1}
2023-07-08 15:44:45,679 [AppLog] INFO : Y方向到位停止：DEM_StopAxisRun：返回值{True}CurrentPos{116.535}bImmeStop{False}nAxisMask{2}
2023-07-08 15:44:45,679 [AppLog] INFO : 准备读取编码器位置：X方向！
2023-07-08 15:44:45,679 [AppLog] INFO : 准备运动，当前位置：DEV_GetPrintEncoderValue：MoveDirectionFlag{false为Y方向：False}CurrentPos{784.285}AimPos{780}
2023-07-08 15:44:45,710 [AppLog] INFO : X方向运动开始：DEM_Run：返回值{True}nAxis{0}DirFlag{False}nSpeed{300000}MoveStep{-4284.99999999997}nCtlValue{2}
2023-07-08 15:44:45,882 [AppLog] INFO : X方向到位停止：DEM_StopAxisRun：返回值{True}CurrentPos{783.04}bImmeStop{False}nAxisMask{1}
2023-07-08 15:44:47,099 [AppLog] INFO : 开启手动清洗挤墨喷头，DEV_EnableTimer: 端口{11}，清洗控制周期：{0.5}S,{0.5}S
2023-07-08 15:44:48,144 [AppLog] INFO : 关闭手动清洗挤墨喷头：DEV_EnableTimer
2023-07-08 15:44:48,144 [AppLog] INFO : 压墨等待开启：{1.5S}
2023-07-08 15:44:49,657 [AppLog] INFO : 压墨等待完成：{1.5S}
2023-07-08 15:44:49,657 [AppLog] INFO : 准备读取编码器位置：X方向！
2023-07-08 15:44:49,673 [AppLog] INFO : 准备运动，当前位置：DEV_GetPrintEncoderValue：MoveDirectionFlag{false为Y方向：False}CurrentPos{780.38}AimPos{680}
2023-07-08 15:44:49,719 [AppLog] INFO : X方向运动开始：DEM_Run：返回值{True}nAxis{0}DirFlag{False}nSpeed{200000}MoveStep{-100380}nCtlValue{2}
2023-07-08 15:44:50,577 [AppLog] INFO : X方向到位停止：DEM_StopAxisRun：返回值{True}CurrentPos{684.095}bImmeStop{False}nAxisMask{1}
2023-07-08 15:44:51,155 [AppLog] INFO : 结束自动清洗过程：AutoCleanThread
2023-07-08 15:44:51,155 [AppLog] INFO : 进入：EquipmentMotionLogic3=》准备创建对象-手动操作！
2023-07-08 15:44:51,155 [AppLog] INFO : 进入：EquipmentMotionLogic3=》不需重新创建-手动操作！
2023-07-08 15:44:51,155 [AppLog] INFO : 进入：EquipmentMotionLogic3=》赋值完成自-AutoPrintMotion2！
2023-07-08 15:44:51,155 [AppLog] INFO : 进入：EquipmentMotionLogic3=》加载配置文件-LoadJsonFile成功！
2023-07-08 15:44:51,155 [AppLog] INFO : 进入：AutoPrintThread3！
2023-07-08 15:44:51,170 [AppLog] INFO : 关闭闪喷操作：IDP_FlashPrtCtl：返回值{True}
2023-07-08 15:44:51,170 [AppLog] INFO : 准备读取编码器位置：Y方向！
2023-07-08 15:44:51,170 [AppLog] INFO : 准备运动，编码器当前位置：DEM_GetAxisEncodeVal：MoveDirectionFlag{false为Y方向：True}CurrentPos{115.995}AimPos{93.5}
2023-07-08 15:44:51,311 [AppLog] INFO : Y方向运动开始：DEM_Run：返回值{True}nAxis{1}DirFlag{False}nSpeed{300000}MoveStep{-22537.538045}nCtlValue{1}
2023-07-08 15:44:51,373 [AppLog] INFO : 准备读取编码器位置：X方向！
2023-07-08 15:44:51,373 [AppLog] INFO : 准备运动，当前位置：DEV_GetPrintEncoderValue：MoveDirectionFlag{false为Y方向：False}CurrentPos{680.215}AimPos{425}
2023-07-08 15:44:51,404 [AppLog] INFO : X方向运动开始：DEM_Run：返回值{True}nAxis{0}DirFlag{False}nSpeed{300000}MoveStep{-255215}nCtlValue{2}
2023-07-08 15:44:52,793 [AppLog] INFO : X方向到位停止：DEM_StopAxisRun：返回值{True}CurrentPos{429.92}bImmeStop{False}nAxisMask{1}
2023-07-08 15:44:52,793 [AppLog] INFO : 准备读取编码器位置：X方向！
2023-07-08 15:44:52,793 [AppLog] INFO : 准备运动，当前位置：DEV_GetPrintEncoderValue：MoveDirectionFlag{false为Y方向：False}CurrentPos{429.725}AimPos{25}
2023-07-08 15:44:52,824 [AppLog] INFO : X方向运动开始：DEM_Run：返回值{True}nAxis{0}DirFlag{False}nSpeed{300000}MoveStep{-404725}nCtlValue{2}
2023-07-08 15:44:54,727 [AppLog] INFO : X方向到位停止：DEM_StopAxisRun：返回值{True}CurrentPos{24.665}bImmeStop{False}nAxisMask{1}
2023-07-08 15:44:54,727 [AppLog] INFO : 准备读取编码器位置：Y方向！
2023-07-08 15:44:54,758 [AppLog] INFO : 准备运动，编码器当前位置：DEM_GetAxisEncodeVal：MoveDirectionFlag{false为Y方向：True}CurrentPos{93.5}AimPos{98.5211666666667}
2023-07-08 15:44:54,883 [AppLog] INFO : Y方向运动开始：DEM_Run：返回值{True}nAxis{1}DirFlag{True}nSpeed{300000}MoveStep{5030.66169283334}nCtlValue{1}
2023-07-08 15:44:54,961 [AppLog] INFO : Y方向到位停止：DEM_StopAxisRun：返回值{True}CurrentPos{97.96}bImmeStop{False}nAxisMask{2}
2023-07-08 15:44:54,961 [AppLog] INFO : 获取打印Pass数据：IDP_GetPassItem2：nLayerIndex{12}nPassID{1}nProcState{3}LPPassDataItemb:PrtDir{True}nDataTxCompleteCnt{1}nHwMemAdrMatchMask{1}nLayerIndex{12}nLayerPassCount{6}nLayerPassIndex{1}nMinJet0ImgLinePos{1635}nPrtMemHwAddr{System.UInt32[]}nPrtDataOffset{System.UInt32[]}nSrcDataSize{System.UInt32[]}nPrtColBytes{System.UInt32[]}nPrtPrecession{10.666}nSrcEndCols{6000}nSrcStartCols{0}nStartEncPos{10000}nValidPassJets{1280}nValidPrtCols{6233}nValidPrtCtlCnts{1}pDataBuf{0}pNextItem{767821392}
2023-07-08 15:44:54,961 [AppLog] INFO : 使能Pass打印成功：IDP_DoPassPrint2：nLayerIndex{12}nPassID{1}
2023-07-08 15:44:54,977 [AppLog] INFO : PASS打印前关键状态：DEV_GetDeviceInfo：nLayerIndex{12}nPassID{1}LPPRINTER_INFO:nXSysEncDPI{5080}nStatus{909129520}nPrintStatus{0}bSuperDevice{1}
LPPRINTER_INFO-LPPrtRunInfo:bJobPrtRuning{True}bLayerPrtIsOver{False}nContReqMemErr{0}nContWDErr{0}nCurPrtDir{0}nDTLayerIndex{21}nDTLayerPassIndex{5}nDTPtrCtlIndex{0}nLayerPassCount{6}nPrintLayerIndex{12}nPrintPassIndex{1}nProcLayerIndex{21}nPrtDataMemAddr{0}nPrtState{0}nReverse{System.Int32[]}nRevPrtCols{0}
LPPRINTER_INFO-LPDRVINFO:nFMVersion{45074}nFpgaVersion{539038216}nPCBVersion{0}nState{0}nNextState{0}nPtvwarnState{0}nCrc32{0}nRevInfo{System.UInt32[]}nSignature{0}
2023-07-08 15:44:54,977 [AppLog] INFO : 创建：AutoPrintMotion1=》不需重新创建-手动操作！
2023-07-08 15:44:54,977 [AppLog] INFO : 进入：EquipmentMotionLogic3=》准备创建对象-手动操作！
2023-07-08 15:44:54,977 [AppLog] INFO : 进入：EquipmentMotionLogic3=》不需重新创建-手动操作！
2023-07-08 15:44:54,977 [AppLog] INFO : 进入：EquipmentMotionLogic3=》赋值完成自-AutoPrintMotion2！
2023-07-08 15:44:54,977 [AppLog] INFO : 进入：EquipmentMotionLogic3=》加载配置文件-LoadJsonFile成功！
2023-07-08 15:44:54,977 [AppLog] INFO : 进入：AutoPrintThread3！
2023-07-08 15:44:54,977 [AppLog] INFO : 准备读取编码器位置：X方向！
2023-07-08 15:44:54,977 [AppLog] INFO : 准备运动，当前位置：DEV_GetPrintEncoderValue：MoveDirectionFlag{false为Y方向：False}CurrentPos{21.41}AimPos{425}
2023-07-08 15:44:55,008 [AppLog] INFO : X方向运动开始：DEM_Run：返回值{True}nAxis{0}DirFlag{True}nSpeed{300000}MoveStep{403590}nCtlValue{2}
2023-07-08 15:44:56,895 [AppLog] INFO : X方向到位停止：DEM_StopAxisRun：返回值{True}CurrentPos{419.22}bImmeStop{False}nAxisMask{1}
2023-07-08 15:44:56,895 [AppLog] INFO : 准备读取编码器位置：Y方向！
2023-07-08 15:44:56,895 [AppLog] INFO : 准备运动，编码器当前位置：DEM_GetAxisEncodeVal：MoveDirectionFlag{false为Y方向：True}CurrentPos{98.505}AimPos{147.5}
2023-07-08 15:44:57,145 [AppLog] INFO : Y方向运动开始：DEM_Run：返回值{True}nAxis{1}DirFlag{True}nSpeed{300000}MoveStep{49087.649545}nCtlValue{1}
2023-07-08 15:44:57,207 [AppLog] INFO : Y方向到位停止：DEM_StopAxisRun：返回值{True}CurrentPos{145.415}bImmeStop{False}nAxisMask{2}
2023-07-08 15:44:57,207 [AppLog] INFO : 获取打印Pass数据：IDP_GetPassItem2：nLayerIndex{12}nPassID{2}nProcState{3}LPPassDataItemb:PrtDir{False}nDataTxCompleteCnt{1}nHwMemAdrMatchMask{1}nLayerIndex{12}nLayerPassCount{6}nLayerPassIndex{2}nMinJet0ImgLinePos{2915}nPrtMemHwAddr{System.UInt32[]}nPrtDataOffset{System.UInt32[]}nSrcDataSize{System.UInt32[]}nPrtColBytes{System.UInt32[]}nPrtPrecession{10.666}nSrcEndCols{6000}nSrcStartCols{0}nStartEncPos{76511}nValidPassJets{1280}nValidPrtCols{6233}nValidPrtCtlCnts{1}pDataBuf{0}pNextItem{767821232}
2023-07-08 15:44:57,223 [AppLog] INFO : 使能Pass打印成功：IDP_DoPassPrint2：nLayerIndex{12}nPassID{2}
2023-07-08 15:44:57,223 [AppLog] INFO : PASS打印前关键状态：DEV_GetDeviceInfo：nLayerIndex{12}nPassID{2}LPPRINTER_INFO:nXSysEncDPI{5080}nStatus{909129520}nPrintStatus{0}bSuperDevice{1}
LPPRINTER_INFO-LPPrtRunInfo:bJobPrtRuning{True}bLayerPrtIsOver{False}nContReqMemErr{0}nContWDErr{0}nCurPrtDir{0}nDTLayerIndex{21}nDTLayerPassIndex{5}nDTPtrCtlIndex{0}nLayerPassCount{6}nPrintLayerIndex{12}nPrintPassIndex{2}nProcLayerIndex{21}nPrtDataMemAddr{0}nPrtState{0}nReverse{System.Int32[]}nRevPrtCols{0}
LPPRINTER_INFO-LPDRVINFO:nFMVersion{45074}nFpgaVersion{539038216}nPCBVersion{0}nState{0}nNextState{0}nPtvwarnState{0}nCrc32{0}nRevInfo{System.UInt32[]}nSignature{0}
2023-07-08 15:44:57,223 [AppLog] INFO : 创建：AutoPrintMotion1=》不需重新创建-手动操作！
2023-07-08 15:44:57,223 [AppLog] INFO : 进入：EquipmentMotionLogic3=》准备创建对象-手动操作！
2023-07-08 15:44:57,223 [AppLog] INFO : 进入：EquipmentMotionLogic3=》不需重新创建-手动操作！
2023-07-08 15:44:57,223 [AppLog] INFO : 进入：EquipmentMotionLogic3=》赋值完成自-AutoPrintMotion2！
2023-07-08 15:44:57,223 [AppLog] INFO : 进入：EquipmentMotionLogic3=》加载配置文件-LoadJsonFile成功！
2023-07-08 15:44:57,223 [AppLog] INFO : 进入：AutoPrintThread3！
2023-07-08 15:44:57,223 [AppLog] INFO : 准备读取编码器位置：X方向！
2023-07-08 15:44:57,223 [AppLog] INFO : 准备运动，当前位置：DEV_GetPrintEncoderValue：MoveDirectionFlag{false为Y方向：False}CurrentPos{423.295}AimPos{25}
2023-07-08 15:44:57,254 [AppLog] INFO : X方向运动开始：DEM_Run：返回值{True}nAxis{0}DirFlag{False}nSpeed{300000}MoveStep{-398295}nCtlValue{2}
2023-07-08 15:44:59,142 [AppLog] INFO : X方向到位停止：DEM_StopAxisRun：返回值{True}CurrentPos{29.685}bImmeStop{False}nAxisMask{1}
2023-07-08 15:44:59,142 [AppLog] INFO : 准备读取编码器位置：Y方向！
2023-07-08 15:44:59,142 [AppLog] INFO : 准备运动，编码器当前位置：DEM_GetAxisEncodeVal：MoveDirectionFlag{false为Y方向：True}CurrentPos{147.455}AimPos{152.521166666667}
2023-07-08 15:44:59,267 [AppLog] INFO : Y方向运动开始：DEM_Run：返回值{True}nAxis{1}DirFlag{True}nSpeed{300000}MoveStep{5075.74678783331}nCtlValue{1}
2023-07-08 15:44:59,329 [AppLog] INFO : Y方向到位停止：DEM_StopAxisRun：返回值{True}CurrentPos{151.885}bImmeStop{False}nAxisMask{2}
2023-07-08 15:44:59,329 [AppLog] INFO : 获取打印Pass数据：IDP_GetPassItem2：nLayerIndex{12}nPassID{3}nProcState{3}LPPassDataItemb:PrtDir{True}nDataTxCompleteCnt{1}nHwMemAdrMatchMask{1}nLayerIndex{12}nLayerPassCount{6}nLayerPassIndex{3}nMinJet0ImgLinePos{4195}nPrtMemHwAddr{System.UInt32[]}nPrtDataOffset{System.UInt32[]}nSrcDataSize{System.UInt32[]}nPrtColBytes{System.UInt32[]}nPrtPrecession{10.666}nSrcEndCols{6000}nSrcStartCols{0}nStartEncPos{10000}nValidPassJets{1280}nValidPrtCols{6233}nValidPrtCtlCnts{1}pDataBuf{0}pNextItem{767821072}
2023-07-08 15:44:59,345 [AppLog] INFO : 使能Pass打印成功：IDP_DoPassPrint2：nLayerIndex{12}nPassID{3}
2023-07-08 15:44:59,345 [AppLog] INFO : PASS打印前关键状态：DEV_GetDeviceInfo：nLayerIndex{12}nPassID{3}LPPRINTER_INFO:nXSysEncDPI{5080}nStatus{909129520}nPrintStatus{0}bSuperDevice{1}
LPPRINTER_INFO-LPPrtRunInfo:bJobPrtRuning{True}bLayerPrtIsOver{False}nContReqMemErr{0}nContWDErr{0}nCurPrtDir{0}nDTLayerIndex{21}nDTLayerPassIndex{5}nDTPtrCtlIndex{0}nLayerPassCount{6}nPrintLayerIndex{12}nPrintPassIndex{3}nProcLayerIndex{21}nPrtDataMemAddr{0}nPrtState{0}nReverse{System.Int32[]}nRevPrtCols{0}
LPPRINTER_INFO-LPDRVINFO:nFMVersion{45074}nFpgaVersion{539038216}nPCBVersion{0}nState{0}nNextState{0}nPtvwarnState{0}nCrc32{0}nRevInfo{System.UInt32[]}nSignature{0}
2023-07-08 15:44:59,345 [AppLog] INFO : 创建：AutoPrintMotion1=》不需重新创建-手动操作！
2023-07-08 15:44:59,345 [AppLog] INFO : 进入：EquipmentMotionLogic3=》准备创建对象-手动操作！
2023-07-08 15:44:59,345 [AppLog] INFO : 进入：EquipmentMotionLogic3=》不需重新创建-手动操作！
2023-07-08 15:44:59,345 [AppLog] INFO : 进入：EquipmentMotionLogic3=》赋值完成自-AutoPrintMotion2！
2023-07-08 15:44:59,345 [AppLog] INFO : 进入：EquipmentMotionLogic3=》加载配置文件-LoadJsonFile成功！
2023-07-08 15:44:59,345 [AppLog] INFO : 进入：AutoPrintThread3！
2023-07-08 15:44:59,345 [AppLog] INFO : 准备读取编码器位置：X方向！
2023-07-08 15:44:59,345 [AppLog] INFO : 准备运动，当前位置：DEV_GetPrintEncoderValue：MoveDirectionFlag{false为Y方向：False}CurrentPos{26.675}AimPos{425}
2023-07-08 15:44:59,376 [AppLog] INFO : X方向运动开始：DEM_Run：返回值{True}nAxis{0}DirFlag{True}nSpeed{300000}MoveStep{398325}nCtlValue{2}
2023-07-08 15:45:01,248 [AppLog] INFO : X方向到位停止：DEM_StopAxisRun：返回值{True}CurrentPos{418.975}bImmeStop{False}nAxisMask{1}
2023-07-08 15:45:01,248 [AppLog] INFO : 准备读取编码器位置：Y方向！
2023-07-08 15:45:01,248 [AppLog] INFO : 准备运动，编码器当前位置：DEM_GetAxisEncodeVal：MoveDirectionFlag{false为Y方向：True}CurrentPos{152.535}AimPos{201.5}
2023-07-08 15:45:01,482 [AppLog] INFO : Y方向运动开始：DEM_Run：返回值{True}nAxis{1}DirFlag{True}nSpeed{300000}MoveStep{49057.592815}nCtlValue{1}
2023-07-08 15:45:01,544 [AppLog] INFO : Y方向到位停止：DEM_StopAxisRun：返回值{True}CurrentPos{198.19}bImmeStop{False}nAxisMask{2}
2023-07-08 15:45:01,544 [AppLog] INFO : 获取打印Pass数据：IDP_GetPassItem2：nLayerIndex{12}nPassID{4}nProcState{3}LPPassDataItemb:PrtDir{False}nDataTxCompleteCnt{1}nHwMemAdrMatchMask{1}nLayerIndex{12}nLayerPassCount{6}nLayerPassIndex{4}nMinJet0ImgLinePos{5475}nPrtMemHwAddr{System.UInt32[]}nPrtDataOffset{System.UInt32[]}nSrcDataSize{System.UInt32[]}nPrtColBytes{System.UInt32[]}nPrtPrecession{10.666}nSrcEndCols{6000}nSrcStartCols{0}nStartEncPos{76511}nValidPassJets{1280}nValidPrtCols{6233}nValidPrtCtlCnts{1}pDataBuf{0}pNextItem{767820912}
2023-07-08 15:45:01,560 [AppLog] INFO : 使能Pass打印成功：IDP_DoPassPrint2：nLayerIndex{12}nPassID{4}
2023-07-08 15:45:01,560 [AppLog] INFO : PASS打印前关键状态：DEV_GetDeviceInfo：nLayerIndex{12}nPassID{4}LPPRINTER_INFO:nXSysEncDPI{5080}nStatus{909129520}nPrintStatus{0}bSuperDevice{1}
LPPRINTER_INFO-LPPrtRunInfo:bJobPrtRuning{True}bLayerPrtIsOver{False}nContReqMemErr{0}nContWDErr{0}nCurPrtDir{0}nDTLayerIndex{21}nDTLayerPassIndex{5}nDTPtrCtlIndex{0}nLayerPassCount{6}nPrintLayerIndex{12}nPrintPassIndex{4}nProcLayerIndex{21}nPrtDataMemAddr{0}nPrtState{0}nReverse{System.Int32[]}nRevPrtCols{0}
LPPRINTER_INFO-LPDRVINFO:nFMVersion{45074}nFpgaVersion{539038216}nPCBVersion{0}nState{0}nNextState{0}nPtvwarnState{0}nCrc32{0}nRevInfo{System.UInt32[]}nSignature{0}
2023-07-08 15:45:01,560 [AppLog] INFO : 创建：AutoPrintMotion1=》不需重新创建-手动操作！
2023-07-08 15:45:01,560 [AppLog] INFO : 进入：EquipmentMotionLogic3=》准备创建对象-手动操作！
2023-07-08 15:45:01,560 [AppLog] INFO : 进入：EquipmentMotionLogic3=》不需重新创建-手动操作！
2023-07-08 15:45:01,560 [AppLog] INFO : 进入：EquipmentMotionLogic3=》赋值完成自-AutoPrintMotion2！
2023-07-08 15:45:01,560 [AppLog] INFO : 进入：EquipmentMotionLogic3=》加载配置文件-LoadJsonFile成功！
2023-07-08 15:45:01,560 [AppLog] INFO : 进入：AutoPrintThread3！
2023-07-08 15:45:01,560 [AppLog] INFO : 准备读取编码器位置：X方向！
2023-07-08 15:45:01,560 [AppLog] INFO : 准备运动，当前位置：DEV_GetPrintEncoderValue：MoveDirectionFlag{false为Y方向：False}CurrentPos{423.335}AimPos{25}
2023-07-08 15:45:01,591 [AppLog] INFO : X方向运动开始：DEM_Run：返回值{True}nAxis{0}DirFlag{False}nSpeed{300000}MoveStep{-398335}nCtlValue{2}
2023-07-08 15:45:03,463 [AppLog] INFO : X方向到位停止：DEM_StopAxisRun：返回值{True}CurrentPos{30.505}bImmeStop{False}nAxisMask{1}
2023-07-08 15:45:03,463 [AppLog] INFO : 准备读取编码器位置：Y方向！
2023-07-08 15:45:03,463 [AppLog] INFO : 准备运动，编码器当前位置：DEM_GetAxisEncodeVal：MoveDirectionFlag{false为Y方向：True}CurrentPos{201.53}AimPos{206.521166666667}
2023-07-08 15:45:03,588 [AppLog] INFO : Y方向运动开始：DEM_Run：返回值{True}nAxis{1}DirFlag{True}nSpeed{300000}MoveStep{5000.60496283332}nCtlValue{1}
2023-07-08 15:45:03,650 [AppLog] INFO : Y方向到位停止：DEM_StopAxisRun：返回值{True}CurrentPos{205.95}bImmeStop{False}nAxisMask{2}
2023-07-08 15:45:03,650 [AppLog] INFO : 获取打印Pass数据：IDP_GetPassItem2：nLayerIndex{12}nPassID{5}nProcState{3}LPPassDataItemb:PrtDir{True}nDataTxCompleteCnt{1}nHwMemAdrMatchMask{1}nLayerIndex{12}nLayerPassCount{6}nLayerPassIndex{5}nMinJet0ImgLinePos{6755}nPrtMemHwAddr{System.UInt32[]}nPrtDataOffset{System.UInt32[]}nSrcDataSize{System.UInt32[]}nPrtColBytes{System.UInt32[]}nPrtPrecession{10.666}nSrcEndCols{6000}nSrcStartCols{0}nStartEncPos{10000}nValidPassJets{1280}nValidPrtCols{6233}nValidPrtCtlCnts{1}pDataBuf{0}pNextItem{0}
2023-07-08 15:45:03,650 [AppLog] INFO : 使能Pass打印成功：IDP_DoPassPrint2：nLayerIndex{12}nPassID{5}
2023-07-08 15:45:03,666 [AppLog] INFO : PASS打印前关键状态：DEV_GetDeviceInfo：nLayerIndex{12}nPassID{5}LPPRINTER_INFO:nXSysEncDPI{5080}nStatus{909129520}nPrintStatus{0}bSuperDevice{1}
LPPRINTER_INFO-LPPrtRunInfo:bJobPrtRuning{True}bLayerPrtIsOver{False}nContReqMemErr{0}nContWDErr{0}nCurPrtDir{0}nDTLayerIndex{21}nDTLayerPassIndex{5}nDTPtrCtlIndex{0}nLayerPassCount{6}nPrintLayerIndex{12}nPrintPassIndex{5}nProcLayerIndex{21}nPrtDataMemAddr{0}nPrtState{0}nReverse{System.Int32[]}nRevPrtCols{0}
LPPRINTER_INFO-LPDRVINFO:nFMVersion{45074}nFpgaVersion{539038216}nPCBVersion{0}nState{0}nNextState{0}nPtvwarnState{0}nCrc32{0}nRevInfo{System.UInt32[]}nSignature{0}
2023-07-08 15:45:03,666 [AppLog] INFO : 创建：AutoPrintMotion1=》不需重新创建-手动操作！
2023-07-08 15:45:03,666 [AppLog] INFO : 进入：EquipmentMotionLogic3=》准备创建对象-手动操作！
2023-07-08 15:45:03,666 [AppLog] INFO : 进入：EquipmentMotionLogic3=》不需重新创建-手动操作！
2023-07-08 15:45:03,666 [AppLog] INFO : 进入：EquipmentMotionLogic3=》赋值完成自-AutoPrintMotion2！
2023-07-08 15:45:03,666 [AppLog] INFO : 进入：EquipmentMotionLogic3=》加载配置文件-LoadJsonFile成功！
2023-07-08 15:45:03,666 [AppLog] INFO : 进入：AutoPrintThread3！
2023-07-08 15:45:03,666 [AppLog] INFO : 准备读取编码器位置：X方向！
2023-07-08 15:45:03,666 [AppLog] INFO : 准备运动，当前位置：DEV_GetPrintEncoderValue：MoveDirectionFlag{false为Y方向：False}CurrentPos{26.615}AimPos{425}
2023-07-08 15:45:03,697 [AppLog] INFO : X方向运动开始：DEM_Run：返回值{True}nAxis{0}DirFlag{True}nSpeed{300000}MoveStep{398385}nCtlValue{2}
2023-07-08 15:45:05,569 [AppLog] INFO : X方向到位停止：DEM_StopAxisRun：返回值{True}CurrentPos{418.95}bImmeStop{False}nAxisMask{1}
2023-07-08 15:45:05,569 [AppLog] INFO : 准备读取编码器位置：X方向！
2023-07-08 15:45:05,569 [AppLog] INFO : 准备运动，当前位置：DEV_GetPrintEncoderValue：MoveDirectionFlag{false为Y方向：False}CurrentPos{419.045}AimPos{780}
2023-07-08 15:45:05,600 [AppLog] INFO : X方向运动开始：DEM_Run：返回值{True}nAxis{0}DirFlag{True}nSpeed{300000}MoveStep{360955}nCtlValue{2}
2023-07-08 15:45:05,663 [AppLog] INFO : 准备读取编码器位置：Y方向！
2023-07-08 15:45:05,663 [AppLog] INFO : 准备运动，编码器当前位置：DEM_GetAxisEncodeVal：MoveDirectionFlag{false为Y方向：True}CurrentPos{206.495}AimPos{121}
2023-07-08 15:45:06,006 [AppLog] INFO : Y方向运动开始：DEM_Run：返回值{True}nAxis{1}DirFlag{False}nSpeed{300000}MoveStep{-85656.671045}nCtlValue{1}
2023-07-08 15:45:07,347 [AppLog] INFO : Y方向到位等停：DEM_StopAxisRun：返回值{True}bImmeStop{False}nAxisMask{1}
2023-07-08 15:45:07,347 [AppLog] INFO : X方向到位等停：DEM_StopAxisRun：返回值{True}bImmeStop{False}nAxisMask{2}
2023-07-08 15:45:07,363 [AppLog] INFO : 开启闪喷操作：IDP_FlashPrtCtl：返回值{True}
2023-07-08 15:45:07,363 [AppLog] INFO : 进入：EquipmentMotionLogic3=》准备创建对象-手动操作！
2023-07-08 15:45:07,363 [AppLog] INFO : 进入：EquipmentMotionLogic3=》不需重新创建-手动操作！
2023-07-08 15:45:07,363 [AppLog] INFO : 进入：EquipmentMotionLogic3=》赋值完成自-AutoPrintMotion2！
2023-07-08 15:45:07,363 [AppLog] INFO : 进入：EquipmentMotionLogic3=》加载配置文件-LoadJsonFile成功！
2023-07-08 15:45:07,363 [AppLog] INFO : 进入自动铺粉逻辑：NewAutoSupplyPowderThread2
2023-07-08 15:45:07,363 [AppLog] INFO : 电气控制模块：手动打开端口14
2023-07-08 15:45:07,363 [AppLog] INFO : 电气控制模块：手动打开端口15
2023-07-08 15:45:07,441 [AppLog] INFO : 手动正向点动指令（8轴运控板卡系统） ====》：输出AXIS{第1轴},点动量{-0.1MM},运动速度{2MM/s}
2023-07-08 15:45:07,441 [AppLog] INFO : 成形面高度下降层厚 TrapSpace{0.1mm}：TrapMoveUp(1, true, Convert.ToString(vel), Convert.ToString(TrapSpace), true, true）
2023-07-08 15:45:08,205 [AppLog] INFO : 手动正向点动指令（8轴运控板卡系统） ====》：输出AXIS{第1轴},点动量{-1.5MM},运动速度{2MM/s}
2023-07-08 15:45:08,205 [AppLog] INFO : 成形面高度下降指定厚度 TrapSpace{1.5mm}：TrapMoveUp(1, true, Convert.ToString(vel), Convert.ToString(TrapSpace), true, true）
2023-07-08 15:45:08,985 [AppLog] INFO : 手动正向点动指令（8轴运控板卡系统） ====》：输出AXIS{第1轴},点动量{1.5MM},运动速度{2MM/s}
2023-07-08 15:45:08,985 [AppLog] INFO : 电气控制模块：手动关闭端口15
2023-07-08 15:45:08,985 [AppLog] INFO : 电气控制模块：手动关闭端口14
2023-07-08 15:45:08,985 [AppLog] INFO : 成形面高度上升层厚 TrapSpace{1.5mm}：TrapMoveUp(1, true, Convert.ToString(vel), Convert.ToString(TrapSpace), true, true）
2023-07-08 15:45:09,235 [AppLog] INFO : 手动正向点动指令（8轴运控板卡系统） ====》：输出AXIS{第8轴},点动量{0.6MM},运动速度{2.5MM/s}
2023-07-08 15:45:09,235 [AppLog] INFO : Hopper落粉轴转2圈落粉，速度0.5rev/s：TrapMoveUp(8, true, 0.5, rotateNuM.ToString(), true, false)
2023-07-08 15:45:10,249 [AppLog] INFO : 开启铺粉车不等停运动，准备运动至准备打印位置215mm，速度250mm/s：BackToStation2
2023-07-08 15:45:11,107 [AppLog] INFO : 手动正向点动指令（8轴运控板卡系统） ====》：输出AXIS{第2轴},点动量{216.5MM},运动速度{250MM/s}
2023-07-08 15:45:11,107 [AppLog] INFO : 当前铺粉车位置：打印位置215mm
2023-07-08 15:45:11,107 [AppLog] INFO : 手动正向点动指令（8轴运控板卡系统） ====》：输出AXIS{第2轴},点动量{480MM},运动速度{25MM/s}
2023-07-08 15:45:11,107 [AppLog] INFO : 开启铺粉车不等停运动至准备打印位置695mm，速度25mm/s：BackToStation2
2023-07-08 15:45:11,232 [AppLog] INFO : 打开IR灯：OpenIRLamp(true)
2023-07-08 15:45:11,357 [AppLog] INFO : 手动正向点动指令（8轴运控板卡系统） ====》：输出AXIS{第3轴},点动量{0.125MM},运动速度{1MM/s}
2023-07-08 15:45:11,357 [AppLog] INFO : 在{40mm}处，落粉轴运动{45度}，落粉轴转速{1rev/s}：TrapMoveUp(3, true, Convert.ToString(DispenseRollerSpeed), 0.5, true, true)
2023-07-08 15:45:11,357 [AppLog] INFO : 手动正向点动指令（8轴运控板卡系统） ====》：输出AXIS{第3轴},点动量{0.5MM},运动速度{0.0376712328767123MM/s}
2023-07-08 15:45:11,357 [AppLog] INFO : 开启均匀落粉及辊子铺平运动：TrapMoveUp(3, true, Convert.ToString(DispenseRollerSpeed), 0.5, true, true)
2023-07-08 15:45:23,041 [AppLog] INFO : 关闭IR灯：OpenIRLamp(false)
2023-07-08 15:45:27,581 [AppLog] INFO : 手动正向点动指令（8轴运控板卡系统） ====》：输出AXIS{第3轴},点动量{0.5MM},运动速度{2MM/s}
2023-07-08 15:45:27,581 [AppLog] INFO : 落粉轴继续转动以倒掉余粉：TrapMoveUp(3, true, 2, 0.5, true, false)
2023-07-08 15:45:30,311 [AppLog] INFO : 电气控制模块：手动打开端口14
2023-07-08 15:45:30,311 [AppLog] INFO : 电气控制模块：手动打开端口15
2023-07-08 15:45:31,091 [AppLog] INFO : 手动正向点动指令（8轴运控板卡系统） ====》：输出AXIS{第1轴},点动量{-1.5MM},运动速度{2MM/s}
2023-07-08 15:45:31,091 [AppLog] INFO : 电气控制模块：手动关闭端口15
2023-07-08 15:45:31,091 [AppLog] INFO : 电气控制模块：手动关闭端口14
2023-07-08 15:45:31,091 [AppLog] INFO : 成形面高度下降指定厚度 TrapSpace{1.5mm}：TrapMoveUp(1, true, Convert.ToString(vel), Convert.ToString(TrapSpace), true, true）
2023-07-08 15:45:33,883 [AppLog] INFO : 手动正向点动指令（8轴运控板卡系统） ====》：输出AXIS{第2轴},点动量{-696.5MM},运动速度{250MM/s}
2023-07-08 15:45:33,883 [AppLog] INFO : 铺粉车返回至站1：BackToStation2(AimPos, MovSpeed, true)：-1.5mm，速度250mm/s：BackToStation2
2023-07-08 15:45:34,663 [AppLog] INFO : 落粉轴回零成功：motionMap.SetBackSpreaderAxis(3, 0.5, 2, -SinkPosition)：ReturnCode{True}
2023-07-08 15:45:34,663 [AppLog] INFO : 电气控制模块：手动打开端口14
2023-07-08 15:45:34,663 [AppLog] INFO : 电气控制模块：手动打开端口15
2023-07-08 15:45:35,427 [AppLog] INFO : 手动正向点动指令（8轴运控板卡系统） ====》：输出AXIS{第1轴},点动量{1.5MM},运动速度{2MM/s}
2023-07-08 15:45:35,427 [AppLog] INFO : 电气控制模块：手动关闭端口15
2023-07-08 15:45:35,427 [AppLog] INFO : 电气控制模块：手动关闭端口14
2023-07-08 15:45:35,427 [AppLog] INFO : 成形面高度上升层厚 TrapSpace{1.5mm}：TrapMoveUp(1, true, Convert.ToString(vel), Convert.ToString(TrapSpace), true, true）
2023-07-08 15:45:35,427 [AppLog] INFO : 自动铺粉正常结束：NewAutoSupplyPowderThread2
2023-07-08 15:45:35,427 [AppLog] INFO : 发送监控指令，拍照记录1条：SendMessageFromSharedMemory
2023-07-08 15:45:35,427 [AppLog] INFO : 铺粉模式：铺粉固化同时进行！
2023-07-08 15:45:35,427 [AppLog] INFO : 执行完成铺粉固化操作：EquipmentMotionLogic3：m_bApplyPowderSupplyMotion:0
2023-07-08 15:45:35,427 [AppLog] INFO : 接收到恢复打印指令：PrintTaskTHREAD
2023-07-08 15:45:35,427 [AppLog] INFO : 获取打印Pass数据：IDP_GetPassItem2：nLayerIndex{13}nPassID{0}nProcState{3}LPPassDataItemb:PrtDir{False}nDataTxCompleteCnt{1}nHwMemAdrMatchMask{1}nLayerIndex{13}nLayerPassCount{6}nLayerPassIndex{0}nMinJet0ImgLinePos{355}nPrtMemHwAddr{System.UInt32[]}nPrtDataOffset{System.UInt32[]}nSrcDataSize{System.UInt32[]}nPrtColBytes{System.UInt32[]}nPrtPrecession{10.666}nSrcEndCols{6000}nSrcStartCols{0}nStartEncPos{76511}nValidPassJets{1280}nValidPrtCols{6233}nValidPrtCtlCnts{1}pDataBuf{0}pNextItem{767822512}
2023-07-08 15:45:35,443 [AppLog] INFO : 使能Pass打印成功：IDP_DoPassPrint2：nLayerIndex{13}nPassID{0}
2023-07-08 15:45:35,474 [AppLog] INFO : PASS打印前关键状态：DEV_GetDeviceInfo：nLayerIndex{13}nPassID{0}LPPRINTER_INFO:nXSysEncDPI{5080}nStatus{909129520}nPrintStatus{0}bSuperDevice{1}
LPPRINTER_INFO-LPPrtRunInfo:bJobPrtRuning{True}bLayerPrtIsOver{False}nContReqMemErr{0}nContWDErr{0}nCurPrtDir{0}nDTLayerIndex{21}nDTLayerPassIndex{5}nDTPtrCtlIndex{0}nLayerPassCount{6}nPrintLayerIndex{13}nPrintPassIndex{0}nProcLayerIndex{21}nPrtDataMemAddr{0}nPrtState{0}nReverse{System.Int32[]}nRevPrtCols{0}
LPPRINTER_INFO-LPDRVINFO:nFMVersion{45074}nFpgaVersion{539038216}nPCBVersion{0}nState{0}nNextState{0}nPtvwarnState{0}nCrc32{0}nRevInfo{System.UInt32[]}nSignature{0}
2023-07-08 15:45:35,474 [AppLog] INFO : 创建：AutoPrintMotion1=》不需重新创建-手动操作！
2023-07-08 15:45:35,474 [AppLog] INFO : 进入：EquipmentMotionLogic3=》准备创建对象-手动操作！
2023-07-08 15:45:35,474 [AppLog] INFO : 进入：EquipmentMotionLogic3=》不需重新创建-手动操作！
2023-07-08 15:45:35,474 [AppLog] INFO : 进入：EquipmentMotionLogic3=》赋值完成自-AutoPrintMotion2！
2023-07-08 15:45:35,474 [AppLog] INFO : 进入：EquipmentMotionLogic3=》加载配置文件-LoadJsonFile成功！
2023-07-08 15:45:35,474 [AppLog] INFO : 进入自动清洗过程：AutoCleanThread
2023-07-08 15:45:35,521 [AppLog] INFO : 准备处理第21层数据：准备调用RenderToWic，index为21，subindex为0，g_nRePrintTimes为1，起始层为0
2023-07-08 15:45:35,583 [AppLog] INFO : 完成处理第21层数据：准备调用DrawLayerBMP，index为21，起始层为0
2023-07-08 15:45:35,583 [AppLog] INFO : 完成处理第21层数据：准备调用DrawLayerBMP，index为21，起始层为0
2023-07-08 15:45:35,849 [AppLog] INFO : 刮墨轴回零成功：motionMap.SetBackSpreaderAxis(4, 1, 2, -SinkHomePosition)
2023-07-08 15:45:35,849 [AppLog] INFO : 准备读取编码器位置：Y方向！
2023-07-08 15:45:35,849 [AppLog] INFO : 准备运动，编码器当前位置：DEM_GetAxisEncodeVal：MoveDirectionFlag{false为Y方向：True}CurrentPos{121.055}AimPos{116}
2023-07-08 15:45:35,927 [AppLog] INFO : 作业写入成功：IDP_WriteImgLayerData：bpp:{1bit}灰阶:{1阶}nLayerIndex{22}LayerIndex{21}SubIndex{1}RePrintTimes{1}nBytesPerLine{752}nWidth{6001}nHeight{7680}nXEncOff{0}nYJetOff{355}nImgStartJetIndex{0}nXDPI{476.25}nYDPI{600}nPrtDir{0} nPrtFlag{1}nColorCnts{1}nReserved{System.Int32[]}
2023-07-08 15:45:35,942 [AppLog] INFO : 完成处理第21层数据：准备调用RenderToWic，index为21，subindex为0，g_nRePrintTimes为1，起始层为0
2023-07-08 15:45:35,989 [AppLog] INFO : Y方向运动开始：DEM_Run：返回值{True}nAxis{1}DirFlag{False}nSpeed{300000}MoveStep{-5064.55900500001}nCtlValue{1}
2023-07-08 15:45:36,051 [AppLog] INFO : Y方向到位停止：DEM_StopAxisRun：返回值{True}CurrentPos{116.365}bImmeStop{False}nAxisMask{2}
2023-07-08 15:45:36,051 [AppLog] INFO : 准备读取编码器位置：X方向！
2023-07-08 15:45:36,051 [AppLog] INFO : 准备运动，当前位置：DEV_GetPrintEncoderValue：MoveDirectionFlag{false为Y方向：False}CurrentPos{784.305}AimPos{780}
2023-07-08 15:45:36,083 [AppLog] INFO : X方向运动开始：DEM_Run：返回值{True}nAxis{0}DirFlag{False}nSpeed{300000}MoveStep{-4305.00000000006}nCtlValue{2}
2023-07-08 15:45:36,254 [AppLog] INFO : X方向到位停止：DEM_StopAxisRun：返回值{True}CurrentPos{782.98}bImmeStop{False}nAxisMask{1}
2023-07-08 15:45:37,487 [AppLog] INFO : 开启手动清洗挤墨喷头，DEV_EnableTimer: 端口{11}，清洗控制周期：{0.5}S,{0.5}S
2023-07-08 15:45:38,501 [AppLog] INFO : 关闭手动清洗挤墨喷头：DEV_EnableTimer
2023-07-08 15:45:38,501 [AppLog] INFO : 压墨等待开启：{1.5S}
2023-07-08 15:45:40,014 [AppLog] INFO : 压墨等待完成：{1.5S}
2023-07-08 15:45:40,014 [AppLog] INFO : 准备读取编码器位置：X方向！
2023-07-08 15:45:40,014 [AppLog] INFO : 准备运动，当前位置：DEV_GetPrintEncoderValue：MoveDirectionFlag{false为Y方向：False}CurrentPos{780.39}AimPos{680}
2023-07-08 15:45:40,045 [AppLog] INFO : X方向运动开始：DEM_Run：返回值{True}nAxis{0}DirFlag{False}nSpeed{200000}MoveStep{-100390}nCtlValue{2}
2023-07-08 15:45:40,934 [AppLog] INFO : X方向到位停止：DEM_StopAxisRun：返回值{True}CurrentPos{682.33}bImmeStop{False}nAxisMask{1}
2023-07-08 15:45:41,511 [AppLog] INFO : 结束自动清洗过程：AutoCleanThread
2023-07-08 15:45:41,511 [AppLog] INFO : 进入：EquipmentMotionLogic3=》准备创建对象-手动操作！
2023-07-08 15:45:41,511 [AppLog] INFO : 进入：EquipmentMotionLogic3=》不需重新创建-手动操作！
2023-07-08 15:45:41,511 [AppLog] INFO : 进入：EquipmentMotionLogic3=》赋值完成自-AutoPrintMotion2！
2023-07-08 15:45:41,511 [AppLog] INFO : 进入：EquipmentMotionLogic3=》加载配置文件-LoadJsonFile成功！
2023-07-08 15:45:41,511 [AppLog] INFO : 进入：AutoPrintThread3！
2023-07-08 15:45:41,511 [AppLog] INFO : 关闭闪喷操作：IDP_FlashPrtCtl：返回值{True}
2023-07-08 15:45:41,511 [AppLog] INFO : 准备读取编码器位置：Y方向！
2023-07-08 15:45:41,511 [AppLog] INFO : 准备运动，编码器当前位置：DEM_GetAxisEncodeVal：MoveDirectionFlag{false为Y方向：True}CurrentPos{115.99}AimPos{88.5}
2023-07-08 15:45:41,667 [AppLog] INFO : Y方向运动开始：DEM_Run：返回值{True}nAxis{1}DirFlag{False}nSpeed{300000}MoveStep{-27541.98359}nCtlValue{1}
2023-07-08 15:45:41,730 [AppLog] INFO : 准备读取编码器位置：X方向！
2023-07-08 15:45:41,730 [AppLog] INFO : 准备运动，当前位置：DEV_GetPrintEncoderValue：MoveDirectionFlag{false为Y方向：False}CurrentPos{680.195}AimPos{425}
2023-07-08 15:45:41,761 [AppLog] INFO : X方向运动开始：DEM_Run：返回值{True}nAxis{0}DirFlag{False}nSpeed{300000}MoveStep{-255195}nCtlValue{2}
2023-07-08 15:45:43,165 [AppLog] INFO : X方向到位停止：DEM_StopAxisRun：返回值{True}CurrentPos{429.265}bImmeStop{False}nAxisMask{1}
2023-07-08 15:45:43,165 [AppLog] INFO : 准备读取编码器位置：X方向！
2023-07-08 15:45:43,165 [AppLog] INFO : 准备运动，当前位置：DEV_GetPrintEncoderValue：MoveDirectionFlag{false为Y方向：False}CurrentPos{429.03}AimPos{25}
2023-07-08 15:45:43,196 [AppLog] INFO : X方向运动开始：DEM_Run：返回值{True}nAxis{0}DirFlag{False}nSpeed{300000}MoveStep{-404030}nCtlValue{2}
2023-07-08 15:45:45,084 [AppLog] INFO : X方向到位停止：DEM_StopAxisRun：返回值{True}CurrentPos{26.065}bImmeStop{False}nAxisMask{1}
2023-07-08 15:45:45,084 [AppLog] INFO : 准备读取编码器位置：Y方向！
2023-07-08 15:45:45,084 [AppLog] INFO : 准备运动，编码器当前位置：DEM_GetAxisEncodeVal：MoveDirectionFlag{false为Y方向：True}CurrentPos{88.495}AimPos{103.521166666667}
2023-07-08 15:45:45,209 [AppLog] INFO : Y方向运动开始：DEM_Run：返回值{True}nAxis{1}DirFlag{True}nSpeed{300000}MoveStep{15054.5811478333}nCtlValue{1}
2023-07-08 15:45:45,271 [AppLog] INFO : Y方向到位停止：DEM_StopAxisRun：返回值{True}CurrentPos{101.015}bImmeStop{False}nAxisMask{2}
2023-07-08 15:45:45,271 [AppLog] INFO : 获取打印Pass数据：IDP_GetPassItem2：nLayerIndex{13}nPassID{1}nProcState{3}LPPassDataItemb:PrtDir{True}nDataTxCompleteCnt{1}nHwMemAdrMatchMask{1}nLayerIndex{13}nLayerPassCount{6}nLayerPassIndex{1}nMinJet0ImgLinePos{1635}nPrtMemHwAddr{System.UInt32[]}nPrtDataOffset{System.UInt32[]}nSrcDataSize{System.UInt32[]}nPrtColBytes{System.UInt32[]}nPrtPrecession{10.666}nSrcEndCols{6000}nSrcStartCols{0}nStartEncPos{10000}nValidPassJets{1280}nValidPrtCols{6233}nValidPrtCtlCnts{1}pDataBuf{0}pNextItem{767822352}
2023-07-08 15:45:45,287 [AppLog] INFO : 使能Pass打印成功：IDP_DoPassPrint2：nLayerIndex{13}nPassID{1}
2023-07-08 15:45:45,287 [AppLog] INFO : PASS打印前关键状态：DEV_GetDeviceInfo：nLayerIndex{13}nPassID{1}LPPRINTER_INFO:nXSysEncDPI{5080}nStatus{909129520}nPrintStatus{0}bSuperDevice{1}
LPPRINTER_INFO-LPPrtRunInfo:bJobPrtRuning{True}bLayerPrtIsOver{False}nContReqMemErr{0}nContWDErr{0}nCurPrtDir{0}nDTLayerIndex{22}nDTLayerPassIndex{5}nDTPtrCtlIndex{0}nLayerPassCount{6}nPrintLayerIndex{13}nPrintPassIndex{1}nProcLayerIndex{22}nPrtDataMemAddr{0}nPrtState{0}nReverse{System.Int32[]}nRevPrtCols{0}
LPPRINTER_INFO-LPDRVINFO:nFMVersion{45074}nFpgaVersion{539038216}nPCBVersion{0}nState{0}nNextState{0}nPtvwarnState{0}nCrc32{0}nRevInfo{System.UInt32[]}nSignature{0}
2023-07-08 15:45:45,287 [AppLog] INFO : 创建：AutoPrintMotion1=》不需重新创建-手动操作！
2023-07-08 15:45:45,287 [AppLog] INFO : 进入：EquipmentMotionLogic3=》准备创建对象-手动操作！
2023-07-08 15:45:45,287 [AppLog] INFO : 进入：EquipmentMotionLogic3=》不需重新创建-手动操作！
2023-07-08 15:45:45,287 [AppLog] INFO : 进入：EquipmentMotionLogic3=》赋值完成自-AutoPrintMotion2！
2023-07-08 15:45:45,287 [AppLog] INFO : 进入：EquipmentMotionLogic3=》加载配置文件-LoadJsonFile成功！
2023-07-08 15:45:45,287 [AppLog] INFO : 进入：AutoPrintThread3！
2023-07-08 15:45:45,287 [AppLog] INFO : 准备读取编码器位置：X方向！
2023-07-08 15:45:45,287 [AppLog] INFO : 准备运动，当前位置：DEV_GetPrintEncoderValue：MoveDirectionFlag{false为Y方向：False}CurrentPos{22.1}AimPos{425}
2023-07-08 15:45:45,318 [AppLog] INFO : X方向运动开始：DEM_Run：返回值{True}nAxis{0}DirFlag{True}nSpeed{300000}MoveStep{402900}nCtlValue{2}
2023-07-08 15:45:47,206 [AppLog] INFO : X方向到位停止：DEM_StopAxisRun：返回值{True}CurrentPos{419.61}bImmeStop{False}nAxisMask{1}
2023-07-08 15:45:47,206 [AppLog] INFO : 准备读取编码器位置：Y方向！
2023-07-08 15:45:47,206 [AppLog] INFO : 准备运动，编码器当前位置：DEM_GetAxisEncodeVal：MoveDirectionFlag{false为Y方向：True}CurrentPos{103.5}AimPos{142.5}
2023-07-08 15:45:47,408 [AppLog] INFO : Y方向运动开始：DEM_Run：返回值{True}nAxis{1}DirFlag{True}nSpeed{300000}MoveStep{39073.749}nCtlValue{1}
2023-07-08 15:45:47,471 [AppLog] INFO : Y方向到位停止：DEM_StopAxisRun：返回值{True}CurrentPos{139.35}bImmeStop{False}nAxisMask{2}
2023-07-08 15:45:47,471 [AppLog] INFO : 获取打印Pass数据：IDP_GetPassItem2：nLayerIndex{13}nPassID{2}nProcState{3}LPPassDataItemb:PrtDir{False}nDataTxCompleteCnt{1}nHwMemAdrMatchMask{1}nLayerIndex{13}nLayerPassCount{6}nLayerPassIndex{2}nMinJet0ImgLinePos{2915}nPrtMemHwAddr{System.UInt32[]}nPrtDataOffset{System.UInt32[]}nSrcDataSize{System.UInt32[]}nPrtColBytes{System.UInt32[]}nPrtPrecession{10.666}nSrcEndCols{6000}nSrcStartCols{0}nStartEncPos{76511}nValidPassJets{1280}nValidPrtCols{6233}nValidPrtCtlCnts{1}pDataBuf{0}pNextItem{767822192}
2023-07-08 15:45:47,486 [AppLog] INFO : 使能Pass打印成功：IDP_DoPassPrint2：nLayerIndex{13}nPassID{2}
2023-07-08 15:45:47,486 [AppLog] INFO : PASS打印前关键状态：DEV_GetDeviceInfo：nLayerIndex{13}nPassID{2}LPPRINTER_INFO:nXSysEncDPI{5080}nStatus{909129520}nPrintStatus{0}bSuperDevice{1}
LPPRINTER_INFO-LPPrtRunInfo:bJobPrtRuning{True}bLayerPrtIsOver{False}nContReqMemErr{0}nContWDErr{0}nCurPrtDir{0}nDTLayerIndex{22}nDTLayerPassIndex{5}nDTPtrCtlIndex{0}nLayerPassCount{6}nPrintLayerIndex{13}nPrintPassIndex{2}nProcLayerIndex{22}nPrtDataMemAddr{0}nPrtState{0}nReverse{System.Int32[]}nRevPrtCols{0}
LPPRINTER_INFO-LPDRVINFO:nFMVersion{45074}nFpgaVersion{539038216}nPCBVersion{0}nState{0}nNextState{0}nPtvwarnState{0}nCrc32{0}nRevInfo{System.UInt32[]}nSignature{0}
2023-07-08 15:45:47,486 [AppLog] INFO : 创建：AutoPrintMotion1=》不需重新创建-手动操作！
2023-07-08 15:45:47,486 [AppLog] INFO : 进入：EquipmentMotionLogic3=》准备创建对象-手动操作！
2023-07-08 15:45:47,486 [AppLog] INFO : 进入：EquipmentMotionLogic3=》不需重新创建-手动操作！
2023-07-08 15:45:47,486 [AppLog] INFO : 进入：EquipmentMotionLogic3=》赋值完成自-AutoPrintMotion2！
2023-07-08 15:45:47,486 [AppLog] INFO : 进入：EquipmentMotionLogic3=》加载配置文件-LoadJsonFile成功！
2023-07-08 15:45:47,486 [AppLog] INFO : 进入：AutoPrintThread3！
2023-07-08 15:45:47,486 [AppLog] INFO : 准备读取编码器位置：X方向！
2023-07-08 15:45:47,486 [AppLog] INFO : 准备运动，当前位置：DEV_GetPrintEncoderValue：MoveDirectionFlag{false为Y方向：False}CurrentPos{423.305}AimPos{25}
2023-07-08 15:45:47,518 [AppLog] INFO : X方向运动开始：DEM_Run：返回值{True}nAxis{0}DirFlag{False}nSpeed{300000}MoveStep{-398305}nCtlValue{2}
2023-07-08 15:45:49,405 [AppLog] INFO : X方向到位停止：DEM_StopAxisRun：返回值{True}CurrentPos{29.555}bImmeStop{False}nAxisMask{1}
2023-07-08 15:45:49,405 [AppLog] INFO : 准备读取编码器位置：Y方向！
2023-07-08 15:45:49,405 [AppLog] INFO : 准备运动，编码器当前位置：DEM_GetAxisEncodeVal：MoveDirectionFlag{false为Y方向：True}CurrentPos{142.475}AimPos{157.521166666667}
2023-07-08 15:45:49,530 [AppLog] INFO : Y方向运动开始：DEM_Run：返回值{True}nAxis{1}DirFlag{True}nSpeed{300000}MoveStep{15074.6189678333}nCtlValue{1}
2023-07-08 15:45:49,592 [AppLog] INFO : Y方向到位停止：DEM_StopAxisRun：返回值{True}CurrentPos{154.98}bImmeStop{False}nAxisMask{2}
2023-07-08 15:45:49,592 [AppLog] INFO : 获取打印Pass数据：IDP_GetPassItem2：nLayerIndex{13}nPassID{3}nProcState{3}LPPassDataItemb:PrtDir{True}nDataTxCompleteCnt{1}nHwMemAdrMatchMask{1}nLayerIndex{13}nLayerPassCount{6}nLayerPassIndex{3}nMinJet0ImgLinePos{4195}nPrtMemHwAddr{System.UInt32[]}nPrtDataOffset{System.UInt32[]}nSrcDataSize{System.UInt32[]}nPrtColBytes{System.UInt32[]}nPrtPrecession{10.666}nSrcEndCols{6000}nSrcStartCols{0}nStartEncPos{10000}nValidPassJets{1280}nValidPrtCols{6233}nValidPrtCtlCnts{1}pDataBuf{0}pNextItem{767822032}
2023-07-08 15:45:49,624 [AppLog] INFO : 使能Pass打印成功：IDP_DoPassPrint2：nLayerIndex{13}nPassID{3}
2023-07-08 15:45:49,624 [AppLog] INFO : PASS打印前关键状态：DEV_GetDeviceInfo：nLayerIndex{13}nPassID{3}LPPRINTER_INFO:nXSysEncDPI{5080}nStatus{909129520}nPrintStatus{0}bSuperDevice{1}
LPPRINTER_INFO-LPPrtRunInfo:bJobPrtRuning{True}bLayerPrtIsOver{False}nContReqMemErr{0}nContWDErr{0}nCurPrtDir{0}nDTLayerIndex{22}nDTLayerPassIndex{5}nDTPtrCtlIndex{0}nLayerPassCount{6}nPrintLayerIndex{13}nPrintPassIndex{3}nProcLayerIndex{22}nPrtDataMemAddr{0}nPrtState{0}nReverse{System.Int32[]}nRevPrtCols{0}
LPPRINTER_INFO-LPDRVINFO:nFMVersion{45074}nFpgaVersion{539038216}nPCBVersion{0}nState{0}nNextState{0}nPtvwarnState{0}nCrc32{0}nRevInfo{System.UInt32[]}nSignature{0}
2023-07-08 15:45:49,624 [AppLog] INFO : 创建：AutoPrintMotion1=》不需重新创建-手动操作！
2023-07-08 15:45:49,624 [AppLog] INFO : 进入：EquipmentMotionLogic3=》准备创建对象-手动操作！
2023-07-08 15:45:49,624 [AppLog] INFO : 进入：EquipmentMotionLogic3=》不需重新创建-手动操作！
2023-07-08 15:45:49,624 [AppLog] INFO : 进入：EquipmentMotionLogic3=》赋值完成自-AutoPrintMotion2！
2023-07-08 15:45:49,624 [AppLog] INFO : 进入：EquipmentMotionLogic3=》加载配置文件-LoadJsonFile成功！
2023-07-08 15:45:49,624 [AppLog] INFO : 进入：AutoPrintThread3！
2023-07-08 15:45:49,624 [AppLog] INFO : 准备读取编码器位置：X方向！
2023-07-08 15:45:49,624 [AppLog] INFO : 准备运动，当前位置：DEV_GetPrintEncoderValue：MoveDirectionFlag{false为Y方向：False}CurrentPos{26.645}AimPos{425}
2023-07-08 15:45:49,655 [AppLog] INFO : X方向运动开始：DEM_Run：返回值{True}nAxis{0}DirFlag{True}nSpeed{300000}MoveStep{398355}nCtlValue{2}
2023-07-08 15:45:51,527 [AppLog] INFO : X方向到位停止：DEM_StopAxisRun：返回值{True}CurrentPos{419.465}bImmeStop{False}nAxisMask{1}
2023-07-08 15:45:51,527 [AppLog] INFO : 准备读取编码器位置：Y方向！
2023-07-08 15:45:51,542 [AppLog] INFO : 准备运动，编码器当前位置：DEM_GetAxisEncodeVal：MoveDirectionFlag{false为Y方向：True}CurrentPos{157.48}AimPos{196.5}
2023-07-08 15:45:51,714 [AppLog] INFO : Y方向运动开始：DEM_Run：返回值{True}nAxis{1}DirFlag{True}nSpeed{300000}MoveStep{39093.78682}nCtlValue{1}
2023-07-08 15:45:51,776 [AppLog] INFO : Y方向到位停止：DEM_StopAxisRun：返回值{True}CurrentPos{188.635}bImmeStop{False}nAxisMask{2}
2023-07-08 15:45:51,776 [AppLog] INFO : 获取打印Pass数据：IDP_GetPassItem2：nLayerIndex{13}nPassID{4}nProcState{3}LPPassDataItemb:PrtDir{False}nDataTxCompleteCnt{1}nHwMemAdrMatchMask{1}nLayerIndex{13}nLayerPassCount{6}nLayerPassIndex{4}nMinJet0ImgLinePos{5475}nPrtMemHwAddr{System.UInt32[]}nPrtDataOffset{System.UInt32[]}nSrcDataSize{System.UInt32[]}nPrtColBytes{System.UInt32[]}nPrtPrecession{10.666}nSrcEndCols{6000}nSrcStartCols{0}nStartEncPos{76511}nValidPassJets{1280}nValidPrtCols{6233}nValidPrtCtlCnts{1}pDataBuf{0}pNextItem{767821872}
2023-07-08 15:45:51,776 [AppLog] INFO : 使能Pass打印成功：IDP_DoPassPrint2：nLayerIndex{13}nPassID{4}
2023-07-08 15:45:51,792 [AppLog] INFO : PASS打印前关键状态：DEV_GetDeviceInfo：nLayerIndex{13}nPassID{4}LPPRINTER_INFO:nXSysEncDPI{5080}nStatus{909129520}nPrintStatus{0}bSuperDevice{1}
LPPRINTER_INFO-LPPrtRunInfo:bJobPrtRuning{True}bLayerPrtIsOver{False}nContReqMemErr{0}nContWDErr{0}nCurPrtDir{0}nDTLayerIndex{22}nDTLayerPassIndex{5}nDTPtrCtlIndex{0}nLayerPassCount{6}nPrintLayerIndex{13}nPrintPassIndex{4}nProcLayerIndex{22}nPrtDataMemAddr{0}nPrtState{0}nReverse{System.Int32[]}nRevPrtCols{0}
LPPRINTER_INFO-LPDRVINFO:nFMVersion{45074}nFpgaVersion{539038216}nPCBVersion{0}nState{0}nNextState{0}nPtvwarnState{0}nCrc32{0}nRevInfo{System.UInt32[]}nSignature{0}
2023-07-08 15:45:51,792 [AppLog] INFO : 创建：AutoPrintMotion1=》不需重新创建-手动操作！
2023-07-08 15:45:51,792 [AppLog] INFO : 进入：EquipmentMotionLogic3=》准备创建对象-手动操作！
2023-07-08 15:45:51,792 [AppLog] INFO : 进入：EquipmentMotionLogic3=》不需重新创建-手动操作！
2023-07-08 15:45:51,792 [AppLog] INFO : 进入：EquipmentMotionLogic3=》赋值完成自-AutoPrintMotion2！
2023-07-08 15:45:51,792 [AppLog] INFO : 进入：EquipmentMotionLogic3=》加载配置文件-LoadJsonFile成功！
2023-07-08 15:45:51,792 [AppLog] INFO : 进入：AutoPrintThread3！
2023-07-08 15:45:51,792 [AppLog] INFO : 准备读取编码器位置：X方向！
2023-07-08 15:45:51,792 [AppLog] INFO : 准备运动，当前位置：DEV_GetPrintEncoderValue：MoveDirectionFlag{false为Y方向：False}CurrentPos{423.37}AimPos{25}
2023-07-08 15:45:51,823 [AppLog] INFO : X方向运动开始：DEM_Run：返回值{True}nAxis{0}DirFlag{False}nSpeed{300000}MoveStep{-398370}nCtlValue{2}
2023-07-08 15:45:53,695 [AppLog] INFO : X方向到位停止：DEM_StopAxisRun：返回值{True}CurrentPos{30.795}bImmeStop{False}nAxisMask{1}
2023-07-08 15:45:53,695 [AppLog] INFO : 准备读取编码器位置：Y方向！
2023-07-08 15:45:53,695 [AppLog] INFO : 准备运动，编码器当前位置：DEM_GetAxisEncodeVal：MoveDirectionFlag{false为Y方向：True}CurrentPos{196.53}AimPos{211.521166666667}
2023-07-08 15:45:53,820 [AppLog] INFO : Y方向运动开始：DEM_Run：返回值{True}nAxis{1}DirFlag{True}nSpeed{300000}MoveStep{15019.5149628333}nCtlValue{1}
2023-07-08 15:45:53,882 [AppLog] INFO : Y方向到位停止：DEM_StopAxisRun：返回值{True}CurrentPos{209.275}bImmeStop{False}nAxisMask{2}
2023-07-08 15:45:53,882 [AppLog] INFO : 获取打印Pass数据：IDP_GetPassItem2：nLayerIndex{13}nPassID{5}nProcState{3}LPPassDataItemb:PrtDir{True}nDataTxCompleteCnt{1}nHwMemAdrMatchMask{1}nLayerIndex{13}nLayerPassCount{6}nLayerPassIndex{5}nMinJet0ImgLinePos{6755}nPrtMemHwAddr{System.UInt32[]}nPrtDataOffset{System.UInt32[]}nSrcDataSize{System.UInt32[]}nPrtColBytes{System.UInt32[]}nPrtPrecession{10.666}nSrcEndCols{6000}nSrcStartCols{0}nStartEncPos{10000}nValidPassJets{1280}nValidPrtCols{6233}nValidPrtCtlCnts{1}pDataBuf{0}pNextItem{0}
2023-07-08 15:45:53,882 [AppLog] INFO : 使能Pass打印成功：IDP_DoPassPrint2：nLayerIndex{13}nPassID{5}
2023-07-08 15:45:53,898 [AppLog] INFO : PASS打印前关键状态：DEV_GetDeviceInfo：nLayerIndex{13}nPassID{5}LPPRINTER_INFO:nXSysEncDPI{5080}nStatus{909129520}nPrintStatus{0}bSuperDevice{1}
LPPRINTER_INFO-LPPrtRunInfo:bJobPrtRuning{True}bLayerPrtIsOver{False}nContReqMemErr{0}nContWDErr{0}nCurPrtDir{0}nDTLayerIndex{22}nDTLayerPassIndex{5}nDTPtrCtlIndex{0}nLayerPassCount{6}nPrintLayerIndex{13}nPrintPassIndex{5}nProcLayerIndex{22}nPrtDataMemAddr{0}nPrtState{0}nReverse{System.Int32[]}nRevPrtCols{0}
LPPRINTER_INFO-LPDRVINFO:nFMVersion{45074}nFpgaVersion{539038216}nPCBVersion{0}nState{0}nNextState{0}nPtvwarnState{0}nCrc32{0}nRevInfo{System.UInt32[]}nSignature{0}
2023-07-08 15:45:53,898 [AppLog] INFO : 创建：AutoPrintMotion1=》不需重新创建-手动操作！
2023-07-08 15:45:53,898 [AppLog] INFO : 进入：EquipmentMotionLogic3=》准备创建对象-手动操作！
2023-07-08 15:45:53,898 [AppLog] INFO : 进入：EquipmentMotionLogic3=》不需重新创建-手动操作！
2023-07-08 15:45:53,898 [AppLog] INFO : 进入：EquipmentMotionLogic3=》赋值完成自-AutoPrintMotion2！
2023-07-08 15:45:53,898 [AppLog] INFO : 进入：EquipmentMotionLogic3=》加载配置文件-LoadJsonFile成功！
2023-07-08 15:45:53,898 [AppLog] INFO : 进入：AutoPrintThread3！
2023-07-08 15:45:53,898 [AppLog] INFO : 准备读取编码器位置：X方向！
2023-07-08 15:45:53,914 [AppLog] INFO : 准备运动，当前位置：DEV_GetPrintEncoderValue：MoveDirectionFlag{false为Y方向：False}CurrentPos{26.605}AimPos{425}
2023-07-08 15:45:53,945 [AppLog] INFO : X方向运动开始：DEM_Run：返回值{True}nAxis{0}DirFlag{True}nSpeed{300000}MoveStep{398395}nCtlValue{2}
2023-07-08 15:45:55,817 [AppLog] INFO : X方向到位停止：DEM_StopAxisRun：返回值{True}CurrentPos{418.985}bImmeStop{False}nAxisMask{1}
2023-07-08 15:45:55,817 [AppLog] INFO : 准备读取编码器位置：X方向！
2023-07-08 15:45:55,817 [AppLog] INFO : 准备运动，当前位置：DEV_GetPrintEncoderValue：MoveDirectionFlag{false为Y方向：False}CurrentPos{419.175}AimPos{780}
2023-07-08 15:45:55,848 [AppLog] INFO : X方向运动开始：DEM_Run：返回值{True}nAxis{0}DirFlag{True}nSpeed{300000}MoveStep{360825}nCtlValue{2}
2023-07-08 15:45:55,910 [AppLog] INFO : 准备读取编码器位置：Y方向！
2023-07-08 15:45:55,910 [AppLog] INFO : 准备运动，编码器当前位置：DEM_GetAxisEncodeVal：MoveDirectionFlag{false为Y方向：True}CurrentPos{211.54}AimPos{121}
2023-07-08 15:45:56,285 [AppLog] INFO : Y方向运动开始：DEM_Run：返回值{True}nAxis{1}DirFlag{False}nSpeed{300000}MoveStep{-90711.21114}nCtlValue{1}
2023-07-08 15:45:57,595 [AppLog] INFO : Y方向到位等停：DEM_StopAxisRun：返回值{True}bImmeStop{False}nAxisMask{1}
2023-07-08 15:45:57,595 [AppLog] INFO : X方向到位等停：DEM_StopAxisRun：返回值{True}bImmeStop{False}nAxisMask{2}
2023-07-08 15:45:57,642 [AppLog] INFO : 开启闪喷操作：IDP_FlashPrtCtl：返回值{True}
2023-07-08 15:45:57,642 [AppLog] INFO : 进入：EquipmentMotionLogic3=》准备创建对象-手动操作！
2023-07-08 15:45:57,642 [AppLog] INFO : 进入：EquipmentMotionLogic3=》不需重新创建-手动操作！
2023-07-08 15:45:57,642 [AppLog] INFO : 进入：EquipmentMotionLogic3=》赋值完成自-AutoPrintMotion2！
2023-07-08 15:45:57,658 [AppLog] INFO : 进入：EquipmentMotionLogic3=》加载配置文件-LoadJsonFile成功！
2023-07-08 15:45:57,658 [AppLog] INFO : 进入自动铺粉逻辑：NewAutoSupplyPowderThread2
2023-07-08 15:45:57,658 [AppLog] INFO : 电气控制模块：手动打开端口14
2023-07-08 15:45:57,658 [AppLog] INFO : 电气控制模块：手动打开端口15
2023-07-08 15:45:57,720 [AppLog] INFO : 手动正向点动指令（8轴运控板卡系统） ====》：输出AXIS{第1轴},点动量{-0.1MM},运动速度{2MM/s}
2023-07-08 15:45:57,720 [AppLog] INFO : 成形面高度下降层厚 TrapSpace{0.1mm}：TrapMoveUp(1, true, Convert.ToString(vel), Convert.ToString(TrapSpace), true, true）
2023-07-08 15:45:58,500 [AppLog] INFO : 手动正向点动指令（8轴运控板卡系统） ====》：输出AXIS{第1轴},点动量{-1.5MM},运动速度{2MM/s}
2023-07-08 15:45:58,500 [AppLog] INFO : 成形面高度下降指定厚度 TrapSpace{1.5mm}：TrapMoveUp(1, true, Convert.ToString(vel), Convert.ToString(TrapSpace), true, true）
2023-07-08 15:45:59,280 [AppLog] INFO : 手动正向点动指令（8轴运控板卡系统） ====》：输出AXIS{第1轴},点动量{1.5MM},运动速度{2MM/s}
2023-07-08 15:45:59,280 [AppLog] INFO : 电气控制模块：手动关闭端口15
2023-07-08 15:45:59,280 [AppLog] INFO : 电气控制模块：手动关闭端口14
2023-07-08 15:45:59,280 [AppLog] INFO : 成形面高度上升层厚 TrapSpace{1.5mm}：TrapMoveUp(1, true, Convert.ToString(vel), Convert.ToString(TrapSpace), true, true）
2023-07-08 15:45:59,530 [AppLog] INFO : 手动正向点动指令（8轴运控板卡系统） ====》：输出AXIS{第8轴},点动量{0.6MM},运动速度{2.5MM/s}
2023-07-08 15:45:59,530 [AppLog] INFO : Hopper落粉轴转2圈落粉，速度0.5rev/s：TrapMoveUp(8, true, 0.5, rotateNuM.ToString(), true, false)
2023-07-08 15:46:00,544 [AppLog] INFO : 开启铺粉车不等停运动，准备运动至准备打印位置215mm，速度250mm/s：BackToStation2
2023-07-08 15:46:01,402 [AppLog] INFO : 手动正向点动指令（8轴运控板卡系统） ====》：输出AXIS{第2轴},点动量{216.5MM},运动速度{250MM/s}
2023-07-08 15:46:01,402 [AppLog] INFO : 当前铺粉车位置：打印位置215mm
2023-07-08 15:46:01,402 [AppLog] INFO : 手动正向点动指令（8轴运控板卡系统） ====》：输出AXIS{第2轴},点动量{480MM},运动速度{25MM/s}
2023-07-08 15:46:01,402 [AppLog] INFO : 开启铺粉车不等停运动至准备打印位置695mm，速度25mm/s：BackToStation2
2023-07-08 15:46:01,526 [AppLog] INFO : 打开IR灯：OpenIRLamp(true)
2023-07-08 15:46:01,667 [AppLog] INFO : 手动正向点动指令（8轴运控板卡系统） ====》：输出AXIS{第3轴},点动量{0.125MM},运动速度{1MM/s}
2023-07-08 15:46:01,667 [AppLog] INFO : 在{40mm}处，落粉轴运动{45度}，落粉轴转速{1rev/s}：TrapMoveUp(3, true, Convert.ToString(DispenseRollerSpeed), 0.5, true, true)
2023-07-08 15:46:01,667 [AppLog] INFO : 手动正向点动指令（8轴运控板卡系统） ====》：输出AXIS{第3轴},点动量{0.5MM},运动速度{0.0376712328767123MM/s}
2023-07-08 15:46:01,667 [AppLog] INFO : 开启均匀落粉及辊子铺平运动：TrapMoveUp(3, true, Convert.ToString(DispenseRollerSpeed), 0.5, true, true)
2023-07-08 15:46:13,320 [AppLog] INFO : 关闭IR灯：OpenIRLamp(false)
2023-07-08 15:46:17,875 [AppLog] INFO : 手动正向点动指令（8轴运控板卡系统） ====》：输出AXIS{第3轴},点动量{0.5MM},运动速度{2MM/s}
2023-07-08 15:46:17,875 [AppLog] INFO : 落粉轴继续转动以倒掉余粉：TrapMoveUp(3, true, 2, 0.5, true, false)
2023-07-08 15:46:20,605 [AppLog] INFO : 电气控制模块：手动打开端口14
2023-07-08 15:46:20,605 [AppLog] INFO : 电气控制模块：手动打开端口15
2023-07-08 15:46:21,385 [AppLog] INFO : 手动正向点动指令（8轴运控板卡系统） ====》：输出AXIS{第1轴},点动量{-1.5MM},运动速度{2MM/s}
2023-07-08 15:46:21,385 [AppLog] INFO : 电气控制模块：手动关闭端口15
2023-07-08 15:46:21,385 [AppLog] INFO : 电气控制模块：手动关闭端口14
2023-07-08 15:46:21,385 [AppLog] INFO : 成形面高度下降指定厚度 TrapSpace{1.5mm}：TrapMoveUp(1, true, Convert.ToString(vel), Convert.ToString(TrapSpace), true, true）
2023-07-08 15:46:24,178 [AppLog] INFO : 手动正向点动指令（8轴运控板卡系统） ====》：输出AXIS{第2轴},点动量{-696.5MM},运动速度{250MM/s}
2023-07-08 15:46:24,178 [AppLog] INFO : 铺粉车返回至站1：BackToStation2(AimPos, MovSpeed, true)：-1.5mm，速度250mm/s：BackToStation2
2023-07-08 15:46:24,958 [AppLog] INFO : 落粉轴回零成功：motionMap.SetBackSpreaderAxis(3, 0.5, 2, -SinkPosition)：ReturnCode{True}
2023-07-08 15:46:24,958 [AppLog] INFO : 电气控制模块：手动打开端口14
2023-07-08 15:46:24,958 [AppLog] INFO : 电气控制模块：手动打开端口15
2023-07-08 15:46:25,722 [AppLog] INFO : 手动正向点动指令（8轴运控板卡系统） ====》：输出AXIS{第1轴},点动量{1.5MM},运动速度{2MM/s}
2023-07-08 15:46:25,722 [AppLog] INFO : 电气控制模块：手动关闭端口15
2023-07-08 15:46:25,722 [AppLog] INFO : 电气控制模块：手动关闭端口14
2023-07-08 15:46:25,722 [AppLog] INFO : 成形面高度上升层厚 TrapSpace{1.5mm}：TrapMoveUp(1, true, Convert.ToString(vel), Convert.ToString(TrapSpace), true, true）
2023-07-08 15:46:25,722 [AppLog] INFO : 自动铺粉正常结束：NewAutoSupplyPowderThread2
2023-07-08 15:46:25,722 [AppLog] INFO : 发送监控指令，拍照记录1条：SendMessageFromSharedMemory
2023-07-08 15:46:25,722 [AppLog] INFO : 铺粉模式：铺粉固化同时进行！
2023-07-08 15:46:25,722 [AppLog] INFO : 执行完成铺粉固化操作：EquipmentMotionLogic3：m_bApplyPowderSupplyMotion:0
2023-07-08 15:46:25,722 [AppLog] INFO : 接收到恢复打印指令：PrintTaskTHREAD
2023-07-08 15:46:25,738 [AppLog] INFO : 获取打印Pass数据：IDP_GetPassItem2：nLayerIndex{14}nPassID{0}nProcState{3}LPPassDataItemb:PrtDir{False}nDataTxCompleteCnt{1}nHwMemAdrMatchMask{1}nLayerIndex{14}nLayerPassCount{6}nLayerPassIndex{0}nMinJet0ImgLinePos{355}nPrtMemHwAddr{System.UInt32[]}nPrtDataOffset{System.UInt32[]}nSrcDataSize{System.UInt32[]}nPrtColBytes{System.UInt32[]}nPrtPrecession{10.666}nSrcEndCols{6000}nSrcStartCols{0}nStartEncPos{76511}nValidPassJets{1280}nValidPrtCols{6233}nValidPrtCtlCnts{1}pDataBuf{0}pNextItem{767823472}
2023-07-08 15:46:25,738 [AppLog] INFO : 使能Pass打印成功：IDP_DoPassPrint2：nLayerIndex{14}nPassID{0}
2023-07-08 15:46:25,738 [AppLog] INFO : PASS打印前关键状态：DEV_GetDeviceInfo：nLayerIndex{14}nPassID{0}LPPRINTER_INFO:nXSysEncDPI{5080}nStatus{909129520}nPrintStatus{0}bSuperDevice{1}
LPPRINTER_INFO-LPPrtRunInfo:bJobPrtRuning{True}bLayerPrtIsOver{False}nContReqMemErr{0}nContWDErr{0}nCurPrtDir{0}nDTLayerIndex{22}nDTLayerPassIndex{5}nDTPtrCtlIndex{0}nLayerPassCount{6}nPrintLayerIndex{14}nPrintPassIndex{0}nProcLayerIndex{22}nPrtDataMemAddr{0}nPrtState{0}nReverse{System.Int32[]}nRevPrtCols{0}
LPPRINTER_INFO-LPDRVINFO:nFMVersion{45074}nFpgaVersion{539038216}nPCBVersion{0}nState{0}nNextState{0}nPtvwarnState{0}nCrc32{0}nRevInfo{System.UInt32[]}nSignature{0}
2023-07-08 15:46:25,738 [AppLog] INFO : 创建：AutoPrintMotion1=》不需重新创建-手动操作！
2023-07-08 15:46:25,738 [AppLog] INFO : 进入：EquipmentMotionLogic3=》准备创建对象-手动操作！
2023-07-08 15:46:25,738 [AppLog] INFO : 进入：EquipmentMotionLogic3=》不需重新创建-手动操作！
2023-07-08 15:46:25,738 [AppLog] INFO : 进入：EquipmentMotionLogic3=》赋值完成自-AutoPrintMotion2！
2023-07-08 15:46:25,738 [AppLog] INFO : 进入：EquipmentMotionLogic3=》加载配置文件-LoadJsonFile成功！
2023-07-08 15:46:25,738 [AppLog] INFO : 进入自动清洗过程：AutoCleanThread
2023-07-08 15:46:25,878 [AppLog] INFO : 准备处理第22层数据：准备调用RenderToWic，index为22，subindex为0，g_nRePrintTimes为1，起始层为0
2023-07-08 15:46:25,940 [AppLog] INFO : 完成处理第22层数据：准备调用DrawLayerBMP，index为22，起始层为0
2023-07-08 15:46:25,940 [AppLog] INFO : 完成处理第22层数据：准备调用DrawLayerBMP，index为22，起始层为0
2023-07-08 15:46:26,112 [AppLog] INFO : 刮墨轴回零成功：motionMap.SetBackSpreaderAxis(4, 1, 2, -SinkHomePosition)
2023-07-08 15:46:26,112 [AppLog] INFO : 准备读取编码器位置：Y方向！
2023-07-08 15:46:26,128 [AppLog] INFO : 准备运动，编码器当前位置：DEM_GetAxisEncodeVal：MoveDirectionFlag{false为Y方向：True}CurrentPos{121.04}AimPos{116}
2023-07-08 15:46:26,252 [AppLog] INFO : Y方向运动开始：DEM_Run：返回值{True}nAxis{1}DirFlag{False}nSpeed{300000}MoveStep{-5049.53064000001}nCtlValue{1}
2023-07-08 15:46:26,299 [AppLog] INFO : 作业写入成功：IDP_WriteImgLayerData：bpp:{1bit}灰阶:{1阶}nLayerIndex{23}LayerIndex{22}SubIndex{1}RePrintTimes{1}nBytesPerLine{752}nWidth{6001}nHeight{7680}nXEncOff{0}nYJetOff{355}nImgStartJetIndex{0}nXDPI{476.25}nYDPI{600}nPrtDir{0} nPrtFlag{1}nColorCnts{1}nReserved{System.Int32[]}
2023-07-08 15:46:26,299 [AppLog] INFO : 完成处理第22层数据：准备调用RenderToWic，index为22，subindex为0，g_nRePrintTimes为1，起始层为0
2023-07-08 15:46:26,330 [AppLog] INFO : Y方向到位停止：DEM_StopAxisRun：返回值{True}CurrentPos{116.295}bImmeStop{False}nAxisMask{2}
2023-07-08 15:46:26,330 [AppLog] INFO : 准备读取编码器位置：X方向！
2023-07-08 15:46:26,330 [AppLog] INFO : 准备运动，当前位置：DEV_GetPrintEncoderValue：MoveDirectionFlag{false为Y方向：False}CurrentPos{784.195}AimPos{780}
2023-07-08 15:46:26,362 [AppLog] INFO : X方向运动开始：DEM_Run：返回值{True}nAxis{0}DirFlag{False}nSpeed{300000}MoveStep{-4195.00000000005}nCtlValue{2}
2023-07-08 15:46:26,533 [AppLog] INFO : X方向到位停止：DEM_StopAxisRun：返回值{True}CurrentPos{783.1}bImmeStop{False}nAxisMask{1}
2023-07-08 15:46:27,750 [AppLog] INFO : 开启手动清洗挤墨喷头，DEV_EnableTimer: 端口{11}，清洗控制周期：{0.5}S,{0.5}S
2023-07-08 15:46:28,764 [AppLog] INFO : 关闭手动清洗挤墨喷头：DEV_EnableTimer
2023-07-08 15:46:28,764 [AppLog] INFO : 压墨等待开启：{1.5S}
2023-07-08 15:46:30,277 [AppLog] INFO : 压墨等待完成：{1.5S}
2023-07-08 15:46:30,277 [AppLog] INFO : 准备读取编码器位置：X方向！
2023-07-08 15:46:30,277 [AppLog] INFO : 准备运动，当前位置：DEV_GetPrintEncoderValue：MoveDirectionFlag{false为Y方向：False}CurrentPos{780.365}AimPos{680}
2023-07-08 15:46:30,308 [AppLog] INFO : X方向运动开始：DEM_Run：返回值{True}nAxis{0}DirFlag{False}nSpeed{200000}MoveStep{-100365}nCtlValue{2}
2023-07-08 15:46:31,166 [AppLog] INFO : X方向到位停止：DEM_StopAxisRun：返回值{True}CurrentPos{684.175}bImmeStop{False}nAxisMask{1}
2023-07-08 15:46:31,744 [AppLog] INFO : 结束自动清洗过程：AutoCleanThread
2023-07-08 15:46:31,744 [AppLog] INFO : 进入：EquipmentMotionLogic3=》准备创建对象-手动操作！
2023-07-08 15:46:31,744 [AppLog] INFO : 进入：EquipmentMotionLogic3=》不需重新创建-手动操作！
2023-07-08 15:46:31,744 [AppLog] INFO : 进入：EquipmentMotionLogic3=》赋值完成自-AutoPrintMotion2！
2023-07-08 15:46:31,744 [AppLog] INFO : 进入：EquipmentMotionLogic3=》加载配置文件-LoadJsonFile成功！
2023-07-08 15:46:31,744 [AppLog] INFO : 进入：AutoPrintThread3！
2023-07-08 15:46:31,744 [AppLog] INFO : 关闭闪喷操作：IDP_FlashPrtCtl：返回值{True}
2023-07-08 15:46:31,744 [AppLog] INFO : 准备读取编码器位置：Y方向！
2023-07-08 15:46:31,744 [AppLog] INFO : 准备运动，编码器当前位置：DEM_GetAxisEncodeVal：MoveDirectionFlag{false为Y方向：True}CurrentPos{116.005}AimPos{91}
2023-07-08 15:46:31,900 [AppLog] INFO : Y方向运动开始：DEM_Run：返回值{True}nAxis{1}DirFlag{False}nSpeed{300000}MoveStep{-25052.284455}nCtlValue{1}
2023-07-08 15:46:31,962 [AppLog] INFO : 准备读取编码器位置：X方向！
2023-07-08 15:46:31,978 [AppLog] INFO : 准备运动，当前位置：DEV_GetPrintEncoderValue：MoveDirectionFlag{false为Y方向：False}CurrentPos{680.205}AimPos{425}
2023-07-08 15:46:32,009 [AppLog] INFO : X方向运动开始：DEM_Run：返回值{True}nAxis{0}DirFlag{False}nSpeed{300000}MoveStep{-255205}nCtlValue{2}
2023-07-08 15:46:33,428 [AppLog] INFO : X方向到位停止：DEM_StopAxisRun：返回值{True}CurrentPos{428.405}bImmeStop{False}nAxisMask{1}
2023-07-08 15:46:33,428 [AppLog] INFO : 准备读取编码器位置：X方向！
2023-07-08 15:46:33,428 [AppLog] INFO : 准备运动，当前位置：DEV_GetPrintEncoderValue：MoveDirectionFlag{false为Y方向：False}CurrentPos{428.325}AimPos{25}
2023-07-08 15:46:33,460 [AppLog] INFO : X方向运动开始：DEM_Run：返回值{True}nAxis{0}DirFlag{False}nSpeed{300000}MoveStep{-403325}nCtlValue{2}
2023-07-08 15:46:35,347 [AppLog] INFO : X方向到位停止：DEM_StopAxisRun：返回值{True}CurrentPos{26.645}bImmeStop{False}nAxisMask{1}
2023-07-08 15:46:35,347 [AppLog] INFO : 准备读取编码器位置：Y方向！
2023-07-08 15:46:35,347 [AppLog] INFO : 准备运动，编码器当前位置：DEM_GetAxisEncodeVal：MoveDirectionFlag{false为Y方向：True}CurrentPos{91}AimPos{101.021166666667}
2023-07-08 15:46:35,472 [AppLog] INFO : Y方向运动开始：DEM_Run：返回值{True}nAxis{1}DirFlag{True}nSpeed{300000}MoveStep{10040.1166928333}nCtlValue{1}
2023-07-08 15:46:35,534 [AppLog] INFO : Y方向到位停止：DEM_StopAxisRun：返回值{True}CurrentPos{99.56}bImmeStop{False}nAxisMask{2}
2023-07-08 15:46:35,534 [AppLog] INFO : 获取打印Pass数据：IDP_GetPassItem2：nLayerIndex{14}nPassID{1}nProcState{3}LPPassDataItemb:PrtDir{True}nDataTxCompleteCnt{1}nHwMemAdrMatchMask{1}nLayerIndex{14}nLayerPassCount{6}nLayerPassIndex{1}nMinJet0ImgLinePos{1635}nPrtMemHwAddr{System.UInt32[]}nPrtDataOffset{System.UInt32[]}nSrcDataSize{System.UInt32[]}nPrtColBytes{System.UInt32[]}nPrtPrecession{10.666}nSrcEndCols{6000}nSrcStartCols{0}nStartEncPos{10000}nValidPassJets{1280}nValidPrtCols{6233}nValidPrtCtlCnts{1}pDataBuf{0}pNextItem{767823312}
2023-07-08 15:46:35,550 [AppLog] INFO : 使能Pass打印成功：IDP_DoPassPrint2：nLayerIndex{14}nPassID{1}
2023-07-08 15:46:35,550 [AppLog] INFO : PASS打印前关键状态：DEV_GetDeviceInfo：nLayerIndex{14}nPassID{1}LPPRINTER_INFO:nXSysEncDPI{5080}nStatus{909129520}nPrintStatus{0}bSuperDevice{1}
LPPRINTER_INFO-LPPrtRunInfo:bJobPrtRuning{True}bLayerPrtIsOver{False}nContReqMemErr{0}nContWDErr{0}nCurPrtDir{0}nDTLayerIndex{23}nDTLayerPassIndex{5}nDTPtrCtlIndex{0}nLayerPassCount{6}nPrintLayerIndex{14}nPrintPassIndex{1}nProcLayerIndex{23}nPrtDataMemAddr{0}nPrtState{0}nReverse{System.Int32[]}nRevPrtCols{0}
LPPRINTER_INFO-LPDRVINFO:nFMVersion{45074}nFpgaVersion{539038216}nPCBVersion{0}nState{0}nNextState{0}nPtvwarnState{0}nCrc32{0}nRevInfo{System.UInt32[]}nSignature{0}
2023-07-08 15:46:35,550 [AppLog] INFO : 创建：AutoPrintMotion1=》不需重新创建-手动操作！
2023-07-08 15:46:35,550 [AppLog] INFO : 进入：EquipmentMotionLogic3=》准备创建对象-手动操作！
2023-07-08 15:46:35,550 [AppLog] INFO : 进入：EquipmentMotionLogic3=》不需重新创建-手动操作！
2023-07-08 15:46:35,550 [AppLog] INFO : 进入：EquipmentMotionLogic3=》赋值完成自-AutoPrintMotion2！
2023-07-08 15:46:35,550 [AppLog] INFO : 进入：EquipmentMotionLogic3=》加载配置文件-LoadJsonFile成功！
2023-07-08 15:46:35,550 [AppLog] INFO : 进入：AutoPrintThread3！
2023-07-08 15:46:35,550 [AppLog] INFO : 准备读取编码器位置：X方向！
2023-07-08 15:46:35,550 [AppLog] INFO : 准备运动，当前位置：DEV_GetPrintEncoderValue：MoveDirectionFlag{false为Y方向：False}CurrentPos{22.81}AimPos{425}
2023-07-08 15:46:35,581 [AppLog] INFO : X方向运动开始：DEM_Run：返回值{True}nAxis{0}DirFlag{True}nSpeed{300000}MoveStep{402190}nCtlValue{2}
2023-07-08 15:46:37,469 [AppLog] INFO : X方向到位停止：DEM_StopAxisRun：返回值{True}CurrentPos{419.47}bImmeStop{False}nAxisMask{1}
2023-07-08 15:46:37,469 [AppLog] INFO : 准备读取编码器位置：Y方向！
2023-07-08 15:46:37,469 [AppLog] INFO : 准备运动，编码器当前位置：DEM_GetAxisEncodeVal：MoveDirectionFlag{false为Y方向：True}CurrentPos{100.94}AimPos{145}
2023-07-08 15:46:37,687 [AppLog] INFO : Y方向运动开始：DEM_Run：返回值{True}nAxis{1}DirFlag{True}nSpeed{300000}MoveStep{44143.31746}nCtlValue{1}
2023-07-08 15:46:37,781 [AppLog] INFO : Y方向到位停止：DEM_StopAxisRun：返回值{True}CurrentPos{143.485}bImmeStop{False}nAxisMask{2}
2023-07-08 15:46:37,781 [AppLog] INFO : 获取打印Pass数据：IDP_GetPassItem2：nLayerIndex{14}nPassID{2}nProcState{3}LPPassDataItemb:PrtDir{False}nDataTxCompleteCnt{1}nHwMemAdrMatchMask{1}nLayerIndex{14}nLayerPassCount{6}nLayerPassIndex{2}nMinJet0ImgLinePos{2915}nPrtMemHwAddr{System.UInt32[]}nPrtDataOffset{System.UInt32[]}nSrcDataSize{System.UInt32[]}nPrtColBytes{System.UInt32[]}nPrtPrecession{10.666}nSrcEndCols{6000}nSrcStartCols{0}nStartEncPos{76511}nValidPassJets{1280}nValidPrtCols{6233}nValidPrtCtlCnts{1}pDataBuf{0}pNextItem{767823152}
2023-07-08 15:46:37,781 [AppLog] INFO : 使能Pass打印成功：IDP_DoPassPrint2：nLayerIndex{14}nPassID{2}
2023-07-08 15:46:37,796 [AppLog] INFO : PASS打印前关键状态：DEV_GetDeviceInfo：nLayerIndex{14}nPassID{2}LPPRINTER_INFO:nXSysEncDPI{5080}nStatus{909129520}nPrintStatus{0}bSuperDevice{1}
LPPRINTER_INFO-LPPrtRunInfo:bJobPrtRuning{True}bLayerPrtIsOver{False}nContReqMemErr{0}nContWDErr{0}nCurPrtDir{0}nDTLayerIndex{23}nDTLayerPassIndex{5}nDTPtrCtlIndex{0}nLayerPassCount{6}nPrintLayerIndex{14}nPrintPassIndex{2}nProcLayerIndex{23}nPrtDataMemAddr{0}nPrtState{0}nReverse{System.Int32[]}nRevPrtCols{0}
LPPRINTER_INFO-LPDRVINFO:nFMVersion{45074}nFpgaVersion{539038216}nPCBVersion{0}nState{0}nNextState{0}nPtvwarnState{0}nCrc32{0}nRevInfo{System.UInt32[]}nSignature{0}
2023-07-08 15:46:37,796 [AppLog] INFO : 创建：AutoPrintMotion1=》不需重新创建-手动操作！
2023-07-08 15:46:37,796 [AppLog] INFO : 进入：EquipmentMotionLogic3=》准备创建对象-手动操作！
2023-07-08 15:46:37,796 [AppLog] INFO : 进入：EquipmentMotionLogic3=》不需重新创建-手动操作！
2023-07-08 15:46:37,796 [AppLog] INFO : 进入：EquipmentMotionLogic3=》赋值完成自-AutoPrintMotion2！
2023-07-08 15:46:37,796 [AppLog] INFO : 进入：EquipmentMotionLogic3=》加载配置文件-LoadJsonFile成功！
2023-07-08 15:46:37,796 [AppLog] INFO : 进入：AutoPrintThread3！
2023-07-08 15:46:37,796 [AppLog] INFO : 准备读取编码器位置：X方向！
2023-07-08 15:46:37,796 [AppLog] INFO : 准备运动，当前位置：DEV_GetPrintEncoderValue：MoveDirectionFlag{false为Y方向：False}CurrentPos{423.315}AimPos{25}
2023-07-08 15:46:37,828 [AppLog] INFO : X方向运动开始：DEM_Run：返回值{True}nAxis{0}DirFlag{False}nSpeed{300000}MoveStep{-398315}nCtlValue{2}
2023-07-08 15:46:39,700 [AppLog] INFO : X方向到位停止：DEM_StopAxisRun：返回值{True}CurrentPos{30.605}bImmeStop{False}nAxisMask{1}
2023-07-08 15:46:39,700 [AppLog] INFO : 准备读取编码器位置：Y方向！
2023-07-08 15:46:39,700 [AppLog] INFO : 准备运动，编码器当前位置：DEM_GetAxisEncodeVal：MoveDirectionFlag{false为Y方向：True}CurrentPos{145.02}AimPos{155.021166666667}
2023-07-08 15:46:39,824 [AppLog] INFO : Y方向运动开始：DEM_Run：返回值{True}nAxis{1}DirFlag{True}nSpeed{300000}MoveStep{10020.0788728333}nCtlValue{1}
2023-07-08 15:46:39,887 [AppLog] INFO : Y方向到位停止：DEM_StopAxisRun：返回值{True}CurrentPos{153.68}bImmeStop{False}nAxisMask{2}
2023-07-08 15:46:39,887 [AppLog] INFO : 获取打印Pass数据：IDP_GetPassItem2：nLayerIndex{14}nPassID{3}nProcState{3}LPPassDataItemb:PrtDir{True}nDataTxCompleteCnt{1}nHwMemAdrMatchMask{1}nLayerIndex{14}nLayerPassCount{6}nLayerPassIndex{3}nMinJet0ImgLinePos{4195}nPrtMemHwAddr{System.UInt32[]}nPrtDataOffset{System.UInt32[]}nSrcDataSize{System.UInt32[]}nPrtColBytes{System.UInt32[]}nPrtPrecession{10.666}nSrcEndCols{6000}nSrcStartCols{0}nStartEncPos{10000}nValidPassJets{1280}nValidPrtCols{6233}nValidPrtCtlCnts{1}pDataBuf{0}pNextItem{767822992}
2023-07-08 15:46:39,887 [AppLog] INFO : 使能Pass打印成功：IDP_DoPassPrint2：nLayerIndex{14}nPassID{3}
2023-07-08 15:46:39,902 [AppLog] INFO : PASS打印前关键状态：DEV_GetDeviceInfo：nLayerIndex{14}nPassID{3}LPPRINTER_INFO:nXSysEncDPI{5080}nStatus{909129520}nPrintStatus{0}bSuperDevice{1}
LPPRINTER_INFO-LPPrtRunInfo:bJobPrtRuning{True}bLayerPrtIsOver{False}nContReqMemErr{0}nContWDErr{0}nCurPrtDir{0}nDTLayerIndex{23}nDTLayerPassIndex{5}nDTPtrCtlIndex{0}nLayerPassCount{6}nPrintLayerIndex{14}nPrintPassIndex{3}nProcLayerIndex{23}nPrtDataMemAddr{0}nPrtState{0}nReverse{System.Int32[]}nRevPrtCols{0}
LPPRINTER_INFO-LPDRVINFO:nFMVersion{45074}nFpgaVersion{539038216}nPCBVersion{0}nState{0}nNextState{0}nPtvwarnState{0}nCrc32{0}nRevInfo{System.UInt32[]}nSignature{0}
2023-07-08 15:46:39,902 [AppLog] INFO : 创建：AutoPrintMotion1=》不需重新创建-手动操作！
2023-07-08 15:46:39,902 [AppLog] INFO : 进入：EquipmentMotionLogic3=》准备创建对象-手动操作！
2023-07-08 15:46:39,902 [AppLog] INFO : 进入：EquipmentMotionLogic3=》不需重新创建-手动操作！
2023-07-08 15:46:39,902 [AppLog] INFO : 进入：EquipmentMotionLogic3=》赋值完成自-AutoPrintMotion2！
2023-07-08 15:46:39,902 [AppLog] INFO : 进入：EquipmentMotionLogic3=》加载配置文件-LoadJsonFile成功！
2023-07-08 15:46:39,902 [AppLog] INFO : 进入：AutoPrintThread3！
2023-07-08 15:46:39,902 [AppLog] INFO : 准备读取编码器位置：X方向！
2023-07-08 15:46:39,918 [AppLog] INFO : 准备运动，当前位置：DEV_GetPrintEncoderValue：MoveDirectionFlag{false为Y方向：False}CurrentPos{26.655}AimPos{425}
2023-07-08 15:46:39,949 [AppLog] INFO : X方向运动开始：DEM_Run：返回值{True}nAxis{0}DirFlag{True}nSpeed{300000}MoveStep{398345}nCtlValue{2}
2023-07-08 15:46:41,821 [AppLog] INFO : X方向到位停止：DEM_StopAxisRun：返回值{True}CurrentPos{419.205}bImmeStop{False}nAxisMask{1}
2023-07-08 15:46:41,821 [AppLog] INFO : 准备读取编码器位置：Y方向！
2023-07-08 15:46:41,821 [AppLog] INFO : 准备运动，编码器当前位置：DEM_GetAxisEncodeVal：MoveDirectionFlag{false为Y方向：True}CurrentPos{154.99}AimPos{199}
2023-07-08 15:46:42,040 [AppLog] INFO : Y方向运动开始：DEM_Run：返回值{True}nAxis{1}DirFlag{True}nSpeed{300000}MoveStep{44093.22291}nCtlValue{1}
2023-07-08 15:46:42,102 [AppLog] INFO : Y方向到位停止：DEM_StopAxisRun：返回值{True}CurrentPos{194.295}bImmeStop{False}nAxisMask{2}
2023-07-08 15:46:42,102 [AppLog] INFO : 获取打印Pass数据：IDP_GetPassItem2：nLayerIndex{14}nPassID{4}nProcState{3}LPPassDataItemb:PrtDir{False}nDataTxCompleteCnt{1}nHwMemAdrMatchMask{1}nLayerIndex{14}nLayerPassCount{6}nLayerPassIndex{4}nMinJet0ImgLinePos{5475}nPrtMemHwAddr{System.UInt32[]}nPrtDataOffset{System.UInt32[]}nSrcDataSize{System.UInt32[]}nPrtColBytes{System.UInt32[]}nPrtPrecession{10.666}nSrcEndCols{6000}nSrcStartCols{0}nStartEncPos{76511}nValidPassJets{1280}nValidPrtCols{6233}nValidPrtCtlCnts{1}pDataBuf{0}pNextItem{767822832}
2023-07-08 15:46:42,118 [AppLog] INFO : 使能Pass打印成功：IDP_DoPassPrint2：nLayerIndex{14}nPassID{4}
2023-07-08 15:46:42,118 [AppLog] INFO : PASS打印前关键状态：DEV_GetDeviceInfo：nLayerIndex{14}nPassID{4}LPPRINTER_INFO:nXSysEncDPI{5080}nStatus{909129520}nPrintStatus{0}bSuperDevice{1}
LPPRINTER_INFO-LPPrtRunInfo:bJobPrtRuning{True}bLayerPrtIsOver{False}nContReqMemErr{0}nContWDErr{0}nCurPrtDir{0}nDTLayerIndex{23}nDTLayerPassIndex{5}nDTPtrCtlIndex{0}nLayerPassCount{6}nPrintLayerIndex{14}nPrintPassIndex{4}nProcLayerIndex{23}nPrtDataMemAddr{0}nPrtState{0}nReverse{System.Int32[]}nRevPrtCols{0}
LPPRINTER_INFO-LPDRVINFO:nFMVersion{45074}nFpgaVersion{539038216}nPCBVersion{0}nState{0}nNextState{0}nPtvwarnState{0}nCrc32{0}nRevInfo{System.UInt32[]}nSignature{0}
2023-07-08 15:46:42,118 [AppLog] INFO : 创建：AutoPrintMotion1=》不需重新创建-手动操作！
2023-07-08 15:46:42,118 [AppLog] INFO : 进入：EquipmentMotionLogic3=》准备创建对象-手动操作！
2023-07-08 15:46:42,118 [AppLog] INFO : 进入：EquipmentMotionLogic3=》不需重新创建-手动操作！
2023-07-08 15:46:42,118 [AppLog] INFO : 进入：EquipmentMotionLogic3=》赋值完成自-AutoPrintMotion2！
2023-07-08 15:46:42,118 [AppLog] INFO : 进入：EquipmentMotionLogic3=》加载配置文件-LoadJsonFile成功！
2023-07-08 15:46:42,118 [AppLog] INFO : 进入：AutoPrintThread3！
2023-07-08 15:46:42,118 [AppLog] INFO : 准备读取编码器位置：X方向！
2023-07-08 15:46:42,118 [AppLog] INFO : 准备运动，当前位置：DEV_GetPrintEncoderValue：MoveDirectionFlag{false为Y方向：False}CurrentPos{423.35}AimPos{25}
2023-07-08 15:46:42,149 [AppLog] INFO : X方向运动开始：DEM_Run：返回值{True}nAxis{0}DirFlag{False}nSpeed{300000}MoveStep{-398350}nCtlValue{2}
2023-07-08 15:46:44,021 [AppLog] INFO : X方向到位停止：DEM_StopAxisRun：返回值{True}CurrentPos{30.895}bImmeStop{False}nAxisMask{1}
2023-07-08 15:46:44,021 [AppLog] INFO : 准备读取编码器位置：Y方向！
2023-07-08 15:46:44,021 [AppLog] INFO : 准备运动，编码器当前位置：DEM_GetAxisEncodeVal：MoveDirectionFlag{false为Y方向：True}CurrentPos{199.04}AimPos{209.021166666667}
2023-07-08 15:46:44,146 [AppLog] INFO : Y方向运动开始：DEM_Run：返回值{True}nAxis{1}DirFlag{True}nSpeed{300000}MoveStep{10000.0410528333}nCtlValue{1}
2023-07-08 15:46:44,224 [AppLog] INFO : Y方向到位停止：DEM_StopAxisRun：返回值{True}CurrentPos{208.04}bImmeStop{False}nAxisMask{2}
2023-07-08 15:46:44,224 [AppLog] INFO : 获取打印Pass数据：IDP_GetPassItem2：nLayerIndex{14}nPassID{5}nProcState{3}LPPassDataItemb:PrtDir{True}nDataTxCompleteCnt{1}nHwMemAdrMatchMask{1}nLayerIndex{14}nLayerPassCount{6}nLayerPassIndex{5}nMinJet0ImgLinePos{6755}nPrtMemHwAddr{System.UInt32[]}nPrtDataOffset{System.UInt32[]}nSrcDataSize{System.UInt32[]}nPrtColBytes{System.UInt32[]}nPrtPrecession{10.666}nSrcEndCols{6000}nSrcStartCols{0}nStartEncPos{10000}nValidPassJets{1280}nValidPrtCols{6233}nValidPrtCtlCnts{1}pDataBuf{0}pNextItem{0}
2023-07-08 15:46:44,239 [AppLog] INFO : 使能Pass打印成功：IDP_DoPassPrint2：nLayerIndex{14}nPassID{5}
2023-07-08 15:46:44,270 [AppLog] INFO : PASS打印前关键状态：DEV_GetDeviceInfo：nLayerIndex{14}nPassID{5}LPPRINTER_INFO:nXSysEncDPI{5080}nStatus{909129520}nPrintStatus{0}bSuperDevice{1}
LPPRINTER_INFO-LPPrtRunInfo:bJobPrtRuning{True}bLayerPrtIsOver{False}nContReqMemErr{0}nContWDErr{0}nCurPrtDir{0}nDTLayerIndex{23}nDTLayerPassIndex{5}nDTPtrCtlIndex{0}nLayerPassCount{6}nPrintLayerIndex{14}nPrintPassIndex{5}nProcLayerIndex{23}nPrtDataMemAddr{0}nPrtState{0}nReverse{System.Int32[]}nRevPrtCols{0}
LPPRINTER_INFO-LPDRVINFO:nFMVersion{45074}nFpgaVersion{539038216}nPCBVersion{0}nState{0}nNextState{0}nPtvwarnState{0}nCrc32{0}nRevInfo{System.UInt32[]}nSignature{0}
2023-07-08 15:46:44,270 [AppLog] INFO : 创建：AutoPrintMotion1=》不需重新创建-手动操作！
2023-07-08 15:46:44,270 [AppLog] INFO : 进入：EquipmentMotionLogic3=》准备创建对象-手动操作！
2023-07-08 15:46:44,270 [AppLog] INFO : 进入：EquipmentMotionLogic3=》不需重新创建-手动操作！
2023-07-08 15:46:44,270 [AppLog] INFO : 进入：EquipmentMotionLogic3=》赋值完成自-AutoPrintMotion2！
2023-07-08 15:46:44,270 [AppLog] INFO : 进入：EquipmentMotionLogic3=》加载配置文件-LoadJsonFile成功！
2023-07-08 15:46:44,270 [AppLog] INFO : 进入：AutoPrintThread3！
2023-07-08 15:46:44,270 [AppLog] INFO : 准备读取编码器位置：X方向！
2023-07-08 15:46:44,270 [AppLog] INFO : 准备运动，当前位置：DEV_GetPrintEncoderValue：MoveDirectionFlag{false为Y方向：False}CurrentPos{26.63}AimPos{425}
2023-07-08 15:46:44,302 [AppLog] INFO : X方向运动开始：DEM_Run：返回值{True}nAxis{0}DirFlag{True}nSpeed{300000}MoveStep{398370}nCtlValue{2}
2023-07-08 15:46:46,174 [AppLog] INFO : X方向到位停止：DEM_StopAxisRun：返回值{True}CurrentPos{418.815}bImmeStop{False}nAxisMask{1}
2023-07-08 15:46:46,174 [AppLog] INFO : 准备读取编码器位置：X方向！
2023-07-08 15:46:46,174 [AppLog] INFO : 准备运动，当前位置：DEV_GetPrintEncoderValue：MoveDirectionFlag{false为Y方向：False}CurrentPos{419.015}AimPos{780}
2023-07-08 15:46:46,205 [AppLog] INFO : X方向运动开始：DEM_Run：返回值{True}nAxis{0}DirFlag{True}nSpeed{300000}MoveStep{360985}nCtlValue{2}
2023-07-08 15:46:46,267 [AppLog] INFO : 准备读取编码器位置：Y方向！
2023-07-08 15:46:46,267 [AppLog] INFO : 准备运动，编码器当前位置：DEM_GetAxisEncodeVal：MoveDirectionFlag{false为Y方向：True}CurrentPos{209.025}AimPos{121}
2023-07-08 15:46:46,642 [AppLog] INFO : Y方向运动开始：DEM_Run：返回值{True}nAxis{1}DirFlag{False}nSpeed{300000}MoveStep{-88191.455275}nCtlValue{1}
2023-07-08 15:46:47,952 [AppLog] INFO : Y方向到位等停：DEM_StopAxisRun：返回值{True}bImmeStop{False}nAxisMask{1}
2023-07-08 15:46:47,952 [AppLog] INFO : X方向到位等停：DEM_StopAxisRun：返回值{True}bImmeStop{False}nAxisMask{2}
2023-07-08 15:46:47,968 [AppLog] INFO : 开启闪喷操作：IDP_FlashPrtCtl：返回值{True}
2023-07-08 15:46:47,968 [AppLog] INFO : 进入：EquipmentMotionLogic3=》准备创建对象-手动操作！
2023-07-08 15:46:47,968 [AppLog] INFO : 进入：EquipmentMotionLogic3=》不需重新创建-手动操作！
2023-07-08 15:46:47,968 [AppLog] INFO : 进入：EquipmentMotionLogic3=》赋值完成自-AutoPrintMotion2！
2023-07-08 15:46:47,968 [AppLog] INFO : 进入：EquipmentMotionLogic3=》加载配置文件-LoadJsonFile成功！
2023-07-08 15:46:47,968 [AppLog] INFO : 进入自动铺粉逻辑：NewAutoSupplyPowderThread2
2023-07-08 15:46:47,968 [AppLog] INFO : 电气控制模块：手动打开端口14
2023-07-08 15:46:47,968 [AppLog] INFO : 电气控制模块：手动打开端口15
2023-07-08 15:46:48,046 [AppLog] INFO : 手动正向点动指令（8轴运控板卡系统） ====》：输出AXIS{第1轴},点动量{-0.1MM},运动速度{2MM/s}
2023-07-08 15:46:48,046 [AppLog] INFO : 成形面高度下降层厚 TrapSpace{0.1mm}：TrapMoveUp(1, true, Convert.ToString(vel), Convert.ToString(TrapSpace), true, true）
2023-07-08 15:46:48,826 [AppLog] INFO : 手动正向点动指令（8轴运控板卡系统） ====》：输出AXIS{第1轴},点动量{-1.5MM},运动速度{2MM/s}
2023-07-08 15:46:48,826 [AppLog] INFO : 成形面高度下降指定厚度 TrapSpace{1.5mm}：TrapMoveUp(1, true, Convert.ToString(vel), Convert.ToString(TrapSpace), true, true）
2023-07-08 15:46:49,590 [AppLog] INFO : 手动正向点动指令（8轴运控板卡系统） ====》：输出AXIS{第1轴},点动量{1.5MM},运动速度{2MM/s}
2023-07-08 15:46:49,590 [AppLog] INFO : 电气控制模块：手动关闭端口15
2023-07-08 15:46:49,590 [AppLog] INFO : 电气控制模块：手动关闭端口14
2023-07-08 15:46:49,590 [AppLog] INFO : 成形面高度上升层厚 TrapSpace{1.5mm}：TrapMoveUp(1, true, Convert.ToString(vel), Convert.ToString(TrapSpace), true, true）
2023-07-08 15:46:49,840 [AppLog] INFO : 手动正向点动指令（8轴运控板卡系统） ====》：输出AXIS{第8轴},点动量{0.6MM},运动速度{2.5MM/s}
2023-07-08 15:46:49,840 [AppLog] INFO : Hopper落粉轴转2圈落粉，速度0.5rev/s：TrapMoveUp(8, true, 0.5, rotateNuM.ToString(), true, false)
2023-07-08 15:46:50,854 [AppLog] INFO : 开启铺粉车不等停运动，准备运动至准备打印位置215mm，速度250mm/s：BackToStation2
2023-07-08 15:46:51,712 [AppLog] INFO : 手动正向点动指令（8轴运控板卡系统） ====》：输出AXIS{第2轴},点动量{216.5MM},运动速度{250MM/s}
2023-07-08 15:46:51,712 [AppLog] INFO : 当前铺粉车位置：打印位置215mm
2023-07-08 15:46:51,712 [AppLog] INFO : 手动正向点动指令（8轴运控板卡系统） ====》：输出AXIS{第2轴},点动量{480MM},运动速度{25MM/s}
2023-07-08 15:46:51,712 [AppLog] INFO : 开启铺粉车不等停运动至准备打印位置695mm，速度25mm/s：BackToStation2
2023-07-08 15:46:51,836 [AppLog] INFO : 打开IR灯：OpenIRLamp(true)
2023-07-08 15:46:51,961 [AppLog] INFO : 手动正向点动指令（8轴运控板卡系统） ====》：输出AXIS{第3轴},点动量{0.125MM},运动速度{1MM/s}
2023-07-08 15:46:51,961 [AppLog] INFO : 在{40mm}处，落粉轴运动{45度}，落粉轴转速{1rev/s}：TrapMoveUp(3, true, Convert.ToString(DispenseRollerSpeed), 0.5, true, true)
2023-07-08 15:46:51,977 [AppLog] INFO : 手动正向点动指令（8轴运控板卡系统） ====》：输出AXIS{第3轴},点动量{0.5MM},运动速度{0.0376712328767123MM/s}
2023-07-08 15:46:51,977 [AppLog] INFO : 开启均匀落粉及辊子铺平运动：TrapMoveUp(3, true, Convert.ToString(DispenseRollerSpeed), 0.5, true, true)
2023-07-08 15:47:03,646 [AppLog] INFO : 关闭IR灯：OpenIRLamp(false)
2023-07-08 15:47:08,185 [AppLog] INFO : 手动正向点动指令（8轴运控板卡系统） ====》：输出AXIS{第3轴},点动量{0.5MM},运动速度{2MM/s}
2023-07-08 15:47:08,185 [AppLog] INFO : 落粉轴继续转动以倒掉余粉：TrapMoveUp(3, true, 2, 0.5, true, false)
2023-07-08 15:47:10,915 [AppLog] INFO : 电气控制模块：手动打开端口14
2023-07-08 15:47:10,915 [AppLog] INFO : 电气控制模块：手动打开端口15
2023-07-08 15:47:11,695 [AppLog] INFO : 手动正向点动指令（8轴运控板卡系统） ====》：输出AXIS{第1轴},点动量{-1.5MM},运动速度{2MM/s}
2023-07-08 15:47:11,695 [AppLog] INFO : 电气控制模块：手动关闭端口15
2023-07-08 15:47:11,695 [AppLog] INFO : 电气控制模块：手动关闭端口14
2023-07-08 15:47:11,695 [AppLog] INFO : 成形面高度下降指定厚度 TrapSpace{1.5mm}：TrapMoveUp(1, true, Convert.ToString(vel), Convert.ToString(TrapSpace), true, true）
2023-07-08 15:47:14,488 [AppLog] INFO : 手动正向点动指令（8轴运控板卡系统） ====》：输出AXIS{第2轴},点动量{-696.5MM},运动速度{250MM/s}
2023-07-08 15:47:14,488 [AppLog] INFO : 铺粉车返回至站1：BackToStation2(AimPos, MovSpeed, true)：-1.5mm，速度250mm/s：BackToStation2
2023-07-08 15:47:15,268 [AppLog] INFO : 落粉轴回零成功：motionMap.SetBackSpreaderAxis(3, 0.5, 2, -SinkPosition)：ReturnCode{True}
2023-07-08 15:47:15,268 [AppLog] INFO : 电气控制模块：手动打开端口14
2023-07-08 15:47:15,268 [AppLog] INFO : 电气控制模块：手动打开端口15
2023-07-08 15:47:16,032 [AppLog] INFO : 手动正向点动指令（8轴运控板卡系统） ====》：输出AXIS{第1轴},点动量{1.5MM},运动速度{2MM/s}
2023-07-08 15:47:16,032 [AppLog] INFO : 电气控制模块：手动关闭端口15
2023-07-08 15:47:16,032 [AppLog] INFO : 电气控制模块：手动关闭端口14
2023-07-08 15:47:16,032 [AppLog] INFO : 成形面高度上升层厚 TrapSpace{1.5mm}：TrapMoveUp(1, true, Convert.ToString(vel), Convert.ToString(TrapSpace), true, true）
2023-07-08 15:47:16,032 [AppLog] INFO : 自动铺粉正常结束：NewAutoSupplyPowderThread2
2023-07-08 15:47:16,032 [AppLog] INFO : 发送监控指令，拍照记录1条：SendMessageFromSharedMemory
2023-07-08 15:47:16,032 [AppLog] INFO : 铺粉模式：铺粉固化同时进行！
2023-07-08 15:47:16,032 [AppLog] INFO : 执行完成铺粉固化操作：EquipmentMotionLogic3：m_bApplyPowderSupplyMotion:0
2023-07-08 15:47:16,032 [AppLog] INFO : 接收到恢复打印指令：PrintTaskTHREAD
2023-07-08 15:47:16,048 [AppLog] INFO : 获取打印Pass数据：IDP_GetPassItem2：nLayerIndex{15}nPassID{0}nProcState{3}LPPassDataItemb:PrtDir{False}nDataTxCompleteCnt{1}nHwMemAdrMatchMask{1}nLayerIndex{15}nLayerPassCount{6}nLayerPassIndex{0}nMinJet0ImgLinePos{355}nPrtMemHwAddr{System.UInt32[]}nPrtDataOffset{System.UInt32[]}nSrcDataSize{System.UInt32[]}nPrtColBytes{System.UInt32[]}nPrtPrecession{10.666}nSrcEndCols{6000}nSrcStartCols{0}nStartEncPos{76511}nValidPassJets{1280}nValidPrtCols{6233}nValidPrtCtlCnts{1}pDataBuf{0}pNextItem{668503680}
2023-07-08 15:47:16,063 [AppLog] INFO : 使能Pass打印成功：IDP_DoPassPrint2：nLayerIndex{15}nPassID{0}
2023-07-08 15:47:16,063 [AppLog] INFO : PASS打印前关键状态：DEV_GetDeviceInfo：nLayerIndex{15}nPassID{0}LPPRINTER_INFO:nXSysEncDPI{5080}nStatus{909129520}nPrintStatus{0}bSuperDevice{1}
LPPRINTER_INFO-LPPrtRunInfo:bJobPrtRuning{True}bLayerPrtIsOver{False}nContReqMemErr{0}nContWDErr{0}nCurPrtDir{0}nDTLayerIndex{23}nDTLayerPassIndex{5}nDTPtrCtlIndex{0}nLayerPassCount{6}nPrintLayerIndex{15}nPrintPassIndex{0}nProcLayerIndex{23}nPrtDataMemAddr{0}nPrtState{0}nReverse{System.Int32[]}nRevPrtCols{0}
LPPRINTER_INFO-LPDRVINFO:nFMVersion{45074}nFpgaVersion{539038216}nPCBVersion{0}nState{0}nNextState{0}nPtvwarnState{0}nCrc32{0}nRevInfo{System.UInt32[]}nSignature{0}
2023-07-08 15:47:16,063 [AppLog] INFO : 创建：AutoPrintMotion1=》不需重新创建-手动操作！
2023-07-08 15:47:16,063 [AppLog] INFO : 进入：EquipmentMotionLogic3=》准备创建对象-手动操作！
2023-07-08 15:47:16,063 [AppLog] INFO : 进入：EquipmentMotionLogic3=》不需重新创建-手动操作！
2023-07-08 15:47:16,063 [AppLog] INFO : 进入：EquipmentMotionLogic3=》赋值完成自-AutoPrintMotion2！
2023-07-08 15:47:16,063 [AppLog] INFO : 进入：EquipmentMotionLogic3=》加载配置文件-LoadJsonFile成功！
2023-07-08 15:47:16,063 [AppLog] INFO : 进入自动清洗过程：AutoCleanThread
2023-07-08 15:47:16,235 [AppLog] INFO : 准备处理第23层数据：准备调用RenderToWic，index为23，subindex为0，g_nRePrintTimes为1，起始层为0
2023-07-08 15:47:16,297 [AppLog] INFO : 完成处理第23层数据：准备调用DrawLayerBMP，index为23，起始层为0
2023-07-08 15:47:16,297 [AppLog] INFO : 完成处理第23层数据：准备调用DrawLayerBMP，index为23，起始层为0
2023-07-08 15:47:16,438 [AppLog] INFO : 刮墨轴回零成功：motionMap.SetBackSpreaderAxis(4, 1, 2, -SinkHomePosition)
2023-07-08 15:47:16,438 [AppLog] INFO : 准备读取编码器位置：Y方向！
2023-07-08 15:47:16,438 [AppLog] INFO : 准备运动，编码器当前位置：DEM_GetAxisEncodeVal：MoveDirectionFlag{false为Y方向：True}CurrentPos{121.05}AimPos{116}
2023-07-08 15:47:16,562 [AppLog] INFO : Y方向运动开始：DEM_Run：返回值{True}nAxis{1}DirFlag{False}nSpeed{300000}MoveStep{-5059.54955}nCtlValue{1}
2023-07-08 15:47:16,625 [AppLog] INFO : Y方向到位停止：DEM_StopAxisRun：返回值{True}CurrentPos{116.49}bImmeStop{False}nAxisMask{2}
2023-07-08 15:47:16,625 [AppLog] INFO : 准备读取编码器位置：X方向！
2023-07-08 15:47:16,625 [AppLog] INFO : 准备运动，当前位置：DEV_GetPrintEncoderValue：MoveDirectionFlag{false为Y方向：False}CurrentPos{784.325}AimPos{780}
2023-07-08 15:47:16,656 [AppLog] INFO : X方向运动开始：DEM_Run：返回值{True}nAxis{0}DirFlag{False}nSpeed{300000}MoveStep{-4325.00000000005}nCtlValue{2}
2023-07-08 15:47:16,656 [AppLog] INFO : 作业写入成功：IDP_WriteImgLayerData：bpp:{1bit}灰阶:{1阶}nLayerIndex{24}LayerIndex{23}SubIndex{1}RePrintTimes{1}nBytesPerLine{752}nWidth{6001}nHeight{7680}nXEncOff{0}nYJetOff{355}nImgStartJetIndex{0}nXDPI{476.25}nYDPI{600}nPrtDir{0} nPrtFlag{1}nColorCnts{1}nReserved{System.Int32[]}
2023-07-08 15:47:16,656 [AppLog] INFO : 完成处理第23层数据：准备调用RenderToWic，index为23，subindex为0，g_nRePrintTimes为1，起始层为0
2023-07-08 15:47:16,812 [AppLog] INFO : X方向到位停止：DEM_StopAxisRun：返回值{True}CurrentPos{783.495}bImmeStop{False}nAxisMask{1}
2023-07-08 15:47:18,044 [AppLog] INFO : 开启手动清洗挤墨喷头，DEV_EnableTimer: 端口{11}，清洗控制周期：{0.5}S,{0.5}S
2023-07-08 15:47:19,058 [AppLog] INFO : 关闭手动清洗挤墨喷头：DEV_EnableTimer
2023-07-08 15:47:19,058 [AppLog] INFO : 压墨等待开启：{1.5S}
2023-07-08 15:47:20,572 [AppLog] INFO : 压墨等待完成：{1.5S}
2023-07-08 15:47:20,572 [AppLog] INFO : 准备读取编码器位置：X方向！
2023-07-08 15:47:20,572 [AppLog] INFO : 准备运动，当前位置：DEV_GetPrintEncoderValue：MoveDirectionFlag{false为Y方向：False}CurrentPos{780.37}AimPos{680}
2023-07-08 15:47:20,603 [AppLog] INFO : X方向运动开始：DEM_Run：返回值{True}nAxis{0}DirFlag{False}nSpeed{200000}MoveStep{-100370}nCtlValue{2}
2023-07-08 15:47:21,461 [AppLog] INFO : X方向到位停止：DEM_StopAxisRun：返回值{True}CurrentPos{684.295}bImmeStop{False}nAxisMask{1}
2023-07-08 15:47:22,038 [AppLog] INFO : 结束自动清洗过程：AutoCleanThread
2023-07-08 15:47:22,038 [AppLog] INFO : 进入：EquipmentMotionLogic3=》准备创建对象-手动操作！
2023-07-08 15:47:22,038 [AppLog] INFO : 进入：EquipmentMotionLogic3=》不需重新创建-手动操作！
2023-07-08 15:47:22,038 [AppLog] INFO : 进入：EquipmentMotionLogic3=》赋值完成自-AutoPrintMotion2！
2023-07-08 15:47:22,038 [AppLog] INFO : 进入：EquipmentMotionLogic3=》加载配置文件-LoadJsonFile成功！
2023-07-08 15:47:22,038 [AppLog] INFO : 进入：AutoPrintThread3！
2023-07-08 15:47:22,038 [AppLog] INFO : 关闭闪喷操作：IDP_FlashPrtCtl：返回值{True}
2023-07-08 15:47:22,038 [AppLog] INFO : 准备读取编码器位置：Y方向！
2023-07-08 15:47:22,038 [AppLog] INFO : 准备运动，编码器当前位置：DEM_GetAxisEncodeVal：MoveDirectionFlag{false为Y方向：True}CurrentPos{115.99}AimPos{93.5}
2023-07-08 15:47:22,194 [AppLog] INFO : Y方向运动开始：DEM_Run：返回值{True}nAxis{1}DirFlag{False}nSpeed{300000}MoveStep{-22532.52859}nCtlValue{1}
2023-07-08 15:47:22,256 [AppLog] INFO : 准备读取编码器位置：X方向！
2023-07-08 15:47:22,256 [AppLog] INFO : 准备运动，当前位置：DEV_GetPrintEncoderValue：MoveDirectionFlag{false为Y方向：False}CurrentPos{680.22}AimPos{425}
2023-07-08 15:47:22,288 [AppLog] INFO : X方向运动开始：DEM_Run：返回值{True}nAxis{0}DirFlag{False}nSpeed{300000}MoveStep{-255220}nCtlValue{2}
2023-07-08 15:47:23,676 [AppLog] INFO : X方向到位停止：DEM_StopAxisRun：返回值{True}CurrentPos{430.15}bImmeStop{False}nAxisMask{1}
2023-07-08 15:47:23,676 [AppLog] INFO : 准备读取编码器位置：X方向！
2023-07-08 15:47:23,676 [AppLog] INFO : 准备运动，当前位置：DEV_GetPrintEncoderValue：MoveDirectionFlag{false为Y方向：False}CurrentPos{429.76}AimPos{25}
2023-07-08 15:47:23,707 [AppLog] INFO : X方向运动开始：DEM_Run：返回值{True}nAxis{0}DirFlag{False}nSpeed{300000}MoveStep{-404760}nCtlValue{2}
2023-07-08 15:47:25,595 [AppLog] INFO : X方向到位停止：DEM_StopAxisRun：返回值{True}CurrentPos{25.48}bImmeStop{False}nAxisMask{1}
2023-07-08 15:47:25,595 [AppLog] INFO : 准备读取编码器位置：Y方向！
2023-07-08 15:47:25,595 [AppLog] INFO : 准备运动，编码器当前位置：DEM_GetAxisEncodeVal：MoveDirectionFlag{false为Y方向：True}CurrentPos{93.505}AimPos{98.5211666666667}
2023-07-08 15:47:25,720 [AppLog] INFO : Y方向运动开始：DEM_Run：返回值{True}nAxis{1}DirFlag{True}nSpeed{300000}MoveStep{5025.65223783334}nCtlValue{1}
2023-07-08 15:47:25,798 [AppLog] INFO : Y方向到位停止：DEM_StopAxisRun：返回值{True}CurrentPos{98.255}bImmeStop{False}nAxisMask{2}
2023-07-08 15:47:25,798 [AppLog] INFO : 获取打印Pass数据：IDP_GetPassItem2：nLayerIndex{15}nPassID{1}nProcState{3}LPPassDataItemb:PrtDir{True}nDataTxCompleteCnt{1}nHwMemAdrMatchMask{1}nLayerIndex{15}nLayerPassCount{6}nLayerPassIndex{1}nMinJet0ImgLinePos{1635}nPrtMemHwAddr{System.UInt32[]}nPrtDataOffset{System.UInt32[]}nSrcDataSize{System.UInt32[]}nPrtColBytes{System.UInt32[]}nPrtPrecession{10.666}nSrcEndCols{6000}nSrcStartCols{0}nStartEncPos{10000}nValidPassJets{1280}nValidPrtCols{6233}nValidPrtCtlCnts{1}pDataBuf{0}pNextItem{668503520}
2023-07-08 15:47:25,813 [AppLog] INFO : 使能Pass打印成功：IDP_DoPassPrint2：nLayerIndex{15}nPassID{1}
2023-07-08 15:47:25,813 [AppLog] INFO : PASS打印前关键状态：DEV_GetDeviceInfo：nLayerIndex{15}nPassID{1}LPPRINTER_INFO:nXSysEncDPI{5080}nStatus{909129520}nPrintStatus{0}bSuperDevice{1}
LPPRINTER_INFO-LPPrtRunInfo:bJobPrtRuning{True}bLayerPrtIsOver{False}nContReqMemErr{0}nContWDErr{0}nCurPrtDir{0}nDTLayerIndex{24}nDTLayerPassIndex{5}nDTPtrCtlIndex{0}nLayerPassCount{6}nPrintLayerIndex{15}nPrintPassIndex{1}nProcLayerIndex{24}nPrtDataMemAddr{0}nPrtState{0}nReverse{System.Int32[]}nRevPrtCols{0}
LPPRINTER_INFO-LPDRVINFO:nFMVersion{45074}nFpgaVersion{539038216}nPCBVersion{0}nState{0}nNextState{0}nPtvwarnState{0}nCrc32{0}nRevInfo{System.UInt32[]}nSignature{0}
2023-07-08 15:47:25,813 [AppLog] INFO : 创建：AutoPrintMotion1=》不需重新创建-手动操作！
2023-07-08 15:47:25,813 [AppLog] INFO : 进入：EquipmentMotionLogic3=》准备创建对象-手动操作！
2023-07-08 15:47:25,813 [AppLog] INFO : 进入：EquipmentMotionLogic3=》不需重新创建-手动操作！
2023-07-08 15:47:25,813 [AppLog] INFO : 进入：EquipmentMotionLogic3=》赋值完成自-AutoPrintMotion2！
2023-07-08 15:47:25,829 [AppLog] INFO : 进入：EquipmentMotionLogic3=》加载配置文件-LoadJsonFile成功！
2023-07-08 15:47:25,829 [AppLog] INFO : 进入：AutoPrintThread3！
2023-07-08 15:47:25,829 [AppLog] INFO : 准备读取编码器位置：X方向！
2023-07-08 15:47:25,829 [AppLog] INFO : 准备运动，当前位置：DEV_GetPrintEncoderValue：MoveDirectionFlag{false为Y方向：False}CurrentPos{21.365}AimPos{425}
2023-07-08 15:47:25,860 [AppLog] INFO : X方向运动开始：DEM_Run：返回值{True}nAxis{0}DirFlag{True}nSpeed{300000}MoveStep{403635}nCtlValue{2}
2023-07-08 15:47:27,732 [AppLog] INFO : X方向到位停止：DEM_StopAxisRun：返回值{True}CurrentPos{418.92}bImmeStop{False}nAxisMask{1}
2023-07-08 15:47:27,732 [AppLog] INFO : 准备读取编码器位置：Y方向！
2023-07-08 15:47:27,748 [AppLog] INFO : 准备运动，编码器当前位置：DEM_GetAxisEncodeVal：MoveDirectionFlag{false为Y方向：True}CurrentPos{98.5}AimPos{147.5}
2023-07-08 15:47:27,982 [AppLog] INFO : Y方向运动开始：DEM_Run：返回值{True}nAxis{1}DirFlag{True}nSpeed{300000}MoveStep{49092.659}nCtlValue{1}
2023-07-08 15:47:28,060 [AppLog] INFO : Y方向到位停止：DEM_StopAxisRun：返回值{True}CurrentPos{145.335}bImmeStop{False}nAxisMask{2}
2023-07-08 15:47:28,060 [AppLog] INFO : 获取打印Pass数据：IDP_GetPassItem2：nLayerIndex{15}nPassID{2}nProcState{3}LPPassDataItemb:PrtDir{False}nDataTxCompleteCnt{1}nHwMemAdrMatchMask{1}nLayerIndex{15}nLayerPassCount{6}nLayerPassIndex{2}nMinJet0ImgLinePos{2915}nPrtMemHwAddr{System.UInt32[]}nPrtDataOffset{System.UInt32[]}nSrcDataSize{System.UInt32[]}nPrtColBytes{System.UInt32[]}nPrtPrecession{10.666}nSrcEndCols{6000}nSrcStartCols{0}nStartEncPos{76511}nValidPassJets{1280}nValidPrtCols{6233}nValidPrtCtlCnts{1}pDataBuf{0}pNextItem{668503360}
2023-07-08 15:47:28,075 [AppLog] INFO : 使能Pass打印成功：IDP_DoPassPrint2：nLayerIndex{15}nPassID{2}
2023-07-08 15:47:28,075 [AppLog] INFO : PASS打印前关键状态：DEV_GetDeviceInfo：nLayerIndex{15}nPassID{2}LPPRINTER_INFO:nXSysEncDPI{5080}nStatus{909129520}nPrintStatus{0}bSuperDevice{1}
LPPRINTER_INFO-LPPrtRunInfo:bJobPrtRuning{True}bLayerPrtIsOver{False}nContReqMemErr{0}nContWDErr{0}nCurPrtDir{0}nDTLayerIndex{24}nDTLayerPassIndex{5}nDTPtrCtlIndex{0}nLayerPassCount{6}nPrintLayerIndex{15}nPrintPassIndex{2}nProcLayerIndex{24}nPrtDataMemAddr{0}nPrtState{0}nReverse{System.Int32[]}nRevPrtCols{0}
LPPRINTER_INFO-LPDRVINFO:nFMVersion{45074}nFpgaVersion{539038216}nPCBVersion{0}nState{0}nNextState{0}nPtvwarnState{0}nCrc32{0}nRevInfo{System.UInt32[]}nSignature{0}
2023-07-08 15:47:28,075 [AppLog] INFO : 创建：AutoPrintMotion1=》不需重新创建-手动操作！
2023-07-08 15:47:28,075 [AppLog] INFO : 进入：EquipmentMotionLogic3=》准备创建对象-手动操作！
2023-07-08 15:47:28,075 [AppLog] INFO : 进入：EquipmentMotionLogic3=》不需重新创建-手动操作！
2023-07-08 15:47:28,075 [AppLog] INFO : 进入：EquipmentMotionLogic3=》赋值完成自-AutoPrintMotion2！
2023-07-08 15:47:28,075 [AppLog] INFO : 进入：EquipmentMotionLogic3=》加载配置文件-LoadJsonFile成功！
2023-07-08 15:47:28,075 [AppLog] INFO : 进入：AutoPrintThread3！
2023-07-08 15:47:28,075 [AppLog] INFO : 准备读取编码器位置：X方向！
2023-07-08 15:47:28,075 [AppLog] INFO : 准备运动，当前位置：DEV_GetPrintEncoderValue：MoveDirectionFlag{false为Y方向：False}CurrentPos{423.29}AimPos{25}
2023-07-08 15:47:28,106 [AppLog] INFO : X方向运动开始：DEM_Run：返回值{True}nAxis{0}DirFlag{False}nSpeed{300000}MoveStep{-398290}nCtlValue{2}
2023-07-08 15:47:29,994 [AppLog] INFO : X方向到位停止：DEM_StopAxisRun：返回值{True}CurrentPos{29.49}bImmeStop{False}nAxisMask{1}
2023-07-08 15:47:29,994 [AppLog] INFO : 准备读取编码器位置：Y方向！
2023-07-08 15:47:29,994 [AppLog] INFO : 准备运动，编码器当前位置：DEM_GetAxisEncodeVal：MoveDirectionFlag{false为Y方向：True}CurrentPos{147.46}AimPos{152.521166666667}
2023-07-08 15:47:30,119 [AppLog] INFO : Y方向运动开始：DEM_Run：返回值{True}nAxis{1}DirFlag{True}nSpeed{300000}MoveStep{5070.73733283332}nCtlValue{1}
2023-07-08 15:47:30,181 [AppLog] INFO : Y方向到位停止：DEM_StopAxisRun：返回值{True}CurrentPos{151.875}bImmeStop{False}nAxisMask{2}
2023-07-08 15:47:30,181 [AppLog] INFO : 获取打印Pass数据：IDP_GetPassItem2：nLayerIndex{15}nPassID{3}nProcState{3}LPPassDataItemb:PrtDir{True}nDataTxCompleteCnt{1}nHwMemAdrMatchMask{1}nLayerIndex{15}nLayerPassCount{6}nLayerPassIndex{3}nMinJet0ImgLinePos{4195}nPrtMemHwAddr{System.UInt32[]}nPrtDataOffset{System.UInt32[]}nSrcDataSize{System.UInt32[]}nPrtColBytes{System.UInt32[]}nPrtPrecession{10.666}nSrcEndCols{6000}nSrcStartCols{0}nStartEncPos{10000}nValidPassJets{1280}nValidPrtCols{6233}nValidPrtCtlCnts{1}pDataBuf{0}pNextItem{668503200}
2023-07-08 15:47:30,197 [AppLog] INFO : 使能Pass打印成功：IDP_DoPassPrint2：nLayerIndex{15}nPassID{3}
2023-07-08 15:47:30,197 [AppLog] INFO : PASS打印前关键状态：DEV_GetDeviceInfo：nLayerIndex{15}nPassID{3}LPPRINTER_INFO:nXSysEncDPI{5080}nStatus{909129520}nPrintStatus{0}bSuperDevice{1}
LPPRINTER_INFO-LPPrtRunInfo:bJobPrtRuning{True}bLayerPrtIsOver{False}nContReqMemErr{0}nContWDErr{0}nCurPrtDir{0}nDTLayerIndex{24}nDTLayerPassIndex{5}nDTPtrCtlIndex{0}nLayerPassCount{6}nPrintLayerIndex{15}nPrintPassIndex{3}nProcLayerIndex{24}nPrtDataMemAddr{0}nPrtState{0}nReverse{System.Int32[]}nRevPrtCols{0}
LPPRINTER_INFO-LPDRVINFO:nFMVersion{45074}nFpgaVersion{539038216}nPCBVersion{0}nState{0}nNextState{0}nPtvwarnState{0}nCrc32{0}nRevInfo{System.UInt32[]}nSignature{0}
2023-07-08 15:47:30,197 [AppLog] INFO : 创建：AutoPrintMotion1=》不需重新创建-手动操作！
2023-07-08 15:47:30,197 [AppLog] INFO : 进入：EquipmentMotionLogic3=》准备创建对象-手动操作！
2023-07-08 15:47:30,197 [AppLog] INFO : 进入：EquipmentMotionLogic3=》不需重新创建-手动操作！
2023-07-08 15:47:30,197 [AppLog] INFO : 进入：EquipmentMotionLogic3=》赋值完成自-AutoPrintMotion2！
2023-07-08 15:47:30,197 [AppLog] INFO : 进入：EquipmentMotionLogic3=》加载配置文件-LoadJsonFile成功！
2023-07-08 15:47:30,197 [AppLog] INFO : 进入：AutoPrintThread3！
2023-07-08 15:47:30,197 [AppLog] INFO : 准备读取编码器位置：X方向！
2023-07-08 15:47:30,197 [AppLog] INFO : 准备运动，当前位置：DEV_GetPrintEncoderValue：MoveDirectionFlag{false为Y方向：False}CurrentPos{26.685}AimPos{425}
2023-07-08 15:47:30,228 [AppLog] INFO : X方向运动开始：DEM_Run：返回值{True}nAxis{0}DirFlag{True}nSpeed{300000}MoveStep{398315}nCtlValue{2}
2023-07-08 15:47:32,100 [AppLog] INFO : X方向到位停止：DEM_StopAxisRun：返回值{True}CurrentPos{419.525}bImmeStop{False}nAxisMask{1}
2023-07-08 15:47:32,100 [AppLog] INFO : 准备读取编码器位置：Y方向！
2023-07-08 15:47:32,116 [AppLog] INFO : 准备运动，编码器当前位置：DEM_GetAxisEncodeVal：MoveDirectionFlag{false为Y方向：True}CurrentPos{152.53}AimPos{201.5}
2023-07-08 15:47:32,350 [AppLog] INFO : Y方向运动开始：DEM_Run：返回值{True}nAxis{1}DirFlag{True}nSpeed{300000}MoveStep{49062.60227}nCtlValue{1}
2023-07-08 15:47:32,428 [AppLog] INFO : Y方向到位停止：DEM_StopAxisRun：返回值{True}CurrentPos{199.42}bImmeStop{False}nAxisMask{2}
2023-07-08 15:47:32,428 [AppLog] INFO : 获取打印Pass数据：IDP_GetPassItem2：nLayerIndex{15}nPassID{4}nProcState{3}LPPassDataItemb:PrtDir{False}nDataTxCompleteCnt{1}nHwMemAdrMatchMask{1}nLayerIndex{15}nLayerPassCount{6}nLayerPassIndex{4}nMinJet0ImgLinePos{5475}nPrtMemHwAddr{System.UInt32[]}nPrtDataOffset{System.UInt32[]}nSrcDataSize{System.UInt32[]}nPrtColBytes{System.UInt32[]}nPrtPrecession{10.666}nSrcEndCols{6000}nSrcStartCols{0}nStartEncPos{76511}nValidPassJets{1280}nValidPrtCols{6233}nValidPrtCtlCnts{1}pDataBuf{0}pNextItem{767879376}
2023-07-08 15:47:32,443 [AppLog] INFO : 使能Pass打印成功：IDP_DoPassPrint2：nLayerIndex{15}nPassID{4}
2023-07-08 15:47:32,443 [AppLog] INFO : PASS打印前关键状态：DEV_GetDeviceInfo：nLayerIndex{15}nPassID{4}LPPRINTER_INFO:nXSysEncDPI{5080}nStatus{909129520}nPrintStatus{0}bSuperDevice{1}
LPPRINTER_INFO-LPPrtRunInfo:bJobPrtRuning{True}bLayerPrtIsOver{False}nContReqMemErr{0}nContWDErr{0}nCurPrtDir{0}nDTLayerIndex{24}nDTLayerPassIndex{5}nDTPtrCtlIndex{0}nLayerPassCount{6}nPrintLayerIndex{15}nPrintPassIndex{4}nProcLayerIndex{24}nPrtDataMemAddr{0}nPrtState{0}nReverse{System.Int32[]}nRevPrtCols{0}
LPPRINTER_INFO-LPDRVINFO:nFMVersion{45074}nFpgaVersion{539038216}nPCBVersion{0}nState{0}nNextState{0}nPtvwarnState{0}nCrc32{0}nRevInfo{System.UInt32[]}nSignature{0}
2023-07-08 15:47:32,443 [AppLog] INFO : 创建：AutoPrintMotion1=》不需重新创建-手动操作！
2023-07-08 15:47:32,443 [AppLog] INFO : 进入：EquipmentMotionLogic3=》准备创建对象-手动操作！
2023-07-08 15:47:32,443 [AppLog] INFO : 进入：EquipmentMotionLogic3=》不需重新创建-手动操作！
2023-07-08 15:47:32,443 [AppLog] INFO : 进入：EquipmentMotionLogic3=》赋值完成自-AutoPrintMotion2！
2023-07-08 15:47:32,443 [AppLog] INFO : 进入：EquipmentMotionLogic3=》加载配置文件-LoadJsonFile成功！
2023-07-08 15:47:32,443 [AppLog] INFO : 进入：AutoPrintThread3！
2023-07-08 15:47:32,443 [AppLog] INFO : 准备读取编码器位置：X方向！
2023-07-08 15:47:32,443 [AppLog] INFO : 准备运动，当前位置：DEV_GetPrintEncoderValue：MoveDirectionFlag{false为Y方向：False}CurrentPos{423.335}AimPos{25}
2023-07-08 15:47:32,474 [AppLog] INFO : X方向运动开始：DEM_Run：返回值{True}nAxis{0}DirFlag{False}nSpeed{300000}MoveStep{-398335}nCtlValue{2}
2023-07-08 15:47:34,346 [AppLog] INFO : X方向到位停止：DEM_StopAxisRun：返回值{True}CurrentPos{29.89}bImmeStop{False}nAxisMask{1}
2023-07-08 15:47:34,346 [AppLog] INFO : 准备读取编码器位置：Y方向！
2023-07-08 15:47:34,362 [AppLog] INFO : 准备运动，编码器当前位置：DEM_GetAxisEncodeVal：MoveDirectionFlag{false为Y方向：True}CurrentPos{201.525}AimPos{206.521166666667}
2023-07-08 15:47:34,487 [AppLog] INFO : Y方向运动开始：DEM_Run：返回值{True}nAxis{1}DirFlag{True}nSpeed{300000}MoveStep{5005.61441783332}nCtlValue{1}
2023-07-08 15:47:34,549 [AppLog] INFO : Y方向到位停止：DEM_StopAxisRun：返回值{True}CurrentPos{205.97}bImmeStop{False}nAxisMask{2}
2023-07-08 15:47:34,549 [AppLog] INFO : 获取打印Pass数据：IDP_GetPassItem2：nLayerIndex{15}nPassID{5}nProcState{3}LPPassDataItemb:PrtDir{True}nDataTxCompleteCnt{1}nHwMemAdrMatchMask{1}nLayerIndex{15}nLayerPassCount{6}nLayerPassIndex{5}nMinJet0ImgLinePos{6755}nPrtMemHwAddr{System.UInt32[]}nPrtDataOffset{System.UInt32[]}nSrcDataSize{System.UInt32[]}nPrtColBytes{System.UInt32[]}nPrtPrecession{10.666}nSrcEndCols{6000}nSrcStartCols{0}nStartEncPos{10000}nValidPassJets{1280}nValidPrtCols{6233}nValidPrtCtlCnts{1}pDataBuf{0}pNextItem{0}
2023-07-08 15:47:34,565 [AppLog] INFO : 使能Pass打印成功：IDP_DoPassPrint2：nLayerIndex{15}nPassID{5}
2023-07-08 15:47:34,565 [AppLog] INFO : PASS打印前关键状态：DEV_GetDeviceInfo：nLayerIndex{15}nPassID{5}LPPRINTER_INFO:nXSysEncDPI{5080}nStatus{909129520}nPrintStatus{0}bSuperDevice{1}
LPPRINTER_INFO-LPPrtRunInfo:bJobPrtRuning{True}bLayerPrtIsOver{False}nContReqMemErr{0}nContWDErr{0}nCurPrtDir{0}nDTLayerIndex{24}nDTLayerPassIndex{5}nDTPtrCtlIndex{0}nLayerPassCount{6}nPrintLayerIndex{15}nPrintPassIndex{5}nProcLayerIndex{24}nPrtDataMemAddr{0}nPrtState{0}nReverse{System.Int32[]}nRevPrtCols{0}
LPPRINTER_INFO-LPDRVINFO:nFMVersion{45074}nFpgaVersion{539038216}nPCBVersion{0}nState{0}nNextState{0}nPtvwarnState{0}nCrc32{0}nRevInfo{System.UInt32[]}nSignature{0}
2023-07-08 15:47:34,565 [AppLog] INFO : 创建：AutoPrintMotion1=》不需重新创建-手动操作！
2023-07-08 15:47:34,565 [AppLog] INFO : 进入：EquipmentMotionLogic3=》准备创建对象-手动操作！
2023-07-08 15:47:34,565 [AppLog] INFO : 进入：EquipmentMotionLogic3=》不需重新创建-手动操作！
2023-07-08 15:47:34,565 [AppLog] INFO : 进入：EquipmentMotionLogic3=》赋值完成自-AutoPrintMotion2！
2023-07-08 15:47:34,565 [AppLog] INFO : 进入：EquipmentMotionLogic3=》加载配置文件-LoadJsonFile成功！
2023-07-08 15:47:34,565 [AppLog] INFO : 进入：AutoPrintThread3！
2023-07-08 15:47:34,565 [AppLog] INFO : 准备读取编码器位置：X方向！
2023-07-08 15:47:34,565 [AppLog] INFO : 准备运动，当前位置：DEV_GetPrintEncoderValue：MoveDirectionFlag{false为Y方向：False}CurrentPos{26.615}AimPos{425}
2023-07-08 15:47:34,612 [AppLog] INFO : X方向运动开始：DEM_Run：返回值{True}nAxis{0}DirFlag{True}nSpeed{300000}MoveStep{398385}nCtlValue{2}
2023-07-08 15:47:36,484 [AppLog] INFO : X方向到位停止：DEM_StopAxisRun：返回值{True}CurrentPos{418.945}bImmeStop{False}nAxisMask{1}
2023-07-08 15:47:36,484 [AppLog] INFO : 准备读取编码器位置：X方向！
2023-07-08 15:47:36,484 [AppLog] INFO : 准备运动，当前位置：DEV_GetPrintEncoderValue：MoveDirectionFlag{false为Y方向：False}CurrentPos{419.14}AimPos{780}
2023-07-08 15:47:36,515 [AppLog] INFO : X方向运动开始：DEM_Run：返回值{True}nAxis{0}DirFlag{True}nSpeed{300000}MoveStep{360860}nCtlValue{2}
2023-07-08 15:47:36,577 [AppLog] INFO : 准备读取编码器位置：Y方向！
2023-07-08 15:47:36,577 [AppLog] INFO : 准备运动，编码器当前位置：DEM_GetAxisEncodeVal：MoveDirectionFlag{false为Y方向：True}CurrentPos{206.505}AimPos{121}
2023-07-08 15:47:36,921 [AppLog] INFO : Y方向运动开始：DEM_Run：返回值{True}nAxis{1}DirFlag{False}nSpeed{300000}MoveStep{-85666.689955}nCtlValue{1}
2023-07-08 15:47:38,262 [AppLog] INFO : Y方向到位等停：DEM_StopAxisRun：返回值{True}bImmeStop{False}nAxisMask{1}
2023-07-08 15:47:38,262 [AppLog] INFO : X方向到位等停：DEM_StopAxisRun：返回值{True}bImmeStop{False}nAxisMask{2}
2023-07-08 15:47:38,278 [AppLog] INFO : 开启闪喷操作：IDP_FlashPrtCtl：返回值{True}
2023-07-08 15:47:38,278 [AppLog] INFO : 进入：EquipmentMotionLogic3=》准备创建对象-手动操作！
2023-07-08 15:47:38,278 [AppLog] INFO : 进入：EquipmentMotionLogic3=》不需重新创建-手动操作！
2023-07-08 15:47:38,278 [AppLog] INFO : 进入：EquipmentMotionLogic3=》赋值完成自-AutoPrintMotion2！
2023-07-08 15:47:38,278 [AppLog] INFO : 进入：EquipmentMotionLogic3=》加载配置文件-LoadJsonFile成功！
2023-07-08 15:47:38,278 [AppLog] INFO : 进入自动铺粉逻辑：NewAutoSupplyPowderThread2
2023-07-08 15:47:38,278 [AppLog] INFO : 电气控制模块：手动打开端口14
2023-07-08 15:47:38,278 [AppLog] INFO : 电气控制模块：手动打开端口15
2023-07-08 15:47:38,356 [AppLog] INFO : 手动正向点动指令（8轴运控板卡系统） ====》：输出AXIS{第1轴},点动量{-0.1MM},运动速度{2MM/s}
2023-07-08 15:47:38,356 [AppLog] INFO : 成形面高度下降层厚 TrapSpace{0.1mm}：TrapMoveUp(1, true, Convert.ToString(vel), Convert.ToString(TrapSpace), true, true）
2023-07-08 15:47:39,136 [AppLog] INFO : 手动正向点动指令（8轴运控板卡系统） ====》：输出AXIS{第1轴},点动量{-1.5MM},运动速度{2MM/s}
2023-07-08 15:47:39,136 [AppLog] INFO : 成形面高度下降指定厚度 TrapSpace{1.5mm}：TrapMoveUp(1, true, Convert.ToString(vel), Convert.ToString(TrapSpace), true, true）
2023-07-08 15:47:39,900 [AppLog] INFO : 手动正向点动指令（8轴运控板卡系统） ====》：输出AXIS{第1轴},点动量{1.5MM},运动速度{2MM/s}
2023-07-08 15:47:39,900 [AppLog] INFO : 电气控制模块：手动关闭端口15
2023-07-08 15:47:39,900 [AppLog] INFO : 电气控制模块：手动关闭端口14
2023-07-08 15:47:39,900 [AppLog] INFO : 成形面高度上升层厚 TrapSpace{1.5mm}：TrapMoveUp(1, true, Convert.ToString(vel), Convert.ToString(TrapSpace), true, true）
2023-07-08 15:47:40,150 [AppLog] INFO : 手动正向点动指令（8轴运控板卡系统） ====》：输出AXIS{第8轴},点动量{0.6MM},运动速度{2.5MM/s}
2023-07-08 15:47:40,150 [AppLog] INFO : Hopper落粉轴转2圈落粉，速度0.5rev/s：TrapMoveUp(8, true, 0.5, rotateNuM.ToString(), true, false)
2023-07-08 15:47:41,164 [AppLog] INFO : 开启铺粉车不等停运动，准备运动至准备打印位置215mm，速度250mm/s：BackToStation2
2023-07-08 15:47:42,022 [AppLog] INFO : 手动正向点动指令（8轴运控板卡系统） ====》：输出AXIS{第2轴},点动量{216.5MM},运动速度{250MM/s}
2023-07-08 15:47:42,022 [AppLog] INFO : 当前铺粉车位置：打印位置215mm
2023-07-08 15:47:42,022 [AppLog] INFO : 手动正向点动指令（8轴运控板卡系统） ====》：输出AXIS{第2轴},点动量{480MM},运动速度{25MM/s}
2023-07-08 15:47:42,022 [AppLog] INFO : 开启铺粉车不等停运动至准备打印位置695mm，速度25mm/s：BackToStation2
2023-07-08 15:47:42,147 [AppLog] INFO : 打开IR灯：OpenIRLamp(true)
2023-07-08 15:47:42,271 [AppLog] INFO : 手动正向点动指令（8轴运控板卡系统） ====》：输出AXIS{第3轴},点动量{0.125MM},运动速度{1MM/s}
2023-07-08 15:47:42,271 [AppLog] INFO : 在{40mm}处，落粉轴运动{45度}，落粉轴转速{1rev/s}：TrapMoveUp(3, true, Convert.ToString(DispenseRollerSpeed), 0.5, true, true)
2023-07-08 15:47:42,271 [AppLog] INFO : 手动正向点动指令（8轴运控板卡系统） ====》：输出AXIS{第3轴},点动量{0.5MM},运动速度{0.0376712328767123MM/s}
2023-07-08 15:47:42,271 [AppLog] INFO : 开启均匀落粉及辊子铺平运动：TrapMoveUp(3, true, Convert.ToString(DispenseRollerSpeed), 0.5, true, true)
2023-07-08 15:47:53,940 [AppLog] INFO : 关闭IR灯：OpenIRLamp(false)
2023-07-08 15:47:58,495 [AppLog] INFO : 手动正向点动指令（8轴运控板卡系统） ====》：输出AXIS{第3轴},点动量{0.5MM},运动速度{2MM/s}
2023-07-08 15:47:58,495 [AppLog] INFO : 落粉轴继续转动以倒掉余粉：TrapMoveUp(3, true, 2, 0.5, true, false)
2023-07-08 15:48:01,225 [AppLog] INFO : 电气控制模块：手动打开端口14
2023-07-08 15:48:01,225 [AppLog] INFO : 电气控制模块：手动打开端口15
2023-07-08 15:48:02,005 [AppLog] INFO : 手动正向点动指令（8轴运控板卡系统） ====》：输出AXIS{第1轴},点动量{-1.5MM},运动速度{2MM/s}
2023-07-08 15:48:02,005 [AppLog] INFO : 电气控制模块：手动关闭端口15
2023-07-08 15:48:02,005 [AppLog] INFO : 电气控制模块：手动关闭端口14
2023-07-08 15:48:02,005 [AppLog] INFO : 成形面高度下降指定厚度 TrapSpace{1.5mm}：TrapMoveUp(1, true, Convert.ToString(vel), Convert.ToString(TrapSpace), true, true）
2023-07-08 15:48:04,798 [AppLog] INFO : 手动正向点动指令（8轴运控板卡系统） ====》：输出AXIS{第2轴},点动量{-696.5MM},运动速度{250MM/s}
2023-07-08 15:48:04,798 [AppLog] INFO : 铺粉车返回至站1：BackToStation2(AimPos, MovSpeed, true)：-1.5mm，速度250mm/s：BackToStation2
2023-07-08 15:48:05,578 [AppLog] INFO : 落粉轴回零成功：motionMap.SetBackSpreaderAxis(3, 0.5, 2, -SinkPosition)：ReturnCode{True}
2023-07-08 15:48:05,578 [AppLog] INFO : 电气控制模块：手动打开端口14
2023-07-08 15:48:05,578 [AppLog] INFO : 电气控制模块：手动打开端口15
2023-07-08 15:48:06,342 [AppLog] INFO : 手动正向点动指令（8轴运控板卡系统） ====》：输出AXIS{第1轴},点动量{1.5MM},运动速度{2MM/s}
2023-07-08 15:48:06,342 [AppLog] INFO : 电气控制模块：手动关闭端口15
2023-07-08 15:48:06,342 [AppLog] INFO : 电气控制模块：手动关闭端口14
2023-07-08 15:48:06,342 [AppLog] INFO : 成形面高度上升层厚 TrapSpace{1.5mm}：TrapMoveUp(1, true, Convert.ToString(vel), Convert.ToString(TrapSpace), true, true）
2023-07-08 15:48:06,342 [AppLog] INFO : 自动铺粉正常结束：NewAutoSupplyPowderThread2
2023-07-08 15:48:06,342 [AppLog] INFO : 发送监控指令，拍照记录1条：SendMessageFromSharedMemory
2023-07-08 15:48:06,342 [AppLog] INFO : 铺粉模式：铺粉固化同时进行！
2023-07-08 15:48:06,342 [AppLog] INFO : 执行完成铺粉固化操作：EquipmentMotionLogic3：m_bApplyPowderSupplyMotion:0
2023-07-08 15:48:06,342 [AppLog] INFO : 接收到恢复打印指令：PrintTaskTHREAD
2023-07-08 15:48:06,342 [AppLog] INFO : 获取打印Pass数据：IDP_GetPassItem2：nLayerIndex{16}nPassID{0}nProcState{3}LPPassDataItemb:PrtDir{False}nDataTxCompleteCnt{1}nHwMemAdrMatchMask{1}nLayerIndex{16}nLayerPassCount{6}nLayerPassIndex{0}nMinJet0ImgLinePos{355}nPrtMemHwAddr{System.UInt32[]}nPrtDataOffset{System.UInt32[]}nSrcDataSize{System.UInt32[]}nPrtColBytes{System.UInt32[]}nPrtPrecession{10.666}nSrcEndCols{6000}nSrcStartCols{0}nStartEncPos{76511}nValidPassJets{1280}nValidPrtCols{6233}nValidPrtCtlCnts{1}pDataBuf{0}pNextItem{668504640}
2023-07-08 15:48:06,358 [AppLog] INFO : 使能Pass打印成功：IDP_DoPassPrint2：nLayerIndex{16}nPassID{0}
2023-07-08 15:48:06,358 [AppLog] INFO : PASS打印前关键状态：DEV_GetDeviceInfo：nLayerIndex{16}nPassID{0}LPPRINTER_INFO:nXSysEncDPI{5080}nStatus{909129520}nPrintStatus{0}bSuperDevice{1}
LPPRINTER_INFO-LPPrtRunInfo:bJobPrtRuning{True}bLayerPrtIsOver{False}nContReqMemErr{0}nContWDErr{0}nCurPrtDir{0}nDTLayerIndex{24}nDTLayerPassIndex{5}nDTPtrCtlIndex{0}nLayerPassCount{6}nPrintLayerIndex{16}nPrintPassIndex{0}nProcLayerIndex{24}nPrtDataMemAddr{0}nPrtState{0}nReverse{System.Int32[]}nRevPrtCols{0}
LPPRINTER_INFO-LPDRVINFO:nFMVersion{45074}nFpgaVersion{539038216}nPCBVersion{0}nState{0}nNextState{0}nPtvwarnState{0}nCrc32{0}nRevInfo{System.UInt32[]}nSignature{0}
2023-07-08 15:48:06,358 [AppLog] INFO : 创建：AutoPrintMotion1=》不需重新创建-手动操作！
2023-07-08 15:48:06,358 [AppLog] INFO : 进入：EquipmentMotionLogic3=》准备创建对象-手动操作！
2023-07-08 15:48:06,358 [AppLog] INFO : 进入：EquipmentMotionLogic3=》不需重新创建-手动操作！
2023-07-08 15:48:06,358 [AppLog] INFO : 进入：EquipmentMotionLogic3=》赋值完成自-AutoPrintMotion2！
2023-07-08 15:48:06,358 [AppLog] INFO : 进入：EquipmentMotionLogic3=》加载配置文件-LoadJsonFile成功！
2023-07-08 15:48:06,358 [AppLog] INFO : 进入自动清洗过程：AutoCleanThread
2023-07-08 15:48:06,592 [AppLog] INFO : 准备处理第24层数据：准备调用RenderToWic，index为24，subindex为0，g_nRePrintTimes为1，起始层为0
2023-07-08 15:48:06,654 [AppLog] INFO : 完成处理第24层数据：准备调用DrawLayerBMP，index为24，起始层为0
2023-07-08 15:48:06,654 [AppLog] INFO : 完成处理第24层数据：准备调用DrawLayerBMP，index为24，起始层为0
2023-07-08 15:48:06,732 [AppLog] INFO : 刮墨轴回零成功：motionMap.SetBackSpreaderAxis(4, 1, 2, -SinkHomePosition)
2023-07-08 15:48:06,732 [AppLog] INFO : 准备读取编码器位置：Y方向！
2023-07-08 15:48:06,732 [AppLog] INFO : 准备运动，编码器当前位置：DEM_GetAxisEncodeVal：MoveDirectionFlag{false为Y方向：True}CurrentPos{121.05}AimPos{116}
2023-07-08 15:48:06,857 [AppLog] INFO : Y方向运动开始：DEM_Run：返回值{True}nAxis{1}DirFlag{False}nSpeed{300000}MoveStep{-5059.54955}nCtlValue{1}
2023-07-08 15:48:06,919 [AppLog] INFO : Y方向到位停止：DEM_StopAxisRun：返回值{True}CurrentPos{116.435}bImmeStop{False}nAxisMask{2}
2023-07-08 15:48:06,919 [AppLog] INFO : 准备读取编码器位置：X方向！
2023-07-08 15:48:06,919 [AppLog] INFO : 准备运动，当前位置：DEV_GetPrintEncoderValue：MoveDirectionFlag{false为Y方向：False}CurrentPos{784.225}AimPos{780}
2023-07-08 15:48:06,951 [AppLog] INFO : X方向运动开始：DEM_Run：返回值{True}nAxis{0}DirFlag{False}nSpeed{300000}MoveStep{-4225.00000000002}nCtlValue{2}
2023-07-08 15:48:06,997 [AppLog] INFO : 作业写入成功：IDP_WriteImgLayerData：bpp:{1bit}灰阶:{1阶}nLayerIndex{25}LayerIndex{24}SubIndex{1}RePrintTimes{1}nBytesPerLine{752}nWidth{6001}nHeight{7680}nXEncOff{0}nYJetOff{355}nImgStartJetIndex{0}nXDPI{476.25}nYDPI{600}nPrtDir{0} nPrtFlag{1}nColorCnts{1}nReserved{System.Int32[]}
2023-07-08 15:48:06,997 [AppLog] INFO : 完成处理第24层数据：准备调用RenderToWic，index为24，subindex为0，g_nRePrintTimes为1，起始层为0
2023-07-08 15:48:07,153 [AppLog] INFO : X方向到位停止：DEM_StopAxisRun：返回值{True}CurrentPos{781.94}bImmeStop{False}nAxisMask{1}
2023-07-08 15:48:08,370 [AppLog] INFO : 开启手动清洗挤墨喷头，DEV_EnableTimer: 端口{11}，清洗控制周期：{0.5}S,{0.5}S
2023-07-08 15:48:09,384 [AppLog] INFO : 关闭手动清洗挤墨喷头：DEV_EnableTimer
2023-07-08 15:48:09,384 [AppLog] INFO : 压墨等待开启：{1.5S}
2023-07-08 15:48:10,897 [AppLog] INFO : 压墨等待完成：{1.5S}
2023-07-08 15:48:10,897 [AppLog] INFO : 准备读取编码器位置：X方向！
2023-07-08 15:48:10,897 [AppLog] INFO : 准备运动，当前位置：DEV_GetPrintEncoderValue：MoveDirectionFlag{false为Y方向：False}CurrentPos{780.365}AimPos{680}
2023-07-08 15:48:10,929 [AppLog] INFO : X方向运动开始：DEM_Run：返回值{True}nAxis{0}DirFlag{False}nSpeed{200000}MoveStep{-100365}nCtlValue{2}
2023-07-08 15:48:11,802 [AppLog] INFO : X方向到位停止：DEM_StopAxisRun：返回值{True}CurrentPos{683.065}bImmeStop{False}nAxisMask{1}
2023-07-08 15:48:12,379 [AppLog] INFO : 结束自动清洗过程：AutoCleanThread
2023-07-08 15:48:12,379 [AppLog] INFO : 进入：EquipmentMotionLogic3=》准备创建对象-手动操作！
2023-07-08 15:48:12,379 [AppLog] INFO : 进入：EquipmentMotionLogic3=》不需重新创建-手动操作！
2023-07-08 15:48:12,379 [AppLog] INFO : 进入：EquipmentMotionLogic3=》赋值完成自-AutoPrintMotion2！
2023-07-08 15:48:12,379 [AppLog] INFO : 进入：EquipmentMotionLogic3=》加载配置文件-LoadJsonFile成功！
2023-07-08 15:48:12,379 [AppLog] INFO : 进入：AutoPrintThread3！
2023-07-08 15:48:12,379 [AppLog] INFO : 关闭闪喷操作：IDP_FlashPrtCtl：返回值{True}
2023-07-08 15:48:12,379 [AppLog] INFO : 准备读取编码器位置：Y方向！
2023-07-08 15:48:12,379 [AppLog] INFO : 准备运动，编码器当前位置：DEM_GetAxisEncodeVal：MoveDirectionFlag{false为Y方向：True}CurrentPos{115.99}AimPos{88.5}
2023-07-08 15:48:12,567 [AppLog] INFO : Y方向运动开始：DEM_Run：返回值{True}nAxis{1}DirFlag{False}nSpeed{300000}MoveStep{-27541.98359}nCtlValue{1}
2023-07-08 15:48:12,629 [AppLog] INFO : 准备读取编码器位置：X方向！
2023-07-08 15:48:12,629 [AppLog] INFO : 准备运动，当前位置：DEV_GetPrintEncoderValue：MoveDirectionFlag{false为Y方向：False}CurrentPos{680.215}AimPos{425}
2023-07-08 15:48:12,660 [AppLog] INFO : X方向运动开始：DEM_Run：返回值{True}nAxis{0}DirFlag{False}nSpeed{300000}MoveStep{-255215}nCtlValue{2}
2023-07-08 15:48:14,049 [AppLog] INFO : X方向到位停止：DEM_StopAxisRun：返回值{True}CurrentPos{430.19}bImmeStop{False}nAxisMask{1}
2023-07-08 15:48:14,049 [AppLog] INFO : 准备读取编码器位置：X方向！
2023-07-08 15:48:14,049 [AppLog] INFO : 准备运动，当前位置：DEV_GetPrintEncoderValue：MoveDirectionFlag{false为Y方向：False}CurrentPos{429.925}AimPos{25}
2023-07-08 15:48:14,080 [AppLog] INFO : X方向运动开始：DEM_Run：返回值{True}nAxis{0}DirFlag{False}nSpeed{300000}MoveStep{-404925}nCtlValue{2}
2023-07-08 15:48:15,967 [AppLog] INFO : X方向到位停止：DEM_StopAxisRun：返回值{True}CurrentPos{25.395}bImmeStop{False}nAxisMask{1}
2023-07-08 15:48:15,967 [AppLog] INFO : 准备读取编码器位置：Y方向！
2023-07-08 15:48:15,967 [AppLog] INFO : 准备运动，编码器当前位置：DEM_GetAxisEncodeVal：MoveDirectionFlag{false为Y方向：True}CurrentPos{88.495}AimPos{103.521166666667}
2023-07-08 15:48:16,092 [AppLog] INFO : Y方向运动开始：DEM_Run：返回值{True}nAxis{1}DirFlag{True}nSpeed{300000}MoveStep{15054.5811478333}nCtlValue{1}
2023-07-08 15:48:16,155 [AppLog] INFO : Y方向到位停止：DEM_StopAxisRun：返回值{True}CurrentPos{100.955}bImmeStop{False}nAxisMask{2}
2023-07-08 15:48:16,155 [AppLog] INFO : 获取打印Pass数据：IDP_GetPassItem2：nLayerIndex{16}nPassID{1}nProcState{3}LPPassDataItemb:PrtDir{True}nDataTxCompleteCnt{1}nHwMemAdrMatchMask{1}nLayerIndex{16}nLayerPassCount{6}nLayerPassIndex{1}nMinJet0ImgLinePos{1635}nPrtMemHwAddr{System.UInt32[]}nPrtDataOffset{System.UInt32[]}nSrcDataSize{System.UInt32[]}nPrtColBytes{System.UInt32[]}nPrtPrecession{10.666}nSrcEndCols{6000}nSrcStartCols{0}nStartEncPos{10000}nValidPassJets{1280}nValidPrtCols{6233}nValidPrtCtlCnts{1}pDataBuf{0}pNextItem{668504480}
2023-07-08 15:48:16,155 [AppLog] INFO : 使能Pass打印成功：IDP_DoPassPrint2：nLayerIndex{16}nPassID{1}
2023-07-08 15:48:16,170 [AppLog] INFO : PASS打印前关键状态：DEV_GetDeviceInfo：nLayerIndex{16}nPassID{1}LPPRINTER_INFO:nXSysEncDPI{5080}nStatus{909129520}nPrintStatus{0}bSuperDevice{1}
LPPRINTER_INFO-LPPrtRunInfo:bJobPrtRuning{True}bLayerPrtIsOver{False}nContReqMemErr{0}nContWDErr{0}nCurPrtDir{0}nDTLayerIndex{25}nDTLayerPassIndex{5}nDTPtrCtlIndex{0}nLayerPassCount{6}nPrintLayerIndex{16}nPrintPassIndex{1}nProcLayerIndex{25}nPrtDataMemAddr{0}nPrtState{0}nReverse{System.Int32[]}nRevPrtCols{0}
LPPRINTER_INFO-LPDRVINFO:nFMVersion{45074}nFpgaVersion{539038216}nPCBVersion{0}nState{0}nNextState{0}nPtvwarnState{0}nCrc32{0}nRevInfo{System.UInt32[]}nSignature{0}
2023-07-08 15:48:16,170 [AppLog] INFO : 创建：AutoPrintMotion1=》不需重新创建-手动操作！
2023-07-08 15:48:16,170 [AppLog] INFO : 进入：EquipmentMotionLogic3=》准备创建对象-手动操作！
2023-07-08 15:48:16,170 [AppLog] INFO : 进入：EquipmentMotionLogic3=》不需重新创建-手动操作！
2023-07-08 15:48:16,170 [AppLog] INFO : 进入：EquipmentMotionLogic3=》赋值完成自-AutoPrintMotion2！
2023-07-08 15:48:16,170 [AppLog] INFO : 进入：EquipmentMotionLogic3=》加载配置文件-LoadJsonFile成功！
2023-07-08 15:48:16,170 [AppLog] INFO : 进入：AutoPrintThread3！
2023-07-08 15:48:16,170 [AppLog] INFO : 准备读取编码器位置：X方向！
2023-07-08 15:48:16,170 [AppLog] INFO : 准备运动，当前位置：DEV_GetPrintEncoderValue：MoveDirectionFlag{false为Y方向：False}CurrentPos{21.24}AimPos{425}
2023-07-08 15:48:16,217 [AppLog] INFO : X方向运动开始：DEM_Run：返回值{True}nAxis{0}DirFlag{True}nSpeed{300000}MoveStep{403760}nCtlValue{2}
2023-07-08 15:48:18,105 [AppLog] INFO : X方向到位停止：DEM_StopAxisRun：返回值{True}CurrentPos{419.025}bImmeStop{False}nAxisMask{1}
2023-07-08 15:48:18,105 [AppLog] INFO : 准备读取编码器位置：Y方向！
2023-07-08 15:48:18,105 [AppLog] INFO : 准备运动，编码器当前位置：DEM_GetAxisEncodeVal：MoveDirectionFlag{false为Y方向：True}CurrentPos{103.5}AimPos{142.5}
2023-07-08 15:48:18,307 [AppLog] INFO : Y方向运动开始：DEM_Run：返回值{True}nAxis{1}DirFlag{True}nSpeed{300000}MoveStep{39073.749}nCtlValue{1}
2023-07-08 15:48:18,370 [AppLog] INFO : Y方向到位停止：DEM_StopAxisRun：返回值{True}CurrentPos{139.28}bImmeStop{False}nAxisMask{2}
2023-07-08 15:48:18,370 [AppLog] INFO : 获取打印Pass数据：IDP_GetPassItem2：nLayerIndex{16}nPassID{2}nProcState{3}LPPassDataItemb:PrtDir{False}nDataTxCompleteCnt{1}nHwMemAdrMatchMask{1}nLayerIndex{16}nLayerPassCount{6}nLayerPassIndex{2}nMinJet0ImgLinePos{2915}nPrtMemHwAddr{System.UInt32[]}nPrtDataOffset{System.UInt32[]}nSrcDataSize{System.UInt32[]}nPrtColBytes{System.UInt32[]}nPrtPrecession{10.666}nSrcEndCols{6000}nSrcStartCols{0}nStartEncPos{76511}nValidPassJets{1280}nValidPrtCols{6233}nValidPrtCtlCnts{1}pDataBuf{0}pNextItem{668504320}
2023-07-08 15:48:18,385 [AppLog] INFO : 使能Pass打印成功：IDP_DoPassPrint2：nLayerIndex{16}nPassID{2}
2023-07-08 15:48:18,385 [AppLog] INFO : PASS打印前关键状态：DEV_GetDeviceInfo：nLayerIndex{16}nPassID{2}LPPRINTER_INFO:nXSysEncDPI{5080}nStatus{909129520}nPrintStatus{0}bSuperDevice{1}
LPPRINTER_INFO-LPPrtRunInfo:bJobPrtRuning{True}bLayerPrtIsOver{False}nContReqMemErr{0}nContWDErr{0}nCurPrtDir{0}nDTLayerIndex{25}nDTLayerPassIndex{5}nDTPtrCtlIndex{0}nLayerPassCount{6}nPrintLayerIndex{16}nPrintPassIndex{2}nProcLayerIndex{25}nPrtDataMemAddr{0}nPrtState{0}nReverse{System.Int32[]}nRevPrtCols{0}
LPPRINTER_INFO-LPDRVINFO:nFMVersion{45074}nFpgaVersion{539038216}nPCBVersion{0}nState{0}nNextState{0}nPtvwarnState{0}nCrc32{0}nRevInfo{System.UInt32[]}nSignature{0}
2023-07-08 15:48:18,385 [AppLog] INFO : 创建：AutoPrintMotion1=》不需重新创建-手动操作！
2023-07-08 15:48:18,385 [AppLog] INFO : 进入：EquipmentMotionLogic3=》准备创建对象-手动操作！
2023-07-08 15:48:18,385 [AppLog] INFO : 进入：EquipmentMotionLogic3=》不需重新创建-手动操作！
2023-07-08 15:48:18,385 [AppLog] INFO : 进入：EquipmentMotionLogic3=》赋值完成自-AutoPrintMotion2！
2023-07-08 15:48:18,385 [AppLog] INFO : 进入：EquipmentMotionLogic3=》加载配置文件-LoadJsonFile成功！
2023-07-08 15:48:18,385 [AppLog] INFO : 进入：AutoPrintThread3！
2023-07-08 15:48:18,385 [AppLog] INFO : 准备读取编码器位置：X方向！
2023-07-08 15:48:18,385 [AppLog] INFO : 准备运动，当前位置：DEV_GetPrintEncoderValue：MoveDirectionFlag{false为Y方向：False}CurrentPos{423.285}AimPos{25}
2023-07-08 15:48:18,417 [AppLog] INFO : X方向运动开始：DEM_Run：返回值{True}nAxis{0}DirFlag{False}nSpeed{300000}MoveStep{-398285}nCtlValue{2}
2023-07-08 15:48:20,304 [AppLog] INFO : X方向到位停止：DEM_StopAxisRun：返回值{True}CurrentPos{29.575}bImmeStop{False}nAxisMask{1}
2023-07-08 15:48:20,304 [AppLog] INFO : 准备读取编码器位置：Y方向！
2023-07-08 15:48:20,304 [AppLog] INFO : 准备运动，编码器当前位置：DEM_GetAxisEncodeVal：MoveDirectionFlag{false为Y方向：True}CurrentPos{142.48}AimPos{157.521166666667}
2023-07-08 15:48:20,429 [AppLog] INFO : Y方向运动开始：DEM_Run：返回值{True}nAxis{1}DirFlag{True}nSpeed{300000}MoveStep{15069.6095128333}nCtlValue{1}
2023-07-08 15:48:20,491 [AppLog] INFO : Y方向到位停止：DEM_StopAxisRun：返回值{True}CurrentPos{154.975}bImmeStop{False}nAxisMask{2}
2023-07-08 15:48:20,491 [AppLog] INFO : 获取打印Pass数据：IDP_GetPassItem2：nLayerIndex{16}nPassID{3}nProcState{3}LPPassDataItemb:PrtDir{True}nDataTxCompleteCnt{1}nHwMemAdrMatchMask{1}nLayerIndex{16}nLayerPassCount{6}nLayerPassIndex{3}nMinJet0ImgLinePos{4195}nPrtMemHwAddr{System.UInt32[]}nPrtDataOffset{System.UInt32[]}nSrcDataSize{System.UInt32[]}nPrtColBytes{System.UInt32[]}nPrtPrecession{10.666}nSrcEndCols{6000}nSrcStartCols{0}nStartEncPos{10000}nValidPassJets{1280}nValidPrtCols{6233}nValidPrtCtlCnts{1}pDataBuf{0}pNextItem{668504160}
2023-07-08 15:48:20,491 [AppLog] INFO : 使能Pass打印成功：IDP_DoPassPrint2：nLayerIndex{16}nPassID{3}
2023-07-08 15:48:20,507 [AppLog] INFO : PASS打印前关键状态：DEV_GetDeviceInfo：nLayerIndex{16}nPassID{3}LPPRINTER_INFO:nXSysEncDPI{5080}nStatus{909129520}nPrintStatus{0}bSuperDevice{1}
LPPRINTER_INFO-LPPrtRunInfo:bJobPrtRuning{True}bLayerPrtIsOver{False}nContReqMemErr{0}nContWDErr{0}nCurPrtDir{0}nDTLayerIndex{25}nDTLayerPassIndex{5}nDTPtrCtlIndex{0}nLayerPassCount{6}nPrintLayerIndex{16}nPrintPassIndex{3}nProcLayerIndex{25}nPrtDataMemAddr{0}nPrtState{0}nReverse{System.Int32[]}nRevPrtCols{0}
LPPRINTER_INFO-LPDRVINFO:nFMVersion{45074}nFpgaVersion{539038216}nPCBVersion{0}nState{0}nNextState{0}nPtvwarnState{0}nCrc32{0}nRevInfo{System.UInt32[]}nSignature{0}
2023-07-08 15:48:20,507 [AppLog] INFO : 创建：AutoPrintMotion1=》不需重新创建-手动操作！
2023-07-08 15:48:20,507 [AppLog] INFO : 进入：EquipmentMotionLogic3=》准备创建对象-手动操作！
2023-07-08 15:48:20,507 [AppLog] INFO : 进入：EquipmentMotionLogic3=》不需重新创建-手动操作！
2023-07-08 15:48:20,507 [AppLog] INFO : 进入：EquipmentMotionLogic3=》赋值完成自-AutoPrintMotion2！
2023-07-08 15:48:20,507 [AppLog] INFO : 进入：EquipmentMotionLogic3=》加载配置文件-LoadJsonFile成功！
2023-07-08 15:48:20,507 [AppLog] INFO : 进入：AutoPrintThread3！
2023-07-08 15:48:20,507 [AppLog] INFO : 准备读取编码器位置：X方向！
2023-07-08 15:48:20,507 [AppLog] INFO : 准备运动，当前位置：DEV_GetPrintEncoderValue：MoveDirectionFlag{false为Y方向：False}CurrentPos{26.675}AimPos{425}
2023-07-08 15:48:20,538 [AppLog] INFO : X方向运动开始：DEM_Run：返回值{True}nAxis{0}DirFlag{True}nSpeed{300000}MoveStep{398325}nCtlValue{2}
2023-07-08 15:48:22,410 [AppLog] INFO : X方向到位停止：DEM_StopAxisRun：返回值{True}CurrentPos{418.935}bImmeStop{False}nAxisMask{1}
2023-07-08 15:48:22,410 [AppLog] INFO : 准备读取编码器位置：Y方向！
2023-07-08 15:48:22,410 [AppLog] INFO : 准备运动，编码器当前位置：DEM_GetAxisEncodeVal：MoveDirectionFlag{false为Y方向：True}CurrentPos{157.475}AimPos{196.5}
2023-07-08 15:48:22,597 [AppLog] INFO : Y方向运动开始：DEM_Run：返回值{True}nAxis{1}DirFlag{True}nSpeed{300000}MoveStep{39098.796275}nCtlValue{1}
2023-07-08 15:48:22,660 [AppLog] INFO : Y方向到位停止：DEM_StopAxisRun：返回值{True}CurrentPos{191.895}bImmeStop{False}nAxisMask{2}
2023-07-08 15:48:22,660 [AppLog] INFO : 获取打印Pass数据：IDP_GetPassItem2：nLayerIndex{16}nPassID{4}nProcState{3}LPPassDataItemb:PrtDir{False}nDataTxCompleteCnt{1}nHwMemAdrMatchMask{1}nLayerIndex{16}nLayerPassCount{6}nLayerPassIndex{4}nMinJet0ImgLinePos{5475}nPrtMemHwAddr{System.UInt32[]}nPrtDataOffset{System.UInt32[]}nSrcDataSize{System.UInt32[]}nPrtColBytes{System.UInt32[]}nPrtPrecession{10.666}nSrcEndCols{6000}nSrcStartCols{0}nStartEncPos{76511}nValidPassJets{1280}nValidPrtCols{6233}nValidPrtCtlCnts{1}pDataBuf{0}pNextItem{668504000}
2023-07-08 15:48:22,675 [AppLog] INFO : 使能Pass打印成功：IDP_DoPassPrint2：nLayerIndex{16}nPassID{4}
2023-07-08 15:48:22,675 [AppLog] INFO : PASS打印前关键状态：DEV_GetDeviceInfo：nLayerIndex{16}nPassID{4}LPPRINTER_INFO:nXSysEncDPI{5080}nStatus{909129520}nPrintStatus{0}bSuperDevice{1}
LPPRINTER_INFO-LPPrtRunInfo:bJobPrtRuning{True}bLayerPrtIsOver{False}nContReqMemErr{0}nContWDErr{0}nCurPrtDir{0}nDTLayerIndex{25}nDTLayerPassIndex{5}nDTPtrCtlIndex{0}nLayerPassCount{6}nPrintLayerIndex{16}nPrintPassIndex{4}nProcLayerIndex{25}nPrtDataMemAddr{0}nPrtState{0}nReverse{System.Int32[]}nRevPrtCols{0}
LPPRINTER_INFO-LPDRVINFO:nFMVersion{45074}nFpgaVersion{539038216}nPCBVersion{0}nState{0}nNextState{0}nPtvwarnState{0}nCrc32{0}nRevInfo{System.UInt32[]}nSignature{0}
2023-07-08 15:48:22,675 [AppLog] INFO : 创建：AutoPrintMotion1=》不需重新创建-手动操作！
2023-07-08 15:48:22,675 [AppLog] INFO : 进入：EquipmentMotionLogic3=》准备创建对象-手动操作！
2023-07-08 15:48:22,675 [AppLog] INFO : 进入：EquipmentMotionLogic3=》不需重新创建-手动操作！
2023-07-08 15:48:22,675 [AppLog] INFO : 进入：EquipmentMotionLogic3=》赋值完成自-AutoPrintMotion2！
2023-07-08 15:48:22,675 [AppLog] INFO : 进入：EquipmentMotionLogic3=》加载配置文件-LoadJsonFile成功！
2023-07-08 15:48:22,675 [AppLog] INFO : 进入：AutoPrintThread3！
2023-07-08 15:48:22,675 [AppLog] INFO : 准备读取编码器位置：X方向！
2023-07-08 15:48:22,675 [AppLog] INFO : 准备运动，当前位置：DEV_GetPrintEncoderValue：MoveDirectionFlag{false为Y方向：False}CurrentPos{423.31}AimPos{25}
2023-07-08 15:48:22,707 [AppLog] INFO : X方向运动开始：DEM_Run：返回值{True}nAxis{0}DirFlag{False}nSpeed{300000}MoveStep{-398310}nCtlValue{2}
2023-07-08 15:48:24,579 [AppLog] INFO : X方向到位停止：DEM_StopAxisRun：返回值{True}CurrentPos{30.52}bImmeStop{False}nAxisMask{1}
2023-07-08 15:48:24,579 [AppLog] INFO : 准备读取编码器位置：Y方向！
2023-07-08 15:48:24,579 [AppLog] INFO : 准备运动，编码器当前位置：DEM_GetAxisEncodeVal：MoveDirectionFlag{false为Y方向：True}CurrentPos{196.54}AimPos{211.521166666667}
2023-07-08 15:48:24,703 [AppLog] INFO : Y方向运动开始：DEM_Run：返回值{True}nAxis{1}DirFlag{True}nSpeed{300000}MoveStep{15009.4960528333}nCtlValue{1}
2023-07-08 15:48:24,766 [AppLog] INFO : Y方向到位停止：DEM_StopAxisRun：返回值{True}CurrentPos{209.255}bImmeStop{False}nAxisMask{2}
2023-07-08 15:48:24,766 [AppLog] INFO : 获取打印Pass数据：IDP_GetPassItem2：nLayerIndex{16}nPassID{5}nProcState{3}LPPassDataItemb:PrtDir{True}nDataTxCompleteCnt{1}nHwMemAdrMatchMask{1}nLayerIndex{16}nLayerPassCount{6}nLayerPassIndex{5}nMinJet0ImgLinePos{6755}nPrtMemHwAddr{System.UInt32[]}nPrtDataOffset{System.UInt32[]}nSrcDataSize{System.UInt32[]}nPrtColBytes{System.UInt32[]}nPrtPrecession{10.666}nSrcEndCols{6000}nSrcStartCols{0}nStartEncPos{10000}nValidPassJets{1280}nValidPrtCols{6233}nValidPrtCtlCnts{1}pDataBuf{0}pNextItem{0}
2023-07-08 15:48:24,766 [AppLog] INFO : 使能Pass打印成功：IDP_DoPassPrint2：nLayerIndex{16}nPassID{5}
2023-07-08 15:48:24,781 [AppLog] INFO : PASS打印前关键状态：DEV_GetDeviceInfo：nLayerIndex{16}nPassID{5}LPPRINTER_INFO:nXSysEncDPI{5080}nStatus{909129520}nPrintStatus{0}bSuperDevice{1}
LPPRINTER_INFO-LPPrtRunInfo:bJobPrtRuning{True}bLayerPrtIsOver{False}nContReqMemErr{0}nContWDErr{0}nCurPrtDir{0}nDTLayerIndex{25}nDTLayerPassIndex{5}nDTPtrCtlIndex{0}nLayerPassCount{6}nPrintLayerIndex{16}nPrintPassIndex{5}nProcLayerIndex{25}nPrtDataMemAddr{0}nPrtState{0}nReverse{System.Int32[]}nRevPrtCols{0}
LPPRINTER_INFO-LPDRVINFO:nFMVersion{45074}nFpgaVersion{539038216}nPCBVersion{0}nState{0}nNextState{0}nPtvwarnState{0}nCrc32{0}nRevInfo{System.UInt32[]}nSignature{0}
2023-07-08 15:48:24,781 [AppLog] INFO : 创建：AutoPrintMotion1=》不需重新创建-手动操作！
2023-07-08 15:48:24,781 [AppLog] INFO : 进入：EquipmentMotionLogic3=》准备创建对象-手动操作！
2023-07-08 15:48:24,781 [AppLog] INFO : 进入：EquipmentMotionLogic3=》不需重新创建-手动操作！
2023-07-08 15:48:24,781 [AppLog] INFO : 进入：EquipmentMotionLogic3=》赋值完成自-AutoPrintMotion2！
2023-07-08 15:48:24,781 [AppLog] INFO : 进入：EquipmentMotionLogic3=》加载配置文件-LoadJsonFile成功！
2023-07-08 15:48:24,781 [AppLog] INFO : 进入：AutoPrintThread3！
2023-07-08 15:48:24,781 [AppLog] INFO : 准备读取编码器位置：X方向！
2023-07-08 15:48:24,781 [AppLog] INFO : 准备运动，当前位置：DEV_GetPrintEncoderValue：MoveDirectionFlag{false为Y方向：False}CurrentPos{26.64}AimPos{425}
2023-07-08 15:48:24,813 [AppLog] INFO : X方向运动开始：DEM_Run：返回值{True}nAxis{0}DirFlag{True}nSpeed{300000}MoveStep{398360}nCtlValue{2}
2023-07-08 15:48:26,700 [AppLog] INFO : X方向到位停止：DEM_StopAxisRun：返回值{True}CurrentPos{420.435}bImmeStop{False}nAxisMask{1}
2023-07-08 15:48:26,700 [AppLog] INFO : 准备读取编码器位置：X方向！
2023-07-08 15:48:26,716 [AppLog] INFO : 准备运动，当前位置：DEV_GetPrintEncoderValue：MoveDirectionFlag{false为Y方向：False}CurrentPos{420.52}AimPos{780}
2023-07-08 15:48:26,747 [AppLog] INFO : X方向运动开始：DEM_Run：返回值{True}nAxis{0}DirFlag{True}nSpeed{300000}MoveStep{359480}nCtlValue{2}
2023-07-08 15:48:26,809 [AppLog] INFO : 准备读取编码器位置：Y方向！
2023-07-08 15:48:26,809 [AppLog] INFO : 准备运动，编码器当前位置：DEM_GetAxisEncodeVal：MoveDirectionFlag{false为Y方向：True}CurrentPos{211.535}AimPos{121}
2023-07-08 15:48:27,184 [AppLog] INFO : Y方向运动开始：DEM_Run：返回值{True}nAxis{1}DirFlag{False}nSpeed{300000}MoveStep{-90706.201685}nCtlValue{1}
2023-07-08 15:48:28,494 [AppLog] INFO : Y方向到位等停：DEM_StopAxisRun：返回值{True}bImmeStop{False}nAxisMask{1}
2023-07-08 15:48:28,510 [AppLog] INFO : X方向到位等停：DEM_StopAxisRun：返回值{True}bImmeStop{False}nAxisMask{2}
2023-07-08 15:48:28,525 [AppLog] INFO : 开启闪喷操作：IDP_FlashPrtCtl：返回值{True}
2023-07-08 15:48:28,525 [AppLog] INFO : 进入：EquipmentMotionLogic3=》准备创建对象-手动操作！
2023-07-08 15:48:28,525 [AppLog] INFO : 进入：EquipmentMotionLogic3=》不需重新创建-手动操作！
2023-07-08 15:48:28,525 [AppLog] INFO : 进入：EquipmentMotionLogic3=》赋值完成自-AutoPrintMotion2！
2023-07-08 15:48:28,525 [AppLog] INFO : 进入：EquipmentMotionLogic3=》加载配置文件-LoadJsonFile成功！
2023-07-08 15:48:28,525 [AppLog] INFO : 进入自动铺粉逻辑：NewAutoSupplyPowderThread2
2023-07-08 15:48:28,525 [AppLog] INFO : 电气控制模块：手动打开端口14
2023-07-08 15:48:28,525 [AppLog] INFO : 电气控制模块：手动打开端口15
2023-07-08 15:48:28,603 [AppLog] INFO : 手动正向点动指令（8轴运控板卡系统） ====》：输出AXIS{第1轴},点动量{-0.1MM},运动速度{2MM/s}
2023-07-08 15:48:28,603 [AppLog] INFO : 成形面高度下降层厚 TrapSpace{0.1mm}：TrapMoveUp(1, true, Convert.ToString(vel), Convert.ToString(TrapSpace), true, true）
2023-07-08 15:48:29,368 [AppLog] INFO : 手动正向点动指令（8轴运控板卡系统） ====》：输出AXIS{第1轴},点动量{-1.5MM},运动速度{2MM/s}
2023-07-08 15:48:29,368 [AppLog] INFO : 成形面高度下降指定厚度 TrapSpace{1.5mm}：TrapMoveUp(1, true, Convert.ToString(vel), Convert.ToString(TrapSpace), true, true）
2023-07-08 15:48:30,148 [AppLog] INFO : 手动正向点动指令（8轴运控板卡系统） ====》：输出AXIS{第1轴},点动量{1.5MM},运动速度{2MM/s}
2023-07-08 15:48:30,148 [AppLog] INFO : 电气控制模块：手动关闭端口15
2023-07-08 15:48:30,148 [AppLog] INFO : 电气控制模块：手动关闭端口14
2023-07-08 15:48:30,148 [AppLog] INFO : 成形面高度上升层厚 TrapSpace{1.5mm}：TrapMoveUp(1, true, Convert.ToString(vel), Convert.ToString(TrapSpace), true, true）
2023-07-08 15:48:30,397 [AppLog] INFO : 手动正向点动指令（8轴运控板卡系统） ====》：输出AXIS{第8轴},点动量{0.6MM},运动速度{2.5MM/s}
2023-07-08 15:48:30,397 [AppLog] INFO : Hopper落粉轴转2圈落粉，速度0.5rev/s：TrapMoveUp(8, true, 0.5, rotateNuM.ToString(), true, false)
2023-07-08 15:48:31,411 [AppLog] INFO : 开启铺粉车不等停运动，准备运动至准备打印位置215mm，速度250mm/s：BackToStation2
2023-07-08 15:48:32,269 [AppLog] INFO : 手动正向点动指令（8轴运控板卡系统） ====》：输出AXIS{第2轴},点动量{216.5MM},运动速度{250MM/s}
2023-07-08 15:48:32,269 [AppLog] INFO : 当前铺粉车位置：打印位置215mm
2023-07-08 15:48:32,269 [AppLog] INFO : 手动正向点动指令（8轴运控板卡系统） ====》：输出AXIS{第2轴},点动量{480MM},运动速度{25MM/s}
2023-07-08 15:48:32,269 [AppLog] INFO : 开启铺粉车不等停运动至准备打印位置695mm，速度25mm/s：BackToStation2
2023-07-08 15:48:32,394 [AppLog] INFO : 打开IR灯：OpenIRLamp(true)
2023-07-08 15:48:32,519 [AppLog] INFO : 手动正向点动指令（8轴运控板卡系统） ====》：输出AXIS{第3轴},点动量{0.125MM},运动速度{1MM/s}
2023-07-08 15:48:32,519 [AppLog] INFO : 在{40mm}处，落粉轴运动{45度}，落粉轴转速{1rev/s}：TrapMoveUp(3, true, Convert.ToString(DispenseRollerSpeed), 0.5, true, true)
2023-07-08 15:48:32,519 [AppLog] INFO : 手动正向点动指令（8轴运控板卡系统） ====》：输出AXIS{第3轴},点动量{0.5MM},运动速度{0.0376712328767123MM/s}
2023-07-08 15:48:32,519 [AppLog] INFO : 开启均匀落粉及辊子铺平运动：TrapMoveUp(3, true, Convert.ToString(DispenseRollerSpeed), 0.5, true, true)
2023-07-08 15:48:44,188 [AppLog] INFO : 关闭IR灯：OpenIRLamp(false)
2023-07-08 15:48:48,743 [AppLog] INFO : 手动正向点动指令（8轴运控板卡系统） ====》：输出AXIS{第3轴},点动量{0.5MM},运动速度{2MM/s}
2023-07-08 15:48:48,743 [AppLog] INFO : 落粉轴继续转动以倒掉余粉：TrapMoveUp(3, true, 2, 0.5, true, false)
2023-07-08 15:48:51,473 [AppLog] INFO : 电气控制模块：手动打开端口14
2023-07-08 15:48:51,473 [AppLog] INFO : 电气控制模块：手动打开端口15
2023-07-08 15:48:52,253 [AppLog] INFO : 手动正向点动指令（8轴运控板卡系统） ====》：输出AXIS{第1轴},点动量{-1.5MM},运动速度{2MM/s}
2023-07-08 15:48:52,253 [AppLog] INFO : 电气控制模块：手动关闭端口15
2023-07-08 15:48:52,253 [AppLog] INFO : 电气控制模块：手动关闭端口14
2023-07-08 15:48:52,253 [AppLog] INFO : 成形面高度下降指定厚度 TrapSpace{1.5mm}：TrapMoveUp(1, true, Convert.ToString(vel), Convert.ToString(TrapSpace), true, true）
2023-07-08 15:48:55,045 [AppLog] INFO : 手动正向点动指令（8轴运控板卡系统） ====》：输出AXIS{第2轴},点动量{-696.5MM},运动速度{250MM/s}
2023-07-08 15:48:55,045 [AppLog] INFO : 铺粉车返回至站1：BackToStation2(AimPos, MovSpeed, true)：-1.5mm，速度250mm/s：BackToStation2
2023-07-08 15:48:55,825 [AppLog] INFO : 落粉轴回零成功：motionMap.SetBackSpreaderAxis(3, 0.5, 2, -SinkPosition)：ReturnCode{True}
2023-07-08 15:48:55,825 [AppLog] INFO : 电气控制模块：手动打开端口14
2023-07-08 15:48:55,825 [AppLog] INFO : 电气控制模块：手动打开端口15
2023-07-08 15:48:56,590 [AppLog] INFO : 手动正向点动指令（8轴运控板卡系统） ====》：输出AXIS{第1轴},点动量{1.5MM},运动速度{2MM/s}
2023-07-08 15:48:56,590 [AppLog] INFO : 电气控制模块：手动关闭端口15
2023-07-08 15:48:56,590 [AppLog] INFO : 电气控制模块：手动关闭端口14
2023-07-08 15:48:56,590 [AppLog] INFO : 成形面高度上升层厚 TrapSpace{1.5mm}：TrapMoveUp(1, true, Convert.ToString(vel), Convert.ToString(TrapSpace), true, true）
2023-07-08 15:48:56,590 [AppLog] INFO : 自动铺粉正常结束：NewAutoSupplyPowderThread2
2023-07-08 15:48:56,590 [AppLog] INFO : 发送监控指令，拍照记录1条：SendMessageFromSharedMemory
2023-07-08 15:48:56,590 [AppLog] INFO : 铺粉模式：铺粉固化同时进行！
2023-07-08 15:48:56,590 [AppLog] INFO : 执行完成铺粉固化操作：EquipmentMotionLogic3：m_bApplyPowderSupplyMotion:0
2023-07-08 15:48:56,590 [AppLog] INFO : 接收到恢复打印指令：PrintTaskTHREAD
2023-07-08 15:48:56,590 [AppLog] INFO : 获取打印Pass数据：IDP_GetPassItem2：nLayerIndex{17}nPassID{0}nProcState{3}LPPassDataItemb:PrtDir{False}nDataTxCompleteCnt{1}nHwMemAdrMatchMask{1}nLayerIndex{17}nLayerPassCount{6}nLayerPassIndex{0}nMinJet0ImgLinePos{355}nPrtMemHwAddr{System.UInt32[]}nPrtDataOffset{System.UInt32[]}nSrcDataSize{System.UInt32[]}nPrtColBytes{System.UInt32[]}nPrtPrecession{10.666}nSrcEndCols{6000}nSrcStartCols{0}nStartEncPos{76511}nValidPassJets{1280}nValidPrtCols{6233}nValidPrtCtlCnts{1}pDataBuf{0}pNextItem{668505600}
2023-07-08 15:48:56,605 [AppLog] INFO : 使能Pass打印成功：IDP_DoPassPrint2：nLayerIndex{17}nPassID{0}
2023-07-08 15:48:56,605 [AppLog] INFO : PASS打印前关键状态：DEV_GetDeviceInfo：nLayerIndex{17}nPassID{0}LPPRINTER_INFO:nXSysEncDPI{5080}nStatus{909129520}nPrintStatus{0}bSuperDevice{1}
LPPRINTER_INFO-LPPrtRunInfo:bJobPrtRuning{True}bLayerPrtIsOver{False}nContReqMemErr{0}nContWDErr{0}nCurPrtDir{0}nDTLayerIndex{25}nDTLayerPassIndex{5}nDTPtrCtlIndex{0}nLayerPassCount{6}nPrintLayerIndex{17}nPrintPassIndex{0}nProcLayerIndex{25}nPrtDataMemAddr{0}nPrtState{0}nReverse{System.Int32[]}nRevPrtCols{0}
LPPRINTER_INFO-LPDRVINFO:nFMVersion{45074}nFpgaVersion{539038216}nPCBVersion{0}nState{0}nNextState{0}nPtvwarnState{0}nCrc32{0}nRevInfo{System.UInt32[]}nSignature{0}
2023-07-08 15:48:56,605 [AppLog] INFO : 创建：AutoPrintMotion1=》不需重新创建-手动操作！
2023-07-08 15:48:56,605 [AppLog] INFO : 进入：EquipmentMotionLogic3=》准备创建对象-手动操作！
2023-07-08 15:48:56,605 [AppLog] INFO : 进入：EquipmentMotionLogic3=》不需重新创建-手动操作！
2023-07-08 15:48:56,605 [AppLog] INFO : 进入：EquipmentMotionLogic3=》赋值完成自-AutoPrintMotion2！
2023-07-08 15:48:56,605 [AppLog] INFO : 进入：EquipmentMotionLogic3=》加载配置文件-LoadJsonFile成功！
2023-07-08 15:48:56,605 [AppLog] INFO : 进入自动清洗过程：AutoCleanThread
2023-07-08 15:48:56,964 [AppLog] INFO : 准备处理第25层数据：准备调用RenderToWic，index为25，subindex为0，g_nRePrintTimes为1，起始层为0
2023-07-08 15:48:56,980 [AppLog] INFO : 刮墨轴回零成功：motionMap.SetBackSpreaderAxis(4, 1, 2, -SinkHomePosition)
2023-07-08 15:48:56,980 [AppLog] INFO : 准备读取编码器位置：Y方向！
2023-07-08 15:48:56,980 [AppLog] INFO : 准备运动，编码器当前位置：DEM_GetAxisEncodeVal：MoveDirectionFlag{false为Y方向：True}CurrentPos{121.04}AimPos{116}
2023-07-08 15:48:57,027 [AppLog] INFO : 完成处理第25层数据：准备调用DrawLayerBMP，index为25，起始层为0
2023-07-08 15:48:57,027 [AppLog] INFO : 完成处理第25层数据：准备调用DrawLayerBMP，index为25，起始层为0
2023-07-08 15:48:57,105 [AppLog] INFO : Y方向运动开始：DEM_Run：返回值{True}nAxis{1}DirFlag{False}nSpeed{300000}MoveStep{-5049.53064000001}nCtlValue{1}
2023-07-08 15:48:57,167 [AppLog] INFO : Y方向到位停止：DEM_StopAxisRun：返回值{True}CurrentPos{116.53}bImmeStop{False}nAxisMask{2}
2023-07-08 15:48:57,167 [AppLog] INFO : 准备读取编码器位置：X方向！
2023-07-08 15:48:57,167 [AppLog] INFO : 准备运动，当前位置：DEV_GetPrintEncoderValue：MoveDirectionFlag{false为Y方向：False}CurrentPos{782.825}AimPos{780}
2023-07-08 15:48:57,198 [AppLog] INFO : X方向运动开始：DEM_Run：返回值{True}nAxis{0}DirFlag{False}nSpeed{300000}MoveStep{-2825.00000000005}nCtlValue{2}
2023-07-08 15:48:57,354 [AppLog] INFO : X方向到位停止：DEM_StopAxisRun：返回值{True}CurrentPos{781.95}bImmeStop{False}nAxisMask{1}
2023-07-08 15:48:57,385 [AppLog] INFO : 作业写入成功：IDP_WriteImgLayerData：bpp:{1bit}灰阶:{1阶}nLayerIndex{26}LayerIndex{25}SubIndex{1}RePrintTimes{1}nBytesPerLine{752}nWidth{6001}nHeight{7680}nXEncOff{0}nYJetOff{355}nImgStartJetIndex{0}nXDPI{476.25}nYDPI{600}nPrtDir{0} nPrtFlag{1}nColorCnts{1}nReserved{System.Int32[]}
2023-07-08 15:48:57,385 [AppLog] INFO : 完成处理第25层数据：准备调用RenderToWic，index为25，subindex为0，g_nRePrintTimes为1，起始层为0
2023-07-08 15:48:58,571 [AppLog] INFO : 开启手动清洗挤墨喷头，DEV_EnableTimer: 端口{11}，清洗控制周期：{0.5}S,{0.5}S
2023-07-08 15:48:59,585 [AppLog] INFO : 关闭手动清洗挤墨喷头：DEV_EnableTimer
2023-07-08 15:48:59,585 [AppLog] INFO : 压墨等待开启：{1.5S}
2023-07-08 15:49:01,098 [AppLog] INFO : 压墨等待完成：{1.5S}
2023-07-08 15:49:01,098 [AppLog] INFO : 准备读取编码器位置：X方向！
2023-07-08 15:49:01,098 [AppLog] INFO : 准备运动，当前位置：DEV_GetPrintEncoderValue：MoveDirectionFlag{false为Y方向：False}CurrentPos{780.365}AimPos{680}
2023-07-08 15:49:01,129 [AppLog] INFO : X方向运动开始：DEM_Run：返回值{True}nAxis{0}DirFlag{False}nSpeed{200000}MoveStep{-100365}nCtlValue{2}
2023-07-08 15:49:02,003 [AppLog] INFO : X方向到位停止：DEM_StopAxisRun：返回值{True}CurrentPos{683.01}bImmeStop{False}nAxisMask{1}
2023-07-08 15:49:02,580 [AppLog] INFO : 结束自动清洗过程：AutoCleanThread
2023-07-08 15:49:02,580 [AppLog] INFO : 进入：EquipmentMotionLogic3=》准备创建对象-手动操作！
2023-07-08 15:49:02,580 [AppLog] INFO : 进入：EquipmentMotionLogic3=》不需重新创建-手动操作！
2023-07-08 15:49:02,580 [AppLog] INFO : 进入：EquipmentMotionLogic3=》赋值完成自-AutoPrintMotion2！
2023-07-08 15:49:02,580 [AppLog] INFO : 进入：EquipmentMotionLogic3=》加载配置文件-LoadJsonFile成功！
2023-07-08 15:49:02,580 [AppLog] INFO : 进入：AutoPrintThread3！
2023-07-08 15:49:02,580 [AppLog] INFO : 关闭闪喷操作：IDP_FlashPrtCtl：返回值{True}
2023-07-08 15:49:02,580 [AppLog] INFO : 准备读取编码器位置：Y方向！
2023-07-08 15:49:02,580 [AppLog] INFO : 准备运动，编码器当前位置：DEM_GetAxisEncodeVal：MoveDirectionFlag{false为Y方向：True}CurrentPos{115.995}AimPos{91}
2023-07-08 15:49:02,721 [AppLog] INFO : Y方向运动开始：DEM_Run：返回值{True}nAxis{1}DirFlag{False}nSpeed{300000}MoveStep{-25042.265545}nCtlValue{1}
2023-07-08 15:49:02,783 [AppLog] INFO : 准备读取编码器位置：X方向！
2023-07-08 15:49:02,783 [AppLog] INFO : 准备运动，当前位置：DEV_GetPrintEncoderValue：MoveDirectionFlag{false为Y方向：False}CurrentPos{680.225}AimPos{425}
2023-07-08 15:49:02,814 [AppLog] INFO : X方向运动开始：DEM_Run：返回值{True}nAxis{0}DirFlag{False}nSpeed{300000}MoveStep{-255225}nCtlValue{2}
2023-07-08 15:49:04,203 [AppLog] INFO : X方向到位停止：DEM_StopAxisRun：返回值{True}CurrentPos{430.115}bImmeStop{False}nAxisMask{1}
2023-07-08 15:49:04,203 [AppLog] INFO : 准备读取编码器位置：X方向！
2023-07-08 15:49:04,203 [AppLog] INFO : 准备运动，当前位置：DEV_GetPrintEncoderValue：MoveDirectionFlag{false为Y方向：False}CurrentPos{429.785}AimPos{25}
2023-07-08 15:49:04,234 [AppLog] INFO : X方向运动开始：DEM_Run：返回值{True}nAxis{0}DirFlag{False}nSpeed{300000}MoveStep{-404785}nCtlValue{2}
2023-07-08 15:49:06,121 [AppLog] INFO : X方向到位停止：DEM_StopAxisRun：返回值{True}CurrentPos{25.665}bImmeStop{False}nAxisMask{1}
2023-07-08 15:49:06,121 [AppLog] INFO : 准备读取编码器位置：Y方向！
2023-07-08 15:49:06,121 [AppLog] INFO : 准备运动，编码器当前位置：DEM_GetAxisEncodeVal：MoveDirectionFlag{false为Y方向：True}CurrentPos{90.995}AimPos{101.021166666667}
2023-07-08 15:49:06,246 [AppLog] INFO : Y方向运动开始：DEM_Run：返回值{True}nAxis{1}DirFlag{True}nSpeed{300000}MoveStep{10045.1261478333}nCtlValue{1}
2023-07-08 15:49:06,324 [AppLog] INFO : Y方向到位停止：DEM_StopAxisRun：返回值{True}CurrentPos{99.775}bImmeStop{False}nAxisMask{2}
2023-07-08 15:49:06,324 [AppLog] INFO : 获取打印Pass数据：IDP_GetPassItem2：nLayerIndex{17}nPassID{1}nProcState{3}LPPassDataItemb:PrtDir{True}nDataTxCompleteCnt{1}nHwMemAdrMatchMask{1}nLayerIndex{17}nLayerPassCount{6}nLayerPassIndex{1}nMinJet0ImgLinePos{1635}nPrtMemHwAddr{System.UInt32[]}nPrtDataOffset{System.UInt32[]}nSrcDataSize{System.UInt32[]}nPrtColBytes{System.UInt32[]}nPrtPrecession{10.666}nSrcEndCols{6000}nSrcStartCols{0}nStartEncPos{10000}nValidPassJets{1280}nValidPrtCols{6233}nValidPrtCtlCnts{1}pDataBuf{0}pNextItem{668505440}
2023-07-08 15:49:06,324 [AppLog] INFO : 使能Pass打印成功：IDP_DoPassPrint2：nLayerIndex{17}nPassID{1}
2023-07-08 15:49:06,340 [AppLog] INFO : PASS打印前关键状态：DEV_GetDeviceInfo：nLayerIndex{17}nPassID{1}LPPRINTER_INFO:nXSysEncDPI{5080}nStatus{909129520}nPrintStatus{0}bSuperDevice{1}
LPPRINTER_INFO-LPPrtRunInfo:bJobPrtRuning{True}bLayerPrtIsOver{False}nContReqMemErr{0}nContWDErr{0}nCurPrtDir{0}nDTLayerIndex{26}nDTLayerPassIndex{5}nDTPtrCtlIndex{0}nLayerPassCount{6}nPrintLayerIndex{17}nPrintPassIndex{1}nProcLayerIndex{26}nPrtDataMemAddr{0}nPrtState{0}nReverse{System.Int32[]}nRevPrtCols{0}
LPPRINTER_INFO-LPDRVINFO:nFMVersion{45074}nFpgaVersion{539038216}nPCBVersion{0}nState{0}nNextState{0}nPtvwarnState{0}nCrc32{0}nRevInfo{System.UInt32[]}nSignature{0}
2023-07-08 15:49:06,340 [AppLog] INFO : 创建：AutoPrintMotion1=》不需重新创建-手动操作！
2023-07-08 15:49:06,340 [AppLog] INFO : 进入：EquipmentMotionLogic3=》准备创建对象-手动操作！
2023-07-08 15:49:06,340 [AppLog] INFO : 进入：EquipmentMotionLogic3=》不需重新创建-手动操作！
2023-07-08 15:49:06,340 [AppLog] INFO : 进入：EquipmentMotionLogic3=》赋值完成自-AutoPrintMotion2！
2023-07-08 15:49:06,340 [AppLog] INFO : 进入：EquipmentMotionLogic3=》加载配置文件-LoadJsonFile成功！
2023-07-08 15:49:06,340 [AppLog] INFO : 进入：AutoPrintThread3！
2023-07-08 15:49:06,340 [AppLog] INFO : 准备读取编码器位置：X方向！
2023-07-08 15:49:06,340 [AppLog] INFO : 准备运动，当前位置：DEV_GetPrintEncoderValue：MoveDirectionFlag{false为Y方向：False}CurrentPos{21.385}AimPos{425}
2023-07-08 15:49:06,371 [AppLog] INFO : X方向运动开始：DEM_Run：返回值{True}nAxis{0}DirFlag{True}nSpeed{300000}MoveStep{403615}nCtlValue{2}
2023-07-08 15:49:08,259 [AppLog] INFO : X方向到位停止：DEM_StopAxisRun：返回值{True}CurrentPos{419.22}bImmeStop{False}nAxisMask{1}
2023-07-08 15:49:08,259 [AppLog] INFO : 准备读取编码器位置：Y方向！
2023-07-08 15:49:08,259 [AppLog] INFO : 准备运动，编码器当前位置：DEM_GetAxisEncodeVal：MoveDirectionFlag{false为Y方向：True}CurrentPos{100.955}AimPos{145}
2023-07-08 15:49:08,477 [AppLog] INFO : Y方向运动开始：DEM_Run：返回值{True}nAxis{1}DirFlag{True}nSpeed{300000}MoveStep{44128.289095}nCtlValue{1}
2023-07-08 15:49:08,539 [AppLog] INFO : Y方向到位停止：DEM_StopAxisRun：返回值{True}CurrentPos{141.9}bImmeStop{False}nAxisMask{2}
2023-07-08 15:49:08,539 [AppLog] INFO : 获取打印Pass数据：IDP_GetPassItem2：nLayerIndex{17}nPassID{2}nProcState{3}LPPassDataItemb:PrtDir{False}nDataTxCompleteCnt{1}nHwMemAdrMatchMask{1}nLayerIndex{17}nLayerPassCount{6}nLayerPassIndex{2}nMinJet0ImgLinePos{2915}nPrtMemHwAddr{System.UInt32[]}nPrtDataOffset{System.UInt32[]}nSrcDataSize{System.UInt32[]}nPrtColBytes{System.UInt32[]}nPrtPrecession{10.666}nSrcEndCols{6000}nSrcStartCols{0}nStartEncPos{76511}nValidPassJets{1280}nValidPrtCols{6233}nValidPrtCtlCnts{1}pDataBuf{0}pNextItem{668505280}
2023-07-08 15:49:08,555 [AppLog] INFO : 使能Pass打印成功：IDP_DoPassPrint2：nLayerIndex{17}nPassID{2}
2023-07-08 15:49:08,555 [AppLog] INFO : PASS打印前关键状态：DEV_GetDeviceInfo：nLayerIndex{17}nPassID{2}LPPRINTER_INFO:nXSysEncDPI{5080}nStatus{909129520}nPrintStatus{0}bSuperDevice{1}
LPPRINTER_INFO-LPPrtRunInfo:bJobPrtRuning{True}bLayerPrtIsOver{False}nContReqMemErr{0}nContWDErr{0}nCurPrtDir{0}nDTLayerIndex{26}nDTLayerPassIndex{5}nDTPtrCtlIndex{0}nLayerPassCount{6}nPrintLayerIndex{17}nPrintPassIndex{2}nProcLayerIndex{26}nPrtDataMemAddr{0}nPrtState{0}nReverse{System.Int32[]}nRevPrtCols{0}
LPPRINTER_INFO-LPDRVINFO:nFMVersion{45074}nFpgaVersion{539038216}nPCBVersion{0}nState{0}nNextState{0}nPtvwarnState{0}nCrc32{0}nRevInfo{System.UInt32[]}nSignature{0}
2023-07-08 15:49:08,555 [AppLog] INFO : 创建：AutoPrintMotion1=》不需重新创建-手动操作！
2023-07-08 15:49:08,555 [AppLog] INFO : 进入：EquipmentMotionLogic3=》准备创建对象-手动操作！
2023-07-08 15:49:08,555 [AppLog] INFO : 进入：EquipmentMotionLogic3=》不需重新创建-手动操作！
2023-07-08 15:49:08,555 [AppLog] INFO : 进入：EquipmentMotionLogic3=》赋值完成自-AutoPrintMotion2！
2023-07-08 15:49:08,555 [AppLog] INFO : 进入：EquipmentMotionLogic3=》加载配置文件-LoadJsonFile成功！
2023-07-08 15:49:08,555 [AppLog] INFO : 进入：AutoPrintThread3！
2023-07-08 15:49:08,555 [AppLog] INFO : 准备读取编码器位置：X方向！
2023-07-08 15:49:08,555 [AppLog] INFO : 准备运动，当前位置：DEV_GetPrintEncoderValue：MoveDirectionFlag{false为Y方向：False}CurrentPos{423.265}AimPos{25}
2023-07-08 15:49:08,586 [AppLog] INFO : X方向运动开始：DEM_Run：返回值{True}nAxis{0}DirFlag{False}nSpeed{300000}MoveStep{-398265}nCtlValue{2}
2023-07-08 15:49:10,458 [AppLog] INFO : X方向到位停止：DEM_StopAxisRun：返回值{True}CurrentPos{30.54}bImmeStop{False}nAxisMask{1}
2023-07-08 15:49:10,458 [AppLog] INFO : 准备读取编码器位置：Y方向！
2023-07-08 15:49:10,458 [AppLog] INFO : 准备运动，编码器当前位置：DEM_GetAxisEncodeVal：MoveDirectionFlag{false为Y方向：True}CurrentPos{145.02}AimPos{155.021166666667}
2023-07-08 15:49:10,583 [AppLog] INFO : Y方向运动开始：DEM_Run：返回值{True}nAxis{1}DirFlag{True}nSpeed{300000}MoveStep{10020.0788728333}nCtlValue{1}
2023-07-08 15:49:10,645 [AppLog] INFO : Y方向到位停止：DEM_StopAxisRun：返回值{True}CurrentPos{153.68}bImmeStop{False}nAxisMask{2}
2023-07-08 15:49:10,645 [AppLog] INFO : 获取打印Pass数据：IDP_GetPassItem2：nLayerIndex{17}nPassID{3}nProcState{3}LPPassDataItemb:PrtDir{True}nDataTxCompleteCnt{1}nHwMemAdrMatchMask{1}nLayerIndex{17}nLayerPassCount{6}nLayerPassIndex{3}nMinJet0ImgLinePos{4195}nPrtMemHwAddr{System.UInt32[]}nPrtDataOffset{System.UInt32[]}nSrcDataSize{System.UInt32[]}nPrtColBytes{System.UInt32[]}nPrtPrecession{10.666}nSrcEndCols{6000}nSrcStartCols{0}nStartEncPos{10000}nValidPassJets{1280}nValidPrtCols{6233}nValidPrtCtlCnts{1}pDataBuf{0}pNextItem{668505120}
2023-07-08 15:49:10,661 [AppLog] INFO : 使能Pass打印成功：IDP_DoPassPrint2：nLayerIndex{17}nPassID{3}
2023-07-08 15:49:10,661 [AppLog] INFO : PASS打印前关键状态：DEV_GetDeviceInfo：nLayerIndex{17}nPassID{3}LPPRINTER_INFO:nXSysEncDPI{5080}nStatus{909129520}nPrintStatus{0}bSuperDevice{1}
LPPRINTER_INFO-LPPrtRunInfo:bJobPrtRuning{True}bLayerPrtIsOver{False}nContReqMemErr{0}nContWDErr{0}nCurPrtDir{0}nDTLayerIndex{26}nDTLayerPassIndex{5}nDTPtrCtlIndex{0}nLayerPassCount{6}nPrintLayerIndex{17}nPrintPassIndex{3}nProcLayerIndex{26}nPrtDataMemAddr{0}nPrtState{0}nReverse{System.Int32[]}nRevPrtCols{0}
LPPRINTER_INFO-LPDRVINFO:nFMVersion{45074}nFpgaVersion{539038216}nPCBVersion{0}nState{0}nNextState{0}nPtvwarnState{0}nCrc32{0}nRevInfo{System.UInt32[]}nSignature{0}
2023-07-08 15:49:10,661 [AppLog] INFO : 创建：AutoPrintMotion1=》不需重新创建-手动操作！
2023-07-08 15:49:10,661 [AppLog] INFO : 进入：EquipmentMotionLogic3=》准备创建对象-手动操作！
2023-07-08 15:49:10,661 [AppLog] INFO : 进入：EquipmentMotionLogic3=》不需重新创建-手动操作！
2023-07-08 15:49:10,661 [AppLog] INFO : 进入：EquipmentMotionLogic3=》赋值完成自-AutoPrintMotion2！
2023-07-08 15:49:10,661 [AppLog] INFO : 进入：EquipmentMotionLogic3=》加载配置文件-LoadJsonFile成功！
2023-07-08 15:49:10,661 [AppLog] INFO : 进入：AutoPrintThread3！
2023-07-08 15:49:10,661 [AppLog] INFO : 准备读取编码器位置：X方向！
2023-07-08 15:49:10,661 [AppLog] INFO : 准备运动，当前位置：DEV_GetPrintEncoderValue：MoveDirectionFlag{false为Y方向：False}CurrentPos{26.72}AimPos{425}
2023-07-08 15:49:10,692 [AppLog] INFO : X方向运动开始：DEM_Run：返回值{True}nAxis{0}DirFlag{True}nSpeed{300000}MoveStep{398280}nCtlValue{2}
2023-07-08 15:49:12,580 [AppLog] INFO : X方向到位停止：DEM_StopAxisRun：返回值{True}CurrentPos{419.51}bImmeStop{False}nAxisMask{1}
2023-07-08 15:49:12,580 [AppLog] INFO : 准备读取编码器位置：Y方向！
2023-07-08 15:49:12,580 [AppLog] INFO : 准备运动，编码器当前位置：DEM_GetAxisEncodeVal：MoveDirectionFlag{false为Y方向：True}CurrentPos{154.985}AimPos{199}
2023-07-08 15:49:12,798 [AppLog] INFO : Y方向运动开始：DEM_Run：返回值{True}nAxis{1}DirFlag{True}nSpeed{300000}MoveStep{44098.232365}nCtlValue{1}
2023-07-08 15:49:12,861 [AppLog] INFO : Y方向到位停止：DEM_StopAxisRun：返回值{True}CurrentPos{195.94}bImmeStop{False}nAxisMask{2}
2023-07-08 15:49:12,861 [AppLog] INFO : 获取打印Pass数据：IDP_GetPassItem2：nLayerIndex{17}nPassID{4}nProcState{3}LPPassDataItemb:PrtDir{False}nDataTxCompleteCnt{1}nHwMemAdrMatchMask{1}nLayerIndex{17}nLayerPassCount{6}nLayerPassIndex{4}nMinJet0ImgLinePos{5475}nPrtMemHwAddr{System.UInt32[]}nPrtDataOffset{System.UInt32[]}nSrcDataSize{System.UInt32[]}nPrtColBytes{System.UInt32[]}nPrtPrecession{10.666}nSrcEndCols{6000}nSrcStartCols{0}nStartEncPos{76511}nValidPassJets{1280}nValidPrtCols{6233}nValidPrtCtlCnts{1}pDataBuf{0}pNextItem{668504960}
2023-07-08 15:49:12,861 [AppLog] INFO : 使能Pass打印成功：IDP_DoPassPrint2：nLayerIndex{17}nPassID{4}
2023-07-08 15:49:12,876 [AppLog] INFO : PASS打印前关键状态：DEV_GetDeviceInfo：nLayerIndex{17}nPassID{4}LPPRINTER_INFO:nXSysEncDPI{5080}nStatus{909129520}nPrintStatus{0}bSuperDevice{1}
LPPRINTER_INFO-LPPrtRunInfo:bJobPrtRuning{True}bLayerPrtIsOver{False}nContReqMemErr{0}nContWDErr{0}nCurPrtDir{0}nDTLayerIndex{26}nDTLayerPassIndex{5}nDTPtrCtlIndex{0}nLayerPassCount{6}nPrintLayerIndex{17}nPrintPassIndex{4}nProcLayerIndex{26}nPrtDataMemAddr{0}nPrtState{0}nReverse{System.Int32[]}nRevPrtCols{0}
LPPRINTER_INFO-LPDRVINFO:nFMVersion{45074}nFpgaVersion{539038216}nPCBVersion{0}nState{0}nNextState{0}nPtvwarnState{0}nCrc32{0}nRevInfo{System.UInt32[]}nSignature{0}
2023-07-08 15:49:12,876 [AppLog] INFO : 创建：AutoPrintMotion1=》不需重新创建-手动操作！
2023-07-08 15:49:12,876 [AppLog] INFO : 进入：EquipmentMotionLogic3=》准备创建对象-手动操作！
2023-07-08 15:49:12,876 [AppLog] INFO : 进入：EquipmentMotionLogic3=》不需重新创建-手动操作！
2023-07-08 15:49:12,876 [AppLog] INFO : 进入：EquipmentMotionLogic3=》赋值完成自-AutoPrintMotion2！
2023-07-08 15:49:12,876 [AppLog] INFO : 进入：EquipmentMotionLogic3=》加载配置文件-LoadJsonFile成功！
2023-07-08 15:49:12,876 [AppLog] INFO : 进入：AutoPrintThread3！
2023-07-08 15:49:12,876 [AppLog] INFO : 准备读取编码器位置：X方向！
2023-07-08 15:49:12,876 [AppLog] INFO : 准备运动，当前位置：DEV_GetPrintEncoderValue：MoveDirectionFlag{false为Y方向：False}CurrentPos{423.285}AimPos{25}
2023-07-08 15:49:12,907 [AppLog] INFO : X方向运动开始：DEM_Run：返回值{True}nAxis{0}DirFlag{False}nSpeed{300000}MoveStep{-398285}nCtlValue{2}
2023-07-08 15:49:14,046 [AppLog] INFO : 发送暂停打印指令：{PausePrint}
2023-07-08 15:49:14,795 [AppLog] INFO : X方向到位停止：DEM_StopAxisRun：返回值{True}CurrentPos{29.645}bImmeStop{False}nAxisMask{1}
2023-07-08 15:49:14,795 [AppLog] INFO : 准备读取编码器位置：Y方向！
2023-07-08 15:49:14,795 [AppLog] INFO : 准备运动，编码器当前位置：DEM_GetAxisEncodeVal：MoveDirectionFlag{false为Y方向：True}CurrentPos{199.04}AimPos{209.021166666667}
2023-07-08 15:49:14,920 [AppLog] INFO : Y方向运动开始：DEM_Run：返回值{True}nAxis{1}DirFlag{True}nSpeed{300000}MoveStep{10000.0410528333}nCtlValue{1}
2023-07-08 15:49:14,982 [AppLog] INFO : Y方向到位停止：DEM_StopAxisRun：返回值{True}CurrentPos{207.83}bImmeStop{False}nAxisMask{2}
2023-07-08 15:49:14,982 [AppLog] INFO : 获取打印Pass数据：IDP_GetPassItem2：nLayerIndex{17}nPassID{5}nProcState{3}LPPassDataItemb:PrtDir{True}nDataTxCompleteCnt{1}nHwMemAdrMatchMask{1}nLayerIndex{17}nLayerPassCount{6}nLayerPassIndex{5}nMinJet0ImgLinePos{6755}nPrtMemHwAddr{System.UInt32[]}nPrtDataOffset{System.UInt32[]}nSrcDataSize{System.UInt32[]}nPrtColBytes{System.UInt32[]}nPrtPrecession{10.666}nSrcEndCols{6000}nSrcStartCols{0}nStartEncPos{10000}nValidPassJets{1280}nValidPrtCols{6233}nValidPrtCtlCnts{1}pDataBuf{0}pNextItem{0}
2023-07-08 15:49:14,982 [AppLog] INFO : 使能Pass打印成功：IDP_DoPassPrint2：nLayerIndex{17}nPassID{5}
2023-07-08 15:49:14,998 [AppLog] INFO : PASS打印前关键状态：DEV_GetDeviceInfo：nLayerIndex{17}nPassID{5}LPPRINTER_INFO:nXSysEncDPI{5080}nStatus{909129520}nPrintStatus{0}bSuperDevice{1}
LPPRINTER_INFO-LPPrtRunInfo:bJobPrtRuning{True}bLayerPrtIsOver{False}nContReqMemErr{0}nContWDErr{0}nCurPrtDir{0}nDTLayerIndex{26}nDTLayerPassIndex{5}nDTPtrCtlIndex{0}nLayerPassCount{6}nPrintLayerIndex{17}nPrintPassIndex{5}nProcLayerIndex{26}nPrtDataMemAddr{0}nPrtState{0}nReverse{System.Int32[]}nRevPrtCols{0}
LPPRINTER_INFO-LPDRVINFO:nFMVersion{45074}nFpgaVersion{539038216}nPCBVersion{0}nState{0}nNextState{0}nPtvwarnState{0}nCrc32{0}nRevInfo{System.UInt32[]}nSignature{0}
2023-07-08 15:49:14,998 [AppLog] INFO : 创建：AutoPrintMotion1=》不需重新创建-手动操作！
2023-07-08 15:49:14,998 [AppLog] INFO : 进入：EquipmentMotionLogic3=》准备创建对象-手动操作！
2023-07-08 15:49:14,998 [AppLog] INFO : 进入：EquipmentMotionLogic3=》不需重新创建-手动操作！
2023-07-08 15:49:14,998 [AppLog] INFO : 进入：EquipmentMotionLogic3=》赋值完成自-AutoPrintMotion2！
2023-07-08 15:49:14,998 [AppLog] INFO : 进入：EquipmentMotionLogic3=》加载配置文件-LoadJsonFile成功！
2023-07-08 15:49:14,998 [AppLog] INFO : 进入：AutoPrintThread3！
2023-07-08 15:49:14,998 [AppLog] INFO : 准备读取编码器位置：X方向！
2023-07-08 15:49:14,998 [AppLog] INFO : 准备运动，当前位置：DEV_GetPrintEncoderValue：MoveDirectionFlag{false为Y方向：False}CurrentPos{26.64}AimPos{425}
2023-07-08 15:49:15,029 [AppLog] INFO : X方向运动开始：DEM_Run：返回值{True}nAxis{0}DirFlag{True}nSpeed{300000}MoveStep{398360}nCtlValue{2}
2023-07-08 15:49:16,901 [AppLog] INFO : X方向到位停止：DEM_StopAxisRun：返回值{True}CurrentPos{418.675}bImmeStop{False}nAxisMask{1}
2023-07-08 15:49:16,901 [AppLog] INFO : 准备读取编码器位置：X方向！
2023-07-08 15:49:16,901 [AppLog] INFO : 准备运动，当前位置：DEV_GetPrintEncoderValue：MoveDirectionFlag{false为Y方向：False}CurrentPos{418.785}AimPos{734.275}
2023-07-08 15:49:16,932 [AppLog] INFO : X方向运动开始：DEM_Run：返回值{True}nAxis{0}DirFlag{True}nSpeed{300000}MoveStep{315490}nCtlValue{2}
2023-07-08 15:49:18,523 [AppLog] INFO : X方向到位停止：DEM_StopAxisRun：返回值{True}CurrentPos{734.1}bImmeStop{False}nAxisMask{1}
2023-07-08 15:49:18,523 [AppLog] INFO : 准备读取编码器位置：Y方向！
2023-07-08 15:49:18,523 [AppLog] INFO : 准备运动，编码器当前位置：DEM_GetAxisEncodeVal：MoveDirectionFlag{false为Y方向：True}CurrentPos{208.995}AimPos{321.455}
2023-07-08 15:49:18,960 [AppLog] INFO : Y方向运动开始：DEM_Run：返回值{True}nAxis{1}DirFlag{True}nSpeed{300000}MoveStep{112672.66186}nCtlValue{1}
2023-07-08 15:49:19,023 [AppLog] INFO : Y方向到位停止：DEM_StopAxisRun：返回值{True}CurrentPos{317.375}bImmeStop{False}nAxisMask{2}
2023-07-08 15:49:19,038 [AppLog] INFO : 开启闪喷操作：IDP_FlashPrtCtl：返回值{True}
2023-07-08 15:49:19,038 [AppLog] INFO : 进入：EquipmentMotionLogic3=》准备创建对象-手动操作！
2023-07-08 15:49:19,038 [AppLog] INFO : 进入：EquipmentMotionLogic3=》不需重新创建-手动操作！
2023-07-08 15:49:19,038 [AppLog] INFO : 进入：EquipmentMotionLogic3=》赋值完成自-AutoPrintMotion2！
2023-07-08 15:49:19,038 [AppLog] INFO : 进入：EquipmentMotionLogic3=》加载配置文件-LoadJsonFile成功！
2023-07-08 15:49:19,038 [AppLog] INFO : 进入自动铺粉逻辑：NewAutoSupplyPowderThread2
2023-07-08 15:49:19,038 [AppLog] INFO : 电气控制模块：手动打开端口14
2023-07-08 15:49:19,038 [AppLog] INFO : 电气控制模块：手动打开端口15
2023-07-08 15:49:19,116 [AppLog] INFO : 手动正向点动指令（8轴运控板卡系统） ====》：输出AXIS{第1轴},点动量{-0.1MM},运动速度{2MM/s}
2023-07-08 15:49:19,116 [AppLog] INFO : 成形面高度下降层厚 TrapSpace{0.1mm}：TrapMoveUp(1, true, Convert.ToString(vel), Convert.ToString(TrapSpace), true, true）
2023-07-08 15:49:19,896 [AppLog] INFO : 手动正向点动指令（8轴运控板卡系统） ====》：输出AXIS{第1轴},点动量{-1.5MM},运动速度{2MM/s}
2023-07-08 15:49:19,896 [AppLog] INFO : 成形面高度下降指定厚度 TrapSpace{1.5mm}：TrapMoveUp(1, true, Convert.ToString(vel), Convert.ToString(TrapSpace), true, true）
2023-07-08 15:49:20,661 [AppLog] INFO : 手动正向点动指令（8轴运控板卡系统） ====》：输出AXIS{第1轴},点动量{1.5MM},运动速度{2MM/s}
2023-07-08 15:49:20,661 [AppLog] INFO : 电气控制模块：手动关闭端口15
2023-07-08 15:49:20,661 [AppLog] INFO : 电气控制模块：手动关闭端口14
2023-07-08 15:49:20,661 [AppLog] INFO : 成形面高度上升层厚 TrapSpace{1.5mm}：TrapMoveUp(1, true, Convert.ToString(vel), Convert.ToString(TrapSpace), true, true）
2023-07-08 15:49:20,910 [AppLog] INFO : 手动正向点动指令（8轴运控板卡系统） ====》：输出AXIS{第8轴},点动量{0.6MM},运动速度{2.5MM/s}
2023-07-08 15:49:20,910 [AppLog] INFO : Hopper落粉轴转2圈落粉，速度0.5rev/s：TrapMoveUp(8, true, 0.5, rotateNuM.ToString(), true, false)
2023-07-08 15:49:21,924 [AppLog] INFO : 开启铺粉车不等停运动，准备运动至准备打印位置215mm，速度250mm/s：BackToStation2
2023-07-08 15:49:22,782 [AppLog] INFO : 手动正向点动指令（8轴运控板卡系统） ====》：输出AXIS{第2轴},点动量{216.5MM},运动速度{250MM/s}
2023-07-08 15:49:22,782 [AppLog] INFO : 当前铺粉车位置：打印位置215mm
2023-07-08 15:49:22,782 [AppLog] INFO : 手动正向点动指令（8轴运控板卡系统） ====》：输出AXIS{第2轴},点动量{480MM},运动速度{25MM/s}
2023-07-08 15:49:22,782 [AppLog] INFO : 开启铺粉车不等停运动至准备打印位置695mm，速度25mm/s：BackToStation2
2023-07-08 15:49:22,891 [AppLog] INFO : 打开IR灯：OpenIRLamp(true)
2023-07-08 15:49:23,032 [AppLog] INFO : 手动正向点动指令（8轴运控板卡系统） ====》：输出AXIS{第3轴},点动量{0.125MM},运动速度{1MM/s}
2023-07-08 15:49:23,032 [AppLog] INFO : 在{40mm}处，落粉轴运动{45度}，落粉轴转速{1rev/s}：TrapMoveUp(3, true, Convert.ToString(DispenseRollerSpeed), 0.5, true, true)
2023-07-08 15:49:23,032 [AppLog] INFO : 手动正向点动指令（8轴运控板卡系统） ====》：输出AXIS{第3轴},点动量{0.5MM},运动速度{0.0376712328767123MM/s}
2023-07-08 15:49:23,032 [AppLog] INFO : 开启均匀落粉及辊子铺平运动：TrapMoveUp(3, true, Convert.ToString(DispenseRollerSpeed), 0.5, true, true)
2023-07-08 15:49:34,701 [AppLog] INFO : 关闭IR灯：OpenIRLamp(false)
2023-07-08 15:49:39,256 [AppLog] INFO : 手动正向点动指令（8轴运控板卡系统） ====》：输出AXIS{第3轴},点动量{0.5MM},运动速度{2MM/s}
2023-07-08 15:49:39,256 [AppLog] INFO : 落粉轴继续转动以倒掉余粉：TrapMoveUp(3, true, 2, 0.5, true, false)
2023-07-08 15:49:41,986 [AppLog] INFO : 电气控制模块：手动打开端口14
2023-07-08 15:49:41,986 [AppLog] INFO : 电气控制模块：手动打开端口15
2023-07-08 15:49:42,766 [AppLog] INFO : 手动正向点动指令（8轴运控板卡系统） ====》：输出AXIS{第1轴},点动量{-1.5MM},运动速度{2MM/s}
2023-07-08 15:49:42,766 [AppLog] INFO : 电气控制模块：手动关闭端口15
2023-07-08 15:49:42,766 [AppLog] INFO : 电气控制模块：手动关闭端口14
2023-07-08 15:49:42,766 [AppLog] INFO : 成形面高度下降指定厚度 TrapSpace{1.5mm}：TrapMoveUp(1, true, Convert.ToString(vel), Convert.ToString(TrapSpace), true, true）
2023-07-08 15:49:45,558 [AppLog] INFO : 手动正向点动指令（8轴运控板卡系统） ====》：输出AXIS{第2轴},点动量{-696.5MM},运动速度{250MM/s}
2023-07-08 15:49:45,558 [AppLog] INFO : 铺粉车返回至站1：BackToStation2(AimPos, MovSpeed, true)：-1.5mm，速度250mm/s：BackToStation2
2023-07-08 15:49:46,338 [AppLog] INFO : 落粉轴回零成功：motionMap.SetBackSpreaderAxis(3, 0.5, 2, -SinkPosition)：ReturnCode{True}
2023-07-08 15:49:46,338 [AppLog] INFO : 电气控制模块：手动打开端口14
2023-07-08 15:49:46,338 [AppLog] INFO : 电气控制模块：手动打开端口15
2023-07-08 15:49:47,103 [AppLog] INFO : 手动正向点动指令（8轴运控板卡系统） ====》：输出AXIS{第1轴},点动量{1.5MM},运动速度{2MM/s}
2023-07-08 15:49:47,103 [AppLog] INFO : 电气控制模块：手动关闭端口15
2023-07-08 15:49:47,103 [AppLog] INFO : 电气控制模块：手动关闭端口14
2023-07-08 15:49:47,103 [AppLog] INFO : 成形面高度上升层厚 TrapSpace{1.5mm}：TrapMoveUp(1, true, Convert.ToString(vel), Convert.ToString(TrapSpace), true, true）
2023-07-08 15:49:47,103 [AppLog] INFO : 自动铺粉正常结束：NewAutoSupplyPowderThread2
2023-07-08 15:49:47,103 [AppLog] INFO : 发送监控指令，拍照记录1条：SendMessageFromSharedMemory
2023-07-08 15:49:47,103 [AppLog] INFO : 铺粉模式：铺粉固化同时进行！
2023-07-08 15:49:47,103 [AppLog] INFO : 执行完成铺粉固化操作：EquipmentMotionLogic3：m_bApplyPowderSupplyMotion:0
2023-07-08 15:49:47,103 [AppLog] INFO : 接收到暂停打印指令：PrintTaskTHREAD
2023-07-08 15:49:47,103 [AppLog] INFO : 进入：EquipmentMotionLogic3=》准备创建对象-手动操作！
2023-07-08 15:49:47,103 [AppLog] INFO : 进入：EquipmentMotionLogic3=》不需重新创建-手动操作！
2023-07-08 15:49:47,103 [AppLog] INFO : 进入：EquipmentMotionLogic3=》赋值完成自-AutoPrintMotion2！
2023-07-08 15:49:47,118 [AppLog] INFO : 进入：EquipmentMotionLogic3=》加载配置文件-LoadJsonFile成功！
2023-07-08 15:49:47,118 [AppLog] INFO : 进入：AutoPrintThread3！
2023-07-08 15:49:47,118 [AppLog] INFO : 准备读取编码器位置：X方向！
2023-07-08 15:49:47,134 [AppLog] INFO : 准备运动，当前位置：DEV_GetPrintEncoderValue：MoveDirectionFlag{false为Y方向：False}CurrentPos{738.905}AimPos{758}
2023-07-08 15:49:47,165 [AppLog] INFO : X方向运动开始：DEM_Run：返回值{True}nAxis{0}DirFlag{True}nSpeed{300000}MoveStep{19095}nCtlValue{2}
2023-07-08 15:49:47,321 [AppLog] INFO : 准备处理第26层数据：准备调用RenderToWic，index为26，subindex为0，g_nRePrintTimes为1，起始层为0
2023-07-08 15:49:47,384 [AppLog] INFO : 完成处理第26层数据：准备调用DrawLayerBMP，index为26，起始层为0
2023-07-08 15:49:47,384 [AppLog] INFO : 完成处理第26层数据：准备调用DrawLayerBMP，index为26，起始层为0
2023-07-08 15:49:47,524 [AppLog] INFO : X方向到位停止：DEM_StopAxisRun：返回值{True}CurrentPos{754.625}bImmeStop{False}nAxisMask{1}
2023-07-08 15:49:47,524 [AppLog] INFO : 准备读取编码器位置：Y方向！
2023-07-08 15:49:47,540 [AppLog] INFO : 准备运动，编码器当前位置：DEM_GetAxisEncodeVal：MoveDirectionFlag{false为Y方向：True}CurrentPos{321.435}AimPos{317}
2023-07-08 15:49:47,664 [AppLog] INFO : Y方向运动开始：DEM_Run：返回值{True}nAxis{1}DirFlag{False}nSpeed{300000}MoveStep{-4443.386585}nCtlValue{1}
2023-07-08 15:49:47,727 [AppLog] INFO : Y方向到位停止：DEM_StopAxisRun：返回值{True}CurrentPos{317.67}bImmeStop{False}nAxisMask{2}
2023-07-08 15:49:47,742 [AppLog] INFO : 作业写入成功：IDP_WriteImgLayerData：bpp:{1bit}灰阶:{1阶}nLayerIndex{27}LayerIndex{26}SubIndex{1}RePrintTimes{1}nBytesPerLine{752}nWidth{6001}nHeight{7680}nXEncOff{0}nYJetOff{355}nImgStartJetIndex{0}nXDPI{476.25}nYDPI{600}nPrtDir{0} nPrtFlag{1}nColorCnts{1}nReserved{System.Int32[]}
2023-07-08 15:49:47,742 [AppLog] INFO : 完成处理第26层数据：准备调用RenderToWic，index为26，subindex为0，g_nRePrintTimes为1，起始层为0
2023-07-08 15:49:47,930 [AppLog] INFO : 接收到暂停打印指令：PrintTaskTHREAD
2023-07-08 15:49:47,930 [AppLog] INFO : 进入：EquipmentMotionLogic3=》准备创建对象-手动操作！
2023-07-08 15:49:47,930 [AppLog] INFO : 进入：EquipmentMotionLogic3=》不需重新创建-手动操作！
2023-07-08 15:49:47,930 [AppLog] INFO : 进入：EquipmentMotionLogic3=》赋值完成自-AutoPrintMotion2！
2023-07-08 15:49:47,930 [AppLog] INFO : 进入：EquipmentMotionLogic3=》加载配置文件-LoadJsonFile成功！
2023-07-08 15:49:47,930 [AppLog] INFO : 进入：AutoPrintThread3！
2023-07-08 15:49:47,930 [AppLog] INFO : 准备读取编码器位置：X方向！
2023-07-08 15:49:47,930 [AppLog] INFO : 准备运动，当前位置：DEV_GetPrintEncoderValue：MoveDirectionFlag{false为Y方向：False}CurrentPos{757.955}AimPos{758}
2023-07-08 15:49:47,961 [AppLog] INFO : X方向运动开始：DEM_Run：返回值{True}nAxis{0}DirFlag{True}nSpeed{300000}MoveStep{44.9999999999591}nCtlValue{2}
2023-07-08 15:49:48,023 [AppLog] INFO : X方向到位停止：DEM_StopAxisRun：返回值{True}CurrentPos{757.955}bImmeStop{False}nAxisMask{1}
2023-07-08 15:49:48,023 [AppLog] INFO : 准备读取编码器位置：Y方向！
2023-07-08 15:49:48,023 [AppLog] INFO : 准备运动，编码器当前位置：DEM_GetAxisEncodeVal：MoveDirectionFlag{false为Y方向：True}CurrentPos{317.075}AimPos{317}
2023-07-08 15:49:48,148 [AppLog] INFO : Y方向运动开始：DEM_Run：返回值{True}nAxis{1}DirFlag{False}nSpeed{300000}MoveStep{-75.1418249999886}nCtlValue{1}
2023-07-08 15:49:48,210 [AppLog] INFO : Y方向到位停止：DEM_StopAxisRun：返回值{True}CurrentPos{317.03}bImmeStop{False}nAxisMask{2}
2023-07-08 15:49:48,413 [AppLog] INFO : 接收到暂停打印指令：PrintTaskTHREAD
2023-07-08 15:49:48,413 [AppLog] INFO : 进入：EquipmentMotionLogic3=》准备创建对象-手动操作！
2023-07-08 15:49:48,413 [AppLog] INFO : 进入：EquipmentMotionLogic3=》不需重新创建-手动操作！
2023-07-08 15:49:48,413 [AppLog] INFO : 进入：EquipmentMotionLogic3=》赋值完成自-AutoPrintMotion2！
2023-07-08 15:49:48,413 [AppLog] INFO : 进入：EquipmentMotionLogic3=》加载配置文件-LoadJsonFile成功！
2023-07-08 15:49:48,413 [AppLog] INFO : 进入：AutoPrintThread3！
2023-07-08 15:49:48,413 [AppLog] INFO : 准备读取编码器位置：X方向！
2023-07-08 15:49:48,413 [AppLog] INFO : 准备运动，当前位置：DEV_GetPrintEncoderValue：MoveDirectionFlag{false为Y方向：False}CurrentPos{757.99}AimPos{758}
2023-07-08 15:49:48,444 [AppLog] INFO : X方向运动开始：DEM_Run：返回值{True}nAxis{0}DirFlag{True}nSpeed{300000}MoveStep{9.99999999999091}nCtlValue{2}
2023-07-08 15:49:48,507 [AppLog] INFO : X方向到位停止：DEM_StopAxisRun：返回值{True}CurrentPos{757.995}bImmeStop{False}nAxisMask{1}
2023-07-08 15:49:48,507 [AppLog] INFO : 准备读取编码器位置：Y方向！
2023-07-08 15:49:48,507 [AppLog] INFO : 准备运动，编码器当前位置：DEM_GetAxisEncodeVal：MoveDirectionFlag{false为Y方向：True}CurrentPos{317.01}AimPos{317}
2023-07-08 15:49:48,632 [AppLog] INFO : Y方向运动开始：DEM_Run：返回值{True}nAxis{1}DirFlag{False}nSpeed{300000}MoveStep{-10.0189099999909}nCtlValue{1}
2023-07-08 15:49:48,694 [AppLog] INFO : Y方向到位停止：DEM_StopAxisRun：返回值{True}CurrentPos{317.01}bImmeStop{False}nAxisMask{2}
2023-07-08 15:49:48,897 [AppLog] INFO : 接收到暂停打印指令：PrintTaskTHREAD
2023-07-08 15:49:48,897 [AppLog] INFO : 进入：EquipmentMotionLogic3=》准备创建对象-手动操作！
2023-07-08 15:49:48,897 [AppLog] INFO : 进入：EquipmentMotionLogic3=》不需重新创建-手动操作！
2023-07-08 15:49:48,897 [AppLog] INFO : 进入：EquipmentMotionLogic3=》赋值完成自-AutoPrintMotion2！
2023-07-08 15:49:48,897 [AppLog] INFO : 进入：EquipmentMotionLogic3=》加载配置文件-LoadJsonFile成功！
2023-07-08 15:49:48,897 [AppLog] INFO : 进入：AutoPrintThread3！
2023-07-08 15:49:48,897 [AppLog] INFO : 准备读取编码器位置：X方向！
2023-07-08 15:49:48,897 [AppLog] INFO : 准备运动，当前位置：DEV_GetPrintEncoderValue：MoveDirectionFlag{false为Y方向：False}CurrentPos{757.995}AimPos{758}
2023-07-08 15:49:48,928 [AppLog] INFO : X方向运动开始：DEM_Run：返回值{True}nAxis{0}DirFlag{True}nSpeed{300000}MoveStep{4.99999999999545}nCtlValue{2}
2023-07-08 15:49:48,990 [AppLog] INFO : X方向到位停止：DEM_StopAxisRun：返回值{True}CurrentPos{757.995}bImmeStop{False}nAxisMask{1}
2023-07-08 15:49:48,990 [AppLog] INFO : 准备读取编码器位置：Y方向！
2023-07-08 15:49:48,990 [AppLog] INFO : 准备运动，编码器当前位置：DEM_GetAxisEncodeVal：MoveDirectionFlag{false为Y方向：True}CurrentPos{317.005}AimPos{317}
2023-07-08 15:49:49,115 [AppLog] INFO : Y方向运动开始：DEM_Run：返回值{True}nAxis{1}DirFlag{False}nSpeed{300000}MoveStep{-5.00945499999544}nCtlValue{1}
2023-07-08 15:49:49,178 [AppLog] INFO : Y方向到位停止：DEM_StopAxisRun：返回值{True}CurrentPos{317.005}bImmeStop{False}nAxisMask{2}
2023-07-08 15:49:49,380 [AppLog] INFO : 接收到暂停打印指令：PrintTaskTHREAD
2023-07-08 15:49:49,380 [AppLog] INFO : 进入：EquipmentMotionLogic3=》准备创建对象-手动操作！
2023-07-08 15:49:49,380 [AppLog] INFO : 进入：EquipmentMotionLogic3=》不需重新创建-手动操作！
2023-07-08 15:49:49,380 [AppLog] INFO : 进入：EquipmentMotionLogic3=》赋值完成自-AutoPrintMotion2！
2023-07-08 15:49:49,380 [AppLog] INFO : 进入：EquipmentMotionLogic3=》加载配置文件-LoadJsonFile成功！
2023-07-08 15:49:49,380 [AppLog] INFO : 进入：AutoPrintThread3！
2023-07-08 15:49:49,380 [AppLog] INFO : 准备读取编码器位置：X方向！
2023-07-08 15:49:49,380 [AppLog] INFO : 准备运动，当前位置：DEV_GetPrintEncoderValue：MoveDirectionFlag{false为Y方向：False}CurrentPos{757.995}AimPos{758}
2023-07-08 15:49:49,412 [AppLog] INFO : X方向运动开始：DEM_Run：返回值{True}nAxis{0}DirFlag{True}nSpeed{300000}MoveStep{4.99999999999545}nCtlValue{2}
2023-07-08 15:49:49,474 [AppLog] INFO : X方向到位停止：DEM_StopAxisRun：返回值{True}CurrentPos{757.995}bImmeStop{False}nAxisMask{1}
2023-07-08 15:49:49,474 [AppLog] INFO : 准备读取编码器位置：Y方向！
2023-07-08 15:49:49,474 [AppLog] INFO : 准备运动，编码器当前位置：DEM_GetAxisEncodeVal：MoveDirectionFlag{false为Y方向：True}CurrentPos{317}AimPos{317}
2023-07-08 15:49:49,474 [AppLog] INFO : Y方向运动开始：DEM_Run：返回值{True}nAxis{1}DirFlag{False}nSpeed{300000}MoveStep{0}nCtlValue{1}
2023-07-08 15:49:49,536 [AppLog] INFO : Y方向到位停止：DEM_StopAxisRun：返回值{True}CurrentPos{317}bImmeStop{False}nAxisMask{2}
2023-07-08 15:49:49,739 [AppLog] INFO : 接收到暂停打印指令：PrintTaskTHREAD
2023-07-08 15:49:49,739 [AppLog] INFO : 进入：EquipmentMotionLogic3=》准备创建对象-手动操作！
2023-07-08 15:49:49,739 [AppLog] INFO : 进入：EquipmentMotionLogic3=》不需重新创建-手动操作！
2023-07-08 15:49:49,739 [AppLog] INFO : 进入：EquipmentMotionLogic3=》赋值完成自-AutoPrintMotion2！
2023-07-08 15:49:49,739 [AppLog] INFO : 进入：EquipmentMotionLogic3=》加载配置文件-LoadJsonFile成功！
2023-07-08 15:49:49,739 [AppLog] INFO : 进入：AutoPrintThread3！
2023-07-08 15:49:49,739 [AppLog] INFO : 准备读取编码器位置：X方向！
2023-07-08 15:49:49,739 [AppLog] INFO : 准备运动，当前位置：DEV_GetPrintEncoderValue：MoveDirectionFlag{false为Y方向：False}CurrentPos{758}AimPos{758}
2023-07-08 15:49:49,739 [AppLog] INFO : X方向运动开始：DEM_Run：返回值{True}nAxis{0}DirFlag{False}nSpeed{300000}MoveStep{0}nCtlValue{2}
2023-07-08 15:49:49,802 [AppLog] INFO : X方向到位停止：DEM_StopAxisRun：返回值{True}CurrentPos{758}bImmeStop{False}nAxisMask{1}
2023-07-08 15:49:49,802 [AppLog] INFO : 准备读取编码器位置：Y方向！
2023-07-08 15:49:49,802 [AppLog] INFO : 准备运动，编码器当前位置：DEM_GetAxisEncodeVal：MoveDirectionFlag{false为Y方向：True}CurrentPos{317}AimPos{317}
2023-07-08 15:49:49,802 [AppLog] INFO : Y方向运动开始：DEM_Run：返回值{True}nAxis{1}DirFlag{False}nSpeed{300000}MoveStep{0}nCtlValue{1}
2023-07-08 15:49:49,864 [AppLog] INFO : Y方向到位停止：DEM_StopAxisRun：返回值{True}CurrentPos{317}bImmeStop{False}nAxisMask{2}
2023-07-08 15:49:50,067 [AppLog] INFO : 接收到暂停打印指令：PrintTaskTHREAD
2023-07-08 15:49:50,067 [AppLog] INFO : 进入：EquipmentMotionLogic3=》准备创建对象-手动操作！
2023-07-08 15:49:50,067 [AppLog] INFO : 进入：EquipmentMotionLogic3=》不需重新创建-手动操作！
2023-07-08 15:49:50,067 [AppLog] INFO : 进入：EquipmentMotionLogic3=》赋值完成自-AutoPrintMotion2！
2023-07-08 15:49:50,067 [AppLog] INFO : 进入：EquipmentMotionLogic3=》加载配置文件-LoadJsonFile成功！
2023-07-08 15:49:50,067 [AppLog] INFO : 进入：AutoPrintThread3！
2023-07-08 15:49:50,067 [AppLog] INFO : 准备读取编码器位置：X方向！
2023-07-08 15:49:50,067 [AppLog] INFO : 准备运动，当前位置：DEV_GetPrintEncoderValue：MoveDirectionFlag{false为Y方向：False}CurrentPos{758.005}AimPos{758}
2023-07-08 15:49:50,114 [AppLog] INFO : X方向运动开始：DEM_Run：返回值{True}nAxis{0}DirFlag{False}nSpeed{300000}MoveStep{-4.99999999999545}nCtlValue{2}
2023-07-08 15:49:50,176 [AppLog] INFO : X方向到位停止：DEM_StopAxisRun：返回值{True}CurrentPos{758.005}bImmeStop{False}nAxisMask{1}
2023-07-08 15:49:50,176 [AppLog] INFO : 准备读取编码器位置：Y方向！
2023-07-08 15:49:50,176 [AppLog] INFO : 准备运动，编码器当前位置：DEM_GetAxisEncodeVal：MoveDirectionFlag{false为Y方向：True}CurrentPos{317}AimPos{317}
2023-07-08 15:49:50,176 [AppLog] INFO : Y方向运动开始：DEM_Run：返回值{True}nAxis{1}DirFlag{False}nSpeed{300000}MoveStep{0}nCtlValue{1}
2023-07-08 15:49:50,238 [AppLog] INFO : Y方向到位停止：DEM_StopAxisRun：返回值{True}CurrentPos{317}bImmeStop{False}nAxisMask{2}
2023-07-08 15:49:50,441 [AppLog] INFO : 接收到暂停打印指令：PrintTaskTHREAD
2023-07-08 15:49:50,441 [AppLog] INFO : 进入：EquipmentMotionLogic3=》准备创建对象-手动操作！
2023-07-08 15:49:50,441 [AppLog] INFO : 进入：EquipmentMotionLogic3=》不需重新创建-手动操作！
2023-07-08 15:49:50,441 [AppLog] INFO : 进入：EquipmentMotionLogic3=》赋值完成自-AutoPrintMotion2！
2023-07-08 15:49:50,441 [AppLog] INFO : 进入：EquipmentMotionLogic3=》加载配置文件-LoadJsonFile成功！
2023-07-08 15:49:50,441 [AppLog] INFO : 进入：AutoPrintThread3！
2023-07-08 15:49:50,441 [AppLog] INFO : 准备读取编码器位置：X方向！
2023-07-08 15:49:50,457 [AppLog] INFO : 准备运动，当前位置：DEV_GetPrintEncoderValue：MoveDirectionFlag{false为Y方向：False}CurrentPos{758.005}AimPos{758}
2023-07-08 15:49:50,488 [AppLog] INFO : X方向运动开始：DEM_Run：返回值{True}nAxis{0}DirFlag{False}nSpeed{300000}MoveStep{-4.99999999999545}nCtlValue{2}
2023-07-08 15:49:50,550 [AppLog] INFO : X方向到位停止：DEM_StopAxisRun：返回值{True}CurrentPos{758.005}bImmeStop{False}nAxisMask{1}
2023-07-08 15:49:50,550 [AppLog] INFO : 准备读取编码器位置：Y方向！
2023-07-08 15:49:50,550 [AppLog] INFO : 准备运动，编码器当前位置：DEM_GetAxisEncodeVal：MoveDirectionFlag{false为Y方向：True}CurrentPos{317}AimPos{317}
2023-07-08 15:49:50,550 [AppLog] INFO : Y方向运动开始：DEM_Run：返回值{True}nAxis{1}DirFlag{False}nSpeed{300000}MoveStep{0}nCtlValue{1}
2023-07-08 15:49:50,613 [AppLog] INFO : Y方向到位停止：DEM_StopAxisRun：返回值{True}CurrentPos{317}bImmeStop{False}nAxisMask{2}
2023-07-08 15:49:50,816 [AppLog] INFO : 接收到暂停打印指令：PrintTaskTHREAD
2023-07-08 15:49:50,816 [AppLog] INFO : 进入：EquipmentMotionLogic3=》准备创建对象-手动操作！
2023-07-08 15:49:50,816 [AppLog] INFO : 进入：EquipmentMotionLogic3=》不需重新创建-手动操作！
2023-07-08 15:49:50,816 [AppLog] INFO : 进入：EquipmentMotionLogic3=》赋值完成自-AutoPrintMotion2！
2023-07-08 15:49:50,816 [AppLog] INFO : 进入：EquipmentMotionLogic3=》加载配置文件-LoadJsonFile成功！
2023-07-08 15:49:50,816 [AppLog] INFO : 进入：AutoPrintThread3！
2023-07-08 15:49:50,816 [AppLog] INFO : 准备读取编码器位置：X方向！
2023-07-08 15:49:50,816 [AppLog] INFO : 准备运动，当前位置：DEV_GetPrintEncoderValue：MoveDirectionFlag{false为Y方向：False}CurrentPos{758.005}AimPos{758}
2023-07-08 15:49:50,847 [AppLog] INFO : X方向运动开始：DEM_Run：返回值{True}nAxis{0}DirFlag{False}nSpeed{300000}MoveStep{-4.99999999999545}nCtlValue{2}
2023-07-08 15:49:50,909 [AppLog] INFO : X方向到位停止：DEM_StopAxisRun：返回值{True}CurrentPos{758.005}bImmeStop{False}nAxisMask{1}
2023-07-08 15:49:50,909 [AppLog] INFO : 准备读取编码器位置：Y方向！
2023-07-08 15:49:50,909 [AppLog] INFO : 准备运动，编码器当前位置：DEM_GetAxisEncodeVal：MoveDirectionFlag{false为Y方向：True}CurrentPos{317}AimPos{317}
2023-07-08 15:49:50,909 [AppLog] INFO : Y方向运动开始：DEM_Run：返回值{True}nAxis{1}DirFlag{False}nSpeed{300000}MoveStep{0}nCtlValue{1}
2023-07-08 15:49:50,972 [AppLog] INFO : Y方向到位停止：DEM_StopAxisRun：返回值{True}CurrentPos{317}bImmeStop{False}nAxisMask{2}
2023-07-08 15:49:51,174 [AppLog] INFO : 接收到暂停打印指令：PrintTaskTHREAD
2023-07-08 15:49:51,174 [AppLog] INFO : 进入：EquipmentMotionLogic3=》准备创建对象-手动操作！
2023-07-08 15:49:51,174 [AppLog] INFO : 进入：EquipmentMotionLogic3=》不需重新创建-手动操作！
2023-07-08 15:49:51,174 [AppLog] INFO : 进入：EquipmentMotionLogic3=》赋值完成自-AutoPrintMotion2！
2023-07-08 15:49:51,174 [AppLog] INFO : 进入：EquipmentMotionLogic3=》加载配置文件-LoadJsonFile成功！
2023-07-08 15:49:51,174 [AppLog] INFO : 进入：AutoPrintThread3！
2023-07-08 15:49:51,174 [AppLog] INFO : 准备读取编码器位置：X方向！
2023-07-08 15:49:51,174 [AppLog] INFO : 准备运动，当前位置：DEV_GetPrintEncoderValue：MoveDirectionFlag{false为Y方向：False}CurrentPos{758.005}AimPos{758}
2023-07-08 15:49:51,206 [AppLog] INFO : X方向运动开始：DEM_Run：返回值{True}nAxis{0}DirFlag{False}nSpeed{300000}MoveStep{-4.99999999999545}nCtlValue{2}
2023-07-08 15:49:51,268 [AppLog] INFO : X方向到位停止：DEM_StopAxisRun：返回值{True}CurrentPos{758.005}bImmeStop{False}nAxisMask{1}
2023-07-08 15:49:51,268 [AppLog] INFO : 准备读取编码器位置：Y方向！
2023-07-08 15:49:51,268 [AppLog] INFO : 准备运动，编码器当前位置：DEM_GetAxisEncodeVal：MoveDirectionFlag{false为Y方向：True}CurrentPos{317}AimPos{317}
2023-07-08 15:49:51,268 [AppLog] INFO : Y方向运动开始：DEM_Run：返回值{True}nAxis{1}DirFlag{False}nSpeed{300000}MoveStep{0}nCtlValue{1}
2023-07-08 15:49:51,330 [AppLog] INFO : Y方向到位停止：DEM_StopAxisRun：返回值{True}CurrentPos{317}bImmeStop{False}nAxisMask{2}
2023-07-08 15:49:51,533 [AppLog] INFO : 接收到暂停打印指令：PrintTaskTHREAD
2023-07-08 15:49:51,533 [AppLog] INFO : 进入：EquipmentMotionLogic3=》准备创建对象-手动操作！
2023-07-08 15:49:51,533 [AppLog] INFO : 进入：EquipmentMotionLogic3=》不需重新创建-手动操作！
2023-07-08 15:49:51,533 [AppLog] INFO : 进入：EquipmentMotionLogic3=》赋值完成自-AutoPrintMotion2！
2023-07-08 15:49:51,533 [AppLog] INFO : 进入：EquipmentMotionLogic3=》加载配置文件-LoadJsonFile成功！
2023-07-08 15:49:51,533 [AppLog] INFO : 进入：AutoPrintThread3！
2023-07-08 15:49:51,533 [AppLog] INFO : 准备读取编码器位置：X方向！
2023-07-08 15:49:51,533 [AppLog] INFO : 准备运动，当前位置：DEV_GetPrintEncoderValue：MoveDirectionFlag{false为Y方向：False}CurrentPos{758.005}AimPos{758}
2023-07-08 15:49:51,564 [AppLog] INFO : X方向运动开始：DEM_Run：返回值{True}nAxis{0}DirFlag{False}nSpeed{300000}MoveStep{-4.99999999999545}nCtlValue{2}
2023-07-08 15:49:51,627 [AppLog] INFO : X方向到位停止：DEM_StopAxisRun：返回值{True}CurrentPos{758.005}bImmeStop{False}nAxisMask{1}
2023-07-08 15:49:51,627 [AppLog] INFO : 准备读取编码器位置：Y方向！
2023-07-08 15:49:51,627 [AppLog] INFO : 准备运动，编码器当前位置：DEM_GetAxisEncodeVal：MoveDirectionFlag{false为Y方向：True}CurrentPos{317}AimPos{317}
2023-07-08 15:49:51,627 [AppLog] INFO : Y方向运动开始：DEM_Run：返回值{True}nAxis{1}DirFlag{False}nSpeed{300000}MoveStep{0}nCtlValue{1}
2023-07-08 15:49:51,705 [AppLog] INFO : Y方向到位停止：DEM_StopAxisRun：返回值{True}CurrentPos{317}bImmeStop{False}nAxisMask{2}
2023-07-08 15:49:51,908 [AppLog] INFO : 接收到暂停打印指令：PrintTaskTHREAD
2023-07-08 15:49:51,908 [AppLog] INFO : 进入：EquipmentMotionLogic3=》准备创建对象-手动操作！
2023-07-08 15:49:51,908 [AppLog] INFO : 进入：EquipmentMotionLogic3=》不需重新创建-手动操作！
2023-07-08 15:49:51,908 [AppLog] INFO : 进入：EquipmentMotionLogic3=》赋值完成自-AutoPrintMotion2！
2023-07-08 15:49:51,908 [AppLog] INFO : 进入：EquipmentMotionLogic3=》加载配置文件-LoadJsonFile成功！
2023-07-08 15:49:51,908 [AppLog] INFO : 进入：AutoPrintThread3！
2023-07-08 15:49:51,908 [AppLog] INFO : 准备读取编码器位置：X方向！
2023-07-08 15:49:51,908 [AppLog] INFO : 准备运动，当前位置：DEV_GetPrintEncoderValue：MoveDirectionFlag{false为Y方向：False}CurrentPos{758}AimPos{758}
2023-07-08 15:49:51,908 [AppLog] INFO : X方向运动开始：DEM_Run：返回值{True}nAxis{0}DirFlag{False}nSpeed{300000}MoveStep{0}nCtlValue{2}
2023-07-08 15:49:51,970 [AppLog] INFO : X方向到位停止：DEM_StopAxisRun：返回值{True}CurrentPos{758}bImmeStop{False}nAxisMask{1}
2023-07-08 15:49:51,970 [AppLog] INFO : 准备读取编码器位置：Y方向！
2023-07-08 15:49:51,970 [AppLog] INFO : 准备运动，编码器当前位置：DEM_GetAxisEncodeVal：MoveDirectionFlag{false为Y方向：True}CurrentPos{317}AimPos{317}
2023-07-08 15:49:51,970 [AppLog] INFO : Y方向运动开始：DEM_Run：返回值{True}nAxis{1}DirFlag{False}nSpeed{300000}MoveStep{0}nCtlValue{1}
2023-07-08 15:49:52,032 [AppLog] INFO : Y方向到位停止：DEM_StopAxisRun：返回值{True}CurrentPos{317}bImmeStop{False}nAxisMask{2}
2023-07-08 15:49:52,235 [AppLog] INFO : 接收到暂停打印指令：PrintTaskTHREAD
2023-07-08 15:49:52,235 [AppLog] INFO : 进入：EquipmentMotionLogic3=》准备创建对象-手动操作！
2023-07-08 15:49:52,235 [AppLog] INFO : 进入：EquipmentMotionLogic3=》不需重新创建-手动操作！
2023-07-08 15:49:52,235 [AppLog] INFO : 进入：EquipmentMotionLogic3=》赋值完成自-AutoPrintMotion2！
2023-07-08 15:49:52,235 [AppLog] INFO : 进入：EquipmentMotionLogic3=》加载配置文件-LoadJsonFile成功！
2023-07-08 15:49:52,235 [AppLog] INFO : 进入：AutoPrintThread3！
2023-07-08 15:49:52,235 [AppLog] INFO : 准备读取编码器位置：X方向！
2023-07-08 15:49:52,235 [AppLog] INFO : 准备运动，当前位置：DEV_GetPrintEncoderValue：MoveDirectionFlag{false为Y方向：False}CurrentPos{758}AimPos{758}
2023-07-08 15:49:52,235 [AppLog] INFO : X方向运动开始：DEM_Run：返回值{True}nAxis{0}DirFlag{False}nSpeed{300000}MoveStep{0}nCtlValue{2}
2023-07-08 15:49:52,298 [AppLog] INFO : X方向到位停止：DEM_StopAxisRun：返回值{True}CurrentPos{758}bImmeStop{False}nAxisMask{1}
2023-07-08 15:49:52,298 [AppLog] INFO : 准备读取编码器位置：Y方向！
2023-07-08 15:49:52,298 [AppLog] INFO : 准备运动，编码器当前位置：DEM_GetAxisEncodeVal：MoveDirectionFlag{false为Y方向：True}CurrentPos{317}AimPos{317}
2023-07-08 15:49:52,298 [AppLog] INFO : Y方向运动开始：DEM_Run：返回值{True}nAxis{1}DirFlag{False}nSpeed{300000}MoveStep{0}nCtlValue{1}
2023-07-08 15:49:52,360 [AppLog] INFO : Y方向到位停止：DEM_StopAxisRun：返回值{True}CurrentPos{317}bImmeStop{False}nAxisMask{2}
2023-07-08 15:49:52,563 [AppLog] INFO : 接收到暂停打印指令：PrintTaskTHREAD
2023-07-08 15:49:52,563 [AppLog] INFO : 进入：EquipmentMotionLogic3=》准备创建对象-手动操作！
2023-07-08 15:49:52,563 [AppLog] INFO : 进入：EquipmentMotionLogic3=》不需重新创建-手动操作！
2023-07-08 15:49:52,563 [AppLog] INFO : 进入：EquipmentMotionLogic3=》赋值完成自-AutoPrintMotion2！
2023-07-08 15:49:52,563 [AppLog] INFO : 进入：EquipmentMotionLogic3=》加载配置文件-LoadJsonFile成功！
2023-07-08 15:49:52,563 [AppLog] INFO : 进入：AutoPrintThread3！
2023-07-08 15:49:52,563 [AppLog] INFO : 准备读取编码器位置：X方向！
2023-07-08 15:49:52,563 [AppLog] INFO : 准备运动，当前位置：DEV_GetPrintEncoderValue：MoveDirectionFlag{false为Y方向：False}CurrentPos{758}AimPos{758}
2023-07-08 15:49:52,563 [AppLog] INFO : X方向运动开始：DEM_Run：返回值{True}nAxis{0}DirFlag{False}nSpeed{300000}MoveStep{0}nCtlValue{2}
2023-07-08 15:49:52,625 [AppLog] INFO : X方向到位停止：DEM_StopAxisRun：返回值{True}CurrentPos{758}bImmeStop{False}nAxisMask{1}
2023-07-08 15:49:52,625 [AppLog] INFO : 准备读取编码器位置：Y方向！
2023-07-08 15:49:52,625 [AppLog] INFO : 准备运动，编码器当前位置：DEM_GetAxisEncodeVal：MoveDirectionFlag{false为Y方向：True}CurrentPos{317}AimPos{317}
2023-07-08 15:49:52,625 [AppLog] INFO : Y方向运动开始：DEM_Run：返回值{True}nAxis{1}DirFlag{False}nSpeed{300000}MoveStep{0}nCtlValue{1}
2023-07-08 15:49:52,688 [AppLog] INFO : Y方向到位停止：DEM_StopAxisRun：返回值{True}CurrentPos{317}bImmeStop{False}nAxisMask{2}
2023-07-08 15:49:52,890 [AppLog] INFO : 接收到暂停打印指令：PrintTaskTHREAD
2023-07-08 15:49:52,890 [AppLog] INFO : 进入：EquipmentMotionLogic3=》准备创建对象-手动操作！
2023-07-08 15:49:52,890 [AppLog] INFO : 进入：EquipmentMotionLogic3=》不需重新创建-手动操作！
2023-07-08 15:49:52,890 [AppLog] INFO : 进入：EquipmentMotionLogic3=》赋值完成自-AutoPrintMotion2！
2023-07-08 15:49:52,890 [AppLog] INFO : 进入：EquipmentMotionLogic3=》加载配置文件-LoadJsonFile成功！
2023-07-08 15:49:52,890 [AppLog] INFO : 进入：AutoPrintThread3！
2023-07-08 15:49:52,890 [AppLog] INFO : 准备读取编码器位置：X方向！
2023-07-08 15:49:52,890 [AppLog] INFO : 准备运动，当前位置：DEV_GetPrintEncoderValue：MoveDirectionFlag{false为Y方向：False}CurrentPos{758}AimPos{758}
2023-07-08 15:49:52,890 [AppLog] INFO : X方向运动开始：DEM_Run：返回值{True}nAxis{0}DirFlag{False}nSpeed{300000}MoveStep{0}nCtlValue{2}
2023-07-08 15:49:52,953 [AppLog] INFO : X方向到位停止：DEM_StopAxisRun：返回值{True}CurrentPos{758}bImmeStop{False}nAxisMask{1}
2023-07-08 15:49:52,953 [AppLog] INFO : 准备读取编码器位置：Y方向！
2023-07-08 15:49:52,953 [AppLog] INFO : 准备运动，编码器当前位置：DEM_GetAxisEncodeVal：MoveDirectionFlag{false为Y方向：True}CurrentPos{317}AimPos{317}
2023-07-08 15:49:52,953 [AppLog] INFO : Y方向运动开始：DEM_Run：返回值{True}nAxis{1}DirFlag{False}nSpeed{300000}MoveStep{0}nCtlValue{1}
2023-07-08 15:49:53,015 [AppLog] INFO : Y方向到位停止：DEM_StopAxisRun：返回值{True}CurrentPos{317}bImmeStop{False}nAxisMask{2}
2023-07-08 15:49:53,218 [AppLog] INFO : 接收到暂停打印指令：PrintTaskTHREAD
2023-07-08 15:49:53,218 [AppLog] INFO : 进入：EquipmentMotionLogic3=》准备创建对象-手动操作！
2023-07-08 15:49:53,218 [AppLog] INFO : 进入：EquipmentMotionLogic3=》不需重新创建-手动操作！
2023-07-08 15:49:53,218 [AppLog] INFO : 进入：EquipmentMotionLogic3=》赋值完成自-AutoPrintMotion2！
2023-07-08 15:49:53,218 [AppLog] INFO : 进入：EquipmentMotionLogic3=》加载配置文件-LoadJsonFile成功！
2023-07-08 15:49:53,218 [AppLog] INFO : 进入：AutoPrintThread3！
2023-07-08 15:49:53,218 [AppLog] INFO : 准备读取编码器位置：X方向！
2023-07-08 15:49:53,218 [AppLog] INFO : 准备运动，当前位置：DEV_GetPrintEncoderValue：MoveDirectionFlag{false为Y方向：False}CurrentPos{758}AimPos{758}
2023-07-08 15:49:53,218 [AppLog] INFO : X方向运动开始：DEM_Run：返回值{True}nAxis{0}DirFlag{False}nSpeed{300000}MoveStep{0}nCtlValue{2}
2023-07-08 15:49:53,280 [AppLog] INFO : X方向到位停止：DEM_StopAxisRun：返回值{True}CurrentPos{758}bImmeStop{False}nAxisMask{1}
2023-07-08 15:49:53,280 [AppLog] INFO : 准备读取编码器位置：Y方向！
2023-07-08 15:49:53,280 [AppLog] INFO : 准备运动，编码器当前位置：DEM_GetAxisEncodeVal：MoveDirectionFlag{false为Y方向：True}CurrentPos{317}AimPos{317}
2023-07-08 15:49:53,280 [AppLog] INFO : Y方向运动开始：DEM_Run：返回值{True}nAxis{1}DirFlag{False}nSpeed{300000}MoveStep{0}nCtlValue{1}
2023-07-08 15:49:53,343 [AppLog] INFO : Y方向到位停止：DEM_StopAxisRun：返回值{True}CurrentPos{317}bImmeStop{False}nAxisMask{2}
2023-07-08 15:49:53,546 [AppLog] INFO : 接收到暂停打印指令：PrintTaskTHREAD
2023-07-08 15:49:53,546 [AppLog] INFO : 进入：EquipmentMotionLogic3=》准备创建对象-手动操作！
2023-07-08 15:49:53,546 [AppLog] INFO : 进入：EquipmentMotionLogic3=》不需重新创建-手动操作！
2023-07-08 15:49:53,546 [AppLog] INFO : 进入：EquipmentMotionLogic3=》赋值完成自-AutoPrintMotion2！
2023-07-08 15:49:53,546 [AppLog] INFO : 进入：EquipmentMotionLogic3=》加载配置文件-LoadJsonFile成功！
2023-07-08 15:49:53,546 [AppLog] INFO : 进入：AutoPrintThread3！
2023-07-08 15:49:53,546 [AppLog] INFO : 准备读取编码器位置：X方向！
2023-07-08 15:49:53,546 [AppLog] INFO : 准备运动，当前位置：DEV_GetPrintEncoderValue：MoveDirectionFlag{false为Y方向：False}CurrentPos{758}AimPos{758}
2023-07-08 15:49:53,546 [AppLog] INFO : X方向运动开始：DEM_Run：返回值{True}nAxis{0}DirFlag{False}nSpeed{300000}MoveStep{0}nCtlValue{2}
2023-07-08 15:49:53,624 [AppLog] INFO : X方向到位停止：DEM_StopAxisRun：返回值{True}CurrentPos{758}bImmeStop{False}nAxisMask{1}
2023-07-08 15:49:53,624 [AppLog] INFO : 准备读取编码器位置：Y方向！
2023-07-08 15:49:53,639 [AppLog] INFO : 准备运动，编码器当前位置：DEM_GetAxisEncodeVal：MoveDirectionFlag{false为Y方向：True}CurrentPos{317}AimPos{317}
2023-07-08 15:49:53,639 [AppLog] INFO : Y方向运动开始：DEM_Run：返回值{True}nAxis{1}DirFlag{False}nSpeed{300000}MoveStep{0}nCtlValue{1}
2023-07-08 15:49:53,702 [AppLog] INFO : Y方向到位停止：DEM_StopAxisRun：返回值{True}CurrentPos{317}bImmeStop{False}nAxisMask{2}
2023-07-08 15:49:53,904 [AppLog] INFO : 接收到暂停打印指令：PrintTaskTHREAD
2023-07-08 15:49:53,904 [AppLog] INFO : 进入：EquipmentMotionLogic3=》准备创建对象-手动操作！
2023-07-08 15:49:53,904 [AppLog] INFO : 进入：EquipmentMotionLogic3=》不需重新创建-手动操作！
2023-07-08 15:49:53,904 [AppLog] INFO : 进入：EquipmentMotionLogic3=》赋值完成自-AutoPrintMotion2！
2023-07-08 15:49:53,904 [AppLog] INFO : 进入：EquipmentMotionLogic3=》加载配置文件-LoadJsonFile成功！
2023-07-08 15:49:53,904 [AppLog] INFO : 进入：AutoPrintThread3！
2023-07-08 15:49:53,904 [AppLog] INFO : 准备读取编码器位置：X方向！
2023-07-08 15:49:53,904 [AppLog] INFO : 准备运动，当前位置：DEV_GetPrintEncoderValue：MoveDirectionFlag{false为Y方向：False}CurrentPos{758}AimPos{758}
2023-07-08 15:49:53,904 [AppLog] INFO : X方向运动开始：DEM_Run：返回值{True}nAxis{0}DirFlag{False}nSpeed{300000}MoveStep{0}nCtlValue{2}
2023-07-08 15:49:53,967 [AppLog] INFO : X方向到位停止：DEM_StopAxisRun：返回值{True}CurrentPos{758}bImmeStop{False}nAxisMask{1}
2023-07-08 15:49:53,967 [AppLog] INFO : 准备读取编码器位置：Y方向！
2023-07-08 15:49:53,967 [AppLog] INFO : 准备运动，编码器当前位置：DEM_GetAxisEncodeVal：MoveDirectionFlag{false为Y方向：True}CurrentPos{317}AimPos{317}
2023-07-08 15:49:53,967 [AppLog] INFO : Y方向运动开始：DEM_Run：返回值{True}nAxis{1}DirFlag{False}nSpeed{300000}MoveStep{0}nCtlValue{1}
2023-07-08 15:49:54,029 [AppLog] INFO : Y方向到位停止：DEM_StopAxisRun：返回值{True}CurrentPos{317}bImmeStop{False}nAxisMask{2}
2023-07-08 15:49:54,232 [AppLog] INFO : 接收到暂停打印指令：PrintTaskTHREAD
2023-07-08 15:49:54,232 [AppLog] INFO : 进入：EquipmentMotionLogic3=》准备创建对象-手动操作！
2023-07-08 15:49:54,232 [AppLog] INFO : 进入：EquipmentMotionLogic3=》不需重新创建-手动操作！
2023-07-08 15:49:54,232 [AppLog] INFO : 进入：EquipmentMotionLogic3=》赋值完成自-AutoPrintMotion2！
2023-07-08 15:49:54,232 [AppLog] INFO : 进入：EquipmentMotionLogic3=》加载配置文件-LoadJsonFile成功！
2023-07-08 15:49:54,232 [AppLog] INFO : 进入：AutoPrintThread3！
2023-07-08 15:49:54,232 [AppLog] INFO : 准备读取编码器位置：X方向！
2023-07-08 15:49:54,232 [AppLog] INFO : 准备运动，当前位置：DEV_GetPrintEncoderValue：MoveDirectionFlag{false为Y方向：False}CurrentPos{758}AimPos{758}
2023-07-08 15:49:54,232 [AppLog] INFO : X方向运动开始：DEM_Run：返回值{True}nAxis{0}DirFlag{False}nSpeed{300000}MoveStep{0}nCtlValue{2}
2023-07-08 15:49:54,294 [AppLog] INFO : X方向到位停止：DEM_StopAxisRun：返回值{True}CurrentPos{758}bImmeStop{False}nAxisMask{1}
2023-07-08 15:49:54,294 [AppLog] INFO : 准备读取编码器位置：Y方向！
2023-07-08 15:49:54,294 [AppLog] INFO : 准备运动，编码器当前位置：DEM_GetAxisEncodeVal：MoveDirectionFlag{false为Y方向：True}CurrentPos{317}AimPos{317}
2023-07-08 15:49:54,294 [AppLog] INFO : Y方向运动开始：DEM_Run：返回值{True}nAxis{1}DirFlag{False}nSpeed{300000}MoveStep{0}nCtlValue{1}
2023-07-08 15:49:54,357 [AppLog] INFO : Y方向到位停止：DEM_StopAxisRun：返回值{True}CurrentPos{317}bImmeStop{False}nAxisMask{2}
2023-07-08 15:49:54,560 [AppLog] INFO : 接收到暂停打印指令：PrintTaskTHREAD
2023-07-08 15:49:54,560 [AppLog] INFO : 进入：EquipmentMotionLogic3=》准备创建对象-手动操作！
2023-07-08 15:49:54,560 [AppLog] INFO : 进入：EquipmentMotionLogic3=》不需重新创建-手动操作！
2023-07-08 15:49:54,560 [AppLog] INFO : 进入：EquipmentMotionLogic3=》赋值完成自-AutoPrintMotion2！
2023-07-08 15:49:54,560 [AppLog] INFO : 进入：EquipmentMotionLogic3=》加载配置文件-LoadJsonFile成功！
2023-07-08 15:49:54,560 [AppLog] INFO : 进入：AutoPrintThread3！
2023-07-08 15:49:54,560 [AppLog] INFO : 准备读取编码器位置：X方向！
2023-07-08 15:49:54,575 [AppLog] INFO : 准备运动，当前位置：DEV_GetPrintEncoderValue：MoveDirectionFlag{false为Y方向：False}CurrentPos{758}AimPos{758}
2023-07-08 15:49:54,575 [AppLog] INFO : X方向运动开始：DEM_Run：返回值{True}nAxis{0}DirFlag{False}nSpeed{300000}MoveStep{0}nCtlValue{2}
2023-07-08 15:49:54,653 [AppLog] INFO : X方向到位停止：DEM_StopAxisRun：返回值{True}CurrentPos{758}bImmeStop{False}nAxisMask{1}
2023-07-08 15:49:54,653 [AppLog] INFO : 准备读取编码器位置：Y方向！
2023-07-08 15:49:54,669 [AppLog] INFO : 准备运动，编码器当前位置：DEM_GetAxisEncodeVal：MoveDirectionFlag{false为Y方向：True}CurrentPos{317}AimPos{317}
2023-07-08 15:49:54,669 [AppLog] INFO : Y方向运动开始：DEM_Run：返回值{True}nAxis{1}DirFlag{False}nSpeed{300000}MoveStep{0}nCtlValue{1}
2023-07-08 15:49:54,731 [AppLog] INFO : Y方向到位停止：DEM_StopAxisRun：返回值{True}CurrentPos{317}bImmeStop{False}nAxisMask{2}
2023-07-08 15:49:54,934 [AppLog] INFO : 接收到暂停打印指令：PrintTaskTHREAD
2023-07-08 15:49:54,934 [AppLog] INFO : 进入：EquipmentMotionLogic3=》准备创建对象-手动操作！
2023-07-08 15:49:54,934 [AppLog] INFO : 进入：EquipmentMotionLogic3=》不需重新创建-手动操作！
2023-07-08 15:49:54,934 [AppLog] INFO : 进入：EquipmentMotionLogic3=》赋值完成自-AutoPrintMotion2！
2023-07-08 15:49:54,934 [AppLog] INFO : 进入：EquipmentMotionLogic3=》加载配置文件-LoadJsonFile成功！
2023-07-08 15:49:54,934 [AppLog] INFO : 进入：AutoPrintThread3！
2023-07-08 15:49:54,934 [AppLog] INFO : 准备读取编码器位置：X方向！
2023-07-08 15:49:54,934 [AppLog] INFO : 准备运动，当前位置：DEV_GetPrintEncoderValue：MoveDirectionFlag{false为Y方向：False}CurrentPos{758}AimPos{758}
2023-07-08 15:49:54,934 [AppLog] INFO : X方向运动开始：DEM_Run：返回值{True}nAxis{0}DirFlag{False}nSpeed{300000}MoveStep{0}nCtlValue{2}
2023-07-08 15:49:54,996 [AppLog] INFO : X方向到位停止：DEM_StopAxisRun：返回值{True}CurrentPos{758}bImmeStop{False}nAxisMask{1}
2023-07-08 15:49:54,996 [AppLog] INFO : 准备读取编码器位置：Y方向！
2023-07-08 15:49:54,996 [AppLog] INFO : 准备运动，编码器当前位置：DEM_GetAxisEncodeVal：MoveDirectionFlag{false为Y方向：True}CurrentPos{317}AimPos{317}
2023-07-08 15:49:54,996 [AppLog] INFO : Y方向运动开始：DEM_Run：返回值{True}nAxis{1}DirFlag{False}nSpeed{300000}MoveStep{0}nCtlValue{1}
2023-07-08 15:49:55,059 [AppLog] INFO : Y方向到位停止：DEM_StopAxisRun：返回值{True}CurrentPos{317}bImmeStop{False}nAxisMask{2}
2023-07-08 15:49:55,262 [AppLog] INFO : 接收到暂停打印指令：PrintTaskTHREAD
2023-07-08 15:49:55,262 [AppLog] INFO : 进入：EquipmentMotionLogic3=》准备创建对象-手动操作！
2023-07-08 15:49:55,262 [AppLog] INFO : 进入：EquipmentMotionLogic3=》不需重新创建-手动操作！
2023-07-08 15:49:55,262 [AppLog] INFO : 进入：EquipmentMotionLogic3=》赋值完成自-AutoPrintMotion2！
2023-07-08 15:49:55,262 [AppLog] INFO : 进入：EquipmentMotionLogic3=》加载配置文件-LoadJsonFile成功！
2023-07-08 15:49:55,262 [AppLog] INFO : 进入：AutoPrintThread3！
2023-07-08 15:49:55,262 [AppLog] INFO : 准备读取编码器位置：X方向！
2023-07-08 15:49:55,262 [AppLog] INFO : 准备运动，当前位置：DEV_GetPrintEncoderValue：MoveDirectionFlag{false为Y方向：False}CurrentPos{758}AimPos{758}
2023-07-08 15:49:55,262 [AppLog] INFO : X方向运动开始：DEM_Run：返回值{True}nAxis{0}DirFlag{False}nSpeed{300000}MoveStep{0}nCtlValue{2}
2023-07-08 15:49:55,324 [AppLog] INFO : X方向到位停止：DEM_StopAxisRun：返回值{True}CurrentPos{758}bImmeStop{False}nAxisMask{1}
2023-07-08 15:49:55,324 [AppLog] INFO : 准备读取编码器位置：Y方向！
2023-07-08 15:49:55,324 [AppLog] INFO : 准备运动，编码器当前位置：DEM_GetAxisEncodeVal：MoveDirectionFlag{false为Y方向：True}CurrentPos{317}AimPos{317}
2023-07-08 15:49:55,324 [AppLog] INFO : Y方向运动开始：DEM_Run：返回值{True}nAxis{1}DirFlag{False}nSpeed{300000}MoveStep{0}nCtlValue{1}
2023-07-08 15:49:55,386 [AppLog] INFO : Y方向到位停止：DEM_StopAxisRun：返回值{True}CurrentPos{317}bImmeStop{False}nAxisMask{2}
2023-07-08 15:49:55,589 [AppLog] INFO : 接收到暂停打印指令：PrintTaskTHREAD
2023-07-08 15:49:55,589 [AppLog] INFO : 进入：EquipmentMotionLogic3=》准备创建对象-手动操作！
2023-07-08 15:49:55,589 [AppLog] INFO : 进入：EquipmentMotionLogic3=》不需重新创建-手动操作！
2023-07-08 15:49:55,589 [AppLog] INFO : 进入：EquipmentMotionLogic3=》赋值完成自-AutoPrintMotion2！
2023-07-08 15:49:55,589 [AppLog] INFO : 进入：EquipmentMotionLogic3=》加载配置文件-LoadJsonFile成功！
2023-07-08 15:49:55,589 [AppLog] INFO : 进入：AutoPrintThread3！
2023-07-08 15:49:55,589 [AppLog] INFO : 准备读取编码器位置：X方向！
2023-07-08 15:49:55,605 [AppLog] INFO : 准备运动，当前位置：DEV_GetPrintEncoderValue：MoveDirectionFlag{false为Y方向：False}CurrentPos{758}AimPos{758}
2023-07-08 15:49:55,605 [AppLog] INFO : X方向运动开始：DEM_Run：返回值{True}nAxis{0}DirFlag{False}nSpeed{300000}MoveStep{0}nCtlValue{2}
2023-07-08 15:49:55,683 [AppLog] INFO : X方向到位停止：DEM_StopAxisRun：返回值{True}CurrentPos{758}bImmeStop{False}nAxisMask{1}
2023-07-08 15:49:55,683 [AppLog] INFO : 准备读取编码器位置：Y方向！
2023-07-08 15:49:55,698 [AppLog] INFO : 准备运动，编码器当前位置：DEM_GetAxisEncodeVal：MoveDirectionFlag{false为Y方向：True}CurrentPos{317}AimPos{317}
2023-07-08 15:49:55,698 [AppLog] INFO : Y方向运动开始：DEM_Run：返回值{True}nAxis{1}DirFlag{False}nSpeed{300000}MoveStep{0}nCtlValue{1}
2023-07-08 15:49:55,761 [AppLog] INFO : Y方向到位停止：DEM_StopAxisRun：返回值{True}CurrentPos{317}bImmeStop{False}nAxisMask{2}
2023-07-08 15:49:55,964 [AppLog] INFO : 接收到暂停打印指令：PrintTaskTHREAD
2023-07-08 15:49:55,964 [AppLog] INFO : 进入：EquipmentMotionLogic3=》准备创建对象-手动操作！
2023-07-08 15:49:55,964 [AppLog] INFO : 进入：EquipmentMotionLogic3=》不需重新创建-手动操作！
2023-07-08 15:49:55,964 [AppLog] INFO : 进入：EquipmentMotionLogic3=》赋值完成自-AutoPrintMotion2！
2023-07-08 15:49:55,964 [AppLog] INFO : 进入：EquipmentMotionLogic3=》加载配置文件-LoadJsonFile成功！
2023-07-08 15:49:55,964 [AppLog] INFO : 进入：AutoPrintThread3！
2023-07-08 15:49:55,964 [AppLog] INFO : 准备读取编码器位置：X方向！
2023-07-08 15:49:55,964 [AppLog] INFO : 准备运动，当前位置：DEV_GetPrintEncoderValue：MoveDirectionFlag{false为Y方向：False}CurrentPos{758}AimPos{758}
2023-07-08 15:49:55,964 [AppLog] INFO : X方向运动开始：DEM_Run：返回值{True}nAxis{0}DirFlag{False}nSpeed{300000}MoveStep{0}nCtlValue{2}
2023-07-08 15:49:56,026 [AppLog] INFO : X方向到位停止：DEM_StopAxisRun：返回值{True}CurrentPos{758}bImmeStop{False}nAxisMask{1}
2023-07-08 15:49:56,026 [AppLog] INFO : 准备读取编码器位置：Y方向！
2023-07-08 15:49:56,026 [AppLog] INFO : 准备运动，编码器当前位置：DEM_GetAxisEncodeVal：MoveDirectionFlag{false为Y方向：True}CurrentPos{317}AimPos{317}
2023-07-08 15:49:56,026 [AppLog] INFO : Y方向运动开始：DEM_Run：返回值{True}nAxis{1}DirFlag{False}nSpeed{300000}MoveStep{0}nCtlValue{1}
2023-07-08 15:49:56,088 [AppLog] INFO : Y方向到位停止：DEM_StopAxisRun：返回值{True}CurrentPos{317}bImmeStop{False}nAxisMask{2}
2023-07-08 15:49:56,291 [AppLog] INFO : 接收到暂停打印指令：PrintTaskTHREAD
2023-07-08 15:49:56,291 [AppLog] INFO : 进入：EquipmentMotionLogic3=》准备创建对象-手动操作！
2023-07-08 15:49:56,291 [AppLog] INFO : 进入：EquipmentMotionLogic3=》不需重新创建-手动操作！
2023-07-08 15:49:56,291 [AppLog] INFO : 进入：EquipmentMotionLogic3=》赋值完成自-AutoPrintMotion2！
2023-07-08 15:49:56,291 [AppLog] INFO : 进入：EquipmentMotionLogic3=》加载配置文件-LoadJsonFile成功！
2023-07-08 15:49:56,291 [AppLog] INFO : 进入：AutoPrintThread3！
2023-07-08 15:49:56,291 [AppLog] INFO : 准备读取编码器位置：X方向！
2023-07-08 15:49:56,291 [AppLog] INFO : 准备运动，当前位置：DEV_GetPrintEncoderValue：MoveDirectionFlag{false为Y方向：False}CurrentPos{758}AimPos{758}
2023-07-08 15:49:56,291 [AppLog] INFO : X方向运动开始：DEM_Run：返回值{True}nAxis{0}DirFlag{False}nSpeed{300000}MoveStep{0}nCtlValue{2}
2023-07-08 15:49:56,354 [AppLog] INFO : X方向到位停止：DEM_StopAxisRun：返回值{True}CurrentPos{758}bImmeStop{False}nAxisMask{1}
2023-07-08 15:49:56,354 [AppLog] INFO : 准备读取编码器位置：Y方向！
2023-07-08 15:49:56,354 [AppLog] INFO : 准备运动，编码器当前位置：DEM_GetAxisEncodeVal：MoveDirectionFlag{false为Y方向：True}CurrentPos{317}AimPos{317}
2023-07-08 15:49:56,354 [AppLog] INFO : Y方向运动开始：DEM_Run：返回值{True}nAxis{1}DirFlag{False}nSpeed{300000}MoveStep{0}nCtlValue{1}
2023-07-08 15:49:56,416 [AppLog] INFO : Y方向到位停止：DEM_StopAxisRun：返回值{True}CurrentPos{317}bImmeStop{False}nAxisMask{2}
2023-07-08 15:49:56,619 [AppLog] INFO : 接收到暂停打印指令：PrintTaskTHREAD
2023-07-08 15:49:56,619 [AppLog] INFO : 进入：EquipmentMotionLogic3=》准备创建对象-手动操作！
2023-07-08 15:49:56,619 [AppLog] INFO : 进入：EquipmentMotionLogic3=》不需重新创建-手动操作！
2023-07-08 15:49:56,619 [AppLog] INFO : 进入：EquipmentMotionLogic3=》赋值完成自-AutoPrintMotion2！
2023-07-08 15:49:56,619 [AppLog] INFO : 进入：EquipmentMotionLogic3=》加载配置文件-LoadJsonFile成功！
2023-07-08 15:49:56,619 [AppLog] INFO : 进入：AutoPrintThread3！
2023-07-08 15:49:56,619 [AppLog] INFO : 准备读取编码器位置：X方向！
2023-07-08 15:49:56,634 [AppLog] INFO : 准备运动，当前位置：DEV_GetPrintEncoderValue：MoveDirectionFlag{false为Y方向：False}CurrentPos{758}AimPos{758}
2023-07-08 15:49:56,634 [AppLog] INFO : X方向运动开始：DEM_Run：返回值{True}nAxis{0}DirFlag{False}nSpeed{300000}MoveStep{0}nCtlValue{2}
2023-07-08 15:49:56,712 [AppLog] INFO : X方向到位停止：DEM_StopAxisRun：返回值{True}CurrentPos{758}bImmeStop{False}nAxisMask{1}
2023-07-08 15:49:56,712 [AppLog] INFO : 准备读取编码器位置：Y方向！
2023-07-08 15:49:56,728 [AppLog] INFO : 准备运动，编码器当前位置：DEM_GetAxisEncodeVal：MoveDirectionFlag{false为Y方向：True}CurrentPos{317}AimPos{317}
2023-07-08 15:49:56,728 [AppLog] INFO : Y方向运动开始：DEM_Run：返回值{True}nAxis{1}DirFlag{False}nSpeed{300000}MoveStep{0}nCtlValue{1}
2023-07-08 15:49:56,790 [AppLog] INFO : Y方向到位停止：DEM_StopAxisRun：返回值{True}CurrentPos{317}bImmeStop{False}nAxisMask{2}
2023-07-08 15:49:56,993 [AppLog] INFO : 接收到暂停打印指令：PrintTaskTHREAD
2023-07-08 15:49:56,993 [AppLog] INFO : 进入：EquipmentMotionLogic3=》准备创建对象-手动操作！
2023-07-08 15:49:56,993 [AppLog] INFO : 进入：EquipmentMotionLogic3=》不需重新创建-手动操作！
2023-07-08 15:49:56,993 [AppLog] INFO : 进入：EquipmentMotionLogic3=》赋值完成自-AutoPrintMotion2！
2023-07-08 15:49:56,993 [AppLog] INFO : 进入：EquipmentMotionLogic3=》加载配置文件-LoadJsonFile成功！
2023-07-08 15:49:56,993 [AppLog] INFO : 进入：AutoPrintThread3！
2023-07-08 15:49:56,993 [AppLog] INFO : 准备读取编码器位置：X方向！
2023-07-08 15:49:56,993 [AppLog] INFO : 准备运动，当前位置：DEV_GetPrintEncoderValue：MoveDirectionFlag{false为Y方向：False}CurrentPos{758}AimPos{758}
2023-07-08 15:49:56,993 [AppLog] INFO : X方向运动开始：DEM_Run：返回值{True}nAxis{0}DirFlag{False}nSpeed{300000}MoveStep{0}nCtlValue{2}
2023-07-08 15:49:57,056 [AppLog] INFO : X方向到位停止：DEM_StopAxisRun：返回值{True}CurrentPos{758}bImmeStop{False}nAxisMask{1}
2023-07-08 15:49:57,056 [AppLog] INFO : 准备读取编码器位置：Y方向！
2023-07-08 15:49:57,056 [AppLog] INFO : 准备运动，编码器当前位置：DEM_GetAxisEncodeVal：MoveDirectionFlag{false为Y方向：True}CurrentPos{317}AimPos{317}
2023-07-08 15:49:57,056 [AppLog] INFO : Y方向运动开始：DEM_Run：返回值{True}nAxis{1}DirFlag{False}nSpeed{300000}MoveStep{0}nCtlValue{1}
2023-07-08 15:49:57,118 [AppLog] INFO : Y方向到位停止：DEM_StopAxisRun：返回值{True}CurrentPos{317}bImmeStop{False}nAxisMask{2}
2023-07-08 15:49:57,321 [AppLog] INFO : 接收到暂停打印指令：PrintTaskTHREAD
2023-07-08 15:49:57,321 [AppLog] INFO : 进入：EquipmentMotionLogic3=》准备创建对象-手动操作！
2023-07-08 15:49:57,321 [AppLog] INFO : 进入：EquipmentMotionLogic3=》不需重新创建-手动操作！
2023-07-08 15:49:57,321 [AppLog] INFO : 进入：EquipmentMotionLogic3=》赋值完成自-AutoPrintMotion2！
2023-07-08 15:49:57,321 [AppLog] INFO : 进入：EquipmentMotionLogic3=》加载配置文件-LoadJsonFile成功！
2023-07-08 15:49:57,321 [AppLog] INFO : 进入：AutoPrintThread3！
2023-07-08 15:49:57,321 [AppLog] INFO : 准备读取编码器位置：X方向！
2023-07-08 15:49:57,321 [AppLog] INFO : 准备运动，当前位置：DEV_GetPrintEncoderValue：MoveDirectionFlag{false为Y方向：False}CurrentPos{758}AimPos{758}
2023-07-08 15:49:57,321 [AppLog] INFO : X方向运动开始：DEM_Run：返回值{True}nAxis{0}DirFlag{False}nSpeed{300000}MoveStep{0}nCtlValue{2}
2023-07-08 15:49:57,383 [AppLog] INFO : X方向到位停止：DEM_StopAxisRun：返回值{True}CurrentPos{758}bImmeStop{False}nAxisMask{1}
2023-07-08 15:49:57,383 [AppLog] INFO : 准备读取编码器位置：Y方向！
2023-07-08 15:49:57,383 [AppLog] INFO : 准备运动，编码器当前位置：DEM_GetAxisEncodeVal：MoveDirectionFlag{false为Y方向：True}CurrentPos{317}AimPos{317}
2023-07-08 15:49:57,383 [AppLog] INFO : Y方向运动开始：DEM_Run：返回值{True}nAxis{1}DirFlag{False}nSpeed{300000}MoveStep{0}nCtlValue{1}
2023-07-08 15:49:57,446 [AppLog] INFO : Y方向到位停止：DEM_StopAxisRun：返回值{True}CurrentPos{317}bImmeStop{False}nAxisMask{2}
2023-07-08 15:49:57,648 [AppLog] INFO : 接收到暂停打印指令：PrintTaskTHREAD
2023-07-08 15:49:57,648 [AppLog] INFO : 进入：EquipmentMotionLogic3=》准备创建对象-手动操作！
2023-07-08 15:49:57,648 [AppLog] INFO : 进入：EquipmentMotionLogic3=》不需重新创建-手动操作！
2023-07-08 15:49:57,648 [AppLog] INFO : 进入：EquipmentMotionLogic3=》赋值完成自-AutoPrintMotion2！
2023-07-08 15:49:57,648 [AppLog] INFO : 进入：EquipmentMotionLogic3=》加载配置文件-LoadJsonFile成功！
2023-07-08 15:49:57,648 [AppLog] INFO : 进入：AutoPrintThread3！
2023-07-08 15:49:57,648 [AppLog] INFO : 准备读取编码器位置：X方向！
2023-07-08 15:49:57,664 [AppLog] INFO : 准备运动，当前位置：DEV_GetPrintEncoderValue：MoveDirectionFlag{false为Y方向：False}CurrentPos{758}AimPos{758}
2023-07-08 15:49:57,664 [AppLog] INFO : X方向运动开始：DEM_Run：返回值{True}nAxis{0}DirFlag{False}nSpeed{300000}MoveStep{0}nCtlValue{2}
2023-07-08 15:49:57,742 [AppLog] INFO : X方向到位停止：DEM_StopAxisRun：返回值{True}CurrentPos{758}bImmeStop{False}nAxisMask{1}
2023-07-08 15:49:57,742 [AppLog] INFO : 准备读取编码器位置：Y方向！
2023-07-08 15:49:57,758 [AppLog] INFO : 准备运动，编码器当前位置：DEM_GetAxisEncodeVal：MoveDirectionFlag{false为Y方向：True}CurrentPos{317}AimPos{317}
2023-07-08 15:49:57,758 [AppLog] INFO : Y方向运动开始：DEM_Run：返回值{True}nAxis{1}DirFlag{False}nSpeed{300000}MoveStep{0}nCtlValue{1}
2023-07-08 15:49:57,820 [AppLog] INFO : Y方向到位停止：DEM_StopAxisRun：返回值{True}CurrentPos{317}bImmeStop{False}nAxisMask{2}
2023-07-08 15:49:58,023 [AppLog] INFO : 接收到暂停打印指令：PrintTaskTHREAD
2023-07-08 15:49:58,023 [AppLog] INFO : 进入：EquipmentMotionLogic3=》准备创建对象-手动操作！
2023-07-08 15:49:58,023 [AppLog] INFO : 进入：EquipmentMotionLogic3=》不需重新创建-手动操作！
2023-07-08 15:49:58,023 [AppLog] INFO : 进入：EquipmentMotionLogic3=》赋值完成自-AutoPrintMotion2！
2023-07-08 15:49:58,023 [AppLog] INFO : 进入：EquipmentMotionLogic3=》加载配置文件-LoadJsonFile成功！
2023-07-08 15:49:58,023 [AppLog] INFO : 进入：AutoPrintThread3！
2023-07-08 15:49:58,023 [AppLog] INFO : 准备读取编码器位置：X方向！
2023-07-08 15:49:58,023 [AppLog] INFO : 准备运动，当前位置：DEV_GetPrintEncoderValue：MoveDirectionFlag{false为Y方向：False}CurrentPos{758}AimPos{758}
2023-07-08 15:49:58,023 [AppLog] INFO : X方向运动开始：DEM_Run：返回值{True}nAxis{0}DirFlag{False}nSpeed{300000}MoveStep{0}nCtlValue{2}
2023-07-08 15:49:58,085 [AppLog] INFO : X方向到位停止：DEM_StopAxisRun：返回值{True}CurrentPos{758}bImmeStop{False}nAxisMask{1}
2023-07-08 15:49:58,085 [AppLog] INFO : 准备读取编码器位置：Y方向！
2023-07-08 15:49:58,085 [AppLog] INFO : 准备运动，编码器当前位置：DEM_GetAxisEncodeVal：MoveDirectionFlag{false为Y方向：True}CurrentPos{317}AimPos{317}
2023-07-08 15:49:58,085 [AppLog] INFO : Y方向运动开始：DEM_Run：返回值{True}nAxis{1}DirFlag{False}nSpeed{300000}MoveStep{0}nCtlValue{1}
2023-07-08 15:49:58,148 [AppLog] INFO : Y方向到位停止：DEM_StopAxisRun：返回值{True}CurrentPos{317}bImmeStop{False}nAxisMask{2}
2023-07-08 15:49:58,350 [AppLog] INFO : 接收到暂停打印指令：PrintTaskTHREAD
2023-07-08 15:49:58,350 [AppLog] INFO : 进入：EquipmentMotionLogic3=》准备创建对象-手动操作！
2023-07-08 15:49:58,350 [AppLog] INFO : 进入：EquipmentMotionLogic3=》不需重新创建-手动操作！
2023-07-08 15:49:58,350 [AppLog] INFO : 进入：EquipmentMotionLogic3=》赋值完成自-AutoPrintMotion2！
2023-07-08 15:49:58,350 [AppLog] INFO : 进入：EquipmentMotionLogic3=》加载配置文件-LoadJsonFile成功！
2023-07-08 15:49:58,350 [AppLog] INFO : 进入：AutoPrintThread3！
2023-07-08 15:49:58,350 [AppLog] INFO : 准备读取编码器位置：X方向！
2023-07-08 15:49:58,350 [AppLog] INFO : 准备运动，当前位置：DEV_GetPrintEncoderValue：MoveDirectionFlag{false为Y方向：False}CurrentPos{758}AimPos{758}
2023-07-08 15:49:58,350 [AppLog] INFO : X方向运动开始：DEM_Run：返回值{True}nAxis{0}DirFlag{False}nSpeed{300000}MoveStep{0}nCtlValue{2}
2023-07-08 15:49:58,413 [AppLog] INFO : X方向到位停止：DEM_StopAxisRun：返回值{True}CurrentPos{758}bImmeStop{False}nAxisMask{1}
2023-07-08 15:49:58,413 [AppLog] INFO : 准备读取编码器位置：Y方向！
2023-07-08 15:49:58,413 [AppLog] INFO : 准备运动，编码器当前位置：DEM_GetAxisEncodeVal：MoveDirectionFlag{false为Y方向：True}CurrentPos{317}AimPos{317}
2023-07-08 15:49:58,413 [AppLog] INFO : Y方向运动开始：DEM_Run：返回值{True}nAxis{1}DirFlag{False}nSpeed{300000}MoveStep{0}nCtlValue{1}
2023-07-08 15:49:58,475 [AppLog] INFO : Y方向到位停止：DEM_StopAxisRun：返回值{True}CurrentPos{317}bImmeStop{False}nAxisMask{2}
2023-07-08 15:49:58,678 [AppLog] INFO : 接收到暂停打印指令：PrintTaskTHREAD
2023-07-08 15:49:58,678 [AppLog] INFO : 进入：EquipmentMotionLogic3=》准备创建对象-手动操作！
2023-07-08 15:49:58,678 [AppLog] INFO : 进入：EquipmentMotionLogic3=》不需重新创建-手动操作！
2023-07-08 15:49:58,678 [AppLog] INFO : 进入：EquipmentMotionLogic3=》赋值完成自-AutoPrintMotion2！
2023-07-08 15:49:58,678 [AppLog] INFO : 进入：EquipmentMotionLogic3=》加载配置文件-LoadJsonFile成功！
2023-07-08 15:49:58,678 [AppLog] INFO : 进入：AutoPrintThread3！
2023-07-08 15:49:58,678 [AppLog] INFO : 准备读取编码器位置：X方向！
2023-07-08 15:49:58,694 [AppLog] INFO : 准备运动，当前位置：DEV_GetPrintEncoderValue：MoveDirectionFlag{false为Y方向：False}CurrentPos{758}AimPos{758}
2023-07-08 15:49:58,694 [AppLog] INFO : X方向运动开始：DEM_Run：返回值{True}nAxis{0}DirFlag{False}nSpeed{300000}MoveStep{0}nCtlValue{2}
2023-07-08 15:49:58,772 [AppLog] INFO : X方向到位停止：DEM_StopAxisRun：返回值{True}CurrentPos{758}bImmeStop{False}nAxisMask{1}
2023-07-08 15:49:58,772 [AppLog] INFO : 准备读取编码器位置：Y方向！
2023-07-08 15:49:58,787 [AppLog] INFO : 准备运动，编码器当前位置：DEM_GetAxisEncodeVal：MoveDirectionFlag{false为Y方向：True}CurrentPos{317}AimPos{317}
2023-07-08 15:49:58,787 [AppLog] INFO : Y方向运动开始：DEM_Run：返回值{True}nAxis{1}DirFlag{False}nSpeed{300000}MoveStep{0}nCtlValue{1}
2023-07-08 15:49:58,850 [AppLog] INFO : Y方向到位停止：DEM_StopAxisRun：返回值{True}CurrentPos{317}bImmeStop{False}nAxisMask{2}
2023-07-08 15:49:59,052 [AppLog] INFO : 接收到暂停打印指令：PrintTaskTHREAD
2023-07-08 15:49:59,052 [AppLog] INFO : 进入：EquipmentMotionLogic3=》准备创建对象-手动操作！
2023-07-08 15:49:59,052 [AppLog] INFO : 进入：EquipmentMotionLogic3=》不需重新创建-手动操作！
2023-07-08 15:49:59,052 [AppLog] INFO : 进入：EquipmentMotionLogic3=》赋值完成自-AutoPrintMotion2！
2023-07-08 15:49:59,052 [AppLog] INFO : 进入：EquipmentMotionLogic3=》加载配置文件-LoadJsonFile成功！
2023-07-08 15:49:59,052 [AppLog] INFO : 进入：AutoPrintThread3！
2023-07-08 15:49:59,052 [AppLog] INFO : 准备读取编码器位置：X方向！
2023-07-08 15:49:59,052 [AppLog] INFO : 准备运动，当前位置：DEV_GetPrintEncoderValue：MoveDirectionFlag{false为Y方向：False}CurrentPos{758}AimPos{758}
2023-07-08 15:49:59,052 [AppLog] INFO : X方向运动开始：DEM_Run：返回值{True}nAxis{0}DirFlag{False}nSpeed{300000}MoveStep{0}nCtlValue{2}
2023-07-08 15:49:59,115 [AppLog] INFO : X方向到位停止：DEM_StopAxisRun：返回值{True}CurrentPos{758}bImmeStop{False}nAxisMask{1}
2023-07-08 15:49:59,115 [AppLog] INFO : 准备读取编码器位置：Y方向！
2023-07-08 15:49:59,115 [AppLog] INFO : 准备运动，编码器当前位置：DEM_GetAxisEncodeVal：MoveDirectionFlag{false为Y方向：True}CurrentPos{317}AimPos{317}
2023-07-08 15:49:59,115 [AppLog] INFO : Y方向运动开始：DEM_Run：返回值{True}nAxis{1}DirFlag{False}nSpeed{300000}MoveStep{0}nCtlValue{1}
2023-07-08 15:49:59,177 [AppLog] INFO : Y方向到位停止：DEM_StopAxisRun：返回值{True}CurrentPos{317}bImmeStop{False}nAxisMask{2}
2023-07-08 15:49:59,380 [AppLog] INFO : 接收到暂停打印指令：PrintTaskTHREAD
2023-07-08 15:49:59,380 [AppLog] INFO : 进入：EquipmentMotionLogic3=》准备创建对象-手动操作！
2023-07-08 15:49:59,380 [AppLog] INFO : 进入：EquipmentMotionLogic3=》不需重新创建-手动操作！
2023-07-08 15:49:59,380 [AppLog] INFO : 进入：EquipmentMotionLogic3=》赋值完成自-AutoPrintMotion2！
2023-07-08 15:49:59,380 [AppLog] INFO : 进入：EquipmentMotionLogic3=》加载配置文件-LoadJsonFile成功！
2023-07-08 15:49:59,380 [AppLog] INFO : 进入：AutoPrintThread3！
2023-07-08 15:49:59,380 [AppLog] INFO : 准备读取编码器位置：X方向！
2023-07-08 15:49:59,380 [AppLog] INFO : 准备运动，当前位置：DEV_GetPrintEncoderValue：MoveDirectionFlag{false为Y方向：False}CurrentPos{758}AimPos{758}
2023-07-08 15:49:59,380 [AppLog] INFO : X方向运动开始：DEM_Run：返回值{True}nAxis{0}DirFlag{False}nSpeed{300000}MoveStep{0}nCtlValue{2}
2023-07-08 15:49:59,442 [AppLog] INFO : X方向到位停止：DEM_StopAxisRun：返回值{True}CurrentPos{758}bImmeStop{False}nAxisMask{1}
2023-07-08 15:49:59,442 [AppLog] INFO : 准备读取编码器位置：Y方向！
2023-07-08 15:49:59,442 [AppLog] INFO : 准备运动，编码器当前位置：DEM_GetAxisEncodeVal：MoveDirectionFlag{false为Y方向：True}CurrentPos{317}AimPos{317}
2023-07-08 15:49:59,442 [AppLog] INFO : Y方向运动开始：DEM_Run：返回值{True}nAxis{1}DirFlag{False}nSpeed{300000}MoveStep{0}nCtlValue{1}
2023-07-08 15:49:59,505 [AppLog] INFO : Y方向到位停止：DEM_StopAxisRun：返回值{True}CurrentPos{317}bImmeStop{False}nAxisMask{2}
2023-07-08 15:49:59,708 [AppLog] INFO : 接收到暂停打印指令：PrintTaskTHREAD
2023-07-08 15:49:59,708 [AppLog] INFO : 进入：EquipmentMotionLogic3=》准备创建对象-手动操作！
2023-07-08 15:49:59,708 [AppLog] INFO : 进入：EquipmentMotionLogic3=》不需重新创建-手动操作！
2023-07-08 15:49:59,708 [AppLog] INFO : 进入：EquipmentMotionLogic3=》赋值完成自-AutoPrintMotion2！
2023-07-08 15:49:59,708 [AppLog] INFO : 进入：EquipmentMotionLogic3=》加载配置文件-LoadJsonFile成功！
2023-07-08 15:49:59,708 [AppLog] INFO : 进入：AutoPrintThread3！
2023-07-08 15:49:59,708 [AppLog] INFO : 准备读取编码器位置：X方向！
2023-07-08 15:49:59,723 [AppLog] INFO : 准备运动，当前位置：DEV_GetPrintEncoderValue：MoveDirectionFlag{false为Y方向：False}CurrentPos{758}AimPos{758}
2023-07-08 15:49:59,723 [AppLog] INFO : X方向运动开始：DEM_Run：返回值{True}nAxis{0}DirFlag{False}nSpeed{300000}MoveStep{0}nCtlValue{2}
2023-07-08 15:49:59,801 [AppLog] INFO : X方向到位停止：DEM_StopAxisRun：返回值{True}CurrentPos{758}bImmeStop{False}nAxisMask{1}
2023-07-08 15:49:59,801 [AppLog] INFO : 准备读取编码器位置：Y方向！
2023-07-08 15:49:59,817 [AppLog] INFO : 准备运动，编码器当前位置：DEM_GetAxisEncodeVal：MoveDirectionFlag{false为Y方向：True}CurrentPos{317}AimPos{317}
2023-07-08 15:49:59,817 [AppLog] INFO : Y方向运动开始：DEM_Run：返回值{True}nAxis{1}DirFlag{False}nSpeed{300000}MoveStep{0}nCtlValue{1}
2023-07-08 15:49:59,879 [AppLog] INFO : Y方向到位停止：DEM_StopAxisRun：返回值{True}CurrentPos{317}bImmeStop{False}nAxisMask{2}
2023-07-08 15:50:00,082 [AppLog] INFO : 接收到暂停打印指令：PrintTaskTHREAD
2023-07-08 15:50:00,082 [AppLog] INFO : 进入：EquipmentMotionLogic3=》准备创建对象-手动操作！
2023-07-08 15:50:00,082 [AppLog] INFO : 进入：EquipmentMotionLogic3=》不需重新创建-手动操作！
2023-07-08 15:50:00,082 [AppLog] INFO : 进入：EquipmentMotionLogic3=》赋值完成自-AutoPrintMotion2！
2023-07-08 15:50:00,082 [AppLog] INFO : 进入：EquipmentMotionLogic3=》加载配置文件-LoadJsonFile成功！
2023-07-08 15:50:00,082 [AppLog] INFO : 进入：AutoPrintThread3！
2023-07-08 15:50:00,082 [AppLog] INFO : 准备读取编码器位置：X方向！
2023-07-08 15:50:00,082 [AppLog] INFO : 准备运动，当前位置：DEV_GetPrintEncoderValue：MoveDirectionFlag{false为Y方向：False}CurrentPos{758}AimPos{758}
2023-07-08 15:50:00,082 [AppLog] INFO : X方向运动开始：DEM_Run：返回值{True}nAxis{0}DirFlag{False}nSpeed{300000}MoveStep{0}nCtlValue{2}
2023-07-08 15:50:00,144 [AppLog] INFO : X方向到位停止：DEM_StopAxisRun：返回值{True}CurrentPos{758}bImmeStop{False}nAxisMask{1}
2023-07-08 15:50:00,144 [AppLog] INFO : 准备读取编码器位置：Y方向！
2023-07-08 15:50:00,144 [AppLog] INFO : 准备运动，编码器当前位置：DEM_GetAxisEncodeVal：MoveDirectionFlag{false为Y方向：True}CurrentPos{317}AimPos{317}
2023-07-08 15:50:00,144 [AppLog] INFO : Y方向运动开始：DEM_Run：返回值{True}nAxis{1}DirFlag{False}nSpeed{300000}MoveStep{0}nCtlValue{1}
2023-07-08 15:50:00,207 [AppLog] INFO : Y方向到位停止：DEM_StopAxisRun：返回值{True}CurrentPos{317}bImmeStop{False}nAxisMask{2}
2023-07-08 15:50:00,410 [AppLog] INFO : 接收到暂停打印指令：PrintTaskTHREAD
2023-07-08 15:50:00,410 [AppLog] INFO : 进入：EquipmentMotionLogic3=》准备创建对象-手动操作！
2023-07-08 15:50:00,410 [AppLog] INFO : 进入：EquipmentMotionLogic3=》不需重新创建-手动操作！
2023-07-08 15:50:00,410 [AppLog] INFO : 进入：EquipmentMotionLogic3=》赋值完成自-AutoPrintMotion2！
2023-07-08 15:50:00,410 [AppLog] INFO : 进入：EquipmentMotionLogic3=》加载配置文件-LoadJsonFile成功！
2023-07-08 15:50:00,410 [AppLog] INFO : 进入：AutoPrintThread3！
2023-07-08 15:50:00,410 [AppLog] INFO : 准备读取编码器位置：X方向！
2023-07-08 15:50:00,410 [AppLog] INFO : 准备运动，当前位置：DEV_GetPrintEncoderValue：MoveDirectionFlag{false为Y方向：False}CurrentPos{758}AimPos{758}
2023-07-08 15:50:00,410 [AppLog] INFO : X方向运动开始：DEM_Run：返回值{True}nAxis{0}DirFlag{False}nSpeed{300000}MoveStep{0}nCtlValue{2}
2023-07-08 15:50:00,472 [AppLog] INFO : X方向到位停止：DEM_StopAxisRun：返回值{True}CurrentPos{758}bImmeStop{False}nAxisMask{1}
2023-07-08 15:50:00,472 [AppLog] INFO : 准备读取编码器位置：Y方向！
2023-07-08 15:50:00,472 [AppLog] INFO : 准备运动，编码器当前位置：DEM_GetAxisEncodeVal：MoveDirectionFlag{false为Y方向：True}CurrentPos{317}AimPos{317}
2023-07-08 15:50:00,472 [AppLog] INFO : Y方向运动开始：DEM_Run：返回值{True}nAxis{1}DirFlag{False}nSpeed{300000}MoveStep{0}nCtlValue{1}
2023-07-08 15:50:00,534 [AppLog] INFO : Y方向到位停止：DEM_StopAxisRun：返回值{True}CurrentPos{317}bImmeStop{False}nAxisMask{2}
2023-07-08 15:50:00,737 [AppLog] INFO : 接收到暂停打印指令：PrintTaskTHREAD
2023-07-08 15:50:00,737 [AppLog] INFO : 进入：EquipmentMotionLogic3=》准备创建对象-手动操作！
2023-07-08 15:50:00,737 [AppLog] INFO : 进入：EquipmentMotionLogic3=》不需重新创建-手动操作！
2023-07-08 15:50:00,737 [AppLog] INFO : 进入：EquipmentMotionLogic3=》赋值完成自-AutoPrintMotion2！
2023-07-08 15:50:00,737 [AppLog] INFO : 进入：EquipmentMotionLogic3=》加载配置文件-LoadJsonFile成功！
2023-07-08 15:50:00,737 [AppLog] INFO : 进入：AutoPrintThread3！
2023-07-08 15:50:00,737 [AppLog] INFO : 准备读取编码器位置：X方向！
2023-07-08 15:50:00,753 [AppLog] INFO : 准备运动，当前位置：DEV_GetPrintEncoderValue：MoveDirectionFlag{false为Y方向：False}CurrentPos{758}AimPos{758}
2023-07-08 15:50:00,753 [AppLog] INFO : X方向运动开始：DEM_Run：返回值{True}nAxis{0}DirFlag{False}nSpeed{300000}MoveStep{0}nCtlValue{2}
2023-07-08 15:50:00,831 [AppLog] INFO : X方向到位停止：DEM_StopAxisRun：返回值{True}CurrentPos{758}bImmeStop{False}nAxisMask{1}
2023-07-08 15:50:00,831 [AppLog] INFO : 准备读取编码器位置：Y方向！
2023-07-08 15:50:00,846 [AppLog] INFO : 准备运动，编码器当前位置：DEM_GetAxisEncodeVal：MoveDirectionFlag{false为Y方向：True}CurrentPos{317}AimPos{317}
2023-07-08 15:50:00,846 [AppLog] INFO : Y方向运动开始：DEM_Run：返回值{True}nAxis{1}DirFlag{False}nSpeed{300000}MoveStep{0}nCtlValue{1}
2023-07-08 15:50:00,909 [AppLog] INFO : Y方向到位停止：DEM_StopAxisRun：返回值{True}CurrentPos{317}bImmeStop{False}nAxisMask{2}
2023-07-08 15:50:01,112 [AppLog] INFO : 接收到暂停打印指令：PrintTaskTHREAD
2023-07-08 15:50:01,112 [AppLog] INFO : 进入：EquipmentMotionLogic3=》准备创建对象-手动操作！
2023-07-08 15:50:01,112 [AppLog] INFO : 进入：EquipmentMotionLogic3=》不需重新创建-手动操作！
2023-07-08 15:50:01,112 [AppLog] INFO : 进入：EquipmentMotionLogic3=》赋值完成自-AutoPrintMotion2！
2023-07-08 15:50:01,112 [AppLog] INFO : 进入：EquipmentMotionLogic3=》加载配置文件-LoadJsonFile成功！
2023-07-08 15:50:01,112 [AppLog] INFO : 进入：AutoPrintThread3！
2023-07-08 15:50:01,112 [AppLog] INFO : 准备读取编码器位置：X方向！
2023-07-08 15:50:01,112 [AppLog] INFO : 准备运动，当前位置：DEV_GetPrintEncoderValue：MoveDirectionFlag{false为Y方向：False}CurrentPos{758}AimPos{758}
2023-07-08 15:50:01,112 [AppLog] INFO : X方向运动开始：DEM_Run：返回值{True}nAxis{0}DirFlag{False}nSpeed{300000}MoveStep{0}nCtlValue{2}
2023-07-08 15:50:01,174 [AppLog] INFO : X方向到位停止：DEM_StopAxisRun：返回值{True}CurrentPos{758}bImmeStop{False}nAxisMask{1}
2023-07-08 15:50:01,174 [AppLog] INFO : 准备读取编码器位置：Y方向！
2023-07-08 15:50:01,174 [AppLog] INFO : 准备运动，编码器当前位置：DEM_GetAxisEncodeVal：MoveDirectionFlag{false为Y方向：True}CurrentPos{317}AimPos{317}
2023-07-08 15:50:01,174 [AppLog] INFO : Y方向运动开始：DEM_Run：返回值{True}nAxis{1}DirFlag{False}nSpeed{300000}MoveStep{0}nCtlValue{1}
2023-07-08 15:50:01,236 [AppLog] INFO : Y方向到位停止：DEM_StopAxisRun：返回值{True}CurrentPos{317}bImmeStop{False}nAxisMask{2}
2023-07-08 15:50:01,439 [AppLog] INFO : 接收到暂停打印指令：PrintTaskTHREAD
2023-07-08 15:50:01,439 [AppLog] INFO : 进入：EquipmentMotionLogic3=》准备创建对象-手动操作！
2023-07-08 15:50:01,439 [AppLog] INFO : 进入：EquipmentMotionLogic3=》不需重新创建-手动操作！
2023-07-08 15:50:01,439 [AppLog] INFO : 进入：EquipmentMotionLogic3=》赋值完成自-AutoPrintMotion2！
2023-07-08 15:50:01,439 [AppLog] INFO : 进入：EquipmentMotionLogic3=》加载配置文件-LoadJsonFile成功！
2023-07-08 15:50:01,439 [AppLog] INFO : 进入：AutoPrintThread3！
2023-07-08 15:50:01,439 [AppLog] INFO : 准备读取编码器位置：X方向！
2023-07-08 15:50:01,439 [AppLog] INFO : 准备运动，当前位置：DEV_GetPrintEncoderValue：MoveDirectionFlag{false为Y方向：False}CurrentPos{758}AimPos{758}
2023-07-08 15:50:01,439 [AppLog] INFO : X方向运动开始：DEM_Run：返回值{True}nAxis{0}DirFlag{False}nSpeed{300000}MoveStep{0}nCtlValue{2}
2023-07-08 15:50:01,502 [AppLog] INFO : X方向到位停止：DEM_StopAxisRun：返回值{True}CurrentPos{758}bImmeStop{False}nAxisMask{1}
2023-07-08 15:50:01,502 [AppLog] INFO : 准备读取编码器位置：Y方向！
2023-07-08 15:50:01,502 [AppLog] INFO : 准备运动，编码器当前位置：DEM_GetAxisEncodeVal：MoveDirectionFlag{false为Y方向：True}CurrentPos{317}AimPos{317}
2023-07-08 15:50:01,502 [AppLog] INFO : Y方向运动开始：DEM_Run：返回值{True}nAxis{1}DirFlag{False}nSpeed{300000}MoveStep{0}nCtlValue{1}
2023-07-08 15:50:01,564 [AppLog] INFO : Y方向到位停止：DEM_StopAxisRun：返回值{True}CurrentPos{317}bImmeStop{False}nAxisMask{2}
2023-07-08 15:50:01,767 [AppLog] INFO : 接收到暂停打印指令：PrintTaskTHREAD
2023-07-08 15:50:01,767 [AppLog] INFO : 进入：EquipmentMotionLogic3=》准备创建对象-手动操作！
2023-07-08 15:50:01,767 [AppLog] INFO : 进入：EquipmentMotionLogic3=》不需重新创建-手动操作！
2023-07-08 15:50:01,767 [AppLog] INFO : 进入：EquipmentMotionLogic3=》赋值完成自-AutoPrintMotion2！
2023-07-08 15:50:01,767 [AppLog] INFO : 进入：EquipmentMotionLogic3=》加载配置文件-LoadJsonFile成功！
2023-07-08 15:50:01,767 [AppLog] INFO : 进入：AutoPrintThread3！
2023-07-08 15:50:01,767 [AppLog] INFO : 准备读取编码器位置：X方向！
2023-07-08 15:50:01,767 [AppLog] INFO : 准备运动，当前位置：DEV_GetPrintEncoderValue：MoveDirectionFlag{false为Y方向：False}CurrentPos{758}AimPos{758}
2023-07-08 15:50:01,767 [AppLog] INFO : X方向运动开始：DEM_Run：返回值{True}nAxis{0}DirFlag{False}nSpeed{300000}MoveStep{0}nCtlValue{2}
2023-07-08 15:50:01,829 [AppLog] INFO : X方向到位停止：DEM_StopAxisRun：返回值{True}CurrentPos{758}bImmeStop{False}nAxisMask{1}
2023-07-08 15:50:01,829 [AppLog] INFO : 准备读取编码器位置：Y方向！
2023-07-08 15:50:01,829 [AppLog] INFO : 准备运动，编码器当前位置：DEM_GetAxisEncodeVal：MoveDirectionFlag{false为Y方向：True}CurrentPos{317}AimPos{317}
2023-07-08 15:50:01,829 [AppLog] INFO : Y方向运动开始：DEM_Run：返回值{True}nAxis{1}DirFlag{False}nSpeed{300000}MoveStep{0}nCtlValue{1}
2023-07-08 15:50:01,892 [AppLog] INFO : Y方向到位停止：DEM_StopAxisRun：返回值{True}CurrentPos{317}bImmeStop{False}nAxisMask{2}
2023-07-08 15:50:02,094 [AppLog] INFO : 接收到暂停打印指令：PrintTaskTHREAD
2023-07-08 15:50:02,094 [AppLog] INFO : 进入：EquipmentMotionLogic3=》准备创建对象-手动操作！
2023-07-08 15:50:02,094 [AppLog] INFO : 进入：EquipmentMotionLogic3=》不需重新创建-手动操作！
2023-07-08 15:50:02,094 [AppLog] INFO : 进入：EquipmentMotionLogic3=》赋值完成自-AutoPrintMotion2！
2023-07-08 15:50:02,094 [AppLog] INFO : 进入：EquipmentMotionLogic3=》加载配置文件-LoadJsonFile成功！
2023-07-08 15:50:02,094 [AppLog] INFO : 进入：AutoPrintThread3！
2023-07-08 15:50:02,094 [AppLog] INFO : 准备读取编码器位置：X方向！
2023-07-08 15:50:02,094 [AppLog] INFO : 准备运动，当前位置：DEV_GetPrintEncoderValue：MoveDirectionFlag{false为Y方向：False}CurrentPos{758}AimPos{758}
2023-07-08 15:50:02,094 [AppLog] INFO : X方向运动开始：DEM_Run：返回值{True}nAxis{0}DirFlag{False}nSpeed{300000}MoveStep{0}nCtlValue{2}
2023-07-08 15:50:02,157 [AppLog] INFO : X方向到位停止：DEM_StopAxisRun：返回值{True}CurrentPos{758}bImmeStop{False}nAxisMask{1}
2023-07-08 15:50:02,157 [AppLog] INFO : 准备读取编码器位置：Y方向！
2023-07-08 15:50:02,157 [AppLog] INFO : 准备运动，编码器当前位置：DEM_GetAxisEncodeVal：MoveDirectionFlag{false为Y方向：True}CurrentPos{317}AimPos{317}
2023-07-08 15:50:02,157 [AppLog] INFO : Y方向运动开始：DEM_Run：返回值{True}nAxis{1}DirFlag{False}nSpeed{300000}MoveStep{0}nCtlValue{1}
2023-07-08 15:50:02,219 [AppLog] INFO : Y方向到位停止：DEM_StopAxisRun：返回值{True}CurrentPos{317}bImmeStop{False}nAxisMask{2}
2023-07-08 15:50:02,422 [AppLog] INFO : 接收到暂停打印指令：PrintTaskTHREAD
2023-07-08 15:50:02,422 [AppLog] INFO : 进入：EquipmentMotionLogic3=》准备创建对象-手动操作！
2023-07-08 15:50:02,422 [AppLog] INFO : 进入：EquipmentMotionLogic3=》不需重新创建-手动操作！
2023-07-08 15:50:02,422 [AppLog] INFO : 进入：EquipmentMotionLogic3=》赋值完成自-AutoPrintMotion2！
2023-07-08 15:50:02,422 [AppLog] INFO : 进入：EquipmentMotionLogic3=》加载配置文件-LoadJsonFile成功！
2023-07-08 15:50:02,422 [AppLog] INFO : 进入：AutoPrintThread3！
2023-07-08 15:50:02,422 [AppLog] INFO : 准备读取编码器位置：X方向！
2023-07-08 15:50:02,422 [AppLog] INFO : 准备运动，当前位置：DEV_GetPrintEncoderValue：MoveDirectionFlag{false为Y方向：False}CurrentPos{758}AimPos{758}
2023-07-08 15:50:02,422 [AppLog] INFO : X方向运动开始：DEM_Run：返回值{True}nAxis{0}DirFlag{False}nSpeed{300000}MoveStep{0}nCtlValue{2}
2023-07-08 15:50:02,484 [AppLog] INFO : X方向到位停止：DEM_StopAxisRun：返回值{True}CurrentPos{758}bImmeStop{False}nAxisMask{1}
2023-07-08 15:50:02,484 [AppLog] INFO : 准备读取编码器位置：Y方向！
2023-07-08 15:50:02,484 [AppLog] INFO : 准备运动，编码器当前位置：DEM_GetAxisEncodeVal：MoveDirectionFlag{false为Y方向：True}CurrentPos{317}AimPos{317}
2023-07-08 15:50:02,484 [AppLog] INFO : Y方向运动开始：DEM_Run：返回值{True}nAxis{1}DirFlag{False}nSpeed{300000}MoveStep{0}nCtlValue{1}
2023-07-08 15:50:02,547 [AppLog] INFO : Y方向到位停止：DEM_StopAxisRun：返回值{True}CurrentPos{317}bImmeStop{False}nAxisMask{2}
2023-07-08 15:50:02,750 [AppLog] INFO : 接收到暂停打印指令：PrintTaskTHREAD
2023-07-08 15:50:02,750 [AppLog] INFO : 进入：EquipmentMotionLogic3=》准备创建对象-手动操作！
2023-07-08 15:50:02,750 [AppLog] INFO : 进入：EquipmentMotionLogic3=》不需重新创建-手动操作！
2023-07-08 15:50:02,750 [AppLog] INFO : 进入：EquipmentMotionLogic3=》赋值完成自-AutoPrintMotion2！
2023-07-08 15:50:02,750 [AppLog] INFO : 进入：EquipmentMotionLogic3=》加载配置文件-LoadJsonFile成功！
2023-07-08 15:50:02,750 [AppLog] INFO : 进入：AutoPrintThread3！
2023-07-08 15:50:02,750 [AppLog] INFO : 准备读取编码器位置：X方向！
2023-07-08 15:50:02,765 [AppLog] INFO : 准备运动，当前位置：DEV_GetPrintEncoderValue：MoveDirectionFlag{false为Y方向：False}CurrentPos{758}AimPos{758}
2023-07-08 15:50:02,765 [AppLog] INFO : X方向运动开始：DEM_Run：返回值{True}nAxis{0}DirFlag{False}nSpeed{300000}MoveStep{0}nCtlValue{2}
2023-07-08 15:50:02,828 [AppLog] INFO : X方向到位停止：DEM_StopAxisRun：返回值{True}CurrentPos{758}bImmeStop{False}nAxisMask{1}
2023-07-08 15:50:02,828 [AppLog] INFO : 准备读取编码器位置：Y方向！
2023-07-08 15:50:02,828 [AppLog] INFO : 准备运动，编码器当前位置：DEM_GetAxisEncodeVal：MoveDirectionFlag{false为Y方向：True}CurrentPos{317}AimPos{317}
2023-07-08 15:50:02,828 [AppLog] INFO : Y方向运动开始：DEM_Run：返回值{True}nAxis{1}DirFlag{False}nSpeed{300000}MoveStep{0}nCtlValue{1}
2023-07-08 15:50:02,906 [AppLog] INFO : Y方向到位停止：DEM_StopAxisRun：返回值{True}CurrentPos{317}bImmeStop{False}nAxisMask{2}
2023-07-08 15:50:03,108 [AppLog] INFO : 接收到暂停打印指令：PrintTaskTHREAD
2023-07-08 15:50:03,108 [AppLog] INFO : 进入：EquipmentMotionLogic3=》准备创建对象-手动操作！
2023-07-08 15:50:03,108 [AppLog] INFO : 进入：EquipmentMotionLogic3=》不需重新创建-手动操作！
2023-07-08 15:50:03,108 [AppLog] INFO : 进入：EquipmentMotionLogic3=》赋值完成自-AutoPrintMotion2！
2023-07-08 15:50:03,108 [AppLog] INFO : 进入：EquipmentMotionLogic3=》加载配置文件-LoadJsonFile成功！
2023-07-08 15:50:03,108 [AppLog] INFO : 进入：AutoPrintThread3！
2023-07-08 15:50:03,108 [AppLog] INFO : 准备读取编码器位置：X方向！
2023-07-08 15:50:03,108 [AppLog] INFO : 准备运动，当前位置：DEV_GetPrintEncoderValue：MoveDirectionFlag{false为Y方向：False}CurrentPos{758}AimPos{758}
2023-07-08 15:50:03,108 [AppLog] INFO : X方向运动开始：DEM_Run：返回值{True}nAxis{0}DirFlag{False}nSpeed{300000}MoveStep{0}nCtlValue{2}
2023-07-08 15:50:03,171 [AppLog] INFO : X方向到位停止：DEM_StopAxisRun：返回值{True}CurrentPos{758}bImmeStop{False}nAxisMask{1}
2023-07-08 15:50:03,171 [AppLog] INFO : 准备读取编码器位置：Y方向！
2023-07-08 15:50:03,171 [AppLog] INFO : 准备运动，编码器当前位置：DEM_GetAxisEncodeVal：MoveDirectionFlag{false为Y方向：True}CurrentPos{317}AimPos{317}
2023-07-08 15:50:03,171 [AppLog] INFO : Y方向运动开始：DEM_Run：返回值{True}nAxis{1}DirFlag{False}nSpeed{300000}MoveStep{0}nCtlValue{1}
2023-07-08 15:50:03,233 [AppLog] INFO : Y方向到位停止：DEM_StopAxisRun：返回值{True}CurrentPos{317}bImmeStop{False}nAxisMask{2}
2023-07-08 15:50:03,436 [AppLog] INFO : 接收到暂停打印指令：PrintTaskTHREAD
2023-07-08 15:50:03,436 [AppLog] INFO : 进入：EquipmentMotionLogic3=》准备创建对象-手动操作！
2023-07-08 15:50:03,436 [AppLog] INFO : 进入：EquipmentMotionLogic3=》不需重新创建-手动操作！
2023-07-08 15:50:03,436 [AppLog] INFO : 进入：EquipmentMotionLogic3=》赋值完成自-AutoPrintMotion2！
2023-07-08 15:50:03,436 [AppLog] INFO : 进入：EquipmentMotionLogic3=》加载配置文件-LoadJsonFile成功！
2023-07-08 15:50:03,436 [AppLog] INFO : 进入：AutoPrintThread3！
2023-07-08 15:50:03,436 [AppLog] INFO : 准备读取编码器位置：X方向！
2023-07-08 15:50:03,436 [AppLog] INFO : 准备运动，当前位置：DEV_GetPrintEncoderValue：MoveDirectionFlag{false为Y方向：False}CurrentPos{758}AimPos{758}
2023-07-08 15:50:03,436 [AppLog] INFO : X方向运动开始：DEM_Run：返回值{True}nAxis{0}DirFlag{False}nSpeed{300000}MoveStep{0}nCtlValue{2}
2023-07-08 15:50:03,498 [AppLog] INFO : X方向到位停止：DEM_StopAxisRun：返回值{True}CurrentPos{758}bImmeStop{False}nAxisMask{1}
2023-07-08 15:50:03,498 [AppLog] INFO : 准备读取编码器位置：Y方向！
2023-07-08 15:50:03,498 [AppLog] INFO : 准备运动，编码器当前位置：DEM_GetAxisEncodeVal：MoveDirectionFlag{false为Y方向：True}CurrentPos{317}AimPos{317}
2023-07-08 15:50:03,498 [AppLog] INFO : Y方向运动开始：DEM_Run：返回值{True}nAxis{1}DirFlag{False}nSpeed{300000}MoveStep{0}nCtlValue{1}
2023-07-08 15:50:03,561 [AppLog] INFO : Y方向到位停止：DEM_StopAxisRun：返回值{True}CurrentPos{317}bImmeStop{False}nAxisMask{2}
2023-07-08 15:50:03,764 [AppLog] INFO : 接收到暂停打印指令：PrintTaskTHREAD
2023-07-08 15:50:03,764 [AppLog] INFO : 进入：EquipmentMotionLogic3=》准备创建对象-手动操作！
2023-07-08 15:50:03,764 [AppLog] INFO : 进入：EquipmentMotionLogic3=》不需重新创建-手动操作！
2023-07-08 15:50:03,764 [AppLog] INFO : 进入：EquipmentMotionLogic3=》赋值完成自-AutoPrintMotion2！
2023-07-08 15:50:03,764 [AppLog] INFO : 进入：EquipmentMotionLogic3=》加载配置文件-LoadJsonFile成功！
2023-07-08 15:50:03,764 [AppLog] INFO : 进入：AutoPrintThread3！
2023-07-08 15:50:03,764 [AppLog] INFO : 准备读取编码器位置：X方向！
2023-07-08 15:50:03,764 [AppLog] INFO : 准备运动，当前位置：DEV_GetPrintEncoderValue：MoveDirectionFlag{false为Y方向：False}CurrentPos{758}AimPos{758}
2023-07-08 15:50:03,764 [AppLog] INFO : X方向运动开始：DEM_Run：返回值{True}nAxis{0}DirFlag{False}nSpeed{300000}MoveStep{0}nCtlValue{2}
2023-07-08 15:50:03,826 [AppLog] INFO : X方向到位停止：DEM_StopAxisRun：返回值{True}CurrentPos{758}bImmeStop{False}nAxisMask{1}
2023-07-08 15:50:03,826 [AppLog] INFO : 准备读取编码器位置：Y方向！
2023-07-08 15:50:03,826 [AppLog] INFO : 准备运动，编码器当前位置：DEM_GetAxisEncodeVal：MoveDirectionFlag{false为Y方向：True}CurrentPos{317}AimPos{317}
2023-07-08 15:50:03,826 [AppLog] INFO : Y方向运动开始：DEM_Run：返回值{True}nAxis{1}DirFlag{False}nSpeed{300000}MoveStep{0}nCtlValue{1}
2023-07-08 15:50:03,888 [AppLog] INFO : Y方向到位停止：DEM_StopAxisRun：返回值{True}CurrentPos{317}bImmeStop{False}nAxisMask{2}
2023-07-08 15:50:04,091 [AppLog] INFO : 接收到暂停打印指令：PrintTaskTHREAD
2023-07-08 15:50:04,091 [AppLog] INFO : 进入：EquipmentMotionLogic3=》准备创建对象-手动操作！
2023-07-08 15:50:04,091 [AppLog] INFO : 进入：EquipmentMotionLogic3=》不需重新创建-手动操作！
2023-07-08 15:50:04,091 [AppLog] INFO : 进入：EquipmentMotionLogic3=》赋值完成自-AutoPrintMotion2！
2023-07-08 15:50:04,091 [AppLog] INFO : 进入：EquipmentMotionLogic3=》加载配置文件-LoadJsonFile成功！
2023-07-08 15:50:04,091 [AppLog] INFO : 进入：AutoPrintThread3！
2023-07-08 15:50:04,091 [AppLog] INFO : 准备读取编码器位置：X方向！
2023-07-08 15:50:04,091 [AppLog] INFO : 准备运动，当前位置：DEV_GetPrintEncoderValue：MoveDirectionFlag{false为Y方向：False}CurrentPos{758}AimPos{758}
2023-07-08 15:50:04,091 [AppLog] INFO : X方向运动开始：DEM_Run：返回值{True}nAxis{0}DirFlag{False}nSpeed{300000}MoveStep{0}nCtlValue{2}
2023-07-08 15:50:04,154 [AppLog] INFO : X方向到位停止：DEM_StopAxisRun：返回值{True}CurrentPos{758}bImmeStop{False}nAxisMask{1}
2023-07-08 15:50:04,154 [AppLog] INFO : 准备读取编码器位置：Y方向！
2023-07-08 15:50:04,154 [AppLog] INFO : 准备运动，编码器当前位置：DEM_GetAxisEncodeVal：MoveDirectionFlag{false为Y方向：True}CurrentPos{317}AimPos{317}
2023-07-08 15:50:04,154 [AppLog] INFO : Y方向运动开始：DEM_Run：返回值{True}nAxis{1}DirFlag{False}nSpeed{300000}MoveStep{0}nCtlValue{1}
2023-07-08 15:50:04,216 [AppLog] INFO : Y方向到位停止：DEM_StopAxisRun：返回值{True}CurrentPos{317}bImmeStop{False}nAxisMask{2}
2023-07-08 15:50:04,419 [AppLog] INFO : 接收到暂停打印指令：PrintTaskTHREAD
2023-07-08 15:50:04,419 [AppLog] INFO : 进入：EquipmentMotionLogic3=》准备创建对象-手动操作！
2023-07-08 15:50:04,419 [AppLog] INFO : 进入：EquipmentMotionLogic3=》不需重新创建-手动操作！
2023-07-08 15:50:04,419 [AppLog] INFO : 进入：EquipmentMotionLogic3=》赋值完成自-AutoPrintMotion2！
2023-07-08 15:50:04,419 [AppLog] INFO : 进入：EquipmentMotionLogic3=》加载配置文件-LoadJsonFile成功！
2023-07-08 15:50:04,419 [AppLog] INFO : 进入：AutoPrintThread3！
2023-07-08 15:50:04,419 [AppLog] INFO : 准备读取编码器位置：X方向！
2023-07-08 15:50:04,419 [AppLog] INFO : 准备运动，当前位置：DEV_GetPrintEncoderValue：MoveDirectionFlag{false为Y方向：False}CurrentPos{758}AimPos{758}
2023-07-08 15:50:04,419 [AppLog] INFO : X方向运动开始：DEM_Run：返回值{True}nAxis{0}DirFlag{False}nSpeed{300000}MoveStep{0}nCtlValue{2}
2023-07-08 15:50:04,481 [AppLog] INFO : X方向到位停止：DEM_StopAxisRun：返回值{True}CurrentPos{758}bImmeStop{False}nAxisMask{1}
2023-07-08 15:50:04,481 [AppLog] INFO : 准备读取编码器位置：Y方向！
2023-07-08 15:50:04,481 [AppLog] INFO : 准备运动，编码器当前位置：DEM_GetAxisEncodeVal：MoveDirectionFlag{false为Y方向：True}CurrentPos{317}AimPos{317}
2023-07-08 15:50:04,481 [AppLog] INFO : Y方向运动开始：DEM_Run：返回值{True}nAxis{1}DirFlag{False}nSpeed{300000}MoveStep{0}nCtlValue{1}
2023-07-08 15:50:04,544 [AppLog] INFO : Y方向到位停止：DEM_StopAxisRun：返回值{True}CurrentPos{317}bImmeStop{False}nAxisMask{2}
2023-07-08 15:50:04,746 [AppLog] INFO : 接收到暂停打印指令：PrintTaskTHREAD
2023-07-08 15:50:04,746 [AppLog] INFO : 进入：EquipmentMotionLogic3=》准备创建对象-手动操作！
2023-07-08 15:50:04,746 [AppLog] INFO : 进入：EquipmentMotionLogic3=》不需重新创建-手动操作！
2023-07-08 15:50:04,746 [AppLog] INFO : 进入：EquipmentMotionLogic3=》赋值完成自-AutoPrintMotion2！
2023-07-08 15:50:04,746 [AppLog] INFO : 进入：EquipmentMotionLogic3=》加载配置文件-LoadJsonFile成功！
2023-07-08 15:50:04,746 [AppLog] INFO : 进入：AutoPrintThread3！
2023-07-08 15:50:04,746 [AppLog] INFO : 准备读取编码器位置：X方向！
2023-07-08 15:50:04,762 [AppLog] INFO : 准备运动，当前位置：DEV_GetPrintEncoderValue：MoveDirectionFlag{false为Y方向：False}CurrentPos{758}AimPos{758}
2023-07-08 15:50:04,762 [AppLog] INFO : X方向运动开始：DEM_Run：返回值{True}nAxis{0}DirFlag{False}nSpeed{300000}MoveStep{0}nCtlValue{2}
2023-07-08 15:50:04,824 [AppLog] INFO : X方向到位停止：DEM_StopAxisRun：返回值{True}CurrentPos{758}bImmeStop{False}nAxisMask{1}
2023-07-08 15:50:04,824 [AppLog] INFO : 准备读取编码器位置：Y方向！
2023-07-08 15:50:04,824 [AppLog] INFO : 准备运动，编码器当前位置：DEM_GetAxisEncodeVal：MoveDirectionFlag{false为Y方向：True}CurrentPos{317}AimPos{317}
2023-07-08 15:50:04,824 [AppLog] INFO : Y方向运动开始：DEM_Run：返回值{True}nAxis{1}DirFlag{False}nSpeed{300000}MoveStep{0}nCtlValue{1}
2023-07-08 15:50:04,902 [AppLog] INFO : Y方向到位停止：DEM_StopAxisRun：返回值{True}CurrentPos{317}bImmeStop{False}nAxisMask{2}
2023-07-08 15:50:05,105 [AppLog] INFO : 接收到暂停打印指令：PrintTaskTHREAD
2023-07-08 15:50:05,105 [AppLog] INFO : 进入：EquipmentMotionLogic3=》准备创建对象-手动操作！
2023-07-08 15:50:05,105 [AppLog] INFO : 进入：EquipmentMotionLogic3=》不需重新创建-手动操作！
2023-07-08 15:50:05,105 [AppLog] INFO : 进入：EquipmentMotionLogic3=》赋值完成自-AutoPrintMotion2！
2023-07-08 15:50:05,105 [AppLog] INFO : 进入：EquipmentMotionLogic3=》加载配置文件-LoadJsonFile成功！
2023-07-08 15:50:05,105 [AppLog] INFO : 进入：AutoPrintThread3！
2023-07-08 15:50:05,105 [AppLog] INFO : 准备读取编码器位置：X方向！
2023-07-08 15:50:05,105 [AppLog] INFO : 准备运动，当前位置：DEV_GetPrintEncoderValue：MoveDirectionFlag{false为Y方向：False}CurrentPos{758}AimPos{758}
2023-07-08 15:50:05,105 [AppLog] INFO : X方向运动开始：DEM_Run：返回值{True}nAxis{0}DirFlag{False}nSpeed{300000}MoveStep{0}nCtlValue{2}
2023-07-08 15:50:05,168 [AppLog] INFO : X方向到位停止：DEM_StopAxisRun：返回值{True}CurrentPos{758}bImmeStop{False}nAxisMask{1}
2023-07-08 15:50:05,168 [AppLog] INFO : 准备读取编码器位置：Y方向！
2023-07-08 15:50:05,168 [AppLog] INFO : 准备运动，编码器当前位置：DEM_GetAxisEncodeVal：MoveDirectionFlag{false为Y方向：True}CurrentPos{317}AimPos{317}
2023-07-08 15:50:05,168 [AppLog] INFO : Y方向运动开始：DEM_Run：返回值{True}nAxis{1}DirFlag{False}nSpeed{300000}MoveStep{0}nCtlValue{1}
2023-07-08 15:50:05,230 [AppLog] INFO : Y方向到位停止：DEM_StopAxisRun：返回值{True}CurrentPos{317}bImmeStop{False}nAxisMask{2}
2023-07-08 15:50:05,433 [AppLog] INFO : 接收到暂停打印指令：PrintTaskTHREAD
2023-07-08 15:50:05,433 [AppLog] INFO : 进入：EquipmentMotionLogic3=》准备创建对象-手动操作！
2023-07-08 15:50:05,433 [AppLog] INFO : 进入：EquipmentMotionLogic3=》不需重新创建-手动操作！
2023-07-08 15:50:05,433 [AppLog] INFO : 进入：EquipmentMotionLogic3=》赋值完成自-AutoPrintMotion2！
2023-07-08 15:50:05,433 [AppLog] INFO : 进入：EquipmentMotionLogic3=》加载配置文件-LoadJsonFile成功！
2023-07-08 15:50:05,433 [AppLog] INFO : 进入：AutoPrintThread3！
2023-07-08 15:50:05,433 [AppLog] INFO : 准备读取编码器位置：X方向！
2023-07-08 15:50:05,433 [AppLog] INFO : 准备运动，当前位置：DEV_GetPrintEncoderValue：MoveDirectionFlag{false为Y方向：False}CurrentPos{758}AimPos{758}
2023-07-08 15:50:05,433 [AppLog] INFO : X方向运动开始：DEM_Run：返回值{True}nAxis{0}DirFlag{False}nSpeed{300000}MoveStep{0}nCtlValue{2}
2023-07-08 15:50:05,495 [AppLog] INFO : X方向到位停止：DEM_StopAxisRun：返回值{True}CurrentPos{758}bImmeStop{False}nAxisMask{1}
2023-07-08 15:50:05,495 [AppLog] INFO : 准备读取编码器位置：Y方向！
2023-07-08 15:50:05,495 [AppLog] INFO : 准备运动，编码器当前位置：DEM_GetAxisEncodeVal：MoveDirectionFlag{false为Y方向：True}CurrentPos{317}AimPos{317}
2023-07-08 15:50:05,495 [AppLog] INFO : Y方向运动开始：DEM_Run：返回值{True}nAxis{1}DirFlag{False}nSpeed{300000}MoveStep{0}nCtlValue{1}
2023-07-08 15:50:05,558 [AppLog] INFO : Y方向到位停止：DEM_StopAxisRun：返回值{True}CurrentPos{317}bImmeStop{False}nAxisMask{2}
2023-07-08 15:50:05,760 [AppLog] INFO : 接收到暂停打印指令：PrintTaskTHREAD
2023-07-08 15:50:05,760 [AppLog] INFO : 进入：EquipmentMotionLogic3=》准备创建对象-手动操作！
2023-07-08 15:50:05,760 [AppLog] INFO : 进入：EquipmentMotionLogic3=》不需重新创建-手动操作！
2023-07-08 15:50:05,760 [AppLog] INFO : 进入：EquipmentMotionLogic3=》赋值完成自-AutoPrintMotion2！
2023-07-08 15:50:05,760 [AppLog] INFO : 进入：EquipmentMotionLogic3=》加载配置文件-LoadJsonFile成功！
2023-07-08 15:50:05,760 [AppLog] INFO : 进入：AutoPrintThread3！
2023-07-08 15:50:05,760 [AppLog] INFO : 准备读取编码器位置：X方向！
2023-07-08 15:50:05,760 [AppLog] INFO : 准备运动，当前位置：DEV_GetPrintEncoderValue：MoveDirectionFlag{false为Y方向：False}CurrentPos{758}AimPos{758}
2023-07-08 15:50:05,760 [AppLog] INFO : X方向运动开始：DEM_Run：返回值{True}nAxis{0}DirFlag{False}nSpeed{300000}MoveStep{0}nCtlValue{2}
2023-07-08 15:50:05,823 [AppLog] INFO : X方向到位停止：DEM_StopAxisRun：返回值{True}CurrentPos{758}bImmeStop{False}nAxisMask{1}
2023-07-08 15:50:05,823 [AppLog] INFO : 准备读取编码器位置：Y方向！
2023-07-08 15:50:05,823 [AppLog] INFO : 准备运动，编码器当前位置：DEM_GetAxisEncodeVal：MoveDirectionFlag{false为Y方向：True}CurrentPos{317}AimPos{317}
2023-07-08 15:50:05,823 [AppLog] INFO : Y方向运动开始：DEM_Run：返回值{True}nAxis{1}DirFlag{False}nSpeed{300000}MoveStep{0}nCtlValue{1}
2023-07-08 15:50:05,885 [AppLog] INFO : Y方向到位停止：DEM_StopAxisRun：返回值{True}CurrentPos{317}bImmeStop{False}nAxisMask{2}
2023-07-08 15:50:06,088 [AppLog] INFO : 接收到暂停打印指令：PrintTaskTHREAD
2023-07-08 15:50:06,088 [AppLog] INFO : 进入：EquipmentMotionLogic3=》准备创建对象-手动操作！
2023-07-08 15:50:06,088 [AppLog] INFO : 进入：EquipmentMotionLogic3=》不需重新创建-手动操作！
2023-07-08 15:50:06,088 [AppLog] INFO : 进入：EquipmentMotionLogic3=》赋值完成自-AutoPrintMotion2！
2023-07-08 15:50:06,088 [AppLog] INFO : 进入：EquipmentMotionLogic3=》加载配置文件-LoadJsonFile成功！
2023-07-08 15:50:06,088 [AppLog] INFO : 进入：AutoPrintThread3！
2023-07-08 15:50:06,088 [AppLog] INFO : 准备读取编码器位置：X方向！
2023-07-08 15:50:06,088 [AppLog] INFO : 准备运动，当前位置：DEV_GetPrintEncoderValue：MoveDirectionFlag{false为Y方向：False}CurrentPos{758}AimPos{758}
2023-07-08 15:50:06,088 [AppLog] INFO : X方向运动开始：DEM_Run：返回值{True}nAxis{0}DirFlag{False}nSpeed{300000}MoveStep{0}nCtlValue{2}
2023-07-08 15:50:06,150 [AppLog] INFO : X方向到位停止：DEM_StopAxisRun：返回值{True}CurrentPos{758}bImmeStop{False}nAxisMask{1}
2023-07-08 15:50:06,150 [AppLog] INFO : 准备读取编码器位置：Y方向！
2023-07-08 15:50:06,150 [AppLog] INFO : 准备运动，编码器当前位置：DEM_GetAxisEncodeVal：MoveDirectionFlag{false为Y方向：True}CurrentPos{317}AimPos{317}
2023-07-08 15:50:06,150 [AppLog] INFO : Y方向运动开始：DEM_Run：返回值{True}nAxis{1}DirFlag{False}nSpeed{300000}MoveStep{0}nCtlValue{1}
2023-07-08 15:50:06,213 [AppLog] INFO : Y方向到位停止：DEM_StopAxisRun：返回值{True}CurrentPos{317}bImmeStop{False}nAxisMask{2}
2023-07-08 15:50:06,416 [AppLog] INFO : 接收到暂停打印指令：PrintTaskTHREAD
2023-07-08 15:50:06,416 [AppLog] INFO : 进入：EquipmentMotionLogic3=》准备创建对象-手动操作！
2023-07-08 15:50:06,416 [AppLog] INFO : 进入：EquipmentMotionLogic3=》不需重新创建-手动操作！
2023-07-08 15:50:06,416 [AppLog] INFO : 进入：EquipmentMotionLogic3=》赋值完成自-AutoPrintMotion2！
2023-07-08 15:50:06,416 [AppLog] INFO : 进入：EquipmentMotionLogic3=》加载配置文件-LoadJsonFile成功！
2023-07-08 15:50:06,416 [AppLog] INFO : 进入：AutoPrintThread3！
2023-07-08 15:50:06,416 [AppLog] INFO : 准备读取编码器位置：X方向！
2023-07-08 15:50:06,416 [AppLog] INFO : 准备运动，当前位置：DEV_GetPrintEncoderValue：MoveDirectionFlag{false为Y方向：False}CurrentPos{758}AimPos{758}
2023-07-08 15:50:06,416 [AppLog] INFO : X方向运动开始：DEM_Run：返回值{True}nAxis{0}DirFlag{False}nSpeed{300000}MoveStep{0}nCtlValue{2}
2023-07-08 15:50:06,478 [AppLog] INFO : X方向到位停止：DEM_StopAxisRun：返回值{True}CurrentPos{758}bImmeStop{False}nAxisMask{1}
2023-07-08 15:50:06,478 [AppLog] INFO : 准备读取编码器位置：Y方向！
2023-07-08 15:50:06,478 [AppLog] INFO : 准备运动，编码器当前位置：DEM_GetAxisEncodeVal：MoveDirectionFlag{false为Y方向：True}CurrentPos{317}AimPos{317}
2023-07-08 15:50:06,478 [AppLog] INFO : Y方向运动开始：DEM_Run：返回值{True}nAxis{1}DirFlag{False}nSpeed{300000}MoveStep{0}nCtlValue{1}
2023-07-08 15:50:06,540 [AppLog] INFO : Y方向到位停止：DEM_StopAxisRun：返回值{True}CurrentPos{317}bImmeStop{False}nAxisMask{2}
2023-07-08 15:50:06,743 [AppLog] INFO : 接收到暂停打印指令：PrintTaskTHREAD
2023-07-08 15:50:06,743 [AppLog] INFO : 进入：EquipmentMotionLogic3=》准备创建对象-手动操作！
2023-07-08 15:50:06,743 [AppLog] INFO : 进入：EquipmentMotionLogic3=》不需重新创建-手动操作！
2023-07-08 15:50:06,743 [AppLog] INFO : 进入：EquipmentMotionLogic3=》赋值完成自-AutoPrintMotion2！
2023-07-08 15:50:06,743 [AppLog] INFO : 进入：EquipmentMotionLogic3=》加载配置文件-LoadJsonFile成功！
2023-07-08 15:50:06,743 [AppLog] INFO : 进入：AutoPrintThread3！
2023-07-08 15:50:06,743 [AppLog] INFO : 准备读取编码器位置：X方向！
2023-07-08 15:50:06,743 [AppLog] INFO : 准备运动，当前位置：DEV_GetPrintEncoderValue：MoveDirectionFlag{false为Y方向：False}CurrentPos{758}AimPos{758}
2023-07-08 15:50:06,743 [AppLog] INFO : X方向运动开始：DEM_Run：返回值{True}nAxis{0}DirFlag{False}nSpeed{300000}MoveStep{0}nCtlValue{2}
2023-07-08 15:50:06,821 [AppLog] INFO : X方向到位停止：DEM_StopAxisRun：返回值{True}CurrentPos{758}bImmeStop{False}nAxisMask{1}
2023-07-08 15:50:06,821 [AppLog] INFO : 准备读取编码器位置：Y方向！
2023-07-08 15:50:06,837 [AppLog] INFO : 准备运动，编码器当前位置：DEM_GetAxisEncodeVal：MoveDirectionFlag{false为Y方向：True}CurrentPos{317}AimPos{317}
2023-07-08 15:50:06,837 [AppLog] INFO : Y方向运动开始：DEM_Run：返回值{True}nAxis{1}DirFlag{False}nSpeed{300000}MoveStep{0}nCtlValue{1}
2023-07-08 15:50:06,899 [AppLog] INFO : Y方向到位停止：DEM_StopAxisRun：返回值{True}CurrentPos{317}bImmeStop{False}nAxisMask{2}
2023-07-08 15:50:07,102 [AppLog] INFO : 接收到暂停打印指令：PrintTaskTHREAD
2023-07-08 15:50:07,102 [AppLog] INFO : 进入：EquipmentMotionLogic3=》准备创建对象-手动操作！
2023-07-08 15:50:07,102 [AppLog] INFO : 进入：EquipmentMotionLogic3=》不需重新创建-手动操作！
2023-07-08 15:50:07,102 [AppLog] INFO : 进入：EquipmentMotionLogic3=》赋值完成自-AutoPrintMotion2！
2023-07-08 15:50:07,102 [AppLog] INFO : 进入：EquipmentMotionLogic3=》加载配置文件-LoadJsonFile成功！
2023-07-08 15:50:07,102 [AppLog] INFO : 进入：AutoPrintThread3！
2023-07-08 15:50:07,102 [AppLog] INFO : 准备读取编码器位置：X方向！
2023-07-08 15:50:07,102 [AppLog] INFO : 准备运动，当前位置：DEV_GetPrintEncoderValue：MoveDirectionFlag{false为Y方向：False}CurrentPos{758}AimPos{758}
2023-07-08 15:50:07,102 [AppLog] INFO : X方向运动开始：DEM_Run：返回值{True}nAxis{0}DirFlag{False}nSpeed{300000}MoveStep{0}nCtlValue{2}
2023-07-08 15:50:07,164 [AppLog] INFO : X方向到位停止：DEM_StopAxisRun：返回值{True}CurrentPos{758}bImmeStop{False}nAxisMask{1}
2023-07-08 15:50:07,164 [AppLog] INFO : 准备读取编码器位置：Y方向！
2023-07-08 15:50:07,164 [AppLog] INFO : 准备运动，编码器当前位置：DEM_GetAxisEncodeVal：MoveDirectionFlag{false为Y方向：True}CurrentPos{317}AimPos{317}
2023-07-08 15:50:07,164 [AppLog] INFO : Y方向运动开始：DEM_Run：返回值{True}nAxis{1}DirFlag{False}nSpeed{300000}MoveStep{0}nCtlValue{1}
2023-07-08 15:50:07,227 [AppLog] INFO : Y方向到位停止：DEM_StopAxisRun：返回值{True}CurrentPos{317}bImmeStop{False}nAxisMask{2}
2023-07-08 15:50:07,430 [AppLog] INFO : 接收到暂停打印指令：PrintTaskTHREAD
2023-07-08 15:50:07,430 [AppLog] INFO : 进入：EquipmentMotionLogic3=》准备创建对象-手动操作！
2023-07-08 15:50:07,430 [AppLog] INFO : 进入：EquipmentMotionLogic3=》不需重新创建-手动操作！
2023-07-08 15:50:07,430 [AppLog] INFO : 进入：EquipmentMotionLogic3=》赋值完成自-AutoPrintMotion2！
2023-07-08 15:50:07,430 [AppLog] INFO : 进入：EquipmentMotionLogic3=》加载配置文件-LoadJsonFile成功！
2023-07-08 15:50:07,430 [AppLog] INFO : 进入：AutoPrintThread3！
2023-07-08 15:50:07,430 [AppLog] INFO : 准备读取编码器位置：X方向！
2023-07-08 15:50:07,430 [AppLog] INFO : 准备运动，当前位置：DEV_GetPrintEncoderValue：MoveDirectionFlag{false为Y方向：False}CurrentPos{758}AimPos{758}
2023-07-08 15:50:07,430 [AppLog] INFO : X方向运动开始：DEM_Run：返回值{True}nAxis{0}DirFlag{False}nSpeed{300000}MoveStep{0}nCtlValue{2}
2023-07-08 15:50:07,492 [AppLog] INFO : X方向到位停止：DEM_StopAxisRun：返回值{True}CurrentPos{758}bImmeStop{False}nAxisMask{1}
2023-07-08 15:50:07,492 [AppLog] INFO : 准备读取编码器位置：Y方向！
2023-07-08 15:50:07,492 [AppLog] INFO : 准备运动，编码器当前位置：DEM_GetAxisEncodeVal：MoveDirectionFlag{false为Y方向：True}CurrentPos{317}AimPos{317}
2023-07-08 15:50:07,492 [AppLog] INFO : Y方向运动开始：DEM_Run：返回值{True}nAxis{1}DirFlag{False}nSpeed{300000}MoveStep{0}nCtlValue{1}
2023-07-08 15:50:07,554 [AppLog] INFO : Y方向到位停止：DEM_StopAxisRun：返回值{True}CurrentPos{317}bImmeStop{False}nAxisMask{2}
2023-07-08 15:50:07,757 [AppLog] INFO : 接收到暂停打印指令：PrintTaskTHREAD
2023-07-08 15:50:07,757 [AppLog] INFO : 进入：EquipmentMotionLogic3=》准备创建对象-手动操作！
2023-07-08 15:50:07,757 [AppLog] INFO : 进入：EquipmentMotionLogic3=》不需重新创建-手动操作！
2023-07-08 15:50:07,757 [AppLog] INFO : 进入：EquipmentMotionLogic3=》赋值完成自-AutoPrintMotion2！
2023-07-08 15:50:07,757 [AppLog] INFO : 进入：EquipmentMotionLogic3=》加载配置文件-LoadJsonFile成功！
2023-07-08 15:50:07,757 [AppLog] INFO : 进入：AutoPrintThread3！
2023-07-08 15:50:07,757 [AppLog] INFO : 准备读取编码器位置：X方向！
2023-07-08 15:50:07,757 [AppLog] INFO : 准备运动，当前位置：DEV_GetPrintEncoderValue：MoveDirectionFlag{false为Y方向：False}CurrentPos{758}AimPos{758}
2023-07-08 15:50:07,757 [AppLog] INFO : X方向运动开始：DEM_Run：返回值{True}nAxis{0}DirFlag{False}nSpeed{300000}MoveStep{0}nCtlValue{2}
2023-07-08 15:50:07,835 [AppLog] INFO : X方向到位停止：DEM_StopAxisRun：返回值{True}CurrentPos{758}bImmeStop{False}nAxisMask{1}
2023-07-08 15:50:07,835 [AppLog] INFO : 准备读取编码器位置：Y方向！
2023-07-08 15:50:07,851 [AppLog] INFO : 准备运动，编码器当前位置：DEM_GetAxisEncodeVal：MoveDirectionFlag{false为Y方向：True}CurrentPos{317}AimPos{317}
2023-07-08 15:50:07,851 [AppLog] INFO : Y方向运动开始：DEM_Run：返回值{True}nAxis{1}DirFlag{False}nSpeed{300000}MoveStep{0}nCtlValue{1}
2023-07-08 15:50:07,913 [AppLog] INFO : Y方向到位停止：DEM_StopAxisRun：返回值{True}CurrentPos{317}bImmeStop{False}nAxisMask{2}
2023-07-08 15:50:08,116 [AppLog] INFO : 接收到暂停打印指令：PrintTaskTHREAD
2023-07-08 15:50:08,116 [AppLog] INFO : 进入：EquipmentMotionLogic3=》准备创建对象-手动操作！
2023-07-08 15:50:08,116 [AppLog] INFO : 进入：EquipmentMotionLogic3=》不需重新创建-手动操作！
2023-07-08 15:50:08,116 [AppLog] INFO : 进入：EquipmentMotionLogic3=》赋值完成自-AutoPrintMotion2！
2023-07-08 15:50:08,116 [AppLog] INFO : 进入：EquipmentMotionLogic3=》加载配置文件-LoadJsonFile成功！
2023-07-08 15:50:08,116 [AppLog] INFO : 进入：AutoPrintThread3！
2023-07-08 15:50:08,116 [AppLog] INFO : 准备读取编码器位置：X方向！
2023-07-08 15:50:08,116 [AppLog] INFO : 准备运动，当前位置：DEV_GetPrintEncoderValue：MoveDirectionFlag{false为Y方向：False}CurrentPos{758}AimPos{758}
2023-07-08 15:50:08,116 [AppLog] INFO : X方向运动开始：DEM_Run：返回值{True}nAxis{0}DirFlag{False}nSpeed{300000}MoveStep{0}nCtlValue{2}
2023-07-08 15:50:08,178 [AppLog] INFO : X方向到位停止：DEM_StopAxisRun：返回值{True}CurrentPos{758}bImmeStop{False}nAxisMask{1}
2023-07-08 15:50:08,178 [AppLog] INFO : 准备读取编码器位置：Y方向！
2023-07-08 15:50:08,178 [AppLog] INFO : 准备运动，编码器当前位置：DEM_GetAxisEncodeVal：MoveDirectionFlag{false为Y方向：True}CurrentPos{317}AimPos{317}
2023-07-08 15:50:08,178 [AppLog] INFO : Y方向运动开始：DEM_Run：返回值{True}nAxis{1}DirFlag{False}nSpeed{300000}MoveStep{0}nCtlValue{1}
2023-07-08 15:50:08,241 [AppLog] INFO : Y方向到位停止：DEM_StopAxisRun：返回值{True}CurrentPos{317}bImmeStop{False}nAxisMask{2}
2023-07-08 15:50:08,444 [AppLog] INFO : 接收到暂停打印指令：PrintTaskTHREAD
2023-07-08 15:50:08,444 [AppLog] INFO : 进入：EquipmentMotionLogic3=》准备创建对象-手动操作！
2023-07-08 15:50:08,444 [AppLog] INFO : 进入：EquipmentMotionLogic3=》不需重新创建-手动操作！
2023-07-08 15:50:08,444 [AppLog] INFO : 进入：EquipmentMotionLogic3=》赋值完成自-AutoPrintMotion2！
2023-07-08 15:50:08,444 [AppLog] INFO : 进入：EquipmentMotionLogic3=》加载配置文件-LoadJsonFile成功！
2023-07-08 15:50:08,444 [AppLog] INFO : 进入：AutoPrintThread3！
2023-07-08 15:50:08,444 [AppLog] INFO : 准备读取编码器位置：X方向！
2023-07-08 15:50:08,444 [AppLog] INFO : 准备运动，当前位置：DEV_GetPrintEncoderValue：MoveDirectionFlag{false为Y方向：False}CurrentPos{758}AimPos{758}
2023-07-08 15:50:08,444 [AppLog] INFO : X方向运动开始：DEM_Run：返回值{True}nAxis{0}DirFlag{False}nSpeed{300000}MoveStep{0}nCtlValue{2}
2023-07-08 15:50:08,506 [AppLog] INFO : X方向到位停止：DEM_StopAxisRun：返回值{True}CurrentPos{758}bImmeStop{False}nAxisMask{1}
2023-07-08 15:50:08,506 [AppLog] INFO : 准备读取编码器位置：Y方向！
2023-07-08 15:50:08,506 [AppLog] INFO : 准备运动，编码器当前位置：DEM_GetAxisEncodeVal：MoveDirectionFlag{false为Y方向：True}CurrentPos{317}AimPos{317}
2023-07-08 15:50:08,506 [AppLog] INFO : Y方向运动开始：DEM_Run：返回值{True}nAxis{1}DirFlag{False}nSpeed{300000}MoveStep{0}nCtlValue{1}
2023-07-08 15:50:08,568 [AppLog] INFO : Y方向到位停止：DEM_StopAxisRun：返回值{True}CurrentPos{317}bImmeStop{False}nAxisMask{2}
2023-07-08 15:50:08,771 [AppLog] INFO : 接收到暂停打印指令：PrintTaskTHREAD
2023-07-08 15:50:08,771 [AppLog] INFO : 进入：EquipmentMotionLogic3=》准备创建对象-手动操作！
2023-07-08 15:50:08,771 [AppLog] INFO : 进入：EquipmentMotionLogic3=》不需重新创建-手动操作！
2023-07-08 15:50:08,771 [AppLog] INFO : 进入：EquipmentMotionLogic3=》赋值完成自-AutoPrintMotion2！
2023-07-08 15:50:08,771 [AppLog] INFO : 进入：EquipmentMotionLogic3=》加载配置文件-LoadJsonFile成功！
2023-07-08 15:50:08,771 [AppLog] INFO : 进入：AutoPrintThread3！
2023-07-08 15:50:08,771 [AppLog] INFO : 准备读取编码器位置：X方向！
2023-07-08 15:50:08,787 [AppLog] INFO : 准备运动，当前位置：DEV_GetPrintEncoderValue：MoveDirectionFlag{false为Y方向：False}CurrentPos{758}AimPos{758}
2023-07-08 15:50:08,787 [AppLog] INFO : X方向运动开始：DEM_Run：返回值{True}nAxis{0}DirFlag{False}nSpeed{300000}MoveStep{0}nCtlValue{2}
2023-07-08 15:50:08,849 [AppLog] INFO : X方向到位停止：DEM_StopAxisRun：返回值{True}CurrentPos{758}bImmeStop{False}nAxisMask{1}
2023-07-08 15:50:08,849 [AppLog] INFO : 准备读取编码器位置：Y方向！
2023-07-08 15:50:08,880 [AppLog] INFO : 准备运动，编码器当前位置：DEM_GetAxisEncodeVal：MoveDirectionFlag{false为Y方向：True}CurrentPos{317}AimPos{317}
2023-07-08 15:50:08,880 [AppLog] INFO : Y方向运动开始：DEM_Run：返回值{True}nAxis{1}DirFlag{False}nSpeed{300000}MoveStep{0}nCtlValue{1}
2023-07-08 15:50:08,943 [AppLog] INFO : Y方向到位停止：DEM_StopAxisRun：返回值{True}CurrentPos{317}bImmeStop{False}nAxisMask{2}
2023-07-08 15:50:09,146 [AppLog] INFO : 接收到暂停打印指令：PrintTaskTHREAD
2023-07-08 15:50:09,146 [AppLog] INFO : 进入：EquipmentMotionLogic3=》准备创建对象-手动操作！
2023-07-08 15:50:09,146 [AppLog] INFO : 进入：EquipmentMotionLogic3=》不需重新创建-手动操作！
2023-07-08 15:50:09,146 [AppLog] INFO : 进入：EquipmentMotionLogic3=》赋值完成自-AutoPrintMotion2！
2023-07-08 15:50:09,146 [AppLog] INFO : 进入：EquipmentMotionLogic3=》加载配置文件-LoadJsonFile成功！
2023-07-08 15:50:09,146 [AppLog] INFO : 进入：AutoPrintThread3！
2023-07-08 15:50:09,146 [AppLog] INFO : 准备读取编码器位置：X方向！
2023-07-08 15:50:09,146 [AppLog] INFO : 准备运动，当前位置：DEV_GetPrintEncoderValue：MoveDirectionFlag{false为Y方向：False}CurrentPos{758}AimPos{758}
2023-07-08 15:50:09,146 [AppLog] INFO : X方向运动开始：DEM_Run：返回值{True}nAxis{0}DirFlag{False}nSpeed{300000}MoveStep{0}nCtlValue{2}
2023-07-08 15:50:09,208 [AppLog] INFO : X方向到位停止：DEM_StopAxisRun：返回值{True}CurrentPos{758}bImmeStop{False}nAxisMask{1}
2023-07-08 15:50:09,208 [AppLog] INFO : 准备读取编码器位置：Y方向！
2023-07-08 15:50:09,208 [AppLog] INFO : 准备运动，编码器当前位置：DEM_GetAxisEncodeVal：MoveDirectionFlag{false为Y方向：True}CurrentPos{317}AimPos{317}
2023-07-08 15:50:09,208 [AppLog] INFO : Y方向运动开始：DEM_Run：返回值{True}nAxis{1}DirFlag{False}nSpeed{300000}MoveStep{0}nCtlValue{1}
2023-07-08 15:50:09,270 [AppLog] INFO : Y方向到位停止：DEM_StopAxisRun：返回值{True}CurrentPos{317}bImmeStop{False}nAxisMask{2}
2023-07-08 15:50:09,473 [AppLog] INFO : 接收到暂停打印指令：PrintTaskTHREAD
2023-07-08 15:50:09,473 [AppLog] INFO : 进入：EquipmentMotionLogic3=》准备创建对象-手动操作！
2023-07-08 15:50:09,473 [AppLog] INFO : 进入：EquipmentMotionLogic3=》不需重新创建-手动操作！
2023-07-08 15:50:09,473 [AppLog] INFO : 进入：EquipmentMotionLogic3=》赋值完成自-AutoPrintMotion2！
2023-07-08 15:50:09,473 [AppLog] INFO : 进入：EquipmentMotionLogic3=》加载配置文件-LoadJsonFile成功！
2023-07-08 15:50:09,473 [AppLog] INFO : 进入：AutoPrintThread3！
2023-07-08 15:50:09,473 [AppLog] INFO : 准备读取编码器位置：X方向！
2023-07-08 15:50:09,473 [AppLog] INFO : 准备运动，当前位置：DEV_GetPrintEncoderValue：MoveDirectionFlag{false为Y方向：False}CurrentPos{758}AimPos{758}
2023-07-08 15:50:09,473 [AppLog] INFO : X方向运动开始：DEM_Run：返回值{True}nAxis{0}DirFlag{False}nSpeed{300000}MoveStep{0}nCtlValue{2}
2023-07-08 15:50:09,536 [AppLog] INFO : X方向到位停止：DEM_StopAxisRun：返回值{True}CurrentPos{758}bImmeStop{False}nAxisMask{1}
2023-07-08 15:50:09,536 [AppLog] INFO : 准备读取编码器位置：Y方向！
2023-07-08 15:50:09,536 [AppLog] INFO : 准备运动，编码器当前位置：DEM_GetAxisEncodeVal：MoveDirectionFlag{false为Y方向：True}CurrentPos{317}AimPos{317}
2023-07-08 15:50:09,536 [AppLog] INFO : Y方向运动开始：DEM_Run：返回值{True}nAxis{1}DirFlag{False}nSpeed{300000}MoveStep{0}nCtlValue{1}
2023-07-08 15:50:09,598 [AppLog] INFO : Y方向到位停止：DEM_StopAxisRun：返回值{True}CurrentPos{317}bImmeStop{False}nAxisMask{2}
2023-07-08 15:50:09,801 [AppLog] INFO : 接收到暂停打印指令：PrintTaskTHREAD
2023-07-08 15:50:09,801 [AppLog] INFO : 进入：EquipmentMotionLogic3=》准备创建对象-手动操作！
2023-07-08 15:50:09,801 [AppLog] INFO : 进入：EquipmentMotionLogic3=》不需重新创建-手动操作！
2023-07-08 15:50:09,801 [AppLog] INFO : 进入：EquipmentMotionLogic3=》赋值完成自-AutoPrintMotion2！
2023-07-08 15:50:09,801 [AppLog] INFO : 进入：EquipmentMotionLogic3=》加载配置文件-LoadJsonFile成功！
2023-07-08 15:50:09,801 [AppLog] INFO : 进入：AutoPrintThread3！
2023-07-08 15:50:09,801 [AppLog] INFO : 准备读取编码器位置：X方向！
2023-07-08 15:50:09,816 [AppLog] INFO : 准备运动，当前位置：DEV_GetPrintEncoderValue：MoveDirectionFlag{false为Y方向：False}CurrentPos{758}AimPos{758}
2023-07-08 15:50:09,816 [AppLog] INFO : X方向运动开始：DEM_Run：返回值{True}nAxis{0}DirFlag{False}nSpeed{300000}MoveStep{0}nCtlValue{2}
2023-07-08 15:50:09,879 [AppLog] INFO : X方向到位停止：DEM_StopAxisRun：返回值{True}CurrentPos{758}bImmeStop{False}nAxisMask{1}
2023-07-08 15:50:09,879 [AppLog] INFO : 准备读取编码器位置：Y方向！
2023-07-08 15:50:09,910 [AppLog] INFO : 准备运动，编码器当前位置：DEM_GetAxisEncodeVal：MoveDirectionFlag{false为Y方向：True}CurrentPos{317}AimPos{317}
2023-07-08 15:50:09,910 [AppLog] INFO : Y方向运动开始：DEM_Run：返回值{True}nAxis{1}DirFlag{False}nSpeed{300000}MoveStep{0}nCtlValue{1}
2023-07-08 15:50:09,972 [AppLog] INFO : Y方向到位停止：DEM_StopAxisRun：返回值{True}CurrentPos{317}bImmeStop{False}nAxisMask{2}
2023-07-08 15:50:10,175 [AppLog] INFO : 接收到暂停打印指令：PrintTaskTHREAD
2023-07-08 15:50:10,175 [AppLog] INFO : 进入：EquipmentMotionLogic3=》准备创建对象-手动操作！
2023-07-08 15:50:10,175 [AppLog] INFO : 进入：EquipmentMotionLogic3=》不需重新创建-手动操作！
2023-07-08 15:50:10,175 [AppLog] INFO : 进入：EquipmentMotionLogic3=》赋值完成自-AutoPrintMotion2！
2023-07-08 15:50:10,175 [AppLog] INFO : 进入：EquipmentMotionLogic3=》加载配置文件-LoadJsonFile成功！
2023-07-08 15:50:10,175 [AppLog] INFO : 进入：AutoPrintThread3！
2023-07-08 15:50:10,175 [AppLog] INFO : 准备读取编码器位置：X方向！
2023-07-08 15:50:10,175 [AppLog] INFO : 准备运动，当前位置：DEV_GetPrintEncoderValue：MoveDirectionFlag{false为Y方向：False}CurrentPos{758}AimPos{758}
2023-07-08 15:50:10,175 [AppLog] INFO : X方向运动开始：DEM_Run：返回值{True}nAxis{0}DirFlag{False}nSpeed{300000}MoveStep{0}nCtlValue{2}
2023-07-08 15:50:10,238 [AppLog] INFO : X方向到位停止：DEM_StopAxisRun：返回值{True}CurrentPos{758}bImmeStop{False}nAxisMask{1}
2023-07-08 15:50:10,238 [AppLog] INFO : 准备读取编码器位置：Y方向！
2023-07-08 15:50:10,238 [AppLog] INFO : 准备运动，编码器当前位置：DEM_GetAxisEncodeVal：MoveDirectionFlag{false为Y方向：True}CurrentPos{317}AimPos{317}
2023-07-08 15:50:10,238 [AppLog] INFO : Y方向运动开始：DEM_Run：返回值{True}nAxis{1}DirFlag{False}nSpeed{300000}MoveStep{0}nCtlValue{1}
2023-07-08 15:50:10,300 [AppLog] INFO : Y方向到位停止：DEM_StopAxisRun：返回值{True}CurrentPos{317}bImmeStop{False}nAxisMask{2}
2023-07-08 15:50:10,503 [AppLog] INFO : 接收到暂停打印指令：PrintTaskTHREAD
2023-07-08 15:50:10,503 [AppLog] INFO : 进入：EquipmentMotionLogic3=》准备创建对象-手动操作！
2023-07-08 15:50:10,503 [AppLog] INFO : 进入：EquipmentMotionLogic3=》不需重新创建-手动操作！
2023-07-08 15:50:10,503 [AppLog] INFO : 进入：EquipmentMotionLogic3=》赋值完成自-AutoPrintMotion2！
2023-07-08 15:50:10,503 [AppLog] INFO : 进入：EquipmentMotionLogic3=》加载配置文件-LoadJsonFile成功！
2023-07-08 15:50:10,503 [AppLog] INFO : 进入：AutoPrintThread3！
2023-07-08 15:50:10,503 [AppLog] INFO : 准备读取编码器位置：X方向！
2023-07-08 15:50:10,503 [AppLog] INFO : 准备运动，当前位置：DEV_GetPrintEncoderValue：MoveDirectionFlag{false为Y方向：False}CurrentPos{758}AimPos{758}
2023-07-08 15:50:10,503 [AppLog] INFO : X方向运动开始：DEM_Run：返回值{True}nAxis{0}DirFlag{False}nSpeed{300000}MoveStep{0}nCtlValue{2}
2023-07-08 15:50:10,565 [AppLog] INFO : X方向到位停止：DEM_StopAxisRun：返回值{True}CurrentPos{758}bImmeStop{False}nAxisMask{1}
2023-07-08 15:50:10,565 [AppLog] INFO : 准备读取编码器位置：Y方向！
2023-07-08 15:50:10,565 [AppLog] INFO : 准备运动，编码器当前位置：DEM_GetAxisEncodeVal：MoveDirectionFlag{false为Y方向：True}CurrentPos{317}AimPos{317}
2023-07-08 15:50:10,565 [AppLog] INFO : Y方向运动开始：DEM_Run：返回值{True}nAxis{1}DirFlag{False}nSpeed{300000}MoveStep{0}nCtlValue{1}
2023-07-08 15:50:10,628 [AppLog] INFO : Y方向到位停止：DEM_StopAxisRun：返回值{True}CurrentPos{317}bImmeStop{False}nAxisMask{2}
2023-07-08 15:50:10,830 [AppLog] INFO : 接收到暂停打印指令：PrintTaskTHREAD
2023-07-08 15:50:10,830 [AppLog] INFO : 进入：EquipmentMotionLogic3=》准备创建对象-手动操作！
2023-07-08 15:50:10,830 [AppLog] INFO : 进入：EquipmentMotionLogic3=》不需重新创建-手动操作！
2023-07-08 15:50:10,830 [AppLog] INFO : 进入：EquipmentMotionLogic3=》赋值完成自-AutoPrintMotion2！
2023-07-08 15:50:10,830 [AppLog] INFO : 进入：EquipmentMotionLogic3=》加载配置文件-LoadJsonFile成功！
2023-07-08 15:50:10,830 [AppLog] INFO : 进入：AutoPrintThread3！
2023-07-08 15:50:10,830 [AppLog] INFO : 准备读取编码器位置：X方向！
2023-07-08 15:50:10,830 [AppLog] INFO : 准备运动，当前位置：DEV_GetPrintEncoderValue：MoveDirectionFlag{false为Y方向：False}CurrentPos{758}AimPos{758}
2023-07-08 15:50:10,830 [AppLog] INFO : X方向运动开始：DEM_Run：返回值{True}nAxis{0}DirFlag{False}nSpeed{300000}MoveStep{0}nCtlValue{2}
2023-07-08 15:50:10,893 [AppLog] INFO : X方向到位停止：DEM_StopAxisRun：返回值{True}CurrentPos{758}bImmeStop{False}nAxisMask{1}
2023-07-08 15:50:10,893 [AppLog] INFO : 准备读取编码器位置：Y方向！
2023-07-08 15:50:10,893 [AppLog] INFO : 准备运动，编码器当前位置：DEM_GetAxisEncodeVal：MoveDirectionFlag{false为Y方向：True}CurrentPos{317}AimPos{317}
2023-07-08 15:50:10,893 [AppLog] INFO : Y方向运动开始：DEM_Run：返回值{True}nAxis{1}DirFlag{False}nSpeed{300000}MoveStep{0}nCtlValue{1}
2023-07-08 15:50:10,955 [AppLog] INFO : Y方向到位停止：DEM_StopAxisRun：返回值{True}CurrentPos{317}bImmeStop{False}nAxisMask{2}
2023-07-08 15:50:11,158 [AppLog] INFO : 接收到暂停打印指令：PrintTaskTHREAD
2023-07-08 15:50:11,158 [AppLog] INFO : 进入：EquipmentMotionLogic3=》准备创建对象-手动操作！
2023-07-08 15:50:11,158 [AppLog] INFO : 进入：EquipmentMotionLogic3=》不需重新创建-手动操作！
2023-07-08 15:50:11,158 [AppLog] INFO : 进入：EquipmentMotionLogic3=》赋值完成自-AutoPrintMotion2！
2023-07-08 15:50:11,158 [AppLog] INFO : 进入：EquipmentMotionLogic3=》加载配置文件-LoadJsonFile成功！
2023-07-08 15:50:11,158 [AppLog] INFO : 进入：AutoPrintThread3！
2023-07-08 15:50:11,158 [AppLog] INFO : 准备读取编码器位置：X方向！
2023-07-08 15:50:11,158 [AppLog] INFO : 准备运动，当前位置：DEV_GetPrintEncoderValue：MoveDirectionFlag{false为Y方向：False}CurrentPos{758}AimPos{758}
2023-07-08 15:50:11,158 [AppLog] INFO : X方向运动开始：DEM_Run：返回值{True}nAxis{0}DirFlag{False}nSpeed{300000}MoveStep{0}nCtlValue{2}
2023-07-08 15:50:11,220 [AppLog] INFO : X方向到位停止：DEM_StopAxisRun：返回值{True}CurrentPos{758}bImmeStop{False}nAxisMask{1}
2023-07-08 15:50:11,220 [AppLog] INFO : 准备读取编码器位置：Y方向！
2023-07-08 15:50:11,220 [AppLog] INFO : 准备运动，编码器当前位置：DEM_GetAxisEncodeVal：MoveDirectionFlag{false为Y方向：True}CurrentPos{317}AimPos{317}
2023-07-08 15:50:11,220 [AppLog] INFO : Y方向运动开始：DEM_Run：返回值{True}nAxis{1}DirFlag{False}nSpeed{300000}MoveStep{0}nCtlValue{1}
2023-07-08 15:50:11,283 [AppLog] INFO : Y方向到位停止：DEM_StopAxisRun：返回值{True}CurrentPos{317}bImmeStop{False}nAxisMask{2}
2023-07-08 15:50:11,486 [AppLog] INFO : 接收到暂停打印指令：PrintTaskTHREAD
2023-07-08 15:50:11,486 [AppLog] INFO : 进入：EquipmentMotionLogic3=》准备创建对象-手动操作！
2023-07-08 15:50:11,486 [AppLog] INFO : 进入：EquipmentMotionLogic3=》不需重新创建-手动操作！
2023-07-08 15:50:11,486 [AppLog] INFO : 进入：EquipmentMotionLogic3=》赋值完成自-AutoPrintMotion2！
2023-07-08 15:50:11,486 [AppLog] INFO : 进入：EquipmentMotionLogic3=》加载配置文件-LoadJsonFile成功！
2023-07-08 15:50:11,486 [AppLog] INFO : 进入：AutoPrintThread3！
2023-07-08 15:50:11,486 [AppLog] INFO : 准备读取编码器位置：X方向！
2023-07-08 15:50:11,486 [AppLog] INFO : 准备运动，当前位置：DEV_GetPrintEncoderValue：MoveDirectionFlag{false为Y方向：False}CurrentPos{758}AimPos{758}
2023-07-08 15:50:11,486 [AppLog] INFO : X方向运动开始：DEM_Run：返回值{True}nAxis{0}DirFlag{False}nSpeed{300000}MoveStep{0}nCtlValue{2}
2023-07-08 15:50:11,548 [AppLog] INFO : X方向到位停止：DEM_StopAxisRun：返回值{True}CurrentPos{758}bImmeStop{False}nAxisMask{1}
2023-07-08 15:50:11,548 [AppLog] INFO : 准备读取编码器位置：Y方向！
2023-07-08 15:50:11,548 [AppLog] INFO : 准备运动，编码器当前位置：DEM_GetAxisEncodeVal：MoveDirectionFlag{false为Y方向：True}CurrentPos{317}AimPos{317}
2023-07-08 15:50:11,548 [AppLog] INFO : Y方向运动开始：DEM_Run：返回值{True}nAxis{1}DirFlag{False}nSpeed{300000}MoveStep{0}nCtlValue{1}
2023-07-08 15:50:11,610 [AppLog] INFO : Y方向到位停止：DEM_StopAxisRun：返回值{True}CurrentPos{317}bImmeStop{False}nAxisMask{2}
2023-07-08 15:50:11,813 [AppLog] INFO : 接收到暂停打印指令：PrintTaskTHREAD
2023-07-08 15:50:11,813 [AppLog] INFO : 进入：EquipmentMotionLogic3=》准备创建对象-手动操作！
2023-07-08 15:50:11,813 [AppLog] INFO : 进入：EquipmentMotionLogic3=》不需重新创建-手动操作！
2023-07-08 15:50:11,813 [AppLog] INFO : 进入：EquipmentMotionLogic3=》赋值完成自-AutoPrintMotion2！
2023-07-08 15:50:11,813 [AppLog] INFO : 进入：EquipmentMotionLogic3=》加载配置文件-LoadJsonFile成功！
2023-07-08 15:50:11,813 [AppLog] INFO : 进入：AutoPrintThread3！
2023-07-08 15:50:11,813 [AppLog] INFO : 准备读取编码器位置：X方向！
2023-07-08 15:50:11,813 [AppLog] INFO : 准备运动，当前位置：DEV_GetPrintEncoderValue：MoveDirectionFlag{false为Y方向：False}CurrentPos{758}AimPos{758}
2023-07-08 15:50:11,813 [AppLog] INFO : X方向运动开始：DEM_Run：返回值{True}nAxis{0}DirFlag{False}nSpeed{300000}MoveStep{0}nCtlValue{2}
2023-07-08 15:50:11,876 [AppLog] INFO : X方向到位停止：DEM_StopAxisRun：返回值{True}CurrentPos{758}bImmeStop{False}nAxisMask{1}
2023-07-08 15:50:11,876 [AppLog] INFO : 准备读取编码器位置：Y方向！
2023-07-08 15:50:11,876 [AppLog] INFO : 准备运动，编码器当前位置：DEM_GetAxisEncodeVal：MoveDirectionFlag{false为Y方向：True}CurrentPos{317}AimPos{317}
2023-07-08 15:50:11,876 [AppLog] INFO : Y方向运动开始：DEM_Run：返回值{True}nAxis{1}DirFlag{False}nSpeed{300000}MoveStep{0}nCtlValue{1}
2023-07-08 15:50:11,969 [AppLog] INFO : Y方向到位停止：DEM_StopAxisRun：返回值{True}CurrentPos{317}bImmeStop{False}nAxisMask{2}
2023-07-08 15:50:12,172 [AppLog] INFO : 接收到暂停打印指令：PrintTaskTHREAD
2023-07-08 15:50:12,172 [AppLog] INFO : 进入：EquipmentMotionLogic3=》准备创建对象-手动操作！
2023-07-08 15:50:12,172 [AppLog] INFO : 进入：EquipmentMotionLogic3=》不需重新创建-手动操作！
2023-07-08 15:50:12,172 [AppLog] INFO : 进入：EquipmentMotionLogic3=》赋值完成自-AutoPrintMotion2！
2023-07-08 15:50:12,172 [AppLog] INFO : 进入：EquipmentMotionLogic3=》加载配置文件-LoadJsonFile成功！
2023-07-08 15:50:12,172 [AppLog] INFO : 进入：AutoPrintThread3！
2023-07-08 15:50:12,172 [AppLog] INFO : 准备读取编码器位置：X方向！
2023-07-08 15:50:12,172 [AppLog] INFO : 准备运动，当前位置：DEV_GetPrintEncoderValue：MoveDirectionFlag{false为Y方向：False}CurrentPos{758}AimPos{758}
2023-07-08 15:50:12,172 [AppLog] INFO : X方向运动开始：DEM_Run：返回值{True}nAxis{0}DirFlag{False}nSpeed{300000}MoveStep{0}nCtlValue{2}
2023-07-08 15:50:12,234 [AppLog] INFO : X方向到位停止：DEM_StopAxisRun：返回值{True}CurrentPos{758}bImmeStop{False}nAxisMask{1}
2023-07-08 15:50:12,234 [AppLog] INFO : 准备读取编码器位置：Y方向！
2023-07-08 15:50:12,234 [AppLog] INFO : 准备运动，编码器当前位置：DEM_GetAxisEncodeVal：MoveDirectionFlag{false为Y方向：True}CurrentPos{317}AimPos{317}
2023-07-08 15:50:12,234 [AppLog] INFO : Y方向运动开始：DEM_Run：返回值{True}nAxis{1}DirFlag{False}nSpeed{300000}MoveStep{0}nCtlValue{1}
2023-07-08 15:50:12,297 [AppLog] INFO : Y方向到位停止：DEM_StopAxisRun：返回值{True}CurrentPos{317}bImmeStop{False}nAxisMask{2}
2023-07-08 15:50:12,500 [AppLog] INFO : 接收到暂停打印指令：PrintTaskTHREAD
2023-07-08 15:50:12,500 [AppLog] INFO : 进入：EquipmentMotionLogic3=》准备创建对象-手动操作！
2023-07-08 15:50:12,500 [AppLog] INFO : 进入：EquipmentMotionLogic3=》不需重新创建-手动操作！
2023-07-08 15:50:12,500 [AppLog] INFO : 进入：EquipmentMotionLogic3=》赋值完成自-AutoPrintMotion2！
2023-07-08 15:50:12,500 [AppLog] INFO : 进入：EquipmentMotionLogic3=》加载配置文件-LoadJsonFile成功！
2023-07-08 15:50:12,500 [AppLog] INFO : 进入：AutoPrintThread3！
2023-07-08 15:50:12,500 [AppLog] INFO : 准备读取编码器位置：X方向！
2023-07-08 15:50:12,500 [AppLog] INFO : 准备运动，当前位置：DEV_GetPrintEncoderValue：MoveDirectionFlag{false为Y方向：False}CurrentPos{758}AimPos{758}
2023-07-08 15:50:12,500 [AppLog] INFO : X方向运动开始：DEM_Run：返回值{True}nAxis{0}DirFlag{False}nSpeed{300000}MoveStep{0}nCtlValue{2}
2023-07-08 15:50:12,562 [AppLog] INFO : X方向到位停止：DEM_StopAxisRun：返回值{True}CurrentPos{758}bImmeStop{False}nAxisMask{1}
2023-07-08 15:50:12,562 [AppLog] INFO : 准备读取编码器位置：Y方向！
2023-07-08 15:50:12,562 [AppLog] INFO : 准备运动，编码器当前位置：DEM_GetAxisEncodeVal：MoveDirectionFlag{false为Y方向：True}CurrentPos{317}AimPos{317}
2023-07-08 15:50:12,562 [AppLog] INFO : Y方向运动开始：DEM_Run：返回值{True}nAxis{1}DirFlag{False}nSpeed{300000}MoveStep{0}nCtlValue{1}
2023-07-08 15:50:12,624 [AppLog] INFO : Y方向到位停止：DEM_StopAxisRun：返回值{True}CurrentPos{317}bImmeStop{False}nAxisMask{2}
2023-07-08 15:50:12,827 [AppLog] INFO : 接收到暂停打印指令：PrintTaskTHREAD
2023-07-08 15:50:12,827 [AppLog] INFO : 进入：EquipmentMotionLogic3=》准备创建对象-手动操作！
2023-07-08 15:50:12,827 [AppLog] INFO : 进入：EquipmentMotionLogic3=》不需重新创建-手动操作！
2023-07-08 15:50:12,827 [AppLog] INFO : 进入：EquipmentMotionLogic3=》赋值完成自-AutoPrintMotion2！
2023-07-08 15:50:12,827 [AppLog] INFO : 进入：EquipmentMotionLogic3=》加载配置文件-LoadJsonFile成功！
2023-07-08 15:50:12,827 [AppLog] INFO : 进入：AutoPrintThread3！
2023-07-08 15:50:12,827 [AppLog] INFO : 准备读取编码器位置：X方向！
2023-07-08 15:50:12,827 [AppLog] INFO : 准备运动，当前位置：DEV_GetPrintEncoderValue：MoveDirectionFlag{false为Y方向：False}CurrentPos{758}AimPos{758}
2023-07-08 15:50:12,827 [AppLog] INFO : X方向运动开始：DEM_Run：返回值{True}nAxis{0}DirFlag{False}nSpeed{300000}MoveStep{0}nCtlValue{2}
2023-07-08 15:50:12,905 [AppLog] INFO : X方向到位停止：DEM_StopAxisRun：返回值{True}CurrentPos{758}bImmeStop{False}nAxisMask{1}
2023-07-08 15:50:12,905 [AppLog] INFO : 准备读取编码器位置：Y方向！
2023-07-08 15:50:12,905 [AppLog] INFO : 准备运动，编码器当前位置：DEM_GetAxisEncodeVal：MoveDirectionFlag{false为Y方向：True}CurrentPos{317}AimPos{317}
2023-07-08 15:50:12,905 [AppLog] INFO : Y方向运动开始：DEM_Run：返回值{True}nAxis{1}DirFlag{False}nSpeed{300000}MoveStep{0}nCtlValue{1}
2023-07-08 15:50:12,968 [AppLog] INFO : Y方向到位停止：DEM_StopAxisRun：返回值{True}CurrentPos{317}bImmeStop{False}nAxisMask{2}
2023-07-08 15:50:13,170 [AppLog] INFO : 接收到暂停打印指令：PrintTaskTHREAD
2023-07-08 15:50:13,170 [AppLog] INFO : 进入：EquipmentMotionLogic3=》准备创建对象-手动操作！
2023-07-08 15:50:13,170 [AppLog] INFO : 进入：EquipmentMotionLogic3=》不需重新创建-手动操作！
2023-07-08 15:50:13,170 [AppLog] INFO : 进入：EquipmentMotionLogic3=》赋值完成自-AutoPrintMotion2！
2023-07-08 15:50:13,170 [AppLog] INFO : 进入：EquipmentMotionLogic3=》加载配置文件-LoadJsonFile成功！
2023-07-08 15:50:13,170 [AppLog] INFO : 进入：AutoPrintThread3！
2023-07-08 15:50:13,170 [AppLog] INFO : 准备读取编码器位置：X方向！
2023-07-08 15:50:13,186 [AppLog] INFO : 准备运动，当前位置：DEV_GetPrintEncoderValue：MoveDirectionFlag{false为Y方向：False}CurrentPos{758}AimPos{758}
2023-07-08 15:50:13,186 [AppLog] INFO : X方向运动开始：DEM_Run：返回值{True}nAxis{0}DirFlag{False}nSpeed{300000}MoveStep{0}nCtlValue{2}
2023-07-08 15:50:13,248 [AppLog] INFO : X方向到位停止：DEM_StopAxisRun：返回值{True}CurrentPos{758}bImmeStop{False}nAxisMask{1}
2023-07-08 15:50:13,248 [AppLog] INFO : 准备读取编码器位置：Y方向！
2023-07-08 15:50:13,248 [AppLog] INFO : 准备运动，编码器当前位置：DEM_GetAxisEncodeVal：MoveDirectionFlag{false为Y方向：True}CurrentPos{317}AimPos{317}
2023-07-08 15:50:13,248 [AppLog] INFO : Y方向运动开始：DEM_Run：返回值{True}nAxis{1}DirFlag{False}nSpeed{300000}MoveStep{0}nCtlValue{1}
2023-07-08 15:50:13,311 [AppLog] INFO : Y方向到位停止：DEM_StopAxisRun：返回值{True}CurrentPos{317}bImmeStop{False}nAxisMask{2}
2023-07-08 15:50:13,514 [AppLog] INFO : 接收到暂停打印指令：PrintTaskTHREAD
2023-07-08 15:50:13,514 [AppLog] INFO : 进入：EquipmentMotionLogic3=》准备创建对象-手动操作！
2023-07-08 15:50:13,514 [AppLog] INFO : 进入：EquipmentMotionLogic3=》不需重新创建-手动操作！
2023-07-08 15:50:13,514 [AppLog] INFO : 进入：EquipmentMotionLogic3=》赋值完成自-AutoPrintMotion2！
2023-07-08 15:50:13,514 [AppLog] INFO : 进入：EquipmentMotionLogic3=》加载配置文件-LoadJsonFile成功！
2023-07-08 15:50:13,514 [AppLog] INFO : 进入：AutoPrintThread3！
2023-07-08 15:50:13,514 [AppLog] INFO : 准备读取编码器位置：X方向！
2023-07-08 15:50:13,514 [AppLog] INFO : 准备运动，当前位置：DEV_GetPrintEncoderValue：MoveDirectionFlag{false为Y方向：False}CurrentPos{758}AimPos{758}
2023-07-08 15:50:13,514 [AppLog] INFO : X方向运动开始：DEM_Run：返回值{True}nAxis{0}DirFlag{False}nSpeed{300000}MoveStep{0}nCtlValue{2}
2023-07-08 15:50:13,576 [AppLog] INFO : X方向到位停止：DEM_StopAxisRun：返回值{True}CurrentPos{758}bImmeStop{False}nAxisMask{1}
2023-07-08 15:50:13,576 [AppLog] INFO : 准备读取编码器位置：Y方向！
2023-07-08 15:50:13,576 [AppLog] INFO : 准备运动，编码器当前位置：DEM_GetAxisEncodeVal：MoveDirectionFlag{false为Y方向：True}CurrentPos{317}AimPos{317}
2023-07-08 15:50:13,576 [AppLog] INFO : Y方向运动开始：DEM_Run：返回值{True}nAxis{1}DirFlag{False}nSpeed{300000}MoveStep{0}nCtlValue{1}
2023-07-08 15:50:13,638 [AppLog] INFO : Y方向到位停止：DEM_StopAxisRun：返回值{True}CurrentPos{317}bImmeStop{False}nAxisMask{2}
2023-07-08 15:50:13,841 [AppLog] INFO : 接收到暂停打印指令：PrintTaskTHREAD
2023-07-08 15:50:13,841 [AppLog] INFO : 进入：EquipmentMotionLogic3=》准备创建对象-手动操作！
2023-07-08 15:50:13,841 [AppLog] INFO : 进入：EquipmentMotionLogic3=》不需重新创建-手动操作！
2023-07-08 15:50:13,841 [AppLog] INFO : 进入：EquipmentMotionLogic3=》赋值完成自-AutoPrintMotion2！
2023-07-08 15:50:13,841 [AppLog] INFO : 进入：EquipmentMotionLogic3=》加载配置文件-LoadJsonFile成功！
2023-07-08 15:50:13,841 [AppLog] INFO : 进入：AutoPrintThread3！
2023-07-08 15:50:13,841 [AppLog] INFO : 准备读取编码器位置：X方向！
2023-07-08 15:50:13,841 [AppLog] INFO : 准备运动，当前位置：DEV_GetPrintEncoderValue：MoveDirectionFlag{false为Y方向：False}CurrentPos{758}AimPos{758}
2023-07-08 15:50:13,841 [AppLog] INFO : X方向运动开始：DEM_Run：返回值{True}nAxis{0}DirFlag{False}nSpeed{300000}MoveStep{0}nCtlValue{2}
2023-07-08 15:50:13,904 [AppLog] INFO : X方向到位停止：DEM_StopAxisRun：返回值{True}CurrentPos{758}bImmeStop{False}nAxisMask{1}
2023-07-08 15:50:13,904 [AppLog] INFO : 准备读取编码器位置：Y方向！
2023-07-08 15:50:13,919 [AppLog] INFO : 准备运动，编码器当前位置：DEM_GetAxisEncodeVal：MoveDirectionFlag{false为Y方向：True}CurrentPos{317}AimPos{317}
2023-07-08 15:50:13,919 [AppLog] INFO : Y方向运动开始：DEM_Run：返回值{True}nAxis{1}DirFlag{False}nSpeed{300000}MoveStep{0}nCtlValue{1}
2023-07-08 15:50:13,982 [AppLog] INFO : Y方向到位停止：DEM_StopAxisRun：返回值{True}CurrentPos{317}bImmeStop{False}nAxisMask{2}
2023-07-08 15:50:14,184 [AppLog] INFO : 接收到暂停打印指令：PrintTaskTHREAD
2023-07-08 15:50:14,184 [AppLog] INFO : 进入：EquipmentMotionLogic3=》准备创建对象-手动操作！
2023-07-08 15:50:14,184 [AppLog] INFO : 进入：EquipmentMotionLogic3=》不需重新创建-手动操作！
2023-07-08 15:50:14,184 [AppLog] INFO : 进入：EquipmentMotionLogic3=》赋值完成自-AutoPrintMotion2！
2023-07-08 15:50:14,184 [AppLog] INFO : 进入：EquipmentMotionLogic3=》加载配置文件-LoadJsonFile成功！
2023-07-08 15:50:14,184 [AppLog] INFO : 进入：AutoPrintThread3！
2023-07-08 15:50:14,184 [AppLog] INFO : 准备读取编码器位置：X方向！
2023-07-08 15:50:14,184 [AppLog] INFO : 准备运动，当前位置：DEV_GetPrintEncoderValue：MoveDirectionFlag{false为Y方向：False}CurrentPos{758}AimPos{758}
2023-07-08 15:50:14,184 [AppLog] INFO : X方向运动开始：DEM_Run：返回值{True}nAxis{0}DirFlag{False}nSpeed{300000}MoveStep{0}nCtlValue{2}
2023-07-08 15:50:14,247 [AppLog] INFO : X方向到位停止：DEM_StopAxisRun：返回值{True}CurrentPos{758}bImmeStop{False}nAxisMask{1}
2023-07-08 15:50:14,247 [AppLog] INFO : 准备读取编码器位置：Y方向！
2023-07-08 15:50:14,247 [AppLog] INFO : 准备运动，编码器当前位置：DEM_GetAxisEncodeVal：MoveDirectionFlag{false为Y方向：True}CurrentPos{317}AimPos{317}
2023-07-08 15:50:14,247 [AppLog] INFO : Y方向运动开始：DEM_Run：返回值{True}nAxis{1}DirFlag{False}nSpeed{300000}MoveStep{0}nCtlValue{1}
2023-07-08 15:50:14,309 [AppLog] INFO : Y方向到位停止：DEM_StopAxisRun：返回值{True}CurrentPos{317}bImmeStop{False}nAxisMask{2}
2023-07-08 15:50:14,512 [AppLog] INFO : 接收到暂停打印指令：PrintTaskTHREAD
2023-07-08 15:50:14,512 [AppLog] INFO : 进入：EquipmentMotionLogic3=》准备创建对象-手动操作！
2023-07-08 15:50:14,512 [AppLog] INFO : 进入：EquipmentMotionLogic3=》不需重新创建-手动操作！
2023-07-08 15:50:14,512 [AppLog] INFO : 进入：EquipmentMotionLogic3=》赋值完成自-AutoPrintMotion2！
2023-07-08 15:50:14,512 [AppLog] INFO : 进入：EquipmentMotionLogic3=》加载配置文件-LoadJsonFile成功！
2023-07-08 15:50:14,512 [AppLog] INFO : 进入：AutoPrintThread3！
2023-07-08 15:50:14,512 [AppLog] INFO : 准备读取编码器位置：X方向！
2023-07-08 15:50:14,528 [AppLog] INFO : 准备运动，当前位置：DEV_GetPrintEncoderValue：MoveDirectionFlag{false为Y方向：False}CurrentPos{758}AimPos{758}
2023-07-08 15:50:14,528 [AppLog] INFO : X方向运动开始：DEM_Run：返回值{True}nAxis{0}DirFlag{False}nSpeed{300000}MoveStep{0}nCtlValue{2}
2023-07-08 15:50:14,590 [AppLog] INFO : X方向到位停止：DEM_StopAxisRun：返回值{True}CurrentPos{758}bImmeStop{False}nAxisMask{1}
2023-07-08 15:50:14,590 [AppLog] INFO : 准备读取编码器位置：Y方向！
2023-07-08 15:50:14,590 [AppLog] INFO : 准备运动，编码器当前位置：DEM_GetAxisEncodeVal：MoveDirectionFlag{false为Y方向：True}CurrentPos{317}AimPos{317}
2023-07-08 15:50:14,590 [AppLog] INFO : Y方向运动开始：DEM_Run：返回值{True}nAxis{1}DirFlag{False}nSpeed{300000}MoveStep{0}nCtlValue{1}
2023-07-08 15:50:14,652 [AppLog] INFO : Y方向到位停止：DEM_StopAxisRun：返回值{True}CurrentPos{317}bImmeStop{False}nAxisMask{2}
2023-07-08 15:50:14,855 [AppLog] INFO : 接收到暂停打印指令：PrintTaskTHREAD
2023-07-08 15:50:14,855 [AppLog] INFO : 进入：EquipmentMotionLogic3=》准备创建对象-手动操作！
2023-07-08 15:50:14,855 [AppLog] INFO : 进入：EquipmentMotionLogic3=》不需重新创建-手动操作！
2023-07-08 15:50:14,855 [AppLog] INFO : 进入：EquipmentMotionLogic3=》赋值完成自-AutoPrintMotion2！
2023-07-08 15:50:14,855 [AppLog] INFO : 进入：EquipmentMotionLogic3=》加载配置文件-LoadJsonFile成功！
2023-07-08 15:50:14,855 [AppLog] INFO : 进入：AutoPrintThread3！
2023-07-08 15:50:14,855 [AppLog] INFO : 准备读取编码器位置：X方向！
2023-07-08 15:50:14,855 [AppLog] INFO : 准备运动，当前位置：DEV_GetPrintEncoderValue：MoveDirectionFlag{false为Y方向：False}CurrentPos{758}AimPos{758}
2023-07-08 15:50:14,855 [AppLog] INFO : X方向运动开始：DEM_Run：返回值{True}nAxis{0}DirFlag{False}nSpeed{300000}MoveStep{0}nCtlValue{2}
2023-07-08 15:50:14,918 [AppLog] INFO : X方向到位停止：DEM_StopAxisRun：返回值{True}CurrentPos{758}bImmeStop{False}nAxisMask{1}
2023-07-08 15:50:14,918 [AppLog] INFO : 准备读取编码器位置：Y方向！
2023-07-08 15:50:14,933 [AppLog] INFO : 准备运动，编码器当前位置：DEM_GetAxisEncodeVal：MoveDirectionFlag{false为Y方向：True}CurrentPos{317}AimPos{317}
2023-07-08 15:50:14,933 [AppLog] INFO : Y方向运动开始：DEM_Run：返回值{True}nAxis{1}DirFlag{False}nSpeed{300000}MoveStep{0}nCtlValue{1}
2023-07-08 15:50:14,996 [AppLog] INFO : Y方向到位停止：DEM_StopAxisRun：返回值{True}CurrentPos{317}bImmeStop{False}nAxisMask{2}
2023-07-08 15:50:15,198 [AppLog] INFO : 接收到暂停打印指令：PrintTaskTHREAD
2023-07-08 15:50:15,198 [AppLog] INFO : 进入：EquipmentMotionLogic3=》准备创建对象-手动操作！
2023-07-08 15:50:15,198 [AppLog] INFO : 进入：EquipmentMotionLogic3=》不需重新创建-手动操作！
2023-07-08 15:50:15,198 [AppLog] INFO : 进入：EquipmentMotionLogic3=》赋值完成自-AutoPrintMotion2！
2023-07-08 15:50:15,198 [AppLog] INFO : 进入：EquipmentMotionLogic3=》加载配置文件-LoadJsonFile成功！
2023-07-08 15:50:15,198 [AppLog] INFO : 进入：AutoPrintThread3！
2023-07-08 15:50:15,198 [AppLog] INFO : 准备读取编码器位置：X方向！
2023-07-08 15:50:15,198 [AppLog] INFO : 准备运动，当前位置：DEV_GetPrintEncoderValue：MoveDirectionFlag{false为Y方向：False}CurrentPos{758}AimPos{758}
2023-07-08 15:50:15,198 [AppLog] INFO : X方向运动开始：DEM_Run：返回值{True}nAxis{0}DirFlag{False}nSpeed{300000}MoveStep{0}nCtlValue{2}
2023-07-08 15:50:15,261 [AppLog] INFO : X方向到位停止：DEM_StopAxisRun：返回值{True}CurrentPos{758}bImmeStop{False}nAxisMask{1}
2023-07-08 15:50:15,261 [AppLog] INFO : 准备读取编码器位置：Y方向！
2023-07-08 15:50:15,261 [AppLog] INFO : 准备运动，编码器当前位置：DEM_GetAxisEncodeVal：MoveDirectionFlag{false为Y方向：True}CurrentPos{317}AimPos{317}
2023-07-08 15:50:15,261 [AppLog] INFO : Y方向运动开始：DEM_Run：返回值{True}nAxis{1}DirFlag{False}nSpeed{300000}MoveStep{0}nCtlValue{1}
2023-07-08 15:50:15,323 [AppLog] INFO : Y方向到位停止：DEM_StopAxisRun：返回值{True}CurrentPos{317}bImmeStop{False}nAxisMask{2}
2023-07-08 15:50:15,526 [AppLog] INFO : 接收到暂停打印指令：PrintTaskTHREAD
2023-07-08 15:50:15,526 [AppLog] INFO : 进入：EquipmentMotionLogic3=》准备创建对象-手动操作！
2023-07-08 15:50:15,526 [AppLog] INFO : 进入：EquipmentMotionLogic3=》不需重新创建-手动操作！
2023-07-08 15:50:15,526 [AppLog] INFO : 进入：EquipmentMotionLogic3=》赋值完成自-AutoPrintMotion2！
2023-07-08 15:50:15,526 [AppLog] INFO : 进入：EquipmentMotionLogic3=》加载配置文件-LoadJsonFile成功！
2023-07-08 15:50:15,526 [AppLog] INFO : 进入：AutoPrintThread3！
2023-07-08 15:50:15,526 [AppLog] INFO : 准备读取编码器位置：X方向！
2023-07-08 15:50:15,526 [AppLog] INFO : 准备运动，当前位置：DEV_GetPrintEncoderValue：MoveDirectionFlag{false为Y方向：False}CurrentPos{758}AimPos{758}
2023-07-08 15:50:15,526 [AppLog] INFO : X方向运动开始：DEM_Run：返回值{True}nAxis{0}DirFlag{False}nSpeed{300000}MoveStep{0}nCtlValue{2}
2023-07-08 15:50:15,588 [AppLog] INFO : X方向到位停止：DEM_StopAxisRun：返回值{True}CurrentPos{758}bImmeStop{False}nAxisMask{1}
2023-07-08 15:50:15,588 [AppLog] INFO : 准备读取编码器位置：Y方向！
2023-07-08 15:50:15,588 [AppLog] INFO : 准备运动，编码器当前位置：DEM_GetAxisEncodeVal：MoveDirectionFlag{false为Y方向：True}CurrentPos{317}AimPos{317}
2023-07-08 15:50:15,588 [AppLog] INFO : Y方向运动开始：DEM_Run：返回值{True}nAxis{1}DirFlag{False}nSpeed{300000}MoveStep{0}nCtlValue{1}
2023-07-08 15:50:15,651 [AppLog] INFO : Y方向到位停止：DEM_StopAxisRun：返回值{True}CurrentPos{317}bImmeStop{False}nAxisMask{2}
2023-07-08 15:50:15,854 [AppLog] INFO : 接收到暂停打印指令：PrintTaskTHREAD
2023-07-08 15:50:15,854 [AppLog] INFO : 进入：EquipmentMotionLogic3=》准备创建对象-手动操作！
2023-07-08 15:50:15,854 [AppLog] INFO : 进入：EquipmentMotionLogic3=》不需重新创建-手动操作！
2023-07-08 15:50:15,854 [AppLog] INFO : 进入：EquipmentMotionLogic3=》赋值完成自-AutoPrintMotion2！
2023-07-08 15:50:15,854 [AppLog] INFO : 进入：EquipmentMotionLogic3=》加载配置文件-LoadJsonFile成功！
2023-07-08 15:50:15,854 [AppLog] INFO : 进入：AutoPrintThread3！
2023-07-08 15:50:15,854 [AppLog] INFO : 准备读取编码器位置：X方向！
2023-07-08 15:50:15,854 [AppLog] INFO : 准备运动，当前位置：DEV_GetPrintEncoderValue：MoveDirectionFlag{false为Y方向：False}CurrentPos{758}AimPos{758}
2023-07-08 15:50:15,854 [AppLog] INFO : X方向运动开始：DEM_Run：返回值{True}nAxis{0}DirFlag{False}nSpeed{300000}MoveStep{0}nCtlValue{2}
2023-07-08 15:50:15,916 [AppLog] INFO : X方向到位停止：DEM_StopAxisRun：返回值{True}CurrentPos{758}bImmeStop{False}nAxisMask{1}
2023-07-08 15:50:15,916 [AppLog] INFO : 准备读取编码器位置：Y方向！
2023-07-08 15:50:15,916 [AppLog] INFO : 准备运动，编码器当前位置：DEM_GetAxisEncodeVal：MoveDirectionFlag{false为Y方向：True}CurrentPos{317}AimPos{317}
2023-07-08 15:50:15,916 [AppLog] INFO : Y方向运动开始：DEM_Run：返回值{True}nAxis{1}DirFlag{False}nSpeed{300000}MoveStep{0}nCtlValue{1}
2023-07-08 15:50:15,978 [AppLog] INFO : Y方向到位停止：DEM_StopAxisRun：返回值{True}CurrentPos{317}bImmeStop{False}nAxisMask{2}
2023-07-08 15:50:16,181 [AppLog] INFO : 接收到暂停打印指令：PrintTaskTHREAD
2023-07-08 15:50:16,181 [AppLog] INFO : 进入：EquipmentMotionLogic3=》准备创建对象-手动操作！
2023-07-08 15:50:16,181 [AppLog] INFO : 进入：EquipmentMotionLogic3=》不需重新创建-手动操作！
2023-07-08 15:50:16,181 [AppLog] INFO : 进入：EquipmentMotionLogic3=》赋值完成自-AutoPrintMotion2！
2023-07-08 15:50:16,181 [AppLog] INFO : 进入：EquipmentMotionLogic3=》加载配置文件-LoadJsonFile成功！
2023-07-08 15:50:16,181 [AppLog] INFO : 进入：AutoPrintThread3！
2023-07-08 15:50:16,181 [AppLog] INFO : 准备读取编码器位置：X方向！
2023-07-08 15:50:16,181 [AppLog] INFO : 准备运动，当前位置：DEV_GetPrintEncoderValue：MoveDirectionFlag{false为Y方向：False}CurrentPos{758}AimPos{758}
2023-07-08 15:50:16,181 [AppLog] INFO : X方向运动开始：DEM_Run：返回值{True}nAxis{0}DirFlag{False}nSpeed{300000}MoveStep{0}nCtlValue{2}
2023-07-08 15:50:16,244 [AppLog] INFO : X方向到位停止：DEM_StopAxisRun：返回值{True}CurrentPos{758}bImmeStop{False}nAxisMask{1}
2023-07-08 15:50:16,244 [AppLog] INFO : 准备读取编码器位置：Y方向！
2023-07-08 15:50:16,244 [AppLog] INFO : 准备运动，编码器当前位置：DEM_GetAxisEncodeVal：MoveDirectionFlag{false为Y方向：True}CurrentPos{317}AimPos{317}
2023-07-08 15:50:16,244 [AppLog] INFO : Y方向运动开始：DEM_Run：返回值{True}nAxis{1}DirFlag{False}nSpeed{300000}MoveStep{0}nCtlValue{1}
2023-07-08 15:50:16,306 [AppLog] INFO : Y方向到位停止：DEM_StopAxisRun：返回值{True}CurrentPos{317}bImmeStop{False}nAxisMask{2}
2023-07-08 15:50:16,509 [AppLog] INFO : 接收到暂停打印指令：PrintTaskTHREAD
2023-07-08 15:50:16,509 [AppLog] INFO : 进入：EquipmentMotionLogic3=》准备创建对象-手动操作！
2023-07-08 15:50:16,509 [AppLog] INFO : 进入：EquipmentMotionLogic3=》不需重新创建-手动操作！
2023-07-08 15:50:16,509 [AppLog] INFO : 进入：EquipmentMotionLogic3=》赋值完成自-AutoPrintMotion2！
2023-07-08 15:50:16,509 [AppLog] INFO : 进入：EquipmentMotionLogic3=》加载配置文件-LoadJsonFile成功！
2023-07-08 15:50:16,509 [AppLog] INFO : 进入：AutoPrintThread3！
2023-07-08 15:50:16,509 [AppLog] INFO : 准备读取编码器位置：X方向！
2023-07-08 15:50:16,509 [AppLog] INFO : 准备运动，当前位置：DEV_GetPrintEncoderValue：MoveDirectionFlag{false为Y方向：False}CurrentPos{758}AimPos{758}
2023-07-08 15:50:16,509 [AppLog] INFO : X方向运动开始：DEM_Run：返回值{True}nAxis{0}DirFlag{False}nSpeed{300000}MoveStep{0}nCtlValue{2}
2023-07-08 15:50:16,571 [AppLog] INFO : X方向到位停止：DEM_StopAxisRun：返回值{True}CurrentPos{758}bImmeStop{False}nAxisMask{1}
2023-07-08 15:50:16,571 [AppLog] INFO : 准备读取编码器位置：Y方向！
2023-07-08 15:50:16,571 [AppLog] INFO : 准备运动，编码器当前位置：DEM_GetAxisEncodeVal：MoveDirectionFlag{false为Y方向：True}CurrentPos{317}AimPos{317}
2023-07-08 15:50:16,571 [AppLog] INFO : Y方向运动开始：DEM_Run：返回值{True}nAxis{1}DirFlag{False}nSpeed{300000}MoveStep{0}nCtlValue{1}
2023-07-08 15:50:16,634 [AppLog] INFO : Y方向到位停止：DEM_StopAxisRun：返回值{True}CurrentPos{317}bImmeStop{False}nAxisMask{2}
2023-07-08 15:50:16,836 [AppLog] INFO : 接收到暂停打印指令：PrintTaskTHREAD
2023-07-08 15:50:16,836 [AppLog] INFO : 进入：EquipmentMotionLogic3=》准备创建对象-手动操作！
2023-07-08 15:50:16,836 [AppLog] INFO : 进入：EquipmentMotionLogic3=》不需重新创建-手动操作！
2023-07-08 15:50:16,836 [AppLog] INFO : 进入：EquipmentMotionLogic3=》赋值完成自-AutoPrintMotion2！
2023-07-08 15:50:16,836 [AppLog] INFO : 进入：EquipmentMotionLogic3=》加载配置文件-LoadJsonFile成功！
2023-07-08 15:50:16,836 [AppLog] INFO : 进入：AutoPrintThread3！
2023-07-08 15:50:16,836 [AppLog] INFO : 准备读取编码器位置：X方向！
2023-07-08 15:50:16,836 [AppLog] INFO : 准备运动，当前位置：DEV_GetPrintEncoderValue：MoveDirectionFlag{false为Y方向：False}CurrentPos{758}AimPos{758}
2023-07-08 15:50:16,836 [AppLog] INFO : X方向运动开始：DEM_Run：返回值{True}nAxis{0}DirFlag{False}nSpeed{300000}MoveStep{0}nCtlValue{2}
2023-07-08 15:50:16,899 [AppLog] INFO : X方向到位停止：DEM_StopAxisRun：返回值{True}CurrentPos{758}bImmeStop{False}nAxisMask{1}
2023-07-08 15:50:16,899 [AppLog] INFO : 准备读取编码器位置：Y方向！
2023-07-08 15:50:16,930 [AppLog] INFO : 准备运动，编码器当前位置：DEM_GetAxisEncodeVal：MoveDirectionFlag{false为Y方向：True}CurrentPos{317}AimPos{317}
2023-07-08 15:50:16,930 [AppLog] INFO : Y方向运动开始：DEM_Run：返回值{True}nAxis{1}DirFlag{False}nSpeed{300000}MoveStep{0}nCtlValue{1}
2023-07-08 15:50:16,992 [AppLog] INFO : Y方向到位停止：DEM_StopAxisRun：返回值{True}CurrentPos{317}bImmeStop{False}nAxisMask{2}
2023-07-08 15:50:17,195 [AppLog] INFO : 接收到暂停打印指令：PrintTaskTHREAD
2023-07-08 15:50:17,195 [AppLog] INFO : 进入：EquipmentMotionLogic3=》准备创建对象-手动操作！
2023-07-08 15:50:17,195 [AppLog] INFO : 进入：EquipmentMotionLogic3=》不需重新创建-手动操作！
2023-07-08 15:50:17,195 [AppLog] INFO : 进入：EquipmentMotionLogic3=》赋值完成自-AutoPrintMotion2！
2023-07-08 15:50:17,195 [AppLog] INFO : 进入：EquipmentMotionLogic3=》加载配置文件-LoadJsonFile成功！
2023-07-08 15:50:17,195 [AppLog] INFO : 进入：AutoPrintThread3！
2023-07-08 15:50:17,195 [AppLog] INFO : 准备读取编码器位置：X方向！
2023-07-08 15:50:17,195 [AppLog] INFO : 准备运动，当前位置：DEV_GetPrintEncoderValue：MoveDirectionFlag{false为Y方向：False}CurrentPos{758}AimPos{758}
2023-07-08 15:50:17,195 [AppLog] INFO : X方向运动开始：DEM_Run：返回值{True}nAxis{0}DirFlag{False}nSpeed{300000}MoveStep{0}nCtlValue{2}
2023-07-08 15:50:17,258 [AppLog] INFO : X方向到位停止：DEM_StopAxisRun：返回值{True}CurrentPos{758}bImmeStop{False}nAxisMask{1}
2023-07-08 15:50:17,258 [AppLog] INFO : 准备读取编码器位置：Y方向！
2023-07-08 15:50:17,258 [AppLog] INFO : 准备运动，编码器当前位置：DEM_GetAxisEncodeVal：MoveDirectionFlag{false为Y方向：True}CurrentPos{317}AimPos{317}
2023-07-08 15:50:17,258 [AppLog] INFO : Y方向运动开始：DEM_Run：返回值{True}nAxis{1}DirFlag{False}nSpeed{300000}MoveStep{0}nCtlValue{1}
2023-07-08 15:50:17,320 [AppLog] INFO : Y方向到位停止：DEM_StopAxisRun：返回值{True}CurrentPos{317}bImmeStop{False}nAxisMask{2}
2023-07-08 15:50:17,523 [AppLog] INFO : 接收到暂停打印指令：PrintTaskTHREAD
2023-07-08 15:50:17,523 [AppLog] INFO : 进入：EquipmentMotionLogic3=》准备创建对象-手动操作！
2023-07-08 15:50:17,523 [AppLog] INFO : 进入：EquipmentMotionLogic3=》不需重新创建-手动操作！
2023-07-08 15:50:17,523 [AppLog] INFO : 进入：EquipmentMotionLogic3=》赋值完成自-AutoPrintMotion2！
2023-07-08 15:50:17,523 [AppLog] INFO : 进入：EquipmentMotionLogic3=》加载配置文件-LoadJsonFile成功！
2023-07-08 15:50:17,523 [AppLog] INFO : 进入：AutoPrintThread3！
2023-07-08 15:50:17,523 [AppLog] INFO : 准备读取编码器位置：X方向！
2023-07-08 15:50:17,523 [AppLog] INFO : 准备运动，当前位置：DEV_GetPrintEncoderValue：MoveDirectionFlag{false为Y方向：False}CurrentPos{758}AimPos{758}
2023-07-08 15:50:17,523 [AppLog] INFO : X方向运动开始：DEM_Run：返回值{True}nAxis{0}DirFlag{False}nSpeed{300000}MoveStep{0}nCtlValue{2}
2023-07-08 15:50:17,585 [AppLog] INFO : X方向到位停止：DEM_StopAxisRun：返回值{True}CurrentPos{758}bImmeStop{False}nAxisMask{1}
2023-07-08 15:50:17,585 [AppLog] INFO : 准备读取编码器位置：Y方向！
2023-07-08 15:50:17,585 [AppLog] INFO : 准备运动，编码器当前位置：DEM_GetAxisEncodeVal：MoveDirectionFlag{false为Y方向：True}CurrentPos{317}AimPos{317}
2023-07-08 15:50:17,585 [AppLog] INFO : Y方向运动开始：DEM_Run：返回值{True}nAxis{1}DirFlag{False}nSpeed{300000}MoveStep{0}nCtlValue{1}
2023-07-08 15:50:17,648 [AppLog] INFO : Y方向到位停止：DEM_StopAxisRun：返回值{True}CurrentPos{317}bImmeStop{False}nAxisMask{2}
2023-07-08 15:50:17,850 [AppLog] INFO : 接收到暂停打印指令：PrintTaskTHREAD
2023-07-08 15:50:17,850 [AppLog] INFO : 进入：EquipmentMotionLogic3=》准备创建对象-手动操作！
2023-07-08 15:50:17,850 [AppLog] INFO : 进入：EquipmentMotionLogic3=》不需重新创建-手动操作！
2023-07-08 15:50:17,850 [AppLog] INFO : 进入：EquipmentMotionLogic3=》赋值完成自-AutoPrintMotion2！
2023-07-08 15:50:17,850 [AppLog] INFO : 进入：EquipmentMotionLogic3=》加载配置文件-LoadJsonFile成功！
2023-07-08 15:50:17,850 [AppLog] INFO : 进入：AutoPrintThread3！
2023-07-08 15:50:17,850 [AppLog] INFO : 准备读取编码器位置：X方向！
2023-07-08 15:50:17,850 [AppLog] INFO : 准备运动，当前位置：DEV_GetPrintEncoderValue：MoveDirectionFlag{false为Y方向：False}CurrentPos{758}AimPos{758}
2023-07-08 15:50:17,850 [AppLog] INFO : X方向运动开始：DEM_Run：返回值{True}nAxis{0}DirFlag{False}nSpeed{300000}MoveStep{0}nCtlValue{2}
2023-07-08 15:50:17,913 [AppLog] INFO : X方向到位停止：DEM_StopAxisRun：返回值{True}CurrentPos{758}bImmeStop{False}nAxisMask{1}
2023-07-08 15:50:17,913 [AppLog] INFO : 准备读取编码器位置：Y方向！
2023-07-08 15:50:17,913 [AppLog] INFO : 准备运动，编码器当前位置：DEM_GetAxisEncodeVal：MoveDirectionFlag{false为Y方向：True}CurrentPos{317}AimPos{317}
2023-07-08 15:50:17,913 [AppLog] INFO : Y方向运动开始：DEM_Run：返回值{True}nAxis{1}DirFlag{False}nSpeed{300000}MoveStep{0}nCtlValue{1}
2023-07-08 15:50:17,975 [AppLog] INFO : Y方向到位停止：DEM_StopAxisRun：返回值{True}CurrentPos{317}bImmeStop{False}nAxisMask{2}
2023-07-08 15:50:18,178 [AppLog] INFO : 接收到暂停打印指令：PrintTaskTHREAD
2023-07-08 15:50:18,178 [AppLog] INFO : 进入：EquipmentMotionLogic3=》准备创建对象-手动操作！
2023-07-08 15:50:18,178 [AppLog] INFO : 进入：EquipmentMotionLogic3=》不需重新创建-手动操作！
2023-07-08 15:50:18,178 [AppLog] INFO : 进入：EquipmentMotionLogic3=》赋值完成自-AutoPrintMotion2！
2023-07-08 15:50:18,178 [AppLog] INFO : 进入：EquipmentMotionLogic3=》加载配置文件-LoadJsonFile成功！
2023-07-08 15:50:18,178 [AppLog] INFO : 进入：AutoPrintThread3！
2023-07-08 15:50:18,178 [AppLog] INFO : 准备读取编码器位置：X方向！
2023-07-08 15:50:18,178 [AppLog] INFO : 准备运动，当前位置：DEV_GetPrintEncoderValue：MoveDirectionFlag{false为Y方向：False}CurrentPos{758}AimPos{758}
2023-07-08 15:50:18,178 [AppLog] INFO : X方向运动开始：DEM_Run：返回值{True}nAxis{0}DirFlag{False}nSpeed{300000}MoveStep{0}nCtlValue{2}
2023-07-08 15:50:18,240 [AppLog] INFO : X方向到位停止：DEM_StopAxisRun：返回值{True}CurrentPos{758}bImmeStop{False}nAxisMask{1}
2023-07-08 15:50:18,240 [AppLog] INFO : 准备读取编码器位置：Y方向！
2023-07-08 15:50:18,240 [AppLog] INFO : 准备运动，编码器当前位置：DEM_GetAxisEncodeVal：MoveDirectionFlag{false为Y方向：True}CurrentPos{317}AimPos{317}
2023-07-08 15:50:18,240 [AppLog] INFO : Y方向运动开始：DEM_Run：返回值{True}nAxis{1}DirFlag{False}nSpeed{300000}MoveStep{0}nCtlValue{1}
2023-07-08 15:50:18,334 [AppLog] INFO : Y方向到位停止：DEM_StopAxisRun：返回值{True}CurrentPos{317}bImmeStop{False}nAxisMask{2}
2023-07-08 15:50:18,537 [AppLog] INFO : 接收到暂停打印指令：PrintTaskTHREAD
2023-07-08 15:50:18,537 [AppLog] INFO : 进入：EquipmentMotionLogic3=》准备创建对象-手动操作！
2023-07-08 15:50:18,537 [AppLog] INFO : 进入：EquipmentMotionLogic3=》不需重新创建-手动操作！
2023-07-08 15:50:18,537 [AppLog] INFO : 进入：EquipmentMotionLogic3=》赋值完成自-AutoPrintMotion2！
2023-07-08 15:50:18,537 [AppLog] INFO : 进入：EquipmentMotionLogic3=》加载配置文件-LoadJsonFile成功！
2023-07-08 15:50:18,537 [AppLog] INFO : 进入：AutoPrintThread3！
2023-07-08 15:50:18,537 [AppLog] INFO : 准备读取编码器位置：X方向！
2023-07-08 15:50:18,537 [AppLog] INFO : 准备运动，当前位置：DEV_GetPrintEncoderValue：MoveDirectionFlag{false为Y方向：False}CurrentPos{758}AimPos{758}
2023-07-08 15:50:18,537 [AppLog] INFO : X方向运动开始：DEM_Run：返回值{True}nAxis{0}DirFlag{False}nSpeed{300000}MoveStep{0}nCtlValue{2}
2023-07-08 15:50:18,599 [AppLog] INFO : X方向到位停止：DEM_StopAxisRun：返回值{True}CurrentPos{758}bImmeStop{False}nAxisMask{1}
2023-07-08 15:50:18,599 [AppLog] INFO : 准备读取编码器位置：Y方向！
2023-07-08 15:50:18,599 [AppLog] INFO : 准备运动，编码器当前位置：DEM_GetAxisEncodeVal：MoveDirectionFlag{false为Y方向：True}CurrentPos{317}AimPos{317}
2023-07-08 15:50:18,599 [AppLog] INFO : Y方向运动开始：DEM_Run：返回值{True}nAxis{1}DirFlag{False}nSpeed{300000}MoveStep{0}nCtlValue{1}
2023-07-08 15:50:18,662 [AppLog] INFO : Y方向到位停止：DEM_StopAxisRun：返回值{True}CurrentPos{317}bImmeStop{False}nAxisMask{2}
2023-07-08 15:50:18,864 [AppLog] INFO : 接收到暂停打印指令：PrintTaskTHREAD
2023-07-08 15:50:18,864 [AppLog] INFO : 进入：EquipmentMotionLogic3=》准备创建对象-手动操作！
2023-07-08 15:50:18,864 [AppLog] INFO : 进入：EquipmentMotionLogic3=》不需重新创建-手动操作！
2023-07-08 15:50:18,864 [AppLog] INFO : 进入：EquipmentMotionLogic3=》赋值完成自-AutoPrintMotion2！
2023-07-08 15:50:18,864 [AppLog] INFO : 进入：EquipmentMotionLogic3=》加载配置文件-LoadJsonFile成功！
2023-07-08 15:50:18,864 [AppLog] INFO : 进入：AutoPrintThread3！
2023-07-08 15:50:18,864 [AppLog] INFO : 准备读取编码器位置：X方向！
2023-07-08 15:50:18,880 [AppLog] INFO : 准备运动，当前位置：DEV_GetPrintEncoderValue：MoveDirectionFlag{false为Y方向：False}CurrentPos{758}AimPos{758}
2023-07-08 15:50:18,880 [AppLog] INFO : X方向运动开始：DEM_Run：返回值{True}nAxis{0}DirFlag{False}nSpeed{300000}MoveStep{0}nCtlValue{2}
2023-07-08 15:50:18,942 [AppLog] INFO : X方向到位停止：DEM_StopAxisRun：返回值{True}CurrentPos{758}bImmeStop{False}nAxisMask{1}
2023-07-08 15:50:18,942 [AppLog] INFO : 准备读取编码器位置：Y方向！
2023-07-08 15:50:18,942 [AppLog] INFO : 准备运动，编码器当前位置：DEM_GetAxisEncodeVal：MoveDirectionFlag{false为Y方向：True}CurrentPos{317}AimPos{317}
2023-07-08 15:50:18,942 [AppLog] INFO : Y方向运动开始：DEM_Run：返回值{True}nAxis{1}DirFlag{False}nSpeed{300000}MoveStep{0}nCtlValue{1}
2023-07-08 15:50:19,005 [AppLog] INFO : Y方向到位停止：DEM_StopAxisRun：返回值{True}CurrentPos{317}bImmeStop{False}nAxisMask{2}
2023-07-08 15:50:19,208 [AppLog] INFO : 接收到暂停打印指令：PrintTaskTHREAD
2023-07-08 15:50:19,208 [AppLog] INFO : 进入：EquipmentMotionLogic3=》准备创建对象-手动操作！
2023-07-08 15:50:19,208 [AppLog] INFO : 进入：EquipmentMotionLogic3=》不需重新创建-手动操作！
2023-07-08 15:50:19,208 [AppLog] INFO : 进入：EquipmentMotionLogic3=》赋值完成自-AutoPrintMotion2！
2023-07-08 15:50:19,208 [AppLog] INFO : 进入：EquipmentMotionLogic3=》加载配置文件-LoadJsonFile成功！
2023-07-08 15:50:19,208 [AppLog] INFO : 进入：AutoPrintThread3！
2023-07-08 15:50:19,208 [AppLog] INFO : 准备读取编码器位置：X方向！
2023-07-08 15:50:19,208 [AppLog] INFO : 准备运动，当前位置：DEV_GetPrintEncoderValue：MoveDirectionFlag{false为Y方向：False}CurrentPos{758}AimPos{758}
2023-07-08 15:50:19,208 [AppLog] INFO : X方向运动开始：DEM_Run：返回值{True}nAxis{0}DirFlag{False}nSpeed{300000}MoveStep{0}nCtlValue{2}
2023-07-08 15:50:19,270 [AppLog] INFO : X方向到位停止：DEM_StopAxisRun：返回值{True}CurrentPos{758}bImmeStop{False}nAxisMask{1}
2023-07-08 15:50:19,270 [AppLog] INFO : 准备读取编码器位置：Y方向！
2023-07-08 15:50:19,270 [AppLog] INFO : 准备运动，编码器当前位置：DEM_GetAxisEncodeVal：MoveDirectionFlag{false为Y方向：True}CurrentPos{317}AimPos{317}
2023-07-08 15:50:19,270 [AppLog] INFO : Y方向运动开始：DEM_Run：返回值{True}nAxis{1}DirFlag{False}nSpeed{300000}MoveStep{0}nCtlValue{1}
2023-07-08 15:50:19,332 [AppLog] INFO : Y方向到位停止：DEM_StopAxisRun：返回值{True}CurrentPos{317}bImmeStop{False}nAxisMask{2}
2023-07-08 15:50:19,535 [AppLog] INFO : 接收到暂停打印指令：PrintTaskTHREAD
2023-07-08 15:50:19,535 [AppLog] INFO : 进入：EquipmentMotionLogic3=》准备创建对象-手动操作！
2023-07-08 15:50:19,535 [AppLog] INFO : 进入：EquipmentMotionLogic3=》不需重新创建-手动操作！
2023-07-08 15:50:19,535 [AppLog] INFO : 进入：EquipmentMotionLogic3=》赋值完成自-AutoPrintMotion2！
2023-07-08 15:50:19,535 [AppLog] INFO : 进入：EquipmentMotionLogic3=》加载配置文件-LoadJsonFile成功！
2023-07-08 15:50:19,535 [AppLog] INFO : 进入：AutoPrintThread3！
2023-07-08 15:50:19,535 [AppLog] INFO : 准备读取编码器位置：X方向！
2023-07-08 15:50:19,551 [AppLog] INFO : 准备运动，当前位置：DEV_GetPrintEncoderValue：MoveDirectionFlag{false为Y方向：False}CurrentPos{758}AimPos{758}
2023-07-08 15:50:19,551 [AppLog] INFO : X方向运动开始：DEM_Run：返回值{True}nAxis{0}DirFlag{False}nSpeed{300000}MoveStep{0}nCtlValue{2}
2023-07-08 15:50:19,613 [AppLog] INFO : X方向到位停止：DEM_StopAxisRun：返回值{True}CurrentPos{758}bImmeStop{False}nAxisMask{1}
2023-07-08 15:50:19,613 [AppLog] INFO : 准备读取编码器位置：Y方向！
2023-07-08 15:50:19,613 [AppLog] INFO : 准备运动，编码器当前位置：DEM_GetAxisEncodeVal：MoveDirectionFlag{false为Y方向：True}CurrentPos{317}AimPos{317}
2023-07-08 15:50:19,613 [AppLog] INFO : Y方向运动开始：DEM_Run：返回值{True}nAxis{1}DirFlag{False}nSpeed{300000}MoveStep{0}nCtlValue{1}
2023-07-08 15:50:19,676 [AppLog] INFO : Y方向到位停止：DEM_StopAxisRun：返回值{True}CurrentPos{317}bImmeStop{False}nAxisMask{2}
2023-07-08 15:50:19,878 [AppLog] INFO : 接收到暂停打印指令：PrintTaskTHREAD
2023-07-08 15:50:19,878 [AppLog] INFO : 进入：EquipmentMotionLogic3=》准备创建对象-手动操作！
2023-07-08 15:50:19,878 [AppLog] INFO : 进入：EquipmentMotionLogic3=》不需重新创建-手动操作！
2023-07-08 15:50:19,878 [AppLog] INFO : 进入：EquipmentMotionLogic3=》赋值完成自-AutoPrintMotion2！
2023-07-08 15:50:19,878 [AppLog] INFO : 进入：EquipmentMotionLogic3=》加载配置文件-LoadJsonFile成功！
2023-07-08 15:50:19,878 [AppLog] INFO : 进入：AutoPrintThread3！
2023-07-08 15:50:19,878 [AppLog] INFO : 准备读取编码器位置：X方向！
2023-07-08 15:50:19,878 [AppLog] INFO : 准备运动，当前位置：DEV_GetPrintEncoderValue：MoveDirectionFlag{false为Y方向：False}CurrentPos{758}AimPos{758}
2023-07-08 15:50:19,878 [AppLog] INFO : X方向运动开始：DEM_Run：返回值{True}nAxis{0}DirFlag{False}nSpeed{300000}MoveStep{0}nCtlValue{2}
2023-07-08 15:50:19,941 [AppLog] INFO : X方向到位停止：DEM_StopAxisRun：返回值{True}CurrentPos{758}bImmeStop{False}nAxisMask{1}
2023-07-08 15:50:19,941 [AppLog] INFO : 准备读取编码器位置：Y方向！
2023-07-08 15:50:19,941 [AppLog] INFO : 准备运动，编码器当前位置：DEM_GetAxisEncodeVal：MoveDirectionFlag{false为Y方向：True}CurrentPos{317}AimPos{317}
2023-07-08 15:50:19,941 [AppLog] INFO : Y方向运动开始：DEM_Run：返回值{True}nAxis{1}DirFlag{False}nSpeed{300000}MoveStep{0}nCtlValue{1}
2023-07-08 15:50:20,019 [AppLog] INFO : Y方向到位停止：DEM_StopAxisRun：返回值{True}CurrentPos{317}bImmeStop{False}nAxisMask{2}
2023-07-08 15:50:20,222 [AppLog] INFO : 接收到暂停打印指令：PrintTaskTHREAD
2023-07-08 15:50:20,222 [AppLog] INFO : 进入：EquipmentMotionLogic3=》准备创建对象-手动操作！
2023-07-08 15:50:20,222 [AppLog] INFO : 进入：EquipmentMotionLogic3=》不需重新创建-手动操作！
2023-07-08 15:50:20,222 [AppLog] INFO : 进入：EquipmentMotionLogic3=》赋值完成自-AutoPrintMotion2！
2023-07-08 15:50:20,222 [AppLog] INFO : 进入：EquipmentMotionLogic3=》加载配置文件-LoadJsonFile成功！
2023-07-08 15:50:20,222 [AppLog] INFO : 进入：AutoPrintThread3！
2023-07-08 15:50:20,222 [AppLog] INFO : 准备读取编码器位置：X方向！
2023-07-08 15:50:20,222 [AppLog] INFO : 准备运动，当前位置：DEV_GetPrintEncoderValue：MoveDirectionFlag{false为Y方向：False}CurrentPos{758}AimPos{758}
2023-07-08 15:50:20,222 [AppLog] INFO : X方向运动开始：DEM_Run：返回值{True}nAxis{0}DirFlag{False}nSpeed{300000}MoveStep{0}nCtlValue{2}
2023-07-08 15:50:20,284 [AppLog] INFO : X方向到位停止：DEM_StopAxisRun：返回值{True}CurrentPos{758}bImmeStop{False}nAxisMask{1}
2023-07-08 15:50:20,284 [AppLog] INFO : 准备读取编码器位置：Y方向！
2023-07-08 15:50:20,284 [AppLog] INFO : 准备运动，编码器当前位置：DEM_GetAxisEncodeVal：MoveDirectionFlag{false为Y方向：True}CurrentPos{317}AimPos{317}
2023-07-08 15:50:20,284 [AppLog] INFO : Y方向运动开始：DEM_Run：返回值{True}nAxis{1}DirFlag{False}nSpeed{300000}MoveStep{0}nCtlValue{1}
2023-07-08 15:50:20,346 [AppLog] INFO : Y方向到位停止：DEM_StopAxisRun：返回值{True}CurrentPos{317}bImmeStop{False}nAxisMask{2}
2023-07-08 15:50:20,549 [AppLog] INFO : 接收到暂停打印指令：PrintTaskTHREAD
2023-07-08 15:50:20,549 [AppLog] INFO : 进入：EquipmentMotionLogic3=》准备创建对象-手动操作！
2023-07-08 15:50:20,549 [AppLog] INFO : 进入：EquipmentMotionLogic3=》不需重新创建-手动操作！
2023-07-08 15:50:20,549 [AppLog] INFO : 进入：EquipmentMotionLogic3=》赋值完成自-AutoPrintMotion2！
2023-07-08 15:50:20,549 [AppLog] INFO : 进入：EquipmentMotionLogic3=》加载配置文件-LoadJsonFile成功！
2023-07-08 15:50:20,549 [AppLog] INFO : 进入：AutoPrintThread3！
2023-07-08 15:50:20,549 [AppLog] INFO : 准备读取编码器位置：X方向！
2023-07-08 15:50:20,549 [AppLog] INFO : 准备运动，当前位置：DEV_GetPrintEncoderValue：MoveDirectionFlag{false为Y方向：False}CurrentPos{758}AimPos{758}
2023-07-08 15:50:20,549 [AppLog] INFO : X方向运动开始：DEM_Run：返回值{True}nAxis{0}DirFlag{False}nSpeed{300000}MoveStep{0}nCtlValue{2}
2023-07-08 15:50:20,612 [AppLog] INFO : X方向到位停止：DEM_StopAxisRun：返回值{True}CurrentPos{758}bImmeStop{False}nAxisMask{1}
2023-07-08 15:50:20,612 [AppLog] INFO : 准备读取编码器位置：Y方向！
2023-07-08 15:50:20,612 [AppLog] INFO : 准备运动，编码器当前位置：DEM_GetAxisEncodeVal：MoveDirectionFlag{false为Y方向：True}CurrentPos{317}AimPos{317}
2023-07-08 15:50:20,612 [AppLog] INFO : Y方向运动开始：DEM_Run：返回值{True}nAxis{1}DirFlag{False}nSpeed{300000}MoveStep{0}nCtlValue{1}
2023-07-08 15:50:20,674 [AppLog] INFO : Y方向到位停止：DEM_StopAxisRun：返回值{True}CurrentPos{317}bImmeStop{False}nAxisMask{2}
2023-07-08 15:50:20,877 [AppLog] INFO : 接收到暂停打印指令：PrintTaskTHREAD
2023-07-08 15:50:20,877 [AppLog] INFO : 进入：EquipmentMotionLogic3=》准备创建对象-手动操作！
2023-07-08 15:50:20,877 [AppLog] INFO : 进入：EquipmentMotionLogic3=》不需重新创建-手动操作！
2023-07-08 15:50:20,877 [AppLog] INFO : 进入：EquipmentMotionLogic3=》赋值完成自-AutoPrintMotion2！
2023-07-08 15:50:20,877 [AppLog] INFO : 进入：EquipmentMotionLogic3=》加载配置文件-LoadJsonFile成功！
2023-07-08 15:50:20,877 [AppLog] INFO : 进入：AutoPrintThread3！
2023-07-08 15:50:20,877 [AppLog] INFO : 准备读取编码器位置：X方向！
2023-07-08 15:50:20,877 [AppLog] INFO : 准备运动，当前位置：DEV_GetPrintEncoderValue：MoveDirectionFlag{false为Y方向：False}CurrentPos{758}AimPos{758}
2023-07-08 15:50:20,877 [AppLog] INFO : X方向运动开始：DEM_Run：返回值{True}nAxis{0}DirFlag{False}nSpeed{300000}MoveStep{0}nCtlValue{2}
2023-07-08 15:50:20,939 [AppLog] INFO : X方向到位停止：DEM_StopAxisRun：返回值{True}CurrentPos{758}bImmeStop{False}nAxisMask{1}
2023-07-08 15:50:20,939 [AppLog] INFO : 准备读取编码器位置：Y方向！
2023-07-08 15:50:20,939 [AppLog] INFO : 准备运动，编码器当前位置：DEM_GetAxisEncodeVal：MoveDirectionFlag{false为Y方向：True}CurrentPos{317}AimPos{317}
2023-07-08 15:50:20,939 [AppLog] INFO : Y方向运动开始：DEM_Run：返回值{True}nAxis{1}DirFlag{False}nSpeed{300000}MoveStep{0}nCtlValue{1}
2023-07-08 15:50:21,017 [AppLog] INFO : Y方向到位停止：DEM_StopAxisRun：返回值{True}CurrentPos{317}bImmeStop{False}nAxisMask{2}
2023-07-08 15:50:21,220 [AppLog] INFO : 接收到暂停打印指令：PrintTaskTHREAD
2023-07-08 15:50:21,220 [AppLog] INFO : 进入：EquipmentMotionLogic3=》准备创建对象-手动操作！
2023-07-08 15:50:21,220 [AppLog] INFO : 进入：EquipmentMotionLogic3=》不需重新创建-手动操作！
2023-07-08 15:50:21,220 [AppLog] INFO : 进入：EquipmentMotionLogic3=》赋值完成自-AutoPrintMotion2！
2023-07-08 15:50:21,220 [AppLog] INFO : 进入：EquipmentMotionLogic3=》加载配置文件-LoadJsonFile成功！
2023-07-08 15:50:21,220 [AppLog] INFO : 进入：AutoPrintThread3！
2023-07-08 15:50:21,220 [AppLog] INFO : 准备读取编码器位置：X方向！
2023-07-08 15:50:21,220 [AppLog] INFO : 准备运动，当前位置：DEV_GetPrintEncoderValue：MoveDirectionFlag{false为Y方向：False}CurrentPos{758}AimPos{758}
2023-07-08 15:50:21,220 [AppLog] INFO : X方向运动开始：DEM_Run：返回值{True}nAxis{0}DirFlag{False}nSpeed{300000}MoveStep{0}nCtlValue{2}
2023-07-08 15:50:21,282 [AppLog] INFO : X方向到位停止：DEM_StopAxisRun：返回值{True}CurrentPos{758}bImmeStop{False}nAxisMask{1}
2023-07-08 15:50:21,282 [AppLog] INFO : 准备读取编码器位置：Y方向！
2023-07-08 15:50:21,282 [AppLog] INFO : 准备运动，编码器当前位置：DEM_GetAxisEncodeVal：MoveDirectionFlag{false为Y方向：True}CurrentPos{317}AimPos{317}
2023-07-08 15:50:21,282 [AppLog] INFO : Y方向运动开始：DEM_Run：返回值{True}nAxis{1}DirFlag{False}nSpeed{300000}MoveStep{0}nCtlValue{1}
2023-07-08 15:50:21,345 [AppLog] INFO : Y方向到位停止：DEM_StopAxisRun：返回值{True}CurrentPos{317}bImmeStop{False}nAxisMask{2}
2023-07-08 15:50:21,548 [AppLog] INFO : 接收到暂停打印指令：PrintTaskTHREAD
2023-07-08 15:50:21,548 [AppLog] INFO : 进入：EquipmentMotionLogic3=》准备创建对象-手动操作！
2023-07-08 15:50:21,548 [AppLog] INFO : 进入：EquipmentMotionLogic3=》不需重新创建-手动操作！
2023-07-08 15:50:21,548 [AppLog] INFO : 进入：EquipmentMotionLogic3=》赋值完成自-AutoPrintMotion2！
2023-07-08 15:50:21,548 [AppLog] INFO : 进入：EquipmentMotionLogic3=》加载配置文件-LoadJsonFile成功！
2023-07-08 15:50:21,548 [AppLog] INFO : 进入：AutoPrintThread3！
2023-07-08 15:50:21,548 [AppLog] INFO : 准备读取编码器位置：X方向！
2023-07-08 15:50:21,548 [AppLog] INFO : 准备运动，当前位置：DEV_GetPrintEncoderValue：MoveDirectionFlag{false为Y方向：False}CurrentPos{758}AimPos{758}
2023-07-08 15:50:21,548 [AppLog] INFO : X方向运动开始：DEM_Run：返回值{True}nAxis{0}DirFlag{False}nSpeed{300000}MoveStep{0}nCtlValue{2}
2023-07-08 15:50:21,610 [AppLog] INFO : X方向到位停止：DEM_StopAxisRun：返回值{True}CurrentPos{758}bImmeStop{False}nAxisMask{1}
2023-07-08 15:50:21,610 [AppLog] INFO : 准备读取编码器位置：Y方向！
2023-07-08 15:50:21,626 [AppLog] INFO : 准备运动，编码器当前位置：DEM_GetAxisEncodeVal：MoveDirectionFlag{false为Y方向：True}CurrentPos{317}AimPos{317}
2023-07-08 15:50:21,626 [AppLog] INFO : Y方向运动开始：DEM_Run：返回值{True}nAxis{1}DirFlag{False}nSpeed{300000}MoveStep{0}nCtlValue{1}
2023-07-08 15:50:21,688 [AppLog] INFO : Y方向到位停止：DEM_StopAxisRun：返回值{True}CurrentPos{317}bImmeStop{False}nAxisMask{2}
2023-07-08 15:50:21,891 [AppLog] INFO : 接收到暂停打印指令：PrintTaskTHREAD
2023-07-08 15:50:21,891 [AppLog] INFO : 进入：EquipmentMotionLogic3=》准备创建对象-手动操作！
2023-07-08 15:50:21,891 [AppLog] INFO : 进入：EquipmentMotionLogic3=》不需重新创建-手动操作！
2023-07-08 15:50:21,891 [AppLog] INFO : 进入：EquipmentMotionLogic3=》赋值完成自-AutoPrintMotion2！
2023-07-08 15:50:21,891 [AppLog] INFO : 进入：EquipmentMotionLogic3=》加载配置文件-LoadJsonFile成功！
2023-07-08 15:50:21,891 [AppLog] INFO : 进入：AutoPrintThread3！
2023-07-08 15:50:21,891 [AppLog] INFO : 准备读取编码器位置：X方向！
2023-07-08 15:50:21,891 [AppLog] INFO : 准备运动，当前位置：DEV_GetPrintEncoderValue：MoveDirectionFlag{false为Y方向：False}CurrentPos{758}AimPos{758}
2023-07-08 15:50:21,891 [AppLog] INFO : X方向运动开始：DEM_Run：返回值{True}nAxis{0}DirFlag{False}nSpeed{300000}MoveStep{0}nCtlValue{2}
2023-07-08 15:50:21,953 [AppLog] INFO : X方向到位停止：DEM_StopAxisRun：返回值{True}CurrentPos{758}bImmeStop{False}nAxisMask{1}
2023-07-08 15:50:21,953 [AppLog] INFO : 准备读取编码器位置：Y方向！
2023-07-08 15:50:21,969 [AppLog] INFO : 准备运动，编码器当前位置：DEM_GetAxisEncodeVal：MoveDirectionFlag{false为Y方向：True}CurrentPos{317}AimPos{317}
2023-07-08 15:50:21,969 [AppLog] INFO : Y方向运动开始：DEM_Run：返回值{True}nAxis{1}DirFlag{False}nSpeed{300000}MoveStep{0}nCtlValue{1}
2023-07-08 15:50:22,047 [AppLog] INFO : Y方向到位停止：DEM_StopAxisRun：返回值{True}CurrentPos{317}bImmeStop{False}nAxisMask{2}
2023-07-08 15:50:22,250 [AppLog] INFO : 接收到暂停打印指令：PrintTaskTHREAD
2023-07-08 15:50:22,250 [AppLog] INFO : 进入：EquipmentMotionLogic3=》准备创建对象-手动操作！
2023-07-08 15:50:22,250 [AppLog] INFO : 进入：EquipmentMotionLogic3=》不需重新创建-手动操作！
2023-07-08 15:50:22,250 [AppLog] INFO : 进入：EquipmentMotionLogic3=》赋值完成自-AutoPrintMotion2！
2023-07-08 15:50:22,250 [AppLog] INFO : 进入：EquipmentMotionLogic3=》加载配置文件-LoadJsonFile成功！
2023-07-08 15:50:22,250 [AppLog] INFO : 进入：AutoPrintThread3！
2023-07-08 15:50:22,250 [AppLog] INFO : 准备读取编码器位置：X方向！
2023-07-08 15:50:22,250 [AppLog] INFO : 准备运动，当前位置：DEV_GetPrintEncoderValue：MoveDirectionFlag{false为Y方向：False}CurrentPos{758}AimPos{758}
2023-07-08 15:50:22,250 [AppLog] INFO : X方向运动开始：DEM_Run：返回值{True}nAxis{0}DirFlag{False}nSpeed{300000}MoveStep{0}nCtlValue{2}
2023-07-08 15:50:22,312 [AppLog] INFO : X方向到位停止：DEM_StopAxisRun：返回值{True}CurrentPos{758}bImmeStop{False}nAxisMask{1}
2023-07-08 15:50:22,312 [AppLog] INFO : 准备读取编码器位置：Y方向！
2023-07-08 15:50:22,312 [AppLog] INFO : 准备运动，编码器当前位置：DEM_GetAxisEncodeVal：MoveDirectionFlag{false为Y方向：True}CurrentPos{317}AimPos{317}
2023-07-08 15:50:22,312 [AppLog] INFO : Y方向运动开始：DEM_Run：返回值{True}nAxis{1}DirFlag{False}nSpeed{300000}MoveStep{0}nCtlValue{1}
2023-07-08 15:50:22,390 [AppLog] INFO : Y方向到位停止：DEM_StopAxisRun：返回值{True}CurrentPos{317}bImmeStop{False}nAxisMask{2}
2023-07-08 15:50:22,593 [AppLog] INFO : 接收到暂停打印指令：PrintTaskTHREAD
2023-07-08 15:50:22,593 [AppLog] INFO : 进入：EquipmentMotionLogic3=》准备创建对象-手动操作！
2023-07-08 15:50:22,593 [AppLog] INFO : 进入：EquipmentMotionLogic3=》不需重新创建-手动操作！
2023-07-08 15:50:22,593 [AppLog] INFO : 进入：EquipmentMotionLogic3=》赋值完成自-AutoPrintMotion2！
2023-07-08 15:50:22,593 [AppLog] INFO : 进入：EquipmentMotionLogic3=》加载配置文件-LoadJsonFile成功！
2023-07-08 15:50:22,593 [AppLog] INFO : 进入：AutoPrintThread3！
2023-07-08 15:50:22,593 [AppLog] INFO : 准备读取编码器位置：X方向！
2023-07-08 15:50:22,593 [AppLog] INFO : 准备运动，当前位置：DEV_GetPrintEncoderValue：MoveDirectionFlag{false为Y方向：False}CurrentPos{758}AimPos{758}
2023-07-08 15:50:22,593 [AppLog] INFO : X方向运动开始：DEM_Run：返回值{True}nAxis{0}DirFlag{False}nSpeed{300000}MoveStep{0}nCtlValue{2}
2023-07-08 15:50:22,655 [AppLog] INFO : X方向到位停止：DEM_StopAxisRun：返回值{True}CurrentPos{758}bImmeStop{False}nAxisMask{1}
2023-07-08 15:50:22,655 [AppLog] INFO : 准备读取编码器位置：Y方向！
2023-07-08 15:50:22,655 [AppLog] INFO : 准备运动，编码器当前位置：DEM_GetAxisEncodeVal：MoveDirectionFlag{false为Y方向：True}CurrentPos{317}AimPos{317}
2023-07-08 15:50:22,655 [AppLog] INFO : Y方向运动开始：DEM_Run：返回值{True}nAxis{1}DirFlag{False}nSpeed{300000}MoveStep{0}nCtlValue{1}
2023-07-08 15:50:22,718 [AppLog] INFO : Y方向到位停止：DEM_StopAxisRun：返回值{True}CurrentPos{317}bImmeStop{False}nAxisMask{2}
2023-07-08 15:50:22,920 [AppLog] INFO : 接收到暂停打印指令：PrintTaskTHREAD
2023-07-08 15:50:22,920 [AppLog] INFO : 进入：EquipmentMotionLogic3=》准备创建对象-手动操作！
2023-07-08 15:50:22,920 [AppLog] INFO : 进入：EquipmentMotionLogic3=》不需重新创建-手动操作！
2023-07-08 15:50:22,920 [AppLog] INFO : 进入：EquipmentMotionLogic3=》赋值完成自-AutoPrintMotion2！
2023-07-08 15:50:22,920 [AppLog] INFO : 进入：EquipmentMotionLogic3=》加载配置文件-LoadJsonFile成功！
2023-07-08 15:50:22,920 [AppLog] INFO : 进入：AutoPrintThread3！
2023-07-08 15:50:22,920 [AppLog] INFO : 准备读取编码器位置：X方向！
2023-07-08 15:50:22,920 [AppLog] INFO : 准备运动，当前位置：DEV_GetPrintEncoderValue：MoveDirectionFlag{false为Y方向：False}CurrentPos{758}AimPos{758}
2023-07-08 15:50:22,920 [AppLog] INFO : X方向运动开始：DEM_Run：返回值{True}nAxis{0}DirFlag{False}nSpeed{300000}MoveStep{0}nCtlValue{2}
2023-07-08 15:50:22,998 [AppLog] INFO : X方向到位停止：DEM_StopAxisRun：返回值{True}CurrentPos{758}bImmeStop{False}nAxisMask{1}
2023-07-08 15:50:22,998 [AppLog] INFO : 准备读取编码器位置：Y方向！
2023-07-08 15:50:22,998 [AppLog] INFO : 准备运动，编码器当前位置：DEM_GetAxisEncodeVal：MoveDirectionFlag{false为Y方向：True}CurrentPos{317}AimPos{317}
2023-07-08 15:50:22,998 [AppLog] INFO : Y方向运动开始：DEM_Run：返回值{True}nAxis{1}DirFlag{False}nSpeed{300000}MoveStep{0}nCtlValue{1}
2023-07-08 15:50:23,076 [AppLog] INFO : Y方向到位停止：DEM_StopAxisRun：返回值{True}CurrentPos{317}bImmeStop{False}nAxisMask{2}
2023-07-08 15:50:23,279 [AppLog] INFO : 接收到暂停打印指令：PrintTaskTHREAD
2023-07-08 15:50:23,279 [AppLog] INFO : 进入：EquipmentMotionLogic3=》准备创建对象-手动操作！
2023-07-08 15:50:23,279 [AppLog] INFO : 进入：EquipmentMotionLogic3=》不需重新创建-手动操作！
2023-07-08 15:50:23,279 [AppLog] INFO : 进入：EquipmentMotionLogic3=》赋值完成自-AutoPrintMotion2！
2023-07-08 15:50:23,279 [AppLog] INFO : 进入：EquipmentMotionLogic3=》加载配置文件-LoadJsonFile成功！
2023-07-08 15:50:23,279 [AppLog] INFO : 进入：AutoPrintThread3！
2023-07-08 15:50:23,279 [AppLog] INFO : 准备读取编码器位置：X方向！
2023-07-08 15:50:23,279 [AppLog] INFO : 准备运动，当前位置：DEV_GetPrintEncoderValue：MoveDirectionFlag{false为Y方向：False}CurrentPos{758}AimPos{758}
2023-07-08 15:50:23,279 [AppLog] INFO : X方向运动开始：DEM_Run：返回值{True}nAxis{0}DirFlag{False}nSpeed{300000}MoveStep{0}nCtlValue{2}
2023-07-08 15:50:23,342 [AppLog] INFO : X方向到位停止：DEM_StopAxisRun：返回值{True}CurrentPos{758}bImmeStop{False}nAxisMask{1}
2023-07-08 15:50:23,342 [AppLog] INFO : 准备读取编码器位置：Y方向！
2023-07-08 15:50:23,342 [AppLog] INFO : 准备运动，编码器当前位置：DEM_GetAxisEncodeVal：MoveDirectionFlag{false为Y方向：True}CurrentPos{317}AimPos{317}
2023-07-08 15:50:23,342 [AppLog] INFO : Y方向运动开始：DEM_Run：返回值{True}nAxis{1}DirFlag{False}nSpeed{300000}MoveStep{0}nCtlValue{1}
2023-07-08 15:50:23,404 [AppLog] INFO : Y方向到位停止：DEM_StopAxisRun：返回值{True}CurrentPos{317}bImmeStop{False}nAxisMask{2}
2023-07-08 15:50:23,607 [AppLog] INFO : 接收到暂停打印指令：PrintTaskTHREAD
2023-07-08 15:50:23,607 [AppLog] INFO : 进入：EquipmentMotionLogic3=》准备创建对象-手动操作！
2023-07-08 15:50:23,607 [AppLog] INFO : 进入：EquipmentMotionLogic3=》不需重新创建-手动操作！
2023-07-08 15:50:23,607 [AppLog] INFO : 进入：EquipmentMotionLogic3=》赋值完成自-AutoPrintMotion2！
2023-07-08 15:50:23,607 [AppLog] INFO : 进入：EquipmentMotionLogic3=》加载配置文件-LoadJsonFile成功！
2023-07-08 15:50:23,607 [AppLog] INFO : 进入：AutoPrintThread3！
2023-07-08 15:50:23,607 [AppLog] INFO : 准备读取编码器位置：X方向！
2023-07-08 15:50:23,607 [AppLog] INFO : 准备运动，当前位置：DEV_GetPrintEncoderValue：MoveDirectionFlag{false为Y方向：False}CurrentPos{758}AimPos{758}
2023-07-08 15:50:23,607 [AppLog] INFO : X方向运动开始：DEM_Run：返回值{True}nAxis{0}DirFlag{False}nSpeed{300000}MoveStep{0}nCtlValue{2}
2023-07-08 15:50:23,669 [AppLog] INFO : X方向到位停止：DEM_StopAxisRun：返回值{True}CurrentPos{758}bImmeStop{False}nAxisMask{1}
2023-07-08 15:50:23,669 [AppLog] INFO : 准备读取编码器位置：Y方向！
2023-07-08 15:50:23,685 [AppLog] INFO : 准备运动，编码器当前位置：DEM_GetAxisEncodeVal：MoveDirectionFlag{false为Y方向：True}CurrentPos{317}AimPos{317}
2023-07-08 15:50:23,685 [AppLog] INFO : Y方向运动开始：DEM_Run：返回值{True}nAxis{1}DirFlag{False}nSpeed{300000}MoveStep{0}nCtlValue{1}
2023-07-08 15:50:23,747 [AppLog] INFO : Y方向到位停止：DEM_StopAxisRun：返回值{True}CurrentPos{317}bImmeStop{False}nAxisMask{2}
2023-07-08 15:50:23,950 [AppLog] INFO : 接收到暂停打印指令：PrintTaskTHREAD
2023-07-08 15:50:23,950 [AppLog] INFO : 进入：EquipmentMotionLogic3=》准备创建对象-手动操作！
2023-07-08 15:50:23,950 [AppLog] INFO : 进入：EquipmentMotionLogic3=》不需重新创建-手动操作！
2023-07-08 15:50:23,950 [AppLog] INFO : 进入：EquipmentMotionLogic3=》赋值完成自-AutoPrintMotion2！
2023-07-08 15:50:23,950 [AppLog] INFO : 进入：EquipmentMotionLogic3=》加载配置文件-LoadJsonFile成功！
2023-07-08 15:50:23,950 [AppLog] INFO : 进入：AutoPrintThread3！
2023-07-08 15:50:23,950 [AppLog] INFO : 准备读取编码器位置：X方向！
2023-07-08 15:50:23,950 [AppLog] INFO : 准备运动，当前位置：DEV_GetPrintEncoderValue：MoveDirectionFlag{false为Y方向：False}CurrentPos{758}AimPos{758}
2023-07-08 15:50:23,950 [AppLog] INFO : X方向运动开始：DEM_Run：返回值{True}nAxis{0}DirFlag{False}nSpeed{300000}MoveStep{0}nCtlValue{2}
2023-07-08 15:50:24,028 [AppLog] INFO : X方向到位停止：DEM_StopAxisRun：返回值{True}CurrentPos{758}bImmeStop{False}nAxisMask{1}
2023-07-08 15:50:24,028 [AppLog] INFO : 准备读取编码器位置：Y方向！
2023-07-08 15:50:24,028 [AppLog] INFO : 准备运动，编码器当前位置：DEM_GetAxisEncodeVal：MoveDirectionFlag{false为Y方向：True}CurrentPos{317}AimPos{317}
2023-07-08 15:50:24,028 [AppLog] INFO : Y方向运动开始：DEM_Run：返回值{True}nAxis{1}DirFlag{False}nSpeed{300000}MoveStep{0}nCtlValue{1}
2023-07-08 15:50:24,106 [AppLog] INFO : Y方向到位停止：DEM_StopAxisRun：返回值{True}CurrentPos{317}bImmeStop{False}nAxisMask{2}
2023-07-08 15:50:24,309 [AppLog] INFO : 接收到暂停打印指令：PrintTaskTHREAD
2023-07-08 15:50:24,309 [AppLog] INFO : 进入：EquipmentMotionLogic3=》准备创建对象-手动操作！
2023-07-08 15:50:24,309 [AppLog] INFO : 进入：EquipmentMotionLogic3=》不需重新创建-手动操作！
2023-07-08 15:50:24,309 [AppLog] INFO : 进入：EquipmentMotionLogic3=》赋值完成自-AutoPrintMotion2！
2023-07-08 15:50:24,309 [AppLog] INFO : 进入：EquipmentMotionLogic3=》加载配置文件-LoadJsonFile成功！
2023-07-08 15:50:24,309 [AppLog] INFO : 进入：AutoPrintThread3！
2023-07-08 15:50:24,309 [AppLog] INFO : 准备读取编码器位置：X方向！
2023-07-08 15:50:24,309 [AppLog] INFO : 准备运动，当前位置：DEV_GetPrintEncoderValue：MoveDirectionFlag{false为Y方向：False}CurrentPos{758}AimPos{758}
2023-07-08 15:50:24,309 [AppLog] INFO : X方向运动开始：DEM_Run：返回值{True}nAxis{0}DirFlag{False}nSpeed{300000}MoveStep{0}nCtlValue{2}
2023-07-08 15:50:24,371 [AppLog] INFO : X方向到位停止：DEM_StopAxisRun：返回值{True}CurrentPos{758}bImmeStop{False}nAxisMask{1}
2023-07-08 15:50:24,371 [AppLog] INFO : 准备读取编码器位置：Y方向！
2023-07-08 15:50:24,371 [AppLog] INFO : 准备运动，编码器当前位置：DEM_GetAxisEncodeVal：MoveDirectionFlag{false为Y方向：True}CurrentPos{317}AimPos{317}
2023-07-08 15:50:24,371 [AppLog] INFO : Y方向运动开始：DEM_Run：返回值{True}nAxis{1}DirFlag{False}nSpeed{300000}MoveStep{0}nCtlValue{1}
2023-07-08 15:50:24,434 [AppLog] INFO : Y方向到位停止：DEM_StopAxisRun：返回值{True}CurrentPos{317}bImmeStop{False}nAxisMask{2}
2023-07-08 15:50:24,636 [AppLog] INFO : 接收到暂停打印指令：PrintTaskTHREAD
2023-07-08 15:50:24,636 [AppLog] INFO : 进入：EquipmentMotionLogic3=》准备创建对象-手动操作！
2023-07-08 15:50:24,636 [AppLog] INFO : 进入：EquipmentMotionLogic3=》不需重新创建-手动操作！
2023-07-08 15:50:24,636 [AppLog] INFO : 进入：EquipmentMotionLogic3=》赋值完成自-AutoPrintMotion2！
2023-07-08 15:50:24,636 [AppLog] INFO : 进入：EquipmentMotionLogic3=》加载配置文件-LoadJsonFile成功！
2023-07-08 15:50:24,636 [AppLog] INFO : 进入：AutoPrintThread3！
2023-07-08 15:50:24,636 [AppLog] INFO : 准备读取编码器位置：X方向！
2023-07-08 15:50:24,636 [AppLog] INFO : 准备运动，当前位置：DEV_GetPrintEncoderValue：MoveDirectionFlag{false为Y方向：False}CurrentPos{758}AimPos{758}
2023-07-08 15:50:24,636 [AppLog] INFO : X方向运动开始：DEM_Run：返回值{True}nAxis{0}DirFlag{False}nSpeed{300000}MoveStep{0}nCtlValue{2}
2023-07-08 15:50:24,699 [AppLog] INFO : X方向到位停止：DEM_StopAxisRun：返回值{True}CurrentPos{758}bImmeStop{False}nAxisMask{1}
2023-07-08 15:50:24,699 [AppLog] INFO : 准备读取编码器位置：Y方向！
2023-07-08 15:50:24,714 [AppLog] INFO : 准备运动，编码器当前位置：DEM_GetAxisEncodeVal：MoveDirectionFlag{false为Y方向：True}CurrentPos{317}AimPos{317}
2023-07-08 15:50:24,714 [AppLog] INFO : Y方向运动开始：DEM_Run：返回值{True}nAxis{1}DirFlag{False}nSpeed{300000}MoveStep{0}nCtlValue{1}
2023-07-08 15:50:24,777 [AppLog] INFO : Y方向到位停止：DEM_StopAxisRun：返回值{True}CurrentPos{317}bImmeStop{False}nAxisMask{2}
2023-07-08 15:50:24,980 [AppLog] INFO : 接收到暂停打印指令：PrintTaskTHREAD
2023-07-08 15:50:24,980 [AppLog] INFO : 进入：EquipmentMotionLogic3=》准备创建对象-手动操作！
2023-07-08 15:50:24,980 [AppLog] INFO : 进入：EquipmentMotionLogic3=》不需重新创建-手动操作！
2023-07-08 15:50:24,980 [AppLog] INFO : 进入：EquipmentMotionLogic3=》赋值完成自-AutoPrintMotion2！
2023-07-08 15:50:24,980 [AppLog] INFO : 进入：EquipmentMotionLogic3=》加载配置文件-LoadJsonFile成功！
2023-07-08 15:50:24,980 [AppLog] INFO : 进入：AutoPrintThread3！
2023-07-08 15:50:24,980 [AppLog] INFO : 准备读取编码器位置：X方向！
2023-07-08 15:50:24,980 [AppLog] INFO : 准备运动，当前位置：DEV_GetPrintEncoderValue：MoveDirectionFlag{false为Y方向：False}CurrentPos{758}AimPos{758}
2023-07-08 15:50:24,980 [AppLog] INFO : X方向运动开始：DEM_Run：返回值{True}nAxis{0}DirFlag{False}nSpeed{300000}MoveStep{0}nCtlValue{2}
2023-07-08 15:50:25,042 [AppLog] INFO : X方向到位停止：DEM_StopAxisRun：返回值{True}CurrentPos{758}bImmeStop{False}nAxisMask{1}
2023-07-08 15:50:25,042 [AppLog] INFO : 准备读取编码器位置：Y方向！
2023-07-08 15:50:25,058 [AppLog] INFO : 准备运动，编码器当前位置：DEM_GetAxisEncodeVal：MoveDirectionFlag{false为Y方向：True}CurrentPos{317}AimPos{317}
2023-07-08 15:50:25,058 [AppLog] INFO : Y方向运动开始：DEM_Run：返回值{True}nAxis{1}DirFlag{False}nSpeed{300000}MoveStep{0}nCtlValue{1}
2023-07-08 15:50:25,120 [AppLog] INFO : Y方向到位停止：DEM_StopAxisRun：返回值{True}CurrentPos{317}bImmeStop{False}nAxisMask{2}
2023-07-08 15:50:25,323 [AppLog] INFO : 接收到暂停打印指令：PrintTaskTHREAD
2023-07-08 15:50:25,323 [AppLog] INFO : 进入：EquipmentMotionLogic3=》准备创建对象-手动操作！
2023-07-08 15:50:25,323 [AppLog] INFO : 进入：EquipmentMotionLogic3=》不需重新创建-手动操作！
2023-07-08 15:50:25,323 [AppLog] INFO : 进入：EquipmentMotionLogic3=》赋值完成自-AutoPrintMotion2！
2023-07-08 15:50:25,323 [AppLog] INFO : 进入：EquipmentMotionLogic3=》加载配置文件-LoadJsonFile成功！
2023-07-08 15:50:25,323 [AppLog] INFO : 进入：AutoPrintThread3！
2023-07-08 15:50:25,323 [AppLog] INFO : 准备读取编码器位置：X方向！
2023-07-08 15:50:25,338 [AppLog] INFO : 准备运动，当前位置：DEV_GetPrintEncoderValue：MoveDirectionFlag{false为Y方向：False}CurrentPos{758}AimPos{758}
2023-07-08 15:50:25,338 [AppLog] INFO : X方向运动开始：DEM_Run：返回值{True}nAxis{0}DirFlag{False}nSpeed{300000}MoveStep{0}nCtlValue{2}
2023-07-08 15:50:25,401 [AppLog] INFO : X方向到位停止：DEM_StopAxisRun：返回值{True}CurrentPos{758}bImmeStop{False}nAxisMask{1}
2023-07-08 15:50:25,401 [AppLog] INFO : 准备读取编码器位置：Y方向！
2023-07-08 15:50:25,401 [AppLog] INFO : 准备运动，编码器当前位置：DEM_GetAxisEncodeVal：MoveDirectionFlag{false为Y方向：True}CurrentPos{317}AimPos{317}
2023-07-08 15:50:25,401 [AppLog] INFO : Y方向运动开始：DEM_Run：返回值{True}nAxis{1}DirFlag{False}nSpeed{300000}MoveStep{0}nCtlValue{1}
2023-07-08 15:50:25,479 [AppLog] INFO : Y方向到位停止：DEM_StopAxisRun：返回值{True}CurrentPos{317}bImmeStop{False}nAxisMask{2}
2023-07-08 15:50:25,682 [AppLog] INFO : 接收到暂停打印指令：PrintTaskTHREAD
2023-07-08 15:50:25,682 [AppLog] INFO : 进入：EquipmentMotionLogic3=》准备创建对象-手动操作！
2023-07-08 15:50:25,682 [AppLog] INFO : 进入：EquipmentMotionLogic3=》不需重新创建-手动操作！
2023-07-08 15:50:25,682 [AppLog] INFO : 进入：EquipmentMotionLogic3=》赋值完成自-AutoPrintMotion2！
2023-07-08 15:50:25,682 [AppLog] INFO : 进入：EquipmentMotionLogic3=》加载配置文件-LoadJsonFile成功！
2023-07-08 15:50:25,682 [AppLog] INFO : 进入：AutoPrintThread3！
2023-07-08 15:50:25,682 [AppLog] INFO : 准备读取编码器位置：X方向！
2023-07-08 15:50:25,682 [AppLog] INFO : 准备运动，当前位置：DEV_GetPrintEncoderValue：MoveDirectionFlag{false为Y方向：False}CurrentPos{758}AimPos{758}
2023-07-08 15:50:25,682 [AppLog] INFO : X方向运动开始：DEM_Run：返回值{True}nAxis{0}DirFlag{False}nSpeed{300000}MoveStep{0}nCtlValue{2}
2023-07-08 15:50:25,744 [AppLog] INFO : X方向到位停止：DEM_StopAxisRun：返回值{True}CurrentPos{758}bImmeStop{False}nAxisMask{1}
2023-07-08 15:50:25,744 [AppLog] INFO : 准备读取编码器位置：Y方向！
2023-07-08 15:50:25,744 [AppLog] INFO : 准备运动，编码器当前位置：DEM_GetAxisEncodeVal：MoveDirectionFlag{false为Y方向：True}CurrentPos{317}AimPos{317}
2023-07-08 15:50:25,744 [AppLog] INFO : Y方向运动开始：DEM_Run：返回值{True}nAxis{1}DirFlag{False}nSpeed{300000}MoveStep{0}nCtlValue{1}
2023-07-08 15:50:25,806 [AppLog] INFO : Y方向到位停止：DEM_StopAxisRun：返回值{True}CurrentPos{317}bImmeStop{False}nAxisMask{2}
2023-07-08 15:50:26,009 [AppLog] INFO : 接收到暂停打印指令：PrintTaskTHREAD
2023-07-08 15:50:26,009 [AppLog] INFO : 进入：EquipmentMotionLogic3=》准备创建对象-手动操作！
2023-07-08 15:50:26,009 [AppLog] INFO : 进入：EquipmentMotionLogic3=》不需重新创建-手动操作！
2023-07-08 15:50:26,009 [AppLog] INFO : 进入：EquipmentMotionLogic3=》赋值完成自-AutoPrintMotion2！
2023-07-08 15:50:26,009 [AppLog] INFO : 进入：EquipmentMotionLogic3=》加载配置文件-LoadJsonFile成功！
2023-07-08 15:50:26,009 [AppLog] INFO : 进入：AutoPrintThread3！
2023-07-08 15:50:26,009 [AppLog] INFO : 准备读取编码器位置：X方向！
2023-07-08 15:50:26,009 [AppLog] INFO : 准备运动，当前位置：DEV_GetPrintEncoderValue：MoveDirectionFlag{false为Y方向：False}CurrentPos{758}AimPos{758}
2023-07-08 15:50:26,009 [AppLog] INFO : X方向运动开始：DEM_Run：返回值{True}nAxis{0}DirFlag{False}nSpeed{300000}MoveStep{0}nCtlValue{2}
2023-07-08 15:50:26,072 [AppLog] INFO : X方向到位停止：DEM_StopAxisRun：返回值{True}CurrentPos{758}bImmeStop{False}nAxisMask{1}
2023-07-08 15:50:26,072 [AppLog] INFO : 准备读取编码器位置：Y方向！
2023-07-08 15:50:26,072 [AppLog] INFO : 准备运动，编码器当前位置：DEM_GetAxisEncodeVal：MoveDirectionFlag{false为Y方向：True}CurrentPos{317}AimPos{317}
2023-07-08 15:50:26,072 [AppLog] INFO : Y方向运动开始：DEM_Run：返回值{True}nAxis{1}DirFlag{False}nSpeed{300000}MoveStep{0}nCtlValue{1}
2023-07-08 15:50:26,134 [AppLog] INFO : Y方向到位停止：DEM_StopAxisRun：返回值{True}CurrentPos{317}bImmeStop{False}nAxisMask{2}
2023-07-08 15:50:26,337 [AppLog] INFO : 接收到暂停打印指令：PrintTaskTHREAD
2023-07-08 15:50:26,337 [AppLog] INFO : 进入：EquipmentMotionLogic3=》准备创建对象-手动操作！
2023-07-08 15:50:26,337 [AppLog] INFO : 进入：EquipmentMotionLogic3=》不需重新创建-手动操作！
2023-07-08 15:50:26,337 [AppLog] INFO : 进入：EquipmentMotionLogic3=》赋值完成自-AutoPrintMotion2！
2023-07-08 15:50:26,337 [AppLog] INFO : 进入：EquipmentMotionLogic3=》加载配置文件-LoadJsonFile成功！
2023-07-08 15:50:26,337 [AppLog] INFO : 进入：AutoPrintThread3！
2023-07-08 15:50:26,337 [AppLog] INFO : 准备读取编码器位置：X方向！
2023-07-08 15:50:26,337 [AppLog] INFO : 准备运动，当前位置：DEV_GetPrintEncoderValue：MoveDirectionFlag{false为Y方向：False}CurrentPos{758}AimPos{758}
2023-07-08 15:50:26,337 [AppLog] INFO : X方向运动开始：DEM_Run：返回值{True}nAxis{0}DirFlag{False}nSpeed{300000}MoveStep{0}nCtlValue{2}
2023-07-08 15:50:26,399 [AppLog] INFO : X方向到位停止：DEM_StopAxisRun：返回值{True}CurrentPos{758}bImmeStop{False}nAxisMask{1}
2023-07-08 15:50:26,399 [AppLog] INFO : 准备读取编码器位置：Y方向！
2023-07-08 15:50:26,399 [AppLog] INFO : 准备运动，编码器当前位置：DEM_GetAxisEncodeVal：MoveDirectionFlag{false为Y方向：True}CurrentPos{317}AimPos{317}
2023-07-08 15:50:26,399 [AppLog] INFO : Y方向运动开始：DEM_Run：返回值{True}nAxis{1}DirFlag{False}nSpeed{300000}MoveStep{0}nCtlValue{1}
2023-07-08 15:50:26,462 [AppLog] INFO : Y方向到位停止：DEM_StopAxisRun：返回值{True}CurrentPos{317}bImmeStop{False}nAxisMask{2}
2023-07-08 15:50:26,664 [AppLog] INFO : 接收到暂停打印指令：PrintTaskTHREAD
2023-07-08 15:50:26,664 [AppLog] INFO : 进入：EquipmentMotionLogic3=》准备创建对象-手动操作！
2023-07-08 15:50:26,664 [AppLog] INFO : 进入：EquipmentMotionLogic3=》不需重新创建-手动操作！
2023-07-08 15:50:26,664 [AppLog] INFO : 进入：EquipmentMotionLogic3=》赋值完成自-AutoPrintMotion2！
2023-07-08 15:50:26,664 [AppLog] INFO : 进入：EquipmentMotionLogic3=》加载配置文件-LoadJsonFile成功！
2023-07-08 15:50:26,664 [AppLog] INFO : 进入：AutoPrintThread3！
2023-07-08 15:50:26,664 [AppLog] INFO : 准备读取编码器位置：X方向！
2023-07-08 15:50:26,680 [AppLog] INFO : 准备运动，当前位置：DEV_GetPrintEncoderValue：MoveDirectionFlag{false为Y方向：False}CurrentPos{758}AimPos{758}
2023-07-08 15:50:26,680 [AppLog] INFO : X方向运动开始：DEM_Run：返回值{True}nAxis{0}DirFlag{False}nSpeed{300000}MoveStep{0}nCtlValue{2}
2023-07-08 15:50:26,742 [AppLog] INFO : X方向到位停止：DEM_StopAxisRun：返回值{True}CurrentPos{758}bImmeStop{False}nAxisMask{1}
2023-07-08 15:50:26,742 [AppLog] INFO : 准备读取编码器位置：Y方向！
2023-07-08 15:50:26,742 [AppLog] INFO : 准备运动，编码器当前位置：DEM_GetAxisEncodeVal：MoveDirectionFlag{false为Y方向：True}CurrentPos{317}AimPos{317}
2023-07-08 15:50:26,742 [AppLog] INFO : Y方向运动开始：DEM_Run：返回值{True}nAxis{1}DirFlag{False}nSpeed{300000}MoveStep{0}nCtlValue{1}
2023-07-08 15:50:26,805 [AppLog] INFO : Y方向到位停止：DEM_StopAxisRun：返回值{True}CurrentPos{317}bImmeStop{False}nAxisMask{2}
2023-07-08 15:50:27,008 [AppLog] INFO : 接收到暂停打印指令：PrintTaskTHREAD
2023-07-08 15:50:27,008 [AppLog] INFO : 进入：EquipmentMotionLogic3=》准备创建对象-手动操作！
2023-07-08 15:50:27,008 [AppLog] INFO : 进入：EquipmentMotionLogic3=》不需重新创建-手动操作！
2023-07-08 15:50:27,008 [AppLog] INFO : 进入：EquipmentMotionLogic3=》赋值完成自-AutoPrintMotion2！
2023-07-08 15:50:27,008 [AppLog] INFO : 进入：EquipmentMotionLogic3=》加载配置文件-LoadJsonFile成功！
2023-07-08 15:50:27,008 [AppLog] INFO : 进入：AutoPrintThread3！
2023-07-08 15:50:27,008 [AppLog] INFO : 准备读取编码器位置：X方向！
2023-07-08 15:50:27,008 [AppLog] INFO : 准备运动，当前位置：DEV_GetPrintEncoderValue：MoveDirectionFlag{false为Y方向：False}CurrentPos{758}AimPos{758}
2023-07-08 15:50:27,008 [AppLog] INFO : X方向运动开始：DEM_Run：返回值{True}nAxis{0}DirFlag{False}nSpeed{300000}MoveStep{0}nCtlValue{2}
2023-07-08 15:50:27,070 [AppLog] INFO : X方向到位停止：DEM_StopAxisRun：返回值{True}CurrentPos{758}bImmeStop{False}nAxisMask{1}
2023-07-08 15:50:27,070 [AppLog] INFO : 准备读取编码器位置：Y方向！
2023-07-08 15:50:27,086 [AppLog] INFO : 准备运动，编码器当前位置：DEM_GetAxisEncodeVal：MoveDirectionFlag{false为Y方向：True}CurrentPos{317}AimPos{317}
2023-07-08 15:50:27,086 [AppLog] INFO : Y方向运动开始：DEM_Run：返回值{True}nAxis{1}DirFlag{False}nSpeed{300000}MoveStep{0}nCtlValue{1}
2023-07-08 15:50:27,148 [AppLog] INFO : Y方向到位停止：DEM_StopAxisRun：返回值{True}CurrentPos{317}bImmeStop{False}nAxisMask{2}
2023-07-08 15:50:27,351 [AppLog] INFO : 接收到暂停打印指令：PrintTaskTHREAD
2023-07-08 15:50:27,351 [AppLog] INFO : 进入：EquipmentMotionLogic3=》准备创建对象-手动操作！
2023-07-08 15:50:27,351 [AppLog] INFO : 进入：EquipmentMotionLogic3=》不需重新创建-手动操作！
2023-07-08 15:50:27,351 [AppLog] INFO : 进入：EquipmentMotionLogic3=》赋值完成自-AutoPrintMotion2！
2023-07-08 15:50:27,351 [AppLog] INFO : 进入：EquipmentMotionLogic3=》加载配置文件-LoadJsonFile成功！
2023-07-08 15:50:27,351 [AppLog] INFO : 进入：AutoPrintThread3！
2023-07-08 15:50:27,351 [AppLog] INFO : 准备读取编码器位置：X方向！
2023-07-08 15:50:27,351 [AppLog] INFO : 准备运动，当前位置：DEV_GetPrintEncoderValue：MoveDirectionFlag{false为Y方向：False}CurrentPos{758}AimPos{758}
2023-07-08 15:50:27,351 [AppLog] INFO : X方向运动开始：DEM_Run：返回值{True}nAxis{0}DirFlag{False}nSpeed{300000}MoveStep{0}nCtlValue{2}
2023-07-08 15:50:27,413 [AppLog] INFO : X方向到位停止：DEM_StopAxisRun：返回值{True}CurrentPos{758}bImmeStop{False}nAxisMask{1}
2023-07-08 15:50:27,413 [AppLog] INFO : 准备读取编码器位置：Y方向！
2023-07-08 15:50:27,413 [AppLog] INFO : 准备运动，编码器当前位置：DEM_GetAxisEncodeVal：MoveDirectionFlag{false为Y方向：True}CurrentPos{317}AimPos{317}
2023-07-08 15:50:27,413 [AppLog] INFO : Y方向运动开始：DEM_Run：返回值{True}nAxis{1}DirFlag{False}nSpeed{300000}MoveStep{0}nCtlValue{1}
2023-07-08 15:50:27,476 [AppLog] INFO : Y方向到位停止：DEM_StopAxisRun：返回值{True}CurrentPos{317}bImmeStop{False}nAxisMask{2}
2023-07-08 15:50:27,678 [AppLog] INFO : 接收到暂停打印指令：PrintTaskTHREAD
2023-07-08 15:50:27,678 [AppLog] INFO : 进入：EquipmentMotionLogic3=》准备创建对象-手动操作！
2023-07-08 15:50:27,678 [AppLog] INFO : 进入：EquipmentMotionLogic3=》不需重新创建-手动操作！
2023-07-08 15:50:27,678 [AppLog] INFO : 进入：EquipmentMotionLogic3=》赋值完成自-AutoPrintMotion2！
2023-07-08 15:50:27,678 [AppLog] INFO : 进入：EquipmentMotionLogic3=》加载配置文件-LoadJsonFile成功！
2023-07-08 15:50:27,678 [AppLog] INFO : 进入：AutoPrintThread3！
2023-07-08 15:50:27,678 [AppLog] INFO : 准备读取编码器位置：X方向！
2023-07-08 15:50:27,678 [AppLog] INFO : 准备运动，当前位置：DEV_GetPrintEncoderValue：MoveDirectionFlag{false为Y方向：False}CurrentPos{758}AimPos{758}
2023-07-08 15:50:27,678 [AppLog] INFO : X方向运动开始：DEM_Run：返回值{True}nAxis{0}DirFlag{False}nSpeed{300000}MoveStep{0}nCtlValue{2}
2023-07-08 15:50:27,741 [AppLog] INFO : X方向到位停止：DEM_StopAxisRun：返回值{True}CurrentPos{758}bImmeStop{False}nAxisMask{1}
2023-07-08 15:50:27,741 [AppLog] INFO : 准备读取编码器位置：Y方向！
2023-07-08 15:50:27,741 [AppLog] INFO : 准备运动，编码器当前位置：DEM_GetAxisEncodeVal：MoveDirectionFlag{false为Y方向：True}CurrentPos{317}AimPos{317}
2023-07-08 15:50:27,741 [AppLog] INFO : Y方向运动开始：DEM_Run：返回值{True}nAxis{1}DirFlag{False}nSpeed{300000}MoveStep{0}nCtlValue{1}
2023-07-08 15:50:27,803 [AppLog] INFO : Y方向到位停止：DEM_StopAxisRun：返回值{True}CurrentPos{317}bImmeStop{False}nAxisMask{2}
2023-07-08 15:50:28,006 [AppLog] INFO : 接收到暂停打印指令：PrintTaskTHREAD
2023-07-08 15:50:28,006 [AppLog] INFO : 进入：EquipmentMotionLogic3=》准备创建对象-手动操作！
2023-07-08 15:50:28,006 [AppLog] INFO : 进入：EquipmentMotionLogic3=》不需重新创建-手动操作！
2023-07-08 15:50:28,006 [AppLog] INFO : 进入：EquipmentMotionLogic3=》赋值完成自-AutoPrintMotion2！
2023-07-08 15:50:28,006 [AppLog] INFO : 进入：EquipmentMotionLogic3=》加载配置文件-LoadJsonFile成功！
2023-07-08 15:50:28,006 [AppLog] INFO : 进入：AutoPrintThread3！
2023-07-08 15:50:28,006 [AppLog] INFO : 准备读取编码器位置：X方向！
2023-07-08 15:50:28,006 [AppLog] INFO : 准备运动，当前位置：DEV_GetPrintEncoderValue：MoveDirectionFlag{false为Y方向：False}CurrentPos{758}AimPos{758}
2023-07-08 15:50:28,006 [AppLog] INFO : X方向运动开始：DEM_Run：返回值{True}nAxis{0}DirFlag{False}nSpeed{300000}MoveStep{0}nCtlValue{2}
2023-07-08 15:50:28,068 [AppLog] INFO : X方向到位停止：DEM_StopAxisRun：返回值{True}CurrentPos{758}bImmeStop{False}nAxisMask{1}
2023-07-08 15:50:28,068 [AppLog] INFO : 准备读取编码器位置：Y方向！
2023-07-08 15:50:28,068 [AppLog] INFO : 准备运动，编码器当前位置：DEM_GetAxisEncodeVal：MoveDirectionFlag{false为Y方向：True}CurrentPos{317}AimPos{317}
2023-07-08 15:50:28,068 [AppLog] INFO : Y方向运动开始：DEM_Run：返回值{True}nAxis{1}DirFlag{False}nSpeed{300000}MoveStep{0}nCtlValue{1}
2023-07-08 15:50:28,131 [AppLog] INFO : Y方向到位停止：DEM_StopAxisRun：返回值{True}CurrentPos{317}bImmeStop{False}nAxisMask{2}
2023-07-08 15:50:28,334 [AppLog] INFO : 接收到暂停打印指令：PrintTaskTHREAD
2023-07-08 15:50:28,334 [AppLog] INFO : 进入：EquipmentMotionLogic3=》准备创建对象-手动操作！
2023-07-08 15:50:28,334 [AppLog] INFO : 进入：EquipmentMotionLogic3=》不需重新创建-手动操作！
2023-07-08 15:50:28,334 [AppLog] INFO : 进入：EquipmentMotionLogic3=》赋值完成自-AutoPrintMotion2！
2023-07-08 15:50:28,334 [AppLog] INFO : 进入：EquipmentMotionLogic3=》加载配置文件-LoadJsonFile成功！
2023-07-08 15:50:28,334 [AppLog] INFO : 进入：AutoPrintThread3！
2023-07-08 15:50:28,334 [AppLog] INFO : 准备读取编码器位置：X方向！
2023-07-08 15:50:28,334 [AppLog] INFO : 准备运动，当前位置：DEV_GetPrintEncoderValue：MoveDirectionFlag{false为Y方向：False}CurrentPos{758}AimPos{758}
2023-07-08 15:50:28,334 [AppLog] INFO : X方向运动开始：DEM_Run：返回值{True}nAxis{0}DirFlag{False}nSpeed{300000}MoveStep{0}nCtlValue{2}
2023-07-08 15:50:28,396 [AppLog] INFO : X方向到位停止：DEM_StopAxisRun：返回值{True}CurrentPos{758}bImmeStop{False}nAxisMask{1}
2023-07-08 15:50:28,396 [AppLog] INFO : 准备读取编码器位置：Y方向！
2023-07-08 15:50:28,412 [AppLog] INFO : 准备运动，编码器当前位置：DEM_GetAxisEncodeVal：MoveDirectionFlag{false为Y方向：True}CurrentPos{317}AimPos{317}
2023-07-08 15:50:28,412 [AppLog] INFO : Y方向运动开始：DEM_Run：返回值{True}nAxis{1}DirFlag{False}nSpeed{300000}MoveStep{0}nCtlValue{1}
2023-07-08 15:50:28,474 [AppLog] INFO : Y方向到位停止：DEM_StopAxisRun：返回值{True}CurrentPos{317}bImmeStop{False}nAxisMask{2}
2023-07-08 15:50:28,599 [AppLog] INFO : 发送继续打印指令：{KeepPrint}
2023-07-08 15:50:28,677 [AppLog] INFO : 接收到恢复打印指令：PrintTaskTHREAD
2023-07-08 15:50:28,677 [AppLog] INFO : 获取打印Pass数据：IDP_GetPassItem2：nLayerIndex{18}nPassID{0}nProcState{3}LPPassDataItemb:PrtDir{False}nDataTxCompleteCnt{1}nHwMemAdrMatchMask{1}nLayerIndex{18}nLayerPassCount{6}nLayerPassIndex{0}nMinJet0ImgLinePos{355}nPrtMemHwAddr{System.UInt32[]}nPrtDataOffset{System.UInt32[]}nSrcDataSize{System.UInt32[]}nPrtColBytes{System.UInt32[]}nPrtPrecession{10.666}nSrcEndCols{6000}nSrcStartCols{0}nStartEncPos{76511}nValidPassJets{1280}nValidPrtCols{6233}nValidPrtCtlCnts{1}pDataBuf{0}pNextItem{668506560}
2023-07-08 15:50:28,677 [AppLog] INFO : 使能Pass打印成功：IDP_DoPassPrint2：nLayerIndex{18}nPassID{0}
2023-07-08 15:50:28,677 [AppLog] INFO : PASS打印前关键状态：DEV_GetDeviceInfo：nLayerIndex{18}nPassID{0}LPPRINTER_INFO:nXSysEncDPI{5080}nStatus{909129520}nPrintStatus{0}bSuperDevice{1}
LPPRINTER_INFO-LPPrtRunInfo:bJobPrtRuning{True}bLayerPrtIsOver{False}nContReqMemErr{0}nContWDErr{0}nCurPrtDir{0}nDTLayerIndex{27}nDTLayerPassIndex{5}nDTPtrCtlIndex{0}nLayerPassCount{6}nPrintLayerIndex{18}nPrintPassIndex{0}nProcLayerIndex{27}nPrtDataMemAddr{0}nPrtState{0}nReverse{System.Int32[]}nRevPrtCols{0}
LPPRINTER_INFO-LPDRVINFO:nFMVersion{45074}nFpgaVersion{539038216}nPCBVersion{0}nState{0}nNextState{0}nPtvwarnState{0}nCrc32{0}nRevInfo{System.UInt32[]}nSignature{0}
2023-07-08 15:50:28,677 [AppLog] INFO : 创建：AutoPrintMotion1=》不需重新创建-手动操作！
2023-07-08 15:50:28,677 [AppLog] INFO : 进入：EquipmentMotionLogic3=》准备创建对象-手动操作！
2023-07-08 15:50:28,677 [AppLog] INFO : 进入：EquipmentMotionLogic3=》不需重新创建-手动操作！
2023-07-08 15:50:28,677 [AppLog] INFO : 进入：EquipmentMotionLogic3=》赋值完成自-AutoPrintMotion2！
2023-07-08 15:50:28,677 [AppLog] INFO : 进入：EquipmentMotionLogic3=》加载配置文件-LoadJsonFile成功！
2023-07-08 15:50:28,677 [AppLog] INFO : 进入自动清洗过程：AutoCleanThread
2023-07-08 15:50:29,051 [AppLog] INFO : 刮墨轴回零成功：motionMap.SetBackSpreaderAxis(4, 1, 2, -SinkHomePosition)
2023-07-08 15:50:29,051 [AppLog] INFO : 准备读取编码器位置：Y方向！
2023-07-08 15:50:29,082 [AppLog] INFO : 准备运动，编码器当前位置：DEM_GetAxisEncodeVal：MoveDirectionFlag{false为Y方向：True}CurrentPos{317}AimPos{116}
2023-07-08 15:50:29,816 [AppLog] INFO : Y方向运动开始：DEM_Run：返回值{True}nAxis{1}DirFlag{False}nSpeed{300000}MoveStep{-201380.091}nCtlValue{1}
2023-07-08 15:50:29,878 [AppLog] INFO : Y方向到位停止：DEM_StopAxisRun：返回值{True}CurrentPos{118.835}bImmeStop{False}nAxisMask{2}
2023-07-08 15:50:29,878 [AppLog] INFO : 准备读取编码器位置：X方向！
2023-07-08 15:50:29,878 [AppLog] INFO : 准备运动，当前位置：DEV_GetPrintEncoderValue：MoveDirectionFlag{false为Y方向：False}CurrentPos{758.005}AimPos{780}
2023-07-08 15:50:29,925 [AppLog] INFO : X方向运动开始：DEM_Run：返回值{True}nAxis{0}DirFlag{True}nSpeed{300000}MoveStep{21995}nCtlValue{2}
2023-07-08 15:50:30,362 [AppLog] INFO : X方向到位停止：DEM_StopAxisRun：返回值{True}CurrentPos{778.565}bImmeStop{False}nAxisMask{1}
2023-07-08 15:50:31,578 [AppLog] INFO : 开启手动清洗挤墨喷头，DEV_EnableTimer: 端口{11}，清洗控制周期：{0.5}S,{0.5}S
2023-07-08 15:50:32,592 [AppLog] INFO : 关闭手动清洗挤墨喷头：DEV_EnableTimer
2023-07-08 15:50:32,592 [AppLog] INFO : 压墨等待开启：{1.5S}
2023-07-08 15:50:34,106 [AppLog] INFO : 压墨等待完成：{1.5S}
2023-07-08 15:50:34,106 [AppLog] INFO : 准备读取编码器位置：X方向！
2023-07-08 15:50:34,121 [AppLog] INFO : 准备运动，当前位置：DEV_GetPrintEncoderValue：MoveDirectionFlag{false为Y方向：False}CurrentPos{779.96}AimPos{680}
2023-07-08 15:50:34,152 [AppLog] INFO : X方向运动开始：DEM_Run：返回值{True}nAxis{0}DirFlag{False}nSpeed{200000}MoveStep{-99960}nCtlValue{2}
2023-07-08 15:50:35,010 [AppLog] INFO : X方向到位停止：DEM_StopAxisRun：返回值{True}CurrentPos{684.165}bImmeStop{False}nAxisMask{1}
2023-07-08 15:50:35,588 [AppLog] INFO : 结束自动清洗过程：AutoCleanThread
2023-07-08 15:50:35,588 [AppLog] INFO : 进入：EquipmentMotionLogic3=》准备创建对象-手动操作！
2023-07-08 15:50:35,588 [AppLog] INFO : 进入：EquipmentMotionLogic3=》不需重新创建-手动操作！
2023-07-08 15:50:35,588 [AppLog] INFO : 进入：EquipmentMotionLogic3=》赋值完成自-AutoPrintMotion2！
2023-07-08 15:50:35,588 [AppLog] INFO : 进入：EquipmentMotionLogic3=》加载配置文件-LoadJsonFile成功！
2023-07-08 15:50:35,588 [AppLog] INFO : 进入：AutoPrintThread3！
2023-07-08 15:50:35,588 [AppLog] INFO : 关闭闪喷操作：IDP_FlashPrtCtl：返回值{True}
2023-07-08 15:50:35,588 [AppLog] INFO : 准备读取编码器位置：Y方向！
2023-07-08 15:50:35,588 [AppLog] INFO : 准备运动，编码器当前位置：DEM_GetAxisEncodeVal：MoveDirectionFlag{false为Y方向：True}CurrentPos{116.02}AimPos{93.5}
2023-07-08 15:50:35,759 [AppLog] INFO : Y方向运动开始：DEM_Run：返回值{True}nAxis{1}DirFlag{False}nSpeed{300000}MoveStep{-22562.58532}nCtlValue{1}
2023-07-08 15:50:35,822 [AppLog] INFO : 准备读取编码器位置：X方向！
2023-07-08 15:50:35,822 [AppLog] INFO : 准备运动，当前位置：DEV_GetPrintEncoderValue：MoveDirectionFlag{false为Y方向：False}CurrentPos{680.555}AimPos{425}
2023-07-08 15:50:35,853 [AppLog] INFO : X方向运动开始：DEM_Run：返回值{True}nAxis{0}DirFlag{False}nSpeed{300000}MoveStep{-255555}nCtlValue{2}
2023-07-08 15:50:37,241 [AppLog] INFO : X方向到位停止：DEM_StopAxisRun：返回值{True}CurrentPos{430.105}bImmeStop{False}nAxisMask{1}
2023-07-08 15:50:37,241 [AppLog] INFO : 准备读取编码器位置：X方向！
2023-07-08 15:50:37,241 [AppLog] INFO : 准备运动，当前位置：DEV_GetPrintEncoderValue：MoveDirectionFlag{false为Y方向：False}CurrentPos{429.995}AimPos{25}
2023-07-08 15:50:37,272 [AppLog] INFO : X方向运动开始：DEM_Run：返回值{True}nAxis{0}DirFlag{False}nSpeed{300000}MoveStep{-404995}nCtlValue{2}
2023-07-08 15:50:39,160 [AppLog] INFO : X方向到位停止：DEM_StopAxisRun：返回值{True}CurrentPos{24.76}bImmeStop{False}nAxisMask{1}
2023-07-08 15:50:39,160 [AppLog] INFO : 准备读取编码器位置：Y方向！
2023-07-08 15:50:39,176 [AppLog] INFO : 准备运动，编码器当前位置：DEM_GetAxisEncodeVal：MoveDirectionFlag{false为Y方向：True}CurrentPos{93.495}AimPos{98.5211666666667}
2023-07-08 15:50:39,300 [AppLog] INFO : Y方向运动开始：DEM_Run：返回值{True}nAxis{1}DirFlag{True}nSpeed{300000}MoveStep{5035.67114783333}nCtlValue{1}
2023-07-08 15:50:39,363 [AppLog] INFO : Y方向到位停止：DEM_StopAxisRun：返回值{True}CurrentPos{97.82}bImmeStop{False}nAxisMask{2}
2023-07-08 15:50:39,363 [AppLog] INFO : 获取打印Pass数据：IDP_GetPassItem2：nLayerIndex{18}nPassID{1}nProcState{3}LPPassDataItemb:PrtDir{True}nDataTxCompleteCnt{1}nHwMemAdrMatchMask{1}nLayerIndex{18}nLayerPassCount{6}nLayerPassIndex{1}nMinJet0ImgLinePos{1635}nPrtMemHwAddr{System.UInt32[]}nPrtDataOffset{System.UInt32[]}nSrcDataSize{System.UInt32[]}nPrtColBytes{System.UInt32[]}nPrtPrecession{10.666}nSrcEndCols{6000}nSrcStartCols{0}nStartEncPos{10000}nValidPassJets{1280}nValidPrtCols{6233}nValidPrtCtlCnts{1}pDataBuf{0}pNextItem{668506400}
2023-07-08 15:50:39,378 [AppLog] INFO : 使能Pass打印成功：IDP_DoPassPrint2：nLayerIndex{18}nPassID{1}
2023-07-08 15:50:39,378 [AppLog] INFO : PASS打印前关键状态：DEV_GetDeviceInfo：nLayerIndex{18}nPassID{1}LPPRINTER_INFO:nXSysEncDPI{5080}nStatus{909129520}nPrintStatus{0}bSuperDevice{1}
LPPRINTER_INFO-LPPrtRunInfo:bJobPrtRuning{True}bLayerPrtIsOver{False}nContReqMemErr{0}nContWDErr{0}nCurPrtDir{0}nDTLayerIndex{27}nDTLayerPassIndex{5}nDTPtrCtlIndex{0}nLayerPassCount{6}nPrintLayerIndex{18}nPrintPassIndex{1}nProcLayerIndex{27}nPrtDataMemAddr{0}nPrtState{0}nReverse{System.Int32[]}nRevPrtCols{0}
LPPRINTER_INFO-LPDRVINFO:nFMVersion{45074}nFpgaVersion{539038216}nPCBVersion{0}nState{0}nNextState{0}nPtvwarnState{0}nCrc32{0}nRevInfo{System.UInt32[]}nSignature{0}
2023-07-08 15:50:39,378 [AppLog] INFO : 创建：AutoPrintMotion1=》不需重新创建-手动操作！
2023-07-08 15:50:39,378 [AppLog] INFO : 进入：EquipmentMotionLogic3=》准备创建对象-手动操作！
2023-07-08 15:50:39,378 [AppLog] INFO : 进入：EquipmentMotionLogic3=》不需重新创建-手动操作！
2023-07-08 15:50:39,378 [AppLog] INFO : 进入：EquipmentMotionLogic3=》赋值完成自-AutoPrintMotion2！
2023-07-08 15:50:39,378 [AppLog] INFO : 进入：EquipmentMotionLogic3=》加载配置文件-LoadJsonFile成功！
2023-07-08 15:50:39,378 [AppLog] INFO : 进入：AutoPrintThread3！
2023-07-08 15:50:39,378 [AppLog] INFO : 准备读取编码器位置：X方向！
2023-07-08 15:50:39,378 [AppLog] INFO : 准备运动，当前位置：DEV_GetPrintEncoderValue：MoveDirectionFlag{false为Y方向：False}CurrentPos{21.205}AimPos{425}
2023-07-08 15:50:39,410 [AppLog] INFO : X方向运动开始：DEM_Run：返回值{True}nAxis{0}DirFlag{True}nSpeed{300000}MoveStep{403795}nCtlValue{2}
2023-07-08 15:50:41,297 [AppLog] INFO : X方向到位停止：DEM_StopAxisRun：返回值{True}CurrentPos{419.215}bImmeStop{False}nAxisMask{1}
2023-07-08 15:50:41,297 [AppLog] INFO : 准备读取编码器位置：Y方向！
2023-07-08 15:50:41,297 [AppLog] INFO : 准备运动，编码器当前位置：DEM_GetAxisEncodeVal：MoveDirectionFlag{false为Y方向：True}CurrentPos{98.5}AimPos{147.5}
2023-07-08 15:50:41,531 [AppLog] INFO : Y方向运动开始：DEM_Run：返回值{True}nAxis{1}DirFlag{True}nSpeed{300000}MoveStep{49092.659}nCtlValue{1}
2023-07-08 15:50:41,594 [AppLog] INFO : Y方向到位停止：DEM_StopAxisRun：返回值{True}CurrentPos{144.04}bImmeStop{False}nAxisMask{2}
2023-07-08 15:50:41,594 [AppLog] INFO : 获取打印Pass数据：IDP_GetPassItem2：nLayerIndex{18}nPassID{2}nProcState{3}LPPassDataItemb:PrtDir{False}nDataTxCompleteCnt{1}nHwMemAdrMatchMask{1}nLayerIndex{18}nLayerPassCount{6}nLayerPassIndex{2}nMinJet0ImgLinePos{2915}nPrtMemHwAddr{System.UInt32[]}nPrtDataOffset{System.UInt32[]}nSrcDataSize{System.UInt32[]}nPrtColBytes{System.UInt32[]}nPrtPrecession{10.666}nSrcEndCols{6000}nSrcStartCols{0}nStartEncPos{76511}nValidPassJets{1280}nValidPrtCols{6233}nValidPrtCtlCnts{1}pDataBuf{0}pNextItem{668506240}
2023-07-08 15:50:41,594 [AppLog] INFO : 使能Pass打印成功：IDP_DoPassPrint2：nLayerIndex{18}nPassID{2}
2023-07-08 15:50:41,609 [AppLog] INFO : PASS打印前关键状态：DEV_GetDeviceInfo：nLayerIndex{18}nPassID{2}LPPRINTER_INFO:nXSysEncDPI{5080}nStatus{909129520}nPrintStatus{0}bSuperDevice{1}
LPPRINTER_INFO-LPPrtRunInfo:bJobPrtRuning{True}bLayerPrtIsOver{False}nContReqMemErr{0}nContWDErr{0}nCurPrtDir{0}nDTLayerIndex{27}nDTLayerPassIndex{5}nDTPtrCtlIndex{0}nLayerPassCount{6}nPrintLayerIndex{18}nPrintPassIndex{2}nProcLayerIndex{27}nPrtDataMemAddr{0}nPrtState{0}nReverse{System.Int32[]}nRevPrtCols{0}
LPPRINTER_INFO-LPDRVINFO:nFMVersion{45074}nFpgaVersion{539038216}nPCBVersion{0}nState{0}nNextState{0}nPtvwarnState{0}nCrc32{0}nRevInfo{System.UInt32[]}nSignature{0}
2023-07-08 15:50:41,609 [AppLog] INFO : 创建：AutoPrintMotion1=》不需重新创建-手动操作！
2023-07-08 15:50:41,609 [AppLog] INFO : 进入：EquipmentMotionLogic3=》准备创建对象-手动操作！
2023-07-08 15:50:41,609 [AppLog] INFO : 进入：EquipmentMotionLogic3=》不需重新创建-手动操作！
2023-07-08 15:50:41,609 [AppLog] INFO : 进入：EquipmentMotionLogic3=》赋值完成自-AutoPrintMotion2！
2023-07-08 15:50:41,609 [AppLog] INFO : 进入：EquipmentMotionLogic3=》加载配置文件-LoadJsonFile成功！
2023-07-08 15:50:41,609 [AppLog] INFO : 进入：AutoPrintThread3！
2023-07-08 15:50:41,609 [AppLog] INFO : 准备读取编码器位置：X方向！
2023-07-08 15:50:41,609 [AppLog] INFO : 准备运动，当前位置：DEV_GetPrintEncoderValue：MoveDirectionFlag{false为Y方向：False}CurrentPos{423.26}AimPos{25}
2023-07-08 15:50:41,640 [AppLog] INFO : X方向运动开始：DEM_Run：返回值{True}nAxis{0}DirFlag{False}nSpeed{300000}MoveStep{-398260}nCtlValue{2}
2023-07-08 15:50:43,512 [AppLog] INFO : X方向到位停止：DEM_StopAxisRun：返回值{True}CurrentPos{30.545}bImmeStop{False}nAxisMask{1}
2023-07-08 15:50:43,512 [AppLog] INFO : 准备读取编码器位置：Y方向！
2023-07-08 15:50:43,512 [AppLog] INFO : 准备运动，编码器当前位置：DEM_GetAxisEncodeVal：MoveDirectionFlag{false为Y方向：True}CurrentPos{147.465}AimPos{152.521166666667}
2023-07-08 15:50:43,637 [AppLog] INFO : Y方向运动开始：DEM_Run：返回值{True}nAxis{1}DirFlag{True}nSpeed{300000}MoveStep{5065.72787783332}nCtlValue{1}
2023-07-08 15:50:43,700 [AppLog] INFO : Y方向到位停止：DEM_StopAxisRun：返回值{True}CurrentPos{151.88}bImmeStop{False}nAxisMask{2}
2023-07-08 15:50:43,700 [AppLog] INFO : 获取打印Pass数据：IDP_GetPassItem2：nLayerIndex{18}nPassID{3}nProcState{3}LPPassDataItemb:PrtDir{True}nDataTxCompleteCnt{1}nHwMemAdrMatchMask{1}nLayerIndex{18}nLayerPassCount{6}nLayerPassIndex{3}nMinJet0ImgLinePos{4195}nPrtMemHwAddr{System.UInt32[]}nPrtDataOffset{System.UInt32[]}nSrcDataSize{System.UInt32[]}nPrtColBytes{System.UInt32[]}nPrtPrecession{10.666}nSrcEndCols{6000}nSrcStartCols{0}nStartEncPos{10000}nValidPassJets{1280}nValidPrtCols{6233}nValidPrtCtlCnts{1}pDataBuf{0}pNextItem{668506080}
2023-07-08 15:50:43,700 [AppLog] INFO : 使能Pass打印成功：IDP_DoPassPrint2：nLayerIndex{18}nPassID{3}
2023-07-08 15:50:43,715 [AppLog] INFO : PASS打印前关键状态：DEV_GetDeviceInfo：nLayerIndex{18}nPassID{3}LPPRINTER_INFO:nXSysEncDPI{5080}nStatus{909129520}nPrintStatus{0}bSuperDevice{1}
LPPRINTER_INFO-LPPrtRunInfo:bJobPrtRuning{True}bLayerPrtIsOver{False}nContReqMemErr{0}nContWDErr{0}nCurPrtDir{0}nDTLayerIndex{27}nDTLayerPassIndex{5}nDTPtrCtlIndex{0}nLayerPassCount{6}nPrintLayerIndex{18}nPrintPassIndex{3}nProcLayerIndex{27}nPrtDataMemAddr{0}nPrtState{0}nReverse{System.Int32[]}nRevPrtCols{0}
LPPRINTER_INFO-LPDRVINFO:nFMVersion{45074}nFpgaVersion{539038216}nPCBVersion{0}nState{0}nNextState{0}nPtvwarnState{0}nCrc32{0}nRevInfo{System.UInt32[]}nSignature{0}
2023-07-08 15:50:43,715 [AppLog] INFO : 创建：AutoPrintMotion1=》不需重新创建-手动操作！
2023-07-08 15:50:43,715 [AppLog] INFO : 进入：EquipmentMotionLogic3=》准备创建对象-手动操作！
2023-07-08 15:50:43,715 [AppLog] INFO : 进入：EquipmentMotionLogic3=》不需重新创建-手动操作！
2023-07-08 15:50:43,715 [AppLog] INFO : 进入：EquipmentMotionLogic3=》赋值完成自-AutoPrintMotion2！
2023-07-08 15:50:43,715 [AppLog] INFO : 进入：EquipmentMotionLogic3=》加载配置文件-LoadJsonFile成功！
2023-07-08 15:50:43,715 [AppLog] INFO : 进入：AutoPrintThread3！
2023-07-08 15:50:43,715 [AppLog] INFO : 准备读取编码器位置：X方向！
2023-07-08 15:50:43,731 [AppLog] INFO : 准备运动，当前位置：DEV_GetPrintEncoderValue：MoveDirectionFlag{false为Y方向：False}CurrentPos{26.695}AimPos{425}
2023-07-08 15:50:43,762 [AppLog] INFO : X方向运动开始：DEM_Run：返回值{True}nAxis{0}DirFlag{True}nSpeed{300000}MoveStep{398305}nCtlValue{2}
2023-07-08 15:50:45,650 [AppLog] INFO : X方向到位停止：DEM_StopAxisRun：返回值{True}CurrentPos{420.455}bImmeStop{False}nAxisMask{1}
2023-07-08 15:50:45,650 [AppLog] INFO : 准备读取编码器位置：Y方向！
2023-07-08 15:50:45,665 [AppLog] INFO : 准备运动，编码器当前位置：DEM_GetAxisEncodeVal：MoveDirectionFlag{false为Y方向：True}CurrentPos{152.53}AimPos{201.5}
2023-07-08 15:50:45,899 [AppLog] INFO : Y方向运动开始：DEM_Run：返回值{True}nAxis{1}DirFlag{True}nSpeed{300000}MoveStep{49062.60227}nCtlValue{1}
2023-07-08 15:50:45,962 [AppLog] INFO : Y方向到位停止：DEM_StopAxisRun：返回值{True}CurrentPos{198.23}bImmeStop{False}nAxisMask{2}
2023-07-08 15:50:45,962 [AppLog] INFO : 获取打印Pass数据：IDP_GetPassItem2：nLayerIndex{18}nPassID{4}nProcState{3}LPPassDataItemb:PrtDir{False}nDataTxCompleteCnt{1}nHwMemAdrMatchMask{1}nLayerIndex{18}nLayerPassCount{6}nLayerPassIndex{4}nMinJet0ImgLinePos{5475}nPrtMemHwAddr{System.UInt32[]}nPrtDataOffset{System.UInt32[]}nSrcDataSize{System.UInt32[]}nPrtColBytes{System.UInt32[]}nPrtPrecession{10.666}nSrcEndCols{6000}nSrcStartCols{0}nStartEncPos{76511}nValidPassJets{1280}nValidPrtCols{6233}nValidPrtCtlCnts{1}pDataBuf{0}pNextItem{668505920}
2023-07-08 15:50:45,962 [AppLog] INFO : 使能Pass打印成功：IDP_DoPassPrint2：nLayerIndex{18}nPassID{4}
2023-07-08 15:50:45,977 [AppLog] INFO : PASS打印前关键状态：DEV_GetDeviceInfo：nLayerIndex{18}nPassID{4}LPPRINTER_INFO:nXSysEncDPI{5080}nStatus{909129520}nPrintStatus{0}bSuperDevice{1}
LPPRINTER_INFO-LPPrtRunInfo:bJobPrtRuning{True}bLayerPrtIsOver{False}nContReqMemErr{0}nContWDErr{0}nCurPrtDir{0}nDTLayerIndex{27}nDTLayerPassIndex{5}nDTPtrCtlIndex{0}nLayerPassCount{6}nPrintLayerIndex{18}nPrintPassIndex{4}nProcLayerIndex{27}nPrtDataMemAddr{0}nPrtState{0}nReverse{System.Int32[]}nRevPrtCols{0}
LPPRINTER_INFO-LPDRVINFO:nFMVersion{45074}nFpgaVersion{539038216}nPCBVersion{0}nState{0}nNextState{0}nPtvwarnState{0}nCrc32{0}nRevInfo{System.UInt32[]}nSignature{0}
2023-07-08 15:50:45,977 [AppLog] INFO : 创建：AutoPrintMotion1=》不需重新创建-手动操作！
2023-07-08 15:50:45,977 [AppLog] INFO : 进入：EquipmentMotionLogic3=》准备创建对象-手动操作！
2023-07-08 15:50:45,977 [AppLog] INFO : 进入：EquipmentMotionLogic3=》不需重新创建-手动操作！
2023-07-08 15:50:45,977 [AppLog] INFO : 进入：EquipmentMotionLogic3=》赋值完成自-AutoPrintMotion2！
2023-07-08 15:50:45,977 [AppLog] INFO : 进入：EquipmentMotionLogic3=》加载配置文件-LoadJsonFile成功！
2023-07-08 15:50:45,977 [AppLog] INFO : 进入：AutoPrintThread3！
2023-07-08 15:50:45,977 [AppLog] INFO : 准备读取编码器位置：X方向！
2023-07-08 15:50:45,977 [AppLog] INFO : 准备运动，当前位置：DEV_GetPrintEncoderValue：MoveDirectionFlag{false为Y方向：False}CurrentPos{423.315}AimPos{25}
2023-07-08 15:50:46,008 [AppLog] INFO : X方向运动开始：DEM_Run：返回值{True}nAxis{0}DirFlag{False}nSpeed{300000}MoveStep{-398315}nCtlValue{2}
2023-07-08 15:50:47,880 [AppLog] INFO : X方向到位停止：DEM_StopAxisRun：返回值{True}CurrentPos{30.915}bImmeStop{False}nAxisMask{1}
2023-07-08 15:50:47,880 [AppLog] INFO : 准备读取编码器位置：Y方向！
2023-07-08 15:50:47,912 [AppLog] INFO : 准备运动，编码器当前位置：DEM_GetAxisEncodeVal：MoveDirectionFlag{false为Y方向：True}CurrentPos{201.54}AimPos{206.521166666667}
2023-07-08 15:50:48,036 [AppLog] INFO : Y方向运动开始：DEM_Run：返回值{True}nAxis{1}DirFlag{True}nSpeed{300000}MoveStep{4990.58605283333}nCtlValue{1}
2023-07-08 15:50:48,099 [AppLog] INFO : Y方向到位停止：DEM_StopAxisRun：返回值{True}CurrentPos{205.93}bImmeStop{False}nAxisMask{2}
2023-07-08 15:50:48,099 [AppLog] INFO : 获取打印Pass数据：IDP_GetPassItem2：nLayerIndex{18}nPassID{5}nProcState{3}LPPassDataItemb:PrtDir{True}nDataTxCompleteCnt{1}nHwMemAdrMatchMask{1}nLayerIndex{18}nLayerPassCount{6}nLayerPassIndex{5}nMinJet0ImgLinePos{6755}nPrtMemHwAddr{System.UInt32[]}nPrtDataOffset{System.UInt32[]}nSrcDataSize{System.UInt32[]}nPrtColBytes{System.UInt32[]}nPrtPrecession{10.666}nSrcEndCols{6000}nSrcStartCols{0}nStartEncPos{10000}nValidPassJets{1280}nValidPrtCols{6233}nValidPrtCtlCnts{1}pDataBuf{0}pNextItem{0}
2023-07-08 15:50:48,099 [AppLog] INFO : 使能Pass打印成功：IDP_DoPassPrint2：nLayerIndex{18}nPassID{5}
2023-07-08 15:50:48,114 [AppLog] INFO : PASS打印前关键状态：DEV_GetDeviceInfo：nLayerIndex{18}nPassID{5}LPPRINTER_INFO:nXSysEncDPI{5080}nStatus{909129520}nPrintStatus{0}bSuperDevice{1}
LPPRINTER_INFO-LPPrtRunInfo:bJobPrtRuning{True}bLayerPrtIsOver{False}nContReqMemErr{0}nContWDErr{0}nCurPrtDir{0}nDTLayerIndex{27}nDTLayerPassIndex{5}nDTPtrCtlIndex{0}nLayerPassCount{6}nPrintLayerIndex{18}nPrintPassIndex{5}nProcLayerIndex{27}nPrtDataMemAddr{0}nPrtState{0}nReverse{System.Int32[]}nRevPrtCols{0}
LPPRINTER_INFO-LPDRVINFO:nFMVersion{45074}nFpgaVersion{539038216}nPCBVersion{0}nState{0}nNextState{0}nPtvwarnState{0}nCrc32{0}nRevInfo{System.UInt32[]}nSignature{0}
2023-07-08 15:50:48,114 [AppLog] INFO : 创建：AutoPrintMotion1=》不需重新创建-手动操作！
2023-07-08 15:50:48,114 [AppLog] INFO : 进入：EquipmentMotionLogic3=》准备创建对象-手动操作！
2023-07-08 15:50:48,114 [AppLog] INFO : 进入：EquipmentMotionLogic3=》不需重新创建-手动操作！
2023-07-08 15:50:48,114 [AppLog] INFO : 进入：EquipmentMotionLogic3=》赋值完成自-AutoPrintMotion2！
2023-07-08 15:50:48,114 [AppLog] INFO : 进入：EquipmentMotionLogic3=》加载配置文件-LoadJsonFile成功！
2023-07-08 15:50:48,114 [AppLog] INFO : 进入：AutoPrintThread3！
2023-07-08 15:50:48,114 [AppLog] INFO : 准备读取编码器位置：X方向！
2023-07-08 15:50:48,114 [AppLog] INFO : 准备运动，当前位置：DEV_GetPrintEncoderValue：MoveDirectionFlag{false为Y方向：False}CurrentPos{26.615}AimPos{425}
2023-07-08 15:50:48,146 [AppLog] INFO : X方向运动开始：DEM_Run：返回值{True}nAxis{0}DirFlag{True}nSpeed{300000}MoveStep{398385}nCtlValue{2}
2023-07-08 15:50:50,018 [AppLog] INFO : X方向到位停止：DEM_StopAxisRun：返回值{True}CurrentPos{419.05}bImmeStop{False}nAxisMask{1}
2023-07-08 15:50:50,018 [AppLog] INFO : 准备读取编码器位置：X方向！
2023-07-08 15:50:50,018 [AppLog] INFO : 准备运动，当前位置：DEV_GetPrintEncoderValue：MoveDirectionFlag{false为Y方向：False}CurrentPos{419.15}AimPos{780}
2023-07-08 15:50:50,049 [AppLog] INFO : X方向运动开始：DEM_Run：返回值{True}nAxis{0}DirFlag{True}nSpeed{300000}MoveStep{360850}nCtlValue{2}
2023-07-08 15:50:50,111 [AppLog] INFO : 准备读取编码器位置：Y方向！
2023-07-08 15:50:50,111 [AppLog] INFO : 准备运动，编码器当前位置：DEM_GetAxisEncodeVal：MoveDirectionFlag{false为Y方向：True}CurrentPos{206.495}AimPos{121}
2023-07-08 15:50:50,454 [AppLog] INFO : Y方向运动开始：DEM_Run：返回值{True}nAxis{1}DirFlag{False}nSpeed{300000}MoveStep{-85656.671045}nCtlValue{1}
2023-07-08 15:50:51,796 [AppLog] INFO : Y方向到位等停：DEM_StopAxisRun：返回值{True}bImmeStop{False}nAxisMask{1}
2023-07-08 15:50:51,796 [AppLog] INFO : X方向到位等停：DEM_StopAxisRun：返回值{True}bImmeStop{False}nAxisMask{2}
2023-07-08 15:50:51,827 [AppLog] INFO : 开启闪喷操作：IDP_FlashPrtCtl：返回值{True}
2023-07-08 15:50:51,827 [AppLog] INFO : 进入：EquipmentMotionLogic3=》准备创建对象-手动操作！
2023-07-08 15:50:51,827 [AppLog] INFO : 进入：EquipmentMotionLogic3=》不需重新创建-手动操作！
2023-07-08 15:50:51,827 [AppLog] INFO : 进入：EquipmentMotionLogic3=》赋值完成自-AutoPrintMotion2！
2023-07-08 15:50:51,843 [AppLog] INFO : 进入：EquipmentMotionLogic3=》加载配置文件-LoadJsonFile成功！
2023-07-08 15:50:51,843 [AppLog] INFO : 进入自动铺粉逻辑：NewAutoSupplyPowderThread2
2023-07-08 15:50:51,843 [AppLog] INFO : 电气控制模块：手动打开端口14
2023-07-08 15:50:51,843 [AppLog] INFO : 电气控制模块：手动打开端口15
2023-07-08 15:50:51,905 [AppLog] INFO : 手动正向点动指令（8轴运控板卡系统） ====》：输出AXIS{第1轴},点动量{-0.1MM},运动速度{2MM/s}
2023-07-08 15:50:51,905 [AppLog] INFO : 成形面高度下降层厚 TrapSpace{0.1mm}：TrapMoveUp(1, true, Convert.ToString(vel), Convert.ToString(TrapSpace), true, true）
2023-07-08 15:50:52,685 [AppLog] INFO : 手动正向点动指令（8轴运控板卡系统） ====》：输出AXIS{第1轴},点动量{-1.5MM},运动速度{2MM/s}
2023-07-08 15:50:52,685 [AppLog] INFO : 成形面高度下降指定厚度 TrapSpace{1.5mm}：TrapMoveUp(1, true, Convert.ToString(vel), Convert.ToString(TrapSpace), true, true）
2023-07-08 15:50:53,465 [AppLog] INFO : 手动正向点动指令（8轴运控板卡系统） ====》：输出AXIS{第1轴},点动量{1.5MM},运动速度{2MM/s}
2023-07-08 15:50:53,465 [AppLog] INFO : 电气控制模块：手动关闭端口15
2023-07-08 15:50:53,465 [AppLog] INFO : 电气控制模块：手动关闭端口14
2023-07-08 15:50:53,465 [AppLog] INFO : 成形面高度上升层厚 TrapSpace{1.5mm}：TrapMoveUp(1, true, Convert.ToString(vel), Convert.ToString(TrapSpace), true, true）
2023-07-08 15:50:53,715 [AppLog] INFO : 手动正向点动指令（8轴运控板卡系统） ====》：输出AXIS{第8轴},点动量{0.6MM},运动速度{2.5MM/s}
2023-07-08 15:50:53,715 [AppLog] INFO : Hopper落粉轴转2圈落粉，速度0.5rev/s：TrapMoveUp(8, true, 0.5, rotateNuM.ToString(), true, false)
2023-07-08 15:50:54,729 [AppLog] INFO : 开启铺粉车不等停运动，准备运动至准备打印位置215mm，速度250mm/s：BackToStation2
2023-07-08 15:50:55,587 [AppLog] INFO : 手动正向点动指令（8轴运控板卡系统） ====》：输出AXIS{第2轴},点动量{216.5MM},运动速度{250MM/s}
2023-07-08 15:50:55,587 [AppLog] INFO : 当前铺粉车位置：打印位置215mm
2023-07-08 15:50:55,587 [AppLog] INFO : 手动正向点动指令（8轴运控板卡系统） ====》：输出AXIS{第2轴},点动量{480MM},运动速度{25MM/s}
2023-07-08 15:50:55,587 [AppLog] INFO : 开启铺粉车不等停运动至准备打印位置695mm，速度25mm/s：BackToStation2
2023-07-08 15:50:55,712 [AppLog] INFO : 打开IR灯：OpenIRLamp(true)
2023-07-08 15:50:55,852 [AppLog] INFO : 手动正向点动指令（8轴运控板卡系统） ====》：输出AXIS{第3轴},点动量{0.125MM},运动速度{1MM/s}
2023-07-08 15:50:55,852 [AppLog] INFO : 在{40mm}处，落粉轴运动{45度}，落粉轴转速{1rev/s}：TrapMoveUp(3, true, Convert.ToString(DispenseRollerSpeed), 0.5, true, true)
2023-07-08 15:50:55,852 [AppLog] INFO : 手动正向点动指令（8轴运控板卡系统） ====》：输出AXIS{第3轴},点动量{0.5MM},运动速度{0.0376712328767123MM/s}
2023-07-08 15:50:55,852 [AppLog] INFO : 开启均匀落粉及辊子铺平运动：TrapMoveUp(3, true, Convert.ToString(DispenseRollerSpeed), 0.5, true, true)
2023-07-08 15:51:07,505 [AppLog] INFO : 关闭IR灯：OpenIRLamp(false)
2023-07-08 15:51:12,060 [AppLog] INFO : 手动正向点动指令（8轴运控板卡系统） ====》：输出AXIS{第3轴},点动量{0.5MM},运动速度{2MM/s}
2023-07-08 15:51:12,060 [AppLog] INFO : 落粉轴继续转动以倒掉余粉：TrapMoveUp(3, true, 2, 0.5, true, false)
2023-07-08 15:51:14,790 [AppLog] INFO : 电气控制模块：手动打开端口14
2023-07-08 15:51:14,790 [AppLog] INFO : 电气控制模块：手动打开端口15
2023-07-08 15:51:15,570 [AppLog] INFO : 手动正向点动指令（8轴运控板卡系统） ====》：输出AXIS{第1轴},点动量{-1.5MM},运动速度{2MM/s}
2023-07-08 15:51:15,570 [AppLog] INFO : 电气控制模块：手动关闭端口15
2023-07-08 15:51:15,570 [AppLog] INFO : 电气控制模块：手动关闭端口14
2023-07-08 15:51:15,570 [AppLog] INFO : 成形面高度下降指定厚度 TrapSpace{1.5mm}：TrapMoveUp(1, true, Convert.ToString(vel), Convert.ToString(TrapSpace), true, true）
2023-07-08 15:51:18,363 [AppLog] INFO : 手动正向点动指令（8轴运控板卡系统） ====》：输出AXIS{第2轴},点动量{-696.5MM},运动速度{250MM/s}
2023-07-08 15:51:18,363 [AppLog] INFO : 铺粉车返回至站1：BackToStation2(AimPos, MovSpeed, true)：-1.5mm，速度250mm/s：BackToStation2
2023-07-08 15:51:19,143 [AppLog] INFO : 落粉轴回零成功：motionMap.SetBackSpreaderAxis(3, 0.5, 2, -SinkPosition)：ReturnCode{True}
2023-07-08 15:51:19,143 [AppLog] INFO : 电气控制模块：手动打开端口14
2023-07-08 15:51:19,143 [AppLog] INFO : 电气控制模块：手动打开端口15
2023-07-08 15:51:19,907 [AppLog] INFO : 手动正向点动指令（8轴运控板卡系统） ====》：输出AXIS{第1轴},点动量{1.5MM},运动速度{2MM/s}
2023-07-08 15:51:19,907 [AppLog] INFO : 电气控制模块：手动关闭端口15
2023-07-08 15:51:19,907 [AppLog] INFO : 电气控制模块：手动关闭端口14
2023-07-08 15:51:19,907 [AppLog] INFO : 成形面高度上升层厚 TrapSpace{1.5mm}：TrapMoveUp(1, true, Convert.ToString(vel), Convert.ToString(TrapSpace), true, true）
2023-07-08 15:51:19,907 [AppLog] INFO : 自动铺粉正常结束：NewAutoSupplyPowderThread2
2023-07-08 15:51:19,907 [AppLog] INFO : 发送监控指令，拍照记录1条：SendMessageFromSharedMemory
2023-07-08 15:51:19,907 [AppLog] INFO : 铺粉模式：铺粉固化同时进行！
2023-07-08 15:51:19,907 [AppLog] INFO : 执行完成铺粉固化操作：EquipmentMotionLogic3：m_bApplyPowderSupplyMotion:0
2023-07-08 15:51:19,907 [AppLog] INFO : 接收到恢复打印指令：PrintTaskTHREAD
2023-07-08 15:51:19,923 [AppLog] INFO : 获取打印Pass数据：IDP_GetPassItem2：nLayerIndex{19}nPassID{0}nProcState{3}LPPassDataItemb:PrtDir{False}nDataTxCompleteCnt{1}nHwMemAdrMatchMask{1}nLayerIndex{19}nLayerPassCount{6}nLayerPassIndex{0}nMinJet0ImgLinePos{355}nPrtMemHwAddr{System.UInt32[]}nPrtDataOffset{System.UInt32[]}nSrcDataSize{System.UInt32[]}nPrtColBytes{System.UInt32[]}nPrtPrecession{10.666}nSrcEndCols{6000}nSrcStartCols{0}nStartEncPos{76511}nValidPassJets{1280}nValidPrtCols{6233}nValidPrtCtlCnts{1}pDataBuf{0}pNextItem{767877136}
2023-07-08 15:51:19,938 [AppLog] INFO : 使能Pass打印成功：IDP_DoPassPrint2：nLayerIndex{19}nPassID{0}
2023-07-08 15:51:19,954 [AppLog] INFO : PASS打印前关键状态：DEV_GetDeviceInfo：nLayerIndex{19}nPassID{0}LPPRINTER_INFO:nXSysEncDPI{5080}nStatus{909129520}nPrintStatus{0}bSuperDevice{1}
LPPRINTER_INFO-LPPrtRunInfo:bJobPrtRuning{True}bLayerPrtIsOver{False}nContReqMemErr{0}nContWDErr{0}nCurPrtDir{0}nDTLayerIndex{27}nDTLayerPassIndex{5}nDTPtrCtlIndex{0}nLayerPassCount{6}nPrintLayerIndex{19}nPrintPassIndex{0}nProcLayerIndex{27}nPrtDataMemAddr{0}nPrtState{0}nReverse{System.Int32[]}nRevPrtCols{0}
LPPRINTER_INFO-LPDRVINFO:nFMVersion{45074}nFpgaVersion{539038216}nPCBVersion{0}nState{0}nNextState{0}nPtvwarnState{0}nCrc32{0}nRevInfo{System.UInt32[]}nSignature{0}
2023-07-08 15:51:19,954 [AppLog] INFO : 创建：AutoPrintMotion1=》不需重新创建-手动操作！
2023-07-08 15:51:19,954 [AppLog] INFO : 进入：EquipmentMotionLogic3=》准备创建对象-手动操作！
2023-07-08 15:51:19,954 [AppLog] INFO : 进入：EquipmentMotionLogic3=》不需重新创建-手动操作！
2023-07-08 15:51:19,954 [AppLog] INFO : 进入：EquipmentMotionLogic3=》赋值完成自-AutoPrintMotion2！
2023-07-08 15:51:19,954 [AppLog] INFO : 进入：EquipmentMotionLogic3=》加载配置文件-LoadJsonFile成功！
2023-07-08 15:51:19,954 [AppLog] INFO : 进入自动清洗过程：AutoCleanThread
2023-07-08 15:51:20,328 [AppLog] INFO : 刮墨轴回零成功：motionMap.SetBackSpreaderAxis(4, 1, 2, -SinkHomePosition)
2023-07-08 15:51:20,328 [AppLog] INFO : 准备读取编码器位置：Y方向！
2023-07-08 15:51:20,328 [AppLog] INFO : 准备运动，编码器当前位置：DEM_GetAxisEncodeVal：MoveDirectionFlag{false为Y方向：True}CurrentPos{121.04}AimPos{116}
2023-07-08 15:51:20,406 [AppLog] INFO : 准备处理第27层数据：准备调用RenderToWic，index为27，subindex为0，g_nRePrintTimes为1，起始层为0
2023-07-08 15:51:20,453 [AppLog] INFO : Y方向运动开始：DEM_Run：返回值{True}nAxis{1}DirFlag{False}nSpeed{300000}MoveStep{-5049.53064000001}nCtlValue{1}
2023-07-08 15:51:20,469 [AppLog] INFO : 完成处理第27层数据：准备调用DrawLayerBMP，index为27，起始层为0
2023-07-08 15:51:20,469 [AppLog] INFO : 完成处理第27层数据：准备调用DrawLayerBMP，index为27，起始层为0
2023-07-08 15:51:20,516 [AppLog] INFO : Y方向到位停止：DEM_StopAxisRun：返回值{True}CurrentPos{116.505}bImmeStop{False}nAxisMask{2}
2023-07-08 15:51:20,516 [AppLog] INFO : 准备读取编码器位置：X方向！
2023-07-08 15:51:20,516 [AppLog] INFO : 准备运动，当前位置：DEV_GetPrintEncoderValue：MoveDirectionFlag{false为Y方向：False}CurrentPos{784.195}AimPos{780}
2023-07-08 15:51:20,547 [AppLog] INFO : X方向运动开始：DEM_Run：返回值{True}nAxis{0}DirFlag{False}nSpeed{300000}MoveStep{-4195.00000000005}nCtlValue{2}
2023-07-08 15:51:20,718 [AppLog] INFO : X方向到位停止：DEM_StopAxisRun：返回值{True}CurrentPos{782.6}bImmeStop{False}nAxisMask{1}
2023-07-08 15:51:20,828 [AppLog] INFO : 作业写入成功：IDP_WriteImgLayerData：bpp:{1bit}灰阶:{1阶}nLayerIndex{28}LayerIndex{27}SubIndex{1}RePrintTimes{1}nBytesPerLine{752}nWidth{6001}nHeight{7680}nXEncOff{0}nYJetOff{355}nImgStartJetIndex{0}nXDPI{476.25}nYDPI{600}nPrtDir{0} nPrtFlag{1}nColorCnts{1}nReserved{System.Int32[]}
2023-07-08 15:51:20,828 [AppLog] INFO : 完成处理第27层数据：准备调用RenderToWic，index为27，subindex为0，g_nRePrintTimes为1，起始层为0
2023-07-08 15:51:21,951 [AppLog] INFO : 开启手动清洗挤墨喷头，DEV_EnableTimer: 端口{11}，清洗控制周期：{0.5}S,{0.5}S
2023-07-08 15:51:22,965 [AppLog] INFO : 关闭手动清洗挤墨喷头：DEV_EnableTimer
2023-07-08 15:51:22,965 [AppLog] INFO : 压墨等待开启：{1.5S}
2023-07-08 15:51:24,478 [AppLog] INFO : 压墨等待完成：{1.5S}
2023-07-08 15:51:24,478 [AppLog] INFO : 准备读取编码器位置：X方向！
2023-07-08 15:51:24,494 [AppLog] INFO : 准备运动，当前位置：DEV_GetPrintEncoderValue：MoveDirectionFlag{false为Y方向：False}CurrentPos{780.36}AimPos{680}
2023-07-08 15:51:24,541 [AppLog] INFO : X方向运动开始：DEM_Run：返回值{True}nAxis{0}DirFlag{False}nSpeed{200000}MoveStep{-100360}nCtlValue{2}
2023-07-08 15:51:25,399 [AppLog] INFO : X方向到位停止：DEM_StopAxisRun：返回值{True}CurrentPos{684.04}bImmeStop{False}nAxisMask{1}
2023-07-08 15:51:25,976 [AppLog] INFO : 结束自动清洗过程：AutoCleanThread
2023-07-08 15:51:25,976 [AppLog] INFO : 进入：EquipmentMotionLogic3=》准备创建对象-手动操作！
2023-07-08 15:51:25,976 [AppLog] INFO : 进入：EquipmentMotionLogic3=》不需重新创建-手动操作！
2023-07-08 15:51:25,976 [AppLog] INFO : 进入：EquipmentMotionLogic3=》赋值完成自-AutoPrintMotion2！
2023-07-08 15:51:25,976 [AppLog] INFO : 进入：EquipmentMotionLogic3=》加载配置文件-LoadJsonFile成功！
2023-07-08 15:51:25,976 [AppLog] INFO : 进入：AutoPrintThread3！
2023-07-08 15:51:25,976 [AppLog] INFO : 关闭闪喷操作：IDP_FlashPrtCtl：返回值{True}
2023-07-08 15:51:25,976 [AppLog] INFO : 准备读取编码器位置：Y方向！
2023-07-08 15:51:25,976 [AppLog] INFO : 准备运动，编码器当前位置：DEM_GetAxisEncodeVal：MoveDirectionFlag{false为Y方向：True}CurrentPos{115.985}AimPos{88.5}
2023-07-08 15:51:26,132 [AppLog] INFO : Y方向运动开始：DEM_Run：返回值{True}nAxis{1}DirFlag{False}nSpeed{300000}MoveStep{-27536.974135}nCtlValue{1}
2023-07-08 15:51:26,194 [AppLog] INFO : 准备读取编码器位置：X方向！
2023-07-08 15:51:26,194 [AppLog] INFO : 准备运动，当前位置：DEV_GetPrintEncoderValue：MoveDirectionFlag{false为Y方向：False}CurrentPos{680.22}AimPos{425}
2023-07-08 15:51:26,225 [AppLog] INFO : X方向运动开始：DEM_Run：返回值{True}nAxis{0}DirFlag{False}nSpeed{300000}MoveStep{-255220}nCtlValue{2}
2023-07-08 15:51:27,614 [AppLog] INFO : X方向到位停止：DEM_StopAxisRun：返回值{True}CurrentPos{429.97}bImmeStop{False}nAxisMask{1}
2023-07-08 15:51:27,614 [AppLog] INFO : 准备读取编码器位置：X方向！
2023-07-08 15:51:27,614 [AppLog] INFO : 准备运动，当前位置：DEV_GetPrintEncoderValue：MoveDirectionFlag{false为Y方向：False}CurrentPos{429.865}AimPos{25}
2023-07-08 15:51:27,645 [AppLog] INFO : X方向运动开始：DEM_Run：返回值{True}nAxis{0}DirFlag{False}nSpeed{300000}MoveStep{-404865}nCtlValue{2}
2023-07-08 15:51:29,548 [AppLog] INFO : X方向到位停止：DEM_StopAxisRun：返回值{True}CurrentPos{24.565}bImmeStop{False}nAxisMask{1}
2023-07-08 15:51:29,548 [AppLog] INFO : 准备读取编码器位置：Y方向！
2023-07-08 15:51:29,564 [AppLog] INFO : 准备运动，编码器当前位置：DEM_GetAxisEncodeVal：MoveDirectionFlag{false为Y方向：True}CurrentPos{88.48}AimPos{103.521166666667}
2023-07-08 15:51:29,689 [AppLog] INFO : Y方向运动开始：DEM_Run：返回值{True}nAxis{1}DirFlag{True}nSpeed{300000}MoveStep{15069.6095128333}nCtlValue{1}
2023-07-08 15:51:29,751 [AppLog] INFO : Y方向到位停止：DEM_StopAxisRun：返回值{True}CurrentPos{100.97}bImmeStop{False}nAxisMask{2}
2023-07-08 15:51:29,751 [AppLog] INFO : 获取打印Pass数据：IDP_GetPassItem2：nLayerIndex{19}nPassID{1}nProcState{3}LPPassDataItemb:PrtDir{True}nDataTxCompleteCnt{1}nHwMemAdrMatchMask{1}nLayerIndex{19}nLayerPassCount{6}nLayerPassIndex{1}nMinJet0ImgLinePos{1635}nPrtMemHwAddr{System.UInt32[]}nPrtDataOffset{System.UInt32[]}nSrcDataSize{System.UInt32[]}nPrtColBytes{System.UInt32[]}nPrtPrecession{10.666}nSrcEndCols{6000}nSrcStartCols{0}nStartEncPos{10000}nValidPassJets{1280}nValidPrtCols{6233}nValidPrtCtlCnts{1}pDataBuf{0}pNextItem{767876976}
2023-07-08 15:51:29,751 [AppLog] INFO : 使能Pass打印成功：IDP_DoPassPrint2：nLayerIndex{19}nPassID{1}
2023-07-08 15:51:29,767 [AppLog] INFO : PASS打印前关键状态：DEV_GetDeviceInfo：nLayerIndex{19}nPassID{1}LPPRINTER_INFO:nXSysEncDPI{5080}nStatus{909129520}nPrintStatus{0}bSuperDevice{1}
LPPRINTER_INFO-LPPrtRunInfo:bJobPrtRuning{True}bLayerPrtIsOver{False}nContReqMemErr{0}nContWDErr{0}nCurPrtDir{0}nDTLayerIndex{28}nDTLayerPassIndex{5}nDTPtrCtlIndex{0}nLayerPassCount{6}nPrintLayerIndex{19}nPrintPassIndex{1}nProcLayerIndex{28}nPrtDataMemAddr{0}nPrtState{0}nReverse{System.Int32[]}nRevPrtCols{0}
LPPRINTER_INFO-LPDRVINFO:nFMVersion{45074}nFpgaVersion{539038216}nPCBVersion{0}nState{0}nNextState{0}nPtvwarnState{0}nCrc32{0}nRevInfo{System.UInt32[]}nSignature{0}
2023-07-08 15:51:29,767 [AppLog] INFO : 创建：AutoPrintMotion1=》不需重新创建-手动操作！
2023-07-08 15:51:29,767 [AppLog] INFO : 进入：EquipmentMotionLogic3=》准备创建对象-手动操作！
2023-07-08 15:51:29,767 [AppLog] INFO : 进入：EquipmentMotionLogic3=》不需重新创建-手动操作！
2023-07-08 15:51:29,767 [AppLog] INFO : 进入：EquipmentMotionLogic3=》赋值完成自-AutoPrintMotion2！
2023-07-08 15:51:29,767 [AppLog] INFO : 进入：EquipmentMotionLogic3=》加载配置文件-LoadJsonFile成功！
2023-07-08 15:51:29,767 [AppLog] INFO : 进入：AutoPrintThread3！
2023-07-08 15:51:29,767 [AppLog] INFO : 准备读取编码器位置：X方向！
2023-07-08 15:51:29,782 [AppLog] INFO : 准备运动，当前位置：DEV_GetPrintEncoderValue：MoveDirectionFlag{false为Y方向：False}CurrentPos{21.285}AimPos{425}
2023-07-08 15:51:29,813 [AppLog] INFO : X方向运动开始：DEM_Run：返回值{True}nAxis{0}DirFlag{True}nSpeed{300000}MoveStep{403715}nCtlValue{2}
2023-07-08 15:51:31,701 [AppLog] INFO : X方向到位停止：DEM_StopAxisRun：返回值{True}CurrentPos{419.095}bImmeStop{False}nAxisMask{1}
2023-07-08 15:51:31,701 [AppLog] INFO : 准备读取编码器位置：Y方向！
2023-07-08 15:51:31,701 [AppLog] INFO : 准备运动，编码器当前位置：DEM_GetAxisEncodeVal：MoveDirectionFlag{false为Y方向：True}CurrentPos{103.515}AimPos{142.5}
2023-07-08 15:51:31,904 [AppLog] INFO : Y方向运动开始：DEM_Run：返回值{True}nAxis{1}DirFlag{True}nSpeed{300000}MoveStep{39058.720635}nCtlValue{1}
2023-07-08 15:51:31,982 [AppLog] INFO : Y方向到位停止：DEM_StopAxisRun：返回值{True}CurrentPos{140.795}bImmeStop{False}nAxisMask{2}
2023-07-08 15:51:31,982 [AppLog] INFO : 获取打印Pass数据：IDP_GetPassItem2：nLayerIndex{19}nPassID{2}nProcState{3}LPPassDataItemb:PrtDir{False}nDataTxCompleteCnt{1}nHwMemAdrMatchMask{1}nLayerIndex{19}nLayerPassCount{6}nLayerPassIndex{2}nMinJet0ImgLinePos{2915}nPrtMemHwAddr{System.UInt32[]}nPrtDataOffset{System.UInt32[]}nSrcDataSize{System.UInt32[]}nPrtColBytes{System.UInt32[]}nPrtPrecession{10.666}nSrcEndCols{6000}nSrcStartCols{0}nStartEncPos{76511}nValidPassJets{1280}nValidPrtCols{6233}nValidPrtCtlCnts{1}pDataBuf{0}pNextItem{767876816}
2023-07-08 15:51:31,997 [AppLog] INFO : 使能Pass打印成功：IDP_DoPassPrint2：nLayerIndex{19}nPassID{2}
2023-07-08 15:51:31,997 [AppLog] INFO : PASS打印前关键状态：DEV_GetDeviceInfo：nLayerIndex{19}nPassID{2}LPPRINTER_INFO:nXSysEncDPI{5080}nStatus{909129520}nPrintStatus{0}bSuperDevice{1}
LPPRINTER_INFO-LPPrtRunInfo:bJobPrtRuning{True}bLayerPrtIsOver{False}nContReqMemErr{0}nContWDErr{0}nCurPrtDir{0}nDTLayerIndex{28}nDTLayerPassIndex{5}nDTPtrCtlIndex{0}nLayerPassCount{6}nPrintLayerIndex{19}nPrintPassIndex{2}nProcLayerIndex{28}nPrtDataMemAddr{0}nPrtState{0}nReverse{System.Int32[]}nRevPrtCols{0}
LPPRINTER_INFO-LPDRVINFO:nFMVersion{45074}nFpgaVersion{539038216}nPCBVersion{0}nState{0}nNextState{0}nPtvwarnState{0}nCrc32{0}nRevInfo{System.UInt32[]}nSignature{0}
2023-07-08 15:51:31,997 [AppLog] INFO : 创建：AutoPrintMotion1=》不需重新创建-手动操作！
2023-07-08 15:51:31,997 [AppLog] INFO : 进入：EquipmentMotionLogic3=》准备创建对象-手动操作！
2023-07-08 15:51:31,997 [AppLog] INFO : 进入：EquipmentMotionLogic3=》不需重新创建-手动操作！
2023-07-08 15:51:31,997 [AppLog] INFO : 进入：EquipmentMotionLogic3=》赋值完成自-AutoPrintMotion2！
2023-07-08 15:51:31,997 [AppLog] INFO : 进入：EquipmentMotionLogic3=》加载配置文件-LoadJsonFile成功！
2023-07-08 15:51:31,997 [AppLog] INFO : 进入：AutoPrintThread3！
2023-07-08 15:51:31,997 [AppLog] INFO : 准备读取编码器位置：X方向！
2023-07-08 15:51:31,997 [AppLog] INFO : 准备运动，当前位置：DEV_GetPrintEncoderValue：MoveDirectionFlag{false为Y方向：False}CurrentPos{423.285}AimPos{25}
2023-07-08 15:51:32,029 [AppLog] INFO : X方向运动开始：DEM_Run：返回值{True}nAxis{0}DirFlag{False}nSpeed{300000}MoveStep{-398285}nCtlValue{2}
2023-07-08 15:51:33,901 [AppLog] INFO : X方向到位停止：DEM_StopAxisRun：返回值{True}CurrentPos{30.325}bImmeStop{False}nAxisMask{1}
2023-07-08 15:51:33,901 [AppLog] INFO : 准备读取编码器位置：Y方向！
2023-07-08 15:51:33,901 [AppLog] INFO : 准备运动，编码器当前位置：DEM_GetAxisEncodeVal：MoveDirectionFlag{false为Y方向：True}CurrentPos{142.48}AimPos{157.521166666667}
2023-07-08 15:51:34,025 [AppLog] INFO : Y方向运动开始：DEM_Run：返回值{True}nAxis{1}DirFlag{True}nSpeed{300000}MoveStep{15069.6095128333}nCtlValue{1}
2023-07-08 15:51:34,103 [AppLog] INFO : Y方向到位停止：DEM_StopAxisRun：返回值{True}CurrentPos{155.515}bImmeStop{False}nAxisMask{2}
2023-07-08 15:51:34,103 [AppLog] INFO : 获取打印Pass数据：IDP_GetPassItem2：nLayerIndex{19}nPassID{3}nProcState{3}LPPassDataItemb:PrtDir{True}nDataTxCompleteCnt{1}nHwMemAdrMatchMask{1}nLayerIndex{19}nLayerPassCount{6}nLayerPassIndex{3}nMinJet0ImgLinePos{4195}nPrtMemHwAddr{System.UInt32[]}nPrtDataOffset{System.UInt32[]}nSrcDataSize{System.UInt32[]}nPrtColBytes{System.UInt32[]}nPrtPrecession{10.666}nSrcEndCols{6000}nSrcStartCols{0}nStartEncPos{10000}nValidPassJets{1280}nValidPrtCols{6233}nValidPrtCtlCnts{1}pDataBuf{0}pNextItem{767879536}
2023-07-08 15:51:34,103 [AppLog] INFO : 使能Pass打印成功：IDP_DoPassPrint2：nLayerIndex{19}nPassID{3}
2023-07-08 15:51:34,103 [AppLog] INFO : PASS打印前关键状态：DEV_GetDeviceInfo：nLayerIndex{19}nPassID{3}LPPRINTER_INFO:nXSysEncDPI{5080}nStatus{909129520}nPrintStatus{0}bSuperDevice{1}
LPPRINTER_INFO-LPPrtRunInfo:bJobPrtRuning{True}bLayerPrtIsOver{False}nContReqMemErr{0}nContWDErr{0}nCurPrtDir{0}nDTLayerIndex{28}nDTLayerPassIndex{5}nDTPtrCtlIndex{0}nLayerPassCount{6}nPrintLayerIndex{19}nPrintPassIndex{3}nProcLayerIndex{28}nPrtDataMemAddr{0}nPrtState{0}nReverse{System.Int32[]}nRevPrtCols{0}
LPPRINTER_INFO-LPDRVINFO:nFMVersion{45074}nFpgaVersion{539038216}nPCBVersion{0}nState{0}nNextState{0}nPtvwarnState{0}nCrc32{0}nRevInfo{System.UInt32[]}nSignature{0}
2023-07-08 15:51:34,103 [AppLog] INFO : 创建：AutoPrintMotion1=》不需重新创建-手动操作！
2023-07-08 15:51:34,119 [AppLog] INFO : 进入：EquipmentMotionLogic3=》准备创建对象-手动操作！
2023-07-08 15:51:34,119 [AppLog] INFO : 进入：EquipmentMotionLogic3=》不需重新创建-手动操作！
2023-07-08 15:51:34,119 [AppLog] INFO : 进入：EquipmentMotionLogic3=》赋值完成自-AutoPrintMotion2！
2023-07-08 15:51:34,119 [AppLog] INFO : 进入：EquipmentMotionLogic3=》加载配置文件-LoadJsonFile成功！
2023-07-08 15:51:34,119 [AppLog] INFO : 进入：AutoPrintThread3！
2023-07-08 15:51:34,119 [AppLog] INFO : 准备读取编码器位置：X方向！
2023-07-08 15:51:34,119 [AppLog] INFO : 准备运动，当前位置：DEV_GetPrintEncoderValue：MoveDirectionFlag{false为Y方向：False}CurrentPos{26.7}AimPos{425}
2023-07-08 15:51:34,150 [AppLog] INFO : X方向运动开始：DEM_Run：返回值{True}nAxis{0}DirFlag{True}nSpeed{300000}MoveStep{398300}nCtlValue{2}
2023-07-08 15:51:36,038 [AppLog] INFO : X方向到位停止：DEM_StopAxisRun：返回值{True}CurrentPos{419.51}bImmeStop{False}nAxisMask{1}
2023-07-08 15:51:36,038 [AppLog] INFO : 准备读取编码器位置：Y方向！
2023-07-08 15:51:36,038 [AppLog] INFO : 准备运动，编码器当前位置：DEM_GetAxisEncodeVal：MoveDirectionFlag{false为Y方向：True}CurrentPos{157.48}AimPos{196.5}
2023-07-08 15:51:36,241 [AppLog] INFO : Y方向运动开始：DEM_Run：返回值{True}nAxis{1}DirFlag{True}nSpeed{300000}MoveStep{39093.78682}nCtlValue{1}
2023-07-08 15:51:36,303 [AppLog] INFO : Y方向到位停止：DEM_StopAxisRun：返回值{True}CurrentPos{193.535}bImmeStop{False}nAxisMask{2}
2023-07-08 15:51:36,303 [AppLog] INFO : 获取打印Pass数据：IDP_GetPassItem2：nLayerIndex{19}nPassID{4}nProcState{3}LPPassDataItemb:PrtDir{False}nDataTxCompleteCnt{1}nHwMemAdrMatchMask{1}nLayerIndex{19}nLayerPassCount{6}nLayerPassIndex{4}nMinJet0ImgLinePos{5475}nPrtMemHwAddr{System.UInt32[]}nPrtDataOffset{System.UInt32[]}nSrcDataSize{System.UInt32[]}nPrtColBytes{System.UInt32[]}nPrtPrecession{10.666}nSrcEndCols{6000}nSrcStartCols{0}nStartEncPos{76511}nValidPassJets{1280}nValidPrtCols{6233}nValidPrtCtlCnts{1}pDataBuf{0}pNextItem{767879696}
2023-07-08 15:51:36,303 [AppLog] INFO : 使能Pass打印成功：IDP_DoPassPrint2：nLayerIndex{19}nPassID{4}
2023-07-08 15:51:36,334 [AppLog] INFO : PASS打印前关键状态：DEV_GetDeviceInfo：nLayerIndex{19}nPassID{4}LPPRINTER_INFO:nXSysEncDPI{5080}nStatus{909129520}nPrintStatus{0}bSuperDevice{1}
LPPRINTER_INFO-LPPrtRunInfo:bJobPrtRuning{True}bLayerPrtIsOver{False}nContReqMemErr{0}nContWDErr{0}nCurPrtDir{0}nDTLayerIndex{28}nDTLayerPassIndex{5}nDTPtrCtlIndex{0}nLayerPassCount{6}nPrintLayerIndex{19}nPrintPassIndex{4}nProcLayerIndex{28}nPrtDataMemAddr{0}nPrtState{0}nReverse{System.Int32[]}nRevPrtCols{0}
LPPRINTER_INFO-LPDRVINFO:nFMVersion{45074}nFpgaVersion{539038216}nPCBVersion{0}nState{0}nNextState{0}nPtvwarnState{0}nCrc32{0}nRevInfo{System.UInt32[]}nSignature{0}
2023-07-08 15:51:36,334 [AppLog] INFO : 创建：AutoPrintMotion1=》不需重新创建-手动操作！
2023-07-08 15:51:36,334 [AppLog] INFO : 进入：EquipmentMotionLogic3=》准备创建对象-手动操作！
2023-07-08 15:51:36,334 [AppLog] INFO : 进入：EquipmentMotionLogic3=》不需重新创建-手动操作！
2023-07-08 15:51:36,334 [AppLog] INFO : 进入：EquipmentMotionLogic3=》赋值完成自-AutoPrintMotion2！
2023-07-08 15:51:36,334 [AppLog] INFO : 进入：EquipmentMotionLogic3=》加载配置文件-LoadJsonFile成功！
2023-07-08 15:51:36,334 [AppLog] INFO : 进入：AutoPrintThread3！
2023-07-08 15:51:36,334 [AppLog] INFO : 准备读取编码器位置：X方向！
2023-07-08 15:51:36,350 [AppLog] INFO : 准备运动，当前位置：DEV_GetPrintEncoderValue：MoveDirectionFlag{false为Y方向：False}CurrentPos{423.3}AimPos{25}
2023-07-08 15:51:36,381 [AppLog] INFO : X方向运动开始：DEM_Run：返回值{True}nAxis{0}DirFlag{False}nSpeed{300000}MoveStep{-398300}nCtlValue{2}
2023-07-08 15:51:38,269 [AppLog] INFO : X方向到位停止：DEM_StopAxisRun：返回值{True}CurrentPos{29.7}bImmeStop{False}nAxisMask{1}
2023-07-08 15:51:38,269 [AppLog] INFO : 准备读取编码器位置：Y方向！
2023-07-08 15:51:38,269 [AppLog] INFO : 准备运动，编码器当前位置：DEM_GetAxisEncodeVal：MoveDirectionFlag{false为Y方向：True}CurrentPos{196.535}AimPos{211.521166666667}
2023-07-08 15:51:38,393 [AppLog] INFO : Y方向运动开始：DEM_Run：返回值{True}nAxis{1}DirFlag{True}nSpeed{300000}MoveStep{15014.5055078333}nCtlValue{1}
2023-07-08 15:51:38,456 [AppLog] INFO : Y方向到位停止：DEM_StopAxisRun：返回值{True}CurrentPos{209.24}bImmeStop{False}nAxisMask{2}
2023-07-08 15:51:38,456 [AppLog] INFO : 获取打印Pass数据：IDP_GetPassItem2：nLayerIndex{19}nPassID{5}nProcState{3}LPPassDataItemb:PrtDir{True}nDataTxCompleteCnt{1}nHwMemAdrMatchMask{1}nLayerIndex{19}nLayerPassCount{6}nLayerPassIndex{5}nMinJet0ImgLinePos{6755}nPrtMemHwAddr{System.UInt32[]}nPrtDataOffset{System.UInt32[]}nSrcDataSize{System.UInt32[]}nPrtColBytes{System.UInt32[]}nPrtPrecession{10.666}nSrcEndCols{6000}nSrcStartCols{0}nStartEncPos{10000}nValidPassJets{1280}nValidPrtCols{6233}nValidPrtCtlCnts{1}pDataBuf{0}pNextItem{0}
2023-07-08 15:51:38,471 [AppLog] INFO : 使能Pass打印成功：IDP_DoPassPrint2：nLayerIndex{19}nPassID{5}
2023-07-08 15:51:38,471 [AppLog] INFO : PASS打印前关键状态：DEV_GetDeviceInfo：nLayerIndex{19}nPassID{5}LPPRINTER_INFO:nXSysEncDPI{5080}nStatus{909129520}nPrintStatus{0}bSuperDevice{1}
LPPRINTER_INFO-LPPrtRunInfo:bJobPrtRuning{True}bLayerPrtIsOver{False}nContReqMemErr{0}nContWDErr{0}nCurPrtDir{0}nDTLayerIndex{28}nDTLayerPassIndex{5}nDTPtrCtlIndex{0}nLayerPassCount{6}nPrintLayerIndex{19}nPrintPassIndex{5}nProcLayerIndex{28}nPrtDataMemAddr{0}nPrtState{0}nReverse{System.Int32[]}nRevPrtCols{0}
LPPRINTER_INFO-LPDRVINFO:nFMVersion{45074}nFpgaVersion{539038216}nPCBVersion{0}nState{0}nNextState{0}nPtvwarnState{0}nCrc32{0}nRevInfo{System.UInt32[]}nSignature{0}
2023-07-08 15:51:38,471 [AppLog] INFO : 创建：AutoPrintMotion1=》不需重新创建-手动操作！
2023-07-08 15:51:38,471 [AppLog] INFO : 进入：EquipmentMotionLogic3=》准备创建对象-手动操作！
2023-07-08 15:51:38,471 [AppLog] INFO : 进入：EquipmentMotionLogic3=》不需重新创建-手动操作！
2023-07-08 15:51:38,471 [AppLog] INFO : 进入：EquipmentMotionLogic3=》赋值完成自-AutoPrintMotion2！
2023-07-08 15:51:38,471 [AppLog] INFO : 进入：EquipmentMotionLogic3=》加载配置文件-LoadJsonFile成功！
2023-07-08 15:51:38,471 [AppLog] INFO : 进入：AutoPrintThread3！
2023-07-08 15:51:38,471 [AppLog] INFO : 准备读取编码器位置：X方向！
2023-07-08 15:51:38,471 [AppLog] INFO : 准备运动，当前位置：DEV_GetPrintEncoderValue：MoveDirectionFlag{false为Y方向：False}CurrentPos{26.665}AimPos{425}
2023-07-08 15:51:38,503 [AppLog] INFO : X方向运动开始：DEM_Run：返回值{True}nAxis{0}DirFlag{True}nSpeed{300000}MoveStep{398335}nCtlValue{2}
2023-07-08 15:51:40,390 [AppLog] INFO : X方向到位停止：DEM_StopAxisRun：返回值{True}CurrentPos{419.975}bImmeStop{False}nAxisMask{1}
2023-07-08 15:51:40,390 [AppLog] INFO : 准备读取编码器位置：X方向！
2023-07-08 15:51:40,390 [AppLog] INFO : 准备运动，当前位置：DEV_GetPrintEncoderValue：MoveDirectionFlag{false为Y方向：False}CurrentPos{420.055}AimPos{780}
2023-07-08 15:51:40,421 [AppLog] INFO : X方向运动开始：DEM_Run：返回值{True}nAxis{0}DirFlag{True}nSpeed{300000}MoveStep{359945}nCtlValue{2}
2023-07-08 15:51:40,484 [AppLog] INFO : 准备读取编码器位置：Y方向！
2023-07-08 15:51:40,484 [AppLog] INFO : 准备运动，编码器当前位置：DEM_GetAxisEncodeVal：MoveDirectionFlag{false为Y方向：True}CurrentPos{211.545}AimPos{121}
2023-07-08 15:51:40,858 [AppLog] INFO : Y方向运动开始：DEM_Run：返回值{True}nAxis{1}DirFlag{False}nSpeed{300000}MoveStep{-90716.220595}nCtlValue{1}
2023-07-08 15:51:42,169 [AppLog] INFO : Y方向到位等停：DEM_StopAxisRun：返回值{True}bImmeStop{False}nAxisMask{1}
2023-07-08 15:51:42,169 [AppLog] INFO : X方向到位等停：DEM_StopAxisRun：返回值{True}bImmeStop{False}nAxisMask{2}
2023-07-08 15:51:42,184 [AppLog] INFO : 开启闪喷操作：IDP_FlashPrtCtl：返回值{True}
2023-07-08 15:51:42,184 [AppLog] INFO : 进入：EquipmentMotionLogic3=》准备创建对象-手动操作！
2023-07-08 15:51:42,184 [AppLog] INFO : 进入：EquipmentMotionLogic3=》不需重新创建-手动操作！
2023-07-08 15:51:42,184 [AppLog] INFO : 进入：EquipmentMotionLogic3=》赋值完成自-AutoPrintMotion2！
2023-07-08 15:51:42,184 [AppLog] INFO : 进入：EquipmentMotionLogic3=》加载配置文件-LoadJsonFile成功！
2023-07-08 15:51:42,184 [AppLog] INFO : 进入自动铺粉逻辑：NewAutoSupplyPowderThread2
2023-07-08 15:51:42,184 [AppLog] INFO : 电气控制模块：手动打开端口14
2023-07-08 15:51:42,184 [AppLog] INFO : 电气控制模块：手动打开端口15
2023-07-08 15:51:42,262 [AppLog] INFO : 手动正向点动指令（8轴运控板卡系统） ====》：输出AXIS{第1轴},点动量{-0.1MM},运动速度{2MM/s}
2023-07-08 15:51:42,262 [AppLog] INFO : 成形面高度下降层厚 TrapSpace{0.1mm}：TrapMoveUp(1, true, Convert.ToString(vel), Convert.ToString(TrapSpace), true, true）
2023-07-08 15:51:43,027 [AppLog] INFO : 手动正向点动指令（8轴运控板卡系统） ====》：输出AXIS{第1轴},点动量{-1.5MM},运动速度{2MM/s}
2023-07-08 15:51:43,027 [AppLog] INFO : 成形面高度下降指定厚度 TrapSpace{1.5mm}：TrapMoveUp(1, true, Convert.ToString(vel), Convert.ToString(TrapSpace), true, true）
2023-07-08 15:51:43,807 [AppLog] INFO : 手动正向点动指令（8轴运控板卡系统） ====》：输出AXIS{第1轴},点动量{1.5MM},运动速度{2MM/s}
2023-07-08 15:51:43,807 [AppLog] INFO : 电气控制模块：手动关闭端口15
2023-07-08 15:51:43,807 [AppLog] INFO : 电气控制模块：手动关闭端口14
2023-07-08 15:51:43,807 [AppLog] INFO : 成形面高度上升层厚 TrapSpace{1.5mm}：TrapMoveUp(1, true, Convert.ToString(vel), Convert.ToString(TrapSpace), true, true）
2023-07-08 15:51:44,056 [AppLog] INFO : 手动正向点动指令（8轴运控板卡系统） ====》：输出AXIS{第8轴},点动量{0.6MM},运动速度{2.5MM/s}
2023-07-08 15:51:44,056 [AppLog] INFO : Hopper落粉轴转2圈落粉，速度0.5rev/s：TrapMoveUp(8, true, 0.5, rotateNuM.ToString(), true, false)
2023-07-08 15:51:45,070 [AppLog] INFO : 开启铺粉车不等停运动，准备运动至准备打印位置215mm，速度250mm/s：BackToStation2
2023-07-08 15:51:45,928 [AppLog] INFO : 手动正向点动指令（8轴运控板卡系统） ====》：输出AXIS{第2轴},点动量{216.5MM},运动速度{250MM/s}
2023-07-08 15:51:45,928 [AppLog] INFO : 当前铺粉车位置：打印位置215mm
2023-07-08 15:51:45,928 [AppLog] INFO : 手动正向点动指令（8轴运控板卡系统） ====》：输出AXIS{第2轴},点动量{480MM},运动速度{25MM/s}
2023-07-08 15:51:45,928 [AppLog] INFO : 开启铺粉车不等停运动至准备打印位置695mm，速度25mm/s：BackToStation2
2023-07-08 15:51:46,053 [AppLog] INFO : 打开IR灯：OpenIRLamp(true)
2023-07-08 15:51:46,178 [AppLog] INFO : 手动正向点动指令（8轴运控板卡系统） ====》：输出AXIS{第3轴},点动量{0.125MM},运动速度{1MM/s}
2023-07-08 15:51:46,178 [AppLog] INFO : 在{40mm}处，落粉轴运动{45度}，落粉轴转速{1rev/s}：TrapMoveUp(3, true, Convert.ToString(DispenseRollerSpeed), 0.5, true, true)
2023-07-08 15:51:46,178 [AppLog] INFO : 手动正向点动指令（8轴运控板卡系统） ====》：输出AXIS{第3轴},点动量{0.5MM},运动速度{0.0376712328767123MM/s}
2023-07-08 15:51:46,178 [AppLog] INFO : 开启均匀落粉及辊子铺平运动：TrapMoveUp(3, true, Convert.ToString(DispenseRollerSpeed), 0.5, true, true)
2023-07-08 15:51:57,847 [AppLog] INFO : 关闭IR灯：OpenIRLamp(false)
2023-07-08 15:52:02,402 [AppLog] INFO : 手动正向点动指令（8轴运控板卡系统） ====》：输出AXIS{第3轴},点动量{0.5MM},运动速度{2MM/s}
2023-07-08 15:52:02,402 [AppLog] INFO : 落粉轴继续转动以倒掉余粉：TrapMoveUp(3, true, 2, 0.5, true, false)
2023-07-08 15:52:05,132 [AppLog] INFO : 电气控制模块：手动打开端口14
2023-07-08 15:52:05,132 [AppLog] INFO : 电气控制模块：手动打开端口15
2023-07-08 15:52:05,912 [AppLog] INFO : 手动正向点动指令（8轴运控板卡系统） ====》：输出AXIS{第1轴},点动量{-1.5MM},运动速度{2MM/s}
2023-07-08 15:52:05,912 [AppLog] INFO : 电气控制模块：手动关闭端口15
2023-07-08 15:52:05,912 [AppLog] INFO : 电气控制模块：手动关闭端口14
2023-07-08 15:52:05,912 [AppLog] INFO : 成形面高度下降指定厚度 TrapSpace{1.5mm}：TrapMoveUp(1, true, Convert.ToString(vel), Convert.ToString(TrapSpace), true, true）
2023-07-08 15:52:08,704 [AppLog] INFO : 手动正向点动指令（8轴运控板卡系统） ====》：输出AXIS{第2轴},点动量{-696.5MM},运动速度{250MM/s}
2023-07-08 15:52:08,704 [AppLog] INFO : 铺粉车返回至站1：BackToStation2(AimPos, MovSpeed, true)：-1.5mm，速度250mm/s：BackToStation2
2023-07-08 15:52:09,484 [AppLog] INFO : 落粉轴回零成功：motionMap.SetBackSpreaderAxis(3, 0.5, 2, -SinkPosition)：ReturnCode{True}
2023-07-08 15:52:09,484 [AppLog] INFO : 电气控制模块：手动打开端口14
2023-07-08 15:52:09,484 [AppLog] INFO : 电气控制模块：手动打开端口15
2023-07-08 15:52:10,249 [AppLog] INFO : 手动正向点动指令（8轴运控板卡系统） ====》：输出AXIS{第1轴},点动量{1.5MM},运动速度{2MM/s}
2023-07-08 15:52:10,249 [AppLog] INFO : 电气控制模块：手动关闭端口15
2023-07-08 15:52:10,249 [AppLog] INFO : 电气控制模块：手动关闭端口14
2023-07-08 15:52:10,249 [AppLog] INFO : 成形面高度上升层厚 TrapSpace{1.5mm}：TrapMoveUp(1, true, Convert.ToString(vel), Convert.ToString(TrapSpace), true, true）
2023-07-08 15:52:10,249 [AppLog] INFO : 自动铺粉正常结束：NewAutoSupplyPowderThread2
2023-07-08 15:52:10,249 [AppLog] INFO : 发送监控指令，拍照记录1条：SendMessageFromSharedMemory
2023-07-08 15:52:10,249 [AppLog] INFO : 铺粉模式：铺粉固化同时进行！
2023-07-08 15:52:10,249 [AppLog] INFO : 执行完成铺粉固化操作：EquipmentMotionLogic3：m_bApplyPowderSupplyMotion:0
2023-07-08 15:52:10,249 [AppLog] INFO : 接收到恢复打印指令：PrintTaskTHREAD
2023-07-08 15:52:10,249 [AppLog] INFO : 获取打印Pass数据：IDP_GetPassItem2：nLayerIndex{20}nPassID{0}nProcState{3}LPPassDataItemb:PrtDir{False}nDataTxCompleteCnt{1}nHwMemAdrMatchMask{1}nLayerIndex{20}nLayerPassCount{6}nLayerPassIndex{0}nMinJet0ImgLinePos{355}nPrtMemHwAddr{System.UInt32[]}nPrtDataOffset{System.UInt32[]}nSrcDataSize{System.UInt32[]}nPrtColBytes{System.UInt32[]}nPrtPrecession{10.666}nSrcEndCols{6000}nSrcStartCols{0}nStartEncPos{76511}nValidPassJets{1280}nValidPrtCols{6233}nValidPrtCtlCnts{1}pDataBuf{0}pNextItem{767878096}
2023-07-08 15:52:10,295 [AppLog] INFO : 使能Pass打印成功：IDP_DoPassPrint2：nLayerIndex{20}nPassID{0}
2023-07-08 15:52:10,295 [AppLog] INFO : PASS打印前关键状态：DEV_GetDeviceInfo：nLayerIndex{20}nPassID{0}LPPRINTER_INFO:nXSysEncDPI{5080}nStatus{909129520}nPrintStatus{0}bSuperDevice{1}
LPPRINTER_INFO-LPPrtRunInfo:bJobPrtRuning{True}bLayerPrtIsOver{False}nContReqMemErr{0}nContWDErr{0}nCurPrtDir{0}nDTLayerIndex{28}nDTLayerPassIndex{5}nDTPtrCtlIndex{0}nLayerPassCount{6}nPrintLayerIndex{20}nPrintPassIndex{0}nProcLayerIndex{28}nPrtDataMemAddr{0}nPrtState{0}nReverse{System.Int32[]}nRevPrtCols{0}
LPPRINTER_INFO-LPDRVINFO:nFMVersion{45074}nFpgaVersion{539038216}nPCBVersion{0}nState{0}nNextState{0}nPtvwarnState{0}nCrc32{0}nRevInfo{System.UInt32[]}nSignature{0}
2023-07-08 15:52:10,295 [AppLog] INFO : 创建：AutoPrintMotion1=》不需重新创建-手动操作！
2023-07-08 15:52:10,295 [AppLog] INFO : 进入：EquipmentMotionLogic3=》准备创建对象-手动操作！
2023-07-08 15:52:10,295 [AppLog] INFO : 进入：EquipmentMotionLogic3=》不需重新创建-手动操作！
2023-07-08 15:52:10,295 [AppLog] INFO : 进入：EquipmentMotionLogic3=》赋值完成自-AutoPrintMotion2！
2023-07-08 15:52:10,295 [AppLog] INFO : 进入：EquipmentMotionLogic3=》加载配置文件-LoadJsonFile成功！
2023-07-08 15:52:10,295 [AppLog] INFO : 进入自动清洗过程：AutoCleanThread
2023-07-08 15:52:10,670 [AppLog] INFO : 刮墨轴回零成功：motionMap.SetBackSpreaderAxis(4, 1, 2, -SinkHomePosition)
2023-07-08 15:52:10,670 [AppLog] INFO : 准备读取编码器位置：Y方向！
2023-07-08 15:52:10,670 [AppLog] INFO : 准备运动，编码器当前位置：DEM_GetAxisEncodeVal：MoveDirectionFlag{false为Y方向：True}CurrentPos{121.03}AimPos{116}
2023-07-08 15:52:10,763 [AppLog] INFO : 准备处理第28层数据：准备调用RenderToWic，index为28，subindex为0，g_nRePrintTimes为1，起始层为0
2023-07-08 15:52:10,810 [AppLog] INFO : Y方向运动开始：DEM_Run：返回值{True}nAxis{1}DirFlag{False}nSpeed{300000}MoveStep{-5039.51173}nCtlValue{1}
2023-07-08 15:52:10,826 [AppLog] INFO : 完成处理第28层数据：准备调用DrawLayerBMP，index为28，起始层为0
2023-07-08 15:52:10,826 [AppLog] INFO : 完成处理第28层数据：准备调用DrawLayerBMP，index为28，起始层为0
2023-07-08 15:52:10,873 [AppLog] INFO : Y方向到位停止：DEM_StopAxisRun：返回值{True}CurrentPos{116.45}bImmeStop{False}nAxisMask{2}
2023-07-08 15:52:10,873 [AppLog] INFO : 准备读取编码器位置：X方向！
2023-07-08 15:52:10,873 [AppLog] INFO : 准备运动，当前位置：DEV_GetPrintEncoderValue：MoveDirectionFlag{false为Y方向：False}CurrentPos{783.27}AimPos{780}
2023-07-08 15:52:10,904 [AppLog] INFO : X方向运动开始：DEM_Run：返回值{True}nAxis{0}DirFlag{False}nSpeed{300000}MoveStep{-3269.99999999998}nCtlValue{2}
2023-07-08 15:52:11,044 [AppLog] INFO : X方向到位停止：DEM_StopAxisRun：返回值{True}CurrentPos{782.895}bImmeStop{False}nAxisMask{1}
2023-07-08 15:52:11,169 [AppLog] INFO : 作业写入成功：IDP_WriteImgLayerData：bpp:{1bit}灰阶:{1阶}nLayerIndex{29}LayerIndex{28}SubIndex{1}RePrintTimes{1}nBytesPerLine{752}nWidth{6001}nHeight{7680}nXEncOff{0}nYJetOff{355}nImgStartJetIndex{0}nXDPI{476.25}nYDPI{600}nPrtDir{0} nPrtFlag{1}nColorCnts{1}nReserved{System.Int32[]}
2023-07-08 15:52:11,169 [AppLog] INFO : 完成处理第28层数据：准备调用RenderToWic，index为28，subindex为0，g_nRePrintTimes为1，起始层为0
2023-07-08 15:52:12,261 [AppLog] INFO : 开启手动清洗挤墨喷头，DEV_EnableTimer: 端口{11}，清洗控制周期：{0.5}S,{0.5}S
2023-07-08 15:52:13,275 [AppLog] INFO : 关闭手动清洗挤墨喷头：DEV_EnableTimer
2023-07-08 15:52:13,275 [AppLog] INFO : 压墨等待开启：{1.5S}
2023-07-08 15:52:14,788 [AppLog] INFO : 压墨等待完成：{1.5S}
2023-07-08 15:52:14,788 [AppLog] INFO : 准备读取编码器位置：X方向！
2023-07-08 15:52:14,788 [AppLog] INFO : 准备运动，当前位置：DEV_GetPrintEncoderValue：MoveDirectionFlag{false为Y方向：False}CurrentPos{780.355}AimPos{680}
2023-07-08 15:52:14,819 [AppLog] INFO : X方向运动开始：DEM_Run：返回值{True}nAxis{0}DirFlag{False}nSpeed{200000}MoveStep{-100355}nCtlValue{2}
2023-07-08 15:52:15,677 [AppLog] INFO : X方向到位停止：DEM_StopAxisRun：返回值{True}CurrentPos{683.91}bImmeStop{False}nAxisMask{1}
2023-07-08 15:52:16,255 [AppLog] INFO : 结束自动清洗过程：AutoCleanThread
2023-07-08 15:52:16,255 [AppLog] INFO : 进入：EquipmentMotionLogic3=》准备创建对象-手动操作！
2023-07-08 15:52:16,255 [AppLog] INFO : 进入：EquipmentMotionLogic3=》不需重新创建-手动操作！
2023-07-08 15:52:16,255 [AppLog] INFO : 进入：EquipmentMotionLogic3=》赋值完成自-AutoPrintMotion2！
2023-07-08 15:52:16,255 [AppLog] INFO : 进入：EquipmentMotionLogic3=》加载配置文件-LoadJsonFile成功！
2023-07-08 15:52:16,255 [AppLog] INFO : 进入：AutoPrintThread3！
2023-07-08 15:52:16,255 [AppLog] INFO : 关闭闪喷操作：IDP_FlashPrtCtl：返回值{True}
2023-07-08 15:52:16,255 [AppLog] INFO : 准备读取编码器位置：Y方向！
2023-07-08 15:52:16,255 [AppLog] INFO : 准备运动，编码器当前位置：DEM_GetAxisEncodeVal：MoveDirectionFlag{false为Y方向：True}CurrentPos{115.99}AimPos{91}
2023-07-08 15:52:16,411 [AppLog] INFO : Y方向运动开始：DEM_Run：返回值{True}nAxis{1}DirFlag{False}nSpeed{300000}MoveStep{-25037.25609}nCtlValue{1}
2023-07-08 15:52:16,473 [AppLog] INFO : 准备读取编码器位置：X方向！
2023-07-08 15:52:16,473 [AppLog] INFO : 准备运动，当前位置：DEV_GetPrintEncoderValue：MoveDirectionFlag{false为Y方向：False}CurrentPos{680.225}AimPos{425}
2023-07-08 15:52:16,504 [AppLog] INFO : X方向运动开始：DEM_Run：返回值{True}nAxis{0}DirFlag{False}nSpeed{300000}MoveStep{-255225}nCtlValue{2}
2023-07-08 15:52:17,893 [AppLog] INFO : X方向到位停止：DEM_StopAxisRun：返回值{True}CurrentPos{429.985}bImmeStop{False}nAxisMask{1}
2023-07-08 15:52:17,893 [AppLog] INFO : 准备读取编码器位置：X方向！
2023-07-08 15:52:17,893 [AppLog] INFO : 准备运动，当前位置：DEV_GetPrintEncoderValue：MoveDirectionFlag{false为Y方向：False}CurrentPos{429.795}AimPos{25}
2023-07-08 15:52:17,924 [AppLog] INFO : X方向运动开始：DEM_Run：返回值{True}nAxis{0}DirFlag{False}nSpeed{300000}MoveStep{-404795}nCtlValue{2}
2023-07-08 15:52:19,811 [AppLog] INFO : X方向到位停止：DEM_StopAxisRun：返回值{True}CurrentPos{25.29}bImmeStop{False}nAxisMask{1}
2023-07-08 15:52:19,811 [AppLog] INFO : 准备读取编码器位置：Y方向！
2023-07-08 15:52:19,811 [AppLog] INFO : 准备运动，编码器当前位置：DEM_GetAxisEncodeVal：MoveDirectionFlag{false为Y方向：True}CurrentPos{90.995}AimPos{101.021166666667}
2023-07-08 15:52:19,952 [AppLog] INFO : Y方向运动开始：DEM_Run：返回值{True}nAxis{1}DirFlag{True}nSpeed{300000}MoveStep{10045.1261478333}nCtlValue{1}
2023-07-08 15:52:20,014 [AppLog] INFO : Y方向到位停止：DEM_StopAxisRun：返回值{True}CurrentPos{99.555}bImmeStop{False}nAxisMask{2}
2023-07-08 15:52:20,014 [AppLog] INFO : 获取打印Pass数据：IDP_GetPassItem2：nLayerIndex{20}nPassID{1}nProcState{3}LPPassDataItemb:PrtDir{True}nDataTxCompleteCnt{1}nHwMemAdrMatchMask{1}nLayerIndex{20}nLayerPassCount{6}nLayerPassIndex{1}nMinJet0ImgLinePos{1635}nPrtMemHwAddr{System.UInt32[]}nPrtDataOffset{System.UInt32[]}nSrcDataSize{System.UInt32[]}nPrtColBytes{System.UInt32[]}nPrtPrecession{10.666}nSrcEndCols{6000}nSrcStartCols{0}nStartEncPos{10000}nValidPassJets{1280}nValidPrtCols{6233}nValidPrtCtlCnts{1}pDataBuf{0}pNextItem{767877936}
2023-07-08 15:52:20,014 [AppLog] INFO : 使能Pass打印成功：IDP_DoPassPrint2：nLayerIndex{20}nPassID{1}
2023-07-08 15:52:20,030 [AppLog] INFO : PASS打印前关键状态：DEV_GetDeviceInfo：nLayerIndex{20}nPassID{1}LPPRINTER_INFO:nXSysEncDPI{5080}nStatus{909129520}nPrintStatus{0}bSuperDevice{1}
LPPRINTER_INFO-LPPrtRunInfo:bJobPrtRuning{True}bLayerPrtIsOver{False}nContReqMemErr{0}nContWDErr{0}nCurPrtDir{0}nDTLayerIndex{29}nDTLayerPassIndex{5}nDTPtrCtlIndex{0}nLayerPassCount{6}nPrintLayerIndex{20}nPrintPassIndex{1}nProcLayerIndex{29}nPrtDataMemAddr{0}nPrtState{0}nReverse{System.Int32[]}nRevPrtCols{0}
LPPRINTER_INFO-LPDRVINFO:nFMVersion{45074}nFpgaVersion{539038216}nPCBVersion{0}nState{0}nNextState{0}nPtvwarnState{0}nCrc32{0}nRevInfo{System.UInt32[]}nSignature{0}
2023-07-08 15:52:20,030 [AppLog] INFO : 创建：AutoPrintMotion1=》不需重新创建-手动操作！
2023-07-08 15:52:20,030 [AppLog] INFO : 进入：EquipmentMotionLogic3=》准备创建对象-手动操作！
2023-07-08 15:52:20,030 [AppLog] INFO : 进入：EquipmentMotionLogic3=》不需重新创建-手动操作！
2023-07-08 15:52:20,030 [AppLog] INFO : 进入：EquipmentMotionLogic3=》赋值完成自-AutoPrintMotion2！
2023-07-08 15:52:20,030 [AppLog] INFO : 进入：EquipmentMotionLogic3=》加载配置文件-LoadJsonFile成功！
2023-07-08 15:52:20,030 [AppLog] INFO : 进入：AutoPrintThread3！
2023-07-08 15:52:20,030 [AppLog] INFO : 准备读取编码器位置：X方向！
2023-07-08 15:52:20,030 [AppLog] INFO : 准备运动，当前位置：DEV_GetPrintEncoderValue：MoveDirectionFlag{false为Y方向：False}CurrentPos{21.365}AimPos{425}
2023-07-08 15:52:20,061 [AppLog] INFO : X方向运动开始：DEM_Run：返回值{True}nAxis{0}DirFlag{True}nSpeed{300000}MoveStep{403635}nCtlValue{2}
2023-07-08 15:52:21,933 [AppLog] INFO : X方向到位停止：DEM_StopAxisRun：返回值{True}CurrentPos{418.875}bImmeStop{False}nAxisMask{1}
2023-07-08 15:52:21,933 [AppLog] INFO : 准备读取编码器位置：Y方向！
2023-07-08 15:52:21,949 [AppLog] INFO : 准备运动，编码器当前位置：DEM_GetAxisEncodeVal：MoveDirectionFlag{false为Y方向：True}CurrentPos{101}AimPos{145}
2023-07-08 15:52:22,151 [AppLog] INFO : Y方向运动开始：DEM_Run：返回值{True}nAxis{1}DirFlag{True}nSpeed{300000}MoveStep{44083.204}nCtlValue{1}
2023-07-08 15:52:22,214 [AppLog] INFO : Y方向到位停止：DEM_StopAxisRun：返回值{True}CurrentPos{140.02}bImmeStop{False}nAxisMask{2}
2023-07-08 15:52:22,214 [AppLog] INFO : 获取打印Pass数据：IDP_GetPassItem2：nLayerIndex{20}nPassID{2}nProcState{3}LPPassDataItemb:PrtDir{False}nDataTxCompleteCnt{1}nHwMemAdrMatchMask{1}nLayerIndex{20}nLayerPassCount{6}nLayerPassIndex{2}nMinJet0ImgLinePos{2915}nPrtMemHwAddr{System.UInt32[]}nPrtDataOffset{System.UInt32[]}nSrcDataSize{System.UInt32[]}nPrtColBytes{System.UInt32[]}nPrtPrecession{10.666}nSrcEndCols{6000}nSrcStartCols{0}nStartEncPos{76511}nValidPassJets{1280}nValidPrtCols{6233}nValidPrtCtlCnts{1}pDataBuf{0}pNextItem{767877776}
2023-07-08 15:52:22,229 [AppLog] INFO : 使能Pass打印成功：IDP_DoPassPrint2：nLayerIndex{20}nPassID{2}
2023-07-08 15:52:22,229 [AppLog] INFO : PASS打印前关键状态：DEV_GetDeviceInfo：nLayerIndex{20}nPassID{2}LPPRINTER_INFO:nXSysEncDPI{5080}nStatus{909129520}nPrintStatus{0}bSuperDevice{1}
LPPRINTER_INFO-LPPrtRunInfo:bJobPrtRuning{True}bLayerPrtIsOver{False}nContReqMemErr{0}nContWDErr{0}nCurPrtDir{0}nDTLayerIndex{29}nDTLayerPassIndex{5}nDTPtrCtlIndex{0}nLayerPassCount{6}nPrintLayerIndex{20}nPrintPassIndex{2}nProcLayerIndex{29}nPrtDataMemAddr{0}nPrtState{0}nReverse{System.Int32[]}nRevPrtCols{0}
LPPRINTER_INFO-LPDRVINFO:nFMVersion{45074}nFpgaVersion{539038216}nPCBVersion{0}nState{0}nNextState{0}nPtvwarnState{0}nCrc32{0}nRevInfo{System.UInt32[]}nSignature{0}
2023-07-08 15:52:22,229 [AppLog] INFO : 创建：AutoPrintMotion1=》不需重新创建-手动操作！
2023-07-08 15:52:22,229 [AppLog] INFO : 进入：EquipmentMotionLogic3=》准备创建对象-手动操作！
2023-07-08 15:52:22,229 [AppLog] INFO : 进入：EquipmentMotionLogic3=》不需重新创建-手动操作！
2023-07-08 15:52:22,229 [AppLog] INFO : 进入：EquipmentMotionLogic3=》赋值完成自-AutoPrintMotion2！
2023-07-08 15:52:22,229 [AppLog] INFO : 进入：EquipmentMotionLogic3=》加载配置文件-LoadJsonFile成功！
2023-07-08 15:52:22,229 [AppLog] INFO : 进入：AutoPrintThread3！
2023-07-08 15:52:22,229 [AppLog] INFO : 准备读取编码器位置：X方向！
2023-07-08 15:52:22,229 [AppLog] INFO : 准备运动，当前位置：DEV_GetPrintEncoderValue：MoveDirectionFlag{false为Y方向：False}CurrentPos{423.275}AimPos{25}
2023-07-08 15:52:22,261 [AppLog] INFO : X方向运动开始：DEM_Run：返回值{True}nAxis{0}DirFlag{False}nSpeed{300000}MoveStep{-398275}nCtlValue{2}
2023-07-08 15:52:24,133 [AppLog] INFO : X方向到位停止：DEM_StopAxisRun：返回值{True}CurrentPos{30.57}bImmeStop{False}nAxisMask{1}
2023-07-08 15:52:24,133 [AppLog] INFO : 准备读取编码器位置：Y方向！
2023-07-08 15:52:24,133 [AppLog] INFO : 准备运动，编码器当前位置：DEM_GetAxisEncodeVal：MoveDirectionFlag{false为Y方向：True}CurrentPos{144.975}AimPos{155.021166666667}
2023-07-08 15:52:24,257 [AppLog] INFO : Y方向运动开始：DEM_Run：返回值{True}nAxis{1}DirFlag{True}nSpeed{300000}MoveStep{10065.1639678333}nCtlValue{1}
2023-07-08 15:52:24,320 [AppLog] INFO : Y方向到位停止：DEM_StopAxisRun：返回值{True}CurrentPos{153.675}bImmeStop{False}nAxisMask{2}
2023-07-08 15:52:24,320 [AppLog] INFO : 获取打印Pass数据：IDP_GetPassItem2：nLayerIndex{20}nPassID{3}nProcState{3}LPPassDataItemb:PrtDir{True}nDataTxCompleteCnt{1}nHwMemAdrMatchMask{1}nLayerIndex{20}nLayerPassCount{6}nLayerPassIndex{3}nMinJet0ImgLinePos{4195}nPrtMemHwAddr{System.UInt32[]}nPrtDataOffset{System.UInt32[]}nSrcDataSize{System.UInt32[]}nPrtColBytes{System.UInt32[]}nPrtPrecession{10.666}nSrcEndCols{6000}nSrcStartCols{0}nStartEncPos{10000}nValidPassJets{1280}nValidPrtCols{6233}nValidPrtCtlCnts{1}pDataBuf{0}pNextItem{767877616}
2023-07-08 15:52:24,335 [AppLog] INFO : 使能Pass打印成功：IDP_DoPassPrint2：nLayerIndex{20}nPassID{3}
2023-07-08 15:52:24,335 [AppLog] INFO : PASS打印前关键状态：DEV_GetDeviceInfo：nLayerIndex{20}nPassID{3}LPPRINTER_INFO:nXSysEncDPI{5080}nStatus{909129520}nPrintStatus{0}bSuperDevice{1}
LPPRINTER_INFO-LPPrtRunInfo:bJobPrtRuning{True}bLayerPrtIsOver{False}nContReqMemErr{0}nContWDErr{0}nCurPrtDir{0}nDTLayerIndex{29}nDTLayerPassIndex{5}nDTPtrCtlIndex{0}nLayerPassCount{6}nPrintLayerIndex{20}nPrintPassIndex{3}nProcLayerIndex{29}nPrtDataMemAddr{0}nPrtState{0}nReverse{System.Int32[]}nRevPrtCols{0}
LPPRINTER_INFO-LPDRVINFO:nFMVersion{45074}nFpgaVersion{539038216}nPCBVersion{0}nState{0}nNextState{0}nPtvwarnState{0}nCrc32{0}nRevInfo{System.UInt32[]}nSignature{0}
2023-07-08 15:52:24,335 [AppLog] INFO : 创建：AutoPrintMotion1=》不需重新创建-手动操作！
2023-07-08 15:52:24,335 [AppLog] INFO : 进入：EquipmentMotionLogic3=》准备创建对象-手动操作！
2023-07-08 15:52:24,335 [AppLog] INFO : 进入：EquipmentMotionLogic3=》不需重新创建-手动操作！
2023-07-08 15:52:24,335 [AppLog] INFO : 进入：EquipmentMotionLogic3=》赋值完成自-AutoPrintMotion2！
2023-07-08 15:52:24,335 [AppLog] INFO : 进入：EquipmentMotionLogic3=》加载配置文件-LoadJsonFile成功！
2023-07-08 15:52:24,335 [AppLog] INFO : 进入：AutoPrintThread3！
2023-07-08 15:52:24,335 [AppLog] INFO : 准备读取编码器位置：X方向！
2023-07-08 15:52:24,335 [AppLog] INFO : 准备运动，当前位置：DEV_GetPrintEncoderValue：MoveDirectionFlag{false为Y方向：False}CurrentPos{26.69}AimPos{425}
2023-07-08 15:52:24,367 [AppLog] INFO : X方向运动开始：DEM_Run：返回值{True}nAxis{0}DirFlag{True}nSpeed{300000}MoveStep{398310}nCtlValue{2}
2023-07-08 15:52:26,239 [AppLog] INFO : X方向到位停止：DEM_StopAxisRun：返回值{True}CurrentPos{418.95}bImmeStop{False}nAxisMask{1}
2023-07-08 15:52:26,239 [AppLog] INFO : 准备读取编码器位置：Y方向！
2023-07-08 15:52:26,239 [AppLog] INFO : 准备运动，编码器当前位置：DEM_GetAxisEncodeVal：MoveDirectionFlag{false为Y方向：True}CurrentPos{154.995}AimPos{199}
2023-07-08 15:52:26,441 [AppLog] INFO : Y方向运动开始：DEM_Run：返回值{True}nAxis{1}DirFlag{True}nSpeed{300000}MoveStep{44088.213455}nCtlValue{1}
2023-07-08 15:52:26,504 [AppLog] INFO : Y方向到位停止：DEM_StopAxisRun：返回值{True}CurrentPos{194.695}bImmeStop{False}nAxisMask{2}
2023-07-08 15:52:26,504 [AppLog] INFO : 获取打印Pass数据：IDP_GetPassItem2：nLayerIndex{20}nPassID{4}nProcState{3}LPPassDataItemb:PrtDir{False}nDataTxCompleteCnt{1}nHwMemAdrMatchMask{1}nLayerIndex{20}nLayerPassCount{6}nLayerPassIndex{4}nMinJet0ImgLinePos{5475}nPrtMemHwAddr{System.UInt32[]}nPrtDataOffset{System.UInt32[]}nSrcDataSize{System.UInt32[]}nPrtColBytes{System.UInt32[]}nPrtPrecession{10.666}nSrcEndCols{6000}nSrcStartCols{0}nStartEncPos{76511}nValidPassJets{1280}nValidPrtCols{6233}nValidPrtCtlCnts{1}pDataBuf{0}pNextItem{767877456}
2023-07-08 15:52:26,519 [AppLog] INFO : 使能Pass打印成功：IDP_DoPassPrint2：nLayerIndex{20}nPassID{4}
2023-07-08 15:52:26,519 [AppLog] INFO : PASS打印前关键状态：DEV_GetDeviceInfo：nLayerIndex{20}nPassID{4}LPPRINTER_INFO:nXSysEncDPI{5080}nStatus{909129520}nPrintStatus{0}bSuperDevice{1}
LPPRINTER_INFO-LPPrtRunInfo:bJobPrtRuning{True}bLayerPrtIsOver{False}nContReqMemErr{0}nContWDErr{0}nCurPrtDir{0}nDTLayerIndex{29}nDTLayerPassIndex{5}nDTPtrCtlIndex{0}nLayerPassCount{6}nPrintLayerIndex{20}nPrintPassIndex{4}nProcLayerIndex{29}nPrtDataMemAddr{0}nPrtState{0}nReverse{System.Int32[]}nRevPrtCols{0}
LPPRINTER_INFO-LPDRVINFO:nFMVersion{45074}nFpgaVersion{539038216}nPCBVersion{0}nState{0}nNextState{0}nPtvwarnState{0}nCrc32{0}nRevInfo{System.UInt32[]}nSignature{0}
2023-07-08 15:52:26,519 [AppLog] INFO : 创建：AutoPrintMotion1=》不需重新创建-手动操作！
2023-07-08 15:52:26,519 [AppLog] INFO : 进入：EquipmentMotionLogic3=》准备创建对象-手动操作！
2023-07-08 15:52:26,519 [AppLog] INFO : 进入：EquipmentMotionLogic3=》不需重新创建-手动操作！
2023-07-08 15:52:26,519 [AppLog] INFO : 进入：EquipmentMotionLogic3=》赋值完成自-AutoPrintMotion2！
2023-07-08 15:52:26,519 [AppLog] INFO : 进入：EquipmentMotionLogic3=》加载配置文件-LoadJsonFile成功！
2023-07-08 15:52:26,519 [AppLog] INFO : 进入：AutoPrintThread3！
2023-07-08 15:52:26,519 [AppLog] INFO : 准备读取编码器位置：X方向！
2023-07-08 15:52:26,519 [AppLog] INFO : 准备运动，当前位置：DEV_GetPrintEncoderValue：MoveDirectionFlag{false为Y方向：False}CurrentPos{423.305}AimPos{25}
2023-07-08 15:52:26,551 [AppLog] INFO : X方向运动开始：DEM_Run：返回值{True}nAxis{0}DirFlag{False}nSpeed{300000}MoveStep{-398305}nCtlValue{2}
2023-07-08 15:52:28,423 [AppLog] INFO : X方向到位停止：DEM_StopAxisRun：返回值{True}CurrentPos{30.555}bImmeStop{False}nAxisMask{1}
2023-07-08 15:52:28,423 [AppLog] INFO : 准备读取编码器位置：Y方向！
2023-07-08 15:52:28,438 [AppLog] INFO : 准备运动，编码器当前位置：DEM_GetAxisEncodeVal：MoveDirectionFlag{false为Y方向：True}CurrentPos{199.065}AimPos{209.021166666667}
2023-07-08 15:52:28,563 [AppLog] INFO : Y方向运动开始：DEM_Run：返回值{True}nAxis{1}DirFlag{True}nSpeed{300000}MoveStep{9974.99377783333}nCtlValue{1}
2023-07-08 15:52:28,625 [AppLog] INFO : Y方向到位停止：DEM_StopAxisRun：返回值{True}CurrentPos{207.84}bImmeStop{False}nAxisMask{2}
2023-07-08 15:52:28,625 [AppLog] INFO : 获取打印Pass数据：IDP_GetPassItem2：nLayerIndex{20}nPassID{5}nProcState{3}LPPassDataItemb:PrtDir{True}nDataTxCompleteCnt{1}nHwMemAdrMatchMask{1}nLayerIndex{20}nLayerPassCount{6}nLayerPassIndex{5}nMinJet0ImgLinePos{6755}nPrtMemHwAddr{System.UInt32[]}nPrtDataOffset{System.UInt32[]}nSrcDataSize{System.UInt32[]}nPrtColBytes{System.UInt32[]}nPrtPrecession{10.666}nSrcEndCols{6000}nSrcStartCols{0}nStartEncPos{10000}nValidPassJets{1280}nValidPrtCols{6233}nValidPrtCtlCnts{1}pDataBuf{0}pNextItem{0}
2023-07-08 15:52:28,641 [AppLog] INFO : 使能Pass打印成功：IDP_DoPassPrint2：nLayerIndex{20}nPassID{5}
2023-07-08 15:52:28,641 [AppLog] INFO : PASS打印前关键状态：DEV_GetDeviceInfo：nLayerIndex{20}nPassID{5}LPPRINTER_INFO:nXSysEncDPI{5080}nStatus{909129520}nPrintStatus{0}bSuperDevice{1}
LPPRINTER_INFO-LPPrtRunInfo:bJobPrtRuning{True}bLayerPrtIsOver{False}nContReqMemErr{0}nContWDErr{0}nCurPrtDir{0}nDTLayerIndex{29}nDTLayerPassIndex{5}nDTPtrCtlIndex{0}nLayerPassCount{6}nPrintLayerIndex{20}nPrintPassIndex{5}nProcLayerIndex{29}nPrtDataMemAddr{0}nPrtState{0}nReverse{System.Int32[]}nRevPrtCols{0}
LPPRINTER_INFO-LPDRVINFO:nFMVersion{45074}nFpgaVersion{539038216}nPCBVersion{0}nState{0}nNextState{0}nPtvwarnState{0}nCrc32{0}nRevInfo{System.UInt32[]}nSignature{0}
2023-07-08 15:52:28,641 [AppLog] INFO : 创建：AutoPrintMotion1=》不需重新创建-手动操作！
2023-07-08 15:52:28,641 [AppLog] INFO : 进入：EquipmentMotionLogic3=》准备创建对象-手动操作！
2023-07-08 15:52:28,641 [AppLog] INFO : 进入：EquipmentMotionLogic3=》不需重新创建-手动操作！
2023-07-08 15:52:28,641 [AppLog] INFO : 进入：EquipmentMotionLogic3=》赋值完成自-AutoPrintMotion2！
2023-07-08 15:52:28,641 [AppLog] INFO : 进入：EquipmentMotionLogic3=》加载配置文件-LoadJsonFile成功！
2023-07-08 15:52:28,641 [AppLog] INFO : 进入：AutoPrintThread3！
2023-07-08 15:52:28,641 [AppLog] INFO : 准备读取编码器位置：X方向！
2023-07-08 15:52:28,641 [AppLog] INFO : 准备运动，当前位置：DEV_GetPrintEncoderValue：MoveDirectionFlag{false为Y方向：False}CurrentPos{26.625}AimPos{425}
2023-07-08 15:52:28,672 [AppLog] INFO : X方向运动开始：DEM_Run：返回值{True}nAxis{0}DirFlag{True}nSpeed{300000}MoveStep{398375}nCtlValue{2}
2023-07-08 15:52:30,560 [AppLog] INFO : X方向到位停止：DEM_StopAxisRun：返回值{True}CurrentPos{419.64}bImmeStop{False}nAxisMask{1}
2023-07-08 15:52:30,560 [AppLog] INFO : 准备读取编码器位置：X方向！
2023-07-08 15:52:30,560 [AppLog] INFO : 准备运动，当前位置：DEV_GetPrintEncoderValue：MoveDirectionFlag{false为Y方向：False}CurrentPos{419.815}AimPos{780}
2023-07-08 15:52:30,591 [AppLog] INFO : X方向运动开始：DEM_Run：返回值{True}nAxis{0}DirFlag{True}nSpeed{300000}MoveStep{360185}nCtlValue{2}
2023-07-08 15:52:30,653 [AppLog] INFO : 准备读取编码器位置：Y方向！
2023-07-08 15:52:30,653 [AppLog] INFO : 准备运动，编码器当前位置：DEM_GetAxisEncodeVal：MoveDirectionFlag{false为Y方向：True}CurrentPos{209}AimPos{121}
2023-07-08 15:52:31,012 [AppLog] INFO : Y方向运动开始：DEM_Run：返回值{True}nAxis{1}DirFlag{False}nSpeed{300000}MoveStep{-88166.408}nCtlValue{1}
2023-07-08 15:52:32,338 [AppLog] INFO : Y方向到位等停：DEM_StopAxisRun：返回值{True}bImmeStop{False}nAxisMask{1}
2023-07-08 15:52:32,338 [AppLog] INFO : X方向到位等停：DEM_StopAxisRun：返回值{True}bImmeStop{False}nAxisMask{2}
2023-07-08 15:52:32,354 [AppLog] INFO : 开启闪喷操作：IDP_FlashPrtCtl：返回值{True}
2023-07-08 15:52:32,354 [AppLog] INFO : 进入：EquipmentMotionLogic3=》准备创建对象-手动操作！
2023-07-08 15:52:32,354 [AppLog] INFO : 进入：EquipmentMotionLogic3=》不需重新创建-手动操作！
2023-07-08 15:52:32,354 [AppLog] INFO : 进入：EquipmentMotionLogic3=》赋值完成自-AutoPrintMotion2！
2023-07-08 15:52:32,354 [AppLog] INFO : 进入：EquipmentMotionLogic3=》加载配置文件-LoadJsonFile成功！
2023-07-08 15:52:32,354 [AppLog] INFO : 进入自动铺粉逻辑：NewAutoSupplyPowderThread2
2023-07-08 15:52:32,354 [AppLog] INFO : 电气控制模块：手动打开端口14
2023-07-08 15:52:32,354 [AppLog] INFO : 电气控制模块：手动打开端口15
2023-07-08 15:52:32,432 [AppLog] INFO : 手动正向点动指令（8轴运控板卡系统） ====》：输出AXIS{第1轴},点动量{-0.1MM},运动速度{2MM/s}
2023-07-08 15:52:32,432 [AppLog] INFO : 成形面高度下降层厚 TrapSpace{0.1mm}：TrapMoveUp(1, true, Convert.ToString(vel), Convert.ToString(TrapSpace), true, true）
2023-07-08 15:52:33,196 [AppLog] INFO : 手动正向点动指令（8轴运控板卡系统） ====》：输出AXIS{第1轴},点动量{-1.5MM},运动速度{2MM/s}
2023-07-08 15:52:33,196 [AppLog] INFO : 成形面高度下降指定厚度 TrapSpace{1.5mm}：TrapMoveUp(1, true, Convert.ToString(vel), Convert.ToString(TrapSpace), true, true）
2023-07-08 15:52:33,976 [AppLog] INFO : 手动正向点动指令（8轴运控板卡系统） ====》：输出AXIS{第1轴},点动量{1.5MM},运动速度{2MM/s}
2023-07-08 15:52:33,976 [AppLog] INFO : 电气控制模块：手动关闭端口15
2023-07-08 15:52:33,976 [AppLog] INFO : 电气控制模块：手动关闭端口14
2023-07-08 15:52:33,976 [AppLog] INFO : 成形面高度上升层厚 TrapSpace{1.5mm}：TrapMoveUp(1, true, Convert.ToString(vel), Convert.ToString(TrapSpace), true, true）
2023-07-08 15:52:34,226 [AppLog] INFO : 手动正向点动指令（8轴运控板卡系统） ====》：输出AXIS{第8轴},点动量{0.6MM},运动速度{2.5MM/s}
2023-07-08 15:52:34,226 [AppLog] INFO : Hopper落粉轴转2圈落粉，速度0.5rev/s：TrapMoveUp(8, true, 0.5, rotateNuM.ToString(), true, false)
2023-07-08 15:52:35,240 [AppLog] INFO : 开启铺粉车不等停运动，准备运动至准备打印位置215mm，速度250mm/s：BackToStation2
2023-07-08 15:52:36,098 [AppLog] INFO : 手动正向点动指令（8轴运控板卡系统） ====》：输出AXIS{第2轴},点动量{216.5MM},运动速度{250MM/s}
2023-07-08 15:52:36,098 [AppLog] INFO : 当前铺粉车位置：打印位置215mm
2023-07-08 15:52:36,098 [AppLog] INFO : 手动正向点动指令（8轴运控板卡系统） ====》：输出AXIS{第2轴},点动量{480MM},运动速度{25MM/s}
2023-07-08 15:52:36,098 [AppLog] INFO : 开启铺粉车不等停运动至准备打印位置695mm，速度25mm/s：BackToStation2
2023-07-08 15:52:36,207 [AppLog] INFO : 打开IR灯：OpenIRLamp(true)
2023-07-08 15:52:36,347 [AppLog] INFO : 手动正向点动指令（8轴运控板卡系统） ====》：输出AXIS{第3轴},点动量{0.125MM},运动速度{1MM/s}
2023-07-08 15:52:36,347 [AppLog] INFO : 在{40mm}处，落粉轴运动{45度}，落粉轴转速{1rev/s}：TrapMoveUp(3, true, Convert.ToString(DispenseRollerSpeed), 0.5, true, true)
2023-07-08 15:52:36,347 [AppLog] INFO : 手动正向点动指令（8轴运控板卡系统） ====》：输出AXIS{第3轴},点动量{0.5MM},运动速度{0.0376712328767123MM/s}
2023-07-08 15:52:36,347 [AppLog] INFO : 开启均匀落粉及辊子铺平运动：TrapMoveUp(3, true, Convert.ToString(DispenseRollerSpeed), 0.5, true, true)
2023-07-08 15:52:48,016 [AppLog] INFO : 关闭IR灯：OpenIRLamp(false)
2023-07-08 15:52:52,571 [AppLog] INFO : 手动正向点动指令（8轴运控板卡系统） ====》：输出AXIS{第3轴},点动量{0.5MM},运动速度{2MM/s}
2023-07-08 15:52:52,571 [AppLog] INFO : 落粉轴继续转动以倒掉余粉：TrapMoveUp(3, true, 2, 0.5, true, false)
2023-07-08 15:52:55,301 [AppLog] INFO : 电气控制模块：手动打开端口14
2023-07-08 15:52:55,301 [AppLog] INFO : 电气控制模块：手动打开端口15
2023-07-08 15:52:56,081 [AppLog] INFO : 手动正向点动指令（8轴运控板卡系统） ====》：输出AXIS{第1轴},点动量{-1.5MM},运动速度{2MM/s}
2023-07-08 15:52:56,081 [AppLog] INFO : 电气控制模块：手动关闭端口15
2023-07-08 15:52:56,081 [AppLog] INFO : 电气控制模块：手动关闭端口14
2023-07-08 15:52:56,081 [AppLog] INFO : 成形面高度下降指定厚度 TrapSpace{1.5mm}：TrapMoveUp(1, true, Convert.ToString(vel), Convert.ToString(TrapSpace), true, true）
2023-07-08 15:52:58,874 [AppLog] INFO : 手动正向点动指令（8轴运控板卡系统） ====》：输出AXIS{第2轴},点动量{-696.5MM},运动速度{250MM/s}
2023-07-08 15:52:58,874 [AppLog] INFO : 铺粉车返回至站1：BackToStation2(AimPos, MovSpeed, true)：-1.5mm，速度250mm/s：BackToStation2
2023-07-08 15:52:59,654 [AppLog] INFO : 落粉轴回零成功：motionMap.SetBackSpreaderAxis(3, 0.5, 2, -SinkPosition)：ReturnCode{True}
2023-07-08 15:52:59,654 [AppLog] INFO : 电气控制模块：手动打开端口14
2023-07-08 15:52:59,654 [AppLog] INFO : 电气控制模块：手动打开端口15
2023-07-08 15:53:00,418 [AppLog] INFO : 手动正向点动指令（8轴运控板卡系统） ====》：输出AXIS{第1轴},点动量{1.5MM},运动速度{2MM/s}
2023-07-08 15:53:00,418 [AppLog] INFO : 电气控制模块：手动关闭端口15
2023-07-08 15:53:00,418 [AppLog] INFO : 电气控制模块：手动关闭端口14
2023-07-08 15:53:00,418 [AppLog] INFO : 成形面高度上升层厚 TrapSpace{1.5mm}：TrapMoveUp(1, true, Convert.ToString(vel), Convert.ToString(TrapSpace), true, true）
2023-07-08 15:53:00,418 [AppLog] INFO : 自动铺粉正常结束：NewAutoSupplyPowderThread2
2023-07-08 15:53:00,418 [AppLog] INFO : 发送监控指令，拍照记录1条：SendMessageFromSharedMemory
2023-07-08 15:53:00,418 [AppLog] INFO : 铺粉模式：铺粉固化同时进行！
2023-07-08 15:53:00,418 [AppLog] INFO : 执行完成铺粉固化操作：EquipmentMotionLogic3：m_bApplyPowderSupplyMotion:0
2023-07-08 15:53:00,418 [AppLog] INFO : 接收到恢复打印指令：PrintTaskTHREAD
2023-07-08 15:53:00,418 [AppLog] INFO : 获取打印Pass数据：IDP_GetPassItem2：nLayerIndex{21}nPassID{0}nProcState{3}LPPassDataItemb:PrtDir{False}nDataTxCompleteCnt{1}nHwMemAdrMatchMask{1}nLayerIndex{21}nLayerPassCount{6}nLayerPassIndex{0}nMinJet0ImgLinePos{355}nPrtMemHwAddr{System.UInt32[]}nPrtDataOffset{System.UInt32[]}nSrcDataSize{System.UInt32[]}nPrtColBytes{System.UInt32[]}nPrtPrecession{10.666}nSrcEndCols{6000}nSrcStartCols{0}nStartEncPos{76511}nValidPassJets{1280}nValidPrtCols{6233}nValidPrtCtlCnts{1}pDataBuf{0}pNextItem{767879056}
2023-07-08 15:53:00,434 [AppLog] INFO : 使能Pass打印成功：IDP_DoPassPrint2：nLayerIndex{21}nPassID{0}
2023-07-08 15:53:00,434 [AppLog] INFO : PASS打印前关键状态：DEV_GetDeviceInfo：nLayerIndex{21}nPassID{0}LPPRINTER_INFO:nXSysEncDPI{5080}nStatus{909129520}nPrintStatus{0}bSuperDevice{1}
LPPRINTER_INFO-LPPrtRunInfo:bJobPrtRuning{True}bLayerPrtIsOver{False}nContReqMemErr{0}nContWDErr{0}nCurPrtDir{0}nDTLayerIndex{29}nDTLayerPassIndex{5}nDTPtrCtlIndex{0}nLayerPassCount{6}nPrintLayerIndex{21}nPrintPassIndex{0}nProcLayerIndex{29}nPrtDataMemAddr{0}nPrtState{0}nReverse{System.Int32[]}nRevPrtCols{0}
LPPRINTER_INFO-LPDRVINFO:nFMVersion{45074}nFpgaVersion{539038216}nPCBVersion{0}nState{0}nNextState{0}nPtvwarnState{0}nCrc32{0}nRevInfo{System.UInt32[]}nSignature{0}
2023-07-08 15:53:00,434 [AppLog] INFO : 创建：AutoPrintMotion1=》不需重新创建-手动操作！
2023-07-08 15:53:00,434 [AppLog] INFO : 进入：EquipmentMotionLogic3=》准备创建对象-手动操作！
2023-07-08 15:53:00,434 [AppLog] INFO : 进入：EquipmentMotionLogic3=》不需重新创建-手动操作！
2023-07-08 15:53:00,434 [AppLog] INFO : 进入：EquipmentMotionLogic3=》赋值完成自-AutoPrintMotion2！
2023-07-08 15:53:00,434 [AppLog] INFO : 进入：EquipmentMotionLogic3=》加载配置文件-LoadJsonFile成功！
2023-07-08 15:53:00,434 [AppLog] INFO : 进入自动清洗过程：AutoCleanThread
2023-07-08 15:53:00,590 [AppLog] INFO : 准备处理第29层数据：准备调用RenderToWic，index为29，subindex为0，g_nRePrintTimes为1，起始层为0
2023-07-08 15:53:00,652 [AppLog] INFO : 完成处理第29层数据：准备调用DrawLayerBMP，index为29，起始层为0
2023-07-08 15:53:00,652 [AppLog] INFO : 完成处理第29层数据：准备调用DrawLayerBMP，index为29，起始层为0
2023-07-08 15:53:00,808 [AppLog] INFO : 刮墨轴回零成功：motionMap.SetBackSpreaderAxis(4, 1, 2, -SinkHomePosition)
2023-07-08 15:53:00,808 [AppLog] INFO : 准备读取编码器位置：Y方向！
2023-07-08 15:53:00,808 [AppLog] INFO : 准备运动，编码器当前位置：DEM_GetAxisEncodeVal：MoveDirectionFlag{false为Y方向：True}CurrentPos{121.045}AimPos{116}
2023-07-08 15:53:00,933 [AppLog] INFO : Y方向运动开始：DEM_Run：返回值{True}nAxis{1}DirFlag{False}nSpeed{300000}MoveStep{-5054.540095}nCtlValue{1}
2023-07-08 15:53:00,995 [AppLog] INFO : Y方向到位停止：DEM_StopAxisRun：返回值{True}CurrentPos{116.51}bImmeStop{False}nAxisMask{2}
2023-07-08 15:53:00,995 [AppLog] INFO : 准备读取编码器位置：X方向！
2023-07-08 15:53:00,995 [AppLog] INFO : 准备运动，当前位置：DEV_GetPrintEncoderValue：MoveDirectionFlag{false为Y方向：False}CurrentPos{783.555}AimPos{780}
2023-07-08 15:53:01,011 [AppLog] INFO : 作业写入成功：IDP_WriteImgLayerData：bpp:{1bit}灰阶:{1阶}nLayerIndex{30}LayerIndex{29}SubIndex{1}RePrintTimes{1}nBytesPerLine{752}nWidth{6001}nHeight{7680}nXEncOff{0}nYJetOff{355}nImgStartJetIndex{0}nXDPI{476.25}nYDPI{600}nPrtDir{0} nPrtFlag{1}nColorCnts{1}nReserved{System.Int32[]}
2023-07-08 15:53:01,011 [AppLog] INFO : 完成处理第29层数据：准备调用RenderToWic，index为29，subindex为0，g_nRePrintTimes为1，起始层为0
2023-07-08 15:53:01,027 [AppLog] INFO : X方向运动开始：DEM_Run：返回值{True}nAxis{0}DirFlag{False}nSpeed{300000}MoveStep{-3555.00000000006}nCtlValue{2}
2023-07-08 15:53:01,214 [AppLog] INFO : X方向到位停止：DEM_StopAxisRun：返回值{True}CurrentPos{781.62}bImmeStop{False}nAxisMask{1}
2023-07-08 15:53:02,446 [AppLog] INFO : 开启手动清洗挤墨喷头，DEV_EnableTimer: 端口{11}，清洗控制周期：{0.5}S,{0.5}S
2023-07-08 15:53:03,460 [AppLog] INFO : 关闭手动清洗挤墨喷头：DEV_EnableTimer
2023-07-08 15:53:03,460 [AppLog] INFO : 压墨等待开启：{1.5S}
2023-07-08 15:53:04,973 [AppLog] INFO : 压墨等待完成：{1.5S}
2023-07-08 15:53:04,973 [AppLog] INFO : 准备读取编码器位置：X方向！
2023-07-08 15:53:04,973 [AppLog] INFO : 准备运动，当前位置：DEV_GetPrintEncoderValue：MoveDirectionFlag{false为Y方向：False}CurrentPos{780.35}AimPos{680}
2023-07-08 15:53:05,005 [AppLog] INFO : X方向运动开始：DEM_Run：返回值{True}nAxis{0}DirFlag{False}nSpeed{200000}MoveStep{-100350}nCtlValue{2}
2023-07-08 15:53:05,863 [AppLog] INFO : X方向到位停止：DEM_StopAxisRun：返回值{True}CurrentPos{684.025}bImmeStop{False}nAxisMask{1}
2023-07-08 15:53:06,440 [AppLog] INFO : 结束自动清洗过程：AutoCleanThread
2023-07-08 15:53:06,440 [AppLog] INFO : 进入：EquipmentMotionLogic3=》准备创建对象-手动操作！
2023-07-08 15:53:06,440 [AppLog] INFO : 进入：EquipmentMotionLogic3=》不需重新创建-手动操作！
2023-07-08 15:53:06,440 [AppLog] INFO : 进入：EquipmentMotionLogic3=》赋值完成自-AutoPrintMotion2！
2023-07-08 15:53:06,440 [AppLog] INFO : 进入：EquipmentMotionLogic3=》加载配置文件-LoadJsonFile成功！
2023-07-08 15:53:06,440 [AppLog] INFO : 进入：AutoPrintThread3！
2023-07-08 15:53:06,440 [AppLog] INFO : 关闭闪喷操作：IDP_FlashPrtCtl：返回值{True}
2023-07-08 15:53:06,440 [AppLog] INFO : 准备读取编码器位置：Y方向！
2023-07-08 15:53:06,440 [AppLog] INFO : 准备运动，编码器当前位置：DEM_GetAxisEncodeVal：MoveDirectionFlag{false为Y方向：True}CurrentPos{115.99}AimPos{93.5}
2023-07-08 15:53:06,596 [AppLog] INFO : Y方向运动开始：DEM_Run：返回值{True}nAxis{1}DirFlag{False}nSpeed{300000}MoveStep{-22532.52859}nCtlValue{1}
2023-07-08 15:53:06,658 [AppLog] INFO : 准备读取编码器位置：X方向！
2023-07-08 15:53:06,658 [AppLog] INFO : 准备运动，当前位置：DEV_GetPrintEncoderValue：MoveDirectionFlag{false为Y方向：False}CurrentPos{680.22}AimPos{425}
2023-07-08 15:53:06,689 [AppLog] INFO : X方向运动开始：DEM_Run：返回值{True}nAxis{0}DirFlag{False}nSpeed{300000}MoveStep{-255220}nCtlValue{2}
2023-07-08 15:53:08,078 [AppLog] INFO : X方向到位停止：DEM_StopAxisRun：返回值{True}CurrentPos{430.185}bImmeStop{False}nAxisMask{1}
2023-07-08 15:53:08,078 [AppLog] INFO : 准备读取编码器位置：X方向！
2023-07-08 15:53:08,078 [AppLog] INFO : 准备运动，当前位置：DEV_GetPrintEncoderValue：MoveDirectionFlag{false为Y方向：False}CurrentPos{429.985}AimPos{25}
2023-07-08 15:53:08,109 [AppLog] INFO : X方向运动开始：DEM_Run：返回值{True}nAxis{0}DirFlag{False}nSpeed{300000}MoveStep{-404985}nCtlValue{2}
2023-07-08 15:53:10,012 [AppLog] INFO : X方向到位停止：DEM_StopAxisRun：返回值{True}CurrentPos{23.99}bImmeStop{False}nAxisMask{1}
2023-07-08 15:53:10,012 [AppLog] INFO : 准备读取编码器位置：Y方向！
2023-07-08 15:53:10,012 [AppLog] INFO : 准备运动，编码器当前位置：DEM_GetAxisEncodeVal：MoveDirectionFlag{false为Y方向：True}CurrentPos{93.5}AimPos{98.5211666666667}
2023-07-08 15:53:10,153 [AppLog] INFO : Y方向运动开始：DEM_Run：返回值{True}nAxis{1}DirFlag{True}nSpeed{300000}MoveStep{5030.66169283334}nCtlValue{1}
2023-07-08 15:53:10,231 [AppLog] INFO : Y方向到位停止：DEM_StopAxisRun：返回值{True}CurrentPos{97.96}bImmeStop{False}nAxisMask{2}
2023-07-08 15:53:10,231 [AppLog] INFO : 获取打印Pass数据：IDP_GetPassItem2：nLayerIndex{21}nPassID{1}nProcState{3}LPPassDataItemb:PrtDir{True}nDataTxCompleteCnt{1}nHwMemAdrMatchMask{1}nLayerIndex{21}nLayerPassCount{6}nLayerPassIndex{1}nMinJet0ImgLinePos{1635}nPrtMemHwAddr{System.UInt32[]}nPrtDataOffset{System.UInt32[]}nSrcDataSize{System.UInt32[]}nPrtColBytes{System.UInt32[]}nPrtPrecession{10.666}nSrcEndCols{6000}nSrcStartCols{0}nStartEncPos{10000}nValidPassJets{1280}nValidPrtCols{6233}nValidPrtCtlCnts{1}pDataBuf{0}pNextItem{767878896}
2023-07-08 15:53:10,231 [AppLog] INFO : 使能Pass打印成功：IDP_DoPassPrint2：nLayerIndex{21}nPassID{1}
2023-07-08 15:53:10,246 [AppLog] INFO : PASS打印前关键状态：DEV_GetDeviceInfo：nLayerIndex{21}nPassID{1}LPPRINTER_INFO:nXSysEncDPI{5080}nStatus{909129520}nPrintStatus{0}bSuperDevice{1}
LPPRINTER_INFO-LPPrtRunInfo:bJobPrtRuning{True}bLayerPrtIsOver{False}nContReqMemErr{0}nContWDErr{0}nCurPrtDir{0}nDTLayerIndex{30}nDTLayerPassIndex{5}nDTPtrCtlIndex{0}nLayerPassCount{6}nPrintLayerIndex{21}nPrintPassIndex{1}nProcLayerIndex{30}nPrtDataMemAddr{0}nPrtState{0}nReverse{System.Int32[]}nRevPrtCols{0}
LPPRINTER_INFO-LPDRVINFO:nFMVersion{45074}nFpgaVersion{539038216}nPCBVersion{0}nState{0}nNextState{0}nPtvwarnState{0}nCrc32{0}nRevInfo{System.UInt32[]}nSignature{0}
2023-07-08 15:53:10,246 [AppLog] INFO : 创建：AutoPrintMotion1=》不需重新创建-手动操作！
2023-07-08 15:53:10,246 [AppLog] INFO : 进入：EquipmentMotionLogic3=》准备创建对象-手动操作！
2023-07-08 15:53:10,246 [AppLog] INFO : 进入：EquipmentMotionLogic3=》不需重新创建-手动操作！
2023-07-08 15:53:10,246 [AppLog] INFO : 进入：EquipmentMotionLogic3=》赋值完成自-AutoPrintMotion2！
2023-07-08 15:53:10,246 [AppLog] INFO : 进入：EquipmentMotionLogic3=》加载配置文件-LoadJsonFile成功！
2023-07-08 15:53:10,246 [AppLog] INFO : 进入：AutoPrintThread3！
2023-07-08 15:53:10,246 [AppLog] INFO : 准备读取编码器位置：X方向！
2023-07-08 15:53:10,246 [AppLog] INFO : 准备运动，当前位置：DEV_GetPrintEncoderValue：MoveDirectionFlag{false为Y方向：False}CurrentPos{21.18}AimPos{425}
2023-07-08 15:53:10,277 [AppLog] INFO : X方向运动开始：DEM_Run：返回值{True}nAxis{0}DirFlag{True}nSpeed{300000}MoveStep{403820}nCtlValue{2}
2023-07-08 15:53:12,165 [AppLog] INFO : X方向到位停止：DEM_StopAxisRun：返回值{True}CurrentPos{419.185}bImmeStop{False}nAxisMask{1}
2023-07-08 15:53:12,165 [AppLog] INFO : 准备读取编码器位置：Y方向！
2023-07-08 15:53:12,165 [AppLog] INFO : 准备运动，编码器当前位置：DEM_GetAxisEncodeVal：MoveDirectionFlag{false为Y方向：True}CurrentPos{98.505}AimPos{147.5}
2023-07-08 15:53:12,399 [AppLog] INFO : Y方向运动开始：DEM_Run：返回值{True}nAxis{1}DirFlag{True}nSpeed{300000}MoveStep{49087.649545}nCtlValue{1}
2023-07-08 15:53:12,461 [AppLog] INFO : Y方向到位停止：DEM_StopAxisRun：返回值{True}CurrentPos{144.185}bImmeStop{False}nAxisMask{2}
2023-07-08 15:53:12,461 [AppLog] INFO : 获取打印Pass数据：IDP_GetPassItem2：nLayerIndex{21}nPassID{2}nProcState{3}LPPassDataItemb:PrtDir{False}nDataTxCompleteCnt{1}nHwMemAdrMatchMask{1}nLayerIndex{21}nLayerPassCount{6}nLayerPassIndex{2}nMinJet0ImgLinePos{2915}nPrtMemHwAddr{System.UInt32[]}nPrtDataOffset{System.UInt32[]}nSrcDataSize{System.UInt32[]}nPrtColBytes{System.UInt32[]}nPrtPrecession{10.666}nSrcEndCols{6000}nSrcStartCols{0}nStartEncPos{76511}nValidPassJets{1280}nValidPrtCols{6233}nValidPrtCtlCnts{1}pDataBuf{0}pNextItem{767878736}
2023-07-08 15:53:12,477 [AppLog] INFO : 使能Pass打印成功：IDP_DoPassPrint2：nLayerIndex{21}nPassID{2}
2023-07-08 15:53:12,477 [AppLog] INFO : PASS打印前关键状态：DEV_GetDeviceInfo：nLayerIndex{21}nPassID{2}LPPRINTER_INFO:nXSysEncDPI{5080}nStatus{909129520}nPrintStatus{0}bSuperDevice{1}
LPPRINTER_INFO-LPPrtRunInfo:bJobPrtRuning{True}bLayerPrtIsOver{False}nContReqMemErr{0}nContWDErr{0}nCurPrtDir{0}nDTLayerIndex{30}nDTLayerPassIndex{5}nDTPtrCtlIndex{0}nLayerPassCount{6}nPrintLayerIndex{21}nPrintPassIndex{2}nProcLayerIndex{30}nPrtDataMemAddr{0}nPrtState{0}nReverse{System.Int32[]}nRevPrtCols{0}
LPPRINTER_INFO-LPDRVINFO:nFMVersion{45074}nFpgaVersion{539038216}nPCBVersion{0}nState{0}nNextState{0}nPtvwarnState{0}nCrc32{0}nRevInfo{System.UInt32[]}nSignature{0}
2023-07-08 15:53:12,477 [AppLog] INFO : 创建：AutoPrintMotion1=》不需重新创建-手动操作！
2023-07-08 15:53:12,477 [AppLog] INFO : 进入：EquipmentMotionLogic3=》准备创建对象-手动操作！
2023-07-08 15:53:12,477 [AppLog] INFO : 进入：EquipmentMotionLogic3=》不需重新创建-手动操作！
2023-07-08 15:53:12,477 [AppLog] INFO : 进入：EquipmentMotionLogic3=》赋值完成自-AutoPrintMotion2！
2023-07-08 15:53:12,477 [AppLog] INFO : 进入：EquipmentMotionLogic3=》加载配置文件-LoadJsonFile成功！
2023-07-08 15:53:12,477 [AppLog] INFO : 进入：AutoPrintThread3！
2023-07-08 15:53:12,477 [AppLog] INFO : 准备读取编码器位置：X方向！
2023-07-08 15:53:12,477 [AppLog] INFO : 准备运动，当前位置：DEV_GetPrintEncoderValue：MoveDirectionFlag{false为Y方向：False}CurrentPos{423.285}AimPos{25}
2023-07-08 15:53:12,508 [AppLog] INFO : X方向运动开始：DEM_Run：返回值{True}nAxis{0}DirFlag{False}nSpeed{300000}MoveStep{-398285}nCtlValue{2}
2023-07-08 15:53:14,396 [AppLog] INFO : X方向到位停止：DEM_StopAxisRun：返回值{True}CurrentPos{29.57}bImmeStop{False}nAxisMask{1}
2023-07-08 15:53:14,396 [AppLog] INFO : 准备读取编码器位置：Y方向！
2023-07-08 15:53:14,396 [AppLog] INFO : 准备运动，编码器当前位置：DEM_GetAxisEncodeVal：MoveDirectionFlag{false为Y方向：True}CurrentPos{147.46}AimPos{152.521166666667}
2023-07-08 15:53:14,521 [AppLog] INFO : Y方向运动开始：DEM_Run：返回值{True}nAxis{1}DirFlag{True}nSpeed{300000}MoveStep{5070.73733283332}nCtlValue{1}
2023-07-08 15:53:14,583 [AppLog] INFO : Y方向到位停止：DEM_StopAxisRun：返回值{True}CurrentPos{151.87}bImmeStop{False}nAxisMask{2}
2023-07-08 15:53:14,583 [AppLog] INFO : 获取打印Pass数据：IDP_GetPassItem2：nLayerIndex{21}nPassID{3}nProcState{3}LPPassDataItemb:PrtDir{True}nDataTxCompleteCnt{1}nHwMemAdrMatchMask{1}nLayerIndex{21}nLayerPassCount{6}nLayerPassIndex{3}nMinJet0ImgLinePos{4195}nPrtMemHwAddr{System.UInt32[]}nPrtDataOffset{System.UInt32[]}nSrcDataSize{System.UInt32[]}nPrtColBytes{System.UInt32[]}nPrtPrecession{10.666}nSrcEndCols{6000}nSrcStartCols{0}nStartEncPos{10000}nValidPassJets{1280}nValidPrtCols{6233}nValidPrtCtlCnts{1}pDataBuf{0}pNextItem{767878576}
2023-07-08 15:53:14,614 [AppLog] INFO : 使能Pass打印成功：IDP_DoPassPrint2：nLayerIndex{21}nPassID{3}
2023-07-08 15:53:14,614 [AppLog] INFO : PASS打印前关键状态：DEV_GetDeviceInfo：nLayerIndex{21}nPassID{3}LPPRINTER_INFO:nXSysEncDPI{5080}nStatus{909129520}nPrintStatus{0}bSuperDevice{1}
LPPRINTER_INFO-LPPrtRunInfo:bJobPrtRuning{True}bLayerPrtIsOver{False}nContReqMemErr{0}nContWDErr{0}nCurPrtDir{0}nDTLayerIndex{30}nDTLayerPassIndex{5}nDTPtrCtlIndex{0}nLayerPassCount{6}nPrintLayerIndex{21}nPrintPassIndex{3}nProcLayerIndex{30}nPrtDataMemAddr{0}nPrtState{0}nReverse{System.Int32[]}nRevPrtCols{0}
LPPRINTER_INFO-LPDRVINFO:nFMVersion{45074}nFpgaVersion{539038216}nPCBVersion{0}nState{0}nNextState{0}nPtvwarnState{0}nCrc32{0}nRevInfo{System.UInt32[]}nSignature{0}
2023-07-08 15:53:14,614 [AppLog] INFO : 创建：AutoPrintMotion1=》不需重新创建-手动操作！
2023-07-08 15:53:14,614 [AppLog] INFO : 进入：EquipmentMotionLogic3=》准备创建对象-手动操作！
2023-07-08 15:53:14,614 [AppLog] INFO : 进入：EquipmentMotionLogic3=》不需重新创建-手动操作！
2023-07-08 15:53:14,614 [AppLog] INFO : 进入：EquipmentMotionLogic3=》赋值完成自-AutoPrintMotion2！
2023-07-08 15:53:14,614 [AppLog] INFO : 进入：EquipmentMotionLogic3=》加载配置文件-LoadJsonFile成功！
2023-07-08 15:53:14,614 [AppLog] INFO : 进入：AutoPrintThread3！
2023-07-08 15:53:14,614 [AppLog] INFO : 准备读取编码器位置：X方向！
2023-07-08 15:53:14,614 [AppLog] INFO : 准备运动，当前位置：DEV_GetPrintEncoderValue：MoveDirectionFlag{false为Y方向：False}CurrentPos{26.69}AimPos{425}
2023-07-08 15:53:14,645 [AppLog] INFO : X方向运动开始：DEM_Run：返回值{True}nAxis{0}DirFlag{True}nSpeed{300000}MoveStep{398310}nCtlValue{2}
2023-07-08 15:53:16,517 [AppLog] INFO : X方向到位停止：DEM_StopAxisRun：返回值{True}CurrentPos{418.935}bImmeStop{False}nAxisMask{1}
2023-07-08 15:53:16,517 [AppLog] INFO : 准备读取编码器位置：Y方向！
2023-07-08 15:53:16,517 [AppLog] INFO : 准备运动，编码器当前位置：DEM_GetAxisEncodeVal：MoveDirectionFlag{false为Y方向：True}CurrentPos{152.535}AimPos{201.5}
2023-07-08 15:53:16,751 [AppLog] INFO : Y方向运动开始：DEM_Run：返回值{True}nAxis{1}DirFlag{True}nSpeed{300000}MoveStep{49057.592815}nCtlValue{1}
2023-07-08 15:53:16,814 [AppLog] INFO : Y方向到位停止：DEM_StopAxisRun：返回值{True}CurrentPos{198.175}bImmeStop{False}nAxisMask{2}
2023-07-08 15:53:16,814 [AppLog] INFO : 获取打印Pass数据：IDP_GetPassItem2：nLayerIndex{21}nPassID{4}nProcState{3}LPPassDataItemb:PrtDir{False}nDataTxCompleteCnt{1}nHwMemAdrMatchMask{1}nLayerIndex{21}nLayerPassCount{6}nLayerPassIndex{4}nMinJet0ImgLinePos{5475}nPrtMemHwAddr{System.UInt32[]}nPrtDataOffset{System.UInt32[]}nSrcDataSize{System.UInt32[]}nPrtColBytes{System.UInt32[]}nPrtPrecession{10.666}nSrcEndCols{6000}nSrcStartCols{0}nStartEncPos{76511}nValidPassJets{1280}nValidPrtCols{6233}nValidPrtCtlCnts{1}pDataBuf{0}pNextItem{767878416}
2023-07-08 15:53:16,829 [AppLog] INFO : 使能Pass打印成功：IDP_DoPassPrint2：nLayerIndex{21}nPassID{4}
2023-07-08 15:53:16,829 [AppLog] INFO : PASS打印前关键状态：DEV_GetDeviceInfo：nLayerIndex{21}nPassID{4}LPPRINTER_INFO:nXSysEncDPI{5080}nStatus{909129520}nPrintStatus{0}bSuperDevice{1}
LPPRINTER_INFO-LPPrtRunInfo:bJobPrtRuning{True}bLayerPrtIsOver{False}nContReqMemErr{0}nContWDErr{0}nCurPrtDir{0}nDTLayerIndex{30}nDTLayerPassIndex{5}nDTPtrCtlIndex{0}nLayerPassCount{6}nPrintLayerIndex{21}nPrintPassIndex{4}nProcLayerIndex{30}nPrtDataMemAddr{0}nPrtState{0}nReverse{System.Int32[]}nRevPrtCols{0}
LPPRINTER_INFO-LPDRVINFO:nFMVersion{45074}nFpgaVersion{539038216}nPCBVersion{0}nState{0}nNextState{0}nPtvwarnState{0}nCrc32{0}nRevInfo{System.UInt32[]}nSignature{0}
2023-07-08 15:53:16,829 [AppLog] INFO : 创建：AutoPrintMotion1=》不需重新创建-手动操作！
2023-07-08 15:53:16,829 [AppLog] INFO : 进入：EquipmentMotionLogic3=》准备创建对象-手动操作！
2023-07-08 15:53:16,829 [AppLog] INFO : 进入：EquipmentMotionLogic3=》不需重新创建-手动操作！
2023-07-08 15:53:16,829 [AppLog] INFO : 进入：EquipmentMotionLogic3=》赋值完成自-AutoPrintMotion2！
2023-07-08 15:53:16,829 [AppLog] INFO : 进入：EquipmentMotionLogic3=》加载配置文件-LoadJsonFile成功！
2023-07-08 15:53:16,829 [AppLog] INFO : 进入：AutoPrintThread3！
2023-07-08 15:53:16,829 [AppLog] INFO : 准备读取编码器位置：X方向！
2023-07-08 15:53:16,829 [AppLog] INFO : 准备运动，当前位置：DEV_GetPrintEncoderValue：MoveDirectionFlag{false为Y方向：False}CurrentPos{423.315}AimPos{25}
2023-07-08 15:53:16,861 [AppLog] INFO : X方向运动开始：DEM_Run：返回值{True}nAxis{0}DirFlag{False}nSpeed{300000}MoveStep{-398315}nCtlValue{2}
2023-07-08 15:53:18,733 [AppLog] INFO : X方向到位停止：DEM_StopAxisRun：返回值{True}CurrentPos{30.89}bImmeStop{False}nAxisMask{1}
2023-07-08 15:53:18,733 [AppLog] INFO : 准备读取编码器位置：Y方向！
2023-07-08 15:53:18,733 [AppLog] INFO : 准备运动，编码器当前位置：DEM_GetAxisEncodeVal：MoveDirectionFlag{false为Y方向：True}CurrentPos{201.53}AimPos{206.521166666667}
2023-07-08 15:53:18,858 [AppLog] INFO : Y方向运动开始：DEM_Run：返回值{True}nAxis{1}DirFlag{True}nSpeed{300000}MoveStep{5000.60496283332}nCtlValue{1}
2023-07-08 15:53:18,920 [AppLog] INFO : Y方向到位停止：DEM_StopAxisRun：返回值{True}CurrentPos{205.925}bImmeStop{False}nAxisMask{2}
2023-07-08 15:53:18,920 [AppLog] INFO : 获取打印Pass数据：IDP_GetPassItem2：nLayerIndex{21}nPassID{5}nProcState{3}LPPassDataItemb:PrtDir{True}nDataTxCompleteCnt{1}nHwMemAdrMatchMask{1}nLayerIndex{21}nLayerPassCount{6}nLayerPassIndex{5}nMinJet0ImgLinePos{6755}nPrtMemHwAddr{System.UInt32[]}nPrtDataOffset{System.UInt32[]}nSrcDataSize{System.UInt32[]}nPrtColBytes{System.UInt32[]}nPrtPrecession{10.666}nSrcEndCols{6000}nSrcStartCols{0}nStartEncPos{10000}nValidPassJets{1280}nValidPrtCols{6233}nValidPrtCtlCnts{1}pDataBuf{0}pNextItem{0}
2023-07-08 15:53:18,936 [AppLog] INFO : 使能Pass打印成功：IDP_DoPassPrint2：nLayerIndex{21}nPassID{5}
2023-07-08 15:53:18,936 [AppLog] INFO : PASS打印前关键状态：DEV_GetDeviceInfo：nLayerIndex{21}nPassID{5}LPPRINTER_INFO:nXSysEncDPI{5080}nStatus{909129520}nPrintStatus{0}bSuperDevice{1}
LPPRINTER_INFO-LPPrtRunInfo:bJobPrtRuning{True}bLayerPrtIsOver{False}nContReqMemErr{0}nContWDErr{0}nCurPrtDir{0}nDTLayerIndex{30}nDTLayerPassIndex{5}nDTPtrCtlIndex{0}nLayerPassCount{6}nPrintLayerIndex{21}nPrintPassIndex{5}nProcLayerIndex{30}nPrtDataMemAddr{0}nPrtState{0}nReverse{System.Int32[]}nRevPrtCols{0}
LPPRINTER_INFO-LPDRVINFO:nFMVersion{45074}nFpgaVersion{539038216}nPCBVersion{0}nState{0}nNextState{0}nPtvwarnState{0}nCrc32{0}nRevInfo{System.UInt32[]}nSignature{0}
2023-07-08 15:53:18,936 [AppLog] INFO : 创建：AutoPrintMotion1=》不需重新创建-手动操作！
2023-07-08 15:53:18,936 [AppLog] INFO : 进入：EquipmentMotionLogic3=》准备创建对象-手动操作！
2023-07-08 15:53:18,936 [AppLog] INFO : 进入：EquipmentMotionLogic3=》不需重新创建-手动操作！
2023-07-08 15:53:18,936 [AppLog] INFO : 进入：EquipmentMotionLogic3=》赋值完成自-AutoPrintMotion2！
2023-07-08 15:53:18,936 [AppLog] INFO : 进入：EquipmentMotionLogic3=》加载配置文件-LoadJsonFile成功！
2023-07-08 15:53:18,936 [AppLog] INFO : 进入：AutoPrintThread3！
2023-07-08 15:53:18,936 [AppLog] INFO : 准备读取编码器位置：X方向！
2023-07-08 15:53:18,936 [AppLog] INFO : 准备运动，当前位置：DEV_GetPrintEncoderValue：MoveDirectionFlag{false为Y方向：False}CurrentPos{26.665}AimPos{425}
2023-07-08 15:53:18,967 [AppLog] INFO : X方向运动开始：DEM_Run：返回值{True}nAxis{0}DirFlag{True}nSpeed{300000}MoveStep{398335}nCtlValue{2}
2023-07-08 15:53:20,839 [AppLog] INFO : X方向到位停止：DEM_StopAxisRun：返回值{True}CurrentPos{418.9}bImmeStop{False}nAxisMask{1}
2023-07-08 15:53:20,839 [AppLog] INFO : 准备读取编码器位置：X方向！
2023-07-08 15:53:20,839 [AppLog] INFO : 准备运动，当前位置：DEV_GetPrintEncoderValue：MoveDirectionFlag{false为Y方向：False}CurrentPos{419.09}AimPos{780}
2023-07-08 15:53:20,870 [AppLog] INFO : X方向运动开始：DEM_Run：返回值{True}nAxis{0}DirFlag{True}nSpeed{300000}MoveStep{360910}nCtlValue{2}
2023-07-08 15:53:20,932 [AppLog] INFO : 准备读取编码器位置：Y方向！
2023-07-08 15:53:20,932 [AppLog] INFO : 准备运动，编码器当前位置：DEM_GetAxisEncodeVal：MoveDirectionFlag{false为Y方向：True}CurrentPos{206.495}AimPos{121}
2023-07-08 15:53:21,276 [AppLog] INFO : Y方向运动开始：DEM_Run：返回值{True}nAxis{1}DirFlag{False}nSpeed{300000}MoveStep{-85656.671045}nCtlValue{1}
2023-07-08 15:53:22,633 [AppLog] INFO : Y方向到位等停：DEM_StopAxisRun：返回值{True}bImmeStop{False}nAxisMask{1}
2023-07-08 15:53:22,633 [AppLog] INFO : X方向到位等停：DEM_StopAxisRun：返回值{True}bImmeStop{False}nAxisMask{2}
2023-07-08 15:53:22,648 [AppLog] INFO : 开启闪喷操作：IDP_FlashPrtCtl：返回值{True}
2023-07-08 15:53:22,648 [AppLog] INFO : 进入：EquipmentMotionLogic3=》准备创建对象-手动操作！
2023-07-08 15:53:22,648 [AppLog] INFO : 进入：EquipmentMotionLogic3=》不需重新创建-手动操作！
2023-07-08 15:53:22,648 [AppLog] INFO : 进入：EquipmentMotionLogic3=》赋值完成自-AutoPrintMotion2！
2023-07-08 15:53:22,648 [AppLog] INFO : 进入：EquipmentMotionLogic3=》加载配置文件-LoadJsonFile成功！
2023-07-08 15:53:22,648 [AppLog] INFO : 进入自动铺粉逻辑：NewAutoSupplyPowderThread2
2023-07-08 15:53:22,648 [AppLog] INFO : 电气控制模块：手动打开端口14
2023-07-08 15:53:22,648 [AppLog] INFO : 电气控制模块：手动打开端口15
2023-07-08 15:53:22,726 [AppLog] INFO : 手动正向点动指令（8轴运控板卡系统） ====》：输出AXIS{第1轴},点动量{-0.1MM},运动速度{2MM/s}
2023-07-08 15:53:22,726 [AppLog] INFO : 成形面高度下降层厚 TrapSpace{0.1mm}：TrapMoveUp(1, true, Convert.ToString(vel), Convert.ToString(TrapSpace), true, true）
2023-07-08 15:53:23,491 [AppLog] INFO : 手动正向点动指令（8轴运控板卡系统） ====》：输出AXIS{第1轴},点动量{-1.5MM},运动速度{2MM/s}
2023-07-08 15:53:23,491 [AppLog] INFO : 成形面高度下降指定厚度 TrapSpace{1.5mm}：TrapMoveUp(1, true, Convert.ToString(vel), Convert.ToString(TrapSpace), true, true）
2023-07-08 15:53:24,271 [AppLog] INFO : 手动正向点动指令（8轴运控板卡系统） ====》：输出AXIS{第1轴},点动量{1.5MM},运动速度{2MM/s}
2023-07-08 15:53:24,271 [AppLog] INFO : 电气控制模块：手动关闭端口15
2023-07-08 15:53:24,271 [AppLog] INFO : 电气控制模块：手动关闭端口14
2023-07-08 15:53:24,271 [AppLog] INFO : 成形面高度上升层厚 TrapSpace{1.5mm}：TrapMoveUp(1, true, Convert.ToString(vel), Convert.ToString(TrapSpace), true, true）
2023-07-08 15:53:24,520 [AppLog] INFO : 手动正向点动指令（8轴运控板卡系统） ====》：输出AXIS{第8轴},点动量{0.6MM},运动速度{2.5MM/s}
2023-07-08 15:53:24,520 [AppLog] INFO : Hopper落粉轴转2圈落粉，速度0.5rev/s：TrapMoveUp(8, true, 0.5, rotateNuM.ToString(), true, false)
2023-07-08 15:53:25,534 [AppLog] INFO : 开启铺粉车不等停运动，准备运动至准备打印位置215mm，速度250mm/s：BackToStation2
2023-07-08 15:53:26,392 [AppLog] INFO : 手动正向点动指令（8轴运控板卡系统） ====》：输出AXIS{第2轴},点动量{216.5MM},运动速度{250MM/s}
2023-07-08 15:53:26,392 [AppLog] INFO : 当前铺粉车位置：打印位置215mm
2023-07-08 15:53:26,392 [AppLog] INFO : 手动正向点动指令（8轴运控板卡系统） ====》：输出AXIS{第2轴},点动量{480MM},运动速度{25MM/s}
2023-07-08 15:53:26,392 [AppLog] INFO : 开启铺粉车不等停运动至准备打印位置695mm，速度25mm/s：BackToStation2
2023-07-08 15:53:26,517 [AppLog] INFO : 打开IR灯：OpenIRLamp(true)
2023-07-08 15:53:26,658 [AppLog] INFO : 手动正向点动指令（8轴运控板卡系统） ====》：输出AXIS{第3轴},点动量{0.125MM},运动速度{1MM/s}
2023-07-08 15:53:26,658 [AppLog] INFO : 在{40mm}处，落粉轴运动{45度}，落粉轴转速{1rev/s}：TrapMoveUp(3, true, Convert.ToString(DispenseRollerSpeed), 0.5, true, true)
2023-07-08 15:53:26,658 [AppLog] INFO : 手动正向点动指令（8轴运控板卡系统） ====》：输出AXIS{第3轴},点动量{0.5MM},运动速度{0.0376712328767123MM/s}
2023-07-08 15:53:26,658 [AppLog] INFO : 开启均匀落粉及辊子铺平运动：TrapMoveUp(3, true, Convert.ToString(DispenseRollerSpeed), 0.5, true, true)
2023-07-08 15:53:38,311 [AppLog] INFO : 关闭IR灯：OpenIRLamp(false)
2023-07-08 15:53:42,866 [AppLog] INFO : 手动正向点动指令（8轴运控板卡系统） ====》：输出AXIS{第3轴},点动量{0.5MM},运动速度{2MM/s}
2023-07-08 15:53:42,866 [AppLog] INFO : 落粉轴继续转动以倒掉余粉：TrapMoveUp(3, true, 2, 0.5, true, false)
2023-07-08 15:53:45,596 [AppLog] INFO : 电气控制模块：手动打开端口14
2023-07-08 15:53:45,596 [AppLog] INFO : 电气控制模块：手动打开端口15
2023-07-08 15:53:46,376 [AppLog] INFO : 手动正向点动指令（8轴运控板卡系统） ====》：输出AXIS{第1轴},点动量{-1.5MM},运动速度{2MM/s}
2023-07-08 15:53:46,376 [AppLog] INFO : 电气控制模块：手动关闭端口15
2023-07-08 15:53:46,376 [AppLog] INFO : 电气控制模块：手动关闭端口14
2023-07-08 15:53:46,376 [AppLog] INFO : 成形面高度下降指定厚度 TrapSpace{1.5mm}：TrapMoveUp(1, true, Convert.ToString(vel), Convert.ToString(TrapSpace), true, true）
2023-07-08 15:53:49,168 [AppLog] INFO : 手动正向点动指令（8轴运控板卡系统） ====》：输出AXIS{第2轴},点动量{-696.5MM},运动速度{250MM/s}
2023-07-08 15:53:49,168 [AppLog] INFO : 铺粉车返回至站1：BackToStation2(AimPos, MovSpeed, true)：-1.5mm，速度250mm/s：BackToStation2
2023-07-08 15:53:49,948 [AppLog] INFO : 落粉轴回零成功：motionMap.SetBackSpreaderAxis(3, 0.5, 2, -SinkPosition)：ReturnCode{True}
2023-07-08 15:53:49,948 [AppLog] INFO : 电气控制模块：手动打开端口14
2023-07-08 15:53:49,948 [AppLog] INFO : 电气控制模块：手动打开端口15
2023-07-08 15:53:50,713 [AppLog] INFO : 手动正向点动指令（8轴运控板卡系统） ====》：输出AXIS{第1轴},点动量{1.5MM},运动速度{2MM/s}
2023-07-08 15:53:50,713 [AppLog] INFO : 电气控制模块：手动关闭端口15
2023-07-08 15:53:50,713 [AppLog] INFO : 电气控制模块：手动关闭端口14
2023-07-08 15:53:50,713 [AppLog] INFO : 成形面高度上升层厚 TrapSpace{1.5mm}：TrapMoveUp(1, true, Convert.ToString(vel), Convert.ToString(TrapSpace), true, true）
2023-07-08 15:53:50,713 [AppLog] INFO : 自动铺粉正常结束：NewAutoSupplyPowderThread2
2023-07-08 15:53:50,713 [AppLog] INFO : 发送监控指令，拍照记录1条：SendMessageFromSharedMemory
2023-07-08 15:53:50,713 [AppLog] INFO : 铺粉模式：铺粉固化同时进行！
2023-07-08 15:53:50,713 [AppLog] INFO : 执行完成铺粉固化操作：EquipmentMotionLogic3：m_bApplyPowderSupplyMotion:0
2023-07-08 15:53:50,713 [AppLog] INFO : 接收到恢复打印指令：PrintTaskTHREAD
2023-07-08 15:53:50,713 [AppLog] INFO : 获取打印Pass数据：IDP_GetPassItem2：nLayerIndex{22}nPassID{0}nProcState{3}LPPassDataItemb:PrtDir{False}nDataTxCompleteCnt{1}nHwMemAdrMatchMask{1}nLayerIndex{22}nLayerPassCount{6}nLayerPassIndex{0}nMinJet0ImgLinePos{355}nPrtMemHwAddr{System.UInt32[]}nPrtDataOffset{System.UInt32[]}nSrcDataSize{System.UInt32[]}nPrtColBytes{System.UInt32[]}nPrtPrecession{10.666}nSrcEndCols{6000}nSrcStartCols{0}nStartEncPos{76511}nValidPassJets{1280}nValidPrtCols{6233}nValidPrtCtlCnts{1}pDataBuf{0}pNextItem{767820112}
2023-07-08 15:53:50,728 [AppLog] INFO : 使能Pass打印成功：IDP_DoPassPrint2：nLayerIndex{22}nPassID{0}
2023-07-08 15:53:50,728 [AppLog] INFO : PASS打印前关键状态：DEV_GetDeviceInfo：nLayerIndex{22}nPassID{0}LPPRINTER_INFO:nXSysEncDPI{5080}nStatus{909129520}nPrintStatus{0}bSuperDevice{1}
LPPRINTER_INFO-LPPrtRunInfo:bJobPrtRuning{True}bLayerPrtIsOver{False}nContReqMemErr{0}nContWDErr{0}nCurPrtDir{0}nDTLayerIndex{30}nDTLayerPassIndex{5}nDTPtrCtlIndex{0}nLayerPassCount{6}nPrintLayerIndex{22}nPrintPassIndex{0}nProcLayerIndex{30}nPrtDataMemAddr{0}nPrtState{0}nReverse{System.Int32[]}nRevPrtCols{0}
LPPRINTER_INFO-LPDRVINFO:nFMVersion{45074}nFpgaVersion{539038216}nPCBVersion{0}nState{0}nNextState{0}nPtvwarnState{0}nCrc32{0}nRevInfo{System.UInt32[]}nSignature{0}
2023-07-08 15:53:50,728 [AppLog] INFO : 创建：AutoPrintMotion1=》不需重新创建-手动操作！
2023-07-08 15:53:50,728 [AppLog] INFO : 进入：EquipmentMotionLogic3=》准备创建对象-手动操作！
2023-07-08 15:53:50,728 [AppLog] INFO : 进入：EquipmentMotionLogic3=》不需重新创建-手动操作！
2023-07-08 15:53:50,728 [AppLog] INFO : 进入：EquipmentMotionLogic3=》赋值完成自-AutoPrintMotion2！
2023-07-08 15:53:50,728 [AppLog] INFO : 进入：EquipmentMotionLogic3=》加载配置文件-LoadJsonFile成功！
2023-07-08 15:53:50,728 [AppLog] INFO : 进入自动清洗过程：AutoCleanThread
2023-07-08 15:53:50,947 [AppLog] INFO : 准备处理第30层数据：准备调用RenderToWic，index为30，subindex为0，g_nRePrintTimes为1，起始层为0
2023-07-08 15:53:51,009 [AppLog] INFO : 完成处理第30层数据：准备调用DrawLayerBMP，index为30，起始层为0
2023-07-08 15:53:51,009 [AppLog] INFO : 完成处理第30层数据：准备调用DrawLayerBMP，index为30，起始层为0
2023-07-08 15:53:51,103 [AppLog] INFO : 刮墨轴回零成功：motionMap.SetBackSpreaderAxis(4, 1, 2, -SinkHomePosition)
2023-07-08 15:53:51,103 [AppLog] INFO : 准备读取编码器位置：Y方向！
2023-07-08 15:53:51,103 [AppLog] INFO : 准备运动，编码器当前位置：DEM_GetAxisEncodeVal：MoveDirectionFlag{false为Y方向：True}CurrentPos{121.05}AimPos{116}
2023-07-08 15:53:51,228 [AppLog] INFO : Y方向运动开始：DEM_Run：返回值{True}nAxis{1}DirFlag{False}nSpeed{300000}MoveStep{-5059.54955}nCtlValue{1}
2023-07-08 15:53:51,290 [AppLog] INFO : Y方向到位停止：DEM_StopAxisRun：返回值{True}CurrentPos{116.44}bImmeStop{False}nAxisMask{2}
2023-07-08 15:53:51,290 [AppLog] INFO : 准备读取编码器位置：X方向！
2023-07-08 15:53:51,290 [AppLog] INFO : 准备运动，当前位置：DEV_GetPrintEncoderValue：MoveDirectionFlag{false为Y方向：False}CurrentPos{784.215}AimPos{780}
2023-07-08 15:53:51,321 [AppLog] INFO : X方向运动开始：DEM_Run：返回值{True}nAxis{0}DirFlag{False}nSpeed{300000}MoveStep{-4215.00000000003}nCtlValue{2}
2023-07-08 15:53:51,352 [AppLog] INFO : 作业写入成功：IDP_WriteImgLayerData：bpp:{1bit}灰阶:{1阶}nLayerIndex{31}LayerIndex{30}SubIndex{1}RePrintTimes{1}nBytesPerLine{752}nWidth{6001}nHeight{7680}nXEncOff{0}nYJetOff{355}nImgStartJetIndex{0}nXDPI{476.25}nYDPI{600}nPrtDir{0} nPrtFlag{1}nColorCnts{1}nReserved{System.Int32[]}
2023-07-08 15:53:51,352 [AppLog] INFO : 完成处理第30层数据：准备调用RenderToWic，index为30，subindex为0，g_nRePrintTimes为1，起始层为0
2023-07-08 15:53:51,508 [AppLog] INFO : X方向到位停止：DEM_StopAxisRun：返回值{True}CurrentPos{782.495}bImmeStop{False}nAxisMask{1}
2023-07-08 15:53:52,741 [AppLog] INFO : 开启手动清洗挤墨喷头，DEV_EnableTimer: 端口{11}，清洗控制周期：{0.5}S,{0.5}S
2023-07-08 15:53:53,755 [AppLog] INFO : 关闭手动清洗挤墨喷头：DEV_EnableTimer
2023-07-08 15:53:53,755 [AppLog] INFO : 压墨等待开启：{1.5S}
2023-07-08 15:53:55,268 [AppLog] INFO : 压墨等待完成：{1.5S}
2023-07-08 15:53:55,268 [AppLog] INFO : 准备读取编码器位置：X方向！
2023-07-08 15:53:55,268 [AppLog] INFO : 准备运动，当前位置：DEV_GetPrintEncoderValue：MoveDirectionFlag{false为Y方向：False}CurrentPos{780.36}AimPos{680}
2023-07-08 15:53:55,299 [AppLog] INFO : X方向运动开始：DEM_Run：返回值{True}nAxis{0}DirFlag{False}nSpeed{200000}MoveStep{-100360}nCtlValue{2}
2023-07-08 15:53:56,157 [AppLog] INFO : X方向到位停止：DEM_StopAxisRun：返回值{True}CurrentPos{684.135}bImmeStop{False}nAxisMask{1}
2023-07-08 15:53:56,734 [AppLog] INFO : 结束自动清洗过程：AutoCleanThread
2023-07-08 15:53:56,734 [AppLog] INFO : 进入：EquipmentMotionLogic3=》准备创建对象-手动操作！
2023-07-08 15:53:56,734 [AppLog] INFO : 进入：EquipmentMotionLogic3=》不需重新创建-手动操作！
2023-07-08 15:53:56,734 [AppLog] INFO : 进入：EquipmentMotionLogic3=》赋值完成自-AutoPrintMotion2！
2023-07-08 15:53:56,734 [AppLog] INFO : 进入：EquipmentMotionLogic3=》加载配置文件-LoadJsonFile成功！
2023-07-08 15:53:56,734 [AppLog] INFO : 进入：AutoPrintThread3！
2023-07-08 15:53:56,734 [AppLog] INFO : 关闭闪喷操作：IDP_FlashPrtCtl：返回值{True}
2023-07-08 15:53:56,734 [AppLog] INFO : 准备读取编码器位置：Y方向！
2023-07-08 15:53:56,734 [AppLog] INFO : 准备运动，编码器当前位置：DEM_GetAxisEncodeVal：MoveDirectionFlag{false为Y方向：True}CurrentPos{115.99}AimPos{88.5}
2023-07-08 15:53:56,890 [AppLog] INFO : Y方向运动开始：DEM_Run：返回值{True}nAxis{1}DirFlag{False}nSpeed{300000}MoveStep{-27541.98359}nCtlValue{1}
2023-07-08 15:53:56,953 [AppLog] INFO : 准备读取编码器位置：X方向！
2023-07-08 15:53:56,968 [AppLog] INFO : 准备运动，当前位置：DEV_GetPrintEncoderValue：MoveDirectionFlag{false为Y方向：False}CurrentPos{680.205}AimPos{425}
2023-07-08 15:53:57,015 [AppLog] INFO : X方向运动开始：DEM_Run：返回值{True}nAxis{0}DirFlag{False}nSpeed{300000}MoveStep{-255205}nCtlValue{2}
2023-07-08 15:53:58,419 [AppLog] INFO : X方向到位停止：DEM_StopAxisRun：返回值{True}CurrentPos{429.32}bImmeStop{False}nAxisMask{1}
2023-07-08 15:53:58,419 [AppLog] INFO : 准备读取编码器位置：X方向！
2023-07-08 15:53:58,419 [AppLog] INFO : 准备运动，当前位置：DEV_GetPrintEncoderValue：MoveDirectionFlag{false为Y方向：False}CurrentPos{428.97}AimPos{25}
2023-07-08 15:53:58,450 [AppLog] INFO : X方向运动开始：DEM_Run：返回值{True}nAxis{0}DirFlag{False}nSpeed{300000}MoveStep{-403970}nCtlValue{2}
2023-07-08 15:54:00,354 [AppLog] INFO : X方向到位停止：DEM_StopAxisRun：返回值{True}CurrentPos{25.335}bImmeStop{False}nAxisMask{1}
2023-07-08 15:54:00,354 [AppLog] INFO : 准备读取编码器位置：Y方向！
2023-07-08 15:54:00,354 [AppLog] INFO : 准备运动，编码器当前位置：DEM_GetAxisEncodeVal：MoveDirectionFlag{false为Y方向：True}CurrentPos{88.485}AimPos{103.521166666667}
2023-07-08 15:54:00,478 [AppLog] INFO : Y方向运动开始：DEM_Run：返回值{True}nAxis{1}DirFlag{True}nSpeed{300000}MoveStep{15064.6000578333}nCtlValue{1}
2023-07-08 15:54:00,541 [AppLog] INFO : Y方向到位停止：DEM_StopAxisRun：返回值{True}CurrentPos{101.03}bImmeStop{False}nAxisMask{2}
2023-07-08 15:54:00,541 [AppLog] INFO : 获取打印Pass数据：IDP_GetPassItem2：nLayerIndex{22}nPassID{1}nProcState{3}LPPassDataItemb:PrtDir{True}nDataTxCompleteCnt{1}nHwMemAdrMatchMask{1}nLayerIndex{22}nLayerPassCount{6}nLayerPassIndex{1}nMinJet0ImgLinePos{1635}nPrtMemHwAddr{System.UInt32[]}nPrtDataOffset{System.UInt32[]}nSrcDataSize{System.UInt32[]}nPrtColBytes{System.UInt32[]}nPrtPrecession{10.666}nSrcEndCols{6000}nSrcStartCols{0}nStartEncPos{10000}nValidPassJets{1280}nValidPrtCols{6233}nValidPrtCtlCnts{1}pDataBuf{0}pNextItem{767820272}
2023-07-08 15:54:00,556 [AppLog] INFO : 使能Pass打印成功：IDP_DoPassPrint2：nLayerIndex{22}nPassID{1}
2023-07-08 15:54:00,588 [AppLog] INFO : PASS打印前关键状态：DEV_GetDeviceInfo：nLayerIndex{22}nPassID{1}LPPRINTER_INFO:nXSysEncDPI{5080}nStatus{909129520}nPrintStatus{0}bSuperDevice{1}
LPPRINTER_INFO-LPPrtRunInfo:bJobPrtRuning{True}bLayerPrtIsOver{False}nContReqMemErr{0}nContWDErr{0}nCurPrtDir{0}nDTLayerIndex{31}nDTLayerPassIndex{5}nDTPtrCtlIndex{0}nLayerPassCount{6}nPrintLayerIndex{22}nPrintPassIndex{1}nProcLayerIndex{31}nPrtDataMemAddr{0}nPrtState{0}nReverse{System.Int32[]}nRevPrtCols{0}
LPPRINTER_INFO-LPDRVINFO:nFMVersion{45074}nFpgaVersion{539038216}nPCBVersion{0}nState{0}nNextState{0}nPtvwarnState{0}nCrc32{0}nRevInfo{System.UInt32[]}nSignature{0}
2023-07-08 15:54:00,588 [AppLog] INFO : 创建：AutoPrintMotion1=》不需重新创建-手动操作！
2023-07-08 15:54:00,588 [AppLog] INFO : 进入：EquipmentMotionLogic3=》准备创建对象-手动操作！
2023-07-08 15:54:00,588 [AppLog] INFO : 进入：EquipmentMotionLogic3=》不需重新创建-手动操作！
2023-07-08 15:54:00,588 [AppLog] INFO : 进入：EquipmentMotionLogic3=》赋值完成自-AutoPrintMotion2！
2023-07-08 15:54:00,588 [AppLog] INFO : 进入：EquipmentMotionLogic3=》加载配置文件-LoadJsonFile成功！
2023-07-08 15:54:00,588 [AppLog] INFO : 进入：AutoPrintThread3！
2023-07-08 15:54:00,588 [AppLog] INFO : 准备读取编码器位置：X方向！
2023-07-08 15:54:00,588 [AppLog] INFO : 准备运动，当前位置：DEV_GetPrintEncoderValue：MoveDirectionFlag{false为Y方向：False}CurrentPos{22.205}AimPos{425}
2023-07-08 15:54:00,619 [AppLog] INFO : X方向运动开始：DEM_Run：返回值{True}nAxis{0}DirFlag{True}nSpeed{300000}MoveStep{402795}nCtlValue{2}
2023-07-08 15:54:02,522 [AppLog] INFO : X方向到位停止：DEM_StopAxisRun：返回值{True}CurrentPos{420.235}bImmeStop{False}nAxisMask{1}
2023-07-08 15:54:02,522 [AppLog] INFO : 准备读取编码器位置：Y方向！
2023-07-08 15:54:02,522 [AppLog] INFO : 准备运动，编码器当前位置：DEM_GetAxisEncodeVal：MoveDirectionFlag{false为Y方向：True}CurrentPos{103.51}AimPos{142.5}
2023-07-08 15:54:02,725 [AppLog] INFO : Y方向运动开始：DEM_Run：返回值{True}nAxis{1}DirFlag{True}nSpeed{300000}MoveStep{39063.73009}nCtlValue{1}
2023-07-08 15:54:02,787 [AppLog] INFO : Y方向到位停止：DEM_StopAxisRun：返回值{True}CurrentPos{139.55}bImmeStop{False}nAxisMask{2}
2023-07-08 15:54:02,787 [AppLog] INFO : 获取打印Pass数据：IDP_GetPassItem2：nLayerIndex{22}nPassID{2}nProcState{3}LPPassDataItemb:PrtDir{False}nDataTxCompleteCnt{1}nHwMemAdrMatchMask{1}nLayerIndex{22}nLayerPassCount{6}nLayerPassIndex{2}nMinJet0ImgLinePos{2915}nPrtMemHwAddr{System.UInt32[]}nPrtDataOffset{System.UInt32[]}nSrcDataSize{System.UInt32[]}nPrtColBytes{System.UInt32[]}nPrtPrecession{10.666}nSrcEndCols{6000}nSrcStartCols{0}nStartEncPos{76511}nValidPassJets{1280}nValidPrtCols{6233}nValidPrtCtlCnts{1}pDataBuf{0}pNextItem{767820432}
2023-07-08 15:54:02,787 [AppLog] INFO : 使能Pass打印成功：IDP_DoPassPrint2：nLayerIndex{22}nPassID{2}
2023-07-08 15:54:02,803 [AppLog] INFO : PASS打印前关键状态：DEV_GetDeviceInfo：nLayerIndex{22}nPassID{2}LPPRINTER_INFO:nXSysEncDPI{5080}nStatus{909129520}nPrintStatus{0}bSuperDevice{1}
LPPRINTER_INFO-LPPrtRunInfo:bJobPrtRuning{True}bLayerPrtIsOver{False}nContReqMemErr{0}nContWDErr{0}nCurPrtDir{0}nDTLayerIndex{31}nDTLayerPassIndex{5}nDTPtrCtlIndex{0}nLayerPassCount{6}nPrintLayerIndex{22}nPrintPassIndex{2}nProcLayerIndex{31}nPrtDataMemAddr{0}nPrtState{0}nReverse{System.Int32[]}nRevPrtCols{0}
LPPRINTER_INFO-LPDRVINFO:nFMVersion{45074}nFpgaVersion{539038216}nPCBVersion{0}nState{0}nNextState{0}nPtvwarnState{0}nCrc32{0}nRevInfo{System.UInt32[]}nSignature{0}
2023-07-08 15:54:02,803 [AppLog] INFO : 创建：AutoPrintMotion1=》不需重新创建-手动操作！
2023-07-08 15:54:02,803 [AppLog] INFO : 进入：EquipmentMotionLogic3=》准备创建对象-手动操作！
2023-07-08 15:54:02,803 [AppLog] INFO : 进入：EquipmentMotionLogic3=》不需重新创建-手动操作！
2023-07-08 15:54:02,803 [AppLog] INFO : 进入：EquipmentMotionLogic3=》赋值完成自-AutoPrintMotion2！
2023-07-08 15:54:02,803 [AppLog] INFO : 进入：EquipmentMotionLogic3=》加载配置文件-LoadJsonFile成功！
2023-07-08 15:54:02,803 [AppLog] INFO : 进入：AutoPrintThread3！
2023-07-08 15:54:02,803 [AppLog] INFO : 准备读取编码器位置：X方向！
2023-07-08 15:54:02,803 [AppLog] INFO : 准备运动，当前位置：DEV_GetPrintEncoderValue：MoveDirectionFlag{false为Y方向：False}CurrentPos{423.28}AimPos{25}
2023-07-08 15:54:02,834 [AppLog] INFO : X方向运动开始：DEM_Run：返回值{True}nAxis{0}DirFlag{False}nSpeed{300000}MoveStep{-398280}nCtlValue{2}
2023-07-08 15:54:04,706 [AppLog] INFO : X方向到位停止：DEM_StopAxisRun：返回值{True}CurrentPos{30.54}bImmeStop{False}nAxisMask{1}
2023-07-08 15:54:04,706 [AppLog] INFO : 准备读取编码器位置：Y方向！
2023-07-08 15:54:04,706 [AppLog] INFO : 准备运动，编码器当前位置：DEM_GetAxisEncodeVal：MoveDirectionFlag{false为Y方向：True}CurrentPos{142.475}AimPos{157.521166666667}
2023-07-08 15:54:04,831 [AppLog] INFO : Y方向运动开始：DEM_Run：返回值{True}nAxis{1}DirFlag{True}nSpeed{300000}MoveStep{15074.6189678333}nCtlValue{1}
2023-07-08 15:54:04,893 [AppLog] INFO : Y方向到位停止：DEM_StopAxisRun：返回值{True}CurrentPos{155.09}bImmeStop{False}nAxisMask{2}
2023-07-08 15:54:04,893 [AppLog] INFO : 获取打印Pass数据：IDP_GetPassItem2：nLayerIndex{22}nPassID{3}nProcState{3}LPPassDataItemb:PrtDir{True}nDataTxCompleteCnt{1}nHwMemAdrMatchMask{1}nLayerIndex{22}nLayerPassCount{6}nLayerPassIndex{3}nMinJet0ImgLinePos{4195}nPrtMemHwAddr{System.UInt32[]}nPrtDataOffset{System.UInt32[]}nSrcDataSize{System.UInt32[]}nPrtColBytes{System.UInt32[]}nPrtPrecession{10.666}nSrcEndCols{6000}nSrcStartCols{0}nStartEncPos{10000}nValidPassJets{1280}nValidPrtCols{6233}nValidPrtCtlCnts{1}pDataBuf{0}pNextItem{767820592}
2023-07-08 15:54:04,893 [AppLog] INFO : 使能Pass打印成功：IDP_DoPassPrint2：nLayerIndex{22}nPassID{3}
2023-07-08 15:54:04,909 [AppLog] INFO : PASS打印前关键状态：DEV_GetDeviceInfo：nLayerIndex{22}nPassID{3}LPPRINTER_INFO:nXSysEncDPI{5080}nStatus{909129520}nPrintStatus{0}bSuperDevice{1}
LPPRINTER_INFO-LPPrtRunInfo:bJobPrtRuning{True}bLayerPrtIsOver{False}nContReqMemErr{0}nContWDErr{0}nCurPrtDir{0}nDTLayerIndex{31}nDTLayerPassIndex{5}nDTPtrCtlIndex{0}nLayerPassCount{6}nPrintLayerIndex{22}nPrintPassIndex{3}nProcLayerIndex{31}nPrtDataMemAddr{0}nPrtState{0}nReverse{System.Int32[]}nRevPrtCols{0}
LPPRINTER_INFO-LPDRVINFO:nFMVersion{45074}nFpgaVersion{539038216}nPCBVersion{0}nState{0}nNextState{0}nPtvwarnState{0}nCrc32{0}nRevInfo{System.UInt32[]}nSignature{0}
2023-07-08 15:54:04,909 [AppLog] INFO : 创建：AutoPrintMotion1=》不需重新创建-手动操作！
2023-07-08 15:54:04,909 [AppLog] INFO : 进入：EquipmentMotionLogic3=》准备创建对象-手动操作！
2023-07-08 15:54:04,909 [AppLog] INFO : 进入：EquipmentMotionLogic3=》不需重新创建-手动操作！
2023-07-08 15:54:04,909 [AppLog] INFO : 进入：EquipmentMotionLogic3=》赋值完成自-AutoPrintMotion2！
2023-07-08 15:54:04,909 [AppLog] INFO : 进入：EquipmentMotionLogic3=》加载配置文件-LoadJsonFile成功！
2023-07-08 15:54:04,909 [AppLog] INFO : 进入：AutoPrintThread3！
2023-07-08 15:54:04,909 [AppLog] INFO : 准备读取编码器位置：X方向！
2023-07-08 15:54:04,909 [AppLog] INFO : 准备运动，当前位置：DEV_GetPrintEncoderValue：MoveDirectionFlag{false为Y方向：False}CurrentPos{26.665}AimPos{425}
2023-07-08 15:54:04,940 [AppLog] INFO : X方向运动开始：DEM_Run：返回值{True}nAxis{0}DirFlag{True}nSpeed{300000}MoveStep{398335}nCtlValue{2}
2023-07-08 15:54:06,812 [AppLog] INFO : X方向到位停止：DEM_StopAxisRun：返回值{True}CurrentPos{418.97}bImmeStop{False}nAxisMask{1}
2023-07-08 15:54:06,812 [AppLog] INFO : 准备读取编码器位置：Y方向！
2023-07-08 15:54:06,812 [AppLog] INFO : 准备运动，编码器当前位置：DEM_GetAxisEncodeVal：MoveDirectionFlag{false为Y方向：True}CurrentPos{157.48}AimPos{196.5}
2023-07-08 15:54:07,015 [AppLog] INFO : Y方向运动开始：DEM_Run：返回值{True}nAxis{1}DirFlag{True}nSpeed{300000}MoveStep{39093.78682}nCtlValue{1}
2023-07-08 15:54:07,077 [AppLog] INFO : Y方向到位停止：DEM_StopAxisRun：返回值{True}CurrentPos{193.655}bImmeStop{False}nAxisMask{2}
2023-07-08 15:54:07,077 [AppLog] INFO : 获取打印Pass数据：IDP_GetPassItem2：nLayerIndex{22}nPassID{4}nProcState{3}LPPassDataItemb:PrtDir{False}nDataTxCompleteCnt{1}nHwMemAdrMatchMask{1}nLayerIndex{22}nLayerPassCount{6}nLayerPassIndex{4}nMinJet0ImgLinePos{5475}nPrtMemHwAddr{System.UInt32[]}nPrtDataOffset{System.UInt32[]}nSrcDataSize{System.UInt32[]}nPrtColBytes{System.UInt32[]}nPrtPrecession{10.666}nSrcEndCols{6000}nSrcStartCols{0}nStartEncPos{76511}nValidPassJets{1280}nValidPrtCols{6233}nValidPrtCtlCnts{1}pDataBuf{0}pNextItem{767820752}
2023-07-08 15:54:07,093 [AppLog] INFO : 使能Pass打印成功：IDP_DoPassPrint2：nLayerIndex{22}nPassID{4}
2023-07-08 15:54:07,093 [AppLog] INFO : PASS打印前关键状态：DEV_GetDeviceInfo：nLayerIndex{22}nPassID{4}LPPRINTER_INFO:nXSysEncDPI{5080}nStatus{909129520}nPrintStatus{0}bSuperDevice{1}
LPPRINTER_INFO-LPPrtRunInfo:bJobPrtRuning{True}bLayerPrtIsOver{False}nContReqMemErr{0}nContWDErr{0}nCurPrtDir{0}nDTLayerIndex{31}nDTLayerPassIndex{5}nDTPtrCtlIndex{0}nLayerPassCount{6}nPrintLayerIndex{22}nPrintPassIndex{4}nProcLayerIndex{31}nPrtDataMemAddr{0}nPrtState{0}nReverse{System.Int32[]}nRevPrtCols{0}
LPPRINTER_INFO-LPDRVINFO:nFMVersion{45074}nFpgaVersion{539038216}nPCBVersion{0}nState{0}nNextState{0}nPtvwarnState{0}nCrc32{0}nRevInfo{System.UInt32[]}nSignature{0}
2023-07-08 15:54:07,093 [AppLog] INFO : 创建：AutoPrintMotion1=》不需重新创建-手动操作！
2023-07-08 15:54:07,093 [AppLog] INFO : 进入：EquipmentMotionLogic3=》准备创建对象-手动操作！
2023-07-08 15:54:07,093 [AppLog] INFO : 进入：EquipmentMotionLogic3=》不需重新创建-手动操作！
2023-07-08 15:54:07,093 [AppLog] INFO : 进入：EquipmentMotionLogic3=》赋值完成自-AutoPrintMotion2！
2023-07-08 15:54:07,093 [AppLog] INFO : 进入：EquipmentMotionLogic3=》加载配置文件-LoadJsonFile成功！
2023-07-08 15:54:07,093 [AppLog] INFO : 进入：AutoPrintThread3！
2023-07-08 15:54:07,093 [AppLog] INFO : 准备读取编码器位置：X方向！
2023-07-08 15:54:07,093 [AppLog] INFO : 准备运动，当前位置：DEV_GetPrintEncoderValue：MoveDirectionFlag{false为Y方向：False}CurrentPos{423.34}AimPos{25}
2023-07-08 15:54:07,155 [AppLog] INFO : X方向运动开始：DEM_Run：返回值{True}nAxis{0}DirFlag{False}nSpeed{300000}MoveStep{-398340}nCtlValue{2}
2023-07-08 15:54:09,027 [AppLog] INFO : X方向到位停止：DEM_StopAxisRun：返回值{True}CurrentPos{30.475}bImmeStop{False}nAxisMask{1}
2023-07-08 15:54:09,027 [AppLog] INFO : 准备读取编码器位置：Y方向！
2023-07-08 15:54:09,027 [AppLog] INFO : 准备运动，编码器当前位置：DEM_GetAxisEncodeVal：MoveDirectionFlag{false为Y方向：True}CurrentPos{196.525}AimPos{211.521166666667}
2023-07-08 15:54:09,152 [AppLog] INFO : Y方向运动开始：DEM_Run：返回值{True}nAxis{1}DirFlag{True}nSpeed{300000}MoveStep{15024.5244178333}nCtlValue{1}
2023-07-08 15:54:09,214 [AppLog] INFO : Y方向到位停止：DEM_StopAxisRun：返回值{True}CurrentPos{209.25}bImmeStop{False}nAxisMask{2}
2023-07-08 15:54:09,214 [AppLog] INFO : 获取打印Pass数据：IDP_GetPassItem2：nLayerIndex{22}nPassID{5}nProcState{3}LPPassDataItemb:PrtDir{True}nDataTxCompleteCnt{1}nHwMemAdrMatchMask{1}nLayerIndex{22}nLayerPassCount{6}nLayerPassIndex{5}nMinJet0ImgLinePos{6755}nPrtMemHwAddr{System.UInt32[]}nPrtDataOffset{System.UInt32[]}nSrcDataSize{System.UInt32[]}nPrtColBytes{System.UInt32[]}nPrtPrecession{10.666}nSrcEndCols{6000}nSrcStartCols{0}nStartEncPos{10000}nValidPassJets{1280}nValidPrtCols{6233}nValidPrtCtlCnts{1}pDataBuf{0}pNextItem{0}
2023-07-08 15:54:09,230 [AppLog] INFO : 使能Pass打印成功：IDP_DoPassPrint2：nLayerIndex{22}nPassID{5}
2023-07-08 15:54:09,230 [AppLog] INFO : PASS打印前关键状态：DEV_GetDeviceInfo：nLayerIndex{22}nPassID{5}LPPRINTER_INFO:nXSysEncDPI{5080}nStatus{909129520}nPrintStatus{0}bSuperDevice{1}
LPPRINTER_INFO-LPPrtRunInfo:bJobPrtRuning{True}bLayerPrtIsOver{False}nContReqMemErr{0}nContWDErr{0}nCurPrtDir{0}nDTLayerIndex{31}nDTLayerPassIndex{5}nDTPtrCtlIndex{0}nLayerPassCount{6}nPrintLayerIndex{22}nPrintPassIndex{5}nProcLayerIndex{31}nPrtDataMemAddr{0}nPrtState{0}nReverse{System.Int32[]}nRevPrtCols{0}
LPPRINTER_INFO-LPDRVINFO:nFMVersion{45074}nFpgaVersion{539038216}nPCBVersion{0}nState{0}nNextState{0}nPtvwarnState{0}nCrc32{0}nRevInfo{System.UInt32[]}nSignature{0}
2023-07-08 15:54:09,230 [AppLog] INFO : 创建：AutoPrintMotion1=》不需重新创建-手动操作！
2023-07-08 15:54:09,230 [AppLog] INFO : 进入：EquipmentMotionLogic3=》准备创建对象-手动操作！
2023-07-08 15:54:09,230 [AppLog] INFO : 进入：EquipmentMotionLogic3=》不需重新创建-手动操作！
2023-07-08 15:54:09,230 [AppLog] INFO : 进入：EquipmentMotionLogic3=》赋值完成自-AutoPrintMotion2！
2023-07-08 15:54:09,230 [AppLog] INFO : 进入：EquipmentMotionLogic3=》加载配置文件-LoadJsonFile成功！
2023-07-08 15:54:09,230 [AppLog] INFO : 进入：AutoPrintThread3！
2023-07-08 15:54:09,230 [AppLog] INFO : 准备读取编码器位置：X方向！
2023-07-08 15:54:09,230 [AppLog] INFO : 准备运动，当前位置：DEV_GetPrintEncoderValue：MoveDirectionFlag{false为Y方向：False}CurrentPos{26.62}AimPos{425}
2023-07-08 15:54:09,261 [AppLog] INFO : X方向运动开始：DEM_Run：返回值{True}nAxis{0}DirFlag{True}nSpeed{300000}MoveStep{398380}nCtlValue{2}
2023-07-08 15:54:11,133 [AppLog] INFO : X方向到位停止：DEM_StopAxisRun：返回值{True}CurrentPos{418.85}bImmeStop{False}nAxisMask{1}
2023-07-08 15:54:11,133 [AppLog] INFO : 准备读取编码器位置：X方向！
2023-07-08 15:54:11,133 [AppLog] INFO : 准备运动，当前位置：DEV_GetPrintEncoderValue：MoveDirectionFlag{false为Y方向：False}CurrentPos{418.96}AimPos{780}
2023-07-08 15:54:11,164 [AppLog] INFO : X方向运动开始：DEM_Run：返回值{True}nAxis{0}DirFlag{True}nSpeed{300000}MoveStep{361040}nCtlValue{2}
2023-07-08 15:54:11,227 [AppLog] INFO : 准备读取编码器位置：Y方向！
2023-07-08 15:54:11,242 [AppLog] INFO : 准备运动，编码器当前位置：DEM_GetAxisEncodeVal：MoveDirectionFlag{false为Y方向：True}CurrentPos{211.555}AimPos{121}
2023-07-08 15:54:11,632 [AppLog] INFO : Y方向运动开始：DEM_Run：返回值{True}nAxis{1}DirFlag{False}nSpeed{300000}MoveStep{-90726.239505}nCtlValue{1}
2023-07-08 15:54:12,927 [AppLog] INFO : Y方向到位等停：DEM_StopAxisRun：返回值{True}bImmeStop{False}nAxisMask{1}
2023-07-08 15:54:12,927 [AppLog] INFO : X方向到位等停：DEM_StopAxisRun：返回值{True}bImmeStop{False}nAxisMask{2}
2023-07-08 15:54:12,974 [AppLog] INFO : 开启闪喷操作：IDP_FlashPrtCtl：返回值{True}
2023-07-08 15:54:12,974 [AppLog] INFO : 进入：EquipmentMotionLogic3=》准备创建对象-手动操作！
2023-07-08 15:54:12,974 [AppLog] INFO : 进入：EquipmentMotionLogic3=》不需重新创建-手动操作！
2023-07-08 15:54:12,974 [AppLog] INFO : 进入：EquipmentMotionLogic3=》赋值完成自-AutoPrintMotion2！
2023-07-08 15:54:12,990 [AppLog] INFO : 进入：EquipmentMotionLogic3=》加载配置文件-LoadJsonFile成功！
2023-07-08 15:54:12,990 [AppLog] INFO : 进入自动铺粉逻辑：NewAutoSupplyPowderThread2
2023-07-08 15:54:12,990 [AppLog] INFO : 电气控制模块：手动打开端口14
2023-07-08 15:54:12,990 [AppLog] INFO : 电气控制模块：手动打开端口15
2023-07-08 15:54:13,052 [AppLog] INFO : 手动正向点动指令（8轴运控板卡系统） ====》：输出AXIS{第1轴},点动量{-0.1MM},运动速度{2MM/s}
2023-07-08 15:54:13,052 [AppLog] INFO : 成形面高度下降层厚 TrapSpace{0.1mm}：TrapMoveUp(1, true, Convert.ToString(vel), Convert.ToString(TrapSpace), true, true）
2023-07-08 15:54:13,832 [AppLog] INFO : 手动正向点动指令（8轴运控板卡系统） ====》：输出AXIS{第1轴},点动量{-1.5MM},运动速度{2MM/s}
2023-07-08 15:54:13,832 [AppLog] INFO : 成形面高度下降指定厚度 TrapSpace{1.5mm}：TrapMoveUp(1, true, Convert.ToString(vel), Convert.ToString(TrapSpace), true, true）
2023-07-08 15:54:14,612 [AppLog] INFO : 手动正向点动指令（8轴运控板卡系统） ====》：输出AXIS{第1轴},点动量{1.5MM},运动速度{2MM/s}
2023-07-08 15:54:14,612 [AppLog] INFO : 电气控制模块：手动关闭端口15
2023-07-08 15:54:14,612 [AppLog] INFO : 电气控制模块：手动关闭端口14
2023-07-08 15:54:14,612 [AppLog] INFO : 成形面高度上升层厚 TrapSpace{1.5mm}：TrapMoveUp(1, true, Convert.ToString(vel), Convert.ToString(TrapSpace), true, true）
2023-07-08 15:54:14,862 [AppLog] INFO : 手动正向点动指令（8轴运控板卡系统） ====》：输出AXIS{第8轴},点动量{0.6MM},运动速度{2.5MM/s}
2023-07-08 15:54:14,862 [AppLog] INFO : Hopper落粉轴转2圈落粉，速度0.5rev/s：TrapMoveUp(8, true, 0.5, rotateNuM.ToString(), true, false)
2023-07-08 15:54:15,876 [AppLog] INFO : 开启铺粉车不等停运动，准备运动至准备打印位置215mm，速度250mm/s：BackToStation2
2023-07-08 15:54:16,734 [AppLog] INFO : 手动正向点动指令（8轴运控板卡系统） ====》：输出AXIS{第2轴},点动量{216.5MM},运动速度{250MM/s}
2023-07-08 15:54:16,734 [AppLog] INFO : 当前铺粉车位置：打印位置215mm
2023-07-08 15:54:16,734 [AppLog] INFO : 手动正向点动指令（8轴运控板卡系统） ====》：输出AXIS{第2轴},点动量{480MM},运动速度{25MM/s}
2023-07-08 15:54:16,734 [AppLog] INFO : 开启铺粉车不等停运动至准备打印位置695mm，速度25mm/s：BackToStation2
2023-07-08 15:54:16,858 [AppLog] INFO : 打开IR灯：OpenIRLamp(true)
2023-07-08 15:54:16,983 [AppLog] INFO : 手动正向点动指令（8轴运控板卡系统） ====》：输出AXIS{第3轴},点动量{0.125MM},运动速度{1MM/s}
2023-07-08 15:54:16,983 [AppLog] INFO : 在{40mm}处，落粉轴运动{45度}，落粉轴转速{1rev/s}：TrapMoveUp(3, true, Convert.ToString(DispenseRollerSpeed), 0.5, true, true)
2023-07-08 15:54:16,983 [AppLog] INFO : 手动正向点动指令（8轴运控板卡系统） ====》：输出AXIS{第3轴},点动量{0.5MM},运动速度{0.0376712328767123MM/s}
2023-07-08 15:54:16,983 [AppLog] INFO : 开启均匀落粉及辊子铺平运动：TrapMoveUp(3, true, Convert.ToString(DispenseRollerSpeed), 0.5, true, true)
2023-07-08 15:54:28,652 [AppLog] INFO : 关闭IR灯：OpenIRLamp(false)
2023-07-08 15:54:33,207 [AppLog] INFO : 手动正向点动指令（8轴运控板卡系统） ====》：输出AXIS{第3轴},点动量{0.5MM},运动速度{2MM/s}
2023-07-08 15:54:33,207 [AppLog] INFO : 落粉轴继续转动以倒掉余粉：TrapMoveUp(3, true, 2, 0.5, true, false)
2023-07-08 15:54:35,937 [AppLog] INFO : 电气控制模块：手动打开端口14
2023-07-08 15:54:35,937 [AppLog] INFO : 电气控制模块：手动打开端口15
2023-07-08 15:54:36,717 [AppLog] INFO : 手动正向点动指令（8轴运控板卡系统） ====》：输出AXIS{第1轴},点动量{-1.5MM},运动速度{2MM/s}
2023-07-08 15:54:36,717 [AppLog] INFO : 电气控制模块：手动关闭端口15
2023-07-08 15:54:36,717 [AppLog] INFO : 电气控制模块：手动关闭端口14
2023-07-08 15:54:36,717 [AppLog] INFO : 成形面高度下降指定厚度 TrapSpace{1.5mm}：TrapMoveUp(1, true, Convert.ToString(vel), Convert.ToString(TrapSpace), true, true）
2023-07-08 15:54:39,510 [AppLog] INFO : 手动正向点动指令（8轴运控板卡系统） ====》：输出AXIS{第2轴},点动量{-696.5MM},运动速度{250MM/s}
2023-07-08 15:54:39,510 [AppLog] INFO : 铺粉车返回至站1：BackToStation2(AimPos, MovSpeed, true)：-1.5mm，速度250mm/s：BackToStation2
2023-07-08 15:54:40,290 [AppLog] INFO : 落粉轴回零成功：motionMap.SetBackSpreaderAxis(3, 0.5, 2, -SinkPosition)：ReturnCode{True}
2023-07-08 15:54:40,290 [AppLog] INFO : 电气控制模块：手动打开端口14
2023-07-08 15:54:40,290 [AppLog] INFO : 电气控制模块：手动打开端口15
2023-07-08 15:54:41,054 [AppLog] INFO : 手动正向点动指令（8轴运控板卡系统） ====》：输出AXIS{第1轴},点动量{1.5MM},运动速度{2MM/s}
2023-07-08 15:54:41,054 [AppLog] INFO : 电气控制模块：手动关闭端口15
2023-07-08 15:54:41,054 [AppLog] INFO : 电气控制模块：手动关闭端口14
2023-07-08 15:54:41,054 [AppLog] INFO : 成形面高度上升层厚 TrapSpace{1.5mm}：TrapMoveUp(1, true, Convert.ToString(vel), Convert.ToString(TrapSpace), true, true）
2023-07-08 15:54:41,054 [AppLog] INFO : 自动铺粉正常结束：NewAutoSupplyPowderThread2
2023-07-08 15:54:41,054 [AppLog] INFO : 发送监控指令，拍照记录1条：SendMessageFromSharedMemory
2023-07-08 15:54:41,054 [AppLog] INFO : 铺粉模式：铺粉固化同时进行！
2023-07-08 15:54:41,054 [AppLog] INFO : 执行完成铺粉固化操作：EquipmentMotionLogic3：m_bApplyPowderSupplyMotion:0
2023-07-08 15:54:41,054 [AppLog] INFO : 接收到恢复打印指令：PrintTaskTHREAD
2023-07-08 15:54:41,070 [AppLog] INFO : 获取打印Pass数据：IDP_GetPassItem2：nLayerIndex{23}nPassID{0}nProcState{3}LPPassDataItemb:PrtDir{False}nDataTxCompleteCnt{1}nHwMemAdrMatchMask{1}nLayerIndex{23}nLayerPassCount{6}nLayerPassIndex{0}nMinJet0ImgLinePos{355}nPrtMemHwAddr{System.UInt32[]}nPrtDataOffset{System.UInt32[]}nSrcDataSize{System.UInt32[]}nPrtColBytes{System.UInt32[]}nPrtPrecession{10.666}nSrcEndCols{6000}nSrcStartCols{0}nStartEncPos{76511}nValidPassJets{1280}nValidPrtCols{6233}nValidPrtCtlCnts{1}pDataBuf{0}pNextItem{767821072}
2023-07-08 15:54:41,101 [AppLog] INFO : 使能Pass打印成功：IDP_DoPassPrint2：nLayerIndex{23}nPassID{0}
2023-07-08 15:54:41,101 [AppLog] INFO : PASS打印前关键状态：DEV_GetDeviceInfo：nLayerIndex{23}nPassID{0}LPPRINTER_INFO:nXSysEncDPI{5080}nStatus{909129520}nPrintStatus{0}bSuperDevice{1}
LPPRINTER_INFO-LPPrtRunInfo:bJobPrtRuning{True}bLayerPrtIsOver{False}nContReqMemErr{0}nContWDErr{0}nCurPrtDir{0}nDTLayerIndex{31}nDTLayerPassIndex{5}nDTPtrCtlIndex{0}nLayerPassCount{6}nPrintLayerIndex{23}nPrintPassIndex{0}nProcLayerIndex{31}nPrtDataMemAddr{0}nPrtState{0}nReverse{System.Int32[]}nRevPrtCols{0}
LPPRINTER_INFO-LPDRVINFO:nFMVersion{45074}nFpgaVersion{539038216}nPCBVersion{0}nState{0}nNextState{0}nPtvwarnState{0}nCrc32{0}nRevInfo{System.UInt32[]}nSignature{0}
2023-07-08 15:54:41,101 [AppLog] INFO : 创建：AutoPrintMotion1=》不需重新创建-手动操作！
2023-07-08 15:54:41,101 [AppLog] INFO : 进入：EquipmentMotionLogic3=》准备创建对象-手动操作！
2023-07-08 15:54:41,101 [AppLog] INFO : 进入：EquipmentMotionLogic3=》不需重新创建-手动操作！
2023-07-08 15:54:41,101 [AppLog] INFO : 进入：EquipmentMotionLogic3=》赋值完成自-AutoPrintMotion2！
2023-07-08 15:54:41,101 [AppLog] INFO : 进入：EquipmentMotionLogic3=》加载配置文件-LoadJsonFile成功！
2023-07-08 15:54:41,101 [AppLog] INFO : 进入自动清洗过程：AutoCleanThread
2023-07-08 15:54:41,304 [AppLog] INFO : 准备处理第31层数据：准备调用RenderToWic，index为31，subindex为0，g_nRePrintTimes为1，起始层为0
2023-07-08 15:54:41,366 [AppLog] INFO : 完成处理第31层数据：准备调用DrawLayerBMP，index为31，起始层为0
2023-07-08 15:54:41,366 [AppLog] INFO : 完成处理第31层数据：准备调用DrawLayerBMP，index为31，起始层为0
2023-07-08 15:54:41,475 [AppLog] INFO : 刮墨轴回零成功：motionMap.SetBackSpreaderAxis(4, 1, 2, -SinkHomePosition)
2023-07-08 15:54:41,475 [AppLog] INFO : 准备读取编码器位置：Y方向！
2023-07-08 15:54:41,475 [AppLog] INFO : 准备运动，编码器当前位置：DEM_GetAxisEncodeVal：MoveDirectionFlag{false为Y方向：True}CurrentPos{121.03}AimPos{116}
2023-07-08 15:54:41,616 [AppLog] INFO : Y方向运动开始：DEM_Run：返回值{True}nAxis{1}DirFlag{False}nSpeed{300000}MoveStep{-5039.51173}nCtlValue{1}
2023-07-08 15:54:41,678 [AppLog] INFO : Y方向到位停止：DEM_StopAxisRun：返回值{True}CurrentPos{116.545}bImmeStop{False}nAxisMask{2}
2023-07-08 15:54:41,678 [AppLog] INFO : 准备读取编码器位置：X方向！
2023-07-08 15:54:41,678 [AppLog] INFO : 准备运动，当前位置：DEV_GetPrintEncoderValue：MoveDirectionFlag{false为Y方向：False}CurrentPos{784.39}AimPos{780}
2023-07-08 15:54:41,709 [AppLog] INFO : X方向运动开始：DEM_Run：返回值{True}nAxis{0}DirFlag{False}nSpeed{300000}MoveStep{-4389.99999999999}nCtlValue{2}
2023-07-08 15:54:41,709 [AppLog] INFO : 作业写入成功：IDP_WriteImgLayerData：bpp:{1bit}灰阶:{1阶}nLayerIndex{32}LayerIndex{31}SubIndex{1}RePrintTimes{1}nBytesPerLine{752}nWidth{6001}nHeight{7680}nXEncOff{0}nYJetOff{355}nImgStartJetIndex{0}nXDPI{476.25}nYDPI{600}nPrtDir{0} nPrtFlag{1}nColorCnts{1}nReserved{System.Int32[]}
2023-07-08 15:54:41,709 [AppLog] INFO : 完成处理第31层数据：准备调用RenderToWic，index为31，subindex为0，g_nRePrintTimes为1，起始层为0
2023-07-08 15:54:41,881 [AppLog] INFO : X方向到位停止：DEM_StopAxisRun：返回值{True}CurrentPos{783.215}bImmeStop{False}nAxisMask{1}
2023-07-08 15:54:43,098 [AppLog] INFO : 开启手动清洗挤墨喷头，DEV_EnableTimer: 端口{11}，清洗控制周期：{0.5}S,{0.5}S
2023-07-08 15:54:44,127 [AppLog] INFO : 关闭手动清洗挤墨喷头：DEV_EnableTimer
2023-07-08 15:54:44,127 [AppLog] INFO : 压墨等待开启：{1.5S}
2023-07-08 15:54:45,640 [AppLog] INFO : 压墨等待完成：{1.5S}
2023-07-08 15:54:45,640 [AppLog] INFO : 准备读取编码器位置：X方向！
2023-07-08 15:54:45,656 [AppLog] INFO : 准备运动，当前位置：DEV_GetPrintEncoderValue：MoveDirectionFlag{false为Y方向：False}CurrentPos{780.355}AimPos{680}
2023-07-08 15:54:45,687 [AppLog] INFO : X方向运动开始：DEM_Run：返回值{True}nAxis{0}DirFlag{False}nSpeed{200000}MoveStep{-100355}nCtlValue{2}
2023-07-08 15:54:46,561 [AppLog] INFO : X方向到位停止：DEM_StopAxisRun：返回值{True}CurrentPos{683.285}bImmeStop{False}nAxisMask{1}
2023-07-08 15:54:47,138 [AppLog] INFO : 结束自动清洗过程：AutoCleanThread
2023-07-08 15:54:47,138 [AppLog] INFO : 进入：EquipmentMotionLogic3=》准备创建对象-手动操作！
2023-07-08 15:54:47,138 [AppLog] INFO : 进入：EquipmentMotionLogic3=》不需重新创建-手动操作！
2023-07-08 15:54:47,138 [AppLog] INFO : 进入：EquipmentMotionLogic3=》赋值完成自-AutoPrintMotion2！
2023-07-08 15:54:47,138 [AppLog] INFO : 进入：EquipmentMotionLogic3=》加载配置文件-LoadJsonFile成功！
2023-07-08 15:54:47,138 [AppLog] INFO : 进入：AutoPrintThread3！
2023-07-08 15:54:47,138 [AppLog] INFO : 关闭闪喷操作：IDP_FlashPrtCtl：返回值{True}
2023-07-08 15:54:47,138 [AppLog] INFO : 准备读取编码器位置：Y方向！
2023-07-08 15:54:47,138 [AppLog] INFO : 准备运动，编码器当前位置：DEM_GetAxisEncodeVal：MoveDirectionFlag{false为Y方向：True}CurrentPos{115.995}AimPos{91}
2023-07-08 15:54:47,310 [AppLog] INFO : Y方向运动开始：DEM_Run：返回值{True}nAxis{1}DirFlag{False}nSpeed{300000}MoveStep{-25042.265545}nCtlValue{1}
2023-07-08 15:54:47,372 [AppLog] INFO : 准备读取编码器位置：X方向！
2023-07-08 15:54:47,372 [AppLog] INFO : 准备运动，当前位置：DEV_GetPrintEncoderValue：MoveDirectionFlag{false为Y方向：False}CurrentPos{680.215}AimPos{425}
2023-07-08 15:54:47,419 [AppLog] INFO : X方向运动开始：DEM_Run：返回值{True}nAxis{0}DirFlag{False}nSpeed{300000}MoveStep{-255215}nCtlValue{2}
2023-07-08 15:54:48,823 [AppLog] INFO : X方向到位停止：DEM_StopAxisRun：返回值{True}CurrentPos{428.96}bImmeStop{False}nAxisMask{1}
2023-07-08 15:54:48,823 [AppLog] INFO : 准备读取编码器位置：X方向！
2023-07-08 15:54:48,823 [AppLog] INFO : 准备运动，当前位置：DEV_GetPrintEncoderValue：MoveDirectionFlag{false为Y方向：False}CurrentPos{428.87}AimPos{25}
2023-07-08 15:54:48,854 [AppLog] INFO : X方向运动开始：DEM_Run：返回值{True}nAxis{0}DirFlag{False}nSpeed{300000}MoveStep{-403870}nCtlValue{2}
2023-07-08 15:54:50,742 [AppLog] INFO : X方向到位停止：DEM_StopAxisRun：返回值{True}CurrentPos{26.235}bImmeStop{False}nAxisMask{1}
2023-07-08 15:54:50,742 [AppLog] INFO : 准备读取编码器位置：Y方向！
2023-07-08 15:54:50,742 [AppLog] INFO : 准备运动，编码器当前位置：DEM_GetAxisEncodeVal：MoveDirectionFlag{false为Y方向：True}CurrentPos{90.995}AimPos{101.021166666667}
2023-07-08 15:54:50,866 [AppLog] INFO : Y方向运动开始：DEM_Run：返回值{True}nAxis{1}DirFlag{True}nSpeed{300000}MoveStep{10045.1261478333}nCtlValue{1}
2023-07-08 15:54:50,929 [AppLog] INFO : Y方向到位停止：DEM_StopAxisRun：返回值{True}CurrentPos{99.565}bImmeStop{False}nAxisMask{2}
2023-07-08 15:54:50,929 [AppLog] INFO : 获取打印Pass数据：IDP_GetPassItem2：nLayerIndex{23}nPassID{1}nProcState{3}LPPassDataItemb:PrtDir{True}nDataTxCompleteCnt{1}nHwMemAdrMatchMask{1}nLayerIndex{23}nLayerPassCount{6}nLayerPassIndex{1}nMinJet0ImgLinePos{1635}nPrtMemHwAddr{System.UInt32[]}nPrtDataOffset{System.UInt32[]}nSrcDataSize{System.UInt32[]}nPrtColBytes{System.UInt32[]}nPrtPrecession{10.666}nSrcEndCols{6000}nSrcStartCols{0}nStartEncPos{10000}nValidPassJets{1280}nValidPrtCols{6233}nValidPrtCtlCnts{1}pDataBuf{0}pNextItem{767821232}
2023-07-08 15:54:50,944 [AppLog] INFO : 使能Pass打印成功：IDP_DoPassPrint2：nLayerIndex{23}nPassID{1}
2023-07-08 15:54:50,944 [AppLog] INFO : PASS打印前关键状态：DEV_GetDeviceInfo：nLayerIndex{23}nPassID{1}LPPRINTER_INFO:nXSysEncDPI{5080}nStatus{909129520}nPrintStatus{0}bSuperDevice{1}
LPPRINTER_INFO-LPPrtRunInfo:bJobPrtRuning{True}bLayerPrtIsOver{False}nContReqMemErr{0}nContWDErr{0}nCurPrtDir{0}nDTLayerIndex{32}nDTLayerPassIndex{5}nDTPtrCtlIndex{0}nLayerPassCount{6}nPrintLayerIndex{23}nPrintPassIndex{1}nProcLayerIndex{32}nPrtDataMemAddr{0}nPrtState{0}nReverse{System.Int32[]}nRevPrtCols{0}
LPPRINTER_INFO-LPDRVINFO:nFMVersion{45074}nFpgaVersion{539038216}nPCBVersion{0}nState{0}nNextState{0}nPtvwarnState{0}nCrc32{0}nRevInfo{System.UInt32[]}nSignature{0}
2023-07-08 15:54:50,944 [AppLog] INFO : 创建：AutoPrintMotion1=》不需重新创建-手动操作！
2023-07-08 15:54:50,944 [AppLog] INFO : 进入：EquipmentMotionLogic3=》准备创建对象-手动操作！
2023-07-08 15:54:50,944 [AppLog] INFO : 进入：EquipmentMotionLogic3=》不需重新创建-手动操作！
2023-07-08 15:54:50,944 [AppLog] INFO : 进入：EquipmentMotionLogic3=》赋值完成自-AutoPrintMotion2！
2023-07-08 15:54:50,944 [AppLog] INFO : 进入：EquipmentMotionLogic3=》加载配置文件-LoadJsonFile成功！
2023-07-08 15:54:50,944 [AppLog] INFO : 进入：AutoPrintThread3！
2023-07-08 15:54:50,944 [AppLog] INFO : 准备读取编码器位置：X方向！
2023-07-08 15:54:50,944 [AppLog] INFO : 准备运动，当前位置：DEV_GetPrintEncoderValue：MoveDirectionFlag{false为Y方向：False}CurrentPos{22.325}AimPos{425}
2023-07-08 15:54:50,976 [AppLog] INFO : X方向运动开始：DEM_Run：返回值{True}nAxis{0}DirFlag{True}nSpeed{300000}MoveStep{402675}nCtlValue{2}
2023-07-08 15:54:52,863 [AppLog] INFO : X方向到位停止：DEM_StopAxisRun：返回值{True}CurrentPos{419.715}bImmeStop{False}nAxisMask{1}
2023-07-08 15:54:52,863 [AppLog] INFO : 准备读取编码器位置：Y方向！
2023-07-08 15:54:52,863 [AppLog] INFO : 准备运动，编码器当前位置：DEM_GetAxisEncodeVal：MoveDirectionFlag{false为Y方向：True}CurrentPos{101.005}AimPos{145}
2023-07-08 15:54:53,082 [AppLog] INFO : Y方向运动开始：DEM_Run：返回值{True}nAxis{1}DirFlag{True}nSpeed{300000}MoveStep{44078.194545}nCtlValue{1}
2023-07-08 15:54:53,144 [AppLog] INFO : Y方向到位停止：DEM_StopAxisRun：返回值{True}CurrentPos{140}bImmeStop{False}nAxisMask{2}
2023-07-08 15:54:53,144 [AppLog] INFO : 获取打印Pass数据：IDP_GetPassItem2：nLayerIndex{23}nPassID{2}nProcState{3}LPPassDataItemb:PrtDir{False}nDataTxCompleteCnt{1}nHwMemAdrMatchMask{1}nLayerIndex{23}nLayerPassCount{6}nLayerPassIndex{2}nMinJet0ImgLinePos{2915}nPrtMemHwAddr{System.UInt32[]}nPrtDataOffset{System.UInt32[]}nSrcDataSize{System.UInt32[]}nPrtColBytes{System.UInt32[]}nPrtPrecession{10.666}nSrcEndCols{6000}nSrcStartCols{0}nStartEncPos{76511}nValidPassJets{1280}nValidPrtCols{6233}nValidPrtCtlCnts{1}pDataBuf{0}pNextItem{767821392}
2023-07-08 15:54:53,160 [AppLog] INFO : 使能Pass打印成功：IDP_DoPassPrint2：nLayerIndex{23}nPassID{2}
2023-07-08 15:54:53,160 [AppLog] INFO : PASS打印前关键状态：DEV_GetDeviceInfo：nLayerIndex{23}nPassID{2}LPPRINTER_INFO:nXSysEncDPI{5080}nStatus{909129520}nPrintStatus{0}bSuperDevice{1}
LPPRINTER_INFO-LPPrtRunInfo:bJobPrtRuning{True}bLayerPrtIsOver{False}nContReqMemErr{0}nContWDErr{0}nCurPrtDir{0}nDTLayerIndex{32}nDTLayerPassIndex{5}nDTPtrCtlIndex{0}nLayerPassCount{6}nPrintLayerIndex{23}nPrintPassIndex{2}nProcLayerIndex{32}nPrtDataMemAddr{0}nPrtState{0}nReverse{System.Int32[]}nRevPrtCols{0}
LPPRINTER_INFO-LPDRVINFO:nFMVersion{45074}nFpgaVersion{539038216}nPCBVersion{0}nState{0}nNextState{0}nPtvwarnState{0}nCrc32{0}nRevInfo{System.UInt32[]}nSignature{0}
2023-07-08 15:54:53,160 [AppLog] INFO : 创建：AutoPrintMotion1=》不需重新创建-手动操作！
2023-07-08 15:54:53,160 [AppLog] INFO : 进入：EquipmentMotionLogic3=》准备创建对象-手动操作！
2023-07-08 15:54:53,160 [AppLog] INFO : 进入：EquipmentMotionLogic3=》不需重新创建-手动操作！
2023-07-08 15:54:53,160 [AppLog] INFO : 进入：EquipmentMotionLogic3=》赋值完成自-AutoPrintMotion2！
2023-07-08 15:54:53,160 [AppLog] INFO : 进入：EquipmentMotionLogic3=》加载配置文件-LoadJsonFile成功！
2023-07-08 15:54:53,160 [AppLog] INFO : 进入：AutoPrintThread3！
2023-07-08 15:54:53,160 [AppLog] INFO : 准备读取编码器位置：X方向！
2023-07-08 15:54:53,160 [AppLog] INFO : 准备运动，当前位置：DEV_GetPrintEncoderValue：MoveDirectionFlag{false为Y方向：False}CurrentPos{423.255}AimPos{25}
2023-07-08 15:54:53,191 [AppLog] INFO : X方向运动开始：DEM_Run：返回值{True}nAxis{0}DirFlag{False}nSpeed{300000}MoveStep{-398255}nCtlValue{2}
2023-07-08 15:54:55,063 [AppLog] INFO : X方向到位停止：DEM_StopAxisRun：返回值{True}CurrentPos{30.52}bImmeStop{False}nAxisMask{1}
2023-07-08 15:54:55,063 [AppLog] INFO : 准备读取编码器位置：Y方向！
2023-07-08 15:54:55,063 [AppLog] INFO : 准备运动，编码器当前位置：DEM_GetAxisEncodeVal：MoveDirectionFlag{false为Y方向：True}CurrentPos{144.97}AimPos{155.021166666667}
2023-07-08 15:54:55,188 [AppLog] INFO : Y方向运动开始：DEM_Run：返回值{True}nAxis{1}DirFlag{True}nSpeed{300000}MoveStep{10070.1734228333}nCtlValue{1}
2023-07-08 15:54:55,250 [AppLog] INFO : Y方向到位停止：DEM_StopAxisRun：返回值{True}CurrentPos{153.66}bImmeStop{False}nAxisMask{2}
2023-07-08 15:54:55,250 [AppLog] INFO : 获取打印Pass数据：IDP_GetPassItem2：nLayerIndex{23}nPassID{3}nProcState{3}LPPassDataItemb:PrtDir{True}nDataTxCompleteCnt{1}nHwMemAdrMatchMask{1}nLayerIndex{23}nLayerPassCount{6}nLayerPassIndex{3}nMinJet0ImgLinePos{4195}nPrtMemHwAddr{System.UInt32[]}nPrtDataOffset{System.UInt32[]}nSrcDataSize{System.UInt32[]}nPrtColBytes{System.UInt32[]}nPrtPrecession{10.666}nSrcEndCols{6000}nSrcStartCols{0}nStartEncPos{10000}nValidPassJets{1280}nValidPrtCols{6233}nValidPrtCtlCnts{1}pDataBuf{0}pNextItem{767821552}
2023-07-08 15:54:55,250 [AppLog] INFO : 使能Pass打印成功：IDP_DoPassPrint2：nLayerIndex{23}nPassID{3}
2023-07-08 15:54:55,266 [AppLog] INFO : PASS打印前关键状态：DEV_GetDeviceInfo：nLayerIndex{23}nPassID{3}LPPRINTER_INFO:nXSysEncDPI{5080}nStatus{909129520}nPrintStatus{0}bSuperDevice{1}
LPPRINTER_INFO-LPPrtRunInfo:bJobPrtRuning{True}bLayerPrtIsOver{False}nContReqMemErr{0}nContWDErr{0}nCurPrtDir{0}nDTLayerIndex{32}nDTLayerPassIndex{5}nDTPtrCtlIndex{0}nLayerPassCount{6}nPrintLayerIndex{23}nPrintPassIndex{3}nProcLayerIndex{32}nPrtDataMemAddr{0}nPrtState{0}nReverse{System.Int32[]}nRevPrtCols{0}
LPPRINTER_INFO-LPDRVINFO:nFMVersion{45074}nFpgaVersion{539038216}nPCBVersion{0}nState{0}nNextState{0}nPtvwarnState{0}nCrc32{0}nRevInfo{System.UInt32[]}nSignature{0}
2023-07-08 15:54:55,266 [AppLog] INFO : 创建：AutoPrintMotion1=》不需重新创建-手动操作！
2023-07-08 15:54:55,266 [AppLog] INFO : 进入：EquipmentMotionLogic3=》准备创建对象-手动操作！
2023-07-08 15:54:55,266 [AppLog] INFO : 进入：EquipmentMotionLogic3=》不需重新创建-手动操作！
2023-07-08 15:54:55,266 [AppLog] INFO : 进入：EquipmentMotionLogic3=》赋值完成自-AutoPrintMotion2！
2023-07-08 15:54:55,266 [AppLog] INFO : 进入：EquipmentMotionLogic3=》加载配置文件-LoadJsonFile成功！
2023-07-08 15:54:55,266 [AppLog] INFO : 进入：AutoPrintThread3！
2023-07-08 15:54:55,266 [AppLog] INFO : 准备读取编码器位置：X方向！
2023-07-08 15:54:55,281 [AppLog] INFO : 准备运动，当前位置：DEV_GetPrintEncoderValue：MoveDirectionFlag{false为Y方向：False}CurrentPos{26.68}AimPos{425}
2023-07-08 15:54:55,312 [AppLog] INFO : X方向运动开始：DEM_Run：返回值{True}nAxis{0}DirFlag{True}nSpeed{300000}MoveStep{398320}nCtlValue{2}
2023-07-08 15:54:57,184 [AppLog] INFO : X方向到位停止：DEM_StopAxisRun：返回值{True}CurrentPos{418.98}bImmeStop{False}nAxisMask{1}
2023-07-08 15:54:57,184 [AppLog] INFO : 准备读取编码器位置：Y方向！
2023-07-08 15:54:57,184 [AppLog] INFO : 准备运动，编码器当前位置：DEM_GetAxisEncodeVal：MoveDirectionFlag{false为Y方向：True}CurrentPos{154.995}AimPos{199}
2023-07-08 15:54:57,387 [AppLog] INFO : Y方向运动开始：DEM_Run：返回值{True}nAxis{1}DirFlag{True}nSpeed{300000}MoveStep{44088.213455}nCtlValue{1}
2023-07-08 15:54:57,450 [AppLog] INFO : Y方向到位停止：DEM_StopAxisRun：返回值{True}CurrentPos{194.06}bImmeStop{False}nAxisMask{2}
2023-07-08 15:54:57,450 [AppLog] INFO : 获取打印Pass数据：IDP_GetPassItem2：nLayerIndex{23}nPassID{4}nProcState{3}LPPassDataItemb:PrtDir{False}nDataTxCompleteCnt{1}nHwMemAdrMatchMask{1}nLayerIndex{23}nLayerPassCount{6}nLayerPassIndex{4}nMinJet0ImgLinePos{5475}nPrtMemHwAddr{System.UInt32[]}nPrtDataOffset{System.UInt32[]}nSrcDataSize{System.UInt32[]}nPrtColBytes{System.UInt32[]}nPrtPrecession{10.666}nSrcEndCols{6000}nSrcStartCols{0}nStartEncPos{76511}nValidPassJets{1280}nValidPrtCols{6233}nValidPrtCtlCnts{1}pDataBuf{0}pNextItem{767821712}
2023-07-08 15:54:57,450 [AppLog] INFO : 使能Pass打印成功：IDP_DoPassPrint2：nLayerIndex{23}nPassID{4}
2023-07-08 15:54:57,465 [AppLog] INFO : PASS打印前关键状态：DEV_GetDeviceInfo：nLayerIndex{23}nPassID{4}LPPRINTER_INFO:nXSysEncDPI{5080}nStatus{909129520}nPrintStatus{0}bSuperDevice{1}
LPPRINTER_INFO-LPPrtRunInfo:bJobPrtRuning{True}bLayerPrtIsOver{False}nContReqMemErr{0}nContWDErr{0}nCurPrtDir{0}nDTLayerIndex{32}nDTLayerPassIndex{5}nDTPtrCtlIndex{0}nLayerPassCount{6}nPrintLayerIndex{23}nPrintPassIndex{4}nProcLayerIndex{32}nPrtDataMemAddr{0}nPrtState{0}nReverse{System.Int32[]}nRevPrtCols{0}
LPPRINTER_INFO-LPDRVINFO:nFMVersion{45074}nFpgaVersion{539038216}nPCBVersion{0}nState{0}nNextState{0}nPtvwarnState{0}nCrc32{0}nRevInfo{System.UInt32[]}nSignature{0}
2023-07-08 15:54:57,465 [AppLog] INFO : 创建：AutoPrintMotion1=》不需重新创建-手动操作！
2023-07-08 15:54:57,465 [AppLog] INFO : 进入：EquipmentMotionLogic3=》准备创建对象-手动操作！
2023-07-08 15:54:57,465 [AppLog] INFO : 进入：EquipmentMotionLogic3=》不需重新创建-手动操作！
2023-07-08 15:54:57,465 [AppLog] INFO : 进入：EquipmentMotionLogic3=》赋值完成自-AutoPrintMotion2！
2023-07-08 15:54:57,465 [AppLog] INFO : 进入：EquipmentMotionLogic3=》加载配置文件-LoadJsonFile成功！
2023-07-08 15:54:57,465 [AppLog] INFO : 进入：AutoPrintThread3！
2023-07-08 15:54:57,465 [AppLog] INFO : 准备读取编码器位置：X方向！
2023-07-08 15:54:57,465 [AppLog] INFO : 准备运动，当前位置：DEV_GetPrintEncoderValue：MoveDirectionFlag{false为Y方向：False}CurrentPos{423.325}AimPos{25}
2023-07-08 15:54:57,496 [AppLog] INFO : X方向运动开始：DEM_Run：返回值{True}nAxis{0}DirFlag{False}nSpeed{300000}MoveStep{-398325}nCtlValue{2}
2023-07-08 15:54:59,368 [AppLog] INFO : X方向到位停止：DEM_StopAxisRun：返回值{True}CurrentPos{30.475}bImmeStop{False}nAxisMask{1}
2023-07-08 15:54:59,368 [AppLog] INFO : 准备读取编码器位置：Y方向！
2023-07-08 15:54:59,368 [AppLog] INFO : 准备运动，编码器当前位置：DEM_GetAxisEncodeVal：MoveDirectionFlag{false为Y方向：True}CurrentPos{199.055}AimPos{209.021166666667}
2023-07-08 15:54:59,493 [AppLog] INFO : Y方向运动开始：DEM_Run：返回值{True}nAxis{1}DirFlag{True}nSpeed{300000}MoveStep{9985.01268783332}nCtlValue{1}
2023-07-08 15:54:59,556 [AppLog] INFO : Y方向到位停止：DEM_StopAxisRun：返回值{True}CurrentPos{207.845}bImmeStop{False}nAxisMask{2}
2023-07-08 15:54:59,556 [AppLog] INFO : 获取打印Pass数据：IDP_GetPassItem2：nLayerIndex{23}nPassID{5}nProcState{3}LPPassDataItemb:PrtDir{True}nDataTxCompleteCnt{1}nHwMemAdrMatchMask{1}nLayerIndex{23}nLayerPassCount{6}nLayerPassIndex{5}nMinJet0ImgLinePos{6755}nPrtMemHwAddr{System.UInt32[]}nPrtDataOffset{System.UInt32[]}nSrcDataSize{System.UInt32[]}nPrtColBytes{System.UInt32[]}nPrtPrecession{10.666}nSrcEndCols{6000}nSrcStartCols{0}nStartEncPos{10000}nValidPassJets{1280}nValidPrtCols{6233}nValidPrtCtlCnts{1}pDataBuf{0}pNextItem{0}
2023-07-08 15:54:59,571 [AppLog] INFO : 使能Pass打印成功：IDP_DoPassPrint2：nLayerIndex{23}nPassID{5}
2023-07-08 15:54:59,571 [AppLog] INFO : PASS打印前关键状态：DEV_GetDeviceInfo：nLayerIndex{23}nPassID{5}LPPRINTER_INFO:nXSysEncDPI{5080}nStatus{909129520}nPrintStatus{0}bSuperDevice{1}
LPPRINTER_INFO-LPPrtRunInfo:bJobPrtRuning{True}bLayerPrtIsOver{False}nContReqMemErr{0}nContWDErr{0}nCurPrtDir{0}nDTLayerIndex{32}nDTLayerPassIndex{5}nDTPtrCtlIndex{0}nLayerPassCount{6}nPrintLayerIndex{23}nPrintPassIndex{5}nProcLayerIndex{32}nPrtDataMemAddr{0}nPrtState{0}nReverse{System.Int32[]}nRevPrtCols{0}
LPPRINTER_INFO-LPDRVINFO:nFMVersion{45074}nFpgaVersion{539038216}nPCBVersion{0}nState{0}nNextState{0}nPtvwarnState{0}nCrc32{0}nRevInfo{System.UInt32[]}nSignature{0}
2023-07-08 15:54:59,571 [AppLog] INFO : 创建：AutoPrintMotion1=》不需重新创建-手动操作！
2023-07-08 15:54:59,571 [AppLog] INFO : 进入：EquipmentMotionLogic3=》准备创建对象-手动操作！
2023-07-08 15:54:59,571 [AppLog] INFO : 进入：EquipmentMotionLogic3=》不需重新创建-手动操作！
2023-07-08 15:54:59,571 [AppLog] INFO : 进入：EquipmentMotionLogic3=》赋值完成自-AutoPrintMotion2！
2023-07-08 15:54:59,571 [AppLog] INFO : 进入：EquipmentMotionLogic3=》加载配置文件-LoadJsonFile成功！
2023-07-08 15:54:59,571 [AppLog] INFO : 进入：AutoPrintThread3！
2023-07-08 15:54:59,571 [AppLog] INFO : 准备读取编码器位置：X方向！
2023-07-08 15:54:59,571 [AppLog] INFO : 准备运动，当前位置：DEV_GetPrintEncoderValue：MoveDirectionFlag{false为Y方向：False}CurrentPos{26.63}AimPos{425}
2023-07-08 15:54:59,602 [AppLog] INFO : X方向运动开始：DEM_Run：返回值{True}nAxis{0}DirFlag{True}nSpeed{300000}MoveStep{398370}nCtlValue{2}
2023-07-08 15:55:01,474 [AppLog] INFO : X方向到位停止：DEM_StopAxisRun：返回值{True}CurrentPos{418.94}bImmeStop{False}nAxisMask{1}
2023-07-08 15:55:01,474 [AppLog] INFO : 准备读取编码器位置：X方向！
2023-07-08 15:55:01,474 [AppLog] INFO : 准备运动，当前位置：DEV_GetPrintEncoderValue：MoveDirectionFlag{false为Y方向：False}CurrentPos{419.045}AimPos{780}
2023-07-08 15:55:01,506 [AppLog] INFO : X方向运动开始：DEM_Run：返回值{True}nAxis{0}DirFlag{True}nSpeed{300000}MoveStep{360955}nCtlValue{2}
2023-07-08 15:55:01,568 [AppLog] INFO : 准备读取编码器位置：Y方向！
2023-07-08 15:55:01,568 [AppLog] INFO : 准备运动，编码器当前位置：DEM_GetAxisEncodeVal：MoveDirectionFlag{false为Y方向：True}CurrentPos{209.01}AimPos{121}
2023-07-08 15:55:01,927 [AppLog] INFO : Y方向运动开始：DEM_Run：返回值{True}nAxis{1}DirFlag{False}nSpeed{300000}MoveStep{-88176.42691}nCtlValue{1}
2023-07-08 15:55:03,253 [AppLog] INFO : Y方向到位等停：DEM_StopAxisRun：返回值{True}bImmeStop{False}nAxisMask{1}
2023-07-08 15:55:03,253 [AppLog] INFO : X方向到位等停：DEM_StopAxisRun：返回值{True}bImmeStop{False}nAxisMask{2}
2023-07-08 15:55:03,268 [AppLog] INFO : 开启闪喷操作：IDP_FlashPrtCtl：返回值{True}
2023-07-08 15:55:03,268 [AppLog] INFO : 进入：EquipmentMotionLogic3=》准备创建对象-手动操作！
2023-07-08 15:55:03,268 [AppLog] INFO : 进入：EquipmentMotionLogic3=》不需重新创建-手动操作！
2023-07-08 15:55:03,268 [AppLog] INFO : 进入：EquipmentMotionLogic3=》赋值完成自-AutoPrintMotion2！
2023-07-08 15:55:03,268 [AppLog] INFO : 进入：EquipmentMotionLogic3=》加载配置文件-LoadJsonFile成功！
2023-07-08 15:55:03,268 [AppLog] INFO : 进入自动铺粉逻辑：NewAutoSupplyPowderThread2
2023-07-08 15:55:03,268 [AppLog] INFO : 电气控制模块：手动打开端口14
2023-07-08 15:55:03,268 [AppLog] INFO : 电气控制模块：手动打开端口15
2023-07-08 15:55:03,346 [AppLog] INFO : 手动正向点动指令（8轴运控板卡系统） ====》：输出AXIS{第1轴},点动量{-0.1MM},运动速度{2MM/s}
2023-07-08 15:55:03,346 [AppLog] INFO : 成形面高度下降层厚 TrapSpace{0.1mm}：TrapMoveUp(1, true, Convert.ToString(vel), Convert.ToString(TrapSpace), true, true）
2023-07-08 15:55:04,111 [AppLog] INFO : 手动正向点动指令（8轴运控板卡系统） ====》：输出AXIS{第1轴},点动量{-1.5MM},运动速度{2MM/s}
2023-07-08 15:55:04,111 [AppLog] INFO : 成形面高度下降指定厚度 TrapSpace{1.5mm}：TrapMoveUp(1, true, Convert.ToString(vel), Convert.ToString(TrapSpace), true, true）
2023-07-08 15:55:04,891 [AppLog] INFO : 手动正向点动指令（8轴运控板卡系统） ====》：输出AXIS{第1轴},点动量{1.5MM},运动速度{2MM/s}
2023-07-08 15:55:04,891 [AppLog] INFO : 电气控制模块：手动关闭端口15
2023-07-08 15:55:04,891 [AppLog] INFO : 电气控制模块：手动关闭端口14
2023-07-08 15:55:04,891 [AppLog] INFO : 成形面高度上升层厚 TrapSpace{1.5mm}：TrapMoveUp(1, true, Convert.ToString(vel), Convert.ToString(TrapSpace), true, true）
2023-07-08 15:55:05,140 [AppLog] INFO : 手动正向点动指令（8轴运控板卡系统） ====》：输出AXIS{第8轴},点动量{0.6MM},运动速度{2.5MM/s}
2023-07-08 15:55:05,140 [AppLog] INFO : Hopper落粉轴转2圈落粉，速度0.5rev/s：TrapMoveUp(8, true, 0.5, rotateNuM.ToString(), true, false)
2023-07-08 15:55:06,154 [AppLog] INFO : 开启铺粉车不等停运动，准备运动至准备打印位置215mm，速度250mm/s：BackToStation2
2023-07-08 15:55:07,012 [AppLog] INFO : 手动正向点动指令（8轴运控板卡系统） ====》：输出AXIS{第2轴},点动量{216.5MM},运动速度{250MM/s}
2023-07-08 15:55:07,012 [AppLog] INFO : 当前铺粉车位置：打印位置215mm
2023-07-08 15:55:07,012 [AppLog] INFO : 手动正向点动指令（8轴运控板卡系统） ====》：输出AXIS{第2轴},点动量{480MM},运动速度{25MM/s}
2023-07-08 15:55:07,012 [AppLog] INFO : 开启铺粉车不等停运动至准备打印位置695mm，速度25mm/s：BackToStation2
2023-07-08 15:55:07,137 [AppLog] INFO : 打开IR灯：OpenIRLamp(true)
2023-07-08 15:55:07,278 [AppLog] INFO : 手动正向点动指令（8轴运控板卡系统） ====》：输出AXIS{第3轴},点动量{0.125MM},运动速度{1MM/s}
2023-07-08 15:55:07,278 [AppLog] INFO : 在{40mm}处，落粉轴运动{45度}，落粉轴转速{1rev/s}：TrapMoveUp(3, true, Convert.ToString(DispenseRollerSpeed), 0.5, true, true)
2023-07-08 15:55:07,278 [AppLog] INFO : 手动正向点动指令（8轴运控板卡系统） ====》：输出AXIS{第3轴},点动量{0.5MM},运动速度{0.0376712328767123MM/s}
2023-07-08 15:55:07,278 [AppLog] INFO : 开启均匀落粉及辊子铺平运动：TrapMoveUp(3, true, Convert.ToString(DispenseRollerSpeed), 0.5, true, true)
2023-07-08 15:55:18,931 [AppLog] INFO : 关闭IR灯：OpenIRLamp(false)
2023-07-08 15:55:23,486 [AppLog] INFO : 手动正向点动指令（8轴运控板卡系统） ====》：输出AXIS{第3轴},点动量{0.5MM},运动速度{2MM/s}
2023-07-08 15:55:23,486 [AppLog] INFO : 落粉轴继续转动以倒掉余粉：TrapMoveUp(3, true, 2, 0.5, true, false)
2023-07-08 15:55:26,216 [AppLog] INFO : 电气控制模块：手动打开端口14
2023-07-08 15:55:26,216 [AppLog] INFO : 电气控制模块：手动打开端口15
2023-07-08 15:55:26,996 [AppLog] INFO : 手动正向点动指令（8轴运控板卡系统） ====》：输出AXIS{第1轴},点动量{-1.5MM},运动速度{2MM/s}
2023-07-08 15:55:26,996 [AppLog] INFO : 电气控制模块：手动关闭端口15
2023-07-08 15:55:26,996 [AppLog] INFO : 电气控制模块：手动关闭端口14
2023-07-08 15:55:26,996 [AppLog] INFO : 成形面高度下降指定厚度 TrapSpace{1.5mm}：TrapMoveUp(1, true, Convert.ToString(vel), Convert.ToString(TrapSpace), true, true）
2023-07-08 15:55:29,789 [AppLog] INFO : 手动正向点动指令（8轴运控板卡系统） ====》：输出AXIS{第2轴},点动量{-696.5MM},运动速度{250MM/s}
2023-07-08 15:55:29,789 [AppLog] INFO : 铺粉车返回至站1：BackToStation2(AimPos, MovSpeed, true)：-1.5mm，速度250mm/s：BackToStation2
2023-07-08 15:55:30,569 [AppLog] INFO : 落粉轴回零成功：motionMap.SetBackSpreaderAxis(3, 0.5, 2, -SinkPosition)：ReturnCode{True}
2023-07-08 15:55:30,569 [AppLog] INFO : 电气控制模块：手动打开端口14
2023-07-08 15:55:30,569 [AppLog] INFO : 电气控制模块：手动打开端口15
2023-07-08 15:55:31,333 [AppLog] INFO : 手动正向点动指令（8轴运控板卡系统） ====》：输出AXIS{第1轴},点动量{1.5MM},运动速度{2MM/s}
2023-07-08 15:55:31,333 [AppLog] INFO : 电气控制模块：手动关闭端口15
2023-07-08 15:55:31,333 [AppLog] INFO : 电气控制模块：手动关闭端口14
2023-07-08 15:55:31,333 [AppLog] INFO : 成形面高度上升层厚 TrapSpace{1.5mm}：TrapMoveUp(1, true, Convert.ToString(vel), Convert.ToString(TrapSpace), true, true）
2023-07-08 15:55:31,333 [AppLog] INFO : 自动铺粉正常结束：NewAutoSupplyPowderThread2
2023-07-08 15:55:31,333 [AppLog] INFO : 发送监控指令，拍照记录1条：SendMessageFromSharedMemory
2023-07-08 15:55:31,333 [AppLog] INFO : 铺粉模式：铺粉固化同时进行！
2023-07-08 15:55:31,333 [AppLog] INFO : 执行完成铺粉固化操作：EquipmentMotionLogic3：m_bApplyPowderSupplyMotion:0
2023-07-08 15:55:31,333 [AppLog] INFO : 接收到恢复打印指令：PrintTaskTHREAD
2023-07-08 15:55:31,333 [AppLog] INFO : 获取打印Pass数据：IDP_GetPassItem2：nLayerIndex{24}nPassID{0}nProcState{3}LPPassDataItemb:PrtDir{False}nDataTxCompleteCnt{1}nHwMemAdrMatchMask{1}nLayerIndex{24}nLayerPassCount{6}nLayerPassIndex{0}nMinJet0ImgLinePos{355}nPrtMemHwAddr{System.UInt32[]}nPrtDataOffset{System.UInt32[]}nSrcDataSize{System.UInt32[]}nPrtColBytes{System.UInt32[]}nPrtPrecession{10.666}nSrcEndCols{6000}nSrcStartCols{0}nStartEncPos{76511}nValidPassJets{1280}nValidPrtCols{6233}nValidPrtCtlCnts{1}pDataBuf{0}pNextItem{767822032}
2023-07-08 15:55:31,349 [AppLog] INFO : 使能Pass打印成功：IDP_DoPassPrint2：nLayerIndex{24}nPassID{0}
2023-07-08 15:55:31,380 [AppLog] INFO : PASS打印前关键状态：DEV_GetDeviceInfo：nLayerIndex{24}nPassID{0}LPPRINTER_INFO:nXSysEncDPI{5080}nStatus{909129520}nPrintStatus{0}bSuperDevice{1}
LPPRINTER_INFO-LPPrtRunInfo:bJobPrtRuning{True}bLayerPrtIsOver{False}nContReqMemErr{0}nContWDErr{0}nCurPrtDir{0}nDTLayerIndex{32}nDTLayerPassIndex{5}nDTPtrCtlIndex{0}nLayerPassCount{6}nPrintLayerIndex{24}nPrintPassIndex{0}nProcLayerIndex{32}nPrtDataMemAddr{0}nPrtState{0}nReverse{System.Int32[]}nRevPrtCols{0}
LPPRINTER_INFO-LPDRVINFO:nFMVersion{45074}nFpgaVersion{539038216}nPCBVersion{0}nState{0}nNextState{0}nPtvwarnState{0}nCrc32{0}nRevInfo{System.UInt32[]}nSignature{0}
2023-07-08 15:55:31,380 [AppLog] INFO : 创建：AutoPrintMotion1=》不需重新创建-手动操作！
2023-07-08 15:55:31,380 [AppLog] INFO : 进入：EquipmentMotionLogic3=》准备创建对象-手动操作！
2023-07-08 15:55:31,380 [AppLog] INFO : 进入：EquipmentMotionLogic3=》不需重新创建-手动操作！
2023-07-08 15:55:31,380 [AppLog] INFO : 进入：EquipmentMotionLogic3=》赋值完成自-AutoPrintMotion2！
2023-07-08 15:55:31,380 [AppLog] INFO : 进入：EquipmentMotionLogic3=》加载配置文件-LoadJsonFile成功！
2023-07-08 15:55:31,380 [AppLog] INFO : 进入自动清洗过程：AutoCleanThread
2023-07-08 15:55:31,661 [AppLog] INFO : 准备处理第32层数据：准备调用RenderToWic，index为32，subindex为0，g_nRePrintTimes为1，起始层为0
2023-07-08 15:55:31,723 [AppLog] INFO : 完成处理第32层数据：准备调用DrawLayerBMP，index为32，起始层为0
2023-07-08 15:55:31,723 [AppLog] INFO : 完成处理第32层数据：准备调用DrawLayerBMP，index为32，起始层为0
2023-07-08 15:55:31,754 [AppLog] INFO : 刮墨轴回零成功：motionMap.SetBackSpreaderAxis(4, 1, 2, -SinkHomePosition)
2023-07-08 15:55:31,754 [AppLog] INFO : 准备读取编码器位置：Y方向！
2023-07-08 15:55:31,754 [AppLog] INFO : 准备运动，编码器当前位置：DEM_GetAxisEncodeVal：MoveDirectionFlag{false为Y方向：True}CurrentPos{121.045}AimPos{116}
2023-07-08 15:55:31,879 [AppLog] INFO : Y方向运动开始：DEM_Run：返回值{True}nAxis{1}DirFlag{False}nSpeed{300000}MoveStep{-5054.540095}nCtlValue{1}
2023-07-08 15:55:31,941 [AppLog] INFO : Y方向到位停止：DEM_StopAxisRun：返回值{True}CurrentPos{116.515}bImmeStop{False}nAxisMask{2}
2023-07-08 15:55:31,941 [AppLog] INFO : 准备读取编码器位置：X方向！
2023-07-08 15:55:31,941 [AppLog] INFO : 准备运动，当前位置：DEV_GetPrintEncoderValue：MoveDirectionFlag{false为Y方向：False}CurrentPos{784.3}AimPos{780}
2023-07-08 15:55:31,973 [AppLog] INFO : X方向运动开始：DEM_Run：返回值{True}nAxis{0}DirFlag{False}nSpeed{300000}MoveStep{-4300.00000000007}nCtlValue{2}
2023-07-08 15:55:32,082 [AppLog] INFO : 作业写入成功：IDP_WriteImgLayerData：bpp:{1bit}灰阶:{1阶}nLayerIndex{33}LayerIndex{32}SubIndex{1}RePrintTimes{1}nBytesPerLine{752}nWidth{6001}nHeight{7680}nXEncOff{0}nYJetOff{355}nImgStartJetIndex{0}nXDPI{476.25}nYDPI{600}nPrtDir{0} nPrtFlag{1}nColorCnts{1}nReserved{System.Int32[]}
2023-07-08 15:55:32,082 [AppLog] INFO : 完成处理第32层数据：准备调用RenderToWic，index为32，subindex为0，g_nRePrintTimes为1，起始层为0
2023-07-08 15:55:32,144 [AppLog] INFO : X方向到位停止：DEM_StopAxisRun：返回值{True}CurrentPos{782.965}bImmeStop{False}nAxisMask{1}
2023-07-08 15:55:33,377 [AppLog] INFO : 开启手动清洗挤墨喷头，DEV_EnableTimer: 端口{11}，清洗控制周期：{0.5}S,{0.5}S
2023-07-08 15:55:34,406 [AppLog] INFO : 关闭手动清洗挤墨喷头：DEV_EnableTimer
2023-07-08 15:55:34,406 [AppLog] INFO : 压墨等待开启：{1.5S}
2023-07-08 15:55:35,919 [AppLog] INFO : 压墨等待完成：{1.5S}
2023-07-08 15:55:35,919 [AppLog] INFO : 准备读取编码器位置：X方向！
2023-07-08 15:55:35,919 [AppLog] INFO : 准备运动，当前位置：DEV_GetPrintEncoderValue：MoveDirectionFlag{false为Y方向：False}CurrentPos{780.375}AimPos{680}
2023-07-08 15:55:35,951 [AppLog] INFO : X方向运动开始：DEM_Run：返回值{True}nAxis{0}DirFlag{False}nSpeed{200000}MoveStep{-100375}nCtlValue{2}
2023-07-08 15:55:36,809 [AppLog] INFO : X方向到位停止：DEM_StopAxisRun：返回值{True}CurrentPos{684.13}bImmeStop{False}nAxisMask{1}
2023-07-08 15:55:37,386 [AppLog] INFO : 结束自动清洗过程：AutoCleanThread
2023-07-08 15:55:37,386 [AppLog] INFO : 进入：EquipmentMotionLogic3=》准备创建对象-手动操作！
2023-07-08 15:55:37,386 [AppLog] INFO : 进入：EquipmentMotionLogic3=》不需重新创建-手动操作！
2023-07-08 15:55:37,386 [AppLog] INFO : 进入：EquipmentMotionLogic3=》赋值完成自-AutoPrintMotion2！
2023-07-08 15:55:37,386 [AppLog] INFO : 进入：EquipmentMotionLogic3=》加载配置文件-LoadJsonFile成功！
2023-07-08 15:55:37,386 [AppLog] INFO : 进入：AutoPrintThread3！
2023-07-08 15:55:37,386 [AppLog] INFO : 关闭闪喷操作：IDP_FlashPrtCtl：返回值{True}
2023-07-08 15:55:37,386 [AppLog] INFO : 准备读取编码器位置：Y方向！
2023-07-08 15:55:37,386 [AppLog] INFO : 准备运动，编码器当前位置：DEM_GetAxisEncodeVal：MoveDirectionFlag{false为Y方向：True}CurrentPos{115.995}AimPos{93.5}
2023-07-08 15:55:37,526 [AppLog] INFO : Y方向运动开始：DEM_Run：返回值{True}nAxis{1}DirFlag{False}nSpeed{300000}MoveStep{-22537.538045}nCtlValue{1}
2023-07-08 15:55:37,589 [AppLog] INFO : 准备读取编码器位置：X方向！
2023-07-08 15:55:37,604 [AppLog] INFO : 准备运动，当前位置：DEV_GetPrintEncoderValue：MoveDirectionFlag{false为Y方向：False}CurrentPos{680.2}AimPos{425}
2023-07-08 15:55:37,651 [AppLog] INFO : X方向运动开始：DEM_Run：返回值{True}nAxis{0}DirFlag{False}nSpeed{300000}MoveStep{-255200}nCtlValue{2}
2023-07-08 15:55:39,086 [AppLog] INFO : X方向到位停止：DEM_StopAxisRun：返回值{True}CurrentPos{427.695}bImmeStop{False}nAxisMask{1}
2023-07-08 15:55:39,086 [AppLog] INFO : 准备读取编码器位置：X方向！
2023-07-08 15:55:39,086 [AppLog] INFO : 准备运动，当前位置：DEV_GetPrintEncoderValue：MoveDirectionFlag{false为Y方向：False}CurrentPos{427.565}AimPos{25}
2023-07-08 15:55:39,117 [AppLog] INFO : X方向运动开始：DEM_Run：返回值{True}nAxis{0}DirFlag{False}nSpeed{300000}MoveStep{-402565}nCtlValue{2}
2023-07-08 15:55:41,005 [AppLog] INFO : X方向到位停止：DEM_StopAxisRun：返回值{True}CurrentPos{27.24}bImmeStop{False}nAxisMask{1}
2023-07-08 15:55:41,005 [AppLog] INFO : 准备读取编码器位置：Y方向！
2023-07-08 15:55:41,005 [AppLog] INFO : 准备运动，编码器当前位置：DEM_GetAxisEncodeVal：MoveDirectionFlag{false为Y方向：True}CurrentPos{93.5}AimPos{98.5211666666667}
2023-07-08 15:55:41,130 [AppLog] INFO : Y方向运动开始：DEM_Run：返回值{True}nAxis{1}DirFlag{True}nSpeed{300000}MoveStep{5030.66169283334}nCtlValue{1}
2023-07-08 15:55:41,192 [AppLog] INFO : Y方向到位停止：DEM_StopAxisRun：返回值{True}CurrentPos{97.81}bImmeStop{False}nAxisMask{2}
2023-07-08 15:55:41,192 [AppLog] INFO : 获取打印Pass数据：IDP_GetPassItem2：nLayerIndex{24}nPassID{1}nProcState{3}LPPassDataItemb:PrtDir{True}nDataTxCompleteCnt{1}nHwMemAdrMatchMask{1}nLayerIndex{24}nLayerPassCount{6}nLayerPassIndex{1}nMinJet0ImgLinePos{1635}nPrtMemHwAddr{System.UInt32[]}nPrtDataOffset{System.UInt32[]}nSrcDataSize{System.UInt32[]}nPrtColBytes{System.UInt32[]}nPrtPrecession{10.666}nSrcEndCols{6000}nSrcStartCols{0}nStartEncPos{10000}nValidPassJets{1280}nValidPrtCols{6233}nValidPrtCtlCnts{1}pDataBuf{0}pNextItem{767822192}
2023-07-08 15:55:41,208 [AppLog] INFO : 使能Pass打印成功：IDP_DoPassPrint2：nLayerIndex{24}nPassID{1}
2023-07-08 15:55:41,208 [AppLog] INFO : PASS打印前关键状态：DEV_GetDeviceInfo：nLayerIndex{24}nPassID{1}LPPRINTER_INFO:nXSysEncDPI{5080}nStatus{909129520}nPrintStatus{0}bSuperDevice{1}
LPPRINTER_INFO-LPPrtRunInfo:bJobPrtRuning{True}bLayerPrtIsOver{False}nContReqMemErr{0}nContWDErr{0}nCurPrtDir{0}nDTLayerIndex{33}nDTLayerPassIndex{5}nDTPtrCtlIndex{0}nLayerPassCount{6}nPrintLayerIndex{24}nPrintPassIndex{1}nProcLayerIndex{33}nPrtDataMemAddr{0}nPrtState{0}nReverse{System.Int32[]}nRevPrtCols{0}
LPPRINTER_INFO-LPDRVINFO:nFMVersion{45074}nFpgaVersion{539038216}nPCBVersion{0}nState{0}nNextState{0}nPtvwarnState{0}nCrc32{0}nRevInfo{System.UInt32[]}nSignature{0}
2023-07-08 15:55:41,208 [AppLog] INFO : 创建：AutoPrintMotion1=》不需重新创建-手动操作！
2023-07-08 15:55:41,208 [AppLog] INFO : 进入：EquipmentMotionLogic3=》准备创建对象-手动操作！
2023-07-08 15:55:41,208 [AppLog] INFO : 进入：EquipmentMotionLogic3=》不需重新创建-手动操作！
2023-07-08 15:55:41,208 [AppLog] INFO : 进入：EquipmentMotionLogic3=》赋值完成自-AutoPrintMotion2！
2023-07-08 15:55:41,208 [AppLog] INFO : 进入：EquipmentMotionLogic3=》加载配置文件-LoadJsonFile成功！
2023-07-08 15:55:41,208 [AppLog] INFO : 进入：AutoPrintThread3！
2023-07-08 15:55:41,208 [AppLog] INFO : 准备读取编码器位置：X方向！
2023-07-08 15:55:41,208 [AppLog] INFO : 准备运动，当前位置：DEV_GetPrintEncoderValue：MoveDirectionFlag{false为Y方向：False}CurrentPos{23.565}AimPos{425}
2023-07-08 15:55:41,239 [AppLog] INFO : X方向运动开始：DEM_Run：返回值{True}nAxis{0}DirFlag{True}nSpeed{300000}MoveStep{401435}nCtlValue{2}
2023-07-08 15:55:43,127 [AppLog] INFO : X方向到位停止：DEM_StopAxisRun：返回值{True}CurrentPos{419.85}bImmeStop{False}nAxisMask{1}
2023-07-08 15:55:43,127 [AppLog] INFO : 准备读取编码器位置：Y方向！
2023-07-08 15:55:43,127 [AppLog] INFO : 准备运动，编码器当前位置：DEM_GetAxisEncodeVal：MoveDirectionFlag{false为Y方向：True}CurrentPos{98.505}AimPos{147.5}
2023-07-08 15:55:43,361 [AppLog] INFO : Y方向运动开始：DEM_Run：返回值{True}nAxis{1}DirFlag{True}nSpeed{300000}MoveStep{49087.649545}nCtlValue{1}
2023-07-08 15:55:43,423 [AppLog] INFO : Y方向到位停止：DEM_StopAxisRun：返回值{True}CurrentPos{144.17}bImmeStop{False}nAxisMask{2}
2023-07-08 15:55:43,423 [AppLog] INFO : 获取打印Pass数据：IDP_GetPassItem2：nLayerIndex{24}nPassID{2}nProcState{3}LPPassDataItemb:PrtDir{False}nDataTxCompleteCnt{1}nHwMemAdrMatchMask{1}nLayerIndex{24}nLayerPassCount{6}nLayerPassIndex{2}nMinJet0ImgLinePos{2915}nPrtMemHwAddr{System.UInt32[]}nPrtDataOffset{System.UInt32[]}nSrcDataSize{System.UInt32[]}nPrtColBytes{System.UInt32[]}nPrtPrecession{10.666}nSrcEndCols{6000}nSrcStartCols{0}nStartEncPos{76511}nValidPassJets{1280}nValidPrtCols{6233}nValidPrtCtlCnts{1}pDataBuf{0}pNextItem{767822352}
2023-07-08 15:55:43,423 [AppLog] INFO : 使能Pass打印成功：IDP_DoPassPrint2：nLayerIndex{24}nPassID{2}
2023-07-08 15:55:43,439 [AppLog] INFO : PASS打印前关键状态：DEV_GetDeviceInfo：nLayerIndex{24}nPassID{2}LPPRINTER_INFO:nXSysEncDPI{5080}nStatus{909129520}nPrintStatus{0}bSuperDevice{1}
LPPRINTER_INFO-LPPrtRunInfo:bJobPrtRuning{True}bLayerPrtIsOver{False}nContReqMemErr{0}nContWDErr{0}nCurPrtDir{0}nDTLayerIndex{33}nDTLayerPassIndex{5}nDTPtrCtlIndex{0}nLayerPassCount{6}nPrintLayerIndex{24}nPrintPassIndex{2}nProcLayerIndex{33}nPrtDataMemAddr{0}nPrtState{0}nReverse{System.Int32[]}nRevPrtCols{0}
LPPRINTER_INFO-LPDRVINFO:nFMVersion{45074}nFpgaVersion{539038216}nPCBVersion{0}nState{0}nNextState{0}nPtvwarnState{0}nCrc32{0}nRevInfo{System.UInt32[]}nSignature{0}
2023-07-08 15:55:43,439 [AppLog] INFO : 创建：AutoPrintMotion1=》不需重新创建-手动操作！
2023-07-08 15:55:43,439 [AppLog] INFO : 进入：EquipmentMotionLogic3=》准备创建对象-手动操作！
2023-07-08 15:55:43,439 [AppLog] INFO : 进入：EquipmentMotionLogic3=》不需重新创建-手动操作！
2023-07-08 15:55:43,439 [AppLog] INFO : 进入：EquipmentMotionLogic3=》赋值完成自-AutoPrintMotion2！
2023-07-08 15:55:43,439 [AppLog] INFO : 进入：EquipmentMotionLogic3=》加载配置文件-LoadJsonFile成功！
2023-07-08 15:55:43,439 [AppLog] INFO : 进入：AutoPrintThread3！
2023-07-08 15:55:43,439 [AppLog] INFO : 准备读取编码器位置：X方向！
2023-07-08 15:55:43,439 [AppLog] INFO : 准备运动，当前位置：DEV_GetPrintEncoderValue：MoveDirectionFlag{false为Y方向：False}CurrentPos{423.33}AimPos{25}
2023-07-08 15:55:43,470 [AppLog] INFO : X方向运动开始：DEM_Run：返回值{True}nAxis{0}DirFlag{False}nSpeed{300000}MoveStep{-398330}nCtlValue{2}
2023-07-08 15:55:45,342 [AppLog] INFO : X方向到位停止：DEM_StopAxisRun：返回值{True}CurrentPos{30.925}bImmeStop{False}nAxisMask{1}
2023-07-08 15:55:45,342 [AppLog] INFO : 准备读取编码器位置：Y方向！
2023-07-08 15:55:45,342 [AppLog] INFO : 准备运动，编码器当前位置：DEM_GetAxisEncodeVal：MoveDirectionFlag{false为Y方向：True}CurrentPos{147.455}AimPos{152.521166666667}
2023-07-08 15:55:45,467 [AppLog] INFO : Y方向运动开始：DEM_Run：返回值{True}nAxis{1}DirFlag{True}nSpeed{300000}MoveStep{5075.74678783331}nCtlValue{1}
2023-07-08 15:55:45,529 [AppLog] INFO : Y方向到位停止：DEM_StopAxisRun：返回值{True}CurrentPos{151.915}bImmeStop{False}nAxisMask{2}
2023-07-08 15:55:45,529 [AppLog] INFO : 获取打印Pass数据：IDP_GetPassItem2：nLayerIndex{24}nPassID{3}nProcState{3}LPPassDataItemb:PrtDir{True}nDataTxCompleteCnt{1}nHwMemAdrMatchMask{1}nLayerIndex{24}nLayerPassCount{6}nLayerPassIndex{3}nMinJet0ImgLinePos{4195}nPrtMemHwAddr{System.UInt32[]}nPrtDataOffset{System.UInt32[]}nSrcDataSize{System.UInt32[]}nPrtColBytes{System.UInt32[]}nPrtPrecession{10.666}nSrcEndCols{6000}nSrcStartCols{0}nStartEncPos{10000}nValidPassJets{1280}nValidPrtCols{6233}nValidPrtCtlCnts{1}pDataBuf{0}pNextItem{767822512}
2023-07-08 15:55:45,545 [AppLog] INFO : 使能Pass打印成功：IDP_DoPassPrint2：nLayerIndex{24}nPassID{3}
2023-07-08 15:55:45,545 [AppLog] INFO : PASS打印前关键状态：DEV_GetDeviceInfo：nLayerIndex{24}nPassID{3}LPPRINTER_INFO:nXSysEncDPI{5080}nStatus{909129520}nPrintStatus{0}bSuperDevice{1}
LPPRINTER_INFO-LPPrtRunInfo:bJobPrtRuning{True}bLayerPrtIsOver{False}nContReqMemErr{0}nContWDErr{0}nCurPrtDir{0}nDTLayerIndex{33}nDTLayerPassIndex{5}nDTPtrCtlIndex{0}nLayerPassCount{6}nPrintLayerIndex{24}nPrintPassIndex{3}nProcLayerIndex{33}nPrtDataMemAddr{0}nPrtState{0}nReverse{System.Int32[]}nRevPrtCols{0}
LPPRINTER_INFO-LPDRVINFO:nFMVersion{45074}nFpgaVersion{539038216}nPCBVersion{0}nState{0}nNextState{0}nPtvwarnState{0}nCrc32{0}nRevInfo{System.UInt32[]}nSignature{0}
2023-07-08 15:55:45,545 [AppLog] INFO : 创建：AutoPrintMotion1=》不需重新创建-手动操作！
2023-07-08 15:55:45,545 [AppLog] INFO : 进入：EquipmentMotionLogic3=》准备创建对象-手动操作！
2023-07-08 15:55:45,545 [AppLog] INFO : 进入：EquipmentMotionLogic3=》不需重新创建-手动操作！
2023-07-08 15:55:45,545 [AppLog] INFO : 进入：EquipmentMotionLogic3=》赋值完成自-AutoPrintMotion2！
2023-07-08 15:55:45,545 [AppLog] INFO : 进入：EquipmentMotionLogic3=》加载配置文件-LoadJsonFile成功！
2023-07-08 15:55:45,545 [AppLog] INFO : 进入：AutoPrintThread3！
2023-07-08 15:55:45,545 [AppLog] INFO : 准备读取编码器位置：X方向！
2023-07-08 15:55:45,545 [AppLog] INFO : 准备运动，当前位置：DEV_GetPrintEncoderValue：MoveDirectionFlag{false为Y方向：False}CurrentPos{26.625}AimPos{425}
2023-07-08 15:55:45,576 [AppLog] INFO : X方向运动开始：DEM_Run：返回值{True}nAxis{0}DirFlag{True}nSpeed{300000}MoveStep{398375}nCtlValue{2}
2023-07-08 15:55:47,448 [AppLog] INFO : X方向到位停止：DEM_StopAxisRun：返回值{True}CurrentPos{418.93}bImmeStop{False}nAxisMask{1}
2023-07-08 15:55:47,448 [AppLog] INFO : 准备读取编码器位置：Y方向！
2023-07-08 15:55:47,448 [AppLog] INFO : 准备运动，编码器当前位置：DEM_GetAxisEncodeVal：MoveDirectionFlag{false为Y方向：True}CurrentPos{152.535}AimPos{201.5}
2023-07-08 15:55:47,682 [AppLog] INFO : Y方向运动开始：DEM_Run：返回值{True}nAxis{1}DirFlag{True}nSpeed{300000}MoveStep{49057.592815}nCtlValue{1}
2023-07-08 15:55:47,775 [AppLog] INFO : Y方向到位停止：DEM_StopAxisRun：返回值{True}CurrentPos{199.955}bImmeStop{False}nAxisMask{2}
2023-07-08 15:55:47,775 [AppLog] INFO : 获取打印Pass数据：IDP_GetPassItem2：nLayerIndex{24}nPassID{4}nProcState{3}LPPassDataItemb:PrtDir{False}nDataTxCompleteCnt{1}nHwMemAdrMatchMask{1}nLayerIndex{24}nLayerPassCount{6}nLayerPassIndex{4}nMinJet0ImgLinePos{5475}nPrtMemHwAddr{System.UInt32[]}nPrtDataOffset{System.UInt32[]}nSrcDataSize{System.UInt32[]}nPrtColBytes{System.UInt32[]}nPrtPrecession{10.666}nSrcEndCols{6000}nSrcStartCols{0}nStartEncPos{76511}nValidPassJets{1280}nValidPrtCols{6233}nValidPrtCtlCnts{1}pDataBuf{0}pNextItem{767822672}
2023-07-08 15:55:47,775 [AppLog] INFO : 使能Pass打印成功：IDP_DoPassPrint2：nLayerIndex{24}nPassID{4}
2023-07-08 15:55:47,791 [AppLog] INFO : PASS打印前关键状态：DEV_GetDeviceInfo：nLayerIndex{24}nPassID{4}LPPRINTER_INFO:nXSysEncDPI{5080}nStatus{909129520}nPrintStatus{0}bSuperDevice{1}
LPPRINTER_INFO-LPPrtRunInfo:bJobPrtRuning{True}bLayerPrtIsOver{False}nContReqMemErr{0}nContWDErr{0}nCurPrtDir{0}nDTLayerIndex{33}nDTLayerPassIndex{5}nDTPtrCtlIndex{0}nLayerPassCount{6}nPrintLayerIndex{24}nPrintPassIndex{4}nProcLayerIndex{33}nPrtDataMemAddr{0}nPrtState{0}nReverse{System.Int32[]}nRevPrtCols{0}
LPPRINTER_INFO-LPDRVINFO:nFMVersion{45074}nFpgaVersion{539038216}nPCBVersion{0}nState{0}nNextState{0}nPtvwarnState{0}nCrc32{0}nRevInfo{System.UInt32[]}nSignature{0}
2023-07-08 15:55:47,791 [AppLog] INFO : 创建：AutoPrintMotion1=》不需重新创建-手动操作！
2023-07-08 15:55:47,791 [AppLog] INFO : 进入：EquipmentMotionLogic3=》准备创建对象-手动操作！
2023-07-08 15:55:47,791 [AppLog] INFO : 进入：EquipmentMotionLogic3=》不需重新创建-手动操作！
2023-07-08 15:55:47,791 [AppLog] INFO : 进入：EquipmentMotionLogic3=》赋值完成自-AutoPrintMotion2！
2023-07-08 15:55:47,791 [AppLog] INFO : 进入：EquipmentMotionLogic3=》加载配置文件-LoadJsonFile成功！
2023-07-08 15:55:47,791 [AppLog] INFO : 进入：AutoPrintThread3！
2023-07-08 15:55:47,791 [AppLog] INFO : 准备读取编码器位置：X方向！
2023-07-08 15:55:47,791 [AppLog] INFO : 准备运动，当前位置：DEV_GetPrintEncoderValue：MoveDirectionFlag{false为Y方向：False}CurrentPos{423.38}AimPos{25}
2023-07-08 15:55:47,822 [AppLog] INFO : X方向运动开始：DEM_Run：返回值{True}nAxis{0}DirFlag{False}nSpeed{300000}MoveStep{-398380}nCtlValue{2}
2023-07-08 15:55:49,710 [AppLog] INFO : X方向到位停止：DEM_StopAxisRun：返回值{True}CurrentPos{29.595}bImmeStop{False}nAxisMask{1}
2023-07-08 15:55:49,710 [AppLog] INFO : 准备读取编码器位置：Y方向！
2023-07-08 15:55:49,710 [AppLog] INFO : 准备运动，编码器当前位置：DEM_GetAxisEncodeVal：MoveDirectionFlag{false为Y方向：True}CurrentPos{201.53}AimPos{206.521166666667}
2023-07-08 15:55:49,835 [AppLog] INFO : Y方向运动开始：DEM_Run：返回值{True}nAxis{1}DirFlag{True}nSpeed{300000}MoveStep{5000.60496283332}nCtlValue{1}
2023-07-08 15:55:49,897 [AppLog] INFO : Y方向到位停止：DEM_StopAxisRun：返回值{True}CurrentPos{205.96}bImmeStop{False}nAxisMask{2}
2023-07-08 15:55:49,897 [AppLog] INFO : 获取打印Pass数据：IDP_GetPassItem2：nLayerIndex{24}nPassID{5}nProcState{3}LPPassDataItemb:PrtDir{True}nDataTxCompleteCnt{1}nHwMemAdrMatchMask{1}nLayerIndex{24}nLayerPassCount{6}nLayerPassIndex{5}nMinJet0ImgLinePos{6755}nPrtMemHwAddr{System.UInt32[]}nPrtDataOffset{System.UInt32[]}nSrcDataSize{System.UInt32[]}nPrtColBytes{System.UInt32[]}nPrtPrecession{10.666}nSrcEndCols{6000}nSrcStartCols{0}nStartEncPos{10000}nValidPassJets{1280}nValidPrtCols{6233}nValidPrtCtlCnts{1}pDataBuf{0}pNextItem{0}
2023-07-08 15:55:49,913 [AppLog] INFO : 使能Pass打印成功：IDP_DoPassPrint2：nLayerIndex{24}nPassID{5}
2023-07-08 15:55:49,913 [AppLog] INFO : PASS打印前关键状态：DEV_GetDeviceInfo：nLayerIndex{24}nPassID{5}LPPRINTER_INFO:nXSysEncDPI{5080}nStatus{909129520}nPrintStatus{0}bSuperDevice{1}
LPPRINTER_INFO-LPPrtRunInfo:bJobPrtRuning{True}bLayerPrtIsOver{False}nContReqMemErr{0}nContWDErr{0}nCurPrtDir{0}nDTLayerIndex{33}nDTLayerPassIndex{5}nDTPtrCtlIndex{0}nLayerPassCount{6}nPrintLayerIndex{24}nPrintPassIndex{5}nProcLayerIndex{33}nPrtDataMemAddr{0}nPrtState{0}nReverse{System.Int32[]}nRevPrtCols{0}
LPPRINTER_INFO-LPDRVINFO:nFMVersion{45074}nFpgaVersion{539038216}nPCBVersion{0}nState{0}nNextState{0}nPtvwarnState{0}nCrc32{0}nRevInfo{System.UInt32[]}nSignature{0}
2023-07-08 15:55:49,913 [AppLog] INFO : 创建：AutoPrintMotion1=》不需重新创建-手动操作！
2023-07-08 15:55:49,913 [AppLog] INFO : 进入：EquipmentMotionLogic3=》准备创建对象-手动操作！
2023-07-08 15:55:49,913 [AppLog] INFO : 进入：EquipmentMotionLogic3=》不需重新创建-手动操作！
2023-07-08 15:55:49,913 [AppLog] INFO : 进入：EquipmentMotionLogic3=》赋值完成自-AutoPrintMotion2！
2023-07-08 15:55:49,913 [AppLog] INFO : 进入：EquipmentMotionLogic3=》加载配置文件-LoadJsonFile成功！
2023-07-08 15:55:49,913 [AppLog] INFO : 进入：AutoPrintThread3！
2023-07-08 15:55:49,913 [AppLog] INFO : 准备读取编码器位置：X方向！
2023-07-08 15:55:49,913 [AppLog] INFO : 准备运动，当前位置：DEV_GetPrintEncoderValue：MoveDirectionFlag{false为Y方向：False}CurrentPos{26.62}AimPos{425}
2023-07-08 15:55:49,944 [AppLog] INFO : X方向运动开始：DEM_Run：返回值{True}nAxis{0}DirFlag{True}nSpeed{300000}MoveStep{398380}nCtlValue{2}
2023-07-08 15:55:51,816 [AppLog] INFO : X方向到位停止：DEM_StopAxisRun：返回值{True}CurrentPos{419.565}bImmeStop{False}nAxisMask{1}
2023-07-08 15:55:51,816 [AppLog] INFO : 准备读取编码器位置：X方向！
2023-07-08 15:55:51,831 [AppLog] INFO : 准备运动，当前位置：DEV_GetPrintEncoderValue：MoveDirectionFlag{false为Y方向：False}CurrentPos{419.66}AimPos{780}
2023-07-08 15:55:51,863 [AppLog] INFO : X方向运动开始：DEM_Run：返回值{True}nAxis{0}DirFlag{True}nSpeed{300000}MoveStep{360340}nCtlValue{2}
2023-07-08 15:55:51,925 [AppLog] INFO : 准备读取编码器位置：Y方向！
2023-07-08 15:55:51,925 [AppLog] INFO : 准备运动，编码器当前位置：DEM_GetAxisEncodeVal：MoveDirectionFlag{false为Y方向：True}CurrentPos{206.5}AimPos{121}
2023-07-08 15:55:52,253 [AppLog] INFO : Y方向运动开始：DEM_Run：返回值{True}nAxis{1}DirFlag{False}nSpeed{300000}MoveStep{-85661.6805}nCtlValue{1}
2023-07-08 15:55:53,625 [AppLog] INFO : Y方向到位等停：DEM_StopAxisRun：返回值{True}bImmeStop{False}nAxisMask{1}
2023-07-08 15:55:53,625 [AppLog] INFO : X方向到位等停：DEM_StopAxisRun：返回值{True}bImmeStop{False}nAxisMask{2}
2023-07-08 15:55:53,641 [AppLog] INFO : 开启闪喷操作：IDP_FlashPrtCtl：返回值{True}
2023-07-08 15:55:53,641 [AppLog] INFO : 进入：EquipmentMotionLogic3=》准备创建对象-手动操作！
2023-07-08 15:55:53,641 [AppLog] INFO : 进入：EquipmentMotionLogic3=》不需重新创建-手动操作！
2023-07-08 15:55:53,641 [AppLog] INFO : 进入：EquipmentMotionLogic3=》赋值完成自-AutoPrintMotion2！
2023-07-08 15:55:53,641 [AppLog] INFO : 进入：EquipmentMotionLogic3=》加载配置文件-LoadJsonFile成功！
2023-07-08 15:55:53,641 [AppLog] INFO : 进入自动铺粉逻辑：NewAutoSupplyPowderThread2
2023-07-08 15:55:53,641 [AppLog] INFO : 电气控制模块：手动打开端口14
2023-07-08 15:55:53,641 [AppLog] INFO : 电气控制模块：手动打开端口15
2023-07-08 15:55:53,719 [AppLog] INFO : 手动正向点动指令（8轴运控板卡系统） ====》：输出AXIS{第1轴},点动量{-0.1MM},运动速度{2MM/s}
2023-07-08 15:55:53,719 [AppLog] INFO : 成形面高度下降层厚 TrapSpace{0.1mm}：TrapMoveUp(1, true, Convert.ToString(vel), Convert.ToString(TrapSpace), true, true）
2023-07-08 15:55:54,499 [AppLog] INFO : 手动正向点动指令（8轴运控板卡系统） ====》：输出AXIS{第1轴},点动量{-1.5MM},运动速度{2MM/s}
2023-07-08 15:55:54,499 [AppLog] INFO : 成形面高度下降指定厚度 TrapSpace{1.5mm}：TrapMoveUp(1, true, Convert.ToString(vel), Convert.ToString(TrapSpace), true, true）
2023-07-08 15:55:55,263 [AppLog] INFO : 手动正向点动指令（8轴运控板卡系统） ====》：输出AXIS{第1轴},点动量{1.5MM},运动速度{2MM/s}
2023-07-08 15:55:55,263 [AppLog] INFO : 电气控制模块：手动关闭端口15
2023-07-08 15:55:55,263 [AppLog] INFO : 电气控制模块：手动关闭端口14
2023-07-08 15:55:55,263 [AppLog] INFO : 成形面高度上升层厚 TrapSpace{1.5mm}：TrapMoveUp(1, true, Convert.ToString(vel), Convert.ToString(TrapSpace), true, true）
2023-07-08 15:55:55,513 [AppLog] INFO : 手动正向点动指令（8轴运控板卡系统） ====》：输出AXIS{第8轴},点动量{0.6MM},运动速度{2.5MM/s}
2023-07-08 15:55:55,513 [AppLog] INFO : Hopper落粉轴转2圈落粉，速度0.5rev/s：TrapMoveUp(8, true, 0.5, rotateNuM.ToString(), true, false)
2023-07-08 15:55:56,527 [AppLog] INFO : 开启铺粉车不等停运动，准备运动至准备打印位置215mm，速度250mm/s：BackToStation2
2023-07-08 15:55:57,385 [AppLog] INFO : 手动正向点动指令（8轴运控板卡系统） ====》：输出AXIS{第2轴},点动量{216.5MM},运动速度{250MM/s}
2023-07-08 15:55:57,385 [AppLog] INFO : 当前铺粉车位置：打印位置215mm
2023-07-08 15:55:57,385 [AppLog] INFO : 手动正向点动指令（8轴运控板卡系统） ====》：输出AXIS{第2轴},点动量{480MM},运动速度{25MM/s}
2023-07-08 15:55:57,385 [AppLog] INFO : 开启铺粉车不等停运动至准备打印位置695mm，速度25mm/s：BackToStation2
2023-07-08 15:55:57,510 [AppLog] INFO : 打开IR灯：OpenIRLamp(true)
2023-07-08 15:55:57,635 [AppLog] INFO : 手动正向点动指令（8轴运控板卡系统） ====》：输出AXIS{第3轴},点动量{0.125MM},运动速度{1MM/s}
2023-07-08 15:55:57,635 [AppLog] INFO : 在{40mm}处，落粉轴运动{45度}，落粉轴转速{1rev/s}：TrapMoveUp(3, true, Convert.ToString(DispenseRollerSpeed), 0.5, true, true)
2023-07-08 15:55:57,635 [AppLog] INFO : 手动正向点动指令（8轴运控板卡系统） ====》：输出AXIS{第3轴},点动量{0.5MM},运动速度{0.0376712328767123MM/s}
2023-07-08 15:55:57,635 [AppLog] INFO : 开启均匀落粉及辊子铺平运动：TrapMoveUp(3, true, Convert.ToString(DispenseRollerSpeed), 0.5, true, true)
2023-07-08 15:56:09,319 [AppLog] INFO : 关闭IR灯：OpenIRLamp(false)
2023-07-08 15:56:13,859 [AppLog] INFO : 手动正向点动指令（8轴运控板卡系统） ====》：输出AXIS{第3轴},点动量{0.5MM},运动速度{2MM/s}
2023-07-08 15:56:13,859 [AppLog] INFO : 落粉轴继续转动以倒掉余粉：TrapMoveUp(3, true, 2, 0.5, true, false)
2023-07-08 15:56:16,589 [AppLog] INFO : 电气控制模块：手动打开端口14
2023-07-08 15:56:16,589 [AppLog] INFO : 电气控制模块：手动打开端口15
2023-07-08 15:56:17,369 [AppLog] INFO : 手动正向点动指令（8轴运控板卡系统） ====》：输出AXIS{第1轴},点动量{-1.5MM},运动速度{2MM/s}
2023-07-08 15:56:17,369 [AppLog] INFO : 电气控制模块：手动关闭端口15
2023-07-08 15:56:17,369 [AppLog] INFO : 电气控制模块：手动关闭端口14
2023-07-08 15:56:17,369 [AppLog] INFO : 成形面高度下降指定厚度 TrapSpace{1.5mm}：TrapMoveUp(1, true, Convert.ToString(vel), Convert.ToString(TrapSpace), true, true）
2023-07-08 15:56:20,161 [AppLog] INFO : 手动正向点动指令（8轴运控板卡系统） ====》：输出AXIS{第2轴},点动量{-696.5MM},运动速度{250MM/s}
2023-07-08 15:56:20,161 [AppLog] INFO : 铺粉车返回至站1：BackToStation2(AimPos, MovSpeed, true)：-1.5mm，速度250mm/s：BackToStation2
2023-07-08 15:56:20,941 [AppLog] INFO : 落粉轴回零成功：motionMap.SetBackSpreaderAxis(3, 0.5, 2, -SinkPosition)：ReturnCode{True}
2023-07-08 15:56:20,941 [AppLog] INFO : 电气控制模块：手动打开端口14
2023-07-08 15:56:20,941 [AppLog] INFO : 电气控制模块：手动打开端口15
2023-07-08 15:56:21,705 [AppLog] INFO : 手动正向点动指令（8轴运控板卡系统） ====》：输出AXIS{第1轴},点动量{1.5MM},运动速度{2MM/s}
2023-07-08 15:56:21,705 [AppLog] INFO : 电气控制模块：手动关闭端口15
2023-07-08 15:56:21,705 [AppLog] INFO : 电气控制模块：手动关闭端口14
2023-07-08 15:56:21,705 [AppLog] INFO : 成形面高度上升层厚 TrapSpace{1.5mm}：TrapMoveUp(1, true, Convert.ToString(vel), Convert.ToString(TrapSpace), true, true）
2023-07-08 15:56:21,705 [AppLog] INFO : 自动铺粉正常结束：NewAutoSupplyPowderThread2
2023-07-08 15:56:21,705 [AppLog] INFO : 发送监控指令，拍照记录1条：SendMessageFromSharedMemory
2023-07-08 15:56:21,705 [AppLog] INFO : 铺粉模式：铺粉固化同时进行！
2023-07-08 15:56:21,705 [AppLog] INFO : 执行完成铺粉固化操作：EquipmentMotionLogic3：m_bApplyPowderSupplyMotion:0
2023-07-08 15:56:21,705 [AppLog] INFO : 接收到恢复打印指令：PrintTaskTHREAD
2023-07-08 15:56:21,705 [AppLog] INFO : 获取打印Pass数据：IDP_GetPassItem2：nLayerIndex{25}nPassID{0}nProcState{3}LPPassDataItemb:PrtDir{False}nDataTxCompleteCnt{1}nHwMemAdrMatchMask{1}nLayerIndex{25}nLayerPassCount{6}nLayerPassIndex{0}nMinJet0ImgLinePos{355}nPrtMemHwAddr{System.UInt32[]}nPrtDataOffset{System.UInt32[]}nSrcDataSize{System.UInt32[]}nPrtColBytes{System.UInt32[]}nPrtPrecession{10.666}nSrcEndCols{6000}nSrcStartCols{0}nStartEncPos{76511}nValidPassJets{1280}nValidPrtCols{6233}nValidPrtCtlCnts{1}pDataBuf{0}pNextItem{767822992}
2023-07-08 15:56:21,721 [AppLog] INFO : 使能Pass打印成功：IDP_DoPassPrint2：nLayerIndex{25}nPassID{0}
2023-07-08 15:56:21,721 [AppLog] INFO : PASS打印前关键状态：DEV_GetDeviceInfo：nLayerIndex{25}nPassID{0}LPPRINTER_INFO:nXSysEncDPI{5080}nStatus{909129520}nPrintStatus{0}bSuperDevice{1}
LPPRINTER_INFO-LPPrtRunInfo:bJobPrtRuning{True}bLayerPrtIsOver{False}nContReqMemErr{0}nContWDErr{0}nCurPrtDir{0}nDTLayerIndex{33}nDTLayerPassIndex{5}nDTPtrCtlIndex{0}nLayerPassCount{6}nPrintLayerIndex{25}nPrintPassIndex{0}nProcLayerIndex{33}nPrtDataMemAddr{0}nPrtState{0}nReverse{System.Int32[]}nRevPrtCols{0}
LPPRINTER_INFO-LPDRVINFO:nFMVersion{45074}nFpgaVersion{539038216}nPCBVersion{0}nState{0}nNextState{0}nPtvwarnState{0}nCrc32{0}nRevInfo{System.UInt32[]}nSignature{0}
2023-07-08 15:56:21,721 [AppLog] INFO : 创建：AutoPrintMotion1=》不需重新创建-手动操作！
2023-07-08 15:56:21,721 [AppLog] INFO : 进入：EquipmentMotionLogic3=》准备创建对象-手动操作！
2023-07-08 15:56:21,721 [AppLog] INFO : 进入：EquipmentMotionLogic3=》不需重新创建-手动操作！
2023-07-08 15:56:21,721 [AppLog] INFO : 进入：EquipmentMotionLogic3=》赋值完成自-AutoPrintMotion2！
2023-07-08 15:56:21,721 [AppLog] INFO : 进入：EquipmentMotionLogic3=》加载配置文件-LoadJsonFile成功！
2023-07-08 15:56:21,721 [AppLog] INFO : 进入自动清洗过程：AutoCleanThread
2023-07-08 15:56:22,017 [AppLog] INFO : 准备处理第33层数据：准备调用RenderToWic，index为33，subindex为0，g_nRePrintTimes为1，起始层为0
2023-07-08 15:56:22,080 [AppLog] INFO : 完成处理第33层数据：准备调用DrawLayerBMP，index为33，起始层为0
2023-07-08 15:56:22,080 [AppLog] INFO : 完成处理第33层数据：准备调用DrawLayerBMP，index为33，起始层为0
2023-07-08 15:56:22,095 [AppLog] INFO : 刮墨轴回零成功：motionMap.SetBackSpreaderAxis(4, 1, 2, -SinkHomePosition)
2023-07-08 15:56:22,095 [AppLog] INFO : 准备读取编码器位置：Y方向！
2023-07-08 15:56:22,111 [AppLog] INFO : 准备运动，编码器当前位置：DEM_GetAxisEncodeVal：MoveDirectionFlag{false为Y方向：True}CurrentPos{121.05}AimPos{116}
2023-07-08 15:56:22,236 [AppLog] INFO : Y方向运动开始：DEM_Run：返回值{True}nAxis{1}DirFlag{False}nSpeed{300000}MoveStep{-5059.54955}nCtlValue{1}
2023-07-08 15:56:22,298 [AppLog] INFO : Y方向到位停止：DEM_StopAxisRun：返回值{True}CurrentPos{116.435}bImmeStop{False}nAxisMask{2}
2023-07-08 15:56:22,298 [AppLog] INFO : 准备读取编码器位置：X方向！
2023-07-08 15:56:22,298 [AppLog] INFO : 准备运动，当前位置：DEV_GetPrintEncoderValue：MoveDirectionFlag{false为Y方向：False}CurrentPos{783.675}AimPos{780}
2023-07-08 15:56:22,329 [AppLog] INFO : X方向运动开始：DEM_Run：返回值{True}nAxis{0}DirFlag{False}nSpeed{300000}MoveStep{-3675.00000000007}nCtlValue{2}
2023-07-08 15:56:22,407 [AppLog] INFO : 作业写入成功：IDP_WriteImgLayerData：bpp:{1bit}灰阶:{1阶}nLayerIndex{34}LayerIndex{33}SubIndex{1}RePrintTimes{1}nBytesPerLine{752}nWidth{6001}nHeight{7680}nXEncOff{0}nYJetOff{355}nImgStartJetIndex{0}nXDPI{476.25}nYDPI{600}nPrtDir{0} nPrtFlag{1}nColorCnts{1}nReserved{System.Int32[]}
2023-07-08 15:56:22,407 [AppLog] INFO : 完成处理第33层数据：准备调用RenderToWic，index为33，subindex为0，g_nRePrintTimes为1，起始层为0
2023-07-08 15:56:22,517 [AppLog] INFO : X方向到位停止：DEM_StopAxisRun：返回值{True}CurrentPos{781.68}bImmeStop{False}nAxisMask{1}
2023-07-08 15:56:23,749 [AppLog] INFO : 开启手动清洗挤墨喷头，DEV_EnableTimer: 端口{11}，清洗控制周期：{0.5}S,{0.5}S
2023-07-08 15:56:24,763 [AppLog] INFO : 关闭手动清洗挤墨喷头：DEV_EnableTimer
2023-07-08 15:56:24,763 [AppLog] INFO : 压墨等待开启：{1.5S}
2023-07-08 15:56:26,276 [AppLog] INFO : 压墨等待完成：{1.5S}
2023-07-08 15:56:26,276 [AppLog] INFO : 准备读取编码器位置：X方向！
2023-07-08 15:56:26,276 [AppLog] INFO : 准备运动，当前位置：DEV_GetPrintEncoderValue：MoveDirectionFlag{false为Y方向：False}CurrentPos{780.375}AimPos{680}
2023-07-08 15:56:26,307 [AppLog] INFO : X方向运动开始：DEM_Run：返回值{True}nAxis{0}DirFlag{False}nSpeed{200000}MoveStep{-100375}nCtlValue{2}
2023-07-08 15:56:27,181 [AppLog] INFO : X方向到位停止：DEM_StopAxisRun：返回值{True}CurrentPos{682.9}bImmeStop{False}nAxisMask{1}
2023-07-08 15:56:27,758 [AppLog] INFO : 结束自动清洗过程：AutoCleanThread
2023-07-08 15:56:27,758 [AppLog] INFO : 进入：EquipmentMotionLogic3=》准备创建对象-手动操作！
2023-07-08 15:56:27,758 [AppLog] INFO : 进入：EquipmentMotionLogic3=》不需重新创建-手动操作！
2023-07-08 15:56:27,758 [AppLog] INFO : 进入：EquipmentMotionLogic3=》赋值完成自-AutoPrintMotion2！
2023-07-08 15:56:27,758 [AppLog] INFO : 进入：EquipmentMotionLogic3=》加载配置文件-LoadJsonFile成功！
2023-07-08 15:56:27,758 [AppLog] INFO : 进入：AutoPrintThread3！
2023-07-08 15:56:27,774 [AppLog] INFO : 关闭闪喷操作：IDP_FlashPrtCtl：返回值{True}
2023-07-08 15:56:27,774 [AppLog] INFO : 准备读取编码器位置：Y方向！
2023-07-08 15:56:27,774 [AppLog] INFO : 准备运动，编码器当前位置：DEM_GetAxisEncodeVal：MoveDirectionFlag{false为Y方向：True}CurrentPos{115.985}AimPos{88.5}
2023-07-08 15:56:27,930 [AppLog] INFO : Y方向运动开始：DEM_Run：返回值{True}nAxis{1}DirFlag{False}nSpeed{300000}MoveStep{-27536.974135}nCtlValue{1}
2023-07-08 15:56:27,992 [AppLog] INFO : 准备读取编码器位置：X方向！
2023-07-08 15:56:27,992 [AppLog] INFO : 准备运动，当前位置：DEV_GetPrintEncoderValue：MoveDirectionFlag{false为Y方向：False}CurrentPos{680.2}AimPos{425}
2023-07-08 15:56:28,055 [AppLog] INFO : X方向运动开始：DEM_Run：返回值{True}nAxis{0}DirFlag{False}nSpeed{300000}MoveStep{-255200}nCtlValue{2}
2023-07-08 15:56:29,459 [AppLog] INFO : X方向到位停止：DEM_StopAxisRun：返回值{True}CurrentPos{429.115}bImmeStop{False}nAxisMask{1}
2023-07-08 15:56:29,459 [AppLog] INFO : 准备读取编码器位置：X方向！
2023-07-08 15:56:29,459 [AppLog] INFO : 准备运动，当前位置：DEV_GetPrintEncoderValue：MoveDirectionFlag{false为Y方向：False}CurrentPos{429.015}AimPos{25}
2023-07-08 15:56:29,490 [AppLog] INFO : X方向运动开始：DEM_Run：返回值{True}nAxis{0}DirFlag{False}nSpeed{300000}MoveStep{-404015}nCtlValue{2}
2023-07-08 15:56:31,377 [AppLog] INFO : X方向到位停止：DEM_StopAxisRun：返回值{True}CurrentPos{26.075}bImmeStop{False}nAxisMask{1}
2023-07-08 15:56:31,377 [AppLog] INFO : 准备读取编码器位置：Y方向！
2023-07-08 15:56:31,377 [AppLog] INFO : 准备运动，编码器当前位置：DEM_GetAxisEncodeVal：MoveDirectionFlag{false为Y方向：True}CurrentPos{88.495}AimPos{103.521166666667}
2023-07-08 15:56:31,502 [AppLog] INFO : Y方向运动开始：DEM_Run：返回值{True}nAxis{1}DirFlag{True}nSpeed{300000}MoveStep{15054.5811478333}nCtlValue{1}
2023-07-08 15:56:31,565 [AppLog] INFO : Y方向到位停止：DEM_StopAxisRun：返回值{True}CurrentPos{100.97}bImmeStop{False}nAxisMask{2}
2023-07-08 15:56:31,565 [AppLog] INFO : 获取打印Pass数据：IDP_GetPassItem2：nLayerIndex{25}nPassID{1}nProcState{3}LPPassDataItemb:PrtDir{True}nDataTxCompleteCnt{1}nHwMemAdrMatchMask{1}nLayerIndex{25}nLayerPassCount{6}nLayerPassIndex{1}nMinJet0ImgLinePos{1635}nPrtMemHwAddr{System.UInt32[]}nPrtDataOffset{System.UInt32[]}nSrcDataSize{System.UInt32[]}nPrtColBytes{System.UInt32[]}nPrtPrecession{10.666}nSrcEndCols{6000}nSrcStartCols{0}nStartEncPos{10000}nValidPassJets{1280}nValidPrtCols{6233}nValidPrtCtlCnts{1}pDataBuf{0}pNextItem{767823152}
2023-07-08 15:56:31,565 [AppLog] INFO : 使能Pass打印成功：IDP_DoPassPrint2：nLayerIndex{25}nPassID{1}
2023-07-08 15:56:31,580 [AppLog] INFO : PASS打印前关键状态：DEV_GetDeviceInfo：nLayerIndex{25}nPassID{1}LPPRINTER_INFO:nXSysEncDPI{5080}nStatus{909129520}nPrintStatus{0}bSuperDevice{1}
LPPRINTER_INFO-LPPrtRunInfo:bJobPrtRuning{True}bLayerPrtIsOver{False}nContReqMemErr{0}nContWDErr{0}nCurPrtDir{0}nDTLayerIndex{34}nDTLayerPassIndex{5}nDTPtrCtlIndex{0}nLayerPassCount{6}nPrintLayerIndex{25}nPrintPassIndex{1}nProcLayerIndex{34}nPrtDataMemAddr{0}nPrtState{0}nReverse{System.Int32[]}nRevPrtCols{0}
LPPRINTER_INFO-LPDRVINFO:nFMVersion{45074}nFpgaVersion{539038216}nPCBVersion{0}nState{0}nNextState{0}nPtvwarnState{0}nCrc32{0}nRevInfo{System.UInt32[]}nSignature{0}
2023-07-08 15:56:31,580 [AppLog] INFO : 创建：AutoPrintMotion1=》不需重新创建-手动操作！
2023-07-08 15:56:31,580 [AppLog] INFO : 进入：EquipmentMotionLogic3=》准备创建对象-手动操作！
2023-07-08 15:56:31,580 [AppLog] INFO : 进入：EquipmentMotionLogic3=》不需重新创建-手动操作！
2023-07-08 15:56:31,580 [AppLog] INFO : 进入：EquipmentMotionLogic3=》赋值完成自-AutoPrintMotion2！
2023-07-08 15:56:31,580 [AppLog] INFO : 进入：EquipmentMotionLogic3=》加载配置文件-LoadJsonFile成功！
2023-07-08 15:56:31,580 [AppLog] INFO : 进入：AutoPrintThread3！
2023-07-08 15:56:31,580 [AppLog] INFO : 准备读取编码器位置：X方向！
2023-07-08 15:56:31,580 [AppLog] INFO : 准备运动，当前位置：DEV_GetPrintEncoderValue：MoveDirectionFlag{false为Y方向：False}CurrentPos{22.155}AimPos{425}
2023-07-08 15:56:31,611 [AppLog] INFO : X方向运动开始：DEM_Run：返回值{True}nAxis{0}DirFlag{True}nSpeed{300000}MoveStep{402845}nCtlValue{2}
2023-07-08 15:56:33,499 [AppLog] INFO : X方向到位停止：DEM_StopAxisRun：返回值{True}CurrentPos{419.41}bImmeStop{False}nAxisMask{1}
2023-07-08 15:56:33,499 [AppLog] INFO : 准备读取编码器位置：Y方向！
2023-07-08 15:56:33,499 [AppLog] INFO : 准备运动，编码器当前位置：DEM_GetAxisEncodeVal：MoveDirectionFlag{false为Y方向：True}CurrentPos{103.5}AimPos{142.5}
2023-07-08 15:56:33,702 [AppLog] INFO : Y方向运动开始：DEM_Run：返回值{True}nAxis{1}DirFlag{True}nSpeed{300000}MoveStep{39073.749}nCtlValue{1}
2023-07-08 15:56:33,764 [AppLog] INFO : Y方向到位停止：DEM_StopAxisRun：返回值{True}CurrentPos{139.64}bImmeStop{False}nAxisMask{2}
2023-07-08 15:56:33,764 [AppLog] INFO : 获取打印Pass数据：IDP_GetPassItem2：nLayerIndex{25}nPassID{2}nProcState{3}LPPassDataItemb:PrtDir{False}nDataTxCompleteCnt{1}nHwMemAdrMatchMask{1}nLayerIndex{25}nLayerPassCount{6}nLayerPassIndex{2}nMinJet0ImgLinePos{2915}nPrtMemHwAddr{System.UInt32[]}nPrtDataOffset{System.UInt32[]}nSrcDataSize{System.UInt32[]}nPrtColBytes{System.UInt32[]}nPrtPrecession{10.666}nSrcEndCols{6000}nSrcStartCols{0}nStartEncPos{76511}nValidPassJets{1280}nValidPrtCols{6233}nValidPrtCtlCnts{1}pDataBuf{0}pNextItem{767823312}
2023-07-08 15:56:33,780 [AppLog] INFO : 使能Pass打印成功：IDP_DoPassPrint2：nLayerIndex{25}nPassID{2}
2023-07-08 15:56:33,811 [AppLog] INFO : PASS打印前关键状态：DEV_GetDeviceInfo：nLayerIndex{25}nPassID{2}LPPRINTER_INFO:nXSysEncDPI{5080}nStatus{909129520}nPrintStatus{0}bSuperDevice{1}
LPPRINTER_INFO-LPPrtRunInfo:bJobPrtRuning{True}bLayerPrtIsOver{False}nContReqMemErr{0}nContWDErr{0}nCurPrtDir{0}nDTLayerIndex{34}nDTLayerPassIndex{5}nDTPtrCtlIndex{0}nLayerPassCount{6}nPrintLayerIndex{25}nPrintPassIndex{2}nProcLayerIndex{34}nPrtDataMemAddr{0}nPrtState{0}nReverse{System.Int32[]}nRevPrtCols{0}
LPPRINTER_INFO-LPDRVINFO:nFMVersion{45074}nFpgaVersion{539038216}nPCBVersion{0}nState{0}nNextState{0}nPtvwarnState{0}nCrc32{0}nRevInfo{System.UInt32[]}nSignature{0}
2023-07-08 15:56:33,811 [AppLog] INFO : 创建：AutoPrintMotion1=》不需重新创建-手动操作！
2023-07-08 15:56:33,811 [AppLog] INFO : 进入：EquipmentMotionLogic3=》准备创建对象-手动操作！
2023-07-08 15:56:33,811 [AppLog] INFO : 进入：EquipmentMotionLogic3=》不需重新创建-手动操作！
2023-07-08 15:56:33,811 [AppLog] INFO : 进入：EquipmentMotionLogic3=》赋值完成自-AutoPrintMotion2！
2023-07-08 15:56:33,811 [AppLog] INFO : 进入：EquipmentMotionLogic3=》加载配置文件-LoadJsonFile成功！
2023-07-08 15:56:33,811 [AppLog] INFO : 进入：AutoPrintThread3！
2023-07-08 15:56:33,811 [AppLog] INFO : 准备读取编码器位置：X方向！
2023-07-08 15:56:33,811 [AppLog] INFO : 准备运动，当前位置：DEV_GetPrintEncoderValue：MoveDirectionFlag{false为Y方向：False}CurrentPos{423.28}AimPos{25}
2023-07-08 15:56:33,842 [AppLog] INFO : X方向运动开始：DEM_Run：返回值{True}nAxis{0}DirFlag{False}nSpeed{300000}MoveStep{-398280}nCtlValue{2}
2023-07-08 15:56:35,730 [AppLog] INFO : X方向到位停止：DEM_StopAxisRun：返回值{True}CurrentPos{29.685}bImmeStop{False}nAxisMask{1}
2023-07-08 15:56:35,730 [AppLog] INFO : 准备读取编码器位置：Y方向！
2023-07-08 15:56:35,730 [AppLog] INFO : 准备运动，编码器当前位置：DEM_GetAxisEncodeVal：MoveDirectionFlag{false为Y方向：True}CurrentPos{142.475}AimPos{157.521166666667}
2023-07-08 15:56:35,855 [AppLog] INFO : Y方向运动开始：DEM_Run：返回值{True}nAxis{1}DirFlag{True}nSpeed{300000}MoveStep{15074.6189678333}nCtlValue{1}
2023-07-08 15:56:35,933 [AppLog] INFO : Y方向到位停止：DEM_StopAxisRun：返回值{True}CurrentPos{155.75}bImmeStop{False}nAxisMask{2}
2023-07-08 15:56:35,933 [AppLog] INFO : 获取打印Pass数据：IDP_GetPassItem2：nLayerIndex{25}nPassID{3}nProcState{3}LPPassDataItemb:PrtDir{True}nDataTxCompleteCnt{1}nHwMemAdrMatchMask{1}nLayerIndex{25}nLayerPassCount{6}nLayerPassIndex{3}nMinJet0ImgLinePos{4195}nPrtMemHwAddr{System.UInt32[]}nPrtDataOffset{System.UInt32[]}nSrcDataSize{System.UInt32[]}nPrtColBytes{System.UInt32[]}nPrtPrecession{10.666}nSrcEndCols{6000}nSrcStartCols{0}nStartEncPos{10000}nValidPassJets{1280}nValidPrtCols{6233}nValidPrtCtlCnts{1}pDataBuf{0}pNextItem{767823472}
2023-07-08 15:56:35,948 [AppLog] INFO : 使能Pass打印成功：IDP_DoPassPrint2：nLayerIndex{25}nPassID{3}
2023-07-08 15:56:35,948 [AppLog] INFO : PASS打印前关键状态：DEV_GetDeviceInfo：nLayerIndex{25}nPassID{3}LPPRINTER_INFO:nXSysEncDPI{5080}nStatus{909129520}nPrintStatus{0}bSuperDevice{1}
LPPRINTER_INFO-LPPrtRunInfo:bJobPrtRuning{True}bLayerPrtIsOver{False}nContReqMemErr{0}nContWDErr{0}nCurPrtDir{0}nDTLayerIndex{34}nDTLayerPassIndex{5}nDTPtrCtlIndex{0}nLayerPassCount{6}nPrintLayerIndex{25}nPrintPassIndex{3}nProcLayerIndex{34}nPrtDataMemAddr{0}nPrtState{0}nReverse{System.Int32[]}nRevPrtCols{0}
LPPRINTER_INFO-LPDRVINFO:nFMVersion{45074}nFpgaVersion{539038216}nPCBVersion{0}nState{0}nNextState{0}nPtvwarnState{0}nCrc32{0}nRevInfo{System.UInt32[]}nSignature{0}
2023-07-08 15:56:35,948 [AppLog] INFO : 创建：AutoPrintMotion1=》不需重新创建-手动操作！
2023-07-08 15:56:35,948 [AppLog] INFO : 进入：EquipmentMotionLogic3=》准备创建对象-手动操作！
2023-07-08 15:56:35,948 [AppLog] INFO : 进入：EquipmentMotionLogic3=》不需重新创建-手动操作！
2023-07-08 15:56:35,948 [AppLog] INFO : 进入：EquipmentMotionLogic3=》赋值完成自-AutoPrintMotion2！
2023-07-08 15:56:35,948 [AppLog] INFO : 进入：EquipmentMotionLogic3=》加载配置文件-LoadJsonFile成功！
2023-07-08 15:56:35,948 [AppLog] INFO : 进入：AutoPrintThread3！
2023-07-08 15:56:35,948 [AppLog] INFO : 准备读取编码器位置：X方向！
2023-07-08 15:56:35,948 [AppLog] INFO : 准备运动，当前位置：DEV_GetPrintEncoderValue：MoveDirectionFlag{false为Y方向：False}CurrentPos{26.675}AimPos{425}
2023-07-08 15:56:35,979 [AppLog] INFO : X方向运动开始：DEM_Run：返回值{True}nAxis{0}DirFlag{True}nSpeed{300000}MoveStep{398325}nCtlValue{2}
2023-07-08 15:56:37,851 [AppLog] INFO : X方向到位停止：DEM_StopAxisRun：返回值{True}CurrentPos{418.97}bImmeStop{False}nAxisMask{1}
2023-07-08 15:56:37,851 [AppLog] INFO : 准备读取编码器位置：Y方向！
2023-07-08 15:56:37,851 [AppLog] INFO : 准备运动，编码器当前位置：DEM_GetAxisEncodeVal：MoveDirectionFlag{false为Y方向：True}CurrentPos{157.48}AimPos{196.5}
2023-07-08 15:56:38,054 [AppLog] INFO : Y方向运动开始：DEM_Run：返回值{True}nAxis{1}DirFlag{True}nSpeed{300000}MoveStep{39093.78682}nCtlValue{1}
2023-07-08 15:56:38,132 [AppLog] INFO : Y方向到位停止：DEM_StopAxisRun：返回值{True}CurrentPos{194.775}bImmeStop{False}nAxisMask{2}
2023-07-08 15:56:38,132 [AppLog] INFO : 获取打印Pass数据：IDP_GetPassItem2：nLayerIndex{25}nPassID{4}nProcState{3}LPPassDataItemb:PrtDir{False}nDataTxCompleteCnt{1}nHwMemAdrMatchMask{1}nLayerIndex{25}nLayerPassCount{6}nLayerPassIndex{4}nMinJet0ImgLinePos{5475}nPrtMemHwAddr{System.UInt32[]}nPrtDataOffset{System.UInt32[]}nSrcDataSize{System.UInt32[]}nPrtColBytes{System.UInt32[]}nPrtPrecession{10.666}nSrcEndCols{6000}nSrcStartCols{0}nStartEncPos{76511}nValidPassJets{1280}nValidPrtCols{6233}nValidPrtCtlCnts{1}pDataBuf{0}pNextItem{767823632}
2023-07-08 15:56:38,148 [AppLog] INFO : 使能Pass打印成功：IDP_DoPassPrint2：nLayerIndex{25}nPassID{4}
2023-07-08 15:56:38,148 [AppLog] INFO : PASS打印前关键状态：DEV_GetDeviceInfo：nLayerIndex{25}nPassID{4}LPPRINTER_INFO:nXSysEncDPI{5080}nStatus{909129520}nPrintStatus{0}bSuperDevice{1}
LPPRINTER_INFO-LPPrtRunInfo:bJobPrtRuning{True}bLayerPrtIsOver{False}nContReqMemErr{0}nContWDErr{0}nCurPrtDir{0}nDTLayerIndex{34}nDTLayerPassIndex{5}nDTPtrCtlIndex{0}nLayerPassCount{6}nPrintLayerIndex{25}nPrintPassIndex{4}nProcLayerIndex{34}nPrtDataMemAddr{0}nPrtState{0}nReverse{System.Int32[]}nRevPrtCols{0}
LPPRINTER_INFO-LPDRVINFO:nFMVersion{45074}nFpgaVersion{539038216}nPCBVersion{0}nState{0}nNextState{0}nPtvwarnState{0}nCrc32{0}nRevInfo{System.UInt32[]}nSignature{0}
2023-07-08 15:56:38,148 [AppLog] INFO : 创建：AutoPrintMotion1=》不需重新创建-手动操作！
2023-07-08 15:56:38,148 [AppLog] INFO : 进入：EquipmentMotionLogic3=》准备创建对象-手动操作！
2023-07-08 15:56:38,148 [AppLog] INFO : 进入：EquipmentMotionLogic3=》不需重新创建-手动操作！
2023-07-08 15:56:38,148 [AppLog] INFO : 进入：EquipmentMotionLogic3=》赋值完成自-AutoPrintMotion2！
2023-07-08 15:56:38,148 [AppLog] INFO : 进入：EquipmentMotionLogic3=》加载配置文件-LoadJsonFile成功！
2023-07-08 15:56:38,148 [AppLog] INFO : 进入：AutoPrintThread3！
2023-07-08 15:56:38,148 [AppLog] INFO : 准备读取编码器位置：X方向！
2023-07-08 15:56:38,148 [AppLog] INFO : 准备运动，当前位置：DEV_GetPrintEncoderValue：MoveDirectionFlag{false为Y方向：False}CurrentPos{423.345}AimPos{25}
2023-07-08 15:56:38,179 [AppLog] INFO : X方向运动开始：DEM_Run：返回值{True}nAxis{0}DirFlag{False}nSpeed{300000}MoveStep{-398345}nCtlValue{2}
2023-07-08 15:56:40,051 [AppLog] INFO : X方向到位停止：DEM_StopAxisRun：返回值{True}CurrentPos{31.365}bImmeStop{False}nAxisMask{1}
2023-07-08 15:56:40,051 [AppLog] INFO : 准备读取编码器位置：Y方向！
2023-07-08 15:56:40,051 [AppLog] INFO : 准备运动，编码器当前位置：DEM_GetAxisEncodeVal：MoveDirectionFlag{false为Y方向：True}CurrentPos{196.53}AimPos{211.521166666667}
2023-07-08 15:56:40,176 [AppLog] INFO : Y方向运动开始：DEM_Run：返回值{True}nAxis{1}DirFlag{True}nSpeed{300000}MoveStep{15019.5149628333}nCtlValue{1}
2023-07-08 15:56:40,238 [AppLog] INFO : Y方向到位停止：DEM_StopAxisRun：返回值{True}CurrentPos{209.265}bImmeStop{False}nAxisMask{2}
2023-07-08 15:56:40,238 [AppLog] INFO : 获取打印Pass数据：IDP_GetPassItem2：nLayerIndex{25}nPassID{5}nProcState{3}LPPassDataItemb:PrtDir{True}nDataTxCompleteCnt{1}nHwMemAdrMatchMask{1}nLayerIndex{25}nLayerPassCount{6}nLayerPassIndex{5}nMinJet0ImgLinePos{6755}nPrtMemHwAddr{System.UInt32[]}nPrtDataOffset{System.UInt32[]}nSrcDataSize{System.UInt32[]}nPrtColBytes{System.UInt32[]}nPrtPrecession{10.666}nSrcEndCols{6000}nSrcStartCols{0}nStartEncPos{10000}nValidPassJets{1280}nValidPrtCols{6233}nValidPrtCtlCnts{1}pDataBuf{0}pNextItem{0}
2023-07-08 15:56:40,238 [AppLog] INFO : 使能Pass打印成功：IDP_DoPassPrint2：nLayerIndex{25}nPassID{5}
2023-07-08 15:56:40,254 [AppLog] INFO : PASS打印前关键状态：DEV_GetDeviceInfo：nLayerIndex{25}nPassID{5}LPPRINTER_INFO:nXSysEncDPI{5080}nStatus{909129520}nPrintStatus{0}bSuperDevice{1}
LPPRINTER_INFO-LPPrtRunInfo:bJobPrtRuning{True}bLayerPrtIsOver{False}nContReqMemErr{0}nContWDErr{0}nCurPrtDir{0}nDTLayerIndex{34}nDTLayerPassIndex{5}nDTPtrCtlIndex{0}nLayerPassCount{6}nPrintLayerIndex{25}nPrintPassIndex{5}nProcLayerIndex{34}nPrtDataMemAddr{0}nPrtState{0}nReverse{System.Int32[]}nRevPrtCols{0}
LPPRINTER_INFO-LPDRVINFO:nFMVersion{45074}nFpgaVersion{539038216}nPCBVersion{0}nState{0}nNextState{0}nPtvwarnState{0}nCrc32{0}nRevInfo{System.UInt32[]}nSignature{0}
2023-07-08 15:56:40,254 [AppLog] INFO : 创建：AutoPrintMotion1=》不需重新创建-手动操作！
2023-07-08 15:56:40,254 [AppLog] INFO : 进入：EquipmentMotionLogic3=》准备创建对象-手动操作！
2023-07-08 15:56:40,254 [AppLog] INFO : 进入：EquipmentMotionLogic3=》不需重新创建-手动操作！
2023-07-08 15:56:40,254 [AppLog] INFO : 进入：EquipmentMotionLogic3=》赋值完成自-AutoPrintMotion2！
2023-07-08 15:56:40,254 [AppLog] INFO : 进入：EquipmentMotionLogic3=》加载配置文件-LoadJsonFile成功！
2023-07-08 15:56:40,254 [AppLog] INFO : 进入：AutoPrintThread3！
2023-07-08 15:56:40,254 [AppLog] INFO : 准备读取编码器位置：X方向！
2023-07-08 15:56:40,254 [AppLog] INFO : 准备运动，当前位置：DEV_GetPrintEncoderValue：MoveDirectionFlag{false为Y方向：False}CurrentPos{26.65}AimPos{425}
2023-07-08 15:56:40,285 [AppLog] INFO : X方向运动开始：DEM_Run：返回值{True}nAxis{0}DirFlag{True}nSpeed{300000}MoveStep{398350}nCtlValue{2}
2023-07-08 15:56:42,173 [AppLog] INFO : X方向到位停止：DEM_StopAxisRun：返回值{True}CurrentPos{419.715}bImmeStop{False}nAxisMask{1}
2023-07-08 15:56:42,173 [AppLog] INFO : 准备读取编码器位置：X方向！
2023-07-08 15:56:42,173 [AppLog] INFO : 准备运动，当前位置：DEV_GetPrintEncoderValue：MoveDirectionFlag{false为Y方向：False}CurrentPos{419.885}AimPos{780}
2023-07-08 15:56:42,204 [AppLog] INFO : X方向运动开始：DEM_Run：返回值{True}nAxis{0}DirFlag{True}nSpeed{300000}MoveStep{360115}nCtlValue{2}
2023-07-08 15:56:42,266 [AppLog] INFO : 准备读取编码器位置：Y方向！
2023-07-08 15:56:42,266 [AppLog] INFO : 准备运动，编码器当前位置：DEM_GetAxisEncodeVal：MoveDirectionFlag{false为Y方向：True}CurrentPos{211.55}AimPos{121}
2023-07-08 15:56:42,641 [AppLog] INFO : Y方向运动开始：DEM_Run：返回值{True}nAxis{1}DirFlag{False}nSpeed{300000}MoveStep{-90721.23005}nCtlValue{1}
2023-07-08 15:56:43,951 [AppLog] INFO : Y方向到位等停：DEM_StopAxisRun：返回值{True}bImmeStop{False}nAxisMask{1}
2023-07-08 15:56:43,951 [AppLog] INFO : X方向到位等停：DEM_StopAxisRun：返回值{True}bImmeStop{False}nAxisMask{2}
2023-07-08 15:56:43,982 [AppLog] INFO : 开启闪喷操作：IDP_FlashPrtCtl：返回值{True}
2023-07-08 15:56:43,982 [AppLog] INFO : 进入：EquipmentMotionLogic3=》准备创建对象-手动操作！
2023-07-08 15:56:43,982 [AppLog] INFO : 进入：EquipmentMotionLogic3=》不需重新创建-手动操作！
2023-07-08 15:56:43,982 [AppLog] INFO : 进入：EquipmentMotionLogic3=》赋值完成自-AutoPrintMotion2！
2023-07-08 15:56:43,982 [AppLog] INFO : 进入：EquipmentMotionLogic3=》加载配置文件-LoadJsonFile成功！
2023-07-08 15:56:43,982 [AppLog] INFO : 进入自动铺粉逻辑：NewAutoSupplyPowderThread2
2023-07-08 15:56:43,982 [AppLog] INFO : 电气控制模块：手动打开端口14
2023-07-08 15:56:43,982 [AppLog] INFO : 电气控制模块：手动打开端口15
2023-07-08 15:56:44,060 [AppLog] INFO : 手动正向点动指令（8轴运控板卡系统） ====》：输出AXIS{第1轴},点动量{-0.1MM},运动速度{2MM/s}
2023-07-08 15:56:44,060 [AppLog] INFO : 成形面高度下降层厚 TrapSpace{0.1mm}：TrapMoveUp(1, true, Convert.ToString(vel), Convert.ToString(TrapSpace), true, true）
2023-07-08 15:56:44,825 [AppLog] INFO : 手动正向点动指令（8轴运控板卡系统） ====》：输出AXIS{第1轴},点动量{-1.5MM},运动速度{2MM/s}
2023-07-08 15:56:44,825 [AppLog] INFO : 成形面高度下降指定厚度 TrapSpace{1.5mm}：TrapMoveUp(1, true, Convert.ToString(vel), Convert.ToString(TrapSpace), true, true）
2023-07-08 15:56:45,605 [AppLog] INFO : 手动正向点动指令（8轴运控板卡系统） ====》：输出AXIS{第1轴},点动量{1.5MM},运动速度{2MM/s}
2023-07-08 15:56:45,605 [AppLog] INFO : 电气控制模块：手动关闭端口15
2023-07-08 15:56:45,605 [AppLog] INFO : 电气控制模块：手动关闭端口14
2023-07-08 15:56:45,605 [AppLog] INFO : 成形面高度上升层厚 TrapSpace{1.5mm}：TrapMoveUp(1, true, Convert.ToString(vel), Convert.ToString(TrapSpace), true, true）
2023-07-08 15:56:45,854 [AppLog] INFO : 手动正向点动指令（8轴运控板卡系统） ====》：输出AXIS{第8轴},点动量{0.6MM},运动速度{2.5MM/s}
2023-07-08 15:56:45,854 [AppLog] INFO : Hopper落粉轴转2圈落粉，速度0.5rev/s：TrapMoveUp(8, true, 0.5, rotateNuM.ToString(), true, false)
2023-07-08 15:56:46,868 [AppLog] INFO : 开启铺粉车不等停运动，准备运动至准备打印位置215mm，速度250mm/s：BackToStation2
2023-07-08 15:56:47,726 [AppLog] INFO : 手动正向点动指令（8轴运控板卡系统） ====》：输出AXIS{第2轴},点动量{216.5MM},运动速度{250MM/s}
2023-07-08 15:56:47,726 [AppLog] INFO : 当前铺粉车位置：打印位置215mm
2023-07-08 15:56:47,726 [AppLog] INFO : 手动正向点动指令（8轴运控板卡系统） ====》：输出AXIS{第2轴},点动量{480MM},运动速度{25MM/s}
2023-07-08 15:56:47,726 [AppLog] INFO : 开启铺粉车不等停运动至准备打印位置695mm，速度25mm/s：BackToStation2
2023-07-08 15:56:47,851 [AppLog] INFO : 打开IR灯：OpenIRLamp(true)
2023-07-08 15:56:47,991 [AppLog] INFO : 手动正向点动指令（8轴运控板卡系统） ====》：输出AXIS{第3轴},点动量{0.125MM},运动速度{1MM/s}
2023-07-08 15:56:47,991 [AppLog] INFO : 在{40mm}处，落粉轴运动{45度}，落粉轴转速{1rev/s}：TrapMoveUp(3, true, Convert.ToString(DispenseRollerSpeed), 0.5, true, true)
2023-07-08 15:56:47,991 [AppLog] INFO : 手动正向点动指令（8轴运控板卡系统） ====》：输出AXIS{第3轴},点动量{0.5MM},运动速度{0.0376712328767123MM/s}
2023-07-08 15:56:47,991 [AppLog] INFO : 开启均匀落粉及辊子铺平运动：TrapMoveUp(3, true, Convert.ToString(DispenseRollerSpeed), 0.5, true, true)
2023-07-08 15:56:59,645 [AppLog] INFO : 关闭IR灯：OpenIRLamp(false)
2023-07-08 15:57:04,200 [AppLog] INFO : 手动正向点动指令（8轴运控板卡系统） ====》：输出AXIS{第3轴},点动量{0.5MM},运动速度{2MM/s}
2023-07-08 15:57:04,200 [AppLog] INFO : 落粉轴继续转动以倒掉余粉：TrapMoveUp(3, true, 2, 0.5, true, false)
2023-07-08 15:57:06,930 [AppLog] INFO : 电气控制模块：手动打开端口14
2023-07-08 15:57:06,930 [AppLog] INFO : 电气控制模块：手动打开端口15
2023-07-08 15:57:07,710 [AppLog] INFO : 手动正向点动指令（8轴运控板卡系统） ====》：输出AXIS{第1轴},点动量{-1.5MM},运动速度{2MM/s}
2023-07-08 15:57:07,710 [AppLog] INFO : 电气控制模块：手动关闭端口15
2023-07-08 15:57:07,710 [AppLog] INFO : 电气控制模块：手动关闭端口14
2023-07-08 15:57:07,710 [AppLog] INFO : 成形面高度下降指定厚度 TrapSpace{1.5mm}：TrapMoveUp(1, true, Convert.ToString(vel), Convert.ToString(TrapSpace), true, true）
2023-07-08 15:57:10,502 [AppLog] INFO : 手动正向点动指令（8轴运控板卡系统） ====》：输出AXIS{第2轴},点动量{-696.5MM},运动速度{250MM/s}
2023-07-08 15:57:10,502 [AppLog] INFO : 铺粉车返回至站1：BackToStation2(AimPos, MovSpeed, true)：-1.5mm，速度250mm/s：BackToStation2
2023-07-08 15:57:11,282 [AppLog] INFO : 落粉轴回零成功：motionMap.SetBackSpreaderAxis(3, 0.5, 2, -SinkPosition)：ReturnCode{True}
2023-07-08 15:57:11,282 [AppLog] INFO : 电气控制模块：手动打开端口14
2023-07-08 15:57:11,282 [AppLog] INFO : 电气控制模块：手动打开端口15
2023-07-08 15:57:12,047 [AppLog] INFO : 手动正向点动指令（8轴运控板卡系统） ====》：输出AXIS{第1轴},点动量{1.5MM},运动速度{2MM/s}
2023-07-08 15:57:12,047 [AppLog] INFO : 电气控制模块：手动关闭端口15
2023-07-08 15:57:12,047 [AppLog] INFO : 电气控制模块：手动关闭端口14
2023-07-08 15:57:12,047 [AppLog] INFO : 成形面高度上升层厚 TrapSpace{1.5mm}：TrapMoveUp(1, true, Convert.ToString(vel), Convert.ToString(TrapSpace), true, true）
2023-07-08 15:57:12,047 [AppLog] INFO : 自动铺粉正常结束：NewAutoSupplyPowderThread2
2023-07-08 15:57:12,047 [AppLog] INFO : 发送监控指令，拍照记录1条：SendMessageFromSharedMemory
2023-07-08 15:57:12,047 [AppLog] INFO : 铺粉模式：铺粉固化同时进行！
2023-07-08 15:57:12,047 [AppLog] INFO : 执行完成铺粉固化操作：EquipmentMotionLogic3：m_bApplyPowderSupplyMotion:0
2023-07-08 15:57:12,047 [AppLog] INFO : 接收到恢复打印指令：PrintTaskTHREAD
2023-07-08 15:57:12,047 [AppLog] INFO : 获取打印Pass数据：IDP_GetPassItem2：nLayerIndex{26}nPassID{0}nProcState{3}LPPassDataItemb:PrtDir{False}nDataTxCompleteCnt{1}nHwMemAdrMatchMask{1}nLayerIndex{26}nLayerPassCount{6}nLayerPassIndex{0}nMinJet0ImgLinePos{355}nPrtMemHwAddr{System.UInt32[]}nPrtDataOffset{System.UInt32[]}nSrcDataSize{System.UInt32[]}nPrtColBytes{System.UInt32[]}nPrtPrecession{10.666}nSrcEndCols{6000}nSrcStartCols{0}nStartEncPos{76511}nValidPassJets{1280}nValidPrtCols{6233}nValidPrtCtlCnts{1}pDataBuf{0}pNextItem{767879856}
2023-07-08 15:57:12,062 [AppLog] INFO : 使能Pass打印成功：IDP_DoPassPrint2：nLayerIndex{26}nPassID{0}
2023-07-08 15:57:12,062 [AppLog] INFO : PASS打印前关键状态：DEV_GetDeviceInfo：nLayerIndex{26}nPassID{0}LPPRINTER_INFO:nXSysEncDPI{5080}nStatus{909129520}nPrintStatus{0}bSuperDevice{1}
LPPRINTER_INFO-LPPrtRunInfo:bJobPrtRuning{True}bLayerPrtIsOver{False}nContReqMemErr{0}nContWDErr{0}nCurPrtDir{0}nDTLayerIndex{34}nDTLayerPassIndex{5}nDTPtrCtlIndex{0}nLayerPassCount{6}nPrintLayerIndex{26}nPrintPassIndex{0}nProcLayerIndex{34}nPrtDataMemAddr{0}nPrtState{0}nReverse{System.Int32[]}nRevPrtCols{0}
LPPRINTER_INFO-LPDRVINFO:nFMVersion{45074}nFpgaVersion{539038216}nPCBVersion{0}nState{0}nNextState{0}nPtvwarnState{0}nCrc32{0}nRevInfo{System.UInt32[]}nSignature{0}
2023-07-08 15:57:12,062 [AppLog] INFO : 创建：AutoPrintMotion1=》不需重新创建-手动操作！
2023-07-08 15:57:12,062 [AppLog] INFO : 进入：EquipmentMotionLogic3=》准备创建对象-手动操作！
2023-07-08 15:57:12,062 [AppLog] INFO : 进入：EquipmentMotionLogic3=》不需重新创建-手动操作！
2023-07-08 15:57:12,062 [AppLog] INFO : 进入：EquipmentMotionLogic3=》赋值完成自-AutoPrintMotion2！
2023-07-08 15:57:12,062 [AppLog] INFO : 进入：EquipmentMotionLogic3=》加载配置文件-LoadJsonFile成功！
2023-07-08 15:57:12,062 [AppLog] INFO : 进入自动清洗过程：AutoCleanThread
2023-07-08 15:57:12,343 [AppLog] INFO : 准备处理第34层数据：准备调用RenderToWic，index为34，subindex为0，g_nRePrintTimes为1，起始层为0
2023-07-08 15:57:12,406 [AppLog] INFO : 完成处理第34层数据：准备调用DrawLayerBMP，index为34，起始层为0
2023-07-08 15:57:12,406 [AppLog] INFO : 完成处理第34层数据：准备调用DrawLayerBMP，index为34，起始层为0
2023-07-08 15:57:12,437 [AppLog] INFO : 刮墨轴回零成功：motionMap.SetBackSpreaderAxis(4, 1, 2, -SinkHomePosition)
2023-07-08 15:57:12,437 [AppLog] INFO : 准备读取编码器位置：Y方向！
2023-07-08 15:57:12,437 [AppLog] INFO : 准备运动，编码器当前位置：DEM_GetAxisEncodeVal：MoveDirectionFlag{false为Y方向：True}CurrentPos{121.035}AimPos{116}
2023-07-08 15:57:12,562 [AppLog] INFO : Y方向运动开始：DEM_Run：返回值{True}nAxis{1}DirFlag{False}nSpeed{300000}MoveStep{-5044.521185}nCtlValue{1}
2023-07-08 15:57:12,624 [AppLog] INFO : Y方向到位停止：DEM_StopAxisRun：返回值{True}CurrentPos{116.54}bImmeStop{False}nAxisMask{2}
2023-07-08 15:57:12,624 [AppLog] INFO : 准备读取编码器位置：X方向！
2023-07-08 15:57:12,624 [AppLog] INFO : 准备运动，当前位置：DEV_GetPrintEncoderValue：MoveDirectionFlag{false为Y方向：False}CurrentPos{783.425}AimPos{780}
2023-07-08 15:57:12,655 [AppLog] INFO : X方向运动开始：DEM_Run：返回值{True}nAxis{0}DirFlag{False}nSpeed{300000}MoveStep{-3425.00000000007}nCtlValue{2}
2023-07-08 15:57:12,764 [AppLog] INFO : 作业写入成功：IDP_WriteImgLayerData：bpp:{1bit}灰阶:{1阶}nLayerIndex{35}LayerIndex{34}SubIndex{1}RePrintTimes{1}nBytesPerLine{752}nWidth{6001}nHeight{7680}nXEncOff{0}nYJetOff{355}nImgStartJetIndex{0}nXDPI{476.25}nYDPI{600}nPrtDir{0} nPrtFlag{1}nColorCnts{1}nReserved{System.Int32[]}
2023-07-08 15:57:12,764 [AppLog] INFO : 完成处理第34层数据：准备调用RenderToWic，index为34，subindex为0，g_nRePrintTimes为1，起始层为0
2023-07-08 15:57:12,827 [AppLog] INFO : X方向到位停止：DEM_StopAxisRun：返回值{True}CurrentPos{782.18}bImmeStop{False}nAxisMask{1}
2023-07-08 15:57:14,044 [AppLog] INFO : 开启手动清洗挤墨喷头，DEV_EnableTimer: 端口{11}，清洗控制周期：{0.5}S,{0.5}S
2023-07-08 15:57:15,058 [AppLog] INFO : 关闭手动清洗挤墨喷头：DEV_EnableTimer
2023-07-08 15:57:15,058 [AppLog] INFO : 压墨等待开启：{1.5S}
2023-07-08 15:57:16,571 [AppLog] INFO : 压墨等待完成：{1.5S}
2023-07-08 15:57:16,571 [AppLog] INFO : 准备读取编码器位置：X方向！
2023-07-08 15:57:16,586 [AppLog] INFO : 准备运动，当前位置：DEV_GetPrintEncoderValue：MoveDirectionFlag{false为Y方向：False}CurrentPos{780.37}AimPos{680}
2023-07-08 15:57:16,618 [AppLog] INFO : X方向运动开始：DEM_Run：返回值{True}nAxis{0}DirFlag{False}nSpeed{200000}MoveStep{-100370}nCtlValue{2}
2023-07-08 15:57:17,491 [AppLog] INFO : X方向到位停止：DEM_StopAxisRun：返回值{True}CurrentPos{683.545}bImmeStop{False}nAxisMask{1}
2023-07-08 15:57:18,068 [AppLog] INFO : 结束自动清洗过程：AutoCleanThread
2023-07-08 15:57:18,068 [AppLog] INFO : 进入：EquipmentMotionLogic3=》准备创建对象-手动操作！
2023-07-08 15:57:18,068 [AppLog] INFO : 进入：EquipmentMotionLogic3=》不需重新创建-手动操作！
2023-07-08 15:57:18,068 [AppLog] INFO : 进入：EquipmentMotionLogic3=》赋值完成自-AutoPrintMotion2！
2023-07-08 15:57:18,068 [AppLog] INFO : 进入：EquipmentMotionLogic3=》加载配置文件-LoadJsonFile成功！
2023-07-08 15:57:18,068 [AppLog] INFO : 进入：AutoPrintThread3！
2023-07-08 15:57:18,068 [AppLog] INFO : 关闭闪喷操作：IDP_FlashPrtCtl：返回值{True}
2023-07-08 15:57:18,068 [AppLog] INFO : 准备读取编码器位置：Y方向！
2023-07-08 15:57:18,068 [AppLog] INFO : 准备运动，编码器当前位置：DEM_GetAxisEncodeVal：MoveDirectionFlag{false为Y方向：True}CurrentPos{115.995}AimPos{91}
2023-07-08 15:57:18,240 [AppLog] INFO : Y方向运动开始：DEM_Run：返回值{True}nAxis{1}DirFlag{False}nSpeed{300000}MoveStep{-25042.265545}nCtlValue{1}
2023-07-08 15:57:18,302 [AppLog] INFO : 准备读取编码器位置：X方向！
2023-07-08 15:57:18,302 [AppLog] INFO : 准备运动，当前位置：DEV_GetPrintEncoderValue：MoveDirectionFlag{false为Y方向：False}CurrentPos{680.2}AimPos{425}
2023-07-08 15:57:18,334 [AppLog] INFO : X方向运动开始：DEM_Run：返回值{True}nAxis{0}DirFlag{False}nSpeed{300000}MoveStep{-255200}nCtlValue{2}
2023-07-08 15:57:19,738 [AppLog] INFO : X方向到位停止：DEM_StopAxisRun：返回值{True}CurrentPos{429.29}bImmeStop{False}nAxisMask{1}
2023-07-08 15:57:19,738 [AppLog] INFO : 准备读取编码器位置：X方向！
2023-07-08 15:57:19,738 [AppLog] INFO : 准备运动，当前位置：DEV_GetPrintEncoderValue：MoveDirectionFlag{false为Y方向：False}CurrentPos{429.05}AimPos{25}
2023-07-08 15:57:19,769 [AppLog] INFO : X方向运动开始：DEM_Run：返回值{True}nAxis{0}DirFlag{False}nSpeed{300000}MoveStep{-404050}nCtlValue{2}
2023-07-08 15:57:21,656 [AppLog] INFO : X方向到位停止：DEM_StopAxisRun：返回值{True}CurrentPos{25.985}bImmeStop{False}nAxisMask{1}
2023-07-08 15:57:21,656 [AppLog] INFO : 准备读取编码器位置：Y方向！
2023-07-08 15:57:21,656 [AppLog] INFO : 准备运动，编码器当前位置：DEM_GetAxisEncodeVal：MoveDirectionFlag{false为Y方向：True}CurrentPos{91}AimPos{101.021166666667}
2023-07-08 15:57:21,781 [AppLog] INFO : Y方向运动开始：DEM_Run：返回值{True}nAxis{1}DirFlag{True}nSpeed{300000}MoveStep{10040.1166928333}nCtlValue{1}
2023-07-08 15:57:21,844 [AppLog] INFO : Y方向到位停止：DEM_StopAxisRun：返回值{True}CurrentPos{99.58}bImmeStop{False}nAxisMask{2}
2023-07-08 15:57:21,844 [AppLog] INFO : 获取打印Pass数据：IDP_GetPassItem2：nLayerIndex{26}nPassID{1}nProcState{3}LPPassDataItemb:PrtDir{True}nDataTxCompleteCnt{1}nHwMemAdrMatchMask{1}nLayerIndex{26}nLayerPassCount{6}nLayerPassIndex{1}nMinJet0ImgLinePos{1635}nPrtMemHwAddr{System.UInt32[]}nPrtDataOffset{System.UInt32[]}nSrcDataSize{System.UInt32[]}nPrtColBytes{System.UInt32[]}nPrtPrecession{10.666}nSrcEndCols{6000}nSrcStartCols{0}nStartEncPos{10000}nValidPassJets{1280}nValidPrtCols{6233}nValidPrtCtlCnts{1}pDataBuf{0}pNextItem{767880016}
2023-07-08 15:57:21,859 [AppLog] INFO : 使能Pass打印成功：IDP_DoPassPrint2：nLayerIndex{26}nPassID{1}
2023-07-08 15:57:21,859 [AppLog] INFO : PASS打印前关键状态：DEV_GetDeviceInfo：nLayerIndex{26}nPassID{1}LPPRINTER_INFO:nXSysEncDPI{5080}nStatus{909129520}nPrintStatus{0}bSuperDevice{1}
LPPRINTER_INFO-LPPrtRunInfo:bJobPrtRuning{True}bLayerPrtIsOver{False}nContReqMemErr{0}nContWDErr{0}nCurPrtDir{0}nDTLayerIndex{35}nDTLayerPassIndex{5}nDTPtrCtlIndex{0}nLayerPassCount{6}nPrintLayerIndex{26}nPrintPassIndex{1}nProcLayerIndex{35}nPrtDataMemAddr{0}nPrtState{0}nReverse{System.Int32[]}nRevPrtCols{0}
LPPRINTER_INFO-LPDRVINFO:nFMVersion{45074}nFpgaVersion{539038216}nPCBVersion{0}nState{0}nNextState{0}nPtvwarnState{0}nCrc32{0}nRevInfo{System.UInt32[]}nSignature{0}
2023-07-08 15:57:21,859 [AppLog] INFO : 创建：AutoPrintMotion1=》不需重新创建-手动操作！
2023-07-08 15:57:21,859 [AppLog] INFO : 进入：EquipmentMotionLogic3=》准备创建对象-手动操作！
2023-07-08 15:57:21,859 [AppLog] INFO : 进入：EquipmentMotionLogic3=》不需重新创建-手动操作！
2023-07-08 15:57:21,859 [AppLog] INFO : 进入：EquipmentMotionLogic3=》赋值完成自-AutoPrintMotion2！
2023-07-08 15:57:21,859 [AppLog] INFO : 进入：EquipmentMotionLogic3=》加载配置文件-LoadJsonFile成功！
2023-07-08 15:57:21,859 [AppLog] INFO : 进入：AutoPrintThread3！
2023-07-08 15:57:21,859 [AppLog] INFO : 准备读取编码器位置：X方向！
2023-07-08 15:57:21,859 [AppLog] INFO : 准备运动，当前位置：DEV_GetPrintEncoderValue：MoveDirectionFlag{false为Y方向：False}CurrentPos{22.1}AimPos{425}
2023-07-08 15:57:21,890 [AppLog] INFO : X方向运动开始：DEM_Run：返回值{True}nAxis{0}DirFlag{True}nSpeed{300000}MoveStep{402900}nCtlValue{2}
2023-07-08 15:57:23,778 [AppLog] INFO : X方向到位停止：DEM_StopAxisRun：返回值{True}CurrentPos{419.375}bImmeStop{False}nAxisMask{1}
2023-07-08 15:57:23,778 [AppLog] INFO : 准备读取编码器位置：Y方向！
2023-07-08 15:57:23,778 [AppLog] INFO : 准备运动，编码器当前位置：DEM_GetAxisEncodeVal：MoveDirectionFlag{false为Y方向：True}CurrentPos{100.955}AimPos{145}
2023-07-08 15:57:23,996 [AppLog] INFO : Y方向运动开始：DEM_Run：返回值{True}nAxis{1}DirFlag{True}nSpeed{300000}MoveStep{44128.289095}nCtlValue{1}
2023-07-08 15:57:24,074 [AppLog] INFO : Y方向到位停止：DEM_StopAxisRun：返回值{True}CurrentPos{143.08}bImmeStop{False}nAxisMask{2}
2023-07-08 15:57:24,074 [AppLog] INFO : 获取打印Pass数据：IDP_GetPassItem2：nLayerIndex{26}nPassID{2}nProcState{3}LPPassDataItemb:PrtDir{False}nDataTxCompleteCnt{1}nHwMemAdrMatchMask{1}nLayerIndex{26}nLayerPassCount{6}nLayerPassIndex{2}nMinJet0ImgLinePos{2915}nPrtMemHwAddr{System.UInt32[]}nPrtDataOffset{System.UInt32[]}nSrcDataSize{System.UInt32[]}nPrtColBytes{System.UInt32[]}nPrtPrecession{10.666}nSrcEndCols{6000}nSrcStartCols{0}nStartEncPos{76511}nValidPassJets{1280}nValidPrtCols{6233}nValidPrtCtlCnts{1}pDataBuf{0}pNextItem{767880176}
2023-07-08 15:57:24,090 [AppLog] INFO : 使能Pass打印成功：IDP_DoPassPrint2：nLayerIndex{26}nPassID{2}
2023-07-08 15:57:24,090 [AppLog] INFO : PASS打印前关键状态：DEV_GetDeviceInfo：nLayerIndex{26}nPassID{2}LPPRINTER_INFO:nXSysEncDPI{5080}nStatus{909129520}nPrintStatus{0}bSuperDevice{1}
LPPRINTER_INFO-LPPrtRunInfo:bJobPrtRuning{True}bLayerPrtIsOver{False}nContReqMemErr{0}nContWDErr{0}nCurPrtDir{0}nDTLayerIndex{35}nDTLayerPassIndex{5}nDTPtrCtlIndex{0}nLayerPassCount{6}nPrintLayerIndex{26}nPrintPassIndex{2}nProcLayerIndex{35}nPrtDataMemAddr{0}nPrtState{0}nReverse{System.Int32[]}nRevPrtCols{0}
LPPRINTER_INFO-LPDRVINFO:nFMVersion{45074}nFpgaVersion{539038216}nPCBVersion{0}nState{0}nNextState{0}nPtvwarnState{0}nCrc32{0}nRevInfo{System.UInt32[]}nSignature{0}
2023-07-08 15:57:24,090 [AppLog] INFO : 创建：AutoPrintMotion1=》不需重新创建-手动操作！
2023-07-08 15:57:24,090 [AppLog] INFO : 进入：EquipmentMotionLogic3=》准备创建对象-手动操作！
2023-07-08 15:57:24,090 [AppLog] INFO : 进入：EquipmentMotionLogic3=》不需重新创建-手动操作！
2023-07-08 15:57:24,090 [AppLog] INFO : 进入：EquipmentMotionLogic3=》赋值完成自-AutoPrintMotion2！
2023-07-08 15:57:24,090 [AppLog] INFO : 进入：EquipmentMotionLogic3=》加载配置文件-LoadJsonFile成功！
2023-07-08 15:57:24,090 [AppLog] INFO : 进入：AutoPrintThread3！
2023-07-08 15:57:24,090 [AppLog] INFO : 准备读取编码器位置：X方向！
2023-07-08 15:57:24,090 [AppLog] INFO : 准备运动，当前位置：DEV_GetPrintEncoderValue：MoveDirectionFlag{false为Y方向：False}CurrentPos{423.295}AimPos{25}
2023-07-08 15:57:24,121 [AppLog] INFO : X方向运动开始：DEM_Run：返回值{True}nAxis{0}DirFlag{False}nSpeed{300000}MoveStep{-398295}nCtlValue{2}
2023-07-08 15:57:26,009 [AppLog] INFO : X方向到位停止：DEM_StopAxisRun：返回值{True}CurrentPos{29.57}bImmeStop{False}nAxisMask{1}
2023-07-08 15:57:26,009 [AppLog] INFO : 准备读取编码器位置：Y方向！
2023-07-08 15:57:26,009 [AppLog] INFO : 准备运动，编码器当前位置：DEM_GetAxisEncodeVal：MoveDirectionFlag{false为Y方向：True}CurrentPos{145.015}AimPos{155.021166666667}
2023-07-08 15:57:26,134 [AppLog] INFO : Y方向运动开始：DEM_Run：返回值{True}nAxis{1}DirFlag{True}nSpeed{300000}MoveStep{10025.0883278333}nCtlValue{1}
2023-07-08 15:57:26,227 [AppLog] INFO : Y方向到位停止：DEM_StopAxisRun：返回值{True}CurrentPos{154.115}bImmeStop{False}nAxisMask{2}
2023-07-08 15:57:26,227 [AppLog] INFO : 获取打印Pass数据：IDP_GetPassItem2：nLayerIndex{26}nPassID{3}nProcState{3}LPPassDataItemb:PrtDir{True}nDataTxCompleteCnt{1}nHwMemAdrMatchMask{1}nLayerIndex{26}nLayerPassCount{6}nLayerPassIndex{3}nMinJet0ImgLinePos{4195}nPrtMemHwAddr{System.UInt32[]}nPrtDataOffset{System.UInt32[]}nSrcDataSize{System.UInt32[]}nPrtColBytes{System.UInt32[]}nPrtPrecession{10.666}nSrcEndCols{6000}nSrcStartCols{0}nStartEncPos{10000}nValidPassJets{1280}nValidPrtCols{6233}nValidPrtCtlCnts{1}pDataBuf{0}pNextItem{767880336}
2023-07-08 15:57:26,227 [AppLog] INFO : 使能Pass打印成功：IDP_DoPassPrint2：nLayerIndex{26}nPassID{3}
2023-07-08 15:57:26,227 [AppLog] INFO : PASS打印前关键状态：DEV_GetDeviceInfo：nLayerIndex{26}nPassID{3}LPPRINTER_INFO:nXSysEncDPI{5080}nStatus{909129520}nPrintStatus{0}bSuperDevice{1}
LPPRINTER_INFO-LPPrtRunInfo:bJobPrtRuning{True}bLayerPrtIsOver{False}nContReqMemErr{0}nContWDErr{0}nCurPrtDir{0}nDTLayerIndex{35}nDTLayerPassIndex{5}nDTPtrCtlIndex{0}nLayerPassCount{6}nPrintLayerIndex{26}nPrintPassIndex{3}nProcLayerIndex{35}nPrtDataMemAddr{0}nPrtState{0}nReverse{System.Int32[]}nRevPrtCols{0}
LPPRINTER_INFO-LPDRVINFO:nFMVersion{45074}nFpgaVersion{539038216}nPCBVersion{0}nState{0}nNextState{0}nPtvwarnState{0}nCrc32{0}nRevInfo{System.UInt32[]}nSignature{0}
2023-07-08 15:57:26,227 [AppLog] INFO : 创建：AutoPrintMotion1=》不需重新创建-手动操作！
2023-07-08 15:57:26,227 [AppLog] INFO : 进入：EquipmentMotionLogic3=》准备创建对象-手动操作！
2023-07-08 15:57:26,227 [AppLog] INFO : 进入：EquipmentMotionLogic3=》不需重新创建-手动操作！
2023-07-08 15:57:26,227 [AppLog] INFO : 进入：EquipmentMotionLogic3=》赋值完成自-AutoPrintMotion2！
2023-07-08 15:57:26,227 [AppLog] INFO : 进入：EquipmentMotionLogic3=》加载配置文件-LoadJsonFile成功！
2023-07-08 15:57:26,243 [AppLog] INFO : 进入：AutoPrintThread3！
2023-07-08 15:57:26,243 [AppLog] INFO : 准备读取编码器位置：X方向！
2023-07-08 15:57:26,243 [AppLog] INFO : 准备运动，当前位置：DEV_GetPrintEncoderValue：MoveDirectionFlag{false为Y方向：False}CurrentPos{26.695}AimPos{425}
2023-07-08 15:57:26,274 [AppLog] INFO : X方向运动开始：DEM_Run：返回值{True}nAxis{0}DirFlag{True}nSpeed{300000}MoveStep{398305}nCtlValue{2}
2023-07-08 15:57:28,146 [AppLog] INFO : X方向到位停止：DEM_StopAxisRun：返回值{True}CurrentPos{418.975}bImmeStop{False}nAxisMask{1}
2023-07-08 15:57:28,146 [AppLog] INFO : 准备读取编码器位置：Y方向！
2023-07-08 15:57:28,146 [AppLog] INFO : 准备运动，编码器当前位置：DEM_GetAxisEncodeVal：MoveDirectionFlag{false为Y方向：True}CurrentPos{154.985}AimPos{199}
2023-07-08 15:57:28,349 [AppLog] INFO : Y方向运动开始：DEM_Run：返回值{True}nAxis{1}DirFlag{True}nSpeed{300000}MoveStep{44098.232365}nCtlValue{1}
2023-07-08 15:57:28,411 [AppLog] INFO : Y方向到位停止：DEM_StopAxisRun：返回值{True}CurrentPos{194.375}bImmeStop{False}nAxisMask{2}
2023-07-08 15:57:28,411 [AppLog] INFO : 获取打印Pass数据：IDP_GetPassItem2：nLayerIndex{26}nPassID{4}nProcState{3}LPPassDataItemb:PrtDir{False}nDataTxCompleteCnt{1}nHwMemAdrMatchMask{1}nLayerIndex{26}nLayerPassCount{6}nLayerPassIndex{4}nMinJet0ImgLinePos{5475}nPrtMemHwAddr{System.UInt32[]}nPrtDataOffset{System.UInt32[]}nSrcDataSize{System.UInt32[]}nPrtColBytes{System.UInt32[]}nPrtPrecession{10.666}nSrcEndCols{6000}nSrcStartCols{0}nStartEncPos{76511}nValidPassJets{1280}nValidPrtCols{6233}nValidPrtCtlCnts{1}pDataBuf{0}pNextItem{767880496}
2023-07-08 15:57:28,427 [AppLog] INFO : 使能Pass打印成功：IDP_DoPassPrint2：nLayerIndex{26}nPassID{4}
2023-07-08 15:57:28,427 [AppLog] INFO : PASS打印前关键状态：DEV_GetDeviceInfo：nLayerIndex{26}nPassID{4}LPPRINTER_INFO:nXSysEncDPI{5080}nStatus{909129520}nPrintStatus{0}bSuperDevice{1}
LPPRINTER_INFO-LPPrtRunInfo:bJobPrtRuning{True}bLayerPrtIsOver{False}nContReqMemErr{0}nContWDErr{0}nCurPrtDir{0}nDTLayerIndex{35}nDTLayerPassIndex{5}nDTPtrCtlIndex{0}nLayerPassCount{6}nPrintLayerIndex{26}nPrintPassIndex{4}nProcLayerIndex{35}nPrtDataMemAddr{0}nPrtState{0}nReverse{System.Int32[]}nRevPrtCols{0}
LPPRINTER_INFO-LPDRVINFO:nFMVersion{45074}nFpgaVersion{539038216}nPCBVersion{0}nState{0}nNextState{0}nPtvwarnState{0}nCrc32{0}nRevInfo{System.UInt32[]}nSignature{0}
2023-07-08 15:57:28,427 [AppLog] INFO : 创建：AutoPrintMotion1=》不需重新创建-手动操作！
2023-07-08 15:57:28,427 [AppLog] INFO : 进入：EquipmentMotionLogic3=》准备创建对象-手动操作！
2023-07-08 15:57:28,427 [AppLog] INFO : 进入：EquipmentMotionLogic3=》不需重新创建-手动操作！
2023-07-08 15:57:28,427 [AppLog] INFO : 进入：EquipmentMotionLogic3=》赋值完成自-AutoPrintMotion2！
2023-07-08 15:57:28,427 [AppLog] INFO : 进入：EquipmentMotionLogic3=》加载配置文件-LoadJsonFile成功！
2023-07-08 15:57:28,427 [AppLog] INFO : 进入：AutoPrintThread3！
2023-07-08 15:57:28,427 [AppLog] INFO : 准备读取编码器位置：X方向！
2023-07-08 15:57:28,427 [AppLog] INFO : 准备运动，当前位置：DEV_GetPrintEncoderValue：MoveDirectionFlag{false为Y方向：False}CurrentPos{423.315}AimPos{25}
2023-07-08 15:57:28,458 [AppLog] INFO : X方向运动开始：DEM_Run：返回值{True}nAxis{0}DirFlag{False}nSpeed{300000}MoveStep{-398315}nCtlValue{2}
2023-07-08 15:57:30,330 [AppLog] INFO : X方向到位停止：DEM_StopAxisRun：返回值{True}CurrentPos{30.255}bImmeStop{False}nAxisMask{1}
2023-07-08 15:57:30,330 [AppLog] INFO : 准备读取编码器位置：Y方向！
2023-07-08 15:57:30,346 [AppLog] INFO : 准备运动，编码器当前位置：DEM_GetAxisEncodeVal：MoveDirectionFlag{false为Y方向：True}CurrentPos{199.065}AimPos{209.021166666667}
2023-07-08 15:57:30,470 [AppLog] INFO : Y方向运动开始：DEM_Run：返回值{True}nAxis{1}DirFlag{True}nSpeed{300000}MoveStep{9974.99377783333}nCtlValue{1}
2023-07-08 15:57:30,548 [AppLog] INFO : Y方向到位停止：DEM_StopAxisRun：返回值{True}CurrentPos{207.94}bImmeStop{False}nAxisMask{2}
2023-07-08 15:57:30,548 [AppLog] INFO : 获取打印Pass数据：IDP_GetPassItem2：nLayerIndex{26}nPassID{5}nProcState{3}LPPassDataItemb:PrtDir{True}nDataTxCompleteCnt{1}nHwMemAdrMatchMask{1}nLayerIndex{26}nLayerPassCount{6}nLayerPassIndex{5}nMinJet0ImgLinePos{6755}nPrtMemHwAddr{System.UInt32[]}nPrtDataOffset{System.UInt32[]}nSrcDataSize{System.UInt32[]}nPrtColBytes{System.UInt32[]}nPrtPrecession{10.666}nSrcEndCols{6000}nSrcStartCols{0}nStartEncPos{10000}nValidPassJets{1280}nValidPrtCols{6233}nValidPrtCtlCnts{1}pDataBuf{0}pNextItem{0}
2023-07-08 15:57:30,548 [AppLog] INFO : 使能Pass打印成功：IDP_DoPassPrint2：nLayerIndex{26}nPassID{5}
2023-07-08 15:57:30,564 [AppLog] INFO : PASS打印前关键状态：DEV_GetDeviceInfo：nLayerIndex{26}nPassID{5}LPPRINTER_INFO:nXSysEncDPI{5080}nStatus{909129520}nPrintStatus{0}bSuperDevice{1}
LPPRINTER_INFO-LPPrtRunInfo:bJobPrtRuning{True}bLayerPrtIsOver{False}nContReqMemErr{0}nContWDErr{0}nCurPrtDir{0}nDTLayerIndex{35}nDTLayerPassIndex{5}nDTPtrCtlIndex{0}nLayerPassCount{6}nPrintLayerIndex{26}nPrintPassIndex{5}nProcLayerIndex{35}nPrtDataMemAddr{0}nPrtState{0}nReverse{System.Int32[]}nRevPrtCols{0}
LPPRINTER_INFO-LPDRVINFO:nFMVersion{45074}nFpgaVersion{539038216}nPCBVersion{0}nState{0}nNextState{0}nPtvwarnState{0}nCrc32{0}nRevInfo{System.UInt32[]}nSignature{0}
2023-07-08 15:57:30,564 [AppLog] INFO : 创建：AutoPrintMotion1=》不需重新创建-手动操作！
2023-07-08 15:57:30,564 [AppLog] INFO : 进入：EquipmentMotionLogic3=》准备创建对象-手动操作！
2023-07-08 15:57:30,564 [AppLog] INFO : 进入：EquipmentMotionLogic3=》不需重新创建-手动操作！
2023-07-08 15:57:30,564 [AppLog] INFO : 进入：EquipmentMotionLogic3=》赋值完成自-AutoPrintMotion2！
2023-07-08 15:57:30,564 [AppLog] INFO : 进入：EquipmentMotionLogic3=》加载配置文件-LoadJsonFile成功！
2023-07-08 15:57:30,564 [AppLog] INFO : 进入：AutoPrintThread3！
2023-07-08 15:57:30,564 [AppLog] INFO : 准备读取编码器位置：X方向！
2023-07-08 15:57:30,564 [AppLog] INFO : 准备运动，当前位置：DEV_GetPrintEncoderValue：MoveDirectionFlag{false为Y方向：False}CurrentPos{26.635}AimPos{425}
2023-07-08 15:57:30,595 [AppLog] INFO : X方向运动开始：DEM_Run：返回值{True}nAxis{0}DirFlag{True}nSpeed{300000}MoveStep{398365}nCtlValue{2}
2023-07-08 15:57:32,467 [AppLog] INFO : X方向到位停止：DEM_StopAxisRun：返回值{True}CurrentPos{418.875}bImmeStop{False}nAxisMask{1}
2023-07-08 15:57:32,467 [AppLog] INFO : 准备读取编码器位置：X方向！
2023-07-08 15:57:32,467 [AppLog] INFO : 准备运动，当前位置：DEV_GetPrintEncoderValue：MoveDirectionFlag{false为Y方向：False}CurrentPos{418.975}AimPos{780}
2023-07-08 15:57:32,498 [AppLog] INFO : X方向运动开始：DEM_Run：返回值{True}nAxis{0}DirFlag{True}nSpeed{300000}MoveStep{361025}nCtlValue{2}
2023-07-08 15:57:32,561 [AppLog] INFO : 准备读取编码器位置：Y方向！
2023-07-08 15:57:32,561 [AppLog] INFO : 准备运动，编码器当前位置：DEM_GetAxisEncodeVal：MoveDirectionFlag{false为Y方向：True}CurrentPos{209.005}AimPos{121}
2023-07-08 15:57:32,920 [AppLog] INFO : Y方向运动开始：DEM_Run：返回值{True}nAxis{1}DirFlag{False}nSpeed{300000}MoveStep{-88171.417455}nCtlValue{1}
2023-07-08 15:57:34,246 [AppLog] INFO : Y方向到位等停：DEM_StopAxisRun：返回值{True}bImmeStop{False}nAxisMask{1}
2023-07-08 15:57:34,261 [AppLog] INFO : X方向到位等停：DEM_StopAxisRun：返回值{True}bImmeStop{False}nAxisMask{2}
2023-07-08 15:57:34,277 [AppLog] INFO : 开启闪喷操作：IDP_FlashPrtCtl：返回值{True}
2023-07-08 15:57:34,277 [AppLog] INFO : 进入：EquipmentMotionLogic3=》准备创建对象-手动操作！
2023-07-08 15:57:34,277 [AppLog] INFO : 进入：EquipmentMotionLogic3=》不需重新创建-手动操作！
2023-07-08 15:57:34,277 [AppLog] INFO : 进入：EquipmentMotionLogic3=》赋值完成自-AutoPrintMotion2！
2023-07-08 15:57:34,277 [AppLog] INFO : 进入：EquipmentMotionLogic3=》加载配置文件-LoadJsonFile成功！
2023-07-08 15:57:34,277 [AppLog] INFO : 进入自动铺粉逻辑：NewAutoSupplyPowderThread2
2023-07-08 15:57:34,277 [AppLog] INFO : 电气控制模块：手动打开端口14
2023-07-08 15:57:34,277 [AppLog] INFO : 电气控制模块：手动打开端口15
2023-07-08 15:57:34,355 [AppLog] INFO : 手动正向点动指令（8轴运控板卡系统） ====》：输出AXIS{第1轴},点动量{-0.1MM},运动速度{2MM/s}
2023-07-08 15:57:34,355 [AppLog] INFO : 成形面高度下降层厚 TrapSpace{0.1mm}：TrapMoveUp(1, true, Convert.ToString(vel), Convert.ToString(TrapSpace), true, true）
2023-07-08 15:57:35,119 [AppLog] INFO : 手动正向点动指令（8轴运控板卡系统） ====》：输出AXIS{第1轴},点动量{-1.5MM},运动速度{2MM/s}
2023-07-08 15:57:35,135 [AppLog] INFO : 成形面高度下降指定厚度 TrapSpace{1.5mm}：TrapMoveUp(1, true, Convert.ToString(vel), Convert.ToString(TrapSpace), true, true）
2023-07-08 15:57:35,899 [AppLog] INFO : 手动正向点动指令（8轴运控板卡系统） ====》：输出AXIS{第1轴},点动量{1.5MM},运动速度{2MM/s}
2023-07-08 15:57:35,899 [AppLog] INFO : 电气控制模块：手动关闭端口15
2023-07-08 15:57:35,899 [AppLog] INFO : 电气控制模块：手动关闭端口14
2023-07-08 15:57:35,899 [AppLog] INFO : 成形面高度上升层厚 TrapSpace{1.5mm}：TrapMoveUp(1, true, Convert.ToString(vel), Convert.ToString(TrapSpace), true, true）
2023-07-08 15:57:36,149 [AppLog] INFO : 手动正向点动指令（8轴运控板卡系统） ====》：输出AXIS{第8轴},点动量{0.6MM},运动速度{2.5MM/s}
2023-07-08 15:57:36,149 [AppLog] INFO : Hopper落粉轴转2圈落粉，速度0.5rev/s：TrapMoveUp(8, true, 0.5, rotateNuM.ToString(), true, false)
2023-07-08 15:57:37,163 [AppLog] INFO : 开启铺粉车不等停运动，准备运动至准备打印位置215mm，速度250mm/s：BackToStation2
2023-07-08 15:57:38,021 [AppLog] INFO : 手动正向点动指令（8轴运控板卡系统） ====》：输出AXIS{第2轴},点动量{216.5MM},运动速度{250MM/s}
2023-07-08 15:57:38,021 [AppLog] INFO : 当前铺粉车位置：打印位置215mm
2023-07-08 15:57:38,021 [AppLog] INFO : 手动正向点动指令（8轴运控板卡系统） ====》：输出AXIS{第2轴},点动量{480MM},运动速度{25MM/s}
2023-07-08 15:57:38,021 [AppLog] INFO : 开启铺粉车不等停运动至准备打印位置695mm，速度25mm/s：BackToStation2
2023-07-08 15:57:38,146 [AppLog] INFO : 打开IR灯：OpenIRLamp(true)
2023-07-08 15:57:38,270 [AppLog] INFO : 手动正向点动指令（8轴运控板卡系统） ====》：输出AXIS{第3轴},点动量{0.125MM},运动速度{1MM/s}
2023-07-08 15:57:38,270 [AppLog] INFO : 在{40mm}处，落粉轴运动{45度}，落粉轴转速{1rev/s}：TrapMoveUp(3, true, Convert.ToString(DispenseRollerSpeed), 0.5, true, true)
2023-07-08 15:57:38,270 [AppLog] INFO : 手动正向点动指令（8轴运控板卡系统） ====》：输出AXIS{第3轴},点动量{0.5MM},运动速度{0.0376712328767123MM/s}
2023-07-08 15:57:38,270 [AppLog] INFO : 开启均匀落粉及辊子铺平运动：TrapMoveUp(3, true, Convert.ToString(DispenseRollerSpeed), 0.5, true, true)
2023-07-08 15:57:49,955 [AppLog] INFO : 关闭IR灯：OpenIRLamp(false)
2023-07-08 15:57:54,494 [AppLog] INFO : 手动正向点动指令（8轴运控板卡系统） ====》：输出AXIS{第3轴},点动量{0.5MM},运动速度{2MM/s}
2023-07-08 15:57:54,494 [AppLog] INFO : 落粉轴继续转动以倒掉余粉：TrapMoveUp(3, true, 2, 0.5, true, false)
2023-07-08 15:57:57,224 [AppLog] INFO : 电气控制模块：手动打开端口14
2023-07-08 15:57:57,224 [AppLog] INFO : 电气控制模块：手动打开端口15
2023-07-08 15:57:58,004 [AppLog] INFO : 手动正向点动指令（8轴运控板卡系统） ====》：输出AXIS{第1轴},点动量{-1.5MM},运动速度{2MM/s}
2023-07-08 15:57:58,004 [AppLog] INFO : 电气控制模块：手动关闭端口15
2023-07-08 15:57:58,004 [AppLog] INFO : 电气控制模块：手动关闭端口14
2023-07-08 15:57:58,004 [AppLog] INFO : 成形面高度下降指定厚度 TrapSpace{1.5mm}：TrapMoveUp(1, true, Convert.ToString(vel), Convert.ToString(TrapSpace), true, true）
2023-07-08 15:58:00,797 [AppLog] INFO : 手动正向点动指令（8轴运控板卡系统） ====》：输出AXIS{第2轴},点动量{-696.5MM},运动速度{250MM/s}
2023-07-08 15:58:00,797 [AppLog] INFO : 铺粉车返回至站1：BackToStation2(AimPos, MovSpeed, true)：-1.5mm，速度250mm/s：BackToStation2
2023-07-08 15:58:01,577 [AppLog] INFO : 落粉轴回零成功：motionMap.SetBackSpreaderAxis(3, 0.5, 2, -SinkPosition)：ReturnCode{True}
2023-07-08 15:58:01,577 [AppLog] INFO : 电气控制模块：手动打开端口14
2023-07-08 15:58:01,577 [AppLog] INFO : 电气控制模块：手动打开端口15
2023-07-08 15:58:02,341 [AppLog] INFO : 手动正向点动指令（8轴运控板卡系统） ====》：输出AXIS{第1轴},点动量{1.5MM},运动速度{2MM/s}
2023-07-08 15:58:02,341 [AppLog] INFO : 电气控制模块：手动关闭端口15
2023-07-08 15:58:02,341 [AppLog] INFO : 电气控制模块：手动关闭端口14
2023-07-08 15:58:02,341 [AppLog] INFO : 成形面高度上升层厚 TrapSpace{1.5mm}：TrapMoveUp(1, true, Convert.ToString(vel), Convert.ToString(TrapSpace), true, true）
2023-07-08 15:58:02,341 [AppLog] INFO : 自动铺粉正常结束：NewAutoSupplyPowderThread2
2023-07-08 15:58:02,341 [AppLog] INFO : 发送监控指令，拍照记录1条：SendMessageFromSharedMemory
2023-07-08 15:58:02,341 [AppLog] INFO : 铺粉模式：铺粉固化同时进行！
2023-07-08 15:58:02,341 [AppLog] INFO : 执行完成铺粉固化操作：EquipmentMotionLogic3：m_bApplyPowderSupplyMotion:0
2023-07-08 15:58:02,341 [AppLog] INFO : 接收到恢复打印指令：PrintTaskTHREAD
2023-07-08 15:58:02,357 [AppLog] INFO : 获取打印Pass数据：IDP_GetPassItem2：nLayerIndex{27}nPassID{0}nProcState{3}LPPassDataItemb:PrtDir{False}nDataTxCompleteCnt{1}nHwMemAdrMatchMask{1}nLayerIndex{27}nLayerPassCount{6}nLayerPassIndex{0}nMinJet0ImgLinePos{355}nPrtMemHwAddr{System.UInt32[]}nPrtDataOffset{System.UInt32[]}nSrcDataSize{System.UInt32[]}nPrtColBytes{System.UInt32[]}nPrtPrecession{10.666}nSrcEndCols{6000}nSrcStartCols{0}nStartEncPos{76511}nValidPassJets{1280}nValidPrtCols{6233}nValidPrtCtlCnts{1}pDataBuf{0}pNextItem{668503200}
2023-07-08 15:58:02,357 [AppLog] INFO : 使能Pass打印成功：IDP_DoPassPrint2：nLayerIndex{27}nPassID{0}
2023-07-08 15:58:02,357 [AppLog] INFO : PASS打印前关键状态：DEV_GetDeviceInfo：nLayerIndex{27}nPassID{0}LPPRINTER_INFO:nXSysEncDPI{5080}nStatus{909129520}nPrintStatus{0}bSuperDevice{1}
LPPRINTER_INFO-LPPrtRunInfo:bJobPrtRuning{True}bLayerPrtIsOver{False}nContReqMemErr{0}nContWDErr{0}nCurPrtDir{0}nDTLayerIndex{35}nDTLayerPassIndex{5}nDTPtrCtlIndex{0}nLayerPassCount{6}nPrintLayerIndex{27}nPrintPassIndex{0}nProcLayerIndex{35}nPrtDataMemAddr{0}nPrtState{0}nReverse{System.Int32[]}nRevPrtCols{0}
LPPRINTER_INFO-LPDRVINFO:nFMVersion{45074}nFpgaVersion{539038216}nPCBVersion{0}nState{0}nNextState{0}nPtvwarnState{0}nCrc32{0}nRevInfo{System.UInt32[]}nSignature{0}
2023-07-08 15:58:02,357 [AppLog] INFO : 创建：AutoPrintMotion1=》不需重新创建-手动操作！
2023-07-08 15:58:02,357 [AppLog] INFO : 进入：EquipmentMotionLogic3=》准备创建对象-手动操作！
2023-07-08 15:58:02,357 [AppLog] INFO : 进入：EquipmentMotionLogic3=》不需重新创建-手动操作！
2023-07-08 15:58:02,357 [AppLog] INFO : 进入：EquipmentMotionLogic3=》赋值完成自-AutoPrintMotion2！
2023-07-08 15:58:02,357 [AppLog] INFO : 进入：EquipmentMotionLogic3=》加载配置文件-LoadJsonFile成功！
2023-07-08 15:58:02,357 [AppLog] INFO : 进入自动清洗过程：AutoCleanThread
2023-07-08 15:58:02,700 [AppLog] INFO : 准备处理第35层数据：准备调用RenderToWic，index为35，subindex为0，g_nRePrintTimes为1，起始层为0
2023-07-08 15:58:02,731 [AppLog] INFO : 刮墨轴回零成功：motionMap.SetBackSpreaderAxis(4, 1, 2, -SinkHomePosition)
2023-07-08 15:58:02,731 [AppLog] INFO : 准备读取编码器位置：Y方向！
2023-07-08 15:58:02,747 [AppLog] INFO : 准备运动，编码器当前位置：DEM_GetAxisEncodeVal：MoveDirectionFlag{false为Y方向：True}CurrentPos{121.045}AimPos{116}
2023-07-08 15:58:02,762 [AppLog] INFO : 完成处理第35层数据：准备调用DrawLayerBMP，index为35，起始层为0
2023-07-08 15:58:02,762 [AppLog] INFO : 完成处理第35层数据：准备调用DrawLayerBMP，index为35，起始层为0
2023-07-08 15:58:02,887 [AppLog] INFO : Y方向运动开始：DEM_Run：返回值{True}nAxis{1}DirFlag{False}nSpeed{300000}MoveStep{-5054.540095}nCtlValue{1}
2023-07-08 15:58:02,950 [AppLog] INFO : Y方向到位停止：DEM_StopAxisRun：返回值{True}CurrentPos{116.44}bImmeStop{False}nAxisMask{2}
2023-07-08 15:58:02,950 [AppLog] INFO : 准备读取编码器位置：X方向！
2023-07-08 15:58:02,950 [AppLog] INFO : 准备运动，当前位置：DEV_GetPrintEncoderValue：MoveDirectionFlag{false为Y方向：False}CurrentPos{784.365}AimPos{780}
2023-07-08 15:58:02,981 [AppLog] INFO : X方向运动开始：DEM_Run：返回值{True}nAxis{0}DirFlag{False}nSpeed{300000}MoveStep{-4365.00000000001}nCtlValue{2}
2023-07-08 15:58:03,121 [AppLog] INFO : 作业写入成功：IDP_WriteImgLayerData：bpp:{1bit}灰阶:{1阶}nLayerIndex{36}LayerIndex{35}SubIndex{1}RePrintTimes{1}nBytesPerLine{752}nWidth{6001}nHeight{7680}nXEncOff{0}nYJetOff{355}nImgStartJetIndex{0}nXDPI{476.25}nYDPI{600}nPrtDir{0} nPrtFlag{1}nColorCnts{1}nReserved{System.Int32[]}
2023-07-08 15:58:03,121 [AppLog] INFO : 完成处理第35层数据：准备调用RenderToWic，index为35，subindex为0，g_nRePrintTimes为1，起始层为0
2023-07-08 15:58:03,184 [AppLog] INFO : X方向到位停止：DEM_StopAxisRun：返回值{True}CurrentPos{781.86}bImmeStop{False}nAxisMask{1}
2023-07-08 15:58:04,400 [AppLog] INFO : 开启手动清洗挤墨喷头，DEV_EnableTimer: 端口{11}，清洗控制周期：{0.5}S,{0.5}S
2023-07-08 15:58:05,414 [AppLog] INFO : 关闭手动清洗挤墨喷头：DEV_EnableTimer
2023-07-08 15:58:05,414 [AppLog] INFO : 压墨等待开启：{1.5S}
2023-07-08 15:58:06,928 [AppLog] INFO : 压墨等待完成：{1.5S}
2023-07-08 15:58:06,928 [AppLog] INFO : 准备读取编码器位置：X方向！
2023-07-08 15:58:06,928 [AppLog] INFO : 准备运动，当前位置：DEV_GetPrintEncoderValue：MoveDirectionFlag{false为Y方向：False}CurrentPos{780.37}AimPos{680}
2023-07-08 15:58:06,959 [AppLog] INFO : X方向运动开始：DEM_Run：返回值{True}nAxis{0}DirFlag{False}nSpeed{200000}MoveStep{-100370}nCtlValue{2}
2023-07-08 15:58:07,817 [AppLog] INFO : X方向到位停止：DEM_StopAxisRun：返回值{True}CurrentPos{683.94}bImmeStop{False}nAxisMask{1}
2023-07-08 15:58:08,394 [AppLog] INFO : 结束自动清洗过程：AutoCleanThread
2023-07-08 15:58:08,394 [AppLog] INFO : 进入：EquipmentMotionLogic3=》准备创建对象-手动操作！
2023-07-08 15:58:08,394 [AppLog] INFO : 进入：EquipmentMotionLogic3=》不需重新创建-手动操作！
2023-07-08 15:58:08,394 [AppLog] INFO : 进入：EquipmentMotionLogic3=》赋值完成自-AutoPrintMotion2！
2023-07-08 15:58:08,394 [AppLog] INFO : 进入：EquipmentMotionLogic3=》加载配置文件-LoadJsonFile成功！
2023-07-08 15:58:08,394 [AppLog] INFO : 进入：AutoPrintThread3！
2023-07-08 15:58:08,394 [AppLog] INFO : 关闭闪喷操作：IDP_FlashPrtCtl：返回值{True}
2023-07-08 15:58:08,394 [AppLog] INFO : 准备读取编码器位置：Y方向！
2023-07-08 15:58:08,394 [AppLog] INFO : 准备运动，编码器当前位置：DEM_GetAxisEncodeVal：MoveDirectionFlag{false为Y方向：True}CurrentPos{115.995}AimPos{93.5}
2023-07-08 15:58:08,534 [AppLog] INFO : Y方向运动开始：DEM_Run：返回值{True}nAxis{1}DirFlag{False}nSpeed{300000}MoveStep{-22537.538045}nCtlValue{1}
2023-07-08 15:58:08,597 [AppLog] INFO : 准备读取编码器位置：X方向！
2023-07-08 15:58:08,612 [AppLog] INFO : 准备运动，当前位置：DEV_GetPrintEncoderValue：MoveDirectionFlag{false为Y方向：False}CurrentPos{680.2}AimPos{425}
2023-07-08 15:58:08,644 [AppLog] INFO : X方向运动开始：DEM_Run：返回值{True}nAxis{0}DirFlag{False}nSpeed{300000}MoveStep{-255200}nCtlValue{2}
2023-07-08 15:58:10,048 [AppLog] INFO : X方向到位停止：DEM_StopAxisRun：返回值{True}CurrentPos{429.125}bImmeStop{False}nAxisMask{1}
2023-07-08 15:58:10,048 [AppLog] INFO : 准备读取编码器位置：X方向！
2023-07-08 15:58:10,048 [AppLog] INFO : 准备运动，当前位置：DEV_GetPrintEncoderValue：MoveDirectionFlag{false为Y方向：False}CurrentPos{429.03}AimPos{25}
2023-07-08 15:58:10,079 [AppLog] INFO : X方向运动开始：DEM_Run：返回值{True}nAxis{0}DirFlag{False}nSpeed{300000}MoveStep{-404030}nCtlValue{2}
2023-07-08 15:58:11,966 [AppLog] INFO : X方向到位停止：DEM_StopAxisRun：返回值{True}CurrentPos{26.055}bImmeStop{False}nAxisMask{1}
2023-07-08 15:58:11,966 [AppLog] INFO : 准备读取编码器位置：Y方向！
2023-07-08 15:58:11,966 [AppLog] INFO : 准备运动，编码器当前位置：DEM_GetAxisEncodeVal：MoveDirectionFlag{false为Y方向：True}CurrentPos{93.51}AimPos{98.5211666666667}
2023-07-08 15:58:12,091 [AppLog] INFO : Y方向运动开始：DEM_Run：返回值{True}nAxis{1}DirFlag{True}nSpeed{300000}MoveStep{5020.64278283333}nCtlValue{1}
2023-07-08 15:58:12,154 [AppLog] INFO : Y方向到位停止：DEM_StopAxisRun：返回值{True}CurrentPos{97.775}bImmeStop{False}nAxisMask{2}
2023-07-08 15:58:12,154 [AppLog] INFO : 获取打印Pass数据：IDP_GetPassItem2：nLayerIndex{27}nPassID{1}nProcState{3}LPPassDataItemb:PrtDir{True}nDataTxCompleteCnt{1}nHwMemAdrMatchMask{1}nLayerIndex{27}nLayerPassCount{6}nLayerPassIndex{1}nMinJet0ImgLinePos{1635}nPrtMemHwAddr{System.UInt32[]}nPrtDataOffset{System.UInt32[]}nSrcDataSize{System.UInt32[]}nPrtColBytes{System.UInt32[]}nPrtPrecession{10.666}nSrcEndCols{6000}nSrcStartCols{0}nStartEncPos{10000}nValidPassJets{1280}nValidPrtCols{6233}nValidPrtCtlCnts{1}pDataBuf{0}pNextItem{668503360}
2023-07-08 15:58:12,154 [AppLog] INFO : 使能Pass打印成功：IDP_DoPassPrint2：nLayerIndex{27}nPassID{1}
2023-07-08 15:58:12,169 [AppLog] INFO : PASS打印前关键状态：DEV_GetDeviceInfo：nLayerIndex{27}nPassID{1}LPPRINTER_INFO:nXSysEncDPI{5080}nStatus{909129520}nPrintStatus{0}bSuperDevice{1}
LPPRINTER_INFO-LPPrtRunInfo:bJobPrtRuning{True}bLayerPrtIsOver{False}nContReqMemErr{0}nContWDErr{0}nCurPrtDir{0}nDTLayerIndex{36}nDTLayerPassIndex{5}nDTPtrCtlIndex{0}nLayerPassCount{6}nPrintLayerIndex{27}nPrintPassIndex{1}nProcLayerIndex{36}nPrtDataMemAddr{0}nPrtState{0}nReverse{System.Int32[]}nRevPrtCols{0}
LPPRINTER_INFO-LPDRVINFO:nFMVersion{45074}nFpgaVersion{539038216}nPCBVersion{0}nState{0}nNextState{0}nPtvwarnState{0}nCrc32{0}nRevInfo{System.UInt32[]}nSignature{0}
2023-07-08 15:58:12,169 [AppLog] INFO : 创建：AutoPrintMotion1=》不需重新创建-手动操作！
2023-07-08 15:58:12,169 [AppLog] INFO : 进入：EquipmentMotionLogic3=》准备创建对象-手动操作！
2023-07-08 15:58:12,169 [AppLog] INFO : 进入：EquipmentMotionLogic3=》不需重新创建-手动操作！
2023-07-08 15:58:12,169 [AppLog] INFO : 进入：EquipmentMotionLogic3=》赋值完成自-AutoPrintMotion2！
2023-07-08 15:58:12,169 [AppLog] INFO : 进入：EquipmentMotionLogic3=》加载配置文件-LoadJsonFile成功！
2023-07-08 15:58:12,169 [AppLog] INFO : 进入：AutoPrintThread3！
2023-07-08 15:58:12,169 [AppLog] INFO : 准备读取编码器位置：X方向！
2023-07-08 15:58:12,169 [AppLog] INFO : 准备运动，当前位置：DEV_GetPrintEncoderValue：MoveDirectionFlag{false为Y方向：False}CurrentPos{22.14}AimPos{425}
2023-07-08 15:58:12,200 [AppLog] INFO : X方向运动开始：DEM_Run：返回值{True}nAxis{0}DirFlag{True}nSpeed{300000}MoveStep{402860}nCtlValue{2}
2023-07-08 15:58:14,088 [AppLog] INFO : X方向到位停止：DEM_StopAxisRun：返回值{True}CurrentPos{419.105}bImmeStop{False}nAxisMask{1}
2023-07-08 15:58:14,088 [AppLog] INFO : 准备读取编码器位置：Y方向！
2023-07-08 15:58:14,088 [AppLog] INFO : 准备运动，编码器当前位置：DEM_GetAxisEncodeVal：MoveDirectionFlag{false为Y方向：True}CurrentPos{98.495}AimPos{147.5}
2023-07-08 15:58:14,322 [AppLog] INFO : Y方向运动开始：DEM_Run：返回值{True}nAxis{1}DirFlag{True}nSpeed{300000}MoveStep{49097.668455}nCtlValue{1}
2023-07-08 15:58:14,384 [AppLog] INFO : Y方向到位停止：DEM_StopAxisRun：返回值{True}CurrentPos{144.315}bImmeStop{False}nAxisMask{2}
2023-07-08 15:58:14,384 [AppLog] INFO : 获取打印Pass数据：IDP_GetPassItem2：nLayerIndex{27}nPassID{2}nProcState{3}LPPassDataItemb:PrtDir{False}nDataTxCompleteCnt{1}nHwMemAdrMatchMask{1}nLayerIndex{27}nLayerPassCount{6}nLayerPassIndex{2}nMinJet0ImgLinePos{2915}nPrtMemHwAddr{System.UInt32[]}nPrtDataOffset{System.UInt32[]}nSrcDataSize{System.UInt32[]}nPrtColBytes{System.UInt32[]}nPrtPrecession{10.666}nSrcEndCols{6000}nSrcStartCols{0}nStartEncPos{76511}nValidPassJets{1280}nValidPrtCols{6233}nValidPrtCtlCnts{1}pDataBuf{0}pNextItem{668503520}
2023-07-08 15:58:14,400 [AppLog] INFO : 使能Pass打印成功：IDP_DoPassPrint2：nLayerIndex{27}nPassID{2}
2023-07-08 15:58:14,400 [AppLog] INFO : PASS打印前关键状态：DEV_GetDeviceInfo：nLayerIndex{27}nPassID{2}LPPRINTER_INFO:nXSysEncDPI{5080}nStatus{909129520}nPrintStatus{0}bSuperDevice{1}
LPPRINTER_INFO-LPPrtRunInfo:bJobPrtRuning{True}bLayerPrtIsOver{False}nContReqMemErr{0}nContWDErr{0}nCurPrtDir{0}nDTLayerIndex{36}nDTLayerPassIndex{5}nDTPtrCtlIndex{0}nLayerPassCount{6}nPrintLayerIndex{27}nPrintPassIndex{2}nProcLayerIndex{36}nPrtDataMemAddr{0}nPrtState{0}nReverse{System.Int32[]}nRevPrtCols{0}
LPPRINTER_INFO-LPDRVINFO:nFMVersion{45074}nFpgaVersion{539038216}nPCBVersion{0}nState{0}nNextState{0}nPtvwarnState{0}nCrc32{0}nRevInfo{System.UInt32[]}nSignature{0}
2023-07-08 15:58:14,400 [AppLog] INFO : 创建：AutoPrintMotion1=》不需重新创建-手动操作！
2023-07-08 15:58:14,400 [AppLog] INFO : 进入：EquipmentMotionLogic3=》准备创建对象-手动操作！
2023-07-08 15:58:14,400 [AppLog] INFO : 进入：EquipmentMotionLogic3=》不需重新创建-手动操作！
2023-07-08 15:58:14,400 [AppLog] INFO : 进入：EquipmentMotionLogic3=》赋值完成自-AutoPrintMotion2！
2023-07-08 15:58:14,400 [AppLog] INFO : 进入：EquipmentMotionLogic3=》加载配置文件-LoadJsonFile成功！
2023-07-08 15:58:14,400 [AppLog] INFO : 进入：AutoPrintThread3！
2023-07-08 15:58:14,400 [AppLog] INFO : 准备读取编码器位置：X方向！
2023-07-08 15:58:14,400 [AppLog] INFO : 准备运动，当前位置：DEV_GetPrintEncoderValue：MoveDirectionFlag{false为Y方向：False}CurrentPos{423.285}AimPos{25}
2023-07-08 15:58:14,431 [AppLog] INFO : X方向运动开始：DEM_Run：返回值{True}nAxis{0}DirFlag{False}nSpeed{300000}MoveStep{-398285}nCtlValue{2}
2023-07-08 15:58:16,319 [AppLog] INFO : X方向到位停止：DEM_StopAxisRun：返回值{True}CurrentPos{29.485}bImmeStop{False}nAxisMask{1}
2023-07-08 15:58:16,319 [AppLog] INFO : 准备读取编码器位置：Y方向！
2023-07-08 15:58:16,334 [AppLog] INFO : 准备运动，编码器当前位置：DEM_GetAxisEncodeVal：MoveDirectionFlag{false为Y方向：True}CurrentPos{147.455}AimPos{152.521166666667}
2023-07-08 15:58:16,459 [AppLog] INFO : Y方向运动开始：DEM_Run：返回值{True}nAxis{1}DirFlag{True}nSpeed{300000}MoveStep{5075.74678783331}nCtlValue{1}
2023-07-08 15:58:16,522 [AppLog] INFO : Y方向到位停止：DEM_StopAxisRun：返回值{True}CurrentPos{151.955}bImmeStop{False}nAxisMask{2}
2023-07-08 15:58:16,522 [AppLog] INFO : 获取打印Pass数据：IDP_GetPassItem2：nLayerIndex{27}nPassID{3}nProcState{3}LPPassDataItemb:PrtDir{True}nDataTxCompleteCnt{1}nHwMemAdrMatchMask{1}nLayerIndex{27}nLayerPassCount{6}nLayerPassIndex{3}nMinJet0ImgLinePos{4195}nPrtMemHwAddr{System.UInt32[]}nPrtDataOffset{System.UInt32[]}nSrcDataSize{System.UInt32[]}nPrtColBytes{System.UInt32[]}nPrtPrecession{10.666}nSrcEndCols{6000}nSrcStartCols{0}nStartEncPos{10000}nValidPassJets{1280}nValidPrtCols{6233}nValidPrtCtlCnts{1}pDataBuf{0}pNextItem{668503680}
2023-07-08 15:58:16,537 [AppLog] INFO : 使能Pass打印成功：IDP_DoPassPrint2：nLayerIndex{27}nPassID{3}
2023-07-08 15:58:16,537 [AppLog] INFO : PASS打印前关键状态：DEV_GetDeviceInfo：nLayerIndex{27}nPassID{3}LPPRINTER_INFO:nXSysEncDPI{5080}nStatus{909129520}nPrintStatus{0}bSuperDevice{1}
LPPRINTER_INFO-LPPrtRunInfo:bJobPrtRuning{True}bLayerPrtIsOver{False}nContReqMemErr{0}nContWDErr{0}nCurPrtDir{0}nDTLayerIndex{36}nDTLayerPassIndex{5}nDTPtrCtlIndex{0}nLayerPassCount{6}nPrintLayerIndex{27}nPrintPassIndex{3}nProcLayerIndex{36}nPrtDataMemAddr{0}nPrtState{0}nReverse{System.Int32[]}nRevPrtCols{0}
LPPRINTER_INFO-LPDRVINFO:nFMVersion{45074}nFpgaVersion{539038216}nPCBVersion{0}nState{0}nNextState{0}nPtvwarnState{0}nCrc32{0}nRevInfo{System.UInt32[]}nSignature{0}
2023-07-08 15:58:16,537 [AppLog] INFO : 创建：AutoPrintMotion1=》不需重新创建-手动操作！
2023-07-08 15:58:16,537 [AppLog] INFO : 进入：EquipmentMotionLogic3=》准备创建对象-手动操作！
2023-07-08 15:58:16,537 [AppLog] INFO : 进入：EquipmentMotionLogic3=》不需重新创建-手动操作！
2023-07-08 15:58:16,537 [AppLog] INFO : 进入：EquipmentMotionLogic3=》赋值完成自-AutoPrintMotion2！
2023-07-08 15:58:16,537 [AppLog] INFO : 进入：EquipmentMotionLogic3=》加载配置文件-LoadJsonFile成功！
2023-07-08 15:58:16,537 [AppLog] INFO : 进入：AutoPrintThread3！
2023-07-08 15:58:16,537 [AppLog] INFO : 准备读取编码器位置：X方向！
2023-07-08 15:58:16,537 [AppLog] INFO : 准备运动，当前位置：DEV_GetPrintEncoderValue：MoveDirectionFlag{false为Y方向：False}CurrentPos{26.695}AimPos{425}
2023-07-08 15:58:16,568 [AppLog] INFO : X方向运动开始：DEM_Run：返回值{True}nAxis{0}DirFlag{True}nSpeed{300000}MoveStep{398305}nCtlValue{2}
2023-07-08 15:58:18,440 [AppLog] INFO : X方向到位停止：DEM_StopAxisRun：返回值{True}CurrentPos{418.975}bImmeStop{False}nAxisMask{1}
2023-07-08 15:58:18,440 [AppLog] INFO : 准备读取编码器位置：Y方向！
2023-07-08 15:58:18,440 [AppLog] INFO : 准备运动，编码器当前位置：DEM_GetAxisEncodeVal：MoveDirectionFlag{false为Y方向：True}CurrentPos{152.54}AimPos{201.5}
2023-07-08 15:58:18,674 [AppLog] INFO : Y方向运动开始：DEM_Run：返回值{True}nAxis{1}DirFlag{True}nSpeed{300000}MoveStep{49052.58336}nCtlValue{1}
2023-07-08 15:58:18,737 [AppLog] INFO : Y方向到位停止：DEM_StopAxisRun：返回值{True}CurrentPos{198.335}bImmeStop{False}nAxisMask{2}
2023-07-08 15:58:18,737 [AppLog] INFO : 获取打印Pass数据：IDP_GetPassItem2：nLayerIndex{27}nPassID{4}nProcState{3}LPPassDataItemb:PrtDir{False}nDataTxCompleteCnt{1}nHwMemAdrMatchMask{1}nLayerIndex{27}nLayerPassCount{6}nLayerPassIndex{4}nMinJet0ImgLinePos{5475}nPrtMemHwAddr{System.UInt32[]}nPrtDataOffset{System.UInt32[]}nSrcDataSize{System.UInt32[]}nPrtColBytes{System.UInt32[]}nPrtPrecession{10.666}nSrcEndCols{6000}nSrcStartCols{0}nStartEncPos{76511}nValidPassJets{1280}nValidPrtCols{6233}nValidPrtCtlCnts{1}pDataBuf{0}pNextItem{668503840}
2023-07-08 15:58:18,752 [AppLog] INFO : 使能Pass打印成功：IDP_DoPassPrint2：nLayerIndex{27}nPassID{4}
2023-07-08 15:58:18,752 [AppLog] INFO : PASS打印前关键状态：DEV_GetDeviceInfo：nLayerIndex{27}nPassID{4}LPPRINTER_INFO:nXSysEncDPI{5080}nStatus{909129520}nPrintStatus{0}bSuperDevice{1}
LPPRINTER_INFO-LPPrtRunInfo:bJobPrtRuning{True}bLayerPrtIsOver{False}nContReqMemErr{0}nContWDErr{0}nCurPrtDir{0}nDTLayerIndex{36}nDTLayerPassIndex{5}nDTPtrCtlIndex{0}nLayerPassCount{6}nPrintLayerIndex{27}nPrintPassIndex{4}nProcLayerIndex{36}nPrtDataMemAddr{0}nPrtState{0}nReverse{System.Int32[]}nRevPrtCols{0}
LPPRINTER_INFO-LPDRVINFO:nFMVersion{45074}nFpgaVersion{539038216}nPCBVersion{0}nState{0}nNextState{0}nPtvwarnState{0}nCrc32{0}nRevInfo{System.UInt32[]}nSignature{0}
2023-07-08 15:58:18,752 [AppLog] INFO : 创建：AutoPrintMotion1=》不需重新创建-手动操作！
2023-07-08 15:58:18,752 [AppLog] INFO : 进入：EquipmentMotionLogic3=》准备创建对象-手动操作！
2023-07-08 15:58:18,752 [AppLog] INFO : 进入：EquipmentMotionLogic3=》不需重新创建-手动操作！
2023-07-08 15:58:18,752 [AppLog] INFO : 进入：EquipmentMotionLogic3=》赋值完成自-AutoPrintMotion2！
2023-07-08 15:58:18,752 [AppLog] INFO : 进入：EquipmentMotionLogic3=》加载配置文件-LoadJsonFile成功！
2023-07-08 15:58:18,752 [AppLog] INFO : 进入：AutoPrintThread3！
2023-07-08 15:58:18,752 [AppLog] INFO : 准备读取编码器位置：X方向！
2023-07-08 15:58:18,752 [AppLog] INFO : 准备运动，当前位置：DEV_GetPrintEncoderValue：MoveDirectionFlag{false为Y方向：False}CurrentPos{423.3}AimPos{25}
2023-07-08 15:58:18,784 [AppLog] INFO : X方向运动开始：DEM_Run：返回值{True}nAxis{0}DirFlag{False}nSpeed{300000}MoveStep{-398300}nCtlValue{2}
2023-07-08 15:58:20,671 [AppLog] INFO : X方向到位停止：DEM_StopAxisRun：返回值{True}CurrentPos{29.945}bImmeStop{False}nAxisMask{1}
2023-07-08 15:58:20,671 [AppLog] INFO : 准备读取编码器位置：Y方向！
2023-07-08 15:58:20,671 [AppLog] INFO : 准备运动，编码器当前位置：DEM_GetAxisEncodeVal：MoveDirectionFlag{false为Y方向：True}CurrentPos{201.525}AimPos{206.521166666667}
2023-07-08 15:58:20,796 [AppLog] INFO : Y方向运动开始：DEM_Run：返回值{True}nAxis{1}DirFlag{True}nSpeed{300000}MoveStep{5005.61441783332}nCtlValue{1}
2023-07-08 15:58:20,890 [AppLog] INFO : Y方向到位停止：DEM_StopAxisRun：返回值{True}CurrentPos{206.085}bImmeStop{False}nAxisMask{2}
2023-07-08 15:58:20,890 [AppLog] INFO : 获取打印Pass数据：IDP_GetPassItem2：nLayerIndex{27}nPassID{5}nProcState{3}LPPassDataItemb:PrtDir{True}nDataTxCompleteCnt{1}nHwMemAdrMatchMask{1}nLayerIndex{27}nLayerPassCount{6}nLayerPassIndex{5}nMinJet0ImgLinePos{6755}nPrtMemHwAddr{System.UInt32[]}nPrtDataOffset{System.UInt32[]}nSrcDataSize{System.UInt32[]}nPrtColBytes{System.UInt32[]}nPrtPrecession{10.666}nSrcEndCols{6000}nSrcStartCols{0}nStartEncPos{10000}nValidPassJets{1280}nValidPrtCols{6233}nValidPrtCtlCnts{1}pDataBuf{0}pNextItem{0}
2023-07-08 15:58:20,890 [AppLog] INFO : 使能Pass打印成功：IDP_DoPassPrint2：nLayerIndex{27}nPassID{5}
2023-07-08 15:58:20,905 [AppLog] INFO : PASS打印前关键状态：DEV_GetDeviceInfo：nLayerIndex{27}nPassID{5}LPPRINTER_INFO:nXSysEncDPI{5080}nStatus{909129520}nPrintStatus{0}bSuperDevice{1}
LPPRINTER_INFO-LPPrtRunInfo:bJobPrtRuning{True}bLayerPrtIsOver{False}nContReqMemErr{0}nContWDErr{0}nCurPrtDir{0}nDTLayerIndex{36}nDTLayerPassIndex{5}nDTPtrCtlIndex{0}nLayerPassCount{6}nPrintLayerIndex{27}nPrintPassIndex{5}nProcLayerIndex{36}nPrtDataMemAddr{0}nPrtState{0}nReverse{System.Int32[]}nRevPrtCols{0}
LPPRINTER_INFO-LPDRVINFO:nFMVersion{45074}nFpgaVersion{539038216}nPCBVersion{0}nState{0}nNextState{0}nPtvwarnState{0}nCrc32{0}nRevInfo{System.UInt32[]}nSignature{0}
2023-07-08 15:58:20,905 [AppLog] INFO : 创建：AutoPrintMotion1=》不需重新创建-手动操作！
2023-07-08 15:58:20,905 [AppLog] INFO : 进入：EquipmentMotionLogic3=》准备创建对象-手动操作！
2023-07-08 15:58:20,905 [AppLog] INFO : 进入：EquipmentMotionLogic3=》不需重新创建-手动操作！
2023-07-08 15:58:20,905 [AppLog] INFO : 进入：EquipmentMotionLogic3=》赋值完成自-AutoPrintMotion2！
2023-07-08 15:58:20,905 [AppLog] INFO : 进入：EquipmentMotionLogic3=》加载配置文件-LoadJsonFile成功！
2023-07-08 15:58:20,905 [AppLog] INFO : 进入：AutoPrintThread3！
2023-07-08 15:58:20,905 [AppLog] INFO : 准备读取编码器位置：X方向！
2023-07-08 15:58:20,905 [AppLog] INFO : 准备运动，当前位置：DEV_GetPrintEncoderValue：MoveDirectionFlag{false为Y方向：False}CurrentPos{26.645}AimPos{425}
2023-07-08 15:58:20,936 [AppLog] INFO : X方向运动开始：DEM_Run：返回值{True}nAxis{0}DirFlag{True}nSpeed{300000}MoveStep{398355}nCtlValue{2}
2023-07-08 15:58:22,808 [AppLog] INFO : X方向到位停止：DEM_StopAxisRun：返回值{True}CurrentPos{418.935}bImmeStop{False}nAxisMask{1}
2023-07-08 15:58:22,808 [AppLog] INFO : 准备读取编码器位置：X方向！
2023-07-08 15:58:22,808 [AppLog] INFO : 准备运动，当前位置：DEV_GetPrintEncoderValue：MoveDirectionFlag{false为Y方向：False}CurrentPos{419.04}AimPos{780}
2023-07-08 15:58:22,840 [AppLog] INFO : X方向运动开始：DEM_Run：返回值{True}nAxis{0}DirFlag{True}nSpeed{300000}MoveStep{360960}nCtlValue{2}
2023-07-08 15:58:22,902 [AppLog] INFO : 准备读取编码器位置：Y方向！
2023-07-08 15:58:22,902 [AppLog] INFO : 准备运动，编码器当前位置：DEM_GetAxisEncodeVal：MoveDirectionFlag{false为Y方向：True}CurrentPos{206.5}AimPos{121}
2023-07-08 15:58:23,245 [AppLog] INFO : Y方向运动开始：DEM_Run：返回值{True}nAxis{1}DirFlag{False}nSpeed{300000}MoveStep{-85661.6805}nCtlValue{1}
2023-07-08 15:58:24,587 [AppLog] INFO : Y方向到位等停：DEM_StopAxisRun：返回值{True}bImmeStop{False}nAxisMask{1}
2023-07-08 15:58:24,587 [AppLog] INFO : X方向到位等停：DEM_StopAxisRun：返回值{True}bImmeStop{False}nAxisMask{2}
2023-07-08 15:58:24,602 [AppLog] INFO : 开启闪喷操作：IDP_FlashPrtCtl：返回值{True}
2023-07-08 15:58:24,602 [AppLog] INFO : 进入：EquipmentMotionLogic3=》准备创建对象-手动操作！
2023-07-08 15:58:24,602 [AppLog] INFO : 进入：EquipmentMotionLogic3=》不需重新创建-手动操作！
2023-07-08 15:58:24,602 [AppLog] INFO : 进入：EquipmentMotionLogic3=》赋值完成自-AutoPrintMotion2！
2023-07-08 15:58:24,602 [AppLog] INFO : 进入：EquipmentMotionLogic3=》加载配置文件-LoadJsonFile成功！
2023-07-08 15:58:24,602 [AppLog] INFO : 进入自动铺粉逻辑：NewAutoSupplyPowderThread2
2023-07-08 15:58:24,602 [AppLog] INFO : 电气控制模块：手动打开端口14
2023-07-08 15:58:24,602 [AppLog] INFO : 电气控制模块：手动打开端口15
2023-07-08 15:58:24,680 [AppLog] INFO : 手动正向点动指令（8轴运控板卡系统） ====》：输出AXIS{第1轴},点动量{-0.1MM},运动速度{2MM/s}
2023-07-08 15:58:24,680 [AppLog] INFO : 成形面高度下降层厚 TrapSpace{0.1mm}：TrapMoveUp(1, true, Convert.ToString(vel), Convert.ToString(TrapSpace), true, true）
2023-07-08 15:58:25,460 [AppLog] INFO : 手动正向点动指令（8轴运控板卡系统） ====》：输出AXIS{第1轴},点动量{-1.5MM},运动速度{2MM/s}
2023-07-08 15:58:25,460 [AppLog] INFO : 成形面高度下降指定厚度 TrapSpace{1.5mm}：TrapMoveUp(1, true, Convert.ToString(vel), Convert.ToString(TrapSpace), true, true）
2023-07-08 15:58:26,225 [AppLog] INFO : 手动正向点动指令（8轴运控板卡系统） ====》：输出AXIS{第1轴},点动量{1.5MM},运动速度{2MM/s}
2023-07-08 15:58:26,225 [AppLog] INFO : 电气控制模块：手动关闭端口15
2023-07-08 15:58:26,225 [AppLog] INFO : 电气控制模块：手动关闭端口14
2023-07-08 15:58:26,225 [AppLog] INFO : 成形面高度上升层厚 TrapSpace{1.5mm}：TrapMoveUp(1, true, Convert.ToString(vel), Convert.ToString(TrapSpace), true, true）
2023-07-08 15:58:26,474 [AppLog] INFO : 手动正向点动指令（8轴运控板卡系统） ====》：输出AXIS{第8轴},点动量{0.6MM},运动速度{2.5MM/s}
2023-07-08 15:58:26,474 [AppLog] INFO : Hopper落粉轴转2圈落粉，速度0.5rev/s：TrapMoveUp(8, true, 0.5, rotateNuM.ToString(), true, false)
2023-07-08 15:58:27,488 [AppLog] INFO : 开启铺粉车不等停运动，准备运动至准备打印位置215mm，速度250mm/s：BackToStation2
2023-07-08 15:58:28,346 [AppLog] INFO : 手动正向点动指令（8轴运控板卡系统） ====》：输出AXIS{第2轴},点动量{216.5MM},运动速度{250MM/s}
2023-07-08 15:58:28,346 [AppLog] INFO : 当前铺粉车位置：打印位置215mm
2023-07-08 15:58:28,346 [AppLog] INFO : 手动正向点动指令（8轴运控板卡系统） ====》：输出AXIS{第2轴},点动量{480MM},运动速度{25MM/s}
2023-07-08 15:58:28,346 [AppLog] INFO : 开启铺粉车不等停运动至准备打印位置695mm，速度25mm/s：BackToStation2
2023-07-08 15:58:28,471 [AppLog] INFO : 打开IR灯：OpenIRLamp(true)
2023-07-08 15:58:28,596 [AppLog] INFO : 手动正向点动指令（8轴运控板卡系统） ====》：输出AXIS{第3轴},点动量{0.125MM},运动速度{1MM/s}
2023-07-08 15:58:28,612 [AppLog] INFO : 在{40mm}处，落粉轴运动{45度}，落粉轴转速{1rev/s}：TrapMoveUp(3, true, Convert.ToString(DispenseRollerSpeed), 0.5, true, true)
2023-07-08 15:58:28,612 [AppLog] INFO : 手动正向点动指令（8轴运控板卡系统） ====》：输出AXIS{第3轴},点动量{0.5MM},运动速度{0.0376712328767123MM/s}
2023-07-08 15:58:28,612 [AppLog] INFO : 开启均匀落粉及辊子铺平运动：TrapMoveUp(3, true, Convert.ToString(DispenseRollerSpeed), 0.5, true, true)
2023-07-08 15:58:40,280 [AppLog] INFO : 关闭IR灯：OpenIRLamp(false)
2023-07-08 15:58:44,820 [AppLog] INFO : 手动正向点动指令（8轴运控板卡系统） ====》：输出AXIS{第3轴},点动量{0.5MM},运动速度{2MM/s}
2023-07-08 15:58:44,820 [AppLog] INFO : 落粉轴继续转动以倒掉余粉：TrapMoveUp(3, true, 2, 0.5, true, false)
2023-07-08 15:58:47,550 [AppLog] INFO : 电气控制模块：手动打开端口14
2023-07-08 15:58:47,550 [AppLog] INFO : 电气控制模块：手动打开端口15
2023-07-08 15:58:48,330 [AppLog] INFO : 手动正向点动指令（8轴运控板卡系统） ====》：输出AXIS{第1轴},点动量{-1.5MM},运动速度{2MM/s}
2023-07-08 15:58:48,330 [AppLog] INFO : 电气控制模块：手动关闭端口15
2023-07-08 15:58:48,330 [AppLog] INFO : 电气控制模块：手动关闭端口14
2023-07-08 15:58:48,330 [AppLog] INFO : 成形面高度下降指定厚度 TrapSpace{1.5mm}：TrapMoveUp(1, true, Convert.ToString(vel), Convert.ToString(TrapSpace), true, true）
2023-07-08 15:58:51,122 [AppLog] INFO : 手动正向点动指令（8轴运控板卡系统） ====》：输出AXIS{第2轴},点动量{-696.5MM},运动速度{250MM/s}
2023-07-08 15:58:51,122 [AppLog] INFO : 铺粉车返回至站1：BackToStation2(AimPos, MovSpeed, true)：-1.5mm，速度250mm/s：BackToStation2
2023-07-08 15:58:51,902 [AppLog] INFO : 落粉轴回零成功：motionMap.SetBackSpreaderAxis(3, 0.5, 2, -SinkPosition)：ReturnCode{True}
2023-07-08 15:58:51,902 [AppLog] INFO : 电气控制模块：手动打开端口14
2023-07-08 15:58:51,902 [AppLog] INFO : 电气控制模块：手动打开端口15
2023-07-08 15:58:52,667 [AppLog] INFO : 手动正向点动指令（8轴运控板卡系统） ====》：输出AXIS{第1轴},点动量{1.5MM},运动速度{2MM/s}
2023-07-08 15:58:52,667 [AppLog] INFO : 电气控制模块：手动关闭端口15
2023-07-08 15:58:52,667 [AppLog] INFO : 电气控制模块：手动关闭端口14
2023-07-08 15:58:52,667 [AppLog] INFO : 成形面高度上升层厚 TrapSpace{1.5mm}：TrapMoveUp(1, true, Convert.ToString(vel), Convert.ToString(TrapSpace), true, true）
2023-07-08 15:58:52,667 [AppLog] INFO : 自动铺粉正常结束：NewAutoSupplyPowderThread2
2023-07-08 15:58:52,667 [AppLog] INFO : 发送监控指令，拍照记录1条：SendMessageFromSharedMemory
2023-07-08 15:58:52,667 [AppLog] INFO : 铺粉模式：铺粉固化同时进行！
2023-07-08 15:58:52,667 [AppLog] INFO : 执行完成铺粉固化操作：EquipmentMotionLogic3：m_bApplyPowderSupplyMotion:0
2023-07-08 15:58:52,667 [AppLog] INFO : 接收到恢复打印指令：PrintTaskTHREAD
2023-07-08 15:58:52,682 [AppLog] INFO : 获取打印Pass数据：IDP_GetPassItem2：nLayerIndex{28}nPassID{0}nProcState{3}LPPassDataItemb:PrtDir{False}nDataTxCompleteCnt{1}nHwMemAdrMatchMask{1}nLayerIndex{28}nLayerPassCount{6}nLayerPassIndex{0}nMinJet0ImgLinePos{355}nPrtMemHwAddr{System.UInt32[]}nPrtDataOffset{System.UInt32[]}nSrcDataSize{System.UInt32[]}nPrtColBytes{System.UInt32[]}nPrtPrecession{10.666}nSrcEndCols{6000}nSrcStartCols{0}nStartEncPos{76511}nValidPassJets{1280}nValidPrtCols{6233}nValidPrtCtlCnts{1}pDataBuf{0}pNextItem{668505120}
2023-07-08 15:58:52,682 [AppLog] INFO : 使能Pass打印成功：IDP_DoPassPrint2：nLayerIndex{28}nPassID{0}
2023-07-08 15:58:52,682 [AppLog] INFO : PASS打印前关键状态：DEV_GetDeviceInfo：nLayerIndex{28}nPassID{0}LPPRINTER_INFO:nXSysEncDPI{5080}nStatus{909129520}nPrintStatus{0}bSuperDevice{1}
LPPRINTER_INFO-LPPrtRunInfo:bJobPrtRuning{True}bLayerPrtIsOver{False}nContReqMemErr{0}nContWDErr{0}nCurPrtDir{0}nDTLayerIndex{36}nDTLayerPassIndex{5}nDTPtrCtlIndex{0}nLayerPassCount{6}nPrintLayerIndex{28}nPrintPassIndex{0}nProcLayerIndex{36}nPrtDataMemAddr{0}nPrtState{0}nReverse{System.Int32[]}nRevPrtCols{0}
LPPRINTER_INFO-LPDRVINFO:nFMVersion{45074}nFpgaVersion{539038216}nPCBVersion{0}nState{0}nNextState{0}nPtvwarnState{0}nCrc32{0}nRevInfo{System.UInt32[]}nSignature{0}
2023-07-08 15:58:52,682 [AppLog] INFO : 创建：AutoPrintMotion1=》不需重新创建-手动操作！
2023-07-08 15:58:52,682 [AppLog] INFO : 进入：EquipmentMotionLogic3=》准备创建对象-手动操作！
2023-07-08 15:58:52,682 [AppLog] INFO : 进入：EquipmentMotionLogic3=》不需重新创建-手动操作！
2023-07-08 15:58:52,682 [AppLog] INFO : 进入：EquipmentMotionLogic3=》赋值完成自-AutoPrintMotion2！
2023-07-08 15:58:52,682 [AppLog] INFO : 进入：EquipmentMotionLogic3=》加载配置文件-LoadJsonFile成功！
2023-07-08 15:58:52,682 [AppLog] INFO : 进入自动清洗过程：AutoCleanThread
2023-07-08 15:58:53,057 [AppLog] INFO : 准备处理第36层数据：准备调用RenderToWic，index为36，subindex为0，g_nRePrintTimes为1，起始层为0
2023-07-08 15:58:53,057 [AppLog] INFO : 刮墨轴回零成功：motionMap.SetBackSpreaderAxis(4, 1, 2, -SinkHomePosition)
2023-07-08 15:58:53,057 [AppLog] INFO : 准备读取编码器位置：Y方向！
2023-07-08 15:58:53,072 [AppLog] INFO : 准备运动，编码器当前位置：DEM_GetAxisEncodeVal：MoveDirectionFlag{false为Y方向：True}CurrentPos{121.045}AimPos{116}
2023-07-08 15:58:53,119 [AppLog] INFO : 完成处理第36层数据：准备调用DrawLayerBMP，index为36，起始层为0
2023-07-08 15:58:53,119 [AppLog] INFO : 完成处理第36层数据：准备调用DrawLayerBMP，index为36，起始层为0
2023-07-08 15:58:53,197 [AppLog] INFO : Y方向运动开始：DEM_Run：返回值{True}nAxis{1}DirFlag{False}nSpeed{300000}MoveStep{-5054.540095}nCtlValue{1}
2023-07-08 15:58:53,260 [AppLog] INFO : Y方向到位停止：DEM_StopAxisRun：返回值{True}CurrentPos{116.515}bImmeStop{False}nAxisMask{2}
2023-07-08 15:58:53,260 [AppLog] INFO : 准备读取编码器位置：X方向！
2023-07-08 15:58:53,260 [AppLog] INFO : 准备运动，当前位置：DEV_GetPrintEncoderValue：MoveDirectionFlag{false为Y方向：False}CurrentPos{784.305}AimPos{780}
2023-07-08 15:58:53,291 [AppLog] INFO : X方向运动开始：DEM_Run：返回值{True}nAxis{0}DirFlag{False}nSpeed{300000}MoveStep{-4305.00000000006}nCtlValue{2}
2023-07-08 15:58:53,462 [AppLog] INFO : 作业写入成功：IDP_WriteImgLayerData：bpp:{1bit}灰阶:{1阶}nLayerIndex{37}LayerIndex{36}SubIndex{1}RePrintTimes{1}nBytesPerLine{752}nWidth{6001}nHeight{7680}nXEncOff{0}nYJetOff{355}nImgStartJetIndex{0}nXDPI{476.25}nYDPI{600}nPrtDir{0} nPrtFlag{1}nColorCnts{1}nReserved{System.Int32[]}
2023-07-08 15:58:53,462 [AppLog] INFO : 完成处理第36层数据：准备调用RenderToWic，index为36，subindex为0，g_nRePrintTimes为1，起始层为0
2023-07-08 15:58:53,462 [AppLog] INFO : X方向到位停止：DEM_StopAxisRun：返回值{True}CurrentPos{783.1}bImmeStop{False}nAxisMask{1}
2023-07-08 15:58:54,679 [AppLog] INFO : 开启手动清洗挤墨喷头，DEV_EnableTimer: 端口{11}，清洗控制周期：{0.5}S,{0.5}S
2023-07-08 15:58:55,693 [AppLog] INFO : 关闭手动清洗挤墨喷头：DEV_EnableTimer
2023-07-08 15:58:55,693 [AppLog] INFO : 压墨等待开启：{1.5S}
2023-07-08 15:58:57,206 [AppLog] INFO : 压墨等待完成：{1.5S}
2023-07-08 15:58:57,206 [AppLog] INFO : 准备读取编码器位置：X方向！
2023-07-08 15:58:57,206 [AppLog] INFO : 准备运动，当前位置：DEV_GetPrintEncoderValue：MoveDirectionFlag{false为Y方向：False}CurrentPos{780.355}AimPos{680}
2023-07-08 15:58:57,238 [AppLog] INFO : X方向运动开始：DEM_Run：返回值{True}nAxis{0}DirFlag{False}nSpeed{200000}MoveStep{-100355}nCtlValue{2}
2023-07-08 15:58:58,096 [AppLog] INFO : X方向到位停止：DEM_StopAxisRun：返回值{True}CurrentPos{684.035}bImmeStop{False}nAxisMask{1}
2023-07-08 15:58:58,673 [AppLog] INFO : 结束自动清洗过程：AutoCleanThread
2023-07-08 15:58:58,673 [AppLog] INFO : 进入：EquipmentMotionLogic3=》准备创建对象-手动操作！
2023-07-08 15:58:58,673 [AppLog] INFO : 进入：EquipmentMotionLogic3=》不需重新创建-手动操作！
2023-07-08 15:58:58,673 [AppLog] INFO : 进入：EquipmentMotionLogic3=》赋值完成自-AutoPrintMotion2！
2023-07-08 15:58:58,673 [AppLog] INFO : 进入：EquipmentMotionLogic3=》加载配置文件-LoadJsonFile成功！
2023-07-08 15:58:58,673 [AppLog] INFO : 进入：AutoPrintThread3！
2023-07-08 15:58:58,673 [AppLog] INFO : 关闭闪喷操作：IDP_FlashPrtCtl：返回值{True}
2023-07-08 15:58:58,673 [AppLog] INFO : 准备读取编码器位置：Y方向！
2023-07-08 15:58:58,704 [AppLog] INFO : 准备运动，编码器当前位置：DEM_GetAxisEncodeVal：MoveDirectionFlag{false为Y方向：True}CurrentPos{115.995}AimPos{88.5}
2023-07-08 15:58:58,844 [AppLog] INFO : Y方向运动开始：DEM_Run：返回值{True}nAxis{1}DirFlag{False}nSpeed{300000}MoveStep{-27546.993045}nCtlValue{1}
2023-07-08 15:58:58,907 [AppLog] INFO : 准备读取编码器位置：X方向！
2023-07-08 15:58:58,907 [AppLog] INFO : 准备运动，当前位置：DEV_GetPrintEncoderValue：MoveDirectionFlag{false为Y方向：False}CurrentPos{680.205}AimPos{425}
2023-07-08 15:58:58,938 [AppLog] INFO : X方向运动开始：DEM_Run：返回值{True}nAxis{0}DirFlag{False}nSpeed{300000}MoveStep{-255205}nCtlValue{2}
2023-07-08 15:59:00,342 [AppLog] INFO : X方向到位停止：DEM_StopAxisRun：返回值{True}CurrentPos{429.16}bImmeStop{False}nAxisMask{1}
2023-07-08 15:59:00,342 [AppLog] INFO : 准备读取编码器位置：X方向！
2023-07-08 15:59:00,342 [AppLog] INFO : 准备运动，当前位置：DEV_GetPrintEncoderValue：MoveDirectionFlag{false为Y方向：False}CurrentPos{429.07}AimPos{25}
2023-07-08 15:59:00,373 [AppLog] INFO : X方向运动开始：DEM_Run：返回值{True}nAxis{0}DirFlag{False}nSpeed{300000}MoveStep{-404070}nCtlValue{2}
2023-07-08 15:59:02,261 [AppLog] INFO : X方向到位停止：DEM_StopAxisRun：返回值{True}CurrentPos{26.09}bImmeStop{False}nAxisMask{1}
2023-07-08 15:59:02,261 [AppLog] INFO : 准备读取编码器位置：Y方向！
2023-07-08 15:59:02,261 [AppLog] INFO : 准备运动，编码器当前位置：DEM_GetAxisEncodeVal：MoveDirectionFlag{false为Y方向：True}CurrentPos{88.49}AimPos{103.521166666667}
2023-07-08 15:59:02,386 [AppLog] INFO : Y方向运动开始：DEM_Run：返回值{True}nAxis{1}DirFlag{True}nSpeed{300000}MoveStep{15059.5906028333}nCtlValue{1}
2023-07-08 15:59:02,448 [AppLog] INFO : Y方向到位停止：DEM_StopAxisRun：返回值{True}CurrentPos{100.95}bImmeStop{False}nAxisMask{2}
2023-07-08 15:59:02,448 [AppLog] INFO : 获取打印Pass数据：IDP_GetPassItem2：nLayerIndex{28}nPassID{1}nProcState{3}LPPassDataItemb:PrtDir{True}nDataTxCompleteCnt{1}nHwMemAdrMatchMask{1}nLayerIndex{28}nLayerPassCount{6}nLayerPassIndex{1}nMinJet0ImgLinePos{1635}nPrtMemHwAddr{System.UInt32[]}nPrtDataOffset{System.UInt32[]}nSrcDataSize{System.UInt32[]}nPrtColBytes{System.UInt32[]}nPrtPrecession{10.666}nSrcEndCols{6000}nSrcStartCols{0}nStartEncPos{10000}nValidPassJets{1280}nValidPrtCols{6233}nValidPrtCtlCnts{1}pDataBuf{0}pNextItem{668505280}
2023-07-08 15:59:02,448 [AppLog] INFO : 使能Pass打印成功：IDP_DoPassPrint2：nLayerIndex{28}nPassID{1}
2023-07-08 15:59:02,464 [AppLog] INFO : PASS打印前关键状态：DEV_GetDeviceInfo：nLayerIndex{28}nPassID{1}LPPRINTER_INFO:nXSysEncDPI{5080}nStatus{909129520}nPrintStatus{0}bSuperDevice{1}
LPPRINTER_INFO-LPPrtRunInfo:bJobPrtRuning{True}bLayerPrtIsOver{False}nContReqMemErr{0}nContWDErr{0}nCurPrtDir{0}nDTLayerIndex{37}nDTLayerPassIndex{5}nDTPtrCtlIndex{0}nLayerPassCount{6}nPrintLayerIndex{28}nPrintPassIndex{1}nProcLayerIndex{37}nPrtDataMemAddr{0}nPrtState{0}nReverse{System.Int32[]}nRevPrtCols{0}
LPPRINTER_INFO-LPDRVINFO:nFMVersion{45074}nFpgaVersion{539038216}nPCBVersion{0}nState{0}nNextState{0}nPtvwarnState{0}nCrc32{0}nRevInfo{System.UInt32[]}nSignature{0}
2023-07-08 15:59:02,464 [AppLog] INFO : 创建：AutoPrintMotion1=》不需重新创建-手动操作！
2023-07-08 15:59:02,464 [AppLog] INFO : 进入：EquipmentMotionLogic3=》准备创建对象-手动操作！
2023-07-08 15:59:02,464 [AppLog] INFO : 进入：EquipmentMotionLogic3=》不需重新创建-手动操作！
2023-07-08 15:59:02,464 [AppLog] INFO : 进入：EquipmentMotionLogic3=》赋值完成自-AutoPrintMotion2！
2023-07-08 15:59:02,464 [AppLog] INFO : 进入：EquipmentMotionLogic3=》加载配置文件-LoadJsonFile成功！
2023-07-08 15:59:02,464 [AppLog] INFO : 进入：AutoPrintThread3！
2023-07-08 15:59:02,464 [AppLog] INFO : 准备读取编码器位置：X方向！
2023-07-08 15:59:02,464 [AppLog] INFO : 准备运动，当前位置：DEV_GetPrintEncoderValue：MoveDirectionFlag{false为Y方向：False}CurrentPos{22.1}AimPos{425}
2023-07-08 15:59:02,495 [AppLog] INFO : X方向运动开始：DEM_Run：返回值{True}nAxis{0}DirFlag{True}nSpeed{300000}MoveStep{402900}nCtlValue{2}
2023-07-08 15:59:04,383 [AppLog] INFO : X方向到位停止：DEM_StopAxisRun：返回值{True}CurrentPos{419.35}bImmeStop{False}nAxisMask{1}
2023-07-08 15:59:04,383 [AppLog] INFO : 准备读取编码器位置：Y方向！
2023-07-08 15:59:04,383 [AppLog] INFO : 准备运动，编码器当前位置：DEM_GetAxisEncodeVal：MoveDirectionFlag{false为Y方向：True}CurrentPos{103.505}AimPos{142.5}
2023-07-08 15:59:04,585 [AppLog] INFO : Y方向运动开始：DEM_Run：返回值{True}nAxis{1}DirFlag{True}nSpeed{300000}MoveStep{39068.739545}nCtlValue{1}
2023-07-08 15:59:04,648 [AppLog] INFO : Y方向到位停止：DEM_StopAxisRun：返回值{True}CurrentPos{139.52}bImmeStop{False}nAxisMask{2}
2023-07-08 15:59:04,648 [AppLog] INFO : 获取打印Pass数据：IDP_GetPassItem2：nLayerIndex{28}nPassID{2}nProcState{3}LPPassDataItemb:PrtDir{False}nDataTxCompleteCnt{1}nHwMemAdrMatchMask{1}nLayerIndex{28}nLayerPassCount{6}nLayerPassIndex{2}nMinJet0ImgLinePos{2915}nPrtMemHwAddr{System.UInt32[]}nPrtDataOffset{System.UInt32[]}nSrcDataSize{System.UInt32[]}nPrtColBytes{System.UInt32[]}nPrtPrecession{10.666}nSrcEndCols{6000}nSrcStartCols{0}nStartEncPos{76511}nValidPassJets{1280}nValidPrtCols{6233}nValidPrtCtlCnts{1}pDataBuf{0}pNextItem{668505440}
2023-07-08 15:59:04,648 [AppLog] INFO : 使能Pass打印成功：IDP_DoPassPrint2：nLayerIndex{28}nPassID{2}
2023-07-08 15:59:04,663 [AppLog] INFO : PASS打印前关键状态：DEV_GetDeviceInfo：nLayerIndex{28}nPassID{2}LPPRINTER_INFO:nXSysEncDPI{5080}nStatus{909129520}nPrintStatus{0}bSuperDevice{1}
LPPRINTER_INFO-LPPrtRunInfo:bJobPrtRuning{True}bLayerPrtIsOver{False}nContReqMemErr{0}nContWDErr{0}nCurPrtDir{0}nDTLayerIndex{37}nDTLayerPassIndex{5}nDTPtrCtlIndex{0}nLayerPassCount{6}nPrintLayerIndex{28}nPrintPassIndex{2}nProcLayerIndex{37}nPrtDataMemAddr{0}nPrtState{0}nReverse{System.Int32[]}nRevPrtCols{0}
LPPRINTER_INFO-LPDRVINFO:nFMVersion{45074}nFpgaVersion{539038216}nPCBVersion{0}nState{0}nNextState{0}nPtvwarnState{0}nCrc32{0}nRevInfo{System.UInt32[]}nSignature{0}
2023-07-08 15:59:04,663 [AppLog] INFO : 创建：AutoPrintMotion1=》不需重新创建-手动操作！
2023-07-08 15:59:04,663 [AppLog] INFO : 进入：EquipmentMotionLogic3=》准备创建对象-手动操作！
2023-07-08 15:59:04,663 [AppLog] INFO : 进入：EquipmentMotionLogic3=》不需重新创建-手动操作！
2023-07-08 15:59:04,663 [AppLog] INFO : 进入：EquipmentMotionLogic3=》赋值完成自-AutoPrintMotion2！
2023-07-08 15:59:04,663 [AppLog] INFO : 进入：EquipmentMotionLogic3=》加载配置文件-LoadJsonFile成功！
2023-07-08 15:59:04,663 [AppLog] INFO : 进入：AutoPrintThread3！
2023-07-08 15:59:04,663 [AppLog] INFO : 准备读取编码器位置：X方向！
2023-07-08 15:59:04,663 [AppLog] INFO : 准备运动，当前位置：DEV_GetPrintEncoderValue：MoveDirectionFlag{false为Y方向：False}CurrentPos{423.28}AimPos{25}
2023-07-08 15:59:04,695 [AppLog] INFO : X方向运动开始：DEM_Run：返回值{True}nAxis{0}DirFlag{False}nSpeed{300000}MoveStep{-398280}nCtlValue{2}
2023-07-08 15:59:06,567 [AppLog] INFO : X方向到位停止：DEM_StopAxisRun：返回值{True}CurrentPos{30.495}bImmeStop{False}nAxisMask{1}
2023-07-08 15:59:06,567 [AppLog] INFO : 准备读取编码器位置：Y方向！
2023-07-08 15:59:06,567 [AppLog] INFO : 准备运动，编码器当前位置：DEM_GetAxisEncodeVal：MoveDirectionFlag{false为Y方向：True}CurrentPos{142.475}AimPos{157.521166666667}
2023-07-08 15:59:06,691 [AppLog] INFO : Y方向运动开始：DEM_Run：返回值{True}nAxis{1}DirFlag{True}nSpeed{300000}MoveStep{15074.6189678333}nCtlValue{1}
2023-07-08 15:59:06,754 [AppLog] INFO : Y方向到位停止：DEM_StopAxisRun：返回值{True}CurrentPos{155.205}bImmeStop{False}nAxisMask{2}
2023-07-08 15:59:06,754 [AppLog] INFO : 获取打印Pass数据：IDP_GetPassItem2：nLayerIndex{28}nPassID{3}nProcState{3}LPPassDataItemb:PrtDir{True}nDataTxCompleteCnt{1}nHwMemAdrMatchMask{1}nLayerIndex{28}nLayerPassCount{6}nLayerPassIndex{3}nMinJet0ImgLinePos{4195}nPrtMemHwAddr{System.UInt32[]}nPrtDataOffset{System.UInt32[]}nSrcDataSize{System.UInt32[]}nPrtColBytes{System.UInt32[]}nPrtPrecession{10.666}nSrcEndCols{6000}nSrcStartCols{0}nStartEncPos{10000}nValidPassJets{1280}nValidPrtCols{6233}nValidPrtCtlCnts{1}pDataBuf{0}pNextItem{668505600}
2023-07-08 15:59:06,754 [AppLog] INFO : 使能Pass打印成功：IDP_DoPassPrint2：nLayerIndex{28}nPassID{3}
2023-07-08 15:59:06,769 [AppLog] INFO : PASS打印前关键状态：DEV_GetDeviceInfo：nLayerIndex{28}nPassID{3}LPPRINTER_INFO:nXSysEncDPI{5080}nStatus{909129520}nPrintStatus{0}bSuperDevice{1}
LPPRINTER_INFO-LPPrtRunInfo:bJobPrtRuning{True}bLayerPrtIsOver{False}nContReqMemErr{0}nContWDErr{0}nCurPrtDir{0}nDTLayerIndex{37}nDTLayerPassIndex{5}nDTPtrCtlIndex{0}nLayerPassCount{6}nPrintLayerIndex{28}nPrintPassIndex{3}nProcLayerIndex{37}nPrtDataMemAddr{0}nPrtState{0}nReverse{System.Int32[]}nRevPrtCols{0}
LPPRINTER_INFO-LPDRVINFO:nFMVersion{45074}nFpgaVersion{539038216}nPCBVersion{0}nState{0}nNextState{0}nPtvwarnState{0}nCrc32{0}nRevInfo{System.UInt32[]}nSignature{0}
2023-07-08 15:59:06,769 [AppLog] INFO : 创建：AutoPrintMotion1=》不需重新创建-手动操作！
2023-07-08 15:59:06,769 [AppLog] INFO : 进入：EquipmentMotionLogic3=》准备创建对象-手动操作！
2023-07-08 15:59:06,769 [AppLog] INFO : 进入：EquipmentMotionLogic3=》不需重新创建-手动操作！
2023-07-08 15:59:06,769 [AppLog] INFO : 进入：EquipmentMotionLogic3=》赋值完成自-AutoPrintMotion2！
2023-07-08 15:59:06,769 [AppLog] INFO : 进入：EquipmentMotionLogic3=》加载配置文件-LoadJsonFile成功！
2023-07-08 15:59:06,769 [AppLog] INFO : 进入：AutoPrintThread3！
2023-07-08 15:59:06,769 [AppLog] INFO : 准备读取编码器位置：X方向！
2023-07-08 15:59:06,769 [AppLog] INFO : 准备运动，当前位置：DEV_GetPrintEncoderValue：MoveDirectionFlag{false为Y方向：False}CurrentPos{26.685}AimPos{425}
2023-07-08 15:59:06,801 [AppLog] INFO : X方向运动开始：DEM_Run：返回值{True}nAxis{0}DirFlag{True}nSpeed{300000}MoveStep{398315}nCtlValue{2}
2023-07-08 15:59:08,657 [AppLog] INFO : X方向到位停止：DEM_StopAxisRun：返回值{True}CurrentPos{418.61}bImmeStop{False}nAxisMask{1}
2023-07-08 15:59:08,657 [AppLog] INFO : 准备读取编码器位置：Y方向！
2023-07-08 15:59:08,673 [AppLog] INFO : 准备运动，编码器当前位置：DEM_GetAxisEncodeVal：MoveDirectionFlag{false为Y方向：True}CurrentPos{157.475}AimPos{196.5}
2023-07-08 15:59:08,860 [AppLog] INFO : Y方向运动开始：DEM_Run：返回值{True}nAxis{1}DirFlag{True}nSpeed{300000}MoveStep{39098.796275}nCtlValue{1}
2023-07-08 15:59:08,922 [AppLog] INFO : Y方向到位停止：DEM_StopAxisRun：返回值{True}CurrentPos{191.62}bImmeStop{False}nAxisMask{2}
2023-07-08 15:59:08,922 [AppLog] INFO : 获取打印Pass数据：IDP_GetPassItem2：nLayerIndex{28}nPassID{4}nProcState{3}LPPassDataItemb:PrtDir{False}nDataTxCompleteCnt{1}nHwMemAdrMatchMask{1}nLayerIndex{28}nLayerPassCount{6}nLayerPassIndex{4}nMinJet0ImgLinePos{5475}nPrtMemHwAddr{System.UInt32[]}nPrtDataOffset{System.UInt32[]}nSrcDataSize{System.UInt32[]}nPrtColBytes{System.UInt32[]}nPrtPrecession{10.666}nSrcEndCols{6000}nSrcStartCols{0}nStartEncPos{76511}nValidPassJets{1280}nValidPrtCols{6233}nValidPrtCtlCnts{1}pDataBuf{0}pNextItem{668505760}
2023-07-08 15:59:08,922 [AppLog] INFO : 使能Pass打印成功：IDP_DoPassPrint2：nLayerIndex{28}nPassID{4}
2023-07-08 15:59:08,938 [AppLog] INFO : PASS打印前关键状态：DEV_GetDeviceInfo：nLayerIndex{28}nPassID{4}LPPRINTER_INFO:nXSysEncDPI{5080}nStatus{909129520}nPrintStatus{0}bSuperDevice{1}
LPPRINTER_INFO-LPPrtRunInfo:bJobPrtRuning{True}bLayerPrtIsOver{False}nContReqMemErr{0}nContWDErr{0}nCurPrtDir{0}nDTLayerIndex{37}nDTLayerPassIndex{5}nDTPtrCtlIndex{0}nLayerPassCount{6}nPrintLayerIndex{28}nPrintPassIndex{4}nProcLayerIndex{37}nPrtDataMemAddr{0}nPrtState{0}nReverse{System.Int32[]}nRevPrtCols{0}
LPPRINTER_INFO-LPDRVINFO:nFMVersion{45074}nFpgaVersion{539038216}nPCBVersion{0}nState{0}nNextState{0}nPtvwarnState{0}nCrc32{0}nRevInfo{System.UInt32[]}nSignature{0}
2023-07-08 15:59:08,938 [AppLog] INFO : 创建：AutoPrintMotion1=》不需重新创建-手动操作！
2023-07-08 15:59:08,938 [AppLog] INFO : 进入：EquipmentMotionLogic3=》准备创建对象-手动操作！
2023-07-08 15:59:08,938 [AppLog] INFO : 进入：EquipmentMotionLogic3=》不需重新创建-手动操作！
2023-07-08 15:59:08,938 [AppLog] INFO : 进入：EquipmentMotionLogic3=》赋值完成自-AutoPrintMotion2！
2023-07-08 15:59:08,938 [AppLog] INFO : 进入：EquipmentMotionLogic3=》加载配置文件-LoadJsonFile成功！
2023-07-08 15:59:08,938 [AppLog] INFO : 进入：AutoPrintThread3！
2023-07-08 15:59:08,938 [AppLog] INFO : 准备读取编码器位置：X方向！
2023-07-08 15:59:08,938 [AppLog] INFO : 准备运动，当前位置：DEV_GetPrintEncoderValue：MoveDirectionFlag{false为Y方向：False}CurrentPos{423.305}AimPos{25}
2023-07-08 15:59:08,969 [AppLog] INFO : X方向运动开始：DEM_Run：返回值{True}nAxis{0}DirFlag{False}nSpeed{300000}MoveStep{-398305}nCtlValue{2}
2023-07-08 15:59:10,857 [AppLog] INFO : X方向到位停止：DEM_StopAxisRun：返回值{True}CurrentPos{30.105}bImmeStop{False}nAxisMask{1}
2023-07-08 15:59:10,857 [AppLog] INFO : 准备读取编码器位置：Y方向！
2023-07-08 15:59:10,857 [AppLog] INFO : 准备运动，编码器当前位置：DEM_GetAxisEncodeVal：MoveDirectionFlag{false为Y方向：True}CurrentPos{196.54}AimPos{211.521166666667}
2023-07-08 15:59:10,981 [AppLog] INFO : Y方向运动开始：DEM_Run：返回值{True}nAxis{1}DirFlag{True}nSpeed{300000}MoveStep{15009.4960528333}nCtlValue{1}
2023-07-08 15:59:11,044 [AppLog] INFO : Y方向到位停止：DEM_StopAxisRun：返回值{True}CurrentPos{209.475}bImmeStop{False}nAxisMask{2}
2023-07-08 15:59:11,044 [AppLog] INFO : 获取打印Pass数据：IDP_GetPassItem2：nLayerIndex{28}nPassID{5}nProcState{3}LPPassDataItemb:PrtDir{True}nDataTxCompleteCnt{1}nHwMemAdrMatchMask{1}nLayerIndex{28}nLayerPassCount{6}nLayerPassIndex{5}nMinJet0ImgLinePos{6755}nPrtMemHwAddr{System.UInt32[]}nPrtDataOffset{System.UInt32[]}nSrcDataSize{System.UInt32[]}nPrtColBytes{System.UInt32[]}nPrtPrecession{10.666}nSrcEndCols{6000}nSrcStartCols{0}nStartEncPos{10000}nValidPassJets{1280}nValidPrtCols{6233}nValidPrtCtlCnts{1}pDataBuf{0}pNextItem{0}
2023-07-08 15:59:11,059 [AppLog] INFO : 使能Pass打印成功：IDP_DoPassPrint2：nLayerIndex{28}nPassID{5}
2023-07-08 15:59:11,059 [AppLog] INFO : PASS打印前关键状态：DEV_GetDeviceInfo：nLayerIndex{28}nPassID{5}LPPRINTER_INFO:nXSysEncDPI{5080}nStatus{909129520}nPrintStatus{0}bSuperDevice{1}
LPPRINTER_INFO-LPPrtRunInfo:bJobPrtRuning{True}bLayerPrtIsOver{False}nContReqMemErr{0}nContWDErr{0}nCurPrtDir{0}nDTLayerIndex{37}nDTLayerPassIndex{5}nDTPtrCtlIndex{0}nLayerPassCount{6}nPrintLayerIndex{28}nPrintPassIndex{5}nProcLayerIndex{37}nPrtDataMemAddr{0}nPrtState{0}nReverse{System.Int32[]}nRevPrtCols{0}
LPPRINTER_INFO-LPDRVINFO:nFMVersion{45074}nFpgaVersion{539038216}nPCBVersion{0}nState{0}nNextState{0}nPtvwarnState{0}nCrc32{0}nRevInfo{System.UInt32[]}nSignature{0}
2023-07-08 15:59:11,059 [AppLog] INFO : 创建：AutoPrintMotion1=》不需重新创建-手动操作！
2023-07-08 15:59:11,059 [AppLog] INFO : 进入：EquipmentMotionLogic3=》准备创建对象-手动操作！
2023-07-08 15:59:11,059 [AppLog] INFO : 进入：EquipmentMotionLogic3=》不需重新创建-手动操作！
2023-07-08 15:59:11,059 [AppLog] INFO : 进入：EquipmentMotionLogic3=》赋值完成自-AutoPrintMotion2！
2023-07-08 15:59:11,059 [AppLog] INFO : 进入：EquipmentMotionLogic3=》加载配置文件-LoadJsonFile成功！
2023-07-08 15:59:11,059 [AppLog] INFO : 进入：AutoPrintThread3！
2023-07-08 15:59:11,059 [AppLog] INFO : 准备读取编码器位置：X方向！
2023-07-08 15:59:11,059 [AppLog] INFO : 准备运动，当前位置：DEV_GetPrintEncoderValue：MoveDirectionFlag{false为Y方向：False}CurrentPos{26.66}AimPos{425}
2023-07-08 15:59:11,091 [AppLog] INFO : X方向运动开始：DEM_Run：返回值{True}nAxis{0}DirFlag{True}nSpeed{300000}MoveStep{398340}nCtlValue{2}
2023-07-08 15:59:12,963 [AppLog] INFO : X方向到位停止：DEM_StopAxisRun：返回值{True}CurrentPos{418.805}bImmeStop{False}nAxisMask{1}
2023-07-08 15:59:12,963 [AppLog] INFO : 准备读取编码器位置：X方向！
2023-07-08 15:59:12,963 [AppLog] INFO : 准备运动，当前位置：DEV_GetPrintEncoderValue：MoveDirectionFlag{false为Y方向：False}CurrentPos{419.005}AimPos{780}
2023-07-08 15:59:12,994 [AppLog] INFO : X方向运动开始：DEM_Run：返回值{True}nAxis{0}DirFlag{True}nSpeed{300000}MoveStep{360995}nCtlValue{2}
2023-07-08 15:59:13,056 [AppLog] INFO : 准备读取编码器位置：Y方向！
2023-07-08 15:59:13,056 [AppLog] INFO : 准备运动，编码器当前位置：DEM_GetAxisEncodeVal：MoveDirectionFlag{false为Y方向：True}CurrentPos{211.54}AimPos{121}
2023-07-08 15:59:13,431 [AppLog] INFO : Y方向运动开始：DEM_Run：返回值{True}nAxis{1}DirFlag{False}nSpeed{300000}MoveStep{-90711.21114}nCtlValue{1}
2023-07-08 15:59:14,741 [AppLog] INFO : Y方向到位等停：DEM_StopAxisRun：返回值{True}bImmeStop{False}nAxisMask{1}
2023-07-08 15:59:14,741 [AppLog] INFO : X方向到位等停：DEM_StopAxisRun：返回值{True}bImmeStop{False}nAxisMask{2}
2023-07-08 15:59:14,788 [AppLog] INFO : 开启闪喷操作：IDP_FlashPrtCtl：返回值{True}
2023-07-08 15:59:14,788 [AppLog] INFO : 进入：EquipmentMotionLogic3=》准备创建对象-手动操作！
2023-07-08 15:59:14,788 [AppLog] INFO : 进入：EquipmentMotionLogic3=》不需重新创建-手动操作！
2023-07-08 15:59:14,788 [AppLog] INFO : 进入：EquipmentMotionLogic3=》赋值完成自-AutoPrintMotion2！
2023-07-08 15:59:14,788 [AppLog] INFO : 进入：EquipmentMotionLogic3=》加载配置文件-LoadJsonFile成功！
2023-07-08 15:59:14,788 [AppLog] INFO : 进入自动铺粉逻辑：NewAutoSupplyPowderThread2
2023-07-08 15:59:14,788 [AppLog] INFO : 电气控制模块：手动打开端口14
2023-07-08 15:59:14,788 [AppLog] INFO : 电气控制模块：手动打开端口15
2023-07-08 15:59:14,866 [AppLog] INFO : 手动正向点动指令（8轴运控板卡系统） ====》：输出AXIS{第1轴},点动量{-0.1MM},运动速度{2MM/s}
2023-07-08 15:59:14,866 [AppLog] INFO : 成形面高度下降层厚 TrapSpace{0.1mm}：TrapMoveUp(1, true, Convert.ToString(vel), Convert.ToString(TrapSpace), true, true）
2023-07-08 15:59:15,630 [AppLog] INFO : 手动正向点动指令（8轴运控板卡系统） ====》：输出AXIS{第1轴},点动量{-1.5MM},运动速度{2MM/s}
2023-07-08 15:59:15,630 [AppLog] INFO : 成形面高度下降指定厚度 TrapSpace{1.5mm}：TrapMoveUp(1, true, Convert.ToString(vel), Convert.ToString(TrapSpace), true, true）
2023-07-08 15:59:16,410 [AppLog] INFO : 手动正向点动指令（8轴运控板卡系统） ====》：输出AXIS{第1轴},点动量{1.5MM},运动速度{2MM/s}
2023-07-08 15:59:16,410 [AppLog] INFO : 电气控制模块：手动关闭端口15
2023-07-08 15:59:16,410 [AppLog] INFO : 电气控制模块：手动关闭端口14
2023-07-08 15:59:16,410 [AppLog] INFO : 成形面高度上升层厚 TrapSpace{1.5mm}：TrapMoveUp(1, true, Convert.ToString(vel), Convert.ToString(TrapSpace), true, true）
2023-07-08 15:59:16,660 [AppLog] INFO : 手动正向点动指令（8轴运控板卡系统） ====》：输出AXIS{第8轴},点动量{0.6MM},运动速度{2.5MM/s}
2023-07-08 15:59:16,660 [AppLog] INFO : Hopper落粉轴转2圈落粉，速度0.5rev/s：TrapMoveUp(8, true, 0.5, rotateNuM.ToString(), true, false)
2023-07-08 15:59:17,674 [AppLog] INFO : 开启铺粉车不等停运动，准备运动至准备打印位置215mm，速度250mm/s：BackToStation2
2023-07-08 15:59:18,532 [AppLog] INFO : 手动正向点动指令（8轴运控板卡系统） ====》：输出AXIS{第2轴},点动量{216.5MM},运动速度{250MM/s}
2023-07-08 15:59:18,532 [AppLog] INFO : 当前铺粉车位置：打印位置215mm
2023-07-08 15:59:18,532 [AppLog] INFO : 手动正向点动指令（8轴运控板卡系统） ====》：输出AXIS{第2轴},点动量{480MM},运动速度{25MM/s}
2023-07-08 15:59:18,532 [AppLog] INFO : 开启铺粉车不等停运动至准备打印位置695mm，速度25mm/s：BackToStation2
2023-07-08 15:59:18,657 [AppLog] INFO : 打开IR灯：OpenIRLamp(true)
2023-07-08 15:59:18,797 [AppLog] INFO : 手动正向点动指令（8轴运控板卡系统） ====》：输出AXIS{第3轴},点动量{0.125MM},运动速度{1MM/s}
2023-07-08 15:59:18,797 [AppLog] INFO : 在{40mm}处，落粉轴运动{45度}，落粉轴转速{1rev/s}：TrapMoveUp(3, true, Convert.ToString(DispenseRollerSpeed), 0.5, true, true)
2023-07-08 15:59:18,797 [AppLog] INFO : 手动正向点动指令（8轴运控板卡系统） ====》：输出AXIS{第3轴},点动量{0.5MM},运动速度{0.0376712328767123MM/s}
2023-07-08 15:59:18,797 [AppLog] INFO : 开启均匀落粉及辊子铺平运动：TrapMoveUp(3, true, Convert.ToString(DispenseRollerSpeed), 0.5, true, true)
2023-07-08 15:59:30,450 [AppLog] INFO : 关闭IR灯：OpenIRLamp(false)
2023-07-08 15:59:35,005 [AppLog] INFO : 手动正向点动指令（8轴运控板卡系统） ====》：输出AXIS{第3轴},点动量{0.5MM},运动速度{2MM/s}
2023-07-08 15:59:35,005 [AppLog] INFO : 落粉轴继续转动以倒掉余粉：TrapMoveUp(3, true, 2, 0.5, true, false)
2023-07-08 15:59:37,735 [AppLog] INFO : 电气控制模块：手动打开端口14
2023-07-08 15:59:37,735 [AppLog] INFO : 电气控制模块：手动打开端口15
2023-07-08 15:59:38,515 [AppLog] INFO : 手动正向点动指令（8轴运控板卡系统） ====》：输出AXIS{第1轴},点动量{-1.5MM},运动速度{2MM/s}
2023-07-08 15:59:38,515 [AppLog] INFO : 电气控制模块：手动关闭端口15
2023-07-08 15:59:38,515 [AppLog] INFO : 电气控制模块：手动关闭端口14
2023-07-08 15:59:38,515 [AppLog] INFO : 成形面高度下降指定厚度 TrapSpace{1.5mm}：TrapMoveUp(1, true, Convert.ToString(vel), Convert.ToString(TrapSpace), true, true）
2023-07-08 15:59:41,308 [AppLog] INFO : 手动正向点动指令（8轴运控板卡系统） ====》：输出AXIS{第2轴},点动量{-696.5MM},运动速度{250MM/s}
2023-07-08 15:59:41,308 [AppLog] INFO : 铺粉车返回至站1：BackToStation2(AimPos, MovSpeed, true)：-1.5mm，速度250mm/s：BackToStation2
2023-07-08 15:59:42,088 [AppLog] INFO : 落粉轴回零成功：motionMap.SetBackSpreaderAxis(3, 0.5, 2, -SinkPosition)：ReturnCode{True}
2023-07-08 15:59:42,088 [AppLog] INFO : 电气控制模块：手动打开端口14
2023-07-08 15:59:42,088 [AppLog] INFO : 电气控制模块：手动打开端口15
2023-07-08 15:59:42,852 [AppLog] INFO : 手动正向点动指令（8轴运控板卡系统） ====》：输出AXIS{第1轴},点动量{1.5MM},运动速度{2MM/s}
2023-07-08 15:59:42,852 [AppLog] INFO : 电气控制模块：手动关闭端口15
2023-07-08 15:59:42,852 [AppLog] INFO : 电气控制模块：手动关闭端口14
2023-07-08 15:59:42,852 [AppLog] INFO : 成形面高度上升层厚 TrapSpace{1.5mm}：TrapMoveUp(1, true, Convert.ToString(vel), Convert.ToString(TrapSpace), true, true）
2023-07-08 15:59:42,852 [AppLog] INFO : 自动铺粉正常结束：NewAutoSupplyPowderThread2
2023-07-08 15:59:42,852 [AppLog] INFO : 发送监控指令，拍照记录1条：SendMessageFromSharedMemory
2023-07-08 15:59:42,852 [AppLog] INFO : 铺粉模式：铺粉固化同时进行！
2023-07-08 15:59:42,852 [AppLog] INFO : 执行完成铺粉固化操作：EquipmentMotionLogic3：m_bApplyPowderSupplyMotion:0
2023-07-08 15:59:42,852 [AppLog] INFO : 接收到恢复打印指令：PrintTaskTHREAD
2023-07-08 15:59:42,852 [AppLog] INFO : 获取打印Pass数据：IDP_GetPassItem2：nLayerIndex{29}nPassID{0}nProcState{3}LPPassDataItemb:PrtDir{False}nDataTxCompleteCnt{1}nHwMemAdrMatchMask{1}nLayerIndex{29}nLayerPassCount{6}nLayerPassIndex{0}nMinJet0ImgLinePos{355}nPrtMemHwAddr{System.UInt32[]}nPrtDataOffset{System.UInt32[]}nSrcDataSize{System.UInt32[]}nPrtColBytes{System.UInt32[]}nPrtPrecession{10.666}nSrcEndCols{6000}nSrcStartCols{0}nStartEncPos{76511}nValidPassJets{1280}nValidPrtCols{6233}nValidPrtCtlCnts{1}pDataBuf{0}pNextItem{668506080}
2023-07-08 15:59:42,883 [AppLog] INFO : 准备处理第37层数据：准备调用RenderToWic，index为37，subindex为0，g_nRePrintTimes为1，起始层为0
2023-07-08 15:59:42,899 [AppLog] INFO : 使能Pass打印成功：IDP_DoPassPrint2：nLayerIndex{29}nPassID{0}
2023-07-08 15:59:42,899 [AppLog] INFO : PASS打印前关键状态：DEV_GetDeviceInfo：nLayerIndex{29}nPassID{0}LPPRINTER_INFO:nXSysEncDPI{5080}nStatus{909129520}nPrintStatus{0}bSuperDevice{1}
LPPRINTER_INFO-LPPrtRunInfo:bJobPrtRuning{True}bLayerPrtIsOver{False}nContReqMemErr{0}nContWDErr{0}nCurPrtDir{0}nDTLayerIndex{37}nDTLayerPassIndex{5}nDTPtrCtlIndex{0}nLayerPassCount{6}nPrintLayerIndex{29}nPrintPassIndex{0}nProcLayerIndex{37}nPrtDataMemAddr{0}nPrtState{0}nReverse{System.Int32[]}nRevPrtCols{0}
LPPRINTER_INFO-LPDRVINFO:nFMVersion{45074}nFpgaVersion{539038216}nPCBVersion{0}nState{0}nNextState{0}nPtvwarnState{0}nCrc32{0}nRevInfo{System.UInt32[]}nSignature{0}
2023-07-08 15:59:42,899 [AppLog] INFO : 创建：AutoPrintMotion1=》不需重新创建-手动操作！
2023-07-08 15:59:42,899 [AppLog] INFO : 进入：EquipmentMotionLogic3=》准备创建对象-手动操作！
2023-07-08 15:59:42,899 [AppLog] INFO : 进入：EquipmentMotionLogic3=》不需重新创建-手动操作！
2023-07-08 15:59:42,899 [AppLog] INFO : 进入：EquipmentMotionLogic3=》赋值完成自-AutoPrintMotion2！
2023-07-08 15:59:42,899 [AppLog] INFO : 进入：EquipmentMotionLogic3=》加载配置文件-LoadJsonFile成功！
2023-07-08 15:59:42,899 [AppLog] INFO : 进入自动清洗过程：AutoCleanThread
2023-07-08 15:59:42,946 [AppLog] INFO : 完成处理第37层数据：准备调用DrawLayerBMP，index为37，起始层为0
2023-07-08 15:59:42,946 [AppLog] INFO : 完成处理第37层数据：准备调用DrawLayerBMP，index为37，起始层为0
2023-07-08 15:59:43,273 [AppLog] INFO : 刮墨轴回零成功：motionMap.SetBackSpreaderAxis(4, 1, 2, -SinkHomePosition)
2023-07-08 15:59:43,273 [AppLog] INFO : 准备读取编码器位置：Y方向！
2023-07-08 15:59:43,273 [AppLog] INFO : 准备运动，编码器当前位置：DEM_GetAxisEncodeVal：MoveDirectionFlag{false为Y方向：True}CurrentPos{121.035}AimPos{116}
2023-07-08 15:59:43,305 [AppLog] INFO : 作业写入成功：IDP_WriteImgLayerData：bpp:{1bit}灰阶:{1阶}nLayerIndex{38}LayerIndex{37}SubIndex{1}RePrintTimes{1}nBytesPerLine{752}nWidth{6001}nHeight{7680}nXEncOff{0}nYJetOff{355}nImgStartJetIndex{0}nXDPI{476.25}nYDPI{600}nPrtDir{0} nPrtFlag{1}nColorCnts{1}nReserved{System.Int32[]}
2023-07-08 15:59:43,305 [AppLog] INFO : 完成处理第37层数据：准备调用RenderToWic，index为37，subindex为0，g_nRePrintTimes为1，起始层为0
2023-07-08 15:59:43,398 [AppLog] INFO : Y方向运动开始：DEM_Run：返回值{True}nAxis{1}DirFlag{False}nSpeed{300000}MoveStep{-5044.521185}nCtlValue{1}
2023-07-08 15:59:43,461 [AppLog] INFO : Y方向到位停止：DEM_StopAxisRun：返回值{True}CurrentPos{116.545}bImmeStop{False}nAxisMask{2}
2023-07-08 15:59:43,461 [AppLog] INFO : 准备读取编码器位置：X方向！
2023-07-08 15:59:43,461 [AppLog] INFO : 准备运动，当前位置：DEV_GetPrintEncoderValue：MoveDirectionFlag{false为Y方向：False}CurrentPos{784.325}AimPos{780}
2023-07-08 15:59:43,492 [AppLog] INFO : X方向运动开始：DEM_Run：返回值{True}nAxis{0}DirFlag{False}nSpeed{300000}MoveStep{-4325.00000000005}nCtlValue{2}
2023-07-08 15:59:43,648 [AppLog] INFO : X方向到位停止：DEM_StopAxisRun：返回值{True}CurrentPos{783.5}bImmeStop{False}nAxisMask{1}
2023-07-08 15:59:44,880 [AppLog] INFO : 开启手动清洗挤墨喷头，DEV_EnableTimer: 端口{11}，清洗控制周期：{0.5}S,{0.5}S
2023-07-08 15:59:45,894 [AppLog] INFO : 关闭手动清洗挤墨喷头：DEV_EnableTimer
2023-07-08 15:59:45,894 [AppLog] INFO : 压墨等待开启：{1.5S}
2023-07-08 15:59:47,407 [AppLog] INFO : 压墨等待完成：{1.5S}
2023-07-08 15:59:47,407 [AppLog] INFO : 准备读取编码器位置：X方向！
2023-07-08 15:59:47,407 [AppLog] INFO : 准备运动，当前位置：DEV_GetPrintEncoderValue：MoveDirectionFlag{false为Y方向：False}CurrentPos{780.37}AimPos{680}
2023-07-08 15:59:47,439 [AppLog] INFO : X方向运动开始：DEM_Run：返回值{True}nAxis{0}DirFlag{False}nSpeed{200000}MoveStep{-100370}nCtlValue{2}
2023-07-08 15:59:48,297 [AppLog] INFO : X方向到位停止：DEM_StopAxisRun：返回值{True}CurrentPos{684.815}bImmeStop{False}nAxisMask{1}
2023-07-08 15:59:48,874 [AppLog] INFO : 结束自动清洗过程：AutoCleanThread
2023-07-08 15:59:48,874 [AppLog] INFO : 进入：EquipmentMotionLogic3=》准备创建对象-手动操作！
2023-07-08 15:59:48,874 [AppLog] INFO : 进入：EquipmentMotionLogic3=》不需重新创建-手动操作！
2023-07-08 15:59:48,874 [AppLog] INFO : 进入：EquipmentMotionLogic3=》赋值完成自-AutoPrintMotion2！
2023-07-08 15:59:48,874 [AppLog] INFO : 进入：EquipmentMotionLogic3=》加载配置文件-LoadJsonFile成功！
2023-07-08 15:59:48,874 [AppLog] INFO : 进入：AutoPrintThread3！
2023-07-08 15:59:48,874 [AppLog] INFO : 关闭闪喷操作：IDP_FlashPrtCtl：返回值{True}
2023-07-08 15:59:48,874 [AppLog] INFO : 准备读取编码器位置：Y方向！
2023-07-08 15:59:48,874 [AppLog] INFO : 准备运动，编码器当前位置：DEM_GetAxisEncodeVal：MoveDirectionFlag{false为Y方向：True}CurrentPos{115.995}AimPos{91}
2023-07-08 15:59:49,014 [AppLog] INFO : Y方向运动开始：DEM_Run：返回值{True}nAxis{1}DirFlag{False}nSpeed{300000}MoveStep{-25042.265545}nCtlValue{1}
2023-07-08 15:59:49,077 [AppLog] INFO : 准备读取编码器位置：X方向！
2023-07-08 15:59:49,077 [AppLog] INFO : 准备运动，当前位置：DEV_GetPrintEncoderValue：MoveDirectionFlag{false为Y方向：False}CurrentPos{680.205}AimPos{425}
2023-07-08 15:59:49,108 [AppLog] INFO : X方向运动开始：DEM_Run：返回值{True}nAxis{0}DirFlag{False}nSpeed{300000}MoveStep{-255205}nCtlValue{2}
2023-07-08 15:59:50,512 [AppLog] INFO : X方向到位停止：DEM_StopAxisRun：返回值{True}CurrentPos{429.33}bImmeStop{False}nAxisMask{1}
2023-07-08 15:59:50,512 [AppLog] INFO : 准备读取编码器位置：X方向！
2023-07-08 15:59:50,512 [AppLog] INFO : 准备运动，当前位置：DEV_GetPrintEncoderValue：MoveDirectionFlag{false为Y方向：False}CurrentPos{428.985}AimPos{25}
2023-07-08 15:59:50,543 [AppLog] INFO : X方向运动开始：DEM_Run：返回值{True}nAxis{0}DirFlag{False}nSpeed{300000}MoveStep{-403985}nCtlValue{2}
2023-07-08 15:59:52,446 [AppLog] INFO : X方向到位停止：DEM_StopAxisRun：返回值{True}CurrentPos{25.28}bImmeStop{False}nAxisMask{1}
2023-07-08 15:59:52,446 [AppLog] INFO : 准备读取编码器位置：Y方向！
2023-07-08 15:59:52,446 [AppLog] INFO : 准备运动，编码器当前位置：DEM_GetAxisEncodeVal：MoveDirectionFlag{false为Y方向：True}CurrentPos{91.005}AimPos{101.021166666667}
2023-07-08 15:59:52,571 [AppLog] INFO : Y方向运动开始：DEM_Run：返回值{True}nAxis{1}DirFlag{True}nSpeed{300000}MoveStep{10035.1072378333}nCtlValue{1}
2023-07-08 15:59:52,633 [AppLog] INFO : Y方向到位停止：DEM_StopAxisRun：返回值{True}CurrentPos{99.575}bImmeStop{False}nAxisMask{2}
2023-07-08 15:59:52,633 [AppLog] INFO : 获取打印Pass数据：IDP_GetPassItem2：nLayerIndex{29}nPassID{1}nProcState{3}LPPassDataItemb:PrtDir{True}nDataTxCompleteCnt{1}nHwMemAdrMatchMask{1}nLayerIndex{29}nLayerPassCount{6}nLayerPassIndex{1}nMinJet0ImgLinePos{1635}nPrtMemHwAddr{System.UInt32[]}nPrtDataOffset{System.UInt32[]}nSrcDataSize{System.UInt32[]}nPrtColBytes{System.UInt32[]}nPrtPrecession{10.666}nSrcEndCols{6000}nSrcStartCols{0}nStartEncPos{10000}nValidPassJets{1280}nValidPrtCols{6233}nValidPrtCtlCnts{1}pDataBuf{0}pNextItem{668506240}
2023-07-08 15:59:52,649 [AppLog] INFO : 使能Pass打印成功：IDP_DoPassPrint2：nLayerIndex{29}nPassID{1}
2023-07-08 15:59:52,649 [AppLog] INFO : PASS打印前关键状态：DEV_GetDeviceInfo：nLayerIndex{29}nPassID{1}LPPRINTER_INFO:nXSysEncDPI{5080}nStatus{909129520}nPrintStatus{0}bSuperDevice{1}
LPPRINTER_INFO-LPPrtRunInfo:bJobPrtRuning{True}bLayerPrtIsOver{False}nContReqMemErr{0}nContWDErr{0}nCurPrtDir{0}nDTLayerIndex{38}nDTLayerPassIndex{5}nDTPtrCtlIndex{0}nLayerPassCount{6}nPrintLayerIndex{29}nPrintPassIndex{1}nProcLayerIndex{38}nPrtDataMemAddr{0}nPrtState{0}nReverse{System.Int32[]}nRevPrtCols{0}
LPPRINTER_INFO-LPDRVINFO:nFMVersion{45074}nFpgaVersion{539038216}nPCBVersion{0}nState{0}nNextState{0}nPtvwarnState{0}nCrc32{0}nRevInfo{System.UInt32[]}nSignature{0}
2023-07-08 15:59:52,649 [AppLog] INFO : 创建：AutoPrintMotion1=》不需重新创建-手动操作！
2023-07-08 15:59:52,649 [AppLog] INFO : 进入：EquipmentMotionLogic3=》准备创建对象-手动操作！
2023-07-08 15:59:52,649 [AppLog] INFO : 进入：EquipmentMotionLogic3=》不需重新创建-手动操作！
2023-07-08 15:59:52,649 [AppLog] INFO : 进入：EquipmentMotionLogic3=》赋值完成自-AutoPrintMotion2！
2023-07-08 15:59:52,649 [AppLog] INFO : 进入：EquipmentMotionLogic3=》加载配置文件-LoadJsonFile成功！
2023-07-08 15:59:52,649 [AppLog] INFO : 进入：AutoPrintThread3！
2023-07-08 15:59:52,649 [AppLog] INFO : 准备读取编码器位置：X方向！
2023-07-08 15:59:52,649 [AppLog] INFO : 准备运动，当前位置：DEV_GetPrintEncoderValue：MoveDirectionFlag{false为Y方向：False}CurrentPos{22.17}AimPos{425}
2023-07-08 15:59:52,680 [AppLog] INFO : X方向运动开始：DEM_Run：返回值{True}nAxis{0}DirFlag{True}nSpeed{300000}MoveStep{402830}nCtlValue{2}
2023-07-08 15:59:54,568 [AppLog] INFO : X方向到位停止：DEM_StopAxisRun：返回值{True}CurrentPos{419.405}bImmeStop{False}nAxisMask{1}
2023-07-08 15:59:54,568 [AppLog] INFO : 准备读取编码器位置：Y方向！
2023-07-08 15:59:54,568 [AppLog] INFO : 准备运动，编码器当前位置：DEM_GetAxisEncodeVal：MoveDirectionFlag{false为Y方向：True}CurrentPos{100.95}AimPos{145}
2023-07-08 15:59:54,786 [AppLog] INFO : Y方向运动开始：DEM_Run：返回值{True}nAxis{1}DirFlag{True}nSpeed{300000}MoveStep{44133.29855}nCtlValue{1}
2023-07-08 15:59:54,849 [AppLog] INFO : Y方向到位停止：DEM_StopAxisRun：返回值{True}CurrentPos{141.8}bImmeStop{False}nAxisMask{2}
2023-07-08 15:59:54,849 [AppLog] INFO : 获取打印Pass数据：IDP_GetPassItem2：nLayerIndex{29}nPassID{2}nProcState{3}LPPassDataItemb:PrtDir{False}nDataTxCompleteCnt{1}nHwMemAdrMatchMask{1}nLayerIndex{29}nLayerPassCount{6}nLayerPassIndex{2}nMinJet0ImgLinePos{2915}nPrtMemHwAddr{System.UInt32[]}nPrtDataOffset{System.UInt32[]}nSrcDataSize{System.UInt32[]}nPrtColBytes{System.UInt32[]}nPrtPrecession{10.666}nSrcEndCols{6000}nSrcStartCols{0}nStartEncPos{76511}nValidPassJets{1280}nValidPrtCols{6233}nValidPrtCtlCnts{1}pDataBuf{0}pNextItem{668506400}
2023-07-08 15:59:54,864 [AppLog] INFO : 使能Pass打印成功：IDP_DoPassPrint2：nLayerIndex{29}nPassID{2}
2023-07-08 15:59:54,864 [AppLog] INFO : PASS打印前关键状态：DEV_GetDeviceInfo：nLayerIndex{29}nPassID{2}LPPRINTER_INFO:nXSysEncDPI{5080}nStatus{909129520}nPrintStatus{0}bSuperDevice{1}
LPPRINTER_INFO-LPPrtRunInfo:bJobPrtRuning{True}bLayerPrtIsOver{False}nContReqMemErr{0}nContWDErr{0}nCurPrtDir{0}nDTLayerIndex{38}nDTLayerPassIndex{5}nDTPtrCtlIndex{0}nLayerPassCount{6}nPrintLayerIndex{29}nPrintPassIndex{2}nProcLayerIndex{38}nPrtDataMemAddr{0}nPrtState{0}nReverse{System.Int32[]}nRevPrtCols{0}
LPPRINTER_INFO-LPDRVINFO:nFMVersion{45074}nFpgaVersion{539038216}nPCBVersion{0}nState{0}nNextState{0}nPtvwarnState{0}nCrc32{0}nRevInfo{System.UInt32[]}nSignature{0}
2023-07-08 15:59:54,864 [AppLog] INFO : 创建：AutoPrintMotion1=》不需重新创建-手动操作！
2023-07-08 15:59:54,864 [AppLog] INFO : 进入：EquipmentMotionLogic3=》准备创建对象-手动操作！
2023-07-08 15:59:54,864 [AppLog] INFO : 进入：EquipmentMotionLogic3=》不需重新创建-手动操作！
2023-07-08 15:59:54,864 [AppLog] INFO : 进入：EquipmentMotionLogic3=》赋值完成自-AutoPrintMotion2！
2023-07-08 15:59:54,864 [AppLog] INFO : 进入：EquipmentMotionLogic3=》加载配置文件-LoadJsonFile成功！
2023-07-08 15:59:54,864 [AppLog] INFO : 进入：AutoPrintThread3！
2023-07-08 15:59:54,864 [AppLog] INFO : 准备读取编码器位置：X方向！
2023-07-08 15:59:54,864 [AppLog] INFO : 准备运动，当前位置：DEV_GetPrintEncoderValue：MoveDirectionFlag{false为Y方向：False}CurrentPos{423.295}AimPos{25}
2023-07-08 15:59:54,895 [AppLog] INFO : X方向运动开始：DEM_Run：返回值{True}nAxis{0}DirFlag{False}nSpeed{300000}MoveStep{-398295}nCtlValue{2}
2023-07-08 15:59:56,783 [AppLog] INFO : X方向到位停止：DEM_StopAxisRun：返回值{True}CurrentPos{29.655}bImmeStop{False}nAxisMask{1}
2023-07-08 15:59:56,783 [AppLog] INFO : 准备读取编码器位置：Y方向！
2023-07-08 15:59:56,799 [AppLog] INFO : 准备运动，编码器当前位置：DEM_GetAxisEncodeVal：MoveDirectionFlag{false为Y方向：True}CurrentPos{145.015}AimPos{155.021166666667}
2023-07-08 15:59:56,923 [AppLog] INFO : Y方向运动开始：DEM_Run：返回值{True}nAxis{1}DirFlag{True}nSpeed{300000}MoveStep{10025.0883278333}nCtlValue{1}
2023-07-08 15:59:56,986 [AppLog] INFO : Y方向到位停止：DEM_StopAxisRun：返回值{True}CurrentPos{153.71}bImmeStop{False}nAxisMask{2}
2023-07-08 15:59:56,986 [AppLog] INFO : 获取打印Pass数据：IDP_GetPassItem2：nLayerIndex{29}nPassID{3}nProcState{3}LPPassDataItemb:PrtDir{True}nDataTxCompleteCnt{1}nHwMemAdrMatchMask{1}nLayerIndex{29}nLayerPassCount{6}nLayerPassIndex{3}nMinJet0ImgLinePos{4195}nPrtMemHwAddr{System.UInt32[]}nPrtDataOffset{System.UInt32[]}nSrcDataSize{System.UInt32[]}nPrtColBytes{System.UInt32[]}nPrtPrecession{10.666}nSrcEndCols{6000}nSrcStartCols{0}nStartEncPos{10000}nValidPassJets{1280}nValidPrtCols{6233}nValidPrtCtlCnts{1}pDataBuf{0}pNextItem{668506560}
2023-07-08 15:59:56,986 [AppLog] INFO : 使能Pass打印成功：IDP_DoPassPrint2：nLayerIndex{29}nPassID{3}
2023-07-08 15:59:57,033 [AppLog] INFO : PASS打印前关键状态：DEV_GetDeviceInfo：nLayerIndex{29}nPassID{3}LPPRINTER_INFO:nXSysEncDPI{5080}nStatus{909129520}nPrintStatus{0}bSuperDevice{1}
LPPRINTER_INFO-LPPrtRunInfo:bJobPrtRuning{True}bLayerPrtIsOver{False}nContReqMemErr{0}nContWDErr{0}nCurPrtDir{0}nDTLayerIndex{38}nDTLayerPassIndex{5}nDTPtrCtlIndex{0}nLayerPassCount{6}nPrintLayerIndex{29}nPrintPassIndex{3}nProcLayerIndex{38}nPrtDataMemAddr{0}nPrtState{0}nReverse{System.Int32[]}nRevPrtCols{0}
LPPRINTER_INFO-LPDRVINFO:nFMVersion{45074}nFpgaVersion{539038216}nPCBVersion{0}nState{0}nNextState{0}nPtvwarnState{0}nCrc32{0}nRevInfo{System.UInt32[]}nSignature{0}
2023-07-08 15:59:57,033 [AppLog] INFO : 创建：AutoPrintMotion1=》不需重新创建-手动操作！
2023-07-08 15:59:57,033 [AppLog] INFO : 进入：EquipmentMotionLogic3=》准备创建对象-手动操作！
2023-07-08 15:59:57,033 [AppLog] INFO : 进入：EquipmentMotionLogic3=》不需重新创建-手动操作！
2023-07-08 15:59:57,033 [AppLog] INFO : 进入：EquipmentMotionLogic3=》赋值完成自-AutoPrintMotion2！
2023-07-08 15:59:57,033 [AppLog] INFO : 进入：EquipmentMotionLogic3=》加载配置文件-LoadJsonFile成功！
2023-07-08 15:59:57,033 [AppLog] INFO : 进入：AutoPrintThread3！
2023-07-08 15:59:57,033 [AppLog] INFO : 准备读取编码器位置：X方向！
2023-07-08 15:59:57,033 [AppLog] INFO : 准备运动，当前位置：DEV_GetPrintEncoderValue：MoveDirectionFlag{false为Y方向：False}CurrentPos{26.685}AimPos{425}
2023-07-08 15:59:57,064 [AppLog] INFO : X方向运动开始：DEM_Run：返回值{True}nAxis{0}DirFlag{True}nSpeed{300000}MoveStep{398315}nCtlValue{2}
2023-07-08 15:59:58,936 [AppLog] INFO : X方向到位停止：DEM_StopAxisRun：返回值{True}CurrentPos{418.955}bImmeStop{False}nAxisMask{1}
2023-07-08 15:59:58,936 [AppLog] INFO : 准备读取编码器位置：Y方向！
2023-07-08 15:59:58,936 [AppLog] INFO : 准备运动，编码器当前位置：DEM_GetAxisEncodeVal：MoveDirectionFlag{false为Y方向：True}CurrentPos{154.99}AimPos{199}
2023-07-08 15:59:59,139 [AppLog] INFO : Y方向运动开始：DEM_Run：返回值{True}nAxis{1}DirFlag{True}nSpeed{300000}MoveStep{44093.22291}nCtlValue{1}
2023-07-08 15:59:59,217 [AppLog] INFO : Y方向到位停止：DEM_StopAxisRun：返回值{True}CurrentPos{196.68}bImmeStop{False}nAxisMask{2}
2023-07-08 15:59:59,217 [AppLog] INFO : 获取打印Pass数据：IDP_GetPassItem2：nLayerIndex{29}nPassID{4}nProcState{3}LPPassDataItemb:PrtDir{False}nDataTxCompleteCnt{1}nHwMemAdrMatchMask{1}nLayerIndex{29}nLayerPassCount{6}nLayerPassIndex{4}nMinJet0ImgLinePos{5475}nPrtMemHwAddr{System.UInt32[]}nPrtDataOffset{System.UInt32[]}nSrcDataSize{System.UInt32[]}nPrtColBytes{System.UInt32[]}nPrtPrecession{10.666}nSrcEndCols{6000}nSrcStartCols{0}nStartEncPos{76511}nValidPassJets{1280}nValidPrtCols{6233}nValidPrtCtlCnts{1}pDataBuf{0}pNextItem{668506720}
2023-07-08 15:59:59,232 [AppLog] INFO : 使能Pass打印成功：IDP_DoPassPrint2：nLayerIndex{29}nPassID{4}
2023-07-08 15:59:59,232 [AppLog] INFO : PASS打印前关键状态：DEV_GetDeviceInfo：nLayerIndex{29}nPassID{4}LPPRINTER_INFO:nXSysEncDPI{5080}nStatus{909129520}nPrintStatus{0}bSuperDevice{1}
LPPRINTER_INFO-LPPrtRunInfo:bJobPrtRuning{True}bLayerPrtIsOver{False}nContReqMemErr{0}nContWDErr{0}nCurPrtDir{0}nDTLayerIndex{38}nDTLayerPassIndex{5}nDTPtrCtlIndex{0}nLayerPassCount{6}nPrintLayerIndex{29}nPrintPassIndex{4}nProcLayerIndex{38}nPrtDataMemAddr{0}nPrtState{0}nReverse{System.Int32[]}nRevPrtCols{0}
LPPRINTER_INFO-LPDRVINFO:nFMVersion{45074}nFpgaVersion{539038216}nPCBVersion{0}nState{0}nNextState{0}nPtvwarnState{0}nCrc32{0}nRevInfo{System.UInt32[]}nSignature{0}
2023-07-08 15:59:59,232 [AppLog] INFO : 创建：AutoPrintMotion1=》不需重新创建-手动操作！
2023-07-08 15:59:59,232 [AppLog] INFO : 进入：EquipmentMotionLogic3=》准备创建对象-手动操作！
2023-07-08 15:59:59,232 [AppLog] INFO : 进入：EquipmentMotionLogic3=》不需重新创建-手动操作！
2023-07-08 15:59:59,232 [AppLog] INFO : 进入：EquipmentMotionLogic3=》赋值完成自-AutoPrintMotion2！
2023-07-08 15:59:59,248 [AppLog] INFO : 进入：EquipmentMotionLogic3=》加载配置文件-LoadJsonFile成功！
2023-07-08 15:59:59,248 [AppLog] INFO : 进入：AutoPrintThread3！
2023-07-08 15:59:59,248 [AppLog] INFO : 准备读取编码器位置：X方向！
2023-07-08 15:59:59,248 [AppLog] INFO : 准备运动，当前位置：DEV_GetPrintEncoderValue：MoveDirectionFlag{false为Y方向：False}CurrentPos{423.315}AimPos{25}
2023-07-08 15:59:59,279 [AppLog] INFO : X方向运动开始：DEM_Run：返回值{True}nAxis{0}DirFlag{False}nSpeed{300000}MoveStep{-398315}nCtlValue{2}
