2023-05-11 20:17:19,032 [AppLog] INFO : 软件开机密码正确，登录成功1次
==========================================================================
操作系统:{Microsoft Windows 7 旗舰版 }
运行环境:{ .Net Framework Enviroment Version 4.0.30319.42000}
盘符：D
CPU使用率：{8.928188%} ，可用内存大小:{14193MB}，硬盘剩余空间：
  盘符 C:\ 的剩余空间：70 GB
  盘符 D:\ 的剩余空间：95 GB
  盘符 F:\ 的剩余空间：57 GB
硬件配置情况：
  CPU 厂家: GenuineIntel CPU 型号: Intel(R) Core(TM) i7-4770 CPU @ 3.40GHz
  内存条厂家: Kingston 内存条型号: 99P5471-043.A00LF 
  内存条厂家: Kingston 内存条型号: 99P5471-043.A00LF 
  硬盘厂家: (标准磁盘驱动器) 硬盘型号: Micron_1300_MTFDDAK256TDL ATA Device
  硬盘厂家: (标准磁盘驱动器) 硬盘型号:  USB  SanDisk 3.2Gen1 USB Device
==========================================================================
2023-05-11 20:17:20,264 [AppLog] INFO : 开启系统：板卡通讯，伺服供电，照明系统，UV/HR固化系统！
2023-05-11 20:17:20,264 [AppLog] INFO : 开启系统：一键启动系统开始！
2023-05-11 20:17:26,348 [AppLog] INFO : 开启系统：一键启动系统结束！
2023-05-11 20:17:26,520 [AppLog] INFO : 创建：AutoPrintMotion0=》初次创建完成-手动操作！
2023-05-11 20:17:26,582 [AppLog] INFO : 初始化喷墨控制器启动！
2023-05-11 20:17:50,357 [AppLog] INFO : 打开喷墨控制器设备成功！
2023-05-11 20:17:50,388 [AppLog] INFO : 输入校准值1次{成功}，打印往返差校准值为：BiDirEncPrtOff{5},分频值{8},打印速度{300mm/s}
2023-05-11 20:17:50,778 [AppLog] INFO : PASS打印前关键状态：DEV_GetDeviceInfo：LPPRINTER_INFO:nXSysEncDPI{5080}nStatus{909129520}nPrintStatus{0}bSuperDevice{1}
LPPRINTER_INFO-LPPrtRunInfo:bJobPrtRuning{False}bLayerPrtIsOver{False}nContReqMemErr{0}nContWDErr{0}nCurPrtDir{0}nDTLayerIndex{0}nDTLayerPassIndex{0}nDTPtrCtlIndex{0}nLayerPassCount{0}nPrintLayerIndex{0}nPrintPassIndex{0}nProcLayerIndex{0}nPrtDataMemAddr{0}nPrtState{0}nReverse{System.Int32[]}nRevPrtCols{0}
LPPRINTER_INFO-LPDRVINFO:nFMVersion{45074}nFpgaVersion{539038216}nPCBVersion{0}nState{0}nNextState{0}nPtvwarnState{0}nCrc32{0}nRevInfo{System.UInt32[]}nSignature{0}
2023-05-11 20:17:51,714 [AppLog] INFO : 初始化喷墨控制器成功！
2023-05-11 20:17:51,714 [AppLog] INFO : 进入：EquipmentMotionLogic3=》准备创建对象-手动操作！
2023-05-11 20:17:51,745 [AppLog] INFO : 进入：EquipmentMotionLogic3=》创建完成-手动操作！
2023-05-11 20:17:51,885 [AppLog] INFO : 红外灯控制器485通讯建立！
2023-05-11 20:17:51,885 [AppLog] INFO : 进入电气控制模块
2023-05-11 20:17:53,227 [AppLog] INFO : 退出电气控制模块
2023-05-11 20:17:53,929 [AppLog] INFO : 进入手动调试子模块！
2023-05-11 20:17:53,929 [AppLog] INFO : 进入：ManulBtn_Click=》准备创建对象-手动操作！
2023-05-11 20:17:53,960 [AppLog] INFO : 创建：ManualControl=》创建完成-手动操作！
2023-05-11 20:17:53,960 [AppLog] INFO : 加载成功：温控Modbus接口！
2023-05-11 20:17:56,409 [AppLog] INFO : 开启铺粉车回零校准：PowderCarHomeBtn_Click
2023-05-11 20:17:56,409 [AppLog] INFO : 开启粉车回零校准线程：PowderCarHomeResetThread
2023-05-11 20:17:57,969 [AppLog] INFO : 开启墨车回零校准：PrintCarHomeBtn_Click
2023-05-11 20:17:57,969 [AppLog] INFO : 开启墨车回零校准线程：InkCarEncoderResetThread
2023-05-11 20:18:06,456 [AppLog] INFO : 手动正向点动指令（8轴运控板卡系统） ====》：输出AXIS{第2轴},点动量{-116MM},运动速度{30MM/s}
2023-05-11 20:18:06,456 [AppLog] INFO : 粉车回零校准线程成功：PowderCarHomeResetThread
2023-05-11 20:18:09,716 [AppLog] INFO : 墨车回零校准线程成功：InkCarEncoderResetThread
2023-05-11 20:18:11,229 [AppLog] INFO : 退出手动调试子模块,已执行修改
==========================================================================
2023-05-11 20:18:12,197 [AppLog] INFO : 进入数据加载模块
2023-05-11 20:18:19,419 [AppLog] INFO : 进入JOB参数设置：修改前初始参数：灰度数据格式{1bits}打印灰阶{1阶}m_XPrintDpi{System.Single[]Dpi}墨车运动速度{300MM/s}X向起打位置{50MM}X向起打位置偏移{0MM}Y向起打位置偏移{0MM}
2023-05-11 20:18:22,680 [AppLog] INFO : CAD数据加载：添加.bjgroup格式CAD数据成功-D:\Release-3DPrintingForBinderJetting-V2.0\CLI输入文件\shibiao-0321\shibiao-0425.bjgroup
2023-05-11 20:18:23,444 [AppLog] INFO : 退出JOB参数设置：未修改直接退出！
2023-05-11 20:18:26,284 [AppLog] INFO : 进入手动调试子模块！
2023-05-11 20:18:26,284 [AppLog] INFO : 进入：ManulBtn_Click=》准备创建对象-手动操作！
2023-05-11 20:18:26,315 [AppLog] INFO : 创建：ManualControl=》创建完成-手动操作！
2023-05-11 20:18:26,315 [AppLog] INFO : 加载成功：温控Modbus接口！
2023-05-11 20:18:30,714 [AppLog] INFO : 更新波形路径：DEV_UpdateParam：{D:\Release-3DPrintingForBinderJetting-V2.0\波形文件\0316新调=波形文件=水性胶水\世彪新调-喷射量3.rhdat}
2023-05-11 20:18:30,714 [AppLog] INFO : {1}号喷头基准电压更新成功：DEV_SetWaveStdVoltage{0V,0V,0V,0V}；
2023-05-11 20:18:36,314 [AppLog] INFO : 重新加载完波形：DEV_ReloadWaveForm! 当前波形文件的基准电压参考值为：{18V}
2023-05-11 20:18:36,595 [AppLog] INFO : {1}号喷头电压调压成功：MCU_SetPhVoltage{0V,0V,0V,0V}；
2023-05-11 20:18:37,578 [AppLog] INFO : 退出手动调试子模块,已执行修改
==========================================================================
2023-05-11 20:18:40,168 [AppLog] INFO : 进入手动调试子模块！
2023-05-11 20:18:40,168 [AppLog] INFO : 进入：ManulBtn_Click=》准备创建对象-手动操作！
2023-05-11 20:18:40,199 [AppLog] INFO : 创建：ManualControl=》创建完成-手动操作！
2023-05-11 20:18:40,199 [AppLog] INFO : 加载成功：温控Modbus接口！
2023-05-11 20:18:42,695 [AppLog] INFO : 退出手动调试子模块,已执行修改
==========================================================================
2023-05-11 20:18:43,834 [AppLog] INFO : 监控记录设置！
2023-05-11 20:18:45,440 [AppLog] INFO : 更新监控配置文件：SaveJsonFile：配置文件路径{D:\Release-3DPrintingForBinderJetting-V2.0\MonitorPrint-Configuration.json}m_sMonitorRecordPath{D:\shibiao-daying-0509}m_sPrintJobName{Shibiao-0509}m_anJettingBinderBedMonitorFlags{False,False,False,False,False,False,True,False,False,False,False,True,}
2023-05-11 20:18:46,111 [AppLog] INFO : 进入JOB参数设置：修改前初始参数：灰度数据格式{1bits}打印灰阶{1阶}m_XPrintDpi{System.Single[]Dpi}墨车运动速度{300MM/s}X向起打位置{50MM}X向起打位置偏移{0MM}Y向起打位置偏移{0MM}
2023-05-11 20:18:49,231 [AppLog] INFO : 退出JOB参数设置：未修改直接退出！
2023-05-11 20:18:51,088 [AppLog] INFO : 启动打印任务：准备开启数据处理及打印线程
2023-05-11 20:18:51,088 [AppLog] INFO : 创建：AutoPrintMotion0=》不需重新创建-手动操作！
2023-05-11 20:18:51,103 [AppLog] INFO : 停止打印任务，释放板卡内存：IDP_StopPrintJob()：ReturnFlag{True}
2023-05-11 20:18:51,103 [AppLog] INFO : 启动打印线程成功： DataTaskTHREAD
2023-05-11 20:18:51,103 [AppLog] INFO : 写入打印参数：IDP_SartPrintJob：nJobID{1}szJobName{金属3DP打印}nPixelGrayBits{1} nPrtCtl{0}nPrtXEncPos{10000}fPrtYPos{0}
2023-05-11 20:18:51,119 [AppLog] INFO : 进入：EquipmentMotionLogic3=》准备创建对象-手动操作！
2023-05-11 20:18:51,119 [AppLog] INFO : 启动打印线程成功：PrintTaskTHREAD
2023-05-11 20:18:51,150 [AppLog] INFO : 创建：AutoPrintMotion4=》初次创建完成-手动操作！
2023-05-11 20:18:51,166 [AppLog] INFO : 准备处理第0层数据：准备调用RenderToWic，index为0，subindex为0，g_nRePrintTimes为1，起始层为0
2023-05-11 20:18:51,244 [AppLog] INFO : 完成处理第0层数据：准备调用DrawLayerBMP，index为0，起始层为0
2023-05-11 20:18:51,259 [AppLog] INFO : 完成处理第0层数据：准备调用DrawLayerBMP，index为0，起始层为0
2023-05-11 20:18:51,680 [AppLog] INFO : 作业写入成功：IDP_WriteImgLayerData：bpp:{1bit}灰阶:{1阶}nLayerIndex{0}LayerIndex{0}SubIndex{0}RePrintTimes{1}nBytesPerLine{904}nWidth{7201}nHeight{6972}nXEncOff{0}nYJetOff{1}nImgStartJetIndex{0}nXDPI{571.5}nYDPI{600}nPrtDir{0} nPrtFlag{1}nColorCnts{1}nReserved{System.Int32[]}
2023-05-11 20:18:51,680 [AppLog] INFO : 完成处理第0层数据：准备调用RenderToWic，index为0，subindex为0，g_nRePrintTimes为1，起始层为0
2023-05-11 20:18:51,680 [AppLog] INFO : 准备处理第0层数据：准备调用RenderToWic，index为0，subindex为1，g_nRePrintTimes为1，起始层为0
2023-05-11 20:18:51,743 [AppLog] INFO : 完成处理第0层数据：准备调用DrawLayerBMP，index为0，起始层为0
2023-05-11 20:18:51,743 [AppLog] INFO : 完成处理第0层数据：准备调用DrawLayerBMP，index为0，起始层为0
2023-05-11 20:18:52,273 [AppLog] INFO : 作业写入成功：IDP_WriteImgLayerData：bpp:{1bit}灰阶:{1阶}nLayerIndex{1}LayerIndex{0}SubIndex{1}RePrintTimes{1}nBytesPerLine{904}nWidth{7201}nHeight{6972}nXEncOff{0}nYJetOff{1}nImgStartJetIndex{0}nXDPI{571.5}nYDPI{600}nPrtDir{0} nPrtFlag{1}nColorCnts{1}nReserved{System.Int32[]}
2023-05-11 20:18:52,273 [AppLog] INFO : 完成处理第0层数据：准备调用RenderToWic，index为0，subindex为1，g_nRePrintTimes为1，起始层为0
2023-05-11 20:18:52,273 [AppLog] INFO : 准备处理第1层数据：准备调用RenderToWic，index为1，subindex为0，g_nRePrintTimes为1，起始层为0
2023-05-11 20:18:52,351 [AppLog] INFO : 关闭自动供墨：DEV_EnableInkAutoSupply：ControlBit{0xX}
2023-05-11 20:18:52,351 [AppLog] INFO : 初始化墨轴1：DEM_InitAxis：{0, 0x100}
2023-05-11 20:18:52,367 [AppLog] INFO : 完成处理第1层数据：准备调用DrawLayerBMP，index为1，起始层为0
2023-05-11 20:18:52,367 [AppLog] INFO : 完成处理第1层数据：准备调用DrawLayerBMP，index为1，起始层为0
2023-05-11 20:18:52,382 [AppLog] INFO : 初始化墨轴2：DEM_InitAxis：{1, 0x1400}
2023-05-11 20:18:52,398 [AppLog] INFO : 初始化墨轴3：DEM_InitAxis：{1, 0x1400}
2023-05-11 20:18:52,398 [AppLog] INFO : 使能所有墨轴：DEM_EnableAxisRun：{true}
2023-05-11 20:18:52,398 [AppLog] INFO : 使能双Y墨轴输出同步：DEM_EnableDYOutPut：{true, true}
2023-05-11 20:18:52,414 [AppLog] INFO : 初始化墨轴1：DEM_InitAxis：{0, 0x100}
2023-05-11 20:18:52,414 [AppLog] INFO : 使能所有墨轴：DEM_EnableAxisRun：{true}
2023-05-11 20:18:52,429 [AppLog] INFO : 开启自动供墨：DEV_EnableInkAutoSupply：ControlBit{0xFF}
2023-05-11 20:18:52,429 [AppLog] INFO : 接收到起始打印指令：PrintTaskTHREAD
2023-05-11 20:18:52,429 [AppLog] INFO : 获取打印Pass数据：IDP_GetPassItem2：nLayerIndex{1}nPassID{0}nProcState{3}LPPassDataItemb:PrtDir{False}nDataTxCompleteCnt{1}nHwMemAdrMatchMask{1}nLayerIndex{1}nLayerPassCount{6}nLayerPassIndex{0}nMinJet0ImgLinePos{1}nPrtMemHwAddr{System.UInt32[]}nPrtDataOffset{System.UInt32[]}nSrcDataSize{System.UInt32[]}nPrtColBytes{System.UInt32[]}nPrtPrecession{8.888}nSrcEndCols{7200}nSrcStartCols{0}nStartEncPos{76504}nValidPassJets{1280}nValidPrtCols{7479}nValidPrtCtlCnts{1}pDataBuf{0}pNextItem{649894592}
2023-05-11 20:18:52,460 [AppLog] INFO : 使能Pass打印成功：IDP_DoPassPrint2：nLayerIndex{1}nPassID{0}
2023-05-11 20:18:52,476 [AppLog] INFO : PASS打印前关键状态：DEV_GetDeviceInfo2：nLayerIndex{1}nPassID{0}LPPRINTER_INFO:nXSysEncDPI{0}nStatus{0}nPrintStatus{0}bSuperDevice{0}
LPPRINTER_INFO-LPPrtRunInfo:bJobPrtRuning{False}bLayerPrtIsOver{False}nContReqMemErr{0}nContWDErr{0}nCurPrtDir{0}nDTLayerIndex{0}nDTLayerPassIndex{0}nDTPtrCtlIndex{0}nLayerPassCount{0}nPrintLayerIndex{0}nPrintPassIndex{0}nProcLayerIndex{0}nPrtDataMemAddr{0}nPrtState{0}nReverse{System.Int32[]}nRevPrtCols{0}
LPPRINTER_INFO-LPDRVINFO:nFMVersion{0}nFpgaVersion{0}nPCBVersion{0}nState{0}nNextState{0}nPtvwarnState{0}nCrc32{0}nRevInfo{System.UInt32[]}nSignature{0}
2023-05-11 20:18:52,492 [AppLog] INFO : PASS打印前关键状态：DEV_GetDeviceInfo：nLayerIndex{1}nPassID{0}LPPRINTER_INFO:nXSysEncDPI{5080}nStatus{909129520}nPrintStatus{0}bSuperDevice{1}
LPPRINTER_INFO-LPPrtRunInfo:bJobPrtRuning{True}bLayerPrtIsOver{False}nContReqMemErr{0}nContWDErr{0}nCurPrtDir{0}nDTLayerIndex{1}nDTLayerPassIndex{3}nDTPtrCtlIndex{0}nLayerPassCount{6}nPrintLayerIndex{1}nPrintPassIndex{0}nProcLayerIndex{1}nPrtDataMemAddr{0}nPrtState{0}nReverse{System.Int32[]}nRevPrtCols{0}
LPPRINTER_INFO-LPDRVINFO:nFMVersion{45074}nFpgaVersion{539038216}nPCBVersion{0}nState{0}nNextState{0}nPtvwarnState{0}nCrc32{0}nRevInfo{System.UInt32[]}nSignature{0}
2023-05-11 20:18:52,523 [AppLog] INFO : 创建：AutoPrintMotion1=》初次创建完成-手动操作！
2023-05-11 20:18:52,523 [AppLog] INFO : 进入：EquipmentMotionLogic3=》准备创建对象-手动操作！
2023-05-11 20:18:52,554 [AppLog] INFO : 进入：EquipmentMotionLogic3=》初次创建完成-手动操作！
2023-05-11 20:18:52,554 [AppLog] INFO : 进入：EquipmentMotionLogic3=》赋值完成自-AutoPrintMotion2！
2023-05-11 20:18:52,554 [AppLog] INFO : 进入：EquipmentMotionLogic3=》加载配置文件-LoadJsonFile成功！
2023-05-11 20:18:52,554 [AppLog] INFO : 进入自动清洗过程：AutoCleanThread
2023-05-11 20:19:51,831 [AppLog] INFO : 软件开机密码正确，登录成功1次
==========================================================================
操作系统:{Microsoft Windows 7 旗舰版 }
运行环境:{ .Net Framework Enviroment Version 4.0.30319.42000}
盘符：D
CPU使用率：{0%} ，可用内存大小:{14185MB}，硬盘剩余空间：
  盘符 C:\ 的剩余空间：70 GB
  盘符 D:\ 的剩余空间：95 GB
  盘符 F:\ 的剩余空间：57 GB
硬件配置情况：
  CPU 厂家: GenuineIntel CPU 型号: Intel(R) Core(TM) i7-4770 CPU @ 3.40GHz
  内存条厂家: Kingston 内存条型号: 99P5471-043.A00LF 
  内存条厂家: Kingston 内存条型号: 99P5471-043.A00LF 
  硬盘厂家: (标准磁盘驱动器) 硬盘型号: Micron_1300_MTFDDAK256TDL ATA Device
  硬盘厂家: (标准磁盘驱动器) 硬盘型号:  USB  SanDisk 3.2Gen1 USB Device
==========================================================================
2023-05-11 20:19:55,466 [AppLog] INFO : 开启系统：板卡通讯，伺服供电，照明系统，UV/HR固化系统！
2023-05-11 20:19:55,466 [AppLog] INFO : 开启系统：一键启动系统开始！
2023-05-11 20:20:01,550 [AppLog] INFO : 开启系统：一键启动系统结束！
2023-05-11 20:20:01,722 [AppLog] INFO : 创建：AutoPrintMotion0=》初次创建完成-手动操作！
2023-05-11 20:20:01,800 [AppLog] INFO : 初始化喷墨控制器启动！
2023-05-11 20:20:25,574 [AppLog] INFO : 打开喷墨控制器设备成功！
2023-05-11 20:20:25,605 [AppLog] INFO : 输入校准值1次{成功}，打印往返差校准值为：BiDirEncPrtOff{5},分频值{8},打印速度{300mm/s}
2023-05-11 20:20:25,995 [AppLog] INFO : PASS打印前关键状态：DEV_GetDeviceInfo：LPPRINTER_INFO:nXSysEncDPI{5080}nStatus{909129520}nPrintStatus{0}bSuperDevice{1}
LPPRINTER_INFO-LPPrtRunInfo:bJobPrtRuning{False}bLayerPrtIsOver{False}nContReqMemErr{0}nContWDErr{0}nCurPrtDir{0}nDTLayerIndex{0}nDTLayerPassIndex{0}nDTPtrCtlIndex{0}nLayerPassCount{0}nPrintLayerIndex{0}nPrintPassIndex{0}nProcLayerIndex{0}nPrtDataMemAddr{0}nPrtState{0}nReverse{System.Int32[]}nRevPrtCols{0}
LPPRINTER_INFO-LPDRVINFO:nFMVersion{45074}nFpgaVersion{539038216}nPCBVersion{0}nState{0}nNextState{0}nPtvwarnState{0}nCrc32{0}nRevInfo{System.UInt32[]}nSignature{0}
2023-05-11 20:20:26,884 [AppLog] INFO : 初始化喷墨控制器成功！
2023-05-11 20:20:26,884 [AppLog] INFO : 进入：EquipmentMotionLogic3=》准备创建对象-手动操作！
2023-05-11 20:20:26,916 [AppLog] INFO : 进入：EquipmentMotionLogic3=》创建完成-手动操作！
2023-05-11 20:20:27,040 [AppLog] INFO : 红外灯控制器485通讯建立！
2023-05-11 20:20:27,040 [AppLog] INFO : 进入电气控制模块
2023-05-11 20:20:28,195 [AppLog] INFO : 退出电气控制模块
2023-05-11 20:20:28,928 [AppLog] INFO : 进入手动调试子模块！
2023-05-11 20:20:28,944 [AppLog] INFO : 进入：ManulBtn_Click=》准备创建对象-手动操作！
2023-05-11 20:20:28,959 [AppLog] INFO : 创建：ManualControl=》创建完成-手动操作！
2023-05-11 20:20:28,959 [AppLog] INFO : 加载成功：温控Modbus接口！
2023-05-11 20:20:30,862 [AppLog] INFO : 开启铺粉车回零校准：PowderCarHomeBtn_Click
2023-05-11 20:20:30,862 [AppLog] INFO : 开启粉车回零校准线程：PowderCarHomeResetThread
2023-05-11 20:20:32,173 [AppLog] INFO : 开启墨车回零校准：PrintCarHomeBtn_Click
2023-05-11 20:20:32,173 [AppLog] INFO : 开启墨车回零校准线程：InkCarEncoderResetThread
2023-05-11 20:20:40,909 [AppLog] INFO : 手动正向点动指令（8轴运控板卡系统） ====》：输出AXIS{第2轴},点动量{-116MM},运动速度{30MM/s}
2023-05-11 20:20:40,940 [AppLog] INFO : 粉车回零校准线程成功：PowderCarHomeResetThread
2023-05-11 20:20:47,539 [AppLog] INFO : 墨车回零校准线程成功：InkCarEncoderResetThread
2023-05-11 20:20:48,912 [AppLog] INFO : 手动控制墨车运动带减速停止：沿Y2轴方向运动 ↑↑↑↓↓↓ ====: bImmeStop{{false}},nAxisMask{{0x4}}
2023-05-11 20:20:51,142 [AppLog] INFO : 退出手动调试子模块,已执行修改
==========================================================================
2023-05-11 20:20:52,094 [AppLog] INFO : 进入数据加载模块
2023-05-11 20:20:57,492 [AppLog] INFO : 进入手动调试子模块！
2023-05-11 20:20:57,492 [AppLog] INFO : 进入：ManulBtn_Click=》准备创建对象-手动操作！
2023-05-11 20:20:57,523 [AppLog] INFO : 创建：ManualControl=》创建完成-手动操作！
2023-05-11 20:20:57,523 [AppLog] INFO : 加载成功：温控Modbus接口！
2023-05-11 20:21:01,704 [AppLog] INFO : CAD数据加载：添加.bjgroup格式CAD数据成功-D:\Release-3DPrintingForBinderJetting-V2.0\CLI输入文件\shibiao-0321\shibiao-0425.bjgroup
2023-05-11 20:21:06,524 [AppLog] INFO : 切换为JOG模式====》：输出AXIS{第4轴}
2023-05-11 20:21:07,039 [AppLog] INFO : 手动正向JOG指令（8轴运控板卡系统） ====》：输出AXIS{第4轴},运动速度{1MM/s}
2023-05-11 20:21:07,054 [AppLog] INFO : 手动停止JOG输出（8轴运控板卡系统） ====》：输出AXIS{第4轴}
2023-05-11 20:21:07,507 [AppLog] INFO : 手动正向JOG指令（8轴运控板卡系统） ====》：输出AXIS{第4轴},运动速度{1MM/s}
2023-05-11 20:21:07,569 [AppLog] INFO : 手动停止JOG输出（8轴运控板卡系统） ====》：输出AXIS{第4轴}
2023-05-11 20:21:08,677 [AppLog] INFO : 手动负向JOG指令（8轴运控板卡系统） ====》：输出AXIS{第4轴},运动速度{1MM/s}
2023-05-11 20:21:08,770 [AppLog] INFO : 手动停止JOG输出（8轴运控板卡系统） ====》：输出AXIS{第4轴}
2023-05-11 20:21:10,736 [AppLog] INFO : 退出手动调试子模块,已执行修改
==========================================================================
2023-05-11 20:21:11,672 [AppLog] INFO : 进入手动调试子模块！
2023-05-11 20:21:11,672 [AppLog] INFO : 进入：ManulBtn_Click=》准备创建对象-手动操作！
2023-05-11 20:21:11,703 [AppLog] INFO : 创建：ManualControl=》创建完成-手动操作！
2023-05-11 20:21:11,703 [AppLog] INFO : 加载成功：温控Modbus接口！
2023-05-11 20:21:12,764 [AppLog] INFO : 手动开启自动清洗过程：AutoCleanBtn_Click
2023-05-11 20:21:12,764 [AppLog] INFO : 进入自动清洗过程：AutoCleanThread
2023-05-11 20:21:13,154 [AppLog] INFO : 刮墨轴回零成功：motionMap.SetBackSpreaderAxis(4, 1, 2, -SinkHomePosition)
2023-05-11 20:21:13,154 [AppLog] INFO : 准备读取编码器位置：Y方向！
2023-05-11 20:21:13,154 [AppLog] INFO : 准备运动，编码器当前位置：DEM_GetAxisEncodeVal：MoveDirectionFlag{false为Y方向：True}CurrentPos{51.1}AimPos{116}
2023-05-11 20:21:14,059 [AppLog] INFO : Y方向运动开始：DEM_Run：返回值{True}nAxis{1}DirFlag{True}nSpeed{300000}MoveStep{65022.7259}nCtlValue{1}
2023-05-11 20:21:14,121 [AppLog] INFO : Y方向到位停止：DEM_StopAxisRun：返回值{True}CurrentPos{115.95}bImmeStop{False}nAxisMask{2}
2023-05-11 20:21:14,121 [AppLog] INFO : 准备读取编码器位置：X方向！
2023-05-11 20:21:14,121 [AppLog] INFO : 准备运动，当前位置：DEV_GetPrintEncoderValue：MoveDirectionFlag{false为Y方向：False}CurrentPos{738.355}AimPos{780}
2023-05-11 20:21:14,152 [AppLog] INFO : X方向运动开始：DEM_Run：返回值{True}nAxis{0}DirFlag{True}nSpeed{300000}MoveStep{41645}nCtlValue{2}
2023-05-11 20:21:14,714 [AppLog] INFO : X方向到位停止：DEM_StopAxisRun：返回值{True}CurrentPos{776.33}bImmeStop{False}nAxisMask{1}
2023-05-11 20:21:14,714 [AppLog] INFO : 关闭闪喷： IDP_FlashPrtCtl(false)：ReturnCode{True}
2023-05-11 20:21:15,759 [AppLog] INFO : 开启闪喷： IDP_FlashPrtCtl(true)：ReturnCode{True}
2023-05-11 20:21:15,759 [AppLog] INFO : 开启压墨： motionMap.SetDo(13, true)
2023-05-11 20:21:16,274 [AppLog] INFO : 关闭压墨： motionMap.SetDo(13, false)
2023-05-11 20:21:16,274 [AppLog] INFO : 压墨等待开启：{0.5S}
2023-05-11 20:21:16,789 [AppLog] INFO : 压墨等待完成：{0.5S}
2023-05-11 20:21:16,789 [AppLog] INFO : 开启闪喷： IDP_FlashPrtCtl(false)：ReturnCode{True}
2023-05-11 20:21:16,789 [AppLog] INFO : 准备读取编码器位置：X方向！
2023-05-11 20:21:16,789 [AppLog] INFO : 准备运动，当前位置：DEV_GetPrintEncoderValue：MoveDirectionFlag{false为Y方向：False}CurrentPos{779.54}AimPos{680}
2023-05-11 20:21:16,820 [AppLog] INFO : X方向运动开始：DEM_Run：返回值{True}nAxis{0}DirFlag{False}nSpeed{250000}MoveStep{-99540}nCtlValue{2}
2023-05-11 20:21:17,974 [AppLog] INFO : X方向到位停止：DEM_StopAxisRun：返回值{True}CurrentPos{680.675}bImmeStop{False}nAxisMask{1}
2023-05-11 20:21:18,489 [AppLog] INFO : 准备读取编码器位置：X方向！
2023-05-11 20:21:18,489 [AppLog] INFO : 准备运动，当前位置：DEV_GetPrintEncoderValue：MoveDirectionFlag{false为Y方向：False}CurrentPos{680.64}AimPos{758}
2023-05-11 20:21:18,520 [AppLog] INFO : X方向运动开始：DEM_Run：返回值{True}nAxis{0}DirFlag{True}nSpeed{300000}MoveStep{77360}nCtlValue{2}
2023-05-11 20:21:19,300 [AppLog] INFO : X方向到位停止：DEM_StopAxisRun：返回值{True}CurrentPos{755.23}bImmeStop{False}nAxisMask{1}
2023-05-11 20:21:19,300 [AppLog] INFO : 准备读取编码器位置：Y方向！
2023-05-11 20:21:19,316 [AppLog] INFO : 准备运动，编码器当前位置：DEM_GetAxisEncodeVal：MoveDirectionFlag{false为Y方向：True}CurrentPos{115.99}AimPos{317}
2023-05-11 20:21:20,907 [AppLog] INFO : Y方向运动开始：DEM_Run：返回值{True}nAxis{1}DirFlag{True}nSpeed{300000}MoveStep{201390.10991}nCtlValue{1}
2023-05-11 20:21:20,970 [AppLog] INFO : Y方向到位停止：DEM_StopAxisRun：返回值{True}CurrentPos{316.945}bImmeStop{False}nAxisMask{2}
2023-05-11 20:21:20,970 [AppLog] INFO : 结束自动清洗过程：AutoCleanThread
2023-05-11 20:21:22,608 [AppLog] INFO : 退出手动调试子模块,已执行修改
==========================================================================
2023-05-11 20:21:25,962 [AppLog] INFO : 进入手动调试子模块！
2023-05-11 20:21:25,962 [AppLog] INFO : 进入：ManulBtn_Click=》准备创建对象-手动操作！
2023-05-11 20:21:25,993 [AppLog] INFO : 创建：ManualControl=》创建完成-手动操作！
2023-05-11 20:21:25,993 [AppLog] INFO : 加载成功：温控Modbus接口！
2023-05-11 20:21:27,756 [AppLog] INFO : 手动开启自动清洗过程：AutoCleanBtn_Click
2023-05-11 20:21:27,756 [AppLog] INFO : 进入自动清洗过程：AutoCleanThread
2023-05-11 20:21:28,130 [AppLog] INFO : 刮墨轴回零成功：motionMap.SetBackSpreaderAxis(4, 1, 2, -SinkHomePosition)
2023-05-11 20:21:28,130 [AppLog] INFO : 准备读取编码器位置：Y方向！
2023-05-11 20:21:28,130 [AppLog] INFO : 准备运动，编码器当前位置：DEM_GetAxisEncodeVal：MoveDirectionFlag{false为Y方向：True}CurrentPos{316.995}AimPos{116}
2023-05-11 20:21:29,690 [AppLog] INFO : Y方向运动开始：DEM_Run：返回值{True}nAxis{1}DirFlag{False}nSpeed{300000}MoveStep{-201375.081545}nCtlValue{1}
2023-05-11 20:21:29,752 [AppLog] INFO : Y方向到位停止：DEM_StopAxisRun：返回值{True}CurrentPos{116.19}bImmeStop{False}nAxisMask{2}
2023-05-11 20:21:29,752 [AppLog] INFO : 准备读取编码器位置：X方向！
2023-05-11 20:21:29,752 [AppLog] INFO : 准备运动，当前位置：DEV_GetPrintEncoderValue：MoveDirectionFlag{false为Y方向：False}CurrentPos{757.405}AimPos{780}
2023-05-11 20:21:29,799 [AppLog] INFO : X方向运动开始：DEM_Run：返回值{True}nAxis{0}DirFlag{True}nSpeed{300000}MoveStep{22595}nCtlValue{2}
2023-05-11 20:21:30,205 [AppLog] INFO : X方向到位停止：DEM_StopAxisRun：返回值{True}CurrentPos{776.145}bImmeStop{False}nAxisMask{1}
2023-05-11 20:21:30,205 [AppLog] INFO : 关闭闪喷： IDP_FlashPrtCtl(false)：ReturnCode{True}
2023-05-11 20:21:31,250 [AppLog] INFO : 开启闪喷： IDP_FlashPrtCtl(true)：ReturnCode{True}
2023-05-11 20:21:31,250 [AppLog] INFO : 开启压墨： motionMap.SetDo(13, true)
2023-05-11 20:21:31,765 [AppLog] INFO : 关闭压墨： motionMap.SetDo(13, false)
2023-05-11 20:21:31,765 [AppLog] INFO : 压墨等待开启：{0.5S}
2023-05-11 20:21:32,280 [AppLog] INFO : 压墨等待完成：{0.5S}
2023-05-11 20:21:32,295 [AppLog] INFO : 开启闪喷： IDP_FlashPrtCtl(false)：ReturnCode{True}
2023-05-11 20:21:32,295 [AppLog] INFO : 准备读取编码器位置：X方向！
2023-05-11 20:21:32,311 [AppLog] INFO : 准备运动，当前位置：DEV_GetPrintEncoderValue：MoveDirectionFlag{false为Y方向：False}CurrentPos{779.945}AimPos{680}
2023-05-11 20:21:32,342 [AppLog] INFO : X方向运动开始：DEM_Run：返回值{True}nAxis{0}DirFlag{False}nSpeed{250000}MoveStep{-99945}nCtlValue{2}
2023-05-11 20:21:33,372 [AppLog] INFO : X方向到位停止：DEM_StopAxisRun：返回值{True}CurrentPos{680.635}bImmeStop{False}nAxisMask{1}
2023-05-11 20:21:33,886 [AppLog] INFO : 准备读取编码器位置：X方向！
2023-05-11 20:21:33,902 [AppLog] INFO : 准备运动，当前位置：DEV_GetPrintEncoderValue：MoveDirectionFlag{false为Y方向：False}CurrentPos{680.625}AimPos{758}
2023-05-11 20:21:33,933 [AppLog] INFO : X方向运动开始：DEM_Run：返回值{True}nAxis{0}DirFlag{True}nSpeed{300000}MoveStep{77375}nCtlValue{2}
2023-05-11 20:21:34,760 [AppLog] INFO : X方向到位停止：DEM_StopAxisRun：返回值{True}CurrentPos{756.665}bImmeStop{False}nAxisMask{1}
2023-05-11 20:21:34,760 [AppLog] INFO : 准备读取编码器位置：Y方向！
2023-05-11 20:21:34,760 [AppLog] INFO : 准备运动，编码器当前位置：DEM_GetAxisEncodeVal：MoveDirectionFlag{false为Y方向：True}CurrentPos{116.15}AimPos{317}
2023-05-11 20:21:36,320 [AppLog] INFO : Y方向运动开始：DEM_Run：返回值{True}nAxis{1}DirFlag{True}nSpeed{300000}MoveStep{201229.80735}nCtlValue{1}
2023-05-11 20:21:36,382 [AppLog] INFO : Y方向到位停止：DEM_StopAxisRun：返回值{True}CurrentPos{316.795}bImmeStop{False}nAxisMask{2}
2023-05-11 20:21:36,382 [AppLog] INFO : 结束自动清洗过程：AutoCleanThread
2023-05-11 20:21:40,048 [AppLog] INFO : 退出手动调试子模块,已执行修改
==========================================================================
2023-05-11 20:21:45,041 [AppLog] INFO : 启动打印任务：准备开启数据处理及打印线程
2023-05-11 20:21:45,041 [AppLog] INFO : 创建：AutoPrintMotion0=》不需重新创建-手动操作！
2023-05-11 20:21:45,041 [AppLog] INFO : 启动打印线程失败，没有载入过波形文件：DataTaskTHREAD
2023-05-11 20:21:47,349 [AppLog] INFO : 进入手动调试子模块！
2023-05-11 20:21:47,349 [AppLog] INFO : 进入：ManulBtn_Click=》准备创建对象-手动操作！
2023-05-11 20:21:47,381 [AppLog] INFO : 创建：ManualControl=》创建完成-手动操作！
2023-05-11 20:21:47,381 [AppLog] INFO : 加载成功：温控Modbus接口！
2023-05-11 20:21:54,931 [AppLog] INFO : 更新波形路径：DEV_UpdateParam：{D:\Release-3DPrintingForBinderJetting-V2.0\波形文件\0316新调=波形文件=水性胶水\世彪新调-喷射量3.rhdat}
2023-05-11 20:21:54,947 [AppLog] INFO : {1}号喷头基准电压更新成功：DEV_SetWaveStdVoltage{0V,0V,0V,0V}；
2023-05-11 20:22:00,375 [AppLog] INFO : 重新加载完波形：DEV_ReloadWaveForm! 当前波形文件的基准电压参考值为：{18V}
2023-05-11 20:22:00,656 [AppLog] INFO : {1}号喷头电压调压成功：MCU_SetPhVoltage{0V,0V,0V,0V}；
2023-05-11 20:22:01,857 [AppLog] INFO : 退出手动调试子模块,已执行修改
==========================================================================
2023-05-11 20:22:03,776 [AppLog] INFO : 启动打印任务：准备开启数据处理及打印线程
2023-05-11 20:22:03,776 [AppLog] INFO : 创建：AutoPrintMotion0=》不需重新创建-手动操作！
2023-05-11 20:22:03,776 [AppLog] INFO : 停止打印任务，释放板卡内存：IDP_StopPrintJob()：ReturnFlag{True}
2023-05-11 20:22:03,792 [AppLog] INFO : 启动打印线程成功： DataTaskTHREAD
2023-05-11 20:22:03,792 [AppLog] INFO : 写入打印参数：IDP_SartPrintJob：nJobID{1}szJobName{金属3DP打印}nPixelGrayBits{1} nPrtCtl{0}nPrtXEncPos{10000}fPrtYPos{0}
2023-05-11 20:22:03,807 [AppLog] INFO : 进入：EquipmentMotionLogic3=》准备创建对象-手动操作！
2023-05-11 20:22:03,807 [AppLog] INFO : 启动打印线程成功：PrintTaskTHREAD
2023-05-11 20:22:03,839 [AppLog] INFO : 创建：AutoPrintMotion4=》初次创建完成-手动操作！
2023-05-11 20:22:03,870 [AppLog] INFO : 准备处理第0层数据：准备调用RenderToWic，index为0，subindex为0，g_nRePrintTimes为1，起始层为0
2023-05-11 20:22:03,963 [AppLog] INFO : 完成处理第0层数据：准备调用DrawLayerBMP，index为0，起始层为0
2023-05-11 20:22:03,963 [AppLog] INFO : 完成处理第0层数据：准备调用DrawLayerBMP，index为0，起始层为0
2023-05-11 20:22:04,400 [AppLog] INFO : 作业写入成功：IDP_WriteImgLayerData：bpp:{1bit}灰阶:{1阶}nLayerIndex{0}LayerIndex{0}SubIndex{0}RePrintTimes{1}nBytesPerLine{904}nWidth{7201}nHeight{6972}nXEncOff{0}nYJetOff{1}nImgStartJetIndex{0}nXDPI{571.5}nYDPI{600}nPrtDir{0} nPrtFlag{1}nColorCnts{1}nReserved{System.Int32[]}
2023-05-11 20:22:04,416 [AppLog] INFO : 完成处理第0层数据：准备调用RenderToWic，index为0，subindex为0，g_nRePrintTimes为1，起始层为0
2023-05-11 20:22:04,416 [AppLog] INFO : 准备处理第0层数据：准备调用RenderToWic，index为0，subindex为1，g_nRePrintTimes为1，起始层为0
2023-05-11 20:22:04,494 [AppLog] INFO : 完成处理第0层数据：准备调用DrawLayerBMP，index为0，起始层为0
2023-05-11 20:22:04,494 [AppLog] INFO : 完成处理第0层数据：准备调用DrawLayerBMP，index为0，起始层为0
2023-05-11 20:22:05,024 [AppLog] INFO : 作业写入成功：IDP_WriteImgLayerData：bpp:{1bit}灰阶:{1阶}nLayerIndex{1}LayerIndex{0}SubIndex{1}RePrintTimes{1}nBytesPerLine{904}nWidth{7201}nHeight{6972}nXEncOff{0}nYJetOff{1}nImgStartJetIndex{0}nXDPI{571.5}nYDPI{600}nPrtDir{0} nPrtFlag{1}nColorCnts{1}nReserved{System.Int32[]}
2023-05-11 20:22:05,024 [AppLog] INFO : 完成处理第0层数据：准备调用RenderToWic，index为0，subindex为1，g_nRePrintTimes为1，起始层为0
2023-05-11 20:22:05,040 [AppLog] INFO : 准备处理第1层数据：准备调用RenderToWic，index为1，subindex为0，g_nRePrintTimes为1，起始层为0
2023-05-11 20:22:05,118 [AppLog] INFO : 完成处理第1层数据：准备调用DrawLayerBMP，index为1，起始层为0
2023-05-11 20:22:05,118 [AppLog] INFO : 完成处理第1层数据：准备调用DrawLayerBMP，index为1，起始层为0
2023-05-11 20:22:05,133 [AppLog] INFO : 关闭自动供墨：DEV_EnableInkAutoSupply：ControlBit{0xX}
2023-05-11 20:22:05,149 [AppLog] INFO : 初始化墨轴1：DEM_InitAxis：{0, 0x100}
2023-05-11 20:22:05,149 [AppLog] INFO : 初始化墨轴2：DEM_InitAxis：{1, 0x1400}
2023-05-11 20:22:05,165 [AppLog] INFO : 初始化墨轴3：DEM_InitAxis：{1, 0x1400}
2023-05-11 20:22:05,180 [AppLog] INFO : 使能所有墨轴：DEM_EnableAxisRun：{true}
2023-05-11 20:22:05,180 [AppLog] INFO : 使能双Y墨轴输出同步：DEM_EnableDYOutPut：{true, true}
2023-05-11 20:22:05,180 [AppLog] INFO : 初始化墨轴1：DEM_InitAxis：{0, 0x100}
2023-05-11 20:22:05,180 [AppLog] INFO : 使能所有墨轴：DEM_EnableAxisRun：{true}
2023-05-11 20:22:05,196 [AppLog] INFO : 开启自动供墨：DEV_EnableInkAutoSupply：ControlBit{0xFF}
2023-05-11 20:22:05,243 [AppLog] INFO : 接收到恢复打印指令：PrintTaskTHREAD
2023-05-11 20:22:05,243 [AppLog] INFO : 获取打印Pass数据：IDP_GetPassItem2：nLayerIndex{1}nPassID{0}nProcState{3}LPPassDataItemb:PrtDir{False}nDataTxCompleteCnt{1}nHwMemAdrMatchMask{1}nLayerIndex{1}nLayerPassCount{6}nLayerPassIndex{0}nMinJet0ImgLinePos{1}nPrtMemHwAddr{System.UInt32[]}nPrtDataOffset{System.UInt32[]}nSrcDataSize{System.UInt32[]}nPrtColBytes{System.UInt32[]}nPrtPrecession{8.888}nSrcEndCols{7200}nSrcStartCols{0}nStartEncPos{76504}nValidPassJets{1280}nValidPrtCols{7479}nValidPrtCtlCnts{1}pDataBuf{0}pNextItem{481557616}
2023-05-11 20:22:05,289 [AppLog] INFO : 使能Pass打印成功：IDP_DoPassPrint2：nLayerIndex{1}nPassID{0}
2023-05-11 20:22:05,289 [AppLog] INFO : PASS打印前关键状态：DEV_GetDeviceInfo2：nLayerIndex{1}nPassID{0}LPPRINTER_INFO:nXSysEncDPI{0}nStatus{0}nPrintStatus{0}bSuperDevice{0}
LPPRINTER_INFO-LPPrtRunInfo:bJobPrtRuning{False}bLayerPrtIsOver{False}nContReqMemErr{0}nContWDErr{0}nCurPrtDir{0}nDTLayerIndex{0}nDTLayerPassIndex{0}nDTPtrCtlIndex{0}nLayerPassCount{0}nPrintLayerIndex{0}nPrintPassIndex{0}nProcLayerIndex{0}nPrtDataMemAddr{0}nPrtState{0}nReverse{System.Int32[]}nRevPrtCols{0}
LPPRINTER_INFO-LPDRVINFO:nFMVersion{0}nFpgaVersion{0}nPCBVersion{0}nState{0}nNextState{0}nPtvwarnState{0}nCrc32{0}nRevInfo{System.UInt32[]}nSignature{0}
2023-05-11 20:22:05,289 [AppLog] INFO : PASS打印前关键状态：DEV_GetDeviceInfo：nLayerIndex{1}nPassID{0}LPPRINTER_INFO:nXSysEncDPI{5080}nStatus{909129520}nPrintStatus{0}bSuperDevice{1}
LPPRINTER_INFO-LPPrtRunInfo:bJobPrtRuning{True}bLayerPrtIsOver{False}nContReqMemErr{0}nContWDErr{0}nCurPrtDir{0}nDTLayerIndex{1}nDTLayerPassIndex{4}nDTPtrCtlIndex{0}nLayerPassCount{6}nPrintLayerIndex{1}nPrintPassIndex{0}nProcLayerIndex{1}nPrtDataMemAddr{0}nPrtState{0}nReverse{System.Int32[]}nRevPrtCols{0}
LPPRINTER_INFO-LPDRVINFO:nFMVersion{45074}nFpgaVersion{539038216}nPCBVersion{0}nState{0}nNextState{0}nPtvwarnState{0}nCrc32{0}nRevInfo{System.UInt32[]}nSignature{0}
2023-05-11 20:22:05,336 [AppLog] INFO : 创建：AutoPrintMotion1=》初次创建完成-手动操作！
2023-05-11 20:22:05,336 [AppLog] INFO : 进入：EquipmentMotionLogic3=》准备创建对象-手动操作！
2023-05-11 20:22:05,367 [AppLog] INFO : 进入：EquipmentMotionLogic3=》初次创建完成-手动操作！
2023-05-11 20:22:05,367 [AppLog] INFO : 进入：EquipmentMotionLogic3=》赋值完成自-AutoPrintMotion2！
2023-05-11 20:22:05,367 [AppLog] INFO : 进入：EquipmentMotionLogic3=》加载配置文件-LoadJsonFile成功！
2023-05-11 20:22:05,367 [AppLog] INFO : 进入自动清洗过程：AutoCleanThread
2023-05-11 20:22:05,742 [AppLog] INFO : 刮墨轴回零成功：motionMap.SetBackSpreaderAxis(4, 1, 2, -SinkHomePosition)
2023-05-11 20:22:05,742 [AppLog] INFO : 准备读取编码器位置：Y方向！
2023-05-11 20:22:05,742 [AppLog] INFO : 准备运动，编码器当前位置：DEM_GetAxisEncodeVal：MoveDirectionFlag{false为Y方向：True}CurrentPos{316.85}AimPos{116}
2023-05-11 20:25:32,777 [AppLog] INFO : 设备开机密码错误，登录失败1次：输入错误密码为：{123456789}
2023-05-11 20:26:07,138 [AppLog] INFO : 软件开机密码正确，登录成功1次
==========================================================================
操作系统:{Microsoft Windows 7 旗舰版 }
运行环境:{ .Net Framework Enviroment Version 4.0.30319.42000}
盘符：D
CPU使用率：{46.4283%} ，可用内存大小:{14175MB}，硬盘剩余空间：
  盘符 C:\ 的剩余空间：70 GB
  盘符 D:\ 的剩余空间：95 GB
  盘符 F:\ 的剩余空间：57 GB
硬件配置情况：
  CPU 厂家: GenuineIntel CPU 型号: Intel(R) Core(TM) i7-4770 CPU @ 3.40GHz
  内存条厂家: Kingston 内存条型号: 99P5471-043.A00LF 
  内存条厂家: Kingston 内存条型号: 99P5471-043.A00LF 
  硬盘厂家: (标准磁盘驱动器) 硬盘型号: Micron_1300_MTFDDAK256TDL ATA Device
  硬盘厂家: (标准磁盘驱动器) 硬盘型号:  USB  SanDisk 3.2Gen1 USB Device
==========================================================================
2023-05-11 20:26:07,153 [AppLog] INFO : 开启系统：板卡通讯，伺服供电，照明系统，UV/HR固化系统！
2023-05-11 20:26:07,153 [AppLog] INFO : 开启系统：一键启动系统开始！
2023-05-11 20:26:11,880 [AppLog] INFO : 进入电气控制模块
2023-05-11 20:26:12,878 [AppLog] INFO : 退出电气控制模块
2023-05-11 20:26:13,237 [AppLog] INFO : 开启系统：一键启动系统结束！
2023-05-11 20:26:13,409 [AppLog] INFO : 创建：AutoPrintMotion0=》初次创建完成-手动操作！
2023-05-11 20:26:13,487 [AppLog] INFO : 初始化喷墨控制器启动！
2023-05-11 20:26:37,261 [AppLog] INFO : 打开喷墨控制器设备成功！
2023-05-11 20:26:37,292 [AppLog] INFO : 输入校准值1次{成功}，打印往返差校准值为：BiDirEncPrtOff{5},分频值{8},打印速度{300mm/s}
2023-05-11 20:26:37,667 [AppLog] INFO : PASS打印前关键状态：DEV_GetDeviceInfo：LPPRINTER_INFO:nXSysEncDPI{5080}nStatus{909129520}nPrintStatus{0}bSuperDevice{1}
LPPRINTER_INFO-LPPrtRunInfo:bJobPrtRuning{False}bLayerPrtIsOver{False}nContReqMemErr{0}nContWDErr{0}nCurPrtDir{0}nDTLayerIndex{0}nDTLayerPassIndex{0}nDTPtrCtlIndex{0}nLayerPassCount{0}nPrintLayerIndex{0}nPrintPassIndex{0}nProcLayerIndex{0}nPrtDataMemAddr{0}nPrtState{0}nReverse{System.Int32[]}nRevPrtCols{0}
LPPRINTER_INFO-LPDRVINFO:nFMVersion{45074}nFpgaVersion{539038216}nPCBVersion{0}nState{0}nNextState{0}nPtvwarnState{0}nCrc32{0}nRevInfo{System.UInt32[]}nSignature{0}
2023-05-11 20:26:39,570 [AppLog] INFO : 初始化喷墨控制器成功！
2023-05-11 20:26:39,570 [AppLog] INFO : 进入：EquipmentMotionLogic3=》准备创建对象-手动操作！
2023-05-11 20:26:39,601 [AppLog] INFO : 进入：EquipmentMotionLogic3=》创建完成-手动操作！
2023-05-11 20:26:39,726 [AppLog] INFO : 红外灯控制器485通讯建立！
2023-05-11 20:26:39,726 [AppLog] INFO : 进入电气控制模块
2023-05-11 20:26:41,676 [AppLog] INFO : 退出电气控制模块
2023-05-11 20:26:42,222 [AppLog] INFO : 进入手动调试子模块！
2023-05-11 20:26:42,222 [AppLog] INFO : 进入：ManulBtn_Click=》准备创建对象-手动操作！
2023-05-11 20:26:42,253 [AppLog] INFO : 创建：ManualControl=》创建完成-手动操作！
2023-05-11 20:26:42,253 [AppLog] INFO : 加载成功：温控Modbus接口！
2023-05-11 20:26:44,843 [AppLog] INFO : 开启铺粉车回零校准：PowderCarHomeBtn_Click
2023-05-11 20:26:44,843 [AppLog] INFO : 开启粉车回零校准线程：PowderCarHomeResetThread
2023-05-11 20:26:46,216 [AppLog] INFO : 开启墨车回零校准：PrintCarHomeBtn_Click
2023-05-11 20:26:46,216 [AppLog] INFO : 开启墨车回零校准线程：InkCarEncoderResetThread
2023-05-11 20:26:54,905 [AppLog] INFO : 手动正向点动指令（8轴运控板卡系统） ====》：输出AXIS{第2轴},点动量{-116MM},运动速度{30MM/s}
2023-05-11 20:26:54,905 [AppLog] INFO : 粉车回零校准线程成功：PowderCarHomeResetThread
2023-05-11 20:26:58,883 [AppLog] INFO : 墨车回零校准线程成功：InkCarEncoderResetThread
2023-05-11 20:27:03,173 [AppLog] INFO : 更新波形路径：DEV_UpdateParam：{D:\Release-3DPrintingForBinderJetting-V2.0\波形文件\0316新调=波形文件=水性胶水\世彪新调-喷射量3.rhdat}
2023-05-11 20:27:03,173 [AppLog] INFO : {1}号喷头基准电压更新成功：DEV_SetWaveStdVoltage{0V,0V,0V,0V}；
2023-05-11 20:27:08,602 [AppLog] INFO : 重新加载完波形：DEV_ReloadWaveForm! 当前波形文件的基准电压参考值为：{18V}
2023-05-11 20:27:08,882 [AppLog] INFO : {1}号喷头电压调压成功：MCU_SetPhVoltage{0V,0V,0V,0V}；
2023-05-11 20:27:10,084 [AppLog] INFO : 手动开启自动清洗过程：AutoCleanBtn_Click
2023-05-11 20:27:10,099 [AppLog] INFO : 进入自动清洗过程：AutoCleanThread
2023-05-11 20:27:10,505 [AppLog] INFO : 刮墨轴回零成功：motionMap.SetBackSpreaderAxis(4, 1, 2, -SinkHomePosition)
2023-05-11 20:27:10,505 [AppLog] INFO : 准备读取编码器位置：Y方向！
2023-05-11 20:27:10,505 [AppLog] INFO : 准备运动，编码器当前位置：DEM_GetAxisEncodeVal：MoveDirectionFlag{false为Y方向：True}CurrentPos{51.125}AimPos{116}
2023-05-11 20:27:11,347 [AppLog] INFO : Y方向运动开始：DEM_Run：返回值{True}nAxis{1}DirFlag{True}nSpeed{300000}MoveStep{64997.678625}nCtlValue{1}
2023-05-11 20:27:11,410 [AppLog] INFO : Y方向到位停止：DEM_StopAxisRun：返回值{True}CurrentPos{115.95}bImmeStop{False}nAxisMask{2}
2023-05-11 20:27:11,410 [AppLog] INFO : 准备读取编码器位置：X方向！
2023-05-11 20:27:11,410 [AppLog] INFO : 准备运动，当前位置：DEV_GetPrintEncoderValue：MoveDirectionFlag{false为Y方向：False}CurrentPos{738.35}AimPos{780}
2023-05-11 20:27:11,441 [AppLog] INFO : X方向运动开始：DEM_Run：返回值{True}nAxis{0}DirFlag{True}nSpeed{300000}MoveStep{41650}nCtlValue{2}
2023-05-11 20:27:12,018 [AppLog] INFO : X方向到位停止：DEM_StopAxisRun：返回值{True}CurrentPos{777.37}bImmeStop{False}nAxisMask{1}
2023-05-11 20:27:12,018 [AppLog] INFO : 关闭闪喷： IDP_FlashPrtCtl(false)：ReturnCode{True}
2023-05-11 20:27:13,063 [AppLog] INFO : 开启闪喷： IDP_FlashPrtCtl(true)：ReturnCode{True}
2023-05-11 20:27:13,063 [AppLog] INFO : 开启压墨： motionMap.SetDo(13, true)
2023-05-11 20:27:13,578 [AppLog] INFO : 关闭压墨： motionMap.SetDo(13, false)
2023-05-11 20:27:13,578 [AppLog] INFO : 压墨等待开启：{0.5S}
2023-05-11 20:27:14,093 [AppLog] INFO : 压墨等待完成：{0.5S}
2023-05-11 20:27:14,093 [AppLog] INFO : 开启闪喷： IDP_FlashPrtCtl(false)：ReturnCode{True}
2023-05-11 20:27:14,093 [AppLog] INFO : 准备读取编码器位置：X方向！
2023-05-11 20:27:14,093 [AppLog] INFO : 准备运动，当前位置：DEV_GetPrintEncoderValue：MoveDirectionFlag{false为Y方向：False}CurrentPos{779.53}AimPos{680}
2023-05-11 20:27:14,124 [AppLog] INFO : X方向运动开始：DEM_Run：返回值{True}nAxis{0}DirFlag{False}nSpeed{250000}MoveStep{-99530}nCtlValue{2}
2023-05-11 20:27:15,247 [AppLog] INFO : X方向到位停止：DEM_StopAxisRun：返回值{True}CurrentPos{680.655}bImmeStop{False}nAxisMask{1}
2023-05-11 20:27:15,575 [AppLog] INFO : 退出手动调试子模块,已执行修改
==========================================================================
2023-05-11 20:27:15,762 [AppLog] INFO : 准备读取编码器位置：X方向！
2023-05-11 20:27:15,762 [AppLog] INFO : 准备运动，当前位置：DEV_GetPrintEncoderValue：MoveDirectionFlag{false为Y方向：False}CurrentPos{680.63}AimPos{758}
2023-05-11 20:27:15,793 [AppLog] INFO : X方向运动开始：DEM_Run：返回值{True}nAxis{0}DirFlag{True}nSpeed{300000}MoveStep{77370}nCtlValue{2}
2023-05-11 20:27:16,604 [AppLog] INFO : X方向到位停止：DEM_StopAxisRun：返回值{True}CurrentPos{756.335}bImmeStop{False}nAxisMask{1}
2023-05-11 20:27:16,604 [AppLog] INFO : 准备读取编码器位置：Y方向！
2023-05-11 20:27:16,604 [AppLog] INFO : 准备运动，编码器当前位置：DEM_GetAxisEncodeVal：MoveDirectionFlag{false为Y方向：True}CurrentPos{116.01}AimPos{317}
2023-05-11 20:27:18,149 [AppLog] INFO : Y方向运动开始：DEM_Run：返回值{True}nAxis{1}DirFlag{True}nSpeed{300000}MoveStep{201370.07209}nCtlValue{1}
2023-05-11 20:27:18,227 [AppLog] INFO : Y方向到位停止：DEM_StopAxisRun：返回值{True}CurrentPos{316.91}bImmeStop{False}nAxisMask{2}
2023-05-11 20:27:18,227 [AppLog] INFO : 结束自动清洗过程：AutoCleanThread
2023-05-11 20:27:19,054 [AppLog] INFO : 进入数据加载模块
2023-05-11 20:27:26,011 [AppLog] INFO : 进入JOB参数设置：修改前初始参数：灰度数据格式{1bits}打印灰阶{1阶}m_XPrintDpi{System.Single[]Dpi}墨车运动速度{300MM/s}X向起打位置{50MM}X向起打位置偏移{0MM}Y向起打位置偏移{0MM}
2023-05-11 20:27:28,570 [AppLog] INFO : CAD数据加载：添加.bjgroup格式CAD数据成功-D:\Release-3DPrintingForBinderJetting-V2.0\CLI输入文件\shibiao-0321\shibiao-0425.bjgroup
2023-05-11 20:27:30,145 [AppLog] INFO : 退出JOB参数设置：未修改直接退出！
2023-05-11 20:27:35,340 [AppLog] INFO : 启动打印任务：准备开启数据处理及打印线程
2023-05-11 20:27:35,340 [AppLog] INFO : 创建：AutoPrintMotion0=》不需重新创建-手动操作！
2023-05-11 20:27:35,340 [AppLog] INFO : 停止打印任务，释放板卡内存：IDP_StopPrintJob()：ReturnFlag{True}
2023-05-11 20:27:35,340 [AppLog] INFO : 启动打印线程成功： DataTaskTHREAD
2023-05-11 20:27:35,356 [AppLog] INFO : 启动打印线程成功：PrintTaskTHREAD
2023-05-11 20:27:35,356 [AppLog] INFO : 写入打印参数：IDP_SartPrintJob：nJobID{1}szJobName{金属3DP打印}nPixelGrayBits{1} nPrtCtl{0}nPrtXEncPos{10000}fPrtYPos{0}
2023-05-11 20:27:35,356 [AppLog] INFO : 进入：EquipmentMotionLogic3=》准备创建对象-手动操作！
2023-05-11 20:27:35,387 [AppLog] INFO : 创建：AutoPrintMotion4=》初次创建完成-手动操作！
2023-05-11 20:27:35,403 [AppLog] INFO : 准备处理第0层数据：准备调用RenderToWic，index为0，subindex为0，g_nRePrintTimes为1，起始层为0
2023-05-11 20:27:35,496 [AppLog] INFO : 完成处理第0层数据：准备调用DrawLayerBMP，index为0，起始层为0
2023-05-11 20:27:35,512 [AppLog] INFO : 完成处理第0层数据：准备调用DrawLayerBMP，index为0，起始层为0
2023-05-11 20:27:35,964 [AppLog] INFO : 作业写入成功：IDP_WriteImgLayerData：bpp:{1bit}灰阶:{1阶}nLayerIndex{0}LayerIndex{0}SubIndex{0}RePrintTimes{1}nBytesPerLine{904}nWidth{7201}nHeight{6972}nXEncOff{0}nYJetOff{1}nImgStartJetIndex{0}nXDPI{571.5}nYDPI{600}nPrtDir{0} nPrtFlag{1}nColorCnts{1}nReserved{System.Int32[]}
2023-05-11 20:27:35,964 [AppLog] INFO : 完成处理第0层数据：准备调用RenderToWic，index为0，subindex为0，g_nRePrintTimes为1，起始层为0
2023-05-11 20:27:35,964 [AppLog] INFO : 准备处理第0层数据：准备调用RenderToWic，index为0，subindex为1，g_nRePrintTimes为1，起始层为0
2023-05-11 20:27:36,042 [AppLog] INFO : 完成处理第0层数据：准备调用DrawLayerBMP，index为0，起始层为0
2023-05-11 20:27:36,042 [AppLog] INFO : 完成处理第0层数据：准备调用DrawLayerBMP，index为0，起始层为0
2023-05-11 20:27:36,573 [AppLog] INFO : 作业写入成功：IDP_WriteImgLayerData：bpp:{1bit}灰阶:{1阶}nLayerIndex{1}LayerIndex{0}SubIndex{1}RePrintTimes{1}nBytesPerLine{904}nWidth{7201}nHeight{6972}nXEncOff{0}nYJetOff{1}nImgStartJetIndex{0}nXDPI{571.5}nYDPI{600}nPrtDir{0} nPrtFlag{1}nColorCnts{1}nReserved{System.Int32[]}
2023-05-11 20:27:36,573 [AppLog] INFO : 完成处理第0层数据：准备调用RenderToWic，index为0，subindex为1，g_nRePrintTimes为1，起始层为0
2023-05-11 20:27:36,573 [AppLog] INFO : 准备处理第1层数据：准备调用RenderToWic，index为1，subindex为0，g_nRePrintTimes为1，起始层为0
2023-05-11 20:27:36,588 [AppLog] INFO : 关闭自动供墨：DEV_EnableInkAutoSupply：ControlBit{0xX}
2023-05-11 20:27:36,588 [AppLog] INFO : 初始化墨轴1：DEM_InitAxis：{0, 0x100}
2023-05-11 20:27:36,604 [AppLog] INFO : 初始化墨轴2：DEM_InitAxis：{1, 0x1400}
2023-05-11 20:27:36,619 [AppLog] INFO : 初始化墨轴3：DEM_InitAxis：{1, 0x1400}
2023-05-11 20:27:36,619 [AppLog] INFO : 使能所有墨轴：DEM_EnableAxisRun：{true}
2023-05-11 20:27:36,619 [AppLog] INFO : 使能双Y墨轴输出同步：DEM_EnableDYOutPut：{true, true}
2023-05-11 20:27:36,635 [AppLog] INFO : 初始化墨轴1：DEM_InitAxis：{0, 0x100}
2023-05-11 20:27:36,635 [AppLog] INFO : 使能所有墨轴：DEM_EnableAxisRun：{true}
2023-05-11 20:27:36,635 [AppLog] INFO : 开启自动供墨：DEV_EnableInkAutoSupply：ControlBit{0xFF}
2023-05-11 20:27:36,651 [AppLog] INFO : 接收到起始打印指令：PrintTaskTHREAD
2023-05-11 20:27:36,651 [AppLog] INFO : 获取打印Pass数据：IDP_GetPassItem2：nLayerIndex{1}nPassID{0}nProcState{3}LPPassDataItemb:PrtDir{False}nDataTxCompleteCnt{1}nHwMemAdrMatchMask{1}nLayerIndex{1}nLayerPassCount{6}nLayerPassIndex{0}nMinJet0ImgLinePos{1}nPrtMemHwAddr{System.UInt32[]}nPrtDataOffset{System.UInt32[]}nSrcDataSize{System.UInt32[]}nPrtColBytes{System.UInt32[]}nPrtPrecession{8.888}nSrcEndCols{7200}nSrcStartCols{0}nStartEncPos{76504}nValidPassJets{1280}nValidPrtCols{7479}nValidPrtCtlCnts{1}pDataBuf{0}pNextItem{681295664}
2023-05-11 20:27:36,666 [AppLog] INFO : 完成处理第1层数据：准备调用DrawLayerBMP，index为1，起始层为0
2023-05-11 20:27:36,666 [AppLog] INFO : 完成处理第1层数据：准备调用DrawLayerBMP，index为1，起始层为0
2023-05-11 20:27:36,697 [AppLog] INFO : 使能Pass打印成功：IDP_DoPassPrint2：nLayerIndex{1}nPassID{0}
2023-05-11 20:27:36,729 [AppLog] INFO : 创建：AutoPrintMotion1=》初次创建完成-手动操作！
2023-05-11 20:27:36,729 [AppLog] INFO : 进入：EquipmentMotionLogic3=》准备创建对象-手动操作！
2023-05-11 20:27:36,775 [AppLog] INFO : 进入：EquipmentMotionLogic3=》初次创建完成-手动操作！
2023-05-11 20:27:36,775 [AppLog] INFO : 进入：EquipmentMotionLogic3=》赋值完成自-AutoPrintMotion2！
2023-05-11 20:27:36,775 [AppLog] INFO : 进入：EquipmentMotionLogic3=》加载配置文件-LoadJsonFile成功！
2023-05-11 20:27:36,775 [AppLog] INFO : 进入自动清洗过程：AutoCleanThread
2023-05-11 20:28:24,472 [AppLog] INFO : 刮墨轴回零成功：motionMap.SetBackSpreaderAxis(4, 1, 2, -SinkHomePosition)
2023-05-11 20:28:24,472 [AppLog] INFO : 准备读取编码器位置：Y方向！
2023-05-11 20:29:27,245 [AppLog] INFO : 软件开机密码正确，登录成功1次
==========================================================================
操作系统:{Microsoft Windows 7 旗舰版 }
运行环境:{ .Net Framework Enviroment Version 4.0.30319.42000}
盘符：D
CPU使用率：{46.4283%} ，可用内存大小:{14162MB}，硬盘剩余空间：
  盘符 C:\ 的剩余空间：70 GB
  盘符 D:\ 的剩余空间：95 GB
  盘符 F:\ 的剩余空间：57 GB
硬件配置情况：
  CPU 厂家: GenuineIntel CPU 型号: Intel(R) Core(TM) i7-4770 CPU @ 3.40GHz
  内存条厂家: Kingston 内存条型号: 99P5471-043.A00LF 
  内存条厂家: Kingston 内存条型号: 99P5471-043.A00LF 
  硬盘厂家: (标准磁盘驱动器) 硬盘型号: Micron_1300_MTFDDAK256TDL ATA Device
  硬盘厂家: (标准磁盘驱动器) 硬盘型号:  USB  SanDisk 3.2Gen1 USB Device
==========================================================================
2023-05-11 20:29:28,586 [AppLog] INFO : 开启系统：板卡通讯，伺服供电，照明系统，UV/HR固化系统！
2023-05-11 20:29:28,586 [AppLog] INFO : 开启系统：一键启动系统开始！
2023-05-11 20:29:34,686 [AppLog] INFO : 开启系统：一键启动系统结束！
2023-05-11 20:29:34,857 [AppLog] INFO : 创建：AutoPrintMotion0=》初次创建完成-手动操作！
2023-05-11 20:29:34,920 [AppLog] INFO : 初始化喷墨控制器启动！
2023-05-11 20:29:58,694 [AppLog] INFO : 打开喷墨控制器设备成功！
2023-05-11 20:29:58,725 [AppLog] INFO : 输入校准值1次{成功}，打印往返差校准值为：BiDirEncPrtOff{5},分频值{8},打印速度{300mm/s}
2023-05-11 20:29:59,115 [AppLog] INFO : PASS打印前关键状态：DEV_GetDeviceInfo：LPPRINTER_INFO:nXSysEncDPI{5080}nStatus{909129520}nPrintStatus{0}bSuperDevice{1}
LPPRINTER_INFO-LPPrtRunInfo:bJobPrtRuning{False}bLayerPrtIsOver{False}nContReqMemErr{0}nContWDErr{0}nCurPrtDir{0}nDTLayerIndex{0}nDTLayerPassIndex{0}nDTPtrCtlIndex{0}nLayerPassCount{0}nPrintLayerIndex{0}nPrintPassIndex{0}nProcLayerIndex{0}nPrtDataMemAddr{0}nPrtState{0}nReverse{System.Int32[]}nRevPrtCols{0}
LPPRINTER_INFO-LPDRVINFO:nFMVersion{45074}nFpgaVersion{539038216}nPCBVersion{0}nState{0}nNextState{0}nPtvwarnState{0}nCrc32{0}nRevInfo{System.UInt32[]}nSignature{0}
2023-05-11 20:30:02,828 [AppLog] INFO : 初始化喷墨控制器成功！
2023-05-11 20:30:02,828 [AppLog] INFO : 进入：EquipmentMotionLogic3=》准备创建对象-手动操作！
2023-05-11 20:30:02,860 [AppLog] INFO : 进入：EquipmentMotionLogic3=》创建完成-手动操作！
2023-05-11 20:30:02,984 [AppLog] INFO : 红外灯控制器485通讯建立！
2023-05-11 20:30:02,984 [AppLog] INFO : 进入电气控制模块
2023-05-11 20:30:03,889 [AppLog] INFO : 退出电气控制模块
2023-05-11 20:39:58,937 [AppLog] INFO : 开启系统：板卡通讯，伺服供电，照明系统，UV/HR固化系统！
2023-05-11 20:39:59,951 [AppLog] INFO : 关闭系统：一键关闭系统开始！
2023-05-11 20:40:06,123 [AppLog] INFO : 关闭系统：一键关闭系统结束！
2023-05-11 20:40:06,123 [AppLog] INFO : 喷墨控制器的所有轴输出关闭！
2023-05-11 20:40:06,123 [AppLog] INFO : 喷墨控制器关闭！
2023-05-11 20:40:06,123 [AppLog] INFO : 创建：AutoPrintMotion0=》不需重新创建-手动操作！
2023-05-11 20:40:06,139 [AppLog] INFO : 进入电气控制模块
2023-05-11 20:40:07,512 [AppLog] INFO : 退出电气控制模块
2023-05-11 20:40:08,604 [AppLog] INFO : 软件及设备关停中：墨车所有方向运动确认停止（X,Y,Y2)： bImmeStop{False},nAxisMask{0x7}
2023-05-11 20:40:08,604 [AppLog] INFO : 软件及设备关停中：喷墨控制器板卡系统关闭（X,Y,Y2)：DEV_CloseDevice
2023-05-11 20:40:09,275 [AppLog] INFO : 软件及设备关停成功
==========================================================================
操作系统:{Microsoft Windows 7 旗舰版 }
运行环境:{ .Net Framework Enviroment Version 4.0.30319.42000}
盘符：D
CPU使用率：{0%} ，可用内存大小:{14152MB}，硬盘剩余空间：
  盘符 C:\ 的剩余空间：70 GB
  盘符 D:\ 的剩余空间：95 GB
  盘符 F:\ 的剩余空间：57 GB
==========================================================================
2023-05-11 20:40:59,179 [AppLog] INFO : 软件开机密码正确，登录成功1次
==========================================================================
操作系统:{Microsoft Windows 7 旗舰版 }
运行环境:{ .Net Framework Enviroment Version 4.0.30319.42000}
盘符：D
CPU使用率：{10.7139%} ，可用内存大小:{14155MB}，硬盘剩余空间：
  盘符 C:\ 的剩余空间：70 GB
  盘符 D:\ 的剩余空间：94 GB
  盘符 F:\ 的剩余空间：57 GB
硬件配置情况：
  CPU 厂家: GenuineIntel CPU 型号: Intel(R) Core(TM) i7-4770 CPU @ 3.40GHz
  内存条厂家: Kingston 内存条型号: 99P5471-043.A00LF 
  内存条厂家: Kingston 内存条型号: 99P5471-043.A00LF 
  硬盘厂家: (标准磁盘驱动器) 硬盘型号: Micron_1300_MTFDDAK256TDL ATA Device
  硬盘厂家: (标准磁盘驱动器) 硬盘型号:  USB  SanDisk 3.2Gen1 USB Device
==========================================================================
2023-05-11 20:41:01,784 [AppLog] INFO : 开启系统：板卡通讯，伺服供电，照明系统，UV/HR固化系统！
2023-05-11 20:41:01,784 [AppLog] INFO : 开启系统：一键启动系统开始！
2023-05-11 20:41:03,095 [AppLog] INFO : 进入JOB参数设置：修改前初始参数：灰度数据格式{1bits}打印灰阶{1阶}m_XPrintDpi{System.Single[]Dpi}墨车运动速度{300MM/s}X向起打位置{50MM}X向起打位置偏移{0MM}Y向起打位置偏移{0MM}
2023-05-11 20:41:07,884 [AppLog] INFO : 开启系统：一键启动系统结束！
2023-05-11 20:41:08,056 [AppLog] INFO : 创建：AutoPrintMotion0=》初次创建完成-手动操作！
2023-05-11 20:41:08,087 [AppLog] INFO : 初始化喷墨控制器启动！
2023-05-11 20:41:31,861 [AppLog] INFO : 打开喷墨控制器设备成功！
2023-05-11 20:41:31,892 [AppLog] INFO : 输入校准值1次{成功}，打印往返差校准值为：BiDirEncPrtOff{5},分频值{8},打印速度{300mm/s}
2023-05-11 20:41:32,282 [AppLog] INFO : PASS打印前关键状态：DEV_GetDeviceInfo：LPPRINTER_INFO:nXSysEncDPI{5080}nStatus{909129520}nPrintStatus{0}bSuperDevice{1}
LPPRINTER_INFO-LPPrtRunInfo:bJobPrtRuning{False}bLayerPrtIsOver{False}nContReqMemErr{0}nContWDErr{0}nCurPrtDir{0}nDTLayerIndex{0}nDTLayerPassIndex{0}nDTPtrCtlIndex{0}nLayerPassCount{0}nPrintLayerIndex{0}nPrintPassIndex{0}nProcLayerIndex{0}nPrtDataMemAddr{0}nPrtState{0}nReverse{System.Int32[]}nRevPrtCols{0}
LPPRINTER_INFO-LPDRVINFO:nFMVersion{45074}nFpgaVersion{539038216}nPCBVersion{0}nState{0}nNextState{0}nPtvwarnState{0}nCrc32{0}nRevInfo{System.UInt32[]}nSignature{0}
2023-05-11 20:41:33,749 [AppLog] INFO : 初始化喷墨控制器成功！
2023-05-11 20:41:33,749 [AppLog] INFO : 进入：EquipmentMotionLogic3=》准备创建对象-手动操作！
2023-05-11 20:41:33,780 [AppLog] INFO : 进入：EquipmentMotionLogic3=》创建完成-手动操作！
2023-05-11 20:41:33,905 [AppLog] INFO : 红外灯控制器485通讯建立！
2023-05-11 20:41:33,905 [AppLog] INFO : 进入电气控制模块
2023-05-11 20:41:34,732 [AppLog] INFO : 退出电气控制模块
2023-05-11 20:41:35,434 [AppLog] INFO : 退出JOB参数设置：修改后参数：灰度数据格式{1bits}打印灰阶{1阶}m_XPrintDpi{63.5,127,190.5,254,317.5,381,444.5,508,571.5,635,1270,2540Dpi}墨车运动速度{300MM/s}X向起打位置{50MM}X向起打位置偏移{0MM}Y向起打位置偏移{15MM}
2023-05-11 20:41:37,150 [AppLog] INFO : 进入JOB参数设置：修改前初始参数：灰度数据格式{1bits}打印灰阶{1阶}m_XPrintDpi{System.Single[]Dpi}墨车运动速度{300MM/s}X向起打位置{50MM}X向起打位置偏移{0MM}Y向起打位置偏移{15MM}
2023-05-11 20:41:39,895 [AppLog] INFO : 退出JOB参数设置：修改后参数：灰度数据格式{1bits}打印灰阶{1阶}m_XPrintDpi{63.5,127,190.5,254,317.5,381,444.5,508,571.5,635,1270,2540Dpi}墨车运动速度{300MM/s}X向起打位置{50MM}X向起打位置偏移{0MM}Y向起打位置偏移{15MM}
2023-05-11 20:41:41,455 [AppLog] INFO : 进入JOB参数设置：修改前初始参数：灰度数据格式{1bits}打印灰阶{1阶}m_XPrintDpi{System.Single[]Dpi}墨车运动速度{300MM/s}X向起打位置{50MM}X向起打位置偏移{0MM}Y向起打位置偏移{15MM}
2023-05-11 20:41:42,672 [AppLog] INFO : 退出JOB参数设置：修改后参数：灰度数据格式{1bits}打印灰阶{1阶}m_XPrintDpi{63.5,127,190.5,254,317.5,381,444.5,508,571.5,635,1270,2540Dpi}墨车运动速度{300MM/s}X向起打位置{50MM}X向起打位置偏移{0MM}Y向起打位置偏移{15MM}
2023-05-11 20:41:43,858 [AppLog] INFO : 进入JOB参数设置：修改前初始参数：灰度数据格式{1bits}打印灰阶{1阶}m_XPrintDpi{System.Single[]Dpi}墨车运动速度{300MM/s}X向起打位置{50MM}X向起打位置偏移{0MM}Y向起打位置偏移{15MM}
2023-05-11 20:41:45,043 [AppLog] INFO : 退出JOB参数设置：修改后参数：灰度数据格式{1bits}打印灰阶{1阶}m_XPrintDpi{63.5,127,190.5,254,317.5,381,444.5,508,571.5,635,1270,2540Dpi}墨车运动速度{300MM/s}X向起打位置{50MM}X向起打位置偏移{0MM}Y向起打位置偏移{15MM}
2023-05-11 20:41:45,886 [AppLog] INFO : 进入数据加载模块
2023-05-11 20:41:55,012 [AppLog] INFO : 进入手动调试子模块！
2023-05-11 20:41:55,012 [AppLog] INFO : 进入：ManulBtn_Click=》准备创建对象-手动操作！
2023-05-11 20:41:55,027 [AppLog] INFO : 创建：ManualControl=》创建完成-手动操作！
2023-05-11 20:41:55,043 [AppLog] INFO : 加载成功：温控Modbus接口！
2023-05-11 20:41:57,024 [AppLog] INFO : 开启铺粉车回零校准：PowderCarHomeBtn_Click
2023-05-11 20:41:57,024 [AppLog] INFO : 开启粉车回零校准线程：PowderCarHomeResetThread
2023-05-11 20:41:58,241 [AppLog] INFO : 开启墨车回零校准：PrintCarHomeBtn_Click
2023-05-11 20:41:58,241 [AppLog] INFO : 开启墨车回零校准线程：InkCarEncoderResetThread
2023-05-11 20:41:59,411 [AppLog] INFO : CAD数据加载：添加.bjgroup格式CAD数据成功-D:\Release-3DPrintingForBinderJetting-V2.0\CLI输入文件\shibiao-0321\shibiao-0425.bjgroup
2023-05-11 20:42:07,086 [AppLog] INFO : 手动正向点动指令（8轴运控板卡系统） ====》：输出AXIS{第2轴},点动量{-116MM},运动速度{30MM/s}
2023-05-11 20:42:07,086 [AppLog] INFO : 粉车回零校准线程成功：PowderCarHomeResetThread
2023-05-11 20:42:13,669 [AppLog] INFO : 墨车回零校准线程成功：InkCarEncoderResetThread
2023-05-11 20:42:20,767 [AppLog] INFO : 更新波形路径：DEV_UpdateParam：{D:\Release-3DPrintingForBinderJetting-V2.0\波形文件\0316新调=波形文件=水性胶水\世彪新调：ricoh_big-单点模式-开启MN1(开启微动).rhdat}
2023-05-11 20:42:20,767 [AppLog] INFO : {1}号喷头基准电压更新成功：DEV_SetWaveStdVoltage{0V,0V,0V,0V}；
2023-05-11 20:42:26,087 [AppLog] INFO : 重新加载完波形：DEV_ReloadWaveForm! 当前波形文件的基准电压参考值为：{18V}
2023-05-11 20:42:26,383 [AppLog] INFO : {1}号喷头电压调压成功：MCU_SetPhVoltage{0V,0V,0V,0V}；
2023-05-11 20:42:38,926 [AppLog] INFO : 更新波形路径：DEV_UpdateParam：{D:\Release-3DPrintingForBinderJetting-V2.0\波形文件\0316新调=波形文件=水性胶水\世彪新调-喷射量3.rhdat}
2023-05-11 20:42:38,926 [AppLog] INFO : {1}号喷头基准电压更新成功：DEV_SetWaveStdVoltage{0V,0V,0V,0V}；
2023-05-11 20:42:38,926 [AppLog] INFO : 重新加载完波形：DEV_ReloadWaveForm! 当前波形文件的基准电压参考值为：{18V}
2023-05-11 20:42:39,207 [AppLog] INFO : {1}号喷头电压调压成功：MCU_SetPhVoltage{0V,0V,0V,0V}；
2023-05-11 20:42:40,267 [AppLog] INFO : 退出手动调试子模块,已执行修改
==========================================================================
2023-05-11 20:42:41,874 [AppLog] INFO : 进入手动调试子模块！
2023-05-11 20:42:41,874 [AppLog] INFO : 进入：ManulBtn_Click=》准备创建对象-手动操作！
2023-05-11 20:42:41,905 [AppLog] INFO : 创建：ManualControl=》创建完成-手动操作！
2023-05-11 20:42:41,905 [AppLog] INFO : 加载成功：温控Modbus接口！
2023-05-11 20:42:43,824 [AppLog] INFO : 手动开启自动清洗过程：AutoCleanBtn_Click
2023-05-11 20:42:43,824 [AppLog] INFO : 进入自动清洗过程：AutoCleanThread
2023-05-11 20:42:44,245 [AppLog] INFO : 刮墨轴回零成功：motionMap.SetBackSpreaderAxis(4, 1, 2, -SinkHomePosition)
2023-05-11 20:42:44,245 [AppLog] INFO : 准备读取编码器位置：Y方向！
2023-05-11 20:42:44,245 [AppLog] INFO : 准备运动，编码器当前位置：DEM_GetAxisEncodeVal：MoveDirectionFlag{false为Y方向：True}CurrentPos{51.13}AimPos{116}
2023-05-11 20:42:45,072 [AppLog] INFO : Y方向运动开始：DEM_Run：返回值{True}nAxis{1}DirFlag{True}nSpeed{300000}MoveStep{64992.66917}nCtlValue{1}
2023-05-11 20:42:45,135 [AppLog] INFO : Y方向到位停止：DEM_StopAxisRun：返回值{True}CurrentPos{115.95}bImmeStop{False}nAxisMask{2}
2023-05-11 20:42:45,135 [AppLog] INFO : 准备读取编码器位置：X方向！
2023-05-11 20:42:45,150 [AppLog] INFO : 准备运动，当前位置：DEV_GetPrintEncoderValue：MoveDirectionFlag{false为Y方向：False}CurrentPos{738.325}AimPos{780}
2023-05-11 20:42:45,197 [AppLog] INFO : X方向运动开始：DEM_Run：返回值{True}nAxis{0}DirFlag{True}nSpeed{300000}MoveStep{41675}nCtlValue{2}
2023-05-11 20:42:45,837 [AppLog] INFO : X方向到位停止：DEM_StopAxisRun：返回值{True}CurrentPos{778.96}bImmeStop{False}nAxisMask{1}
2023-05-11 20:42:45,837 [AppLog] INFO : 关闭闪喷： IDP_FlashPrtCtl(false)：ReturnCode{True}
2023-05-11 20:42:46,882 [AppLog] INFO : 开启闪喷： IDP_FlashPrtCtl(true)：ReturnCode{True}
2023-05-11 20:42:46,882 [AppLog] INFO : 开启压墨： motionMap.SetDo(13, true)
2023-05-11 20:42:47,397 [AppLog] INFO : 关闭压墨： motionMap.SetDo(13, false)
2023-05-11 20:42:47,397 [AppLog] INFO : 压墨等待开启：{0.5S}
2023-05-11 20:42:47,911 [AppLog] INFO : 压墨等待完成：{0.5S}
2023-05-11 20:42:47,911 [AppLog] INFO : 开启闪喷： IDP_FlashPrtCtl(false)：ReturnCode{True}
2023-05-11 20:42:47,911 [AppLog] INFO : 准备读取编码器位置：X方向！
2023-05-11 20:42:47,911 [AppLog] INFO : 准备运动，当前位置：DEV_GetPrintEncoderValue：MoveDirectionFlag{false为Y方向：False}CurrentPos{779.51}AimPos{680}
2023-05-11 20:42:47,943 [AppLog] INFO : X方向运动开始：DEM_Run：返回值{True}nAxis{0}DirFlag{False}nSpeed{250000}MoveStep{-99510}nCtlValue{2}
2023-05-11 20:42:49,003 [AppLog] INFO : X方向到位停止：DEM_StopAxisRun：返回值{True}CurrentPos{680.65}bImmeStop{False}nAxisMask{1}
2023-05-11 20:42:49,518 [AppLog] INFO : 准备读取编码器位置：X方向！
2023-05-11 20:42:49,518 [AppLog] INFO : 准备运动，当前位置：DEV_GetPrintEncoderValue：MoveDirectionFlag{false为Y方向：False}CurrentPos{680.64}AimPos{758}
2023-05-11 20:42:49,549 [AppLog] INFO : X方向运动开始：DEM_Run：返回值{True}nAxis{0}DirFlag{True}nSpeed{300000}MoveStep{77360}nCtlValue{2}
2023-05-11 20:42:50,329 [AppLog] INFO : X方向到位停止：DEM_StopAxisRun：返回值{True}CurrentPos{755.21}bImmeStop{False}nAxisMask{1}
2023-05-11 20:42:50,329 [AppLog] INFO : 准备读取编码器位置：Y方向！
2023-05-11 20:42:50,329 [AppLog] INFO : 准备运动，编码器当前位置：DEM_GetAxisEncodeVal：MoveDirectionFlag{false为Y方向：True}CurrentPos{116}AimPos{317}
2023-05-11 20:42:50,766 [AppLog] INFO : 退出手动调试子模块,已执行修改
==========================================================================
2023-05-11 20:42:51,905 [AppLog] INFO : Y方向运动开始：DEM_Run：返回值{True}nAxis{1}DirFlag{True}nSpeed{300000}MoveStep{201380.091}nCtlValue{1}
2023-05-11 20:42:51,967 [AppLog] INFO : Y方向到位停止：DEM_StopAxisRun：返回值{True}CurrentPos{316.93}bImmeStop{False}nAxisMask{2}
2023-05-11 20:42:51,967 [AppLog] INFO : 结束自动清洗过程：AutoCleanThread
2023-05-11 20:42:55,509 [AppLog] INFO : 进入JOB参数设置：修改前初始参数：灰度数据格式{1bits}打印灰阶{1阶}m_XPrintDpi{System.Single[]Dpi}墨车运动速度{300MM/s}X向起打位置{50MM}X向起打位置偏移{0MM}Y向起打位置偏移{15MM}
2023-05-11 20:42:57,833 [AppLog] INFO : 退出JOB参数设置：未修改直接退出！
2023-05-11 20:42:59,128 [AppLog] INFO : 启动打印任务：准备开启数据处理及打印线程
2023-05-11 20:42:59,128 [AppLog] INFO : 创建：AutoPrintMotion0=》不需重新创建-手动操作！
2023-05-11 20:42:59,143 [AppLog] INFO : 停止打印任务，释放板卡内存：IDP_StopPrintJob()：ReturnFlag{True}
2023-05-11 20:42:59,143 [AppLog] INFO : 启动打印线程成功： DataTaskTHREAD
2023-05-11 20:42:59,143 [AppLog] INFO : 启动打印线程成功：PrintTaskTHREAD
2023-05-11 20:42:59,175 [AppLog] INFO : 写入打印参数：IDP_SartPrintJob：nJobID{1}szJobName{金属3DP打印}nPixelGrayBits{1} nPrtCtl{0}nPrtXEncPos{10000}fPrtYPos{0}
2023-05-11 20:42:59,190 [AppLog] INFO : 进入：EquipmentMotionLogic3=》准备创建对象-手动操作！
2023-05-11 20:42:59,221 [AppLog] INFO : 创建：AutoPrintMotion4=》初次创建完成-手动操作！
2023-05-11 20:42:59,237 [AppLog] INFO : 准备处理第0层数据：准备调用RenderToWic，index为0，subindex为0，g_nRePrintTimes为1，起始层为0
2023-05-11 20:42:59,315 [AppLog] INFO : 完成处理第0层数据：准备调用DrawLayerBMP，index为0，起始层为0
2023-05-11 20:42:59,331 [AppLog] INFO : 完成处理第0层数据：准备调用DrawLayerBMP，index为0，起始层为0
2023-05-11 20:42:59,767 [AppLog] INFO : 作业写入成功：IDP_WriteImgLayerData：bpp:{1bit}灰阶:{1阶}nLayerIndex{0}LayerIndex{0}SubIndex{0}RePrintTimes{1}nBytesPerLine{904}nWidth{7201}nHeight{7680}nXEncOff{0}nYJetOff{355}nImgStartJetIndex{0}nXDPI{571.5}nYDPI{600}nPrtDir{0} nPrtFlag{1}nColorCnts{1}nReserved{System.Int32[]}
2023-05-11 20:42:59,767 [AppLog] INFO : 完成处理第0层数据：准备调用RenderToWic，index为0，subindex为0，g_nRePrintTimes为1，起始层为0
2023-05-11 20:42:59,783 [AppLog] INFO : 准备处理第0层数据：准备调用RenderToWic，index为0，subindex为1，g_nRePrintTimes为1，起始层为0
2023-05-11 20:42:59,845 [AppLog] INFO : 完成处理第0层数据：准备调用DrawLayerBMP，index为0，起始层为0
2023-05-11 20:42:59,861 [AppLog] INFO : 完成处理第0层数据：准备调用DrawLayerBMP，index为0，起始层为0
2023-05-11 20:43:00,282 [AppLog] INFO : 作业写入成功：IDP_WriteImgLayerData：bpp:{1bit}灰阶:{1阶}nLayerIndex{1}LayerIndex{0}SubIndex{1}RePrintTimes{1}nBytesPerLine{904}nWidth{7201}nHeight{7680}nXEncOff{0}nYJetOff{355}nImgStartJetIndex{0}nXDPI{571.5}nYDPI{600}nPrtDir{0} nPrtFlag{1}nColorCnts{1}nReserved{System.Int32[]}
2023-05-11 20:43:00,282 [AppLog] INFO : 完成处理第0层数据：准备调用RenderToWic，index为0，subindex为1，g_nRePrintTimes为1，起始层为0
2023-05-11 20:43:00,298 [AppLog] INFO : 准备处理第1层数据：准备调用RenderToWic，index为1，subindex为0，g_nRePrintTimes为1，起始层为0
2023-05-11 20:43:00,345 [AppLog] INFO : 关闭自动供墨：DEV_EnableInkAutoSupply：ControlBit{0xX}
2023-05-11 20:43:00,345 [AppLog] INFO : 初始化墨轴1：DEM_InitAxis：{0, 0x100}
2023-05-11 20:43:00,360 [AppLog] INFO : 初始化墨轴2：DEM_InitAxis：{1, 0x1400}
2023-05-11 20:43:00,376 [AppLog] INFO : 完成处理第1层数据：准备调用DrawLayerBMP，index为1，起始层为0
2023-05-11 20:43:00,376 [AppLog] INFO : 完成处理第1层数据：准备调用DrawLayerBMP，index为1，起始层为0
2023-05-11 20:43:00,391 [AppLog] INFO : 初始化墨轴3：DEM_InitAxis：{1, 0x1400}
2023-05-11 20:43:00,407 [AppLog] INFO : 使能所有墨轴：DEM_EnableAxisRun：{true}
2023-05-11 20:43:00,423 [AppLog] INFO : 使能双Y墨轴输出同步：DEM_EnableDYOutPut：{true, true}
2023-05-11 20:43:00,423 [AppLog] INFO : 初始化墨轴1：DEM_InitAxis：{0, 0x100}
2023-05-11 20:43:00,438 [AppLog] INFO : 使能所有墨轴：DEM_EnableAxisRun：{true}
2023-05-11 20:43:00,438 [AppLog] INFO : 开启自动供墨：DEV_EnableInkAutoSupply：ControlBit{0xFF}
2023-05-11 20:43:00,469 [AppLog] INFO : 接收到起始打印指令：PrintTaskTHREAD
2023-05-11 20:43:00,485 [AppLog] INFO : 获取打印Pass数据：IDP_GetPassItem2：nLayerIndex{1}nPassID{0}nProcState{3}LPPassDataItemb:PrtDir{False}nDataTxCompleteCnt{1}nHwMemAdrMatchMask{1}nLayerIndex{1}nLayerPassCount{6}nLayerPassIndex{0}nMinJet0ImgLinePos{355}nPrtMemHwAddr{System.UInt32[]}nPrtDataOffset{System.UInt32[]}nSrcDataSize{System.UInt32[]}nPrtColBytes{System.UInt32[]}nPrtPrecession{8.888}nSrcEndCols{7200}nSrcStartCols{0}nStartEncPos{76504}nValidPassJets{1280}nValidPrtCols{7479}nValidPrtCtlCnts{1}pDataBuf{0}pNextItem{721551136}
2023-05-11 20:43:00,501 [AppLog] INFO : 使能Pass打印成功：IDP_DoPassPrint2：nLayerIndex{1}nPassID{0}
2023-05-11 20:43:00,516 [AppLog] INFO : PASS打印前关键状态：DEV_GetDeviceInfo2：nLayerIndex{1}nPassID{0}LPPRINTER_INFO:nXSysEncDPI{0}nStatus{0}nPrintStatus{0}bSuperDevice{0}
LPPRINTER_INFO-LPPrtRunInfo:bJobPrtRuning{False}bLayerPrtIsOver{False}nContReqMemErr{0}nContWDErr{0}nCurPrtDir{0}nDTLayerIndex{0}nDTLayerPassIndex{0}nDTPtrCtlIndex{0}nLayerPassCount{0}nPrintLayerIndex{0}nPrintPassIndex{0}nProcLayerIndex{0}nPrtDataMemAddr{0}nPrtState{0}nReverse{System.Int32[]}nRevPrtCols{0}
LPPRINTER_INFO-LPDRVINFO:nFMVersion{0}nFpgaVersion{0}nPCBVersion{0}nState{0}nNextState{0}nPtvwarnState{0}nCrc32{0}nRevInfo{System.UInt32[]}nSignature{0}
2023-05-11 20:43:00,516 [AppLog] INFO : PASS打印前关键状态：DEV_GetDeviceInfo：nLayerIndex{1}nPassID{0}LPPRINTER_INFO:nXSysEncDPI{5080}nStatus{909129520}nPrintStatus{0}bSuperDevice{1}
LPPRINTER_INFO-LPPrtRunInfo:bJobPrtRuning{True}bLayerPrtIsOver{False}nContReqMemErr{0}nContWDErr{0}nCurPrtDir{0}nDTLayerIndex{1}nDTLayerPassIndex{4}nDTPtrCtlIndex{0}nLayerPassCount{6}nPrintLayerIndex{1}nPrintPassIndex{0}nProcLayerIndex{1}nPrtDataMemAddr{0}nPrtState{0}nReverse{System.Int32[]}nRevPrtCols{0}
LPPRINTER_INFO-LPDRVINFO:nFMVersion{45074}nFpgaVersion{539038216}nPCBVersion{0}nState{0}nNextState{0}nPtvwarnState{0}nCrc32{0}nRevInfo{System.UInt32[]}nSignature{0}
2023-05-11 20:43:00,547 [AppLog] INFO : 创建：AutoPrintMotion1=》初次创建完成-手动操作！
2023-05-11 20:43:00,547 [AppLog] INFO : 进入：EquipmentMotionLogic3=》准备创建对象-手动操作！
2023-05-11 20:43:00,594 [AppLog] INFO : 进入：EquipmentMotionLogic3=》初次创建完成-手动操作！
2023-05-11 20:43:00,594 [AppLog] INFO : 进入：EquipmentMotionLogic3=》赋值完成自-AutoPrintMotion2！
2023-05-11 20:43:00,594 [AppLog] INFO : 进入：EquipmentMotionLogic3=》加载配置文件-LoadJsonFile成功！
2023-05-11 20:43:00,594 [AppLog] INFO : 进入自动清洗过程：AutoCleanThread
2023-05-11 20:43:00,844 [AppLog] INFO : 作业写入成功：IDP_WriteImgLayerData：bpp:{1bit}灰阶:{1阶}nLayerIndex{2}LayerIndex{1}SubIndex{1}RePrintTimes{1}nBytesPerLine{904}nWidth{7201}nHeight{7680}nXEncOff{0}nYJetOff{355}nImgStartJetIndex{0}nXDPI{571.5}nYDPI{600}nPrtDir{0} nPrtFlag{1}nColorCnts{1}nReserved{System.Int32[]}
2023-05-11 20:43:00,844 [AppLog] INFO : 完成处理第1层数据：准备调用RenderToWic，index为1，subindex为0，g_nRePrintTimes为1，起始层为0
2023-05-11 20:43:00,859 [AppLog] INFO : 准备处理第2层数据：准备调用RenderToWic，index为2，subindex为0，g_nRePrintTimes为1，起始层为0
2023-05-11 20:43:00,937 [AppLog] INFO : 完成处理第2层数据：准备调用DrawLayerBMP，index为2，起始层为0
2023-05-11 20:43:00,937 [AppLog] INFO : 完成处理第2层数据：准备调用DrawLayerBMP，index为2，起始层为0
2023-05-11 20:43:00,969 [AppLog] INFO : 刮墨轴回零成功：motionMap.SetBackSpreaderAxis(4, 1, 2, -SinkHomePosition)
2023-05-11 20:43:00,969 [AppLog] INFO : 准备读取编码器位置：Y方向！
2023-05-11 20:43:00,969 [AppLog] INFO : 准备运动，编码器当前位置：DEM_GetAxisEncodeVal：MoveDirectionFlag{false为Y方向：True}CurrentPos{316.98}AimPos{116}
2023-05-11 20:43:01,421 [AppLog] INFO : 作业写入成功：IDP_WriteImgLayerData：bpp:{1bit}灰阶:{1阶}nLayerIndex{3}LayerIndex{2}SubIndex{1}RePrintTimes{1}nBytesPerLine{904}nWidth{7201}nHeight{7680}nXEncOff{0}nYJetOff{355}nImgStartJetIndex{0}nXDPI{571.5}nYDPI{600}nPrtDir{0} nPrtFlag{1}nColorCnts{1}nReserved{System.Int32[]}
2023-05-11 20:43:01,421 [AppLog] INFO : 完成处理第2层数据：准备调用RenderToWic，index为2，subindex为0，g_nRePrintTimes为1，起始层为0
2023-05-11 20:43:01,702 [AppLog] INFO : Y方向运动开始：DEM_Run：返回值{True}nAxis{1}DirFlag{False}nSpeed{300000}MoveStep{-201360.05318}nCtlValue{1}
2023-05-11 20:43:01,764 [AppLog] INFO : Y方向到位停止：DEM_StopAxisRun：返回值{True}CurrentPos{119.65}bImmeStop{False}nAxisMask{2}
2023-05-11 20:43:01,764 [AppLog] INFO : 准备读取编码器位置：X方向！
2023-05-11 20:43:01,764 [AppLog] INFO : 准备运动，当前位置：DEV_GetPrintEncoderValue：MoveDirectionFlag{false为Y方向：False}CurrentPos{757.415}AimPos{780}
2023-05-11 20:43:01,795 [AppLog] INFO : X方向运动开始：DEM_Run：返回值{True}nAxis{0}DirFlag{True}nSpeed{300000}MoveStep{22585}nCtlValue{2}
2023-05-11 20:43:02,201 [AppLog] INFO : X方向到位停止：DEM_StopAxisRun：返回值{True}CurrentPos{777.125}bImmeStop{False}nAxisMask{1}
2023-05-11 20:43:03,262 [AppLog] INFO : 开启闪喷： IDP_FlashPrtCtl(true)：ReturnCode{True}
2023-05-11 20:43:03,262 [AppLog] INFO : 开启压墨： motionMap.SetDo(13, true)
2023-05-11 20:43:03,777 [AppLog] INFO : 关闭压墨： motionMap.SetDo(13, false)
2023-05-11 20:43:03,777 [AppLog] INFO : 压墨等待开启：{0.5S}
2023-05-11 20:43:04,291 [AppLog] INFO : 压墨等待完成：{0.5S}
2023-05-11 20:43:04,307 [AppLog] INFO : 开启闪喷： IDP_FlashPrtCtl(false)：ReturnCode{True}
2023-05-11 20:43:04,307 [AppLog] INFO : 准备读取编码器位置：X方向！
2023-05-11 20:43:04,307 [AppLog] INFO : 准备运动，当前位置：DEV_GetPrintEncoderValue：MoveDirectionFlag{false为Y方向：False}CurrentPos{779.96}AimPos{680}
2023-05-11 20:43:04,338 [AppLog] INFO : X方向运动开始：DEM_Run：返回值{True}nAxis{0}DirFlag{False}nSpeed{250000}MoveStep{-99960}nCtlValue{2}
2023-05-11 20:43:05,415 [AppLog] INFO : X方向到位停止：DEM_StopAxisRun：返回值{True}CurrentPos{680.645}bImmeStop{False}nAxisMask{1}
2023-05-11 20:43:05,929 [AppLog] INFO : 结束自动清洗过程：AutoCleanThread
2023-05-11 20:43:05,929 [AppLog] INFO : 进入：EquipmentMotionLogic3=》准备创建对象-手动操作！
2023-05-11 20:43:05,929 [AppLog] INFO : 进入：EquipmentMotionLogic3=》不需重新创建-手动操作！
2023-05-11 20:43:05,929 [AppLog] INFO : 进入：EquipmentMotionLogic3=》赋值完成自-AutoPrintMotion2！
2023-05-11 20:43:05,929 [AppLog] INFO : 进入：EquipmentMotionLogic3=》加载配置文件-LoadJsonFile成功！
2023-05-11 20:43:05,929 [AppLog] INFO : 进入：AutoPrintThread3！
2023-05-11 20:43:05,945 [AppLog] INFO : 关闭闪喷操作：IDP_FlashPrtCtl：返回值{True}
2023-05-11 20:43:05,945 [AppLog] INFO : 准备读取编码器位置：Y方向！
2023-05-11 20:43:05,945 [AppLog] INFO : 准备运动，编码器当前位置：DEM_GetAxisEncodeVal：MoveDirectionFlag{false为Y方向：True}CurrentPos{116.145}AimPos{88.5}
2023-05-11 20:43:06,101 [AppLog] INFO : Y方向运动开始：DEM_Run：返回值{True}nAxis{1}DirFlag{False}nSpeed{300000}MoveStep{-27697.276695}nCtlValue{1}
2023-05-11 20:43:06,163 [AppLog] INFO : 准备读取编码器位置：X方向！
2023-05-11 20:43:06,179 [AppLog] INFO : 准备运动，当前位置：DEV_GetPrintEncoderValue：MoveDirectionFlag{false为Y方向：False}CurrentPos{680.63}AimPos{425}
2023-05-11 20:43:06,210 [AppLog] INFO : X方向运动开始：DEM_Run：返回值{True}nAxis{0}DirFlag{False}nSpeed{300000}MoveStep{-255630}nCtlValue{2}
2023-05-11 20:43:07,614 [AppLog] INFO : X方向到位停止：DEM_StopAxisRun：返回值{True}CurrentPos{429.22}bImmeStop{False}nAxisMask{1}
2023-05-11 20:43:07,614 [AppLog] INFO : 准备读取编码器位置：X方向！
2023-05-11 20:43:07,614 [AppLog] INFO : 准备运动，当前位置：DEV_GetPrintEncoderValue：MoveDirectionFlag{false为Y方向：False}CurrentPos{429.12}AimPos{25}
2023-05-11 20:43:07,645 [AppLog] INFO : X方向运动开始：DEM_Run：返回值{True}nAxis{0}DirFlag{False}nSpeed{300000}MoveStep{-404120}nCtlValue{2}
2023-05-11 20:43:09,549 [AppLog] INFO : X方向到位停止：DEM_StopAxisRun：返回值{True}CurrentPos{25.03}bImmeStop{False}nAxisMask{1}
2023-05-11 20:43:09,549 [AppLog] INFO : 准备读取编码器位置：Y方向！
2023-05-11 20:43:09,549 [AppLog] INFO : 准备运动，编码器当前位置：DEM_GetAxisEncodeVal：MoveDirectionFlag{false为Y方向：True}CurrentPos{88.465}AimPos{103.521166666667}
2023-05-11 20:43:09,673 [AppLog] INFO : Y方向运动开始：DEM_Run：返回值{True}nAxis{1}DirFlag{True}nSpeed{300000}MoveStep{15084.6378778333}nCtlValue{1}
2023-05-11 20:43:09,736 [AppLog] INFO : Y方向到位停止：DEM_StopAxisRun：返回值{True}CurrentPos{101.035}bImmeStop{False}nAxisMask{2}
2023-05-11 20:43:09,736 [AppLog] INFO : 获取打印Pass数据：IDP_GetPassItem2：nLayerIndex{1}nPassID{1}nProcState{3}LPPassDataItemb:PrtDir{True}nDataTxCompleteCnt{1}nHwMemAdrMatchMask{1}nLayerIndex{1}nLayerPassCount{6}nLayerPassIndex{1}nMinJet0ImgLinePos{1635}nPrtMemHwAddr{System.UInt32[]}nPrtDataOffset{System.UInt32[]}nSrcDataSize{System.UInt32[]}nPrtColBytes{System.UInt32[]}nPrtPrecession{8.888}nSrcEndCols{7200}nSrcStartCols{0}nStartEncPos{10000}nValidPassJets{1280}nValidPrtCols{7479}nValidPrtCtlCnts{1}pDataBuf{0}pNextItem{721523936}
2023-05-11 20:43:09,751 [AppLog] INFO : 使能Pass打印成功：IDP_DoPassPrint2：nLayerIndex{1}nPassID{1}
2023-05-11 20:43:09,751 [AppLog] INFO : PASS打印前关键状态：DEV_GetDeviceInfo2：nLayerIndex{1}nPassID{1}LPPRINTER_INFO:nXSysEncDPI{0}nStatus{0}nPrintStatus{0}bSuperDevice{0}
LPPRINTER_INFO-LPPrtRunInfo:bJobPrtRuning{False}bLayerPrtIsOver{False}nContReqMemErr{0}nContWDErr{0}nCurPrtDir{0}nDTLayerIndex{0}nDTLayerPassIndex{0}nDTPtrCtlIndex{0}nLayerPassCount{0}nPrintLayerIndex{0}nPrintPassIndex{0}nProcLayerIndex{0}nPrtDataMemAddr{0}nPrtState{0}nReverse{System.Int32[]}nRevPrtCols{0}
LPPRINTER_INFO-LPDRVINFO:nFMVersion{0}nFpgaVersion{0}nPCBVersion{0}nState{0}nNextState{0}nPtvwarnState{0}nCrc32{0}nRevInfo{System.UInt32[]}nSignature{0}
2023-05-11 20:43:09,751 [AppLog] INFO : PASS打印前关键状态：DEV_GetDeviceInfo：nLayerIndex{1}nPassID{1}LPPRINTER_INFO:nXSysEncDPI{5080}nStatus{909129520}nPrintStatus{0}bSuperDevice{1}
LPPRINTER_INFO-LPPrtRunInfo:bJobPrtRuning{True}bLayerPrtIsOver{False}nContReqMemErr{0}nContWDErr{0}nCurPrtDir{0}nDTLayerIndex{3}nDTLayerPassIndex{5}nDTPtrCtlIndex{0}nLayerPassCount{6}nPrintLayerIndex{1}nPrintPassIndex{1}nProcLayerIndex{3}nPrtDataMemAddr{0}nPrtState{0}nReverse{System.Int32[]}nRevPrtCols{0}
LPPRINTER_INFO-LPDRVINFO:nFMVersion{45074}nFpgaVersion{539038216}nPCBVersion{0}nState{0}nNextState{0}nPtvwarnState{0}nCrc32{0}nRevInfo{System.UInt32[]}nSignature{0}
2023-05-11 20:43:09,751 [AppLog] INFO : 创建：AutoPrintMotion1=》不需重新创建-手动操作！
2023-05-11 20:43:09,751 [AppLog] INFO : 进入：EquipmentMotionLogic3=》准备创建对象-手动操作！
2023-05-11 20:43:09,751 [AppLog] INFO : 进入：EquipmentMotionLogic3=》不需重新创建-手动操作！
2023-05-11 20:43:09,751 [AppLog] INFO : 进入：EquipmentMotionLogic3=》赋值完成自-AutoPrintMotion2！
2023-05-11 20:43:09,751 [AppLog] INFO : 进入：EquipmentMotionLogic3=》加载配置文件-LoadJsonFile成功！
2023-05-11 20:43:09,751 [AppLog] INFO : 进入：AutoPrintThread3！
2023-05-11 20:43:09,751 [AppLog] INFO : 准备读取编码器位置：X方向！
2023-05-11 20:43:09,751 [AppLog] INFO : 准备运动，当前位置：DEV_GetPrintEncoderValue：MoveDirectionFlag{false为Y方向：False}CurrentPos{21.75}AimPos{425}
2023-05-11 20:43:09,783 [AppLog] INFO : X方向运动开始：DEM_Run：返回值{True}nAxis{0}DirFlag{True}nSpeed{300000}MoveStep{403250}nCtlValue{2}
2023-05-11 20:43:11,686 [AppLog] INFO : X方向到位停止：DEM_StopAxisRun：返回值{True}CurrentPos{420.75}bImmeStop{False}nAxisMask{1}
2023-05-11 20:43:11,686 [AppLog] INFO : 准备读取编码器位置：Y方向！
2023-05-11 20:43:11,686 [AppLog] INFO : 准备运动，编码器当前位置：DEM_GetAxisEncodeVal：MoveDirectionFlag{false为Y方向：True}CurrentPos{103.51}AimPos{142.5}
2023-05-11 20:43:11,904 [AppLog] INFO : Y方向运动开始：DEM_Run：返回值{True}nAxis{1}DirFlag{True}nSpeed{300000}MoveStep{39063.73009}nCtlValue{1}
2023-05-11 20:43:11,967 [AppLog] INFO : Y方向到位停止：DEM_StopAxisRun：返回值{True}CurrentPos{139.615}bImmeStop{False}nAxisMask{2}
2023-05-11 20:43:11,967 [AppLog] INFO : 获取打印Pass数据：IDP_GetPassItem2：nLayerIndex{1}nPassID{2}nProcState{3}LPPassDataItemb:PrtDir{False}nDataTxCompleteCnt{1}nHwMemAdrMatchMask{1}nLayerIndex{1}nLayerPassCount{6}nLayerPassIndex{2}nMinJet0ImgLinePos{2915}nPrtMemHwAddr{System.UInt32[]}nPrtDataOffset{System.UInt32[]}nSrcDataSize{System.UInt32[]}nPrtColBytes{System.UInt32[]}nPrtPrecession{8.888}nSrcEndCols{7200}nSrcStartCols{0}nStartEncPos{76504}nValidPassJets{1280}nValidPrtCols{7479}nValidPrtCtlCnts{1}pDataBuf{0}pNextItem{721524096}
2023-05-11 20:43:11,967 [AppLog] INFO : 使能Pass打印成功：IDP_DoPassPrint2：nLayerIndex{1}nPassID{2}
2023-05-11 20:43:11,982 [AppLog] INFO : PASS打印前关键状态：DEV_GetDeviceInfo2：nLayerIndex{1}nPassID{2}LPPRINTER_INFO:nXSysEncDPI{0}nStatus{0}nPrintStatus{0}bSuperDevice{0}
LPPRINTER_INFO-LPPrtRunInfo:bJobPrtRuning{False}bLayerPrtIsOver{False}nContReqMemErr{0}nContWDErr{0}nCurPrtDir{0}nDTLayerIndex{0}nDTLayerPassIndex{0}nDTPtrCtlIndex{0}nLayerPassCount{0}nPrintLayerIndex{0}nPrintPassIndex{0}nProcLayerIndex{0}nPrtDataMemAddr{0}nPrtState{0}nReverse{System.Int32[]}nRevPrtCols{0}
LPPRINTER_INFO-LPDRVINFO:nFMVersion{0}nFpgaVersion{0}nPCBVersion{0}nState{0}nNextState{0}nPtvwarnState{0}nCrc32{0}nRevInfo{System.UInt32[]}nSignature{0}
2023-05-11 20:43:11,982 [AppLog] INFO : PASS打印前关键状态：DEV_GetDeviceInfo：nLayerIndex{1}nPassID{2}LPPRINTER_INFO:nXSysEncDPI{5080}nStatus{909129520}nPrintStatus{0}bSuperDevice{1}
LPPRINTER_INFO-LPPrtRunInfo:bJobPrtRuning{True}bLayerPrtIsOver{False}nContReqMemErr{0}nContWDErr{0}nCurPrtDir{0}nDTLayerIndex{3}nDTLayerPassIndex{5}nDTPtrCtlIndex{0}nLayerPassCount{6}nPrintLayerIndex{1}nPrintPassIndex{2}nProcLayerIndex{3}nPrtDataMemAddr{0}nPrtState{0}nReverse{System.Int32[]}nRevPrtCols{0}
LPPRINTER_INFO-LPDRVINFO:nFMVersion{45074}nFpgaVersion{539038216}nPCBVersion{0}nState{0}nNextState{0}nPtvwarnState{0}nCrc32{0}nRevInfo{System.UInt32[]}nSignature{0}
2023-05-11 20:43:11,982 [AppLog] INFO : 创建：AutoPrintMotion1=》不需重新创建-手动操作！
2023-05-11 20:43:11,982 [AppLog] INFO : 进入：EquipmentMotionLogic3=》准备创建对象-手动操作！
2023-05-11 20:43:11,982 [AppLog] INFO : 进入：EquipmentMotionLogic3=》不需重新创建-手动操作！
2023-05-11 20:43:11,982 [AppLog] INFO : 进入：EquipmentMotionLogic3=》赋值完成自-AutoPrintMotion2！
2023-05-11 20:43:11,982 [AppLog] INFO : 进入：EquipmentMotionLogic3=》加载配置文件-LoadJsonFile成功！
2023-05-11 20:43:11,982 [AppLog] INFO : 进入：AutoPrintThread3！
2023-05-11 20:43:11,982 [AppLog] INFO : 准备读取编码器位置：X方向！
2023-05-11 20:43:11,982 [AppLog] INFO : 准备运动，当前位置：DEV_GetPrintEncoderValue：MoveDirectionFlag{false为Y方向：False}CurrentPos{423.455}AimPos{25}
2023-05-11 20:43:12,013 [AppLog] INFO : X方向运动开始：DEM_Run：返回值{True}nAxis{0}DirFlag{False}nSpeed{300000}MoveStep{-398455}nCtlValue{2}
2023-05-11 20:43:13,885 [AppLog] INFO : X方向到位停止：DEM_StopAxisRun：返回值{True}CurrentPos{30.52}bImmeStop{False}nAxisMask{1}
2023-05-11 20:43:13,885 [AppLog] INFO : 准备读取编码器位置：Y方向！
2023-05-11 20:43:13,885 [AppLog] INFO : 准备运动，编码器当前位置：DEM_GetAxisEncodeVal：MoveDirectionFlag{false为Y方向：True}CurrentPos{142.475}AimPos{157.521166666667}
2023-05-11 20:43:14,010 [AppLog] INFO : Y方向运动开始：DEM_Run：返回值{True}nAxis{1}DirFlag{True}nSpeed{300000}MoveStep{15074.6189678333}nCtlValue{1}
2023-05-11 20:43:14,073 [AppLog] INFO : Y方向到位停止：DEM_StopAxisRun：返回值{True}CurrentPos{155.085}bImmeStop{False}nAxisMask{2}
2023-05-11 20:43:14,073 [AppLog] INFO : 获取打印Pass数据：IDP_GetPassItem2：nLayerIndex{1}nPassID{3}nProcState{3}LPPassDataItemb:PrtDir{True}nDataTxCompleteCnt{1}nHwMemAdrMatchMask{1}nLayerIndex{1}nLayerPassCount{6}nLayerPassIndex{3}nMinJet0ImgLinePos{4195}nPrtMemHwAddr{System.UInt32[]}nPrtDataOffset{System.UInt32[]}nSrcDataSize{System.UInt32[]}nPrtColBytes{System.UInt32[]}nPrtPrecession{8.888}nSrcEndCols{7200}nSrcStartCols{0}nStartEncPos{10000}nValidPassJets{1280}nValidPrtCols{7479}nValidPrtCtlCnts{1}pDataBuf{0}pNextItem{721524256}
2023-05-11 20:43:14,073 [AppLog] INFO : 使能Pass打印成功：IDP_DoPassPrint2：nLayerIndex{1}nPassID{3}
2023-05-11 20:43:14,088 [AppLog] INFO : PASS打印前关键状态：DEV_GetDeviceInfo2：nLayerIndex{1}nPassID{3}LPPRINTER_INFO:nXSysEncDPI{0}nStatus{0}nPrintStatus{0}bSuperDevice{0}
LPPRINTER_INFO-LPPrtRunInfo:bJobPrtRuning{False}bLayerPrtIsOver{False}nContReqMemErr{0}nContWDErr{0}nCurPrtDir{0}nDTLayerIndex{0}nDTLayerPassIndex{0}nDTPtrCtlIndex{0}nLayerPassCount{0}nPrintLayerIndex{0}nPrintPassIndex{0}nProcLayerIndex{0}nPrtDataMemAddr{0}nPrtState{0}nReverse{System.Int32[]}nRevPrtCols{0}
LPPRINTER_INFO-LPDRVINFO:nFMVersion{0}nFpgaVersion{0}nPCBVersion{0}nState{0}nNextState{0}nPtvwarnState{0}nCrc32{0}nRevInfo{System.UInt32[]}nSignature{0}
2023-05-11 20:43:14,088 [AppLog] INFO : PASS打印前关键状态：DEV_GetDeviceInfo：nLayerIndex{1}nPassID{3}LPPRINTER_INFO:nXSysEncDPI{5080}nStatus{909129520}nPrintStatus{0}bSuperDevice{1}
LPPRINTER_INFO-LPPrtRunInfo:bJobPrtRuning{True}bLayerPrtIsOver{False}nContReqMemErr{0}nContWDErr{0}nCurPrtDir{0}nDTLayerIndex{3}nDTLayerPassIndex{5}nDTPtrCtlIndex{0}nLayerPassCount{6}nPrintLayerIndex{1}nPrintPassIndex{3}nProcLayerIndex{3}nPrtDataMemAddr{0}nPrtState{0}nReverse{System.Int32[]}nRevPrtCols{0}
LPPRINTER_INFO-LPDRVINFO:nFMVersion{45074}nFpgaVersion{539038216}nPCBVersion{0}nState{0}nNextState{0}nPtvwarnState{0}nCrc32{0}nRevInfo{System.UInt32[]}nSignature{0}
2023-05-11 20:43:14,088 [AppLog] INFO : 创建：AutoPrintMotion1=》不需重新创建-手动操作！
2023-05-11 20:43:14,088 [AppLog] INFO : 进入：EquipmentMotionLogic3=》准备创建对象-手动操作！
2023-05-11 20:43:14,088 [AppLog] INFO : 进入：EquipmentMotionLogic3=》不需重新创建-手动操作！
2023-05-11 20:43:14,088 [AppLog] INFO : 进入：EquipmentMotionLogic3=》赋值完成自-AutoPrintMotion2！
2023-05-11 20:43:14,088 [AppLog] INFO : 进入：EquipmentMotionLogic3=》加载配置文件-LoadJsonFile成功！
2023-05-11 20:43:14,088 [AppLog] INFO : 进入：AutoPrintThread3！
2023-05-11 20:43:14,088 [AppLog] INFO : 准备读取编码器位置：X方向！
2023-05-11 20:43:14,104 [AppLog] INFO : 准备运动，当前位置：DEV_GetPrintEncoderValue：MoveDirectionFlag{false为Y方向：False}CurrentPos{26.58}AimPos{425}
2023-05-11 20:43:14,135 [AppLog] INFO : X方向运动开始：DEM_Run：返回值{True}nAxis{0}DirFlag{True}nSpeed{300000}MoveStep{398420}nCtlValue{2}
2023-05-11 20:43:16,007 [AppLog] INFO : X方向到位停止：DEM_StopAxisRun：返回值{True}CurrentPos{418.87}bImmeStop{False}nAxisMask{1}
2023-05-11 20:43:16,007 [AppLog] INFO : 准备读取编码器位置：Y方向！
2023-05-11 20:43:16,007 [AppLog] INFO : 准备运动，编码器当前位置：DEM_GetAxisEncodeVal：MoveDirectionFlag{false为Y方向：True}CurrentPos{157.49}AimPos{196.5}
2023-05-11 20:43:16,210 [AppLog] INFO : Y方向运动开始：DEM_Run：返回值{True}nAxis{1}DirFlag{True}nSpeed{300000}MoveStep{39083.76791}nCtlValue{1}
2023-05-11 20:43:16,272 [AppLog] INFO : Y方向到位停止：DEM_StopAxisRun：返回值{True}CurrentPos{193.59}bImmeStop{False}nAxisMask{2}
2023-05-11 20:43:16,272 [AppLog] INFO : 获取打印Pass数据：IDP_GetPassItem2：nLayerIndex{1}nPassID{4}nProcState{3}LPPassDataItemb:PrtDir{False}nDataTxCompleteCnt{1}nHwMemAdrMatchMask{1}nLayerIndex{1}nLayerPassCount{6}nLayerPassIndex{4}nMinJet0ImgLinePos{5475}nPrtMemHwAddr{System.UInt32[]}nPrtDataOffset{System.UInt32[]}nSrcDataSize{System.UInt32[]}nPrtColBytes{System.UInt32[]}nPrtPrecession{8.888}nSrcEndCols{7200}nSrcStartCols{0}nStartEncPos{76504}nValidPassJets{1280}nValidPrtCols{7479}nValidPrtCtlCnts{1}pDataBuf{0}pNextItem{721522336}
2023-05-11 20:43:16,272 [AppLog] INFO : 使能Pass打印成功：IDP_DoPassPrint2：nLayerIndex{1}nPassID{4}
2023-05-11 20:43:16,288 [AppLog] INFO : PASS打印前关键状态：DEV_GetDeviceInfo2：nLayerIndex{1}nPassID{4}LPPRINTER_INFO:nXSysEncDPI{0}nStatus{0}nPrintStatus{0}bSuperDevice{0}
LPPRINTER_INFO-LPPrtRunInfo:bJobPrtRuning{False}bLayerPrtIsOver{False}nContReqMemErr{0}nContWDErr{0}nCurPrtDir{0}nDTLayerIndex{0}nDTLayerPassIndex{0}nDTPtrCtlIndex{0}nLayerPassCount{0}nPrintLayerIndex{0}nPrintPassIndex{0}nProcLayerIndex{0}nPrtDataMemAddr{0}nPrtState{0}nReverse{System.Int32[]}nRevPrtCols{0}
LPPRINTER_INFO-LPDRVINFO:nFMVersion{0}nFpgaVersion{0}nPCBVersion{0}nState{0}nNextState{0}nPtvwarnState{0}nCrc32{0}nRevInfo{System.UInt32[]}nSignature{0}
2023-05-11 20:43:16,288 [AppLog] INFO : PASS打印前关键状态：DEV_GetDeviceInfo：nLayerIndex{1}nPassID{4}LPPRINTER_INFO:nXSysEncDPI{5080}nStatus{909129520}nPrintStatus{0}bSuperDevice{1}
LPPRINTER_INFO-LPPrtRunInfo:bJobPrtRuning{True}bLayerPrtIsOver{False}nContReqMemErr{0}nContWDErr{0}nCurPrtDir{0}nDTLayerIndex{3}nDTLayerPassIndex{5}nDTPtrCtlIndex{0}nLayerPassCount{6}nPrintLayerIndex{1}nPrintPassIndex{4}nProcLayerIndex{3}nPrtDataMemAddr{0}nPrtState{0}nReverse{System.Int32[]}nRevPrtCols{0}
LPPRINTER_INFO-LPDRVINFO:nFMVersion{45074}nFpgaVersion{539038216}nPCBVersion{0}nState{0}nNextState{0}nPtvwarnState{0}nCrc32{0}nRevInfo{System.UInt32[]}nSignature{0}
2023-05-11 20:43:16,288 [AppLog] INFO : 创建：AutoPrintMotion1=》不需重新创建-手动操作！
2023-05-11 20:43:16,288 [AppLog] INFO : 进入：EquipmentMotionLogic3=》准备创建对象-手动操作！
2023-05-11 20:43:16,288 [AppLog] INFO : 进入：EquipmentMotionLogic3=》不需重新创建-手动操作！
2023-05-11 20:43:16,288 [AppLog] INFO : 进入：EquipmentMotionLogic3=》赋值完成自-AutoPrintMotion2！
2023-05-11 20:43:16,288 [AppLog] INFO : 进入：EquipmentMotionLogic3=》加载配置文件-LoadJsonFile成功！
2023-05-11 20:43:16,288 [AppLog] INFO : 进入：AutoPrintThread3！
2023-05-11 20:43:16,288 [AppLog] INFO : 准备读取编码器位置：X方向！
2023-05-11 20:43:16,288 [AppLog] INFO : 准备运动，当前位置：DEV_GetPrintEncoderValue：MoveDirectionFlag{false为Y方向：False}CurrentPos{423.44}AimPos{25}
2023-05-11 20:43:16,319 [AppLog] INFO : X方向运动开始：DEM_Run：返回值{True}nAxis{0}DirFlag{False}nSpeed{300000}MoveStep{-398440}nCtlValue{2}
2023-05-11 20:43:18,222 [AppLog] INFO : X方向到位停止：DEM_StopAxisRun：返回值{True}CurrentPos{29.11}bImmeStop{False}nAxisMask{1}
2023-05-11 20:43:18,222 [AppLog] INFO : 准备读取编码器位置：Y方向！
2023-05-11 20:43:18,222 [AppLog] INFO : 准备运动，编码器当前位置：DEM_GetAxisEncodeVal：MoveDirectionFlag{false为Y方向：True}CurrentPos{196.54}AimPos{211.521166666667}
2023-05-11 20:43:18,347 [AppLog] INFO : Y方向运动开始：DEM_Run：返回值{True}nAxis{1}DirFlag{True}nSpeed{300000}MoveStep{15009.4960528333}nCtlValue{1}
2023-05-11 20:43:18,409 [AppLog] INFO : Y方向到位停止：DEM_StopAxisRun：返回值{True}CurrentPos{209.21}bImmeStop{False}nAxisMask{2}
2023-05-11 20:43:18,409 [AppLog] INFO : 获取打印Pass数据：IDP_GetPassItem2：nLayerIndex{1}nPassID{5}nProcState{3}LPPassDataItemb:PrtDir{True}nDataTxCompleteCnt{1}nHwMemAdrMatchMask{1}nLayerIndex{1}nLayerPassCount{6}nLayerPassIndex{5}nMinJet0ImgLinePos{6755}nPrtMemHwAddr{System.UInt32[]}nPrtDataOffset{System.UInt32[]}nSrcDataSize{System.UInt32[]}nPrtColBytes{System.UInt32[]}nPrtPrecession{8.888}nSrcEndCols{7200}nSrcStartCols{0}nStartEncPos{10000}nValidPassJets{1280}nValidPrtCols{7479}nValidPrtCtlCnts{1}pDataBuf{0}pNextItem{0}
2023-05-11 20:43:18,409 [AppLog] INFO : 使能Pass打印成功：IDP_DoPassPrint2：nLayerIndex{1}nPassID{5}
2023-05-11 20:43:18,425 [AppLog] INFO : PASS打印前关键状态：DEV_GetDeviceInfo2：nLayerIndex{1}nPassID{5}LPPRINTER_INFO:nXSysEncDPI{0}nStatus{0}nPrintStatus{0}bSuperDevice{0}
LPPRINTER_INFO-LPPrtRunInfo:bJobPrtRuning{False}bLayerPrtIsOver{False}nContReqMemErr{0}nContWDErr{0}nCurPrtDir{0}nDTLayerIndex{0}nDTLayerPassIndex{0}nDTPtrCtlIndex{0}nLayerPassCount{0}nPrintLayerIndex{0}nPrintPassIndex{0}nProcLayerIndex{0}nPrtDataMemAddr{0}nPrtState{0}nReverse{System.Int32[]}nRevPrtCols{0}
LPPRINTER_INFO-LPDRVINFO:nFMVersion{0}nFpgaVersion{0}nPCBVersion{0}nState{0}nNextState{0}nPtvwarnState{0}nCrc32{0}nRevInfo{System.UInt32[]}nSignature{0}
2023-05-11 20:43:18,441 [AppLog] INFO : PASS打印前关键状态：DEV_GetDeviceInfo：nLayerIndex{1}nPassID{5}LPPRINTER_INFO:nXSysEncDPI{5080}nStatus{909129520}nPrintStatus{0}bSuperDevice{1}
LPPRINTER_INFO-LPPrtRunInfo:bJobPrtRuning{True}bLayerPrtIsOver{False}nContReqMemErr{0}nContWDErr{0}nCurPrtDir{0}nDTLayerIndex{3}nDTLayerPassIndex{5}nDTPtrCtlIndex{0}nLayerPassCount{6}nPrintLayerIndex{1}nPrintPassIndex{5}nProcLayerIndex{3}nPrtDataMemAddr{0}nPrtState{0}nReverse{System.Int32[]}nRevPrtCols{0}
LPPRINTER_INFO-LPDRVINFO:nFMVersion{45074}nFpgaVersion{539038216}nPCBVersion{0}nState{0}nNextState{0}nPtvwarnState{0}nCrc32{0}nRevInfo{System.UInt32[]}nSignature{0}
2023-05-11 20:43:18,441 [AppLog] INFO : 创建：AutoPrintMotion1=》不需重新创建-手动操作！
2023-05-11 20:43:18,441 [AppLog] INFO : 进入：EquipmentMotionLogic3=》准备创建对象-手动操作！
2023-05-11 20:43:18,441 [AppLog] INFO : 进入：EquipmentMotionLogic3=》不需重新创建-手动操作！
2023-05-11 20:43:18,441 [AppLog] INFO : 进入：EquipmentMotionLogic3=》赋值完成自-AutoPrintMotion2！
2023-05-11 20:43:18,441 [AppLog] INFO : 进入：EquipmentMotionLogic3=》加载配置文件-LoadJsonFile成功！
2023-05-11 20:43:18,441 [AppLog] INFO : 进入：AutoPrintThread3！
2023-05-11 20:43:18,441 [AppLog] INFO : 准备读取编码器位置：X方向！
2023-05-11 20:43:18,441 [AppLog] INFO : 准备运动，当前位置：DEV_GetPrintEncoderValue：MoveDirectionFlag{false为Y方向：False}CurrentPos{26.59}AimPos{425}
2023-05-11 20:43:18,472 [AppLog] INFO : X方向运动开始：DEM_Run：返回值{True}nAxis{0}DirFlag{True}nSpeed{300000}MoveStep{398410}nCtlValue{2}
2023-05-11 20:43:20,344 [AppLog] INFO : X方向到位停止：DEM_StopAxisRun：返回值{True}CurrentPos{418.83}bImmeStop{False}nAxisMask{1}
2023-05-11 20:43:20,344 [AppLog] INFO : 准备读取编码器位置：X方向！
2023-05-11 20:43:20,344 [AppLog] INFO : 准备运动，当前位置：DEV_GetPrintEncoderValue：MoveDirectionFlag{false为Y方向：False}CurrentPos{418.925}AimPos{780}
2023-05-11 20:43:20,375 [AppLog] INFO : X方向运动开始：DEM_Run：返回值{True}nAxis{0}DirFlag{True}nSpeed{300000}MoveStep{361075}nCtlValue{2}
2023-05-11 20:43:20,437 [AppLog] INFO : 准备读取编码器位置：Y方向！
2023-05-11 20:43:20,437 [AppLog] INFO : 准备运动，编码器当前位置：DEM_GetAxisEncodeVal：MoveDirectionFlag{false为Y方向：True}CurrentPos{211.535}AimPos{121}
2023-05-11 20:43:20,827 [AppLog] INFO : Y方向运动开始：DEM_Run：返回值{True}nAxis{1}DirFlag{False}nSpeed{300000}MoveStep{-90706.201685}nCtlValue{1}
2023-05-11 20:43:22,122 [AppLog] INFO : Y方向到位等停：DEM_StopAxisRun：返回值{True}bImmeStop{False}nAxisMask{1}
2023-05-11 20:43:22,122 [AppLog] INFO : X方向到位等停：DEM_StopAxisRun：返回值{True}bImmeStop{False}nAxisMask{2}
2023-05-11 20:43:22,153 [AppLog] INFO : 开启闪喷操作：IDP_FlashPrtCtl：返回值{True}
2023-05-11 20:43:22,153 [AppLog] INFO : 不执行跳过铺粉固化操作：m_bApplyPowderSupplyMotion:1
2023-05-11 20:43:22,153 [AppLog] INFO : 接收到起始打印指令：PrintTaskTHREAD
2023-05-11 20:43:22,153 [AppLog] INFO : 获取打印Pass数据：IDP_GetPassItem2：nLayerIndex{2}nPassID{0}nProcState{3}LPPassDataItemb:PrtDir{False}nDataTxCompleteCnt{1}nHwMemAdrMatchMask{1}nLayerIndex{2}nLayerPassCount{6}nLayerPassIndex{0}nMinJet0ImgLinePos{355}nPrtMemHwAddr{System.UInt32[]}nPrtDataOffset{System.UInt32[]}nSrcDataSize{System.UInt32[]}nPrtColBytes{System.UInt32[]}nPrtPrecession{8.888}nSrcEndCols{7200}nSrcStartCols{0}nStartEncPos{76504}nValidPassJets{1280}nValidPrtCols{7479}nValidPrtCtlCnts{1}pDataBuf{0}pNextItem{721522800}
2023-05-11 20:43:22,153 [AppLog] INFO : 使能Pass打印成功：IDP_DoPassPrint2：nLayerIndex{2}nPassID{0}
2023-05-11 20:43:22,169 [AppLog] INFO : PASS打印前关键状态：DEV_GetDeviceInfo2：nLayerIndex{2}nPassID{0}LPPRINTER_INFO:nXSysEncDPI{0}nStatus{0}nPrintStatus{0}bSuperDevice{0}
LPPRINTER_INFO-LPPrtRunInfo:bJobPrtRuning{False}bLayerPrtIsOver{False}nContReqMemErr{0}nContWDErr{0}nCurPrtDir{0}nDTLayerIndex{0}nDTLayerPassIndex{0}nDTPtrCtlIndex{0}nLayerPassCount{0}nPrintLayerIndex{0}nPrintPassIndex{0}nProcLayerIndex{0}nPrtDataMemAddr{0}nPrtState{0}nReverse{System.Int32[]}nRevPrtCols{0}
LPPRINTER_INFO-LPDRVINFO:nFMVersion{0}nFpgaVersion{0}nPCBVersion{0}nState{0}nNextState{0}nPtvwarnState{0}nCrc32{0}nRevInfo{System.UInt32[]}nSignature{0}
2023-05-11 20:43:22,169 [AppLog] INFO : PASS打印前关键状态：DEV_GetDeviceInfo：nLayerIndex{2}nPassID{0}LPPRINTER_INFO:nXSysEncDPI{5080}nStatus{909129520}nPrintStatus{0}bSuperDevice{1}
LPPRINTER_INFO-LPPrtRunInfo:bJobPrtRuning{True}bLayerPrtIsOver{False}nContReqMemErr{0}nContWDErr{0}nCurPrtDir{0}nDTLayerIndex{3}nDTLayerPassIndex{5}nDTPtrCtlIndex{0}nLayerPassCount{6}nPrintLayerIndex{2}nPrintPassIndex{0}nProcLayerIndex{3}nPrtDataMemAddr{0}nPrtState{0}nReverse{System.Int32[]}nRevPrtCols{0}
LPPRINTER_INFO-LPDRVINFO:nFMVersion{45074}nFpgaVersion{539038216}nPCBVersion{0}nState{0}nNextState{0}nPtvwarnState{0}nCrc32{0}nRevInfo{System.UInt32[]}nSignature{0}
2023-05-11 20:43:22,169 [AppLog] INFO : 创建：AutoPrintMotion1=》不需重新创建-手动操作！
2023-05-11 20:43:22,169 [AppLog] INFO : 进入：EquipmentMotionLogic3=》准备创建对象-手动操作！
2023-05-11 20:43:22,169 [AppLog] INFO : 进入：EquipmentMotionLogic3=》不需重新创建-手动操作！
2023-05-11 20:43:22,169 [AppLog] INFO : 进入：EquipmentMotionLogic3=》赋值完成自-AutoPrintMotion2！
2023-05-11 20:43:22,169 [AppLog] INFO : 进入：EquipmentMotionLogic3=》加载配置文件-LoadJsonFile成功！
2023-05-11 20:43:22,169 [AppLog] INFO : 进入自动清洗过程：AutoCleanThread
2023-05-11 20:43:22,543 [AppLog] INFO : 刮墨轴回零成功：motionMap.SetBackSpreaderAxis(4, 1, 2, -SinkHomePosition)
2023-05-11 20:43:22,543 [AppLog] INFO : 准备读取编码器位置：Y方向！
2023-05-11 20:43:22,559 [AppLog] INFO : 准备运动，编码器当前位置：DEM_GetAxisEncodeVal：MoveDirectionFlag{false为Y方向：True}CurrentPos{121.045}AimPos{116}
2023-05-11 20:43:22,684 [AppLog] INFO : Y方向运动开始：DEM_Run：返回值{True}nAxis{1}DirFlag{False}nSpeed{300000}MoveStep{-5054.540095}nCtlValue{1}
2023-05-11 20:43:22,762 [AppLog] INFO : Y方向到位停止：DEM_StopAxisRun：返回值{True}CurrentPos{116.175}bImmeStop{False}nAxisMask{2}
2023-05-11 20:43:22,762 [AppLog] INFO : 准备读取编码器位置：X方向！
2023-05-11 20:43:22,777 [AppLog] INFO : 准备运动，当前位置：DEV_GetPrintEncoderValue：MoveDirectionFlag{false为Y方向：False}CurrentPos{784.465}AimPos{780}
2023-05-11 20:43:22,809 [AppLog] INFO : X方向运动开始：DEM_Run：返回值{True}nAxis{0}DirFlag{False}nSpeed{300000}MoveStep{-4465.00000000003}nCtlValue{2}
2023-05-11 20:43:23,027 [AppLog] INFO : X方向到位停止：DEM_StopAxisRun：返回值{True}CurrentPos{781.39}bImmeStop{False}nAxisMask{1}
2023-05-11 20:43:24,072 [AppLog] INFO : 开启闪喷： IDP_FlashPrtCtl(true)：ReturnCode{True}
2023-05-11 20:43:24,072 [AppLog] INFO : 开启压墨： motionMap.SetDo(13, true)
2023-05-11 20:43:24,587 [AppLog] INFO : 关闭压墨： motionMap.SetDo(13, false)
2023-05-11 20:43:24,587 [AppLog] INFO : 压墨等待开启：{0.5S}
2023-05-11 20:43:25,102 [AppLog] INFO : 压墨等待完成：{0.5S}
2023-05-11 20:43:25,102 [AppLog] INFO : 开启闪喷： IDP_FlashPrtCtl(false)：ReturnCode{True}
2023-05-11 20:43:25,102 [AppLog] INFO : 准备读取编码器位置：X方向！
2023-05-11 20:43:25,102 [AppLog] INFO : 准备运动，当前位置：DEV_GetPrintEncoderValue：MoveDirectionFlag{false为Y方向：False}CurrentPos{780.345}AimPos{680}
2023-05-11 20:43:25,133 [AppLog] INFO : X方向运动开始：DEM_Run：返回值{True}nAxis{0}DirFlag{False}nSpeed{250000}MoveStep{-100345}nCtlValue{2}
2023-05-11 20:43:26,022 [AppLog] INFO : X方向到位停止：DEM_StopAxisRun：返回值{True}CurrentPos{682.345}bImmeStop{False}nAxisMask{1}
2023-05-11 20:43:26,537 [AppLog] INFO : 结束自动清洗过程：AutoCleanThread
2023-05-11 20:43:26,537 [AppLog] INFO : 进入：EquipmentMotionLogic3=》准备创建对象-手动操作！
2023-05-11 20:43:26,537 [AppLog] INFO : 进入：EquipmentMotionLogic3=》不需重新创建-手动操作！
2023-05-11 20:43:26,537 [AppLog] INFO : 进入：EquipmentMotionLogic3=》赋值完成自-AutoPrintMotion2！
2023-05-11 20:43:26,537 [AppLog] INFO : 进入：EquipmentMotionLogic3=》加载配置文件-LoadJsonFile成功！
2023-05-11 20:43:26,537 [AppLog] INFO : 进入：AutoPrintThread3！
2023-05-11 20:43:26,537 [AppLog] INFO : 关闭闪喷操作：IDP_FlashPrtCtl：返回值{True}
2023-05-11 20:43:26,537 [AppLog] INFO : 准备读取编码器位置：Y方向！
2023-05-11 20:43:26,553 [AppLog] INFO : 准备运动，编码器当前位置：DEM_GetAxisEncodeVal：MoveDirectionFlag{false为Y方向：True}CurrentPos{115.99}AimPos{91}
2023-05-11 20:43:26,724 [AppLog] INFO : Y方向运动开始：DEM_Run：返回值{True}nAxis{1}DirFlag{False}nSpeed{300000}MoveStep{-25037.25609}nCtlValue{1}
2023-05-11 20:43:26,740 [AppLog] INFO : 进入JOB参数设置：修改前初始参数：灰度数据格式{1bits}打印灰阶{1阶}m_XPrintDpi{System.Single[]Dpi}墨车运动速度{300MM/s}X向起打位置{50MM}X向起打位置偏移{0MM}Y向起打位置偏移{15MM}
2023-05-11 20:43:26,787 [AppLog] INFO : 准备读取编码器位置：X方向！
2023-05-11 20:43:26,787 [AppLog] INFO : 准备运动，当前位置：DEV_GetPrintEncoderValue：MoveDirectionFlag{false为Y方向：False}CurrentPos{680.27}AimPos{425}
2023-05-11 20:43:26,818 [AppLog] INFO : X方向运动开始：DEM_Run：返回值{True}nAxis{0}DirFlag{False}nSpeed{300000}MoveStep{-255270}nCtlValue{2}
2023-05-11 20:43:28,222 [AppLog] INFO : X方向到位停止：DEM_StopAxisRun：返回值{True}CurrentPos{429.2}bImmeStop{False}nAxisMask{1}
2023-05-11 20:43:28,222 [AppLog] INFO : 准备读取编码器位置：X方向！
2023-05-11 20:43:28,222 [AppLog] INFO : 准备运动，当前位置：DEV_GetPrintEncoderValue：MoveDirectionFlag{false为Y方向：False}CurrentPos{429.02}AimPos{25}
2023-05-11 20:43:28,253 [AppLog] INFO : X方向运动开始：DEM_Run：返回值{True}nAxis{0}DirFlag{False}nSpeed{300000}MoveStep{-404020}nCtlValue{2}
2023-05-11 20:43:29,969 [AppLog] INFO : 退出JOB参数设置：未修改直接退出！
2023-05-11 20:43:30,141 [AppLog] INFO : X方向到位停止：DEM_StopAxisRun：返回值{True}CurrentPos{26.02}bImmeStop{False}nAxisMask{1}
2023-05-11 20:43:30,141 [AppLog] INFO : 准备读取编码器位置：Y方向！
2023-05-11 20:43:30,141 [AppLog] INFO : 准备运动，编码器当前位置：DEM_GetAxisEncodeVal：MoveDirectionFlag{false为Y方向：True}CurrentPos{90.985}AimPos{101.021166666667}
2023-05-11 20:43:30,265 [AppLog] INFO : Y方向运动开始：DEM_Run：返回值{True}nAxis{1}DirFlag{True}nSpeed{300000}MoveStep{10055.1450578333}nCtlValue{1}
2023-05-11 20:43:30,328 [AppLog] INFO : Y方向到位停止：DEM_StopAxisRun：返回值{True}CurrentPos{99.595}bImmeStop{False}nAxisMask{2}
2023-05-11 20:43:30,328 [AppLog] INFO : 获取打印Pass数据：IDP_GetPassItem2：nLayerIndex{2}nPassID{1}nProcState{3}LPPassDataItemb:PrtDir{True}nDataTxCompleteCnt{1}nHwMemAdrMatchMask{1}nLayerIndex{2}nLayerPassCount{6}nLayerPassIndex{1}nMinJet0ImgLinePos{1635}nPrtMemHwAddr{System.UInt32[]}nPrtDataOffset{System.UInt32[]}nSrcDataSize{System.UInt32[]}nPrtColBytes{System.UInt32[]}nPrtPrecession{8.888}nSrcEndCols{7200}nSrcStartCols{0}nStartEncPos{10000}nValidPassJets{1280}nValidPrtCols{7479}nValidPrtCtlCnts{1}pDataBuf{0}pNextItem{721546288}
2023-05-11 20:43:30,343 [AppLog] INFO : 使能Pass打印成功：IDP_DoPassPrint2：nLayerIndex{2}nPassID{1}
2023-05-11 20:43:30,343 [AppLog] INFO : PASS打印前关键状态：DEV_GetDeviceInfo2：nLayerIndex{2}nPassID{1}LPPRINTER_INFO:nXSysEncDPI{0}nStatus{0}nPrintStatus{0}bSuperDevice{0}
LPPRINTER_INFO-LPPrtRunInfo:bJobPrtRuning{False}bLayerPrtIsOver{False}nContReqMemErr{0}nContWDErr{0}nCurPrtDir{0}nDTLayerIndex{0}nDTLayerPassIndex{0}nDTPtrCtlIndex{0}nLayerPassCount{0}nPrintLayerIndex{0}nPrintPassIndex{0}nProcLayerIndex{0}nPrtDataMemAddr{0}nPrtState{0}nReverse{System.Int32[]}nRevPrtCols{0}
LPPRINTER_INFO-LPDRVINFO:nFMVersion{0}nFpgaVersion{0}nPCBVersion{0}nState{0}nNextState{0}nPtvwarnState{0}nCrc32{0}nRevInfo{System.UInt32[]}nSignature{0}
2023-05-11 20:43:30,343 [AppLog] INFO : PASS打印前关键状态：DEV_GetDeviceInfo：nLayerIndex{2}nPassID{1}LPPRINTER_INFO:nXSysEncDPI{5080}nStatus{909129520}nPrintStatus{0}bSuperDevice{1}
LPPRINTER_INFO-LPPrtRunInfo:bJobPrtRuning{True}bLayerPrtIsOver{False}nContReqMemErr{0}nContWDErr{0}nCurPrtDir{0}nDTLayerIndex{3}nDTLayerPassIndex{5}nDTPtrCtlIndex{0}nLayerPassCount{6}nPrintLayerIndex{2}nPrintPassIndex{1}nProcLayerIndex{3}nPrtDataMemAddr{0}nPrtState{0}nReverse{System.Int32[]}nRevPrtCols{0}
LPPRINTER_INFO-LPDRVINFO:nFMVersion{45074}nFpgaVersion{539038216}nPCBVersion{0}nState{0}nNextState{0}nPtvwarnState{0}nCrc32{0}nRevInfo{System.UInt32[]}nSignature{0}
2023-05-11 20:43:30,343 [AppLog] INFO : 创建：AutoPrintMotion1=》不需重新创建-手动操作！
2023-05-11 20:43:30,343 [AppLog] INFO : 进入：EquipmentMotionLogic3=》准备创建对象-手动操作！
2023-05-11 20:43:30,343 [AppLog] INFO : 进入：EquipmentMotionLogic3=》不需重新创建-手动操作！
2023-05-11 20:43:30,343 [AppLog] INFO : 进入：EquipmentMotionLogic3=》赋值完成自-AutoPrintMotion2！
2023-05-11 20:43:30,343 [AppLog] INFO : 进入：EquipmentMotionLogic3=》加载配置文件-LoadJsonFile成功！
2023-05-11 20:43:30,343 [AppLog] INFO : 进入：AutoPrintThread3！
2023-05-11 20:43:30,343 [AppLog] INFO : 准备读取编码器位置：X方向！
2023-05-11 20:43:30,343 [AppLog] INFO : 准备运动，当前位置：DEV_GetPrintEncoderValue：MoveDirectionFlag{false为Y方向：False}CurrentPos{21.955}AimPos{425}
2023-05-11 20:43:30,375 [AppLog] INFO : X方向运动开始：DEM_Run：返回值{True}nAxis{0}DirFlag{True}nSpeed{300000}MoveStep{403045}nCtlValue{2}
2023-05-11 20:43:32,262 [AppLog] INFO : X方向到位停止：DEM_StopAxisRun：返回值{True}CurrentPos{419.515}bImmeStop{False}nAxisMask{1}
2023-05-11 20:43:32,262 [AppLog] INFO : 准备读取编码器位置：Y方向！
2023-05-11 20:43:32,262 [AppLog] INFO : 准备运动，编码器当前位置：DEM_GetAxisEncodeVal：MoveDirectionFlag{false为Y方向：True}CurrentPos{100.985}AimPos{145}
2023-05-11 20:43:32,465 [AppLog] INFO : Y方向运动开始：DEM_Run：返回值{True}nAxis{1}DirFlag{True}nSpeed{300000}MoveStep{44098.232365}nCtlValue{1}
2023-05-11 20:43:32,527 [AppLog] INFO : Y方向到位停止：DEM_StopAxisRun：返回值{True}CurrentPos{140.365}bImmeStop{False}nAxisMask{2}
2023-05-11 20:43:32,527 [AppLog] INFO : 获取打印Pass数据：IDP_GetPassItem2：nLayerIndex{2}nPassID{2}nProcState{3}LPPassDataItemb:PrtDir{False}nDataTxCompleteCnt{1}nHwMemAdrMatchMask{1}nLayerIndex{2}nLayerPassCount{6}nLayerPassIndex{2}nMinJet0ImgLinePos{2915}nPrtMemHwAddr{System.UInt32[]}nPrtDataOffset{System.UInt32[]}nSrcDataSize{System.UInt32[]}nPrtColBytes{System.UInt32[]}nPrtPrecession{8.888}nSrcEndCols{7200}nSrcStartCols{0}nStartEncPos{76504}nValidPassJets{1280}nValidPrtCols{7479}nValidPrtCtlCnts{1}pDataBuf{0}pNextItem{721546448}
2023-05-11 20:43:32,543 [AppLog] INFO : 使能Pass打印成功：IDP_DoPassPrint2：nLayerIndex{2}nPassID{2}
2023-05-11 20:43:32,543 [AppLog] INFO : PASS打印前关键状态：DEV_GetDeviceInfo2：nLayerIndex{2}nPassID{2}LPPRINTER_INFO:nXSysEncDPI{0}nStatus{0}nPrintStatus{0}bSuperDevice{0}
LPPRINTER_INFO-LPPrtRunInfo:bJobPrtRuning{False}bLayerPrtIsOver{False}nContReqMemErr{0}nContWDErr{0}nCurPrtDir{0}nDTLayerIndex{0}nDTLayerPassIndex{0}nDTPtrCtlIndex{0}nLayerPassCount{0}nPrintLayerIndex{0}nPrintPassIndex{0}nProcLayerIndex{0}nPrtDataMemAddr{0}nPrtState{0}nReverse{System.Int32[]}nRevPrtCols{0}
LPPRINTER_INFO-LPDRVINFO:nFMVersion{0}nFpgaVersion{0}nPCBVersion{0}nState{0}nNextState{0}nPtvwarnState{0}nCrc32{0}nRevInfo{System.UInt32[]}nSignature{0}
2023-05-11 20:43:32,543 [AppLog] INFO : PASS打印前关键状态：DEV_GetDeviceInfo：nLayerIndex{2}nPassID{2}LPPRINTER_INFO:nXSysEncDPI{5080}nStatus{909129520}nPrintStatus{0}bSuperDevice{1}
LPPRINTER_INFO-LPPrtRunInfo:bJobPrtRuning{True}bLayerPrtIsOver{False}nContReqMemErr{0}nContWDErr{0}nCurPrtDir{0}nDTLayerIndex{3}nDTLayerPassIndex{5}nDTPtrCtlIndex{0}nLayerPassCount{6}nPrintLayerIndex{2}nPrintPassIndex{2}nProcLayerIndex{3}nPrtDataMemAddr{0}nPrtState{0}nReverse{System.Int32[]}nRevPrtCols{0}
LPPRINTER_INFO-LPDRVINFO:nFMVersion{45074}nFpgaVersion{539038216}nPCBVersion{0}nState{0}nNextState{0}nPtvwarnState{0}nCrc32{0}nRevInfo{System.UInt32[]}nSignature{0}
2023-05-11 20:43:32,543 [AppLog] INFO : 创建：AutoPrintMotion1=》不需重新创建-手动操作！
2023-05-11 20:43:32,543 [AppLog] INFO : 进入：EquipmentMotionLogic3=》准备创建对象-手动操作！
2023-05-11 20:43:32,543 [AppLog] INFO : 进入：EquipmentMotionLogic3=》不需重新创建-手动操作！
2023-05-11 20:43:32,543 [AppLog] INFO : 进入：EquipmentMotionLogic3=》赋值完成自-AutoPrintMotion2！
2023-05-11 20:43:32,543 [AppLog] INFO : 进入：EquipmentMotionLogic3=》加载配置文件-LoadJsonFile成功！
2023-05-11 20:43:32,543 [AppLog] INFO : 进入：AutoPrintThread3！
2023-05-11 20:43:32,543 [AppLog] INFO : 准备读取编码器位置：X方向！
2023-05-11 20:43:32,543 [AppLog] INFO : 准备运动，当前位置：DEV_GetPrintEncoderValue：MoveDirectionFlag{false为Y方向：False}CurrentPos{423.425}AimPos{25}
2023-05-11 20:43:32,574 [AppLog] INFO : X方向运动开始：DEM_Run：返回值{True}nAxis{0}DirFlag{False}nSpeed{300000}MoveStep{-398425}nCtlValue{2}
2023-05-11 20:43:34,446 [AppLog] INFO : X方向到位停止：DEM_StopAxisRun：返回值{True}CurrentPos{30.13}bImmeStop{False}nAxisMask{1}
2023-05-11 20:43:34,446 [AppLog] INFO : 准备读取编码器位置：Y方向！
2023-05-11 20:43:34,462 [AppLog] INFO : 准备运动，编码器当前位置：DEM_GetAxisEncodeVal：MoveDirectionFlag{false为Y方向：True}CurrentPos{145.015}AimPos{155.021166666667}
2023-05-11 20:43:34,587 [AppLog] INFO : Y方向运动开始：DEM_Run：返回值{True}nAxis{1}DirFlag{True}nSpeed{300000}MoveStep{10025.0883278333}nCtlValue{1}
2023-05-11 20:43:34,649 [AppLog] INFO : Y方向到位停止：DEM_StopAxisRun：返回值{True}CurrentPos{153.69}bImmeStop{False}nAxisMask{2}
2023-05-11 20:43:34,649 [AppLog] INFO : 获取打印Pass数据：IDP_GetPassItem2：nLayerIndex{2}nPassID{3}nProcState{3}LPPassDataItemb:PrtDir{True}nDataTxCompleteCnt{1}nHwMemAdrMatchMask{1}nLayerIndex{2}nLayerPassCount{6}nLayerPassIndex{3}nMinJet0ImgLinePos{4195}nPrtMemHwAddr{System.UInt32[]}nPrtDataOffset{System.UInt32[]}nSrcDataSize{System.UInt32[]}nPrtColBytes{System.UInt32[]}nPrtPrecession{8.888}nSrcEndCols{7200}nSrcStartCols{0}nStartEncPos{10000}nValidPassJets{1280}nValidPrtCols{7479}nValidPrtCtlCnts{1}pDataBuf{0}pNextItem{721546608}
2023-05-11 20:43:34,665 [AppLog] INFO : 使能Pass打印成功：IDP_DoPassPrint2：nLayerIndex{2}nPassID{3}
2023-05-11 20:43:34,665 [AppLog] INFO : PASS打印前关键状态：DEV_GetDeviceInfo2：nLayerIndex{2}nPassID{3}LPPRINTER_INFO:nXSysEncDPI{0}nStatus{0}nPrintStatus{0}bSuperDevice{0}
LPPRINTER_INFO-LPPrtRunInfo:bJobPrtRuning{False}bLayerPrtIsOver{False}nContReqMemErr{0}nContWDErr{0}nCurPrtDir{0}nDTLayerIndex{0}nDTLayerPassIndex{0}nDTPtrCtlIndex{0}nLayerPassCount{0}nPrintLayerIndex{0}nPrintPassIndex{0}nProcLayerIndex{0}nPrtDataMemAddr{0}nPrtState{0}nReverse{System.Int32[]}nRevPrtCols{0}
LPPRINTER_INFO-LPDRVINFO:nFMVersion{0}nFpgaVersion{0}nPCBVersion{0}nState{0}nNextState{0}nPtvwarnState{0}nCrc32{0}nRevInfo{System.UInt32[]}nSignature{0}
2023-05-11 20:43:34,665 [AppLog] INFO : PASS打印前关键状态：DEV_GetDeviceInfo：nLayerIndex{2}nPassID{3}LPPRINTER_INFO:nXSysEncDPI{5080}nStatus{909129520}nPrintStatus{0}bSuperDevice{1}
LPPRINTER_INFO-LPPrtRunInfo:bJobPrtRuning{True}bLayerPrtIsOver{False}nContReqMemErr{0}nContWDErr{0}nCurPrtDir{0}nDTLayerIndex{3}nDTLayerPassIndex{5}nDTPtrCtlIndex{0}nLayerPassCount{6}nPrintLayerIndex{2}nPrintPassIndex{3}nProcLayerIndex{3}nPrtDataMemAddr{0}nPrtState{0}nReverse{System.Int32[]}nRevPrtCols{0}
LPPRINTER_INFO-LPDRVINFO:nFMVersion{45074}nFpgaVersion{539038216}nPCBVersion{0}nState{0}nNextState{0}nPtvwarnState{0}nCrc32{0}nRevInfo{System.UInt32[]}nSignature{0}
2023-05-11 20:43:34,665 [AppLog] INFO : 创建：AutoPrintMotion1=》不需重新创建-手动操作！
2023-05-11 20:43:34,665 [AppLog] INFO : 进入：EquipmentMotionLogic3=》准备创建对象-手动操作！
2023-05-11 20:43:34,665 [AppLog] INFO : 进入：EquipmentMotionLogic3=》不需重新创建-手动操作！
2023-05-11 20:43:34,665 [AppLog] INFO : 进入：EquipmentMotionLogic3=》赋值完成自-AutoPrintMotion2！
2023-05-11 20:43:34,665 [AppLog] INFO : 进入：EquipmentMotionLogic3=》加载配置文件-LoadJsonFile成功！
2023-05-11 20:43:34,665 [AppLog] INFO : 进入：AutoPrintThread3！
2023-05-11 20:43:34,665 [AppLog] INFO : 准备读取编码器位置：X方向！
2023-05-11 20:43:34,665 [AppLog] INFO : 准备运动，当前位置：DEV_GetPrintEncoderValue：MoveDirectionFlag{false为Y方向：False}CurrentPos{26.595}AimPos{425}
2023-05-11 20:43:34,696 [AppLog] INFO : X方向运动开始：DEM_Run：返回值{True}nAxis{0}DirFlag{True}nSpeed{300000}MoveStep{398405}nCtlValue{2}
2023-05-11 20:43:36,568 [AppLog] INFO : X方向到位停止：DEM_StopAxisRun：返回值{True}CurrentPos{419.05}bImmeStop{False}nAxisMask{1}
2023-05-11 20:43:36,568 [AppLog] INFO : 准备读取编码器位置：Y方向！
2023-05-11 20:43:36,568 [AppLog] INFO : 准备运动，编码器当前位置：DEM_GetAxisEncodeVal：MoveDirectionFlag{false为Y方向：True}CurrentPos{154.97}AimPos{199}
2023-05-11 20:43:36,786 [AppLog] INFO : Y方向运动开始：DEM_Run：返回值{True}nAxis{1}DirFlag{True}nSpeed{300000}MoveStep{44113.26073}nCtlValue{1}
2023-05-11 20:43:36,849 [AppLog] INFO : Y方向到位停止：DEM_StopAxisRun：返回值{True}CurrentPos{195.815}bImmeStop{False}nAxisMask{2}
2023-05-11 20:43:36,849 [AppLog] INFO : 获取打印Pass数据：IDP_GetPassItem2：nLayerIndex{2}nPassID{4}nProcState{3}LPPassDataItemb:PrtDir{False}nDataTxCompleteCnt{1}nHwMemAdrMatchMask{1}nLayerIndex{2}nLayerPassCount{6}nLayerPassIndex{4}nMinJet0ImgLinePos{5475}nPrtMemHwAddr{System.UInt32[]}nPrtDataOffset{System.UInt32[]}nSrcDataSize{System.UInt32[]}nPrtColBytes{System.UInt32[]}nPrtPrecession{8.888}nSrcEndCols{7200}nSrcStartCols{0}nStartEncPos{76504}nValidPassJets{1280}nValidPrtCols{7479}nValidPrtCtlCnts{1}pDataBuf{0}pNextItem{709758832}
2023-05-11 20:43:36,849 [AppLog] INFO : 使能Pass打印成功：IDP_DoPassPrint2：nLayerIndex{2}nPassID{4}
2023-05-11 20:43:36,864 [AppLog] INFO : PASS打印前关键状态：DEV_GetDeviceInfo2：nLayerIndex{2}nPassID{4}LPPRINTER_INFO:nXSysEncDPI{0}nStatus{0}nPrintStatus{0}bSuperDevice{0}
LPPRINTER_INFO-LPPrtRunInfo:bJobPrtRuning{False}bLayerPrtIsOver{False}nContReqMemErr{0}nContWDErr{0}nCurPrtDir{0}nDTLayerIndex{0}nDTLayerPassIndex{0}nDTPtrCtlIndex{0}nLayerPassCount{0}nPrintLayerIndex{0}nPrintPassIndex{0}nProcLayerIndex{0}nPrtDataMemAddr{0}nPrtState{0}nReverse{System.Int32[]}nRevPrtCols{0}
LPPRINTER_INFO-LPDRVINFO:nFMVersion{0}nFpgaVersion{0}nPCBVersion{0}nState{0}nNextState{0}nPtvwarnState{0}nCrc32{0}nRevInfo{System.UInt32[]}nSignature{0}
2023-05-11 20:43:36,864 [AppLog] INFO : PASS打印前关键状态：DEV_GetDeviceInfo：nLayerIndex{2}nPassID{4}LPPRINTER_INFO:nXSysEncDPI{5080}nStatus{909129520}nPrintStatus{0}bSuperDevice{1}
LPPRINTER_INFO-LPPrtRunInfo:bJobPrtRuning{True}bLayerPrtIsOver{False}nContReqMemErr{0}nContWDErr{0}nCurPrtDir{0}nDTLayerIndex{3}nDTLayerPassIndex{5}nDTPtrCtlIndex{0}nLayerPassCount{6}nPrintLayerIndex{2}nPrintPassIndex{4}nProcLayerIndex{3}nPrtDataMemAddr{0}nPrtState{0}nReverse{System.Int32[]}nRevPrtCols{0}
LPPRINTER_INFO-LPDRVINFO:nFMVersion{45074}nFpgaVersion{539038216}nPCBVersion{0}nState{0}nNextState{0}nPtvwarnState{0}nCrc32{0}nRevInfo{System.UInt32[]}nSignature{0}
2023-05-11 20:43:36,864 [AppLog] INFO : 创建：AutoPrintMotion1=》不需重新创建-手动操作！
2023-05-11 20:43:36,864 [AppLog] INFO : 进入：EquipmentMotionLogic3=》准备创建对象-手动操作！
2023-05-11 20:43:36,864 [AppLog] INFO : 进入：EquipmentMotionLogic3=》不需重新创建-手动操作！
2023-05-11 20:43:36,864 [AppLog] INFO : 进入：EquipmentMotionLogic3=》赋值完成自-AutoPrintMotion2！
2023-05-11 20:43:36,864 [AppLog] INFO : 进入：EquipmentMotionLogic3=》加载配置文件-LoadJsonFile成功！
2023-05-11 20:43:36,864 [AppLog] INFO : 进入：AutoPrintThread3！
2023-05-11 20:43:36,864 [AppLog] INFO : 准备读取编码器位置：X方向！
2023-05-11 20:43:36,864 [AppLog] INFO : 准备运动，当前位置：DEV_GetPrintEncoderValue：MoveDirectionFlag{false为Y方向：False}CurrentPos{423.415}AimPos{25}
2023-05-11 20:43:36,895 [AppLog] INFO : X方向运动开始：DEM_Run：返回值{True}nAxis{0}DirFlag{False}nSpeed{300000}MoveStep{-398415}nCtlValue{2}
2023-05-11 20:43:38,767 [AppLog] INFO : X方向到位停止：DEM_StopAxisRun：返回值{True}CurrentPos{30.845}bImmeStop{False}nAxisMask{1}
2023-05-11 20:43:38,767 [AppLog] INFO : 准备读取编码器位置：Y方向！
2023-05-11 20:43:38,767 [AppLog] INFO : 准备运动，编码器当前位置：DEM_GetAxisEncodeVal：MoveDirectionFlag{false为Y方向：True}CurrentPos{199.055}AimPos{209.021166666667}
2023-05-11 20:43:38,892 [AppLog] INFO : Y方向运动开始：DEM_Run：返回值{True}nAxis{1}DirFlag{True}nSpeed{300000}MoveStep{9985.01268783332}nCtlValue{1}
2023-05-11 20:43:38,955 [AppLog] INFO : Y方向到位停止：DEM_StopAxisRun：返回值{True}CurrentPos{207.825}bImmeStop{False}nAxisMask{2}
2023-05-11 20:43:38,955 [AppLog] INFO : 获取打印Pass数据：IDP_GetPassItem2：nLayerIndex{2}nPassID{5}nProcState{3}LPPassDataItemb:PrtDir{True}nDataTxCompleteCnt{1}nHwMemAdrMatchMask{1}nLayerIndex{2}nLayerPassCount{6}nLayerPassIndex{5}nMinJet0ImgLinePos{6755}nPrtMemHwAddr{System.UInt32[]}nPrtDataOffset{System.UInt32[]}nSrcDataSize{System.UInt32[]}nPrtColBytes{System.UInt32[]}nPrtPrecession{8.888}nSrcEndCols{7200}nSrcStartCols{0}nStartEncPos{10000}nValidPassJets{1280}nValidPrtCols{7479}nValidPrtCtlCnts{1}pDataBuf{0}pNextItem{0}
2023-05-11 20:43:38,955 [AppLog] INFO : 使能Pass打印成功：IDP_DoPassPrint2：nLayerIndex{2}nPassID{5}
2023-05-11 20:43:38,970 [AppLog] INFO : PASS打印前关键状态：DEV_GetDeviceInfo2：nLayerIndex{2}nPassID{5}LPPRINTER_INFO:nXSysEncDPI{0}nStatus{0}nPrintStatus{0}bSuperDevice{0}
LPPRINTER_INFO-LPPrtRunInfo:bJobPrtRuning{False}bLayerPrtIsOver{False}nContReqMemErr{0}nContWDErr{0}nCurPrtDir{0}nDTLayerIndex{0}nDTLayerPassIndex{0}nDTPtrCtlIndex{0}nLayerPassCount{0}nPrintLayerIndex{0}nPrintPassIndex{0}nProcLayerIndex{0}nPrtDataMemAddr{0}nPrtState{0}nReverse{System.Int32[]}nRevPrtCols{0}
LPPRINTER_INFO-LPDRVINFO:nFMVersion{0}nFpgaVersion{0}nPCBVersion{0}nState{0}nNextState{0}nPtvwarnState{0}nCrc32{0}nRevInfo{System.UInt32[]}nSignature{0}
2023-05-11 20:43:38,970 [AppLog] INFO : PASS打印前关键状态：DEV_GetDeviceInfo：nLayerIndex{2}nPassID{5}LPPRINTER_INFO:nXSysEncDPI{5080}nStatus{909129520}nPrintStatus{0}bSuperDevice{1}
LPPRINTER_INFO-LPPrtRunInfo:bJobPrtRuning{True}bLayerPrtIsOver{False}nContReqMemErr{0}nContWDErr{0}nCurPrtDir{0}nDTLayerIndex{3}nDTLayerPassIndex{5}nDTPtrCtlIndex{0}nLayerPassCount{6}nPrintLayerIndex{2}nPrintPassIndex{5}nProcLayerIndex{3}nPrtDataMemAddr{0}nPrtState{0}nReverse{System.Int32[]}nRevPrtCols{0}
LPPRINTER_INFO-LPDRVINFO:nFMVersion{45074}nFpgaVersion{539038216}nPCBVersion{0}nState{0}nNextState{0}nPtvwarnState{0}nCrc32{0}nRevInfo{System.UInt32[]}nSignature{0}
2023-05-11 20:43:38,970 [AppLog] INFO : 创建：AutoPrintMotion1=》不需重新创建-手动操作！
2023-05-11 20:43:38,970 [AppLog] INFO : 进入：EquipmentMotionLogic3=》准备创建对象-手动操作！
2023-05-11 20:43:38,970 [AppLog] INFO : 进入：EquipmentMotionLogic3=》不需重新创建-手动操作！
2023-05-11 20:43:38,970 [AppLog] INFO : 进入：EquipmentMotionLogic3=》赋值完成自-AutoPrintMotion2！
2023-05-11 20:43:38,970 [AppLog] INFO : 进入：EquipmentMotionLogic3=》加载配置文件-LoadJsonFile成功！
2023-05-11 20:43:38,970 [AppLog] INFO : 进入：AutoPrintThread3！
2023-05-11 20:43:38,970 [AppLog] INFO : 准备读取编码器位置：X方向！
2023-05-11 20:43:38,970 [AppLog] INFO : 准备运动，当前位置：DEV_GetPrintEncoderValue：MoveDirectionFlag{false为Y方向：False}CurrentPos{26.59}AimPos{425}
2023-05-11 20:43:39,001 [AppLog] INFO : X方向运动开始：DEM_Run：返回值{True}nAxis{0}DirFlag{True}nSpeed{300000}MoveStep{398410}nCtlValue{2}
2023-05-11 20:43:40,889 [AppLog] INFO : X方向到位停止：DEM_StopAxisRun：返回值{True}CurrentPos{419.675}bImmeStop{False}nAxisMask{1}
2023-05-11 20:43:40,889 [AppLog] INFO : 准备读取编码器位置：X方向！
2023-05-11 20:43:40,889 [AppLog] INFO : 准备运动，当前位置：DEV_GetPrintEncoderValue：MoveDirectionFlag{false为Y方向：False}CurrentPos{419.845}AimPos{780}
2023-05-11 20:43:40,920 [AppLog] INFO : X方向运动开始：DEM_Run：返回值{True}nAxis{0}DirFlag{True}nSpeed{300000}MoveStep{360155}nCtlValue{2}
2023-05-11 20:43:40,983 [AppLog] INFO : 准备读取编码器位置：Y方向！
2023-05-11 20:43:40,983 [AppLog] INFO : 准备运动，编码器当前位置：DEM_GetAxisEncodeVal：MoveDirectionFlag{false为Y方向：True}CurrentPos{209.01}AimPos{121}
2023-05-11 20:43:41,341 [AppLog] INFO : Y方向运动开始：DEM_Run：返回值{True}nAxis{1}DirFlag{False}nSpeed{300000}MoveStep{-88176.42691}nCtlValue{1}
2023-05-11 20:43:42,683 [AppLog] INFO : Y方向到位等停：DEM_StopAxisRun：返回值{True}bImmeStop{False}nAxisMask{1}
2023-05-11 20:43:42,683 [AppLog] INFO : X方向到位等停：DEM_StopAxisRun：返回值{True}bImmeStop{False}nAxisMask{2}
2023-05-11 20:43:42,714 [AppLog] INFO : 开启闪喷操作：IDP_FlashPrtCtl：返回值{True}
2023-05-11 20:43:42,714 [AppLog] INFO : 不执行跳过铺粉固化操作：m_bApplyPowderSupplyMotion:1
2023-05-11 20:43:42,714 [AppLog] INFO : 接收到起始打印指令：PrintTaskTHREAD
2023-05-11 20:43:42,714 [AppLog] INFO : 获取打印Pass数据：IDP_GetPassItem2：nLayerIndex{3}nPassID{0}nProcState{3}LPPassDataItemb:PrtDir{False}nDataTxCompleteCnt{1}nHwMemAdrMatchMask{1}nLayerIndex{3}nLayerPassCount{6}nLayerPassIndex{0}nMinJet0ImgLinePos{355}nPrtMemHwAddr{System.UInt32[]}nPrtDataOffset{System.UInt32[]}nSrcDataSize{System.UInt32[]}nPrtColBytes{System.UInt32[]}nPrtPrecession{8.888}nSrcEndCols{7200}nSrcStartCols{0}nStartEncPos{76504}nValidPassJets{1280}nValidPrtCols{7479}nValidPrtCtlCnts{1}pDataBuf{0}pNextItem{709759152}
2023-05-11 20:43:42,745 [AppLog] INFO : 使能Pass打印成功：IDP_DoPassPrint2：nLayerIndex{3}nPassID{0}
2023-05-11 20:43:42,745 [AppLog] INFO : PASS打印前关键状态：DEV_GetDeviceInfo2：nLayerIndex{3}nPassID{0}LPPRINTER_INFO:nXSysEncDPI{0}nStatus{0}nPrintStatus{0}bSuperDevice{0}
LPPRINTER_INFO-LPPrtRunInfo:bJobPrtRuning{False}bLayerPrtIsOver{False}nContReqMemErr{0}nContWDErr{0}nCurPrtDir{0}nDTLayerIndex{0}nDTLayerPassIndex{0}nDTPtrCtlIndex{0}nLayerPassCount{0}nPrintLayerIndex{0}nPrintPassIndex{0}nProcLayerIndex{0}nPrtDataMemAddr{0}nPrtState{0}nReverse{System.Int32[]}nRevPrtCols{0}
LPPRINTER_INFO-LPDRVINFO:nFMVersion{0}nFpgaVersion{0}nPCBVersion{0}nState{0}nNextState{0}nPtvwarnState{0}nCrc32{0}nRevInfo{System.UInt32[]}nSignature{0}
2023-05-11 20:43:42,761 [AppLog] INFO : PASS打印前关键状态：DEV_GetDeviceInfo：nLayerIndex{3}nPassID{0}LPPRINTER_INFO:nXSysEncDPI{5080}nStatus{909129520}nPrintStatus{0}bSuperDevice{1}
LPPRINTER_INFO-LPPrtRunInfo:bJobPrtRuning{True}bLayerPrtIsOver{False}nContReqMemErr{0}nContWDErr{0}nCurPrtDir{0}nDTLayerIndex{3}nDTLayerPassIndex{5}nDTPtrCtlIndex{0}nLayerPassCount{6}nPrintLayerIndex{3}nPrintPassIndex{0}nProcLayerIndex{3}nPrtDataMemAddr{0}nPrtState{0}nReverse{System.Int32[]}nRevPrtCols{0}
LPPRINTER_INFO-LPDRVINFO:nFMVersion{45074}nFpgaVersion{539038216}nPCBVersion{0}nState{0}nNextState{0}nPtvwarnState{0}nCrc32{0}nRevInfo{System.UInt32[]}nSignature{0}
2023-05-11 20:43:42,761 [AppLog] INFO : 创建：AutoPrintMotion1=》不需重新创建-手动操作！
2023-05-11 20:43:42,761 [AppLog] INFO : 进入：EquipmentMotionLogic3=》准备创建对象-手动操作！
2023-05-11 20:43:42,761 [AppLog] INFO : 进入：EquipmentMotionLogic3=》不需重新创建-手动操作！
2023-05-11 20:43:42,761 [AppLog] INFO : 进入：EquipmentMotionLogic3=》赋值完成自-AutoPrintMotion2！
2023-05-11 20:43:42,761 [AppLog] INFO : 进入：EquipmentMotionLogic3=》加载配置文件-LoadJsonFile成功！
2023-05-11 20:43:42,761 [AppLog] INFO : 进入自动清洗过程：AutoCleanThread
2023-05-11 20:43:43,120 [AppLog] INFO : 刮墨轴回零成功：motionMap.SetBackSpreaderAxis(4, 1, 2, -SinkHomePosition)
2023-05-11 20:43:43,120 [AppLog] INFO : 准备读取编码器位置：Y方向！
2023-05-11 20:43:43,120 [AppLog] INFO : 准备运动，编码器当前位置：DEM_GetAxisEncodeVal：MoveDirectionFlag{false为Y方向：True}CurrentPos{121.055}AimPos{116}
2023-05-11 20:43:43,245 [AppLog] INFO : Y方向运动开始：DEM_Run：返回值{True}nAxis{1}DirFlag{False}nSpeed{300000}MoveStep{-5064.55900500001}nCtlValue{1}
2023-05-11 20:43:43,307 [AppLog] INFO : Y方向到位停止：DEM_StopAxisRun：返回值{True}CurrentPos{116.43}bImmeStop{False}nAxisMask{2}
2023-05-11 20:43:43,307 [AppLog] INFO : 准备读取编码器位置：X方向！
2023-05-11 20:43:43,323 [AppLog] INFO : 准备运动，当前位置：DEV_GetPrintEncoderValue：MoveDirectionFlag{false为Y方向：False}CurrentPos{783.545}AimPos{780}
2023-05-11 20:43:43,354 [AppLog] INFO : X方向运动开始：DEM_Run：返回值{True}nAxis{0}DirFlag{False}nSpeed{300000}MoveStep{-3545.00000000007}nCtlValue{2}
2023-05-11 20:43:43,525 [AppLog] INFO : X方向到位停止：DEM_StopAxisRun：返回值{True}CurrentPos{782.45}bImmeStop{False}nAxisMask{1}
2023-05-11 20:43:44,571 [AppLog] INFO : 开启闪喷： IDP_FlashPrtCtl(true)：ReturnCode{True}
2023-05-11 20:43:44,571 [AppLog] INFO : 开启压墨： motionMap.SetDo(13, true)
2023-05-11 20:43:45,085 [AppLog] INFO : 关闭压墨： motionMap.SetDo(13, false)
2023-05-11 20:43:45,085 [AppLog] INFO : 压墨等待开启：{0.5S}
2023-05-11 20:43:45,600 [AppLog] INFO : 压墨等待完成：{0.5S}
2023-05-11 20:43:45,600 [AppLog] INFO : 开启闪喷： IDP_FlashPrtCtl(false)：ReturnCode{True}
2023-05-11 20:43:45,600 [AppLog] INFO : 准备读取编码器位置：X方向！
2023-05-11 20:43:45,600 [AppLog] INFO : 准备运动，当前位置：DEV_GetPrintEncoderValue：MoveDirectionFlag{false为Y方向：False}CurrentPos{780.33}AimPos{680}
2023-05-11 20:43:45,631 [AppLog] INFO : X方向运动开始：DEM_Run：返回值{True}nAxis{0}DirFlag{False}nSpeed{250000}MoveStep{-100330}nCtlValue{2}
2023-05-11 20:43:46,489 [AppLog] INFO : X方向到位停止：DEM_StopAxisRun：返回值{True}CurrentPos{684.015}bImmeStop{False}nAxisMask{1}
2023-05-11 20:43:47,004 [AppLog] INFO : 结束自动清洗过程：AutoCleanThread
2023-05-11 20:43:47,004 [AppLog] INFO : 进入：EquipmentMotionLogic3=》准备创建对象-手动操作！
2023-05-11 20:43:47,004 [AppLog] INFO : 进入：EquipmentMotionLogic3=》不需重新创建-手动操作！
2023-05-11 20:43:47,004 [AppLog] INFO : 进入：EquipmentMotionLogic3=》赋值完成自-AutoPrintMotion2！
2023-05-11 20:43:47,004 [AppLog] INFO : 进入：EquipmentMotionLogic3=》加载配置文件-LoadJsonFile成功！
2023-05-11 20:43:47,004 [AppLog] INFO : 进入：AutoPrintThread3！
2023-05-11 20:43:47,004 [AppLog] INFO : 关闭闪喷操作：IDP_FlashPrtCtl：返回值{True}
2023-05-11 20:43:47,004 [AppLog] INFO : 准备读取编码器位置：Y方向！
2023-05-11 20:43:47,004 [AppLog] INFO : 准备运动，编码器当前位置：DEM_GetAxisEncodeVal：MoveDirectionFlag{false为Y方向：True}CurrentPos{115.99}AimPos{93.5}
2023-05-11 20:43:47,145 [AppLog] INFO : Y方向运动开始：DEM_Run：返回值{True}nAxis{1}DirFlag{False}nSpeed{300000}MoveStep{-22532.52859}nCtlValue{1}
2023-05-11 20:43:47,207 [AppLog] INFO : 准备读取编码器位置：X方向！
2023-05-11 20:43:47,207 [AppLog] INFO : 准备运动，当前位置：DEV_GetPrintEncoderValue：MoveDirectionFlag{false为Y方向：False}CurrentPos{680.27}AimPos{425}
2023-05-11 20:43:47,238 [AppLog] INFO : X方向运动开始：DEM_Run：返回值{True}nAxis{0}DirFlag{False}nSpeed{300000}MoveStep{-255270}nCtlValue{2}
2023-05-11 20:43:48,658 [AppLog] INFO : X方向到位停止：DEM_StopAxisRun：返回值{True}CurrentPos{428.54}bImmeStop{False}nAxisMask{1}
2023-05-11 20:43:48,658 [AppLog] INFO : 准备读取编码器位置：X方向！
2023-05-11 20:43:48,658 [AppLog] INFO : 准备运动，当前位置：DEV_GetPrintEncoderValue：MoveDirectionFlag{false为Y方向：False}CurrentPos{428.38}AimPos{25}
2023-05-11 20:43:48,689 [AppLog] INFO : X方向运动开始：DEM_Run：返回值{True}nAxis{0}DirFlag{False}nSpeed{300000}MoveStep{-403380}nCtlValue{2}
2023-05-11 20:43:50,592 [AppLog] INFO : X方向到位停止：DEM_StopAxisRun：返回值{True}CurrentPos{25.725}bImmeStop{False}nAxisMask{1}
2023-05-11 20:43:50,592 [AppLog] INFO : 准备读取编码器位置：Y方向！
2023-05-11 20:43:50,592 [AppLog] INFO : 准备运动，编码器当前位置：DEM_GetAxisEncodeVal：MoveDirectionFlag{false为Y方向：True}CurrentPos{93.49}AimPos{98.5211666666667}
2023-05-11 20:43:50,717 [AppLog] INFO : Y方向运动开始：DEM_Run：返回值{True}nAxis{1}DirFlag{True}nSpeed{300000}MoveStep{5040.68060283334}nCtlValue{1}
2023-05-11 20:43:50,779 [AppLog] INFO : Y方向到位停止：DEM_StopAxisRun：返回值{True}CurrentPos{97.815}bImmeStop{False}nAxisMask{2}
2023-05-11 20:43:50,779 [AppLog] INFO : 获取打印Pass数据：IDP_GetPassItem2：nLayerIndex{3}nPassID{1}nProcState{3}LPPassDataItemb:PrtDir{True}nDataTxCompleteCnt{1}nHwMemAdrMatchMask{1}nLayerIndex{3}nLayerPassCount{6}nLayerPassIndex{1}nMinJet0ImgLinePos{1635}nPrtMemHwAddr{System.UInt32[]}nPrtDataOffset{System.UInt32[]}nSrcDataSize{System.UInt32[]}nPrtColBytes{System.UInt32[]}nPrtPrecession{8.888}nSrcEndCols{7200}nSrcStartCols{0}nStartEncPos{10000}nValidPassJets{1280}nValidPrtCols{7479}nValidPrtCtlCnts{1}pDataBuf{0}pNextItem{709759312}
2023-05-11 20:43:50,795 [AppLog] INFO : 使能Pass打印成功：IDP_DoPassPrint2：nLayerIndex{3}nPassID{1}
2023-05-11 20:43:50,795 [AppLog] INFO : PASS打印前关键状态：DEV_GetDeviceInfo2：nLayerIndex{3}nPassID{1}LPPRINTER_INFO:nXSysEncDPI{0}nStatus{0}nPrintStatus{0}bSuperDevice{0}
LPPRINTER_INFO-LPPrtRunInfo:bJobPrtRuning{False}bLayerPrtIsOver{False}nContReqMemErr{0}nContWDErr{0}nCurPrtDir{0}nDTLayerIndex{0}nDTLayerPassIndex{0}nDTPtrCtlIndex{0}nLayerPassCount{0}nPrintLayerIndex{0}nPrintPassIndex{0}nProcLayerIndex{0}nPrtDataMemAddr{0}nPrtState{0}nReverse{System.Int32[]}nRevPrtCols{0}
LPPRINTER_INFO-LPDRVINFO:nFMVersion{0}nFpgaVersion{0}nPCBVersion{0}nState{0}nNextState{0}nPtvwarnState{0}nCrc32{0}nRevInfo{System.UInt32[]}nSignature{0}
2023-05-11 20:43:50,795 [AppLog] INFO : PASS打印前关键状态：DEV_GetDeviceInfo：nLayerIndex{3}nPassID{1}LPPRINTER_INFO:nXSysEncDPI{5080}nStatus{909129520}nPrintStatus{0}bSuperDevice{1}
LPPRINTER_INFO-LPPrtRunInfo:bJobPrtRuning{True}bLayerPrtIsOver{False}nContReqMemErr{0}nContWDErr{0}nCurPrtDir{0}nDTLayerIndex{3}nDTLayerPassIndex{5}nDTPtrCtlIndex{0}nLayerPassCount{6}nPrintLayerIndex{3}nPrintPassIndex{1}nProcLayerIndex{3}nPrtDataMemAddr{0}nPrtState{0}nReverse{System.Int32[]}nRevPrtCols{0}
LPPRINTER_INFO-LPDRVINFO:nFMVersion{45074}nFpgaVersion{539038216}nPCBVersion{0}nState{0}nNextState{0}nPtvwarnState{0}nCrc32{0}nRevInfo{System.UInt32[]}nSignature{0}
2023-05-11 20:43:50,795 [AppLog] INFO : 创建：AutoPrintMotion1=》不需重新创建-手动操作！
2023-05-11 20:43:50,795 [AppLog] INFO : 进入：EquipmentMotionLogic3=》准备创建对象-手动操作！
2023-05-11 20:43:50,795 [AppLog] INFO : 进入：EquipmentMotionLogic3=》不需重新创建-手动操作！
2023-05-11 20:43:50,795 [AppLog] INFO : 进入：EquipmentMotionLogic3=》赋值完成自-AutoPrintMotion2！
2023-05-11 20:43:50,795 [AppLog] INFO : 进入：EquipmentMotionLogic3=》加载配置文件-LoadJsonFile成功！
2023-05-11 20:43:50,795 [AppLog] INFO : 进入：AutoPrintThread3！
2023-05-11 20:43:50,795 [AppLog] INFO : 准备读取编码器位置：X方向！
2023-05-11 20:43:50,795 [AppLog] INFO : 准备运动，当前位置：DEV_GetPrintEncoderValue：MoveDirectionFlag{false为Y方向：False}CurrentPos{22.61}AimPos{425}
2023-05-11 20:43:50,826 [AppLog] INFO : X方向运动开始：DEM_Run：返回值{True}nAxis{0}DirFlag{True}nSpeed{300000}MoveStep{402390}nCtlValue{2}
2023-05-11 20:43:52,714 [AppLog] INFO : X方向到位停止：DEM_StopAxisRun：返回值{True}CurrentPos{419.65}bImmeStop{False}nAxisMask{1}
2023-05-11 20:43:52,714 [AppLog] INFO : 准备读取编码器位置：Y方向！
2023-05-11 20:43:52,714 [AppLog] INFO : 准备运动，编码器当前位置：DEM_GetAxisEncodeVal：MoveDirectionFlag{false为Y方向：True}CurrentPos{98.51}AimPos{147.5}
2023-05-11 20:43:52,948 [AppLog] INFO : Y方向运动开始：DEM_Run：返回值{True}nAxis{1}DirFlag{True}nSpeed{300000}MoveStep{49082.64009}nCtlValue{1}
2023-05-11 20:43:53,010 [AppLog] INFO : Y方向到位停止：DEM_StopAxisRun：返回值{True}CurrentPos{144.185}bImmeStop{False}nAxisMask{2}
2023-05-11 20:43:53,010 [AppLog] INFO : 获取打印Pass数据：IDP_GetPassItem2：nLayerIndex{3}nPassID{2}nProcState{3}LPPassDataItemb:PrtDir{False}nDataTxCompleteCnt{1}nHwMemAdrMatchMask{1}nLayerIndex{3}nLayerPassCount{6}nLayerPassIndex{2}nMinJet0ImgLinePos{2915}nPrtMemHwAddr{System.UInt32[]}nPrtDataOffset{System.UInt32[]}nSrcDataSize{System.UInt32[]}nPrtColBytes{System.UInt32[]}nPrtPrecession{8.888}nSrcEndCols{7200}nSrcStartCols{0}nStartEncPos{76504}nValidPassJets{1280}nValidPrtCols{7479}nValidPrtCtlCnts{1}pDataBuf{0}pNextItem{709759472}
2023-05-11 20:43:53,010 [AppLog] INFO : 使能Pass打印成功：IDP_DoPassPrint2：nLayerIndex{3}nPassID{2}
2023-05-11 20:43:53,026 [AppLog] INFO : PASS打印前关键状态：DEV_GetDeviceInfo2：nLayerIndex{3}nPassID{2}LPPRINTER_INFO:nXSysEncDPI{0}nStatus{0}nPrintStatus{0}bSuperDevice{0}
LPPRINTER_INFO-LPPrtRunInfo:bJobPrtRuning{False}bLayerPrtIsOver{False}nContReqMemErr{0}nContWDErr{0}nCurPrtDir{0}nDTLayerIndex{0}nDTLayerPassIndex{0}nDTPtrCtlIndex{0}nLayerPassCount{0}nPrintLayerIndex{0}nPrintPassIndex{0}nProcLayerIndex{0}nPrtDataMemAddr{0}nPrtState{0}nReverse{System.Int32[]}nRevPrtCols{0}
LPPRINTER_INFO-LPDRVINFO:nFMVersion{0}nFpgaVersion{0}nPCBVersion{0}nState{0}nNextState{0}nPtvwarnState{0}nCrc32{0}nRevInfo{System.UInt32[]}nSignature{0}
2023-05-11 20:43:53,026 [AppLog] INFO : PASS打印前关键状态：DEV_GetDeviceInfo：nLayerIndex{3}nPassID{2}LPPRINTER_INFO:nXSysEncDPI{5080}nStatus{909129520}nPrintStatus{0}bSuperDevice{1}
LPPRINTER_INFO-LPPrtRunInfo:bJobPrtRuning{True}bLayerPrtIsOver{False}nContReqMemErr{0}nContWDErr{0}nCurPrtDir{0}nDTLayerIndex{3}nDTLayerPassIndex{5}nDTPtrCtlIndex{0}nLayerPassCount{6}nPrintLayerIndex{3}nPrintPassIndex{2}nProcLayerIndex{3}nPrtDataMemAddr{0}nPrtState{0}nReverse{System.Int32[]}nRevPrtCols{0}
LPPRINTER_INFO-LPDRVINFO:nFMVersion{45074}nFpgaVersion{539038216}nPCBVersion{0}nState{0}nNextState{0}nPtvwarnState{0}nCrc32{0}nRevInfo{System.UInt32[]}nSignature{0}
2023-05-11 20:43:53,026 [AppLog] INFO : 创建：AutoPrintMotion1=》不需重新创建-手动操作！
2023-05-11 20:43:53,026 [AppLog] INFO : 进入：EquipmentMotionLogic3=》准备创建对象-手动操作！
2023-05-11 20:43:53,026 [AppLog] INFO : 进入：EquipmentMotionLogic3=》不需重新创建-手动操作！
2023-05-11 20:43:53,026 [AppLog] INFO : 进入：EquipmentMotionLogic3=》赋值完成自-AutoPrintMotion2！
2023-05-11 20:43:53,026 [AppLog] INFO : 进入：EquipmentMotionLogic3=》加载配置文件-LoadJsonFile成功！
2023-05-11 20:43:53,026 [AppLog] INFO : 进入：AutoPrintThread3！
2023-05-11 20:43:53,026 [AppLog] INFO : 准备读取编码器位置：X方向！
2023-05-11 20:43:53,026 [AppLog] INFO : 准备运动，当前位置：DEV_GetPrintEncoderValue：MoveDirectionFlag{false为Y方向：False}CurrentPos{423.435}AimPos{25}
2023-05-11 20:43:53,057 [AppLog] INFO : X方向运动开始：DEM_Run：返回值{True}nAxis{0}DirFlag{False}nSpeed{300000}MoveStep{-398435}nCtlValue{2}
2023-05-11 20:43:54,945 [AppLog] INFO : X方向到位停止：DEM_StopAxisRun：返回值{True}CurrentPos{29.21}bImmeStop{False}nAxisMask{1}
2023-05-11 20:43:54,945 [AppLog] INFO : 准备读取编码器位置：Y方向！
2023-05-11 20:43:54,960 [AppLog] INFO : 准备运动，编码器当前位置：DEM_GetAxisEncodeVal：MoveDirectionFlag{false为Y方向：True}CurrentPos{147.485}AimPos{152.521166666667}
2023-05-11 20:43:55,085 [AppLog] INFO : Y方向运动开始：DEM_Run：返回值{True}nAxis{1}DirFlag{True}nSpeed{300000}MoveStep{5045.69005783331}nCtlValue{1}
2023-05-11 20:43:55,147 [AppLog] INFO : Y方向到位停止：DEM_StopAxisRun：返回值{True}CurrentPos{151.885}bImmeStop{False}nAxisMask{2}
2023-05-11 20:43:55,147 [AppLog] INFO : 获取打印Pass数据：IDP_GetPassItem2：nLayerIndex{3}nPassID{3}nProcState{3}LPPassDataItemb:PrtDir{True}nDataTxCompleteCnt{1}nHwMemAdrMatchMask{1}nLayerIndex{3}nLayerPassCount{6}nLayerPassIndex{3}nMinJet0ImgLinePos{4195}nPrtMemHwAddr{System.UInt32[]}nPrtDataOffset{System.UInt32[]}nSrcDataSize{System.UInt32[]}nPrtColBytes{System.UInt32[]}nPrtPrecession{8.888}nSrcEndCols{7200}nSrcStartCols{0}nStartEncPos{10000}nValidPassJets{1280}nValidPrtCols{7479}nValidPrtCtlCnts{1}pDataBuf{0}pNextItem{709759632}
2023-05-11 20:43:55,147 [AppLog] INFO : 使能Pass打印成功：IDP_DoPassPrint2：nLayerIndex{3}nPassID{3}
2023-05-11 20:43:55,163 [AppLog] INFO : PASS打印前关键状态：DEV_GetDeviceInfo2：nLayerIndex{3}nPassID{3}LPPRINTER_INFO:nXSysEncDPI{0}nStatus{0}nPrintStatus{0}bSuperDevice{0}
LPPRINTER_INFO-LPPrtRunInfo:bJobPrtRuning{False}bLayerPrtIsOver{False}nContReqMemErr{0}nContWDErr{0}nCurPrtDir{0}nDTLayerIndex{0}nDTLayerPassIndex{0}nDTPtrCtlIndex{0}nLayerPassCount{0}nPrintLayerIndex{0}nPrintPassIndex{0}nProcLayerIndex{0}nPrtDataMemAddr{0}nPrtState{0}nReverse{System.Int32[]}nRevPrtCols{0}
LPPRINTER_INFO-LPDRVINFO:nFMVersion{0}nFpgaVersion{0}nPCBVersion{0}nState{0}nNextState{0}nPtvwarnState{0}nCrc32{0}nRevInfo{System.UInt32[]}nSignature{0}
2023-05-11 20:43:55,163 [AppLog] INFO : PASS打印前关键状态：DEV_GetDeviceInfo：nLayerIndex{3}nPassID{3}LPPRINTER_INFO:nXSysEncDPI{5080}nStatus{909129520}nPrintStatus{0}bSuperDevice{1}
LPPRINTER_INFO-LPPrtRunInfo:bJobPrtRuning{True}bLayerPrtIsOver{False}nContReqMemErr{0}nContWDErr{0}nCurPrtDir{0}nDTLayerIndex{3}nDTLayerPassIndex{5}nDTPtrCtlIndex{0}nLayerPassCount{6}nPrintLayerIndex{3}nPrintPassIndex{3}nProcLayerIndex{3}nPrtDataMemAddr{0}nPrtState{0}nReverse{System.Int32[]}nRevPrtCols{0}
LPPRINTER_INFO-LPDRVINFO:nFMVersion{45074}nFpgaVersion{539038216}nPCBVersion{0}nState{0}nNextState{0}nPtvwarnState{0}nCrc32{0}nRevInfo{System.UInt32[]}nSignature{0}
2023-05-11 20:43:55,163 [AppLog] INFO : 创建：AutoPrintMotion1=》不需重新创建-手动操作！
2023-05-11 20:43:55,163 [AppLog] INFO : 进入：EquipmentMotionLogic3=》准备创建对象-手动操作！
2023-05-11 20:43:55,163 [AppLog] INFO : 进入：EquipmentMotionLogic3=》不需重新创建-手动操作！
2023-05-11 20:43:55,163 [AppLog] INFO : 进入：EquipmentMotionLogic3=》赋值完成自-AutoPrintMotion2！
2023-05-11 20:43:55,163 [AppLog] INFO : 进入：EquipmentMotionLogic3=》加载配置文件-LoadJsonFile成功！
2023-05-11 20:43:55,163 [AppLog] INFO : 进入：AutoPrintThread3！
2023-05-11 20:43:55,163 [AppLog] INFO : 准备读取编码器位置：X方向！
2023-05-11 20:43:55,163 [AppLog] INFO : 准备运动，当前位置：DEV_GetPrintEncoderValue：MoveDirectionFlag{false为Y方向：False}CurrentPos{26.59}AimPos{425}
2023-05-11 20:43:55,194 [AppLog] INFO : X方向运动开始：DEM_Run：返回值{True}nAxis{0}DirFlag{True}nSpeed{300000}MoveStep{398410}nCtlValue{2}
2023-05-11 20:43:57,066 [AppLog] INFO : X方向到位停止：DEM_StopAxisRun：返回值{True}CurrentPos{418.915}bImmeStop{False}nAxisMask{1}
2023-05-11 20:43:57,066 [AppLog] INFO : 准备读取编码器位置：Y方向！
2023-05-11 20:43:57,066 [AppLog] INFO : 准备运动，编码器当前位置：DEM_GetAxisEncodeVal：MoveDirectionFlag{false为Y方向：True}CurrentPos{152.54}AimPos{201.5}
2023-05-11 20:43:57,300 [AppLog] INFO : Y方向运动开始：DEM_Run：返回值{True}nAxis{1}DirFlag{True}nSpeed{300000}MoveStep{49052.58336}nCtlValue{1}
2023-05-11 20:43:57,363 [AppLog] INFO : Y方向到位停止：DEM_StopAxisRun：返回值{True}CurrentPos{198.285}bImmeStop{False}nAxisMask{2}
2023-05-11 20:43:57,363 [AppLog] INFO : 获取打印Pass数据：IDP_GetPassItem2：nLayerIndex{3}nPassID{4}nProcState{3}LPPassDataItemb:PrtDir{False}nDataTxCompleteCnt{1}nHwMemAdrMatchMask{1}nLayerIndex{3}nLayerPassCount{6}nLayerPassIndex{4}nMinJet0ImgLinePos{5475}nPrtMemHwAddr{System.UInt32[]}nPrtDataOffset{System.UInt32[]}nSrcDataSize{System.UInt32[]}nPrtColBytes{System.UInt32[]}nPrtPrecession{8.888}nSrcEndCols{7200}nSrcStartCols{0}nStartEncPos{76504}nValidPassJets{1280}nValidPrtCols{7479}nValidPrtCtlCnts{1}pDataBuf{0}pNextItem{709759792}
2023-05-11 20:43:57,378 [AppLog] INFO : 使能Pass打印成功：IDP_DoPassPrint2：nLayerIndex{3}nPassID{4}
2023-05-11 20:43:57,378 [AppLog] INFO : PASS打印前关键状态：DEV_GetDeviceInfo2：nLayerIndex{3}nPassID{4}LPPRINTER_INFO:nXSysEncDPI{0}nStatus{0}nPrintStatus{0}bSuperDevice{0}
LPPRINTER_INFO-LPPrtRunInfo:bJobPrtRuning{False}bLayerPrtIsOver{False}nContReqMemErr{0}nContWDErr{0}nCurPrtDir{0}nDTLayerIndex{0}nDTLayerPassIndex{0}nDTPtrCtlIndex{0}nLayerPassCount{0}nPrintLayerIndex{0}nPrintPassIndex{0}nProcLayerIndex{0}nPrtDataMemAddr{0}nPrtState{0}nReverse{System.Int32[]}nRevPrtCols{0}
LPPRINTER_INFO-LPDRVINFO:nFMVersion{0}nFpgaVersion{0}nPCBVersion{0}nState{0}nNextState{0}nPtvwarnState{0}nCrc32{0}nRevInfo{System.UInt32[]}nSignature{0}
2023-05-11 20:43:57,378 [AppLog] INFO : PASS打印前关键状态：DEV_GetDeviceInfo：nLayerIndex{3}nPassID{4}LPPRINTER_INFO:nXSysEncDPI{5080}nStatus{909129520}nPrintStatus{0}bSuperDevice{1}
LPPRINTER_INFO-LPPrtRunInfo:bJobPrtRuning{True}bLayerPrtIsOver{False}nContReqMemErr{0}nContWDErr{0}nCurPrtDir{0}nDTLayerIndex{3}nDTLayerPassIndex{5}nDTPtrCtlIndex{0}nLayerPassCount{6}nPrintLayerIndex{3}nPrintPassIndex{4}nProcLayerIndex{3}nPrtDataMemAddr{0}nPrtState{0}nReverse{System.Int32[]}nRevPrtCols{0}
LPPRINTER_INFO-LPDRVINFO:nFMVersion{45074}nFpgaVersion{539038216}nPCBVersion{0}nState{0}nNextState{0}nPtvwarnState{0}nCrc32{0}nRevInfo{System.UInt32[]}nSignature{0}
2023-05-11 20:43:57,378 [AppLog] INFO : 创建：AutoPrintMotion1=》不需重新创建-手动操作！
2023-05-11 20:43:57,378 [AppLog] INFO : 进入：EquipmentMotionLogic3=》准备创建对象-手动操作！
2023-05-11 20:43:57,378 [AppLog] INFO : 进入：EquipmentMotionLogic3=》不需重新创建-手动操作！
2023-05-11 20:43:57,378 [AppLog] INFO : 进入：EquipmentMotionLogic3=》赋值完成自-AutoPrintMotion2！
2023-05-11 20:43:57,378 [AppLog] INFO : 进入：EquipmentMotionLogic3=》加载配置文件-LoadJsonFile成功！
2023-05-11 20:43:57,378 [AppLog] INFO : 进入：AutoPrintThread3！
2023-05-11 20:43:57,378 [AppLog] INFO : 准备读取编码器位置：X方向！
2023-05-11 20:43:57,378 [AppLog] INFO : 准备运动，当前位置：DEV_GetPrintEncoderValue：MoveDirectionFlag{false为Y方向：False}CurrentPos{423.415}AimPos{25}
2023-05-11 20:43:57,409 [AppLog] INFO : X方向运动开始：DEM_Run：返回值{True}nAxis{0}DirFlag{False}nSpeed{300000}MoveStep{-398415}nCtlValue{2}
2023-05-11 20:43:59,297 [AppLog] INFO : X方向到位停止：DEM_StopAxisRun：返回值{True}CurrentPos{30.11}bImmeStop{False}nAxisMask{1}
2023-05-11 20:43:59,297 [AppLog] INFO : 准备读取编码器位置：Y方向！
2023-05-11 20:43:59,297 [AppLog] INFO : 准备运动，编码器当前位置：DEM_GetAxisEncodeVal：MoveDirectionFlag{false为Y方向：True}CurrentPos{201.49}AimPos{206.521166666667}
2023-05-11 20:43:59,422 [AppLog] INFO : Y方向运动开始：DEM_Run：返回值{True}nAxis{1}DirFlag{True}nSpeed{300000}MoveStep{5040.68060283332}nCtlValue{1}
2023-05-11 20:43:59,515 [AppLog] INFO : Y方向到位停止：DEM_StopAxisRun：返回值{True}CurrentPos{206.065}bImmeStop{False}nAxisMask{2}
2023-05-11 20:43:59,515 [AppLog] INFO : 获取打印Pass数据：IDP_GetPassItem2：nLayerIndex{3}nPassID{5}nProcState{3}LPPassDataItemb:PrtDir{True}nDataTxCompleteCnt{1}nHwMemAdrMatchMask{1}nLayerIndex{3}nLayerPassCount{6}nLayerPassIndex{5}nMinJet0ImgLinePos{6755}nPrtMemHwAddr{System.UInt32[]}nPrtDataOffset{System.UInt32[]}nSrcDataSize{System.UInt32[]}nPrtColBytes{System.UInt32[]}nPrtPrecession{8.888}nSrcEndCols{7200}nSrcStartCols{0}nStartEncPos{10000}nValidPassJets{1280}nValidPrtCols{7479}nValidPrtCtlCnts{1}pDataBuf{0}pNextItem{0}
2023-05-11 20:43:59,515 [AppLog] INFO : 使能Pass打印成功：IDP_DoPassPrint2：nLayerIndex{3}nPassID{5}
2023-05-11 20:43:59,531 [AppLog] INFO : PASS打印前关键状态：DEV_GetDeviceInfo2：nLayerIndex{3}nPassID{5}LPPRINTER_INFO:nXSysEncDPI{0}nStatus{0}nPrintStatus{0}bSuperDevice{0}
LPPRINTER_INFO-LPPrtRunInfo:bJobPrtRuning{False}bLayerPrtIsOver{False}nContReqMemErr{0}nContWDErr{0}nCurPrtDir{0}nDTLayerIndex{0}nDTLayerPassIndex{0}nDTPtrCtlIndex{0}nLayerPassCount{0}nPrintLayerIndex{0}nPrintPassIndex{0}nProcLayerIndex{0}nPrtDataMemAddr{0}nPrtState{0}nReverse{System.Int32[]}nRevPrtCols{0}
LPPRINTER_INFO-LPDRVINFO:nFMVersion{0}nFpgaVersion{0}nPCBVersion{0}nState{0}nNextState{0}nPtvwarnState{0}nCrc32{0}nRevInfo{System.UInt32[]}nSignature{0}
2023-05-11 20:43:59,531 [AppLog] INFO : PASS打印前关键状态：DEV_GetDeviceInfo：nLayerIndex{3}nPassID{5}LPPRINTER_INFO:nXSysEncDPI{5080}nStatus{909129520}nPrintStatus{0}bSuperDevice{1}
LPPRINTER_INFO-LPPrtRunInfo:bJobPrtRuning{True}bLayerPrtIsOver{False}nContReqMemErr{0}nContWDErr{0}nCurPrtDir{0}nDTLayerIndex{3}nDTLayerPassIndex{5}nDTPtrCtlIndex{0}nLayerPassCount{6}nPrintLayerIndex{3}nPrintPassIndex{5}nProcLayerIndex{3}nPrtDataMemAddr{0}nPrtState{0}nReverse{System.Int32[]}nRevPrtCols{0}
LPPRINTER_INFO-LPDRVINFO:nFMVersion{45074}nFpgaVersion{539038216}nPCBVersion{0}nState{0}nNextState{0}nPtvwarnState{0}nCrc32{0}nRevInfo{System.UInt32[]}nSignature{0}
2023-05-11 20:43:59,531 [AppLog] INFO : 创建：AutoPrintMotion1=》不需重新创建-手动操作！
2023-05-11 20:43:59,531 [AppLog] INFO : 进入：EquipmentMotionLogic3=》准备创建对象-手动操作！
2023-05-11 20:43:59,531 [AppLog] INFO : 进入：EquipmentMotionLogic3=》不需重新创建-手动操作！
2023-05-11 20:43:59,531 [AppLog] INFO : 进入：EquipmentMotionLogic3=》赋值完成自-AutoPrintMotion2！
2023-05-11 20:43:59,531 [AppLog] INFO : 进入：EquipmentMotionLogic3=》加载配置文件-LoadJsonFile成功！
2023-05-11 20:43:59,531 [AppLog] INFO : 进入：AutoPrintThread3！
2023-05-11 20:43:59,531 [AppLog] INFO : 准备读取编码器位置：X方向！
2023-05-11 20:43:59,531 [AppLog] INFO : 准备运动，当前位置：DEV_GetPrintEncoderValue：MoveDirectionFlag{false为Y方向：False}CurrentPos{26.605}AimPos{425}
2023-05-11 20:43:59,578 [AppLog] INFO : X方向运动开始：DEM_Run：返回值{True}nAxis{0}DirFlag{True}nSpeed{300000}MoveStep{398395}nCtlValue{2}
2023-05-11 20:44:01,450 [AppLog] INFO : X方向到位停止：DEM_StopAxisRun：返回值{True}CurrentPos{418.885}bImmeStop{False}nAxisMask{1}
2023-05-11 20:44:01,450 [AppLog] INFO : 准备读取编码器位置：X方向！
2023-05-11 20:44:01,450 [AppLog] INFO : 准备运动，当前位置：DEV_GetPrintEncoderValue：MoveDirectionFlag{false为Y方向：False}CurrentPos{419.08}AimPos{780}
2023-05-11 20:44:01,481 [AppLog] INFO : X方向运动开始：DEM_Run：返回值{True}nAxis{0}DirFlag{True}nSpeed{300000}MoveStep{360920}nCtlValue{2}
2023-05-11 20:44:01,543 [AppLog] INFO : 准备读取编码器位置：Y方向！
2023-05-11 20:44:01,559 [AppLog] INFO : 准备运动，编码器当前位置：DEM_GetAxisEncodeVal：MoveDirectionFlag{false为Y方向：True}CurrentPos{206.505}AimPos{121}
2023-05-11 20:44:01,918 [AppLog] INFO : Y方向运动开始：DEM_Run：返回值{True}nAxis{1}DirFlag{False}nSpeed{300000}MoveStep{-85666.689955}nCtlValue{1}
2023-05-11 20:44:03,228 [AppLog] INFO : Y方向到位等停：DEM_StopAxisRun：返回值{True}bImmeStop{False}nAxisMask{1}
2023-05-11 20:44:03,228 [AppLog] INFO : X方向到位等停：DEM_StopAxisRun：返回值{True}bImmeStop{False}nAxisMask{2}
2023-05-11 20:44:03,259 [AppLog] INFO : 开启闪喷操作：IDP_FlashPrtCtl：返回值{True}
2023-05-11 20:44:03,259 [AppLog] INFO : 关闭闪喷操作：IDP_FlashPrtCtl：返回值{True}
2023-05-11 20:44:03,259 [AppLog] INFO : 停止打印任务，释放板卡内存：IDP_StopPrintJob()：ReturnFlag{True}
2023-05-11 20:44:05,085 [AppLog] INFO : 关闭闪喷操作：IDP_FlashPrtCtl：返回值{True}
2023-05-11 20:44:05,085 [AppLog] INFO : 删除打印任务：准备删除数据处理及打印线程
2023-05-11 20:44:05,085 [AppLog] INFO : 关闭打印线程成功：PrintTaskTHREAD
2023-05-11 20:44:05,085 [AppLog] INFO : 关闭打印线程成功：DataTaskTHREAD
2023-05-11 20:44:05,100 [AppLog] INFO : 停止打印任务，释放板卡内存：IDP_StopPrintJob()：ReturnFlag{True}
2023-05-11 20:50:00,609 [AppLog] INFO : 进入手动调试子模块！
2023-05-11 20:50:00,624 [AppLog] INFO : 进入：ManulBtn_Click=》准备创建对象-手动操作！
2023-05-11 20:50:00,656 [AppLog] INFO : 创建：ManualControl=》创建完成-手动操作！
2023-05-11 20:50:00,656 [AppLog] INFO : 加载成功：温控Modbus接口！
2023-05-11 20:50:05,757 [AppLog] INFO : 手动开启自动清洗过程：AutoCleanBtn_Click
2023-05-11 20:50:05,757 [AppLog] INFO : 进入自动清洗过程：AutoCleanThread
2023-05-11 20:50:06,131 [AppLog] INFO : 刮墨轴回零成功：motionMap.SetBackSpreaderAxis(4, 1, 2, -SinkHomePosition)
2023-05-11 20:50:06,131 [AppLog] INFO : 准备读取编码器位置：Y方向！
2023-05-11 20:50:06,131 [AppLog] INFO : 准备运动，编码器当前位置：DEM_GetAxisEncodeVal：MoveDirectionFlag{false为Y方向：True}CurrentPos{121.055}AimPos{116}
2023-05-11 20:50:06,256 [AppLog] INFO : Y方向运动开始：DEM_Run：返回值{True}nAxis{1}DirFlag{False}nSpeed{300000}MoveStep{-5064.55900500001}nCtlValue{1}
2023-05-11 20:50:06,318 [AppLog] INFO : Y方向到位停止：DEM_StopAxisRun：返回值{True}CurrentPos{116.485}bImmeStop{False}nAxisMask{2}
2023-05-11 20:50:06,318 [AppLog] INFO : 准备读取编码器位置：X方向！
2023-05-11 20:50:06,318 [AppLog] INFO : 准备运动，当前位置：DEV_GetPrintEncoderValue：MoveDirectionFlag{false为Y方向：False}CurrentPos{784.285}AimPos{780}
2023-05-11 20:50:06,350 [AppLog] INFO : X方向运动开始：DEM_Run：返回值{True}nAxis{0}DirFlag{False}nSpeed{300000}MoveStep{-4284.99999999997}nCtlValue{2}
2023-05-11 20:50:06,521 [AppLog] INFO : X方向到位停止：DEM_StopAxisRun：返回值{True}CurrentPos{782.9}bImmeStop{False}nAxisMask{1}
2023-05-11 20:50:06,521 [AppLog] INFO : 关闭闪喷： IDP_FlashPrtCtl(false)：ReturnCode{True}
2023-05-11 20:50:07,566 [AppLog] INFO : 开启闪喷： IDP_FlashPrtCtl(true)：ReturnCode{True}
2023-05-11 20:50:07,566 [AppLog] INFO : 开启压墨： motionMap.SetDo(13, true)
2023-05-11 20:50:08,081 [AppLog] INFO : 关闭压墨： motionMap.SetDo(13, false)
2023-05-11 20:50:08,081 [AppLog] INFO : 压墨等待开启：{0.5S}
2023-05-11 20:50:08,596 [AppLog] INFO : 压墨等待完成：{0.5S}
2023-05-11 20:50:08,596 [AppLog] INFO : 开启闪喷： IDP_FlashPrtCtl(false)：ReturnCode{True}
2023-05-11 20:50:08,596 [AppLog] INFO : 准备读取编码器位置：X方向！
2023-05-11 20:50:08,596 [AppLog] INFO : 准备运动，当前位置：DEV_GetPrintEncoderValue：MoveDirectionFlag{false为Y方向：False}CurrentPos{780.37}AimPos{680}
2023-05-11 20:50:08,627 [AppLog] INFO : X方向运动开始：DEM_Run：返回值{True}nAxis{0}DirFlag{False}nSpeed{250000}MoveStep{-100370}nCtlValue{2}
2023-05-11 20:50:09,579 [AppLog] INFO : X方向到位停止：DEM_StopAxisRun：返回值{True}CurrentPos{680.64}bImmeStop{False}nAxisMask{1}
2023-05-11 20:50:10,094 [AppLog] INFO : 准备读取编码器位置：X方向！
2023-05-11 20:50:10,094 [AppLog] INFO : 准备运动，当前位置：DEV_GetPrintEncoderValue：MoveDirectionFlag{false为Y方向：False}CurrentPos{680.27}AimPos{758}
2023-05-11 20:50:10,140 [AppLog] INFO : X方向运动开始：DEM_Run：返回值{True}nAxis{0}DirFlag{True}nSpeed{300000}MoveStep{77730}nCtlValue{2}
2023-05-11 20:50:10,889 [AppLog] INFO : X方向到位停止：DEM_StopAxisRun：返回值{True}CurrentPos{753.53}bImmeStop{False}nAxisMask{1}
2023-05-11 20:50:10,889 [AppLog] INFO : 准备读取编码器位置：Y方向！
2023-05-11 20:50:10,889 [AppLog] INFO : 准备运动，编码器当前位置：DEM_GetAxisEncodeVal：MoveDirectionFlag{false为Y方向：True}CurrentPos{115.975}AimPos{317}
2023-05-11 20:50:11,607 [AppLog] INFO : Y方向运动开始：DEM_Run：返回值{True}nAxis{1}DirFlag{True}nSpeed{300000}MoveStep{201405.138275}nCtlValue{1}
2023-05-11 20:50:11,669 [AppLog] INFO : Y方向到位停止：DEM_StopAxisRun：返回值{True}CurrentPos{311.255}bImmeStop{False}nAxisMask{2}
2023-05-11 20:50:11,669 [AppLog] INFO : 结束自动清洗过程：AutoCleanThread
2023-05-11 20:50:12,012 [AppLog] INFO : 退出手动调试子模块,已执行修改
==========================================================================
2023-05-11 20:50:12,948 [AppLog] INFO : 进入JOB参数设置：修改前初始参数：灰度数据格式{1bits}打印灰阶{1阶}m_XPrintDpi{System.Single[]Dpi}墨车运动速度{300MM/s}X向起打位置{50MM}X向起打位置偏移{0MM}Y向起打位置偏移{15MM}
2023-05-11 20:50:16,474 [AppLog] INFO : 退出JOB参数设置：修改后参数：灰度数据格式{1bits}打印灰阶{1阶}m_XPrintDpi{63.5,127,190.5,254,317.5,381,444.5,508,571.5,635,1270,2540Dpi}墨车运动速度{300MM/s}X向起打位置{50MM}X向起打位置偏移{0MM}Y向起打位置偏移{15MM}
2023-05-11 20:50:18,533 [AppLog] INFO : 启动打印任务：准备开启数据处理及打印线程
2023-05-11 20:50:18,533 [AppLog] INFO : 创建：AutoPrintMotion0=》不需重新创建-手动操作！
2023-05-11 20:50:18,549 [AppLog] INFO : 停止打印任务，释放板卡内存：IDP_StopPrintJob()：ReturnFlag{True}
2023-05-11 20:50:18,549 [AppLog] INFO : 启动打印线程成功： DataTaskTHREAD
2023-05-11 20:50:18,549 [AppLog] INFO : 启动打印线程成功：PrintTaskTHREAD
2023-05-11 20:50:18,564 [AppLog] INFO : 写入打印参数：IDP_SartPrintJob：nJobID{1}szJobName{金属3DP打印}nPixelGrayBits{1} nPrtCtl{0}nPrtXEncPos{10000}fPrtYPos{0}
2023-05-11 20:50:18,596 [AppLog] INFO : 进入：EquipmentMotionLogic3=》准备创建对象-手动操作！
2023-05-11 20:50:18,596 [AppLog] INFO : 创建：AutoPrintMotion4=》不需重新创建-手动操作！
2023-05-11 20:50:18,596 [AppLog] INFO : 准备处理第0层数据：准备调用RenderToWic，index为0，subindex为0，g_nRePrintTimes为1，起始层为0
2023-05-11 20:50:18,642 [AppLog] INFO : 完成处理第0层数据：准备调用DrawLayerBMP，index为0，起始层为0
2023-05-11 20:50:18,642 [AppLog] INFO : 完成处理第0层数据：准备调用DrawLayerBMP，index为0，起始层为0
2023-05-11 20:50:18,908 [AppLog] INFO : 作业写入成功：IDP_WriteImgLayerData：bpp:{1bit}灰阶:{1阶}nLayerIndex{0}LayerIndex{0}SubIndex{0}RePrintTimes{1}nBytesPerLine{504}nWidth{4001}nHeight{7680}nXEncOff{0}nYJetOff{355}nImgStartJetIndex{0}nXDPI{317.5}nYDPI{600}nPrtDir{0} nPrtFlag{1}nColorCnts{1}nReserved{System.Int32[]}
2023-05-11 20:50:18,908 [AppLog] INFO : 完成处理第0层数据：准备调用RenderToWic，index为0，subindex为0，g_nRePrintTimes为1，起始层为0
2023-05-11 20:50:18,923 [AppLog] INFO : 准备处理第0层数据：准备调用RenderToWic，index为0，subindex为1，g_nRePrintTimes为1，起始层为0
2023-05-11 20:50:18,970 [AppLog] INFO : 完成处理第0层数据：准备调用DrawLayerBMP，index为0，起始层为0
2023-05-11 20:50:18,970 [AppLog] INFO : 完成处理第0层数据：准备调用DrawLayerBMP，index为0，起始层为0
2023-05-11 20:50:19,204 [AppLog] INFO : 作业写入成功：IDP_WriteImgLayerData：bpp:{1bit}灰阶:{1阶}nLayerIndex{1}LayerIndex{0}SubIndex{1}RePrintTimes{1}nBytesPerLine{504}nWidth{4001}nHeight{7680}nXEncOff{0}nYJetOff{355}nImgStartJetIndex{0}nXDPI{317.5}nYDPI{600}nPrtDir{0} nPrtFlag{1}nColorCnts{1}nReserved{System.Int32[]}
2023-05-11 20:50:19,204 [AppLog] INFO : 完成处理第0层数据：准备调用RenderToWic，index为0，subindex为1，g_nRePrintTimes为1，起始层为0
2023-05-11 20:50:19,204 [AppLog] INFO : 准备处理第1层数据：准备调用RenderToWic，index为1，subindex为0，g_nRePrintTimes为1，起始层为0
2023-05-11 20:50:19,266 [AppLog] INFO : 完成处理第1层数据：准备调用DrawLayerBMP，index为1，起始层为0
2023-05-11 20:50:19,266 [AppLog] INFO : 完成处理第1层数据：准备调用DrawLayerBMP，index为1，起始层为0
2023-05-11 20:50:19,313 [AppLog] INFO : 关闭自动供墨：DEV_EnableInkAutoSupply：ControlBit{0xX}
2023-05-11 20:50:19,313 [AppLog] INFO : 初始化墨轴1：DEM_InitAxis：{0, 0x100}
2023-05-11 20:50:19,329 [AppLog] INFO : 初始化墨轴2：DEM_InitAxis：{1, 0x1400}
2023-05-11 20:50:19,344 [AppLog] INFO : 初始化墨轴3：DEM_InitAxis：{1, 0x1400}
2023-05-11 20:50:19,360 [AppLog] INFO : 使能所有墨轴：DEM_EnableAxisRun：{true}
2023-05-11 20:50:19,360 [AppLog] INFO : 使能双Y墨轴输出同步：DEM_EnableDYOutPut：{true, true}
2023-05-11 20:50:19,376 [AppLog] INFO : 初始化墨轴1：DEM_InitAxis：{0, 0x100}
2023-05-11 20:50:19,376 [AppLog] INFO : 使能所有墨轴：DEM_EnableAxisRun：{true}
2023-05-11 20:50:19,407 [AppLog] INFO : 开启自动供墨：DEV_EnableInkAutoSupply：ControlBit{0xFF}
2023-05-11 20:50:19,422 [AppLog] INFO : 接收到恢复打印指令：PrintTaskTHREAD
2023-05-11 20:50:19,422 [AppLog] INFO : 获取打印Pass数据：IDP_GetPassItem2：nLayerIndex{1}nPassID{0}nProcState{3}LPPassDataItemb:PrtDir{False}nDataTxCompleteCnt{1}nHwMemAdrMatchMask{1}nLayerIndex{1}nLayerPassCount{6}nLayerPassIndex{0}nMinJet0ImgLinePos{355}nPrtMemHwAddr{System.UInt32[]}nPrtDataOffset{System.UInt32[]}nSrcDataSize{System.UInt32[]}nPrtColBytes{System.UInt32[]}nPrtPrecession{16}nSrcEndCols{4000}nSrcStartCols{0}nStartEncPos{76504}nValidPassJets{1280}nValidPrtCols{4155}nValidPrtCtlCnts{1}pDataBuf{0}pNextItem{709759952}
2023-05-11 20:50:19,438 [AppLog] INFO : 使能Pass打印成功：IDP_DoPassPrint2：nLayerIndex{1}nPassID{0}
2023-05-11 20:50:19,454 [AppLog] INFO : PASS打印前关键状态：DEV_GetDeviceInfo2：nLayerIndex{1}nPassID{0}LPPRINTER_INFO:nXSysEncDPI{0}nStatus{0}nPrintStatus{0}bSuperDevice{0}
LPPRINTER_INFO-LPPrtRunInfo:bJobPrtRuning{False}bLayerPrtIsOver{False}nContReqMemErr{0}nContWDErr{0}nCurPrtDir{0}nDTLayerIndex{0}nDTLayerPassIndex{0}nDTPtrCtlIndex{0}nLayerPassCount{0}nPrintLayerIndex{0}nPrintPassIndex{0}nProcLayerIndex{0}nPrtDataMemAddr{0}nPrtState{0}nReverse{System.Int32[]}nRevPrtCols{0}
LPPRINTER_INFO-LPDRVINFO:nFMVersion{0}nFpgaVersion{0}nPCBVersion{0}nState{0}nNextState{0}nPtvwarnState{0}nCrc32{0}nRevInfo{System.UInt32[]}nSignature{0}
2023-05-11 20:50:19,454 [AppLog] INFO : PASS打印前关键状态：DEV_GetDeviceInfo：nLayerIndex{1}nPassID{0}LPPRINTER_INFO:nXSysEncDPI{5080}nStatus{909129520}nPrintStatus{0}bSuperDevice{1}
LPPRINTER_INFO-LPPrtRunInfo:bJobPrtRuning{True}bLayerPrtIsOver{False}nContReqMemErr{0}nContWDErr{0}nCurPrtDir{0}nDTLayerIndex{1}nDTLayerPassIndex{5}nDTPtrCtlIndex{0}nLayerPassCount{6}nPrintLayerIndex{1}nPrintPassIndex{0}nProcLayerIndex{1}nPrtDataMemAddr{0}nPrtState{0}nReverse{System.Int32[]}nRevPrtCols{0}
LPPRINTER_INFO-LPDRVINFO:nFMVersion{45074}nFpgaVersion{539038216}nPCBVersion{0}nState{0}nNextState{0}nPtvwarnState{0}nCrc32{0}nRevInfo{System.UInt32[]}nSignature{0}
2023-05-11 20:50:19,454 [AppLog] INFO : 创建：AutoPrintMotion1=》不需重新创建-手动操作！
2023-05-11 20:50:19,454 [AppLog] INFO : 进入：EquipmentMotionLogic3=》准备创建对象-手动操作！
2023-05-11 20:50:19,454 [AppLog] INFO : 进入：EquipmentMotionLogic3=》不需重新创建-手动操作！
2023-05-11 20:50:19,454 [AppLog] INFO : 进入：EquipmentMotionLogic3=》赋值完成自-AutoPrintMotion2！
2023-05-11 20:50:19,454 [AppLog] INFO : 进入：EquipmentMotionLogic3=》加载配置文件-LoadJsonFile成功！
2023-05-11 20:50:19,454 [AppLog] INFO : 进入自动清洗过程：AutoCleanThread
2023-05-11 20:50:19,516 [AppLog] INFO : 作业写入成功：IDP_WriteImgLayerData：bpp:{1bit}灰阶:{1阶}nLayerIndex{2}LayerIndex{1}SubIndex{1}RePrintTimes{1}nBytesPerLine{504}nWidth{4001}nHeight{7680}nXEncOff{0}nYJetOff{355}nImgStartJetIndex{0}nXDPI{317.5}nYDPI{600}nPrtDir{0} nPrtFlag{1}nColorCnts{1}nReserved{System.Int32[]}
2023-05-11 20:50:19,516 [AppLog] INFO : 完成处理第1层数据：准备调用RenderToWic，index为1，subindex为0，g_nRePrintTimes为1，起始层为0
2023-05-11 20:50:19,516 [AppLog] INFO : 准备处理第2层数据：准备调用RenderToWic，index为2，subindex为0，g_nRePrintTimes为1，起始层为0
2023-05-11 20:50:19,563 [AppLog] INFO : 完成处理第2层数据：准备调用DrawLayerBMP，index为2，起始层为0
2023-05-11 20:50:19,563 [AppLog] INFO : 完成处理第2层数据：准备调用DrawLayerBMP，index为2，起始层为0
2023-05-11 20:50:19,828 [AppLog] INFO : 刮墨轴回零成功：motionMap.SetBackSpreaderAxis(4, 1, 2, -SinkHomePosition)
2023-05-11 20:50:19,828 [AppLog] INFO : 准备读取编码器位置：Y方向！
2023-05-11 20:50:19,828 [AppLog] INFO : 准备运动，编码器当前位置：DEM_GetAxisEncodeVal：MoveDirectionFlag{false为Y方向：True}CurrentPos{316.915}AimPos{116}
2023-05-11 20:50:19,828 [AppLog] INFO : 作业写入成功：IDP_WriteImgLayerData：bpp:{1bit}灰阶:{1阶}nLayerIndex{3}LayerIndex{2}SubIndex{1}RePrintTimes{1}nBytesPerLine{504}nWidth{4001}nHeight{7680}nXEncOff{0}nYJetOff{355}nImgStartJetIndex{0}nXDPI{317.5}nYDPI{600}nPrtDir{0} nPrtFlag{1}nColorCnts{1}nReserved{System.Int32[]}
2023-05-11 20:50:19,828 [AppLog] INFO : 完成处理第2层数据：准备调用RenderToWic，index为2，subindex为0，g_nRePrintTimes为1，起始层为0
2023-05-11 20:50:20,561 [AppLog] INFO : Y方向运动开始：DEM_Run：返回值{True}nAxis{1}DirFlag{False}nSpeed{300000}MoveStep{-201294.930265}nCtlValue{1}
2023-05-11 20:50:20,639 [AppLog] INFO : Y方向到位停止：DEM_StopAxisRun：返回值{True}CurrentPos{118.575}bImmeStop{False}nAxisMask{2}
2023-05-11 20:50:20,639 [AppLog] INFO : 准备读取编码器位置：X方向！
2023-05-11 20:50:20,639 [AppLog] INFO : 准备运动，当前位置：DEV_GetPrintEncoderValue：MoveDirectionFlag{false为Y方向：False}CurrentPos{757.465}AimPos{780}
2023-05-11 20:50:20,670 [AppLog] INFO : X方向运动开始：DEM_Run：返回值{True}nAxis{0}DirFlag{True}nSpeed{300000}MoveStep{22535}nCtlValue{2}
2023-05-11 20:50:21,123 [AppLog] INFO : X方向到位停止：DEM_StopAxisRun：返回值{True}CurrentPos{778.84}bImmeStop{False}nAxisMask{1}
2023-05-11 20:50:22,184 [AppLog] INFO : 开启闪喷： IDP_FlashPrtCtl(true)：ReturnCode{True}
2023-05-11 20:50:22,184 [AppLog] INFO : 开启压墨： motionMap.SetDo(13, true)
2023-05-11 20:50:22,698 [AppLog] INFO : 关闭压墨： motionMap.SetDo(13, false)
2023-05-11 20:50:22,698 [AppLog] INFO : 压墨等待开启：{0.5S}
2023-05-11 20:50:23,213 [AppLog] INFO : 压墨等待完成：{0.5S}
2023-05-11 20:50:23,213 [AppLog] INFO : 开启闪喷： IDP_FlashPrtCtl(false)：ReturnCode{True}
2023-05-11 20:50:23,213 [AppLog] INFO : 准备读取编码器位置：X方向！
2023-05-11 20:50:23,213 [AppLog] INFO : 准备运动，当前位置：DEV_GetPrintEncoderValue：MoveDirectionFlag{false为Y方向：False}CurrentPos{779.92}AimPos{680}
2023-05-11 20:50:23,244 [AppLog] INFO : X方向运动开始：DEM_Run：返回值{True}nAxis{0}DirFlag{False}nSpeed{250000}MoveStep{-99920.0000000001}nCtlValue{2}
2023-05-11 20:50:24,196 [AppLog] INFO : X方向到位停止：DEM_StopAxisRun：返回值{True}CurrentPos{680.98}bImmeStop{False}nAxisMask{1}
2023-05-11 20:50:24,711 [AppLog] INFO : 结束自动清洗过程：AutoCleanThread
2023-05-11 20:50:24,711 [AppLog] INFO : 进入：EquipmentMotionLogic3=》准备创建对象-手动操作！
2023-05-11 20:50:24,711 [AppLog] INFO : 进入：EquipmentMotionLogic3=》不需重新创建-手动操作！
2023-05-11 20:50:24,711 [AppLog] INFO : 进入：EquipmentMotionLogic3=》赋值完成自-AutoPrintMotion2！
2023-05-11 20:50:24,711 [AppLog] INFO : 进入：EquipmentMotionLogic3=》加载配置文件-LoadJsonFile成功！
2023-05-11 20:50:24,711 [AppLog] INFO : 进入：AutoPrintThread3！
2023-05-11 20:50:24,711 [AppLog] INFO : 关闭闪喷操作：IDP_FlashPrtCtl：返回值{True}
2023-05-11 20:50:24,711 [AppLog] INFO : 准备读取编码器位置：Y方向！
2023-05-11 20:50:24,711 [AppLog] INFO : 准备运动，编码器当前位置：DEM_GetAxisEncodeVal：MoveDirectionFlag{false为Y方向：True}CurrentPos{116.115}AimPos{88.5}
2023-05-11 20:50:24,882 [AppLog] INFO : Y方向运动开始：DEM_Run：返回值{True}nAxis{1}DirFlag{False}nSpeed{300000}MoveStep{-27667.219965}nCtlValue{1}
2023-05-11 20:50:24,945 [AppLog] INFO : 准备读取编码器位置：X方向！
2023-05-11 20:50:24,945 [AppLog] INFO : 准备运动，当前位置：DEV_GetPrintEncoderValue：MoveDirectionFlag{false为Y方向：False}CurrentPos{680.62}AimPos{425}
2023-05-11 20:50:24,976 [AppLog] INFO : X方向运动开始：DEM_Run：返回值{True}nAxis{0}DirFlag{False}nSpeed{300000}MoveStep{-255620}nCtlValue{2}
2023-05-11 20:50:26,380 [AppLog] INFO : X方向到位停止：DEM_StopAxisRun：返回值{True}CurrentPos{429.3}bImmeStop{False}nAxisMask{1}
2023-05-11 20:50:26,380 [AppLog] INFO : 准备读取编码器位置：X方向！
2023-05-11 20:50:26,380 [AppLog] INFO : 准备运动，当前位置：DEV_GetPrintEncoderValue：MoveDirectionFlag{false为Y方向：False}CurrentPos{429.125}AimPos{25}
2023-05-11 20:50:26,411 [AppLog] INFO : X方向运动开始：DEM_Run：返回值{True}nAxis{0}DirFlag{False}nSpeed{300000}MoveStep{-404125}nCtlValue{2}
2023-05-11 20:50:28,299 [AppLog] INFO : X方向到位停止：DEM_StopAxisRun：返回值{True}CurrentPos{25.785}bImmeStop{False}nAxisMask{1}
2023-05-11 20:50:28,299 [AppLog] INFO : 准备读取编码器位置：Y方向！
2023-05-11 20:50:28,299 [AppLog] INFO : 准备运动，编码器当前位置：DEM_GetAxisEncodeVal：MoveDirectionFlag{false为Y方向：True}CurrentPos{88.47}AimPos{103.521166666667}
2023-05-11 20:50:28,424 [AppLog] INFO : Y方向运动开始：DEM_Run：返回值{True}nAxis{1}DirFlag{True}nSpeed{300000}MoveStep{15079.6284228333}nCtlValue{1}
2023-05-11 20:50:28,486 [AppLog] INFO : Y方向到位停止：DEM_StopAxisRun：返回值{True}CurrentPos{100.925}bImmeStop{False}nAxisMask{2}
2023-05-11 20:50:28,486 [AppLog] INFO : 获取打印Pass数据：IDP_GetPassItem2：nLayerIndex{1}nPassID{1}nProcState{3}LPPassDataItemb:PrtDir{True}nDataTxCompleteCnt{1}nHwMemAdrMatchMask{1}nLayerIndex{1}nLayerPassCount{6}nLayerPassIndex{1}nMinJet0ImgLinePos{1635}nPrtMemHwAddr{System.UInt32[]}nPrtDataOffset{System.UInt32[]}nSrcDataSize{System.UInt32[]}nPrtColBytes{System.UInt32[]}nPrtPrecession{16}nSrcEndCols{4000}nSrcStartCols{0}nStartEncPos{10000}nValidPassJets{1280}nValidPrtCols{4155}nValidPrtCtlCnts{1}pDataBuf{0}pNextItem{709760112}
2023-05-11 20:50:28,502 [AppLog] INFO : 使能Pass打印成功：IDP_DoPassPrint2：nLayerIndex{1}nPassID{1}
2023-05-11 20:50:28,502 [AppLog] INFO : PASS打印前关键状态：DEV_GetDeviceInfo2：nLayerIndex{1}nPassID{1}LPPRINTER_INFO:nXSysEncDPI{0}nStatus{0}nPrintStatus{0}bSuperDevice{0}
LPPRINTER_INFO-LPPrtRunInfo:bJobPrtRuning{False}bLayerPrtIsOver{False}nContReqMemErr{0}nContWDErr{0}nCurPrtDir{0}nDTLayerIndex{0}nDTLayerPassIndex{0}nDTPtrCtlIndex{0}nLayerPassCount{0}nPrintLayerIndex{0}nPrintPassIndex{0}nProcLayerIndex{0}nPrtDataMemAddr{0}nPrtState{0}nReverse{System.Int32[]}nRevPrtCols{0}
LPPRINTER_INFO-LPDRVINFO:nFMVersion{0}nFpgaVersion{0}nPCBVersion{0}nState{0}nNextState{0}nPtvwarnState{0}nCrc32{0}nRevInfo{System.UInt32[]}nSignature{0}
2023-05-11 20:50:28,502 [AppLog] INFO : PASS打印前关键状态：DEV_GetDeviceInfo：nLayerIndex{1}nPassID{1}LPPRINTER_INFO:nXSysEncDPI{5080}nStatus{909129520}nPrintStatus{0}bSuperDevice{1}
LPPRINTER_INFO-LPPrtRunInfo:bJobPrtRuning{True}bLayerPrtIsOver{False}nContReqMemErr{0}nContWDErr{0}nCurPrtDir{0}nDTLayerIndex{3}nDTLayerPassIndex{5}nDTPtrCtlIndex{0}nLayerPassCount{6}nPrintLayerIndex{1}nPrintPassIndex{1}nProcLayerIndex{3}nPrtDataMemAddr{0}nPrtState{0}nReverse{System.Int32[]}nRevPrtCols{0}
LPPRINTER_INFO-LPDRVINFO:nFMVersion{45074}nFpgaVersion{539038216}nPCBVersion{0}nState{0}nNextState{0}nPtvwarnState{0}nCrc32{0}nRevInfo{System.UInt32[]}nSignature{0}
2023-05-11 20:50:28,502 [AppLog] INFO : 创建：AutoPrintMotion1=》不需重新创建-手动操作！
2023-05-11 20:50:28,502 [AppLog] INFO : 进入：EquipmentMotionLogic3=》准备创建对象-手动操作！
2023-05-11 20:50:28,502 [AppLog] INFO : 进入：EquipmentMotionLogic3=》不需重新创建-手动操作！
2023-05-11 20:50:28,502 [AppLog] INFO : 进入：EquipmentMotionLogic3=》赋值完成自-AutoPrintMotion2！
2023-05-11 20:50:28,502 [AppLog] INFO : 进入：EquipmentMotionLogic3=》加载配置文件-LoadJsonFile成功！
2023-05-11 20:50:28,502 [AppLog] INFO : 进入：AutoPrintThread3！
2023-05-11 20:50:28,502 [AppLog] INFO : 准备读取编码器位置：X方向！
2023-05-11 20:50:28,502 [AppLog] INFO : 准备运动，当前位置：DEV_GetPrintEncoderValue：MoveDirectionFlag{false为Y方向：False}CurrentPos{21.83}AimPos{425}
2023-05-11 20:50:28,533 [AppLog] INFO : X方向运动开始：DEM_Run：返回值{True}nAxis{0}DirFlag{True}nSpeed{300000}MoveStep{403170}nCtlValue{2}
2023-05-11 20:50:30,405 [AppLog] INFO : X方向到位停止：DEM_StopAxisRun：返回值{True}CurrentPos{418.975}bImmeStop{False}nAxisMask{1}
2023-05-11 20:50:30,405 [AppLog] INFO : 准备读取编码器位置：Y方向！
2023-05-11 20:50:30,421 [AppLog] INFO : 准备运动，编码器当前位置：DEM_GetAxisEncodeVal：MoveDirectionFlag{false为Y方向：True}CurrentPos{103.51}AimPos{142.5}
2023-05-11 20:50:30,452 [AppLog] INFO : 发送暂停打印指令：{PausePrint}
2023-05-11 20:50:30,623 [AppLog] INFO : Y方向运动开始：DEM_Run：返回值{True}nAxis{1}DirFlag{True}nSpeed{300000}MoveStep{39063.73009}nCtlValue{1}
2023-05-11 20:50:30,686 [AppLog] INFO : Y方向到位停止：DEM_StopAxisRun：返回值{True}CurrentPos{139.595}bImmeStop{False}nAxisMask{2}
2023-05-11 20:50:30,686 [AppLog] INFO : 获取打印Pass数据：IDP_GetPassItem2：nLayerIndex{1}nPassID{2}nProcState{3}LPPassDataItemb:PrtDir{False}nDataTxCompleteCnt{1}nHwMemAdrMatchMask{1}nLayerIndex{1}nLayerPassCount{6}nLayerPassIndex{2}nMinJet0ImgLinePos{2915}nPrtMemHwAddr{System.UInt32[]}nPrtDataOffset{System.UInt32[]}nSrcDataSize{System.UInt32[]}nPrtColBytes{System.UInt32[]}nPrtPrecession{16}nSrcEndCols{4000}nSrcStartCols{0}nStartEncPos{76504}nValidPassJets{1280}nValidPrtCols{4155}nValidPrtCtlCnts{1}pDataBuf{0}pNextItem{709760272}
2023-05-11 20:50:30,701 [AppLog] INFO : 使能Pass打印成功：IDP_DoPassPrint2：nLayerIndex{1}nPassID{2}
2023-05-11 20:50:30,701 [AppLog] INFO : PASS打印前关键状态：DEV_GetDeviceInfo2：nLayerIndex{1}nPassID{2}LPPRINTER_INFO:nXSysEncDPI{0}nStatus{0}nPrintStatus{0}bSuperDevice{0}
LPPRINTER_INFO-LPPrtRunInfo:bJobPrtRuning{False}bLayerPrtIsOver{False}nContReqMemErr{0}nContWDErr{0}nCurPrtDir{0}nDTLayerIndex{0}nDTLayerPassIndex{0}nDTPtrCtlIndex{0}nLayerPassCount{0}nPrintLayerIndex{0}nPrintPassIndex{0}nProcLayerIndex{0}nPrtDataMemAddr{0}nPrtState{0}nReverse{System.Int32[]}nRevPrtCols{0}
LPPRINTER_INFO-LPDRVINFO:nFMVersion{0}nFpgaVersion{0}nPCBVersion{0}nState{0}nNextState{0}nPtvwarnState{0}nCrc32{0}nRevInfo{System.UInt32[]}nSignature{0}
2023-05-11 20:50:30,701 [AppLog] INFO : PASS打印前关键状态：DEV_GetDeviceInfo：nLayerIndex{1}nPassID{2}LPPRINTER_INFO:nXSysEncDPI{5080}nStatus{909129520}nPrintStatus{0}bSuperDevice{1}
LPPRINTER_INFO-LPPrtRunInfo:bJobPrtRuning{True}bLayerPrtIsOver{False}nContReqMemErr{0}nContWDErr{0}nCurPrtDir{0}nDTLayerIndex{3}nDTLayerPassIndex{5}nDTPtrCtlIndex{0}nLayerPassCount{6}nPrintLayerIndex{1}nPrintPassIndex{2}nProcLayerIndex{3}nPrtDataMemAddr{0}nPrtState{0}nReverse{System.Int32[]}nRevPrtCols{0}
LPPRINTER_INFO-LPDRVINFO:nFMVersion{45074}nFpgaVersion{539038216}nPCBVersion{0}nState{0}nNextState{0}nPtvwarnState{0}nCrc32{0}nRevInfo{System.UInt32[]}nSignature{0}
2023-05-11 20:50:30,701 [AppLog] INFO : 创建：AutoPrintMotion1=》不需重新创建-手动操作！
2023-05-11 20:50:30,701 [AppLog] INFO : 进入：EquipmentMotionLogic3=》准备创建对象-手动操作！
2023-05-11 20:50:30,701 [AppLog] INFO : 进入：EquipmentMotionLogic3=》不需重新创建-手动操作！
2023-05-11 20:50:30,701 [AppLog] INFO : 进入：EquipmentMotionLogic3=》赋值完成自-AutoPrintMotion2！
2023-05-11 20:50:30,701 [AppLog] INFO : 进入：EquipmentMotionLogic3=》加载配置文件-LoadJsonFile成功！
2023-05-11 20:50:30,701 [AppLog] INFO : 进入：AutoPrintThread3！
2023-05-11 20:50:30,701 [AppLog] INFO : 准备读取编码器位置：X方向！
2023-05-11 20:50:30,701 [AppLog] INFO : 准备运动，当前位置：DEV_GetPrintEncoderValue：MoveDirectionFlag{false为Y方向：False}CurrentPos{423.425}AimPos{25}
2023-05-11 20:50:30,733 [AppLog] INFO : X方向运动开始：DEM_Run：返回值{True}nAxis{0}DirFlag{False}nSpeed{300000}MoveStep{-398425}nCtlValue{2}
2023-05-11 20:50:32,605 [AppLog] INFO : X方向到位停止：DEM_StopAxisRun：返回值{True}CurrentPos{30.625}bImmeStop{False}nAxisMask{1}
2023-05-11 20:50:32,605 [AppLog] INFO : 准备读取编码器位置：Y方向！
2023-05-11 20:50:32,605 [AppLog] INFO : 准备运动，编码器当前位置：DEM_GetAxisEncodeVal：MoveDirectionFlag{false为Y方向：True}CurrentPos{142.475}AimPos{157.521166666667}
2023-05-11 20:50:32,729 [AppLog] INFO : Y方向运动开始：DEM_Run：返回值{True}nAxis{1}DirFlag{True}nSpeed{300000}MoveStep{15074.6189678333}nCtlValue{1}
2023-05-11 20:50:32,792 [AppLog] INFO : Y方向到位停止：DEM_StopAxisRun：返回值{True}CurrentPos{155.035}bImmeStop{False}nAxisMask{2}
2023-05-11 20:50:32,792 [AppLog] INFO : 获取打印Pass数据：IDP_GetPassItem2：nLayerIndex{1}nPassID{3}nProcState{3}LPPassDataItemb:PrtDir{True}nDataTxCompleteCnt{1}nHwMemAdrMatchMask{1}nLayerIndex{1}nLayerPassCount{6}nLayerPassIndex{3}nMinJet0ImgLinePos{4195}nPrtMemHwAddr{System.UInt32[]}nPrtDataOffset{System.UInt32[]}nSrcDataSize{System.UInt32[]}nPrtColBytes{System.UInt32[]}nPrtPrecession{16}nSrcEndCols{4000}nSrcStartCols{0}nStartEncPos{10000}nValidPassJets{1280}nValidPrtCols{4155}nValidPrtCtlCnts{1}pDataBuf{0}pNextItem{709760432}
2023-05-11 20:50:32,807 [AppLog] INFO : 使能Pass打印成功：IDP_DoPassPrint2：nLayerIndex{1}nPassID{3}
2023-05-11 20:50:32,807 [AppLog] INFO : PASS打印前关键状态：DEV_GetDeviceInfo2：nLayerIndex{1}nPassID{3}LPPRINTER_INFO:nXSysEncDPI{0}nStatus{0}nPrintStatus{0}bSuperDevice{0}
LPPRINTER_INFO-LPPrtRunInfo:bJobPrtRuning{False}bLayerPrtIsOver{False}nContReqMemErr{0}nContWDErr{0}nCurPrtDir{0}nDTLayerIndex{0}nDTLayerPassIndex{0}nDTPtrCtlIndex{0}nLayerPassCount{0}nPrintLayerIndex{0}nPrintPassIndex{0}nProcLayerIndex{0}nPrtDataMemAddr{0}nPrtState{0}nReverse{System.Int32[]}nRevPrtCols{0}
LPPRINTER_INFO-LPDRVINFO:nFMVersion{0}nFpgaVersion{0}nPCBVersion{0}nState{0}nNextState{0}nPtvwarnState{0}nCrc32{0}nRevInfo{System.UInt32[]}nSignature{0}
2023-05-11 20:50:32,807 [AppLog] INFO : PASS打印前关键状态：DEV_GetDeviceInfo：nLayerIndex{1}nPassID{3}LPPRINTER_INFO:nXSysEncDPI{5080}nStatus{909129520}nPrintStatus{0}bSuperDevice{1}
LPPRINTER_INFO-LPPrtRunInfo:bJobPrtRuning{True}bLayerPrtIsOver{False}nContReqMemErr{0}nContWDErr{0}nCurPrtDir{0}nDTLayerIndex{3}nDTLayerPassIndex{5}nDTPtrCtlIndex{0}nLayerPassCount{6}nPrintLayerIndex{1}nPrintPassIndex{3}nProcLayerIndex{3}nPrtDataMemAddr{0}nPrtState{0}nReverse{System.Int32[]}nRevPrtCols{0}
LPPRINTER_INFO-LPDRVINFO:nFMVersion{45074}nFpgaVersion{539038216}nPCBVersion{0}nState{0}nNextState{0}nPtvwarnState{0}nCrc32{0}nRevInfo{System.UInt32[]}nSignature{0}
2023-05-11 20:50:32,807 [AppLog] INFO : 创建：AutoPrintMotion1=》不需重新创建-手动操作！
2023-05-11 20:50:32,807 [AppLog] INFO : 进入：EquipmentMotionLogic3=》准备创建对象-手动操作！
2023-05-11 20:50:32,807 [AppLog] INFO : 进入：EquipmentMotionLogic3=》不需重新创建-手动操作！
2023-05-11 20:50:32,807 [AppLog] INFO : 进入：EquipmentMotionLogic3=》赋值完成自-AutoPrintMotion2！
2023-05-11 20:50:32,807 [AppLog] INFO : 进入：EquipmentMotionLogic3=》加载配置文件-LoadJsonFile成功！
2023-05-11 20:50:32,807 [AppLog] INFO : 进入：AutoPrintThread3！
2023-05-11 20:50:32,807 [AppLog] INFO : 准备读取编码器位置：X方向！
2023-05-11 20:50:32,807 [AppLog] INFO : 准备运动，当前位置：DEV_GetPrintEncoderValue：MoveDirectionFlag{false为Y方向：False}CurrentPos{26.59}AimPos{425}
2023-05-11 20:50:32,839 [AppLog] INFO : X方向运动开始：DEM_Run：返回值{True}nAxis{0}DirFlag{True}nSpeed{300000}MoveStep{398410}nCtlValue{2}
2023-05-11 20:50:34,711 [AppLog] INFO : X方向到位停止：DEM_StopAxisRun：返回值{True}CurrentPos{419.545}bImmeStop{False}nAxisMask{1}
2023-05-11 20:50:34,711 [AppLog] INFO : 准备读取编码器位置：Y方向！
2023-05-11 20:50:34,726 [AppLog] INFO : 准备运动，编码器当前位置：DEM_GetAxisEncodeVal：MoveDirectionFlag{false为Y方向：True}CurrentPos{157.48}AimPos{196.5}
2023-05-11 20:50:34,929 [AppLog] INFO : Y方向运动开始：DEM_Run：返回值{True}nAxis{1}DirFlag{True}nSpeed{300000}MoveStep{39093.78682}nCtlValue{1}
2023-05-11 20:50:34,991 [AppLog] INFO : Y方向到位停止：DEM_StopAxisRun：返回值{True}CurrentPos{193.58}bImmeStop{False}nAxisMask{2}
2023-05-11 20:50:34,991 [AppLog] INFO : 获取打印Pass数据：IDP_GetPassItem2：nLayerIndex{1}nPassID{4}nProcState{3}LPPassDataItemb:PrtDir{False}nDataTxCompleteCnt{1}nHwMemAdrMatchMask{1}nLayerIndex{1}nLayerPassCount{6}nLayerPassIndex{4}nMinJet0ImgLinePos{5475}nPrtMemHwAddr{System.UInt32[]}nPrtDataOffset{System.UInt32[]}nSrcDataSize{System.UInt32[]}nPrtColBytes{System.UInt32[]}nPrtPrecession{16}nSrcEndCols{4000}nSrcStartCols{0}nStartEncPos{76504}nValidPassJets{1280}nValidPrtCols{4155}nValidPrtCtlCnts{1}pDataBuf{0}pNextItem{709760592}
2023-05-11 20:50:35,007 [AppLog] INFO : 使能Pass打印成功：IDP_DoPassPrint2：nLayerIndex{1}nPassID{4}
2023-05-11 20:50:35,007 [AppLog] INFO : PASS打印前关键状态：DEV_GetDeviceInfo2：nLayerIndex{1}nPassID{4}LPPRINTER_INFO:nXSysEncDPI{0}nStatus{0}nPrintStatus{0}bSuperDevice{0}
LPPRINTER_INFO-LPPrtRunInfo:bJobPrtRuning{False}bLayerPrtIsOver{False}nContReqMemErr{0}nContWDErr{0}nCurPrtDir{0}nDTLayerIndex{0}nDTLayerPassIndex{0}nDTPtrCtlIndex{0}nLayerPassCount{0}nPrintLayerIndex{0}nPrintPassIndex{0}nProcLayerIndex{0}nPrtDataMemAddr{0}nPrtState{0}nReverse{System.Int32[]}nRevPrtCols{0}
LPPRINTER_INFO-LPDRVINFO:nFMVersion{0}nFpgaVersion{0}nPCBVersion{0}nState{0}nNextState{0}nPtvwarnState{0}nCrc32{0}nRevInfo{System.UInt32[]}nSignature{0}
2023-05-11 20:50:35,007 [AppLog] INFO : PASS打印前关键状态：DEV_GetDeviceInfo：nLayerIndex{1}nPassID{4}LPPRINTER_INFO:nXSysEncDPI{5080}nStatus{909129520}nPrintStatus{0}bSuperDevice{1}
LPPRINTER_INFO-LPPrtRunInfo:bJobPrtRuning{True}bLayerPrtIsOver{False}nContReqMemErr{0}nContWDErr{0}nCurPrtDir{0}nDTLayerIndex{3}nDTLayerPassIndex{5}nDTPtrCtlIndex{0}nLayerPassCount{6}nPrintLayerIndex{1}nPrintPassIndex{4}nProcLayerIndex{3}nPrtDataMemAddr{0}nPrtState{0}nReverse{System.Int32[]}nRevPrtCols{0}
LPPRINTER_INFO-LPDRVINFO:nFMVersion{45074}nFpgaVersion{539038216}nPCBVersion{0}nState{0}nNextState{0}nPtvwarnState{0}nCrc32{0}nRevInfo{System.UInt32[]}nSignature{0}
2023-05-11 20:50:35,007 [AppLog] INFO : 创建：AutoPrintMotion1=》不需重新创建-手动操作！
2023-05-11 20:50:35,007 [AppLog] INFO : 进入：EquipmentMotionLogic3=》准备创建对象-手动操作！
2023-05-11 20:50:35,007 [AppLog] INFO : 进入：EquipmentMotionLogic3=》不需重新创建-手动操作！
2023-05-11 20:50:35,007 [AppLog] INFO : 进入：EquipmentMotionLogic3=》赋值完成自-AutoPrintMotion2！
2023-05-11 20:50:35,007 [AppLog] INFO : 进入：EquipmentMotionLogic3=》加载配置文件-LoadJsonFile成功！
2023-05-11 20:50:35,007 [AppLog] INFO : 进入：AutoPrintThread3！
2023-05-11 20:50:35,007 [AppLog] INFO : 准备读取编码器位置：X方向！
2023-05-11 20:50:35,007 [AppLog] INFO : 准备运动，当前位置：DEV_GetPrintEncoderValue：MoveDirectionFlag{false为Y方向：False}CurrentPos{423.405}AimPos{25}
2023-05-11 20:50:35,038 [AppLog] INFO : X方向运动开始：DEM_Run：返回值{True}nAxis{0}DirFlag{False}nSpeed{300000}MoveStep{-398405}nCtlValue{2}
2023-05-11 20:50:36,910 [AppLog] INFO : X方向到位停止：DEM_StopAxisRun：返回值{True}CurrentPos{30.655}bImmeStop{False}nAxisMask{1}
2023-05-11 20:50:36,910 [AppLog] INFO : 准备读取编码器位置：Y方向！
2023-05-11 20:50:36,910 [AppLog] INFO : 准备运动，编码器当前位置：DEM_GetAxisEncodeVal：MoveDirectionFlag{false为Y方向：True}CurrentPos{196.535}AimPos{211.521166666667}
2023-05-11 20:50:37,035 [AppLog] INFO : Y方向运动开始：DEM_Run：返回值{True}nAxis{1}DirFlag{True}nSpeed{300000}MoveStep{15014.5055078333}nCtlValue{1}
2023-05-11 20:50:37,097 [AppLog] INFO : Y方向到位停止：DEM_StopAxisRun：返回值{True}CurrentPos{209.235}bImmeStop{False}nAxisMask{2}
2023-05-11 20:50:37,097 [AppLog] INFO : 获取打印Pass数据：IDP_GetPassItem2：nLayerIndex{1}nPassID{5}nProcState{3}LPPassDataItemb:PrtDir{True}nDataTxCompleteCnt{1}nHwMemAdrMatchMask{1}nLayerIndex{1}nLayerPassCount{6}nLayerPassIndex{5}nMinJet0ImgLinePos{6755}nPrtMemHwAddr{System.UInt32[]}nPrtDataOffset{System.UInt32[]}nSrcDataSize{System.UInt32[]}nPrtColBytes{System.UInt32[]}nPrtPrecession{16}nSrcEndCols{4000}nSrcStartCols{0}nStartEncPos{10000}nValidPassJets{1280}nValidPrtCols{4155}nValidPrtCtlCnts{1}pDataBuf{0}pNextItem{0}
2023-05-11 20:50:37,129 [AppLog] INFO : 使能Pass打印成功：IDP_DoPassPrint2：nLayerIndex{1}nPassID{5}
2023-05-11 20:50:37,129 [AppLog] INFO : PASS打印前关键状态：DEV_GetDeviceInfo2：nLayerIndex{1}nPassID{5}LPPRINTER_INFO:nXSysEncDPI{0}nStatus{0}nPrintStatus{0}bSuperDevice{0}
LPPRINTER_INFO-LPPrtRunInfo:bJobPrtRuning{False}bLayerPrtIsOver{False}nContReqMemErr{0}nContWDErr{0}nCurPrtDir{0}nDTLayerIndex{0}nDTLayerPassIndex{0}nDTPtrCtlIndex{0}nLayerPassCount{0}nPrintLayerIndex{0}nPrintPassIndex{0}nProcLayerIndex{0}nPrtDataMemAddr{0}nPrtState{0}nReverse{System.Int32[]}nRevPrtCols{0}
LPPRINTER_INFO-LPDRVINFO:nFMVersion{0}nFpgaVersion{0}nPCBVersion{0}nState{0}nNextState{0}nPtvwarnState{0}nCrc32{0}nRevInfo{System.UInt32[]}nSignature{0}
2023-05-11 20:50:37,129 [AppLog] INFO : PASS打印前关键状态：DEV_GetDeviceInfo：nLayerIndex{1}nPassID{5}LPPRINTER_INFO:nXSysEncDPI{5080}nStatus{909129520}nPrintStatus{0}bSuperDevice{1}
LPPRINTER_INFO-LPPrtRunInfo:bJobPrtRuning{True}bLayerPrtIsOver{False}nContReqMemErr{0}nContWDErr{0}nCurPrtDir{0}nDTLayerIndex{3}nDTLayerPassIndex{5}nDTPtrCtlIndex{0}nLayerPassCount{6}nPrintLayerIndex{1}nPrintPassIndex{5}nProcLayerIndex{3}nPrtDataMemAddr{0}nPrtState{0}nReverse{System.Int32[]}nRevPrtCols{0}
LPPRINTER_INFO-LPDRVINFO:nFMVersion{45074}nFpgaVersion{539038216}nPCBVersion{0}nState{0}nNextState{0}nPtvwarnState{0}nCrc32{0}nRevInfo{System.UInt32[]}nSignature{0}
2023-05-11 20:50:37,129 [AppLog] INFO : 创建：AutoPrintMotion1=》不需重新创建-手动操作！
2023-05-11 20:50:37,129 [AppLog] INFO : 进入：EquipmentMotionLogic3=》准备创建对象-手动操作！
2023-05-11 20:50:37,129 [AppLog] INFO : 进入：EquipmentMotionLogic3=》不需重新创建-手动操作！
2023-05-11 20:50:37,129 [AppLog] INFO : 进入：EquipmentMotionLogic3=》赋值完成自-AutoPrintMotion2！
2023-05-11 20:50:37,129 [AppLog] INFO : 进入：EquipmentMotionLogic3=》加载配置文件-LoadJsonFile成功！
2023-05-11 20:50:37,129 [AppLog] INFO : 进入：AutoPrintThread3！
2023-05-11 20:50:37,129 [AppLog] INFO : 准备读取编码器位置：X方向！
2023-05-11 20:50:37,129 [AppLog] INFO : 准备运动，当前位置：DEV_GetPrintEncoderValue：MoveDirectionFlag{false为Y方向：False}CurrentPos{26.61}AimPos{425}
2023-05-11 20:50:37,160 [AppLog] INFO : X方向运动开始：DEM_Run：返回值{True}nAxis{0}DirFlag{True}nSpeed{300000}MoveStep{398390}nCtlValue{2}
2023-05-11 20:50:39,032 [AppLog] INFO : X方向到位停止：DEM_StopAxisRun：返回值{True}CurrentPos{418.775}bImmeStop{False}nAxisMask{1}
2023-05-11 20:50:39,032 [AppLog] INFO : 准备读取编码器位置：X方向！
2023-05-11 20:50:39,032 [AppLog] INFO : 准备运动，当前位置：DEV_GetPrintEncoderValue：MoveDirectionFlag{false为Y方向：False}CurrentPos{418.88}AimPos{734.275}
2023-05-11 20:50:39,063 [AppLog] INFO : X方向运动开始：DEM_Run：返回值{True}nAxis{0}DirFlag{True}nSpeed{300000}MoveStep{315395}nCtlValue{2}
2023-05-11 20:50:40,670 [AppLog] INFO : X方向到位停止：DEM_StopAxisRun：返回值{True}CurrentPos{734.985}bImmeStop{False}nAxisMask{1}
2023-05-11 20:50:40,670 [AppLog] INFO : 准备读取编码器位置：Y方向！
2023-05-11 20:50:40,670 [AppLog] INFO : 准备运动，编码器当前位置：DEM_GetAxisEncodeVal：MoveDirectionFlag{false为Y方向：True}CurrentPos{211.545}AimPos{321.455}
2023-05-11 20:50:41,091 [AppLog] INFO : Y方向运动开始：DEM_Run：返回值{True}nAxis{1}DirFlag{True}nSpeed{300000}MoveStep{110117.83981}nCtlValue{1}
2023-05-11 20:50:41,169 [AppLog] INFO : Y方向到位停止：DEM_StopAxisRun：返回值{True}CurrentPos{318.365}bImmeStop{False}nAxisMask{2}
2023-05-11 20:50:41,185 [AppLog] INFO : 开启闪喷操作：IDP_FlashPrtCtl：返回值{True}
2023-05-11 20:50:41,185 [AppLog] INFO : 不执行跳过铺粉固化操作：m_bApplyPowderSupplyMotion:1
2023-05-11 20:50:41,185 [AppLog] INFO : 接收到暂停打印指令：PrintTaskTHREAD
2023-05-11 20:50:41,185 [AppLog] INFO : 进入：EquipmentMotionLogic3=》准备创建对象-手动操作！
2023-05-11 20:50:41,185 [AppLog] INFO : 进入：EquipmentMotionLogic3=》不需重新创建-手动操作！
2023-05-11 20:50:41,185 [AppLog] INFO : 进入：EquipmentMotionLogic3=》赋值完成自-AutoPrintMotion2！
2023-05-11 20:50:41,185 [AppLog] INFO : 进入：EquipmentMotionLogic3=》加载配置文件-LoadJsonFile成功！
2023-05-11 20:50:41,185 [AppLog] INFO : 进入：AutoPrintThread3！
2023-05-11 20:50:41,185 [AppLog] INFO : 准备读取编码器位置：X方向！
2023-05-11 20:50:41,185 [AppLog] INFO : 准备运动，当前位置：DEV_GetPrintEncoderValue：MoveDirectionFlag{false为Y方向：False}CurrentPos{738.85}AimPos{758}
2023-05-11 20:50:41,216 [AppLog] INFO : X方向运动开始：DEM_Run：返回值{True}nAxis{0}DirFlag{True}nSpeed{300000}MoveStep{19150}nCtlValue{2}
2023-05-11 20:50:41,699 [AppLog] INFO : X方向到位停止：DEM_StopAxisRun：返回值{True}CurrentPos{757.835}bImmeStop{False}nAxisMask{1}
2023-05-11 20:50:41,699 [AppLog] INFO : 准备读取编码器位置：Y方向！
2023-05-11 20:50:41,699 [AppLog] INFO : 准备运动，编码器当前位置：DEM_GetAxisEncodeVal：MoveDirectionFlag{false为Y方向：True}CurrentPos{321.345}AimPos{317}
2023-05-11 20:50:41,824 [AppLog] INFO : Y方向运动开始：DEM_Run：返回值{True}nAxis{1}DirFlag{False}nSpeed{300000}MoveStep{-4353.21639500003}nCtlValue{1}
2023-05-11 20:50:41,887 [AppLog] INFO : Y方向到位停止：DEM_StopAxisRun：返回值{True}CurrentPos{317.68}bImmeStop{False}nAxisMask{2}
2023-05-11 20:50:42,089 [AppLog] INFO : 接收到暂停打印指令：PrintTaskTHREAD
2023-05-11 20:50:42,089 [AppLog] INFO : 进入：EquipmentMotionLogic3=》准备创建对象-手动操作！
2023-05-11 20:50:42,089 [AppLog] INFO : 进入：EquipmentMotionLogic3=》不需重新创建-手动操作！
2023-05-11 20:50:42,089 [AppLog] INFO : 进入：EquipmentMotionLogic3=》赋值完成自-AutoPrintMotion2！
2023-05-11 20:50:42,089 [AppLog] INFO : 进入：EquipmentMotionLogic3=》加载配置文件-LoadJsonFile成功！
2023-05-11 20:50:42,089 [AppLog] INFO : 进入：AutoPrintThread3！
2023-05-11 20:50:42,089 [AppLog] INFO : 准备读取编码器位置：X方向！
2023-05-11 20:50:42,089 [AppLog] INFO : 准备运动，当前位置：DEV_GetPrintEncoderValue：MoveDirectionFlag{false为Y方向：False}CurrentPos{757.99}AimPos{758}
2023-05-11 20:50:42,121 [AppLog] INFO : X方向运动开始：DEM_Run：返回值{True}nAxis{0}DirFlag{True}nSpeed{300000}MoveStep{9.99999999999091}nCtlValue{2}
2023-05-11 20:50:42,199 [AppLog] INFO : X方向到位停止：DEM_StopAxisRun：返回值{True}CurrentPos{757.99}bImmeStop{False}nAxisMask{1}
2023-05-11 20:50:42,199 [AppLog] INFO : 准备读取编码器位置：Y方向！
2023-05-11 20:50:42,199 [AppLog] INFO : 准备运动，编码器当前位置：DEM_GetAxisEncodeVal：MoveDirectionFlag{false为Y方向：True}CurrentPos{317.08}AimPos{317}
2023-05-11 20:50:42,323 [AppLog] INFO : Y方向运动开始：DEM_Run：返回值{True}nAxis{1}DirFlag{False}nSpeed{300000}MoveStep{-80.1512799999841}nCtlValue{1}
2023-05-11 20:50:42,386 [AppLog] INFO : Y方向到位停止：DEM_StopAxisRun：返回值{True}CurrentPos{317.06}bImmeStop{False}nAxisMask{2}
2023-05-11 20:50:42,589 [AppLog] INFO : 接收到暂停打印指令：PrintTaskTHREAD
2023-05-11 20:50:42,589 [AppLog] INFO : 进入：EquipmentMotionLogic3=》准备创建对象-手动操作！
2023-05-11 20:50:42,589 [AppLog] INFO : 进入：EquipmentMotionLogic3=》不需重新创建-手动操作！
2023-05-11 20:50:42,589 [AppLog] INFO : 进入：EquipmentMotionLogic3=》赋值完成自-AutoPrintMotion2！
2023-05-11 20:50:42,589 [AppLog] INFO : 进入：EquipmentMotionLogic3=》加载配置文件-LoadJsonFile成功！
2023-05-11 20:50:42,589 [AppLog] INFO : 进入：AutoPrintThread3！
2023-05-11 20:50:42,589 [AppLog] INFO : 准备读取编码器位置：X方向！
2023-05-11 20:50:42,589 [AppLog] INFO : 准备运动，当前位置：DEV_GetPrintEncoderValue：MoveDirectionFlag{false为Y方向：False}CurrentPos{757.99}AimPos{758}
2023-05-11 20:50:42,620 [AppLog] INFO : X方向运动开始：DEM_Run：返回值{True}nAxis{0}DirFlag{True}nSpeed{300000}MoveStep{9.99999999999091}nCtlValue{2}
2023-05-11 20:50:42,682 [AppLog] INFO : X方向到位停止：DEM_StopAxisRun：返回值{True}CurrentPos{757.99}bImmeStop{False}nAxisMask{1}
2023-05-11 20:50:42,682 [AppLog] INFO : 准备读取编码器位置：Y方向！
2023-05-11 20:50:42,682 [AppLog] INFO : 准备运动，编码器当前位置：DEM_GetAxisEncodeVal：MoveDirectionFlag{false为Y方向：True}CurrentPos{317.045}AimPos{317}
2023-05-11 20:50:42,807 [AppLog] INFO : Y方向运动开始：DEM_Run：返回值{True}nAxis{1}DirFlag{False}nSpeed{300000}MoveStep{-45.0850950000159}nCtlValue{1}
2023-05-11 20:50:42,823 [AppLog] INFO : 关闭闪喷操作：IDP_FlashPrtCtl：返回值{True}
2023-05-11 20:50:42,823 [AppLog] INFO : 删除打印任务：准备删除数据处理及打印线程
2023-05-11 20:50:42,838 [AppLog] INFO : System.Threading.ThreadAbortException: 正在中止线程。
   在 System.Threading.Thread.SleepInternal(Int32 millisecondsTimeout)
   在 System.Threading.Thread.Sleep(Int32 millisecondsTimeout)
   在 BinderJetting.手动操作.BackToStation(Double AimPos, Single m_MovSpeed, Boolean MoveDirectionFlag, Boolean WaitStopFLag, Double CorrectionRatio)
2023-05-11 20:50:44,195 [AppLog] INFO : 对象发生异常，区间位点2：System.Threading.ThreadAbortException: 正在中止线程。
   在 BinderJetting.手动操作.BackToStation(Double AimPos, Single m_MovSpeed, Boolean MoveDirectionFlag, Boolean WaitStopFLag, Double CorrectionRatio)
   在 BinderJetting.手动操作.AutoPrintThread5(Int32 Command, Int32 PassIndex, Single m_MovSpeed, Single m_BackCleanMovSpeed, SendMessageToCamera& toCamera, Int32 RecordLayerIndex, Int32 RecordProcessIndex, Int32 PauseFlag, Double YJetOffWidth, Int32 NotGoCleanStationFlag, Double YJetBaseOffWidth)
   在 BinderJetting.主界面.EquipmentMotionLogic3(Int32 index, Int32 Command, Int32 PassIndex, Single m_MovSpeed, Single m_BackCleanMovSpeed, SendMessageToCamera& toCamera, Int32 RecordLayerIndex, Int32 RecordProcessIndex, Int32 PauseFlag, Double YJetOffWidth, Int32 NotGoCleanStationFlag, Double YJetBaseOffWidth)
2023-05-11 20:50:44,258 [AppLog] INFO : 关闭打印线程成功：PrintTaskTHREAD
2023-05-11 20:50:44,258 [AppLog] INFO : 关闭打印线程成功：DataTaskTHREAD
2023-05-11 20:50:44,258 [AppLog] INFO : 停止打印任务，释放板卡内存：IDP_StopPrintJob()：ReturnFlag{True}
2023-05-11 20:50:45,865 [AppLog] INFO : 进入手动调试子模块！
2023-05-11 20:50:45,865 [AppLog] INFO : 进入：ManulBtn_Click=》准备创建对象-手动操作！
2023-05-11 20:50:45,896 [AppLog] INFO : 创建：ManualControl=》创建完成-手动操作！
2023-05-11 20:50:45,896 [AppLog] INFO : 加载成功：温控Modbus接口！
2023-05-11 20:50:48,095 [AppLog] INFO : 退出手动调试子模块,已执行修改
==========================================================================
2023-05-11 20:51:22,415 [AppLog] INFO : 软件及设备关停中止：手动取消关停
2023-05-11 20:57:17,706 [AppLog] INFO : 开启系统：板卡通讯，伺服供电，照明系统，UV/HR固化系统！
2023-05-11 20:57:18,392 [AppLog] INFO : 关闭系统：一键关闭系统开始！
2023-05-11 20:57:24,589 [AppLog] INFO : 关闭系统：一键关闭系统结束！
2023-05-11 20:57:24,597 [AppLog] INFO : 喷墨控制器的所有轴输出关闭！
2023-05-11 20:57:24,717 [AppLog] INFO : 喷墨控制器关闭！
2023-05-11 20:57:24,718 [AppLog] INFO : 创建：AutoPrintMotion0=》不需重新创建-手动操作！
2023-05-11 20:57:24,719 [AppLog] INFO : 进入电气控制模块
2023-05-11 20:57:50,770 [AppLog] INFO : 退出电气控制模块
2023-05-11 20:57:52,945 [AppLog] INFO : 软件及设备关停中：墨车所有方向运动确认停止（X,Y,Y2)： bImmeStop{False},nAxisMask{0x7}
2023-05-11 20:57:52,947 [AppLog] INFO : 软件及设备关停中：喷墨控制器板卡系统关闭（X,Y,Y2)：DEV_CloseDevice
2023-05-11 20:57:53,600 [AppLog] INFO : 软件及设备关停成功
==========================================================================
操作系统:{Microsoft Windows 7 旗舰版 }
运行环境:{ .Net Framework Enviroment Version 4.0.30319.42000}
盘符：D
CPU使用率：{0%} ，可用内存大小:{14026MB}，硬盘剩余空间：
  盘符 C:\ 的剩余空间：70 GB
  盘符 D:\ 的剩余空间：94 GB
  盘符 F:\ 的剩余空间：57 GB
==========================================================================
2023-05-11 20:58:15,080 [AppLog] INFO : 软件开机密码正确，登录成功1次
==========================================================================
操作系统:{Microsoft Windows 7 旗舰版 }
运行环境:{ .Net Framework Enviroment Version 4.0.30319.42000}
盘符：D
CPU使用率：{17.85684%} ，可用内存大小:{14102MB}，硬盘剩余空间：
  盘符 C:\ 的剩余空间：70 GB
  盘符 D:\ 的剩余空间：94 GB
  盘符 F:\ 的剩余空间：57 GB
硬件配置情况：
  CPU 厂家: GenuineIntel CPU 型号: Intel(R) Core(TM) i7-4770 CPU @ 3.40GHz
  内存条厂家: Kingston 内存条型号: 99P5471-043.A00LF 
  内存条厂家: Kingston 内存条型号: 99P5471-043.A00LF 
  硬盘厂家: (标准磁盘驱动器) 硬盘型号: Micron_1300_MTFDDAK256TDL ATA Device
  硬盘厂家: (标准磁盘驱动器) 硬盘型号:  USB  SanDisk 3.2Gen1 USB Device
==========================================================================
2023-05-11 20:58:18,418 [AppLog] INFO : 进入电气控制模块
2023-05-11 20:58:19,214 [AppLog] INFO : 退出电气控制模块
2023-05-11 20:58:20,649 [AppLog] INFO : 开启系统：板卡通讯，伺服供电，照明系统，UV/HR固化系统！
2023-05-11 20:58:20,649 [AppLog] INFO : 开启系统：一键启动系统开始！
2023-05-11 20:58:21,944 [AppLog] INFO : 进入JOB参数设置：修改前初始参数：灰度数据格式{1bits}打印灰阶{1阶}m_XPrintDpi{System.Single[]Dpi}墨车运动速度{300MM/s}X向起打位置{50MM}X向起打位置偏移{0MM}Y向起打位置偏移{15MM}
2023-05-11 20:58:23,410 [AppLog] INFO : 退出JOB参数设置：修改后参数：灰度数据格式{1bits}打印灰阶{1阶}m_XPrintDpi{63.5,127,190.5,254,317.5,381,444.5,508,571.5,635,1270,2540Dpi}墨车运动速度{300MM/s}X向起打位置{50MM}X向起打位置偏移{0MM}Y向起打位置偏移{15MM}
2023-05-11 20:58:26,733 [AppLog] INFO : 开启系统：一键启动系统结束！
2023-05-11 20:58:26,905 [AppLog] INFO : 创建：AutoPrintMotion0=》初次创建完成-手动操作！
2023-05-11 20:58:26,936 [AppLog] INFO : 初始化喷墨控制器启动！
2023-05-11 20:58:49,803 [AppLog] INFO : 打开喷墨控制器设备成功！
2023-05-11 20:58:49,841 [AppLog] INFO : 输入校准值1次{成功}，打印往返差校准值为：BiDirEncPrtOff{5},分频值{8},打印速度{300mm/s}
2023-05-11 20:58:50,199 [AppLog] INFO : PASS打印前关键状态：DEV_GetDeviceInfo：LPPRINTER_INFO:nXSysEncDPI{5080}nStatus{909129520}nPrintStatus{0}bSuperDevice{1}
LPPRINTER_INFO-LPPrtRunInfo:bJobPrtRuning{False}bLayerPrtIsOver{False}nContReqMemErr{0}nContWDErr{0}nCurPrtDir{0}nDTLayerIndex{0}nDTLayerPassIndex{0}nDTPtrCtlIndex{0}nLayerPassCount{0}nPrintLayerIndex{0}nPrintPassIndex{0}nProcLayerIndex{0}nPrtDataMemAddr{0}nPrtState{0}nReverse{System.Int32[]}nRevPrtCols{0}
LPPRINTER_INFO-LPDRVINFO:nFMVersion{45074}nFpgaVersion{539038216}nPCBVersion{0}nState{0}nNextState{0}nPtvwarnState{0}nCrc32{0}nRevInfo{System.UInt32[]}nSignature{0}
