2023-12-31 21:00:01,439 [AppLog] INFO : 手动正向点动指令（8轴运控板卡系统） ====》：输出AXIS{第2轴},点动量{-696.5MM},运动速度{250MM/s}
2023-12-31 21:00:01,439 [AppLog] INFO : 铺粉车返回至站1：BackToStation2(AimPos, MovSpeed, true)：-1.5mm，速度250mm/s：BackToStation2
2023-12-31 21:00:02,191 [AppLog] INFO : 落粉轴回零成功：motionMap.SetBackSpreaderAxis(3, 0.5, 2, -SinkPosition)：ReturnCode{True}
2023-12-31 21:00:02,191 [AppLog] INFO : 电气控制模块：手动打开端口14
2023-12-31 21:00:02,191 [AppLog] INFO : 电气控制模块：手动打开端口15
2023-12-31 21:00:02,967 [AppLog] INFO : 手动正向点动指令（8轴运控板卡系统） ====》：输出AXIS{第1轴},点动量{1.5MM},运动速度{2MM/s}
2023-12-31 21:00:02,967 [AppLog] INFO : 电气控制模块：手动关闭端口15
2023-12-31 21:00:02,968 [AppLog] INFO : 电气控制模块：手动关闭端口14
2023-12-31 21:00:02,968 [AppLog] INFO : 成形面高度上升层厚 TrapSpace{1.5mm}：TrapMoveUp(1, true, Convert.ToString(vel), Convert.ToString(TrapSpace), true, true）
2023-12-31 21:00:02,968 [AppLog] INFO : 自动铺粉正常结束：NewAutoSupplyPowderThread2
2023-12-31 21:00:02,968 [AppLog] INFO : 发送监控指令，拍照记录1条：SendMessageFromSharedMemory
2023-12-31 21:00:02,968 [AppLog] INFO : 铺粉模式：固化结束再开启铺粉！
2023-12-31 21:00:02,969 [AppLog] INFO : 执行完成铺粉固化操作：EquipmentMotionLogic3：m_bApplyPowderSupplyMotion:0
2023-12-31 21:00:02,969 [AppLog] INFO : 接收到恢复打印指令：PrintTaskTHREAD
2023-12-31 21:00:02,983 [AppLog] INFO : 获取打印Pass数据：IDP_GetPassItem2：nLayerIndex{4}nPassID{0}nProcState{3}LPPassDataItemb:PrtDir{False}nDataTxCompleteCnt{1}nHwMemAdrMatchMask{1}nLayerIndex{4}nLayerPassCount{6}nLayerPassIndex{0}nMinJet0ImgLinePos{355}nPrtMemHwAddr{System.UInt32[]}nPrtDataOffset{System.UInt32[]}nSrcDataSize{System.UInt32[]}nPrtColBytes{System.UInt32[]}nPrtPrecession{5.333}nSrcEndCols{12000}nSrcStartCols{0}nStartEncPos{76505}nValidPassJets{1280}nValidPrtCols{12464}nValidPrtCtlCnts{1}pDataBuf{0}pNextItem{821039392}
2023-12-31 21:00:02,993 [AppLog] INFO : 使能Pass打印成功：IDP_DoPassPrint2：nLayerIndex{4}nPassID{0}
2023-12-31 21:00:02,999 [AppLog] INFO : PASS打印前关键状态：DEV_GetDeviceInfo：nLayerIndex{4}nPassID{0}LPPRINTER_INFO:nXSysEncDPI{5080}nStatus{909129520}nPrintStatus{0}bSuperDevice{1}
LPPRINTER_INFO-LPPrtRunInfo:bJobPrtRuning{True}bLayerPrtIsOver{False}nContReqMemErr{0}nContWDErr{0}nCurPrtDir{0}nDTLayerIndex{11}nDTLayerPassIndex{5}nDTPtrCtlIndex{0}nLayerPassCount{6}nPrintLayerIndex{4}nPrintPassIndex{0}nProcLayerIndex{11}nPrtDataMemAddr{0}nPrtState{0}nReverse{System.Int32[]}nRevPrtCols{0}
LPPRINTER_INFO-LPDRVINFO:nFMVersion{45074}nFpgaVersion{539038216}nPCBVersion{0}nState{0}nNextState{0}nPtvwarnState{0}nCrc32{0}nRevInfo{System.UInt32[]}nSignature{0}
2023-12-31 21:00:03,000 [AppLog] INFO : 创建：AutoPrintMotion1=》不需重新创建-手动操作！
2023-12-31 21:00:03,000 [AppLog] INFO : 进入：EquipmentMotionLogic3=》准备创建对象-手动操作！
2023-12-31 21:00:03,000 [AppLog] INFO : 进入：EquipmentMotionLogic3=》不需重新创建-手动操作！
2023-12-31 21:00:03,000 [AppLog] INFO : 进入：EquipmentMotionLogic3=》赋值完成自-AutoPrintMotion2！
2023-12-31 21:00:03,001 [AppLog] INFO : 进入：EquipmentMotionLogic3=》加载配置文件-LoadJsonFile成功！
2023-12-31 21:00:03,001 [AppLog] INFO : 进入自动清洗过程：AutoCleanThread
2023-12-31 21:00:03,345 [AppLog] INFO : 刮墨轴回零成功：motionMap.SetBackSpreaderAxis(4, 1, 2, -SinkHomePosition)
2023-12-31 21:00:03,345 [AppLog] INFO : 准备读取编码器位置：Y方向！
2023-12-31 21:00:03,350 [AppLog] INFO : 准备运动，编码器当前位置：DEM_GetAxisEncodeVal：MoveDirectionFlag{false为Y方向：True}CurrentPos{121.05}AimPos{116}
2023-12-31 21:00:03,483 [AppLog] INFO : Y方向运动开始：DEM_Run：返回值{True}nAxis{1}DirFlag{False}nSpeed{300000}MoveStep{-5059.54955}nCtlValue{1}
2023-12-31 21:00:03,544 [AppLog] INFO : Y方向到位停止：DEM_StopAxisRun：返回值{True}CurrentPos{116.785}bImmeStop{False}nAxisMask{2}
2023-12-31 21:00:03,544 [AppLog] INFO : 准备读取编码器位置：X方向！
2023-12-31 21:00:03,549 [AppLog] INFO : 准备运动，当前位置：DEV_GetPrintEncoderValue：MoveDirectionFlag{false为Y方向：False}CurrentPos{783.81}AimPos{780}
2023-12-31 21:00:03,577 [AppLog] INFO : X方向运动开始：DEM_Run：返回值{True}nAxis{0}DirFlag{False}nSpeed{300000}MoveStep{-3810.00000000006}nCtlValue{2}
2023-12-31 21:00:03,758 [AppLog] INFO : X方向到位停止：DEM_StopAxisRun：返回值{True}CurrentPos{782.355}bImmeStop{False}nAxisMask{1}
2023-12-31 21:00:04,965 [AppLog] INFO : 开启压墨： motionMap.SetDo(13, true)
2023-12-31 21:00:06,265 [AppLog] INFO : 关闭压墨： motionMap.SetDo(13, false)
2023-12-31 21:00:06,265 [AppLog] INFO : 压墨等待开启：{3.5S}
2023-12-31 21:00:09,765 [AppLog] INFO : 压墨等待完成：{3.5S}
2023-12-31 21:00:09,765 [AppLog] INFO : 准备读取编码器位置：X方向！
2023-12-31 21:00:09,768 [AppLog] INFO : 准备运动，当前位置：DEV_GetPrintEncoderValue：MoveDirectionFlag{false为Y方向：False}CurrentPos{780.38}AimPos{680}
2023-12-31 21:00:09,801 [AppLog] INFO : X方向运动开始：DEM_Run：返回值{True}nAxis{0}DirFlag{False}nSpeed{200000}MoveStep{-100380}nCtlValue{2}
2023-12-31 21:00:10,668 [AppLog] INFO : X方向到位停止：DEM_StopAxisRun：返回值{True}CurrentPos{683.925}bImmeStop{False}nAxisMask{1}
2023-12-31 21:00:11,220 [AppLog] INFO : 结束自动清洗过程：AutoCleanThread
2023-12-31 21:00:11,220 [AppLog] INFO : 进入：EquipmentMotionLogic3=》准备创建对象-手动操作！
2023-12-31 21:00:11,220 [AppLog] INFO : 进入：EquipmentMotionLogic3=》不需重新创建-手动操作！
2023-12-31 21:00:11,220 [AppLog] INFO : 进入：EquipmentMotionLogic3=》赋值完成自-AutoPrintMotion2！
2023-12-31 21:00:11,221 [AppLog] INFO : 进入：EquipmentMotionLogic3=》加载配置文件-LoadJsonFile成功！
2023-12-31 21:00:11,221 [AppLog] INFO : 进入：AutoPrintThread3！
2023-12-31 21:00:11,229 [AppLog] INFO : 关闭闪喷操作：IDP_FlashPrtCtl：返回值{True}
2023-12-31 21:00:11,230 [AppLog] INFO : 准备读取编码器位置：Y方向！
2023-12-31 21:00:11,233 [AppLog] INFO : 准备运动，编码器当前位置：DEM_GetAxisEncodeVal：MoveDirectionFlag{false为Y方向：True}CurrentPos{115.97}AimPos{88.5}
2023-12-31 21:00:11,443 [AppLog] INFO : Y方向运动开始：DEM_Run：返回值{True}nAxis{1}DirFlag{False}nSpeed{300000}MoveStep{-27521.94577}nCtlValue{1}
2023-12-31 21:00:11,494 [AppLog] INFO : 准备读取编码器位置：X方向！
2023-12-31 21:00:11,495 [AppLog] INFO : 准备运动，当前位置：DEV_GetPrintEncoderValue：MoveDirectionFlag{false为Y方向：False}CurrentPos{680.215}AimPos{425}
2023-12-31 21:00:11,517 [AppLog] INFO : X方向运动开始：DEM_Run：返回值{True}nAxis{0}DirFlag{False}nSpeed{300000}MoveStep{-255215}nCtlValue{2}
2023-12-31 21:00:12,928 [AppLog] INFO : X方向到位停止：DEM_StopAxisRun：返回值{True}CurrentPos{428.99}bImmeStop{False}nAxisMask{1}
2023-12-31 21:00:12,929 [AppLog] INFO : 准备读取编码器位置：X方向！
2023-12-31 21:00:12,942 [AppLog] INFO : 准备运动，当前位置：DEV_GetPrintEncoderValue：MoveDirectionFlag{false为Y方向：False}CurrentPos{428.225}AimPos{25}
2023-12-31 21:00:12,983 [AppLog] INFO : X方向运动开始：DEM_Run：返回值{True}nAxis{0}DirFlag{False}nSpeed{100000}MoveStep{-403225}nCtlValue{2}
2023-12-31 21:00:17,160 [AppLog] INFO : X方向到位停止：DEM_StopAxisRun：返回值{True}CurrentPos{26.67}bImmeStop{False}nAxisMask{1}
2023-12-31 21:00:17,161 [AppLog] INFO : 准备读取编码器位置：Y方向！
2023-12-31 21:00:17,162 [AppLog] INFO : 准备运动，编码器当前位置：DEM_GetAxisEncodeVal：MoveDirectionFlag{false为Y方向：True}CurrentPos{88.5}AimPos{103.521166666667}
2023-12-31 21:00:17,351 [AppLog] INFO : Y方向运动开始：DEM_Run：返回值{True}nAxis{1}DirFlag{True}nSpeed{100000}MoveStep{15049.5716928333}nCtlValue{1}
2023-12-31 21:00:17,406 [AppLog] INFO : Y方向到位停止：DEM_StopAxisRun：返回值{True}CurrentPos{100.465}bImmeStop{False}nAxisMask{2}
2023-12-31 21:00:17,406 [AppLog] INFO : 获取打印Pass数据：IDP_GetPassItem2：nLayerIndex{4}nPassID{1}nProcState{3}LPPassDataItemb:PrtDir{True}nDataTxCompleteCnt{1}nHwMemAdrMatchMask{1}nLayerIndex{4}nLayerPassCount{6}nLayerPassIndex{1}nMinJet0ImgLinePos{1635}nPrtMemHwAddr{System.UInt32[]}nPrtDataOffset{System.UInt32[]}nSrcDataSize{System.UInt32[]}nPrtColBytes{System.UInt32[]}nPrtPrecession{5.333}nSrcEndCols{12000}nSrcStartCols{0}nStartEncPos{10000}nValidPassJets{1280}nValidPrtCols{12464}nValidPrtCtlCnts{1}pDataBuf{0}pNextItem{821039552}
2023-12-31 21:00:17,433 [AppLog] INFO : 使能Pass打印成功：IDP_DoPassPrint2：nLayerIndex{4}nPassID{1}
2023-12-31 21:00:17,442 [AppLog] INFO : PASS打印前关键状态：DEV_GetDeviceInfo：nLayerIndex{4}nPassID{1}LPPRINTER_INFO:nXSysEncDPI{5080}nStatus{909129520}nPrintStatus{0}bSuperDevice{1}
LPPRINTER_INFO-LPPrtRunInfo:bJobPrtRuning{True}bLayerPrtIsOver{False}nContReqMemErr{0}nContWDErr{0}nCurPrtDir{0}nDTLayerIndex{11}nDTLayerPassIndex{5}nDTPtrCtlIndex{0}nLayerPassCount{6}nPrintLayerIndex{4}nPrintPassIndex{1}nProcLayerIndex{11}nPrtDataMemAddr{0}nPrtState{0}nReverse{System.Int32[]}nRevPrtCols{0}
LPPRINTER_INFO-LPDRVINFO:nFMVersion{45074}nFpgaVersion{539038216}nPCBVersion{0}nState{0}nNextState{0}nPtvwarnState{0}nCrc32{0}nRevInfo{System.UInt32[]}nSignature{0}
2023-12-31 21:00:17,442 [AppLog] INFO : 创建：AutoPrintMotion1=》不需重新创建-手动操作！
2023-12-31 21:00:17,443 [AppLog] INFO : 进入：EquipmentMotionLogic3=》准备创建对象-手动操作！
2023-12-31 21:00:17,443 [AppLog] INFO : 进入：EquipmentMotionLogic3=》不需重新创建-手动操作！
2023-12-31 21:00:17,443 [AppLog] INFO : 进入：EquipmentMotionLogic3=》赋值完成自-AutoPrintMotion2！
2023-12-31 21:00:17,443 [AppLog] INFO : 进入：EquipmentMotionLogic3=》加载配置文件-LoadJsonFile成功！
2023-12-31 21:00:17,444 [AppLog] INFO : 进入：AutoPrintThread3！
2023-12-31 21:00:17,444 [AppLog] INFO : 准备读取编码器位置：X方向！
2023-12-31 21:00:17,448 [AppLog] INFO : 准备运动，当前位置：DEV_GetPrintEncoderValue：MoveDirectionFlag{false为Y方向：False}CurrentPos{22.975}AimPos{425}
2023-12-31 21:00:17,476 [AppLog] INFO : X方向运动开始：DEM_Run：返回值{True}nAxis{0}DirFlag{True}nSpeed{100000}MoveStep{402025}nCtlValue{2}
2023-12-31 21:00:21,639 [AppLog] INFO : X方向到位停止：DEM_StopAxisRun：返回值{True}CurrentPos{419.325}bImmeStop{False}nAxisMask{1}
2023-12-31 21:00:21,639 [AppLog] INFO : 准备读取编码器位置：Y方向！
2023-12-31 21:00:21,642 [AppLog] INFO : 准备运动，编码器当前位置：DEM_GetAxisEncodeVal：MoveDirectionFlag{false为Y方向：True}CurrentPos{103.52}AimPos{142.5}
2023-12-31 21:00:22,073 [AppLog] INFO : Y方向运动开始：DEM_Run：返回值{True}nAxis{1}DirFlag{True}nSpeed{100000}MoveStep{39053.71118}nCtlValue{1}
2023-12-31 21:00:22,129 [AppLog] INFO : Y方向到位停止：DEM_StopAxisRun：返回值{True}CurrentPos{139.72}bImmeStop{False}nAxisMask{2}
2023-12-31 21:00:22,129 [AppLog] INFO : 获取打印Pass数据：IDP_GetPassItem2：nLayerIndex{4}nPassID{2}nProcState{3}LPPassDataItemb:PrtDir{False}nDataTxCompleteCnt{1}nHwMemAdrMatchMask{1}nLayerIndex{4}nLayerPassCount{6}nLayerPassIndex{2}nMinJet0ImgLinePos{2915}nPrtMemHwAddr{System.UInt32[]}nPrtDataOffset{System.UInt32[]}nSrcDataSize{System.UInt32[]}nPrtColBytes{System.UInt32[]}nPrtPrecession{5.333}nSrcEndCols{12000}nSrcStartCols{0}nStartEncPos{76505}nValidPassJets{1280}nValidPrtCols{12464}nValidPrtCtlCnts{1}pDataBuf{0}pNextItem{821039712}
2023-12-31 21:00:22,138 [AppLog] INFO : 使能Pass打印成功：IDP_DoPassPrint2：nLayerIndex{4}nPassID{2}
2023-12-31 21:00:22,141 [AppLog] INFO : PASS打印前关键状态：DEV_GetDeviceInfo：nLayerIndex{4}nPassID{2}LPPRINTER_INFO:nXSysEncDPI{5080}nStatus{909129520}nPrintStatus{0}bSuperDevice{1}
LPPRINTER_INFO-LPPrtRunInfo:bJobPrtRuning{True}bLayerPrtIsOver{False}nContReqMemErr{0}nContWDErr{0}nCurPrtDir{0}nDTLayerIndex{11}nDTLayerPassIndex{5}nDTPtrCtlIndex{0}nLayerPassCount{6}nPrintLayerIndex{4}nPrintPassIndex{2}nProcLayerIndex{11}nPrtDataMemAddr{0}nPrtState{0}nReverse{System.Int32[]}nRevPrtCols{0}
LPPRINTER_INFO-LPDRVINFO:nFMVersion{45074}nFpgaVersion{539038216}nPCBVersion{0}nState{0}nNextState{0}nPtvwarnState{0}nCrc32{0}nRevInfo{System.UInt32[]}nSignature{0}
2023-12-31 21:00:22,141 [AppLog] INFO : 创建：AutoPrintMotion1=》不需重新创建-手动操作！
2023-12-31 21:00:22,141 [AppLog] INFO : 进入：EquipmentMotionLogic3=》准备创建对象-手动操作！
2023-12-31 21:00:22,142 [AppLog] INFO : 进入：EquipmentMotionLogic3=》不需重新创建-手动操作！
2023-12-31 21:00:22,142 [AppLog] INFO : 进入：EquipmentMotionLogic3=》赋值完成自-AutoPrintMotion2！
2023-12-31 21:00:22,142 [AppLog] INFO : 进入：EquipmentMotionLogic3=》加载配置文件-LoadJsonFile成功！
2023-12-31 21:00:22,142 [AppLog] INFO : 进入：AutoPrintThread3！
2023-12-31 21:00:22,143 [AppLog] INFO : 准备读取编码器位置：X方向！
2023-12-31 21:00:22,147 [AppLog] INFO : 准备运动，当前位置：DEV_GetPrintEncoderValue：MoveDirectionFlag{false为Y方向：False}CurrentPos{423.25}AimPos{25}
2023-12-31 21:00:22,203 [AppLog] INFO : X方向运动开始：DEM_Run：返回值{True}nAxis{0}DirFlag{False}nSpeed{100000}MoveStep{-398250}nCtlValue{2}
2023-12-31 21:00:26,336 [AppLog] INFO : X方向到位停止：DEM_StopAxisRun：返回值{True}CurrentPos{30.095}bImmeStop{False}nAxisMask{1}
2023-12-31 21:00:26,336 [AppLog] INFO : 准备读取编码器位置：Y方向！
2023-12-31 21:00:26,363 [AppLog] INFO : 准备运动，编码器当前位置：DEM_GetAxisEncodeVal：MoveDirectionFlag{false为Y方向：True}CurrentPos{142.46}AimPos{157.521166666667}
2023-12-31 21:00:26,549 [AppLog] INFO : Y方向运动开始：DEM_Run：返回值{True}nAxis{1}DirFlag{True}nSpeed{100000}MoveStep{15089.6473328333}nCtlValue{1}
2023-12-31 21:00:26,604 [AppLog] INFO : Y方向到位停止：DEM_StopAxisRun：返回值{True}CurrentPos{153.75}bImmeStop{False}nAxisMask{2}
2023-12-31 21:00:26,604 [AppLog] INFO : 获取打印Pass数据：IDP_GetPassItem2：nLayerIndex{4}nPassID{3}nProcState{3}LPPassDataItemb:PrtDir{True}nDataTxCompleteCnt{1}nHwMemAdrMatchMask{1}nLayerIndex{4}nLayerPassCount{6}nLayerPassIndex{3}nMinJet0ImgLinePos{4195}nPrtMemHwAddr{System.UInt32[]}nPrtDataOffset{System.UInt32[]}nSrcDataSize{System.UInt32[]}nPrtColBytes{System.UInt32[]}nPrtPrecession{5.333}nSrcEndCols{12000}nSrcStartCols{0}nStartEncPos{10000}nValidPassJets{1280}nValidPrtCols{12464}nValidPrtCtlCnts{1}pDataBuf{0}pNextItem{821039872}
2023-12-31 21:00:26,613 [AppLog] INFO : 使能Pass打印成功：IDP_DoPassPrint2：nLayerIndex{4}nPassID{3}
2023-12-31 21:00:26,622 [AppLog] INFO : PASS打印前关键状态：DEV_GetDeviceInfo：nLayerIndex{4}nPassID{3}LPPRINTER_INFO:nXSysEncDPI{5080}nStatus{909129520}nPrintStatus{0}bSuperDevice{1}
LPPRINTER_INFO-LPPrtRunInfo:bJobPrtRuning{True}bLayerPrtIsOver{False}nContReqMemErr{0}nContWDErr{0}nCurPrtDir{0}nDTLayerIndex{11}nDTLayerPassIndex{5}nDTPtrCtlIndex{0}nLayerPassCount{6}nPrintLayerIndex{4}nPrintPassIndex{3}nProcLayerIndex{11}nPrtDataMemAddr{0}nPrtState{0}nReverse{System.Int32[]}nRevPrtCols{0}
LPPRINTER_INFO-LPDRVINFO:nFMVersion{45074}nFpgaVersion{539038216}nPCBVersion{0}nState{0}nNextState{0}nPtvwarnState{0}nCrc32{0}nRevInfo{System.UInt32[]}nSignature{0}
2023-12-31 21:00:26,622 [AppLog] INFO : 创建：AutoPrintMotion1=》不需重新创建-手动操作！
2023-12-31 21:00:26,623 [AppLog] INFO : 进入：EquipmentMotionLogic3=》准备创建对象-手动操作！
2023-12-31 21:00:26,623 [AppLog] INFO : 进入：EquipmentMotionLogic3=》不需重新创建-手动操作！
2023-12-31 21:00:26,623 [AppLog] INFO : 进入：EquipmentMotionLogic3=》赋值完成自-AutoPrintMotion2！
2023-12-31 21:00:26,624 [AppLog] INFO : 进入：EquipmentMotionLogic3=》加载配置文件-LoadJsonFile成功！
2023-12-31 21:00:26,624 [AppLog] INFO : 进入：AutoPrintThread3！
2023-12-31 21:00:26,624 [AppLog] INFO : 准备读取编码器位置：X方向！
2023-12-31 21:00:26,627 [AppLog] INFO : 准备运动，当前位置：DEV_GetPrintEncoderValue：MoveDirectionFlag{false为Y方向：False}CurrentPos{26.89}AimPos{425}
2023-12-31 21:00:26,665 [AppLog] INFO : X方向运动开始：DEM_Run：返回值{True}nAxis{0}DirFlag{True}nSpeed{100000}MoveStep{398110}nCtlValue{2}
2023-12-31 21:00:30,794 [AppLog] INFO : X方向到位停止：DEM_StopAxisRun：返回值{True}CurrentPos{419.36}bImmeStop{False}nAxisMask{1}
2023-12-31 21:00:30,794 [AppLog] INFO : 准备读取编码器位置：Y方向！
2023-12-31 21:00:30,798 [AppLog] INFO : 准备运动，编码器当前位置：DEM_GetAxisEncodeVal：MoveDirectionFlag{false为Y方向：True}CurrentPos{157.55}AimPos{196.5}
2023-12-31 21:00:31,221 [AppLog] INFO : Y方向运动开始：DEM_Run：返回值{True}nAxis{1}DirFlag{True}nSpeed{100000}MoveStep{39023.65445}nCtlValue{1}
2023-12-31 21:00:31,276 [AppLog] INFO : Y方向到位停止：DEM_StopAxisRun：返回值{True}CurrentPos{193.2}bImmeStop{False}nAxisMask{2}
2023-12-31 21:00:31,276 [AppLog] INFO : 获取打印Pass数据：IDP_GetPassItem2：nLayerIndex{4}nPassID{4}nProcState{3}LPPassDataItemb:PrtDir{False}nDataTxCompleteCnt{1}nHwMemAdrMatchMask{1}nLayerIndex{4}nLayerPassCount{6}nLayerPassIndex{4}nMinJet0ImgLinePos{5475}nPrtMemHwAddr{System.UInt32[]}nPrtDataOffset{System.UInt32[]}nSrcDataSize{System.UInt32[]}nPrtColBytes{System.UInt32[]}nPrtPrecession{5.333}nSrcEndCols{12000}nSrcStartCols{0}nStartEncPos{76505}nValidPassJets{1280}nValidPrtCols{12464}nValidPrtCtlCnts{1}pDataBuf{0}pNextItem{821040032}
2023-12-31 21:00:31,285 [AppLog] INFO : 使能Pass打印成功：IDP_DoPassPrint2：nLayerIndex{4}nPassID{4}
2023-12-31 21:00:31,287 [AppLog] INFO : PASS打印前关键状态：DEV_GetDeviceInfo：nLayerIndex{4}nPassID{4}LPPRINTER_INFO:nXSysEncDPI{5080}nStatus{909129520}nPrintStatus{0}bSuperDevice{1}
LPPRINTER_INFO-LPPrtRunInfo:bJobPrtRuning{True}bLayerPrtIsOver{False}nContReqMemErr{0}nContWDErr{0}nCurPrtDir{0}nDTLayerIndex{11}nDTLayerPassIndex{5}nDTPtrCtlIndex{0}nLayerPassCount{6}nPrintLayerIndex{4}nPrintPassIndex{4}nProcLayerIndex{11}nPrtDataMemAddr{0}nPrtState{0}nReverse{System.Int32[]}nRevPrtCols{0}
LPPRINTER_INFO-LPDRVINFO:nFMVersion{45074}nFpgaVersion{539038216}nPCBVersion{0}nState{0}nNextState{0}nPtvwarnState{0}nCrc32{0}nRevInfo{System.UInt32[]}nSignature{0}
2023-12-31 21:00:31,287 [AppLog] INFO : 创建：AutoPrintMotion1=》不需重新创建-手动操作！
2023-12-31 21:00:31,287 [AppLog] INFO : 进入：EquipmentMotionLogic3=》准备创建对象-手动操作！
2023-12-31 21:00:31,288 [AppLog] INFO : 进入：EquipmentMotionLogic3=》不需重新创建-手动操作！
2023-12-31 21:00:31,288 [AppLog] INFO : 进入：EquipmentMotionLogic3=》赋值完成自-AutoPrintMotion2！
2023-12-31 21:00:31,288 [AppLog] INFO : 进入：EquipmentMotionLogic3=》加载配置文件-LoadJsonFile成功！
2023-12-31 21:00:31,289 [AppLog] INFO : 进入：AutoPrintThread3！
2023-12-31 21:00:31,289 [AppLog] INFO : 准备读取编码器位置：X方向！
2023-12-31 21:00:31,305 [AppLog] INFO : 准备运动，当前位置：DEV_GetPrintEncoderValue：MoveDirectionFlag{false为Y方向：False}CurrentPos{423.1}AimPos{25}
2023-12-31 21:00:31,329 [AppLog] INFO : X方向运动开始：DEM_Run：返回值{True}nAxis{0}DirFlag{False}nSpeed{100000}MoveStep{-398100}nCtlValue{2}
2023-12-31 21:00:35,456 [AppLog] INFO : X方向到位停止：DEM_StopAxisRun：返回值{True}CurrentPos{30.185}bImmeStop{False}nAxisMask{1}
2023-12-31 21:00:35,456 [AppLog] INFO : 准备读取编码器位置：Y方向！
2023-12-31 21:00:35,457 [AppLog] INFO : 准备运动，编码器当前位置：DEM_GetAxisEncodeVal：MoveDirectionFlag{false为Y方向：True}CurrentPos{196.46}AimPos{211.521166666667}
2023-12-31 21:00:35,632 [AppLog] INFO : Y方向运动开始：DEM_Run：返回值{True}nAxis{1}DirFlag{True}nSpeed{100000}MoveStep{15089.6473328333}nCtlValue{1}
2023-12-31 21:00:35,689 [AppLog] INFO : Y方向到位停止：DEM_StopAxisRun：返回值{True}CurrentPos{208.215}bImmeStop{False}nAxisMask{2}
2023-12-31 21:00:35,689 [AppLog] INFO : 获取打印Pass数据：IDP_GetPassItem2：nLayerIndex{4}nPassID{5}nProcState{3}LPPassDataItemb:PrtDir{True}nDataTxCompleteCnt{1}nHwMemAdrMatchMask{1}nLayerIndex{4}nLayerPassCount{6}nLayerPassIndex{5}nMinJet0ImgLinePos{6755}nPrtMemHwAddr{System.UInt32[]}nPrtDataOffset{System.UInt32[]}nSrcDataSize{System.UInt32[]}nPrtColBytes{System.UInt32[]}nPrtPrecession{5.333}nSrcEndCols{12000}nSrcStartCols{0}nStartEncPos{10000}nValidPassJets{1280}nValidPrtCols{12464}nValidPrtCtlCnts{1}pDataBuf{0}pNextItem{0}
2023-12-31 21:00:35,704 [AppLog] INFO : 使能Pass打印成功：IDP_DoPassPrint2：nLayerIndex{4}nPassID{5}
2023-12-31 21:00:35,714 [AppLog] INFO : PASS打印前关键状态：DEV_GetDeviceInfo：nLayerIndex{4}nPassID{5}LPPRINTER_INFO:nXSysEncDPI{5080}nStatus{909129520}nPrintStatus{0}bSuperDevice{1}
LPPRINTER_INFO-LPPrtRunInfo:bJobPrtRuning{True}bLayerPrtIsOver{False}nContReqMemErr{0}nContWDErr{0}nCurPrtDir{0}nDTLayerIndex{11}nDTLayerPassIndex{5}nDTPtrCtlIndex{0}nLayerPassCount{6}nPrintLayerIndex{4}nPrintPassIndex{5}nProcLayerIndex{11}nPrtDataMemAddr{0}nPrtState{0}nReverse{System.Int32[]}nRevPrtCols{0}
LPPRINTER_INFO-LPDRVINFO:nFMVersion{45074}nFpgaVersion{539038216}nPCBVersion{0}nState{0}nNextState{0}nPtvwarnState{0}nCrc32{0}nRevInfo{System.UInt32[]}nSignature{0}
2023-12-31 21:00:35,714 [AppLog] INFO : 创建：AutoPrintMotion1=》不需重新创建-手动操作！
2023-12-31 21:00:35,715 [AppLog] INFO : 进入：EquipmentMotionLogic3=》准备创建对象-手动操作！
2023-12-31 21:00:35,715 [AppLog] INFO : 进入：EquipmentMotionLogic3=》不需重新创建-手动操作！
2023-12-31 21:00:35,715 [AppLog] INFO : 进入：EquipmentMotionLogic3=》赋值完成自-AutoPrintMotion2！
2023-12-31 21:00:35,716 [AppLog] INFO : 进入：EquipmentMotionLogic3=》加载配置文件-LoadJsonFile成功！
2023-12-31 21:00:35,716 [AppLog] INFO : 进入：AutoPrintThread3！
2023-12-31 21:00:35,716 [AppLog] INFO : 准备读取编码器位置：X方向！
2023-12-31 21:00:35,748 [AppLog] INFO : 准备运动，当前位置：DEV_GetPrintEncoderValue：MoveDirectionFlag{false为Y方向：False}CurrentPos{26.815}AimPos{425}
2023-12-31 21:00:35,775 [AppLog] INFO : X方向运动开始：DEM_Run：返回值{True}nAxis{0}DirFlag{True}nSpeed{100000}MoveStep{398185}nCtlValue{2}
2023-12-31 21:00:39,902 [AppLog] INFO : X方向到位停止：DEM_StopAxisRun：返回值{True}CurrentPos{419.035}bImmeStop{False}nAxisMask{1}
2023-12-31 21:00:39,902 [AppLog] INFO : 准备读取编码器位置：X方向！
2023-12-31 21:00:39,903 [AppLog] INFO : 准备运动，当前位置：DEV_GetPrintEncoderValue：MoveDirectionFlag{false为Y方向：False}CurrentPos{419.135}AimPos{780}
2023-12-31 21:00:39,925 [AppLog] INFO : X方向运动开始：DEM_Run：返回值{True}nAxis{0}DirFlag{True}nSpeed{300000}MoveStep{360865}nCtlValue{2}
2023-12-31 21:00:39,975 [AppLog] INFO : 准备读取编码器位置：Y方向！
2023-12-31 21:00:39,976 [AppLog] INFO : 准备运动，编码器当前位置：DEM_GetAxisEncodeVal：MoveDirectionFlag{false为Y方向：True}CurrentPos{211.555}AimPos{121}
2023-12-31 21:00:40,343 [AppLog] INFO : Y方向运动开始：DEM_Run：返回值{True}nAxis{1}DirFlag{False}nSpeed{300000}MoveStep{-90726.239505}nCtlValue{1}
2023-12-31 21:00:41,672 [AppLog] INFO : Y方向到位等停：DEM_StopAxisRun：返回值{True}bImmeStop{False}nAxisMask{1}
2023-12-31 21:00:41,679 [AppLog] INFO : X方向到位等停：DEM_StopAxisRun：返回值{True}bImmeStop{False}nAxisMask{2}
2023-12-31 21:00:41,699 [AppLog] INFO : 开启闪喷操作：IDP_FlashPrtCtl：返回值{True}
2023-12-31 21:00:41,699 [AppLog] INFO : 进入：EquipmentMotionLogic3=》准备创建对象-手动操作！
2023-12-31 21:00:41,699 [AppLog] INFO : 进入：EquipmentMotionLogic3=》不需重新创建-手动操作！
2023-12-31 21:00:41,700 [AppLog] INFO : 进入：EquipmentMotionLogic3=》赋值完成自-AutoPrintMotion2！
2023-12-31 21:00:41,700 [AppLog] INFO : 进入：EquipmentMotionLogic3=》加载配置文件-LoadJsonFile成功！
2023-12-31 21:00:41,700 [AppLog] INFO : 进入自动铺粉逻辑：NewAutoSupplyPowderThread2
2023-12-31 21:00:41,701 [AppLog] INFO : 电气控制模块：手动打开端口14
2023-12-31 21:00:41,701 [AppLog] INFO : 电气控制模块：手动打开端口15
2023-12-31 21:00:41,776 [AppLog] INFO : 手动正向点动指令（8轴运控板卡系统） ====》：输出AXIS{第1轴},点动量{-0.1MM},运动速度{2MM/s}
2023-12-31 21:00:41,777 [AppLog] INFO : 成形面高度下降层厚 TrapSpace{0.1mm}：TrapMoveUp(1, true, Convert.ToString(vel), Convert.ToString(TrapSpace), true, true）
2023-12-31 21:00:42,552 [AppLog] INFO : 手动正向点动指令（8轴运控板卡系统） ====》：输出AXIS{第1轴},点动量{-1.5MM},运动速度{2MM/s}
2023-12-31 21:00:42,552 [AppLog] INFO : 成形面高度下降指定厚度 TrapSpace{1.5mm}：TrapMoveUp(1, true, Convert.ToString(vel), Convert.ToString(TrapSpace), true, true）
2023-12-31 21:00:42,553 [AppLog] INFO : 电气控制模块：手动关闭端口15
2023-12-31 21:00:42,553 [AppLog] INFO : 电气控制模块：手动关闭端口14
2023-12-31 21:00:42,801 [AppLog] INFO : 手动正向点动指令（8轴运控板卡系统） ====》：输出AXIS{第8轴},点动量{0.6MM},运动速度{2.5MM/s}
2023-12-31 21:00:42,802 [AppLog] INFO : Hopper落粉轴转2圈落粉，速度0.5rev/s：TrapMoveUp(8, true, 0.5, rotateNuM.ToString(), true, false)
2023-12-31 21:00:43,802 [AppLog] INFO : 开启铺粉车不等停运动，准备运动至准备打印位置215mm，速度250mm/s：BackToStation2
2023-12-31 21:00:44,671 [AppLog] INFO : 手动正向点动指令（8轴运控板卡系统） ====》：输出AXIS{第2轴},点动量{216.5MM},运动速度{250MM/s}
2023-12-31 21:00:44,672 [AppLog] INFO : 当前铺粉车位置：打印位置215mm
2023-12-31 21:00:44,674 [AppLog] INFO : 手动正向点动指令（8轴运控板卡系统） ====》：输出AXIS{第2轴},点动量{480MM},运动速度{20MM/s}
2023-12-31 21:00:44,674 [AppLog] INFO : 开启铺粉车不等停运动至准备打印位置695mm，速度20mm/s：BackToStation2
2023-12-31 21:00:44,787 [AppLog] INFO : 打开IR灯：OpenIRLamp(true)
2023-12-31 21:00:44,988 [AppLog] INFO : IR固化手动出光模式：WriteSingleRegister：SlaveNumber{1}RegisterAddress{132}RegisterValue{1}
2023-12-31 21:00:45,048 [AppLog] INFO : IR固化停止出光成功：WriteSingleRegister：SlaveNumber{1}RegisterAddress{121}目标温度{0 ℃}
2023-12-31 21:00:49,437 [AppLog] INFO : IR固化手动出光模式：WriteSingleRegister：SlaveNumber{1}RegisterAddress{132}RegisterValue{1}
2023-12-31 21:00:49,497 [AppLog] INFO : IR固化更新功率为设定值：WriteSingleRegister：SlaveNumber{1}RegisterAddress{121}目标温度{100℃}
2023-12-31 21:00:53,445 [AppLog] INFO : IR固化手动出光模式：WriteSingleRegister：SlaveNumber{1}RegisterAddress{132}RegisterValue{1}
2023-12-31 21:00:53,505 [AppLog] INFO : IR固化停止出光成功：WriteSingleRegister：SlaveNumber{1}RegisterAddress{121}目标温度{0 ℃}
2023-12-31 21:00:59,539 [AppLog] INFO : 关闭IR灯：OpenIRLamp(false)
2023-12-31 21:01:08,675 [AppLog] INFO : 开启铺粉车不等停运动至准备打印位置215mm，速度250mm/s：BackToStation2
2023-12-31 21:01:10,598 [AppLog] INFO : 手动正向点动指令（8轴运控板卡系统） ====》：输出AXIS{第2轴},点动量{-480MM},运动速度{250MM/s}
2023-12-31 21:01:10,599 [AppLog] INFO : 当前铺粉车位置：打印位置215mm
2023-12-31 21:01:10,599 [AppLog] INFO : 电气控制模块：手动打开端口14
2023-12-31 21:01:10,599 [AppLog] INFO : 电气控制模块：手动打开端口15
2023-12-31 21:01:11,376 [AppLog] INFO : 手动正向点动指令（8轴运控板卡系统） ====》：输出AXIS{第1轴},点动量{1.5MM},运动速度{2MM/s}
2023-12-31 21:01:11,376 [AppLog] INFO : 电气控制模块：手动关闭端口15
2023-12-31 21:01:11,376 [AppLog] INFO : 电气控制模块：手动关闭端口14
2023-12-31 21:01:11,377 [AppLog] INFO : 成形面高度上升层厚 TrapSpace{1.5mm}：TrapMoveUp(1, true, Convert.ToString(vel), Convert.ToString(TrapSpace), true, true）
2023-12-31 21:01:11,377 [AppLog] INFO : 开启铺粉车不等停运动，准备运动至准备打印位置215mm，速度250mm/s：BackToStation2
2023-12-31 21:01:11,379 [AppLog] INFO : 手动正向点动指令（8轴运控板卡系统） ====》：输出AXIS{第2轴},点动量{0MM},运动速度{250MM/s}
2023-12-31 21:01:11,379 [AppLog] INFO : 当前铺粉车位置：打印位置215mm
2023-12-31 21:01:11,381 [AppLog] INFO : 手动正向点动指令（8轴运控板卡系统） ====》：输出AXIS{第2轴},点动量{480MM},运动速度{50MM/s}
2023-12-31 21:01:11,381 [AppLog] INFO : 开启铺粉车不等停运动至准备打印位置695mm，速度50mm/s：BackToStation2
2023-12-31 21:01:11,513 [AppLog] INFO : 手动正向点动指令（8轴运控板卡系统） ====》：输出AXIS{第3轴},点动量{0.125MM},运动速度{1MM/s}
2023-12-31 21:01:11,514 [AppLog] INFO : 在{40mm}处，落粉轴运动{45度}，落粉轴转速{1rev/s}：TrapMoveUp(3, true, Convert.ToString(DispenseRollerSpeed), 0.5, true, true)
2023-12-31 21:01:11,515 [AppLog] INFO : 手动正向点动指令（8轴运控板卡系统） ====》：输出AXIS{第3轴},点动量{0.5MM},运动速度{0.0753424657534247MM/s}
2023-12-31 21:01:11,515 [AppLog] INFO : 开启均匀落粉及辊子铺平运动：TrapMoveUp(3, true, Convert.ToString(DispenseRollerSpeed), 0.5, true, true)
2023-12-31 21:01:19,745 [AppLog] INFO : 手动正向点动指令（8轴运控板卡系统） ====》：输出AXIS{第3轴},点动量{0.5MM},运动速度{2MM/s}
2023-12-31 21:01:19,746 [AppLog] INFO : 落粉轴继续转动以倒掉余粉：TrapMoveUp(3, true, 2, 0.5, true, false)
2023-12-31 21:01:20,984 [AppLog] INFO : 电气控制模块：手动打开端口14
2023-12-31 21:01:20,984 [AppLog] INFO : 电气控制模块：手动打开端口15
2023-12-31 21:01:21,759 [AppLog] INFO : 手动正向点动指令（8轴运控板卡系统） ====》：输出AXIS{第1轴},点动量{-1.5MM},运动速度{2MM/s}
2023-12-31 21:01:21,760 [AppLog] INFO : 电气控制模块：手动关闭端口15
2023-12-31 21:01:21,760 [AppLog] INFO : 电气控制模块：手动关闭端口14
2023-12-31 21:01:21,760 [AppLog] INFO : 成形面高度下降指定厚度 TrapSpace{1.5mm}：TrapMoveUp(1, true, Convert.ToString(vel), Convert.ToString(TrapSpace), true, true）
2023-12-31 21:01:24,549 [AppLog] INFO : 手动正向点动指令（8轴运控板卡系统） ====》：输出AXIS{第2轴},点动量{-696.5MM},运动速度{250MM/s}
2023-12-31 21:01:24,549 [AppLog] INFO : 铺粉车返回至站1：BackToStation2(AimPos, MovSpeed, true)：-1.5mm，速度250mm/s：BackToStation2
2023-12-31 21:01:25,301 [AppLog] INFO : 落粉轴回零成功：motionMap.SetBackSpreaderAxis(3, 0.5, 2, -SinkPosition)：ReturnCode{True}
2023-12-31 21:01:25,301 [AppLog] INFO : 电气控制模块：手动打开端口14
2023-12-31 21:01:25,302 [AppLog] INFO : 电气控制模块：手动打开端口15
2023-12-31 21:01:26,077 [AppLog] INFO : 手动正向点动指令（8轴运控板卡系统） ====》：输出AXIS{第1轴},点动量{1.5MM},运动速度{2MM/s}
2023-12-31 21:01:26,078 [AppLog] INFO : 电气控制模块：手动关闭端口15
2023-12-31 21:01:26,078 [AppLog] INFO : 电气控制模块：手动关闭端口14
2023-12-31 21:01:26,078 [AppLog] INFO : 成形面高度上升层厚 TrapSpace{1.5mm}：TrapMoveUp(1, true, Convert.ToString(vel), Convert.ToString(TrapSpace), true, true）
2023-12-31 21:01:26,078 [AppLog] INFO : 自动铺粉正常结束：NewAutoSupplyPowderThread2
2023-12-31 21:01:26,079 [AppLog] INFO : 发送监控指令，拍照记录1条：SendMessageFromSharedMemory
2023-12-31 21:01:26,079 [AppLog] INFO : 铺粉模式：固化结束再开启铺粉！
2023-12-31 21:01:26,079 [AppLog] INFO : 执行完成铺粉固化操作：EquipmentMotionLogic3：m_bApplyPowderSupplyMotion:0
2023-12-31 21:01:26,079 [AppLog] INFO : 接收到恢复打印指令：PrintTaskTHREAD
2023-12-31 21:01:26,080 [AppLog] INFO : 获取打印Pass数据：IDP_GetPassItem2：nLayerIndex{5}nPassID{0}nProcState{3}LPPassDataItemb:PrtDir{False}nDataTxCompleteCnt{1}nHwMemAdrMatchMask{1}nLayerIndex{5}nLayerPassCount{6}nLayerPassIndex{0}nMinJet0ImgLinePos{355}nPrtMemHwAddr{System.UInt32[]}nPrtDataOffset{System.UInt32[]}nSrcDataSize{System.UInt32[]}nPrtColBytes{System.UInt32[]}nPrtPrecession{5.333}nSrcEndCols{12000}nSrcStartCols{0}nStartEncPos{76505}nValidPassJets{1280}nValidPrtCols{12464}nValidPrtCtlCnts{1}pDataBuf{0}pNextItem{821040352}
2023-12-31 21:01:26,090 [AppLog] INFO : 使能Pass打印成功：IDP_DoPassPrint2：nLayerIndex{5}nPassID{0}
2023-12-31 21:01:26,097 [AppLog] INFO : PASS打印前关键状态：DEV_GetDeviceInfo：nLayerIndex{5}nPassID{0}LPPRINTER_INFO:nXSysEncDPI{5080}nStatus{909129520}nPrintStatus{0}bSuperDevice{1}
LPPRINTER_INFO-LPPrtRunInfo:bJobPrtRuning{True}bLayerPrtIsOver{False}nContReqMemErr{0}nContWDErr{0}nCurPrtDir{0}nDTLayerIndex{11}nDTLayerPassIndex{5}nDTPtrCtlIndex{0}nLayerPassCount{6}nPrintLayerIndex{5}nPrintPassIndex{0}nProcLayerIndex{11}nPrtDataMemAddr{0}nPrtState{0}nReverse{System.Int32[]}nRevPrtCols{0}
LPPRINTER_INFO-LPDRVINFO:nFMVersion{45074}nFpgaVersion{539038216}nPCBVersion{0}nState{0}nNextState{0}nPtvwarnState{0}nCrc32{0}nRevInfo{System.UInt32[]}nSignature{0}
2023-12-31 21:01:26,097 [AppLog] INFO : 创建：AutoPrintMotion1=》不需重新创建-手动操作！
2023-12-31 21:01:26,097 [AppLog] INFO : 进入：EquipmentMotionLogic3=》准备创建对象-手动操作！
2023-12-31 21:01:26,097 [AppLog] INFO : 进入：EquipmentMotionLogic3=》不需重新创建-手动操作！
2023-12-31 21:01:26,098 [AppLog] INFO : 进入：EquipmentMotionLogic3=》赋值完成自-AutoPrintMotion2！
2023-12-31 21:01:26,098 [AppLog] INFO : 进入：EquipmentMotionLogic3=》加载配置文件-LoadJsonFile成功！
2023-12-31 21:01:26,098 [AppLog] INFO : 进入自动清洗过程：AutoCleanThread
2023-12-31 21:01:26,442 [AppLog] INFO : 刮墨轴回零成功：motionMap.SetBackSpreaderAxis(4, 1, 2, -SinkHomePosition)
2023-12-31 21:01:26,442 [AppLog] INFO : 准备读取编码器位置：Y方向！
2023-12-31 21:01:26,443 [AppLog] INFO : 准备运动，编码器当前位置：DEM_GetAxisEncodeVal：MoveDirectionFlag{false为Y方向：True}CurrentPos{121.045}AimPos{116}
2023-12-31 21:01:26,565 [AppLog] INFO : Y方向运动开始：DEM_Run：返回值{True}nAxis{1}DirFlag{False}nSpeed{300000}MoveStep{-5054.540095}nCtlValue{1}
2023-12-31 21:01:26,627 [AppLog] INFO : Y方向到位停止：DEM_StopAxisRun：返回值{True}CurrentPos{116.75}bImmeStop{False}nAxisMask{2}
2023-12-31 21:01:26,628 [AppLog] INFO : 准备读取编码器位置：X方向！
2023-12-31 21:01:26,632 [AppLog] INFO : 准备运动，当前位置：DEV_GetPrintEncoderValue：MoveDirectionFlag{false为Y方向：False}CurrentPos{784.02}AimPos{780}
2023-12-31 21:01:26,662 [AppLog] INFO : X方向运动开始：DEM_Run：返回值{True}nAxis{0}DirFlag{False}nSpeed{300000}MoveStep{-4019.99999999998}nCtlValue{2}
2023-12-31 21:01:26,836 [AppLog] INFO : X方向到位停止：DEM_StopAxisRun：返回值{True}CurrentPos{782.765}bImmeStop{False}nAxisMask{1}
2023-12-31 21:01:28,044 [AppLog] INFO : 开启压墨： motionMap.SetDo(13, true)
2023-12-31 21:01:29,345 [AppLog] INFO : 关闭压墨： motionMap.SetDo(13, false)
2023-12-31 21:01:29,345 [AppLog] INFO : 压墨等待开启：{3.5S}
2023-12-31 21:01:32,845 [AppLog] INFO : 压墨等待完成：{3.5S}
2023-12-31 21:01:32,845 [AppLog] INFO : 准备读取编码器位置：X方向！
2023-12-31 21:01:32,850 [AppLog] INFO : 准备运动，当前位置：DEV_GetPrintEncoderValue：MoveDirectionFlag{false为Y方向：False}CurrentPos{780.37}AimPos{680}
2023-12-31 21:01:32,903 [AppLog] INFO : X方向运动开始：DEM_Run：返回值{True}nAxis{0}DirFlag{False}nSpeed{200000}MoveStep{-100370}nCtlValue{2}
2023-12-31 21:01:33,774 [AppLog] INFO : X方向到位停止：DEM_StopAxisRun：返回值{True}CurrentPos{684.22}bImmeStop{False}nAxisMask{1}
2023-12-31 21:01:34,327 [AppLog] INFO : 结束自动清洗过程：AutoCleanThread
2023-12-31 21:01:34,327 [AppLog] INFO : 进入：EquipmentMotionLogic3=》准备创建对象-手动操作！
2023-12-31 21:01:34,327 [AppLog] INFO : 进入：EquipmentMotionLogic3=》不需重新创建-手动操作！
2023-12-31 21:01:34,327 [AppLog] INFO : 进入：EquipmentMotionLogic3=》赋值完成自-AutoPrintMotion2！
2023-12-31 21:01:34,328 [AppLog] INFO : 进入：EquipmentMotionLogic3=》加载配置文件-LoadJsonFile成功！
2023-12-31 21:01:34,328 [AppLog] INFO : 进入：AutoPrintThread3！
2023-12-31 21:01:34,338 [AppLog] INFO : 关闭闪喷操作：IDP_FlashPrtCtl：返回值{True}
2023-12-31 21:01:34,338 [AppLog] INFO : 准备读取编码器位置：Y方向！
2023-12-31 21:01:34,345 [AppLog] INFO : 准备运动，编码器当前位置：DEM_GetAxisEncodeVal：MoveDirectionFlag{false为Y方向：True}CurrentPos{115.97}AimPos{91}
2023-12-31 21:01:34,519 [AppLog] INFO : Y方向运动开始：DEM_Run：返回值{True}nAxis{1}DirFlag{False}nSpeed{300000}MoveStep{-25017.21827}nCtlValue{1}
2023-12-31 21:01:34,569 [AppLog] INFO : 准备读取编码器位置：X方向！
2023-12-31 21:01:34,575 [AppLog] INFO : 准备运动，当前位置：DEV_GetPrintEncoderValue：MoveDirectionFlag{false为Y方向：False}CurrentPos{680.205}AimPos{425}
2023-12-31 21:01:34,603 [AppLog] INFO : X方向运动开始：DEM_Run：返回值{True}nAxis{0}DirFlag{False}nSpeed{300000}MoveStep{-255205}nCtlValue{2}
2023-12-31 21:01:36,021 [AppLog] INFO : X方向到位停止：DEM_StopAxisRun：返回值{True}CurrentPos{429.07}bImmeStop{False}nAxisMask{1}
2023-12-31 21:01:36,021 [AppLog] INFO : 准备读取编码器位置：X方向！
2023-12-31 21:01:36,028 [AppLog] INFO : 准备运动，当前位置：DEV_GetPrintEncoderValue：MoveDirectionFlag{false为Y方向：False}CurrentPos{428.675}AimPos{25}
2023-12-31 21:01:36,054 [AppLog] INFO : X方向运动开始：DEM_Run：返回值{True}nAxis{0}DirFlag{False}nSpeed{100000}MoveStep{-403675}nCtlValue{2}
2023-12-31 21:01:40,237 [AppLog] INFO : X方向到位停止：DEM_StopAxisRun：返回值{True}CurrentPos{26.11}bImmeStop{False}nAxisMask{1}
2023-12-31 21:01:40,237 [AppLog] INFO : 准备读取编码器位置：Y方向！
2023-12-31 21:01:40,240 [AppLog] INFO : 准备运动，编码器当前位置：DEM_GetAxisEncodeVal：MoveDirectionFlag{false为Y方向：True}CurrentPos{91.005}AimPos{101.021166666667}
2023-12-31 21:01:40,363 [AppLog] INFO : Y方向运动开始：DEM_Run：返回值{True}nAxis{1}DirFlag{True}nSpeed{100000}MoveStep{10035.1072378333}nCtlValue{1}
2023-12-31 21:01:40,429 [AppLog] INFO : Y方向到位停止：DEM_StopAxisRun：返回值{True}CurrentPos{98.02}bImmeStop{False}nAxisMask{2}
2023-12-31 21:01:40,429 [AppLog] INFO : 获取打印Pass数据：IDP_GetPassItem2：nLayerIndex{5}nPassID{1}nProcState{3}LPPassDataItemb:PrtDir{True}nDataTxCompleteCnt{1}nHwMemAdrMatchMask{1}nLayerIndex{5}nLayerPassCount{6}nLayerPassIndex{1}nMinJet0ImgLinePos{1635}nPrtMemHwAddr{System.UInt32[]}nPrtDataOffset{System.UInt32[]}nSrcDataSize{System.UInt32[]}nPrtColBytes{System.UInt32[]}nPrtPrecession{5.333}nSrcEndCols{12000}nSrcStartCols{0}nStartEncPos{10000}nValidPassJets{1280}nValidPrtCols{12464}nValidPrtCtlCnts{1}pDataBuf{0}pNextItem{821040512}
2023-12-31 21:01:40,438 [AppLog] INFO : 使能Pass打印成功：IDP_DoPassPrint2：nLayerIndex{5}nPassID{1}
2023-12-31 21:01:40,475 [AppLog] INFO : PASS打印前关键状态：DEV_GetDeviceInfo：nLayerIndex{5}nPassID{1}LPPRINTER_INFO:nXSysEncDPI{5080}nStatus{909129520}nPrintStatus{0}bSuperDevice{1}
LPPRINTER_INFO-LPPrtRunInfo:bJobPrtRuning{True}bLayerPrtIsOver{False}nContReqMemErr{0}nContWDErr{0}nCurPrtDir{0}nDTLayerIndex{11}nDTLayerPassIndex{5}nDTPtrCtlIndex{0}nLayerPassCount{6}nPrintLayerIndex{5}nPrintPassIndex{1}nProcLayerIndex{11}nPrtDataMemAddr{0}nPrtState{0}nReverse{System.Int32[]}nRevPrtCols{0}
LPPRINTER_INFO-LPDRVINFO:nFMVersion{45074}nFpgaVersion{539038216}nPCBVersion{0}nState{0}nNextState{0}nPtvwarnState{0}nCrc32{0}nRevInfo{System.UInt32[]}nSignature{0}
2023-12-31 21:01:40,475 [AppLog] INFO : 创建：AutoPrintMotion1=》不需重新创建-手动操作！
2023-12-31 21:01:40,476 [AppLog] INFO : 进入：EquipmentMotionLogic3=》准备创建对象-手动操作！
2023-12-31 21:01:40,476 [AppLog] INFO : 进入：EquipmentMotionLogic3=》不需重新创建-手动操作！
2023-12-31 21:01:40,476 [AppLog] INFO : 进入：EquipmentMotionLogic3=》赋值完成自-AutoPrintMotion2！
2023-12-31 21:01:40,476 [AppLog] INFO : 进入：EquipmentMotionLogic3=》加载配置文件-LoadJsonFile成功！
2023-12-31 21:01:40,477 [AppLog] INFO : 进入：AutoPrintThread3！
2023-12-31 21:01:40,477 [AppLog] INFO : 准备读取编码器位置：X方向！
2023-12-31 21:01:40,484 [AppLog] INFO : 准备运动，当前位置：DEV_GetPrintEncoderValue：MoveDirectionFlag{false为Y方向：False}CurrentPos{22.58}AimPos{425}
2023-12-31 21:01:40,515 [AppLog] INFO : X方向运动开始：DEM_Run：返回值{True}nAxis{0}DirFlag{True}nSpeed{100000}MoveStep{402420}nCtlValue{2}
2023-12-31 21:01:44,681 [AppLog] INFO : X方向到位停止：DEM_StopAxisRun：返回值{True}CurrentPos{419.14}bImmeStop{False}nAxisMask{1}
2023-12-31 21:01:44,681 [AppLog] INFO : 准备读取编码器位置：Y方向！
2023-12-31 21:01:44,684 [AppLog] INFO : 准备运动，编码器当前位置：DEM_GetAxisEncodeVal：MoveDirectionFlag{false为Y方向：True}CurrentPos{101.01}AimPos{145}
2023-12-31 21:01:45,179 [AppLog] INFO : Y方向运动开始：DEM_Run：返回值{True}nAxis{1}DirFlag{True}nSpeed{100000}MoveStep{44073.18509}nCtlValue{1}
2023-12-31 21:01:45,234 [AppLog] INFO : Y方向到位停止：DEM_StopAxisRun：返回值{True}CurrentPos{142.35}bImmeStop{False}nAxisMask{2}
2023-12-31 21:01:45,234 [AppLog] INFO : 获取打印Pass数据：IDP_GetPassItem2：nLayerIndex{5}nPassID{2}nProcState{3}LPPassDataItemb:PrtDir{False}nDataTxCompleteCnt{1}nHwMemAdrMatchMask{1}nLayerIndex{5}nLayerPassCount{6}nLayerPassIndex{2}nMinJet0ImgLinePos{2915}nPrtMemHwAddr{System.UInt32[]}nPrtDataOffset{System.UInt32[]}nSrcDataSize{System.UInt32[]}nPrtColBytes{System.UInt32[]}nPrtPrecession{5.333}nSrcEndCols{12000}nSrcStartCols{0}nStartEncPos{76505}nValidPassJets{1280}nValidPrtCols{12464}nValidPrtCtlCnts{1}pDataBuf{0}pNextItem{821040672}
2023-12-31 21:01:45,245 [AppLog] INFO : 使能Pass打印成功：IDP_DoPassPrint2：nLayerIndex{5}nPassID{2}
2023-12-31 21:01:45,248 [AppLog] INFO : PASS打印前关键状态：DEV_GetDeviceInfo：nLayerIndex{5}nPassID{2}LPPRINTER_INFO:nXSysEncDPI{5080}nStatus{909129520}nPrintStatus{0}bSuperDevice{1}
LPPRINTER_INFO-LPPrtRunInfo:bJobPrtRuning{True}bLayerPrtIsOver{False}nContReqMemErr{0}nContWDErr{0}nCurPrtDir{0}nDTLayerIndex{11}nDTLayerPassIndex{5}nDTPtrCtlIndex{0}nLayerPassCount{6}nPrintLayerIndex{5}nPrintPassIndex{2}nProcLayerIndex{11}nPrtDataMemAddr{0}nPrtState{0}nReverse{System.Int32[]}nRevPrtCols{0}
LPPRINTER_INFO-LPDRVINFO:nFMVersion{45074}nFpgaVersion{539038216}nPCBVersion{0}nState{0}nNextState{0}nPtvwarnState{0}nCrc32{0}nRevInfo{System.UInt32[]}nSignature{0}
2023-12-31 21:01:45,248 [AppLog] INFO : 创建：AutoPrintMotion1=》不需重新创建-手动操作！
2023-12-31 21:01:45,253 [AppLog] INFO : 进入：EquipmentMotionLogic3=》准备创建对象-手动操作！
2023-12-31 21:01:45,254 [AppLog] INFO : 进入：EquipmentMotionLogic3=》不需重新创建-手动操作！
2023-12-31 21:01:45,254 [AppLog] INFO : 进入：EquipmentMotionLogic3=》赋值完成自-AutoPrintMotion2！
2023-12-31 21:01:45,255 [AppLog] INFO : 进入：EquipmentMotionLogic3=》加载配置文件-LoadJsonFile成功！
2023-12-31 21:01:45,255 [AppLog] INFO : 进入：AutoPrintThread3！
2023-12-31 21:01:45,255 [AppLog] INFO : 准备读取编码器位置：X方向！
2023-12-31 21:01:45,256 [AppLog] INFO : 准备运动，当前位置：DEV_GetPrintEncoderValue：MoveDirectionFlag{false为Y方向：False}CurrentPos{423.205}AimPos{25}
2023-12-31 21:01:45,289 [AppLog] INFO : X方向运动开始：DEM_Run：返回值{True}nAxis{0}DirFlag{False}nSpeed{100000}MoveStep{-398205}nCtlValue{2}
2023-12-31 21:01:49,414 [AppLog] INFO : X方向到位停止：DEM_StopAxisRun：返回值{True}CurrentPos{30.575}bImmeStop{False}nAxisMask{1}
2023-12-31 21:01:49,414 [AppLog] INFO : 准备读取编码器位置：Y方向！
2023-12-31 21:01:49,415 [AppLog] INFO : 准备运动，编码器当前位置：DEM_GetAxisEncodeVal：MoveDirectionFlag{false为Y方向：True}CurrentPos{144.99}AimPos{155.021166666667}
2023-12-31 21:01:49,544 [AppLog] INFO : Y方向运动开始：DEM_Run：返回值{True}nAxis{1}DirFlag{True}nSpeed{100000}MoveStep{10050.1356028333}nCtlValue{1}
2023-12-31 21:01:49,599 [AppLog] INFO : Y方向到位停止：DEM_StopAxisRun：返回值{True}CurrentPos{151.83}bImmeStop{False}nAxisMask{2}
2023-12-31 21:01:49,599 [AppLog] INFO : 获取打印Pass数据：IDP_GetPassItem2：nLayerIndex{5}nPassID{3}nProcState{3}LPPassDataItemb:PrtDir{True}nDataTxCompleteCnt{1}nHwMemAdrMatchMask{1}nLayerIndex{5}nLayerPassCount{6}nLayerPassIndex{3}nMinJet0ImgLinePos{4195}nPrtMemHwAddr{System.UInt32[]}nPrtDataOffset{System.UInt32[]}nSrcDataSize{System.UInt32[]}nPrtColBytes{System.UInt32[]}nPrtPrecession{5.333}nSrcEndCols{12000}nSrcStartCols{0}nStartEncPos{10000}nValidPassJets{1280}nValidPrtCols{12464}nValidPrtCtlCnts{1}pDataBuf{0}pNextItem{821040832}
2023-12-31 21:01:49,609 [AppLog] INFO : 使能Pass打印成功：IDP_DoPassPrint2：nLayerIndex{5}nPassID{3}
2023-12-31 21:01:49,611 [AppLog] INFO : PASS打印前关键状态：DEV_GetDeviceInfo：nLayerIndex{5}nPassID{3}LPPRINTER_INFO:nXSysEncDPI{5080}nStatus{909129520}nPrintStatus{0}bSuperDevice{1}
LPPRINTER_INFO-LPPrtRunInfo:bJobPrtRuning{True}bLayerPrtIsOver{False}nContReqMemErr{0}nContWDErr{0}nCurPrtDir{0}nDTLayerIndex{11}nDTLayerPassIndex{5}nDTPtrCtlIndex{0}nLayerPassCount{6}nPrintLayerIndex{5}nPrintPassIndex{3}nProcLayerIndex{11}nPrtDataMemAddr{0}nPrtState{0}nReverse{System.Int32[]}nRevPrtCols{0}
LPPRINTER_INFO-LPDRVINFO:nFMVersion{45074}nFpgaVersion{539038216}nPCBVersion{0}nState{0}nNextState{0}nPtvwarnState{0}nCrc32{0}nRevInfo{System.UInt32[]}nSignature{0}
2023-12-31 21:01:49,611 [AppLog] INFO : 创建：AutoPrintMotion1=》不需重新创建-手动操作！
2023-12-31 21:01:49,612 [AppLog] INFO : 进入：EquipmentMotionLogic3=》准备创建对象-手动操作！
2023-12-31 21:01:49,612 [AppLog] INFO : 进入：EquipmentMotionLogic3=》不需重新创建-手动操作！
2023-12-31 21:01:49,612 [AppLog] INFO : 进入：EquipmentMotionLogic3=》赋值完成自-AutoPrintMotion2！
2023-12-31 21:01:49,613 [AppLog] INFO : 进入：EquipmentMotionLogic3=》加载配置文件-LoadJsonFile成功！
2023-12-31 21:01:49,613 [AppLog] INFO : 进入：AutoPrintThread3！
2023-12-31 21:01:49,613 [AppLog] INFO : 准备读取编码器位置：X方向！
2023-12-31 21:01:49,620 [AppLog] INFO : 准备运动，当前位置：DEV_GetPrintEncoderValue：MoveDirectionFlag{false为Y方向：False}CurrentPos{26.94}AimPos{425}
2023-12-31 21:01:49,673 [AppLog] INFO : X方向运动开始：DEM_Run：返回值{True}nAxis{0}DirFlag{True}nSpeed{100000}MoveStep{398060}nCtlValue{2}
2023-12-31 21:01:53,795 [AppLog] INFO : X方向到位停止：DEM_StopAxisRun：返回值{True}CurrentPos{418.875}bImmeStop{False}nAxisMask{1}
2023-12-31 21:01:53,795 [AppLog] INFO : 准备读取编码器位置：Y方向！
2023-12-31 21:01:53,799 [AppLog] INFO : 准备运动，编码器当前位置：DEM_GetAxisEncodeVal：MoveDirectionFlag{false为Y方向：True}CurrentPos{155.01}AimPos{199}
2023-12-31 21:01:54,293 [AppLog] INFO : Y方向运动开始：DEM_Run：返回值{True}nAxis{1}DirFlag{True}nSpeed{100000}MoveStep{44073.18509}nCtlValue{1}
2023-12-31 21:01:54,348 [AppLog] INFO : Y方向到位停止：DEM_StopAxisRun：返回值{True}CurrentPos{195.675}bImmeStop{False}nAxisMask{2}
2023-12-31 21:01:54,348 [AppLog] INFO : 获取打印Pass数据：IDP_GetPassItem2：nLayerIndex{5}nPassID{4}nProcState{3}LPPassDataItemb:PrtDir{False}nDataTxCompleteCnt{1}nHwMemAdrMatchMask{1}nLayerIndex{5}nLayerPassCount{6}nLayerPassIndex{4}nMinJet0ImgLinePos{5475}nPrtMemHwAddr{System.UInt32[]}nPrtDataOffset{System.UInt32[]}nSrcDataSize{System.UInt32[]}nPrtColBytes{System.UInt32[]}nPrtPrecession{5.333}nSrcEndCols{12000}nSrcStartCols{0}nStartEncPos{76505}nValidPassJets{1280}nValidPrtCols{12464}nValidPrtCtlCnts{1}pDataBuf{0}pNextItem{821040992}
2023-12-31 21:01:54,357 [AppLog] INFO : 使能Pass打印成功：IDP_DoPassPrint2：nLayerIndex{5}nPassID{4}
2023-12-31 21:01:54,366 [AppLog] INFO : PASS打印前关键状态：DEV_GetDeviceInfo：nLayerIndex{5}nPassID{4}LPPRINTER_INFO:nXSysEncDPI{5080}nStatus{909129520}nPrintStatus{0}bSuperDevice{1}
LPPRINTER_INFO-LPPrtRunInfo:bJobPrtRuning{True}bLayerPrtIsOver{False}nContReqMemErr{0}nContWDErr{0}nCurPrtDir{0}nDTLayerIndex{11}nDTLayerPassIndex{5}nDTPtrCtlIndex{0}nLayerPassCount{6}nPrintLayerIndex{5}nPrintPassIndex{4}nProcLayerIndex{11}nPrtDataMemAddr{0}nPrtState{0}nReverse{System.Int32[]}nRevPrtCols{0}
LPPRINTER_INFO-LPDRVINFO:nFMVersion{45074}nFpgaVersion{539038216}nPCBVersion{0}nState{0}nNextState{0}nPtvwarnState{0}nCrc32{0}nRevInfo{System.UInt32[]}nSignature{0}
2023-12-31 21:01:54,366 [AppLog] INFO : 创建：AutoPrintMotion1=》不需重新创建-手动操作！
2023-12-31 21:01:54,367 [AppLog] INFO : 进入：EquipmentMotionLogic3=》准备创建对象-手动操作！
2023-12-31 21:01:54,367 [AppLog] INFO : 进入：EquipmentMotionLogic3=》不需重新创建-手动操作！
2023-12-31 21:01:54,367 [AppLog] INFO : 进入：EquipmentMotionLogic3=》赋值完成自-AutoPrintMotion2！
2023-12-31 21:01:54,368 [AppLog] INFO : 进入：EquipmentMotionLogic3=》加载配置文件-LoadJsonFile成功！
2023-12-31 21:01:54,368 [AppLog] INFO : 进入：AutoPrintThread3！
2023-12-31 21:01:54,368 [AppLog] INFO : 准备读取编码器位置：X方向！
2023-12-31 21:01:54,371 [AppLog] INFO : 准备运动，当前位置：DEV_GetPrintEncoderValue：MoveDirectionFlag{false为Y方向：False}CurrentPos{423.065}AimPos{25}
2023-12-31 21:01:54,400 [AppLog] INFO : X方向运动开始：DEM_Run：返回值{True}nAxis{0}DirFlag{False}nSpeed{100000}MoveStep{-398065}nCtlValue{2}
2023-12-31 21:01:58,520 [AppLog] INFO : X方向到位停止：DEM_StopAxisRun：返回值{True}CurrentPos{30.735}bImmeStop{False}nAxisMask{1}
2023-12-31 21:01:58,520 [AppLog] INFO : 准备读取编码器位置：Y方向！
2023-12-31 21:01:58,521 [AppLog] INFO : 准备运动，编码器当前位置：DEM_GetAxisEncodeVal：MoveDirectionFlag{false为Y方向：True}CurrentPos{198.985}AimPos{209.021166666667}
2023-12-31 21:01:58,658 [AppLog] INFO : Y方向运动开始：DEM_Run：返回值{True}nAxis{1}DirFlag{True}nSpeed{100000}MoveStep{10055.1450578333}nCtlValue{1}
2023-12-31 21:01:58,731 [AppLog] INFO : Y方向到位停止：DEM_StopAxisRun：返回值{True}CurrentPos{207.175}bImmeStop{False}nAxisMask{2}
2023-12-31 21:01:58,731 [AppLog] INFO : 获取打印Pass数据：IDP_GetPassItem2：nLayerIndex{5}nPassID{5}nProcState{3}LPPassDataItemb:PrtDir{True}nDataTxCompleteCnt{1}nHwMemAdrMatchMask{1}nLayerIndex{5}nLayerPassCount{6}nLayerPassIndex{5}nMinJet0ImgLinePos{6755}nPrtMemHwAddr{System.UInt32[]}nPrtDataOffset{System.UInt32[]}nSrcDataSize{System.UInt32[]}nPrtColBytes{System.UInt32[]}nPrtPrecession{5.333}nSrcEndCols{12000}nSrcStartCols{0}nStartEncPos{10000}nValidPassJets{1280}nValidPrtCols{12464}nValidPrtCtlCnts{1}pDataBuf{0}pNextItem{0}
2023-12-31 21:01:58,743 [AppLog] INFO : 使能Pass打印成功：IDP_DoPassPrint2：nLayerIndex{5}nPassID{5}
2023-12-31 21:01:58,746 [AppLog] INFO : PASS打印前关键状态：DEV_GetDeviceInfo：nLayerIndex{5}nPassID{5}LPPRINTER_INFO:nXSysEncDPI{5080}nStatus{909129520}nPrintStatus{0}bSuperDevice{1}
LPPRINTER_INFO-LPPrtRunInfo:bJobPrtRuning{True}bLayerPrtIsOver{False}nContReqMemErr{0}nContWDErr{0}nCurPrtDir{0}nDTLayerIndex{11}nDTLayerPassIndex{5}nDTPtrCtlIndex{0}nLayerPassCount{6}nPrintLayerIndex{5}nPrintPassIndex{5}nProcLayerIndex{11}nPrtDataMemAddr{0}nPrtState{0}nReverse{System.Int32[]}nRevPrtCols{0}
LPPRINTER_INFO-LPDRVINFO:nFMVersion{45074}nFpgaVersion{539038216}nPCBVersion{0}nState{0}nNextState{0}nPtvwarnState{0}nCrc32{0}nRevInfo{System.UInt32[]}nSignature{0}
2023-12-31 21:01:58,746 [AppLog] INFO : 创建：AutoPrintMotion1=》不需重新创建-手动操作！
2023-12-31 21:01:58,747 [AppLog] INFO : 进入：EquipmentMotionLogic3=》准备创建对象-手动操作！
2023-12-31 21:01:58,747 [AppLog] INFO : 进入：EquipmentMotionLogic3=》不需重新创建-手动操作！
2023-12-31 21:01:58,747 [AppLog] INFO : 进入：EquipmentMotionLogic3=》赋值完成自-AutoPrintMotion2！
2023-12-31 21:01:58,747 [AppLog] INFO : 进入：EquipmentMotionLogic3=》加载配置文件-LoadJsonFile成功！
2023-12-31 21:01:58,748 [AppLog] INFO : 进入：AutoPrintThread3！
2023-12-31 21:01:58,748 [AppLog] INFO : 准备读取编码器位置：X方向！
2023-12-31 21:01:58,752 [AppLog] INFO : 准备运动，当前位置：DEV_GetPrintEncoderValue：MoveDirectionFlag{false为Y方向：False}CurrentPos{26.915}AimPos{425}
2023-12-31 21:01:58,783 [AppLog] INFO : X方向运动开始：DEM_Run：返回值{True}nAxis{0}DirFlag{True}nSpeed{100000}MoveStep{398085}nCtlValue{2}
2023-12-31 21:02:02,912 [AppLog] INFO : X方向到位停止：DEM_StopAxisRun：返回值{True}CurrentPos{419.155}bImmeStop{False}nAxisMask{1}
2023-12-31 21:02:02,912 [AppLog] INFO : 准备读取编码器位置：X方向！
2023-12-31 21:02:02,913 [AppLog] INFO : 准备运动，当前位置：DEV_GetPrintEncoderValue：MoveDirectionFlag{false为Y方向：False}CurrentPos{419.25}AimPos{780}
2023-12-31 21:02:02,932 [AppLog] INFO : X方向运动开始：DEM_Run：返回值{True}nAxis{0}DirFlag{True}nSpeed{300000}MoveStep{360750}nCtlValue{2}
2023-12-31 21:02:02,982 [AppLog] INFO : 准备读取编码器位置：Y方向！
2023-12-31 21:02:02,983 [AppLog] INFO : 准备运动，编码器当前位置：DEM_GetAxisEncodeVal：MoveDirectionFlag{false为Y方向：True}CurrentPos{209.025}AimPos{121}
2023-12-31 21:02:03,344 [AppLog] INFO : Y方向运动开始：DEM_Run：返回值{True}nAxis{1}DirFlag{False}nSpeed{300000}MoveStep{-88191.455275}nCtlValue{1}
2023-12-31 21:02:04,688 [AppLog] INFO : Y方向到位等停：DEM_StopAxisRun：返回值{True}bImmeStop{False}nAxisMask{1}
2023-12-31 21:02:04,696 [AppLog] INFO : X方向到位等停：DEM_StopAxisRun：返回值{True}bImmeStop{False}nAxisMask{2}
2023-12-31 21:02:04,716 [AppLog] INFO : 开启闪喷操作：IDP_FlashPrtCtl：返回值{True}
2023-12-31 21:02:04,716 [AppLog] INFO : 进入：EquipmentMotionLogic3=》准备创建对象-手动操作！
2023-12-31 21:02:04,717 [AppLog] INFO : 进入：EquipmentMotionLogic3=》不需重新创建-手动操作！
2023-12-31 21:02:04,717 [AppLog] INFO : 进入：EquipmentMotionLogic3=》赋值完成自-AutoPrintMotion2！
2023-12-31 21:02:04,717 [AppLog] INFO : 进入：EquipmentMotionLogic3=》加载配置文件-LoadJsonFile成功！
2023-12-31 21:02:04,717 [AppLog] INFO : 进入自动铺粉逻辑：NewAutoSupplyPowderThread2
2023-12-31 21:02:04,718 [AppLog] INFO : 电气控制模块：手动打开端口14
2023-12-31 21:02:04,718 [AppLog] INFO : 电气控制模块：手动打开端口15
2023-12-31 21:02:04,794 [AppLog] INFO : 手动正向点动指令（8轴运控板卡系统） ====》：输出AXIS{第1轴},点动量{-0.1MM},运动速度{2MM/s}
2023-12-31 21:02:04,794 [AppLog] INFO : 成形面高度下降层厚 TrapSpace{0.1mm}：TrapMoveUp(1, true, Convert.ToString(vel), Convert.ToString(TrapSpace), true, true）
2023-12-31 21:02:05,569 [AppLog] INFO : 手动正向点动指令（8轴运控板卡系统） ====》：输出AXIS{第1轴},点动量{-1.5MM},运动速度{2MM/s}
2023-12-31 21:02:05,570 [AppLog] INFO : 成形面高度下降指定厚度 TrapSpace{1.5mm}：TrapMoveUp(1, true, Convert.ToString(vel), Convert.ToString(TrapSpace), true, true）
2023-12-31 21:02:05,570 [AppLog] INFO : 电气控制模块：手动关闭端口15
2023-12-31 21:02:05,570 [AppLog] INFO : 电气控制模块：手动关闭端口14
2023-12-31 21:02:05,819 [AppLog] INFO : 手动正向点动指令（8轴运控板卡系统） ====》：输出AXIS{第8轴},点动量{0.6MM},运动速度{2.5MM/s}
2023-12-31 21:02:05,819 [AppLog] INFO : Hopper落粉轴转2圈落粉，速度0.5rev/s：TrapMoveUp(8, true, 0.5, rotateNuM.ToString(), true, false)
2023-12-31 21:02:06,819 [AppLog] INFO : 开启铺粉车不等停运动，准备运动至准备打印位置215mm，速度250mm/s：BackToStation2
2023-12-31 21:02:07,687 [AppLog] INFO : 手动正向点动指令（8轴运控板卡系统） ====》：输出AXIS{第2轴},点动量{216.5MM},运动速度{250MM/s}
2023-12-31 21:02:07,688 [AppLog] INFO : 当前铺粉车位置：打印位置215mm
2023-12-31 21:02:07,689 [AppLog] INFO : 手动正向点动指令（8轴运控板卡系统） ====》：输出AXIS{第2轴},点动量{480MM},运动速度{20MM/s}
2023-12-31 21:02:07,689 [AppLog] INFO : 开启铺粉车不等停运动至准备打印位置695mm，速度20mm/s：BackToStation2
2023-12-31 21:02:07,800 [AppLog] INFO : 打开IR灯：OpenIRLamp(true)
2023-12-31 21:02:08,020 [AppLog] INFO : IR固化手动出光模式：WriteSingleRegister：SlaveNumber{1}RegisterAddress{132}RegisterValue{1}
2023-12-31 21:02:08,080 [AppLog] INFO : IR固化停止出光成功：WriteSingleRegister：SlaveNumber{1}RegisterAddress{121}目标温度{0 ℃}
2023-12-31 21:02:12,289 [AppLog] INFO : IR固化手动出光模式：WriteSingleRegister：SlaveNumber{1}RegisterAddress{132}RegisterValue{1}
2023-12-31 21:02:12,349 [AppLog] INFO : IR固化更新功率为设定值：WriteSingleRegister：SlaveNumber{1}RegisterAddress{121}目标温度{100℃}
2023-12-31 21:02:16,357 [AppLog] INFO : IR固化手动出光模式：WriteSingleRegister：SlaveNumber{1}RegisterAddress{132}RegisterValue{1}
2023-12-31 21:02:16,417 [AppLog] INFO : IR固化停止出光成功：WriteSingleRegister：SlaveNumber{1}RegisterAddress{121}目标温度{0 ℃}
2023-12-31 21:02:22,551 [AppLog] INFO : 关闭IR灯：OpenIRLamp(false)
2023-12-31 21:02:31,691 [AppLog] INFO : 开启铺粉车不等停运动至准备打印位置215mm，速度250mm/s：BackToStation2
2023-12-31 21:02:33,614 [AppLog] INFO : 手动正向点动指令（8轴运控板卡系统） ====》：输出AXIS{第2轴},点动量{-480MM},运动速度{250MM/s}
2023-12-31 21:02:33,615 [AppLog] INFO : 当前铺粉车位置：打印位置215mm
2023-12-31 21:02:33,615 [AppLog] INFO : 电气控制模块：手动打开端口14
2023-12-31 21:02:33,615 [AppLog] INFO : 电气控制模块：手动打开端口15
2023-12-31 21:02:34,391 [AppLog] INFO : 手动正向点动指令（8轴运控板卡系统） ====》：输出AXIS{第1轴},点动量{1.5MM},运动速度{2MM/s}
2023-12-31 21:02:34,391 [AppLog] INFO : 电气控制模块：手动关闭端口15
2023-12-31 21:02:34,391 [AppLog] INFO : 电气控制模块：手动关闭端口14
2023-12-31 21:02:34,392 [AppLog] INFO : 成形面高度上升层厚 TrapSpace{1.5mm}：TrapMoveUp(1, true, Convert.ToString(vel), Convert.ToString(TrapSpace), true, true）
2023-12-31 21:02:34,392 [AppLog] INFO : 开启铺粉车不等停运动，准备运动至准备打印位置215mm，速度250mm/s：BackToStation2
2023-12-31 21:02:34,393 [AppLog] INFO : 手动正向点动指令（8轴运控板卡系统） ====》：输出AXIS{第2轴},点动量{0MM},运动速度{250MM/s}
2023-12-31 21:02:34,394 [AppLog] INFO : 当前铺粉车位置：打印位置215mm
2023-12-31 21:02:34,395 [AppLog] INFO : 手动正向点动指令（8轴运控板卡系统） ====》：输出AXIS{第2轴},点动量{480MM},运动速度{50MM/s}
2023-12-31 21:02:34,395 [AppLog] INFO : 开启铺粉车不等停运动至准备打印位置695mm，速度50mm/s：BackToStation2
2023-12-31 21:02:34,528 [AppLog] INFO : 手动正向点动指令（8轴运控板卡系统） ====》：输出AXIS{第3轴},点动量{0.125MM},运动速度{1MM/s}
2023-12-31 21:02:34,528 [AppLog] INFO : 在{40mm}处，落粉轴运动{45度}，落粉轴转速{1rev/s}：TrapMoveUp(3, true, Convert.ToString(DispenseRollerSpeed), 0.5, true, true)
2023-12-31 21:02:34,529 [AppLog] INFO : 手动正向点动指令（8轴运控板卡系统） ====》：输出AXIS{第3轴},点动量{0.5MM},运动速度{0.0753424657534247MM/s}
2023-12-31 21:02:34,530 [AppLog] INFO : 开启均匀落粉及辊子铺平运动：TrapMoveUp(3, true, Convert.ToString(DispenseRollerSpeed), 0.5, true, true)
2023-12-31 21:02:42,761 [AppLog] INFO : 手动正向点动指令（8轴运控板卡系统） ====》：输出AXIS{第3轴},点动量{0.5MM},运动速度{2MM/s}
2023-12-31 21:02:42,761 [AppLog] INFO : 落粉轴继续转动以倒掉余粉：TrapMoveUp(3, true, 2, 0.5, true, false)
2023-12-31 21:02:43,999 [AppLog] INFO : 电气控制模块：手动打开端口14
2023-12-31 21:02:44,000 [AppLog] INFO : 电气控制模块：手动打开端口15
2023-12-31 21:02:44,775 [AppLog] INFO : 手动正向点动指令（8轴运控板卡系统） ====》：输出AXIS{第1轴},点动量{-1.5MM},运动速度{2MM/s}
2023-12-31 21:02:44,776 [AppLog] INFO : 电气控制模块：手动关闭端口15
2023-12-31 21:02:44,776 [AppLog] INFO : 电气控制模块：手动关闭端口14
2023-12-31 21:02:44,776 [AppLog] INFO : 成形面高度下降指定厚度 TrapSpace{1.5mm}：TrapMoveUp(1, true, Convert.ToString(vel), Convert.ToString(TrapSpace), true, true）
2023-12-31 21:02:47,565 [AppLog] INFO : 手动正向点动指令（8轴运控板卡系统） ====》：输出AXIS{第2轴},点动量{-696.5MM},运动速度{250MM/s}
2023-12-31 21:02:47,566 [AppLog] INFO : 铺粉车返回至站1：BackToStation2(AimPos, MovSpeed, true)：-1.5mm，速度250mm/s：BackToStation2
2023-12-31 21:02:48,317 [AppLog] INFO : 落粉轴回零成功：motionMap.SetBackSpreaderAxis(3, 0.5, 2, -SinkPosition)：ReturnCode{True}
2023-12-31 21:02:48,317 [AppLog] INFO : 电气控制模块：手动打开端口14
2023-12-31 21:02:48,317 [AppLog] INFO : 电气控制模块：手动打开端口15
2023-12-31 21:02:49,093 [AppLog] INFO : 手动正向点动指令（8轴运控板卡系统） ====》：输出AXIS{第1轴},点动量{1.5MM},运动速度{2MM/s}
2023-12-31 21:02:49,093 [AppLog] INFO : 电气控制模块：手动关闭端口15
2023-12-31 21:02:49,093 [AppLog] INFO : 电气控制模块：手动关闭端口14
2023-12-31 21:02:49,094 [AppLog] INFO : 成形面高度上升层厚 TrapSpace{1.5mm}：TrapMoveUp(1, true, Convert.ToString(vel), Convert.ToString(TrapSpace), true, true）
2023-12-31 21:02:49,094 [AppLog] INFO : 自动铺粉正常结束：NewAutoSupplyPowderThread2
2023-12-31 21:02:49,094 [AppLog] INFO : 发送监控指令，拍照记录1条：SendMessageFromSharedMemory
2023-12-31 21:02:49,094 [AppLog] INFO : 铺粉模式：固化结束再开启铺粉！
2023-12-31 21:02:49,095 [AppLog] INFO : 执行完成铺粉固化操作：EquipmentMotionLogic3：m_bApplyPowderSupplyMotion:0
2023-12-31 21:02:49,095 [AppLog] INFO : 接收到恢复打印指令：PrintTaskTHREAD
2023-12-31 21:02:49,095 [AppLog] INFO : 获取打印Pass数据：IDP_GetPassItem2：nLayerIndex{6}nPassID{0}nProcState{3}LPPassDataItemb:PrtDir{False}nDataTxCompleteCnt{1}nHwMemAdrMatchMask{1}nLayerIndex{6}nLayerPassCount{6}nLayerPassIndex{0}nMinJet0ImgLinePos{355}nPrtMemHwAddr{System.UInt32[]}nPrtDataOffset{System.UInt32[]}nSrcDataSize{System.UInt32[]}nPrtColBytes{System.UInt32[]}nPrtPrecession{5.333}nSrcEndCols{12000}nSrcStartCols{0}nStartEncPos{76505}nValidPassJets{1280}nValidPrtCols{12464}nValidPrtCtlCnts{1}pDataBuf{0}pNextItem{821041312}
2023-12-31 21:02:49,105 [AppLog] INFO : 使能Pass打印成功：IDP_DoPassPrint2：nLayerIndex{6}nPassID{0}
2023-12-31 21:02:49,117 [AppLog] INFO : PASS打印前关键状态：DEV_GetDeviceInfo：nLayerIndex{6}nPassID{0}LPPRINTER_INFO:nXSysEncDPI{5080}nStatus{909129520}nPrintStatus{0}bSuperDevice{1}
LPPRINTER_INFO-LPPrtRunInfo:bJobPrtRuning{True}bLayerPrtIsOver{False}nContReqMemErr{0}nContWDErr{0}nCurPrtDir{0}nDTLayerIndex{11}nDTLayerPassIndex{5}nDTPtrCtlIndex{0}nLayerPassCount{6}nPrintLayerIndex{6}nPrintPassIndex{0}nProcLayerIndex{11}nPrtDataMemAddr{0}nPrtState{0}nReverse{System.Int32[]}nRevPrtCols{0}
LPPRINTER_INFO-LPDRVINFO:nFMVersion{45074}nFpgaVersion{539038216}nPCBVersion{0}nState{0}nNextState{0}nPtvwarnState{0}nCrc32{0}nRevInfo{System.UInt32[]}nSignature{0}
2023-12-31 21:02:49,117 [AppLog] INFO : 创建：AutoPrintMotion1=》不需重新创建-手动操作！
2023-12-31 21:02:49,118 [AppLog] INFO : 进入：EquipmentMotionLogic3=》准备创建对象-手动操作！
2023-12-31 21:02:49,118 [AppLog] INFO : 进入：EquipmentMotionLogic3=》不需重新创建-手动操作！
2023-12-31 21:02:49,119 [AppLog] INFO : 进入：EquipmentMotionLogic3=》赋值完成自-AutoPrintMotion2！
2023-12-31 21:02:49,119 [AppLog] INFO : 进入：EquipmentMotionLogic3=》加载配置文件-LoadJsonFile成功！
2023-12-31 21:02:49,119 [AppLog] INFO : 进入自动清洗过程：AutoCleanThread
2023-12-31 21:02:49,463 [AppLog] INFO : 刮墨轴回零成功：motionMap.SetBackSpreaderAxis(4, 1, 2, -SinkHomePosition)
2023-12-31 21:02:49,463 [AppLog] INFO : 准备读取编码器位置：Y方向！
2023-12-31 21:02:49,466 [AppLog] INFO : 准备运动，编码器当前位置：DEM_GetAxisEncodeVal：MoveDirectionFlag{false为Y方向：True}CurrentPos{121.07}AimPos{116}
2023-12-31 21:02:49,592 [AppLog] INFO : Y方向运动开始：DEM_Run：返回值{True}nAxis{1}DirFlag{False}nSpeed{300000}MoveStep{-5079.58737000001}nCtlValue{1}
2023-12-31 21:02:49,649 [AppLog] INFO : Y方向到位停止：DEM_StopAxisRun：返回值{True}CurrentPos{116.795}bImmeStop{False}nAxisMask{2}
2023-12-31 21:02:49,649 [AppLog] INFO : 准备读取编码器位置：X方向！
2023-12-31 21:02:49,652 [AppLog] INFO : 准备运动，当前位置：DEV_GetPrintEncoderValue：MoveDirectionFlag{false为Y方向：False}CurrentPos{783.795}AimPos{780}
2023-12-31 21:02:49,686 [AppLog] INFO : X方向运动开始：DEM_Run：返回值{True}nAxis{0}DirFlag{False}nSpeed{300000}MoveStep{-3795.00000000007}nCtlValue{2}
2023-12-31 21:02:49,847 [AppLog] INFO : X方向到位停止：DEM_StopAxisRun：返回值{True}CurrentPos{783.09}bImmeStop{False}nAxisMask{1}
2023-12-31 21:02:51,055 [AppLog] INFO : 开启压墨： motionMap.SetDo(13, true)
2023-12-31 21:02:52,355 [AppLog] INFO : 关闭压墨： motionMap.SetDo(13, false)
2023-12-31 21:02:52,355 [AppLog] INFO : 压墨等待开启：{3.5S}
2023-12-31 21:02:55,858 [AppLog] INFO : 压墨等待完成：{3.5S}
2023-12-31 21:02:55,858 [AppLog] INFO : 准备读取编码器位置：X方向！
2023-12-31 21:02:55,877 [AppLog] INFO : 准备运动，当前位置：DEV_GetPrintEncoderValue：MoveDirectionFlag{false为Y方向：False}CurrentPos{780.375}AimPos{680}
2023-12-31 21:02:55,910 [AppLog] INFO : X方向运动开始：DEM_Run：返回值{True}nAxis{0}DirFlag{False}nSpeed{200000}MoveStep{-100375}nCtlValue{2}
2023-12-31 21:02:56,773 [AppLog] INFO : X方向到位停止：DEM_StopAxisRun：返回值{True}CurrentPos{684.295}bImmeStop{False}nAxisMask{1}
2023-12-31 21:02:57,325 [AppLog] INFO : 结束自动清洗过程：AutoCleanThread
2023-12-31 21:02:57,325 [AppLog] INFO : 进入：EquipmentMotionLogic3=》准备创建对象-手动操作！
2023-12-31 21:02:57,325 [AppLog] INFO : 进入：EquipmentMotionLogic3=》不需重新创建-手动操作！
2023-12-31 21:02:57,326 [AppLog] INFO : 进入：EquipmentMotionLogic3=》赋值完成自-AutoPrintMotion2！
2023-12-31 21:02:57,326 [AppLog] INFO : 进入：EquipmentMotionLogic3=》加载配置文件-LoadJsonFile成功！
2023-12-31 21:02:57,326 [AppLog] INFO : 进入：AutoPrintThread3！
2023-12-31 21:02:57,348 [AppLog] INFO : 关闭闪喷操作：IDP_FlashPrtCtl：返回值{True}
2023-12-31 21:02:57,348 [AppLog] INFO : 准备读取编码器位置：Y方向！
2023-12-31 21:02:57,355 [AppLog] INFO : 准备运动，编码器当前位置：DEM_GetAxisEncodeVal：MoveDirectionFlag{false为Y方向：True}CurrentPos{115.965}AimPos{93.5}
2023-12-31 21:02:57,509 [AppLog] INFO : Y方向运动开始：DEM_Run：返回值{True}nAxis{1}DirFlag{False}nSpeed{300000}MoveStep{-22507.481315}nCtlValue{1}
2023-12-31 21:02:57,559 [AppLog] INFO : 准备读取编码器位置：X方向！
2023-12-31 21:02:57,561 [AppLog] INFO : 准备运动，当前位置：DEV_GetPrintEncoderValue：MoveDirectionFlag{false为Y方向：False}CurrentPos{680.185}AimPos{425}
2023-12-31 21:02:57,596 [AppLog] INFO : X方向运动开始：DEM_Run：返回值{True}nAxis{0}DirFlag{False}nSpeed{300000}MoveStep{-255185}nCtlValue{2}
2023-12-31 21:02:59,003 [AppLog] INFO : X方向到位停止：DEM_StopAxisRun：返回值{True}CurrentPos{429.335}bImmeStop{False}nAxisMask{1}
2023-12-31 21:02:59,003 [AppLog] INFO : 准备读取编码器位置：X方向！
2023-12-31 21:02:59,010 [AppLog] INFO : 准备运动，当前位置：DEV_GetPrintEncoderValue：MoveDirectionFlag{false为Y方向：False}CurrentPos{428.93}AimPos{25}
2023-12-31 21:02:59,031 [AppLog] INFO : X方向运动开始：DEM_Run：返回值{True}nAxis{0}DirFlag{False}nSpeed{100000}MoveStep{-403930}nCtlValue{2}
2023-12-31 21:03:03,213 [AppLog] INFO : X方向到位停止：DEM_StopAxisRun：返回值{True}CurrentPos{25.95}bImmeStop{False}nAxisMask{1}
2023-12-31 21:03:03,213 [AppLog] INFO : 准备读取编码器位置：Y方向！
2023-12-31 21:03:03,214 [AppLog] INFO : 准备运动，编码器当前位置：DEM_GetAxisEncodeVal：MoveDirectionFlag{false为Y方向：True}CurrentPos{93.51}AimPos{98.5211666666667}
2023-12-31 21:03:03,329 [AppLog] INFO : Y方向运动开始：DEM_Run：返回值{True}nAxis{1}DirFlag{True}nSpeed{100000}MoveStep{5020.64278283333}nCtlValue{1}
2023-12-31 21:03:03,387 [AppLog] INFO : Y方向到位停止：DEM_StopAxisRun：返回值{True}CurrentPos{97.455}bImmeStop{False}nAxisMask{2}
2023-12-31 21:03:03,387 [AppLog] INFO : 获取打印Pass数据：IDP_GetPassItem2：nLayerIndex{6}nPassID{1}nProcState{3}LPPassDataItemb:PrtDir{True}nDataTxCompleteCnt{1}nHwMemAdrMatchMask{1}nLayerIndex{6}nLayerPassCount{6}nLayerPassIndex{1}nMinJet0ImgLinePos{1635}nPrtMemHwAddr{System.UInt32[]}nPrtDataOffset{System.UInt32[]}nSrcDataSize{System.UInt32[]}nPrtColBytes{System.UInt32[]}nPrtPrecession{5.333}nSrcEndCols{12000}nSrcStartCols{0}nStartEncPos{10000}nValidPassJets{1280}nValidPrtCols{12464}nValidPrtCtlCnts{1}pDataBuf{0}pNextItem{821041472}
2023-12-31 21:03:03,398 [AppLog] INFO : 使能Pass打印成功：IDP_DoPassPrint2：nLayerIndex{6}nPassID{1}
2023-12-31 21:03:03,402 [AppLog] INFO : PASS打印前关键状态：DEV_GetDeviceInfo：nLayerIndex{6}nPassID{1}LPPRINTER_INFO:nXSysEncDPI{5080}nStatus{909129520}nPrintStatus{0}bSuperDevice{1}
LPPRINTER_INFO-LPPrtRunInfo:bJobPrtRuning{True}bLayerPrtIsOver{False}nContReqMemErr{0}nContWDErr{0}nCurPrtDir{0}nDTLayerIndex{11}nDTLayerPassIndex{5}nDTPtrCtlIndex{0}nLayerPassCount{6}nPrintLayerIndex{6}nPrintPassIndex{1}nProcLayerIndex{11}nPrtDataMemAddr{0}nPrtState{0}nReverse{System.Int32[]}nRevPrtCols{0}
LPPRINTER_INFO-LPDRVINFO:nFMVersion{45074}nFpgaVersion{539038216}nPCBVersion{0}nState{0}nNextState{0}nPtvwarnState{0}nCrc32{0}nRevInfo{System.UInt32[]}nSignature{0}
2023-12-31 21:03:03,402 [AppLog] INFO : 创建：AutoPrintMotion1=》不需重新创建-手动操作！
2023-12-31 21:03:03,403 [AppLog] INFO : 进入：EquipmentMotionLogic3=》准备创建对象-手动操作！
2023-12-31 21:03:03,403 [AppLog] INFO : 进入：EquipmentMotionLogic3=》不需重新创建-手动操作！
2023-12-31 21:03:03,403 [AppLog] INFO : 进入：EquipmentMotionLogic3=》赋值完成自-AutoPrintMotion2！
2023-12-31 21:03:03,403 [AppLog] INFO : 进入：EquipmentMotionLogic3=》加载配置文件-LoadJsonFile成功！
2023-12-31 21:03:03,404 [AppLog] INFO : 进入：AutoPrintThread3！
2023-12-31 21:03:03,404 [AppLog] INFO : 准备读取编码器位置：X方向！
2023-12-31 21:03:03,409 [AppLog] INFO : 准备运动，当前位置：DEV_GetPrintEncoderValue：MoveDirectionFlag{false为Y方向：False}CurrentPos{22.315}AimPos{425}
2023-12-31 21:03:03,430 [AppLog] INFO : X方向运动开始：DEM_Run：返回值{True}nAxis{0}DirFlag{True}nSpeed{100000}MoveStep{402685}nCtlValue{2}
2023-12-31 21:03:07,601 [AppLog] INFO : X方向到位停止：DEM_StopAxisRun：返回值{True}CurrentPos{419.355}bImmeStop{False}nAxisMask{1}
2023-12-31 21:03:07,601 [AppLog] INFO : 准备读取编码器位置：Y方向！
2023-12-31 21:03:07,604 [AppLog] INFO : 准备运动，编码器当前位置：DEM_GetAxisEncodeVal：MoveDirectionFlag{false为Y方向：True}CurrentPos{98.505}AimPos{147.5}
2023-12-31 21:03:08,121 [AppLog] INFO : Y方向运动开始：DEM_Run：返回值{True}nAxis{1}DirFlag{True}nSpeed{100000}MoveStep{49087.649545}nCtlValue{1}
2023-12-31 21:03:08,175 [AppLog] INFO : Y方向到位停止：DEM_StopAxisRun：返回值{True}CurrentPos{144.17}bImmeStop{False}nAxisMask{2}
2023-12-31 21:03:08,176 [AppLog] INFO : 获取打印Pass数据：IDP_GetPassItem2：nLayerIndex{6}nPassID{2}nProcState{3}LPPassDataItemb:PrtDir{False}nDataTxCompleteCnt{1}nHwMemAdrMatchMask{1}nLayerIndex{6}nLayerPassCount{6}nLayerPassIndex{2}nMinJet0ImgLinePos{2915}nPrtMemHwAddr{System.UInt32[]}nPrtDataOffset{System.UInt32[]}nSrcDataSize{System.UInt32[]}nPrtColBytes{System.UInt32[]}nPrtPrecession{5.333}nSrcEndCols{12000}nSrcStartCols{0}nStartEncPos{76505}nValidPassJets{1280}nValidPrtCols{12464}nValidPrtCtlCnts{1}pDataBuf{0}pNextItem{821041632}
2023-12-31 21:03:08,185 [AppLog] INFO : 使能Pass打印成功：IDP_DoPassPrint2：nLayerIndex{6}nPassID{2}
2023-12-31 21:03:08,217 [AppLog] INFO : PASS打印前关键状态：DEV_GetDeviceInfo：nLayerIndex{6}nPassID{2}LPPRINTER_INFO:nXSysEncDPI{5080}nStatus{909129520}nPrintStatus{0}bSuperDevice{1}
LPPRINTER_INFO-LPPrtRunInfo:bJobPrtRuning{True}bLayerPrtIsOver{False}nContReqMemErr{0}nContWDErr{0}nCurPrtDir{0}nDTLayerIndex{11}nDTLayerPassIndex{5}nDTPtrCtlIndex{0}nLayerPassCount{6}nPrintLayerIndex{6}nPrintPassIndex{2}nProcLayerIndex{11}nPrtDataMemAddr{0}nPrtState{0}nReverse{System.Int32[]}nRevPrtCols{0}
LPPRINTER_INFO-LPDRVINFO:nFMVersion{45074}nFpgaVersion{539038216}nPCBVersion{0}nState{0}nNextState{0}nPtvwarnState{0}nCrc32{0}nRevInfo{System.UInt32[]}nSignature{0}
2023-12-31 21:03:08,218 [AppLog] INFO : 创建：AutoPrintMotion1=》不需重新创建-手动操作！
2023-12-31 21:03:08,218 [AppLog] INFO : 进入：EquipmentMotionLogic3=》准备创建对象-手动操作！
2023-12-31 21:03:08,218 [AppLog] INFO : 进入：EquipmentMotionLogic3=》不需重新创建-手动操作！
2023-12-31 21:03:08,219 [AppLog] INFO : 进入：EquipmentMotionLogic3=》赋值完成自-AutoPrintMotion2！
2023-12-31 21:03:08,219 [AppLog] INFO : 进入：EquipmentMotionLogic3=》加载配置文件-LoadJsonFile成功！
2023-12-31 21:03:08,220 [AppLog] INFO : 进入：AutoPrintThread3！
2023-12-31 21:03:08,220 [AppLog] INFO : 准备读取编码器位置：X方向！
2023-12-31 21:03:08,222 [AppLog] INFO : 准备运动，当前位置：DEV_GetPrintEncoderValue：MoveDirectionFlag{false为Y方向：False}CurrentPos{423.235}AimPos{25}
2023-12-31 21:03:08,250 [AppLog] INFO : X方向运动开始：DEM_Run：返回值{True}nAxis{0}DirFlag{False}nSpeed{100000}MoveStep{-398235}nCtlValue{2}
2023-12-31 21:03:12,399 [AppLog] INFO : X方向到位停止：DEM_StopAxisRun：返回值{True}CurrentPos{29.17}bImmeStop{False}nAxisMask{1}
2023-12-31 21:03:12,400 [AppLog] INFO : 准备读取编码器位置：Y方向！
2023-12-31 21:03:12,402 [AppLog] INFO : 准备运动，编码器当前位置：DEM_GetAxisEncodeVal：MoveDirectionFlag{false为Y方向：True}CurrentPos{147.485}AimPos{152.521166666667}
2023-12-31 21:03:12,533 [AppLog] INFO : Y方向运动开始：DEM_Run：返回值{True}nAxis{1}DirFlag{True}nSpeed{100000}MoveStep{5045.69005783331}nCtlValue{1}
2023-12-31 21:03:12,588 [AppLog] INFO : Y方向到位停止：DEM_StopAxisRun：返回值{True}CurrentPos{151.82}bImmeStop{False}nAxisMask{2}
2023-12-31 21:03:12,588 [AppLog] INFO : 获取打印Pass数据：IDP_GetPassItem2：nLayerIndex{6}nPassID{3}nProcState{3}LPPassDataItemb:PrtDir{True}nDataTxCompleteCnt{1}nHwMemAdrMatchMask{1}nLayerIndex{6}nLayerPassCount{6}nLayerPassIndex{3}nMinJet0ImgLinePos{4195}nPrtMemHwAddr{System.UInt32[]}nPrtDataOffset{System.UInt32[]}nSrcDataSize{System.UInt32[]}nPrtColBytes{System.UInt32[]}nPrtPrecession{5.333}nSrcEndCols{12000}nSrcStartCols{0}nStartEncPos{10000}nValidPassJets{1280}nValidPrtCols{12464}nValidPrtCtlCnts{1}pDataBuf{0}pNextItem{821041792}
2023-12-31 21:03:12,600 [AppLog] INFO : 使能Pass打印成功：IDP_DoPassPrint2：nLayerIndex{6}nPassID{3}
2023-12-31 21:03:12,609 [AppLog] INFO : PASS打印前关键状态：DEV_GetDeviceInfo：nLayerIndex{6}nPassID{3}LPPRINTER_INFO:nXSysEncDPI{5080}nStatus{909129520}nPrintStatus{0}bSuperDevice{1}
LPPRINTER_INFO-LPPrtRunInfo:bJobPrtRuning{True}bLayerPrtIsOver{False}nContReqMemErr{0}nContWDErr{0}nCurPrtDir{0}nDTLayerIndex{11}nDTLayerPassIndex{5}nDTPtrCtlIndex{0}nLayerPassCount{6}nPrintLayerIndex{6}nPrintPassIndex{3}nProcLayerIndex{11}nPrtDataMemAddr{0}nPrtState{0}nReverse{System.Int32[]}nRevPrtCols{0}
LPPRINTER_INFO-LPDRVINFO:nFMVersion{45074}nFpgaVersion{539038216}nPCBVersion{0}nState{0}nNextState{0}nPtvwarnState{0}nCrc32{0}nRevInfo{System.UInt32[]}nSignature{0}
2023-12-31 21:03:12,609 [AppLog] INFO : 创建：AutoPrintMotion1=》不需重新创建-手动操作！
2023-12-31 21:03:12,609 [AppLog] INFO : 进入：EquipmentMotionLogic3=》准备创建对象-手动操作！
2023-12-31 21:03:12,610 [AppLog] INFO : 进入：EquipmentMotionLogic3=》不需重新创建-手动操作！
2023-12-31 21:03:12,610 [AppLog] INFO : 进入：EquipmentMotionLogic3=》赋值完成自-AutoPrintMotion2！
2023-12-31 21:03:12,610 [AppLog] INFO : 进入：EquipmentMotionLogic3=》加载配置文件-LoadJsonFile成功！
2023-12-31 21:03:12,610 [AppLog] INFO : 进入：AutoPrintThread3！
2023-12-31 21:03:12,611 [AppLog] INFO : 准备读取编码器位置：X方向！
2023-12-31 21:03:12,616 [AppLog] INFO : 准备运动，当前位置：DEV_GetPrintEncoderValue：MoveDirectionFlag{false为Y方向：False}CurrentPos{26.895}AimPos{425}
2023-12-31 21:03:12,649 [AppLog] INFO : X方向运动开始：DEM_Run：返回值{True}nAxis{0}DirFlag{True}nSpeed{100000}MoveStep{398105}nCtlValue{2}
2023-12-31 21:03:16,772 [AppLog] INFO : X方向到位停止：DEM_StopAxisRun：返回值{True}CurrentPos{418.99}bImmeStop{False}nAxisMask{1}
2023-12-31 21:03:16,772 [AppLog] INFO : 准备读取编码器位置：Y方向！
2023-12-31 21:03:16,773 [AppLog] INFO : 准备运动，编码器当前位置：DEM_GetAxisEncodeVal：MoveDirectionFlag{false为Y方向：True}CurrentPos{152.545}AimPos{201.5}
2023-12-31 21:03:17,291 [AppLog] INFO : Y方向运动开始：DEM_Run：返回值{True}nAxis{1}DirFlag{True}nSpeed{100000}MoveStep{49047.573905}nCtlValue{1}
2023-12-31 21:03:17,347 [AppLog] INFO : Y方向到位停止：DEM_StopAxisRun：返回值{True}CurrentPos{198.325}bImmeStop{False}nAxisMask{2}
2023-12-31 21:03:17,347 [AppLog] INFO : 获取打印Pass数据：IDP_GetPassItem2：nLayerIndex{6}nPassID{4}nProcState{3}LPPassDataItemb:PrtDir{False}nDataTxCompleteCnt{1}nHwMemAdrMatchMask{1}nLayerIndex{6}nLayerPassCount{6}nLayerPassIndex{4}nMinJet0ImgLinePos{5475}nPrtMemHwAddr{System.UInt32[]}nPrtDataOffset{System.UInt32[]}nSrcDataSize{System.UInt32[]}nPrtColBytes{System.UInt32[]}nPrtPrecession{5.333}nSrcEndCols{12000}nSrcStartCols{0}nStartEncPos{76505}nValidPassJets{1280}nValidPrtCols{12464}nValidPrtCtlCnts{1}pDataBuf{0}pNextItem{821041952}
2023-12-31 21:03:17,357 [AppLog] INFO : 使能Pass打印成功：IDP_DoPassPrint2：nLayerIndex{6}nPassID{4}
2023-12-31 21:03:17,363 [AppLog] INFO : PASS打印前关键状态：DEV_GetDeviceInfo：nLayerIndex{6}nPassID{4}LPPRINTER_INFO:nXSysEncDPI{5080}nStatus{909129520}nPrintStatus{0}bSuperDevice{1}
LPPRINTER_INFO-LPPrtRunInfo:bJobPrtRuning{True}bLayerPrtIsOver{False}nContReqMemErr{0}nContWDErr{0}nCurPrtDir{0}nDTLayerIndex{11}nDTLayerPassIndex{5}nDTPtrCtlIndex{0}nLayerPassCount{6}nPrintLayerIndex{6}nPrintPassIndex{4}nProcLayerIndex{11}nPrtDataMemAddr{0}nPrtState{0}nReverse{System.Int32[]}nRevPrtCols{0}
LPPRINTER_INFO-LPDRVINFO:nFMVersion{45074}nFpgaVersion{539038216}nPCBVersion{0}nState{0}nNextState{0}nPtvwarnState{0}nCrc32{0}nRevInfo{System.UInt32[]}nSignature{0}
2023-12-31 21:03:17,363 [AppLog] INFO : 创建：AutoPrintMotion1=》不需重新创建-手动操作！
2023-12-31 21:03:17,364 [AppLog] INFO : 进入：EquipmentMotionLogic3=》准备创建对象-手动操作！
2023-12-31 21:03:17,364 [AppLog] INFO : 进入：EquipmentMotionLogic3=》不需重新创建-手动操作！
2023-12-31 21:03:17,364 [AppLog] INFO : 进入：EquipmentMotionLogic3=》赋值完成自-AutoPrintMotion2！
2023-12-31 21:03:17,365 [AppLog] INFO : 进入：EquipmentMotionLogic3=》加载配置文件-LoadJsonFile成功！
2023-12-31 21:03:17,365 [AppLog] INFO : 进入：AutoPrintThread3！
2023-12-31 21:03:17,365 [AppLog] INFO : 准备读取编码器位置：X方向！
2023-12-31 21:03:17,367 [AppLog] INFO : 准备运动，当前位置：DEV_GetPrintEncoderValue：MoveDirectionFlag{false为Y方向：False}CurrentPos{423.11}AimPos{25}
2023-12-31 21:03:17,392 [AppLog] INFO : X方向运动开始：DEM_Run：返回值{True}nAxis{0}DirFlag{False}nSpeed{100000}MoveStep{-398110}nCtlValue{2}
2023-12-31 21:03:21,514 [AppLog] INFO : X方向到位停止：DEM_StopAxisRun：返回值{True}CurrentPos{30.79}bImmeStop{False}nAxisMask{1}
2023-12-31 21:03:21,514 [AppLog] INFO : 准备读取编码器位置：Y方向！
2023-12-31 21:03:21,516 [AppLog] INFO : 准备运动，编码器当前位置：DEM_GetAxisEncodeVal：MoveDirectionFlag{false为Y方向：True}CurrentPos{201.435}AimPos{206.521166666667}
2023-12-31 21:03:21,629 [AppLog] INFO : Y方向运动开始：DEM_Run：返回值{True}nAxis{1}DirFlag{True}nSpeed{100000}MoveStep{5095.78460783332}nCtlValue{1}
2023-12-31 21:03:21,684 [AppLog] INFO : Y方向到位停止：DEM_StopAxisRun：返回值{True}CurrentPos{205.525}bImmeStop{False}nAxisMask{2}
2023-12-31 21:03:21,684 [AppLog] INFO : 获取打印Pass数据：IDP_GetPassItem2：nLayerIndex{6}nPassID{5}nProcState{3}LPPassDataItemb:PrtDir{True}nDataTxCompleteCnt{1}nHwMemAdrMatchMask{1}nLayerIndex{6}nLayerPassCount{6}nLayerPassIndex{5}nMinJet0ImgLinePos{6755}nPrtMemHwAddr{System.UInt32[]}nPrtDataOffset{System.UInt32[]}nSrcDataSize{System.UInt32[]}nPrtColBytes{System.UInt32[]}nPrtPrecession{5.333}nSrcEndCols{12000}nSrcStartCols{0}nStartEncPos{10000}nValidPassJets{1280}nValidPrtCols{12464}nValidPrtCtlCnts{1}pDataBuf{0}pNextItem{0}
2023-12-31 21:03:21,695 [AppLog] INFO : 使能Pass打印成功：IDP_DoPassPrint2：nLayerIndex{6}nPassID{5}
2023-12-31 21:03:21,704 [AppLog] INFO : PASS打印前关键状态：DEV_GetDeviceInfo：nLayerIndex{6}nPassID{5}LPPRINTER_INFO:nXSysEncDPI{5080}nStatus{909129520}nPrintStatus{0}bSuperDevice{1}
LPPRINTER_INFO-LPPrtRunInfo:bJobPrtRuning{True}bLayerPrtIsOver{False}nContReqMemErr{0}nContWDErr{0}nCurPrtDir{0}nDTLayerIndex{11}nDTLayerPassIndex{5}nDTPtrCtlIndex{0}nLayerPassCount{6}nPrintLayerIndex{6}nPrintPassIndex{5}nProcLayerIndex{11}nPrtDataMemAddr{0}nPrtState{0}nReverse{System.Int32[]}nRevPrtCols{0}
LPPRINTER_INFO-LPDRVINFO:nFMVersion{45074}nFpgaVersion{539038216}nPCBVersion{0}nState{0}nNextState{0}nPtvwarnState{0}nCrc32{0}nRevInfo{System.UInt32[]}nSignature{0}
2023-12-31 21:03:21,704 [AppLog] INFO : 创建：AutoPrintMotion1=》不需重新创建-手动操作！
2023-12-31 21:03:21,705 [AppLog] INFO : 进入：EquipmentMotionLogic3=》准备创建对象-手动操作！
2023-12-31 21:03:21,705 [AppLog] INFO : 进入：EquipmentMotionLogic3=》不需重新创建-手动操作！
2023-12-31 21:03:21,705 [AppLog] INFO : 进入：EquipmentMotionLogic3=》赋值完成自-AutoPrintMotion2！
2023-12-31 21:03:21,706 [AppLog] INFO : 进入：EquipmentMotionLogic3=》加载配置文件-LoadJsonFile成功！
2023-12-31 21:03:21,706 [AppLog] INFO : 进入：AutoPrintThread3！
2023-12-31 21:03:21,706 [AppLog] INFO : 准备读取编码器位置：X方向！
2023-12-31 21:03:21,709 [AppLog] INFO : 准备运动，当前位置：DEV_GetPrintEncoderValue：MoveDirectionFlag{false为Y方向：False}CurrentPos{26.93}AimPos{425}
2023-12-31 21:03:21,745 [AppLog] INFO : X方向运动开始：DEM_Run：返回值{True}nAxis{0}DirFlag{True}nSpeed{100000}MoveStep{398070}nCtlValue{2}
2023-12-31 21:03:25,864 [AppLog] INFO : X方向到位停止：DEM_StopAxisRun：返回值{True}CurrentPos{418.68}bImmeStop{False}nAxisMask{1}
2023-12-31 21:03:25,864 [AppLog] INFO : 准备读取编码器位置：X方向！
2023-12-31 21:03:25,867 [AppLog] INFO : 准备运动，当前位置：DEV_GetPrintEncoderValue：MoveDirectionFlag{false为Y方向：False}CurrentPos{418.875}AimPos{780}
2023-12-31 21:03:25,894 [AppLog] INFO : X方向运动开始：DEM_Run：返回值{True}nAxis{0}DirFlag{True}nSpeed{300000}MoveStep{361125}nCtlValue{2}
2023-12-31 21:03:25,944 [AppLog] INFO : 准备读取编码器位置：Y方向！
2023-12-31 21:03:25,958 [AppLog] INFO : 准备运动，编码器当前位置：DEM_GetAxisEncodeVal：MoveDirectionFlag{false为Y方向：True}CurrentPos{206.56}AimPos{121}
2023-12-31 21:03:26,312 [AppLog] INFO : Y方向运动开始：DEM_Run：返回值{True}nAxis{1}DirFlag{False}nSpeed{300000}MoveStep{-85721.79396}nCtlValue{1}
2023-12-31 21:03:27,639 [AppLog] INFO : Y方向到位等停：DEM_StopAxisRun：返回值{True}bImmeStop{False}nAxisMask{1}
2023-12-31 21:03:27,644 [AppLog] INFO : X方向到位等停：DEM_StopAxisRun：返回值{True}bImmeStop{False}nAxisMask{2}
2023-12-31 21:03:27,663 [AppLog] INFO : 开启闪喷操作：IDP_FlashPrtCtl：返回值{True}
2023-12-31 21:03:27,663 [AppLog] INFO : 进入：EquipmentMotionLogic3=》准备创建对象-手动操作！
2023-12-31 21:03:27,663 [AppLog] INFO : 进入：EquipmentMotionLogic3=》不需重新创建-手动操作！
2023-12-31 21:03:27,664 [AppLog] INFO : 进入：EquipmentMotionLogic3=》赋值完成自-AutoPrintMotion2！
2023-12-31 21:03:27,664 [AppLog] INFO : 进入：EquipmentMotionLogic3=》加载配置文件-LoadJsonFile成功！
2023-12-31 21:03:27,664 [AppLog] INFO : 进入自动铺粉逻辑：NewAutoSupplyPowderThread2
2023-12-31 21:03:27,665 [AppLog] INFO : 电气控制模块：手动打开端口14
2023-12-31 21:03:27,665 [AppLog] INFO : 电气控制模块：手动打开端口15
2023-12-31 21:03:27,740 [AppLog] INFO : 手动正向点动指令（8轴运控板卡系统） ====》：输出AXIS{第1轴},点动量{-0.1MM},运动速度{2MM/s}
2023-12-31 21:03:27,741 [AppLog] INFO : 成形面高度下降层厚 TrapSpace{0.1mm}：TrapMoveUp(1, true, Convert.ToString(vel), Convert.ToString(TrapSpace), true, true）
2023-12-31 21:03:28,516 [AppLog] INFO : 手动正向点动指令（8轴运控板卡系统） ====》：输出AXIS{第1轴},点动量{-1.5MM},运动速度{2MM/s}
2023-12-31 21:03:28,516 [AppLog] INFO : 成形面高度下降指定厚度 TrapSpace{1.5mm}：TrapMoveUp(1, true, Convert.ToString(vel), Convert.ToString(TrapSpace), true, true）
2023-12-31 21:03:28,517 [AppLog] INFO : 电气控制模块：手动关闭端口15
2023-12-31 21:03:28,517 [AppLog] INFO : 电气控制模块：手动关闭端口14
2023-12-31 21:03:28,765 [AppLog] INFO : 手动正向点动指令（8轴运控板卡系统） ====》：输出AXIS{第8轴},点动量{0.6MM},运动速度{2.5MM/s}
2023-12-31 21:03:28,766 [AppLog] INFO : Hopper落粉轴转2圈落粉，速度0.5rev/s：TrapMoveUp(8, true, 0.5, rotateNuM.ToString(), true, false)
2023-12-31 21:03:29,766 [AppLog] INFO : 开启铺粉车不等停运动，准备运动至准备打印位置215mm，速度250mm/s：BackToStation2
2023-12-31 21:03:30,634 [AppLog] INFO : 手动正向点动指令（8轴运控板卡系统） ====》：输出AXIS{第2轴},点动量{216.5MM},运动速度{250MM/s}
2023-12-31 21:03:30,635 [AppLog] INFO : 当前铺粉车位置：打印位置215mm
2023-12-31 21:03:30,637 [AppLog] INFO : 手动正向点动指令（8轴运控板卡系统） ====》：输出AXIS{第2轴},点动量{480MM},运动速度{20MM/s}
2023-12-31 21:03:30,637 [AppLog] INFO : 开启铺粉车不等停运动至准备打印位置695mm，速度20mm/s：BackToStation2
2023-12-31 21:03:30,748 [AppLog] INFO : 打开IR灯：OpenIRLamp(true)
2023-12-31 21:03:31,009 [AppLog] INFO : IR固化手动出光模式：WriteSingleRegister：SlaveNumber{1}RegisterAddress{132}RegisterValue{1}
2023-12-31 21:03:31,070 [AppLog] INFO : IR固化停止出光成功：WriteSingleRegister：SlaveNumber{1}RegisterAddress{121}目标温度{0 ℃}
2023-12-31 21:03:35,118 [AppLog] INFO : IR固化手动出光模式：WriteSingleRegister：SlaveNumber{1}RegisterAddress{132}RegisterValue{1}
2023-12-31 21:03:35,178 [AppLog] INFO : IR固化更新功率为设定值：WriteSingleRegister：SlaveNumber{1}RegisterAddress{121}目标温度{100℃}
2023-12-31 21:03:39,266 [AppLog] INFO : IR固化手动出光模式：WriteSingleRegister：SlaveNumber{1}RegisterAddress{132}RegisterValue{1}
2023-12-31 21:03:39,326 [AppLog] INFO : IR固化停止出光成功：WriteSingleRegister：SlaveNumber{1}RegisterAddress{121}目标温度{0 ℃}
2023-12-31 21:03:45,498 [AppLog] INFO : 关闭IR灯：OpenIRLamp(false)
2023-12-31 21:03:54,639 [AppLog] INFO : 开启铺粉车不等停运动至准备打印位置215mm，速度250mm/s：BackToStation2
2023-12-31 21:03:56,562 [AppLog] INFO : 手动正向点动指令（8轴运控板卡系统） ====》：输出AXIS{第2轴},点动量{-480MM},运动速度{250MM/s}
2023-12-31 21:03:56,563 [AppLog] INFO : 当前铺粉车位置：打印位置215mm
2023-12-31 21:03:56,563 [AppLog] INFO : 电气控制模块：手动打开端口14
2023-12-31 21:03:56,563 [AppLog] INFO : 电气控制模块：手动打开端口15
2023-12-31 21:03:57,339 [AppLog] INFO : 手动正向点动指令（8轴运控板卡系统） ====》：输出AXIS{第1轴},点动量{1.5MM},运动速度{2MM/s}
2023-12-31 21:03:57,339 [AppLog] INFO : 电气控制模块：手动关闭端口15
2023-12-31 21:03:57,339 [AppLog] INFO : 电气控制模块：手动关闭端口14
2023-12-31 21:03:57,340 [AppLog] INFO : 成形面高度上升层厚 TrapSpace{1.5mm}：TrapMoveUp(1, true, Convert.ToString(vel), Convert.ToString(TrapSpace), true, true）
2023-12-31 21:03:57,340 [AppLog] INFO : 开启铺粉车不等停运动，准备运动至准备打印位置215mm，速度250mm/s：BackToStation2
2023-12-31 21:03:57,342 [AppLog] INFO : 手动正向点动指令（8轴运控板卡系统） ====》：输出AXIS{第2轴},点动量{0MM},运动速度{250MM/s}
2023-12-31 21:03:57,342 [AppLog] INFO : 当前铺粉车位置：打印位置215mm
2023-12-31 21:03:57,344 [AppLog] INFO : 手动正向点动指令（8轴运控板卡系统） ====》：输出AXIS{第2轴},点动量{480MM},运动速度{50MM/s}
2023-12-31 21:03:57,344 [AppLog] INFO : 开启铺粉车不等停运动至准备打印位置695mm，速度50mm/s：BackToStation2
2023-12-31 21:03:57,476 [AppLog] INFO : 手动正向点动指令（8轴运控板卡系统） ====》：输出AXIS{第3轴},点动量{0.125MM},运动速度{1MM/s}
2023-12-31 21:03:57,476 [AppLog] INFO : 在{40mm}处，落粉轴运动{45度}，落粉轴转速{1rev/s}：TrapMoveUp(3, true, Convert.ToString(DispenseRollerSpeed), 0.5, true, true)
2023-12-31 21:03:57,477 [AppLog] INFO : 手动正向点动指令（8轴运控板卡系统） ====》：输出AXIS{第3轴},点动量{0.5MM},运动速度{0.0753424657534247MM/s}
2023-12-31 21:03:57,477 [AppLog] INFO : 开启均匀落粉及辊子铺平运动：TrapMoveUp(3, true, Convert.ToString(DispenseRollerSpeed), 0.5, true, true)
2023-12-31 21:04:05,708 [AppLog] INFO : 手动正向点动指令（8轴运控板卡系统） ====》：输出AXIS{第3轴},点动量{0.5MM},运动速度{2MM/s}
2023-12-31 21:04:05,709 [AppLog] INFO : 落粉轴继续转动以倒掉余粉：TrapMoveUp(3, true, 2, 0.5, true, false)
2023-12-31 21:04:06,947 [AppLog] INFO : 电气控制模块：手动打开端口14
2023-12-31 21:04:06,948 [AppLog] INFO : 电气控制模块：手动打开端口15
2023-12-31 21:04:07,723 [AppLog] INFO : 手动正向点动指令（8轴运控板卡系统） ====》：输出AXIS{第1轴},点动量{-1.5MM},运动速度{2MM/s}
2023-12-31 21:04:07,724 [AppLog] INFO : 电气控制模块：手动关闭端口15
2023-12-31 21:04:07,724 [AppLog] INFO : 电气控制模块：手动关闭端口14
2023-12-31 21:04:07,724 [AppLog] INFO : 成形面高度下降指定厚度 TrapSpace{1.5mm}：TrapMoveUp(1, true, Convert.ToString(vel), Convert.ToString(TrapSpace), true, true）
2023-12-31 21:04:10,513 [AppLog] INFO : 手动正向点动指令（8轴运控板卡系统） ====》：输出AXIS{第2轴},点动量{-696.5MM},运动速度{250MM/s}
2023-12-31 21:04:10,513 [AppLog] INFO : 铺粉车返回至站1：BackToStation2(AimPos, MovSpeed, true)：-1.5mm，速度250mm/s：BackToStation2
2023-12-31 21:04:11,264 [AppLog] INFO : 落粉轴回零成功：motionMap.SetBackSpreaderAxis(3, 0.5, 2, -SinkPosition)：ReturnCode{True}
2023-12-31 21:04:11,264 [AppLog] INFO : 电气控制模块：手动打开端口14
2023-12-31 21:04:11,264 [AppLog] INFO : 电气控制模块：手动打开端口15
2023-12-31 21:04:12,040 [AppLog] INFO : 手动正向点动指令（8轴运控板卡系统） ====》：输出AXIS{第1轴},点动量{1.5MM},运动速度{2MM/s}
2023-12-31 21:04:12,040 [AppLog] INFO : 电气控制模块：手动关闭端口15
2023-12-31 21:04:12,041 [AppLog] INFO : 电气控制模块：手动关闭端口14
2023-12-31 21:04:12,041 [AppLog] INFO : 成形面高度上升层厚 TrapSpace{1.5mm}：TrapMoveUp(1, true, Convert.ToString(vel), Convert.ToString(TrapSpace), true, true）
2023-12-31 21:04:12,041 [AppLog] INFO : 自动铺粉正常结束：NewAutoSupplyPowderThread2
2023-12-31 21:04:12,041 [AppLog] INFO : 发送监控指令，拍照记录1条：SendMessageFromSharedMemory
2023-12-31 21:04:12,042 [AppLog] INFO : 铺粉模式：固化结束再开启铺粉！
2023-12-31 21:04:12,042 [AppLog] INFO : 执行完成铺粉固化操作：EquipmentMotionLogic3：m_bApplyPowderSupplyMotion:0
2023-12-31 21:04:12,042 [AppLog] INFO : 接收到恢复打印指令：PrintTaskTHREAD
2023-12-31 21:04:12,056 [AppLog] INFO : 获取打印Pass数据：IDP_GetPassItem2：nLayerIndex{7}nPassID{0}nProcState{3}LPPassDataItemb:PrtDir{False}nDataTxCompleteCnt{1}nHwMemAdrMatchMask{1}nLayerIndex{7}nLayerPassCount{6}nLayerPassIndex{0}nMinJet0ImgLinePos{355}nPrtMemHwAddr{System.UInt32[]}nPrtDataOffset{System.UInt32[]}nSrcDataSize{System.UInt32[]}nPrtColBytes{System.UInt32[]}nPrtPrecession{5.333}nSrcEndCols{12000}nSrcStartCols{0}nStartEncPos{76505}nValidPassJets{1280}nValidPrtCols{12464}nValidPrtCtlCnts{1}pDataBuf{0}pNextItem{821042272}
2023-12-31 21:04:12,066 [AppLog] INFO : 使能Pass打印成功：IDP_DoPassPrint2：nLayerIndex{7}nPassID{0}
2023-12-31 21:04:12,069 [AppLog] INFO : PASS打印前关键状态：DEV_GetDeviceInfo：nLayerIndex{7}nPassID{0}LPPRINTER_INFO:nXSysEncDPI{5080}nStatus{909129520}nPrintStatus{0}bSuperDevice{1}
LPPRINTER_INFO-LPPrtRunInfo:bJobPrtRuning{True}bLayerPrtIsOver{False}nContReqMemErr{0}nContWDErr{0}nCurPrtDir{0}nDTLayerIndex{11}nDTLayerPassIndex{5}nDTPtrCtlIndex{0}nLayerPassCount{6}nPrintLayerIndex{7}nPrintPassIndex{0}nProcLayerIndex{11}nPrtDataMemAddr{0}nPrtState{0}nReverse{System.Int32[]}nRevPrtCols{0}
LPPRINTER_INFO-LPDRVINFO:nFMVersion{45074}nFpgaVersion{539038216}nPCBVersion{0}nState{0}nNextState{0}nPtvwarnState{0}nCrc32{0}nRevInfo{System.UInt32[]}nSignature{0}
2023-12-31 21:04:12,069 [AppLog] INFO : 创建：AutoPrintMotion1=》不需重新创建-手动操作！
2023-12-31 21:04:12,069 [AppLog] INFO : 进入：EquipmentMotionLogic3=》准备创建对象-手动操作！
2023-12-31 21:04:12,070 [AppLog] INFO : 进入：EquipmentMotionLogic3=》不需重新创建-手动操作！
2023-12-31 21:04:12,070 [AppLog] INFO : 进入：EquipmentMotionLogic3=》赋值完成自-AutoPrintMotion2！
2023-12-31 21:04:12,070 [AppLog] INFO : 进入：EquipmentMotionLogic3=》加载配置文件-LoadJsonFile成功！
2023-12-31 21:04:12,071 [AppLog] INFO : 进入自动清洗过程：AutoCleanThread
2023-12-31 21:04:12,415 [AppLog] INFO : 刮墨轴回零成功：motionMap.SetBackSpreaderAxis(4, 1, 2, -SinkHomePosition)
2023-12-31 21:04:12,415 [AppLog] INFO : 准备读取编码器位置：Y方向！
2023-12-31 21:04:12,424 [AppLog] INFO : 准备运动，编码器当前位置：DEM_GetAxisEncodeVal：MoveDirectionFlag{false为Y方向：True}CurrentPos{121.06}AimPos{116}
2023-12-31 21:04:12,560 [AppLog] INFO : Y方向运动开始：DEM_Run：返回值{True}nAxis{1}DirFlag{False}nSpeed{300000}MoveStep{-5069.56846}nCtlValue{1}
2023-12-31 21:04:12,615 [AppLog] INFO : Y方向到位停止：DEM_StopAxisRun：返回值{True}CurrentPos{116.685}bImmeStop{False}nAxisMask{2}
2023-12-31 21:04:12,616 [AppLog] INFO : 准备读取编码器位置：X方向！
2023-12-31 21:04:12,620 [AppLog] INFO : 准备运动，当前位置：DEV_GetPrintEncoderValue：MoveDirectionFlag{false为Y方向：False}CurrentPos{784.145}AimPos{780}
2023-12-31 21:04:12,648 [AppLog] INFO : X方向运动开始：DEM_Run：返回值{True}nAxis{0}DirFlag{False}nSpeed{300000}MoveStep{-4144.99999999998}nCtlValue{2}
2023-12-31 21:04:12,808 [AppLog] INFO : X方向到位停止：DEM_StopAxisRun：返回值{True}CurrentPos{783.43}bImmeStop{False}nAxisMask{1}
2023-12-31 21:04:14,017 [AppLog] INFO : 开启压墨： motionMap.SetDo(13, true)
2023-12-31 21:04:15,317 [AppLog] INFO : 关闭压墨： motionMap.SetDo(13, false)
2023-12-31 21:04:15,317 [AppLog] INFO : 压墨等待开启：{3.5S}
2023-12-31 21:04:18,817 [AppLog] INFO : 压墨等待完成：{3.5S}
2023-12-31 21:04:18,817 [AppLog] INFO : 准备读取编码器位置：X方向！
2023-12-31 21:04:18,820 [AppLog] INFO : 准备运动，当前位置：DEV_GetPrintEncoderValue：MoveDirectionFlag{false为Y方向：False}CurrentPos{780.415}AimPos{680}
2023-12-31 21:04:18,856 [AppLog] INFO : X方向运动开始：DEM_Run：返回值{True}nAxis{0}DirFlag{False}nSpeed{200000}MoveStep{-100415}nCtlValue{2}
2023-12-31 21:04:19,727 [AppLog] INFO : X方向到位停止：DEM_StopAxisRun：返回值{True}CurrentPos{683.74}bImmeStop{False}nAxisMask{1}
2023-12-31 21:04:20,278 [AppLog] INFO : 结束自动清洗过程：AutoCleanThread
2023-12-31 21:04:20,278 [AppLog] INFO : 进入：EquipmentMotionLogic3=》准备创建对象-手动操作！
2023-12-31 21:04:20,278 [AppLog] INFO : 进入：EquipmentMotionLogic3=》不需重新创建-手动操作！
2023-12-31 21:04:20,279 [AppLog] INFO : 进入：EquipmentMotionLogic3=》赋值完成自-AutoPrintMotion2！
2023-12-31 21:04:20,279 [AppLog] INFO : 进入：EquipmentMotionLogic3=》加载配置文件-LoadJsonFile成功！
2023-12-31 21:04:20,279 [AppLog] INFO : 进入：AutoPrintThread3！
2023-12-31 21:04:20,285 [AppLog] INFO : 关闭闪喷操作：IDP_FlashPrtCtl：返回值{True}
2023-12-31 21:04:20,285 [AppLog] INFO : 准备读取编码器位置：Y方向！
2023-12-31 21:04:20,294 [AppLog] INFO : 准备运动，编码器当前位置：DEM_GetAxisEncodeVal：MoveDirectionFlag{false为Y方向：True}CurrentPos{115.955}AimPos{88.5}
2023-12-31 21:04:20,460 [AppLog] INFO : Y方向运动开始：DEM_Run：返回值{True}nAxis{1}DirFlag{False}nSpeed{300000}MoveStep{-27506.917405}nCtlValue{1}
2023-12-31 21:04:20,510 [AppLog] INFO : 准备读取编码器位置：X方向！
2023-12-31 21:04:20,511 [AppLog] INFO : 准备运动，当前位置：DEV_GetPrintEncoderValue：MoveDirectionFlag{false为Y方向：False}CurrentPos{680.175}AimPos{425}
2023-12-31 21:04:20,557 [AppLog] INFO : X方向运动开始：DEM_Run：返回值{True}nAxis{0}DirFlag{False}nSpeed{300000}MoveStep{-255175}nCtlValue{2}
2023-12-31 21:04:21,972 [AppLog] INFO : X方向到位停止：DEM_StopAxisRun：返回值{True}CurrentPos{429.2}bImmeStop{False}nAxisMask{1}
2023-12-31 21:04:21,972 [AppLog] INFO : 准备读取编码器位置：X方向！
2023-12-31 21:04:21,976 [AppLog] INFO : 准备运动，当前位置：DEV_GetPrintEncoderValue：MoveDirectionFlag{false为Y方向：False}CurrentPos{428.97}AimPos{25}
2023-12-31 21:04:22,023 [AppLog] INFO : X方向运动开始：DEM_Run：返回值{True}nAxis{0}DirFlag{False}nSpeed{100000}MoveStep{-403970}nCtlValue{2}
2023-12-31 21:04:26,207 [AppLog] INFO : X方向到位停止：DEM_StopAxisRun：返回值{True}CurrentPos{26}bImmeStop{False}nAxisMask{1}
2023-12-31 21:04:26,207 [AppLog] INFO : 准备读取编码器位置：Y方向！
2023-12-31 21:04:26,211 [AppLog] INFO : 准备运动，编码器当前位置：DEM_GetAxisEncodeVal：MoveDirectionFlag{false为Y方向：True}CurrentPos{88.51}AimPos{103.521166666667}
2023-12-31 21:04:26,395 [AppLog] INFO : Y方向运动开始：DEM_Run：返回值{True}nAxis{1}DirFlag{True}nSpeed{100000}MoveStep{15039.5527828333}nCtlValue{1}
2023-12-31 21:04:26,453 [AppLog] INFO : Y方向到位停止：DEM_StopAxisRun：返回值{True}CurrentPos{100.815}bImmeStop{False}nAxisMask{2}
2023-12-31 21:04:26,453 [AppLog] INFO : 获取打印Pass数据：IDP_GetPassItem2：nLayerIndex{7}nPassID{1}nProcState{3}LPPassDataItemb:PrtDir{True}nDataTxCompleteCnt{1}nHwMemAdrMatchMask{1}nLayerIndex{7}nLayerPassCount{6}nLayerPassIndex{1}nMinJet0ImgLinePos{1635}nPrtMemHwAddr{System.UInt32[]}nPrtDataOffset{System.UInt32[]}nSrcDataSize{System.UInt32[]}nPrtColBytes{System.UInt32[]}nPrtPrecession{5.333}nSrcEndCols{12000}nSrcStartCols{0}nStartEncPos{10000}nValidPassJets{1280}nValidPrtCols{12464}nValidPrtCtlCnts{1}pDataBuf{0}pNextItem{821042432}
2023-12-31 21:04:26,467 [AppLog] INFO : 使能Pass打印成功：IDP_DoPassPrint2：nLayerIndex{7}nPassID{1}
2023-12-31 21:04:26,470 [AppLog] INFO : PASS打印前关键状态：DEV_GetDeviceInfo：nLayerIndex{7}nPassID{1}LPPRINTER_INFO:nXSysEncDPI{5080}nStatus{909129520}nPrintStatus{0}bSuperDevice{1}
LPPRINTER_INFO-LPPrtRunInfo:bJobPrtRuning{True}bLayerPrtIsOver{False}nContReqMemErr{0}nContWDErr{0}nCurPrtDir{0}nDTLayerIndex{11}nDTLayerPassIndex{5}nDTPtrCtlIndex{0}nLayerPassCount{6}nPrintLayerIndex{7}nPrintPassIndex{1}nProcLayerIndex{11}nPrtDataMemAddr{0}nPrtState{0}nReverse{System.Int32[]}nRevPrtCols{0}
LPPRINTER_INFO-LPDRVINFO:nFMVersion{45074}nFpgaVersion{539038216}nPCBVersion{0}nState{0}nNextState{0}nPtvwarnState{0}nCrc32{0}nRevInfo{System.UInt32[]}nSignature{0}
2023-12-31 21:04:26,470 [AppLog] INFO : 创建：AutoPrintMotion1=》不需重新创建-手动操作！
2023-12-31 21:04:26,470 [AppLog] INFO : 进入：EquipmentMotionLogic3=》准备创建对象-手动操作！
2023-12-31 21:04:26,471 [AppLog] INFO : 进入：EquipmentMotionLogic3=》不需重新创建-手动操作！
2023-12-31 21:04:26,471 [AppLog] INFO : 进入：EquipmentMotionLogic3=》赋值完成自-AutoPrintMotion2！
2023-12-31 21:04:26,471 [AppLog] INFO : 进入：EquipmentMotionLogic3=》加载配置文件-LoadJsonFile成功！
2023-12-31 21:04:26,471 [AppLog] INFO : 进入：AutoPrintThread3！
2023-12-31 21:04:26,472 [AppLog] INFO : 准备读取编码器位置：X方向！
2023-12-31 21:04:26,477 [AppLog] INFO : 准备运动，当前位置：DEV_GetPrintEncoderValue：MoveDirectionFlag{false为Y方向：False}CurrentPos{22.265}AimPos{425}
2023-12-31 21:04:26,532 [AppLog] INFO : X方向运动开始：DEM_Run：返回值{True}nAxis{0}DirFlag{True}nSpeed{100000}MoveStep{402735}nCtlValue{2}
2023-12-31 21:04:30,703 [AppLog] INFO : X方向到位停止：DEM_StopAxisRun：返回值{True}CurrentPos{419.415}bImmeStop{False}nAxisMask{1}
2023-12-31 21:04:30,703 [AppLog] INFO : 准备读取编码器位置：Y方向！
2023-12-31 21:04:30,707 [AppLog] INFO : 准备运动，编码器当前位置：DEM_GetAxisEncodeVal：MoveDirectionFlag{false为Y方向：True}CurrentPos{103.52}AimPos{142.5}
2023-12-31 21:04:31,142 [AppLog] INFO : Y方向运动开始：DEM_Run：返回值{True}nAxis{1}DirFlag{True}nSpeed{100000}MoveStep{39053.71118}nCtlValue{1}
2023-12-31 21:04:31,197 [AppLog] INFO : Y方向到位停止：DEM_StopAxisRun：返回值{True}CurrentPos{139.645}bImmeStop{False}nAxisMask{2}
2023-12-31 21:04:31,197 [AppLog] INFO : 获取打印Pass数据：IDP_GetPassItem2：nLayerIndex{7}nPassID{2}nProcState{3}LPPassDataItemb:PrtDir{False}nDataTxCompleteCnt{1}nHwMemAdrMatchMask{1}nLayerIndex{7}nLayerPassCount{6}nLayerPassIndex{2}nMinJet0ImgLinePos{2915}nPrtMemHwAddr{System.UInt32[]}nPrtDataOffset{System.UInt32[]}nSrcDataSize{System.UInt32[]}nPrtColBytes{System.UInt32[]}nPrtPrecession{5.333}nSrcEndCols{12000}nSrcStartCols{0}nStartEncPos{76505}nValidPassJets{1280}nValidPrtCols{12464}nValidPrtCtlCnts{1}pDataBuf{0}pNextItem{821042592}
2023-12-31 21:04:31,207 [AppLog] INFO : 使能Pass打印成功：IDP_DoPassPrint2：nLayerIndex{7}nPassID{2}
2023-12-31 21:04:31,216 [AppLog] INFO : PASS打印前关键状态：DEV_GetDeviceInfo：nLayerIndex{7}nPassID{2}LPPRINTER_INFO:nXSysEncDPI{5080}nStatus{909129520}nPrintStatus{0}bSuperDevice{1}
LPPRINTER_INFO-LPPrtRunInfo:bJobPrtRuning{True}bLayerPrtIsOver{False}nContReqMemErr{0}nContWDErr{0}nCurPrtDir{0}nDTLayerIndex{11}nDTLayerPassIndex{5}nDTPtrCtlIndex{0}nLayerPassCount{6}nPrintLayerIndex{7}nPrintPassIndex{2}nProcLayerIndex{11}nPrtDataMemAddr{0}nPrtState{0}nReverse{System.Int32[]}nRevPrtCols{0}
LPPRINTER_INFO-LPDRVINFO:nFMVersion{45074}nFpgaVersion{539038216}nPCBVersion{0}nState{0}nNextState{0}nPtvwarnState{0}nCrc32{0}nRevInfo{System.UInt32[]}nSignature{0}
2023-12-31 21:04:31,216 [AppLog] INFO : 创建：AutoPrintMotion1=》不需重新创建-手动操作！
2023-12-31 21:04:31,217 [AppLog] INFO : 进入：EquipmentMotionLogic3=》准备创建对象-手动操作！
2023-12-31 21:04:31,217 [AppLog] INFO : 进入：EquipmentMotionLogic3=》不需重新创建-手动操作！
2023-12-31 21:04:31,217 [AppLog] INFO : 进入：EquipmentMotionLogic3=》赋值完成自-AutoPrintMotion2！
2023-12-31 21:04:31,217 [AppLog] INFO : 进入：EquipmentMotionLogic3=》加载配置文件-LoadJsonFile成功！
2023-12-31 21:04:31,217 [AppLog] INFO : 进入：AutoPrintThread3！
2023-12-31 21:04:31,218 [AppLog] INFO : 准备读取编码器位置：X方向！
2023-12-31 21:04:31,220 [AppLog] INFO : 准备运动，当前位置：DEV_GetPrintEncoderValue：MoveDirectionFlag{false为Y方向：False}CurrentPos{423.23}AimPos{25}
2023-12-31 21:04:31,243 [AppLog] INFO : X方向运动开始：DEM_Run：返回值{True}nAxis{0}DirFlag{False}nSpeed{100000}MoveStep{-398230}nCtlValue{2}
2023-12-31 21:04:35,386 [AppLog] INFO : X方向到位停止：DEM_StopAxisRun：返回值{True}CurrentPos{29.42}bImmeStop{False}nAxisMask{1}
2023-12-31 21:04:35,386 [AppLog] INFO : 准备读取编码器位置：Y方向！
2023-12-31 21:04:35,389 [AppLog] INFO : 准备运动，编码器当前位置：DEM_GetAxisEncodeVal：MoveDirectionFlag{false为Y方向：True}CurrentPos{142.465}AimPos{157.521166666667}
2023-12-31 21:04:35,586 [AppLog] INFO : Y方向运动开始：DEM_Run：返回值{True}nAxis{1}DirFlag{True}nSpeed{100000}MoveStep{15084.6378778333}nCtlValue{1}
2023-12-31 21:04:35,641 [AppLog] INFO : Y方向到位停止：DEM_StopAxisRun：返回值{True}CurrentPos{154.845}bImmeStop{False}nAxisMask{2}
2023-12-31 21:04:35,641 [AppLog] INFO : 获取打印Pass数据：IDP_GetPassItem2：nLayerIndex{7}nPassID{3}nProcState{3}LPPassDataItemb:PrtDir{True}nDataTxCompleteCnt{1}nHwMemAdrMatchMask{1}nLayerIndex{7}nLayerPassCount{6}nLayerPassIndex{3}nMinJet0ImgLinePos{4195}nPrtMemHwAddr{System.UInt32[]}nPrtDataOffset{System.UInt32[]}nSrcDataSize{System.UInt32[]}nPrtColBytes{System.UInt32[]}nPrtPrecession{5.333}nSrcEndCols{12000}nSrcStartCols{0}nStartEncPos{10000}nValidPassJets{1280}nValidPrtCols{12464}nValidPrtCtlCnts{1}pDataBuf{0}pNextItem{821042752}
2023-12-31 21:04:35,651 [AppLog] INFO : 使能Pass打印成功：IDP_DoPassPrint2：nLayerIndex{7}nPassID{3}
2023-12-31 21:04:35,660 [AppLog] INFO : PASS打印前关键状态：DEV_GetDeviceInfo：nLayerIndex{7}nPassID{3}LPPRINTER_INFO:nXSysEncDPI{5080}nStatus{909129520}nPrintStatus{0}bSuperDevice{1}
LPPRINTER_INFO-LPPrtRunInfo:bJobPrtRuning{True}bLayerPrtIsOver{False}nContReqMemErr{0}nContWDErr{0}nCurPrtDir{0}nDTLayerIndex{11}nDTLayerPassIndex{5}nDTPtrCtlIndex{0}nLayerPassCount{6}nPrintLayerIndex{7}nPrintPassIndex{3}nProcLayerIndex{11}nPrtDataMemAddr{0}nPrtState{0}nReverse{System.Int32[]}nRevPrtCols{0}
LPPRINTER_INFO-LPDRVINFO:nFMVersion{45074}nFpgaVersion{539038216}nPCBVersion{0}nState{0}nNextState{0}nPtvwarnState{0}nCrc32{0}nRevInfo{System.UInt32[]}nSignature{0}
2023-12-31 21:04:35,660 [AppLog] INFO : 创建：AutoPrintMotion1=》不需重新创建-手动操作！
2023-12-31 21:04:35,661 [AppLog] INFO : 进入：EquipmentMotionLogic3=》准备创建对象-手动操作！
2023-12-31 21:04:35,661 [AppLog] INFO : 进入：EquipmentMotionLogic3=》不需重新创建-手动操作！
2023-12-31 21:04:35,661 [AppLog] INFO : 进入：EquipmentMotionLogic3=》赋值完成自-AutoPrintMotion2！
2023-12-31 21:04:35,661 [AppLog] INFO : 进入：EquipmentMotionLogic3=》加载配置文件-LoadJsonFile成功！
2023-12-31 21:04:35,662 [AppLog] INFO : 进入：AutoPrintThread3！
2023-12-31 21:04:35,662 [AppLog] INFO : 准备读取编码器位置：X方向！
2023-12-31 21:04:35,664 [AppLog] INFO : 准备运动，当前位置：DEV_GetPrintEncoderValue：MoveDirectionFlag{false为Y方向：False}CurrentPos{26.875}AimPos{425}
2023-12-31 21:04:35,689 [AppLog] INFO : X方向运动开始：DEM_Run：返回值{True}nAxis{0}DirFlag{True}nSpeed{100000}MoveStep{398125}nCtlValue{2}
2023-12-31 21:04:39,813 [AppLog] INFO : X方向到位停止：DEM_StopAxisRun：返回值{True}CurrentPos{419.135}bImmeStop{False}nAxisMask{1}
2023-12-31 21:04:39,813 [AppLog] INFO : 准备读取编码器位置：Y方向！
2023-12-31 21:04:39,815 [AppLog] INFO : 准备运动，编码器当前位置：DEM_GetAxisEncodeVal：MoveDirectionFlag{false为Y方向：True}CurrentPos{157.545}AimPos{196.5}
2023-12-31 21:04:40,231 [AppLog] INFO : Y方向运动开始：DEM_Run：返回值{True}nAxis{1}DirFlag{True}nSpeed{100000}MoveStep{39028.663905}nCtlValue{1}
2023-12-31 21:04:40,286 [AppLog] INFO : Y方向到位停止：DEM_StopAxisRun：返回值{True}CurrentPos{193.24}bImmeStop{False}nAxisMask{2}
2023-12-31 21:04:40,286 [AppLog] INFO : 获取打印Pass数据：IDP_GetPassItem2：nLayerIndex{7}nPassID{4}nProcState{3}LPPassDataItemb:PrtDir{False}nDataTxCompleteCnt{1}nHwMemAdrMatchMask{1}nLayerIndex{7}nLayerPassCount{6}nLayerPassIndex{4}nMinJet0ImgLinePos{5475}nPrtMemHwAddr{System.UInt32[]}nPrtDataOffset{System.UInt32[]}nSrcDataSize{System.UInt32[]}nPrtColBytes{System.UInt32[]}nPrtPrecession{5.333}nSrcEndCols{12000}nSrcStartCols{0}nStartEncPos{76505}nValidPassJets{1280}nValidPrtCols{12464}nValidPrtCtlCnts{1}pDataBuf{0}pNextItem{821042912}
2023-12-31 21:04:40,295 [AppLog] INFO : 使能Pass打印成功：IDP_DoPassPrint2：nLayerIndex{7}nPassID{4}
2023-12-31 21:04:40,297 [AppLog] INFO : PASS打印前关键状态：DEV_GetDeviceInfo：nLayerIndex{7}nPassID{4}LPPRINTER_INFO:nXSysEncDPI{5080}nStatus{909129520}nPrintStatus{0}bSuperDevice{1}
LPPRINTER_INFO-LPPrtRunInfo:bJobPrtRuning{True}bLayerPrtIsOver{False}nContReqMemErr{0}nContWDErr{0}nCurPrtDir{0}nDTLayerIndex{11}nDTLayerPassIndex{5}nDTPtrCtlIndex{0}nLayerPassCount{6}nPrintLayerIndex{7}nPrintPassIndex{4}nProcLayerIndex{11}nPrtDataMemAddr{0}nPrtState{0}nReverse{System.Int32[]}nRevPrtCols{0}
LPPRINTER_INFO-LPDRVINFO:nFMVersion{45074}nFpgaVersion{539038216}nPCBVersion{0}nState{0}nNextState{0}nPtvwarnState{0}nCrc32{0}nRevInfo{System.UInt32[]}nSignature{0}
2023-12-31 21:04:40,297 [AppLog] INFO : 创建：AutoPrintMotion1=》不需重新创建-手动操作！
2023-12-31 21:04:40,298 [AppLog] INFO : 进入：EquipmentMotionLogic3=》准备创建对象-手动操作！
2023-12-31 21:04:40,298 [AppLog] INFO : 进入：EquipmentMotionLogic3=》不需重新创建-手动操作！
2023-12-31 21:04:40,298 [AppLog] INFO : 进入：EquipmentMotionLogic3=》赋值完成自-AutoPrintMotion2！
2023-12-31 21:04:40,299 [AppLog] INFO : 进入：EquipmentMotionLogic3=》加载配置文件-LoadJsonFile成功！
2023-12-31 21:04:40,299 [AppLog] INFO : 进入：AutoPrintThread3！
2023-12-31 21:04:40,299 [AppLog] INFO : 准备读取编码器位置：X方向！
2023-12-31 21:04:40,306 [AppLog] INFO : 准备运动，当前位置：DEV_GetPrintEncoderValue：MoveDirectionFlag{false为Y方向：False}CurrentPos{423.11}AimPos{25}
2023-12-31 21:04:40,353 [AppLog] INFO : X方向运动开始：DEM_Run：返回值{True}nAxis{0}DirFlag{False}nSpeed{100000}MoveStep{-398110}nCtlValue{2}
2023-12-31 21:04:44,481 [AppLog] INFO : X方向到位停止：DEM_StopAxisRun：返回值{True}CurrentPos{30.81}bImmeStop{False}nAxisMask{1}
2023-12-31 21:04:44,481 [AppLog] INFO : 准备读取编码器位置：Y方向！
2023-12-31 21:04:44,484 [AppLog] INFO : 准备运动，编码器当前位置：DEM_GetAxisEncodeVal：MoveDirectionFlag{false为Y方向：True}CurrentPos{196.445}AimPos{211.521166666667}
2023-12-31 21:04:44,677 [AppLog] INFO : Y方向运动开始：DEM_Run：返回值{True}nAxis{1}DirFlag{True}nSpeed{100000}MoveStep{15104.6756978333}nCtlValue{1}
2023-12-31 21:04:44,732 [AppLog] INFO : Y方向到位停止：DEM_StopAxisRun：返回值{True}CurrentPos{208.48}bImmeStop{False}nAxisMask{2}
2023-12-31 21:04:44,732 [AppLog] INFO : 获取打印Pass数据：IDP_GetPassItem2：nLayerIndex{7}nPassID{5}nProcState{3}LPPassDataItemb:PrtDir{True}nDataTxCompleteCnt{1}nHwMemAdrMatchMask{1}nLayerIndex{7}nLayerPassCount{6}nLayerPassIndex{5}nMinJet0ImgLinePos{6755}nPrtMemHwAddr{System.UInt32[]}nPrtDataOffset{System.UInt32[]}nSrcDataSize{System.UInt32[]}nPrtColBytes{System.UInt32[]}nPrtPrecession{5.333}nSrcEndCols{12000}nSrcStartCols{0}nStartEncPos{10000}nValidPassJets{1280}nValidPrtCols{12464}nValidPrtCtlCnts{1}pDataBuf{0}pNextItem{0}
2023-12-31 21:04:44,742 [AppLog] INFO : 使能Pass打印成功：IDP_DoPassPrint2：nLayerIndex{7}nPassID{5}
2023-12-31 21:04:44,744 [AppLog] INFO : PASS打印前关键状态：DEV_GetDeviceInfo：nLayerIndex{7}nPassID{5}LPPRINTER_INFO:nXSysEncDPI{5080}nStatus{909129520}nPrintStatus{0}bSuperDevice{1}
LPPRINTER_INFO-LPPrtRunInfo:bJobPrtRuning{True}bLayerPrtIsOver{False}nContReqMemErr{0}nContWDErr{0}nCurPrtDir{0}nDTLayerIndex{11}nDTLayerPassIndex{5}nDTPtrCtlIndex{0}nLayerPassCount{6}nPrintLayerIndex{7}nPrintPassIndex{5}nProcLayerIndex{11}nPrtDataMemAddr{0}nPrtState{0}nReverse{System.Int32[]}nRevPrtCols{0}
LPPRINTER_INFO-LPDRVINFO:nFMVersion{45074}nFpgaVersion{539038216}nPCBVersion{0}nState{0}nNextState{0}nPtvwarnState{0}nCrc32{0}nRevInfo{System.UInt32[]}nSignature{0}
2023-12-31 21:04:44,744 [AppLog] INFO : 创建：AutoPrintMotion1=》不需重新创建-手动操作！
2023-12-31 21:04:44,745 [AppLog] INFO : 进入：EquipmentMotionLogic3=》准备创建对象-手动操作！
2023-12-31 21:04:44,745 [AppLog] INFO : 进入：EquipmentMotionLogic3=》不需重新创建-手动操作！
2023-12-31 21:04:44,745 [AppLog] INFO : 进入：EquipmentMotionLogic3=》赋值完成自-AutoPrintMotion2！
2023-12-31 21:04:44,745 [AppLog] INFO : 进入：EquipmentMotionLogic3=》加载配置文件-LoadJsonFile成功！
2023-12-31 21:04:44,746 [AppLog] INFO : 进入：AutoPrintThread3！
2023-12-31 21:04:44,746 [AppLog] INFO : 准备读取编码器位置：X方向！
2023-12-31 21:04:44,750 [AppLog] INFO : 准备运动，当前位置：DEV_GetPrintEncoderValue：MoveDirectionFlag{false为Y方向：False}CurrentPos{26.825}AimPos{425}
2023-12-31 21:04:44,784 [AppLog] INFO : X方向运动开始：DEM_Run：返回值{True}nAxis{0}DirFlag{True}nSpeed{100000}MoveStep{398175}nCtlValue{2}
2023-12-31 21:04:48,905 [AppLog] INFO : X方向到位停止：DEM_StopAxisRun：返回值{True}CurrentPos{418.825}bImmeStop{False}nAxisMask{1}
2023-12-31 21:04:48,905 [AppLog] INFO : 准备读取编码器位置：X方向！
2023-12-31 21:04:48,906 [AppLog] INFO : 准备运动，当前位置：DEV_GetPrintEncoderValue：MoveDirectionFlag{false为Y方向：False}CurrentPos{418.93}AimPos{780}
2023-12-31 21:04:48,933 [AppLog] INFO : X方向运动开始：DEM_Run：返回值{True}nAxis{0}DirFlag{True}nSpeed{300000}MoveStep{361070}nCtlValue{2}
2023-12-31 21:04:48,983 [AppLog] INFO : 准备读取编码器位置：Y方向！
2023-12-31 21:04:48,984 [AppLog] INFO : 准备运动，编码器当前位置：DEM_GetAxisEncodeVal：MoveDirectionFlag{false为Y方向：True}CurrentPos{211.555}AimPos{121}
2023-12-31 21:04:49,357 [AppLog] INFO : Y方向运动开始：DEM_Run：返回值{True}nAxis{1}DirFlag{False}nSpeed{300000}MoveStep{-90726.239505}nCtlValue{1}
2023-12-31 21:04:50,673 [AppLog] INFO : Y方向到位等停：DEM_StopAxisRun：返回值{True}bImmeStop{False}nAxisMask{1}
2023-12-31 21:04:50,678 [AppLog] INFO : X方向到位等停：DEM_StopAxisRun：返回值{True}bImmeStop{False}nAxisMask{2}
2023-12-31 21:04:50,699 [AppLog] INFO : 开启闪喷操作：IDP_FlashPrtCtl：返回值{True}
2023-12-31 21:04:50,699 [AppLog] INFO : 进入：EquipmentMotionLogic3=》准备创建对象-手动操作！
2023-12-31 21:04:50,699 [AppLog] INFO : 进入：EquipmentMotionLogic3=》不需重新创建-手动操作！
2023-12-31 21:04:50,699 [AppLog] INFO : 进入：EquipmentMotionLogic3=》赋值完成自-AutoPrintMotion2！
2023-12-31 21:04:50,700 [AppLog] INFO : 进入：EquipmentMotionLogic3=》加载配置文件-LoadJsonFile成功！
2023-12-31 21:04:50,700 [AppLog] INFO : 进入自动铺粉逻辑：NewAutoSupplyPowderThread2
2023-12-31 21:04:50,700 [AppLog] INFO : 电气控制模块：手动打开端口14
2023-12-31 21:04:50,701 [AppLog] INFO : 电气控制模块：手动打开端口15
2023-12-31 21:04:50,776 [AppLog] INFO : 手动正向点动指令（8轴运控板卡系统） ====》：输出AXIS{第1轴},点动量{-0.1MM},运动速度{2MM/s}
2023-12-31 21:04:50,777 [AppLog] INFO : 成形面高度下降层厚 TrapSpace{0.1mm}：TrapMoveUp(1, true, Convert.ToString(vel), Convert.ToString(TrapSpace), true, true）
2023-12-31 21:04:51,552 [AppLog] INFO : 手动正向点动指令（8轴运控板卡系统） ====》：输出AXIS{第1轴},点动量{-1.5MM},运动速度{2MM/s}
2023-12-31 21:04:51,552 [AppLog] INFO : 成形面高度下降指定厚度 TrapSpace{1.5mm}：TrapMoveUp(1, true, Convert.ToString(vel), Convert.ToString(TrapSpace), true, true）
2023-12-31 21:04:51,553 [AppLog] INFO : 电气控制模块：手动关闭端口15
2023-12-31 21:04:51,553 [AppLog] INFO : 电气控制模块：手动关闭端口14
2023-12-31 21:04:51,801 [AppLog] INFO : 手动正向点动指令（8轴运控板卡系统） ====》：输出AXIS{第8轴},点动量{0.6MM},运动速度{2.5MM/s}
2023-12-31 21:04:51,802 [AppLog] INFO : Hopper落粉轴转2圈落粉，速度0.5rev/s：TrapMoveUp(8, true, 0.5, rotateNuM.ToString(), true, false)
2023-12-31 21:04:52,802 [AppLog] INFO : 开启铺粉车不等停运动，准备运动至准备打印位置215mm，速度250mm/s：BackToStation2
2023-12-31 21:04:53,671 [AppLog] INFO : 手动正向点动指令（8轴运控板卡系统） ====》：输出AXIS{第2轴},点动量{216.5MM},运动速度{250MM/s}
2023-12-31 21:04:53,671 [AppLog] INFO : 当前铺粉车位置：打印位置215mm
2023-12-31 21:04:53,673 [AppLog] INFO : 手动正向点动指令（8轴运控板卡系统） ====》：输出AXIS{第2轴},点动量{480MM},运动速度{20MM/s}
2023-12-31 21:04:53,673 [AppLog] INFO : 开启铺粉车不等停运动至准备打印位置695mm，速度20mm/s：BackToStation2
2023-12-31 21:04:53,795 [AppLog] INFO : 打开IR灯：OpenIRLamp(true)
2023-12-31 21:04:58,164 [AppLog] INFO : IR固化手动出光模式：WriteSingleRegister：SlaveNumber{1}RegisterAddress{132}RegisterValue{1}
2023-12-31 21:04:58,224 [AppLog] INFO : IR固化停止出光成功：WriteSingleRegister：SlaveNumber{1}RegisterAddress{121}目标温度{0 ℃}
2023-12-31 21:05:00,951 [AppLog] INFO : IR固化手动出光模式：WriteSingleRegister：SlaveNumber{1}RegisterAddress{132}RegisterValue{1}
2023-12-31 21:05:01,011 [AppLog] INFO : IR固化更新功率为设定值：WriteSingleRegister：SlaveNumber{1}RegisterAddress{121}目标温度{100℃}
2023-12-31 21:05:02,794 [AppLog] INFO : IR固化手动出光模式：WriteSingleRegister：SlaveNumber{1}RegisterAddress{132}RegisterValue{1}
2023-12-31 21:05:02,854 [AppLog] INFO : IR固化停止出光成功：WriteSingleRegister：SlaveNumber{1}RegisterAddress{121}目标温度{0 ℃}
2023-12-31 21:05:08,546 [AppLog] INFO : 关闭IR灯：OpenIRLamp(false)
2023-12-31 21:05:17,675 [AppLog] INFO : 开启铺粉车不等停运动至准备打印位置215mm，速度250mm/s：BackToStation2
2023-12-31 21:05:19,598 [AppLog] INFO : 手动正向点动指令（8轴运控板卡系统） ====》：输出AXIS{第2轴},点动量{-480MM},运动速度{250MM/s}
2023-12-31 21:05:19,598 [AppLog] INFO : 当前铺粉车位置：打印位置215mm
2023-12-31 21:05:19,598 [AppLog] INFO : 电气控制模块：手动打开端口14
2023-12-31 21:05:19,599 [AppLog] INFO : 电气控制模块：手动打开端口15
2023-12-31 21:05:20,374 [AppLog] INFO : 手动正向点动指令（8轴运控板卡系统） ====》：输出AXIS{第1轴},点动量{1.5MM},运动速度{2MM/s}
2023-12-31 21:05:20,375 [AppLog] INFO : 电气控制模块：手动关闭端口15
2023-12-31 21:05:20,375 [AppLog] INFO : 电气控制模块：手动关闭端口14
2023-12-31 21:05:20,375 [AppLog] INFO : 成形面高度上升层厚 TrapSpace{1.5mm}：TrapMoveUp(1, true, Convert.ToString(vel), Convert.ToString(TrapSpace), true, true）
2023-12-31 21:05:20,375 [AppLog] INFO : 开启铺粉车不等停运动，准备运动至准备打印位置215mm，速度250mm/s：BackToStation2
2023-12-31 21:05:20,377 [AppLog] INFO : 手动正向点动指令（8轴运控板卡系统） ====》：输出AXIS{第2轴},点动量{0MM},运动速度{250MM/s}
2023-12-31 21:05:20,378 [AppLog] INFO : 当前铺粉车位置：打印位置215mm
2023-12-31 21:05:20,379 [AppLog] INFO : 手动正向点动指令（8轴运控板卡系统） ====》：输出AXIS{第2轴},点动量{480MM},运动速度{50MM/s}
2023-12-31 21:05:20,379 [AppLog] INFO : 开启铺粉车不等停运动至准备打印位置695mm，速度50mm/s：BackToStation2
2023-12-31 21:05:20,512 [AppLog] INFO : 手动正向点动指令（8轴运控板卡系统） ====》：输出AXIS{第3轴},点动量{0.125MM},运动速度{1MM/s}
2023-12-31 21:05:20,512 [AppLog] INFO : 在{40mm}处，落粉轴运动{45度}，落粉轴转速{1rev/s}：TrapMoveUp(3, true, Convert.ToString(DispenseRollerSpeed), 0.5, true, true)
2023-12-31 21:05:20,513 [AppLog] INFO : 手动正向点动指令（8轴运控板卡系统） ====》：输出AXIS{第3轴},点动量{0.5MM},运动速度{0.0753424657534247MM/s}
2023-12-31 21:05:20,513 [AppLog] INFO : 开启均匀落粉及辊子铺平运动：TrapMoveUp(3, true, Convert.ToString(DispenseRollerSpeed), 0.5, true, true)
2023-12-31 21:05:28,744 [AppLog] INFO : 手动正向点动指令（8轴运控板卡系统） ====》：输出AXIS{第3轴},点动量{0.5MM},运动速度{2MM/s}
2023-12-31 21:05:28,744 [AppLog] INFO : 落粉轴继续转动以倒掉余粉：TrapMoveUp(3, true, 2, 0.5, true, false)
2023-12-31 21:05:29,982 [AppLog] INFO : 电气控制模块：手动打开端口14
2023-12-31 21:05:29,982 [AppLog] INFO : 电气控制模块：手动打开端口15
2023-12-31 21:05:30,758 [AppLog] INFO : 手动正向点动指令（8轴运控板卡系统） ====》：输出AXIS{第1轴},点动量{-1.5MM},运动速度{2MM/s}
2023-12-31 21:05:30,758 [AppLog] INFO : 电气控制模块：手动关闭端口15
2023-12-31 21:05:30,758 [AppLog] INFO : 电气控制模块：手动关闭端口14
2023-12-31 21:05:30,759 [AppLog] INFO : 成形面高度下降指定厚度 TrapSpace{1.5mm}：TrapMoveUp(1, true, Convert.ToString(vel), Convert.ToString(TrapSpace), true, true）
2023-12-31 21:05:33,549 [AppLog] INFO : 手动正向点动指令（8轴运控板卡系统） ====》：输出AXIS{第2轴},点动量{-696.5MM},运动速度{250MM/s}
2023-12-31 21:05:33,549 [AppLog] INFO : 铺粉车返回至站1：BackToStation2(AimPos, MovSpeed, true)：-1.5mm，速度250mm/s：BackToStation2
2023-12-31 21:05:34,301 [AppLog] INFO : 落粉轴回零成功：motionMap.SetBackSpreaderAxis(3, 0.5, 2, -SinkPosition)：ReturnCode{True}
2023-12-31 21:05:34,301 [AppLog] INFO : 电气控制模块：手动打开端口14
2023-12-31 21:05:34,301 [AppLog] INFO : 电气控制模块：手动打开端口15
2023-12-31 21:05:35,077 [AppLog] INFO : 手动正向点动指令（8轴运控板卡系统） ====》：输出AXIS{第1轴},点动量{1.5MM},运动速度{2MM/s}
2023-12-31 21:05:35,077 [AppLog] INFO : 电气控制模块：手动关闭端口15
2023-12-31 21:05:35,078 [AppLog] INFO : 电气控制模块：手动关闭端口14
2023-12-31 21:05:35,078 [AppLog] INFO : 成形面高度上升层厚 TrapSpace{1.5mm}：TrapMoveUp(1, true, Convert.ToString(vel), Convert.ToString(TrapSpace), true, true）
2023-12-31 21:05:35,078 [AppLog] INFO : 自动铺粉正常结束：NewAutoSupplyPowderThread2
2023-12-31 21:05:35,078 [AppLog] INFO : 发送监控指令，拍照记录1条：SendMessageFromSharedMemory
2023-12-31 21:05:35,079 [AppLog] INFO : 铺粉模式：固化结束再开启铺粉！
2023-12-31 21:05:35,079 [AppLog] INFO : 执行完成铺粉固化操作：EquipmentMotionLogic3：m_bApplyPowderSupplyMotion:0
2023-12-31 21:05:35,079 [AppLog] INFO : 接收到恢复打印指令：PrintTaskTHREAD
2023-12-31 21:05:35,080 [AppLog] INFO : 获取打印Pass数据：IDP_GetPassItem2：nLayerIndex{8}nPassID{0}nProcState{3}LPPassDataItemb:PrtDir{False}nDataTxCompleteCnt{1}nHwMemAdrMatchMask{1}nLayerIndex{8}nLayerPassCount{6}nLayerPassIndex{0}nMinJet0ImgLinePos{355}nPrtMemHwAddr{System.UInt32[]}nPrtDataOffset{System.UInt32[]}nSrcDataSize{System.UInt32[]}nPrtColBytes{System.UInt32[]}nPrtPrecession{5.333}nSrcEndCols{12000}nSrcStartCols{0}nStartEncPos{76505}nValidPassJets{1280}nValidPrtCols{12464}nValidPrtCtlCnts{1}pDataBuf{0}pNextItem{821043232}
2023-12-31 21:05:35,090 [AppLog] INFO : 使能Pass打印成功：IDP_DoPassPrint2：nLayerIndex{8}nPassID{0}
2023-12-31 21:05:35,096 [AppLog] INFO : PASS打印前关键状态：DEV_GetDeviceInfo：nLayerIndex{8}nPassID{0}LPPRINTER_INFO:nXSysEncDPI{5080}nStatus{909129520}nPrintStatus{0}bSuperDevice{1}
LPPRINTER_INFO-LPPrtRunInfo:bJobPrtRuning{True}bLayerPrtIsOver{False}nContReqMemErr{0}nContWDErr{0}nCurPrtDir{0}nDTLayerIndex{11}nDTLayerPassIndex{5}nDTPtrCtlIndex{0}nLayerPassCount{6}nPrintLayerIndex{8}nPrintPassIndex{0}nProcLayerIndex{11}nPrtDataMemAddr{0}nPrtState{0}nReverse{System.Int32[]}nRevPrtCols{0}
LPPRINTER_INFO-LPDRVINFO:nFMVersion{45074}nFpgaVersion{539038216}nPCBVersion{0}nState{0}nNextState{0}nPtvwarnState{0}nCrc32{0}nRevInfo{System.UInt32[]}nSignature{0}
2023-12-31 21:05:35,097 [AppLog] INFO : 创建：AutoPrintMotion1=》不需重新创建-手动操作！
2023-12-31 21:05:35,097 [AppLog] INFO : 进入：EquipmentMotionLogic3=》准备创建对象-手动操作！
2023-12-31 21:05:35,098 [AppLog] INFO : 进入：EquipmentMotionLogic3=》不需重新创建-手动操作！
2023-12-31 21:05:35,098 [AppLog] INFO : 进入：EquipmentMotionLogic3=》赋值完成自-AutoPrintMotion2！
2023-12-31 21:05:35,098 [AppLog] INFO : 进入：EquipmentMotionLogic3=》加载配置文件-LoadJsonFile成功！
2023-12-31 21:05:35,098 [AppLog] INFO : 进入自动清洗过程：AutoCleanThread
2023-12-31 21:05:35,442 [AppLog] INFO : 刮墨轴回零成功：motionMap.SetBackSpreaderAxis(4, 1, 2, -SinkHomePosition)
2023-12-31 21:05:35,442 [AppLog] INFO : 准备读取编码器位置：Y方向！
2023-12-31 21:05:35,445 [AppLog] INFO : 准备运动，编码器当前位置：DEM_GetAxisEncodeVal：MoveDirectionFlag{false为Y方向：True}CurrentPos{121.06}AimPos{116}
2023-12-31 21:05:35,578 [AppLog] INFO : Y方向运动开始：DEM_Run：返回值{True}nAxis{1}DirFlag{False}nSpeed{300000}MoveStep{-5069.56846}nCtlValue{1}
2023-12-31 21:05:35,634 [AppLog] INFO : Y方向到位停止：DEM_StopAxisRun：返回值{True}CurrentPos{116.795}bImmeStop{False}nAxisMask{2}
2023-12-31 21:05:35,635 [AppLog] INFO : 准备读取编码器位置：X方向！
2023-12-31 21:05:35,637 [AppLog] INFO : 准备运动，当前位置：DEV_GetPrintEncoderValue：MoveDirectionFlag{false为Y方向：False}CurrentPos{784.205}AimPos{780}
2023-12-31 21:05:35,672 [AppLog] INFO : X方向运动开始：DEM_Run：返回值{True}nAxis{0}DirFlag{False}nSpeed{300000}MoveStep{-4205.00000000004}nCtlValue{2}
2023-12-31 21:05:35,844 [AppLog] INFO : X方向到位停止：DEM_StopAxisRun：返回值{True}CurrentPos{783.08}bImmeStop{False}nAxisMask{1}
2023-12-31 21:05:37,054 [AppLog] INFO : 开启压墨： motionMap.SetDo(13, true)
2023-12-31 21:05:38,354 [AppLog] INFO : 关闭压墨： motionMap.SetDo(13, false)
2023-12-31 21:05:38,354 [AppLog] INFO : 压墨等待开启：{3.5S}
2023-12-31 21:05:41,854 [AppLog] INFO : 压墨等待完成：{3.5S}
2023-12-31 21:05:41,854 [AppLog] INFO : 准备读取编码器位置：X方向！
2023-12-31 21:05:41,855 [AppLog] INFO : 准备运动，当前位置：DEV_GetPrintEncoderValue：MoveDirectionFlag{false为Y方向：False}CurrentPos{780.44}AimPos{680}
2023-12-31 21:05:41,880 [AppLog] INFO : X方向运动开始：DEM_Run：返回值{True}nAxis{0}DirFlag{False}nSpeed{200000}MoveStep{-100440}nCtlValue{2}
2023-12-31 21:05:42,771 [AppLog] INFO : X方向到位停止：DEM_StopAxisRun：返回值{True}CurrentPos{682.78}bImmeStop{False}nAxisMask{1}
2023-12-31 21:05:43,323 [AppLog] INFO : 结束自动清洗过程：AutoCleanThread
2023-12-31 21:05:43,323 [AppLog] INFO : 进入：EquipmentMotionLogic3=》准备创建对象-手动操作！
2023-12-31 21:05:43,323 [AppLog] INFO : 进入：EquipmentMotionLogic3=》不需重新创建-手动操作！
2023-12-31 21:05:43,323 [AppLog] INFO : 进入：EquipmentMotionLogic3=》赋值完成自-AutoPrintMotion2！
2023-12-31 21:05:43,327 [AppLog] INFO : 进入：EquipmentMotionLogic3=》加载配置文件-LoadJsonFile成功！
2023-12-31 21:05:43,328 [AppLog] INFO : 进入：AutoPrintThread3！
2023-12-31 21:05:43,353 [AppLog] INFO : 关闭闪喷操作：IDP_FlashPrtCtl：返回值{True}
2023-12-31 21:05:43,353 [AppLog] INFO : 准备读取编码器位置：Y方向！
2023-12-31 21:05:43,356 [AppLog] INFO : 准备运动，编码器当前位置：DEM_GetAxisEncodeVal：MoveDirectionFlag{false为Y方向：True}CurrentPos{115.97}AimPos{91}
2023-12-31 21:05:43,539 [AppLog] INFO : Y方向运动开始：DEM_Run：返回值{True}nAxis{1}DirFlag{False}nSpeed{300000}MoveStep{-25017.21827}nCtlValue{1}
2023-12-31 21:05:43,590 [AppLog] INFO : 准备读取编码器位置：X方向！
2023-12-31 21:05:43,593 [AppLog] INFO : 准备运动，当前位置：DEV_GetPrintEncoderValue：MoveDirectionFlag{false为Y方向：False}CurrentPos{680.14}AimPos{425}
2023-12-31 21:05:43,627 [AppLog] INFO : X方向运动开始：DEM_Run：返回值{True}nAxis{0}DirFlag{False}nSpeed{300000}MoveStep{-255140}nCtlValue{2}
2023-12-31 21:05:45,033 [AppLog] INFO : X方向到位停止：DEM_StopAxisRun：返回值{True}CurrentPos{429.665}bImmeStop{False}nAxisMask{1}
2023-12-31 21:05:45,033 [AppLog] INFO : 准备读取编码器位置：X方向！
2023-12-31 21:05:45,041 [AppLog] INFO : 准备运动，当前位置：DEV_GetPrintEncoderValue：MoveDirectionFlag{false为Y方向：False}CurrentPos{429.175}AimPos{25}
2023-12-31 21:05:45,078 [AppLog] INFO : X方向运动开始：DEM_Run：返回值{True}nAxis{0}DirFlag{False}nSpeed{100000}MoveStep{-404175}nCtlValue{2}
2023-12-31 21:05:49,263 [AppLog] INFO : X方向到位停止：DEM_StopAxisRun：返回值{True}CurrentPos{25.625}bImmeStop{False}nAxisMask{1}
2023-12-31 21:05:49,263 [AppLog] INFO : 准备读取编码器位置：Y方向！
2023-12-31 21:05:49,264 [AppLog] INFO : 准备运动，编码器当前位置：DEM_GetAxisEncodeVal：MoveDirectionFlag{false为Y方向：True}CurrentPos{91.005}AimPos{101.021166666667}
2023-12-31 21:05:49,387 [AppLog] INFO : Y方向运动开始：DEM_Run：返回值{True}nAxis{1}DirFlag{True}nSpeed{100000}MoveStep{10035.1072378333}nCtlValue{1}
2023-12-31 21:05:49,446 [AppLog] INFO : Y方向到位停止：DEM_StopAxisRun：返回值{True}CurrentPos{97.48}bImmeStop{False}nAxisMask{2}
2023-12-31 21:05:49,446 [AppLog] INFO : 获取打印Pass数据：IDP_GetPassItem2：nLayerIndex{8}nPassID{1}nProcState{3}LPPassDataItemb:PrtDir{True}nDataTxCompleteCnt{1}nHwMemAdrMatchMask{1}nLayerIndex{8}nLayerPassCount{6}nLayerPassIndex{1}nMinJet0ImgLinePos{1635}nPrtMemHwAddr{System.UInt32[]}nPrtDataOffset{System.UInt32[]}nSrcDataSize{System.UInt32[]}nPrtColBytes{System.UInt32[]}nPrtPrecession{5.333}nSrcEndCols{12000}nSrcStartCols{0}nStartEncPos{10000}nValidPassJets{1280}nValidPrtCols{12464}nValidPrtCtlCnts{1}pDataBuf{0}pNextItem{821200256}
2023-12-31 21:05:49,462 [AppLog] INFO : 使能Pass打印成功：IDP_DoPassPrint2：nLayerIndex{8}nPassID{1}
2023-12-31 21:05:49,466 [AppLog] INFO : PASS打印前关键状态：DEV_GetDeviceInfo：nLayerIndex{8}nPassID{1}LPPRINTER_INFO:nXSysEncDPI{5080}nStatus{909129520}nPrintStatus{0}bSuperDevice{1}
LPPRINTER_INFO-LPPrtRunInfo:bJobPrtRuning{True}bLayerPrtIsOver{False}nContReqMemErr{0}nContWDErr{0}nCurPrtDir{0}nDTLayerIndex{11}nDTLayerPassIndex{5}nDTPtrCtlIndex{0}nLayerPassCount{6}nPrintLayerIndex{8}nPrintPassIndex{1}nProcLayerIndex{11}nPrtDataMemAddr{0}nPrtState{0}nReverse{System.Int32[]}nRevPrtCols{0}
LPPRINTER_INFO-LPDRVINFO:nFMVersion{45074}nFpgaVersion{539038216}nPCBVersion{0}nState{0}nNextState{0}nPtvwarnState{0}nCrc32{0}nRevInfo{System.UInt32[]}nSignature{0}
2023-12-31 21:05:49,466 [AppLog] INFO : 创建：AutoPrintMotion1=》不需重新创建-手动操作！
2023-12-31 21:05:49,467 [AppLog] INFO : 进入：EquipmentMotionLogic3=》准备创建对象-手动操作！
2023-12-31 21:05:49,467 [AppLog] INFO : 进入：EquipmentMotionLogic3=》不需重新创建-手动操作！
2023-12-31 21:05:49,467 [AppLog] INFO : 进入：EquipmentMotionLogic3=》赋值完成自-AutoPrintMotion2！
2023-12-31 21:05:49,468 [AppLog] INFO : 进入：EquipmentMotionLogic3=》加载配置文件-LoadJsonFile成功！
2023-12-31 21:05:49,468 [AppLog] INFO : 进入：AutoPrintThread3！
2023-12-31 21:05:49,468 [AppLog] INFO : 准备读取编码器位置：X方向！
2023-12-31 21:05:49,472 [AppLog] INFO : 准备运动，当前位置：DEV_GetPrintEncoderValue：MoveDirectionFlag{false为Y方向：False}CurrentPos{22.105}AimPos{425}
2023-12-31 21:05:49,508 [AppLog] INFO : X方向运动开始：DEM_Run：返回值{True}nAxis{0}DirFlag{True}nSpeed{100000}MoveStep{402895}nCtlValue{2}
2023-12-31 21:05:53,687 [AppLog] INFO : X方向到位停止：DEM_StopAxisRun：返回值{True}CurrentPos{419.59}bImmeStop{False}nAxisMask{1}
2023-12-31 21:05:53,687 [AppLog] INFO : 准备读取编码器位置：Y方向！
2023-12-31 21:05:53,691 [AppLog] INFO : 准备运动，编码器当前位置：DEM_GetAxisEncodeVal：MoveDirectionFlag{false为Y方向：True}CurrentPos{101.015}AimPos{145}
2023-12-31 21:05:54,165 [AppLog] INFO : Y方向运动开始：DEM_Run：返回值{True}nAxis{1}DirFlag{True}nSpeed{100000}MoveStep{44068.175635}nCtlValue{1}
2023-12-31 21:05:54,222 [AppLog] INFO : Y方向到位停止：DEM_StopAxisRun：返回值{True}CurrentPos{142.005}bImmeStop{False}nAxisMask{2}
2023-12-31 21:05:54,222 [AppLog] INFO : 获取打印Pass数据：IDP_GetPassItem2：nLayerIndex{8}nPassID{2}nProcState{3}LPPassDataItemb:PrtDir{False}nDataTxCompleteCnt{1}nHwMemAdrMatchMask{1}nLayerIndex{8}nLayerPassCount{6}nLayerPassIndex{2}nMinJet0ImgLinePos{2915}nPrtMemHwAddr{System.UInt32[]}nPrtDataOffset{System.UInt32[]}nSrcDataSize{System.UInt32[]}nPrtColBytes{System.UInt32[]}nPrtPrecession{5.333}nSrcEndCols{12000}nSrcStartCols{0}nStartEncPos{76505}nValidPassJets{1280}nValidPrtCols{12464}nValidPrtCtlCnts{1}pDataBuf{0}pNextItem{821200416}
2023-12-31 21:05:54,238 [AppLog] INFO : 使能Pass打印成功：IDP_DoPassPrint2：nLayerIndex{8}nPassID{2}
2023-12-31 21:05:54,242 [AppLog] INFO : PASS打印前关键状态：DEV_GetDeviceInfo：nLayerIndex{8}nPassID{2}LPPRINTER_INFO:nXSysEncDPI{5080}nStatus{909129520}nPrintStatus{0}bSuperDevice{1}
LPPRINTER_INFO-LPPrtRunInfo:bJobPrtRuning{True}bLayerPrtIsOver{False}nContReqMemErr{0}nContWDErr{0}nCurPrtDir{0}nDTLayerIndex{11}nDTLayerPassIndex{5}nDTPtrCtlIndex{0}nLayerPassCount{6}nPrintLayerIndex{8}nPrintPassIndex{2}nProcLayerIndex{11}nPrtDataMemAddr{0}nPrtState{0}nReverse{System.Int32[]}nRevPrtCols{0}
LPPRINTER_INFO-LPDRVINFO:nFMVersion{45074}nFpgaVersion{539038216}nPCBVersion{0}nState{0}nNextState{0}nPtvwarnState{0}nCrc32{0}nRevInfo{System.UInt32[]}nSignature{0}
2023-12-31 21:05:54,242 [AppLog] INFO : 创建：AutoPrintMotion1=》不需重新创建-手动操作！
2023-12-31 21:05:54,242 [AppLog] INFO : 进入：EquipmentMotionLogic3=》准备创建对象-手动操作！
2023-12-31 21:05:54,243 [AppLog] INFO : 进入：EquipmentMotionLogic3=》不需重新创建-手动操作！
2023-12-31 21:05:54,243 [AppLog] INFO : 进入：EquipmentMotionLogic3=》赋值完成自-AutoPrintMotion2！
2023-12-31 21:05:54,243 [AppLog] INFO : 进入：EquipmentMotionLogic3=》加载配置文件-LoadJsonFile成功！
2023-12-31 21:05:54,243 [AppLog] INFO : 进入：AutoPrintThread3！
2023-12-31 21:05:54,244 [AppLog] INFO : 准备读取编码器位置：X方向！
2023-12-31 21:05:54,267 [AppLog] INFO : 准备运动，当前位置：DEV_GetPrintEncoderValue：MoveDirectionFlag{false为Y方向：False}CurrentPos{423.19}AimPos{25}
2023-12-31 21:05:54,314 [AppLog] INFO : X方向运动开始：DEM_Run：返回值{True}nAxis{0}DirFlag{False}nSpeed{100000}MoveStep{-398190}nCtlValue{2}
2023-12-31 21:05:58,440 [AppLog] INFO : X方向到位停止：DEM_StopAxisRun：返回值{True}CurrentPos{30.375}bImmeStop{False}nAxisMask{1}
2023-12-31 21:05:58,440 [AppLog] INFO : 准备读取编码器位置：Y方向！
2023-12-31 21:05:58,441 [AppLog] INFO : 准备运动，编码器当前位置：DEM_GetAxisEncodeVal：MoveDirectionFlag{false为Y方向：True}CurrentPos{144.995}AimPos{155.021166666667}
2023-12-31 21:05:58,570 [AppLog] INFO : Y方向运动开始：DEM_Run：返回值{True}nAxis{1}DirFlag{True}nSpeed{100000}MoveStep{10045.1261478333}nCtlValue{1}
2023-12-31 21:05:58,625 [AppLog] INFO : Y方向到位停止：DEM_StopAxisRun：返回值{True}CurrentPos{151.995}bImmeStop{False}nAxisMask{2}
2023-12-31 21:05:58,626 [AppLog] INFO : 获取打印Pass数据：IDP_GetPassItem2：nLayerIndex{8}nPassID{3}nProcState{3}LPPassDataItemb:PrtDir{True}nDataTxCompleteCnt{1}nHwMemAdrMatchMask{1}nLayerIndex{8}nLayerPassCount{6}nLayerPassIndex{3}nMinJet0ImgLinePos{4195}nPrtMemHwAddr{System.UInt32[]}nPrtDataOffset{System.UInt32[]}nSrcDataSize{System.UInt32[]}nPrtColBytes{System.UInt32[]}nPrtPrecession{5.333}nSrcEndCols{12000}nSrcStartCols{0}nStartEncPos{10000}nValidPassJets{1280}nValidPrtCols{12464}nValidPrtCtlCnts{1}pDataBuf{0}pNextItem{821200576}
2023-12-31 21:05:58,637 [AppLog] INFO : 使能Pass打印成功：IDP_DoPassPrint2：nLayerIndex{8}nPassID{3}
2023-12-31 21:05:58,643 [AppLog] INFO : PASS打印前关键状态：DEV_GetDeviceInfo：nLayerIndex{8}nPassID{3}LPPRINTER_INFO:nXSysEncDPI{5080}nStatus{909129520}nPrintStatus{0}bSuperDevice{1}
LPPRINTER_INFO-LPPrtRunInfo:bJobPrtRuning{True}bLayerPrtIsOver{False}nContReqMemErr{0}nContWDErr{0}nCurPrtDir{0}nDTLayerIndex{11}nDTLayerPassIndex{5}nDTPtrCtlIndex{0}nLayerPassCount{6}nPrintLayerIndex{8}nPrintPassIndex{3}nProcLayerIndex{11}nPrtDataMemAddr{0}nPrtState{0}nReverse{System.Int32[]}nRevPrtCols{0}
LPPRINTER_INFO-LPDRVINFO:nFMVersion{45074}nFpgaVersion{539038216}nPCBVersion{0}nState{0}nNextState{0}nPtvwarnState{0}nCrc32{0}nRevInfo{System.UInt32[]}nSignature{0}
2023-12-31 21:05:58,644 [AppLog] INFO : 创建：AutoPrintMotion1=》不需重新创建-手动操作！
2023-12-31 21:05:58,644 [AppLog] INFO : 进入：EquipmentMotionLogic3=》准备创建对象-手动操作！
2023-12-31 21:05:58,644 [AppLog] INFO : 进入：EquipmentMotionLogic3=》不需重新创建-手动操作！
2023-12-31 21:05:58,644 [AppLog] INFO : 进入：EquipmentMotionLogic3=》赋值完成自-AutoPrintMotion2！
2023-12-31 21:05:58,645 [AppLog] INFO : 进入：EquipmentMotionLogic3=》加载配置文件-LoadJsonFile成功！
2023-12-31 21:05:58,645 [AppLog] INFO : 进入：AutoPrintThread3！
2023-12-31 21:05:58,645 [AppLog] INFO : 准备读取编码器位置：X方向！
2023-12-31 21:05:58,647 [AppLog] INFO : 准备运动，当前位置：DEV_GetPrintEncoderValue：MoveDirectionFlag{false为Y方向：False}CurrentPos{26.915}AimPos{425}
2023-12-31 21:05:58,682 [AppLog] INFO : X方向运动开始：DEM_Run：返回值{True}nAxis{0}DirFlag{True}nSpeed{100000}MoveStep{398085}nCtlValue{2}
2023-12-31 21:06:02,810 [AppLog] INFO : X方向到位停止：DEM_StopAxisRun：返回值{True}CurrentPos{419.3}bImmeStop{False}nAxisMask{1}
2023-12-31 21:06:02,811 [AppLog] INFO : 准备读取编码器位置：Y方向！
2023-12-31 21:06:02,813 [AppLog] INFO : 准备运动，编码器当前位置：DEM_GetAxisEncodeVal：MoveDirectionFlag{false为Y方向：True}CurrentPos{155}AimPos{199}
2023-12-31 21:06:03,285 [AppLog] INFO : Y方向运动开始：DEM_Run：返回值{True}nAxis{1}DirFlag{True}nSpeed{100000}MoveStep{44083.204}nCtlValue{1}
2023-12-31 21:06:03,341 [AppLog] INFO : Y方向到位停止：DEM_StopAxisRun：返回值{True}CurrentPos{195.28}bImmeStop{False}nAxisMask{2}
2023-12-31 21:06:03,341 [AppLog] INFO : 获取打印Pass数据：IDP_GetPassItem2：nLayerIndex{8}nPassID{4}nProcState{3}LPPassDataItemb:PrtDir{False}nDataTxCompleteCnt{1}nHwMemAdrMatchMask{1}nLayerIndex{8}nLayerPassCount{6}nLayerPassIndex{4}nMinJet0ImgLinePos{5475}nPrtMemHwAddr{System.UInt32[]}nPrtDataOffset{System.UInt32[]}nSrcDataSize{System.UInt32[]}nPrtColBytes{System.UInt32[]}nPrtPrecession{5.333}nSrcEndCols{12000}nSrcStartCols{0}nStartEncPos{76505}nValidPassJets{1280}nValidPrtCols{12464}nValidPrtCtlCnts{1}pDataBuf{0}pNextItem{821200736}
2023-12-31 21:06:03,352 [AppLog] INFO : 使能Pass打印成功：IDP_DoPassPrint2：nLayerIndex{8}nPassID{4}
2023-12-31 21:06:03,361 [AppLog] INFO : PASS打印前关键状态：DEV_GetDeviceInfo：nLayerIndex{8}nPassID{4}LPPRINTER_INFO:nXSysEncDPI{5080}nStatus{909129520}nPrintStatus{0}bSuperDevice{1}
LPPRINTER_INFO-LPPrtRunInfo:bJobPrtRuning{True}bLayerPrtIsOver{False}nContReqMemErr{0}nContWDErr{0}nCurPrtDir{0}nDTLayerIndex{11}nDTLayerPassIndex{5}nDTPtrCtlIndex{0}nLayerPassCount{6}nPrintLayerIndex{8}nPrintPassIndex{4}nProcLayerIndex{11}nPrtDataMemAddr{0}nPrtState{0}nReverse{System.Int32[]}nRevPrtCols{0}
LPPRINTER_INFO-LPDRVINFO:nFMVersion{45074}nFpgaVersion{539038216}nPCBVersion{0}nState{0}nNextState{0}nPtvwarnState{0}nCrc32{0}nRevInfo{System.UInt32[]}nSignature{0}
2023-12-31 21:06:03,361 [AppLog] INFO : 创建：AutoPrintMotion1=》不需重新创建-手动操作！
2023-12-31 21:06:03,362 [AppLog] INFO : 进入：EquipmentMotionLogic3=》准备创建对象-手动操作！
2023-12-31 21:06:03,362 [AppLog] INFO : 进入：EquipmentMotionLogic3=》不需重新创建-手动操作！
2023-12-31 21:06:03,362 [AppLog] INFO : 进入：EquipmentMotionLogic3=》赋值完成自-AutoPrintMotion2！
2023-12-31 21:06:03,363 [AppLog] INFO : 进入：EquipmentMotionLogic3=》加载配置文件-LoadJsonFile成功！
2023-12-31 21:06:03,363 [AppLog] INFO : 进入：AutoPrintThread3！
2023-12-31 21:06:03,363 [AppLog] INFO : 准备读取编码器位置：X方向！
2023-12-31 21:06:03,397 [AppLog] INFO : 准备运动，当前位置：DEV_GetPrintEncoderValue：MoveDirectionFlag{false为Y方向：False}CurrentPos{423.08}AimPos{25}
2023-12-31 21:06:03,424 [AppLog] INFO : X方向运动开始：DEM_Run：返回值{True}nAxis{0}DirFlag{False}nSpeed{100000}MoveStep{-398080}nCtlValue{2}
2023-12-31 21:06:07,569 [AppLog] INFO : X方向到位停止：DEM_StopAxisRun：返回值{True}CurrentPos{29.595}bImmeStop{False}nAxisMask{1}
2023-12-31 21:06:07,569 [AppLog] INFO : 准备读取编码器位置：Y方向！
2023-12-31 21:06:07,573 [AppLog] INFO : 准备运动，编码器当前位置：DEM_GetAxisEncodeVal：MoveDirectionFlag{false为Y方向：True}CurrentPos{198.985}AimPos{209.021166666667}
2023-12-31 21:06:07,710 [AppLog] INFO : Y方向运动开始：DEM_Run：返回值{True}nAxis{1}DirFlag{True}nSpeed{100000}MoveStep{10055.1450578333}nCtlValue{1}
2023-12-31 21:06:07,773 [AppLog] INFO : Y方向到位停止：DEM_StopAxisRun：返回值{True}CurrentPos{206.375}bImmeStop{False}nAxisMask{2}
2023-12-31 21:06:07,773 [AppLog] INFO : 获取打印Pass数据：IDP_GetPassItem2：nLayerIndex{8}nPassID{5}nProcState{3}LPPassDataItemb:PrtDir{True}nDataTxCompleteCnt{1}nHwMemAdrMatchMask{1}nLayerIndex{8}nLayerPassCount{6}nLayerPassIndex{5}nMinJet0ImgLinePos{6755}nPrtMemHwAddr{System.UInt32[]}nPrtDataOffset{System.UInt32[]}nSrcDataSize{System.UInt32[]}nPrtColBytes{System.UInt32[]}nPrtPrecession{5.333}nSrcEndCols{12000}nSrcStartCols{0}nStartEncPos{10000}nValidPassJets{1280}nValidPrtCols{12464}nValidPrtCtlCnts{1}pDataBuf{0}pNextItem{0}
2023-12-31 21:06:07,785 [AppLog] INFO : 使能Pass打印成功：IDP_DoPassPrint2：nLayerIndex{8}nPassID{5}
2023-12-31 21:06:07,789 [AppLog] INFO : PASS打印前关键状态：DEV_GetDeviceInfo：nLayerIndex{8}nPassID{5}LPPRINTER_INFO:nXSysEncDPI{5080}nStatus{909129520}nPrintStatus{0}bSuperDevice{1}
LPPRINTER_INFO-LPPrtRunInfo:bJobPrtRuning{True}bLayerPrtIsOver{False}nContReqMemErr{0}nContWDErr{0}nCurPrtDir{0}nDTLayerIndex{11}nDTLayerPassIndex{5}nDTPtrCtlIndex{0}nLayerPassCount{6}nPrintLayerIndex{8}nPrintPassIndex{5}nProcLayerIndex{11}nPrtDataMemAddr{0}nPrtState{0}nReverse{System.Int32[]}nRevPrtCols{0}
LPPRINTER_INFO-LPDRVINFO:nFMVersion{45074}nFpgaVersion{539038216}nPCBVersion{0}nState{0}nNextState{0}nPtvwarnState{0}nCrc32{0}nRevInfo{System.UInt32[]}nSignature{0}
2023-12-31 21:06:07,789 [AppLog] INFO : 创建：AutoPrintMotion1=》不需重新创建-手动操作！
2023-12-31 21:06:07,790 [AppLog] INFO : 进入：EquipmentMotionLogic3=》准备创建对象-手动操作！
2023-12-31 21:06:07,790 [AppLog] INFO : 进入：EquipmentMotionLogic3=》不需重新创建-手动操作！
2023-12-31 21:06:07,790 [AppLog] INFO : 进入：EquipmentMotionLogic3=》赋值完成自-AutoPrintMotion2！
2023-12-31 21:06:07,790 [AppLog] INFO : 进入：EquipmentMotionLogic3=》加载配置文件-LoadJsonFile成功！
2023-12-31 21:06:07,791 [AppLog] INFO : 进入：AutoPrintThread3！
2023-12-31 21:06:07,791 [AppLog] INFO : 准备读取编码器位置：X方向！
2023-12-31 21:06:07,798 [AppLog] INFO : 准备运动，当前位置：DEV_GetPrintEncoderValue：MoveDirectionFlag{false为Y方向：False}CurrentPos{26.905}AimPos{425}
2023-12-31 21:06:07,823 [AppLog] INFO : X方向运动开始：DEM_Run：返回值{True}nAxis{0}DirFlag{True}nSpeed{100000}MoveStep{398095}nCtlValue{2}
2023-12-31 21:06:11,951 [AppLog] INFO : X方向到位停止：DEM_StopAxisRun：返回值{True}CurrentPos{419.13}bImmeStop{False}nAxisMask{1}
2023-12-31 21:06:11,951 [AppLog] INFO : 准备读取编码器位置：X方向！
2023-12-31 21:06:11,954 [AppLog] INFO : 准备运动，当前位置：DEV_GetPrintEncoderValue：MoveDirectionFlag{false为Y方向：False}CurrentPos{419.315}AimPos{780}
2023-12-31 21:06:11,973 [AppLog] INFO : X方向运动开始：DEM_Run：返回值{True}nAxis{0}DirFlag{True}nSpeed{300000}MoveStep{360685}nCtlValue{2}
2023-12-31 21:06:12,023 [AppLog] INFO : 准备读取编码器位置：Y方向！
2023-12-31 21:06:12,024 [AppLog] INFO : 准备运动，编码器当前位置：DEM_GetAxisEncodeVal：MoveDirectionFlag{false为Y方向：True}CurrentPos{209.01}AimPos{121}
2023-12-31 21:06:12,381 [AppLog] INFO : Y方向运动开始：DEM_Run：返回值{True}nAxis{1}DirFlag{False}nSpeed{300000}MoveStep{-88176.42691}nCtlValue{1}
2023-12-31 21:06:13,717 [AppLog] INFO : Y方向到位等停：DEM_StopAxisRun：返回值{True}bImmeStop{False}nAxisMask{1}
2023-12-31 21:06:13,722 [AppLog] INFO : X方向到位等停：DEM_StopAxisRun：返回值{True}bImmeStop{False}nAxisMask{2}
2023-12-31 21:06:13,749 [AppLog] INFO : 开启闪喷操作：IDP_FlashPrtCtl：返回值{True}
2023-12-31 21:06:13,749 [AppLog] INFO : 进入：EquipmentMotionLogic3=》准备创建对象-手动操作！
2023-12-31 21:06:13,750 [AppLog] INFO : 进入：EquipmentMotionLogic3=》不需重新创建-手动操作！
2023-12-31 21:06:13,750 [AppLog] INFO : 进入：EquipmentMotionLogic3=》赋值完成自-AutoPrintMotion2！
2023-12-31 21:06:13,750 [AppLog] INFO : 进入：EquipmentMotionLogic3=》加载配置文件-LoadJsonFile成功！
2023-12-31 21:06:13,750 [AppLog] INFO : 进入自动铺粉逻辑：NewAutoSupplyPowderThread2
2023-12-31 21:06:13,751 [AppLog] INFO : 电气控制模块：手动打开端口14
2023-12-31 21:06:13,751 [AppLog] INFO : 电气控制模块：手动打开端口15
2023-12-31 21:06:13,827 [AppLog] INFO : 手动正向点动指令（8轴运控板卡系统） ====》：输出AXIS{第1轴},点动量{-0.1MM},运动速度{2MM/s}
2023-12-31 21:06:13,827 [AppLog] INFO : 成形面高度下降层厚 TrapSpace{0.1mm}：TrapMoveUp(1, true, Convert.ToString(vel), Convert.ToString(TrapSpace), true, true）
2023-12-31 21:06:14,602 [AppLog] INFO : 手动正向点动指令（8轴运控板卡系统） ====》：输出AXIS{第1轴},点动量{-1.5MM},运动速度{2MM/s}
2023-12-31 21:06:14,603 [AppLog] INFO : 成形面高度下降指定厚度 TrapSpace{1.5mm}：TrapMoveUp(1, true, Convert.ToString(vel), Convert.ToString(TrapSpace), true, true）
2023-12-31 21:06:14,603 [AppLog] INFO : 电气控制模块：手动关闭端口15
2023-12-31 21:06:14,603 [AppLog] INFO : 电气控制模块：手动关闭端口14
2023-12-31 21:06:14,852 [AppLog] INFO : 手动正向点动指令（8轴运控板卡系统） ====》：输出AXIS{第8轴},点动量{0.6MM},运动速度{2.5MM/s}
2023-12-31 21:06:14,852 [AppLog] INFO : Hopper落粉轴转2圈落粉，速度0.5rev/s：TrapMoveUp(8, true, 0.5, rotateNuM.ToString(), true, false)
2023-12-31 21:06:15,852 [AppLog] INFO : 开启铺粉车不等停运动，准备运动至准备打印位置215mm，速度250mm/s：BackToStation2
2023-12-31 21:06:16,721 [AppLog] INFO : 手动正向点动指令（8轴运控板卡系统） ====》：输出AXIS{第2轴},点动量{216.5MM},运动速度{250MM/s}
2023-12-31 21:06:16,721 [AppLog] INFO : 当前铺粉车位置：打印位置215mm
2023-12-31 21:06:16,723 [AppLog] INFO : 手动正向点动指令（8轴运控板卡系统） ====》：输出AXIS{第2轴},点动量{480MM},运动速度{20MM/s}
2023-12-31 21:06:16,723 [AppLog] INFO : 开启铺粉车不等停运动至准备打印位置695mm，速度20mm/s：BackToStation2
2023-12-31 21:06:16,848 [AppLog] INFO : 打开IR灯：OpenIRLamp(true)
2023-12-31 21:06:16,908 [AppLog] INFO : IR固化手动出光模式：WriteSingleRegister：SlaveNumber{1}RegisterAddress{132}RegisterValue{1}
2023-12-31 21:06:16,968 [AppLog] INFO : IR固化停止出光成功：WriteSingleRegister：SlaveNumber{1}RegisterAddress{121}目标温度{0 ℃}
2023-12-31 21:06:21,397 [AppLog] INFO : IR固化手动出光模式：WriteSingleRegister：SlaveNumber{1}RegisterAddress{132}RegisterValue{1}
2023-12-31 21:06:21,457 [AppLog] INFO : IR固化更新功率为设定值：WriteSingleRegister：SlaveNumber{1}RegisterAddress{121}目标温度{100℃}
2023-12-31 21:06:25,525 [AppLog] INFO : IR固化手动出光模式：WriteSingleRegister：SlaveNumber{1}RegisterAddress{132}RegisterValue{1}
2023-12-31 21:06:25,585 [AppLog] INFO : IR固化停止出光成功：WriteSingleRegister：SlaveNumber{1}RegisterAddress{121}目标温度{0 ℃}
2023-12-31 21:06:31,598 [AppLog] INFO : 关闭IR灯：OpenIRLamp(false)
2023-12-31 21:06:40,725 [AppLog] INFO : 开启铺粉车不等停运动至准备打印位置215mm，速度250mm/s：BackToStation2
2023-12-31 21:06:42,648 [AppLog] INFO : 手动正向点动指令（8轴运控板卡系统） ====》：输出AXIS{第2轴},点动量{-480MM},运动速度{250MM/s}
2023-12-31 21:06:42,648 [AppLog] INFO : 当前铺粉车位置：打印位置215mm
2023-12-31 21:06:42,648 [AppLog] INFO : 电气控制模块：手动打开端口14
2023-12-31 21:06:42,649 [AppLog] INFO : 电气控制模块：手动打开端口15
2023-12-31 21:06:43,425 [AppLog] INFO : 手动正向点动指令（8轴运控板卡系统） ====》：输出AXIS{第1轴},点动量{1.5MM},运动速度{2MM/s}
2023-12-31 21:06:43,426 [AppLog] INFO : 电气控制模块：手动关闭端口15
2023-12-31 21:06:43,426 [AppLog] INFO : 电气控制模块：手动关闭端口14
2023-12-31 21:06:43,426 [AppLog] INFO : 成形面高度上升层厚 TrapSpace{1.5mm}：TrapMoveUp(1, true, Convert.ToString(vel), Convert.ToString(TrapSpace), true, true）
2023-12-31 21:06:43,426 [AppLog] INFO : 开启铺粉车不等停运动，准备运动至准备打印位置215mm，速度250mm/s：BackToStation2
2023-12-31 21:06:43,428 [AppLog] INFO : 手动正向点动指令（8轴运控板卡系统） ====》：输出AXIS{第2轴},点动量{0MM},运动速度{250MM/s}
2023-12-31 21:06:43,428 [AppLog] INFO : 当前铺粉车位置：打印位置215mm
2023-12-31 21:06:43,430 [AppLog] INFO : 手动正向点动指令（8轴运控板卡系统） ====》：输出AXIS{第2轴},点动量{480MM},运动速度{50MM/s}
2023-12-31 21:06:43,430 [AppLog] INFO : 开启铺粉车不等停运动至准备打印位置695mm，速度50mm/s：BackToStation2
2023-12-31 21:06:43,562 [AppLog] INFO : 手动正向点动指令（8轴运控板卡系统） ====》：输出AXIS{第3轴},点动量{0.125MM},运动速度{1MM/s}
2023-12-31 21:06:43,562 [AppLog] INFO : 在{40mm}处，落粉轴运动{45度}，落粉轴转速{1rev/s}：TrapMoveUp(3, true, Convert.ToString(DispenseRollerSpeed), 0.5, true, true)
2023-12-31 21:06:43,563 [AppLog] INFO : 手动正向点动指令（8轴运控板卡系统） ====》：输出AXIS{第3轴},点动量{0.5MM},运动速度{0.0753424657534247MM/s}
2023-12-31 21:06:43,563 [AppLog] INFO : 开启均匀落粉及辊子铺平运动：TrapMoveUp(3, true, Convert.ToString(DispenseRollerSpeed), 0.5, true, true)
2023-12-31 21:06:51,794 [AppLog] INFO : 手动正向点动指令（8轴运控板卡系统） ====》：输出AXIS{第3轴},点动量{0.5MM},运动速度{2MM/s}
2023-12-31 21:06:51,794 [AppLog] INFO : 落粉轴继续转动以倒掉余粉：TrapMoveUp(3, true, 2, 0.5, true, false)
2023-12-31 21:06:53,032 [AppLog] INFO : 电气控制模块：手动打开端口14
2023-12-31 21:06:53,033 [AppLog] INFO : 电气控制模块：手动打开端口15
2023-12-31 21:06:53,808 [AppLog] INFO : 手动正向点动指令（8轴运控板卡系统） ====》：输出AXIS{第1轴},点动量{-1.5MM},运动速度{2MM/s}
2023-12-31 21:06:53,809 [AppLog] INFO : 电气控制模块：手动关闭端口15
2023-12-31 21:06:53,809 [AppLog] INFO : 电气控制模块：手动关闭端口14
2023-12-31 21:06:53,809 [AppLog] INFO : 成形面高度下降指定厚度 TrapSpace{1.5mm}：TrapMoveUp(1, true, Convert.ToString(vel), Convert.ToString(TrapSpace), true, true）
2023-12-31 21:06:56,598 [AppLog] INFO : 手动正向点动指令（8轴运控板卡系统） ====》：输出AXIS{第2轴},点动量{-696.5MM},运动速度{250MM/s}
2023-12-31 21:06:56,598 [AppLog] INFO : 铺粉车返回至站1：BackToStation2(AimPos, MovSpeed, true)：-1.5mm，速度250mm/s：BackToStation2
2023-12-31 21:06:57,350 [AppLog] INFO : 落粉轴回零成功：motionMap.SetBackSpreaderAxis(3, 0.5, 2, -SinkPosition)：ReturnCode{True}
2023-12-31 21:06:57,350 [AppLog] INFO : 电气控制模块：手动打开端口14
2023-12-31 21:06:57,354 [AppLog] INFO : 电气控制模块：手动打开端口15
2023-12-31 21:06:58,130 [AppLog] INFO : 手动正向点动指令（8轴运控板卡系统） ====》：输出AXIS{第1轴},点动量{1.5MM},运动速度{2MM/s}
2023-12-31 21:06:58,130 [AppLog] INFO : 电气控制模块：手动关闭端口15
2023-12-31 21:06:58,130 [AppLog] INFO : 电气控制模块：手动关闭端口14
2023-12-31 21:06:58,130 [AppLog] INFO : 成形面高度上升层厚 TrapSpace{1.5mm}：TrapMoveUp(1, true, Convert.ToString(vel), Convert.ToString(TrapSpace), true, true）
2023-12-31 21:06:58,131 [AppLog] INFO : 自动铺粉正常结束：NewAutoSupplyPowderThread2
2023-12-31 21:06:58,131 [AppLog] INFO : 发送监控指令，拍照记录1条：SendMessageFromSharedMemory
2023-12-31 21:06:58,131 [AppLog] INFO : 铺粉模式：固化结束再开启铺粉！
2023-12-31 21:06:58,131 [AppLog] INFO : 执行完成铺粉固化操作：EquipmentMotionLogic3：m_bApplyPowderSupplyMotion:0
2023-12-31 21:06:58,132 [AppLog] INFO : 接收到恢复打印指令：PrintTaskTHREAD
2023-12-31 21:06:58,132 [AppLog] INFO : 获取打印Pass数据：IDP_GetPassItem2：nLayerIndex{9}nPassID{0}nProcState{3}LPPassDataItemb:PrtDir{False}nDataTxCompleteCnt{1}nHwMemAdrMatchMask{1}nLayerIndex{9}nLayerPassCount{6}nLayerPassIndex{0}nMinJet0ImgLinePos{355}nPrtMemHwAddr{System.UInt32[]}nPrtDataOffset{System.UInt32[]}nSrcDataSize{System.UInt32[]}nPrtColBytes{System.UInt32[]}nPrtPrecession{5.333}nSrcEndCols{12000}nSrcStartCols{0}nStartEncPos{76505}nValidPassJets{1280}nValidPrtCols{12464}nValidPrtCtlCnts{1}pDataBuf{0}pNextItem{821201056}
2023-12-31 21:06:58,142 [AppLog] INFO : 使能Pass打印成功：IDP_DoPassPrint2：nLayerIndex{9}nPassID{0}
2023-12-31 21:06:58,169 [AppLog] INFO : PASS打印前关键状态：DEV_GetDeviceInfo：nLayerIndex{9}nPassID{0}LPPRINTER_INFO:nXSysEncDPI{5080}nStatus{909129520}nPrintStatus{0}bSuperDevice{1}
LPPRINTER_INFO-LPPrtRunInfo:bJobPrtRuning{True}bLayerPrtIsOver{False}nContReqMemErr{0}nContWDErr{0}nCurPrtDir{0}nDTLayerIndex{11}nDTLayerPassIndex{5}nDTPtrCtlIndex{0}nLayerPassCount{6}nPrintLayerIndex{9}nPrintPassIndex{0}nProcLayerIndex{11}nPrtDataMemAddr{0}nPrtState{0}nReverse{System.Int32[]}nRevPrtCols{0}
LPPRINTER_INFO-LPDRVINFO:nFMVersion{45074}nFpgaVersion{539038216}nPCBVersion{0}nState{0}nNextState{0}nPtvwarnState{0}nCrc32{0}nRevInfo{System.UInt32[]}nSignature{0}
2023-12-31 21:06:58,169 [AppLog] INFO : 创建：AutoPrintMotion1=》不需重新创建-手动操作！
2023-12-31 21:06:58,170 [AppLog] INFO : 进入：EquipmentMotionLogic3=》准备创建对象-手动操作！
2023-12-31 21:06:58,170 [AppLog] INFO : 进入：EquipmentMotionLogic3=》不需重新创建-手动操作！
2023-12-31 21:06:58,170 [AppLog] INFO : 进入：EquipmentMotionLogic3=》赋值完成自-AutoPrintMotion2！
2023-12-31 21:06:58,170 [AppLog] INFO : 进入：EquipmentMotionLogic3=》加载配置文件-LoadJsonFile成功！
2023-12-31 21:06:58,171 [AppLog] INFO : 进入自动清洗过程：AutoCleanThread
2023-12-31 21:06:58,514 [AppLog] INFO : 刮墨轴回零成功：motionMap.SetBackSpreaderAxis(4, 1, 2, -SinkHomePosition)
2023-12-31 21:06:58,514 [AppLog] INFO : 准备读取编码器位置：Y方向！
2023-12-31 21:06:58,517 [AppLog] INFO : 准备运动，编码器当前位置：DEM_GetAxisEncodeVal：MoveDirectionFlag{false为Y方向：True}CurrentPos{121.09}AimPos{116}
2023-12-31 21:06:58,643 [AppLog] INFO : Y方向运动开始：DEM_Run：返回值{True}nAxis{1}DirFlag{False}nSpeed{300000}MoveStep{-5099.62519}nCtlValue{1}
2023-12-31 21:06:58,697 [AppLog] INFO : Y方向到位停止：DEM_StopAxisRun：返回值{True}CurrentPos{116.905}bImmeStop{False}nAxisMask{2}
2023-12-31 21:06:58,697 [AppLog] INFO : 准备读取编码器位置：X方向！
2023-12-31 21:06:58,700 [AppLog] INFO : 准备运动，当前位置：DEV_GetPrintEncoderValue：MoveDirectionFlag{false为Y方向：False}CurrentPos{783.72}AimPos{780}
2023-12-31 21:06:58,726 [AppLog] INFO : X方向运动开始：DEM_Run：返回值{True}nAxis{0}DirFlag{False}nSpeed{300000}MoveStep{-3720.00000000003}nCtlValue{2}
2023-12-31 21:06:58,898 [AppLog] INFO : X方向到位停止：DEM_StopAxisRun：返回值{True}CurrentPos{782.675}bImmeStop{False}nAxisMask{1}
2023-12-31 21:07:00,131 [AppLog] INFO : 开启压墨： motionMap.SetDo(13, true)
2023-12-31 21:07:01,432 [AppLog] INFO : 关闭压墨： motionMap.SetDo(13, false)
2023-12-31 21:07:01,432 [AppLog] INFO : 压墨等待开启：{3.5S}
2023-12-31 21:07:04,932 [AppLog] INFO : 压墨等待完成：{3.5S}
2023-12-31 21:07:04,932 [AppLog] INFO : 准备读取编码器位置：X方向！
2023-12-31 21:07:04,937 [AppLog] INFO : 准备运动，当前位置：DEV_GetPrintEncoderValue：MoveDirectionFlag{false为Y方向：False}CurrentPos{780.445}AimPos{680}
2023-12-31 21:07:04,967 [AppLog] INFO : X方向运动开始：DEM_Run：返回值{True}nAxis{0}DirFlag{False}nSpeed{200000}MoveStep{-100445}nCtlValue{2}
2023-12-31 21:07:05,840 [AppLog] INFO : X方向到位停止：DEM_StopAxisRun：返回值{True}CurrentPos{683.57}bImmeStop{False}nAxisMask{1}
2023-12-31 21:07:06,391 [AppLog] INFO : 结束自动清洗过程：AutoCleanThread
2023-12-31 21:07:06,391 [AppLog] INFO : 进入：EquipmentMotionLogic3=》准备创建对象-手动操作！
2023-12-31 21:07:06,391 [AppLog] INFO : 进入：EquipmentMotionLogic3=》不需重新创建-手动操作！
2023-12-31 21:07:06,392 [AppLog] INFO : 进入：EquipmentMotionLogic3=》赋值完成自-AutoPrintMotion2！
2023-12-31 21:07:06,392 [AppLog] INFO : 进入：EquipmentMotionLogic3=》加载配置文件-LoadJsonFile成功！
2023-12-31 21:07:06,392 [AppLog] INFO : 进入：AutoPrintThread3！
2023-12-31 21:07:06,400 [AppLog] INFO : 关闭闪喷操作：IDP_FlashPrtCtl：返回值{True}
2023-12-31 21:07:06,400 [AppLog] INFO : 准备读取编码器位置：Y方向！
2023-12-31 21:07:06,407 [AppLog] INFO : 准备运动，编码器当前位置：DEM_GetAxisEncodeVal：MoveDirectionFlag{false为Y方向：True}CurrentPos{115.965}AimPos{93.5}
2023-12-31 21:07:06,564 [AppLog] INFO : Y方向运动开始：DEM_Run：返回值{True}nAxis{1}DirFlag{False}nSpeed{300000}MoveStep{-22507.481315}nCtlValue{1}
2023-12-31 21:07:06,614 [AppLog] INFO : 准备读取编码器位置：X方向！
2023-12-31 21:07:06,638 [AppLog] INFO : 准备运动，当前位置：DEV_GetPrintEncoderValue：MoveDirectionFlag{false为Y方向：False}CurrentPos{680.155}AimPos{425}
2023-12-31 21:07:06,667 [AppLog] INFO : X方向运动开始：DEM_Run：返回值{True}nAxis{0}DirFlag{False}nSpeed{300000}MoveStep{-255155}nCtlValue{2}
2023-12-31 21:07:08,075 [AppLog] INFO : X方向到位停止：DEM_StopAxisRun：返回值{True}CurrentPos{429.4}bImmeStop{False}nAxisMask{1}
2023-12-31 21:07:08,075 [AppLog] INFO : 准备读取编码器位置：X方向！
2023-12-31 21:07:08,091 [AppLog] INFO : 准备运动，当前位置：DEV_GetPrintEncoderValue：MoveDirectionFlag{false为Y方向：False}CurrentPos{428.5}AimPos{25}
2023-12-31 21:07:08,118 [AppLog] INFO : X方向运动开始：DEM_Run：返回值{True}nAxis{0}DirFlag{False}nSpeed{100000}MoveStep{-403500}nCtlValue{2}
2023-12-31 21:07:12,298 [AppLog] INFO : X方向到位停止：DEM_StopAxisRun：返回值{True}CurrentPos{26.18}bImmeStop{False}nAxisMask{1}
2023-12-31 21:07:12,298 [AppLog] INFO : 准备读取编码器位置：Y方向！
2023-12-31 21:07:12,300 [AppLog] INFO : 准备运动，编码器当前位置：DEM_GetAxisEncodeVal：MoveDirectionFlag{false为Y方向：True}CurrentPos{93.5}AimPos{98.5211666666667}
2023-12-31 21:07:12,416 [AppLog] INFO : Y方向运动开始：DEM_Run：返回值{True}nAxis{1}DirFlag{True}nSpeed{100000}MoveStep{5030.66169283334}nCtlValue{1}
2023-12-31 21:07:12,473 [AppLog] INFO : Y方向到位停止：DEM_StopAxisRun：返回值{True}CurrentPos{97.44}bImmeStop{False}nAxisMask{2}
2023-12-31 21:07:12,474 [AppLog] INFO : 获取打印Pass数据：IDP_GetPassItem2：nLayerIndex{9}nPassID{1}nProcState{3}LPPassDataItemb:PrtDir{True}nDataTxCompleteCnt{1}nHwMemAdrMatchMask{1}nLayerIndex{9}nLayerPassCount{6}nLayerPassIndex{1}nMinJet0ImgLinePos{1635}nPrtMemHwAddr{System.UInt32[]}nPrtDataOffset{System.UInt32[]}nSrcDataSize{System.UInt32[]}nPrtColBytes{System.UInt32[]}nPrtPrecession{5.333}nSrcEndCols{12000}nSrcStartCols{0}nStartEncPos{10000}nValidPassJets{1280}nValidPrtCols{12464}nValidPrtCtlCnts{1}pDataBuf{0}pNextItem{821201216}
2023-12-31 21:07:12,483 [AppLog] INFO : 使能Pass打印成功：IDP_DoPassPrint2：nLayerIndex{9}nPassID{1}
2023-12-31 21:07:12,515 [AppLog] INFO : PASS打印前关键状态：DEV_GetDeviceInfo：nLayerIndex{9}nPassID{1}LPPRINTER_INFO:nXSysEncDPI{5080}nStatus{909129520}nPrintStatus{0}bSuperDevice{1}
LPPRINTER_INFO-LPPrtRunInfo:bJobPrtRuning{True}bLayerPrtIsOver{False}nContReqMemErr{0}nContWDErr{0}nCurPrtDir{0}nDTLayerIndex{11}nDTLayerPassIndex{5}nDTPtrCtlIndex{0}nLayerPassCount{6}nPrintLayerIndex{9}nPrintPassIndex{1}nProcLayerIndex{11}nPrtDataMemAddr{0}nPrtState{0}nReverse{System.Int32[]}nRevPrtCols{0}
LPPRINTER_INFO-LPDRVINFO:nFMVersion{45074}nFpgaVersion{539038216}nPCBVersion{0}nState{0}nNextState{0}nPtvwarnState{0}nCrc32{0}nRevInfo{System.UInt32[]}nSignature{0}
2023-12-31 21:07:12,516 [AppLog] INFO : 创建：AutoPrintMotion1=》不需重新创建-手动操作！
2023-12-31 21:07:12,516 [AppLog] INFO : 进入：EquipmentMotionLogic3=》准备创建对象-手动操作！
2023-12-31 21:07:12,516 [AppLog] INFO : 进入：EquipmentMotionLogic3=》不需重新创建-手动操作！
2023-12-31 21:07:12,517 [AppLog] INFO : 进入：EquipmentMotionLogic3=》赋值完成自-AutoPrintMotion2！
2023-12-31 21:07:12,517 [AppLog] INFO : 进入：EquipmentMotionLogic3=》加载配置文件-LoadJsonFile成功！
2023-12-31 21:07:12,517 [AppLog] INFO : 进入：AutoPrintThread3！
2023-12-31 21:07:12,517 [AppLog] INFO : 准备读取编码器位置：X方向！
2023-12-31 21:07:12,520 [AppLog] INFO : 准备运动，当前位置：DEV_GetPrintEncoderValue：MoveDirectionFlag{false为Y方向：False}CurrentPos{22.8}AimPos{425}
2023-12-31 21:07:12,579 [AppLog] INFO : X方向运动开始：DEM_Run：返回值{True}nAxis{0}DirFlag{True}nSpeed{100000}MoveStep{402200}nCtlValue{2}
2023-12-31 21:07:16,751 [AppLog] INFO : X方向到位停止：DEM_StopAxisRun：返回值{True}CurrentPos{419.445}bImmeStop{False}nAxisMask{1}
2023-12-31 21:07:16,751 [AppLog] INFO : 准备读取编码器位置：Y方向！
2023-12-31 21:07:16,752 [AppLog] INFO : 准备运动，编码器当前位置：DEM_GetAxisEncodeVal：MoveDirectionFlag{false为Y方向：True}CurrentPos{98.515}AimPos{147.5}
2023-12-31 21:07:17,265 [AppLog] INFO : Y方向运动开始：DEM_Run：返回值{True}nAxis{1}DirFlag{True}nSpeed{100000}MoveStep{49077.630635}nCtlValue{1}
2023-12-31 21:07:17,320 [AppLog] INFO : Y方向到位停止：DEM_StopAxisRun：返回值{True}CurrentPos{143.98}bImmeStop{False}nAxisMask{2}
2023-12-31 21:07:17,320 [AppLog] INFO : 获取打印Pass数据：IDP_GetPassItem2：nLayerIndex{9}nPassID{2}nProcState{3}LPPassDataItemb:PrtDir{False}nDataTxCompleteCnt{1}nHwMemAdrMatchMask{1}nLayerIndex{9}nLayerPassCount{6}nLayerPassIndex{2}nMinJet0ImgLinePos{2915}nPrtMemHwAddr{System.UInt32[]}nPrtDataOffset{System.UInt32[]}nSrcDataSize{System.UInt32[]}nPrtColBytes{System.UInt32[]}nPrtPrecession{5.333}nSrcEndCols{12000}nSrcStartCols{0}nStartEncPos{76505}nValidPassJets{1280}nValidPrtCols{12464}nValidPrtCtlCnts{1}pDataBuf{0}pNextItem{821201376}
2023-12-31 21:07:17,329 [AppLog] INFO : 使能Pass打印成功：IDP_DoPassPrint2：nLayerIndex{9}nPassID{2}
2023-12-31 21:07:17,334 [AppLog] INFO : PASS打印前关键状态：DEV_GetDeviceInfo：nLayerIndex{9}nPassID{2}LPPRINTER_INFO:nXSysEncDPI{5080}nStatus{909129520}nPrintStatus{0}bSuperDevice{1}
LPPRINTER_INFO-LPPrtRunInfo:bJobPrtRuning{True}bLayerPrtIsOver{False}nContReqMemErr{0}nContWDErr{0}nCurPrtDir{0}nDTLayerIndex{11}nDTLayerPassIndex{5}nDTPtrCtlIndex{0}nLayerPassCount{6}nPrintLayerIndex{9}nPrintPassIndex{2}nProcLayerIndex{11}nPrtDataMemAddr{0}nPrtState{0}nReverse{System.Int32[]}nRevPrtCols{0}
LPPRINTER_INFO-LPDRVINFO:nFMVersion{45074}nFpgaVersion{539038216}nPCBVersion{0}nState{0}nNextState{0}nPtvwarnState{0}nCrc32{0}nRevInfo{System.UInt32[]}nSignature{0}
2023-12-31 21:07:17,334 [AppLog] INFO : 创建：AutoPrintMotion1=》不需重新创建-手动操作！
2023-12-31 21:07:17,335 [AppLog] INFO : 进入：EquipmentMotionLogic3=》准备创建对象-手动操作！
2023-12-31 21:07:17,335 [AppLog] INFO : 进入：EquipmentMotionLogic3=》不需重新创建-手动操作！
2023-12-31 21:07:17,335 [AppLog] INFO : 进入：EquipmentMotionLogic3=》赋值完成自-AutoPrintMotion2！
2023-12-31 21:07:17,335 [AppLog] INFO : 进入：EquipmentMotionLogic3=》加载配置文件-LoadJsonFile成功！
2023-12-31 21:07:17,336 [AppLog] INFO : 进入：AutoPrintThread3！
2023-12-31 21:07:17,336 [AppLog] INFO : 准备读取编码器位置：X方向！
2023-12-31 21:07:17,343 [AppLog] INFO : 准备运动，当前位置：DEV_GetPrintEncoderValue：MoveDirectionFlag{false为Y方向：False}CurrentPos{423.16}AimPos{25}
2023-12-31 21:07:17,368 [AppLog] INFO : X方向运动开始：DEM_Run：返回值{True}nAxis{0}DirFlag{False}nSpeed{100000}MoveStep{-398160}nCtlValue{2}
2023-12-31 21:07:21,494 [AppLog] INFO : X方向到位停止：DEM_StopAxisRun：返回值{True}CurrentPos{30.34}bImmeStop{False}nAxisMask{1}
2023-12-31 21:07:21,494 [AppLog] INFO : 准备读取编码器位置：Y方向！
2023-12-31 21:07:21,498 [AppLog] INFO : 准备运动，编码器当前位置：DEM_GetAxisEncodeVal：MoveDirectionFlag{false为Y方向：True}CurrentPos{147.475}AimPos{152.521166666667}
2023-12-31 21:07:21,622 [AppLog] INFO : Y方向运动开始：DEM_Run：返回值{True}nAxis{1}DirFlag{True}nSpeed{100000}MoveStep{5055.70896783333}nCtlValue{1}
2023-12-31 21:07:21,699 [AppLog] INFO : Y方向到位停止：DEM_StopAxisRun：返回值{True}CurrentPos{151.895}bImmeStop{False}nAxisMask{2}
2023-12-31 21:07:21,699 [AppLog] INFO : 获取打印Pass数据：IDP_GetPassItem2：nLayerIndex{9}nPassID{3}nProcState{3}LPPassDataItemb:PrtDir{True}nDataTxCompleteCnt{1}nHwMemAdrMatchMask{1}nLayerIndex{9}nLayerPassCount{6}nLayerPassIndex{3}nMinJet0ImgLinePos{4195}nPrtMemHwAddr{System.UInt32[]}nPrtDataOffset{System.UInt32[]}nSrcDataSize{System.UInt32[]}nPrtColBytes{System.UInt32[]}nPrtPrecession{5.333}nSrcEndCols{12000}nSrcStartCols{0}nStartEncPos{10000}nValidPassJets{1280}nValidPrtCols{12464}nValidPrtCtlCnts{1}pDataBuf{0}pNextItem{821201536}
2023-12-31 21:07:21,708 [AppLog] INFO : 使能Pass打印成功：IDP_DoPassPrint2：nLayerIndex{9}nPassID{3}
2023-12-31 21:07:21,723 [AppLog] INFO : PASS打印前关键状态：DEV_GetDeviceInfo：nLayerIndex{9}nPassID{3}LPPRINTER_INFO:nXSysEncDPI{5080}nStatus{909129520}nPrintStatus{0}bSuperDevice{1}
LPPRINTER_INFO-LPPrtRunInfo:bJobPrtRuning{True}bLayerPrtIsOver{False}nContReqMemErr{0}nContWDErr{0}nCurPrtDir{0}nDTLayerIndex{11}nDTLayerPassIndex{5}nDTPtrCtlIndex{0}nLayerPassCount{6}nPrintLayerIndex{9}nPrintPassIndex{3}nProcLayerIndex{11}nPrtDataMemAddr{0}nPrtState{0}nReverse{System.Int32[]}nRevPrtCols{0}
LPPRINTER_INFO-LPDRVINFO:nFMVersion{45074}nFpgaVersion{539038216}nPCBVersion{0}nState{0}nNextState{0}nPtvwarnState{0}nCrc32{0}nRevInfo{System.UInt32[]}nSignature{0}
2023-12-31 21:07:21,723 [AppLog] INFO : 创建：AutoPrintMotion1=》不需重新创建-手动操作！
2023-12-31 21:07:21,724 [AppLog] INFO : 进入：EquipmentMotionLogic3=》准备创建对象-手动操作！
2023-12-31 21:07:21,724 [AppLog] INFO : 进入：EquipmentMotionLogic3=》不需重新创建-手动操作！
2023-12-31 21:07:21,724 [AppLog] INFO : 进入：EquipmentMotionLogic3=》赋值完成自-AutoPrintMotion2！
2023-12-31 21:07:21,724 [AppLog] INFO : 进入：EquipmentMotionLogic3=》加载配置文件-LoadJsonFile成功！
2023-12-31 21:07:21,725 [AppLog] INFO : 进入：AutoPrintThread3！
2023-12-31 21:07:21,725 [AppLog] INFO : 准备读取编码器位置：X方向！
2023-12-31 21:07:21,730 [AppLog] INFO : 准备运动，当前位置：DEV_GetPrintEncoderValue：MoveDirectionFlag{false为Y方向：False}CurrentPos{26.865}AimPos{425}
2023-12-31 21:07:21,768 [AppLog] INFO : X方向运动开始：DEM_Run：返回值{True}nAxis{0}DirFlag{True}nSpeed{100000}MoveStep{398135}nCtlValue{2}
2023-12-31 21:07:25,897 [AppLog] INFO : X方向到位停止：DEM_StopAxisRun：返回值{True}CurrentPos{419.265}bImmeStop{False}nAxisMask{1}
2023-12-31 21:07:25,897 [AppLog] INFO : 准备读取编码器位置：Y方向！
2023-12-31 21:07:25,900 [AppLog] INFO : 准备运动，编码器当前位置：DEM_GetAxisEncodeVal：MoveDirectionFlag{false为Y方向：True}CurrentPos{152.555}AimPos{201.5}
2023-12-31 21:07:26,464 [AppLog] INFO : Y方向运动开始：DEM_Run：返回值{True}nAxis{1}DirFlag{True}nSpeed{100000}MoveStep{49037.554995}nCtlValue{1}
2023-12-31 21:07:26,519 [AppLog] INFO : Y方向到位停止：DEM_StopAxisRun：返回值{True}CurrentPos{199.54}bImmeStop{False}nAxisMask{2}
2023-12-31 21:07:26,519 [AppLog] INFO : 获取打印Pass数据：IDP_GetPassItem2：nLayerIndex{9}nPassID{4}nProcState{3}LPPassDataItemb:PrtDir{False}nDataTxCompleteCnt{1}nHwMemAdrMatchMask{1}nLayerIndex{9}nLayerPassCount{6}nLayerPassIndex{4}nMinJet0ImgLinePos{5475}nPrtMemHwAddr{System.UInt32[]}nPrtDataOffset{System.UInt32[]}nSrcDataSize{System.UInt32[]}nPrtColBytes{System.UInt32[]}nPrtPrecession{5.333}nSrcEndCols{12000}nSrcStartCols{0}nStartEncPos{76505}nValidPassJets{1280}nValidPrtCols{12464}nValidPrtCtlCnts{1}pDataBuf{0}pNextItem{821201696}
2023-12-31 21:07:26,533 [AppLog] INFO : 使能Pass打印成功：IDP_DoPassPrint2：nLayerIndex{9}nPassID{4}
2023-12-31 21:07:26,538 [AppLog] INFO : PASS打印前关键状态：DEV_GetDeviceInfo：nLayerIndex{9}nPassID{4}LPPRINTER_INFO:nXSysEncDPI{5080}nStatus{909129520}nPrintStatus{0}bSuperDevice{1}
LPPRINTER_INFO-LPPrtRunInfo:bJobPrtRuning{True}bLayerPrtIsOver{False}nContReqMemErr{0}nContWDErr{0}nCurPrtDir{0}nDTLayerIndex{11}nDTLayerPassIndex{5}nDTPtrCtlIndex{0}nLayerPassCount{6}nPrintLayerIndex{9}nPrintPassIndex{4}nProcLayerIndex{11}nPrtDataMemAddr{0}nPrtState{0}nReverse{System.Int32[]}nRevPrtCols{0}
LPPRINTER_INFO-LPDRVINFO:nFMVersion{45074}nFpgaVersion{539038216}nPCBVersion{0}nState{0}nNextState{0}nPtvwarnState{0}nCrc32{0}nRevInfo{System.UInt32[]}nSignature{0}
2023-12-31 21:07:26,538 [AppLog] INFO : 创建：AutoPrintMotion1=》不需重新创建-手动操作！
2023-12-31 21:07:26,539 [AppLog] INFO : 进入：EquipmentMotionLogic3=》准备创建对象-手动操作！
2023-12-31 21:07:26,539 [AppLog] INFO : 进入：EquipmentMotionLogic3=》不需重新创建-手动操作！
2023-12-31 21:07:26,539 [AppLog] INFO : 进入：EquipmentMotionLogic3=》赋值完成自-AutoPrintMotion2！
2023-12-31 21:07:26,539 [AppLog] INFO : 进入：EquipmentMotionLogic3=》加载配置文件-LoadJsonFile成功！
2023-12-31 21:07:26,540 [AppLog] INFO : 进入：AutoPrintThread3！
2023-12-31 21:07:26,540 [AppLog] INFO : 准备读取编码器位置：X方向！
2023-12-31 21:07:26,546 [AppLog] INFO : 准备运动，当前位置：DEV_GetPrintEncoderValue：MoveDirectionFlag{false为Y方向：False}CurrentPos{423.13}AimPos{25}
2023-12-31 21:07:26,572 [AppLog] INFO : X方向运动开始：DEM_Run：返回值{True}nAxis{0}DirFlag{False}nSpeed{100000}MoveStep{-398130}nCtlValue{2}
2023-12-31 21:07:30,695 [AppLog] INFO : X方向到位停止：DEM_StopAxisRun：返回值{True}CurrentPos{30.655}bImmeStop{False}nAxisMask{1}
2023-12-31 21:07:30,696 [AppLog] INFO : 准备读取编码器位置：Y方向！
2023-12-31 21:07:30,697 [AppLog] INFO : 准备运动，编码器当前位置：DEM_GetAxisEncodeVal：MoveDirectionFlag{false为Y方向：True}CurrentPos{201.43}AimPos{206.521166666667}
2023-12-31 21:07:30,814 [AppLog] INFO : Y方向运动开始：DEM_Run：返回值{True}nAxis{1}DirFlag{True}nSpeed{100000}MoveStep{5100.79406283332}nCtlValue{1}
2023-12-31 21:07:30,870 [AppLog] INFO : Y方向到位停止：DEM_StopAxisRun：返回值{True}CurrentPos{205.675}bImmeStop{False}nAxisMask{2}
2023-12-31 21:07:30,870 [AppLog] INFO : 获取打印Pass数据：IDP_GetPassItem2：nLayerIndex{9}nPassID{5}nProcState{3}LPPassDataItemb:PrtDir{True}nDataTxCompleteCnt{1}nHwMemAdrMatchMask{1}nLayerIndex{9}nLayerPassCount{6}nLayerPassIndex{5}nMinJet0ImgLinePos{6755}nPrtMemHwAddr{System.UInt32[]}nPrtDataOffset{System.UInt32[]}nSrcDataSize{System.UInt32[]}nPrtColBytes{System.UInt32[]}nPrtPrecession{5.333}nSrcEndCols{12000}nSrcStartCols{0}nStartEncPos{10000}nValidPassJets{1280}nValidPrtCols{12464}nValidPrtCtlCnts{1}pDataBuf{0}pNextItem{0}
2023-12-31 21:07:30,882 [AppLog] INFO : 使能Pass打印成功：IDP_DoPassPrint2：nLayerIndex{9}nPassID{5}
2023-12-31 21:07:30,887 [AppLog] INFO : PASS打印前关键状态：DEV_GetDeviceInfo：nLayerIndex{9}nPassID{5}LPPRINTER_INFO:nXSysEncDPI{5080}nStatus{909129520}nPrintStatus{0}bSuperDevice{1}
LPPRINTER_INFO-LPPrtRunInfo:bJobPrtRuning{True}bLayerPrtIsOver{False}nContReqMemErr{0}nContWDErr{0}nCurPrtDir{0}nDTLayerIndex{11}nDTLayerPassIndex{5}nDTPtrCtlIndex{0}nLayerPassCount{6}nPrintLayerIndex{9}nPrintPassIndex{5}nProcLayerIndex{11}nPrtDataMemAddr{0}nPrtState{0}nReverse{System.Int32[]}nRevPrtCols{0}
LPPRINTER_INFO-LPDRVINFO:nFMVersion{45074}nFpgaVersion{539038216}nPCBVersion{0}nState{0}nNextState{0}nPtvwarnState{0}nCrc32{0}nRevInfo{System.UInt32[]}nSignature{0}
2023-12-31 21:07:30,887 [AppLog] INFO : 创建：AutoPrintMotion1=》不需重新创建-手动操作！
2023-12-31 21:07:30,887 [AppLog] INFO : 进入：EquipmentMotionLogic3=》准备创建对象-手动操作！
2023-12-31 21:07:30,888 [AppLog] INFO : 进入：EquipmentMotionLogic3=》不需重新创建-手动操作！
2023-12-31 21:07:30,888 [AppLog] INFO : 进入：EquipmentMotionLogic3=》赋值完成自-AutoPrintMotion2！
2023-12-31 21:07:30,888 [AppLog] INFO : 进入：EquipmentMotionLogic3=》加载配置文件-LoadJsonFile成功！
2023-12-31 21:07:30,888 [AppLog] INFO : 进入：AutoPrintThread3！
2023-12-31 21:07:30,889 [AppLog] INFO : 准备读取编码器位置：X方向！
2023-12-31 21:07:30,896 [AppLog] INFO : 准备运动，当前位置：DEV_GetPrintEncoderValue：MoveDirectionFlag{false为Y方向：False}CurrentPos{26.88}AimPos{425}
2023-12-31 21:07:30,925 [AppLog] INFO : X方向运动开始：DEM_Run：返回值{True}nAxis{0}DirFlag{True}nSpeed{100000}MoveStep{398120}nCtlValue{2}
2023-12-31 21:07:35,046 [AppLog] INFO : X方向到位停止：DEM_StopAxisRun：返回值{True}CurrentPos{418.835}bImmeStop{False}nAxisMask{1}
2023-12-31 21:07:35,046 [AppLog] INFO : 准备读取编码器位置：X方向！
2023-12-31 21:07:35,067 [AppLog] INFO : 准备运动，当前位置：DEV_GetPrintEncoderValue：MoveDirectionFlag{false为Y方向：False}CurrentPos{420.075}AimPos{780}
2023-12-31 21:07:35,090 [AppLog] INFO : X方向运动开始：DEM_Run：返回值{True}nAxis{0}DirFlag{True}nSpeed{300000}MoveStep{359925}nCtlValue{2}
2023-12-31 21:07:35,140 [AppLog] INFO : 准备读取编码器位置：Y方向！
2023-12-31 21:07:35,141 [AppLog] INFO : 准备运动，编码器当前位置：DEM_GetAxisEncodeVal：MoveDirectionFlag{false为Y方向：True}CurrentPos{206.56}AimPos{121}
2023-12-31 21:07:35,483 [AppLog] INFO : Y方向运动开始：DEM_Run：返回值{True}nAxis{1}DirFlag{False}nSpeed{300000}MoveStep{-85721.79396}nCtlValue{1}
2023-12-31 21:07:36,834 [AppLog] INFO : Y方向到位等停：DEM_StopAxisRun：返回值{True}bImmeStop{False}nAxisMask{1}
2023-12-31 21:07:36,839 [AppLog] INFO : X方向到位等停：DEM_StopAxisRun：返回值{True}bImmeStop{False}nAxisMask{2}
2023-12-31 21:07:36,881 [AppLog] INFO : 开启闪喷操作：IDP_FlashPrtCtl：返回值{True}
2023-12-31 21:07:36,881 [AppLog] INFO : 进入：EquipmentMotionLogic3=》准备创建对象-手动操作！
2023-12-31 21:07:36,882 [AppLog] INFO : 进入：EquipmentMotionLogic3=》不需重新创建-手动操作！
2023-12-31 21:07:36,882 [AppLog] INFO : 进入：EquipmentMotionLogic3=》赋值完成自-AutoPrintMotion2！
2023-12-31 21:07:36,882 [AppLog] INFO : 进入：EquipmentMotionLogic3=》加载配置文件-LoadJsonFile成功！
2023-12-31 21:07:36,883 [AppLog] INFO : 进入自动铺粉逻辑：NewAutoSupplyPowderThread2
2023-12-31 21:07:36,883 [AppLog] INFO : 电气控制模块：手动打开端口14
2023-12-31 21:07:36,883 [AppLog] INFO : 电气控制模块：手动打开端口15
2023-12-31 21:07:36,959 [AppLog] INFO : 手动正向点动指令（8轴运控板卡系统） ====》：输出AXIS{第1轴},点动量{-0.1MM},运动速度{2MM/s}
2023-12-31 21:07:36,959 [AppLog] INFO : 成形面高度下降层厚 TrapSpace{0.1mm}：TrapMoveUp(1, true, Convert.ToString(vel), Convert.ToString(TrapSpace), true, true）
2023-12-31 21:07:37,735 [AppLog] INFO : 手动正向点动指令（8轴运控板卡系统） ====》：输出AXIS{第1轴},点动量{-1.5MM},运动速度{2MM/s}
2023-12-31 21:07:37,735 [AppLog] INFO : 成形面高度下降指定厚度 TrapSpace{1.5mm}：TrapMoveUp(1, true, Convert.ToString(vel), Convert.ToString(TrapSpace), true, true）
2023-12-31 21:07:37,735 [AppLog] INFO : 电气控制模块：手动关闭端口15
2023-12-31 21:07:37,735 [AppLog] INFO : 电气控制模块：手动关闭端口14
2023-12-31 21:07:37,984 [AppLog] INFO : 手动正向点动指令（8轴运控板卡系统） ====》：输出AXIS{第8轴},点动量{0.6MM},运动速度{2.5MM/s}
2023-12-31 21:07:37,984 [AppLog] INFO : Hopper落粉轴转2圈落粉，速度0.5rev/s：TrapMoveUp(8, true, 0.5, rotateNuM.ToString(), true, false)
2023-12-31 21:07:38,985 [AppLog] INFO : 开启铺粉车不等停运动，准备运动至准备打印位置215mm，速度250mm/s：BackToStation2
2023-12-31 21:07:39,573 [AppLog] INFO : IR固化手动出光模式：WriteSingleRegister：SlaveNumber{1}RegisterAddress{132}RegisterValue{1}
2023-12-31 21:07:39,634 [AppLog] INFO : IR固化停止出光成功：WriteSingleRegister：SlaveNumber{1}RegisterAddress{121}目标温度{0 ℃}
2023-12-31 21:07:39,854 [AppLog] INFO : 手动正向点动指令（8轴运控板卡系统） ====》：输出AXIS{第2轴},点动量{216.5MM},运动速度{250MM/s}
2023-12-31 21:07:39,854 [AppLog] INFO : 当前铺粉车位置：打印位置215mm
2023-12-31 21:07:39,856 [AppLog] INFO : 手动正向点动指令（8轴运控板卡系统） ====》：输出AXIS{第2轴},点动量{480MM},运动速度{20MM/s}
2023-12-31 21:07:39,856 [AppLog] INFO : 开启铺粉车不等停运动至准备打印位置695mm，速度20mm/s：BackToStation2
2023-12-31 21:07:39,974 [AppLog] INFO : 打开IR灯：OpenIRLamp(true)
2023-12-31 21:07:40,716 [AppLog] INFO : IR固化手动出光模式：WriteSingleRegister：SlaveNumber{1}RegisterAddress{132}RegisterValue{1}
2023-12-31 21:07:40,776 [AppLog] INFO : IR固化停止出光成功：WriteSingleRegister：SlaveNumber{1}RegisterAddress{121}目标温度{0 ℃}
2023-12-31 21:07:44,022 [AppLog] INFO : IR固化手动出光模式：WriteSingleRegister：SlaveNumber{1}RegisterAddress{132}RegisterValue{1}
2023-12-31 21:07:44,082 [AppLog] INFO : IR固化更新功率为设定值：WriteSingleRegister：SlaveNumber{1}RegisterAddress{121}目标温度{100℃}
2023-12-31 21:07:48,451 [AppLog] INFO : IR固化手动出光模式：WriteSingleRegister：SlaveNumber{1}RegisterAddress{132}RegisterValue{1}
2023-12-31 21:07:48,511 [AppLog] INFO : IR固化停止出光成功：WriteSingleRegister：SlaveNumber{1}RegisterAddress{121}目标温度{0 ℃}
2023-12-31 21:07:54,724 [AppLog] INFO : 关闭IR灯：OpenIRLamp(false)
2023-12-31 21:08:03,857 [AppLog] INFO : 开启铺粉车不等停运动至准备打印位置215mm，速度250mm/s：BackToStation2
2023-12-31 21:08:05,780 [AppLog] INFO : 手动正向点动指令（8轴运控板卡系统） ====》：输出AXIS{第2轴},点动量{-480MM},运动速度{250MM/s}
2023-12-31 21:08:05,780 [AppLog] INFO : 当前铺粉车位置：打印位置215mm
2023-12-31 21:08:05,781 [AppLog] INFO : 电气控制模块：手动打开端口14
2023-12-31 21:08:05,781 [AppLog] INFO : 电气控制模块：手动打开端口15
2023-12-31 21:08:06,556 [AppLog] INFO : 手动正向点动指令（8轴运控板卡系统） ====》：输出AXIS{第1轴},点动量{1.5MM},运动速度{2MM/s}
2023-12-31 21:08:06,557 [AppLog] INFO : 电气控制模块：手动关闭端口15
2023-12-31 21:08:06,557 [AppLog] INFO : 电气控制模块：手动关闭端口14
2023-12-31 21:08:06,557 [AppLog] INFO : 成形面高度上升层厚 TrapSpace{1.5mm}：TrapMoveUp(1, true, Convert.ToString(vel), Convert.ToString(TrapSpace), true, true）
2023-12-31 21:08:06,558 [AppLog] INFO : 开启铺粉车不等停运动，准备运动至准备打印位置215mm，速度250mm/s：BackToStation2
2023-12-31 21:08:06,560 [AppLog] INFO : 手动正向点动指令（8轴运控板卡系统） ====》：输出AXIS{第2轴},点动量{0MM},运动速度{250MM/s}
2023-12-31 21:08:06,560 [AppLog] INFO : 当前铺粉车位置：打印位置215mm
2023-12-31 21:08:06,562 [AppLog] INFO : 手动正向点动指令（8轴运控板卡系统） ====》：输出AXIS{第2轴},点动量{480MM},运动速度{50MM/s}
2023-12-31 21:08:06,562 [AppLog] INFO : 开启铺粉车不等停运动至准备打印位置695mm，速度50mm/s：BackToStation2
2023-12-31 21:08:06,694 [AppLog] INFO : 手动正向点动指令（8轴运控板卡系统） ====》：输出AXIS{第3轴},点动量{0.125MM},运动速度{1MM/s}
2023-12-31 21:08:06,695 [AppLog] INFO : 在{40mm}处，落粉轴运动{45度}，落粉轴转速{1rev/s}：TrapMoveUp(3, true, Convert.ToString(DispenseRollerSpeed), 0.5, true, true)
2023-12-31 21:08:06,696 [AppLog] INFO : 手动正向点动指令（8轴运控板卡系统） ====》：输出AXIS{第3轴},点动量{0.5MM},运动速度{0.0753424657534247MM/s}
2023-12-31 21:08:06,696 [AppLog] INFO : 开启均匀落粉及辊子铺平运动：TrapMoveUp(3, true, Convert.ToString(DispenseRollerSpeed), 0.5, true, true)
2023-12-31 21:08:14,927 [AppLog] INFO : 手动正向点动指令（8轴运控板卡系统） ====》：输出AXIS{第3轴},点动量{0.5MM},运动速度{2MM/s}
2023-12-31 21:08:14,928 [AppLog] INFO : 落粉轴继续转动以倒掉余粉：TrapMoveUp(3, true, 2, 0.5, true, false)
2023-12-31 21:08:16,166 [AppLog] INFO : 电气控制模块：手动打开端口14
2023-12-31 21:08:16,166 [AppLog] INFO : 电气控制模块：手动打开端口15
2023-12-31 21:08:16,942 [AppLog] INFO : 手动正向点动指令（8轴运控板卡系统） ====》：输出AXIS{第1轴},点动量{-1.5MM},运动速度{2MM/s}
2023-12-31 21:08:16,942 [AppLog] INFO : 电气控制模块：手动关闭端口15
2023-12-31 21:08:16,942 [AppLog] INFO : 电气控制模块：手动关闭端口14
2023-12-31 21:08:16,942 [AppLog] INFO : 成形面高度下降指定厚度 TrapSpace{1.5mm}：TrapMoveUp(1, true, Convert.ToString(vel), Convert.ToString(TrapSpace), true, true）
2023-12-31 21:08:19,731 [AppLog] INFO : 手动正向点动指令（8轴运控板卡系统） ====》：输出AXIS{第2轴},点动量{-696.5MM},运动速度{250MM/s}
2023-12-31 21:08:19,732 [AppLog] INFO : 铺粉车返回至站1：BackToStation2(AimPos, MovSpeed, true)：-1.5mm，速度250mm/s：BackToStation2
2023-12-31 21:08:20,483 [AppLog] INFO : 落粉轴回零成功：motionMap.SetBackSpreaderAxis(3, 0.5, 2, -SinkPosition)：ReturnCode{True}
2023-12-31 21:08:20,483 [AppLog] INFO : 电气控制模块：手动打开端口14
2023-12-31 21:08:20,484 [AppLog] INFO : 电气控制模块：手动打开端口15
2023-12-31 21:08:21,259 [AppLog] INFO : 手动正向点动指令（8轴运控板卡系统） ====》：输出AXIS{第1轴},点动量{1.5MM},运动速度{2MM/s}
2023-12-31 21:08:21,260 [AppLog] INFO : 电气控制模块：手动关闭端口15
2023-12-31 21:08:21,260 [AppLog] INFO : 电气控制模块：手动关闭端口14
2023-12-31 21:08:21,260 [AppLog] INFO : 成形面高度上升层厚 TrapSpace{1.5mm}：TrapMoveUp(1, true, Convert.ToString(vel), Convert.ToString(TrapSpace), true, true）
2023-12-31 21:08:21,260 [AppLog] INFO : 自动铺粉正常结束：NewAutoSupplyPowderThread2
2023-12-31 21:08:21,260 [AppLog] INFO : 发送监控指令，拍照记录1条：SendMessageFromSharedMemory
2023-12-31 21:08:21,261 [AppLog] INFO : 铺粉模式：固化结束再开启铺粉！
2023-12-31 21:08:21,261 [AppLog] INFO : 执行完成铺粉固化操作：EquipmentMotionLogic3：m_bApplyPowderSupplyMotion:0
2023-12-31 21:08:21,261 [AppLog] INFO : 接收到恢复打印指令：PrintTaskTHREAD
2023-12-31 21:08:21,276 [AppLog] INFO : 获取打印Pass数据：IDP_GetPassItem2：nLayerIndex{10}nPassID{0}nProcState{3}LPPassDataItemb:PrtDir{False}nDataTxCompleteCnt{1}nHwMemAdrMatchMask{1}nLayerIndex{10}nLayerPassCount{6}nLayerPassIndex{0}nMinJet0ImgLinePos{355}nPrtMemHwAddr{System.UInt32[]}nPrtDataOffset{System.UInt32[]}nSrcDataSize{System.UInt32[]}nPrtColBytes{System.UInt32[]}nPrtPrecession{5.333}nSrcEndCols{12000}nSrcStartCols{0}nStartEncPos{76505}nValidPassJets{1280}nValidPrtCols{12464}nValidPrtCtlCnts{1}pDataBuf{0}pNextItem{821202016}
2023-12-31 21:08:21,286 [AppLog] INFO : 使能Pass打印成功：IDP_DoPassPrint2：nLayerIndex{10}nPassID{0}
2023-12-31 21:08:21,294 [AppLog] INFO : PASS打印前关键状态：DEV_GetDeviceInfo：nLayerIndex{10}nPassID{0}LPPRINTER_INFO:nXSysEncDPI{5080}nStatus{909129520}nPrintStatus{0}bSuperDevice{1}
LPPRINTER_INFO-LPPrtRunInfo:bJobPrtRuning{True}bLayerPrtIsOver{False}nContReqMemErr{0}nContWDErr{0}nCurPrtDir{0}nDTLayerIndex{11}nDTLayerPassIndex{5}nDTPtrCtlIndex{0}nLayerPassCount{6}nPrintLayerIndex{10}nPrintPassIndex{0}nProcLayerIndex{11}nPrtDataMemAddr{0}nPrtState{0}nReverse{System.Int32[]}nRevPrtCols{0}
LPPRINTER_INFO-LPDRVINFO:nFMVersion{45074}nFpgaVersion{539038216}nPCBVersion{0}nState{0}nNextState{0}nPtvwarnState{0}nCrc32{0}nRevInfo{System.UInt32[]}nSignature{0}
2023-12-31 21:08:21,294 [AppLog] INFO : 创建：AutoPrintMotion1=》不需重新创建-手动操作！
2023-12-31 21:08:21,295 [AppLog] INFO : 进入：EquipmentMotionLogic3=》准备创建对象-手动操作！
2023-12-31 21:08:21,295 [AppLog] INFO : 进入：EquipmentMotionLogic3=》不需重新创建-手动操作！
2023-12-31 21:08:21,295 [AppLog] INFO : 进入：EquipmentMotionLogic3=》赋值完成自-AutoPrintMotion2！
2023-12-31 21:08:21,295 [AppLog] INFO : 进入：EquipmentMotionLogic3=》加载配置文件-LoadJsonFile成功！
2023-12-31 21:08:21,296 [AppLog] INFO : 进入自动清洗过程：AutoCleanThread
2023-12-31 21:08:21,639 [AppLog] INFO : 刮墨轴回零成功：motionMap.SetBackSpreaderAxis(4, 1, 2, -SinkHomePosition)
2023-12-31 21:08:21,639 [AppLog] INFO : 准备读取编码器位置：Y方向！
2023-12-31 21:08:21,655 [AppLog] INFO : 准备运动，编码器当前位置：DEM_GetAxisEncodeVal：MoveDirectionFlag{false为Y方向：True}CurrentPos{121.06}AimPos{116}
2023-12-31 21:08:21,780 [AppLog] INFO : Y方向运动开始：DEM_Run：返回值{True}nAxis{1}DirFlag{False}nSpeed{300000}MoveStep{-5069.56846}nCtlValue{1}
2023-12-31 21:08:21,838 [AppLog] INFO : Y方向到位停止：DEM_StopAxisRun：返回值{True}CurrentPos{116.775}bImmeStop{False}nAxisMask{2}
2023-12-31 21:08:21,838 [AppLog] INFO : 准备读取编码器位置：X方向！
2023-12-31 21:08:21,842 [AppLog] INFO : 准备运动，当前位置：DEV_GetPrintEncoderValue：MoveDirectionFlag{false为Y方向：False}CurrentPos{783.02}AimPos{780}
2023-12-31 21:08:21,875 [AppLog] INFO : X方向运动开始：DEM_Run：返回值{True}nAxis{0}DirFlag{False}nSpeed{300000}MoveStep{-3019.99999999998}nCtlValue{2}
2023-12-31 21:08:22,042 [AppLog] INFO : X方向到位停止：DEM_StopAxisRun：返回值{True}CurrentPos{782.035}bImmeStop{False}nAxisMask{1}
2023-12-31 21:08:23,250 [AppLog] INFO : 开启压墨： motionMap.SetDo(13, true)
2023-12-31 21:08:24,550 [AppLog] INFO : 关闭压墨： motionMap.SetDo(13, false)
2023-12-31 21:08:24,550 [AppLog] INFO : 压墨等待开启：{3.5S}
2023-12-31 21:08:28,050 [AppLog] INFO : 压墨等待完成：{3.5S}
2023-12-31 21:08:28,050 [AppLog] INFO : 准备读取编码器位置：X方向！
2023-12-31 21:08:28,057 [AppLog] INFO : 准备运动，当前位置：DEV_GetPrintEncoderValue：MoveDirectionFlag{false为Y方向：False}CurrentPos{780.385}AimPos{680}
2023-12-31 21:08:28,114 [AppLog] INFO : X方向运动开始：DEM_Run：返回值{True}nAxis{0}DirFlag{False}nSpeed{200000}MoveStep{-100385}nCtlValue{2}
2023-12-31 21:08:28,999 [AppLog] INFO : X方向到位停止：DEM_StopAxisRun：返回值{True}CurrentPos{683.065}bImmeStop{False}nAxisMask{1}
2023-12-31 21:08:29,551 [AppLog] INFO : 结束自动清洗过程：AutoCleanThread
2023-12-31 21:08:29,551 [AppLog] INFO : 进入：EquipmentMotionLogic3=》准备创建对象-手动操作！
2023-12-31 21:08:29,551 [AppLog] INFO : 进入：EquipmentMotionLogic3=》不需重新创建-手动操作！
2023-12-31 21:08:29,551 [AppLog] INFO : 进入：EquipmentMotionLogic3=》赋值完成自-AutoPrintMotion2！
2023-12-31 21:08:29,552 [AppLog] INFO : 进入：EquipmentMotionLogic3=》加载配置文件-LoadJsonFile成功！
2023-12-31 21:08:29,552 [AppLog] INFO : 进入：AutoPrintThread3！
2023-12-31 21:08:29,560 [AppLog] INFO : 关闭闪喷操作：IDP_FlashPrtCtl：返回值{True}
2023-12-31 21:08:29,560 [AppLog] INFO : 准备读取编码器位置：Y方向！
2023-12-31 21:08:29,563 [AppLog] INFO : 准备运动，编码器当前位置：DEM_GetAxisEncodeVal：MoveDirectionFlag{false为Y方向：True}CurrentPos{115.97}AimPos{88.5}
2023-12-31 21:08:29,735 [AppLog] INFO : Y方向运动开始：DEM_Run：返回值{True}nAxis{1}DirFlag{False}nSpeed{300000}MoveStep{-27521.94577}nCtlValue{1}
2023-12-31 21:08:29,785 [AppLog] INFO : 准备读取编码器位置：X方向！
2023-12-31 21:08:29,788 [AppLog] INFO : 准备运动，当前位置：DEV_GetPrintEncoderValue：MoveDirectionFlag{false为Y方向：False}CurrentPos{680.185}AimPos{425}
2023-12-31 21:08:29,831 [AppLog] INFO : X方向运动开始：DEM_Run：返回值{True}nAxis{0}DirFlag{False}nSpeed{300000}MoveStep{-255185}nCtlValue{2}
2023-12-31 21:08:31,240 [AppLog] INFO : X方向到位停止：DEM_StopAxisRun：返回值{True}CurrentPos{429.44}bImmeStop{False}nAxisMask{1}
2023-12-31 21:08:31,240 [AppLog] INFO : 准备读取编码器位置：X方向！
2023-12-31 21:08:31,246 [AppLog] INFO : 准备运动，当前位置：DEV_GetPrintEncoderValue：MoveDirectionFlag{false为Y方向：False}CurrentPos{429.085}AimPos{25}
2023-12-31 21:08:31,282 [AppLog] INFO : X方向运动开始：DEM_Run：返回值{True}nAxis{0}DirFlag{False}nSpeed{100000}MoveStep{-404085}nCtlValue{2}
2023-12-31 21:08:35,482 [AppLog] INFO : X方向到位停止：DEM_StopAxisRun：返回值{True}CurrentPos{24.75}bImmeStop{False}nAxisMask{1}
2023-12-31 21:08:35,482 [AppLog] INFO : 准备读取编码器位置：Y方向！
2023-12-31 21:08:35,483 [AppLog] INFO : 准备运动，编码器当前位置：DEM_GetAxisEncodeVal：MoveDirectionFlag{false为Y方向：True}CurrentPos{88.5}AimPos{103.521166666667}
2023-12-31 21:08:35,664 [AppLog] INFO : Y方向运动开始：DEM_Run：返回值{True}nAxis{1}DirFlag{True}nSpeed{100000}MoveStep{15049.5716928333}nCtlValue{1}
2023-12-31 21:08:35,720 [AppLog] INFO : Y方向到位停止：DEM_StopAxisRun：返回值{True}CurrentPos{100.4}bImmeStop{False}nAxisMask{2}
2023-12-31 21:08:35,720 [AppLog] INFO : 获取打印Pass数据：IDP_GetPassItem2：nLayerIndex{10}nPassID{1}nProcState{3}LPPassDataItemb:PrtDir{True}nDataTxCompleteCnt{1}nHwMemAdrMatchMask{1}nLayerIndex{10}nLayerPassCount{6}nLayerPassIndex{1}nMinJet0ImgLinePos{1635}nPrtMemHwAddr{System.UInt32[]}nPrtDataOffset{System.UInt32[]}nSrcDataSize{System.UInt32[]}nPrtColBytes{System.UInt32[]}nPrtPrecession{5.333}nSrcEndCols{12000}nSrcStartCols{0}nStartEncPos{10000}nValidPassJets{1280}nValidPrtCols{12464}nValidPrtCtlCnts{1}pDataBuf{0}pNextItem{821202176}
2023-12-31 21:08:35,729 [AppLog] INFO : 使能Pass打印成功：IDP_DoPassPrint2：nLayerIndex{10}nPassID{1}
2023-12-31 21:08:35,737 [AppLog] INFO : PASS打印前关键状态：DEV_GetDeviceInfo：nLayerIndex{10}nPassID{1}LPPRINTER_INFO:nXSysEncDPI{5080}nStatus{909129520}nPrintStatus{0}bSuperDevice{1}
LPPRINTER_INFO-LPPrtRunInfo:bJobPrtRuning{True}bLayerPrtIsOver{False}nContReqMemErr{0}nContWDErr{0}nCurPrtDir{0}nDTLayerIndex{11}nDTLayerPassIndex{5}nDTPtrCtlIndex{0}nLayerPassCount{6}nPrintLayerIndex{10}nPrintPassIndex{1}nProcLayerIndex{11}nPrtDataMemAddr{0}nPrtState{0}nReverse{System.Int32[]}nRevPrtCols{0}
LPPRINTER_INFO-LPDRVINFO:nFMVersion{45074}nFpgaVersion{539038216}nPCBVersion{0}nState{0}nNextState{0}nPtvwarnState{0}nCrc32{0}nRevInfo{System.UInt32[]}nSignature{0}
2023-12-31 21:08:35,737 [AppLog] INFO : 创建：AutoPrintMotion1=》不需重新创建-手动操作！
2023-12-31 21:08:35,738 [AppLog] INFO : 进入：EquipmentMotionLogic3=》准备创建对象-手动操作！
2023-12-31 21:08:35,738 [AppLog] INFO : 进入：EquipmentMotionLogic3=》不需重新创建-手动操作！
2023-12-31 21:08:35,738 [AppLog] INFO : 进入：EquipmentMotionLogic3=》赋值完成自-AutoPrintMotion2！
2023-12-31 21:08:35,739 [AppLog] INFO : 进入：EquipmentMotionLogic3=》加载配置文件-LoadJsonFile成功！
2023-12-31 21:08:35,739 [AppLog] INFO : 进入：AutoPrintThread3！
2023-12-31 21:08:35,739 [AppLog] INFO : 准备读取编码器位置：X方向！
2023-12-31 21:08:35,746 [AppLog] INFO : 准备运动，当前位置：DEV_GetPrintEncoderValue：MoveDirectionFlag{false为Y方向：False}CurrentPos{22.205}AimPos{425}
2023-12-31 21:08:35,790 [AppLog] INFO : X方向运动开始：DEM_Run：返回值{True}nAxis{0}DirFlag{True}nSpeed{100000}MoveStep{402795}nCtlValue{2}
2023-12-31 21:08:39,977 [AppLog] INFO : X方向到位停止：DEM_StopAxisRun：返回值{True}CurrentPos{419.86}bImmeStop{False}nAxisMask{1}
2023-12-31 21:08:39,977 [AppLog] INFO : 准备读取编码器位置：Y方向！
2023-12-31 21:08:39,980 [AppLog] INFO : 准备运动，编码器当前位置：DEM_GetAxisEncodeVal：MoveDirectionFlag{false为Y方向：True}CurrentPos{103.52}AimPos{142.5}
2023-12-31 21:08:40,401 [AppLog] INFO : Y方向运动开始：DEM_Run：返回值{True}nAxis{1}DirFlag{True}nSpeed{100000}MoveStep{39053.71118}nCtlValue{1}
2023-12-31 21:08:40,456 [AppLog] INFO : Y方向到位停止：DEM_StopAxisRun：返回值{True}CurrentPos{139.525}bImmeStop{False}nAxisMask{2}
2023-12-31 21:08:40,456 [AppLog] INFO : 获取打印Pass数据：IDP_GetPassItem2：nLayerIndex{10}nPassID{2}nProcState{3}LPPassDataItemb:PrtDir{False}nDataTxCompleteCnt{1}nHwMemAdrMatchMask{1}nLayerIndex{10}nLayerPassCount{6}nLayerPassIndex{2}nMinJet0ImgLinePos{2915}nPrtMemHwAddr{System.UInt32[]}nPrtDataOffset{System.UInt32[]}nSrcDataSize{System.UInt32[]}nPrtColBytes{System.UInt32[]}nPrtPrecession{5.333}nSrcEndCols{12000}nSrcStartCols{0}nStartEncPos{76505}nValidPassJets{1280}nValidPrtCols{12464}nValidPrtCtlCnts{1}pDataBuf{0}pNextItem{821202336}
2023-12-31 21:08:40,467 [AppLog] INFO : 使能Pass打印成功：IDP_DoPassPrint2：nLayerIndex{10}nPassID{2}
2023-12-31 21:08:40,492 [AppLog] INFO : PASS打印前关键状态：DEV_GetDeviceInfo：nLayerIndex{10}nPassID{2}LPPRINTER_INFO:nXSysEncDPI{5080}nStatus{909129520}nPrintStatus{0}bSuperDevice{1}
LPPRINTER_INFO-LPPrtRunInfo:bJobPrtRuning{True}bLayerPrtIsOver{False}nContReqMemErr{0}nContWDErr{0}nCurPrtDir{0}nDTLayerIndex{11}nDTLayerPassIndex{5}nDTPtrCtlIndex{0}nLayerPassCount{6}nPrintLayerIndex{10}nPrintPassIndex{2}nProcLayerIndex{11}nPrtDataMemAddr{0}nPrtState{0}nReverse{System.Int32[]}nRevPrtCols{0}
LPPRINTER_INFO-LPDRVINFO:nFMVersion{45074}nFpgaVersion{539038216}nPCBVersion{0}nState{0}nNextState{0}nPtvwarnState{0}nCrc32{0}nRevInfo{System.UInt32[]}nSignature{0}
2023-12-31 21:08:40,492 [AppLog] INFO : 创建：AutoPrintMotion1=》不需重新创建-手动操作！
2023-12-31 21:08:40,493 [AppLog] INFO : 进入：EquipmentMotionLogic3=》准备创建对象-手动操作！
2023-12-31 21:08:40,493 [AppLog] INFO : 进入：EquipmentMotionLogic3=》不需重新创建-手动操作！
2023-12-31 21:08:40,493 [AppLog] INFO : 进入：EquipmentMotionLogic3=》赋值完成自-AutoPrintMotion2！
2023-12-31 21:08:40,493 [AppLog] INFO : 进入：EquipmentMotionLogic3=》加载配置文件-LoadJsonFile成功！
2023-12-31 21:08:40,494 [AppLog] INFO : 进入：AutoPrintThread3！
2023-12-31 21:08:40,494 [AppLog] INFO : 准备读取编码器位置：X方向！
2023-12-31 21:08:40,499 [AppLog] INFO : 准备运动，当前位置：DEV_GetPrintEncoderValue：MoveDirectionFlag{false为Y方向：False}CurrentPos{423.185}AimPos{25}
2023-12-31 21:08:40,532 [AppLog] INFO : X方向运动开始：DEM_Run：返回值{True}nAxis{0}DirFlag{False}nSpeed{100000}MoveStep{-398185}nCtlValue{2}
2023-12-31 21:08:44,659 [AppLog] INFO : X方向到位停止：DEM_StopAxisRun：返回值{True}CurrentPos{30.52}bImmeStop{False}nAxisMask{1}
2023-12-31 21:08:44,659 [AppLog] INFO : 准备读取编码器位置：Y方向！
2023-12-31 21:08:44,662 [AppLog] INFO : 准备运动，编码器当前位置：DEM_GetAxisEncodeVal：MoveDirectionFlag{false为Y方向：True}CurrentPos{142.46}AimPos{157.521166666667}
2023-12-31 21:08:44,852 [AppLog] INFO : Y方向运动开始：DEM_Run：返回值{True}nAxis{1}DirFlag{True}nSpeed{100000}MoveStep{15089.6473328333}nCtlValue{1}
2023-12-31 21:08:44,924 [AppLog] INFO : Y方向到位停止：DEM_StopAxisRun：返回值{True}CurrentPos{155.535}bImmeStop{False}nAxisMask{2}
2023-12-31 21:08:44,924 [AppLog] INFO : 获取打印Pass数据：IDP_GetPassItem2：nLayerIndex{10}nPassID{3}nProcState{3}LPPassDataItemb:PrtDir{True}nDataTxCompleteCnt{1}nHwMemAdrMatchMask{1}nLayerIndex{10}nLayerPassCount{6}nLayerPassIndex{3}nMinJet0ImgLinePos{4195}nPrtMemHwAddr{System.UInt32[]}nPrtDataOffset{System.UInt32[]}nSrcDataSize{System.UInt32[]}nPrtColBytes{System.UInt32[]}nPrtPrecession{5.333}nSrcEndCols{12000}nSrcStartCols{0}nStartEncPos{10000}nValidPassJets{1280}nValidPrtCols{12464}nValidPrtCtlCnts{1}pDataBuf{0}pNextItem{821202496}
2023-12-31 21:08:44,935 [AppLog] INFO : 使能Pass打印成功：IDP_DoPassPrint2：nLayerIndex{10}nPassID{3}
2023-12-31 21:08:44,939 [AppLog] INFO : PASS打印前关键状态：DEV_GetDeviceInfo：nLayerIndex{10}nPassID{3}LPPRINTER_INFO:nXSysEncDPI{5080}nStatus{909129520}nPrintStatus{0}bSuperDevice{1}
LPPRINTER_INFO-LPPrtRunInfo:bJobPrtRuning{True}bLayerPrtIsOver{False}nContReqMemErr{0}nContWDErr{0}nCurPrtDir{0}nDTLayerIndex{11}nDTLayerPassIndex{5}nDTPtrCtlIndex{0}nLayerPassCount{6}nPrintLayerIndex{10}nPrintPassIndex{3}nProcLayerIndex{11}nPrtDataMemAddr{0}nPrtState{0}nReverse{System.Int32[]}nRevPrtCols{0}
LPPRINTER_INFO-LPDRVINFO:nFMVersion{45074}nFpgaVersion{539038216}nPCBVersion{0}nState{0}nNextState{0}nPtvwarnState{0}nCrc32{0}nRevInfo{System.UInt32[]}nSignature{0}
2023-12-31 21:08:44,939 [AppLog] INFO : 创建：AutoPrintMotion1=》不需重新创建-手动操作！
2023-12-31 21:08:44,939 [AppLog] INFO : 进入：EquipmentMotionLogic3=》准备创建对象-手动操作！
2023-12-31 21:08:44,940 [AppLog] INFO : 进入：EquipmentMotionLogic3=》不需重新创建-手动操作！
2023-12-31 21:08:44,940 [AppLog] INFO : 进入：EquipmentMotionLogic3=》赋值完成自-AutoPrintMotion2！
2023-12-31 21:08:44,940 [AppLog] INFO : 进入：EquipmentMotionLogic3=》加载配置文件-LoadJsonFile成功！
2023-12-31 21:08:44,940 [AppLog] INFO : 进入：AutoPrintThread3！
2023-12-31 21:08:44,941 [AppLog] INFO : 准备读取编码器位置：X方向！
2023-12-31 21:08:44,948 [AppLog] INFO : 准备运动，当前位置：DEV_GetPrintEncoderValue：MoveDirectionFlag{false为Y方向：False}CurrentPos{26.865}AimPos{425}
2023-12-31 21:08:44,978 [AppLog] INFO : X方向运动开始：DEM_Run：返回值{True}nAxis{0}DirFlag{True}nSpeed{100000}MoveStep{398135}nCtlValue{2}
2023-12-31 21:08:49,116 [AppLog] INFO : X方向到位停止：DEM_StopAxisRun：返回值{True}CurrentPos{419.695}bImmeStop{False}nAxisMask{1}
2023-12-31 21:08:49,116 [AppLog] INFO : 准备读取编码器位置：Y方向！
2023-12-31 21:08:49,117 [AppLog] INFO : 准备运动，编码器当前位置：DEM_GetAxisEncodeVal：MoveDirectionFlag{false为Y方向：True}CurrentPos{157.55}AimPos{196.5}
2023-12-31 21:08:49,534 [AppLog] INFO : Y方向运动开始：DEM_Run：返回值{True}nAxis{1}DirFlag{True}nSpeed{100000}MoveStep{39023.65445}nCtlValue{1}
2023-12-31 21:08:49,589 [AppLog] INFO : Y方向到位停止：DEM_StopAxisRun：返回值{True}CurrentPos{193.07}bImmeStop{False}nAxisMask{2}
2023-12-31 21:08:49,589 [AppLog] INFO : 获取打印Pass数据：IDP_GetPassItem2：nLayerIndex{10}nPassID{4}nProcState{3}LPPassDataItemb:PrtDir{False}nDataTxCompleteCnt{1}nHwMemAdrMatchMask{1}nLayerIndex{10}nLayerPassCount{6}nLayerPassIndex{4}nMinJet0ImgLinePos{5475}nPrtMemHwAddr{System.UInt32[]}nPrtDataOffset{System.UInt32[]}nSrcDataSize{System.UInt32[]}nPrtColBytes{System.UInt32[]}nPrtPrecession{5.333}nSrcEndCols{12000}nSrcStartCols{0}nStartEncPos{76505}nValidPassJets{1280}nValidPrtCols{12464}nValidPrtCtlCnts{1}pDataBuf{0}pNextItem{821202656}
2023-12-31 21:08:49,598 [AppLog] INFO : 使能Pass打印成功：IDP_DoPassPrint2：nLayerIndex{10}nPassID{4}
2023-12-31 21:08:49,600 [AppLog] INFO : PASS打印前关键状态：DEV_GetDeviceInfo：nLayerIndex{10}nPassID{4}LPPRINTER_INFO:nXSysEncDPI{5080}nStatus{909129520}nPrintStatus{0}bSuperDevice{1}
LPPRINTER_INFO-LPPrtRunInfo:bJobPrtRuning{True}bLayerPrtIsOver{False}nContReqMemErr{0}nContWDErr{0}nCurPrtDir{0}nDTLayerIndex{11}nDTLayerPassIndex{5}nDTPtrCtlIndex{0}nLayerPassCount{6}nPrintLayerIndex{10}nPrintPassIndex{4}nProcLayerIndex{11}nPrtDataMemAddr{0}nPrtState{0}nReverse{System.Int32[]}nRevPrtCols{0}
LPPRINTER_INFO-LPDRVINFO:nFMVersion{45074}nFpgaVersion{539038216}nPCBVersion{0}nState{0}nNextState{0}nPtvwarnState{0}nCrc32{0}nRevInfo{System.UInt32[]}nSignature{0}
2023-12-31 21:08:49,600 [AppLog] INFO : 创建：AutoPrintMotion1=》不需重新创建-手动操作！
2023-12-31 21:08:49,601 [AppLog] INFO : 进入：EquipmentMotionLogic3=》准备创建对象-手动操作！
2023-12-31 21:08:49,601 [AppLog] INFO : 进入：EquipmentMotionLogic3=》不需重新创建-手动操作！
2023-12-31 21:08:49,601 [AppLog] INFO : 进入：EquipmentMotionLogic3=》赋值完成自-AutoPrintMotion2！
2023-12-31 21:08:49,601 [AppLog] INFO : 进入：EquipmentMotionLogic3=》加载配置文件-LoadJsonFile成功！
2023-12-31 21:08:49,602 [AppLog] INFO : 进入：AutoPrintThread3！
2023-12-31 21:08:49,602 [AppLog] INFO : 准备读取编码器位置：X方向！
2023-12-31 21:08:49,609 [AppLog] INFO : 准备运动，当前位置：DEV_GetPrintEncoderValue：MoveDirectionFlag{false为Y方向：False}CurrentPos{423.115}AimPos{25}
2023-12-31 21:08:49,643 [AppLog] INFO : X方向运动开始：DEM_Run：返回值{True}nAxis{0}DirFlag{False}nSpeed{100000}MoveStep{-398115}nCtlValue{2}
2023-12-31 21:08:53,769 [AppLog] INFO : X方向到位停止：DEM_StopAxisRun：返回值{True}CurrentPos{30.795}bImmeStop{False}nAxisMask{1}
2023-12-31 21:08:53,769 [AppLog] INFO : 准备读取编码器位置：Y方向！
2023-12-31 21:08:53,796 [AppLog] INFO : 准备运动，编码器当前位置：DEM_GetAxisEncodeVal：MoveDirectionFlag{false为Y方向：True}CurrentPos{196.43}AimPos{211.521166666667}
2023-12-31 21:08:53,977 [AppLog] INFO : Y方向运动开始：DEM_Run：返回值{True}nAxis{1}DirFlag{True}nSpeed{100000}MoveStep{15119.7040628333}nCtlValue{1}
2023-12-31 21:08:54,034 [AppLog] INFO : Y方向到位停止：DEM_StopAxisRun：返回值{True}CurrentPos{208.26}bImmeStop{False}nAxisMask{2}
2023-12-31 21:08:54,035 [AppLog] INFO : 获取打印Pass数据：IDP_GetPassItem2：nLayerIndex{10}nPassID{5}nProcState{3}LPPassDataItemb:PrtDir{True}nDataTxCompleteCnt{1}nHwMemAdrMatchMask{1}nLayerIndex{10}nLayerPassCount{6}nLayerPassIndex{5}nMinJet0ImgLinePos{6755}nPrtMemHwAddr{System.UInt32[]}nPrtDataOffset{System.UInt32[]}nSrcDataSize{System.UInt32[]}nPrtColBytes{System.UInt32[]}nPrtPrecession{5.333}nSrcEndCols{12000}nSrcStartCols{0}nStartEncPos{10000}nValidPassJets{1280}nValidPrtCols{12464}nValidPrtCtlCnts{1}pDataBuf{0}pNextItem{0}
2023-12-31 21:08:54,044 [AppLog] INFO : 使能Pass打印成功：IDP_DoPassPrint2：nLayerIndex{10}nPassID{5}
2023-12-31 21:08:54,050 [AppLog] INFO : PASS打印前关键状态：DEV_GetDeviceInfo：nLayerIndex{10}nPassID{5}LPPRINTER_INFO:nXSysEncDPI{5080}nStatus{909129520}nPrintStatus{0}bSuperDevice{1}
LPPRINTER_INFO-LPPrtRunInfo:bJobPrtRuning{True}bLayerPrtIsOver{False}nContReqMemErr{0}nContWDErr{0}nCurPrtDir{0}nDTLayerIndex{11}nDTLayerPassIndex{5}nDTPtrCtlIndex{0}nLayerPassCount{6}nPrintLayerIndex{10}nPrintPassIndex{5}nProcLayerIndex{11}nPrtDataMemAddr{0}nPrtState{0}nReverse{System.Int32[]}nRevPrtCols{0}
LPPRINTER_INFO-LPDRVINFO:nFMVersion{45074}nFpgaVersion{539038216}nPCBVersion{0}nState{0}nNextState{0}nPtvwarnState{0}nCrc32{0}nRevInfo{System.UInt32[]}nSignature{0}
2023-12-31 21:08:54,051 [AppLog] INFO : 创建：AutoPrintMotion1=》不需重新创建-手动操作！
2023-12-31 21:08:54,051 [AppLog] INFO : 进入：EquipmentMotionLogic3=》准备创建对象-手动操作！
2023-12-31 21:08:54,051 [AppLog] INFO : 进入：EquipmentMotionLogic3=》不需重新创建-手动操作！
2023-12-31 21:08:54,051 [AppLog] INFO : 进入：EquipmentMotionLogic3=》赋值完成自-AutoPrintMotion2！
2023-12-31 21:08:54,052 [AppLog] INFO : 进入：EquipmentMotionLogic3=》加载配置文件-LoadJsonFile成功！
2023-12-31 21:08:54,052 [AppLog] INFO : 进入：AutoPrintThread3！
2023-12-31 21:08:54,052 [AppLog] INFO : 准备读取编码器位置：X方向！
2023-12-31 21:08:54,054 [AppLog] INFO : 准备运动，当前位置：DEV_GetPrintEncoderValue：MoveDirectionFlag{false为Y方向：False}CurrentPos{26.785}AimPos{425}
2023-12-31 21:08:54,089 [AppLog] INFO : X方向运动开始：DEM_Run：返回值{True}nAxis{0}DirFlag{True}nSpeed{100000}MoveStep{398215}nCtlValue{2}
2023-12-31 21:08:58,213 [AppLog] INFO : X方向到位停止：DEM_StopAxisRun：返回值{True}CurrentPos{419.03}bImmeStop{False}nAxisMask{1}
2023-12-31 21:08:58,213 [AppLog] INFO : 准备读取编码器位置：X方向！
2023-12-31 21:08:58,214 [AppLog] INFO : 准备运动，当前位置：DEV_GetPrintEncoderValue：MoveDirectionFlag{false为Y方向：False}CurrentPos{419.13}AimPos{780}
2023-12-31 21:08:58,238 [AppLog] INFO : X方向运动开始：DEM_Run：返回值{True}nAxis{0}DirFlag{True}nSpeed{300000}MoveStep{360870}nCtlValue{2}
2023-12-31 21:08:58,288 [AppLog] INFO : 准备读取编码器位置：Y方向！
2023-12-31 21:08:58,295 [AppLog] INFO : 准备运动，编码器当前位置：DEM_GetAxisEncodeVal：MoveDirectionFlag{false为Y方向：True}CurrentPos{211.56}AimPos{121}
2023-12-31 21:08:58,655 [AppLog] INFO : Y方向运动开始：DEM_Run：返回值{True}nAxis{1}DirFlag{False}nSpeed{300000}MoveStep{-90731.24896}nCtlValue{1}
2023-12-31 21:08:59,990 [AppLog] INFO : Y方向到位等停：DEM_StopAxisRun：返回值{True}bImmeStop{False}nAxisMask{1}
2023-12-31 21:08:59,997 [AppLog] INFO : X方向到位等停：DEM_StopAxisRun：返回值{True}bImmeStop{False}nAxisMask{2}
2023-12-31 21:09:00,016 [AppLog] INFO : 开启闪喷操作：IDP_FlashPrtCtl：返回值{True}
2023-12-31 21:09:00,016 [AppLog] INFO : 进入：EquipmentMotionLogic3=》准备创建对象-手动操作！
2023-12-31 21:09:00,016 [AppLog] INFO : 进入：EquipmentMotionLogic3=》不需重新创建-手动操作！
2023-12-31 21:09:00,016 [AppLog] INFO : 进入：EquipmentMotionLogic3=》赋值完成自-AutoPrintMotion2！
2023-12-31 21:09:00,017 [AppLog] INFO : 进入：EquipmentMotionLogic3=》加载配置文件-LoadJsonFile成功！
2023-12-31 21:09:00,017 [AppLog] INFO : 进入自动铺粉逻辑：NewAutoSupplyPowderThread2
2023-12-31 21:09:00,017 [AppLog] INFO : 电气控制模块：手动打开端口14
2023-12-31 21:09:00,018 [AppLog] INFO : 电气控制模块：手动打开端口15
2023-12-31 21:09:00,093 [AppLog] INFO : 手动正向点动指令（8轴运控板卡系统） ====》：输出AXIS{第1轴},点动量{-0.1MM},运动速度{2MM/s}
2023-12-31 21:09:00,094 [AppLog] INFO : 成形面高度下降层厚 TrapSpace{0.1mm}：TrapMoveUp(1, true, Convert.ToString(vel), Convert.ToString(TrapSpace), true, true）
2023-12-31 21:09:00,869 [AppLog] INFO : 手动正向点动指令（8轴运控板卡系统） ====》：输出AXIS{第1轴},点动量{-1.5MM},运动速度{2MM/s}
2023-12-31 21:09:00,870 [AppLog] INFO : 成形面高度下降指定厚度 TrapSpace{1.5mm}：TrapMoveUp(1, true, Convert.ToString(vel), Convert.ToString(TrapSpace), true, true）
2023-12-31 21:09:00,870 [AppLog] INFO : 电气控制模块：手动关闭端口15
2023-12-31 21:09:00,870 [AppLog] INFO : 电气控制模块：手动关闭端口14
2023-12-31 21:09:01,119 [AppLog] INFO : 手动正向点动指令（8轴运控板卡系统） ====》：输出AXIS{第8轴},点动量{0.6MM},运动速度{2.5MM/s}
2023-12-31 21:09:01,119 [AppLog] INFO : Hopper落粉轴转2圈落粉，速度0.5rev/s：TrapMoveUp(8, true, 0.5, rotateNuM.ToString(), true, false)
2023-12-31 21:09:02,119 [AppLog] INFO : 开启铺粉车不等停运动，准备运动至准备打印位置215mm，速度250mm/s：BackToStation2
2023-12-31 21:09:02,988 [AppLog] INFO : 手动正向点动指令（8轴运控板卡系统） ====》：输出AXIS{第2轴},点动量{216.5MM},运动速度{250MM/s}
2023-12-31 21:09:02,988 [AppLog] INFO : 当前铺粉车位置：打印位置215mm
2023-12-31 21:09:02,990 [AppLog] INFO : 手动正向点动指令（8轴运控板卡系统） ====》：输出AXIS{第2轴},点动量{480MM},运动速度{20MM/s}
2023-12-31 21:09:02,990 [AppLog] INFO : 开启铺粉车不等停运动至准备打印位置695mm，速度20mm/s：BackToStation2
2023-12-31 21:09:03,101 [AppLog] INFO : 打开IR灯：OpenIRLamp(true)
2023-12-31 21:09:03,243 [AppLog] INFO : IR固化手动出光模式：WriteSingleRegister：SlaveNumber{1}RegisterAddress{132}RegisterValue{1}
2023-12-31 21:09:03,303 [AppLog] INFO : IR固化停止出光成功：WriteSingleRegister：SlaveNumber{1}RegisterAddress{121}目标温度{0 ℃}
2023-12-31 21:09:03,844 [AppLog] INFO : IR固化手动出光模式：WriteSingleRegister：SlaveNumber{1}RegisterAddress{132}RegisterValue{1}
2023-12-31 21:09:03,905 [AppLog] INFO : IR固化停止出光成功：WriteSingleRegister：SlaveNumber{1}RegisterAddress{121}目标温度{0 ℃}
2023-12-31 21:09:07,631 [AppLog] INFO : IR固化手动出光模式：WriteSingleRegister：SlaveNumber{1}RegisterAddress{132}RegisterValue{1}
2023-12-31 21:09:07,691 [AppLog] INFO : IR固化更新功率为设定值：WriteSingleRegister：SlaveNumber{1}RegisterAddress{121}目标温度{100℃}
2023-12-31 21:09:11,940 [AppLog] INFO : IR固化手动出光模式：WriteSingleRegister：SlaveNumber{1}RegisterAddress{132}RegisterValue{1}
2023-12-31 21:09:12,000 [AppLog] INFO : IR固化停止出光成功：WriteSingleRegister：SlaveNumber{1}RegisterAddress{121}目标温度{0 ℃}
2023-12-31 21:09:17,852 [AppLog] INFO : 关闭IR灯：OpenIRLamp(false)
2023-12-31 21:09:26,992 [AppLog] INFO : 开启铺粉车不等停运动至准备打印位置215mm，速度250mm/s：BackToStation2
2023-12-31 21:09:28,915 [AppLog] INFO : 手动正向点动指令（8轴运控板卡系统） ====》：输出AXIS{第2轴},点动量{-480MM},运动速度{250MM/s}
2023-12-31 21:09:28,916 [AppLog] INFO : 当前铺粉车位置：打印位置215mm
2023-12-31 21:09:28,916 [AppLog] INFO : 电气控制模块：手动打开端口14
2023-12-31 21:09:28,916 [AppLog] INFO : 电气控制模块：手动打开端口15
2023-12-31 21:09:29,692 [AppLog] INFO : 手动正向点动指令（8轴运控板卡系统） ====》：输出AXIS{第1轴},点动量{1.5MM},运动速度{2MM/s}
2023-12-31 21:09:29,692 [AppLog] INFO : 电气控制模块：手动关闭端口15
2023-12-31 21:09:29,692 [AppLog] INFO : 电气控制模块：手动关闭端口14
2023-12-31 21:09:29,692 [AppLog] INFO : 成形面高度上升层厚 TrapSpace{1.5mm}：TrapMoveUp(1, true, Convert.ToString(vel), Convert.ToString(TrapSpace), true, true）
2023-12-31 21:09:29,693 [AppLog] INFO : 开启铺粉车不等停运动，准备运动至准备打印位置215mm，速度250mm/s：BackToStation2
2023-12-31 21:09:29,694 [AppLog] INFO : 手动正向点动指令（8轴运控板卡系统） ====》：输出AXIS{第2轴},点动量{0MM},运动速度{250MM/s}
2023-12-31 21:09:29,695 [AppLog] INFO : 当前铺粉车位置：打印位置215mm
2023-12-31 21:09:29,696 [AppLog] INFO : 手动正向点动指令（8轴运控板卡系统） ====》：输出AXIS{第2轴},点动量{480MM},运动速度{50MM/s}
2023-12-31 21:09:29,696 [AppLog] INFO : 开启铺粉车不等停运动至准备打印位置695mm，速度50mm/s：BackToStation2
2023-12-31 21:09:29,829 [AppLog] INFO : 手动正向点动指令（8轴运控板卡系统） ====》：输出AXIS{第3轴},点动量{0.125MM},运动速度{1MM/s}
2023-12-31 21:09:29,829 [AppLog] INFO : 在{40mm}处，落粉轴运动{45度}，落粉轴转速{1rev/s}：TrapMoveUp(3, true, Convert.ToString(DispenseRollerSpeed), 0.5, true, true)
2023-12-31 21:09:29,830 [AppLog] INFO : 手动正向点动指令（8轴运控板卡系统） ====》：输出AXIS{第3轴},点动量{0.5MM},运动速度{0.0753424657534247MM/s}
2023-12-31 21:09:29,830 [AppLog] INFO : 开启均匀落粉及辊子铺平运动：TrapMoveUp(3, true, Convert.ToString(DispenseRollerSpeed), 0.5, true, true)
2023-12-31 21:09:38,061 [AppLog] INFO : 手动正向点动指令（8轴运控板卡系统） ====》：输出AXIS{第3轴},点动量{0.5MM},运动速度{2MM/s}
2023-12-31 21:09:38,061 [AppLog] INFO : 落粉轴继续转动以倒掉余粉：TrapMoveUp(3, true, 2, 0.5, true, false)
2023-12-31 21:09:39,300 [AppLog] INFO : 电气控制模块：手动打开端口14
2023-12-31 21:09:39,301 [AppLog] INFO : 电气控制模块：手动打开端口15
2023-12-31 21:09:40,076 [AppLog] INFO : 手动正向点动指令（8轴运控板卡系统） ====》：输出AXIS{第1轴},点动量{-1.5MM},运动速度{2MM/s}
2023-12-31 21:09:40,076 [AppLog] INFO : 电气控制模块：手动关闭端口15
2023-12-31 21:09:40,077 [AppLog] INFO : 电气控制模块：手动关闭端口14
2023-12-31 21:09:40,077 [AppLog] INFO : 成形面高度下降指定厚度 TrapSpace{1.5mm}：TrapMoveUp(1, true, Convert.ToString(vel), Convert.ToString(TrapSpace), true, true）
2023-12-31 21:09:42,866 [AppLog] INFO : 手动正向点动指令（8轴运控板卡系统） ====》：输出AXIS{第2轴},点动量{-696.5MM},运动速度{250MM/s}
2023-12-31 21:09:42,866 [AppLog] INFO : 铺粉车返回至站1：BackToStation2(AimPos, MovSpeed, true)：-1.5mm，速度250mm/s：BackToStation2
2023-12-31 21:09:43,618 [AppLog] INFO : 落粉轴回零成功：motionMap.SetBackSpreaderAxis(3, 0.5, 2, -SinkPosition)：ReturnCode{True}
2023-12-31 21:09:43,618 [AppLog] INFO : 电气控制模块：手动打开端口14
2023-12-31 21:09:43,618 [AppLog] INFO : 电气控制模块：手动打开端口15
2023-12-31 21:09:44,394 [AppLog] INFO : 手动正向点动指令（8轴运控板卡系统） ====》：输出AXIS{第1轴},点动量{1.5MM},运动速度{2MM/s}
2023-12-31 21:09:44,394 [AppLog] INFO : 电气控制模块：手动关闭端口15
2023-12-31 21:09:44,395 [AppLog] INFO : 电气控制模块：手动关闭端口14
2023-12-31 21:09:44,395 [AppLog] INFO : 成形面高度上升层厚 TrapSpace{1.5mm}：TrapMoveUp(1, true, Convert.ToString(vel), Convert.ToString(TrapSpace), true, true）
2023-12-31 21:09:44,395 [AppLog] INFO : 自动铺粉正常结束：NewAutoSupplyPowderThread2
2023-12-31 21:09:44,399 [AppLog] INFO : 发送监控指令，拍照记录1条：SendMessageFromSharedMemory
2023-12-31 21:09:44,399 [AppLog] INFO : 铺粉模式：固化结束再开启铺粉！
2023-12-31 21:09:44,399 [AppLog] INFO : 执行完成铺粉固化操作：EquipmentMotionLogic3：m_bApplyPowderSupplyMotion:0
2023-12-31 21:09:44,399 [AppLog] INFO : 接收到恢复打印指令：PrintTaskTHREAD
2023-12-31 21:09:44,401 [AppLog] INFO : 获取打印Pass数据：IDP_GetPassItem2：nLayerIndex{11}nPassID{0}nProcState{3}LPPassDataItemb:PrtDir{False}nDataTxCompleteCnt{1}nHwMemAdrMatchMask{1}nLayerIndex{11}nLayerPassCount{6}nLayerPassIndex{0}nMinJet0ImgLinePos{355}nPrtMemHwAddr{System.UInt32[]}nPrtDataOffset{System.UInt32[]}nSrcDataSize{System.UInt32[]}nPrtColBytes{System.UInt32[]}nPrtPrecession{5.333}nSrcEndCols{12000}nSrcStartCols{0}nStartEncPos{76505}nValidPassJets{1280}nValidPrtCols{12464}nValidPrtCtlCnts{1}pDataBuf{0}pNextItem{821025856}
2023-12-31 21:09:44,410 [AppLog] INFO : 使能Pass打印成功：IDP_DoPassPrint2：nLayerIndex{11}nPassID{0}
2023-12-31 21:09:44,416 [AppLog] INFO : PASS打印前关键状态：DEV_GetDeviceInfo：nLayerIndex{11}nPassID{0}LPPRINTER_INFO:nXSysEncDPI{5080}nStatus{909129520}nPrintStatus{0}bSuperDevice{1}
LPPRINTER_INFO-LPPrtRunInfo:bJobPrtRuning{True}bLayerPrtIsOver{False}nContReqMemErr{0}nContWDErr{0}nCurPrtDir{0}nDTLayerIndex{11}nDTLayerPassIndex{5}nDTPtrCtlIndex{0}nLayerPassCount{6}nPrintLayerIndex{11}nPrintPassIndex{0}nProcLayerIndex{11}nPrtDataMemAddr{0}nPrtState{0}nReverse{System.Int32[]}nRevPrtCols{0}
LPPRINTER_INFO-LPDRVINFO:nFMVersion{45074}nFpgaVersion{539038216}nPCBVersion{0}nState{0}nNextState{0}nPtvwarnState{0}nCrc32{0}nRevInfo{System.UInt32[]}nSignature{0}
2023-12-31 21:09:44,417 [AppLog] INFO : 创建：AutoPrintMotion1=》不需重新创建-手动操作！
2023-12-31 21:09:44,417 [AppLog] INFO : 进入：EquipmentMotionLogic3=》准备创建对象-手动操作！
2023-12-31 21:09:44,417 [AppLog] INFO : 进入：EquipmentMotionLogic3=》不需重新创建-手动操作！
2023-12-31 21:09:44,418 [AppLog] INFO : 进入：EquipmentMotionLogic3=》赋值完成自-AutoPrintMotion2！
2023-12-31 21:09:44,418 [AppLog] INFO : 进入：EquipmentMotionLogic3=》加载配置文件-LoadJsonFile成功！
2023-12-31 21:09:44,418 [AppLog] INFO : 进入自动清洗过程：AutoCleanThread
2023-12-31 21:09:44,762 [AppLog] INFO : 刮墨轴回零成功：motionMap.SetBackSpreaderAxis(4, 1, 2, -SinkHomePosition)
2023-12-31 21:09:44,762 [AppLog] INFO : 准备读取编码器位置：Y方向！
2023-12-31 21:09:44,764 [AppLog] INFO : 准备运动，编码器当前位置：DEM_GetAxisEncodeVal：MoveDirectionFlag{false为Y方向：True}CurrentPos{121.065}AimPos{116}
2023-12-31 21:09:44,888 [AppLog] INFO : Y方向运动开始：DEM_Run：返回值{True}nAxis{1}DirFlag{False}nSpeed{300000}MoveStep{-5074.577915}nCtlValue{1}
2023-12-31 21:09:44,949 [AppLog] INFO : Y方向到位停止：DEM_StopAxisRun：返回值{True}CurrentPos{116.705}bImmeStop{False}nAxisMask{2}
2023-12-31 21:09:44,950 [AppLog] INFO : 准备读取编码器位置：X方向！
2023-12-31 21:09:44,954 [AppLog] INFO : 准备运动，当前位置：DEV_GetPrintEncoderValue：MoveDirectionFlag{false为Y方向：False}CurrentPos{784.06}AimPos{780}
2023-12-31 21:09:44,977 [AppLog] INFO : X方向运动开始：DEM_Run：返回值{True}nAxis{0}DirFlag{False}nSpeed{300000}MoveStep{-4060.00000000006}nCtlValue{2}
2023-12-31 21:09:45,136 [AppLog] INFO : X方向到位停止：DEM_StopAxisRun：返回值{True}CurrentPos{783.16}bImmeStop{False}nAxisMask{1}
2023-12-31 21:09:46,346 [AppLog] INFO : 开启压墨： motionMap.SetDo(13, true)
2023-12-31 21:09:47,646 [AppLog] INFO : 关闭压墨： motionMap.SetDo(13, false)
2023-12-31 21:09:47,646 [AppLog] INFO : 压墨等待开启：{3.5S}
2023-12-31 21:09:51,146 [AppLog] INFO : 压墨等待完成：{3.5S}
2023-12-31 21:09:51,146 [AppLog] INFO : 准备读取编码器位置：X方向！
2023-12-31 21:09:51,148 [AppLog] INFO : 准备运动，当前位置：DEV_GetPrintEncoderValue：MoveDirectionFlag{false为Y方向：False}CurrentPos{780.36}AimPos{680}
2023-12-31 21:09:51,170 [AppLog] INFO : X方向运动开始：DEM_Run：返回值{True}nAxis{0}DirFlag{False}nSpeed{200000}MoveStep{-100360}nCtlValue{2}
2023-12-31 21:09:52,031 [AppLog] INFO : X方向到位停止：DEM_StopAxisRun：返回值{True}CurrentPos{684.42}bImmeStop{False}nAxisMask{1}
2023-12-31 21:09:52,583 [AppLog] INFO : 结束自动清洗过程：AutoCleanThread
2023-12-31 21:09:52,583 [AppLog] INFO : 进入：EquipmentMotionLogic3=》准备创建对象-手动操作！
2023-12-31 21:09:52,583 [AppLog] INFO : 进入：EquipmentMotionLogic3=》不需重新创建-手动操作！
2023-12-31 21:09:52,583 [AppLog] INFO : 进入：EquipmentMotionLogic3=》赋值完成自-AutoPrintMotion2！
2023-12-31 21:09:52,584 [AppLog] INFO : 进入：EquipmentMotionLogic3=》加载配置文件-LoadJsonFile成功！
2023-12-31 21:09:52,584 [AppLog] INFO : 进入：AutoPrintThread3！
2023-12-31 21:09:52,589 [AppLog] INFO : 关闭闪喷操作：IDP_FlashPrtCtl：返回值{True}
2023-12-31 21:09:52,589 [AppLog] INFO : 准备读取编码器位置：Y方向！
2023-12-31 21:09:52,620 [AppLog] INFO : 准备运动，编码器当前位置：DEM_GetAxisEncodeVal：MoveDirectionFlag{false为Y方向：True}CurrentPos{115.97}AimPos{91}
2023-12-31 21:09:52,780 [AppLog] INFO : Y方向运动开始：DEM_Run：返回值{True}nAxis{1}DirFlag{False}nSpeed{300000}MoveStep{-25017.21827}nCtlValue{1}
2023-12-31 21:09:52,830 [AppLog] INFO : 准备读取编码器位置：X方向！
2023-12-31 21:09:52,833 [AppLog] INFO : 准备运动，当前位置：DEV_GetPrintEncoderValue：MoveDirectionFlag{false为Y方向：False}CurrentPos{680.205}AimPos{425}
2023-12-31 21:09:52,870 [AppLog] INFO : X方向运动开始：DEM_Run：返回值{True}nAxis{0}DirFlag{False}nSpeed{300000}MoveStep{-255205}nCtlValue{2}
2023-12-31 21:09:54,287 [AppLog] INFO : X方向到位停止：DEM_StopAxisRun：返回值{True}CurrentPos{428.825}bImmeStop{False}nAxisMask{1}
2023-12-31 21:09:54,287 [AppLog] INFO : 准备读取编码器位置：X方向！
2023-12-31 21:09:54,298 [AppLog] INFO : 准备运动，当前位置：DEV_GetPrintEncoderValue：MoveDirectionFlag{false为Y方向：False}CurrentPos{428.265}AimPos{25}
2023-12-31 21:09:54,321 [AppLog] INFO : X方向运动开始：DEM_Run：返回值{True}nAxis{0}DirFlag{False}nSpeed{100000}MoveStep{-403265}nCtlValue{2}
2023-12-31 21:09:58,492 [AppLog] INFO : X方向到位停止：DEM_StopAxisRun：返回值{True}CurrentPos{26.83}bImmeStop{False}nAxisMask{1}
2023-12-31 21:09:58,492 [AppLog] INFO : 准备读取编码器位置：Y方向！
2023-12-31 21:09:58,493 [AppLog] INFO : 准备运动，编码器当前位置：DEM_GetAxisEncodeVal：MoveDirectionFlag{false为Y方向：True}CurrentPos{91.015}AimPos{101.021166666667}
2023-12-31 21:09:58,655 [AppLog] INFO : Y方向运动开始：DEM_Run：返回值{True}nAxis{1}DirFlag{True}nSpeed{100000}MoveStep{10025.0883278333}nCtlValue{1}
2023-12-31 21:09:58,715 [AppLog] INFO : Y方向到位停止：DEM_StopAxisRun：返回值{True}CurrentPos{98.69}bImmeStop{False}nAxisMask{2}
2023-12-31 21:09:58,715 [AppLog] INFO : 获取打印Pass数据：IDP_GetPassItem2：nLayerIndex{11}nPassID{1}nProcState{3}LPPassDataItemb:PrtDir{True}nDataTxCompleteCnt{1}nHwMemAdrMatchMask{1}nLayerIndex{11}nLayerPassCount{6}nLayerPassIndex{1}nMinJet0ImgLinePos{1635}nPrtMemHwAddr{System.UInt32[]}nPrtDataOffset{System.UInt32[]}nSrcDataSize{System.UInt32[]}nPrtColBytes{System.UInt32[]}nPrtPrecession{5.333}nSrcEndCols{12000}nSrcStartCols{0}nStartEncPos{10000}nValidPassJets{1280}nValidPrtCols{12464}nValidPrtCtlCnts{1}pDataBuf{0}pNextItem{821025696}
2023-12-31 21:09:58,726 [AppLog] INFO : 使能Pass打印成功：IDP_DoPassPrint2：nLayerIndex{11}nPassID{1}
2023-12-31 21:09:58,730 [AppLog] INFO : PASS打印前关键状态：DEV_GetDeviceInfo：nLayerIndex{11}nPassID{1}LPPRINTER_INFO:nXSysEncDPI{5080}nStatus{909129520}nPrintStatus{0}bSuperDevice{1}
LPPRINTER_INFO-LPPrtRunInfo:bJobPrtRuning{True}bLayerPrtIsOver{False}nContReqMemErr{0}nContWDErr{0}nCurPrtDir{0}nDTLayerIndex{11}nDTLayerPassIndex{5}nDTPtrCtlIndex{0}nLayerPassCount{6}nPrintLayerIndex{11}nPrintPassIndex{1}nProcLayerIndex{11}nPrtDataMemAddr{0}nPrtState{0}nReverse{System.Int32[]}nRevPrtCols{0}
LPPRINTER_INFO-LPDRVINFO:nFMVersion{45074}nFpgaVersion{539038216}nPCBVersion{0}nState{0}nNextState{0}nPtvwarnState{0}nCrc32{0}nRevInfo{System.UInt32[]}nSignature{0}
2023-12-31 21:09:58,730 [AppLog] INFO : 创建：AutoPrintMotion1=》不需重新创建-手动操作！
2023-12-31 21:09:58,730 [AppLog] INFO : 进入：EquipmentMotionLogic3=》准备创建对象-手动操作！
2023-12-31 21:09:58,731 [AppLog] INFO : 进入：EquipmentMotionLogic3=》不需重新创建-手动操作！
2023-12-31 21:09:58,731 [AppLog] INFO : 进入：EquipmentMotionLogic3=》赋值完成自-AutoPrintMotion2！
2023-12-31 21:09:58,731 [AppLog] INFO : 进入：EquipmentMotionLogic3=》加载配置文件-LoadJsonFile成功！
2023-12-31 21:09:58,731 [AppLog] INFO : 进入：AutoPrintThread3！
2023-12-31 21:09:58,732 [AppLog] INFO : 准备读取编码器位置：X方向！
2023-12-31 21:09:58,737 [AppLog] INFO : 准备运动，当前位置：DEV_GetPrintEncoderValue：MoveDirectionFlag{false为Y方向：False}CurrentPos{22.98}AimPos{425}
2023-12-31 21:09:58,767 [AppLog] INFO : X方向运动开始：DEM_Run：返回值{True}nAxis{0}DirFlag{True}nSpeed{100000}MoveStep{402020}nCtlValue{2}
2023-12-31 21:10:02,929 [AppLog] INFO : X方向到位停止：DEM_StopAxisRun：返回值{True}CurrentPos{419.21}bImmeStop{False}nAxisMask{1}
2023-12-31 21:10:02,929 [AppLog] INFO : 准备读取编码器位置：Y方向！
2023-12-31 21:10:02,930 [AppLog] INFO : 准备运动，编码器当前位置：DEM_GetAxisEncodeVal：MoveDirectionFlag{false为Y方向：True}CurrentPos{101.005}AimPos{145}
2023-12-31 21:10:03,415 [AppLog] INFO : Y方向运动开始：DEM_Run：返回值{True}nAxis{1}DirFlag{True}nSpeed{100000}MoveStep{44078.194545}nCtlValue{1}
2023-12-31 21:10:03,470 [AppLog] INFO : Y方向到位停止：DEM_StopAxisRun：返回值{True}CurrentPos{142.45}bImmeStop{False}nAxisMask{2}
2023-12-31 21:10:03,470 [AppLog] INFO : 获取打印Pass数据：IDP_GetPassItem2：nLayerIndex{11}nPassID{2}nProcState{3}LPPassDataItemb:PrtDir{False}nDataTxCompleteCnt{1}nHwMemAdrMatchMask{1}nLayerIndex{11}nLayerPassCount{6}nLayerPassIndex{2}nMinJet0ImgLinePos{2915}nPrtMemHwAddr{System.UInt32[]}nPrtDataOffset{System.UInt32[]}nSrcDataSize{System.UInt32[]}nPrtColBytes{System.UInt32[]}nPrtPrecession{5.333}nSrcEndCols{12000}nSrcStartCols{0}nStartEncPos{76505}nValidPassJets{1280}nValidPrtCols{12464}nValidPrtCtlCnts{1}pDataBuf{0}pNextItem{821025536}
2023-12-31 21:10:03,481 [AppLog] INFO : 使能Pass打印成功：IDP_DoPassPrint2：nLayerIndex{11}nPassID{2}
2023-12-31 21:10:03,484 [AppLog] INFO : PASS打印前关键状态：DEV_GetDeviceInfo：nLayerIndex{11}nPassID{2}LPPRINTER_INFO:nXSysEncDPI{5080}nStatus{909129520}nPrintStatus{0}bSuperDevice{1}
LPPRINTER_INFO-LPPrtRunInfo:bJobPrtRuning{True}bLayerPrtIsOver{False}nContReqMemErr{0}nContWDErr{0}nCurPrtDir{0}nDTLayerIndex{11}nDTLayerPassIndex{5}nDTPtrCtlIndex{0}nLayerPassCount{6}nPrintLayerIndex{11}nPrintPassIndex{2}nProcLayerIndex{11}nPrtDataMemAddr{0}nPrtState{0}nReverse{System.Int32[]}nRevPrtCols{0}
LPPRINTER_INFO-LPDRVINFO:nFMVersion{45074}nFpgaVersion{539038216}nPCBVersion{0}nState{0}nNextState{0}nPtvwarnState{0}nCrc32{0}nRevInfo{System.UInt32[]}nSignature{0}
2023-12-31 21:10:03,484 [AppLog] INFO : 创建：AutoPrintMotion1=》不需重新创建-手动操作！
2023-12-31 21:10:03,485 [AppLog] INFO : 进入：EquipmentMotionLogic3=》准备创建对象-手动操作！
2023-12-31 21:10:03,485 [AppLog] INFO : 进入：EquipmentMotionLogic3=》不需重新创建-手动操作！
2023-12-31 21:10:03,485 [AppLog] INFO : 进入：EquipmentMotionLogic3=》赋值完成自-AutoPrintMotion2！
2023-12-31 21:10:03,485 [AppLog] INFO : 进入：EquipmentMotionLogic3=》加载配置文件-LoadJsonFile成功！
2023-12-31 21:10:03,486 [AppLog] INFO : 进入：AutoPrintThread3！
2023-12-31 21:10:03,486 [AppLog] INFO : 准备读取编码器位置：X方向！
2023-12-31 21:10:03,492 [AppLog] INFO : 准备运动，当前位置：DEV_GetPrintEncoderValue：MoveDirectionFlag{false为Y方向：False}CurrentPos{423.225}AimPos{25}
2023-12-31 21:10:03,525 [AppLog] INFO : X方向运动开始：DEM_Run：返回值{True}nAxis{0}DirFlag{False}nSpeed{100000}MoveStep{-398225}nCtlValue{2}
2023-12-31 21:10:07,653 [AppLog] INFO : X方向到位停止：DEM_StopAxisRun：返回值{True}CurrentPos{30.42}bImmeStop{False}nAxisMask{1}
2023-12-31 21:10:07,653 [AppLog] INFO : 准备读取编码器位置：Y方向！
2023-12-31 21:10:07,656 [AppLog] INFO : 准备运动，编码器当前位置：DEM_GetAxisEncodeVal：MoveDirectionFlag{false为Y方向：True}CurrentPos{145}AimPos{155.021166666667}
2023-12-31 21:10:07,795 [AppLog] INFO : Y方向运动开始：DEM_Run：返回值{True}nAxis{1}DirFlag{True}nSpeed{100000}MoveStep{10040.1166928333}nCtlValue{1}
2023-12-31 21:10:07,855 [AppLog] INFO : Y方向到位停止：DEM_StopAxisRun：返回值{True}CurrentPos{152.185}bImmeStop{False}nAxisMask{2}
2023-12-31 21:10:07,855 [AppLog] INFO : 获取打印Pass数据：IDP_GetPassItem2：nLayerIndex{11}nPassID{3}nProcState{3}LPPassDataItemb:PrtDir{True}nDataTxCompleteCnt{1}nHwMemAdrMatchMask{1}nLayerIndex{11}nLayerPassCount{6}nLayerPassIndex{3}nMinJet0ImgLinePos{4195}nPrtMemHwAddr{System.UInt32[]}nPrtDataOffset{System.UInt32[]}nSrcDataSize{System.UInt32[]}nPrtColBytes{System.UInt32[]}nPrtPrecession{5.333}nSrcEndCols{12000}nSrcStartCols{0}nStartEncPos{10000}nValidPassJets{1280}nValidPrtCols{12464}nValidPrtCtlCnts{1}pDataBuf{0}pNextItem{821025376}
2023-12-31 21:10:07,867 [AppLog] INFO : 使能Pass打印成功：IDP_DoPassPrint2：nLayerIndex{11}nPassID{3}
2023-12-31 21:10:07,876 [AppLog] INFO : PASS打印前关键状态：DEV_GetDeviceInfo：nLayerIndex{11}nPassID{3}LPPRINTER_INFO:nXSysEncDPI{5080}nStatus{909129520}nPrintStatus{0}bSuperDevice{1}
LPPRINTER_INFO-LPPrtRunInfo:bJobPrtRuning{True}bLayerPrtIsOver{False}nContReqMemErr{0}nContWDErr{0}nCurPrtDir{0}nDTLayerIndex{11}nDTLayerPassIndex{5}nDTPtrCtlIndex{0}nLayerPassCount{6}nPrintLayerIndex{11}nPrintPassIndex{3}nProcLayerIndex{11}nPrtDataMemAddr{0}nPrtState{0}nReverse{System.Int32[]}nRevPrtCols{0}
LPPRINTER_INFO-LPDRVINFO:nFMVersion{45074}nFpgaVersion{539038216}nPCBVersion{0}nState{0}nNextState{0}nPtvwarnState{0}nCrc32{0}nRevInfo{System.UInt32[]}nSignature{0}
2023-12-31 21:10:07,876 [AppLog] INFO : 创建：AutoPrintMotion1=》不需重新创建-手动操作！
2023-12-31 21:10:07,877 [AppLog] INFO : 进入：EquipmentMotionLogic3=》准备创建对象-手动操作！
2023-12-31 21:10:07,877 [AppLog] INFO : 进入：EquipmentMotionLogic3=》不需重新创建-手动操作！
2023-12-31 21:10:07,877 [AppLog] INFO : 进入：EquipmentMotionLogic3=》赋值完成自-AutoPrintMotion2！
2023-12-31 21:10:07,877 [AppLog] INFO : 进入：EquipmentMotionLogic3=》加载配置文件-LoadJsonFile成功！
2023-12-31 21:10:07,878 [AppLog] INFO : 进入：AutoPrintThread3！
2023-12-31 21:10:07,878 [AppLog] INFO : 准备读取编码器位置：X方向！
2023-12-31 21:10:07,885 [AppLog] INFO : 准备运动，当前位置：DEV_GetPrintEncoderValue：MoveDirectionFlag{false为Y方向：False}CurrentPos{26.87}AimPos{425}
2023-12-31 21:10:07,908 [AppLog] INFO : X方向运动开始：DEM_Run：返回值{True}nAxis{0}DirFlag{True}nSpeed{100000}MoveStep{398130}nCtlValue{2}
2023-12-31 21:10:12,030 [AppLog] INFO : X方向到位停止：DEM_StopAxisRun：返回值{True}CurrentPos{418.84}bImmeStop{False}nAxisMask{1}
2023-12-31 21:10:12,030 [AppLog] INFO : 准备读取编码器位置：Y方向！
2023-12-31 21:10:12,031 [AppLog] INFO : 准备运动，编码器当前位置：DEM_GetAxisEncodeVal：MoveDirectionFlag{false为Y方向：True}CurrentPos{155}AimPos{199}
2023-12-31 21:10:12,493 [AppLog] INFO : Y方向运动开始：DEM_Run：返回值{True}nAxis{1}DirFlag{True}nSpeed{100000}MoveStep{44083.204}nCtlValue{1}
2023-12-31 21:10:12,549 [AppLog] INFO : Y方向到位停止：DEM_StopAxisRun：返回值{True}CurrentPos{194.985}bImmeStop{False}nAxisMask{2}
2023-12-31 21:10:12,549 [AppLog] INFO : 获取打印Pass数据：IDP_GetPassItem2：nLayerIndex{11}nPassID{4}nProcState{3}LPPassDataItemb:PrtDir{False}nDataTxCompleteCnt{1}nHwMemAdrMatchMask{1}nLayerIndex{11}nLayerPassCount{6}nLayerPassIndex{4}nMinJet0ImgLinePos{5475}nPrtMemHwAddr{System.UInt32[]}nPrtDataOffset{System.UInt32[]}nSrcDataSize{System.UInt32[]}nPrtColBytes{System.UInt32[]}nPrtPrecession{5.333}nSrcEndCols{12000}nSrcStartCols{0}nStartEncPos{76505}nValidPassJets{1280}nValidPrtCols{12464}nValidPrtCtlCnts{1}pDataBuf{0}pNextItem{821025216}
2023-12-31 21:10:12,560 [AppLog] INFO : 使能Pass打印成功：IDP_DoPassPrint2：nLayerIndex{11}nPassID{4}
2023-12-31 21:10:12,564 [AppLog] INFO : PASS打印前关键状态：DEV_GetDeviceInfo：nLayerIndex{11}nPassID{4}LPPRINTER_INFO:nXSysEncDPI{5080}nStatus{909129520}nPrintStatus{0}bSuperDevice{1}
LPPRINTER_INFO-LPPrtRunInfo:bJobPrtRuning{True}bLayerPrtIsOver{False}nContReqMemErr{0}nContWDErr{0}nCurPrtDir{0}nDTLayerIndex{11}nDTLayerPassIndex{5}nDTPtrCtlIndex{0}nLayerPassCount{6}nPrintLayerIndex{11}nPrintPassIndex{4}nProcLayerIndex{11}nPrtDataMemAddr{0}nPrtState{0}nReverse{System.Int32[]}nRevPrtCols{0}
LPPRINTER_INFO-LPDRVINFO:nFMVersion{45074}nFpgaVersion{539038216}nPCBVersion{0}nState{0}nNextState{0}nPtvwarnState{0}nCrc32{0}nRevInfo{System.UInt32[]}nSignature{0}
2023-12-31 21:10:12,564 [AppLog] INFO : 创建：AutoPrintMotion1=》不需重新创建-手动操作！
2023-12-31 21:10:12,565 [AppLog] INFO : 进入：EquipmentMotionLogic3=》准备创建对象-手动操作！
2023-12-31 21:10:12,565 [AppLog] INFO : 进入：EquipmentMotionLogic3=》不需重新创建-手动操作！
2023-12-31 21:10:12,565 [AppLog] INFO : 进入：EquipmentMotionLogic3=》赋值完成自-AutoPrintMotion2！
2023-12-31 21:10:12,565 [AppLog] INFO : 进入：EquipmentMotionLogic3=》加载配置文件-LoadJsonFile成功！
2023-12-31 21:10:12,566 [AppLog] INFO : 进入：AutoPrintThread3！
2023-12-31 21:10:12,566 [AppLog] INFO : 准备读取编码器位置：X方向！
2023-12-31 21:10:12,572 [AppLog] INFO : 准备运动，当前位置：DEV_GetPrintEncoderValue：MoveDirectionFlag{false为Y方向：False}CurrentPos{423.135}AimPos{25}
2023-12-31 21:10:12,619 [AppLog] INFO : X方向运动开始：DEM_Run：返回值{True}nAxis{0}DirFlag{False}nSpeed{100000}MoveStep{-398135}nCtlValue{2}
2023-12-31 21:10:16,756 [AppLog] INFO : X方向到位停止：DEM_StopAxisRun：返回值{True}CurrentPos{30.485}bImmeStop{False}nAxisMask{1}
2023-12-31 21:10:16,756 [AppLog] INFO : 准备读取编码器位置：Y方向！
2023-12-31 21:10:16,759 [AppLog] INFO : 准备运动，编码器当前位置：DEM_GetAxisEncodeVal：MoveDirectionFlag{false为Y方向：True}CurrentPos{198.98}AimPos{209.021166666667}
2023-12-31 21:10:16,915 [AppLog] INFO : Y方向运动开始：DEM_Run：返回值{True}nAxis{1}DirFlag{True}nSpeed{100000}MoveStep{10060.1545128333}nCtlValue{1}
2023-12-31 21:10:16,972 [AppLog] INFO : Y方向到位停止：DEM_StopAxisRun：返回值{True}CurrentPos{207.395}bImmeStop{False}nAxisMask{2}
2023-12-31 21:10:16,972 [AppLog] INFO : 获取打印Pass数据：IDP_GetPassItem2：nLayerIndex{11}nPassID{5}nProcState{3}LPPassDataItemb:PrtDir{True}nDataTxCompleteCnt{1}nHwMemAdrMatchMask{1}nLayerIndex{11}nLayerPassCount{6}nLayerPassIndex{5}nMinJet0ImgLinePos{6755}nPrtMemHwAddr{System.UInt32[]}nPrtDataOffset{System.UInt32[]}nSrcDataSize{System.UInt32[]}nPrtColBytes{System.UInt32[]}nPrtPrecession{5.333}nSrcEndCols{12000}nSrcStartCols{0}nStartEncPos{10000}nValidPassJets{1280}nValidPrtCols{12464}nValidPrtCtlCnts{1}pDataBuf{0}pNextItem{0}
2023-12-31 21:10:16,983 [AppLog] INFO : 使能Pass打印成功：IDP_DoPassPrint2：nLayerIndex{11}nPassID{5}
2023-12-31 21:10:16,985 [AppLog] INFO : PASS打印前关键状态：DEV_GetDeviceInfo：nLayerIndex{11}nPassID{5}LPPRINTER_INFO:nXSysEncDPI{5080}nStatus{909129520}nPrintStatus{0}bSuperDevice{1}
LPPRINTER_INFO-LPPrtRunInfo:bJobPrtRuning{True}bLayerPrtIsOver{False}nContReqMemErr{0}nContWDErr{0}nCurPrtDir{0}nDTLayerIndex{11}nDTLayerPassIndex{5}nDTPtrCtlIndex{0}nLayerPassCount{6}nPrintLayerIndex{11}nPrintPassIndex{5}nProcLayerIndex{11}nPrtDataMemAddr{0}nPrtState{0}nReverse{System.Int32[]}nRevPrtCols{0}
LPPRINTER_INFO-LPDRVINFO:nFMVersion{45074}nFpgaVersion{539038216}nPCBVersion{0}nState{0}nNextState{0}nPtvwarnState{0}nCrc32{0}nRevInfo{System.UInt32[]}nSignature{0}
2023-12-31 21:10:16,985 [AppLog] INFO : 创建：AutoPrintMotion1=》不需重新创建-手动操作！
2023-12-31 21:10:16,986 [AppLog] INFO : 进入：EquipmentMotionLogic3=》准备创建对象-手动操作！
2023-12-31 21:10:16,986 [AppLog] INFO : 进入：EquipmentMotionLogic3=》不需重新创建-手动操作！
2023-12-31 21:10:16,986 [AppLog] INFO : 进入：EquipmentMotionLogic3=》赋值完成自-AutoPrintMotion2！
2023-12-31 21:10:16,986 [AppLog] INFO : 进入：EquipmentMotionLogic3=》加载配置文件-LoadJsonFile成功！
2023-12-31 21:10:16,987 [AppLog] INFO : 进入：AutoPrintThread3！
2023-12-31 21:10:16,987 [AppLog] INFO : 准备读取编码器位置：X方向！
2023-12-31 21:10:16,996 [AppLog] INFO : 准备运动，当前位置：DEV_GetPrintEncoderValue：MoveDirectionFlag{false为Y方向：False}CurrentPos{26.785}AimPos{425}
2023-12-31 21:10:17,019 [AppLog] INFO : X方向运动开始：DEM_Run：返回值{True}nAxis{0}DirFlag{True}nSpeed{100000}MoveStep{398215}nCtlValue{2}
2023-12-31 21:10:21,140 [AppLog] INFO : X方向到位停止：DEM_StopAxisRun：返回值{True}CurrentPos{418.775}bImmeStop{False}nAxisMask{1}
2023-12-31 21:10:21,140 [AppLog] INFO : 准备读取编码器位置：X方向！
2023-12-31 21:10:21,141 [AppLog] INFO : 准备运动，当前位置：DEV_GetPrintEncoderValue：MoveDirectionFlag{false为Y方向：False}CurrentPos{418.88}AimPos{780}
2023-12-31 21:10:21,169 [AppLog] INFO : X方向运动开始：DEM_Run：返回值{True}nAxis{0}DirFlag{True}nSpeed{300000}MoveStep{361120}nCtlValue{2}
2023-12-31 21:10:21,219 [AppLog] INFO : 准备读取编码器位置：Y方向！
2023-12-31 21:10:21,220 [AppLog] INFO : 准备运动，编码器当前位置：DEM_GetAxisEncodeVal：MoveDirectionFlag{false为Y方向：True}CurrentPos{209.015}AimPos{121}
2023-12-31 21:10:21,581 [AppLog] INFO : Y方向运动开始：DEM_Run：返回值{True}nAxis{1}DirFlag{False}nSpeed{300000}MoveStep{-88181.436365}nCtlValue{1}
2023-12-31 21:10:22,913 [AppLog] INFO : Y方向到位等停：DEM_StopAxisRun：返回值{True}bImmeStop{False}nAxisMask{1}
2023-12-31 21:10:22,920 [AppLog] INFO : X方向到位等停：DEM_StopAxisRun：返回值{True}bImmeStop{False}nAxisMask{2}
2023-12-31 21:10:22,940 [AppLog] INFO : 开启闪喷操作：IDP_FlashPrtCtl：返回值{True}
2023-12-31 21:10:22,958 [AppLog] INFO : 关闭闪喷操作：IDP_FlashPrtCtl：返回值{True}
2023-12-31 21:10:22,962 [AppLog] INFO : 停止打印任务，释放板卡内存：IDP_StopPrintJob()：ReturnFlag{True}
2023-12-31 21:12:32,457 [AppLog] INFO : 手动开启自动清洗过程：AutoCleanBtn_Click
2023-12-31 21:12:32,458 [AppLog] INFO : 进入自动清洗过程：AutoCleanThread
2023-12-31 21:12:32,801 [AppLog] INFO : 刮墨轴回零成功：motionMap.SetBackSpreaderAxis(4, 1, 2, -SinkHomePosition)
2023-12-31 21:12:32,801 [AppLog] INFO : 准备读取编码器位置：Y方向！
2023-12-31 21:12:32,819 [AppLog] INFO : 准备运动，编码器当前位置：DEM_GetAxisEncodeVal：MoveDirectionFlag{false为Y方向：True}CurrentPos{121.085}AimPos{116}
2023-12-31 21:12:32,955 [AppLog] INFO : Y方向运动开始：DEM_Run：返回值{True}nAxis{1}DirFlag{False}nSpeed{300000}MoveStep{-5094.61573500001}nCtlValue{1}
2023-12-31 21:12:33,019 [AppLog] INFO : Y方向到位停止：DEM_StopAxisRun：返回值{True}CurrentPos{116.38}bImmeStop{False}nAxisMask{2}
2023-12-31 21:12:33,020 [AppLog] INFO : 准备读取编码器位置：X方向！
2023-12-31 21:12:33,021 [AppLog] INFO : 准备运动，当前位置：DEV_GetPrintEncoderValue：MoveDirectionFlag{false为Y方向：False}CurrentPos{784.28}AimPos{780}
2023-12-31 21:12:33,053 [AppLog] INFO : X方向运动开始：DEM_Run：返回值{True}nAxis{0}DirFlag{False}nSpeed{300000}MoveStep{-4279.99999999997}nCtlValue{2}
2023-12-31 21:12:33,216 [AppLog] INFO : X方向到位停止：DEM_StopAxisRun：返回值{True}CurrentPos{783.39}bImmeStop{False}nAxisMask{1}
2023-12-31 21:12:33,221 [AppLog] INFO : 关闭闪喷： IDP_FlashPrtCtl(false)：ReturnCode{True}
2023-12-31 21:12:34,423 [AppLog] INFO : 开启压墨： motionMap.SetDo(13, true)
2023-12-31 21:12:35,723 [AppLog] INFO : 关闭压墨： motionMap.SetDo(13, false)
2023-12-31 21:12:35,723 [AppLog] INFO : 压墨等待开启：{3.5S}
2023-12-31 21:12:39,223 [AppLog] INFO : 压墨等待完成：{3.5S}
2023-12-31 21:12:39,223 [AppLog] INFO : 准备读取编码器位置：X方向！
2023-12-31 21:12:39,224 [AppLog] INFO : 准备运动，当前位置：DEV_GetPrintEncoderValue：MoveDirectionFlag{false为Y方向：False}CurrentPos{780.39}AimPos{680}
2023-12-31 21:12:39,245 [AppLog] INFO : X方向运动开始：DEM_Run：返回值{True}nAxis{0}DirFlag{False}nSpeed{200000}MoveStep{-100390}nCtlValue{2}
2023-12-31 21:12:40,104 [AppLog] INFO : X方向到位停止：DEM_StopAxisRun：返回值{True}CurrentPos{684.525}bImmeStop{False}nAxisMask{1}
2023-12-31 21:12:40,655 [AppLog] INFO : 准备读取编码器位置：X方向！
2023-12-31 21:12:40,669 [AppLog] INFO : 准备运动，当前位置：DEV_GetPrintEncoderValue：MoveDirectionFlag{false为Y方向：False}CurrentPos{680.205}AimPos{758}
2023-12-31 21:12:40,696 [AppLog] INFO : X方向运动开始：DEM_Run：返回值{True}nAxis{0}DirFlag{True}nSpeed{300000}MoveStep{77795}nCtlValue{2}
2023-12-31 21:12:41,576 [AppLog] INFO : X方向到位停止：DEM_StopAxisRun：返回值{True}CurrentPos{757.29}bImmeStop{False}nAxisMask{1}
2023-12-31 21:12:41,576 [AppLog] INFO : 准备读取编码器位置：Y方向！
2023-12-31 21:12:41,579 [AppLog] INFO : 准备运动，编码器当前位置：DEM_GetAxisEncodeVal：MoveDirectionFlag{false为Y方向：True}CurrentPos{115.97}AimPos{317}
2023-12-31 21:12:42,290 [AppLog] INFO : Y方向运动开始：DEM_Run：返回值{True}nAxis{1}DirFlag{True}nSpeed{300000}MoveStep{201410.14773}nCtlValue{1}
2023-12-31 21:12:42,345 [AppLog] INFO : Y方向到位停止：DEM_StopAxisRun：返回值{True}CurrentPos{309.14}bImmeStop{False}nAxisMask{2}
2023-12-31 21:12:42,345 [AppLog] INFO : 结束自动清洗过程：AutoCleanThread
2023-12-31 21:26:34,428 [AppLog] INFO : 退出手动调试子模块，未执行修改
==========================================================================
2023-12-31 21:26:43,435 [AppLog] INFO : 开启系统：板卡通讯，伺服供电，照明系统，UV/HR固化系统！
2023-12-31 21:26:44,785 [AppLog] INFO : 关闭系统：一键关闭系统开始！
2023-12-31 21:26:50,911 [AppLog] INFO : 关闭系统：一键关闭系统结束！
2023-12-31 21:26:50,919 [AppLog] INFO : 喷墨控制器的所有轴输出关闭！
2023-12-31 21:26:51,077 [AppLog] INFO : 喷墨控制器关闭！
2023-12-31 21:26:51,078 [AppLog] INFO : 创建：AutoPrintMotion0=》不需重新创建-手动操作！
2023-12-31 21:26:51,080 [AppLog] INFO : 进入电气控制模块
2023-12-31 21:27:32,525 [AppLog] INFO : 电气控制模块：手动关闭端口15
2023-12-31 21:27:33,525 [AppLog] INFO : 电气控制模块：手动关闭端口14
2023-12-31 21:27:34,283 [AppLog] INFO : 退出电气控制模块
2023-12-31 21:27:49,141 [AppLog] INFO : 软件及设备关停中：墨车所有方向运动确认停止（X,Y,Y2)： bImmeStop{False},nAxisMask{0x7}
2023-12-31 21:27:49,147 [AppLog] INFO : 软件及设备关停中：喷墨控制器板卡系统关闭（X,Y,Y2)：DEV_CloseDevice
2023-12-31 21:27:49,147 [AppLog] INFO : 软件及设备关停失败，仍存在打印任务：{PrintTaskTHREAD,DataTaskTHREAD}
2023-12-31 21:27:55,030 [AppLog] INFO : 关闭闪喷操作：IDP_FlashPrtCtl：返回值{True}
2023-12-31 21:27:55,030 [AppLog] INFO : 删除打印任务：准备删除数据处理及打印线程
2023-12-31 21:27:55,031 [AppLog] INFO : 关闭打印线程成功：PrintTaskTHREAD
2023-12-31 21:27:55,032 [AppLog] INFO : 关闭打印线程成功：DataTaskTHREAD
2023-12-31 21:27:55,033 [AppLog] INFO : 停止打印任务，释放板卡内存：IDP_StopPrintJob()：ReturnFlag{False}
2023-12-31 21:27:59,083 [AppLog] INFO : 软件及设备关停中：墨车所有方向运动确认停止（X,Y,Y2)： bImmeStop{False},nAxisMask{0x7}
2023-12-31 21:27:59,089 [AppLog] INFO : 软件及设备关停中：喷墨控制器板卡系统关闭（X,Y,Y2)：DEV_CloseDevice
2023-12-31 21:27:59,753 [AppLog] INFO : 软件及设备关停成功
==========================================================================
操作系统:{Microsoft Windows 7 旗舰版 }
运行环境:{ .Net Framework Enviroment Version 4.0.30319.42000}
盘符：D
CPU使用率：{2.504957%} ，可用内存大小:{13463MB}，硬盘剩余空间：
  盘符 C:\ 的剩余空间：70 GB
  盘符 D:\ 的剩余空间：49 GB
==========================================================================
