2023-05-09 17:00:27,877 [AppLog] INFO : 进入电气控制模块
2023-05-09 17:00:29,111 [AppLog] INFO : 退出电气控制模块
2023-05-09 17:00:30,371 [AppLog] INFO : 进入JOB参数设置：修改前初始参数：灰度数据格式{1bits}打印灰阶{1阶}m_XPrintDpi{635Dpi}墨车运动速度{300MM/s}X向起打位置{50MM}X向起打位置偏移{0MM}Y向起打位置偏移{15MM}
2023-05-09 17:00:32,121 [AppLog] INFO : 退出JOB参数设置：未修改直接退出！
2023-05-09 17:00:32,924 [AppLog] INFO : 监控记录设置！
2023-05-09 17:00:55,233 [AppLog] INFO : 更新监控配置文件：SaveJsonFile：配置文件路径{D:\Release-3DPrintingForBinderJetting-V2.0\MonitorPrint-Configuration.json}m_sMonitorRecordPath{D:\shibiao-daying-0309}m_sPrintJobName{Shibiao-0509}m_anJettingBinderBedMonitorFlags{False,False,False,False,False,False,True,False,False,False,False,True,}
2023-05-09 17:00:57,190 [AppLog] INFO : 监控记录设置！
2023-05-09 17:01:46,453 [AppLog] INFO : 更新监控配置文件：SaveJsonFile：配置文件路径{D:\Release-3DPrintingForBinderJetting-V2.0\MonitorPrint-Configuration.json}m_sMonitorRecordPath{D:\shibiao-daying-0509}m_sPrintJobName{Shibiao-0509}m_anJettingBinderBedMonitorFlags{False,False,False,False,False,False,True,False,False,False,False,True,}
2023-05-09 17:01:47,310 [AppLog] INFO : 监控记录设置！
2023-05-09 17:03:42,380 [AppLog] INFO : 更新监控配置文件：SaveJsonFile：配置文件路径{D:\Release-3DPrintingForBinderJetting-V2.0\MonitorPrint-Configuration.json}m_sMonitorRecordPath{D:\shibiao-daying-0509}m_sPrintJobName{Shibiao-0509}m_anJettingBinderBedMonitorFlags{False,False,False,False,False,False,True,False,False,False,False,True,}
2023-05-09 17:03:44,652 [AppLog] INFO : 进入电气控制模块
2023-05-09 17:03:45,311 [AppLog] INFO : 退出电气控制模块
2023-05-09 17:03:46,497 [AppLog] INFO : 显示模组校准栏
2023-05-09 17:03:47,575 [AppLog] INFO : 不显示模组校准栏
2023-05-09 17:03:48,379 [AppLog] INFO : 进入电气控制模块
2023-05-09 17:03:49,213 [AppLog] INFO : 退出电气控制模块
2023-05-09 17:09:26,733 [AppLog] INFO : 开启系统：板卡通讯，伺服供电，照明系统，UV/HR固化系统！
2023-05-09 17:09:27,481 [AppLog] INFO : 关闭系统：一键关闭系统开始！
2023-05-09 17:09:33,618 [AppLog] INFO : 关闭系统：一键关闭系统结束！
2023-05-09 17:09:33,627 [AppLog] INFO : 喷墨控制器的所有轴输出关闭！
2023-05-09 17:09:34,628 [AppLog] INFO : 喷墨控制器关闭！
2023-05-09 17:09:34,628 [AppLog] INFO : 创建：AutoPrintMotion0=》不需重新创建-手动操作！
2023-05-09 17:09:34,630 [AppLog] INFO : 进入电气控制模块
2023-05-09 17:09:37,095 [AppLog] INFO : 退出电气控制模块
2023-05-09 17:09:38,414 [AppLog] INFO : 软件及设备关停中：墨车所有方向运动确认停止（X,Y,Y2)： bImmeStop{False},nAxisMask{0x7}
2023-05-09 17:09:38,415 [AppLog] INFO : 软件及设备关停中：喷墨控制器板卡系统关闭（X,Y,Y2)：DEV_CloseDevice
2023-05-09 17:09:39,067 [AppLog] INFO : 软件及设备关停成功
==========================================================================
操作系统:{Microsoft Windows 7 旗舰版 }
运行环境:{ .Net Framework Enviroment Version 4.0.30319.42000}
盘符：D
CPU使用率：{35.65327%} ，可用内存大小:{13270MB}，硬盘剩余空间：
  盘符 C:\ 的剩余空间：70 GB
  盘符 D:\ 的剩余空间：95 GB
  盘符 E:\ 的剩余空间：28 GB
  盘符 F:\ 的剩余空间：57 GB
==========================================================================
2023-05-09 17:10:16,927 [AppLog] INFO : 软件开机密码正确，登录成功1次
==========================================================================
操作系统:{Microsoft Windows 7 旗舰版 }
运行环境:{ .Net Framework Enviroment Version 4.0.30319.42000}
盘符：D
CPU使用率：{28.56796%} ，可用内存大小:{13297MB}，硬盘剩余空间：
  盘符 C:\ 的剩余空间：70 GB
  盘符 D:\ 的剩余空间：95 GB
  盘符 E:\ 的剩余空间：28 GB
  盘符 F:\ 的剩余空间：57 GB
硬件配置情况：
  CPU 厂家: GenuineIntel CPU 型号: Intel(R) Core(TM) i7-4770 CPU @ 3.40GHz
  内存条厂家: Kingston 内存条型号: 99P5471-043.A00LF 
  内存条厂家: Kingston 内存条型号: 99P5471-043.A00LF 
  硬盘厂家: (标准磁盘驱动器) 硬盘型号: Micron_1300_MTFDDAK256TDL ATA Device
  硬盘厂家: (标准磁盘驱动器) 硬盘型号: Mass Storage Device USB Device
  硬盘厂家: (标准磁盘驱动器) 硬盘型号:  USB  SanDisk 3.2Gen1 USB Device
==========================================================================
2023-05-09 17:10:16,941 [AppLog] INFO : 开启系统：板卡通讯，伺服供电，照明系统，UV/HR固化系统！
2023-05-09 17:10:16,943 [AppLog] INFO : 开启系统：一键启动系统开始！
2023-05-09 17:10:22,949 [AppLog] INFO : 开启系统：一键启动系统结束！
2023-05-09 17:10:23,144 [AppLog] INFO : 创建：AutoPrintMotion0=》初次创建完成-手动操作！
2023-05-09 17:10:23,209 [AppLog] INFO : 初始化喷墨控制器启动！
2023-05-09 17:10:42,367 [AppLog] INFO : 打开喷墨控制器设备成功！
2023-05-09 17:10:42,409 [AppLog] INFO : 输入校准值1次{成功}，打印往返差校准值为：BiDirEncPrtOff{5},分频值{8},打印速度{300mm/s}
2023-05-09 17:10:45,057 [AppLog] INFO : 初始化喷墨控制器成功！
2023-05-09 17:10:45,057 [AppLog] INFO : 进入：EquipmentMotionLogic3=》准备创建对象-手动操作！
2023-05-09 17:10:45,094 [AppLog] INFO : 进入：EquipmentMotionLogic3=》创建完成-手动操作！
2023-05-09 17:10:45,229 [AppLog] INFO : 红外灯控制器485通讯建立！
2023-05-09 17:10:45,230 [AppLog] INFO : 进入电气控制模块
2023-05-09 17:10:46,360 [AppLog] INFO : 电气控制模块：手动打开端口14
2023-05-09 17:10:47,361 [AppLog] INFO : 电气控制模块：手动打开端口15
2023-05-09 17:10:48,466 [AppLog] INFO : 退出电气控制模块
2023-05-09 17:10:49,732 [AppLog] INFO : 进入手动调试子模块！
2023-05-09 17:10:49,733 [AppLog] INFO : 进入：ManulBtn_Click=》准备创建对象-手动操作！
2023-05-09 17:10:49,767 [AppLog] INFO : 创建：ManualControl=》创建完成-手动操作！
2023-05-09 17:10:49,767 [AppLog] INFO : 加载成功：温控Modbus接口！
2023-05-09 17:10:55,364 [AppLog] INFO : 开启铺粉车回零校准：PowderCarHomeBtn_Click
2023-05-09 17:10:55,364 [AppLog] INFO : 开启粉车回零校准线程：PowderCarHomeResetThread
2023-05-09 17:11:03,336 [AppLog] INFO : 手动正向点动指令（8轴运控板卡系统） ====》：输出AXIS{第2轴},点动量{-116MM},运动速度{70MM/s}
2023-05-09 17:11:03,357 [AppLog] INFO : 粉车回零校准线程成功：PowderCarHomeResetThread
2023-05-09 17:12:27,080 [AppLog] INFO : 退出手动调试子模块，未执行修改
==========================================================================
2023-05-09 17:12:30,860 [AppLog] INFO : 进入手动调试子模块！
2023-05-09 17:12:30,861 [AppLog] INFO : 进入：ManulBtn_Click=》准备创建对象-手动操作！
2023-05-09 17:12:30,891 [AppLog] INFO : 创建：ManualControl=》创建完成-手动操作！
2023-05-09 17:12:30,892 [AppLog] INFO : 加载成功：温控Modbus接口！
2023-05-09 17:12:32,268 [AppLog] INFO : 手动开启自动进给铺粉过程：AutoSupplyPowderBtn_Click
2023-05-09 17:12:32,271 [AppLog] INFO : 开启手动铺粉逻辑：NewAutoSupplyPowderThread
2023-05-09 17:12:32,286 [AppLog] INFO : 电气控制模块：手动打开端口15
2023-05-09 17:12:32,402 [AppLog] INFO : 手动正向点动指令（8轴运控板卡系统） ====》：输出AXIS{第1轴},点动量{-0.08MM},运动速度{2MM/s}
2023-05-09 17:12:32,402 [AppLog] INFO : 成形面高度下降层厚 TrapSpace{0.08mm}：TrapMoveUp(1, true, Convert.ToString(vel), Convert.ToString(TrapSpace), true, true）
2023-05-09 17:12:33,178 [AppLog] INFO : 手动正向点动指令（8轴运控板卡系统） ====》：输出AXIS{第1轴},点动量{-1.5MM},运动速度{2MM/s}
2023-05-09 17:12:33,178 [AppLog] INFO : 成形面高度下降指定厚度 TrapSpace{1.5mm}：TrapMoveUp(1, true, Convert.ToString(vel), Convert.ToString(TrapSpace), true, true）
2023-05-09 17:12:33,953 [AppLog] INFO : 手动正向点动指令（8轴运控板卡系统） ====》：输出AXIS{第1轴},点动量{1.5MM},运动速度{2MM/s}
2023-05-09 17:12:33,954 [AppLog] INFO : 电气控制模块：手动关闭端口15
2023-05-09 17:12:33,954 [AppLog] INFO : 成形面高度上升层厚 TrapSpace{1.5mm}：TrapMoveUp(1, true, Convert.ToString(vel), Convert.ToString(TrapSpace), true, true）
2023-05-09 17:12:34,060 [AppLog] INFO : 手动停止自动进给铺粉过程：AutoSupplyPowderBtn_Click
2023-05-09 17:12:36,083 [AppLog] INFO : 手动开启自动进给铺粉过程：AutoSupplyPowderBtn_Click
2023-05-09 17:12:37,355 [AppLog] INFO : 手动开启自动进给铺粉过程：AutoSupplyPowderBtn_Click
2023-05-09 17:12:37,356 [AppLog] INFO : 开启手动铺粉逻辑：NewAutoSupplyPowderThread
2023-05-09 17:12:37,357 [AppLog] INFO : 电气控制模块：手动打开端口15
2023-05-09 17:12:37,423 [AppLog] INFO : 手动正向点动指令（8轴运控板卡系统） ====》：输出AXIS{第1轴},点动量{-0.08MM},运动速度{2MM/s}
2023-05-09 17:12:37,424 [AppLog] INFO : 成形面高度下降层厚 TrapSpace{0.08mm}：TrapMoveUp(1, true, Convert.ToString(vel), Convert.ToString(TrapSpace), true, true）
2023-05-09 17:12:38,200 [AppLog] INFO : 手动正向点动指令（8轴运控板卡系统） ====》：输出AXIS{第1轴},点动量{-1.5MM},运动速度{2MM/s}
2023-05-09 17:12:38,200 [AppLog] INFO : 成形面高度下降指定厚度 TrapSpace{1.5mm}：TrapMoveUp(1, true, Convert.ToString(vel), Convert.ToString(TrapSpace), true, true）
2023-05-09 17:12:38,976 [AppLog] INFO : 手动正向点动指令（8轴运控板卡系统） ====》：输出AXIS{第1轴},点动量{1.5MM},运动速度{2MM/s}
2023-05-09 17:12:38,977 [AppLog] INFO : 电气控制模块：手动关闭端口15
2023-05-09 17:12:38,977 [AppLog] INFO : 成形面高度上升层厚 TrapSpace{1.5mm}：TrapMoveUp(1, true, Convert.ToString(vel), Convert.ToString(TrapSpace), true, true）
2023-05-09 17:12:39,226 [AppLog] INFO : 手动正向点动指令（8轴运控板卡系统） ====》：输出AXIS{第8轴},点动量{0.6MM},运动速度{2.5MM/s}
2023-05-09 17:12:39,226 [AppLog] INFO : Hopper落粉轴转2圈落粉，速度0.5rev/s：TrapMoveUp(8, true, 0.5, rotateNuM.ToString(), true, false)
2023-05-09 17:12:39,226 [AppLog] INFO : 手动正向点动指令（8轴运控板卡系统） ====》：输出AXIS{第8轴},点动量{0.6MM},运动速度{2.5MM/s}
2023-05-09 17:12:39,227 [AppLog] INFO : Hopper落粉轴转2圈落粉，速度0.5rev/s：TrapMoveUp(8, true, 0.5, rotateNuM.ToString(), true, false)
2023-05-09 17:12:40,226 [AppLog] INFO : 开启铺粉车不等停运动至准备打印位置215mm，速度250mm/s：BackToStation2
2023-05-09 17:12:40,227 [AppLog] INFO : 开启铺粉车不等停运动至准备打印位置215mm，速度250mm/s：BackToStation2
2023-05-09 17:12:41,086 [AppLog] INFO : 手动正向点动指令（8轴运控板卡系统） ====》：输出AXIS{第2轴},点动量{214MM},运动速度{250MM/s}
2023-05-09 17:12:41,086 [AppLog] INFO : 手动正向点动指令（8轴运控板卡系统） ====》：输出AXIS{第2轴},点动量{214MM},运动速度{250MM/s}
2023-05-09 17:12:41,086 [AppLog] INFO : 当前铺粉车位置：打印位置215mm
2023-05-09 17:12:41,086 [AppLog] INFO : 当前铺粉车位置：打印位置215mm
2023-05-09 17:12:41,089 [AppLog] INFO : 手动正向点动指令（8轴运控板卡系统） ====》：输出AXIS{第2轴},点动量{480MM},运动速度{70MM/s}
2023-05-09 17:12:41,089 [AppLog] INFO : 开启铺粉车不等停运动至站2，速度0.5rev/s：BackToStation2
2023-05-09 17:12:41,089 [AppLog] INFO : 手动正向点动指令（8轴运控板卡系统） ====》：输出AXIS{第2轴},点动量{480MM},运动速度{70MM/s}
2023-05-09 17:12:41,090 [AppLog] INFO : 开启铺粉车不等停运动至站2，速度0.5rev/s：BackToStation2
2023-05-09 17:12:41,259 [AppLog] INFO : 打开IR灯：OpenIRLamp(true)
2023-05-09 17:12:41,319 [AppLog] INFO : 打开IR灯：OpenIRLamp(true)
2023-05-09 17:12:41,442 [AppLog] INFO : 手动正向点动指令（8轴运控板卡系统） ====》：输出AXIS{第3轴},点动量{0.125MM},运动速度{1MM/s}
2023-05-09 17:12:41,442 [AppLog] INFO : 在{40mm}处，落粉轴运动{45度}，落粉轴转速{1rev/s}：TrapMoveUp(3, true, Convert.ToString(DispenseRollerSpeed), 0.5, true, true)
2023-05-09 17:12:41,442 [AppLog] INFO : 手动正向点动指令（8轴运控板卡系统） ====》：输出AXIS{第3轴},点动量{0.125MM},运动速度{1MM/s}
2023-05-09 17:12:41,443 [AppLog] INFO : 在{40mm}处，落粉轴运动{45度}，落粉轴转速{1rev/s}：TrapMoveUp(3, true, Convert.ToString(DispenseRollerSpeed), 0.5, true, true)
2023-05-09 17:12:41,443 [AppLog] INFO : 手动正向点动指令（8轴运控板卡系统） ====》：输出AXIS{第3轴},点动量{0.5MM},运动速度{0.105479452054795MM/s}
2023-05-09 17:12:41,443 [AppLog] INFO : 开启均匀落粉及辊子铺平运动：TrapMoveUp(3, true, Convert.ToString(DispenseRollerSpeed), 0.5, true, true)
2023-05-09 17:12:41,444 [AppLog] INFO : 手动正向点动指令（8轴运控板卡系统） ====》：输出AXIS{第3轴},点动量{0.5MM},运动速度{0.105479452054795MM/s}
2023-05-09 17:12:41,444 [AppLog] INFO : 开启均匀落粉及辊子铺平运动：TrapMoveUp(3, true, Convert.ToString(DispenseRollerSpeed), 0.5, true, true)
2023-05-09 17:12:45,507 [AppLog] INFO : 关闭IR灯：OpenIRLamp(false)
2023-05-09 17:12:45,567 [AppLog] INFO : 关闭IR灯：OpenIRLamp(false)
2023-05-09 17:12:47,140 [AppLog] INFO : 手动正向点动指令（8轴运控板卡系统） ====》：输出AXIS{第3轴},点动量{0.5MM},运动速度{2MM/s}
2023-05-09 17:12:47,140 [AppLog] INFO : 落粉轴继续转动以倒掉余粉：TrapMoveUp(3, true, 2, 0.5, true, false)
2023-05-09 17:12:47,140 [AppLog] INFO : 手动正向点动指令（8轴运控板卡系统） ====》：输出AXIS{第3轴},点动量{0.5MM},运动速度{2MM/s}
2023-05-09 17:12:47,141 [AppLog] INFO : 落粉轴继续转动以倒掉余粉：TrapMoveUp(3, true, 2, 0.5, true, false)
2023-05-09 17:12:47,949 [AppLog] INFO : 电气控制模块：手动打开端口15
2023-05-09 17:12:47,949 [AppLog] INFO : 电气控制模块：手动打开端口15
2023-05-09 17:12:48,725 [AppLog] INFO : 手动正向点动指令（8轴运控板卡系统） ====》：输出AXIS{第1轴},点动量{-1.5MM},运动速度{2MM/s}
2023-05-09 17:12:48,725 [AppLog] INFO : 电气控制模块：手动关闭端口15
2023-05-09 17:12:48,725 [AppLog] INFO : 手动正向点动指令（8轴运控板卡系统） ====》：输出AXIS{第1轴},点动量{-1.5MM},运动速度{2MM/s}
2023-05-09 17:12:48,726 [AppLog] INFO : 电气控制模块：手动关闭端口15
2023-05-09 17:12:48,726 [AppLog] INFO : 成形面高度下降指定厚度 TrapSpace{1.5mm}：TrapMoveUp(1, true, Convert.ToString(vel), Convert.ToString(TrapSpace), true, true）
2023-05-09 17:12:48,725 [AppLog] INFO : 成形面高度下降指定厚度 TrapSpace{1.5mm}：TrapMoveUp(1, true, Convert.ToString(vel), Convert.ToString(TrapSpace), true, true）
2023-05-09 17:12:51,517 [AppLog] INFO : 手动正向点动指令（8轴运控板卡系统） ====》：输出AXIS{第2轴},点动量{-696.5MM},运动速度{250MM/s}
2023-05-09 17:12:51,517 [AppLog] INFO : 手动正向点动指令（8轴运控板卡系统） ====》：输出AXIS{第2轴},点动量{-696.5MM},运动速度{250MM/s}
2023-05-09 17:12:51,518 [AppLog] INFO : 铺粉车返回至站1：BackToStation2(AimPos, MovSpeed, true)：-1.5mm，速度250mm/s：BackToStation2
2023-05-09 17:12:51,517 [AppLog] INFO : 铺粉车返回至站1：BackToStation2(AimPos, MovSpeed, true)：-1.5mm，速度250mm/s：BackToStation2
2023-05-09 17:12:51,521 [AppLog] INFO : 落粉轴回零失败：motionMap.SetBackSpreaderAxis(3, 0.5, 2, -SinkPosition)：ReturnCode{False}
2023-05-09 17:12:52,270 [AppLog] INFO : 落粉轴回零成功：motionMap.SetBackSpreaderAxis(3, 0.5, 2, -SinkPosition)：ReturnCode{True}
2023-05-09 17:12:52,270 [AppLog] INFO : 电气控制模块：手动打开端口15
2023-05-09 17:12:53,046 [AppLog] INFO : 手动正向点动指令（8轴运控板卡系统） ====》：输出AXIS{第1轴},点动量{1.5MM},运动速度{2MM/s}
2023-05-09 17:12:53,046 [AppLog] INFO : 电气控制模块：手动关闭端口15
2023-05-09 17:12:53,046 [AppLog] INFO : 成形面高度上升层厚 TrapSpace{1.5mm}：TrapMoveUp(1, true, Convert.ToString(vel), Convert.ToString(TrapSpace), true, true）
2023-05-09 17:12:53,047 [AppLog] INFO : 手动铺粉正常结束：NewAutoSupplyPowderThread
2023-05-09 17:12:53,052 [AppLog] INFO : 发送监控指令，拍照记录1条：SendMessageFromSharedMemory
2023-05-09 17:13:44,125 [AppLog] INFO : 电气控制模块：手动打开端口15
2023-05-09 17:13:44,901 [AppLog] INFO : 手动正向点动指令（8轴运控板卡系统） ====》：输出AXIS{第1轴},点动量{1.5MM},运动速度{2MM/s}
2023-05-09 17:13:44,901 [AppLog] INFO : 电气控制模块：手动关闭端口15
2023-05-09 17:13:44,901 [AppLog] INFO : 成形面高度上升层厚 TrapSpace{1.5mm}：TrapMoveUp(1, true, Convert.ToString(vel), Convert.ToString(TrapSpace), true, true）
2023-05-09 17:13:44,902 [AppLog] INFO : 手动铺粉正常结束：NewAutoSupplyPowderThread
2023-05-09 17:13:44,902 [AppLog] INFO : 发送监控指令，拍照记录1条：SendMessageFromSharedMemory
2023-05-09 17:13:47,038 [AppLog] INFO : 手动停止自动进给铺粉过程：AutoSupplyPowderBtn_Click
2023-05-09 17:13:47,706 [AppLog] INFO : 手动开启自动进给铺粉过程：AutoSupplyPowderBtn_Click
2023-05-09 17:13:51,776 [AppLog] INFO : 手动开启自动进给铺粉过程：AutoSupplyPowderBtn_Click
2023-05-09 17:13:51,776 [AppLog] INFO : 开启手动铺粉逻辑：NewAutoSupplyPowderThread
2023-05-09 17:13:51,777 [AppLog] INFO : 电气控制模块：手动打开端口15
2023-05-09 17:13:51,843 [AppLog] INFO : 手动正向点动指令（8轴运控板卡系统） ====》：输出AXIS{第1轴},点动量{-0.08MM},运动速度{2MM/s}
2023-05-09 17:13:51,843 [AppLog] INFO : 成形面高度下降层厚 TrapSpace{0.08mm}：TrapMoveUp(1, true, Convert.ToString(vel), Convert.ToString(TrapSpace), true, true）
2023-05-09 17:13:52,618 [AppLog] INFO : 手动正向点动指令（8轴运控板卡系统） ====》：输出AXIS{第1轴},点动量{-1.5MM},运动速度{2MM/s}
2023-05-09 17:13:52,619 [AppLog] INFO : 成形面高度下降指定厚度 TrapSpace{1.5mm}：TrapMoveUp(1, true, Convert.ToString(vel), Convert.ToString(TrapSpace), true, true）
2023-05-09 17:13:53,394 [AppLog] INFO : 手动正向点动指令（8轴运控板卡系统） ====》：输出AXIS{第1轴},点动量{1.5MM},运动速度{2MM/s}
2023-05-09 17:13:53,394 [AppLog] INFO : 电气控制模块：手动关闭端口15
2023-05-09 17:13:53,395 [AppLog] INFO : 成形面高度上升层厚 TrapSpace{1.5mm}：TrapMoveUp(1, true, Convert.ToString(vel), Convert.ToString(TrapSpace), true, true）
2023-05-09 17:13:53,643 [AppLog] INFO : 手动正向点动指令（8轴运控板卡系统） ====》：输出AXIS{第8轴},点动量{0.6MM},运动速度{2.5MM/s}
2023-05-09 17:13:53,643 [AppLog] INFO : Hopper落粉轴转2圈落粉，速度0.5rev/s：TrapMoveUp(8, true, 0.5, rotateNuM.ToString(), true, false)
2023-05-09 17:13:54,643 [AppLog] INFO : 开启铺粉车不等停运动至准备打印位置215mm，速度250mm/s：BackToStation2
2023-05-09 17:13:55,512 [AppLog] INFO : 手动正向点动指令（8轴运控板卡系统） ====》：输出AXIS{第2轴},点动量{216.5MM},运动速度{250MM/s}
2023-05-09 17:13:55,512 [AppLog] INFO : 当前铺粉车位置：打印位置215mm
2023-05-09 17:13:55,513 [AppLog] INFO : 手动正向点动指令（8轴运控板卡系统） ====》：输出AXIS{第2轴},点动量{480MM},运动速度{70MM/s}
2023-05-09 17:13:55,514 [AppLog] INFO : 开启铺粉车不等停运动至站2，速度0.5rev/s：BackToStation2
2023-05-09 17:13:55,641 [AppLog] INFO : 打开IR灯：OpenIRLamp(true)
2023-05-09 17:13:55,773 [AppLog] INFO : 手动正向点动指令（8轴运控板卡系统） ====》：输出AXIS{第3轴},点动量{0.125MM},运动速度{1MM/s}
2023-05-09 17:13:55,774 [AppLog] INFO : 在{40mm}处，落粉轴运动{45度}，落粉轴转速{1rev/s}：TrapMoveUp(3, true, Convert.ToString(DispenseRollerSpeed), 0.5, true, true)
2023-05-09 17:13:55,775 [AppLog] INFO : 手动正向点动指令（8轴运控板卡系统） ====》：输出AXIS{第3轴},点动量{0.5MM},运动速度{0.105479452054795MM/s}
2023-05-09 17:13:55,775 [AppLog] INFO : 开启均匀落粉及辊子铺平运动：TrapMoveUp(3, true, Convert.ToString(DispenseRollerSpeed), 0.5, true, true)
2023-05-09 17:13:59,848 [AppLog] INFO : 关闭IR灯：OpenIRLamp(false)
2023-05-09 17:14:01,564 [AppLog] INFO : 手动正向点动指令（8轴运控板卡系统） ====》：输出AXIS{第3轴},点动量{0.5MM},运动速度{2MM/s}
2023-05-09 17:14:01,564 [AppLog] INFO : 落粉轴继续转动以倒掉余粉：TrapMoveUp(3, true, 2, 0.5, true, false)
2023-05-09 17:14:02,373 [AppLog] INFO : 电气控制模块：手动打开端口15
2023-05-09 17:14:03,148 [AppLog] INFO : 手动正向点动指令（8轴运控板卡系统） ====》：输出AXIS{第1轴},点动量{-1.5MM},运动速度{2MM/s}
2023-05-09 17:14:03,149 [AppLog] INFO : 电气控制模块：手动关闭端口15
2023-05-09 17:14:03,149 [AppLog] INFO : 成形面高度下降指定厚度 TrapSpace{1.5mm}：TrapMoveUp(1, true, Convert.ToString(vel), Convert.ToString(TrapSpace), true, true）
2023-05-09 17:14:05,938 [AppLog] INFO : 手动正向点动指令（8轴运控板卡系统） ====》：输出AXIS{第2轴},点动量{-696.5MM},运动速度{250MM/s}
2023-05-09 17:14:05,938 [AppLog] INFO : 铺粉车返回至站1：BackToStation2(AimPos, MovSpeed, true)：-1.5mm，速度250mm/s：BackToStation2
2023-05-09 17:14:06,690 [AppLog] INFO : 落粉轴回零成功：motionMap.SetBackSpreaderAxis(3, 0.5, 2, -SinkPosition)：ReturnCode{True}
2023-05-09 17:14:06,690 [AppLog] INFO : 电气控制模块：手动打开端口15
2023-05-09 17:14:07,466 [AppLog] INFO : 手动正向点动指令（8轴运控板卡系统） ====》：输出AXIS{第1轴},点动量{1.5MM},运动速度{2MM/s}
2023-05-09 17:14:07,466 [AppLog] INFO : 电气控制模块：手动关闭端口15
2023-05-09 17:14:07,466 [AppLog] INFO : 成形面高度上升层厚 TrapSpace{1.5mm}：TrapMoveUp(1, true, Convert.ToString(vel), Convert.ToString(TrapSpace), true, true）
2023-05-09 17:14:07,467 [AppLog] INFO : 手动铺粉正常结束：NewAutoSupplyPowderThread
2023-05-09 17:14:07,467 [AppLog] INFO : 发送监控指令，拍照记录1条：SendMessageFromSharedMemory
2023-05-09 17:14:25,600 [AppLog] INFO : 手动正向点动指令（8轴运控板卡系统） ====》：输出AXIS{第1轴},点动量{1.5MM},运动速度{2MM/s}
2023-05-09 17:14:29,552 [AppLog] INFO : 手动停止自动进给铺粉过程：AutoSupplyPowderBtn_Click
2023-05-09 17:14:30,154 [AppLog] INFO : 手动开启自动进给铺粉过程：AutoSupplyPowderBtn_Click
2023-05-09 17:14:34,103 [AppLog] INFO : 手动开启自动进给铺粉过程：AutoSupplyPowderBtn_Click
2023-05-09 17:14:34,104 [AppLog] INFO : 开启手动铺粉逻辑：NewAutoSupplyPowderThread
2023-05-09 17:14:34,105 [AppLog] INFO : 电气控制模块：手动打开端口15
2023-05-09 17:14:34,171 [AppLog] INFO : 手动正向点动指令（8轴运控板卡系统） ====》：输出AXIS{第1轴},点动量{-0.08MM},运动速度{2MM/s}
2023-05-09 17:14:34,171 [AppLog] INFO : 成形面高度下降层厚 TrapSpace{0.08mm}：TrapMoveUp(1, true, Convert.ToString(vel), Convert.ToString(TrapSpace), true, true）
2023-05-09 17:14:34,946 [AppLog] INFO : 手动正向点动指令（8轴运控板卡系统） ====》：输出AXIS{第1轴},点动量{-1.5MM},运动速度{2MM/s}
2023-05-09 17:14:34,947 [AppLog] INFO : 成形面高度下降指定厚度 TrapSpace{1.5mm}：TrapMoveUp(1, true, Convert.ToString(vel), Convert.ToString(TrapSpace), true, true）
2023-05-09 17:14:35,722 [AppLog] INFO : 手动正向点动指令（8轴运控板卡系统） ====》：输出AXIS{第1轴},点动量{1.5MM},运动速度{2MM/s}
2023-05-09 17:14:35,722 [AppLog] INFO : 电气控制模块：手动关闭端口15
2023-05-09 17:14:35,723 [AppLog] INFO : 成形面高度上升层厚 TrapSpace{1.5mm}：TrapMoveUp(1, true, Convert.ToString(vel), Convert.ToString(TrapSpace), true, true）
2023-05-09 17:14:35,971 [AppLog] INFO : 手动正向点动指令（8轴运控板卡系统） ====》：输出AXIS{第8轴},点动量{0.6MM},运动速度{2.5MM/s}
2023-05-09 17:14:35,971 [AppLog] INFO : Hopper落粉轴转2圈落粉，速度0.5rev/s：TrapMoveUp(8, true, 0.5, rotateNuM.ToString(), true, false)
2023-05-09 17:14:36,972 [AppLog] INFO : 开启铺粉车不等停运动至准备打印位置215mm，速度250mm/s：BackToStation2
2023-05-09 17:14:37,841 [AppLog] INFO : 手动正向点动指令（8轴运控板卡系统） ====》：输出AXIS{第2轴},点动量{216.5MM},运动速度{250MM/s}
2023-05-09 17:14:37,841 [AppLog] INFO : 当前铺粉车位置：打印位置215mm
2023-05-09 17:14:37,842 [AppLog] INFO : 手动正向点动指令（8轴运控板卡系统） ====》：输出AXIS{第2轴},点动量{480MM},运动速度{70MM/s}
2023-05-09 17:14:37,843 [AppLog] INFO : 开启铺粉车不等停运动至站2，速度0.5rev/s：BackToStation2
2023-05-09 17:14:37,978 [AppLog] INFO : 打开IR灯：OpenIRLamp(true)
2023-05-09 17:14:38,111 [AppLog] INFO : 手动正向点动指令（8轴运控板卡系统） ====》：输出AXIS{第3轴},点动量{0.125MM},运动速度{1MM/s}
2023-05-09 17:14:38,111 [AppLog] INFO : 在{40mm}处，落粉轴运动{45度}，落粉轴转速{1rev/s}：TrapMoveUp(3, true, Convert.ToString(DispenseRollerSpeed), 0.5, true, true)
2023-05-09 17:14:38,113 [AppLog] INFO : 手动正向点动指令（8轴运控板卡系统） ====》：输出AXIS{第3轴},点动量{0.5MM},运动速度{0.105479452054795MM/s}
2023-05-09 17:14:38,113 [AppLog] INFO : 开启均匀落粉及辊子铺平运动：TrapMoveUp(3, true, Convert.ToString(DispenseRollerSpeed), 0.5, true, true)
2023-05-09 17:14:42,186 [AppLog] INFO : 关闭IR灯：OpenIRLamp(false)
2023-05-09 17:14:43,894 [AppLog] INFO : 手动正向点动指令（8轴运控板卡系统） ====》：输出AXIS{第3轴},点动量{0.5MM},运动速度{2MM/s}
2023-05-09 17:14:43,894 [AppLog] INFO : 落粉轴继续转动以倒掉余粉：TrapMoveUp(3, true, 2, 0.5, true, false)
2023-05-09 17:14:44,703 [AppLog] INFO : 电气控制模块：手动打开端口15
2023-05-09 17:14:45,479 [AppLog] INFO : 手动正向点动指令（8轴运控板卡系统） ====》：输出AXIS{第1轴},点动量{-1.5MM},运动速度{2MM/s}
2023-05-09 17:14:45,479 [AppLog] INFO : 电气控制模块：手动关闭端口15
2023-05-09 17:14:45,479 [AppLog] INFO : 成形面高度下降指定厚度 TrapSpace{1.5mm}：TrapMoveUp(1, true, Convert.ToString(vel), Convert.ToString(TrapSpace), true, true）
2023-05-09 17:14:48,269 [AppLog] INFO : 手动正向点动指令（8轴运控板卡系统） ====》：输出AXIS{第2轴},点动量{-696.5MM},运动速度{250MM/s}
2023-05-09 17:14:48,269 [AppLog] INFO : 铺粉车返回至站1：BackToStation2(AimPos, MovSpeed, true)：-1.5mm，速度250mm/s：BackToStation2
2023-05-09 17:14:49,021 [AppLog] INFO : 落粉轴回零成功：motionMap.SetBackSpreaderAxis(3, 0.5, 2, -SinkPosition)：ReturnCode{True}
2023-05-09 17:14:49,021 [AppLog] INFO : 电气控制模块：手动打开端口15
2023-05-09 17:14:49,797 [AppLog] INFO : 手动正向点动指令（8轴运控板卡系统） ====》：输出AXIS{第1轴},点动量{1.5MM},运动速度{2MM/s}
2023-05-09 17:14:49,797 [AppLog] INFO : 电气控制模块：手动关闭端口15
2023-05-09 17:14:49,797 [AppLog] INFO : 成形面高度上升层厚 TrapSpace{1.5mm}：TrapMoveUp(1, true, Convert.ToString(vel), Convert.ToString(TrapSpace), true, true）
2023-05-09 17:14:49,797 [AppLog] INFO : 手动铺粉正常结束：NewAutoSupplyPowderThread
2023-05-09 17:14:49,798 [AppLog] INFO : 发送监控指令，拍照记录1条：SendMessageFromSharedMemory
2023-05-09 17:15:00,878 [AppLog] INFO : 手动正向点动指令（8轴运控板卡系统） ====》：输出AXIS{第1轴},点动量{1.5MM},运动速度{2MM/s}
2023-05-09 17:15:05,085 [AppLog] INFO : 手动停止自动进给铺粉过程：AutoSupplyPowderBtn_Click
2023-05-09 17:15:06,021 [AppLog] INFO : 手动开启自动进给铺粉过程：AutoSupplyPowderBtn_Click
2023-05-09 17:15:07,105 [AppLog] INFO : 手动开启自动进给铺粉过程：AutoSupplyPowderBtn_Click
2023-05-09 17:15:07,106 [AppLog] INFO : 开启手动铺粉逻辑：NewAutoSupplyPowderThread
2023-05-09 17:15:07,107 [AppLog] INFO : 电气控制模块：手动打开端口15
2023-05-09 17:15:07,107 [AppLog] INFO : 成形面高度下降层厚 TrapSpace{0.08mm}：TrapMoveUp(1, true, Convert.ToString(vel), Convert.ToString(TrapSpace), true, true）
2023-05-09 17:15:07,108 [AppLog] INFO : 成形面高度下降指定厚度 TrapSpace{1.5mm}：TrapMoveUp(1, true, Convert.ToString(vel), Convert.ToString(TrapSpace), true, true）
2023-05-09 17:15:07,108 [AppLog] INFO : 电气控制模块：手动关闭端口15
2023-05-09 17:15:07,108 [AppLog] INFO : 成形面高度上升层厚 TrapSpace{1.5mm}：TrapMoveUp(1, true, Convert.ToString(vel), Convert.ToString(TrapSpace), true, true）
2023-05-09 17:15:07,356 [AppLog] INFO : 手动正向点动指令（8轴运控板卡系统） ====》：输出AXIS{第8轴},点动量{0.6MM},运动速度{2.5MM/s}
2023-05-09 17:15:07,357 [AppLog] INFO : Hopper落粉轴转2圈落粉，速度0.5rev/s：TrapMoveUp(8, true, 0.5, rotateNuM.ToString(), true, false)
2023-05-09 17:15:08,357 [AppLog] INFO : 开启铺粉车不等停运动至准备打印位置215mm，速度250mm/s：BackToStation2
2023-05-09 17:15:09,226 [AppLog] INFO : 手动正向点动指令（8轴运控板卡系统） ====》：输出AXIS{第2轴},点动量{216.5MM},运动速度{250MM/s}
2023-05-09 17:15:09,226 [AppLog] INFO : 当前铺粉车位置：打印位置215mm
2023-05-09 17:15:09,228 [AppLog] INFO : 手动正向点动指令（8轴运控板卡系统） ====》：输出AXIS{第2轴},点动量{480MM},运动速度{70MM/s}
2023-05-09 17:15:09,228 [AppLog] INFO : 开启铺粉车不等停运动至站2，速度0.5rev/s：BackToStation2
2023-05-09 17:15:09,336 [AppLog] INFO : 打开IR灯：OpenIRLamp(true)
2023-05-09 17:15:09,469 [AppLog] INFO : 手动正向点动指令（8轴运控板卡系统） ====》：输出AXIS{第3轴},点动量{0.125MM},运动速度{1MM/s}
2023-05-09 17:15:09,470 [AppLog] INFO : 在{40mm}处，落粉轴运动{45度}，落粉轴转速{1rev/s}：TrapMoveUp(3, true, Convert.ToString(DispenseRollerSpeed), 0.5, true, true)
2023-05-09 17:15:09,471 [AppLog] INFO : 手动正向点动指令（8轴运控板卡系统） ====》：输出AXIS{第3轴},点动量{0.5MM},运动速度{0.105479452054795MM/s}
2023-05-09 17:15:09,471 [AppLog] INFO : 开启均匀落粉及辊子铺平运动：TrapMoveUp(3, true, Convert.ToString(DispenseRollerSpeed), 0.5, true, true)
2023-05-09 17:15:13,564 [AppLog] INFO : 关闭IR灯：OpenIRLamp(false)
2023-05-09 17:15:15,278 [AppLog] INFO : 手动正向点动指令（8轴运控板卡系统） ====》：输出AXIS{第3轴},点动量{0.5MM},运动速度{2MM/s}
2023-05-09 17:15:15,278 [AppLog] INFO : 落粉轴继续转动以倒掉余粉：TrapMoveUp(3, true, 2, 0.5, true, false)
2023-05-09 17:15:16,087 [AppLog] INFO : 电气控制模块：手动打开端口15
2023-05-09 17:15:16,088 [AppLog] INFO : 电气控制模块：手动关闭端口15
2023-05-09 17:15:16,088 [AppLog] INFO : 成形面高度下降指定厚度 TrapSpace{1.5mm}：TrapMoveUp(1, true, Convert.ToString(vel), Convert.ToString(TrapSpace), true, true）
2023-05-09 17:15:18,878 [AppLog] INFO : 手动正向点动指令（8轴运控板卡系统） ====》：输出AXIS{第2轴},点动量{-696.5MM},运动速度{250MM/s}
2023-05-09 17:15:18,878 [AppLog] INFO : 铺粉车返回至站1：BackToStation2(AimPos, MovSpeed, true)：-1.5mm，速度250mm/s：BackToStation2
2023-05-09 17:15:19,629 [AppLog] INFO : 落粉轴回零成功：motionMap.SetBackSpreaderAxis(3, 0.5, 2, -SinkPosition)：ReturnCode{True}
2023-05-09 17:15:19,629 [AppLog] INFO : 电气控制模块：手动打开端口15
2023-05-09 17:15:19,629 [AppLog] INFO : 电气控制模块：手动关闭端口15
2023-05-09 17:15:19,630 [AppLog] INFO : 成形面高度上升层厚 TrapSpace{1.5mm}：TrapMoveUp(1, true, Convert.ToString(vel), Convert.ToString(TrapSpace), true, true）
2023-05-09 17:15:19,630 [AppLog] INFO : 手动铺粉正常结束：NewAutoSupplyPowderThread
2023-05-09 17:15:19,630 [AppLog] INFO : 发送监控指令，拍照记录1条：SendMessageFromSharedMemory
2023-05-09 17:16:18,183 [AppLog] INFO : 手动停止自动进给铺粉过程：AutoSupplyPowderBtn_Click
2023-05-09 17:16:18,751 [AppLog] INFO : 手动开启自动进给铺粉过程：AutoSupplyPowderBtn_Click
2023-05-09 17:16:19,356 [AppLog] INFO : 手动开启自动进给铺粉过程：AutoSupplyPowderBtn_Click
2023-05-09 17:16:19,357 [AppLog] INFO : 开启手动铺粉逻辑：NewAutoSupplyPowderThread
2023-05-09 17:16:19,358 [AppLog] INFO : 电气控制模块：手动打开端口15
2023-05-09 17:16:19,358 [AppLog] INFO : 成形面高度下降层厚 TrapSpace{0.08mm}：TrapMoveUp(1, true, Convert.ToString(vel), Convert.ToString(TrapSpace), true, true）
2023-05-09 17:16:19,359 [AppLog] INFO : 成形面高度下降指定厚度 TrapSpace{1.5mm}：TrapMoveUp(1, true, Convert.ToString(vel), Convert.ToString(TrapSpace), true, true）
2023-05-09 17:16:19,359 [AppLog] INFO : 电气控制模块：手动关闭端口15
2023-05-09 17:16:19,359 [AppLog] INFO : 成形面高度上升层厚 TrapSpace{1.5mm}：TrapMoveUp(1, true, Convert.ToString(vel), Convert.ToString(TrapSpace), true, true）
2023-05-09 17:16:19,608 [AppLog] INFO : 手动正向点动指令（8轴运控板卡系统） ====》：输出AXIS{第8轴},点动量{0.6MM},运动速度{2.5MM/s}
2023-05-09 17:16:19,608 [AppLog] INFO : Hopper落粉轴转2圈落粉，速度0.5rev/s：TrapMoveUp(8, true, 0.5, rotateNuM.ToString(), true, false)
2023-05-09 17:16:20,608 [AppLog] INFO : 开启铺粉车不等停运动至准备打印位置215mm，速度250mm/s：BackToStation2
2023-05-09 17:16:21,477 [AppLog] INFO : 手动正向点动指令（8轴运控板卡系统） ====》：输出AXIS{第2轴},点动量{216.5MM},运动速度{250MM/s}
2023-05-09 17:16:21,477 [AppLog] INFO : 当前铺粉车位置：打印位置215mm
2023-05-09 17:16:21,479 [AppLog] INFO : 手动正向点动指令（8轴运控板卡系统） ====》：输出AXIS{第2轴},点动量{480MM},运动速度{70MM/s}
2023-05-09 17:16:21,479 [AppLog] INFO : 开启铺粉车不等停运动至站2，速度0.5rev/s：BackToStation2
2023-05-09 17:16:21,589 [AppLog] INFO : 打开IR灯：OpenIRLamp(true)
2023-05-09 17:16:21,722 [AppLog] INFO : 手动正向点动指令（8轴运控板卡系统） ====》：输出AXIS{第3轴},点动量{0.125MM},运动速度{1MM/s}
2023-05-09 17:16:21,722 [AppLog] INFO : 在{40mm}处，落粉轴运动{45度}，落粉轴转速{1rev/s}：TrapMoveUp(3, true, Convert.ToString(DispenseRollerSpeed), 0.5, true, true)
2023-05-09 17:16:21,723 [AppLog] INFO : 手动正向点动指令（8轴运控板卡系统） ====》：输出AXIS{第3轴},点动量{0.5MM},运动速度{0.105479452054795MM/s}
2023-05-09 17:16:21,723 [AppLog] INFO : 开启均匀落粉及辊子铺平运动：TrapMoveUp(3, true, Convert.ToString(DispenseRollerSpeed), 0.5, true, true)
2023-05-09 17:16:25,816 [AppLog] INFO : 关闭IR灯：OpenIRLamp(false)
2023-05-09 17:16:27,529 [AppLog] INFO : 手动正向点动指令（8轴运控板卡系统） ====》：输出AXIS{第3轴},点动量{0.5MM},运动速度{2MM/s}
2023-05-09 17:16:27,530 [AppLog] INFO : 落粉轴继续转动以倒掉余粉：TrapMoveUp(3, true, 2, 0.5, true, false)
2023-05-09 17:16:28,340 [AppLog] INFO : 电气控制模块：手动打开端口15
2023-05-09 17:16:28,340 [AppLog] INFO : 电气控制模块：手动关闭端口15
2023-05-09 17:16:28,340 [AppLog] INFO : 成形面高度下降指定厚度 TrapSpace{1.5mm}：TrapMoveUp(1, true, Convert.ToString(vel), Convert.ToString(TrapSpace), true, true）
2023-05-09 17:16:31,129 [AppLog] INFO : 手动正向点动指令（8轴运控板卡系统） ====》：输出AXIS{第2轴},点动量{-696.5MM},运动速度{250MM/s}
2023-05-09 17:16:31,130 [AppLog] INFO : 铺粉车返回至站1：BackToStation2(AimPos, MovSpeed, true)：-1.5mm，速度250mm/s：BackToStation2
2023-05-09 17:16:31,881 [AppLog] INFO : 落粉轴回零成功：motionMap.SetBackSpreaderAxis(3, 0.5, 2, -SinkPosition)：ReturnCode{True}
2023-05-09 17:16:31,881 [AppLog] INFO : 电气控制模块：手动打开端口15
2023-05-09 17:16:31,882 [AppLog] INFO : 电气控制模块：手动关闭端口15
2023-05-09 17:16:31,882 [AppLog] INFO : 成形面高度上升层厚 TrapSpace{1.5mm}：TrapMoveUp(1, true, Convert.ToString(vel), Convert.ToString(TrapSpace), true, true）
2023-05-09 17:16:31,882 [AppLog] INFO : 手动铺粉正常结束：NewAutoSupplyPowderThread
2023-05-09 17:16:31,882 [AppLog] INFO : 发送监控指令，拍照记录1条：SendMessageFromSharedMemory
2023-05-09 17:16:33,395 [AppLog] INFO : 退出手动调试子模块，未执行修改
==========================================================================
2023-05-09 17:16:34,531 [AppLog] INFO : 进入电气控制模块
2023-05-09 17:16:39,940 [AppLog] INFO : 退出电气控制模块
2023-05-09 17:16:41,094 [AppLog] INFO : 进入手动调试子模块！
2023-05-09 17:16:41,094 [AppLog] INFO : 进入：ManulBtn_Click=》准备创建对象-手动操作！
2023-05-09 17:16:41,129 [AppLog] INFO : 创建：ManualControl=》创建完成-手动操作！
2023-05-09 17:16:41,129 [AppLog] INFO : 加载成功：温控Modbus接口！
2023-05-09 17:17:31,384 [AppLog] INFO : 手动开启自动进给铺粉过程：AutoSupplyPowderBtn_Click
2023-05-09 17:17:31,385 [AppLog] INFO : 开启手动铺粉逻辑：NewAutoSupplyPowderThread
2023-05-09 17:17:31,386 [AppLog] INFO : 电气控制模块：手动打开端口15
2023-05-09 17:17:31,386 [AppLog] INFO : 成形面高度下降层厚 TrapSpace{0.08mm}：TrapMoveUp(1, true, Convert.ToString(vel), Convert.ToString(TrapSpace), true, true）
2023-05-09 17:17:31,387 [AppLog] INFO : 成形面高度下降指定厚度 TrapSpace{1.5mm}：TrapMoveUp(1, true, Convert.ToString(vel), Convert.ToString(TrapSpace), true, true）
2023-05-09 17:17:31,387 [AppLog] INFO : 电气控制模块：手动关闭端口15
2023-05-09 17:17:31,387 [AppLog] INFO : 成形面高度上升层厚 TrapSpace{1.5mm}：TrapMoveUp(1, true, Convert.ToString(vel), Convert.ToString(TrapSpace), true, true）
2023-05-09 17:17:31,636 [AppLog] INFO : 手动正向点动指令（8轴运控板卡系统） ====》：输出AXIS{第8轴},点动量{0.6MM},运动速度{2.5MM/s}
2023-05-09 17:17:31,636 [AppLog] INFO : Hopper落粉轴转2圈落粉，速度0.5rev/s：TrapMoveUp(8, true, 0.5, rotateNuM.ToString(), true, false)
2023-05-09 17:17:31,914 [AppLog] INFO : 手动停止自动进给铺粉过程：AutoSupplyPowderBtn_Click
2023-05-09 17:17:32,531 [AppLog] INFO : 手动开启自动进给铺粉过程：AutoSupplyPowderBtn_Click
2023-05-09 17:17:32,636 [AppLog] INFO : 开启铺粉车不等停运动至准备打印位置215mm，速度250mm/s：BackToStation2
2023-05-09 17:17:33,504 [AppLog] INFO : 手动正向点动指令（8轴运控板卡系统） ====》：输出AXIS{第2轴},点动量{216.5MM},运动速度{250MM/s}
2023-05-09 17:17:33,505 [AppLog] INFO : 当前铺粉车位置：打印位置215mm
2023-05-09 17:17:33,507 [AppLog] INFO : 手动正向点动指令（8轴运控板卡系统） ====》：输出AXIS{第2轴},点动量{480MM},运动速度{70MM/s}
2023-05-09 17:17:33,507 [AppLog] INFO : 开启铺粉车不等停运动至站2，速度0.5rev/s：BackToStation2
2023-05-09 17:17:33,623 [AppLog] INFO : 打开IR灯：OpenIRLamp(true)
2023-05-09 17:17:33,755 [AppLog] INFO : 手动正向点动指令（8轴运控板卡系统） ====》：输出AXIS{第3轴},点动量{0.125MM},运动速度{1MM/s}
2023-05-09 17:17:33,755 [AppLog] INFO : 在{40mm}处，落粉轴运动{45度}，落粉轴转速{1rev/s}：TrapMoveUp(3, true, Convert.ToString(DispenseRollerSpeed), 0.5, true, true)
2023-05-09 17:17:33,756 [AppLog] INFO : 手动正向点动指令（8轴运控板卡系统） ====》：输出AXIS{第3轴},点动量{0.5MM},运动速度{0.105479452054795MM/s}
2023-05-09 17:17:33,756 [AppLog] INFO : 开启均匀落粉及辊子铺平运动：TrapMoveUp(3, true, Convert.ToString(DispenseRollerSpeed), 0.5, true, true)
2023-05-09 17:17:37,830 [AppLog] INFO : 关闭IR灯：OpenIRLamp(false)
2023-05-09 17:17:39,558 [AppLog] INFO : 手动正向点动指令（8轴运控板卡系统） ====》：输出AXIS{第3轴},点动量{0.5MM},运动速度{2MM/s}
2023-05-09 17:17:39,558 [AppLog] INFO : 落粉轴继续转动以倒掉余粉：TrapMoveUp(3, true, 2, 0.5, true, false)
2023-05-09 17:17:40,367 [AppLog] INFO : 电气控制模块：手动打开端口15
2023-05-09 17:17:40,368 [AppLog] INFO : 电气控制模块：手动关闭端口15
2023-05-09 17:17:40,368 [AppLog] INFO : 成形面高度下降指定厚度 TrapSpace{1.5mm}：TrapMoveUp(1, true, Convert.ToString(vel), Convert.ToString(TrapSpace), true, true）
2023-05-09 17:17:43,157 [AppLog] INFO : 手动正向点动指令（8轴运控板卡系统） ====》：输出AXIS{第2轴},点动量{-696.5MM},运动速度{250MM/s}
2023-05-09 17:17:43,157 [AppLog] INFO : 铺粉车返回至站1：BackToStation2(AimPos, MovSpeed, true)：-1.5mm，速度250mm/s：BackToStation2
2023-05-09 17:17:43,908 [AppLog] INFO : 落粉轴回零成功：motionMap.SetBackSpreaderAxis(3, 0.5, 2, -SinkPosition)：ReturnCode{True}
2023-05-09 17:17:43,908 [AppLog] INFO : 电气控制模块：手动打开端口15
2023-05-09 17:17:43,908 [AppLog] INFO : 电气控制模块：手动关闭端口15
2023-05-09 17:17:43,909 [AppLog] INFO : 成形面高度上升层厚 TrapSpace{1.5mm}：TrapMoveUp(1, true, Convert.ToString(vel), Convert.ToString(TrapSpace), true, true）
2023-05-09 17:17:43,909 [AppLog] INFO : 手动铺粉正常结束：NewAutoSupplyPowderThread
2023-05-09 17:17:43,909 [AppLog] INFO : 发送监控指令，拍照记录1条：SendMessageFromSharedMemory
2023-05-09 17:17:58,741 [AppLog] INFO : 手动开启自动进给铺粉过程：AutoSupplyPowderBtn_Click
2023-05-09 17:17:58,742 [AppLog] INFO : 开启手动铺粉逻辑：NewAutoSupplyPowderThread
2023-05-09 17:17:58,743 [AppLog] INFO : 电气控制模块：手动打开端口15
2023-05-09 17:17:58,743 [AppLog] INFO : 成形面高度下降层厚 TrapSpace{0.08mm}：TrapMoveUp(1, true, Convert.ToString(vel), Convert.ToString(TrapSpace), true, true）
2023-05-09 17:17:58,743 [AppLog] INFO : 成形面高度下降指定厚度 TrapSpace{1.5mm}：TrapMoveUp(1, true, Convert.ToString(vel), Convert.ToString(TrapSpace), true, true）
2023-05-09 17:17:58,744 [AppLog] INFO : 电气控制模块：手动关闭端口15
2023-05-09 17:17:58,744 [AppLog] INFO : 成形面高度上升层厚 TrapSpace{1.5mm}：TrapMoveUp(1, true, Convert.ToString(vel), Convert.ToString(TrapSpace), true, true）
2023-05-09 17:17:58,993 [AppLog] INFO : 手动正向点动指令（8轴运控板卡系统） ====》：输出AXIS{第8轴},点动量{0.6MM},运动速度{2.5MM/s}
2023-05-09 17:17:58,993 [AppLog] INFO : Hopper落粉轴转2圈落粉，速度0.5rev/s：TrapMoveUp(8, true, 0.5, rotateNuM.ToString(), true, false)
2023-05-09 17:17:59,993 [AppLog] INFO : 开启铺粉车不等停运动至准备打印位置215mm，速度250mm/s：BackToStation2
2023-05-09 17:18:00,553 [AppLog] INFO : 手动停止自动进给铺粉过程：AutoSupplyPowderBtn_Click
2023-05-09 17:18:01,568 [AppLog] INFO : 手动开启自动进给铺粉过程：AutoSupplyPowderBtn_Click
2023-05-09 17:18:02,877 [AppLog] INFO : 手动开启自动进给铺粉过程：AutoSupplyPowderBtn_Click
2023-05-09 17:18:02,878 [AppLog] INFO : 开启手动铺粉逻辑：NewAutoSupplyPowderThread
2023-05-09 17:18:02,879 [AppLog] INFO : 电气控制模块：手动打开端口15
2023-05-09 17:18:02,879 [AppLog] INFO : 成形面高度下降层厚 TrapSpace{0.08mm}：TrapMoveUp(1, true, Convert.ToString(vel), Convert.ToString(TrapSpace), true, true）
2023-05-09 17:18:02,879 [AppLog] INFO : 成形面高度下降指定厚度 TrapSpace{1.5mm}：TrapMoveUp(1, true, Convert.ToString(vel), Convert.ToString(TrapSpace), true, true）
2023-05-09 17:18:02,880 [AppLog] INFO : 电气控制模块：手动关闭端口15
2023-05-09 17:18:02,880 [AppLog] INFO : 成形面高度上升层厚 TrapSpace{1.5mm}：TrapMoveUp(1, true, Convert.ToString(vel), Convert.ToString(TrapSpace), true, true）
2023-05-09 17:18:03,129 [AppLog] INFO : 手动正向点动指令（8轴运控板卡系统） ====》：输出AXIS{第8轴},点动量{0.6MM},运动速度{2.5MM/s}
2023-05-09 17:18:03,129 [AppLog] INFO : Hopper落粉轴转2圈落粉，速度0.5rev/s：TrapMoveUp(8, true, 0.5, rotateNuM.ToString(), true, false)
2023-05-09 17:18:04,130 [AppLog] INFO : 开启铺粉车不等停运动至准备打印位置215mm，速度250mm/s：BackToStation2
2023-05-09 17:18:04,443 [AppLog] INFO : 手动正向点动指令（8轴运控板卡系统） ====》：输出AXIS{第2轴},点动量{77.092MM},运动速度{250MM/s}
2023-05-09 17:18:04,444 [AppLog] INFO : 当前铺粉车位置：打印位置215mm
2023-05-09 17:18:04,446 [AppLog] INFO : 手动正向点动指令（8轴运控板卡系统） ====》：输出AXIS{第2轴},点动量{480MM},运动速度{70MM/s}
2023-05-09 17:18:04,447 [AppLog] INFO : 开启铺粉车不等停运动至站2，速度0.5rev/s：BackToStation2
2023-05-09 17:18:04,559 [AppLog] INFO : 打开IR灯：OpenIRLamp(true)
2023-05-09 17:18:04,692 [AppLog] INFO : 手动正向点动指令（8轴运控板卡系统） ====》：输出AXIS{第3轴},点动量{0.125MM},运动速度{1MM/s}
2023-05-09 17:18:04,693 [AppLog] INFO : 在{40mm}处，落粉轴运动{45度}，落粉轴转速{1rev/s}：TrapMoveUp(3, true, Convert.ToString(DispenseRollerSpeed), 0.5, true, true)
2023-05-09 17:18:04,695 [AppLog] INFO : 手动正向点动指令（8轴运控板卡系统） ====》：输出AXIS{第3轴},点动量{0.5MM},运动速度{0.105479452054795MM/s}
2023-05-09 17:18:04,695 [AppLog] INFO : 开启均匀落粉及辊子铺平运动：TrapMoveUp(3, true, Convert.ToString(DispenseRollerSpeed), 0.5, true, true)
2023-05-09 17:18:07,540 [AppLog] INFO : 手动正向点动指令（8轴运控板卡系统） ====》：输出AXIS{第2轴},点动量{216.5MM},运动速度{250MM/s}
2023-05-09 17:18:07,541 [AppLog] INFO : 当前铺粉车位置：打印位置431.543mm
2023-05-09 17:18:07,545 [AppLog] INFO : 手动正向点动指令（8轴运控板卡系统） ====》：输出AXIS{第2轴},点动量{263.43MM},运动速度{70MM/s}
2023-05-09 17:18:07,545 [AppLog] INFO : 开启铺粉车不等停运动至站2，速度0.5rev/s：BackToStation2
2023-05-09 17:18:07,664 [AppLog] INFO : 打开IR灯：OpenIRLamp(true)
2023-05-09 17:18:07,667 [AppLog] INFO : 手动正向点动指令（8轴运控板卡系统） ====》：输出AXIS{第3轴},点动量{0.125MM},运动速度{1MM/s}
2023-05-09 17:18:07,668 [AppLog] INFO : 在{40mm}处，落粉轴运动{45度}，落粉轴转速{1rev/s}：TrapMoveUp(3, true, Convert.ToString(DispenseRollerSpeed), 0.5, true, true)
2023-05-09 17:18:07,670 [AppLog] INFO : 手动正向点动指令（8轴运控板卡系统） ====》：输出AXIS{第3轴},点动量{0.5MM},运动速度{0.105479452054795MM/s}
2023-05-09 17:18:07,670 [AppLog] INFO : 开启均匀落粉及辊子铺平运动：TrapMoveUp(3, true, Convert.ToString(DispenseRollerSpeed), 0.5, true, true)
2023-05-09 17:18:20,628 [AppLog] INFO : 手动停止自动进给铺粉过程：AutoSupplyPowderBtn_Click
2023-05-09 17:18:32,495 [AppLog] INFO : 手动正向JOG指令（8轴运控板卡系统） ====》：输出AXIS{第2轴},运动速度{50MM/s}
2023-05-09 17:18:32,714 [AppLog] INFO : 自动停止铺粉棍轴JOG输出（8轴运控板卡系统） ====》：输出AXIS{第6轴}
2023-05-09 17:18:32,715 [AppLog] INFO : 手动停止JOG输出（8轴运控板卡系统） ====》：输出AXIS{第2轴}
2023-05-09 17:18:35,209 [AppLog] INFO : 手动负向JOG指令（8轴运控板卡系统） ====》：输出AXIS{第2轴},运动速度{50MM/s}
2023-05-09 17:18:35,280 [AppLog] INFO : 自动停止铺粉棍轴JOG输出（8轴运控板卡系统） ====》：输出AXIS{第6轴}
2023-05-09 17:18:35,281 [AppLog] INFO : 手动停止JOG输出（8轴运控板卡系统） ====》：输出AXIS{第2轴}
2023-05-09 17:18:37,553 [AppLog] INFO : 开启铺粉车回零校准：PowderCarHomeBtn_Click
2023-05-09 17:18:37,553 [AppLog] INFO : 开启粉车回零校准线程：PowderCarHomeResetThread
2023-05-09 17:18:50,621 [AppLog] INFO : 粉车回零校准线程成功：PowderCarHomeResetThread
2023-05-09 17:18:55,450 [AppLog] INFO : 手动负向JOG指令（8轴运控板卡系统） ====》：输出AXIS{第2轴},运动速度{50MM/s}
2023-05-09 17:19:06,297 [AppLog] INFO : 自动停止铺粉棍轴JOG输出（8轴运控板卡系统） ====》：输出AXIS{第6轴}
2023-05-09 17:19:06,298 [AppLog] INFO : 手动停止JOG输出（8轴运控板卡系统） ====》：输出AXIS{第2轴}
2023-05-09 17:19:06,953 [AppLog] INFO : 手动负向JOG指令（8轴运控板卡系统） ====》：输出AXIS{第2轴},运动速度{50MM/s}
2023-05-09 17:19:07,057 [AppLog] INFO : 自动停止铺粉棍轴JOG输出（8轴运控板卡系统） ====》：输出AXIS{第6轴}
2023-05-09 17:19:07,058 [AppLog] INFO : 手动停止JOG输出（8轴运控板卡系统） ====》：输出AXIS{第2轴}
2023-05-09 17:19:07,376 [AppLog] INFO : 手动负向JOG指令（8轴运控板卡系统） ====》：输出AXIS{第2轴},运动速度{50MM/s}
2023-05-09 17:19:07,530 [AppLog] INFO : 自动停止铺粉棍轴JOG输出（8轴运控板卡系统） ====》：输出AXIS{第6轴}
2023-05-09 17:19:07,531 [AppLog] INFO : 手动停止JOG输出（8轴运控板卡系统） ====》：输出AXIS{第2轴}
2023-05-09 17:19:07,913 [AppLog] INFO : 手动负向JOG指令（8轴运控板卡系统） ====》：输出AXIS{第2轴},运动速度{50MM/s}
2023-05-09 17:19:08,030 [AppLog] INFO : 自动停止铺粉棍轴JOG输出（8轴运控板卡系统） ====》：输出AXIS{第6轴}
2023-05-09 17:19:08,031 [AppLog] INFO : 手动停止JOG输出（8轴运控板卡系统） ====》：输出AXIS{第2轴}
2023-05-09 17:19:08,333 [AppLog] INFO : 手动负向JOG指令（8轴运控板卡系统） ====》：输出AXIS{第2轴},运动速度{50MM/s}
2023-05-09 17:19:08,793 [AppLog] INFO : 自动停止铺粉棍轴JOG输出（8轴运控板卡系统） ====》：输出AXIS{第6轴}
2023-05-09 17:19:08,793 [AppLog] INFO : 手动停止JOG输出（8轴运控板卡系统） ====》：输出AXIS{第2轴}
2023-05-09 17:19:09,164 [AppLog] INFO : 手动负向JOG指令（8轴运控板卡系统） ====》：输出AXIS{第2轴},运动速度{50MM/s}
2023-05-09 17:19:09,321 [AppLog] INFO : 自动停止铺粉棍轴JOG输出（8轴运控板卡系统） ====》：输出AXIS{第6轴}
2023-05-09 17:19:09,322 [AppLog] INFO : 手动停止JOG输出（8轴运控板卡系统） ====》：输出AXIS{第2轴}
2023-05-09 17:19:09,541 [AppLog] INFO : 手动负向JOG指令（8轴运控板卡系统） ====》：输出AXIS{第2轴},运动速度{50MM/s}
2023-05-09 17:19:09,827 [AppLog] INFO : 自动停止铺粉棍轴JOG输出（8轴运控板卡系统） ====》：输出AXIS{第6轴}
2023-05-09 17:19:09,828 [AppLog] INFO : 手动停止JOG输出（8轴运控板卡系统） ====》：输出AXIS{第2轴}
2023-05-09 17:19:10,157 [AppLog] INFO : 手动负向JOG指令（8轴运控板卡系统） ====》：输出AXIS{第2轴},运动速度{50MM/s}
2023-05-09 17:19:10,353 [AppLog] INFO : 自动停止铺粉棍轴JOG输出（8轴运控板卡系统） ====》：输出AXIS{第6轴}
2023-05-09 17:19:10,354 [AppLog] INFO : 手动停止JOG输出（8轴运控板卡系统） ====》：输出AXIS{第2轴}
2023-05-09 17:19:10,559 [AppLog] INFO : 手动负向JOG指令（8轴运控板卡系统） ====》：输出AXIS{第2轴},运动速度{50MM/s}
2023-05-09 17:19:10,809 [AppLog] INFO : 自动停止铺粉棍轴JOG输出（8轴运控板卡系统） ====》：输出AXIS{第6轴}
2023-05-09 17:19:10,809 [AppLog] INFO : 手动停止JOG输出（8轴运控板卡系统） ====》：输出AXIS{第2轴}
2023-05-09 17:19:14,608 [AppLog] INFO : 手动负向JOG指令（8轴运控板卡系统） ====》：输出AXIS{第2轴},运动速度{50MM/s}
2023-05-09 17:19:14,792 [AppLog] INFO : 自动停止铺粉棍轴JOG输出（8轴运控板卡系统） ====》：输出AXIS{第6轴}
2023-05-09 17:19:14,793 [AppLog] INFO : 手动停止JOG输出（8轴运控板卡系统） ====》：输出AXIS{第2轴}
2023-05-09 17:19:14,910 [AppLog] INFO : 手动负向JOG指令（8轴运控板卡系统） ====》：输出AXIS{第2轴},运动速度{50MM/s}
2023-05-09 17:19:15,060 [AppLog] INFO : 自动停止铺粉棍轴JOG输出（8轴运控板卡系统） ====》：输出AXIS{第6轴}
2023-05-09 17:19:15,061 [AppLog] INFO : 手动停止JOG输出（8轴运控板卡系统） ====》：输出AXIS{第2轴}
2023-05-09 17:19:15,615 [AppLog] INFO : 手动负向JOG指令（8轴运控板卡系统） ====》：输出AXIS{第2轴},运动速度{50MM/s}
2023-05-09 17:19:15,747 [AppLog] INFO : 自动停止铺粉棍轴JOG输出（8轴运控板卡系统） ====》：输出AXIS{第6轴}
2023-05-09 17:19:15,748 [AppLog] INFO : 手动停止JOG输出（8轴运控板卡系统） ====》：输出AXIS{第2轴}
2023-05-09 17:19:16,055 [AppLog] INFO : 手动负向JOG指令（8轴运控板卡系统） ====》：输出AXIS{第2轴},运动速度{50MM/s}
2023-05-09 17:19:16,235 [AppLog] INFO : 自动停止铺粉棍轴JOG输出（8轴运控板卡系统） ====》：输出AXIS{第6轴}
2023-05-09 17:19:16,236 [AppLog] INFO : 手动停止JOG输出（8轴运控板卡系统） ====》：输出AXIS{第2轴}
2023-05-09 17:19:16,511 [AppLog] INFO : 手动负向JOG指令（8轴运控板卡系统） ====》：输出AXIS{第2轴},运动速度{50MM/s}
2023-05-09 17:19:16,706 [AppLog] INFO : 自动停止铺粉棍轴JOG输出（8轴运控板卡系统） ====》：输出AXIS{第6轴}
2023-05-09 17:19:16,707 [AppLog] INFO : 手动停止JOG输出（8轴运控板卡系统） ====》：输出AXIS{第2轴}
2023-05-09 17:19:16,923 [AppLog] INFO : 手动负向JOG指令（8轴运控板卡系统） ====》：输出AXIS{第2轴},运动速度{50MM/s}
2023-05-09 17:19:17,105 [AppLog] INFO : 自动停止铺粉棍轴JOG输出（8轴运控板卡系统） ====》：输出AXIS{第6轴}
2023-05-09 17:19:17,106 [AppLog] INFO : 手动停止JOG输出（8轴运控板卡系统） ====》：输出AXIS{第2轴}
2023-05-09 17:19:17,499 [AppLog] INFO : 手动负向JOG指令（8轴运控板卡系统） ====》：输出AXIS{第2轴},运动速度{50MM/s}
2023-05-09 17:19:17,676 [AppLog] INFO : 自动停止铺粉棍轴JOG输出（8轴运控板卡系统） ====》：输出AXIS{第6轴}
2023-05-09 17:19:17,677 [AppLog] INFO : 手动停止JOG输出（8轴运控板卡系统） ====》：输出AXIS{第2轴}
2023-05-09 17:19:17,953 [AppLog] INFO : 手动负向JOG指令（8轴运控板卡系统） ====》：输出AXIS{第2轴},运动速度{50MM/s}
2023-05-09 17:19:18,041 [AppLog] INFO : 自动停止铺粉棍轴JOG输出（8轴运控板卡系统） ====》：输出AXIS{第6轴}
2023-05-09 17:19:18,041 [AppLog] INFO : 手动停止JOG输出（8轴运控板卡系统） ====》：输出AXIS{第2轴}
2023-05-09 17:19:19,839 [AppLog] INFO : 手动负向JOG指令（8轴运控板卡系统） ====》：输出AXIS{第2轴},运动速度{50MM/s}
2023-05-09 17:19:19,927 [AppLog] INFO : 自动停止铺粉棍轴JOG输出（8轴运控板卡系统） ====》：输出AXIS{第6轴}
2023-05-09 17:19:19,928 [AppLog] INFO : 手动停止JOG输出（8轴运控板卡系统） ====》：输出AXIS{第2轴}
2023-05-09 17:19:25,414 [AppLog] INFO : 开启铺粉车回零校准：PowderCarHomeBtn_Click
2023-05-09 17:19:25,415 [AppLog] INFO : 开启粉车回零校准线程：PowderCarHomeResetThread
2023-05-09 17:19:30,786 [AppLog] INFO : 手动正向点动指令（8轴运控板卡系统） ====》：输出AXIS{第2轴},点动量{-116MM},运动速度{70MM/s}
2023-05-09 17:19:30,790 [AppLog] INFO : 粉车回零校准线程成功：PowderCarHomeResetThread
2023-05-09 17:19:38,972 [AppLog] INFO : IR固化手动出光模式：WriteSingleRegister：SlaveNumber{1}RegisterAddress{132}RegisterValue{1}
2023-05-09 17:19:39,032 [AppLog] INFO : IR固化停止出光成功：WriteSingleRegister：SlaveNumber{1}RegisterAddress{121}目标温度{0 ℃}
2023-05-09 17:21:13,362 [AppLog] INFO : 手动开启自动进给铺粉过程：AutoSupplyPowderBtn_Click
2023-05-09 17:21:16,599 [AppLog] INFO : 手动开启自动进给铺粉过程：AutoSupplyPowderBtn_Click
2023-05-09 17:21:16,599 [AppLog] INFO : 开启手动铺粉逻辑：NewAutoSupplyPowderThread
2023-05-09 17:21:16,601 [AppLog] INFO : 电气控制模块：手动打开端口15
2023-05-09 17:21:16,602 [AppLog] INFO : 成形面高度下降层厚 TrapSpace{0.08mm}：TrapMoveUp(1, true, Convert.ToString(vel), Convert.ToString(TrapSpace), true, true）
2023-05-09 17:21:16,603 [AppLog] INFO : 成形面高度下降指定厚度 TrapSpace{1.5mm}：TrapMoveUp(1, true, Convert.ToString(vel), Convert.ToString(TrapSpace), true, true）
2023-05-09 17:21:16,604 [AppLog] INFO : 电气控制模块：手动关闭端口15
2023-05-09 17:21:16,604 [AppLog] INFO : 成形面高度上升层厚 TrapSpace{1.5mm}：TrapMoveUp(1, true, Convert.ToString(vel), Convert.ToString(TrapSpace), true, true）
2023-05-09 17:21:16,855 [AppLog] INFO : 手动正向点动指令（8轴运控板卡系统） ====》：输出AXIS{第8轴},点动量{0.6MM},运动速度{2.5MM/s}
2023-05-09 17:21:16,856 [AppLog] INFO : Hopper落粉轴转2圈落粉，速度0.5rev/s：TrapMoveUp(8, true, 0.5, rotateNuM.ToString(), true, false)
2023-05-09 17:21:17,856 [AppLog] INFO : 开启铺粉车不等停运动至准备打印位置215mm，速度250mm/s：BackToStation2
2023-05-09 17:21:18,720 [AppLog] INFO : 手动正向点动指令（8轴运控板卡系统） ====》：输出AXIS{第2轴},点动量{214MM},运动速度{250MM/s}
2023-05-09 17:21:18,720 [AppLog] INFO : 当前铺粉车位置：打印位置215mm
2023-05-09 17:21:18,727 [AppLog] INFO : 手动正向点动指令（8轴运控板卡系统） ====》：输出AXIS{第2轴},点动量{480MM},运动速度{70MM/s}
2023-05-09 17:21:18,727 [AppLog] INFO : 开启铺粉车不等停运动至站2，速度0.5rev/s：BackToStation2
2023-05-09 17:21:18,883 [AppLog] INFO : 打开IR灯：OpenIRLamp(true)
2023-05-09 17:21:19,019 [AppLog] INFO : 手动正向点动指令（8轴运控板卡系统） ====》：输出AXIS{第3轴},点动量{0.125MM},运动速度{1MM/s}
2023-05-09 17:21:19,019 [AppLog] INFO : 在{40mm}处，落粉轴运动{45度}，落粉轴转速{1rev/s}：TrapMoveUp(3, true, Convert.ToString(DispenseRollerSpeed), 0.5, true, true)
2023-05-09 17:21:19,023 [AppLog] INFO : 手动正向点动指令（8轴运控板卡系统） ====》：输出AXIS{第3轴},点动量{0.5MM},运动速度{0.105479452054795MM/s}
2023-05-09 17:21:19,023 [AppLog] INFO : 开启均匀落粉及辊子铺平运动：TrapMoveUp(3, true, Convert.ToString(DispenseRollerSpeed), 0.5, true, true)
2023-05-09 17:21:23,191 [AppLog] INFO : 关闭IR灯：OpenIRLamp(false)
2023-05-09 17:21:23,251 [AppLog] INFO : 关闭IR灯：OpenIRLamp(false)
2023-05-09 17:21:23,311 [AppLog] INFO : 关闭IR灯：OpenIRLamp(false)
2023-05-09 17:21:24,779 [AppLog] INFO : 手动正向点动指令（8轴运控板卡系统） ====》：输出AXIS{第3轴},点动量{0.5MM},运动速度{2MM/s}
2023-05-09 17:21:24,779 [AppLog] INFO : 落粉轴继续转动以倒掉余粉：TrapMoveUp(3, true, 2, 0.5, true, false)
2023-05-09 17:21:24,779 [AppLog] INFO : 手动正向点动指令（8轴运控板卡系统） ====》：输出AXIS{第3轴},点动量{0.5MM},运动速度{2MM/s}
2023-05-09 17:21:24,779 [AppLog] INFO : 手动正向点动指令（8轴运控板卡系统） ====》：输出AXIS{第3轴},点动量{0.5MM},运动速度{2MM/s}
2023-05-09 17:21:24,780 [AppLog] INFO : 落粉轴继续转动以倒掉余粉：TrapMoveUp(3, true, 2, 0.5, true, false)
2023-05-09 17:21:24,780 [AppLog] INFO : 落粉轴继续转动以倒掉余粉：TrapMoveUp(3, true, 2, 0.5, true, false)
2023-05-09 17:21:25,588 [AppLog] INFO : 电气控制模块：手动打开端口15
2023-05-09 17:21:25,588 [AppLog] INFO : 电气控制模块：手动关闭端口15
2023-05-09 17:21:25,588 [AppLog] INFO : 成形面高度下降指定厚度 TrapSpace{1.5mm}：TrapMoveUp(1, true, Convert.ToString(vel), Convert.ToString(TrapSpace), true, true）
2023-05-09 17:21:25,588 [AppLog] INFO : 电气控制模块：手动打开端口15
2023-05-09 17:21:25,588 [AppLog] INFO : 电气控制模块：手动打开端口15
2023-05-09 17:21:25,590 [AppLog] INFO : 电气控制模块：手动关闭端口15
2023-05-09 17:21:25,590 [AppLog] INFO : 成形面高度下降指定厚度 TrapSpace{1.5mm}：TrapMoveUp(1, true, Convert.ToString(vel), Convert.ToString(TrapSpace), true, true）
2023-05-09 17:21:25,590 [AppLog] INFO : 电气控制模块：手动关闭端口15
2023-05-09 17:21:25,591 [AppLog] INFO : 成形面高度下降指定厚度 TrapSpace{1.5mm}：TrapMoveUp(1, true, Convert.ToString(vel), Convert.ToString(TrapSpace), true, true）
2023-05-09 17:21:28,379 [AppLog] INFO : 手动正向点动指令（8轴运控板卡系统） ====》：输出AXIS{第2轴},点动量{-696.5MM},运动速度{250MM/s}
2023-05-09 17:21:28,379 [AppLog] INFO : 手动正向点动指令（8轴运控板卡系统） ====》：输出AXIS{第2轴},点动量{-696.5MM},运动速度{250MM/s}
2023-05-09 17:21:28,379 [AppLog] INFO : 手动正向点动指令（8轴运控板卡系统） ====》：输出AXIS{第2轴},点动量{-696.5MM},运动速度{250MM/s}
2023-05-09 17:21:28,379 [AppLog] INFO : 铺粉车返回至站1：BackToStation2(AimPos, MovSpeed, true)：-1.5mm，速度250mm/s：BackToStation2
2023-05-09 17:21:28,379 [AppLog] INFO : 铺粉车返回至站1：BackToStation2(AimPos, MovSpeed, true)：-1.5mm，速度250mm/s：BackToStation2
2023-05-09 17:21:28,379 [AppLog] INFO : 铺粉车返回至站1：BackToStation2(AimPos, MovSpeed, true)：-1.5mm，速度250mm/s：BackToStation2
2023-05-09 17:21:28,851 [AppLog] INFO : 落粉轴回零成功：motionMap.SetBackSpreaderAxis(3, 0.5, 2, -SinkPosition)：ReturnCode{True}
2023-05-09 17:21:28,851 [AppLog] INFO : 电气控制模块：手动打开端口15
2023-05-09 17:21:28,851 [AppLog] INFO : 电气控制模块：手动关闭端口15
2023-05-09 17:21:28,852 [AppLog] INFO : 成形面高度上升层厚 TrapSpace{1.5mm}：TrapMoveUp(1, true, Convert.ToString(vel), Convert.ToString(TrapSpace), true, true）
2023-05-09 17:21:28,852 [AppLog] INFO : 手动铺粉正常结束：NewAutoSupplyPowderThread
2023-05-09 17:21:28,852 [AppLog] INFO : 发送监控指令，拍照记录1条：SendMessageFromSharedMemory
2023-05-09 17:21:32,384 [AppLog] INFO : 落粉轴回零失败：motionMap.SetBackSpreaderAxis(3, 0.5, 2, -SinkPosition)：ReturnCode{False}
2023-05-09 17:21:33,605 [AppLog] INFO : 电气控制模块：手动打开端口15
2023-05-09 17:21:33,606 [AppLog] INFO : 电气控制模块：手动关闭端口15
2023-05-09 17:21:33,606 [AppLog] INFO : 成形面高度上升层厚 TrapSpace{1.5mm}：TrapMoveUp(1, true, Convert.ToString(vel), Convert.ToString(TrapSpace), true, true）
2023-05-09 17:21:33,606 [AppLog] INFO : 手动铺粉正常结束：NewAutoSupplyPowderThread
2023-05-09 17:21:33,606 [AppLog] INFO : 发送监控指令，拍照记录1条：SendMessageFromSharedMemory
2023-05-09 17:21:34,500 [AppLog] INFO : 落粉轴回零失败：motionMap.SetBackSpreaderAxis(3, 0.5, 2, -SinkPosition)：ReturnCode{False}
2023-05-09 17:21:35,667 [AppLog] INFO : 电气控制模块：手动打开端口15
2023-05-09 17:21:35,667 [AppLog] INFO : 电气控制模块：手动关闭端口15
2023-05-09 17:21:35,667 [AppLog] INFO : 成形面高度上升层厚 TrapSpace{1.5mm}：TrapMoveUp(1, true, Convert.ToString(vel), Convert.ToString(TrapSpace), true, true）
2023-05-09 17:21:35,668 [AppLog] INFO : 手动铺粉正常结束：NewAutoSupplyPowderThread
2023-05-09 17:21:35,668 [AppLog] INFO : 发送监控指令，拍照记录1条：SendMessageFromSharedMemory
2023-05-09 17:21:52,115 [AppLog] INFO : 手动负向点动指令（8轴运控板卡系统） ====》：输出AXIS{第1轴},点动量{0.1MM},运动速度{2MM/s}
2023-05-09 17:21:57,849 [AppLog] INFO : 手动负向点动指令（8轴运控板卡系统） ====》：输出AXIS{第1轴},点动量{0.1MM},运动速度{2MM/s}
2023-05-09 17:22:00,136 [AppLog] INFO : 手动负向点动指令（8轴运控板卡系统） ====》：输出AXIS{第1轴},点动量{0.1MM},运动速度{2MM/s}
2023-05-09 17:22:02,810 [AppLog] INFO : 手动负向点动指令（8轴运控板卡系统） ====》：输出AXIS{第1轴},点动量{0.1MM},运动速度{2MM/s}
2023-05-09 17:22:23,810 [AppLog] INFO : 手动停止自动进给铺粉过程：AutoSupplyPowderBtn_Click
2023-05-09 17:22:24,513 [AppLog] INFO : 手动开启自动进给铺粉过程：AutoSupplyPowderBtn_Click
2023-05-09 17:22:26,132 [AppLog] INFO : 手动开启自动进给铺粉过程：AutoSupplyPowderBtn_Click
2023-05-09 17:22:26,132 [AppLog] INFO : 开启手动铺粉逻辑：NewAutoSupplyPowderThread
2023-05-09 17:22:26,133 [AppLog] INFO : 电气控制模块：手动打开端口15
2023-05-09 17:22:26,199 [AppLog] INFO : 手动正向点动指令（8轴运控板卡系统） ====》：输出AXIS{第1轴},点动量{-0.08MM},运动速度{2MM/s}
2023-05-09 17:22:26,199 [AppLog] INFO : 成形面高度下降层厚 TrapSpace{0.08mm}：TrapMoveUp(1, true, Convert.ToString(vel), Convert.ToString(TrapSpace), true, true）
2023-05-09 17:22:26,974 [AppLog] INFO : 手动正向点动指令（8轴运控板卡系统） ====》：输出AXIS{第1轴},点动量{-1.5MM},运动速度{2MM/s}
2023-05-09 17:22:26,975 [AppLog] INFO : 成形面高度下降指定厚度 TrapSpace{1.5mm}：TrapMoveUp(1, true, Convert.ToString(vel), Convert.ToString(TrapSpace), true, true）
2023-05-09 17:22:27,750 [AppLog] INFO : 手动正向点动指令（8轴运控板卡系统） ====》：输出AXIS{第1轴},点动量{1.5MM},运动速度{2MM/s}
2023-05-09 17:22:27,751 [AppLog] INFO : 电气控制模块：手动关闭端口15
2023-05-09 17:22:27,751 [AppLog] INFO : 成形面高度上升层厚 TrapSpace{1.5mm}：TrapMoveUp(1, true, Convert.ToString(vel), Convert.ToString(TrapSpace), true, true）
2023-05-09 17:22:27,999 [AppLog] INFO : 手动正向点动指令（8轴运控板卡系统） ====》：输出AXIS{第8轴},点动量{0.6MM},运动速度{2.5MM/s}
2023-05-09 17:22:27,999 [AppLog] INFO : Hopper落粉轴转2圈落粉，速度0.5rev/s：TrapMoveUp(8, true, 0.5, rotateNuM.ToString(), true, false)
2023-05-09 17:22:29,000 [AppLog] INFO : 开启铺粉车不等停运动至准备打印位置215mm，速度250mm/s：BackToStation2
2023-05-09 17:22:29,869 [AppLog] INFO : 手动正向点动指令（8轴运控板卡系统） ====》：输出AXIS{第2轴},点动量{216.5MM},运动速度{250MM/s}
2023-05-09 17:22:29,870 [AppLog] INFO : 当前铺粉车位置：打印位置215mm
2023-05-09 17:22:29,872 [AppLog] INFO : 手动正向点动指令（8轴运控板卡系统） ====》：输出AXIS{第2轴},点动量{480MM},运动速度{70MM/s}
2023-05-09 17:22:29,872 [AppLog] INFO : 开启铺粉车不等停运动至站2，速度0.5rev/s：BackToStation2
2023-05-09 17:22:30,000 [AppLog] INFO : 打开IR灯：OpenIRLamp(true)
2023-05-09 17:22:30,132 [AppLog] INFO : 手动正向点动指令（8轴运控板卡系统） ====》：输出AXIS{第3轴},点动量{0.125MM},运动速度{1MM/s}
2023-05-09 17:22:30,132 [AppLog] INFO : 在{40mm}处，落粉轴运动{45度}，落粉轴转速{1rev/s}：TrapMoveUp(3, true, Convert.ToString(DispenseRollerSpeed), 0.5, true, true)
2023-05-09 17:22:30,133 [AppLog] INFO : 手动正向点动指令（8轴运控板卡系统） ====》：输出AXIS{第3轴},点动量{0.5MM},运动速度{0.105479452054795MM/s}
2023-05-09 17:22:30,133 [AppLog] INFO : 开启均匀落粉及辊子铺平运动：TrapMoveUp(3, true, Convert.ToString(DispenseRollerSpeed), 0.5, true, true)
2023-05-09 17:22:34,207 [AppLog] INFO : 关闭IR灯：OpenIRLamp(false)
2023-05-09 17:22:35,923 [AppLog] INFO : 手动正向点动指令（8轴运控板卡系统） ====》：输出AXIS{第3轴},点动量{0.5MM},运动速度{2MM/s}
2023-05-09 17:22:35,923 [AppLog] INFO : 落粉轴继续转动以倒掉余粉：TrapMoveUp(3, true, 2, 0.5, true, false)
2023-05-09 17:22:36,732 [AppLog] INFO : 电气控制模块：手动打开端口15
2023-05-09 17:22:37,508 [AppLog] INFO : 手动正向点动指令（8轴运控板卡系统） ====》：输出AXIS{第1轴},点动量{-1.5MM},运动速度{2MM/s}
2023-05-09 17:22:37,508 [AppLog] INFO : 电气控制模块：手动关闭端口15
2023-05-09 17:22:37,509 [AppLog] INFO : 成形面高度下降指定厚度 TrapSpace{1.5mm}：TrapMoveUp(1, true, Convert.ToString(vel), Convert.ToString(TrapSpace), true, true）
2023-05-09 17:22:40,298 [AppLog] INFO : 手动正向点动指令（8轴运控板卡系统） ====》：输出AXIS{第2轴},点动量{-696.5MM},运动速度{250MM/s}
2023-05-09 17:22:40,298 [AppLog] INFO : 铺粉车返回至站1：BackToStation2(AimPos, MovSpeed, true)：-1.5mm，速度250mm/s：BackToStation2
2023-05-09 17:22:41,050 [AppLog] INFO : 落粉轴回零成功：motionMap.SetBackSpreaderAxis(3, 0.5, 2, -SinkPosition)：ReturnCode{True}
2023-05-09 17:22:41,050 [AppLog] INFO : 电气控制模块：手动打开端口15
2023-05-09 17:22:41,825 [AppLog] INFO : 手动正向点动指令（8轴运控板卡系统） ====》：输出AXIS{第1轴},点动量{1.5MM},运动速度{2MM/s}
2023-05-09 17:22:41,826 [AppLog] INFO : 电气控制模块：手动关闭端口15
2023-05-09 17:22:41,826 [AppLog] INFO : 成形面高度上升层厚 TrapSpace{1.5mm}：TrapMoveUp(1, true, Convert.ToString(vel), Convert.ToString(TrapSpace), true, true）
2023-05-09 17:22:41,826 [AppLog] INFO : 手动铺粉正常结束：NewAutoSupplyPowderThread
2023-05-09 17:22:41,827 [AppLog] INFO : 发送监控指令，拍照记录1条：SendMessageFromSharedMemory
2023-05-09 17:23:09,144 [AppLog] INFO : 手动停止自动进给铺粉过程：AutoSupplyPowderBtn_Click
2023-05-09 17:23:09,822 [AppLog] INFO : 手动开启自动进给铺粉过程：AutoSupplyPowderBtn_Click
2023-05-09 17:23:10,895 [AppLog] INFO : 手动开启自动进给铺粉过程：AutoSupplyPowderBtn_Click
2023-05-09 17:23:10,896 [AppLog] INFO : 开启手动铺粉逻辑：NewAutoSupplyPowderThread
2023-05-09 17:23:10,897 [AppLog] INFO : 电气控制模块：手动打开端口15
2023-05-09 17:23:10,963 [AppLog] INFO : 手动正向点动指令（8轴运控板卡系统） ====》：输出AXIS{第1轴},点动量{-0.08MM},运动速度{2MM/s}
2023-05-09 17:23:10,963 [AppLog] INFO : 成形面高度下降层厚 TrapSpace{0.08mm}：TrapMoveUp(1, true, Convert.ToString(vel), Convert.ToString(TrapSpace), true, true）
2023-05-09 17:23:11,739 [AppLog] INFO : 手动正向点动指令（8轴运控板卡系统） ====》：输出AXIS{第1轴},点动量{-1.5MM},运动速度{2MM/s}
2023-05-09 17:23:11,739 [AppLog] INFO : 成形面高度下降指定厚度 TrapSpace{1.5mm}：TrapMoveUp(1, true, Convert.ToString(vel), Convert.ToString(TrapSpace), true, true）
2023-05-09 17:23:12,514 [AppLog] INFO : 手动正向点动指令（8轴运控板卡系统） ====》：输出AXIS{第1轴},点动量{1.5MM},运动速度{2MM/s}
2023-05-09 17:23:12,515 [AppLog] INFO : 电气控制模块：手动关闭端口15
2023-05-09 17:23:12,515 [AppLog] INFO : 成形面高度上升层厚 TrapSpace{1.5mm}：TrapMoveUp(1, true, Convert.ToString(vel), Convert.ToString(TrapSpace), true, true）
2023-05-09 17:23:12,763 [AppLog] INFO : 手动正向点动指令（8轴运控板卡系统） ====》：输出AXIS{第8轴},点动量{0.6MM},运动速度{2.5MM/s}
2023-05-09 17:23:12,764 [AppLog] INFO : Hopper落粉轴转2圈落粉，速度0.5rev/s：TrapMoveUp(8, true, 0.5, rotateNuM.ToString(), true, false)
2023-05-09 17:23:13,764 [AppLog] INFO : 开启铺粉车不等停运动至准备打印位置215mm，速度250mm/s：BackToStation2
2023-05-09 17:23:14,633 [AppLog] INFO : 手动正向点动指令（8轴运控板卡系统） ====》：输出AXIS{第2轴},点动量{216.5MM},运动速度{250MM/s}
2023-05-09 17:23:14,633 [AppLog] INFO : 当前铺粉车位置：打印位置215mm
2023-05-09 17:23:14,635 [AppLog] INFO : 手动正向点动指令（8轴运控板卡系统） ====》：输出AXIS{第2轴},点动量{480MM},运动速度{70MM/s}
2023-05-09 17:23:14,635 [AppLog] INFO : 开启铺粉车不等停运动至站2，速度0.5rev/s：BackToStation2
2023-05-09 17:23:14,746 [AppLog] INFO : 打开IR灯：OpenIRLamp(true)
2023-05-09 17:23:14,878 [AppLog] INFO : 手动正向点动指令（8轴运控板卡系统） ====》：输出AXIS{第3轴},点动量{0.125MM},运动速度{1MM/s}
2023-05-09 17:23:14,879 [AppLog] INFO : 在{40mm}处，落粉轴运动{45度}，落粉轴转速{1rev/s}：TrapMoveUp(3, true, Convert.ToString(DispenseRollerSpeed), 0.5, true, true)
2023-05-09 17:23:14,879 [AppLog] INFO : 手动正向点动指令（8轴运控板卡系统） ====》：输出AXIS{第3轴},点动量{0.5MM},运动速度{0.105479452054795MM/s}
2023-05-09 17:23:14,880 [AppLog] INFO : 开启均匀落粉及辊子铺平运动：TrapMoveUp(3, true, Convert.ToString(DispenseRollerSpeed), 0.5, true, true)
2023-05-09 17:23:18,974 [AppLog] INFO : 关闭IR灯：OpenIRLamp(false)
2023-05-09 17:23:20,686 [AppLog] INFO : 手动正向点动指令（8轴运控板卡系统） ====》：输出AXIS{第3轴},点动量{0.5MM},运动速度{2MM/s}
2023-05-09 17:23:20,686 [AppLog] INFO : 落粉轴继续转动以倒掉余粉：TrapMoveUp(3, true, 2, 0.5, true, false)
2023-05-09 17:23:21,494 [AppLog] INFO : 电气控制模块：手动打开端口15
2023-05-09 17:23:22,270 [AppLog] INFO : 手动正向点动指令（8轴运控板卡系统） ====》：输出AXIS{第1轴},点动量{-1.5MM},运动速度{2MM/s}
2023-05-09 17:23:22,270 [AppLog] INFO : 电气控制模块：手动关闭端口15
2023-05-09 17:23:22,270 [AppLog] INFO : 成形面高度下降指定厚度 TrapSpace{1.5mm}：TrapMoveUp(1, true, Convert.ToString(vel), Convert.ToString(TrapSpace), true, true）
2023-05-09 17:23:25,059 [AppLog] INFO : 手动正向点动指令（8轴运控板卡系统） ====》：输出AXIS{第2轴},点动量{-696.5MM},运动速度{250MM/s}
2023-05-09 17:23:25,060 [AppLog] INFO : 铺粉车返回至站1：BackToStation2(AimPos, MovSpeed, true)：-1.5mm，速度250mm/s：BackToStation2
2023-05-09 17:23:25,811 [AppLog] INFO : 落粉轴回零成功：motionMap.SetBackSpreaderAxis(3, 0.5, 2, -SinkPosition)：ReturnCode{True}
2023-05-09 17:23:25,811 [AppLog] INFO : 电气控制模块：手动打开端口15
2023-05-09 17:23:26,586 [AppLog] INFO : 手动正向点动指令（8轴运控板卡系统） ====》：输出AXIS{第1轴},点动量{1.5MM},运动速度{2MM/s}
2023-05-09 17:23:26,587 [AppLog] INFO : 电气控制模块：手动关闭端口15
2023-05-09 17:23:26,587 [AppLog] INFO : 成形面高度上升层厚 TrapSpace{1.5mm}：TrapMoveUp(1, true, Convert.ToString(vel), Convert.ToString(TrapSpace), true, true）
2023-05-09 17:23:26,587 [AppLog] INFO : 手动铺粉正常结束：NewAutoSupplyPowderThread
2023-05-09 17:23:26,588 [AppLog] INFO : 发送监控指令，拍照记录1条：SendMessageFromSharedMemory
2023-05-09 17:23:31,419 [AppLog] INFO : 手动停止自动进给铺粉过程：AutoSupplyPowderBtn_Click
2023-05-09 17:23:32,192 [AppLog] INFO : 手动开启自动进给铺粉过程：AutoSupplyPowderBtn_Click
2023-05-09 17:23:34,224 [AppLog] INFO : 手动开启自动进给铺粉过程：AutoSupplyPowderBtn_Click
2023-05-09 17:23:34,225 [AppLog] INFO : 开启手动铺粉逻辑：NewAutoSupplyPowderThread
2023-05-09 17:23:34,226 [AppLog] INFO : 电气控制模块：手动打开端口15
2023-05-09 17:23:34,292 [AppLog] INFO : 手动正向点动指令（8轴运控板卡系统） ====》：输出AXIS{第1轴},点动量{-0.08MM},运动速度{2MM/s}
2023-05-09 17:23:34,292 [AppLog] INFO : 成形面高度下降层厚 TrapSpace{0.08mm}：TrapMoveUp(1, true, Convert.ToString(vel), Convert.ToString(TrapSpace), true, true）
2023-05-09 17:23:35,068 [AppLog] INFO : 手动正向点动指令（8轴运控板卡系统） ====》：输出AXIS{第1轴},点动量{-1.5MM},运动速度{2MM/s}
2023-05-09 17:23:35,068 [AppLog] INFO : 成形面高度下降指定厚度 TrapSpace{1.5mm}：TrapMoveUp(1, true, Convert.ToString(vel), Convert.ToString(TrapSpace), true, true）
2023-05-09 17:23:35,843 [AppLog] INFO : 手动正向点动指令（8轴运控板卡系统） ====》：输出AXIS{第1轴},点动量{1.5MM},运动速度{2MM/s}
2023-05-09 17:23:35,844 [AppLog] INFO : 电气控制模块：手动关闭端口15
2023-05-09 17:23:35,844 [AppLog] INFO : 成形面高度上升层厚 TrapSpace{1.5mm}：TrapMoveUp(1, true, Convert.ToString(vel), Convert.ToString(TrapSpace), true, true）
2023-05-09 17:23:36,092 [AppLog] INFO : 手动正向点动指令（8轴运控板卡系统） ====》：输出AXIS{第8轴},点动量{0.6MM},运动速度{2.5MM/s}
2023-05-09 17:23:36,093 [AppLog] INFO : Hopper落粉轴转2圈落粉，速度0.5rev/s：TrapMoveUp(8, true, 0.5, rotateNuM.ToString(), true, false)
2023-05-09 17:23:37,093 [AppLog] INFO : 开启铺粉车不等停运动至准备打印位置215mm，速度250mm/s：BackToStation2
2023-05-09 17:23:37,961 [AppLog] INFO : 手动正向点动指令（8轴运控板卡系统） ====》：输出AXIS{第2轴},点动量{216.5MM},运动速度{250MM/s}
2023-05-09 17:23:37,962 [AppLog] INFO : 当前铺粉车位置：打印位置215mm
2023-05-09 17:23:37,963 [AppLog] INFO : 手动正向点动指令（8轴运控板卡系统） ====》：输出AXIS{第2轴},点动量{480MM},运动速度{70MM/s}
2023-05-09 17:23:37,964 [AppLog] INFO : 开启铺粉车不等停运动至站2，速度0.5rev/s：BackToStation2
2023-05-09 17:23:38,089 [AppLog] INFO : 打开IR灯：OpenIRLamp(true)
2023-05-09 17:23:38,222 [AppLog] INFO : 手动正向点动指令（8轴运控板卡系统） ====》：输出AXIS{第3轴},点动量{0.125MM},运动速度{1MM/s}
2023-05-09 17:23:38,222 [AppLog] INFO : 在{40mm}处，落粉轴运动{45度}，落粉轴转速{1rev/s}：TrapMoveUp(3, true, Convert.ToString(DispenseRollerSpeed), 0.5, true, true)
2023-05-09 17:23:38,223 [AppLog] INFO : 手动正向点动指令（8轴运控板卡系统） ====》：输出AXIS{第3轴},点动量{0.5MM},运动速度{0.105479452054795MM/s}
2023-05-09 17:23:38,223 [AppLog] INFO : 开启均匀落粉及辊子铺平运动：TrapMoveUp(3, true, Convert.ToString(DispenseRollerSpeed), 0.5, true, true)
2023-05-09 17:23:42,297 [AppLog] INFO : 关闭IR灯：OpenIRLamp(false)
2023-05-09 17:23:44,014 [AppLog] INFO : 手动正向点动指令（8轴运控板卡系统） ====》：输出AXIS{第3轴},点动量{0.5MM},运动速度{2MM/s}
2023-05-09 17:23:44,014 [AppLog] INFO : 落粉轴继续转动以倒掉余粉：TrapMoveUp(3, true, 2, 0.5, true, false)
2023-05-09 17:23:44,823 [AppLog] INFO : 电气控制模块：手动打开端口15
2023-05-09 17:23:45,600 [AppLog] INFO : 手动正向点动指令（8轴运控板卡系统） ====》：输出AXIS{第1轴},点动量{-1.5MM},运动速度{2MM/s}
2023-05-09 17:23:45,600 [AppLog] INFO : 电气控制模块：手动关闭端口15
2023-05-09 17:23:45,600 [AppLog] INFO : 成形面高度下降指定厚度 TrapSpace{1.5mm}：TrapMoveUp(1, true, Convert.ToString(vel), Convert.ToString(TrapSpace), true, true）
2023-05-09 17:23:48,389 [AppLog] INFO : 手动正向点动指令（8轴运控板卡系统） ====》：输出AXIS{第2轴},点动量{-696.5MM},运动速度{250MM/s}
2023-05-09 17:23:48,390 [AppLog] INFO : 铺粉车返回至站1：BackToStation2(AimPos, MovSpeed, true)：-1.5mm，速度250mm/s：BackToStation2
2023-05-09 17:23:49,141 [AppLog] INFO : 落粉轴回零成功：motionMap.SetBackSpreaderAxis(3, 0.5, 2, -SinkPosition)：ReturnCode{True}
2023-05-09 17:23:49,141 [AppLog] INFO : 电气控制模块：手动打开端口15
2023-05-09 17:23:49,917 [AppLog] INFO : 手动正向点动指令（8轴运控板卡系统） ====》：输出AXIS{第1轴},点动量{1.5MM},运动速度{2MM/s}
2023-05-09 17:23:49,917 [AppLog] INFO : 电气控制模块：手动关闭端口15
2023-05-09 17:23:49,917 [AppLog] INFO : 成形面高度上升层厚 TrapSpace{1.5mm}：TrapMoveUp(1, true, Convert.ToString(vel), Convert.ToString(TrapSpace), true, true）
2023-05-09 17:23:49,917 [AppLog] INFO : 手动铺粉正常结束：NewAutoSupplyPowderThread
2023-05-09 17:23:49,918 [AppLog] INFO : 发送监控指令，拍照记录1条：SendMessageFromSharedMemory
2023-05-09 17:24:10,365 [AppLog] INFO : 手动停止自动进给铺粉过程：AutoSupplyPowderBtn_Click
2023-05-09 17:24:11,068 [AppLog] INFO : 手动开启自动进给铺粉过程：AutoSupplyPowderBtn_Click
2023-05-09 17:24:11,871 [AppLog] INFO : 手动开启自动进给铺粉过程：AutoSupplyPowderBtn_Click
2023-05-09 17:24:11,872 [AppLog] INFO : 开启手动铺粉逻辑：NewAutoSupplyPowderThread
2023-05-09 17:24:11,873 [AppLog] INFO : 电气控制模块：手动打开端口15
2023-05-09 17:24:11,939 [AppLog] INFO : 手动正向点动指令（8轴运控板卡系统） ====》：输出AXIS{第1轴},点动量{-0.08MM},运动速度{2MM/s}
2023-05-09 17:24:11,939 [AppLog] INFO : 成形面高度下降层厚 TrapSpace{0.08mm}：TrapMoveUp(1, true, Convert.ToString(vel), Convert.ToString(TrapSpace), true, true）
2023-05-09 17:24:12,715 [AppLog] INFO : 手动正向点动指令（8轴运控板卡系统） ====》：输出AXIS{第1轴},点动量{-1.5MM},运动速度{2MM/s}
2023-05-09 17:24:12,715 [AppLog] INFO : 成形面高度下降指定厚度 TrapSpace{1.5mm}：TrapMoveUp(1, true, Convert.ToString(vel), Convert.ToString(TrapSpace), true, true）
2023-05-09 17:24:13,491 [AppLog] INFO : 手动正向点动指令（8轴运控板卡系统） ====》：输出AXIS{第1轴},点动量{1.5MM},运动速度{2MM/s}
2023-05-09 17:24:13,491 [AppLog] INFO : 电气控制模块：手动关闭端口15
2023-05-09 17:24:13,491 [AppLog] INFO : 成形面高度上升层厚 TrapSpace{1.5mm}：TrapMoveUp(1, true, Convert.ToString(vel), Convert.ToString(TrapSpace), true, true）
2023-05-09 17:24:13,740 [AppLog] INFO : 手动正向点动指令（8轴运控板卡系统） ====》：输出AXIS{第8轴},点动量{0.6MM},运动速度{2.5MM/s}
2023-05-09 17:24:13,740 [AppLog] INFO : Hopper落粉轴转2圈落粉，速度0.5rev/s：TrapMoveUp(8, true, 0.5, rotateNuM.ToString(), true, false)
2023-05-09 17:24:14,741 [AppLog] INFO : 开启铺粉车不等停运动至准备打印位置215mm，速度250mm/s：BackToStation2
2023-05-09 17:24:15,610 [AppLog] INFO : 手动正向点动指令（8轴运控板卡系统） ====》：输出AXIS{第2轴},点动量{216.5MM},运动速度{250MM/s}
2023-05-09 17:24:15,610 [AppLog] INFO : 当前铺粉车位置：打印位置215mm
2023-05-09 17:24:15,612 [AppLog] INFO : 手动正向点动指令（8轴运控板卡系统） ====》：输出AXIS{第2轴},点动量{480MM},运动速度{70MM/s}
2023-05-09 17:24:15,612 [AppLog] INFO : 开启铺粉车不等停运动至站2，速度0.5rev/s：BackToStation2
2023-05-09 17:24:15,720 [AppLog] INFO : 打开IR灯：OpenIRLamp(true)
2023-05-09 17:24:15,852 [AppLog] INFO : 手动正向点动指令（8轴运控板卡系统） ====》：输出AXIS{第3轴},点动量{0.125MM},运动速度{1MM/s}
2023-05-09 17:24:15,852 [AppLog] INFO : 在{40mm}处，落粉轴运动{45度}，落粉轴转速{1rev/s}：TrapMoveUp(3, true, Convert.ToString(DispenseRollerSpeed), 0.5, true, true)
2023-05-09 17:24:15,853 [AppLog] INFO : 手动正向点动指令（8轴运控板卡系统） ====》：输出AXIS{第3轴},点动量{0.5MM},运动速度{0.105479452054795MM/s}
2023-05-09 17:24:15,854 [AppLog] INFO : 开启均匀落粉及辊子铺平运动：TrapMoveUp(3, true, Convert.ToString(DispenseRollerSpeed), 0.5, true, true)
2023-05-09 17:24:19,947 [AppLog] INFO : 关闭IR灯：OpenIRLamp(false)
2023-05-09 17:24:21,663 [AppLog] INFO : 手动正向点动指令（8轴运控板卡系统） ====》：输出AXIS{第3轴},点动量{0.5MM},运动速度{2MM/s}
2023-05-09 17:24:21,663 [AppLog] INFO : 落粉轴继续转动以倒掉余粉：TrapMoveUp(3, true, 2, 0.5, true, false)
2023-05-09 17:24:22,472 [AppLog] INFO : 电气控制模块：手动打开端口15
2023-05-09 17:24:23,248 [AppLog] INFO : 手动正向点动指令（8轴运控板卡系统） ====》：输出AXIS{第1轴},点动量{-1.5MM},运动速度{2MM/s}
2023-05-09 17:24:23,248 [AppLog] INFO : 电气控制模块：手动关闭端口15
2023-05-09 17:24:23,248 [AppLog] INFO : 成形面高度下降指定厚度 TrapSpace{1.5mm}：TrapMoveUp(1, true, Convert.ToString(vel), Convert.ToString(TrapSpace), true, true）
2023-05-09 17:24:26,037 [AppLog] INFO : 手动正向点动指令（8轴运控板卡系统） ====》：输出AXIS{第2轴},点动量{-696.5MM},运动速度{250MM/s}
2023-05-09 17:24:26,038 [AppLog] INFO : 铺粉车返回至站1：BackToStation2(AimPos, MovSpeed, true)：-1.5mm，速度250mm/s：BackToStation2
2023-05-09 17:24:26,789 [AppLog] INFO : 落粉轴回零成功：motionMap.SetBackSpreaderAxis(3, 0.5, 2, -SinkPosition)：ReturnCode{True}
2023-05-09 17:24:26,789 [AppLog] INFO : 电气控制模块：手动打开端口15
2023-05-09 17:24:27,565 [AppLog] INFO : 手动正向点动指令（8轴运控板卡系统） ====》：输出AXIS{第1轴},点动量{1.5MM},运动速度{2MM/s}
2023-05-09 17:24:27,565 [AppLog] INFO : 电气控制模块：手动关闭端口15
2023-05-09 17:24:27,565 [AppLog] INFO : 成形面高度上升层厚 TrapSpace{1.5mm}：TrapMoveUp(1, true, Convert.ToString(vel), Convert.ToString(TrapSpace), true, true）
2023-05-09 17:24:27,566 [AppLog] INFO : 手动铺粉正常结束：NewAutoSupplyPowderThread
2023-05-09 17:24:27,566 [AppLog] INFO : 发送监控指令，拍照记录1条：SendMessageFromSharedMemory
2023-05-09 17:24:32,874 [AppLog] INFO : 手动停止自动进给铺粉过程：AutoSupplyPowderBtn_Click
2023-05-09 17:24:33,519 [AppLog] INFO : 手动开启自动进给铺粉过程：AutoSupplyPowderBtn_Click
2023-05-09 17:24:34,238 [AppLog] INFO : 手动开启自动进给铺粉过程：AutoSupplyPowderBtn_Click
2023-05-09 17:24:34,239 [AppLog] INFO : 开启手动铺粉逻辑：NewAutoSupplyPowderThread
2023-05-09 17:24:34,240 [AppLog] INFO : 电气控制模块：手动打开端口15
2023-05-09 17:24:34,305 [AppLog] INFO : 手动正向点动指令（8轴运控板卡系统） ====》：输出AXIS{第1轴},点动量{-0.08MM},运动速度{2MM/s}
2023-05-09 17:24:34,305 [AppLog] INFO : 成形面高度下降层厚 TrapSpace{0.08mm}：TrapMoveUp(1, true, Convert.ToString(vel), Convert.ToString(TrapSpace), true, true）
2023-05-09 17:24:35,081 [AppLog] INFO : 手动正向点动指令（8轴运控板卡系统） ====》：输出AXIS{第1轴},点动量{-1.5MM},运动速度{2MM/s}
2023-05-09 17:24:35,081 [AppLog] INFO : 成形面高度下降指定厚度 TrapSpace{1.5mm}：TrapMoveUp(1, true, Convert.ToString(vel), Convert.ToString(TrapSpace), true, true）
2023-05-09 17:24:35,857 [AppLog] INFO : 手动正向点动指令（8轴运控板卡系统） ====》：输出AXIS{第1轴},点动量{1.5MM},运动速度{2MM/s}
2023-05-09 17:24:35,857 [AppLog] INFO : 电气控制模块：手动关闭端口15
2023-05-09 17:24:35,857 [AppLog] INFO : 成形面高度上升层厚 TrapSpace{1.5mm}：TrapMoveUp(1, true, Convert.ToString(vel), Convert.ToString(TrapSpace), true, true）
2023-05-09 17:24:36,106 [AppLog] INFO : 手动正向点动指令（8轴运控板卡系统） ====》：输出AXIS{第8轴},点动量{0.6MM},运动速度{2.5MM/s}
2023-05-09 17:24:36,106 [AppLog] INFO : Hopper落粉轴转2圈落粉，速度0.5rev/s：TrapMoveUp(8, true, 0.5, rotateNuM.ToString(), true, false)
2023-05-09 17:24:37,106 [AppLog] INFO : 开启铺粉车不等停运动至准备打印位置215mm，速度250mm/s：BackToStation2
2023-05-09 17:24:37,976 [AppLog] INFO : 手动正向点动指令（8轴运控板卡系统） ====》：输出AXIS{第2轴},点动量{216.5MM},运动速度{250MM/s}
2023-05-09 17:24:37,976 [AppLog] INFO : 当前铺粉车位置：打印位置215mm
2023-05-09 17:24:37,978 [AppLog] INFO : 手动正向点动指令（8轴运控板卡系统） ====》：输出AXIS{第2轴},点动量{480MM},运动速度{70MM/s}
2023-05-09 17:24:37,978 [AppLog] INFO : 开启铺粉车不等停运动至站2，速度0.5rev/s：BackToStation2
2023-05-09 17:24:38,104 [AppLog] INFO : 打开IR灯：OpenIRLamp(true)
2023-05-09 17:24:38,236 [AppLog] INFO : 手动正向点动指令（8轴运控板卡系统） ====》：输出AXIS{第3轴},点动量{0.125MM},运动速度{1MM/s}
2023-05-09 17:24:38,237 [AppLog] INFO : 在{40mm}处，落粉轴运动{45度}，落粉轴转速{1rev/s}：TrapMoveUp(3, true, Convert.ToString(DispenseRollerSpeed), 0.5, true, true)
2023-05-09 17:24:38,238 [AppLog] INFO : 手动正向点动指令（8轴运控板卡系统） ====》：输出AXIS{第3轴},点动量{0.5MM},运动速度{0.105479452054795MM/s}
2023-05-09 17:24:38,238 [AppLog] INFO : 开启均匀落粉及辊子铺平运动：TrapMoveUp(3, true, Convert.ToString(DispenseRollerSpeed), 0.5, true, true)
2023-05-09 17:24:42,311 [AppLog] INFO : 关闭IR灯：OpenIRLamp(false)
2023-05-09 17:24:44,028 [AppLog] INFO : 手动正向点动指令（8轴运控板卡系统） ====》：输出AXIS{第3轴},点动量{0.5MM},运动速度{2MM/s}
2023-05-09 17:24:44,028 [AppLog] INFO : 落粉轴继续转动以倒掉余粉：TrapMoveUp(3, true, 2, 0.5, true, false)
2023-05-09 17:24:44,837 [AppLog] INFO : 电气控制模块：手动打开端口15
2023-05-09 17:24:45,613 [AppLog] INFO : 手动正向点动指令（8轴运控板卡系统） ====》：输出AXIS{第1轴},点动量{-1.5MM},运动速度{2MM/s}
2023-05-09 17:24:45,613 [AppLog] INFO : 电气控制模块：手动关闭端口15
2023-05-09 17:24:45,613 [AppLog] INFO : 成形面高度下降指定厚度 TrapSpace{1.5mm}：TrapMoveUp(1, true, Convert.ToString(vel), Convert.ToString(TrapSpace), true, true）
2023-05-09 17:24:48,402 [AppLog] INFO : 手动正向点动指令（8轴运控板卡系统） ====》：输出AXIS{第2轴},点动量{-696.5MM},运动速度{250MM/s}
2023-05-09 17:24:48,403 [AppLog] INFO : 铺粉车返回至站1：BackToStation2(AimPos, MovSpeed, true)：-1.5mm，速度250mm/s：BackToStation2
2023-05-09 17:24:49,154 [AppLog] INFO : 落粉轴回零成功：motionMap.SetBackSpreaderAxis(3, 0.5, 2, -SinkPosition)：ReturnCode{True}
2023-05-09 17:24:49,154 [AppLog] INFO : 电气控制模块：手动打开端口15
2023-05-09 17:24:49,930 [AppLog] INFO : 手动正向点动指令（8轴运控板卡系统） ====》：输出AXIS{第1轴},点动量{1.5MM},运动速度{2MM/s}
2023-05-09 17:24:49,930 [AppLog] INFO : 电气控制模块：手动关闭端口15
2023-05-09 17:24:49,930 [AppLog] INFO : 成形面高度上升层厚 TrapSpace{1.5mm}：TrapMoveUp(1, true, Convert.ToString(vel), Convert.ToString(TrapSpace), true, true）
2023-05-09 17:24:49,930 [AppLog] INFO : 手动铺粉正常结束：NewAutoSupplyPowderThread
2023-05-09 17:24:49,931 [AppLog] INFO : 发送监控指令，拍照记录1条：SendMessageFromSharedMemory
2023-05-09 17:25:02,913 [AppLog] INFO : 手动停止自动进给铺粉过程：AutoSupplyPowderBtn_Click
2023-05-09 17:25:03,389 [AppLog] INFO : 手动开启自动进给铺粉过程：AutoSupplyPowderBtn_Click
2023-05-09 17:25:03,832 [AppLog] INFO : 手动开启自动进给铺粉过程：AutoSupplyPowderBtn_Click
2023-05-09 17:25:03,833 [AppLog] INFO : 开启手动铺粉逻辑：NewAutoSupplyPowderThread
2023-05-09 17:25:03,834 [AppLog] INFO : 电气控制模块：手动打开端口15
2023-05-09 17:25:03,900 [AppLog] INFO : 手动正向点动指令（8轴运控板卡系统） ====》：输出AXIS{第1轴},点动量{-0.08MM},运动速度{2MM/s}
2023-05-09 17:25:03,901 [AppLog] INFO : 成形面高度下降层厚 TrapSpace{0.08mm}：TrapMoveUp(1, true, Convert.ToString(vel), Convert.ToString(TrapSpace), true, true）
2023-05-09 17:25:04,676 [AppLog] INFO : 手动正向点动指令（8轴运控板卡系统） ====》：输出AXIS{第1轴},点动量{-1.5MM},运动速度{2MM/s}
2023-05-09 17:25:04,676 [AppLog] INFO : 成形面高度下降指定厚度 TrapSpace{1.5mm}：TrapMoveUp(1, true, Convert.ToString(vel), Convert.ToString(TrapSpace), true, true）
2023-05-09 17:25:05,452 [AppLog] INFO : 手动正向点动指令（8轴运控板卡系统） ====》：输出AXIS{第1轴},点动量{1.5MM},运动速度{2MM/s}
2023-05-09 17:25:05,452 [AppLog] INFO : 电气控制模块：手动关闭端口15
2023-05-09 17:25:05,453 [AppLog] INFO : 成形面高度上升层厚 TrapSpace{1.5mm}：TrapMoveUp(1, true, Convert.ToString(vel), Convert.ToString(TrapSpace), true, true）
2023-05-09 17:25:05,701 [AppLog] INFO : 手动正向点动指令（8轴运控板卡系统） ====》：输出AXIS{第8轴},点动量{0.6MM},运动速度{2.5MM/s}
2023-05-09 17:25:05,702 [AppLog] INFO : Hopper落粉轴转2圈落粉，速度0.5rev/s：TrapMoveUp(8, true, 0.5, rotateNuM.ToString(), true, false)
2023-05-09 17:25:06,702 [AppLog] INFO : 开启铺粉车不等停运动至准备打印位置215mm，速度250mm/s：BackToStation2
2023-05-09 17:25:07,571 [AppLog] INFO : 手动正向点动指令（8轴运控板卡系统） ====》：输出AXIS{第2轴},点动量{216.5MM},运动速度{250MM/s}
2023-05-09 17:25:07,571 [AppLog] INFO : 当前铺粉车位置：打印位置215mm
2023-05-09 17:25:07,573 [AppLog] INFO : 手动正向点动指令（8轴运控板卡系统） ====》：输出AXIS{第2轴},点动量{480MM},运动速度{70MM/s}
2023-05-09 17:25:07,573 [AppLog] INFO : 开启铺粉车不等停运动至站2，速度0.5rev/s：BackToStation2
2023-05-09 17:25:07,697 [AppLog] INFO : 打开IR灯：OpenIRLamp(true)
2023-05-09 17:25:07,830 [AppLog] INFO : 手动正向点动指令（8轴运控板卡系统） ====》：输出AXIS{第3轴},点动量{0.125MM},运动速度{1MM/s}
2023-05-09 17:25:07,830 [AppLog] INFO : 在{40mm}处，落粉轴运动{45度}，落粉轴转速{1rev/s}：TrapMoveUp(3, true, Convert.ToString(DispenseRollerSpeed), 0.5, true, true)
2023-05-09 17:25:07,831 [AppLog] INFO : 手动正向点动指令（8轴运控板卡系统） ====》：输出AXIS{第3轴},点动量{0.5MM},运动速度{0.105479452054795MM/s}
2023-05-09 17:25:07,831 [AppLog] INFO : 开启均匀落粉及辊子铺平运动：TrapMoveUp(3, true, Convert.ToString(DispenseRollerSpeed), 0.5, true, true)
2023-05-09 17:25:11,925 [AppLog] INFO : 关闭IR灯：OpenIRLamp(false)
2023-05-09 17:25:13,624 [AppLog] INFO : 手动正向点动指令（8轴运控板卡系统） ====》：输出AXIS{第3轴},点动量{0.5MM},运动速度{2MM/s}
2023-05-09 17:25:13,624 [AppLog] INFO : 落粉轴继续转动以倒掉余粉：TrapMoveUp(3, true, 2, 0.5, true, false)
2023-05-09 17:25:14,434 [AppLog] INFO : 电气控制模块：手动打开端口15
2023-05-09 17:25:15,209 [AppLog] INFO : 手动正向点动指令（8轴运控板卡系统） ====》：输出AXIS{第1轴},点动量{-1.5MM},运动速度{2MM/s}
2023-05-09 17:25:15,210 [AppLog] INFO : 电气控制模块：手动关闭端口15
2023-05-09 17:25:15,210 [AppLog] INFO : 成形面高度下降指定厚度 TrapSpace{1.5mm}：TrapMoveUp(1, true, Convert.ToString(vel), Convert.ToString(TrapSpace), true, true）
2023-05-09 17:25:17,999 [AppLog] INFO : 手动正向点动指令（8轴运控板卡系统） ====》：输出AXIS{第2轴},点动量{-696.5MM},运动速度{250MM/s}
2023-05-09 17:25:17,999 [AppLog] INFO : 铺粉车返回至站1：BackToStation2(AimPos, MovSpeed, true)：-1.5mm，速度250mm/s：BackToStation2
2023-05-09 17:25:18,751 [AppLog] INFO : 落粉轴回零成功：motionMap.SetBackSpreaderAxis(3, 0.5, 2, -SinkPosition)：ReturnCode{True}
2023-05-09 17:25:18,751 [AppLog] INFO : 电气控制模块：手动打开端口15
2023-05-09 17:25:19,527 [AppLog] INFO : 手动正向点动指令（8轴运控板卡系统） ====》：输出AXIS{第1轴},点动量{1.5MM},运动速度{2MM/s}
2023-05-09 17:25:19,527 [AppLog] INFO : 电气控制模块：手动关闭端口15
2023-05-09 17:25:19,527 [AppLog] INFO : 成形面高度上升层厚 TrapSpace{1.5mm}：TrapMoveUp(1, true, Convert.ToString(vel), Convert.ToString(TrapSpace), true, true）
2023-05-09 17:25:19,527 [AppLog] INFO : 手动铺粉正常结束：NewAutoSupplyPowderThread
2023-05-09 17:25:19,528 [AppLog] INFO : 发送监控指令，拍照记录1条：SendMessageFromSharedMemory
2023-05-09 17:25:39,542 [AppLog] INFO : 手动停止自动进给铺粉过程：AutoSupplyPowderBtn_Click
2023-05-09 17:25:40,129 [AppLog] INFO : 手动开启自动进给铺粉过程：AutoSupplyPowderBtn_Click
2023-05-09 17:25:40,557 [AppLog] INFO : 手动开启自动进给铺粉过程：AutoSupplyPowderBtn_Click
2023-05-09 17:25:40,557 [AppLog] INFO : 开启手动铺粉逻辑：NewAutoSupplyPowderThread
2023-05-09 17:25:40,558 [AppLog] INFO : 电气控制模块：手动打开端口15
2023-05-09 17:25:40,624 [AppLog] INFO : 手动正向点动指令（8轴运控板卡系统） ====》：输出AXIS{第1轴},点动量{-0.08MM},运动速度{2MM/s}
2023-05-09 17:25:40,624 [AppLog] INFO : 成形面高度下降层厚 TrapSpace{0.08mm}：TrapMoveUp(1, true, Convert.ToString(vel), Convert.ToString(TrapSpace), true, true）
2023-05-09 17:25:41,400 [AppLog] INFO : 手动正向点动指令（8轴运控板卡系统） ====》：输出AXIS{第1轴},点动量{-1.5MM},运动速度{2MM/s}
2023-05-09 17:25:41,400 [AppLog] INFO : 成形面高度下降指定厚度 TrapSpace{1.5mm}：TrapMoveUp(1, true, Convert.ToString(vel), Convert.ToString(TrapSpace), true, true）
2023-05-09 17:25:42,175 [AppLog] INFO : 手动正向点动指令（8轴运控板卡系统） ====》：输出AXIS{第1轴},点动量{1.5MM},运动速度{2MM/s}
2023-05-09 17:25:42,176 [AppLog] INFO : 电气控制模块：手动关闭端口15
2023-05-09 17:25:42,176 [AppLog] INFO : 成形面高度上升层厚 TrapSpace{1.5mm}：TrapMoveUp(1, true, Convert.ToString(vel), Convert.ToString(TrapSpace), true, true）
2023-05-09 17:25:42,425 [AppLog] INFO : 手动正向点动指令（8轴运控板卡系统） ====》：输出AXIS{第8轴},点动量{0.6MM},运动速度{2.5MM/s}
2023-05-09 17:25:42,425 [AppLog] INFO : Hopper落粉轴转2圈落粉，速度0.5rev/s：TrapMoveUp(8, true, 0.5, rotateNuM.ToString(), true, false)
2023-05-09 17:25:43,425 [AppLog] INFO : 开启铺粉车不等停运动至准备打印位置215mm，速度250mm/s：BackToStation2
2023-05-09 17:25:44,294 [AppLog] INFO : 手动正向点动指令（8轴运控板卡系统） ====》：输出AXIS{第2轴},点动量{216.5MM},运动速度{250MM/s}
2023-05-09 17:25:44,294 [AppLog] INFO : 当前铺粉车位置：打印位置215mm
2023-05-09 17:25:44,296 [AppLog] INFO : 手动正向点动指令（8轴运控板卡系统） ====》：输出AXIS{第2轴},点动量{480MM},运动速度{70MM/s}
2023-05-09 17:25:44,296 [AppLog] INFO : 开启铺粉车不等停运动至站2，速度0.5rev/s：BackToStation2
2023-05-09 17:25:44,405 [AppLog] INFO : 打开IR灯：OpenIRLamp(true)
2023-05-09 17:25:44,537 [AppLog] INFO : 手动正向点动指令（8轴运控板卡系统） ====》：输出AXIS{第3轴},点动量{0.125MM},运动速度{1MM/s}
2023-05-09 17:25:44,537 [AppLog] INFO : 在{40mm}处，落粉轴运动{45度}，落粉轴转速{1rev/s}：TrapMoveUp(3, true, Convert.ToString(DispenseRollerSpeed), 0.5, true, true)
2023-05-09 17:25:44,538 [AppLog] INFO : 手动正向点动指令（8轴运控板卡系统） ====》：输出AXIS{第3轴},点动量{0.5MM},运动速度{0.105479452054795MM/s}
2023-05-09 17:25:44,538 [AppLog] INFO : 开启均匀落粉及辊子铺平运动：TrapMoveUp(3, true, Convert.ToString(DispenseRollerSpeed), 0.5, true, true)
2023-05-09 17:25:48,633 [AppLog] INFO : 关闭IR灯：OpenIRLamp(false)
2023-05-09 17:25:50,347 [AppLog] INFO : 手动正向点动指令（8轴运控板卡系统） ====》：输出AXIS{第3轴},点动量{0.5MM},运动速度{2MM/s}
2023-05-09 17:25:50,347 [AppLog] INFO : 落粉轴继续转动以倒掉余粉：TrapMoveUp(3, true, 2, 0.5, true, false)
2023-05-09 17:25:51,156 [AppLog] INFO : 电气控制模块：手动打开端口15
2023-05-09 17:25:51,932 [AppLog] INFO : 手动正向点动指令（8轴运控板卡系统） ====》：输出AXIS{第1轴},点动量{-1.5MM},运动速度{2MM/s}
2023-05-09 17:25:51,932 [AppLog] INFO : 电气控制模块：手动关闭端口15
2023-05-09 17:25:51,933 [AppLog] INFO : 成形面高度下降指定厚度 TrapSpace{1.5mm}：TrapMoveUp(1, true, Convert.ToString(vel), Convert.ToString(TrapSpace), true, true）
2023-05-09 17:25:54,722 [AppLog] INFO : 手动正向点动指令（8轴运控板卡系统） ====》：输出AXIS{第2轴},点动量{-696.5MM},运动速度{250MM/s}
2023-05-09 17:25:54,723 [AppLog] INFO : 铺粉车返回至站1：BackToStation2(AimPos, MovSpeed, true)：-1.5mm，速度250mm/s：BackToStation2
2023-05-09 17:25:55,474 [AppLog] INFO : 落粉轴回零成功：motionMap.SetBackSpreaderAxis(3, 0.5, 2, -SinkPosition)：ReturnCode{True}
2023-05-09 17:25:55,474 [AppLog] INFO : 电气控制模块：手动打开端口15
2023-05-09 17:25:56,250 [AppLog] INFO : 手动正向点动指令（8轴运控板卡系统） ====》：输出AXIS{第1轴},点动量{1.5MM},运动速度{2MM/s}
2023-05-09 17:25:56,250 [AppLog] INFO : 电气控制模块：手动关闭端口15
2023-05-09 17:25:56,250 [AppLog] INFO : 成形面高度上升层厚 TrapSpace{1.5mm}：TrapMoveUp(1, true, Convert.ToString(vel), Convert.ToString(TrapSpace), true, true）
2023-05-09 17:25:56,250 [AppLog] INFO : 手动铺粉正常结束：NewAutoSupplyPowderThread
2023-05-09 17:25:56,251 [AppLog] INFO : 发送监控指令，拍照记录1条：SendMessageFromSharedMemory
2023-05-09 17:26:28,860 [AppLog] INFO : 手动停止自动进给铺粉过程：AutoSupplyPowderBtn_Click
2023-05-09 17:26:29,329 [AppLog] INFO : 手动开启自动进给铺粉过程：AutoSupplyPowderBtn_Click
2023-05-09 17:26:29,787 [AppLog] INFO : 手动开启自动进给铺粉过程：AutoSupplyPowderBtn_Click
2023-05-09 17:26:29,787 [AppLog] INFO : 开启手动铺粉逻辑：NewAutoSupplyPowderThread
2023-05-09 17:26:29,788 [AppLog] INFO : 电气控制模块：手动打开端口15
2023-05-09 17:26:29,854 [AppLog] INFO : 手动正向点动指令（8轴运控板卡系统） ====》：输出AXIS{第1轴},点动量{-0.08MM},运动速度{2MM/s}
2023-05-09 17:26:29,854 [AppLog] INFO : 成形面高度下降层厚 TrapSpace{0.08mm}：TrapMoveUp(1, true, Convert.ToString(vel), Convert.ToString(TrapSpace), true, true）
2023-05-09 17:26:30,629 [AppLog] INFO : 手动正向点动指令（8轴运控板卡系统） ====》：输出AXIS{第1轴},点动量{-1.5MM},运动速度{2MM/s}
2023-05-09 17:26:30,630 [AppLog] INFO : 成形面高度下降指定厚度 TrapSpace{1.5mm}：TrapMoveUp(1, true, Convert.ToString(vel), Convert.ToString(TrapSpace), true, true）
2023-05-09 17:26:31,405 [AppLog] INFO : 手动正向点动指令（8轴运控板卡系统） ====》：输出AXIS{第1轴},点动量{1.5MM},运动速度{2MM/s}
2023-05-09 17:26:31,406 [AppLog] INFO : 电气控制模块：手动关闭端口15
2023-05-09 17:26:31,406 [AppLog] INFO : 成形面高度上升层厚 TrapSpace{1.5mm}：TrapMoveUp(1, true, Convert.ToString(vel), Convert.ToString(TrapSpace), true, true）
2023-05-09 17:26:31,654 [AppLog] INFO : 手动正向点动指令（8轴运控板卡系统） ====》：输出AXIS{第8轴},点动量{0.6MM},运动速度{2.5MM/s}
2023-05-09 17:26:31,655 [AppLog] INFO : Hopper落粉轴转2圈落粉，速度0.5rev/s：TrapMoveUp(8, true, 0.5, rotateNuM.ToString(), true, false)
2023-05-09 17:26:32,655 [AppLog] INFO : 开启铺粉车不等停运动至准备打印位置215mm，速度250mm/s：BackToStation2
2023-05-09 17:26:33,523 [AppLog] INFO : 手动正向点动指令（8轴运控板卡系统） ====》：输出AXIS{第2轴},点动量{216.5MM},运动速度{250MM/s}
2023-05-09 17:26:33,524 [AppLog] INFO : 当前铺粉车位置：打印位置215mm
2023-05-09 17:26:33,525 [AppLog] INFO : 手动正向点动指令（8轴运控板卡系统） ====》：输出AXIS{第2轴},点动量{480MM},运动速度{70MM/s}
2023-05-09 17:26:33,526 [AppLog] INFO : 开启铺粉车不等停运动至站2，速度0.5rev/s：BackToStation2
2023-05-09 17:26:33,639 [AppLog] INFO : 打开IR灯：OpenIRLamp(true)
2023-05-09 17:26:33,771 [AppLog] INFO : 手动正向点动指令（8轴运控板卡系统） ====》：输出AXIS{第3轴},点动量{0.125MM},运动速度{1MM/s}
2023-05-09 17:26:33,772 [AppLog] INFO : 在{40mm}处，落粉轴运动{45度}，落粉轴转速{1rev/s}：TrapMoveUp(3, true, Convert.ToString(DispenseRollerSpeed), 0.5, true, true)
2023-05-09 17:26:33,772 [AppLog] INFO : 手动正向点动指令（8轴运控板卡系统） ====》：输出AXIS{第3轴},点动量{0.5MM},运动速度{0.105479452054795MM/s}
2023-05-09 17:26:33,773 [AppLog] INFO : 开启均匀落粉及辊子铺平运动：TrapMoveUp(3, true, Convert.ToString(DispenseRollerSpeed), 0.5, true, true)
2023-05-09 17:26:37,887 [AppLog] INFO : 关闭IR灯：OpenIRLamp(false)
2023-05-09 17:26:39,576 [AppLog] INFO : 手动正向点动指令（8轴运控板卡系统） ====》：输出AXIS{第3轴},点动量{0.5MM},运动速度{2MM/s}
2023-05-09 17:26:39,576 [AppLog] INFO : 落粉轴继续转动以倒掉余粉：TrapMoveUp(3, true, 2, 0.5, true, false)
2023-05-09 17:26:40,386 [AppLog] INFO : 电气控制模块：手动打开端口15
2023-05-09 17:26:41,162 [AppLog] INFO : 手动正向点动指令（8轴运控板卡系统） ====》：输出AXIS{第1轴},点动量{-1.5MM},运动速度{2MM/s}
2023-05-09 17:26:41,162 [AppLog] INFO : 电气控制模块：手动关闭端口15
2023-05-09 17:26:41,162 [AppLog] INFO : 成形面高度下降指定厚度 TrapSpace{1.5mm}：TrapMoveUp(1, true, Convert.ToString(vel), Convert.ToString(TrapSpace), true, true）
2023-05-09 17:26:43,951 [AppLog] INFO : 手动正向点动指令（8轴运控板卡系统） ====》：输出AXIS{第2轴},点动量{-696.5MM},运动速度{250MM/s}
2023-05-09 17:26:43,952 [AppLog] INFO : 铺粉车返回至站1：BackToStation2(AimPos, MovSpeed, true)：-1.5mm，速度250mm/s：BackToStation2
2023-05-09 17:26:44,703 [AppLog] INFO : 落粉轴回零成功：motionMap.SetBackSpreaderAxis(3, 0.5, 2, -SinkPosition)：ReturnCode{True}
2023-05-09 17:26:44,703 [AppLog] INFO : 电气控制模块：手动打开端口15
2023-05-09 17:26:45,479 [AppLog] INFO : 手动正向点动指令（8轴运控板卡系统） ====》：输出AXIS{第1轴},点动量{1.5MM},运动速度{2MM/s}
2023-05-09 17:26:45,479 [AppLog] INFO : 电气控制模块：手动关闭端口15
2023-05-09 17:26:45,479 [AppLog] INFO : 成形面高度上升层厚 TrapSpace{1.5mm}：TrapMoveUp(1, true, Convert.ToString(vel), Convert.ToString(TrapSpace), true, true）
2023-05-09 17:26:45,479 [AppLog] INFO : 手动铺粉正常结束：NewAutoSupplyPowderThread
2023-05-09 17:26:45,480 [AppLog] INFO : 发送监控指令，拍照记录1条：SendMessageFromSharedMemory
2023-05-09 17:27:06,656 [AppLog] INFO : 手动停止自动进给铺粉过程：AutoSupplyPowderBtn_Click
2023-05-09 17:27:07,129 [AppLog] INFO : 手动开启自动进给铺粉过程：AutoSupplyPowderBtn_Click
2023-05-09 17:27:07,559 [AppLog] INFO : 手动开启自动进给铺粉过程：AutoSupplyPowderBtn_Click
2023-05-09 17:27:07,560 [AppLog] INFO : 开启手动铺粉逻辑：NewAutoSupplyPowderThread
2023-05-09 17:27:07,561 [AppLog] INFO : 电气控制模块：手动打开端口15
2023-05-09 17:27:07,627 [AppLog] INFO : 手动正向点动指令（8轴运控板卡系统） ====》：输出AXIS{第1轴},点动量{-0.08MM},运动速度{2MM/s}
2023-05-09 17:27:07,627 [AppLog] INFO : 成形面高度下降层厚 TrapSpace{0.08mm}：TrapMoveUp(1, true, Convert.ToString(vel), Convert.ToString(TrapSpace), true, true）
2023-05-09 17:27:08,403 [AppLog] INFO : 手动正向点动指令（8轴运控板卡系统） ====》：输出AXIS{第1轴},点动量{-1.5MM},运动速度{2MM/s}
2023-05-09 17:27:08,403 [AppLog] INFO : 成形面高度下降指定厚度 TrapSpace{1.5mm}：TrapMoveUp(1, true, Convert.ToString(vel), Convert.ToString(TrapSpace), true, true）
2023-05-09 17:27:09,178 [AppLog] INFO : 手动正向点动指令（8轴运控板卡系统） ====》：输出AXIS{第1轴},点动量{1.5MM},运动速度{2MM/s}
2023-05-09 17:27:09,179 [AppLog] INFO : 电气控制模块：手动关闭端口15
2023-05-09 17:27:09,179 [AppLog] INFO : 成形面高度上升层厚 TrapSpace{1.5mm}：TrapMoveUp(1, true, Convert.ToString(vel), Convert.ToString(TrapSpace), true, true）
2023-05-09 17:27:09,428 [AppLog] INFO : 手动正向点动指令（8轴运控板卡系统） ====》：输出AXIS{第8轴},点动量{0.6MM},运动速度{2.5MM/s}
2023-05-09 17:27:09,428 [AppLog] INFO : Hopper落粉轴转2圈落粉，速度0.5rev/s：TrapMoveUp(8, true, 0.5, rotateNuM.ToString(), true, false)
2023-05-09 17:27:10,428 [AppLog] INFO : 开启铺粉车不等停运动至准备打印位置215mm，速度250mm/s：BackToStation2
2023-05-09 17:27:11,297 [AppLog] INFO : 手动正向点动指令（8轴运控板卡系统） ====》：输出AXIS{第2轴},点动量{216.5MM},运动速度{250MM/s}
2023-05-09 17:27:11,297 [AppLog] INFO : 当前铺粉车位置：打印位置215mm
2023-05-09 17:27:11,299 [AppLog] INFO : 手动正向点动指令（8轴运控板卡系统） ====》：输出AXIS{第2轴},点动量{480MM},运动速度{70MM/s}
2023-05-09 17:27:11,299 [AppLog] INFO : 开启铺粉车不等停运动至站2，速度0.5rev/s：BackToStation2
2023-05-09 17:27:11,410 [AppLog] INFO : 打开IR灯：OpenIRLamp(true)
2023-05-09 17:27:11,543 [AppLog] INFO : 手动正向点动指令（8轴运控板卡系统） ====》：输出AXIS{第3轴},点动量{0.125MM},运动速度{1MM/s}
2023-05-09 17:27:11,543 [AppLog] INFO : 在{40mm}处，落粉轴运动{45度}，落粉轴转速{1rev/s}：TrapMoveUp(3, true, Convert.ToString(DispenseRollerSpeed), 0.5, true, true)
2023-05-09 17:27:11,544 [AppLog] INFO : 手动正向点动指令（8轴运控板卡系统） ====》：输出AXIS{第3轴},点动量{0.5MM},运动速度{0.105479452054795MM/s}
2023-05-09 17:27:11,544 [AppLog] INFO : 开启均匀落粉及辊子铺平运动：TrapMoveUp(3, true, Convert.ToString(DispenseRollerSpeed), 0.5, true, true)
2023-05-09 17:27:15,639 [AppLog] INFO : 关闭IR灯：OpenIRLamp(false)
2023-05-09 17:27:17,350 [AppLog] INFO : 手动正向点动指令（8轴运控板卡系统） ====》：输出AXIS{第3轴},点动量{0.5MM},运动速度{2MM/s}
2023-05-09 17:27:17,350 [AppLog] INFO : 落粉轴继续转动以倒掉余粉：TrapMoveUp(3, true, 2, 0.5, true, false)
2023-05-09 17:27:18,159 [AppLog] INFO : 电气控制模块：手动打开端口15
2023-05-09 17:27:18,935 [AppLog] INFO : 手动正向点动指令（8轴运控板卡系统） ====》：输出AXIS{第1轴},点动量{-1.5MM},运动速度{2MM/s}
2023-05-09 17:27:18,935 [AppLog] INFO : 电气控制模块：手动关闭端口15
2023-05-09 17:27:18,936 [AppLog] INFO : 成形面高度下降指定厚度 TrapSpace{1.5mm}：TrapMoveUp(1, true, Convert.ToString(vel), Convert.ToString(TrapSpace), true, true）
2023-05-09 17:27:21,724 [AppLog] INFO : 手动正向点动指令（8轴运控板卡系统） ====》：输出AXIS{第2轴},点动量{-696.5MM},运动速度{250MM/s}
2023-05-09 17:27:21,725 [AppLog] INFO : 铺粉车返回至站1：BackToStation2(AimPos, MovSpeed, true)：-1.5mm，速度250mm/s：BackToStation2
2023-05-09 17:27:22,476 [AppLog] INFO : 落粉轴回零成功：motionMap.SetBackSpreaderAxis(3, 0.5, 2, -SinkPosition)：ReturnCode{True}
2023-05-09 17:27:22,476 [AppLog] INFO : 电气控制模块：手动打开端口15
2023-05-09 17:27:23,252 [AppLog] INFO : 手动正向点动指令（8轴运控板卡系统） ====》：输出AXIS{第1轴},点动量{1.5MM},运动速度{2MM/s}
2023-05-09 17:27:23,252 [AppLog] INFO : 电气控制模块：手动关闭端口15
2023-05-09 17:27:23,252 [AppLog] INFO : 成形面高度上升层厚 TrapSpace{1.5mm}：TrapMoveUp(1, true, Convert.ToString(vel), Convert.ToString(TrapSpace), true, true）
2023-05-09 17:27:23,253 [AppLog] INFO : 手动铺粉正常结束：NewAutoSupplyPowderThread
2023-05-09 17:27:23,253 [AppLog] INFO : 发送监控指令，拍照记录1条：SendMessageFromSharedMemory
2023-05-09 17:27:46,012 [AppLog] INFO : 手动停止自动进给铺粉过程：AutoSupplyPowderBtn_Click
2023-05-09 17:27:46,789 [AppLog] INFO : 手动开启自动进给铺粉过程：AutoSupplyPowderBtn_Click
2023-05-09 17:27:47,341 [AppLog] INFO : 手动开启自动进给铺粉过程：AutoSupplyPowderBtn_Click
2023-05-09 17:27:47,342 [AppLog] INFO : 开启手动铺粉逻辑：NewAutoSupplyPowderThread
2023-05-09 17:27:47,343 [AppLog] INFO : 电气控制模块：手动打开端口15
2023-05-09 17:27:47,408 [AppLog] INFO : 手动正向点动指令（8轴运控板卡系统） ====》：输出AXIS{第1轴},点动量{-0.08MM},运动速度{2MM/s}
2023-05-09 17:27:47,408 [AppLog] INFO : 成形面高度下降层厚 TrapSpace{0.08mm}：TrapMoveUp(1, true, Convert.ToString(vel), Convert.ToString(TrapSpace), true, true）
2023-05-09 17:27:48,184 [AppLog] INFO : 手动正向点动指令（8轴运控板卡系统） ====》：输出AXIS{第1轴},点动量{-1.5MM},运动速度{2MM/s}
2023-05-09 17:27:48,184 [AppLog] INFO : 成形面高度下降指定厚度 TrapSpace{1.5mm}：TrapMoveUp(1, true, Convert.ToString(vel), Convert.ToString(TrapSpace), true, true）
2023-05-09 17:27:48,960 [AppLog] INFO : 手动正向点动指令（8轴运控板卡系统） ====》：输出AXIS{第1轴},点动量{1.5MM},运动速度{2MM/s}
2023-05-09 17:27:48,960 [AppLog] INFO : 电气控制模块：手动关闭端口15
2023-05-09 17:27:48,961 [AppLog] INFO : 成形面高度上升层厚 TrapSpace{1.5mm}：TrapMoveUp(1, true, Convert.ToString(vel), Convert.ToString(TrapSpace), true, true）
2023-05-09 17:27:49,209 [AppLog] INFO : 手动正向点动指令（8轴运控板卡系统） ====》：输出AXIS{第8轴},点动量{0.6MM},运动速度{2.5MM/s}
2023-05-09 17:27:49,209 [AppLog] INFO : Hopper落粉轴转2圈落粉，速度0.5rev/s：TrapMoveUp(8, true, 0.5, rotateNuM.ToString(), true, false)
2023-05-09 17:27:50,211 [AppLog] INFO : 开启铺粉车不等停运动至准备打印位置215mm，速度250mm/s：BackToStation2
2023-05-09 17:27:51,080 [AppLog] INFO : 手动正向点动指令（8轴运控板卡系统） ====》：输出AXIS{第2轴},点动量{216.5MM},运动速度{250MM/s}
2023-05-09 17:27:51,080 [AppLog] INFO : 当前铺粉车位置：打印位置215mm
2023-05-09 17:27:51,082 [AppLog] INFO : 手动正向点动指令（8轴运控板卡系统） ====》：输出AXIS{第2轴},点动量{480MM},运动速度{70MM/s}
2023-05-09 17:27:51,082 [AppLog] INFO : 开启铺粉车不等停运动至站2，速度0.5rev/s：BackToStation2
2023-05-09 17:27:51,206 [AppLog] INFO : 打开IR灯：OpenIRLamp(true)
2023-05-09 17:27:51,338 [AppLog] INFO : 手动正向点动指令（8轴运控板卡系统） ====》：输出AXIS{第3轴},点动量{0.125MM},运动速度{1MM/s}
2023-05-09 17:27:51,339 [AppLog] INFO : 在{40mm}处，落粉轴运动{45度}，落粉轴转速{1rev/s}：TrapMoveUp(3, true, Convert.ToString(DispenseRollerSpeed), 0.5, true, true)
2023-05-09 17:27:51,340 [AppLog] INFO : 手动正向点动指令（8轴运控板卡系统） ====》：输出AXIS{第3轴},点动量{0.5MM},运动速度{0.105479452054795MM/s}
2023-05-09 17:27:51,340 [AppLog] INFO : 开启均匀落粉及辊子铺平运动：TrapMoveUp(3, true, Convert.ToString(DispenseRollerSpeed), 0.5, true, true)
2023-05-09 17:27:55,414 [AppLog] INFO : 关闭IR灯：OpenIRLamp(false)
2023-05-09 17:27:57,132 [AppLog] INFO : 手动正向点动指令（8轴运控板卡系统） ====》：输出AXIS{第3轴},点动量{0.5MM},运动速度{2MM/s}
2023-05-09 17:27:57,132 [AppLog] INFO : 落粉轴继续转动以倒掉余粉：TrapMoveUp(3, true, 2, 0.5, true, false)
2023-05-09 17:27:57,941 [AppLog] INFO : 电气控制模块：手动打开端口15
2023-05-09 17:27:58,717 [AppLog] INFO : 手动正向点动指令（8轴运控板卡系统） ====》：输出AXIS{第1轴},点动量{-1.5MM},运动速度{2MM/s}
2023-05-09 17:27:58,717 [AppLog] INFO : 电气控制模块：手动关闭端口15
2023-05-09 17:27:58,718 [AppLog] INFO : 成形面高度下降指定厚度 TrapSpace{1.5mm}：TrapMoveUp(1, true, Convert.ToString(vel), Convert.ToString(TrapSpace), true, true）
2023-05-09 17:28:01,507 [AppLog] INFO : 手动正向点动指令（8轴运控板卡系统） ====》：输出AXIS{第2轴},点动量{-696.5MM},运动速度{250MM/s}
2023-05-09 17:28:01,507 [AppLog] INFO : 铺粉车返回至站1：BackToStation2(AimPos, MovSpeed, true)：-1.5mm，速度250mm/s：BackToStation2
2023-05-09 17:28:02,258 [AppLog] INFO : 落粉轴回零成功：motionMap.SetBackSpreaderAxis(3, 0.5, 2, -SinkPosition)：ReturnCode{True}
2023-05-09 17:28:02,258 [AppLog] INFO : 电气控制模块：手动打开端口15
2023-05-09 17:28:03,034 [AppLog] INFO : 手动正向点动指令（8轴运控板卡系统） ====》：输出AXIS{第1轴},点动量{1.5MM},运动速度{2MM/s}
2023-05-09 17:28:03,034 [AppLog] INFO : 电气控制模块：手动关闭端口15
2023-05-09 17:28:03,034 [AppLog] INFO : 成形面高度上升层厚 TrapSpace{1.5mm}：TrapMoveUp(1, true, Convert.ToString(vel), Convert.ToString(TrapSpace), true, true）
2023-05-09 17:28:03,035 [AppLog] INFO : 手动铺粉正常结束：NewAutoSupplyPowderThread
2023-05-09 17:28:03,035 [AppLog] INFO : 发送监控指令，拍照记录1条：SendMessageFromSharedMemory
2023-05-09 17:28:34,896 [AppLog] INFO : 手动停止自动进给铺粉过程：AutoSupplyPowderBtn_Click
2023-05-09 17:28:36,797 [AppLog] INFO : 手动开启自动进给铺粉过程：AutoSupplyPowderBtn_Click
2023-05-09 17:28:37,444 [AppLog] INFO : 手动开启自动进给铺粉过程：AutoSupplyPowderBtn_Click
2023-05-09 17:28:37,445 [AppLog] INFO : 开启手动铺粉逻辑：NewAutoSupplyPowderThread
2023-05-09 17:28:37,445 [AppLog] INFO : 电气控制模块：手动打开端口15
2023-05-09 17:28:37,511 [AppLog] INFO : 手动正向点动指令（8轴运控板卡系统） ====》：输出AXIS{第1轴},点动量{-0.08MM},运动速度{2MM/s}
2023-05-09 17:28:37,511 [AppLog] INFO : 成形面高度下降层厚 TrapSpace{0.08mm}：TrapMoveUp(1, true, Convert.ToString(vel), Convert.ToString(TrapSpace), true, true）
2023-05-09 17:28:38,287 [AppLog] INFO : 手动正向点动指令（8轴运控板卡系统） ====》：输出AXIS{第1轴},点动量{-1.5MM},运动速度{2MM/s}
2023-05-09 17:28:38,287 [AppLog] INFO : 成形面高度下降指定厚度 TrapSpace{1.5mm}：TrapMoveUp(1, true, Convert.ToString(vel), Convert.ToString(TrapSpace), true, true）
2023-05-09 17:28:39,062 [AppLog] INFO : 手动正向点动指令（8轴运控板卡系统） ====》：输出AXIS{第1轴},点动量{1.5MM},运动速度{2MM/s}
2023-05-09 17:28:39,063 [AppLog] INFO : 电气控制模块：手动关闭端口15
2023-05-09 17:28:39,063 [AppLog] INFO : 成形面高度上升层厚 TrapSpace{1.5mm}：TrapMoveUp(1, true, Convert.ToString(vel), Convert.ToString(TrapSpace), true, true）
2023-05-09 17:28:39,311 [AppLog] INFO : 手动正向点动指令（8轴运控板卡系统） ====》：输出AXIS{第8轴},点动量{0.6MM},运动速度{2.5MM/s}
2023-05-09 17:28:39,312 [AppLog] INFO : Hopper落粉轴转2圈落粉，速度0.5rev/s：TrapMoveUp(8, true, 0.5, rotateNuM.ToString(), true, false)
2023-05-09 17:28:40,312 [AppLog] INFO : 开启铺粉车不等停运动至准备打印位置215mm，速度250mm/s：BackToStation2
2023-05-09 17:28:41,181 [AppLog] INFO : 手动正向点动指令（8轴运控板卡系统） ====》：输出AXIS{第2轴},点动量{216.5MM},运动速度{250MM/s}
2023-05-09 17:28:41,181 [AppLog] INFO : 当前铺粉车位置：打印位置215mm
2023-05-09 17:28:41,183 [AppLog] INFO : 手动正向点动指令（8轴运控板卡系统） ====》：输出AXIS{第2轴},点动量{480MM},运动速度{70MM/s}
2023-05-09 17:28:41,183 [AppLog] INFO : 开启铺粉车不等停运动至站2，速度0.5rev/s：BackToStation2
2023-05-09 17:28:41,301 [AppLog] INFO : 打开IR灯：OpenIRLamp(true)
2023-05-09 17:28:41,434 [AppLog] INFO : 手动正向点动指令（8轴运控板卡系统） ====》：输出AXIS{第3轴},点动量{0.125MM},运动速度{1MM/s}
2023-05-09 17:28:41,434 [AppLog] INFO : 在{40mm}处，落粉轴运动{45度}，落粉轴转速{1rev/s}：TrapMoveUp(3, true, Convert.ToString(DispenseRollerSpeed), 0.5, true, true)
2023-05-09 17:28:41,435 [AppLog] INFO : 手动正向点动指令（8轴运控板卡系统） ====》：输出AXIS{第3轴},点动量{0.5MM},运动速度{0.105479452054795MM/s}
2023-05-09 17:28:41,435 [AppLog] INFO : 开启均匀落粉及辊子铺平运动：TrapMoveUp(3, true, Convert.ToString(DispenseRollerSpeed), 0.5, true, true)
2023-05-09 17:28:45,530 [AppLog] INFO : 关闭IR灯：OpenIRLamp(false)
2023-05-09 17:28:47,234 [AppLog] INFO : 手动正向点动指令（8轴运控板卡系统） ====》：输出AXIS{第3轴},点动量{0.5MM},运动速度{2MM/s}
2023-05-09 17:28:47,234 [AppLog] INFO : 落粉轴继续转动以倒掉余粉：TrapMoveUp(3, true, 2, 0.5, true, false)
2023-05-09 17:28:48,043 [AppLog] INFO : 电气控制模块：手动打开端口15
2023-05-09 17:28:48,819 [AppLog] INFO : 手动正向点动指令（8轴运控板卡系统） ====》：输出AXIS{第1轴},点动量{-1.5MM},运动速度{2MM/s}
2023-05-09 17:28:48,819 [AppLog] INFO : 电气控制模块：手动关闭端口15
2023-05-09 17:28:48,820 [AppLog] INFO : 成形面高度下降指定厚度 TrapSpace{1.5mm}：TrapMoveUp(1, true, Convert.ToString(vel), Convert.ToString(TrapSpace), true, true）
2023-05-09 17:28:51,609 [AppLog] INFO : 手动正向点动指令（8轴运控板卡系统） ====》：输出AXIS{第2轴},点动量{-696.5MM},运动速度{250MM/s}
2023-05-09 17:28:51,609 [AppLog] INFO : 铺粉车返回至站1：BackToStation2(AimPos, MovSpeed, true)：-1.5mm，速度250mm/s：BackToStation2
2023-05-09 17:28:52,360 [AppLog] INFO : 落粉轴回零成功：motionMap.SetBackSpreaderAxis(3, 0.5, 2, -SinkPosition)：ReturnCode{True}
2023-05-09 17:28:52,360 [AppLog] INFO : 电气控制模块：手动打开端口15
2023-05-09 17:28:53,136 [AppLog] INFO : 手动正向点动指令（8轴运控板卡系统） ====》：输出AXIS{第1轴},点动量{1.5MM},运动速度{2MM/s}
2023-05-09 17:28:53,136 [AppLog] INFO : 电气控制模块：手动关闭端口15
2023-05-09 17:28:53,136 [AppLog] INFO : 成形面高度上升层厚 TrapSpace{1.5mm}：TrapMoveUp(1, true, Convert.ToString(vel), Convert.ToString(TrapSpace), true, true）
2023-05-09 17:28:53,137 [AppLog] INFO : 手动铺粉正常结束：NewAutoSupplyPowderThread
2023-05-09 17:28:53,137 [AppLog] INFO : 发送监控指令，拍照记录1条：SendMessageFromSharedMemory
2023-05-09 17:29:31,906 [AppLog] INFO : 手动停止自动进给铺粉过程：AutoSupplyPowderBtn_Click
2023-05-09 17:29:32,918 [AppLog] INFO : 手动开启自动进给铺粉过程：AutoSupplyPowderBtn_Click
2023-05-09 17:29:33,493 [AppLog] INFO : 手动开启自动进给铺粉过程：AutoSupplyPowderBtn_Click
2023-05-09 17:29:33,493 [AppLog] INFO : 开启手动铺粉逻辑：NewAutoSupplyPowderThread
2023-05-09 17:29:33,496 [AppLog] INFO : 电气控制模块：手动打开端口15
2023-05-09 17:29:33,562 [AppLog] INFO : 手动正向点动指令（8轴运控板卡系统） ====》：输出AXIS{第1轴},点动量{-0.08MM},运动速度{2MM/s}
2023-05-09 17:29:33,563 [AppLog] INFO : 成形面高度下降层厚 TrapSpace{0.08mm}：TrapMoveUp(1, true, Convert.ToString(vel), Convert.ToString(TrapSpace), true, true）
2023-05-09 17:29:34,338 [AppLog] INFO : 手动正向点动指令（8轴运控板卡系统） ====》：输出AXIS{第1轴},点动量{-1.5MM},运动速度{2MM/s}
2023-05-09 17:29:34,338 [AppLog] INFO : 成形面高度下降指定厚度 TrapSpace{1.5mm}：TrapMoveUp(1, true, Convert.ToString(vel), Convert.ToString(TrapSpace), true, true）
2023-05-09 17:29:35,115 [AppLog] INFO : 手动正向点动指令（8轴运控板卡系统） ====》：输出AXIS{第1轴},点动量{1.5MM},运动速度{2MM/s}
2023-05-09 17:29:35,115 [AppLog] INFO : 电气控制模块：手动关闭端口15
2023-05-09 17:29:35,115 [AppLog] INFO : 成形面高度上升层厚 TrapSpace{1.5mm}：TrapMoveUp(1, true, Convert.ToString(vel), Convert.ToString(TrapSpace), true, true）
2023-05-09 17:29:35,364 [AppLog] INFO : 手动正向点动指令（8轴运控板卡系统） ====》：输出AXIS{第8轴},点动量{0.6MM},运动速度{2.5MM/s}
2023-05-09 17:29:35,364 [AppLog] INFO : Hopper落粉轴转2圈落粉，速度0.5rev/s：TrapMoveUp(8, true, 0.5, rotateNuM.ToString(), true, false)
2023-05-09 17:29:36,364 [AppLog] INFO : 开启铺粉车不等停运动至准备打印位置215mm，速度250mm/s：BackToStation2
2023-05-09 17:29:37,233 [AppLog] INFO : 手动正向点动指令（8轴运控板卡系统） ====》：输出AXIS{第2轴},点动量{216.5MM},运动速度{250MM/s}
2023-05-09 17:29:37,233 [AppLog] INFO : 当前铺粉车位置：打印位置215mm
2023-05-09 17:29:37,235 [AppLog] INFO : 手动正向点动指令（8轴运控板卡系统） ====》：输出AXIS{第2轴},点动量{480MM},运动速度{70MM/s}
2023-05-09 17:29:37,235 [AppLog] INFO : 开启铺粉车不等停运动至站2，速度0.5rev/s：BackToStation2
2023-05-09 17:29:37,346 [AppLog] INFO : 打开IR灯：OpenIRLamp(true)
2023-05-09 17:29:37,478 [AppLog] INFO : 手动正向点动指令（8轴运控板卡系统） ====》：输出AXIS{第3轴},点动量{0.125MM},运动速度{1MM/s}
2023-05-09 17:29:37,479 [AppLog] INFO : 在{40mm}处，落粉轴运动{45度}，落粉轴转速{1rev/s}：TrapMoveUp(3, true, Convert.ToString(DispenseRollerSpeed), 0.5, true, true)
2023-05-09 17:29:37,479 [AppLog] INFO : 手动正向点动指令（8轴运控板卡系统） ====》：输出AXIS{第3轴},点动量{0.5MM},运动速度{0.105479452054795MM/s}
2023-05-09 17:29:37,480 [AppLog] INFO : 开启均匀落粉及辊子铺平运动：TrapMoveUp(3, true, Convert.ToString(DispenseRollerSpeed), 0.5, true, true)
2023-05-09 17:29:41,574 [AppLog] INFO : 关闭IR灯：OpenIRLamp(false)
2023-05-09 17:29:43,285 [AppLog] INFO : 手动正向点动指令（8轴运控板卡系统） ====》：输出AXIS{第3轴},点动量{0.5MM},运动速度{2MM/s}
2023-05-09 17:29:43,285 [AppLog] INFO : 落粉轴继续转动以倒掉余粉：TrapMoveUp(3, true, 2, 0.5, true, false)
2023-05-09 17:29:44,095 [AppLog] INFO : 电气控制模块：手动打开端口15
2023-05-09 17:29:44,870 [AppLog] INFO : 手动正向点动指令（8轴运控板卡系统） ====》：输出AXIS{第1轴},点动量{-1.5MM},运动速度{2MM/s}
2023-05-09 17:29:44,871 [AppLog] INFO : 电气控制模块：手动关闭端口15
2023-05-09 17:29:44,871 [AppLog] INFO : 成形面高度下降指定厚度 TrapSpace{1.5mm}：TrapMoveUp(1, true, Convert.ToString(vel), Convert.ToString(TrapSpace), true, true）
2023-05-09 17:29:47,660 [AppLog] INFO : 手动正向点动指令（8轴运控板卡系统） ====》：输出AXIS{第2轴},点动量{-696.5MM},运动速度{250MM/s}
2023-05-09 17:29:47,660 [AppLog] INFO : 铺粉车返回至站1：BackToStation2(AimPos, MovSpeed, true)：-1.5mm，速度250mm/s：BackToStation2
2023-05-09 17:29:48,412 [AppLog] INFO : 落粉轴回零成功：motionMap.SetBackSpreaderAxis(3, 0.5, 2, -SinkPosition)：ReturnCode{True}
2023-05-09 17:29:48,412 [AppLog] INFO : 电气控制模块：手动打开端口15
2023-05-09 17:29:49,188 [AppLog] INFO : 手动正向点动指令（8轴运控板卡系统） ====》：输出AXIS{第1轴},点动量{1.5MM},运动速度{2MM/s}
2023-05-09 17:29:49,188 [AppLog] INFO : 电气控制模块：手动关闭端口15
2023-05-09 17:29:49,188 [AppLog] INFO : 成形面高度上升层厚 TrapSpace{1.5mm}：TrapMoveUp(1, true, Convert.ToString(vel), Convert.ToString(TrapSpace), true, true）
2023-05-09 17:29:49,188 [AppLog] INFO : 手动铺粉正常结束：NewAutoSupplyPowderThread
2023-05-09 17:29:49,189 [AppLog] INFO : 发送监控指令，拍照记录1条：SendMessageFromSharedMemory
2023-05-09 17:30:13,681 [AppLog] INFO : 手动停止自动进给铺粉过程：AutoSupplyPowderBtn_Click
2023-05-09 17:30:14,408 [AppLog] INFO : 手动开启自动进给铺粉过程：AutoSupplyPowderBtn_Click
2023-05-09 17:30:15,178 [AppLog] INFO : 手动开启自动进给铺粉过程：AutoSupplyPowderBtn_Click
2023-05-09 17:30:15,179 [AppLog] INFO : 开启手动铺粉逻辑：NewAutoSupplyPowderThread
2023-05-09 17:30:15,179 [AppLog] INFO : 电气控制模块：手动打开端口15
2023-05-09 17:30:15,245 [AppLog] INFO : 手动正向点动指令（8轴运控板卡系统） ====》：输出AXIS{第1轴},点动量{-0.08MM},运动速度{2MM/s}
2023-05-09 17:30:15,245 [AppLog] INFO : 成形面高度下降层厚 TrapSpace{0.08mm}：TrapMoveUp(1, true, Convert.ToString(vel), Convert.ToString(TrapSpace), true, true）
2023-05-09 17:30:16,021 [AppLog] INFO : 手动正向点动指令（8轴运控板卡系统） ====》：输出AXIS{第1轴},点动量{-1.5MM},运动速度{2MM/s}
2023-05-09 17:30:16,021 [AppLog] INFO : 成形面高度下降指定厚度 TrapSpace{1.5mm}：TrapMoveUp(1, true, Convert.ToString(vel), Convert.ToString(TrapSpace), true, true）
2023-05-09 17:30:16,796 [AppLog] INFO : 手动正向点动指令（8轴运控板卡系统） ====》：输出AXIS{第1轴},点动量{1.5MM},运动速度{2MM/s}
2023-05-09 17:30:16,797 [AppLog] INFO : 电气控制模块：手动关闭端口15
2023-05-09 17:30:16,797 [AppLog] INFO : 成形面高度上升层厚 TrapSpace{1.5mm}：TrapMoveUp(1, true, Convert.ToString(vel), Convert.ToString(TrapSpace), true, true）
2023-05-09 17:30:17,045 [AppLog] INFO : 手动正向点动指令（8轴运控板卡系统） ====》：输出AXIS{第8轴},点动量{0.6MM},运动速度{2.5MM/s}
2023-05-09 17:30:17,046 [AppLog] INFO : Hopper落粉轴转2圈落粉，速度0.5rev/s：TrapMoveUp(8, true, 0.5, rotateNuM.ToString(), true, false)
2023-05-09 17:30:18,046 [AppLog] INFO : 开启铺粉车不等停运动至准备打印位置215mm，速度250mm/s：BackToStation2
2023-05-09 17:30:18,914 [AppLog] INFO : 手动正向点动指令（8轴运控板卡系统） ====》：输出AXIS{第2轴},点动量{216.5MM},运动速度{250MM/s}
2023-05-09 17:30:18,915 [AppLog] INFO : 当前铺粉车位置：打印位置215mm
2023-05-09 17:30:18,917 [AppLog] INFO : 手动正向点动指令（8轴运控板卡系统） ====》：输出AXIS{第2轴},点动量{480MM},运动速度{70MM/s}
2023-05-09 17:30:18,917 [AppLog] INFO : 开启铺粉车不等停运动至站2，速度0.5rev/s：BackToStation2
2023-05-09 17:30:19,043 [AppLog] INFO : 打开IR灯：OpenIRLamp(true)
2023-05-09 17:30:19,175 [AppLog] INFO : 手动正向点动指令（8轴运控板卡系统） ====》：输出AXIS{第3轴},点动量{0.125MM},运动速度{1MM/s}
2023-05-09 17:30:19,176 [AppLog] INFO : 在{40mm}处，落粉轴运动{45度}，落粉轴转速{1rev/s}：TrapMoveUp(3, true, Convert.ToString(DispenseRollerSpeed), 0.5, true, true)
2023-05-09 17:30:19,176 [AppLog] INFO : 手动正向点动指令（8轴运控板卡系统） ====》：输出AXIS{第3轴},点动量{0.5MM},运动速度{0.105479452054795MM/s}
2023-05-09 17:30:19,177 [AppLog] INFO : 开启均匀落粉及辊子铺平运动：TrapMoveUp(3, true, Convert.ToString(DispenseRollerSpeed), 0.5, true, true)
2023-05-09 17:30:23,250 [AppLog] INFO : 关闭IR灯：OpenIRLamp(false)
2023-05-09 17:30:24,967 [AppLog] INFO : 手动正向点动指令（8轴运控板卡系统） ====》：输出AXIS{第3轴},点动量{0.5MM},运动速度{2MM/s}
2023-05-09 17:30:24,967 [AppLog] INFO : 落粉轴继续转动以倒掉余粉：TrapMoveUp(3, true, 2, 0.5, true, false)
2023-05-09 17:30:25,776 [AppLog] INFO : 电气控制模块：手动打开端口15
2023-05-09 17:30:26,552 [AppLog] INFO : 手动正向点动指令（8轴运控板卡系统） ====》：输出AXIS{第1轴},点动量{-1.5MM},运动速度{2MM/s}
2023-05-09 17:30:26,552 [AppLog] INFO : 电气控制模块：手动关闭端口15
2023-05-09 17:30:26,552 [AppLog] INFO : 成形面高度下降指定厚度 TrapSpace{1.5mm}：TrapMoveUp(1, true, Convert.ToString(vel), Convert.ToString(TrapSpace), true, true）
2023-05-09 17:30:29,342 [AppLog] INFO : 手动正向点动指令（8轴运控板卡系统） ====》：输出AXIS{第2轴},点动量{-696.5MM},运动速度{250MM/s}
2023-05-09 17:30:29,342 [AppLog] INFO : 铺粉车返回至站1：BackToStation2(AimPos, MovSpeed, true)：-1.5mm，速度250mm/s：BackToStation2
2023-05-09 17:30:30,094 [AppLog] INFO : 落粉轴回零成功：motionMap.SetBackSpreaderAxis(3, 0.5, 2, -SinkPosition)：ReturnCode{True}
2023-05-09 17:30:30,094 [AppLog] INFO : 电气控制模块：手动打开端口15
2023-05-09 17:30:30,870 [AppLog] INFO : 手动正向点动指令（8轴运控板卡系统） ====》：输出AXIS{第1轴},点动量{1.5MM},运动速度{2MM/s}
2023-05-09 17:30:30,870 [AppLog] INFO : 电气控制模块：手动关闭端口15
2023-05-09 17:30:30,870 [AppLog] INFO : 成形面高度上升层厚 TrapSpace{1.5mm}：TrapMoveUp(1, true, Convert.ToString(vel), Convert.ToString(TrapSpace), true, true）
2023-05-09 17:30:30,871 [AppLog] INFO : 手动铺粉正常结束：NewAutoSupplyPowderThread
2023-05-09 17:30:30,871 [AppLog] INFO : 发送监控指令，拍照记录1条：SendMessageFromSharedMemory
2023-05-09 17:30:53,201 [AppLog] INFO : 手动停止自动进给铺粉过程：AutoSupplyPowderBtn_Click
2023-05-09 17:30:54,116 [AppLog] INFO : 手动开启自动进给铺粉过程：AutoSupplyPowderBtn_Click
2023-05-09 17:30:54,962 [AppLog] INFO : 手动开启自动进给铺粉过程：AutoSupplyPowderBtn_Click
2023-05-09 17:30:54,963 [AppLog] INFO : 开启手动铺粉逻辑：NewAutoSupplyPowderThread
2023-05-09 17:30:54,964 [AppLog] INFO : 电气控制模块：手动打开端口15
2023-05-09 17:30:55,030 [AppLog] INFO : 手动正向点动指令（8轴运控板卡系统） ====》：输出AXIS{第1轴},点动量{-0.08MM},运动速度{2MM/s}
2023-05-09 17:30:55,030 [AppLog] INFO : 成形面高度下降层厚 TrapSpace{0.08mm}：TrapMoveUp(1, true, Convert.ToString(vel), Convert.ToString(TrapSpace), true, true）
2023-05-09 17:30:55,806 [AppLog] INFO : 手动正向点动指令（8轴运控板卡系统） ====》：输出AXIS{第1轴},点动量{-1.5MM},运动速度{2MM/s}
2023-05-09 17:30:55,806 [AppLog] INFO : 成形面高度下降指定厚度 TrapSpace{1.5mm}：TrapMoveUp(1, true, Convert.ToString(vel), Convert.ToString(TrapSpace), true, true）
2023-05-09 17:30:56,582 [AppLog] INFO : 手动正向点动指令（8轴运控板卡系统） ====》：输出AXIS{第1轴},点动量{1.5MM},运动速度{2MM/s}
2023-05-09 17:30:56,582 [AppLog] INFO : 电气控制模块：手动关闭端口15
2023-05-09 17:30:56,582 [AppLog] INFO : 成形面高度上升层厚 TrapSpace{1.5mm}：TrapMoveUp(1, true, Convert.ToString(vel), Convert.ToString(TrapSpace), true, true）
2023-05-09 17:30:56,831 [AppLog] INFO : 手动正向点动指令（8轴运控板卡系统） ====》：输出AXIS{第8轴},点动量{0.6MM},运动速度{2.5MM/s}
2023-05-09 17:30:56,831 [AppLog] INFO : Hopper落粉轴转2圈落粉，速度0.5rev/s：TrapMoveUp(8, true, 0.5, rotateNuM.ToString(), true, false)
2023-05-09 17:30:57,831 [AppLog] INFO : 开启铺粉车不等停运动至准备打印位置215mm，速度250mm/s：BackToStation2
2023-05-09 17:30:58,699 [AppLog] INFO : 手动正向点动指令（8轴运控板卡系统） ====》：输出AXIS{第2轴},点动量{216.5MM},运动速度{250MM/s}
2023-05-09 17:30:58,700 [AppLog] INFO : 当前铺粉车位置：打印位置215mm
2023-05-09 17:30:58,702 [AppLog] INFO : 手动正向点动指令（8轴运控板卡系统） ====》：输出AXIS{第2轴},点动量{480MM},运动速度{70MM/s}
2023-05-09 17:30:58,702 [AppLog] INFO : 开启铺粉车不等停运动至站2，速度0.5rev/s：BackToStation2
2023-05-09 17:30:58,818 [AppLog] INFO : 打开IR灯：OpenIRLamp(true)
2023-05-09 17:30:58,950 [AppLog] INFO : 手动正向点动指令（8轴运控板卡系统） ====》：输出AXIS{第3轴},点动量{0.125MM},运动速度{1MM/s}
2023-05-09 17:30:58,950 [AppLog] INFO : 在{40mm}处，落粉轴运动{45度}，落粉轴转速{1rev/s}：TrapMoveUp(3, true, Convert.ToString(DispenseRollerSpeed), 0.5, true, true)
2023-05-09 17:30:58,951 [AppLog] INFO : 手动正向点动指令（8轴运控板卡系统） ====》：输出AXIS{第3轴},点动量{0.5MM},运动速度{0.105479452054795MM/s}
2023-05-09 17:30:58,952 [AppLog] INFO : 开启均匀落粉及辊子铺平运动：TrapMoveUp(3, true, Convert.ToString(DispenseRollerSpeed), 0.5, true, true)
2023-05-09 17:31:03,046 [AppLog] INFO : 关闭IR灯：OpenIRLamp(false)
2023-05-09 17:31:04,753 [AppLog] INFO : 手动正向点动指令（8轴运控板卡系统） ====》：输出AXIS{第3轴},点动量{0.5MM},运动速度{2MM/s}
2023-05-09 17:31:04,754 [AppLog] INFO : 落粉轴继续转动以倒掉余粉：TrapMoveUp(3, true, 2, 0.5, true, false)
2023-05-09 17:31:05,562 [AppLog] INFO : 电气控制模块：手动打开端口15
2023-05-09 17:31:06,338 [AppLog] INFO : 手动正向点动指令（8轴运控板卡系统） ====》：输出AXIS{第1轴},点动量{-1.5MM},运动速度{2MM/s}
2023-05-09 17:31:06,338 [AppLog] INFO : 电气控制模块：手动关闭端口15
2023-05-09 17:31:06,339 [AppLog] INFO : 成形面高度下降指定厚度 TrapSpace{1.5mm}：TrapMoveUp(1, true, Convert.ToString(vel), Convert.ToString(TrapSpace), true, true）
2023-05-09 17:31:09,128 [AppLog] INFO : 手动正向点动指令（8轴运控板卡系统） ====》：输出AXIS{第2轴},点动量{-696.5MM},运动速度{250MM/s}
2023-05-09 17:31:09,128 [AppLog] INFO : 铺粉车返回至站1：BackToStation2(AimPos, MovSpeed, true)：-1.5mm，速度250mm/s：BackToStation2
2023-05-09 17:31:09,879 [AppLog] INFO : 落粉轴回零成功：motionMap.SetBackSpreaderAxis(3, 0.5, 2, -SinkPosition)：ReturnCode{True}
2023-05-09 17:31:09,879 [AppLog] INFO : 电气控制模块：手动打开端口15
2023-05-09 17:31:10,655 [AppLog] INFO : 手动正向点动指令（8轴运控板卡系统） ====》：输出AXIS{第1轴},点动量{1.5MM},运动速度{2MM/s}
2023-05-09 17:31:10,655 [AppLog] INFO : 电气控制模块：手动关闭端口15
2023-05-09 17:31:10,655 [AppLog] INFO : 成形面高度上升层厚 TrapSpace{1.5mm}：TrapMoveUp(1, true, Convert.ToString(vel), Convert.ToString(TrapSpace), true, true）
2023-05-09 17:31:10,656 [AppLog] INFO : 手动铺粉正常结束：NewAutoSupplyPowderThread
2023-05-09 17:31:10,656 [AppLog] INFO : 发送监控指令，拍照记录1条：SendMessageFromSharedMemory
2023-05-09 17:31:30,679 [AppLog] INFO : 手动停止自动进给铺粉过程：AutoSupplyPowderBtn_Click
2023-05-09 17:31:31,307 [AppLog] INFO : 手动开启自动进给铺粉过程：AutoSupplyPowderBtn_Click
2023-05-09 17:31:31,755 [AppLog] INFO : 手动开启自动进给铺粉过程：AutoSupplyPowderBtn_Click
2023-05-09 17:31:31,756 [AppLog] INFO : 开启手动铺粉逻辑：NewAutoSupplyPowderThread
2023-05-09 17:31:31,757 [AppLog] INFO : 电气控制模块：手动打开端口15
2023-05-09 17:31:31,823 [AppLog] INFO : 手动正向点动指令（8轴运控板卡系统） ====》：输出AXIS{第1轴},点动量{-0.08MM},运动速度{2MM/s}
2023-05-09 17:31:31,823 [AppLog] INFO : 成形面高度下降层厚 TrapSpace{0.08mm}：TrapMoveUp(1, true, Convert.ToString(vel), Convert.ToString(TrapSpace), true, true）
2023-05-09 17:31:32,599 [AppLog] INFO : 手动正向点动指令（8轴运控板卡系统） ====》：输出AXIS{第1轴},点动量{-1.5MM},运动速度{2MM/s}
2023-05-09 17:31:32,599 [AppLog] INFO : 成形面高度下降指定厚度 TrapSpace{1.5mm}：TrapMoveUp(1, true, Convert.ToString(vel), Convert.ToString(TrapSpace), true, true）
2023-05-09 17:31:33,375 [AppLog] INFO : 手动正向点动指令（8轴运控板卡系统） ====》：输出AXIS{第1轴},点动量{1.5MM},运动速度{2MM/s}
2023-05-09 17:31:33,375 [AppLog] INFO : 电气控制模块：手动关闭端口15
2023-05-09 17:31:33,376 [AppLog] INFO : 成形面高度上升层厚 TrapSpace{1.5mm}：TrapMoveUp(1, true, Convert.ToString(vel), Convert.ToString(TrapSpace), true, true）
2023-05-09 17:31:33,624 [AppLog] INFO : 手动正向点动指令（8轴运控板卡系统） ====》：输出AXIS{第8轴},点动量{0.6MM},运动速度{2.5MM/s}
2023-05-09 17:31:33,624 [AppLog] INFO : Hopper落粉轴转2圈落粉，速度0.5rev/s：TrapMoveUp(8, true, 0.5, rotateNuM.ToString(), true, false)
2023-05-09 17:31:34,625 [AppLog] INFO : 开启铺粉车不等停运动至准备打印位置215mm，速度250mm/s：BackToStation2
2023-05-09 17:31:35,494 [AppLog] INFO : 手动正向点动指令（8轴运控板卡系统） ====》：输出AXIS{第2轴},点动量{216.5MM},运动速度{250MM/s}
2023-05-09 17:31:35,494 [AppLog] INFO : 当前铺粉车位置：打印位置215mm
2023-05-09 17:31:35,496 [AppLog] INFO : 手动正向点动指令（8轴运控板卡系统） ====》：输出AXIS{第2轴},点动量{480MM},运动速度{70MM/s}
2023-05-09 17:31:35,496 [AppLog] INFO : 开启铺粉车不等停运动至站2，速度0.5rev/s：BackToStation2
2023-05-09 17:31:35,605 [AppLog] INFO : 打开IR灯：OpenIRLamp(true)
2023-05-09 17:31:35,738 [AppLog] INFO : 手动正向点动指令（8轴运控板卡系统） ====》：输出AXIS{第3轴},点动量{0.125MM},运动速度{1MM/s}
2023-05-09 17:31:35,738 [AppLog] INFO : 在{40mm}处，落粉轴运动{45度}，落粉轴转速{1rev/s}：TrapMoveUp(3, true, Convert.ToString(DispenseRollerSpeed), 0.5, true, true)
2023-05-09 17:31:35,739 [AppLog] INFO : 手动正向点动指令（8轴运控板卡系统） ====》：输出AXIS{第3轴},点动量{0.5MM},运动速度{0.105479452054795MM/s}
2023-05-09 17:31:35,740 [AppLog] INFO : 开启均匀落粉及辊子铺平运动：TrapMoveUp(3, true, Convert.ToString(DispenseRollerSpeed), 0.5, true, true)
2023-05-09 17:31:39,834 [AppLog] INFO : 关闭IR灯：OpenIRLamp(false)
2023-05-09 17:31:41,547 [AppLog] INFO : 手动正向点动指令（8轴运控板卡系统） ====》：输出AXIS{第3轴},点动量{0.5MM},运动速度{2MM/s}
2023-05-09 17:31:41,547 [AppLog] INFO : 落粉轴继续转动以倒掉余粉：TrapMoveUp(3, true, 2, 0.5, true, false)
2023-05-09 17:31:42,356 [AppLog] INFO : 电气控制模块：手动打开端口15
2023-05-09 17:31:43,132 [AppLog] INFO : 手动正向点动指令（8轴运控板卡系统） ====》：输出AXIS{第1轴},点动量{-1.5MM},运动速度{2MM/s}
2023-05-09 17:31:43,132 [AppLog] INFO : 电气控制模块：手动关闭端口15
2023-05-09 17:31:43,133 [AppLog] INFO : 成形面高度下降指定厚度 TrapSpace{1.5mm}：TrapMoveUp(1, true, Convert.ToString(vel), Convert.ToString(TrapSpace), true, true）
2023-05-09 17:31:45,922 [AppLog] INFO : 手动正向点动指令（8轴运控板卡系统） ====》：输出AXIS{第2轴},点动量{-696.5MM},运动速度{250MM/s}
2023-05-09 17:31:45,922 [AppLog] INFO : 铺粉车返回至站1：BackToStation2(AimPos, MovSpeed, true)：-1.5mm，速度250mm/s：BackToStation2
2023-05-09 17:31:46,674 [AppLog] INFO : 落粉轴回零成功：motionMap.SetBackSpreaderAxis(3, 0.5, 2, -SinkPosition)：ReturnCode{True}
2023-05-09 17:31:46,674 [AppLog] INFO : 电气控制模块：手动打开端口15
2023-05-09 17:31:47,450 [AppLog] INFO : 手动正向点动指令（8轴运控板卡系统） ====》：输出AXIS{第1轴},点动量{1.5MM},运动速度{2MM/s}
2023-05-09 17:31:47,450 [AppLog] INFO : 电气控制模块：手动关闭端口15
2023-05-09 17:31:47,450 [AppLog] INFO : 成形面高度上升层厚 TrapSpace{1.5mm}：TrapMoveUp(1, true, Convert.ToString(vel), Convert.ToString(TrapSpace), true, true）
2023-05-09 17:31:47,451 [AppLog] INFO : 手动铺粉正常结束：NewAutoSupplyPowderThread
2023-05-09 17:31:47,451 [AppLog] INFO : 发送监控指令，拍照记录1条：SendMessageFromSharedMemory
2023-05-09 17:32:10,982 [AppLog] INFO : 手动停止自动进给铺粉过程：AutoSupplyPowderBtn_Click
2023-05-09 17:32:11,395 [AppLog] INFO : 手动开启自动进给铺粉过程：AutoSupplyPowderBtn_Click
2023-05-09 17:32:11,769 [AppLog] INFO : 手动开启自动进给铺粉过程：AutoSupplyPowderBtn_Click
2023-05-09 17:32:11,770 [AppLog] INFO : 开启手动铺粉逻辑：NewAutoSupplyPowderThread
2023-05-09 17:32:11,770 [AppLog] INFO : 电气控制模块：手动打开端口15
2023-05-09 17:32:11,836 [AppLog] INFO : 手动正向点动指令（8轴运控板卡系统） ====》：输出AXIS{第1轴},点动量{-0.08MM},运动速度{2MM/s}
2023-05-09 17:32:11,837 [AppLog] INFO : 成形面高度下降层厚 TrapSpace{0.08mm}：TrapMoveUp(1, true, Convert.ToString(vel), Convert.ToString(TrapSpace), true, true）
2023-05-09 17:32:12,613 [AppLog] INFO : 手动正向点动指令（8轴运控板卡系统） ====》：输出AXIS{第1轴},点动量{-1.5MM},运动速度{2MM/s}
2023-05-09 17:32:12,613 [AppLog] INFO : 成形面高度下降指定厚度 TrapSpace{1.5mm}：TrapMoveUp(1, true, Convert.ToString(vel), Convert.ToString(TrapSpace), true, true）
2023-05-09 17:32:13,389 [AppLog] INFO : 手动正向点动指令（8轴运控板卡系统） ====》：输出AXIS{第1轴},点动量{1.5MM},运动速度{2MM/s}
2023-05-09 17:32:13,389 [AppLog] INFO : 电气控制模块：手动关闭端口15
2023-05-09 17:32:13,389 [AppLog] INFO : 成形面高度上升层厚 TrapSpace{1.5mm}：TrapMoveUp(1, true, Convert.ToString(vel), Convert.ToString(TrapSpace), true, true）
2023-05-09 17:32:13,638 [AppLog] INFO : 手动正向点动指令（8轴运控板卡系统） ====》：输出AXIS{第8轴},点动量{0.6MM},运动速度{2.5MM/s}
2023-05-09 17:32:13,639 [AppLog] INFO : Hopper落粉轴转2圈落粉，速度0.5rev/s：TrapMoveUp(8, true, 0.5, rotateNuM.ToString(), true, false)
2023-05-09 17:32:14,639 [AppLog] INFO : 开启铺粉车不等停运动至准备打印位置215mm，速度250mm/s：BackToStation2
2023-05-09 17:32:15,508 [AppLog] INFO : 手动正向点动指令（8轴运控板卡系统） ====》：输出AXIS{第2轴},点动量{216.5MM},运动速度{250MM/s}
2023-05-09 17:32:15,508 [AppLog] INFO : 当前铺粉车位置：打印位置215mm
2023-05-09 17:32:15,510 [AppLog] INFO : 手动正向点动指令（8轴运控板卡系统） ====》：输出AXIS{第2轴},点动量{480MM},运动速度{70MM/s}
2023-05-09 17:32:15,510 [AppLog] INFO : 开启铺粉车不等停运动至站2，速度0.5rev/s：BackToStation2
2023-05-09 17:32:15,619 [AppLog] INFO : 打开IR灯：OpenIRLamp(true)
2023-05-09 17:32:15,752 [AppLog] INFO : 手动正向点动指令（8轴运控板卡系统） ====》：输出AXIS{第3轴},点动量{0.125MM},运动速度{1MM/s}
2023-05-09 17:32:15,752 [AppLog] INFO : 在{40mm}处，落粉轴运动{45度}，落粉轴转速{1rev/s}：TrapMoveUp(3, true, Convert.ToString(DispenseRollerSpeed), 0.5, true, true)
2023-05-09 17:32:15,753 [AppLog] INFO : 手动正向点动指令（8轴运控板卡系统） ====》：输出AXIS{第3轴},点动量{0.5MM},运动速度{0.105479452054795MM/s}
2023-05-09 17:32:15,753 [AppLog] INFO : 开启均匀落粉及辊子铺平运动：TrapMoveUp(3, true, Convert.ToString(DispenseRollerSpeed), 0.5, true, true)
2023-05-09 17:32:19,847 [AppLog] INFO : 关闭IR灯：OpenIRLamp(false)
2023-05-09 17:32:21,560 [AppLog] INFO : 手动正向点动指令（8轴运控板卡系统） ====》：输出AXIS{第3轴},点动量{0.5MM},运动速度{2MM/s}
2023-05-09 17:32:21,561 [AppLog] INFO : 落粉轴继续转动以倒掉余粉：TrapMoveUp(3, true, 2, 0.5, true, false)
2023-05-09 17:32:22,370 [AppLog] INFO : 电气控制模块：手动打开端口15
2023-05-09 17:32:23,145 [AppLog] INFO : 手动正向点动指令（8轴运控板卡系统） ====》：输出AXIS{第1轴},点动量{-1.5MM},运动速度{2MM/s}
2023-05-09 17:32:23,146 [AppLog] INFO : 电气控制模块：手动关闭端口15
2023-05-09 17:32:23,146 [AppLog] INFO : 成形面高度下降指定厚度 TrapSpace{1.5mm}：TrapMoveUp(1, true, Convert.ToString(vel), Convert.ToString(TrapSpace), true, true）
2023-05-09 17:32:25,935 [AppLog] INFO : 手动正向点动指令（8轴运控板卡系统） ====》：输出AXIS{第2轴},点动量{-696.5MM},运动速度{250MM/s}
2023-05-09 17:32:25,936 [AppLog] INFO : 铺粉车返回至站1：BackToStation2(AimPos, MovSpeed, true)：-1.5mm，速度250mm/s：BackToStation2
2023-05-09 17:32:26,687 [AppLog] INFO : 落粉轴回零成功：motionMap.SetBackSpreaderAxis(3, 0.5, 2, -SinkPosition)：ReturnCode{True}
2023-05-09 17:32:26,687 [AppLog] INFO : 电气控制模块：手动打开端口15
2023-05-09 17:32:27,463 [AppLog] INFO : 手动正向点动指令（8轴运控板卡系统） ====》：输出AXIS{第1轴},点动量{1.5MM},运动速度{2MM/s}
2023-05-09 17:32:27,463 [AppLog] INFO : 电气控制模块：手动关闭端口15
2023-05-09 17:32:27,463 [AppLog] INFO : 成形面高度上升层厚 TrapSpace{1.5mm}：TrapMoveUp(1, true, Convert.ToString(vel), Convert.ToString(TrapSpace), true, true）
2023-05-09 17:32:27,464 [AppLog] INFO : 手动铺粉正常结束：NewAutoSupplyPowderThread
2023-05-09 17:32:27,464 [AppLog] INFO : 发送监控指令，拍照记录1条：SendMessageFromSharedMemory
2023-05-09 17:32:45,790 [AppLog] INFO : 手动停止自动进给铺粉过程：AutoSupplyPowderBtn_Click
2023-05-09 17:32:46,347 [AppLog] INFO : 手动开启自动进给铺粉过程：AutoSupplyPowderBtn_Click
2023-05-09 17:32:46,955 [AppLog] INFO : 手动开启自动进给铺粉过程：AutoSupplyPowderBtn_Click
2023-05-09 17:32:46,956 [AppLog] INFO : 开启手动铺粉逻辑：NewAutoSupplyPowderThread
2023-05-09 17:32:46,957 [AppLog] INFO : 电气控制模块：手动打开端口15
2023-05-09 17:32:47,022 [AppLog] INFO : 手动正向点动指令（8轴运控板卡系统） ====》：输出AXIS{第1轴},点动量{-0.08MM},运动速度{2MM/s}
2023-05-09 17:32:47,023 [AppLog] INFO : 成形面高度下降层厚 TrapSpace{0.08mm}：TrapMoveUp(1, true, Convert.ToString(vel), Convert.ToString(TrapSpace), true, true）
2023-05-09 17:32:47,799 [AppLog] INFO : 手动正向点动指令（8轴运控板卡系统） ====》：输出AXIS{第1轴},点动量{-1.5MM},运动速度{2MM/s}
2023-05-09 17:32:47,800 [AppLog] INFO : 成形面高度下降指定厚度 TrapSpace{1.5mm}：TrapMoveUp(1, true, Convert.ToString(vel), Convert.ToString(TrapSpace), true, true）
2023-05-09 17:32:48,575 [AppLog] INFO : 手动正向点动指令（8轴运控板卡系统） ====》：输出AXIS{第1轴},点动量{1.5MM},运动速度{2MM/s}
2023-05-09 17:32:48,576 [AppLog] INFO : 电气控制模块：手动关闭端口15
2023-05-09 17:32:48,576 [AppLog] INFO : 成形面高度上升层厚 TrapSpace{1.5mm}：TrapMoveUp(1, true, Convert.ToString(vel), Convert.ToString(TrapSpace), true, true）
2023-05-09 17:32:48,825 [AppLog] INFO : 手动正向点动指令（8轴运控板卡系统） ====》：输出AXIS{第8轴},点动量{0.6MM},运动速度{2.5MM/s}
2023-05-09 17:32:48,825 [AppLog] INFO : Hopper落粉轴转2圈落粉，速度0.5rev/s：TrapMoveUp(8, true, 0.5, rotateNuM.ToString(), true, false)
2023-05-09 17:32:49,825 [AppLog] INFO : 开启铺粉车不等停运动至准备打印位置215mm，速度250mm/s：BackToStation2
2023-05-09 17:32:50,694 [AppLog] INFO : 手动正向点动指令（8轴运控板卡系统） ====》：输出AXIS{第2轴},点动量{216.5MM},运动速度{250MM/s}
2023-05-09 17:32:50,694 [AppLog] INFO : 当前铺粉车位置：打印位置215mm
2023-05-09 17:32:50,696 [AppLog] INFO : 手动正向点动指令（8轴运控板卡系统） ====》：输出AXIS{第2轴},点动量{480MM},运动速度{70MM/s}
2023-05-09 17:32:50,696 [AppLog] INFO : 开启铺粉车不等停运动至站2，速度0.5rev/s：BackToStation2
2023-05-09 17:32:50,865 [AppLog] INFO : 打开IR灯：OpenIRLamp(true)
2023-05-09 17:32:50,998 [AppLog] INFO : 手动正向点动指令（8轴运控板卡系统） ====》：输出AXIS{第3轴},点动量{0.125MM},运动速度{1MM/s}
2023-05-09 17:32:50,998 [AppLog] INFO : 在{40mm}处，落粉轴运动{45度}，落粉轴转速{1rev/s}：TrapMoveUp(3, true, Convert.ToString(DispenseRollerSpeed), 0.5, true, true)
2023-05-09 17:32:50,999 [AppLog] INFO : 手动正向点动指令（8轴运控板卡系统） ====》：输出AXIS{第3轴},点动量{0.5MM},运动速度{0.105479452054795MM/s}
2023-05-09 17:32:50,999 [AppLog] INFO : 开启均匀落粉及辊子铺平运动：TrapMoveUp(3, true, Convert.ToString(DispenseRollerSpeed), 0.5, true, true)
2023-05-09 17:32:55,052 [AppLog] INFO : 关闭IR灯：OpenIRLamp(false)
2023-05-09 17:32:56,746 [AppLog] INFO : 手动正向点动指令（8轴运控板卡系统） ====》：输出AXIS{第3轴},点动量{0.5MM},运动速度{2MM/s}
2023-05-09 17:32:56,746 [AppLog] INFO : 落粉轴继续转动以倒掉余粉：TrapMoveUp(3, true, 2, 0.5, true, false)
2023-05-09 17:32:57,555 [AppLog] INFO : 电气控制模块：手动打开端口15
2023-05-09 17:32:58,331 [AppLog] INFO : 手动正向点动指令（8轴运控板卡系统） ====》：输出AXIS{第1轴},点动量{-1.5MM},运动速度{2MM/s}
2023-05-09 17:32:58,332 [AppLog] INFO : 电气控制模块：手动关闭端口15
2023-05-09 17:32:58,332 [AppLog] INFO : 成形面高度下降指定厚度 TrapSpace{1.5mm}：TrapMoveUp(1, true, Convert.ToString(vel), Convert.ToString(TrapSpace), true, true）
2023-05-09 17:33:01,121 [AppLog] INFO : 手动正向点动指令（8轴运控板卡系统） ====》：输出AXIS{第2轴},点动量{-696.5MM},运动速度{250MM/s}
2023-05-09 17:33:01,121 [AppLog] INFO : 铺粉车返回至站1：BackToStation2(AimPos, MovSpeed, true)：-1.5mm，速度250mm/s：BackToStation2
2023-05-09 17:33:01,873 [AppLog] INFO : 落粉轴回零成功：motionMap.SetBackSpreaderAxis(3, 0.5, 2, -SinkPosition)：ReturnCode{True}
2023-05-09 17:33:01,873 [AppLog] INFO : 电气控制模块：手动打开端口15
2023-05-09 17:33:02,649 [AppLog] INFO : 手动正向点动指令（8轴运控板卡系统） ====》：输出AXIS{第1轴},点动量{1.5MM},运动速度{2MM/s}
2023-05-09 17:33:02,649 [AppLog] INFO : 电气控制模块：手动关闭端口15
2023-05-09 17:33:02,649 [AppLog] INFO : 成形面高度上升层厚 TrapSpace{1.5mm}：TrapMoveUp(1, true, Convert.ToString(vel), Convert.ToString(TrapSpace), true, true）
2023-05-09 17:33:02,650 [AppLog] INFO : 手动铺粉正常结束：NewAutoSupplyPowderThread
2023-05-09 17:33:02,650 [AppLog] INFO : 发送监控指令，拍照记录1条：SendMessageFromSharedMemory
2023-05-09 17:33:30,053 [AppLog] INFO : 手动停止自动进给铺粉过程：AutoSupplyPowderBtn_Click
2023-05-09 17:33:30,399 [AppLog] INFO : 手动开启自动进给铺粉过程：AutoSupplyPowderBtn_Click
2023-05-09 17:33:30,796 [AppLog] INFO : 手动开启自动进给铺粉过程：AutoSupplyPowderBtn_Click
2023-05-09 17:33:30,796 [AppLog] INFO : 开启手动铺粉逻辑：NewAutoSupplyPowderThread
2023-05-09 17:33:30,797 [AppLog] INFO : 电气控制模块：手动打开端口15
2023-05-09 17:33:30,863 [AppLog] INFO : 手动正向点动指令（8轴运控板卡系统） ====》：输出AXIS{第1轴},点动量{-0.08MM},运动速度{2MM/s}
2023-05-09 17:33:30,863 [AppLog] INFO : 成形面高度下降层厚 TrapSpace{0.08mm}：TrapMoveUp(1, true, Convert.ToString(vel), Convert.ToString(TrapSpace), true, true）
2023-05-09 17:33:31,639 [AppLog] INFO : 手动正向点动指令（8轴运控板卡系统） ====》：输出AXIS{第1轴},点动量{-1.5MM},运动速度{2MM/s}
2023-05-09 17:33:31,639 [AppLog] INFO : 成形面高度下降指定厚度 TrapSpace{1.5mm}：TrapMoveUp(1, true, Convert.ToString(vel), Convert.ToString(TrapSpace), true, true）
2023-05-09 17:33:32,415 [AppLog] INFO : 手动正向点动指令（8轴运控板卡系统） ====》：输出AXIS{第1轴},点动量{1.5MM},运动速度{2MM/s}
2023-05-09 17:33:32,415 [AppLog] INFO : 电气控制模块：手动关闭端口15
2023-05-09 17:33:32,415 [AppLog] INFO : 成形面高度上升层厚 TrapSpace{1.5mm}：TrapMoveUp(1, true, Convert.ToString(vel), Convert.ToString(TrapSpace), true, true）
2023-05-09 17:33:32,663 [AppLog] INFO : 手动正向点动指令（8轴运控板卡系统） ====》：输出AXIS{第8轴},点动量{0.6MM},运动速度{2.5MM/s}
2023-05-09 17:33:32,664 [AppLog] INFO : Hopper落粉轴转2圈落粉，速度0.5rev/s：TrapMoveUp(8, true, 0.5, rotateNuM.ToString(), true, false)
2023-05-09 17:33:33,664 [AppLog] INFO : 开启铺粉车不等停运动至准备打印位置215mm，速度250mm/s：BackToStation2
2023-05-09 17:33:34,533 [AppLog] INFO : 手动正向点动指令（8轴运控板卡系统） ====》：输出AXIS{第2轴},点动量{216.5MM},运动速度{250MM/s}
2023-05-09 17:33:34,533 [AppLog] INFO : 当前铺粉车位置：打印位置215mm
2023-05-09 17:33:34,535 [AppLog] INFO : 手动正向点动指令（8轴运控板卡系统） ====》：输出AXIS{第2轴},点动量{480MM},运动速度{70MM/s}
2023-05-09 17:33:34,535 [AppLog] INFO : 开启铺粉车不等停运动至站2，速度0.5rev/s：BackToStation2
2023-05-09 17:33:34,645 [AppLog] INFO : 打开IR灯：OpenIRLamp(true)
2023-05-09 17:33:34,777 [AppLog] INFO : 手动正向点动指令（8轴运控板卡系统） ====》：输出AXIS{第3轴},点动量{0.125MM},运动速度{1MM/s}
2023-05-09 17:33:34,777 [AppLog] INFO : 在{40mm}处，落粉轴运动{45度}，落粉轴转速{1rev/s}：TrapMoveUp(3, true, Convert.ToString(DispenseRollerSpeed), 0.5, true, true)
2023-05-09 17:33:34,778 [AppLog] INFO : 手动正向点动指令（8轴运控板卡系统） ====》：输出AXIS{第3轴},点动量{0.5MM},运动速度{0.105479452054795MM/s}
2023-05-09 17:33:34,778 [AppLog] INFO : 开启均匀落粉及辊子铺平运动：TrapMoveUp(3, true, Convert.ToString(DispenseRollerSpeed), 0.5, true, true)
2023-05-09 17:33:38,872 [AppLog] INFO : 关闭IR灯：OpenIRLamp(false)
2023-05-09 17:33:40,586 [AppLog] INFO : 手动正向点动指令（8轴运控板卡系统） ====》：输出AXIS{第3轴},点动量{0.5MM},运动速度{2MM/s}
2023-05-09 17:33:40,586 [AppLog] INFO : 落粉轴继续转动以倒掉余粉：TrapMoveUp(3, true, 2, 0.5, true, false)
2023-05-09 17:33:41,396 [AppLog] INFO : 电气控制模块：手动打开端口15
2023-05-09 17:33:42,171 [AppLog] INFO : 手动正向点动指令（8轴运控板卡系统） ====》：输出AXIS{第1轴},点动量{-1.5MM},运动速度{2MM/s}
2023-05-09 17:33:42,172 [AppLog] INFO : 电气控制模块：手动关闭端口15
2023-05-09 17:33:42,172 [AppLog] INFO : 成形面高度下降指定厚度 TrapSpace{1.5mm}：TrapMoveUp(1, true, Convert.ToString(vel), Convert.ToString(TrapSpace), true, true）
2023-05-09 17:33:44,961 [AppLog] INFO : 手动正向点动指令（8轴运控板卡系统） ====》：输出AXIS{第2轴},点动量{-696.5MM},运动速度{250MM/s}
2023-05-09 17:33:44,961 [AppLog] INFO : 铺粉车返回至站1：BackToStation2(AimPos, MovSpeed, true)：-1.5mm，速度250mm/s：BackToStation2
2023-05-09 17:33:45,713 [AppLog] INFO : 落粉轴回零成功：motionMap.SetBackSpreaderAxis(3, 0.5, 2, -SinkPosition)：ReturnCode{True}
2023-05-09 17:33:45,713 [AppLog] INFO : 电气控制模块：手动打开端口15
2023-05-09 17:33:46,489 [AppLog] INFO : 手动正向点动指令（8轴运控板卡系统） ====》：输出AXIS{第1轴},点动量{1.5MM},运动速度{2MM/s}
2023-05-09 17:33:46,489 [AppLog] INFO : 电气控制模块：手动关闭端口15
2023-05-09 17:33:46,489 [AppLog] INFO : 成形面高度上升层厚 TrapSpace{1.5mm}：TrapMoveUp(1, true, Convert.ToString(vel), Convert.ToString(TrapSpace), true, true）
2023-05-09 17:33:46,490 [AppLog] INFO : 手动铺粉正常结束：NewAutoSupplyPowderThread
2023-05-09 17:33:46,490 [AppLog] INFO : 发送监控指令，拍照记录1条：SendMessageFromSharedMemory
2023-05-09 17:33:57,295 [AppLog] INFO : 退出手动调试子模块，未执行修改
==========================================================================
2023-05-09 17:34:13,244 [AppLog] INFO : 进入手动调试子模块！
2023-05-09 17:34:13,244 [AppLog] INFO : 进入：ManulBtn_Click=》准备创建对象-手动操作！
2023-05-09 17:34:13,259 [AppLog] INFO : 创建：ManualControl=》创建完成-手动操作！
2023-05-09 17:34:13,275 [AppLog] INFO : 加载成功：温控Modbus接口！
2023-05-09 17:34:14,304 [AppLog] INFO : 手动开启自动进给铺粉过程：AutoSupplyPowderBtn_Click
2023-05-09 17:34:14,304 [AppLog] INFO : 开启手动铺粉逻辑：NewAutoSupplyPowderThread
2023-05-09 17:34:14,304 [AppLog] INFO : 电气控制模块：手动打开端口15
2023-05-09 17:34:14,367 [AppLog] INFO : 手动正向点动指令（8轴运控板卡系统） ====》：输出AXIS{第1轴},点动量{-0.08MM},运动速度{2MM/s}
2023-05-09 17:34:14,382 [AppLog] INFO : 成形面高度下降层厚 TrapSpace{0.08mm}：TrapMoveUp(1, true, Convert.ToString(vel), Convert.ToString(TrapSpace), true, true）
2023-05-09 17:34:15,147 [AppLog] INFO : 手动正向点动指令（8轴运控板卡系统） ====》：输出AXIS{第1轴},点动量{-1.5MM},运动速度{2MM/s}
2023-05-09 17:34:15,147 [AppLog] INFO : 成形面高度下降指定厚度 TrapSpace{1.5mm}：TrapMoveUp(1, true, Convert.ToString(vel), Convert.ToString(TrapSpace), true, true）
2023-05-09 17:34:15,927 [AppLog] INFO : 手动正向点动指令（8轴运控板卡系统） ====》：输出AXIS{第1轴},点动量{1.5MM},运动速度{2MM/s}
2023-05-09 17:34:15,927 [AppLog] INFO : 电气控制模块：手动关闭端口15
2023-05-09 17:34:15,927 [AppLog] INFO : 成形面高度上升层厚 TrapSpace{1.5mm}：TrapMoveUp(1, true, Convert.ToString(vel), Convert.ToString(TrapSpace), true, true）
2023-05-09 17:34:16,176 [AppLog] INFO : 手动正向点动指令（8轴运控板卡系统） ====》：输出AXIS{第8轴},点动量{0.6MM},运动速度{2.5MM/s}
2023-05-09 17:34:16,176 [AppLog] INFO : Hopper落粉轴转2圈落粉，速度0.5rev/s：TrapMoveUp(8, true, 0.5, rotateNuM.ToString(), true, false)
2023-05-09 17:34:17,190 [AppLog] INFO : 开启铺粉车不等停运动至准备打印位置215mm，速度250mm/s：BackToStation2
2023-05-09 17:34:18,048 [AppLog] INFO : 手动正向点动指令（8轴运控板卡系统） ====》：输出AXIS{第2轴},点动量{216.5MM},运动速度{250MM/s}
2023-05-09 17:34:18,048 [AppLog] INFO : 当前铺粉车位置：打印位置215mm
2023-05-09 17:34:18,048 [AppLog] INFO : 手动正向点动指令（8轴运控板卡系统） ====》：输出AXIS{第2轴},点动量{480MM},运动速度{70MM/s}
2023-05-09 17:34:18,048 [AppLog] INFO : 开启铺粉车不等停运动至站2，速度0.5rev/s：BackToStation2
2023-05-09 17:34:18,173 [AppLog] INFO : 打开IR灯：OpenIRLamp(true)
2023-05-09 17:34:18,314 [AppLog] INFO : 手动正向点动指令（8轴运控板卡系统） ====》：输出AXIS{第3轴},点动量{0.125MM},运动速度{1MM/s}
2023-05-09 17:34:18,314 [AppLog] INFO : 在{40mm}处，落粉轴运动{45度}，落粉轴转速{1rev/s}：TrapMoveUp(3, true, Convert.ToString(DispenseRollerSpeed), 0.5, true, true)
2023-05-09 17:34:18,314 [AppLog] INFO : 手动正向点动指令（8轴运控板卡系统） ====》：输出AXIS{第3轴},点动量{0.5MM},运动速度{0.105479452054795MM/s}
2023-05-09 17:34:18,314 [AppLog] INFO : 开启均匀落粉及辊子铺平运动：TrapMoveUp(3, true, Convert.ToString(DispenseRollerSpeed), 0.5, true, true)
2023-05-09 17:34:22,385 [AppLog] INFO : 关闭IR灯：OpenIRLamp(false)
2023-05-09 17:34:24,101 [AppLog] INFO : 手动正向点动指令（8轴运控板卡系统） ====》：输出AXIS{第3轴},点动量{0.5MM},运动速度{2MM/s}
2023-05-09 17:34:24,101 [AppLog] INFO : 落粉轴继续转动以倒掉余粉：TrapMoveUp(3, true, 2, 0.5, true, false)
2023-05-09 17:34:24,912 [AppLog] INFO : 电气控制模块：手动打开端口15
2023-05-09 17:34:25,505 [AppLog] INFO : 退出手动调试子模块，未执行修改
==========================================================================
2023-05-09 17:34:25,692 [AppLog] INFO : 手动正向点动指令（8轴运控板卡系统） ====》：输出AXIS{第1轴},点动量{-1.5MM},运动速度{2MM/s}
2023-05-09 17:34:25,692 [AppLog] INFO : 电气控制模块：手动关闭端口15
2023-05-09 17:34:25,692 [AppLog] INFO : 成形面高度下降指定厚度 TrapSpace{1.5mm}：TrapMoveUp(1, true, Convert.ToString(vel), Convert.ToString(TrapSpace), true, true）
2023-05-09 17:34:28,479 [AppLog] INFO : 手动正向点动指令（8轴运控板卡系统） ====》：输出AXIS{第2轴},点动量{-696.5MM},运动速度{250MM/s}
2023-05-09 17:34:28,479 [AppLog] INFO : 铺粉车返回至站1：BackToStation2(AimPos, MovSpeed, true)：-1.5mm，速度250mm/s：BackToStation2
2023-05-09 17:34:29,259 [AppLog] INFO : 落粉轴回零成功：motionMap.SetBackSpreaderAxis(3, 0.5, 2, -SinkPosition)：ReturnCode{True}
2023-05-09 17:34:29,259 [AppLog] INFO : 电气控制模块：手动打开端口15
2023-05-09 17:34:30,024 [AppLog] INFO : 手动正向点动指令（8轴运控板卡系统） ====》：输出AXIS{第1轴},点动量{1.5MM},运动速度{2MM/s}
2023-05-09 17:34:30,024 [AppLog] INFO : 电气控制模块：手动关闭端口15
2023-05-09 17:34:30,024 [AppLog] INFO : 成形面高度上升层厚 TrapSpace{1.5mm}：TrapMoveUp(1, true, Convert.ToString(vel), Convert.ToString(TrapSpace), true, true）
2023-05-09 17:34:30,024 [AppLog] INFO : 手动铺粉正常结束：NewAutoSupplyPowderThread
2023-05-09 17:34:30,024 [AppLog] INFO : 发送监控指令，拍照记录1条：SendMessageFromSharedMemory
2023-05-09 17:34:52,305 [AppLog] INFO : 进入手动调试子模块！
2023-05-09 17:34:52,305 [AppLog] INFO : 进入：ManulBtn_Click=》准备创建对象-手动操作！
2023-05-09 17:34:52,364 [AppLog] INFO : 创建：ManualControl=》创建完成-手动操作！
2023-05-09 17:34:52,365 [AppLog] INFO : 加载成功：温控Modbus接口！
2023-05-09 17:34:54,658 [AppLog] INFO : 手动开启自动进给铺粉过程：AutoSupplyPowderBtn_Click
2023-05-09 17:34:54,659 [AppLog] INFO : 开启手动铺粉逻辑：NewAutoSupplyPowderThread
2023-05-09 17:34:54,661 [AppLog] INFO : 电气控制模块：手动打开端口15
2023-05-09 17:34:54,726 [AppLog] INFO : 手动正向点动指令（8轴运控板卡系统） ====》：输出AXIS{第1轴},点动量{-0.08MM},运动速度{2MM/s}
2023-05-09 17:34:54,727 [AppLog] INFO : 成形面高度下降层厚 TrapSpace{0.08mm}：TrapMoveUp(1, true, Convert.ToString(vel), Convert.ToString(TrapSpace), true, true）
2023-05-09 17:34:55,502 [AppLog] INFO : 手动正向点动指令（8轴运控板卡系统） ====》：输出AXIS{第1轴},点动量{-1.5MM},运动速度{2MM/s}
2023-05-09 17:34:55,503 [AppLog] INFO : 成形面高度下降指定厚度 TrapSpace{1.5mm}：TrapMoveUp(1, true, Convert.ToString(vel), Convert.ToString(TrapSpace), true, true）
2023-05-09 17:34:56,278 [AppLog] INFO : 手动正向点动指令（8轴运控板卡系统） ====》：输出AXIS{第1轴},点动量{1.5MM},运动速度{2MM/s}
2023-05-09 17:34:56,279 [AppLog] INFO : 电气控制模块：手动关闭端口15
2023-05-09 17:34:56,279 [AppLog] INFO : 成形面高度上升层厚 TrapSpace{1.5mm}：TrapMoveUp(1, true, Convert.ToString(vel), Convert.ToString(TrapSpace), true, true）
2023-05-09 17:34:56,528 [AppLog] INFO : 手动正向点动指令（8轴运控板卡系统） ====》：输出AXIS{第8轴},点动量{0.6MM},运动速度{2.5MM/s}
2023-05-09 17:34:56,528 [AppLog] INFO : Hopper落粉轴转2圈落粉，速度0.5rev/s：TrapMoveUp(8, true, 0.5, rotateNuM.ToString(), true, false)
2023-05-09 17:34:57,529 [AppLog] INFO : 开启铺粉车不等停运动至准备打印位置215mm，速度250mm/s：BackToStation2
2023-05-09 17:34:58,398 [AppLog] INFO : 手动正向点动指令（8轴运控板卡系统） ====》：输出AXIS{第2轴},点动量{216.5MM},运动速度{250MM/s}
2023-05-09 17:34:58,399 [AppLog] INFO : 当前铺粉车位置：打印位置215mm
2023-05-09 17:34:58,400 [AppLog] INFO : 手动正向点动指令（8轴运控板卡系统） ====》：输出AXIS{第2轴},点动量{480MM},运动速度{70MM/s}
2023-05-09 17:34:58,401 [AppLog] INFO : 开启铺粉车不等停运动至站2，速度0.5rev/s：BackToStation2
2023-05-09 17:34:58,522 [AppLog] INFO : 打开IR灯：OpenIRLamp(true)
2023-05-09 17:34:58,655 [AppLog] INFO : 手动正向点动指令（8轴运控板卡系统） ====》：输出AXIS{第3轴},点动量{0.125MM},运动速度{1MM/s}
2023-05-09 17:34:58,655 [AppLog] INFO : 在{40mm}处，落粉轴运动{45度}，落粉轴转速{1rev/s}：TrapMoveUp(3, true, Convert.ToString(DispenseRollerSpeed), 0.5, true, true)
2023-05-09 17:34:58,656 [AppLog] INFO : 手动正向点动指令（8轴运控板卡系统） ====》：输出AXIS{第3轴},点动量{0.5MM},运动速度{0.105479452054795MM/s}
2023-05-09 17:34:58,657 [AppLog] INFO : 开启均匀落粉及辊子铺平运动：TrapMoveUp(3, true, Convert.ToString(DispenseRollerSpeed), 0.5, true, true)
2023-05-09 17:35:02,729 [AppLog] INFO : 关闭IR灯：OpenIRLamp(false)
2023-05-09 17:35:04,452 [AppLog] INFO : 手动正向点动指令（8轴运控板卡系统） ====》：输出AXIS{第3轴},点动量{0.5MM},运动速度{2MM/s}
2023-05-09 17:35:04,452 [AppLog] INFO : 落粉轴继续转动以倒掉余粉：TrapMoveUp(3, true, 2, 0.5, true, false)
2023-05-09 17:35:05,261 [AppLog] INFO : 电气控制模块：手动打开端口15
2023-05-09 17:35:06,037 [AppLog] INFO : 手动正向点动指令（8轴运控板卡系统） ====》：输出AXIS{第1轴},点动量{-1.5MM},运动速度{2MM/s}
2023-05-09 17:35:06,038 [AppLog] INFO : 电气控制模块：手动关闭端口15
2023-05-09 17:35:06,038 [AppLog] INFO : 成形面高度下降指定厚度 TrapSpace{1.5mm}：TrapMoveUp(1, true, Convert.ToString(vel), Convert.ToString(TrapSpace), true, true）
2023-05-09 17:35:08,828 [AppLog] INFO : 手动正向点动指令（8轴运控板卡系统） ====》：输出AXIS{第2轴},点动量{-696.5MM},运动速度{250MM/s}
2023-05-09 17:35:08,828 [AppLog] INFO : 铺粉车返回至站1：BackToStation2(AimPos, MovSpeed, true)：-1.5mm，速度250mm/s：BackToStation2
2023-05-09 17:35:09,579 [AppLog] INFO : 落粉轴回零成功：motionMap.SetBackSpreaderAxis(3, 0.5, 2, -SinkPosition)：ReturnCode{True}
2023-05-09 17:35:09,579 [AppLog] INFO : 电气控制模块：手动打开端口15
2023-05-09 17:35:10,355 [AppLog] INFO : 手动正向点动指令（8轴运控板卡系统） ====》：输出AXIS{第1轴},点动量{1.5MM},运动速度{2MM/s}
2023-05-09 17:35:10,356 [AppLog] INFO : 电气控制模块：手动关闭端口15
2023-05-09 17:35:10,356 [AppLog] INFO : 成形面高度上升层厚 TrapSpace{1.5mm}：TrapMoveUp(1, true, Convert.ToString(vel), Convert.ToString(TrapSpace), true, true）
2023-05-09 17:35:10,357 [AppLog] INFO : 手动铺粉正常结束：NewAutoSupplyPowderThread
2023-05-09 17:35:10,358 [AppLog] INFO : 发送监控指令，拍照记录1条：SendMessageFromSharedMemory
2023-05-09 17:35:37,249 [AppLog] INFO : 手动停止自动进给铺粉过程：AutoSupplyPowderBtn_Click
2023-05-09 17:35:37,724 [AppLog] INFO : 手动开启自动进给铺粉过程：AutoSupplyPowderBtn_Click
2023-05-09 17:35:38,121 [AppLog] INFO : 手动开启自动进给铺粉过程：AutoSupplyPowderBtn_Click
2023-05-09 17:35:38,122 [AppLog] INFO : 开启手动铺粉逻辑：NewAutoSupplyPowderThread
2023-05-09 17:35:38,124 [AppLog] INFO : 电气控制模块：手动打开端口15
2023-05-09 17:35:38,189 [AppLog] INFO : 手动正向点动指令（8轴运控板卡系统） ====》：输出AXIS{第1轴},点动量{-0.08MM},运动速度{2MM/s}
2023-05-09 17:35:38,190 [AppLog] INFO : 成形面高度下降层厚 TrapSpace{0.08mm}：TrapMoveUp(1, true, Convert.ToString(vel), Convert.ToString(TrapSpace), true, true）
2023-05-09 17:35:38,965 [AppLog] INFO : 手动正向点动指令（8轴运控板卡系统） ====》：输出AXIS{第1轴},点动量{-1.5MM},运动速度{2MM/s}
2023-05-09 17:35:38,966 [AppLog] INFO : 成形面高度下降指定厚度 TrapSpace{1.5mm}：TrapMoveUp(1, true, Convert.ToString(vel), Convert.ToString(TrapSpace), true, true）
2023-05-09 17:35:39,741 [AppLog] INFO : 手动正向点动指令（8轴运控板卡系统） ====》：输出AXIS{第1轴},点动量{1.5MM},运动速度{2MM/s}
2023-05-09 17:35:39,742 [AppLog] INFO : 电气控制模块：手动关闭端口15
2023-05-09 17:35:39,742 [AppLog] INFO : 成形面高度上升层厚 TrapSpace{1.5mm}：TrapMoveUp(1, true, Convert.ToString(vel), Convert.ToString(TrapSpace), true, true）
2023-05-09 17:35:39,991 [AppLog] INFO : 手动正向点动指令（8轴运控板卡系统） ====》：输出AXIS{第8轴},点动量{0.6MM},运动速度{2.5MM/s}
2023-05-09 17:35:39,991 [AppLog] INFO : Hopper落粉轴转2圈落粉，速度0.5rev/s：TrapMoveUp(8, true, 0.5, rotateNuM.ToString(), true, false)
2023-05-09 17:35:40,991 [AppLog] INFO : 开启铺粉车不等停运动至准备打印位置215mm，速度250mm/s：BackToStation2
2023-05-09 17:35:41,860 [AppLog] INFO : 手动正向点动指令（8轴运控板卡系统） ====》：输出AXIS{第2轴},点动量{216.5MM},运动速度{250MM/s}
2023-05-09 17:35:41,860 [AppLog] INFO : 当前铺粉车位置：打印位置215mm
2023-05-09 17:35:41,862 [AppLog] INFO : 手动正向点动指令（8轴运控板卡系统） ====》：输出AXIS{第2轴},点动量{480MM},运动速度{70MM/s}
2023-05-09 17:35:41,862 [AppLog] INFO : 开启铺粉车不等停运动至站2，速度0.5rev/s：BackToStation2
2023-05-09 17:35:41,983 [AppLog] INFO : 打开IR灯：OpenIRLamp(true)
2023-05-09 17:35:42,115 [AppLog] INFO : 手动正向点动指令（8轴运控板卡系统） ====》：输出AXIS{第3轴},点动量{0.125MM},运动速度{1MM/s}
2023-05-09 17:35:42,116 [AppLog] INFO : 在{40mm}处，落粉轴运动{45度}，落粉轴转速{1rev/s}：TrapMoveUp(3, true, Convert.ToString(DispenseRollerSpeed), 0.5, true, true)
2023-05-09 17:35:42,117 [AppLog] INFO : 手动正向点动指令（8轴运控板卡系统） ====》：输出AXIS{第3轴},点动量{0.5MM},运动速度{0.105479452054795MM/s}
2023-05-09 17:35:42,117 [AppLog] INFO : 开启均匀落粉及辊子铺平运动：TrapMoveUp(3, true, Convert.ToString(DispenseRollerSpeed), 0.5, true, true)
2023-05-09 17:35:46,190 [AppLog] INFO : 关闭IR灯：OpenIRLamp(false)
2023-05-09 17:35:47,913 [AppLog] INFO : 手动正向点动指令（8轴运控板卡系统） ====》：输出AXIS{第3轴},点动量{0.5MM},运动速度{2MM/s}
2023-05-09 17:35:47,913 [AppLog] INFO : 落粉轴继续转动以倒掉余粉：TrapMoveUp(3, true, 2, 0.5, true, false)
2023-05-09 17:35:48,722 [AppLog] INFO : 电气控制模块：手动打开端口15
2023-05-09 17:35:49,497 [AppLog] INFO : 手动正向点动指令（8轴运控板卡系统） ====》：输出AXIS{第1轴},点动量{-1.5MM},运动速度{2MM/s}
2023-05-09 17:35:49,498 [AppLog] INFO : 电气控制模块：手动关闭端口15
2023-05-09 17:35:49,498 [AppLog] INFO : 成形面高度下降指定厚度 TrapSpace{1.5mm}：TrapMoveUp(1, true, Convert.ToString(vel), Convert.ToString(TrapSpace), true, true）
2023-05-09 17:35:52,287 [AppLog] INFO : 手动正向点动指令（8轴运控板卡系统） ====》：输出AXIS{第2轴},点动量{-696.5MM},运动速度{250MM/s}
2023-05-09 17:35:52,287 [AppLog] INFO : 铺粉车返回至站1：BackToStation2(AimPos, MovSpeed, true)：-1.5mm，速度250mm/s：BackToStation2
2023-05-09 17:35:53,039 [AppLog] INFO : 落粉轴回零成功：motionMap.SetBackSpreaderAxis(3, 0.5, 2, -SinkPosition)：ReturnCode{True}
2023-05-09 17:35:53,039 [AppLog] INFO : 电气控制模块：手动打开端口15
2023-05-09 17:35:53,815 [AppLog] INFO : 手动正向点动指令（8轴运控板卡系统） ====》：输出AXIS{第1轴},点动量{1.5MM},运动速度{2MM/s}
2023-05-09 17:35:53,815 [AppLog] INFO : 电气控制模块：手动关闭端口15
2023-05-09 17:35:53,815 [AppLog] INFO : 成形面高度上升层厚 TrapSpace{1.5mm}：TrapMoveUp(1, true, Convert.ToString(vel), Convert.ToString(TrapSpace), true, true）
2023-05-09 17:35:53,815 [AppLog] INFO : 手动铺粉正常结束：NewAutoSupplyPowderThread
2023-05-09 17:35:53,816 [AppLog] INFO : 发送监控指令，拍照记录1条：SendMessageFromSharedMemory
2023-05-09 17:36:23,664 [AppLog] INFO : 手动停止自动进给铺粉过程：AutoSupplyPowderBtn_Click
2023-05-09 17:36:24,091 [AppLog] INFO : 手动开启自动进给铺粉过程：AutoSupplyPowderBtn_Click
2023-05-09 17:36:24,479 [AppLog] INFO : 手动开启自动进给铺粉过程：AutoSupplyPowderBtn_Click
2023-05-09 17:36:24,480 [AppLog] INFO : 开启手动铺粉逻辑：NewAutoSupplyPowderThread
2023-05-09 17:36:24,482 [AppLog] INFO : 电气控制模块：手动打开端口15
2023-05-09 17:36:24,548 [AppLog] INFO : 手动正向点动指令（8轴运控板卡系统） ====》：输出AXIS{第1轴},点动量{-0.08MM},运动速度{2MM/s}
2023-05-09 17:36:24,549 [AppLog] INFO : 成形面高度下降层厚 TrapSpace{0.08mm}：TrapMoveUp(1, true, Convert.ToString(vel), Convert.ToString(TrapSpace), true, true）
2023-05-09 17:36:25,324 [AppLog] INFO : 手动正向点动指令（8轴运控板卡系统） ====》：输出AXIS{第1轴},点动量{-1.5MM},运动速度{2MM/s}
2023-05-09 17:36:25,325 [AppLog] INFO : 成形面高度下降指定厚度 TrapSpace{1.5mm}：TrapMoveUp(1, true, Convert.ToString(vel), Convert.ToString(TrapSpace), true, true）
2023-05-09 17:36:26,100 [AppLog] INFO : 手动正向点动指令（8轴运控板卡系统） ====》：输出AXIS{第1轴},点动量{1.5MM},运动速度{2MM/s}
2023-05-09 17:36:26,102 [AppLog] INFO : 电气控制模块：手动关闭端口15
2023-05-09 17:36:26,102 [AppLog] INFO : 成形面高度上升层厚 TrapSpace{1.5mm}：TrapMoveUp(1, true, Convert.ToString(vel), Convert.ToString(TrapSpace), true, true）
2023-05-09 17:36:26,351 [AppLog] INFO : 手动正向点动指令（8轴运控板卡系统） ====》：输出AXIS{第8轴},点动量{0.6MM},运动速度{2.5MM/s}
2023-05-09 17:36:26,352 [AppLog] INFO : Hopper落粉轴转2圈落粉，速度0.5rev/s：TrapMoveUp(8, true, 0.5, rotateNuM.ToString(), true, false)
2023-05-09 17:36:27,352 [AppLog] INFO : 开启铺粉车不等停运动至准备打印位置215mm，速度250mm/s：BackToStation2
2023-05-09 17:36:28,221 [AppLog] INFO : 手动正向点动指令（8轴运控板卡系统） ====》：输出AXIS{第2轴},点动量{216.5MM},运动速度{250MM/s}
2023-05-09 17:36:28,222 [AppLog] INFO : 当前铺粉车位置：打印位置215mm
2023-05-09 17:36:28,224 [AppLog] INFO : 手动正向点动指令（8轴运控板卡系统） ====》：输出AXIS{第2轴},点动量{480MM},运动速度{70MM/s}
2023-05-09 17:36:28,224 [AppLog] INFO : 开启铺粉车不等停运动至站2，速度0.5rev/s：BackToStation2
2023-05-09 17:36:28,345 [AppLog] INFO : 打开IR灯：OpenIRLamp(true)
2023-05-09 17:36:28,477 [AppLog] INFO : 手动正向点动指令（8轴运控板卡系统） ====》：输出AXIS{第3轴},点动量{0.125MM},运动速度{1MM/s}
2023-05-09 17:36:28,478 [AppLog] INFO : 在{40mm}处，落粉轴运动{45度}，落粉轴转速{1rev/s}：TrapMoveUp(3, true, Convert.ToString(DispenseRollerSpeed), 0.5, true, true)
2023-05-09 17:36:28,479 [AppLog] INFO : 手动正向点动指令（8轴运控板卡系统） ====》：输出AXIS{第3轴},点动量{0.5MM},运动速度{0.105479452054795MM/s}
2023-05-09 17:36:28,479 [AppLog] INFO : 开启均匀落粉及辊子铺平运动：TrapMoveUp(3, true, Convert.ToString(DispenseRollerSpeed), 0.5, true, true)
2023-05-09 17:36:32,553 [AppLog] INFO : 关闭IR灯：OpenIRLamp(false)
2023-05-09 17:36:34,275 [AppLog] INFO : 手动正向点动指令（8轴运控板卡系统） ====》：输出AXIS{第3轴},点动量{0.5MM},运动速度{2MM/s}
2023-05-09 17:36:34,275 [AppLog] INFO : 落粉轴继续转动以倒掉余粉：TrapMoveUp(3, true, 2, 0.5, true, false)
2023-05-09 17:36:35,084 [AppLog] INFO : 电气控制模块：手动打开端口15
2023-05-09 17:36:35,860 [AppLog] INFO : 手动正向点动指令（8轴运控板卡系统） ====》：输出AXIS{第1轴},点动量{-1.5MM},运动速度{2MM/s}
2023-05-09 17:36:35,861 [AppLog] INFO : 电气控制模块：手动关闭端口15
2023-05-09 17:36:35,861 [AppLog] INFO : 成形面高度下降指定厚度 TrapSpace{1.5mm}：TrapMoveUp(1, true, Convert.ToString(vel), Convert.ToString(TrapSpace), true, true）
2023-05-09 17:36:38,650 [AppLog] INFO : 手动正向点动指令（8轴运控板卡系统） ====》：输出AXIS{第2轴},点动量{-696.5MM},运动速度{250MM/s}
2023-05-09 17:36:38,651 [AppLog] INFO : 铺粉车返回至站1：BackToStation2(AimPos, MovSpeed, true)：-1.5mm，速度250mm/s：BackToStation2
2023-05-09 17:36:39,402 [AppLog] INFO : 落粉轴回零成功：motionMap.SetBackSpreaderAxis(3, 0.5, 2, -SinkPosition)：ReturnCode{True}
2023-05-09 17:36:39,402 [AppLog] INFO : 电气控制模块：手动打开端口15
2023-05-09 17:36:40,178 [AppLog] INFO : 手动正向点动指令（8轴运控板卡系统） ====》：输出AXIS{第1轴},点动量{1.5MM},运动速度{2MM/s}
2023-05-09 17:36:40,178 [AppLog] INFO : 电气控制模块：手动关闭端口15
2023-05-09 17:36:40,178 [AppLog] INFO : 成形面高度上升层厚 TrapSpace{1.5mm}：TrapMoveUp(1, true, Convert.ToString(vel), Convert.ToString(TrapSpace), true, true）
2023-05-09 17:36:40,178 [AppLog] INFO : 手动铺粉正常结束：NewAutoSupplyPowderThread
2023-05-09 17:36:40,179 [AppLog] INFO : 发送监控指令，拍照记录1条：SendMessageFromSharedMemory
2023-05-09 17:37:02,818 [AppLog] INFO : 手动停止自动进给铺粉过程：AutoSupplyPowderBtn_Click
2023-05-09 17:37:03,523 [AppLog] INFO : 手动开启自动进给铺粉过程：AutoSupplyPowderBtn_Click
2023-05-09 17:37:04,897 [AppLog] INFO : 手动开启自动进给铺粉过程：AutoSupplyPowderBtn_Click
2023-05-09 17:37:04,898 [AppLog] INFO : 开启手动铺粉逻辑：NewAutoSupplyPowderThread
2023-05-09 17:37:04,899 [AppLog] INFO : 电气控制模块：手动打开端口15
2023-05-09 17:37:04,965 [AppLog] INFO : 手动正向点动指令（8轴运控板卡系统） ====》：输出AXIS{第1轴},点动量{-0.08MM},运动速度{2MM/s}
2023-05-09 17:37:04,965 [AppLog] INFO : 成形面高度下降层厚 TrapSpace{0.08mm}：TrapMoveUp(1, true, Convert.ToString(vel), Convert.ToString(TrapSpace), true, true）
2023-05-09 17:37:05,741 [AppLog] INFO : 手动正向点动指令（8轴运控板卡系统） ====》：输出AXIS{第1轴},点动量{-1.5MM},运动速度{2MM/s}
2023-05-09 17:37:05,742 [AppLog] INFO : 成形面高度下降指定厚度 TrapSpace{1.5mm}：TrapMoveUp(1, true, Convert.ToString(vel), Convert.ToString(TrapSpace), true, true）
2023-05-09 17:37:06,517 [AppLog] INFO : 手动正向点动指令（8轴运控板卡系统） ====》：输出AXIS{第1轴},点动量{1.5MM},运动速度{2MM/s}
2023-05-09 17:37:06,518 [AppLog] INFO : 电气控制模块：手动关闭端口15
2023-05-09 17:37:06,518 [AppLog] INFO : 成形面高度上升层厚 TrapSpace{1.5mm}：TrapMoveUp(1, true, Convert.ToString(vel), Convert.ToString(TrapSpace), true, true）
2023-05-09 17:37:06,767 [AppLog] INFO : 手动正向点动指令（8轴运控板卡系统） ====》：输出AXIS{第8轴},点动量{0.6MM},运动速度{2.5MM/s}
2023-05-09 17:37:06,767 [AppLog] INFO : Hopper落粉轴转2圈落粉，速度0.5rev/s：TrapMoveUp(8, true, 0.5, rotateNuM.ToString(), true, false)
2023-05-09 17:37:07,767 [AppLog] INFO : 开启铺粉车不等停运动至准备打印位置215mm，速度250mm/s：BackToStation2
2023-05-09 17:37:08,636 [AppLog] INFO : 手动正向点动指令（8轴运控板卡系统） ====》：输出AXIS{第2轴},点动量{216.5MM},运动速度{250MM/s}
2023-05-09 17:37:08,636 [AppLog] INFO : 当前铺粉车位置：打印位置215mm
2023-05-09 17:37:08,638 [AppLog] INFO : 手动正向点动指令（8轴运控板卡系统） ====》：输出AXIS{第2轴},点动量{480MM},运动速度{70MM/s}
2023-05-09 17:37:08,638 [AppLog] INFO : 开启铺粉车不等停运动至站2，速度0.5rev/s：BackToStation2
2023-05-09 17:37:08,758 [AppLog] INFO : 打开IR灯：OpenIRLamp(true)
2023-05-09 17:37:08,890 [AppLog] INFO : 手动正向点动指令（8轴运控板卡系统） ====》：输出AXIS{第3轴},点动量{0.125MM},运动速度{1MM/s}
2023-05-09 17:37:08,890 [AppLog] INFO : 在{40mm}处，落粉轴运动{45度}，落粉轴转速{1rev/s}：TrapMoveUp(3, true, Convert.ToString(DispenseRollerSpeed), 0.5, true, true)
2023-05-09 17:37:08,891 [AppLog] INFO : 手动正向点动指令（8轴运控板卡系统） ====》：输出AXIS{第3轴},点动量{0.5MM},运动速度{0.105479452054795MM/s}
2023-05-09 17:37:08,891 [AppLog] INFO : 开启均匀落粉及辊子铺平运动：TrapMoveUp(3, true, Convert.ToString(DispenseRollerSpeed), 0.5, true, true)
2023-05-09 17:37:12,965 [AppLog] INFO : 关闭IR灯：OpenIRLamp(false)
2023-05-09 17:37:14,688 [AppLog] INFO : 手动正向点动指令（8轴运控板卡系统） ====》：输出AXIS{第3轴},点动量{0.5MM},运动速度{2MM/s}
2023-05-09 17:37:14,688 [AppLog] INFO : 落粉轴继续转动以倒掉余粉：TrapMoveUp(3, true, 2, 0.5, true, false)
2023-05-09 17:37:15,498 [AppLog] INFO : 电气控制模块：手动打开端口15
2023-05-09 17:37:16,274 [AppLog] INFO : 手动正向点动指令（8轴运控板卡系统） ====》：输出AXIS{第1轴},点动量{-1.5MM},运动速度{2MM/s}
2023-05-09 17:37:16,274 [AppLog] INFO : 电气控制模块：手动关闭端口15
2023-05-09 17:37:16,274 [AppLog] INFO : 成形面高度下降指定厚度 TrapSpace{1.5mm}：TrapMoveUp(1, true, Convert.ToString(vel), Convert.ToString(TrapSpace), true, true）
2023-05-09 17:37:19,063 [AppLog] INFO : 手动正向点动指令（8轴运控板卡系统） ====》：输出AXIS{第2轴},点动量{-696.5MM},运动速度{250MM/s}
2023-05-09 17:37:19,064 [AppLog] INFO : 铺粉车返回至站1：BackToStation2(AimPos, MovSpeed, true)：-1.5mm，速度250mm/s：BackToStation2
2023-05-09 17:37:19,815 [AppLog] INFO : 落粉轴回零成功：motionMap.SetBackSpreaderAxis(3, 0.5, 2, -SinkPosition)：ReturnCode{True}
2023-05-09 17:37:19,815 [AppLog] INFO : 电气控制模块：手动打开端口15
2023-05-09 17:37:20,591 [AppLog] INFO : 手动正向点动指令（8轴运控板卡系统） ====》：输出AXIS{第1轴},点动量{1.5MM},运动速度{2MM/s}
2023-05-09 17:37:20,591 [AppLog] INFO : 电气控制模块：手动关闭端口15
2023-05-09 17:37:20,591 [AppLog] INFO : 成形面高度上升层厚 TrapSpace{1.5mm}：TrapMoveUp(1, true, Convert.ToString(vel), Convert.ToString(TrapSpace), true, true）
2023-05-09 17:37:20,592 [AppLog] INFO : 手动铺粉正常结束：NewAutoSupplyPowderThread
2023-05-09 17:37:20,592 [AppLog] INFO : 发送监控指令，拍照记录1条：SendMessageFromSharedMemory
2023-05-09 17:37:34,823 [AppLog] INFO : 手动停止自动进给铺粉过程：AutoSupplyPowderBtn_Click
2023-05-09 17:37:35,266 [AppLog] INFO : 手动开启自动进给铺粉过程：AutoSupplyPowderBtn_Click
2023-05-09 17:37:35,631 [AppLog] INFO : 手动开启自动进给铺粉过程：AutoSupplyPowderBtn_Click
2023-05-09 17:37:35,631 [AppLog] INFO : 开启手动铺粉逻辑：NewAutoSupplyPowderThread
2023-05-09 17:37:35,633 [AppLog] INFO : 电气控制模块：手动打开端口15
2023-05-09 17:37:35,698 [AppLog] INFO : 手动正向点动指令（8轴运控板卡系统） ====》：输出AXIS{第1轴},点动量{-0.08MM},运动速度{2MM/s}
2023-05-09 17:37:35,698 [AppLog] INFO : 成形面高度下降层厚 TrapSpace{0.08mm}：TrapMoveUp(1, true, Convert.ToString(vel), Convert.ToString(TrapSpace), true, true）
2023-05-09 17:37:36,474 [AppLog] INFO : 手动正向点动指令（8轴运控板卡系统） ====》：输出AXIS{第1轴},点动量{-1.5MM},运动速度{2MM/s}
2023-05-09 17:37:36,474 [AppLog] INFO : 成形面高度下降指定厚度 TrapSpace{1.5mm}：TrapMoveUp(1, true, Convert.ToString(vel), Convert.ToString(TrapSpace), true, true）
2023-05-09 17:37:37,250 [AppLog] INFO : 手动正向点动指令（8轴运控板卡系统） ====》：输出AXIS{第1轴},点动量{1.5MM},运动速度{2MM/s}
2023-05-09 17:37:37,250 [AppLog] INFO : 电气控制模块：手动关闭端口15
2023-05-09 17:37:37,250 [AppLog] INFO : 成形面高度上升层厚 TrapSpace{1.5mm}：TrapMoveUp(1, true, Convert.ToString(vel), Convert.ToString(TrapSpace), true, true）
2023-05-09 17:37:37,499 [AppLog] INFO : 手动正向点动指令（8轴运控板卡系统） ====》：输出AXIS{第8轴},点动量{0.6MM},运动速度{2.5MM/s}
2023-05-09 17:37:37,499 [AppLog] INFO : Hopper落粉轴转2圈落粉，速度0.5rev/s：TrapMoveUp(8, true, 0.5, rotateNuM.ToString(), true, false)
2023-05-09 17:37:38,499 [AppLog] INFO : 开启铺粉车不等停运动至准备打印位置215mm，速度250mm/s：BackToStation2
2023-05-09 17:37:39,368 [AppLog] INFO : 手动正向点动指令（8轴运控板卡系统） ====》：输出AXIS{第2轴},点动量{216.5MM},运动速度{250MM/s}
2023-05-09 17:37:39,368 [AppLog] INFO : 当前铺粉车位置：打印位置215mm
2023-05-09 17:37:39,370 [AppLog] INFO : 手动正向点动指令（8轴运控板卡系统） ====》：输出AXIS{第2轴},点动量{480MM},运动速度{70MM/s}
2023-05-09 17:37:39,370 [AppLog] INFO : 开启铺粉车不等停运动至站2，速度0.5rev/s：BackToStation2
2023-05-09 17:37:39,492 [AppLog] INFO : 打开IR灯：OpenIRLamp(true)
2023-05-09 17:37:39,625 [AppLog] INFO : 手动正向点动指令（8轴运控板卡系统） ====》：输出AXIS{第3轴},点动量{0.125MM},运动速度{1MM/s}
2023-05-09 17:37:39,625 [AppLog] INFO : 在{40mm}处，落粉轴运动{45度}，落粉轴转速{1rev/s}：TrapMoveUp(3, true, Convert.ToString(DispenseRollerSpeed), 0.5, true, true)
2023-05-09 17:37:39,626 [AppLog] INFO : 手动正向点动指令（8轴运控板卡系统） ====》：输出AXIS{第3轴},点动量{0.5MM},运动速度{0.105479452054795MM/s}
2023-05-09 17:37:39,626 [AppLog] INFO : 开启均匀落粉及辊子铺平运动：TrapMoveUp(3, true, Convert.ToString(DispenseRollerSpeed), 0.5, true, true)
2023-05-09 17:37:43,701 [AppLog] INFO : 关闭IR灯：OpenIRLamp(false)
2023-05-09 17:37:45,421 [AppLog] INFO : 手动正向点动指令（8轴运控板卡系统） ====》：输出AXIS{第3轴},点动量{0.5MM},运动速度{2MM/s}
2023-05-09 17:37:45,421 [AppLog] INFO : 落粉轴继续转动以倒掉余粉：TrapMoveUp(3, true, 2, 0.5, true, false)
2023-05-09 17:37:46,230 [AppLog] INFO : 电气控制模块：手动打开端口15
2023-05-09 17:37:47,006 [AppLog] INFO : 手动正向点动指令（8轴运控板卡系统） ====》：输出AXIS{第1轴},点动量{-1.5MM},运动速度{2MM/s}
2023-05-09 17:37:47,006 [AppLog] INFO : 电气控制模块：手动关闭端口15
2023-05-09 17:37:47,007 [AppLog] INFO : 成形面高度下降指定厚度 TrapSpace{1.5mm}：TrapMoveUp(1, true, Convert.ToString(vel), Convert.ToString(TrapSpace), true, true）
2023-05-09 17:37:49,796 [AppLog] INFO : 手动正向点动指令（8轴运控板卡系统） ====》：输出AXIS{第2轴},点动量{-696.5MM},运动速度{250MM/s}
2023-05-09 17:37:49,797 [AppLog] INFO : 铺粉车返回至站1：BackToStation2(AimPos, MovSpeed, true)：-1.5mm，速度250mm/s：BackToStation2
2023-05-09 17:37:50,548 [AppLog] INFO : 落粉轴回零成功：motionMap.SetBackSpreaderAxis(3, 0.5, 2, -SinkPosition)：ReturnCode{True}
2023-05-09 17:37:50,548 [AppLog] INFO : 电气控制模块：手动打开端口15
2023-05-09 17:37:51,324 [AppLog] INFO : 手动正向点动指令（8轴运控板卡系统） ====》：输出AXIS{第1轴},点动量{1.5MM},运动速度{2MM/s}
2023-05-09 17:37:51,324 [AppLog] INFO : 电气控制模块：手动关闭端口15
2023-05-09 17:37:51,324 [AppLog] INFO : 成形面高度上升层厚 TrapSpace{1.5mm}：TrapMoveUp(1, true, Convert.ToString(vel), Convert.ToString(TrapSpace), true, true）
2023-05-09 17:37:51,325 [AppLog] INFO : 手动铺粉正常结束：NewAutoSupplyPowderThread
2023-05-09 17:37:51,325 [AppLog] INFO : 发送监控指令，拍照记录1条：SendMessageFromSharedMemory
2023-05-09 17:38:10,923 [AppLog] INFO : 手动停止自动进给铺粉过程：AutoSupplyPowderBtn_Click
2023-05-09 17:38:11,247 [AppLog] INFO : 手动开启自动进给铺粉过程：AutoSupplyPowderBtn_Click
2023-05-09 17:38:11,718 [AppLog] INFO : 手动开启自动进给铺粉过程：AutoSupplyPowderBtn_Click
2023-05-09 17:38:11,718 [AppLog] INFO : 开启手动铺粉逻辑：NewAutoSupplyPowderThread
2023-05-09 17:38:11,720 [AppLog] INFO : 电气控制模块：手动打开端口15
2023-05-09 17:38:11,785 [AppLog] INFO : 手动正向点动指令（8轴运控板卡系统） ====》：输出AXIS{第1轴},点动量{-0.08MM},运动速度{2MM/s}
2023-05-09 17:38:11,786 [AppLog] INFO : 成形面高度下降层厚 TrapSpace{0.08mm}：TrapMoveUp(1, true, Convert.ToString(vel), Convert.ToString(TrapSpace), true, true）
2023-05-09 17:38:12,561 [AppLog] INFO : 手动正向点动指令（8轴运控板卡系统） ====》：输出AXIS{第1轴},点动量{-1.5MM},运动速度{2MM/s}
2023-05-09 17:38:12,561 [AppLog] INFO : 成形面高度下降指定厚度 TrapSpace{1.5mm}：TrapMoveUp(1, true, Convert.ToString(vel), Convert.ToString(TrapSpace), true, true）
2023-05-09 17:38:13,337 [AppLog] INFO : 手动正向点动指令（8轴运控板卡系统） ====》：输出AXIS{第1轴},点动量{1.5MM},运动速度{2MM/s}
2023-05-09 17:38:13,337 [AppLog] INFO : 电气控制模块：手动关闭端口15
2023-05-09 17:38:13,337 [AppLog] INFO : 成形面高度上升层厚 TrapSpace{1.5mm}：TrapMoveUp(1, true, Convert.ToString(vel), Convert.ToString(TrapSpace), true, true）
2023-05-09 17:38:13,586 [AppLog] INFO : 手动正向点动指令（8轴运控板卡系统） ====》：输出AXIS{第8轴},点动量{0.6MM},运动速度{2.5MM/s}
2023-05-09 17:38:13,586 [AppLog] INFO : Hopper落粉轴转2圈落粉，速度0.5rev/s：TrapMoveUp(8, true, 0.5, rotateNuM.ToString(), true, false)
2023-05-09 17:38:14,586 [AppLog] INFO : 开启铺粉车不等停运动至准备打印位置215mm，速度250mm/s：BackToStation2
2023-05-09 17:38:15,456 [AppLog] INFO : 手动正向点动指令（8轴运控板卡系统） ====》：输出AXIS{第2轴},点动量{216.5MM},运动速度{250MM/s}
2023-05-09 17:38:15,457 [AppLog] INFO : 当前铺粉车位置：打印位置215mm
2023-05-09 17:38:15,458 [AppLog] INFO : 手动正向点动指令（8轴运控板卡系统） ====》：输出AXIS{第2轴},点动量{480MM},运动速度{70MM/s}
2023-05-09 17:38:15,458 [AppLog] INFO : 开启铺粉车不等停运动至站2，速度0.5rev/s：BackToStation2
2023-05-09 17:38:15,580 [AppLog] INFO : 打开IR灯：OpenIRLamp(true)
2023-05-09 17:38:15,713 [AppLog] INFO : 手动正向点动指令（8轴运控板卡系统） ====》：输出AXIS{第3轴},点动量{0.125MM},运动速度{1MM/s}
2023-05-09 17:38:15,713 [AppLog] INFO : 在{40mm}处，落粉轴运动{45度}，落粉轴转速{1rev/s}：TrapMoveUp(3, true, Convert.ToString(DispenseRollerSpeed), 0.5, true, true)
2023-05-09 17:38:15,714 [AppLog] INFO : 手动正向点动指令（8轴运控板卡系统） ====》：输出AXIS{第3轴},点动量{0.5MM},运动速度{0.105479452054795MM/s}
2023-05-09 17:38:15,714 [AppLog] INFO : 开启均匀落粉及辊子铺平运动：TrapMoveUp(3, true, Convert.ToString(DispenseRollerSpeed), 0.5, true, true)
2023-05-09 17:38:19,788 [AppLog] INFO : 关闭IR灯：OpenIRLamp(false)
2023-05-09 17:38:21,508 [AppLog] INFO : 手动正向点动指令（8轴运控板卡系统） ====》：输出AXIS{第3轴},点动量{0.5MM},运动速度{2MM/s}
2023-05-09 17:38:21,509 [AppLog] INFO : 落粉轴继续转动以倒掉余粉：TrapMoveUp(3, true, 2, 0.5, true, false)
2023-05-09 17:38:22,318 [AppLog] INFO : 电气控制模块：手动打开端口15
2023-05-09 17:38:23,094 [AppLog] INFO : 手动正向点动指令（8轴运控板卡系统） ====》：输出AXIS{第1轴},点动量{-1.5MM},运动速度{2MM/s}
2023-05-09 17:38:23,094 [AppLog] INFO : 电气控制模块：手动关闭端口15
2023-05-09 17:38:23,095 [AppLog] INFO : 成形面高度下降指定厚度 TrapSpace{1.5mm}：TrapMoveUp(1, true, Convert.ToString(vel), Convert.ToString(TrapSpace), true, true）
2023-05-09 17:38:25,884 [AppLog] INFO : 手动正向点动指令（8轴运控板卡系统） ====》：输出AXIS{第2轴},点动量{-696.5MM},运动速度{250MM/s}
2023-05-09 17:38:25,884 [AppLog] INFO : 铺粉车返回至站1：BackToStation2(AimPos, MovSpeed, true)：-1.5mm，速度250mm/s：BackToStation2
2023-05-09 17:38:26,635 [AppLog] INFO : 落粉轴回零成功：motionMap.SetBackSpreaderAxis(3, 0.5, 2, -SinkPosition)：ReturnCode{True}
2023-05-09 17:38:26,635 [AppLog] INFO : 电气控制模块：手动打开端口15
2023-05-09 17:38:27,411 [AppLog] INFO : 手动正向点动指令（8轴运控板卡系统） ====》：输出AXIS{第1轴},点动量{1.5MM},运动速度{2MM/s}
2023-05-09 17:38:27,411 [AppLog] INFO : 电气控制模块：手动关闭端口15
2023-05-09 17:38:27,412 [AppLog] INFO : 成形面高度上升层厚 TrapSpace{1.5mm}：TrapMoveUp(1, true, Convert.ToString(vel), Convert.ToString(TrapSpace), true, true）
2023-05-09 17:38:27,412 [AppLog] INFO : 手动铺粉正常结束：NewAutoSupplyPowderThread
2023-05-09 17:38:27,413 [AppLog] INFO : 发送监控指令，拍照记录1条：SendMessageFromSharedMemory
2023-05-09 17:38:52,639 [AppLog] INFO : 手动停止自动进给铺粉过程：AutoSupplyPowderBtn_Click
2023-05-09 17:38:53,065 [AppLog] INFO : 手动开启自动进给铺粉过程：AutoSupplyPowderBtn_Click
2023-05-09 17:38:53,790 [AppLog] INFO : 手动开启自动进给铺粉过程：AutoSupplyPowderBtn_Click
2023-05-09 17:38:53,791 [AppLog] INFO : 开启手动铺粉逻辑：NewAutoSupplyPowderThread
2023-05-09 17:38:53,791 [AppLog] INFO : 电气控制模块：手动打开端口15
2023-05-09 17:38:53,857 [AppLog] INFO : 手动正向点动指令（8轴运控板卡系统） ====》：输出AXIS{第1轴},点动量{-0.08MM},运动速度{2MM/s}
2023-05-09 17:38:53,857 [AppLog] INFO : 成形面高度下降层厚 TrapSpace{0.08mm}：TrapMoveUp(1, true, Convert.ToString(vel), Convert.ToString(TrapSpace), true, true）
2023-05-09 17:38:54,633 [AppLog] INFO : 手动正向点动指令（8轴运控板卡系统） ====》：输出AXIS{第1轴},点动量{-1.5MM},运动速度{2MM/s}
2023-05-09 17:38:54,633 [AppLog] INFO : 成形面高度下降指定厚度 TrapSpace{1.5mm}：TrapMoveUp(1, true, Convert.ToString(vel), Convert.ToString(TrapSpace), true, true）
2023-05-09 17:38:55,409 [AppLog] INFO : 手动正向点动指令（8轴运控板卡系统） ====》：输出AXIS{第1轴},点动量{1.5MM},运动速度{2MM/s}
2023-05-09 17:38:55,409 [AppLog] INFO : 电气控制模块：手动关闭端口15
2023-05-09 17:38:55,409 [AppLog] INFO : 成形面高度上升层厚 TrapSpace{1.5mm}：TrapMoveUp(1, true, Convert.ToString(vel), Convert.ToString(TrapSpace), true, true）
2023-05-09 17:38:55,658 [AppLog] INFO : 手动正向点动指令（8轴运控板卡系统） ====》：输出AXIS{第8轴},点动量{0.6MM},运动速度{2.5MM/s}
2023-05-09 17:38:55,658 [AppLog] INFO : Hopper落粉轴转2圈落粉，速度0.5rev/s：TrapMoveUp(8, true, 0.5, rotateNuM.ToString(), true, false)
2023-05-09 17:38:56,658 [AppLog] INFO : 开启铺粉车不等停运动至准备打印位置215mm，速度250mm/s：BackToStation2
2023-05-09 17:38:57,527 [AppLog] INFO : 手动正向点动指令（8轴运控板卡系统） ====》：输出AXIS{第2轴},点动量{216.5MM},运动速度{250MM/s}
2023-05-09 17:38:57,527 [AppLog] INFO : 当前铺粉车位置：打印位置215mm
2023-05-09 17:38:57,529 [AppLog] INFO : 手动正向点动指令（8轴运控板卡系统） ====》：输出AXIS{第2轴},点动量{480MM},运动速度{70MM/s}
2023-05-09 17:38:57,530 [AppLog] INFO : 开启铺粉车不等停运动至站2，速度0.5rev/s：BackToStation2
2023-05-09 17:38:57,638 [AppLog] INFO : 打开IR灯：OpenIRLamp(true)
2023-05-09 17:38:57,770 [AppLog] INFO : 手动正向点动指令（8轴运控板卡系统） ====》：输出AXIS{第3轴},点动量{0.125MM},运动速度{1MM/s}
2023-05-09 17:38:57,770 [AppLog] INFO : 在{40mm}处，落粉轴运动{45度}，落粉轴转速{1rev/s}：TrapMoveUp(3, true, Convert.ToString(DispenseRollerSpeed), 0.5, true, true)
2023-05-09 17:38:57,771 [AppLog] INFO : 手动正向点动指令（8轴运控板卡系统） ====》：输出AXIS{第3轴},点动量{0.5MM},运动速度{0.105479452054795MM/s}
2023-05-09 17:38:57,771 [AppLog] INFO : 开启均匀落粉及辊子铺平运动：TrapMoveUp(3, true, Convert.ToString(DispenseRollerSpeed), 0.5, true, true)
2023-05-09 17:39:01,864 [AppLog] INFO : 关闭IR灯：OpenIRLamp(false)
2023-05-09 17:39:03,580 [AppLog] INFO : 手动正向点动指令（8轴运控板卡系统） ====》：输出AXIS{第3轴},点动量{0.5MM},运动速度{2MM/s}
2023-05-09 17:39:03,580 [AppLog] INFO : 落粉轴继续转动以倒掉余粉：TrapMoveUp(3, true, 2, 0.5, true, false)
2023-05-09 17:39:04,389 [AppLog] INFO : 电气控制模块：手动打开端口15
2023-05-09 17:39:05,165 [AppLog] INFO : 手动正向点动指令（8轴运控板卡系统） ====》：输出AXIS{第1轴},点动量{-1.5MM},运动速度{2MM/s}
2023-05-09 17:39:05,165 [AppLog] INFO : 电气控制模块：手动关闭端口15
2023-05-09 17:39:05,165 [AppLog] INFO : 成形面高度下降指定厚度 TrapSpace{1.5mm}：TrapMoveUp(1, true, Convert.ToString(vel), Convert.ToString(TrapSpace), true, true）
2023-05-09 17:39:07,955 [AppLog] INFO : 手动正向点动指令（8轴运控板卡系统） ====》：输出AXIS{第2轴},点动量{-696.5MM},运动速度{250MM/s}
2023-05-09 17:39:07,956 [AppLog] INFO : 铺粉车返回至站1：BackToStation2(AimPos, MovSpeed, true)：-1.5mm，速度250mm/s：BackToStation2
2023-05-09 17:39:08,707 [AppLog] INFO : 落粉轴回零成功：motionMap.SetBackSpreaderAxis(3, 0.5, 2, -SinkPosition)：ReturnCode{True}
2023-05-09 17:39:08,707 [AppLog] INFO : 电气控制模块：手动打开端口15
2023-05-09 17:39:09,483 [AppLog] INFO : 手动正向点动指令（8轴运控板卡系统） ====》：输出AXIS{第1轴},点动量{1.5MM},运动速度{2MM/s}
2023-05-09 17:39:09,483 [AppLog] INFO : 电气控制模块：手动关闭端口15
2023-05-09 17:39:09,483 [AppLog] INFO : 成形面高度上升层厚 TrapSpace{1.5mm}：TrapMoveUp(1, true, Convert.ToString(vel), Convert.ToString(TrapSpace), true, true）
2023-05-09 17:39:09,484 [AppLog] INFO : 手动铺粉正常结束：NewAutoSupplyPowderThread
2023-05-09 17:39:09,484 [AppLog] INFO : 发送监控指令，拍照记录1条：SendMessageFromSharedMemory
2023-05-09 17:39:30,107 [AppLog] INFO : 手动停止自动进给铺粉过程：AutoSupplyPowderBtn_Click
2023-05-09 17:39:30,553 [AppLog] INFO : 手动开启自动进给铺粉过程：AutoSupplyPowderBtn_Click
2023-05-09 17:39:30,969 [AppLog] INFO : 手动开启自动进给铺粉过程：AutoSupplyPowderBtn_Click
2023-05-09 17:39:30,969 [AppLog] INFO : 开启手动铺粉逻辑：NewAutoSupplyPowderThread
2023-05-09 17:39:30,970 [AppLog] INFO : 电气控制模块：手动打开端口15
2023-05-09 17:39:31,036 [AppLog] INFO : 手动正向点动指令（8轴运控板卡系统） ====》：输出AXIS{第1轴},点动量{-0.08MM},运动速度{2MM/s}
2023-05-09 17:39:31,036 [AppLog] INFO : 成形面高度下降层厚 TrapSpace{0.08mm}：TrapMoveUp(1, true, Convert.ToString(vel), Convert.ToString(TrapSpace), true, true）
2023-05-09 17:39:31,812 [AppLog] INFO : 手动正向点动指令（8轴运控板卡系统） ====》：输出AXIS{第1轴},点动量{-1.5MM},运动速度{2MM/s}
2023-05-09 17:39:31,812 [AppLog] INFO : 成形面高度下降指定厚度 TrapSpace{1.5mm}：TrapMoveUp(1, true, Convert.ToString(vel), Convert.ToString(TrapSpace), true, true）
2023-05-09 17:39:32,588 [AppLog] INFO : 手动正向点动指令（8轴运控板卡系统） ====》：输出AXIS{第1轴},点动量{1.5MM},运动速度{2MM/s}
2023-05-09 17:39:32,588 [AppLog] INFO : 电气控制模块：手动关闭端口15
2023-05-09 17:39:32,589 [AppLog] INFO : 成形面高度上升层厚 TrapSpace{1.5mm}：TrapMoveUp(1, true, Convert.ToString(vel), Convert.ToString(TrapSpace), true, true）
2023-05-09 17:39:32,837 [AppLog] INFO : 手动正向点动指令（8轴运控板卡系统） ====》：输出AXIS{第8轴},点动量{0.6MM},运动速度{2.5MM/s}
2023-05-09 17:39:32,837 [AppLog] INFO : Hopper落粉轴转2圈落粉，速度0.5rev/s：TrapMoveUp(8, true, 0.5, rotateNuM.ToString(), true, false)
2023-05-09 17:39:33,838 [AppLog] INFO : 开启铺粉车不等停运动至准备打印位置215mm，速度250mm/s：BackToStation2
2023-05-09 17:39:34,707 [AppLog] INFO : 手动正向点动指令（8轴运控板卡系统） ====》：输出AXIS{第2轴},点动量{216.5MM},运动速度{250MM/s}
2023-05-09 17:39:34,707 [AppLog] INFO : 当前铺粉车位置：打印位置215mm
2023-05-09 17:39:34,709 [AppLog] INFO : 手动正向点动指令（8轴运控板卡系统） ====》：输出AXIS{第2轴},点动量{480MM},运动速度{70MM/s}
2023-05-09 17:39:34,709 [AppLog] INFO : 开启铺粉车不等停运动至站2，速度0.5rev/s：BackToStation2
2023-05-09 17:39:34,826 [AppLog] INFO : 打开IR灯：OpenIRLamp(true)
2023-05-09 17:39:34,958 [AppLog] INFO : 手动正向点动指令（8轴运控板卡系统） ====》：输出AXIS{第3轴},点动量{0.125MM},运动速度{1MM/s}
2023-05-09 17:39:34,958 [AppLog] INFO : 在{40mm}处，落粉轴运动{45度}，落粉轴转速{1rev/s}：TrapMoveUp(3, true, Convert.ToString(DispenseRollerSpeed), 0.5, true, true)
2023-05-09 17:39:34,959 [AppLog] INFO : 手动正向点动指令（8轴运控板卡系统） ====》：输出AXIS{第3轴},点动量{0.5MM},运动速度{0.105479452054795MM/s}
2023-05-09 17:39:34,959 [AppLog] INFO : 开启均匀落粉及辊子铺平运动：TrapMoveUp(3, true, Convert.ToString(DispenseRollerSpeed), 0.5, true, true)
2023-05-09 17:39:39,033 [AppLog] INFO : 关闭IR灯：OpenIRLamp(false)
2023-05-09 17:39:40,759 [AppLog] INFO : 手动正向点动指令（8轴运控板卡系统） ====》：输出AXIS{第3轴},点动量{0.5MM},运动速度{2MM/s}
2023-05-09 17:39:40,760 [AppLog] INFO : 落粉轴继续转动以倒掉余粉：TrapMoveUp(3, true, 2, 0.5, true, false)
2023-05-09 17:39:41,569 [AppLog] INFO : 电气控制模块：手动打开端口15
2023-05-09 17:39:42,344 [AppLog] INFO : 手动正向点动指令（8轴运控板卡系统） ====》：输出AXIS{第1轴},点动量{-1.5MM},运动速度{2MM/s}
2023-05-09 17:39:42,345 [AppLog] INFO : 电气控制模块：手动关闭端口15
2023-05-09 17:39:42,345 [AppLog] INFO : 成形面高度下降指定厚度 TrapSpace{1.5mm}：TrapMoveUp(1, true, Convert.ToString(vel), Convert.ToString(TrapSpace), true, true）
2023-05-09 17:39:45,135 [AppLog] INFO : 手动正向点动指令（8轴运控板卡系统） ====》：输出AXIS{第2轴},点动量{-696.5MM},运动速度{250MM/s}
2023-05-09 17:39:45,135 [AppLog] INFO : 铺粉车返回至站1：BackToStation2(AimPos, MovSpeed, true)：-1.5mm，速度250mm/s：BackToStation2
2023-05-09 17:39:45,887 [AppLog] INFO : 落粉轴回零成功：motionMap.SetBackSpreaderAxis(3, 0.5, 2, -SinkPosition)：ReturnCode{True}
2023-05-09 17:39:45,887 [AppLog] INFO : 电气控制模块：手动打开端口15
2023-05-09 17:39:46,663 [AppLog] INFO : 手动正向点动指令（8轴运控板卡系统） ====》：输出AXIS{第1轴},点动量{1.5MM},运动速度{2MM/s}
2023-05-09 17:39:46,663 [AppLog] INFO : 电气控制模块：手动关闭端口15
2023-05-09 17:39:46,664 [AppLog] INFO : 成形面高度上升层厚 TrapSpace{1.5mm}：TrapMoveUp(1, true, Convert.ToString(vel), Convert.ToString(TrapSpace), true, true）
2023-05-09 17:39:46,664 [AppLog] INFO : 手动铺粉正常结束：NewAutoSupplyPowderThread
2023-05-09 17:39:46,664 [AppLog] INFO : 发送监控指令，拍照记录1条：SendMessageFromSharedMemory
2023-05-09 17:40:19,373 [AppLog] INFO : 手动停止自动进给铺粉过程：AutoSupplyPowderBtn_Click
2023-05-09 17:40:19,798 [AppLog] INFO : 手动开启自动进给铺粉过程：AutoSupplyPowderBtn_Click
2023-05-09 17:40:20,338 [AppLog] INFO : 手动开启自动进给铺粉过程：AutoSupplyPowderBtn_Click
2023-05-09 17:40:20,339 [AppLog] INFO : 开启手动铺粉逻辑：NewAutoSupplyPowderThread
2023-05-09 17:40:20,340 [AppLog] INFO : 电气控制模块：手动打开端口15
2023-05-09 17:40:20,406 [AppLog] INFO : 手动正向点动指令（8轴运控板卡系统） ====》：输出AXIS{第1轴},点动量{-0.08MM},运动速度{2MM/s}
2023-05-09 17:40:20,406 [AppLog] INFO : 成形面高度下降层厚 TrapSpace{0.08mm}：TrapMoveUp(1, true, Convert.ToString(vel), Convert.ToString(TrapSpace), true, true）
2023-05-09 17:40:21,182 [AppLog] INFO : 手动正向点动指令（8轴运控板卡系统） ====》：输出AXIS{第1轴},点动量{-1.5MM},运动速度{2MM/s}
2023-05-09 17:40:21,186 [AppLog] INFO : 成形面高度下降指定厚度 TrapSpace{1.5mm}：TrapMoveUp(1, true, Convert.ToString(vel), Convert.ToString(TrapSpace), true, true）
2023-05-09 17:40:21,961 [AppLog] INFO : 手动正向点动指令（8轴运控板卡系统） ====》：输出AXIS{第1轴},点动量{1.5MM},运动速度{2MM/s}
2023-05-09 17:40:21,962 [AppLog] INFO : 电气控制模块：手动关闭端口15
2023-05-09 17:40:21,962 [AppLog] INFO : 成形面高度上升层厚 TrapSpace{1.5mm}：TrapMoveUp(1, true, Convert.ToString(vel), Convert.ToString(TrapSpace), true, true）
2023-05-09 17:40:22,211 [AppLog] INFO : 手动正向点动指令（8轴运控板卡系统） ====》：输出AXIS{第8轴},点动量{0.6MM},运动速度{2.5MM/s}
2023-05-09 17:40:22,212 [AppLog] INFO : Hopper落粉轴转2圈落粉，速度0.5rev/s：TrapMoveUp(8, true, 0.5, rotateNuM.ToString(), true, false)
2023-05-09 17:40:23,212 [AppLog] INFO : 开启铺粉车不等停运动至准备打印位置215mm，速度250mm/s：BackToStation2
2023-05-09 17:40:24,081 [AppLog] INFO : 手动正向点动指令（8轴运控板卡系统） ====》：输出AXIS{第2轴},点动量{216.5MM},运动速度{250MM/s}
2023-05-09 17:40:24,082 [AppLog] INFO : 当前铺粉车位置：打印位置215mm
2023-05-09 17:40:24,084 [AppLog] INFO : 手动正向点动指令（8轴运控板卡系统） ====》：输出AXIS{第2轴},点动量{480MM},运动速度{70MM/s}
2023-05-09 17:40:24,084 [AppLog] INFO : 开启铺粉车不等停运动至站2，速度0.5rev/s：BackToStation2
2023-05-09 17:40:24,199 [AppLog] INFO : 打开IR灯：OpenIRLamp(true)
2023-05-09 17:40:24,332 [AppLog] INFO : 手动正向点动指令（8轴运控板卡系统） ====》：输出AXIS{第3轴},点动量{0.125MM},运动速度{1MM/s}
2023-05-09 17:40:24,333 [AppLog] INFO : 在{40mm}处，落粉轴运动{45度}，落粉轴转速{1rev/s}：TrapMoveUp(3, true, Convert.ToString(DispenseRollerSpeed), 0.5, true, true)
2023-05-09 17:40:24,335 [AppLog] INFO : 手动正向点动指令（8轴运控板卡系统） ====》：输出AXIS{第3轴},点动量{0.5MM},运动速度{0.105479452054795MM/s}
2023-05-09 17:40:24,335 [AppLog] INFO : 开启均匀落粉及辊子铺平运动：TrapMoveUp(3, true, Convert.ToString(DispenseRollerSpeed), 0.5, true, true)
2023-05-09 17:40:28,406 [AppLog] INFO : 关闭IR灯：OpenIRLamp(false)
2023-05-09 17:40:30,134 [AppLog] INFO : 手动正向点动指令（8轴运控板卡系统） ====》：输出AXIS{第3轴},点动量{0.5MM},运动速度{2MM/s}
2023-05-09 17:40:30,134 [AppLog] INFO : 落粉轴继续转动以倒掉余粉：TrapMoveUp(3, true, 2, 0.5, true, false)
2023-05-09 17:40:30,944 [AppLog] INFO : 电气控制模块：手动打开端口15
2023-05-09 17:40:31,719 [AppLog] INFO : 手动正向点动指令（8轴运控板卡系统） ====》：输出AXIS{第1轴},点动量{-1.5MM},运动速度{2MM/s}
2023-05-09 17:40:31,720 [AppLog] INFO : 电气控制模块：手动关闭端口15
2023-05-09 17:40:31,720 [AppLog] INFO : 成形面高度下降指定厚度 TrapSpace{1.5mm}：TrapMoveUp(1, true, Convert.ToString(vel), Convert.ToString(TrapSpace), true, true）
2023-05-09 17:40:34,509 [AppLog] INFO : 手动正向点动指令（8轴运控板卡系统） ====》：输出AXIS{第2轴},点动量{-696.5MM},运动速度{250MM/s}
2023-05-09 17:40:34,510 [AppLog] INFO : 铺粉车返回至站1：BackToStation2(AimPos, MovSpeed, true)：-1.5mm，速度250mm/s：BackToStation2
2023-05-09 17:40:35,261 [AppLog] INFO : 落粉轴回零成功：motionMap.SetBackSpreaderAxis(3, 0.5, 2, -SinkPosition)：ReturnCode{True}
2023-05-09 17:40:35,261 [AppLog] INFO : 电气控制模块：手动打开端口15
2023-05-09 17:40:36,038 [AppLog] INFO : 手动正向点动指令（8轴运控板卡系统） ====》：输出AXIS{第1轴},点动量{1.5MM},运动速度{2MM/s}
2023-05-09 17:40:36,038 [AppLog] INFO : 电气控制模块：手动关闭端口15
2023-05-09 17:40:36,039 [AppLog] INFO : 成形面高度上升层厚 TrapSpace{1.5mm}：TrapMoveUp(1, true, Convert.ToString(vel), Convert.ToString(TrapSpace), true, true）
2023-05-09 17:40:36,039 [AppLog] INFO : 手动铺粉正常结束：NewAutoSupplyPowderThread
2023-05-09 17:40:36,039 [AppLog] INFO : 发送监控指令，拍照记录1条：SendMessageFromSharedMemory
2023-05-09 17:40:58,024 [AppLog] INFO : 手动停止自动进给铺粉过程：AutoSupplyPowderBtn_Click
2023-05-09 17:40:58,402 [AppLog] INFO : 手动开启自动进给铺粉过程：AutoSupplyPowderBtn_Click
2023-05-09 17:40:58,767 [AppLog] INFO : 手动开启自动进给铺粉过程：AutoSupplyPowderBtn_Click
2023-05-09 17:40:58,768 [AppLog] INFO : 开启手动铺粉逻辑：NewAutoSupplyPowderThread
2023-05-09 17:40:58,770 [AppLog] INFO : 电气控制模块：手动打开端口15
2023-05-09 17:40:58,836 [AppLog] INFO : 手动正向点动指令（8轴运控板卡系统） ====》：输出AXIS{第1轴},点动量{-0.08MM},运动速度{2MM/s}
2023-05-09 17:40:58,837 [AppLog] INFO : 成形面高度下降层厚 TrapSpace{0.08mm}：TrapMoveUp(1, true, Convert.ToString(vel), Convert.ToString(TrapSpace), true, true）
2023-05-09 17:40:59,613 [AppLog] INFO : 手动正向点动指令（8轴运控板卡系统） ====》：输出AXIS{第1轴},点动量{-1.5MM},运动速度{2MM/s}
2023-05-09 17:40:59,614 [AppLog] INFO : 成形面高度下降指定厚度 TrapSpace{1.5mm}：TrapMoveUp(1, true, Convert.ToString(vel), Convert.ToString(TrapSpace), true, true）
2023-05-09 17:41:00,391 [AppLog] INFO : 手动正向点动指令（8轴运控板卡系统） ====》：输出AXIS{第1轴},点动量{1.5MM},运动速度{2MM/s}
2023-05-09 17:41:00,392 [AppLog] INFO : 电气控制模块：手动关闭端口15
2023-05-09 17:41:00,393 [AppLog] INFO : 成形面高度上升层厚 TrapSpace{1.5mm}：TrapMoveUp(1, true, Convert.ToString(vel), Convert.ToString(TrapSpace), true, true）
2023-05-09 17:41:00,641 [AppLog] INFO : 手动正向点动指令（8轴运控板卡系统） ====》：输出AXIS{第8轴},点动量{0.6MM},运动速度{2.5MM/s}
2023-05-09 17:41:00,643 [AppLog] INFO : Hopper落粉轴转2圈落粉，速度0.5rev/s：TrapMoveUp(8, true, 0.5, rotateNuM.ToString(), true, false)
2023-05-09 17:41:01,643 [AppLog] INFO : 开启铺粉车不等停运动至准备打印位置215mm，速度250mm/s：BackToStation2
2023-05-09 17:41:02,512 [AppLog] INFO : 手动正向点动指令（8轴运控板卡系统） ====》：输出AXIS{第2轴},点动量{216.5MM},运动速度{250MM/s}
2023-05-09 17:41:02,513 [AppLog] INFO : 当前铺粉车位置：打印位置215mm
2023-05-09 17:41:02,514 [AppLog] INFO : 手动正向点动指令（8轴运控板卡系统） ====》：输出AXIS{第2轴},点动量{480MM},运动速度{70MM/s}
2023-05-09 17:41:02,515 [AppLog] INFO : 开启铺粉车不等停运动至站2，速度0.5rev/s：BackToStation2
2023-05-09 17:41:02,630 [AppLog] INFO : 打开IR灯：OpenIRLamp(true)
2023-05-09 17:41:02,762 [AppLog] INFO : 手动正向点动指令（8轴运控板卡系统） ====》：输出AXIS{第3轴},点动量{0.125MM},运动速度{1MM/s}
2023-05-09 17:41:02,763 [AppLog] INFO : 在{40mm}处，落粉轴运动{45度}，落粉轴转速{1rev/s}：TrapMoveUp(3, true, Convert.ToString(DispenseRollerSpeed), 0.5, true, true)
2023-05-09 17:41:02,764 [AppLog] INFO : 手动正向点动指令（8轴运控板卡系统） ====》：输出AXIS{第3轴},点动量{0.5MM},运动速度{0.105479452054795MM/s}
2023-05-09 17:41:02,764 [AppLog] INFO : 开启均匀落粉及辊子铺平运动：TrapMoveUp(3, true, Convert.ToString(DispenseRollerSpeed), 0.5, true, true)
2023-05-09 17:41:06,837 [AppLog] INFO : 关闭IR灯：OpenIRLamp(false)
2023-05-09 17:41:08,565 [AppLog] INFO : 手动正向点动指令（8轴运控板卡系统） ====》：输出AXIS{第3轴},点动量{0.5MM},运动速度{2MM/s}
2023-05-09 17:41:08,566 [AppLog] INFO : 落粉轴继续转动以倒掉余粉：TrapMoveUp(3, true, 2, 0.5, true, false)
2023-05-09 17:41:09,374 [AppLog] INFO : 电气控制模块：手动打开端口15
2023-05-09 17:41:10,150 [AppLog] INFO : 手动正向点动指令（8轴运控板卡系统） ====》：输出AXIS{第1轴},点动量{-1.5MM},运动速度{2MM/s}
2023-05-09 17:41:10,152 [AppLog] INFO : 电气控制模块：手动关闭端口15
2023-05-09 17:41:10,154 [AppLog] INFO : 成形面高度下降指定厚度 TrapSpace{1.5mm}：TrapMoveUp(1, true, Convert.ToString(vel), Convert.ToString(TrapSpace), true, true）
2023-05-09 17:41:12,946 [AppLog] INFO : 手动正向点动指令（8轴运控板卡系统） ====》：输出AXIS{第2轴},点动量{-696.5MM},运动速度{250MM/s}
2023-05-09 17:41:12,946 [AppLog] INFO : 铺粉车返回至站1：BackToStation2(AimPos, MovSpeed, true)：-1.5mm，速度250mm/s：BackToStation2
2023-05-09 17:41:13,698 [AppLog] INFO : 落粉轴回零成功：motionMap.SetBackSpreaderAxis(3, 0.5, 2, -SinkPosition)：ReturnCode{True}
2023-05-09 17:41:13,698 [AppLog] INFO : 电气控制模块：手动打开端口15
2023-05-09 17:41:14,475 [AppLog] INFO : 手动正向点动指令（8轴运控板卡系统） ====》：输出AXIS{第1轴},点动量{1.5MM},运动速度{2MM/s}
2023-05-09 17:41:14,475 [AppLog] INFO : 电气控制模块：手动关闭端口15
2023-05-09 17:41:14,475 [AppLog] INFO : 成形面高度上升层厚 TrapSpace{1.5mm}：TrapMoveUp(1, true, Convert.ToString(vel), Convert.ToString(TrapSpace), true, true）
2023-05-09 17:41:14,476 [AppLog] INFO : 手动铺粉正常结束：NewAutoSupplyPowderThread
2023-05-09 17:41:14,476 [AppLog] INFO : 发送监控指令，拍照记录1条：SendMessageFromSharedMemory
2023-05-09 17:41:36,503 [AppLog] INFO : 手动停止自动进给铺粉过程：AutoSupplyPowderBtn_Click
2023-05-09 17:41:36,718 [AppLog] INFO : 手动开启自动进给铺粉过程：AutoSupplyPowderBtn_Click
2023-05-09 17:41:37,189 [AppLog] INFO : 手动开启自动进给铺粉过程：AutoSupplyPowderBtn_Click
2023-05-09 17:41:37,190 [AppLog] INFO : 开启手动铺粉逻辑：NewAutoSupplyPowderThread
2023-05-09 17:41:37,190 [AppLog] INFO : 电气控制模块：手动打开端口15
2023-05-09 17:41:37,256 [AppLog] INFO : 手动正向点动指令（8轴运控板卡系统） ====》：输出AXIS{第1轴},点动量{-0.08MM},运动速度{2MM/s}
2023-05-09 17:41:37,257 [AppLog] INFO : 成形面高度下降层厚 TrapSpace{0.08mm}：TrapMoveUp(1, true, Convert.ToString(vel), Convert.ToString(TrapSpace), true, true）
2023-05-09 17:41:38,032 [AppLog] INFO : 手动正向点动指令（8轴运控板卡系统） ====》：输出AXIS{第1轴},点动量{-1.5MM},运动速度{2MM/s}
2023-05-09 17:41:38,033 [AppLog] INFO : 成形面高度下降指定厚度 TrapSpace{1.5mm}：TrapMoveUp(1, true, Convert.ToString(vel), Convert.ToString(TrapSpace), true, true）
2023-05-09 17:41:38,808 [AppLog] INFO : 手动正向点动指令（8轴运控板卡系统） ====》：输出AXIS{第1轴},点动量{1.5MM},运动速度{2MM/s}
2023-05-09 17:41:38,809 [AppLog] INFO : 电气控制模块：手动关闭端口15
2023-05-09 17:41:38,809 [AppLog] INFO : 成形面高度上升层厚 TrapSpace{1.5mm}：TrapMoveUp(1, true, Convert.ToString(vel), Convert.ToString(TrapSpace), true, true）
2023-05-09 17:41:39,058 [AppLog] INFO : 手动正向点动指令（8轴运控板卡系统） ====》：输出AXIS{第8轴},点动量{0.6MM},运动速度{2.5MM/s}
2023-05-09 17:41:39,058 [AppLog] INFO : Hopper落粉轴转2圈落粉，速度0.5rev/s：TrapMoveUp(8, true, 0.5, rotateNuM.ToString(), true, false)
2023-05-09 17:41:40,058 [AppLog] INFO : 开启铺粉车不等停运动至准备打印位置215mm，速度250mm/s：BackToStation2
2023-05-09 17:41:40,927 [AppLog] INFO : 手动正向点动指令（8轴运控板卡系统） ====》：输出AXIS{第2轴},点动量{216.5MM},运动速度{250MM/s}
2023-05-09 17:41:40,928 [AppLog] INFO : 当前铺粉车位置：打印位置215mm
2023-05-09 17:41:40,930 [AppLog] INFO : 手动正向点动指令（8轴运控板卡系统） ====》：输出AXIS{第2轴},点动量{480MM},运动速度{70MM/s}
2023-05-09 17:41:40,930 [AppLog] INFO : 开启铺粉车不等停运动至站2，速度0.5rev/s：BackToStation2
2023-05-09 17:41:41,040 [AppLog] INFO : 打开IR灯：OpenIRLamp(true)
2023-05-09 17:41:41,173 [AppLog] INFO : 手动正向点动指令（8轴运控板卡系统） ====》：输出AXIS{第3轴},点动量{0.125MM},运动速度{1MM/s}
2023-05-09 17:41:41,175 [AppLog] INFO : 在{40mm}处，落粉轴运动{45度}，落粉轴转速{1rev/s}：TrapMoveUp(3, true, Convert.ToString(DispenseRollerSpeed), 0.5, true, true)
2023-05-09 17:41:41,177 [AppLog] INFO : 手动正向点动指令（8轴运控板卡系统） ====》：输出AXIS{第3轴},点动量{0.5MM},运动速度{0.105479452054795MM/s}
2023-05-09 17:41:41,178 [AppLog] INFO : 开启均匀落粉及辊子铺平运动：TrapMoveUp(3, true, Convert.ToString(DispenseRollerSpeed), 0.5, true, true)
2023-05-09 17:41:45,269 [AppLog] INFO : 关闭IR灯：OpenIRLamp(false)
2023-05-09 17:41:46,981 [AppLog] INFO : 手动正向点动指令（8轴运控板卡系统） ====》：输出AXIS{第3轴},点动量{0.5MM},运动速度{2MM/s}
2023-05-09 17:41:46,981 [AppLog] INFO : 落粉轴继续转动以倒掉余粉：TrapMoveUp(3, true, 2, 0.5, true, false)
2023-05-09 17:41:47,790 [AppLog] INFO : 电气控制模块：手动打开端口15
2023-05-09 17:41:48,566 [AppLog] INFO : 手动正向点动指令（8轴运控板卡系统） ====》：输出AXIS{第1轴},点动量{-1.5MM},运动速度{2MM/s}
2023-05-09 17:41:48,566 [AppLog] INFO : 电气控制模块：手动关闭端口15
2023-05-09 17:41:48,567 [AppLog] INFO : 成形面高度下降指定厚度 TrapSpace{1.5mm}：TrapMoveUp(1, true, Convert.ToString(vel), Convert.ToString(TrapSpace), true, true）
2023-05-09 17:41:51,355 [AppLog] INFO : 手动正向点动指令（8轴运控板卡系统） ====》：输出AXIS{第2轴},点动量{-696.5MM},运动速度{250MM/s}
2023-05-09 17:41:51,356 [AppLog] INFO : 铺粉车返回至站1：BackToStation2(AimPos, MovSpeed, true)：-1.5mm，速度250mm/s：BackToStation2
2023-05-09 17:41:52,107 [AppLog] INFO : 落粉轴回零成功：motionMap.SetBackSpreaderAxis(3, 0.5, 2, -SinkPosition)：ReturnCode{True}
2023-05-09 17:41:52,107 [AppLog] INFO : 电气控制模块：手动打开端口15
2023-05-09 17:41:52,883 [AppLog] INFO : 手动正向点动指令（8轴运控板卡系统） ====》：输出AXIS{第1轴},点动量{1.5MM},运动速度{2MM/s}
2023-05-09 17:41:52,883 [AppLog] INFO : 电气控制模块：手动关闭端口15
2023-05-09 17:41:52,883 [AppLog] INFO : 成形面高度上升层厚 TrapSpace{1.5mm}：TrapMoveUp(1, true, Convert.ToString(vel), Convert.ToString(TrapSpace), true, true）
2023-05-09 17:41:52,883 [AppLog] INFO : 手动铺粉正常结束：NewAutoSupplyPowderThread
2023-05-09 17:41:52,884 [AppLog] INFO : 发送监控指令，拍照记录1条：SendMessageFromSharedMemory
2023-05-09 17:42:14,374 [AppLog] INFO : 手动停止自动进给铺粉过程：AutoSupplyPowderBtn_Click
2023-05-09 17:42:14,549 [AppLog] INFO : 手动开启自动进给铺粉过程：AutoSupplyPowderBtn_Click
2023-05-09 17:42:15,028 [AppLog] INFO : 手动开启自动进给铺粉过程：AutoSupplyPowderBtn_Click
2023-05-09 17:42:15,028 [AppLog] INFO : 开启手动铺粉逻辑：NewAutoSupplyPowderThread
2023-05-09 17:42:15,030 [AppLog] INFO : 电气控制模块：手动打开端口15
2023-05-09 17:42:15,096 [AppLog] INFO : 手动正向点动指令（8轴运控板卡系统） ====》：输出AXIS{第1轴},点动量{-0.08MM},运动速度{2MM/s}
2023-05-09 17:42:15,096 [AppLog] INFO : 成形面高度下降层厚 TrapSpace{0.08mm}：TrapMoveUp(1, true, Convert.ToString(vel), Convert.ToString(TrapSpace), true, true）
2023-05-09 17:42:15,872 [AppLog] INFO : 手动正向点动指令（8轴运控板卡系统） ====》：输出AXIS{第1轴},点动量{-1.5MM},运动速度{2MM/s}
2023-05-09 17:42:15,872 [AppLog] INFO : 成形面高度下降指定厚度 TrapSpace{1.5mm}：TrapMoveUp(1, true, Convert.ToString(vel), Convert.ToString(TrapSpace), true, true）
2023-05-09 17:42:16,648 [AppLog] INFO : 手动正向点动指令（8轴运控板卡系统） ====》：输出AXIS{第1轴},点动量{1.5MM},运动速度{2MM/s}
2023-05-09 17:42:16,648 [AppLog] INFO : 电气控制模块：手动关闭端口15
2023-05-09 17:42:16,649 [AppLog] INFO : 成形面高度上升层厚 TrapSpace{1.5mm}：TrapMoveUp(1, true, Convert.ToString(vel), Convert.ToString(TrapSpace), true, true）
2023-05-09 17:42:16,897 [AppLog] INFO : 手动正向点动指令（8轴运控板卡系统） ====》：输出AXIS{第8轴},点动量{0.6MM},运动速度{2.5MM/s}
2023-05-09 17:42:16,897 [AppLog] INFO : Hopper落粉轴转2圈落粉，速度0.5rev/s：TrapMoveUp(8, true, 0.5, rotateNuM.ToString(), true, false)
2023-05-09 17:42:17,898 [AppLog] INFO : 开启铺粉车不等停运动至准备打印位置215mm，速度250mm/s：BackToStation2
2023-05-09 17:42:18,006 [AppLog] INFO : 退出手动调试子模块，未执行修改
==========================================================================
2023-05-09 17:42:18,767 [AppLog] INFO : 手动正向点动指令（8轴运控板卡系统） ====》：输出AXIS{第2轴},点动量{216.5MM},运动速度{250MM/s}
2023-05-09 17:42:18,767 [AppLog] INFO : 当前铺粉车位置：打印位置215mm
2023-05-09 17:42:18,769 [AppLog] INFO : 手动正向点动指令（8轴运控板卡系统） ====》：输出AXIS{第2轴},点动量{480MM},运动速度{70MM/s}
2023-05-09 17:42:18,770 [AppLog] INFO : 开启铺粉车不等停运动至站2，速度0.5rev/s：BackToStation2
2023-05-09 17:42:18,890 [AppLog] INFO : 打开IR灯：OpenIRLamp(true)
2023-05-09 17:42:19,022 [AppLog] INFO : 手动正向点动指令（8轴运控板卡系统） ====》：输出AXIS{第3轴},点动量{0.125MM},运动速度{1MM/s}
2023-05-09 17:42:19,023 [AppLog] INFO : 在{40mm}处，落粉轴运动{45度}，落粉轴转速{1rev/s}：TrapMoveUp(3, true, Convert.ToString(DispenseRollerSpeed), 0.5, true, true)
2023-05-09 17:42:19,024 [AppLog] INFO : 手动正向点动指令（8轴运控板卡系统） ====》：输出AXIS{第3轴},点动量{0.5MM},运动速度{0.105479452054795MM/s}
2023-05-09 17:42:19,024 [AppLog] INFO : 开启均匀落粉及辊子铺平运动：TrapMoveUp(3, true, Convert.ToString(DispenseRollerSpeed), 0.5, true, true)
2023-05-09 17:42:23,099 [AppLog] INFO : 关闭IR灯：OpenIRLamp(false)
2023-05-09 17:42:24,820 [AppLog] INFO : 手动正向点动指令（8轴运控板卡系统） ====》：输出AXIS{第3轴},点动量{0.5MM},运动速度{2MM/s}
2023-05-09 17:42:24,821 [AppLog] INFO : 落粉轴继续转动以倒掉余粉：TrapMoveUp(3, true, 2, 0.5, true, false)
2023-05-09 17:42:25,630 [AppLog] INFO : 电气控制模块：手动打开端口15
2023-05-09 17:42:26,406 [AppLog] INFO : 手动正向点动指令（8轴运控板卡系统） ====》：输出AXIS{第1轴},点动量{-1.5MM},运动速度{2MM/s}
2023-05-09 17:42:26,406 [AppLog] INFO : 电气控制模块：手动关闭端口15
2023-05-09 17:42:26,406 [AppLog] INFO : 成形面高度下降指定厚度 TrapSpace{1.5mm}：TrapMoveUp(1, true, Convert.ToString(vel), Convert.ToString(TrapSpace), true, true）
2023-05-09 17:42:29,196 [AppLog] INFO : 手动正向点动指令（8轴运控板卡系统） ====》：输出AXIS{第2轴},点动量{-696.5MM},运动速度{250MM/s}
2023-05-09 17:42:29,196 [AppLog] INFO : 铺粉车返回至站1：BackToStation2(AimPos, MovSpeed, true)：-1.5mm，速度250mm/s：BackToStation2
2023-05-09 17:42:29,947 [AppLog] INFO : 落粉轴回零成功：motionMap.SetBackSpreaderAxis(3, 0.5, 2, -SinkPosition)：ReturnCode{True}
2023-05-09 17:42:29,947 [AppLog] INFO : 电气控制模块：手动打开端口15
2023-05-09 17:42:30,723 [AppLog] INFO : 手动正向点动指令（8轴运控板卡系统） ====》：输出AXIS{第1轴},点动量{1.5MM},运动速度{2MM/s}
2023-05-09 17:42:30,723 [AppLog] INFO : 电气控制模块：手动关闭端口15
2023-05-09 17:42:30,724 [AppLog] INFO : 成形面高度上升层厚 TrapSpace{1.5mm}：TrapMoveUp(1, true, Convert.ToString(vel), Convert.ToString(TrapSpace), true, true）
2023-05-09 17:42:30,724 [AppLog] INFO : 手动铺粉正常结束：NewAutoSupplyPowderThread
2023-05-09 17:42:30,724 [AppLog] INFO : 发送监控指令，拍照记录1条：SendMessageFromSharedMemory
2023-05-09 17:42:51,865 [AppLog] INFO : 进入手动调试子模块！
2023-05-09 17:42:51,865 [AppLog] INFO : 进入：ManulBtn_Click=》准备创建对象-手动操作！
2023-05-09 17:42:51,897 [AppLog] INFO : 创建：ManualControl=》创建完成-手动操作！
2023-05-09 17:42:51,897 [AppLog] INFO : 加载成功：温控Modbus接口！
2023-05-09 17:42:53,111 [AppLog] INFO : 手动开启自动进给铺粉过程：AutoSupplyPowderBtn_Click
2023-05-09 17:42:53,112 [AppLog] INFO : 开启手动铺粉逻辑：NewAutoSupplyPowderThread
2023-05-09 17:42:53,113 [AppLog] INFO : 电气控制模块：手动打开端口15
2023-05-09 17:42:53,178 [AppLog] INFO : 手动正向点动指令（8轴运控板卡系统） ====》：输出AXIS{第1轴},点动量{-0.08MM},运动速度{2MM/s}
2023-05-09 17:42:53,179 [AppLog] INFO : 成形面高度下降层厚 TrapSpace{0.08mm}：TrapMoveUp(1, true, Convert.ToString(vel), Convert.ToString(TrapSpace), true, true）
2023-05-09 17:42:53,489 [AppLog] INFO : 手动停止自动进给铺粉过程：AutoSupplyPowderBtn_Click
2023-05-09 17:42:53,954 [AppLog] INFO : 手动正向点动指令（8轴运控板卡系统） ====》：输出AXIS{第1轴},点动量{-1.5MM},运动速度{2MM/s}
2023-05-09 17:42:53,954 [AppLog] INFO : 成形面高度下降指定厚度 TrapSpace{1.5mm}：TrapMoveUp(1, true, Convert.ToString(vel), Convert.ToString(TrapSpace), true, true）
2023-05-09 17:42:54,730 [AppLog] INFO : 手动正向点动指令（8轴运控板卡系统） ====》：输出AXIS{第1轴},点动量{1.5MM},运动速度{2MM/s}
2023-05-09 17:42:54,730 [AppLog] INFO : 电气控制模块：手动关闭端口15
2023-05-09 17:42:54,731 [AppLog] INFO : 成形面高度上升层厚 TrapSpace{1.5mm}：TrapMoveUp(1, true, Convert.ToString(vel), Convert.ToString(TrapSpace), true, true）
2023-05-09 17:42:54,979 [AppLog] INFO : 手动正向点动指令（8轴运控板卡系统） ====》：输出AXIS{第8轴},点动量{0.6MM},运动速度{2.5MM/s}
2023-05-09 17:42:54,979 [AppLog] INFO : Hopper落粉轴转2圈落粉，速度0.5rev/s：TrapMoveUp(8, true, 0.5, rotateNuM.ToString(), true, false)
2023-05-09 17:42:55,981 [AppLog] INFO : 开启铺粉车不等停运动至准备打印位置215mm，速度250mm/s：BackToStation2
2023-05-09 17:42:56,849 [AppLog] INFO : 手动正向点动指令（8轴运控板卡系统） ====》：输出AXIS{第2轴},点动量{216.5MM},运动速度{250MM/s}
2023-05-09 17:42:56,850 [AppLog] INFO : 当前铺粉车位置：打印位置215mm
2023-05-09 17:42:56,852 [AppLog] INFO : 手动正向点动指令（8轴运控板卡系统） ====》：输出AXIS{第2轴},点动量{480MM},运动速度{70MM/s}
2023-05-09 17:42:56,852 [AppLog] INFO : 开启铺粉车不等停运动至站2，速度0.5rev/s：BackToStation2
2023-05-09 17:42:56,963 [AppLog] INFO : 打开IR灯：OpenIRLamp(true)
2023-05-09 17:42:57,095 [AppLog] INFO : 手动正向点动指令（8轴运控板卡系统） ====》：输出AXIS{第3轴},点动量{0.125MM},运动速度{1MM/s}
2023-05-09 17:42:57,096 [AppLog] INFO : 在{40mm}处，落粉轴运动{45度}，落粉轴转速{1rev/s}：TrapMoveUp(3, true, Convert.ToString(DispenseRollerSpeed), 0.5, true, true)
2023-05-09 17:42:57,097 [AppLog] INFO : 手动正向点动指令（8轴运控板卡系统） ====》：输出AXIS{第3轴},点动量{0.5MM},运动速度{0.105479452054795MM/s}
2023-05-09 17:42:57,097 [AppLog] INFO : 开启均匀落粉及辊子铺平运动：TrapMoveUp(3, true, Convert.ToString(DispenseRollerSpeed), 0.5, true, true)
2023-05-09 17:43:01,191 [AppLog] INFO : 关闭IR灯：OpenIRLamp(false)
2023-05-09 17:43:02,902 [AppLog] INFO : 手动正向点动指令（8轴运控板卡系统） ====》：输出AXIS{第3轴},点动量{0.5MM},运动速度{2MM/s}
2023-05-09 17:43:02,902 [AppLog] INFO : 落粉轴继续转动以倒掉余粉：TrapMoveUp(3, true, 2, 0.5, true, false)
2023-05-09 17:43:03,711 [AppLog] INFO : 电气控制模块：手动打开端口15
2023-05-09 17:43:04,487 [AppLog] INFO : 手动正向点动指令（8轴运控板卡系统） ====》：输出AXIS{第1轴},点动量{-1.5MM},运动速度{2MM/s}
2023-05-09 17:43:04,487 [AppLog] INFO : 电气控制模块：手动关闭端口15
2023-05-09 17:43:04,487 [AppLog] INFO : 成形面高度下降指定厚度 TrapSpace{1.5mm}：TrapMoveUp(1, true, Convert.ToString(vel), Convert.ToString(TrapSpace), true, true）
2023-05-09 17:43:07,276 [AppLog] INFO : 手动正向点动指令（8轴运控板卡系统） ====》：输出AXIS{第2轴},点动量{-696.5MM},运动速度{250MM/s}
2023-05-09 17:43:07,276 [AppLog] INFO : 铺粉车返回至站1：BackToStation2(AimPos, MovSpeed, true)：-1.5mm，速度250mm/s：BackToStation2
2023-05-09 17:43:08,028 [AppLog] INFO : 落粉轴回零成功：motionMap.SetBackSpreaderAxis(3, 0.5, 2, -SinkPosition)：ReturnCode{True}
2023-05-09 17:43:08,028 [AppLog] INFO : 电气控制模块：手动打开端口15
2023-05-09 17:43:08,670 [AppLog] INFO : 退出手动调试子模块,已执行修改
==========================================================================
2023-05-09 17:43:08,804 [AppLog] INFO : 手动正向点动指令（8轴运控板卡系统） ====》：输出AXIS{第1轴},点动量{1.5MM},运动速度{2MM/s}
2023-05-09 17:43:08,804 [AppLog] INFO : 电气控制模块：手动关闭端口15
2023-05-09 17:43:08,804 [AppLog] INFO : 成形面高度上升层厚 TrapSpace{1.5mm}：TrapMoveUp(1, true, Convert.ToString(vel), Convert.ToString(TrapSpace), true, true）
2023-05-09 17:43:08,804 [AppLog] INFO : 手动铺粉正常结束：NewAutoSupplyPowderThread
2023-05-09 17:43:08,805 [AppLog] INFO : 发送监控指令，拍照记录1条：SendMessageFromSharedMemory
2023-05-09 17:44:41,380 [AppLog] INFO : 进入电气控制模块
2023-05-09 17:44:42,088 [AppLog] INFO : 电气控制模块：手动关闭端口15
2023-05-09 17:44:42,866 [AppLog] INFO : 退出电气控制模块
2023-05-09 17:45:32,052 [AppLog] INFO : 进入JOB参数设置：修改前初始参数：灰度数据格式{1bits}打印灰阶{1阶}m_XPrintDpi{635Dpi}墨车运动速度{300MM/s}X向起打位置{50MM}X向起打位置偏移{0MM}Y向起打位置偏移{15MM}
2023-05-09 17:45:34,819 [AppLog] INFO : 退出JOB参数设置：未修改直接退出！
2023-05-09 17:45:35,518 [AppLog] INFO : 监控记录设置！
2023-05-09 17:45:39,662 [AppLog] INFO : 更新监控配置文件：SaveJsonFile：配置文件路径{D:\Release-3DPrintingForBinderJetting-V2.0\MonitorPrint-Configuration.json}m_sMonitorRecordPath{D:\shibiao-daying-0509}m_sPrintJobName{Shibiao-0509}m_anJettingBinderBedMonitorFlags{False,False,False,False,False,False,True,False,False,False,False,True,}
2023-05-09 17:45:41,084 [AppLog] INFO : 进入电气控制模块
2023-05-09 17:45:42,218 [AppLog] INFO : 退出电气控制模块
2023-05-09 17:48:50,048 [AppLog] INFO : 监控记录设置！
2023-05-09 17:49:14,334 [AppLog] INFO : 更新监控配置文件：SaveJsonFile：配置文件路径{D:\Release-3DPrintingForBinderJetting-V2.0\MonitorPrint-Configuration.json}m_sMonitorRecordPath{D:\shibiao-daying-0509}m_sPrintJobName{Shibiao-0509}m_anJettingBinderBedMonitorFlags{False,False,False,False,False,False,True,False,False,False,False,True,}
2023-05-09 17:50:06,712 [AppLog] INFO : 进入电气控制模块
2023-05-09 17:50:07,523 [AppLog] INFO : 退出电气控制模块
2023-05-09 17:50:08,646 [AppLog] INFO : 进入手动调试子模块！
2023-05-09 17:50:08,646 [AppLog] INFO : 进入：ManulBtn_Click=》准备创建对象-手动操作！
2023-05-09 17:50:08,678 [AppLog] INFO : 创建：ManualControl=》创建完成-手动操作！
2023-05-09 17:50:08,678 [AppLog] INFO : 加载成功：温控Modbus接口！
2023-05-09 17:50:09,816 [AppLog] INFO : 退出手动调试子模块,已执行修改
==========================================================================
2023-05-09 17:50:10,643 [AppLog] INFO : 进入电气控制模块
2023-05-09 17:50:53,497 [AppLog] INFO : 退出电气控制模块
2023-05-09 17:50:54,604 [AppLog] INFO : 进入电气控制模块
2023-05-09 17:50:58,520 [AppLog] INFO : 退出电气控制模块
2023-05-09 17:50:59,175 [AppLog] INFO : 进入手动调试子模块！
2023-05-09 17:50:59,175 [AppLog] INFO : 进入：ManulBtn_Click=》准备创建对象-手动操作！
2023-05-09 17:50:59,206 [AppLog] INFO : 创建：ManualControl=》创建完成-手动操作！
2023-05-09 17:50:59,206 [AppLog] INFO : 加载成功：温控Modbus接口！
2023-05-09 17:51:07,131 [AppLog] INFO : 退出手动调试子模块,已执行修改
==========================================================================
2023-05-09 17:51:07,942 [AppLog] INFO : 进入电气控制模块
2023-05-09 17:51:13,449 [AppLog] INFO : 退出电气控制模块
2023-05-09 17:51:14,588 [AppLog] INFO : 进入手动调试子模块！
2023-05-09 17:51:14,588 [AppLog] INFO : 进入：ManulBtn_Click=》准备创建对象-手动操作！
2023-05-09 17:51:14,619 [AppLog] INFO : 创建：ManualControl=》创建完成-手动操作！
2023-05-09 17:51:14,619 [AppLog] INFO : 加载成功：温控Modbus接口！
2023-05-09 17:51:25,679 [AppLog] INFO : 退出手动调试子模块,已执行修改
==========================================================================
2023-05-09 17:51:26,600 [AppLog] INFO : 进入电气控制模块
2023-05-09 17:51:28,097 [AppLog] INFO : 退出电气控制模块
2023-05-09 17:51:42,793 [AppLog] INFO : 进入电气控制模块
2023-05-09 17:51:43,448 [AppLog] INFO : 退出电气控制模块
