2023-04-05 19:28:13,511 [AppLog] INFO : 软件开机密码正确，登录成功1次
==========================================================================
操作系统:{Microsoft Windows 7 旗舰版 }
运行环境:{ .Net Framework Enviroment Version 4.0.30319.42000}
盘符：D
CPU使用率：{5.344646%} ，可用内存大小:{14282MB}，硬盘剩余空间：
  盘符 C:\ 的剩余空间：70 GB
  盘符 D:\ 的剩余空间：88 GB
  盘符 F:\ 的剩余空间：3 GB
硬件配置情况：
  CPU 厂家: GenuineIntel CPU 型号: Intel(R) Core(TM) i7-4770 CPU @ 3.40GHz
  内存条厂家: Kingston 内存条型号: 99P5471-043.A00LF 
  内存条厂家: Kingston 内存条型号: 99P5471-043.A00LF 
  硬盘厂家: (标准磁盘驱动器) 硬盘型号: Micron_1300_MTFDDAK256TDL ATA Device
  硬盘厂家: (标准磁盘驱动器) 硬盘型号: Generic Flash Disk USB Device
==========================================================================
2023-04-05 19:28:16,052 [AppLog] INFO : 开启系统：板卡通讯，伺服供电，照明系统，UV/HR固化系统！
2023-04-05 19:28:16,054 [AppLog] INFO : 开启系统：一键启动系统开始！
2023-04-05 19:28:22,070 [AppLog] INFO : 开启系统：一键启动系统结束！
2023-04-05 19:28:22,071 [AppLog] INFO : 初始化喷墨控制器启动！
2023-04-05 19:28:41,247 [AppLog] INFO : 打开喷墨控制器设备成功！
2023-04-05 19:28:43,889 [AppLog] INFO : 初始化喷墨控制器成功！
2023-04-05 19:28:43,889 [AppLog] INFO : 进入：EquipmentMotionLogic3=》准备创建对象-手动操作！
2023-04-05 19:28:44,071 [AppLog] INFO : 进入：EquipmentMotionLogic3=》创建完成-手动操作！
2023-04-05 19:28:44,226 [AppLog] INFO : 红外灯控制器485通讯建立！
2023-04-05 19:28:44,227 [AppLog] INFO : 进入电气控制模块
2023-04-05 19:28:46,205 [AppLog] INFO : 电气控制模块：手动打开端口14
2023-04-05 19:28:46,855 [AppLog] INFO : 电气控制模块：手动打开端口15
2023-04-05 19:28:47,607 [AppLog] INFO : 退出电气控制模块
2023-04-05 19:28:48,093 [AppLog] INFO : 进入手动调试子模块！
2023-04-05 19:28:48,093 [AppLog] INFO : 进入：ManulBtn_Click=》准备创建对象-手动操作！
2023-04-05 19:28:48,120 [AppLog] INFO : 创建：ManualControl=》创建完成-手动操作！
2023-04-05 19:28:48,121 [AppLog] INFO : 加载成功：温控Modbus接口！
2023-04-05 19:28:49,642 [AppLog] INFO : 退出手动调试子模块，未执行修改
==========================================================================
2023-04-05 19:28:50,349 [AppLog] INFO : 进入数据加载模块
2023-04-05 19:28:53,248 [AppLog] INFO : 进入手动调试子模块！
2023-04-05 19:28:53,248 [AppLog] INFO : 进入：ManulBtn_Click=》准备创建对象-手动操作！
2023-04-05 19:28:53,279 [AppLog] INFO : 创建：ManualControl=》创建完成-手动操作！
2023-04-05 19:28:53,279 [AppLog] INFO : 加载成功：温控Modbus接口！
2023-04-05 19:28:56,172 [AppLog] INFO : 开启铺粉车回零校准：PowderCarHomeBtn_Click
2023-04-05 19:28:56,173 [AppLog] INFO : 开启粉车回零校准线程：PowderCarHomeResetThread
2023-04-05 19:29:04,872 [AppLog] INFO : 手动正向点动指令（8轴运控板卡系统） ====》：输出AXIS{第2轴},点动量{-116MM},运动速度{50MM/s}
2023-04-05 19:29:04,872 [AppLog] INFO : 粉车回零校准线程成功：PowderCarHomeResetThread
2023-04-05 19:29:09,287 [AppLog] INFO : 更新波形路径：DEV_UpdateParam：{D:\Release\波形文件\0316新调=波形文件=水性胶水\世彪新调：ricoh_big-单点模式-开启MN1(开启微动).rhdat}
2023-04-05 19:29:09,287 [AppLog] INFO : {1}号喷头基准电压更新成功：DEV_SetWaveStdVoltage{0V,0V,0V,0V}；
2023-04-05 19:29:14,747 [AppLog] INFO : 重新加载完波形：DEV_ReloadWaveForm! 当前波形文件的基准电压参考值为：{18V}
2023-04-05 19:29:15,027 [AppLog] INFO : {1}号喷头电压调压成功：MCU_SetPhVoltage{0V,0V,0V,0V}；
2023-04-05 19:29:18,210 [AppLog] INFO : 退出手动调试子模块,已执行修改
==========================================================================
2023-04-05 19:29:19,395 [AppLog] INFO : 进入数据加载模块
2023-04-05 19:29:31,579 [AppLog] INFO : CAD数据加载：添加.bjgroup格式CAD数据成功-D:\Release\CLI输入文件\SCUT-3DP测试件打-0915\shibiaoceshi-0309.bjgroup
2023-04-05 19:29:33,966 [AppLog] INFO : CAD数据删除：删除.CLI格式CAD数据成功-D:\Release\CLI输入文件\SCUT-3DP测试件打-0915\Merge of 打印测试件.cli
2023-04-05 19:29:33,981 [AppLog] INFO : CAD数据删除：删除.CLI格式CAD数据成功-D:\Release\CLI输入文件\SCUT-3DP测试件打-0915\Merge of 打印测试件-copys-0-1.cli
2023-04-05 19:29:33,981 [AppLog] INFO : CAD数据删除：删除.CLI格式CAD数据成功-D:\Release\CLI输入文件\SCUT-3DP测试件打-0915\Merge of 打印测试件-copys-1-0.cli
2023-04-05 19:29:33,997 [AppLog] INFO : CAD数据删除：删除.CLI格式CAD数据成功-D:\Release\CLI输入文件\SCUT-3DP测试件打-0915\Merge of 打印测试件-copys-1-1.cli
2023-04-05 19:29:33,997 [AppLog] INFO : CAD数据删除：删除.CLI格式CAD数据成功-D:\Release\CLI输入文件\SCUT-3DP测试件打-0915\Box-Shield-140.cli
2023-04-05 19:29:33,997 [AppLog] INFO : CAD数据删除：删除.CLI格式CAD数据成功-D:\Release\CLI输入文件\SCUT-3DP测试件打-0915\Box-Shield-140-copys-0-1.cli
2023-04-05 19:29:33,997 [AppLog] INFO : CAD数据删除：删除.CLI格式CAD数据成功-D:\Release\CLI输入文件\SCUT-3DP测试件打-0915\Box-Shield-140-copys-0-2.cli
2023-04-05 19:29:33,997 [AppLog] INFO : CAD数据删除：删除.CLI格式CAD数据成功-D:\Release\CLI输入文件\SCUT-3DP测试件打-0915\Box-Shield-140-copys-0-1-copys-0-1.cli
2023-04-05 19:29:34,886 [AppLog] INFO : 进入数据加载模块
2023-04-05 19:29:51,251 [AppLog] INFO : 进入电气控制模块
2023-04-05 19:29:52,234 [AppLog] INFO : 退出电气控制模块
2023-04-05 19:29:53,762 [AppLog] INFO : 进入手动调试子模块！
2023-04-05 19:29:53,778 [AppLog] INFO : 进入：ManulBtn_Click=》准备创建对象-手动操作！
2023-04-05 19:29:53,809 [AppLog] INFO : 创建：ManualControl=》创建完成-手动操作！
2023-04-05 19:29:53,809 [AppLog] INFO : 加载成功：温控Modbus接口！
2023-04-05 19:29:55,697 [AppLog] INFO : CAD数据加载：添加.bjgroup格式CAD数据成功-D:\Release\CLI输入文件\shibiao-0321\shibiao-0321晚.bjgroup
2023-04-05 19:30:01,219 [AppLog] INFO : 退出手动调试子模块,已执行修改
==========================================================================
2023-04-05 19:30:16,694 [AppLog] INFO : 进入JOB参数设置：修改前初始参数：灰度数据格式{1bits}打印灰阶{1阶}m_XPrintDpi{635Dpi}墨车运动速度{150MM/s}X向起打位置{50MM}X向起打位置偏移{0MM}Y向起打位置偏移{0MM}
2023-04-05 19:30:23,184 [AppLog] INFO : 退出JOB参数设置：未修改直接退出！
2023-04-05 19:30:23,839 [AppLog] INFO : 进入手动调试子模块！
2023-04-05 19:30:23,839 [AppLog] INFO : 进入：ManulBtn_Click=》准备创建对象-手动操作！
2023-04-05 19:30:23,870 [AppLog] INFO : 创建：ManualControl=》创建完成-手动操作！
2023-04-05 19:30:23,870 [AppLog] INFO : 加载成功：温控Modbus接口！
2023-04-05 19:30:35,102 [AppLog] INFO : 退出手动调试子模块,已执行修改
==========================================================================
2023-04-05 19:30:36,335 [AppLog] INFO : 启动打印任务：准备开启数据处理及打印线程
2023-04-05 19:30:36,350 [AppLog] INFO : 停止打印任务，释放板卡内存：IDP_StopPrintJob()：ReturnFlag{True}
2023-04-05 19:30:36,350 [AppLog] INFO : 启动打印线程成功： DataTaskTHREAD
2023-04-05 19:30:36,366 [AppLog] INFO : 写入打印参数：IDP_SartPrintJob：nJobID{1}szJobName{金属3DP打印}nPixelGrayBits{1} nPrtCtl{0}nPrtXEncPos{10000}fPrtYPos{0}
2023-04-05 19:30:36,382 [AppLog] INFO : 进入：EquipmentMotionLogic3=》准备创建对象-手动操作！
2023-04-05 19:30:36,382 [AppLog] INFO : 启动打印线程成功：PrintTaskTHREAD
2023-04-05 19:30:36,397 [AppLog] INFO : 创建：AutoPrintMotion4=》初次创建完成-手动操作！
2023-04-05 19:30:36,413 [AppLog] INFO : 准备处理第1层数据：准备调用RenderToWic，index为0，subindex为0，g_nRePrintTimes为2，起始层为0
2023-04-05 19:30:36,616 [AppLog] INFO : 完成处理第0层数据：准备调用DrawLayerBMP，index为0，起始层为0
2023-04-05 19:30:36,616 [AppLog] INFO : 完成处理第0层数据：准备调用DrawLayerBMP，index为0，起始层为0
2023-04-05 19:30:37,333 [AppLog] INFO : 作业写入成功：IDP_WriteImgLayerData：bpp:{1bit}灰阶:{1阶}nLayerIndex{0}LayerIndex{0}SubIndex{0}RePrintTimes{2}nBytesPerLine{1004}nWidth{8001}nHeight{7560}nXEncOff{0}nYJetOff{0}nImgStartJetIndex{0}nXDPI{635}nYDPI{600}nPrtDir{0} nPrtFlag{1}nColorCnts{1}nReserved{System.Int32[]}
2023-04-05 19:30:37,333 [AppLog] INFO : 完成处理第1层数据：准备调用RenderToWic，index为0，subindex为0，g_nRePrintTimes为2，起始层为0
2023-04-05 19:30:37,349 [AppLog] INFO : 准备处理第1层数据：准备调用RenderToWic，index为0，subindex为1，g_nRePrintTimes为2，起始层为0
2023-04-05 19:30:37,520 [AppLog] INFO : 完成处理第0层数据：准备调用DrawLayerBMP，index为0，起始层为0
2023-04-05 19:30:37,520 [AppLog] INFO : 完成处理第0层数据：准备调用DrawLayerBMP，index为0，起始层为0
2023-04-05 19:30:37,583 [AppLog] INFO : 关闭闪喷操作：IDP_FlashPrtCtl：返回值{True}
2023-04-05 19:30:37,583 [AppLog] INFO : 删除打印任务：准备删除数据处理及打印线程
2023-04-05 19:30:37,614 [AppLog] INFO : 关闭打印线程成功：PrintTaskTHREAD
2023-04-05 19:30:38,332 [AppLog] INFO : 作业写入成功：IDP_WriteImgLayerData：bpp:{1bit}灰阶:{1阶}nLayerIndex{1}LayerIndex{0}SubIndex{1}RePrintTimes{2}nBytesPerLine{1004}nWidth{8001}nHeight{7560}nXEncOff{0}nYJetOff{0}nImgStartJetIndex{0}nXDPI{635}nYDPI{600}nPrtDir{0} nPrtFlag{1}nColorCnts{1}nReserved{System.Int32[]}
2023-04-05 19:30:38,332 [AppLog] INFO : 完成处理第1层数据：准备调用RenderToWic，index为0，subindex为1，g_nRePrintTimes为2，起始层为0
2023-04-05 19:30:38,332 [AppLog] INFO : 准备处理第1层数据：准备调用RenderToWic，index为0，subindex为2，g_nRePrintTimes为2，起始层为0
2023-04-05 19:30:38,519 [AppLog] INFO : 完成处理第0层数据：准备调用DrawLayerBMP，index为0，起始层为0
2023-04-05 19:30:38,519 [AppLog] INFO : 完成处理第0层数据：准备调用DrawLayerBMP，index为0，起始层为0
2023-04-05 19:30:39,065 [AppLog] INFO : 进入手动调试子模块！
2023-04-05 19:30:39,080 [AppLog] INFO : 进入：ManulBtn_Click=》准备创建对象-手动操作！
2023-04-05 19:30:39,096 [AppLog] INFO : 创建：ManualControl=》创建完成-手动操作！
2023-04-05 19:30:39,096 [AppLog] INFO : 加载成功：温控Modbus接口！
2023-04-05 19:30:39,221 [AppLog] INFO : 作业写入成功：IDP_WriteImgLayerData：bpp:{1bit}灰阶:{1阶}nLayerIndex{2}LayerIndex{0}SubIndex{2}RePrintTimes{2}nBytesPerLine{1004}nWidth{8001}nHeight{7560}nXEncOff{0}nYJetOff{0}nImgStartJetIndex{0}nXDPI{635}nYDPI{600}nPrtDir{0} nPrtFlag{1}nColorCnts{1}nReserved{System.Int32[]}
2023-04-05 19:30:39,221 [AppLog] INFO : 完成处理第1层数据：准备调用RenderToWic，index为0，subindex为2，g_nRePrintTimes为2，起始层为0
2023-04-05 19:30:39,236 [AppLog] INFO : 接收到暂停打印指令：DataTaskTHREAD
2023-04-05 19:30:39,268 [AppLog] INFO : 关闭打印线程成功：DataTaskTHREAD
2023-04-05 19:30:39,268 [AppLog] INFO : 停止打印任务，释放板卡内存：IDP_StopPrintJob()：ReturnFlag{True}
2023-04-05 19:30:42,793 [AppLog] INFO : 开启墨车回零校准：PrintCarHomeBtn_Click
2023-04-05 19:30:42,793 [AppLog] INFO : 开启墨车回零校准线程：InkCarEncoderResetThread
2023-04-05 19:31:04,789 [AppLog] INFO : 墨车回零校准线程成功：InkCarEncoderResetThread
2023-04-05 19:31:44,179 [AppLog] INFO : 退出手动调试子模块,已执行修改
==========================================================================
2023-04-05 19:31:45,162 [AppLog] INFO : 启动打印任务：准备开启数据处理及打印线程
2023-04-05 19:31:45,178 [AppLog] INFO : 停止打印任务，释放板卡内存：IDP_StopPrintJob()：ReturnFlag{True}
2023-04-05 19:31:45,178 [AppLog] INFO : 启动打印线程成功： DataTaskTHREAD
2023-04-05 19:31:45,178 [AppLog] INFO : 启动打印线程成功：PrintTaskTHREAD
2023-04-05 19:31:45,178 [AppLog] INFO : 写入打印参数：IDP_SartPrintJob：nJobID{1}szJobName{金属3DP打印}nPixelGrayBits{1} nPrtCtl{0}nPrtXEncPos{10000}fPrtYPos{0}
2023-04-05 19:31:45,178 [AppLog] INFO : 进入：EquipmentMotionLogic3=》准备创建对象-手动操作！
2023-04-05 19:31:45,178 [AppLog] INFO : 创建：AutoPrintMotion4=》不需重新创建-手动操作！
2023-04-05 19:31:45,193 [AppLog] INFO : 准备处理第1层数据：准备调用RenderToWic，index为0，subindex为0，g_nRePrintTimes为2，起始层为0
2023-04-05 19:31:45,365 [AppLog] INFO : 完成处理第0层数据：准备调用DrawLayerBMP，index为0，起始层为0
2023-04-05 19:31:45,365 [AppLog] INFO : 完成处理第0层数据：准备调用DrawLayerBMP，index为0，起始层为0
2023-04-05 19:31:46,067 [AppLog] INFO : 作业写入成功：IDP_WriteImgLayerData：bpp:{1bit}灰阶:{1阶}nLayerIndex{0}LayerIndex{0}SubIndex{0}RePrintTimes{2}nBytesPerLine{1004}nWidth{8001}nHeight{7560}nXEncOff{0}nYJetOff{0}nImgStartJetIndex{0}nXDPI{635}nYDPI{600}nPrtDir{0} nPrtFlag{1}nColorCnts{1}nReserved{System.Int32[]}
2023-04-05 19:31:46,067 [AppLog] INFO : 完成处理第1层数据：准备调用RenderToWic，index为0，subindex为0，g_nRePrintTimes为2，起始层为0
2023-04-05 19:31:46,067 [AppLog] INFO : 准备处理第1层数据：准备调用RenderToWic，index为0，subindex为1，g_nRePrintTimes为2，起始层为0
2023-04-05 19:31:46,254 [AppLog] INFO : 完成处理第0层数据：准备调用DrawLayerBMP，index为0，起始层为0
2023-04-05 19:31:46,254 [AppLog] INFO : 完成处理第0层数据：准备调用DrawLayerBMP，index为0，起始层为0
2023-04-05 19:31:46,956 [AppLog] INFO : 作业写入成功：IDP_WriteImgLayerData：bpp:{1bit}灰阶:{1阶}nLayerIndex{1}LayerIndex{0}SubIndex{1}RePrintTimes{2}nBytesPerLine{1004}nWidth{8001}nHeight{7560}nXEncOff{0}nYJetOff{0}nImgStartJetIndex{0}nXDPI{635}nYDPI{600}nPrtDir{0} nPrtFlag{1}nColorCnts{1}nReserved{System.Int32[]}
2023-04-05 19:31:46,956 [AppLog] INFO : 完成处理第1层数据：准备调用RenderToWic，index为0，subindex为1，g_nRePrintTimes为2，起始层为0
2023-04-05 19:31:46,972 [AppLog] INFO : 准备处理第1层数据：准备调用RenderToWic，index为0，subindex为2，g_nRePrintTimes为2，起始层为0
2023-04-05 19:31:47,143 [AppLog] INFO : 完成处理第0层数据：准备调用DrawLayerBMP，index为0，起始层为0
2023-04-05 19:31:47,143 [AppLog] INFO : 完成处理第0层数据：准备调用DrawLayerBMP，index为0，起始层为0
2023-04-05 19:31:47,845 [AppLog] INFO : 作业写入成功：IDP_WriteImgLayerData：bpp:{1bit}灰阶:{1阶}nLayerIndex{2}LayerIndex{0}SubIndex{2}RePrintTimes{2}nBytesPerLine{1004}nWidth{8001}nHeight{7560}nXEncOff{0}nYJetOff{0}nImgStartJetIndex{0}nXDPI{635}nYDPI{600}nPrtDir{0} nPrtFlag{1}nColorCnts{1}nReserved{System.Int32[]}
2023-04-05 19:31:47,845 [AppLog] INFO : 完成处理第1层数据：准备调用RenderToWic，index为0，subindex为2，g_nRePrintTimes为2，起始层为0
2023-04-05 19:31:47,845 [AppLog] INFO : 准备处理第1层数据：准备调用RenderToWic，index为1，subindex为0，g_nRePrintTimes为2，起始层为0
2023-04-05 19:31:47,908 [AppLog] INFO : 关闭自动供墨：DEV_EnableInkAutoSupply：ControlBit{0xX}
2023-04-05 19:31:47,923 [AppLog] INFO : 初始化墨轴1：DEM_InitAxis：{0, 0x100}
2023-04-05 19:31:47,923 [AppLog] INFO : 初始化墨轴2：DEM_InitAxis：{1, 0x1400}
2023-04-05 19:31:47,955 [AppLog] INFO : 初始化墨轴3：DEM_InitAxis：{1, 0x1400}
2023-04-05 19:31:47,955 [AppLog] INFO : 使能所有墨轴：DEM_EnableAxisRun：{true}
2023-04-05 19:31:47,970 [AppLog] INFO : 使能双Y墨轴输出同步：DEM_EnableDYOutPut：{true, true}
2023-04-05 19:31:47,970 [AppLog] INFO : 初始化墨轴1：DEM_InitAxis：{0, 0x100}
2023-04-05 19:31:47,970 [AppLog] INFO : 使能所有墨轴：DEM_EnableAxisRun：{true}
2023-04-05 19:31:47,986 [AppLog] INFO : 开启自动供墨：DEV_EnableInkAutoSupply：ControlBit{0xFF}
2023-04-05 19:31:48,001 [AppLog] INFO : 接收到恢复打印指令：PrintTaskTHREAD
2023-04-05 19:31:48,017 [AppLog] INFO : 完成处理第1层数据：准备调用DrawLayerBMP，index为1，起始层为0
2023-04-05 19:31:48,017 [AppLog] INFO : 完成处理第1层数据：准备调用DrawLayerBMP，index为1，起始层为0
2023-04-05 19:31:48,064 [AppLog] INFO : 获取打印Pass数据：IDP_GetPassItem2：nLayerIndex{1}nPassID{0}nProcState{3}LPPassDataItemb:PrtDir{False}nDataTxCompleteCnt{1}nHwMemAdrMatchMask{1}nLayerIndex{1}nLayerPassCount{6}nLayerPassIndex{0}nMinJet0ImgLinePos{0}nPrtMemHwAddr{System.UInt32[]}nPrtDataOffset{System.UInt32[]}nSrcDataSize{System.UInt32[]}nPrtColBytes{System.UInt32[]}nPrtPrecession{8}nSrcEndCols{8000}nSrcStartCols{0}nStartEncPos{76472}nValidPassJets{1280}nValidPrtCols{8310}nValidPrtCtlCnts{1}pDataBuf{0}pNextItem{694926928}
2023-04-05 19:31:48,079 [AppLog] INFO : 使能Pass打印成功：IDP_DoPassPrint2：nLayerIndex{1}nPassID{0}
2023-04-05 19:31:48,095 [AppLog] INFO : PASS打印前关键状态：DEV_GetDeviceInfo2：nLayerIndex{1}nPassID{0}LPPRINTER_INFO:nXSysEncDPI{0}nStatus{0}nPrintStatus{0}bSuperDevice{0}
LPPRINTER_INFO-LPPrtRunInfo:bJobPrtRuning{False}bLayerPrtIsOver{False}nContReqMemErr{0}nContWDErr{0}nCurPrtDir{0}nDTLayerIndex{0}nDTLayerPassIndex{0}nDTPtrCtlIndex{0}nLayerPassCount{0}nPrintLayerIndex{0}nPrintPassIndex{0}nProcLayerIndex{0}nPrtDataMemAddr{0}nPrtState{0}nReverse{System.Int32[]}nRevPrtCols{0}
LPPRINTER_INFO-LPDRVINFO:nFMVersion{0}nFpgaVersion{0}nPCBVersion{0}nState{0}nNextState{0}nPtvwarnState{0}nCrc32{0}nRevInfo{System.UInt32[]}nSignature{0}
2023-04-05 19:31:48,095 [AppLog] INFO : 进入：EquipmentMotionLogic3=》准备创建对象-手动操作！
2023-04-05 19:31:48,142 [AppLog] INFO : 进入：EquipmentMotionLogic3=》初次创建完成-手动操作！
2023-04-05 19:31:48,142 [AppLog] INFO : 进入：EquipmentMotionLogic3=》赋值完成自-AutoPrintMotion2！
2023-04-05 19:31:48,142 [AppLog] INFO : 进入：EquipmentMotionLogic3=》加载配置文件-LoadJsonFile成功！
2023-04-05 19:31:48,142 [AppLog] INFO : 进入自动清洗过程：AutoCleanThread
2023-04-05 19:31:48,750 [AppLog] INFO : 作业写入成功：IDP_WriteImgLayerData：bpp:{1bit}灰阶:{1阶}nLayerIndex{3}LayerIndex{1}SubIndex{1}RePrintTimes{2}nBytesPerLine{1004}nWidth{8001}nHeight{7560}nXEncOff{0}nYJetOff{0}nImgStartJetIndex{0}nXDPI{635}nYDPI{600}nPrtDir{0} nPrtFlag{1}nColorCnts{1}nReserved{System.Int32[]}
2023-04-05 19:31:48,750 [AppLog] INFO : 完成处理第1层数据：准备调用RenderToWic，index为1，subindex为0，g_nRePrintTimes为2，起始层为0
2023-04-05 19:31:48,766 [AppLog] INFO : 准备处理第1层数据：准备调用RenderToWic，index为1，subindex为1，g_nRePrintTimes为2，起始层为0
2023-04-05 19:31:48,937 [AppLog] INFO : 完成处理第1层数据：准备调用DrawLayerBMP，index为1，起始层为0
2023-04-05 19:31:48,937 [AppLog] INFO : 完成处理第1层数据：准备调用DrawLayerBMP，index为1，起始层为0
2023-04-05 19:31:49,171 [AppLog] INFO : 刮墨轴回零成功：motionMap.SetBackSpreaderAxis(4, 1, 2, -SinkPosition)
2023-04-05 19:31:49,171 [AppLog] INFO : 准备读取编码器位置：Y方向！
2023-04-05 19:31:49,187 [AppLog] INFO : 准备运动，编码器当前位置：DEM_GetAxisEncodeVal：MoveDirectionFlag{false为Y方向：True}CurrentPos{53.03}AimPos{121}
2023-04-05 19:31:49,218 [AppLog] INFO : Y方向运动开始：DEM_Run：返回值{True}nAxis{1}DirFlag{True}nSpeed{200000}MoveStep{67970}nCtlValue{0}
2023-04-05 19:31:49,546 [AppLog] INFO : Y方向到位停止：DEM_StopAxisRun：返回值{True}CurrentPos{88.48}bImmeStop{False}nAxisMask{2}
2023-04-05 19:31:49,546 [AppLog] INFO : 准备读取编码器位置：X方向！
2023-04-05 19:31:49,546 [AppLog] INFO : 准备运动，当前位置：DEV_GetPrintEncoderValue：MoveDirectionFlag{false为Y方向：False}CurrentPos{738.52}AimPos{780}
2023-04-05 19:31:49,577 [AppLog] INFO : X方向运动开始：DEM_Run：返回值{True}nAxis{0}DirFlag{True}nSpeed{200000}MoveStep{41480}nCtlValue{2}
2023-04-05 19:31:49,717 [AppLog] INFO : 作业写入成功：IDP_WriteImgLayerData：bpp:{1bit}灰阶:{1阶}nLayerIndex{4}LayerIndex{1}SubIndex{2}RePrintTimes{2}nBytesPerLine{1004}nWidth{8001}nHeight{7560}nXEncOff{0}nYJetOff{0}nImgStartJetIndex{0}nXDPI{635}nYDPI{600}nPrtDir{0} nPrtFlag{1}nColorCnts{1}nReserved{System.Int32[]}
2023-04-05 19:31:49,717 [AppLog] INFO : 完成处理第1层数据：准备调用RenderToWic，index为1，subindex为1，g_nRePrintTimes为2，起始层为0
2023-04-05 19:31:49,717 [AppLog] INFO : 准备处理第1层数据：准备调用RenderToWic，index为2，subindex为0，g_nRePrintTimes为2，起始层为0
2023-04-05 19:31:49,905 [AppLog] INFO : 完成处理第2层数据：准备调用DrawLayerBMP，index为2，起始层为0
2023-04-05 19:31:49,905 [AppLog] INFO : 完成处理第2层数据：准备调用DrawLayerBMP，index为2，起始层为0
2023-04-05 19:31:50,341 [AppLog] INFO : X方向到位停止：DEM_StopAxisRun：返回值{True}CurrentPos{779.215}bImmeStop{False}nAxisMask{1}
2023-04-05 19:31:50,607 [AppLog] INFO : 作业写入成功：IDP_WriteImgLayerData：bpp:{1bit}灰阶:{1阶}nLayerIndex{5}LayerIndex{2}SubIndex{1}RePrintTimes{2}nBytesPerLine{1004}nWidth{8001}nHeight{7560}nXEncOff{0}nYJetOff{0}nImgStartJetIndex{0}nXDPI{635}nYDPI{600}nPrtDir{0} nPrtFlag{1}nColorCnts{1}nReserved{System.Int32[]}
2023-04-05 19:31:50,607 [AppLog] INFO : 完成处理第1层数据：准备调用RenderToWic，index为2，subindex为0，g_nRePrintTimes为2，起始层为0
2023-04-05 19:31:50,638 [AppLog] INFO : 准备处理第1层数据：准备调用RenderToWic，index为2，subindex为1，g_nRePrintTimes为2，起始层为0
2023-04-05 19:31:50,809 [AppLog] INFO : 完成处理第2层数据：准备调用DrawLayerBMP，index为2，起始层为0
2023-04-05 19:31:50,809 [AppLog] INFO : 完成处理第2层数据：准备调用DrawLayerBMP，index为2，起始层为0
2023-04-05 19:31:51,184 [AppLog] INFO : 开启压墨： motionMap.SetDo(13, true)
2023-04-05 19:31:51,511 [AppLog] INFO : 作业写入成功：IDP_WriteImgLayerData：bpp:{1bit}灰阶:{1阶}nLayerIndex{6}LayerIndex{2}SubIndex{2}RePrintTimes{2}nBytesPerLine{1004}nWidth{8001}nHeight{7560}nXEncOff{0}nYJetOff{0}nImgStartJetIndex{0}nXDPI{635}nYDPI{600}nPrtDir{0} nPrtFlag{1}nColorCnts{1}nReserved{System.Int32[]}
2023-04-05 19:31:51,527 [AppLog] INFO : 完成处理第1层数据：准备调用RenderToWic，index为2，subindex为1，g_nRePrintTimes为2，起始层为0
2023-04-05 19:31:51,527 [AppLog] INFO : 准备处理第1层数据：准备调用RenderToWic，index为3，subindex为0，g_nRePrintTimes为2，起始层为0
2023-04-05 19:31:51,699 [AppLog] INFO : 完成处理第3层数据：准备调用DrawLayerBMP，index为3，起始层为0
2023-04-05 19:31:51,699 [AppLog] INFO : 完成处理第3层数据：准备调用DrawLayerBMP，index为3，起始层为0
2023-04-05 19:31:52,416 [AppLog] INFO : 作业写入成功：IDP_WriteImgLayerData：bpp:{1bit}灰阶:{1阶}nLayerIndex{7}LayerIndex{3}SubIndex{1}RePrintTimes{2}nBytesPerLine{1004}nWidth{8001}nHeight{7560}nXEncOff{0}nYJetOff{0}nImgStartJetIndex{0}nXDPI{635}nYDPI{600}nPrtDir{0} nPrtFlag{1}nColorCnts{1}nReserved{System.Int32[]}
2023-04-05 19:31:52,416 [AppLog] INFO : 完成处理第1层数据：准备调用RenderToWic，index为3，subindex为0，g_nRePrintTimes为2，起始层为0
2023-04-05 19:31:52,416 [AppLog] INFO : 准备处理第1层数据：准备调用RenderToWic，index为3，subindex为1，g_nRePrintTimes为2，起始层为0
2023-04-05 19:31:52,603 [AppLog] INFO : 完成处理第3层数据：准备调用DrawLayerBMP，index为3，起始层为0
2023-04-05 19:31:52,603 [AppLog] INFO : 完成处理第3层数据：准备调用DrawLayerBMP，index为3，起始层为0
2023-04-05 19:31:52,697 [AppLog] INFO : 关闭压墨： motionMap.SetDo(13, true)
2023-04-05 19:31:52,697 [AppLog] INFO : 准备读取编码器位置：X方向！
2023-04-05 19:31:52,697 [AppLog] INFO : 准备运动，当前位置：DEV_GetPrintEncoderValue：MoveDirectionFlag{false为Y方向：False}CurrentPos{779.215}AimPos{680}
2023-04-05 19:31:52,728 [AppLog] INFO : X方向运动开始：DEM_Run：返回值{True}nAxis{0}DirFlag{False}nSpeed{100000}MoveStep{-99215}nCtlValue{2}
2023-04-05 19:31:53,337 [AppLog] INFO : 作业写入成功：IDP_WriteImgLayerData：bpp:{1bit}灰阶:{1阶}nLayerIndex{8}LayerIndex{3}SubIndex{2}RePrintTimes{2}nBytesPerLine{1004}nWidth{8001}nHeight{7560}nXEncOff{0}nYJetOff{0}nImgStartJetIndex{0}nXDPI{635}nYDPI{600}nPrtDir{0} nPrtFlag{1}nColorCnts{1}nReserved{System.Int32[]}
2023-04-05 19:31:53,337 [AppLog] INFO : 完成处理第1层数据：准备调用RenderToWic，index为3，subindex为1，g_nRePrintTimes为2，起始层为0
2023-04-05 19:31:53,352 [AppLog] INFO : 准备处理第1层数据：准备调用RenderToWic，index为4，subindex为0，g_nRePrintTimes为2，起始层为0
2023-04-05 19:31:53,539 [AppLog] INFO : 完成处理第4层数据：准备调用DrawLayerBMP，index为4，起始层为0
2023-04-05 19:31:53,539 [AppLog] INFO : 完成处理第4层数据：准备调用DrawLayerBMP，index为4，起始层为0
2023-04-05 19:31:53,883 [AppLog] INFO : X方向到位停止：DEM_StopAxisRun：返回值{True}CurrentPos{684.29}bImmeStop{False}nAxisMask{1}
2023-04-05 19:31:54,257 [AppLog] INFO : 作业写入成功：IDP_WriteImgLayerData：bpp:{1bit}灰阶:{1阶}nLayerIndex{9}LayerIndex{4}SubIndex{1}RePrintTimes{2}nBytesPerLine{1004}nWidth{8001}nHeight{7560}nXEncOff{0}nYJetOff{0}nImgStartJetIndex{0}nXDPI{635}nYDPI{600}nPrtDir{0} nPrtFlag{1}nColorCnts{1}nReserved{System.Int32[]}
2023-04-05 19:31:54,257 [AppLog] INFO : 完成处理第1层数据：准备调用RenderToWic，index为4，subindex为0，g_nRePrintTimes为2，起始层为0
2023-04-05 19:31:54,257 [AppLog] INFO : 准备处理第1层数据：准备调用RenderToWic，index为4，subindex为1，g_nRePrintTimes为2，起始层为0
2023-04-05 19:31:54,444 [AppLog] INFO : 完成处理第4层数据：准备调用DrawLayerBMP，index为4，起始层为0
2023-04-05 19:31:54,444 [AppLog] INFO : 完成处理第4层数据：准备调用DrawLayerBMP，index为4，起始层为0
2023-04-05 19:31:54,709 [AppLog] INFO : 结束自动清洗过程：AutoCleanThread
2023-04-05 19:31:54,709 [AppLog] INFO : 进入：EquipmentMotionLogic3=》准备创建对象-手动操作！
2023-04-05 19:31:54,709 [AppLog] INFO : 进入：EquipmentMotionLogic3=》不需重新创建-手动操作！
2023-04-05 19:31:54,709 [AppLog] INFO : 进入：EquipmentMotionLogic3=》赋值完成自-AutoPrintMotion2！
2023-04-05 19:31:54,709 [AppLog] INFO : 进入：EquipmentMotionLogic3=》加载配置文件-LoadJsonFile成功！
2023-04-05 19:31:54,709 [AppLog] INFO : 进入：AutoPrintThread2！
2023-04-05 19:31:54,819 [AppLog] INFO : 关闭闪喷操作：IDP_FlashPrtCtl：返回值{True}
2023-04-05 19:31:54,819 [AppLog] INFO : 准备读取编码器位置：Y方向！
2023-04-05 19:31:54,819 [AppLog] INFO : 准备运动，编码器当前位置：DEM_GetAxisEncodeVal：MoveDirectionFlag{false为Y方向：True}CurrentPos{120.91}AimPos{15}
2023-04-05 19:31:54,850 [AppLog] INFO : Y方向运动开始：DEM_Run：返回值{True}nAxis{1}DirFlag{False}nSpeed{200000}MoveStep{-105910}nCtlValue{0}
2023-04-05 19:31:54,850 [AppLog] INFO : 准备读取编码器位置：X方向！
2023-04-05 19:31:54,850 [AppLog] INFO : 准备运动，当前位置：DEV_GetPrintEncoderValue：MoveDirectionFlag{false为Y方向：False}CurrentPos{680.605}AimPos{425}
2023-04-05 19:31:54,881 [AppLog] INFO : X方向运动开始：DEM_Run：返回值{True}nAxis{0}DirFlag{False}nSpeed{200000}MoveStep{-255605}nCtlValue{2}
2023-04-05 19:31:55,177 [AppLog] INFO : 作业写入成功：IDP_WriteImgLayerData：bpp:{1bit}灰阶:{1阶}nLayerIndex{10}LayerIndex{4}SubIndex{2}RePrintTimes{2}nBytesPerLine{1004}nWidth{8001}nHeight{7560}nXEncOff{0}nYJetOff{0}nImgStartJetIndex{0}nXDPI{635}nYDPI{600}nPrtDir{0} nPrtFlag{1}nColorCnts{1}nReserved{System.Int32[]}
2023-04-05 19:31:55,177 [AppLog] INFO : 完成处理第1层数据：准备调用RenderToWic，index为4，subindex为1，g_nRePrintTimes为2，起始层为0
2023-04-05 19:31:55,177 [AppLog] INFO : 准备处理第1层数据：准备调用RenderToWic，index为5，subindex为0，g_nRePrintTimes为2，起始层为0
2023-04-05 19:31:55,349 [AppLog] INFO : 完成处理第5层数据：准备调用DrawLayerBMP，index为5，起始层为0
2023-04-05 19:31:55,365 [AppLog] INFO : 完成处理第5层数据：准备调用DrawLayerBMP，index为5，起始层为0
2023-04-05 19:31:56,067 [AppLog] INFO : 作业写入成功：IDP_WriteImgLayerData：bpp:{1bit}灰阶:{1阶}nLayerIndex{11}LayerIndex{5}SubIndex{1}RePrintTimes{2}nBytesPerLine{1004}nWidth{8001}nHeight{7560}nXEncOff{0}nYJetOff{0}nImgStartJetIndex{0}nXDPI{635}nYDPI{600}nPrtDir{0} nPrtFlag{1}nColorCnts{1}nReserved{System.Int32[]}
2023-04-05 19:31:56,067 [AppLog] INFO : 完成处理第1层数据：准备调用RenderToWic，index为5，subindex为0，g_nRePrintTimes为2，起始层为0
2023-04-05 19:31:56,067 [AppLog] INFO : 准备处理第1层数据：准备调用RenderToWic，index为5，subindex为1，g_nRePrintTimes为2，起始层为0
2023-04-05 19:31:56,254 [AppLog] INFO : 完成处理第5层数据：准备调用DrawLayerBMP，index为5，起始层为0
2023-04-05 19:31:56,254 [AppLog] INFO : 完成处理第5层数据：准备调用DrawLayerBMP，index为5，起始层为0
2023-04-05 19:31:56,519 [AppLog] INFO : X方向到位停止：DEM_StopAxisRun：返回值{True}CurrentPos{429.245}bImmeStop{False}nAxisMask{1}
2023-04-05 19:31:56,519 [AppLog] INFO : 准备读取编码器位置：X方向！
2023-04-05 19:31:56,519 [AppLog] INFO : 准备运动，当前位置：DEV_GetPrintEncoderValue：MoveDirectionFlag{false为Y方向：False}CurrentPos{429.075}AimPos{25}
2023-04-05 19:31:56,550 [AppLog] INFO : X方向运动开始：DEM_Run：返回值{True}nAxis{0}DirFlag{False}nSpeed{150000}MoveStep{-404075}nCtlValue{2}
2023-04-05 19:31:56,956 [AppLog] INFO : 作业写入成功：IDP_WriteImgLayerData：bpp:{1bit}灰阶:{1阶}nLayerIndex{12}LayerIndex{5}SubIndex{2}RePrintTimes{2}nBytesPerLine{1004}nWidth{8001}nHeight{7560}nXEncOff{0}nYJetOff{0}nImgStartJetIndex{0}nXDPI{635}nYDPI{600}nPrtDir{0} nPrtFlag{1}nColorCnts{1}nReserved{System.Int32[]}
2023-04-05 19:31:56,956 [AppLog] INFO : 完成处理第1层数据：准备调用RenderToWic，index为5，subindex为1，g_nRePrintTimes为2，起始层为0
2023-04-05 19:31:56,956 [AppLog] INFO : 准备处理第1层数据：准备调用RenderToWic，index为6，subindex为0，g_nRePrintTimes为2，起始层为0
2023-04-05 19:31:57,143 [AppLog] INFO : 完成处理第6层数据：准备调用DrawLayerBMP，index为6，起始层为0
2023-04-05 19:31:57,143 [AppLog] INFO : 完成处理第6层数据：准备调用DrawLayerBMP，index为6，起始层为0
2023-04-05 19:31:57,845 [AppLog] INFO : 作业写入成功：IDP_WriteImgLayerData：bpp:{1bit}灰阶:{1阶}nLayerIndex{13}LayerIndex{6}SubIndex{1}RePrintTimes{2}nBytesPerLine{1004}nWidth{8001}nHeight{7560}nXEncOff{0}nYJetOff{0}nImgStartJetIndex{0}nXDPI{635}nYDPI{600}nPrtDir{0} nPrtFlag{1}nColorCnts{1}nReserved{System.Int32[]}
2023-04-05 19:31:57,845 [AppLog] INFO : 完成处理第1层数据：准备调用RenderToWic，index为6，subindex为0，g_nRePrintTimes为2，起始层为0
2023-04-05 19:31:57,845 [AppLog] INFO : 准备处理第1层数据：准备调用RenderToWic，index为6，subindex为1，g_nRePrintTimes为2，起始层为0
2023-04-05 19:31:58,032 [AppLog] INFO : 完成处理第6层数据：准备调用DrawLayerBMP，index为6，起始层为0
2023-04-05 19:31:58,032 [AppLog] INFO : 完成处理第6层数据：准备调用DrawLayerBMP，index为6，起始层为0
2023-04-05 19:31:58,765 [AppLog] INFO : 作业写入成功：IDP_WriteImgLayerData：bpp:{1bit}灰阶:{1阶}nLayerIndex{14}LayerIndex{6}SubIndex{2}RePrintTimes{2}nBytesPerLine{1004}nWidth{8001}nHeight{7560}nXEncOff{0}nYJetOff{0}nImgStartJetIndex{0}nXDPI{635}nYDPI{600}nPrtDir{0} nPrtFlag{1}nColorCnts{1}nReserved{System.Int32[]}
2023-04-05 19:31:58,765 [AppLog] INFO : 完成处理第1层数据：准备调用RenderToWic，index为6，subindex为1，g_nRePrintTimes为2，起始层为0
2023-04-05 19:31:58,781 [AppLog] INFO : 准备处理第1层数据：准备调用RenderToWic，index为7，subindex为0，g_nRePrintTimes为2，起始层为0
2023-04-05 19:31:58,953 [AppLog] INFO : 完成处理第7层数据：准备调用DrawLayerBMP，index为7，起始层为0
2023-04-05 19:31:58,953 [AppLog] INFO : 完成处理第7层数据：准备调用DrawLayerBMP，index为7，起始层为0
2023-04-05 19:31:59,499 [AppLog] INFO : X方向到位停止：DEM_StopAxisRun：返回值{True}CurrentPos{25.05}bImmeStop{False}nAxisMask{1}
2023-04-05 19:31:59,499 [AppLog] INFO : 准备读取编码器位置：Y方向！
2023-04-05 19:31:59,514 [AppLog] INFO : 准备运动，编码器当前位置：DEM_GetAxisEncodeVal：MoveDirectionFlag{false为Y方向：True}CurrentPos{15.18}AimPos{69}
2023-04-05 19:31:59,561 [AppLog] INFO : Y方向运动开始：DEM_Run：返回值{True}nAxis{1}DirFlag{True}nSpeed{150000}MoveStep{53820}nCtlValue{0}
2023-04-05 19:31:59,655 [AppLog] INFO : 作业写入成功：IDP_WriteImgLayerData：bpp:{1bit}灰阶:{1阶}nLayerIndex{15}LayerIndex{7}SubIndex{1}RePrintTimes{2}nBytesPerLine{1004}nWidth{8001}nHeight{7560}nXEncOff{0}nYJetOff{0}nImgStartJetIndex{0}nXDPI{635}nYDPI{600}nPrtDir{0} nPrtFlag{1}nColorCnts{1}nReserved{System.Int32[]}
2023-04-05 19:31:59,655 [AppLog] INFO : 完成处理第1层数据：准备调用RenderToWic，index为7，subindex为0，g_nRePrintTimes为2，起始层为0
2023-04-05 19:31:59,670 [AppLog] INFO : 准备处理第1层数据：准备调用RenderToWic，index为7，subindex为1，g_nRePrintTimes为2，起始层为0
2023-04-05 19:31:59,857 [AppLog] INFO : 完成处理第7层数据：准备调用DrawLayerBMP，index为7，起始层为0
2023-04-05 19:31:59,857 [AppLog] INFO : 完成处理第7层数据：准备调用DrawLayerBMP，index为7，起始层为0
2023-04-05 19:31:59,904 [AppLog] INFO : Y方向到位停止：DEM_StopAxisRun：返回值{True}CurrentPos{45.665}bImmeStop{False}nAxisMask{2}
2023-04-05 19:31:59,904 [AppLog] INFO : 获取打印Pass数据：IDP_GetPassItem2：nLayerIndex{1}nPassID{1}nProcState{3}LPPassDataItemb:PrtDir{True}nDataTxCompleteCnt{1}nHwMemAdrMatchMask{1}nLayerIndex{1}nLayerPassCount{6}nLayerPassIndex{1}nMinJet0ImgLinePos{1280}nPrtMemHwAddr{System.UInt32[]}nPrtDataOffset{System.UInt32[]}nSrcDataSize{System.UInt32[]}nPrtColBytes{System.UInt32[]}nPrtPrecession{8}nSrcEndCols{8000}nSrcStartCols{0}nStartEncPos{10000}nValidPassJets{1280}nValidPrtCols{8310}nValidPrtCtlCnts{1}pDataBuf{0}pNextItem{694927088}
2023-04-05 19:31:59,935 [AppLog] INFO : 使能Pass打印成功：IDP_DoPassPrint2：nLayerIndex{1}nPassID{1}
2023-04-05 19:31:59,935 [AppLog] INFO : PASS打印前关键状态：DEV_GetDeviceInfo2：nLayerIndex{1}nPassID{1}LPPRINTER_INFO:nXSysEncDPI{0}nStatus{0}nPrintStatus{0}bSuperDevice{0}
LPPRINTER_INFO-LPPrtRunInfo:bJobPrtRuning{False}bLayerPrtIsOver{False}nContReqMemErr{0}nContWDErr{0}nCurPrtDir{0}nDTLayerIndex{0}nDTLayerPassIndex{0}nDTPtrCtlIndex{0}nLayerPassCount{0}nPrintLayerIndex{0}nPrintPassIndex{0}nProcLayerIndex{0}nPrtDataMemAddr{0}nPrtState{0}nReverse{System.Int32[]}nRevPrtCols{0}
LPPRINTER_INFO-LPDRVINFO:nFMVersion{0}nFpgaVersion{0}nPCBVersion{0}nState{0}nNextState{0}nPtvwarnState{0}nCrc32{0}nRevInfo{System.UInt32[]}nSignature{0}
2023-04-05 19:31:59,935 [AppLog] INFO : 进入：EquipmentMotionLogic3=》准备创建对象-手动操作！
2023-04-05 19:31:59,935 [AppLog] INFO : 进入：EquipmentMotionLogic3=》不需重新创建-手动操作！
2023-04-05 19:31:59,935 [AppLog] INFO : 进入：EquipmentMotionLogic3=》赋值完成自-AutoPrintMotion2！
2023-04-05 19:31:59,935 [AppLog] INFO : 进入：EquipmentMotionLogic3=》加载配置文件-LoadJsonFile成功！
2023-04-05 19:31:59,935 [AppLog] INFO : 进入：AutoPrintThread2！
2023-04-05 19:31:59,935 [AppLog] INFO : 准备读取编码器位置：X方向！
2023-04-05 19:31:59,951 [AppLog] INFO : 准备运动，当前位置：DEV_GetPrintEncoderValue：MoveDirectionFlag{false为Y方向：False}CurrentPos{21.865}AimPos{425}
2023-04-05 19:31:59,998 [AppLog] INFO : X方向运动开始：DEM_Run：返回值{True}nAxis{0}DirFlag{True}nSpeed{150000}MoveStep{403135}nCtlValue{2}
2023-04-05 19:32:00,559 [AppLog] INFO : 作业写入成功：IDP_WriteImgLayerData：bpp:{1bit}灰阶:{1阶}nLayerIndex{16}LayerIndex{7}SubIndex{2}RePrintTimes{2}nBytesPerLine{1004}nWidth{8001}nHeight{7560}nXEncOff{0}nYJetOff{0}nImgStartJetIndex{0}nXDPI{635}nYDPI{600}nPrtDir{0} nPrtFlag{1}nColorCnts{1}nReserved{System.Int32[]}
2023-04-05 19:32:00,559 [AppLog] INFO : 完成处理第1层数据：准备调用RenderToWic，index为7，subindex为1，g_nRePrintTimes为2，起始层为0
2023-04-05 19:32:00,575 [AppLog] INFO : 准备处理第1层数据：准备调用RenderToWic，index为8，subindex为0，g_nRePrintTimes为2，起始层为0
2023-04-05 19:32:00,762 [AppLog] INFO : 完成处理第8层数据：准备调用DrawLayerBMP，index为8，起始层为0
2023-04-05 19:32:00,762 [AppLog] INFO : 完成处理第8层数据：准备调用DrawLayerBMP，index为8，起始层为0
2023-04-05 19:32:01,464 [AppLog] INFO : 作业写入成功：IDP_WriteImgLayerData：bpp:{1bit}灰阶:{1阶}nLayerIndex{17}LayerIndex{8}SubIndex{1}RePrintTimes{2}nBytesPerLine{1004}nWidth{8001}nHeight{7560}nXEncOff{0}nYJetOff{0}nImgStartJetIndex{0}nXDPI{635}nYDPI{600}nPrtDir{0} nPrtFlag{1}nColorCnts{1}nReserved{System.Int32[]}
2023-04-05 19:32:01,480 [AppLog] INFO : 完成处理第1层数据：准备调用RenderToWic，index为8，subindex为0，g_nRePrintTimes为2，起始层为0
2023-04-05 19:32:01,480 [AppLog] INFO : 准备处理第1层数据：准备调用RenderToWic，index为8，subindex为1，g_nRePrintTimes为2，起始层为0
2023-04-05 19:32:01,667 [AppLog] INFO : 完成处理第8层数据：准备调用DrawLayerBMP，index为8，起始层为0
2023-04-05 19:32:01,667 [AppLog] INFO : 完成处理第8层数据：准备调用DrawLayerBMP，index为8，起始层为0
2023-04-05 19:32:02,416 [AppLog] INFO : 作业写入成功：IDP_WriteImgLayerData：bpp:{1bit}灰阶:{1阶}nLayerIndex{18}LayerIndex{8}SubIndex{2}RePrintTimes{2}nBytesPerLine{1004}nWidth{8001}nHeight{7560}nXEncOff{0}nYJetOff{0}nImgStartJetIndex{0}nXDPI{635}nYDPI{600}nPrtDir{0} nPrtFlag{1}nColorCnts{1}nReserved{System.Int32[]}
2023-04-05 19:32:02,416 [AppLog] INFO : 完成处理第1层数据：准备调用RenderToWic，index为8，subindex为1，g_nRePrintTimes为2，起始层为0
2023-04-05 19:32:02,431 [AppLog] INFO : 准备处理第1层数据：准备调用RenderToWic，index为9，subindex为0，g_nRePrintTimes为2，起始层为0
2023-04-05 19:32:02,603 [AppLog] INFO : 完成处理第9层数据：准备调用DrawLayerBMP，index为9，起始层为0
2023-04-05 19:32:02,603 [AppLog] INFO : 完成处理第9层数据：准备调用DrawLayerBMP，index为9，起始层为0
2023-04-05 19:32:02,915 [AppLog] INFO : X方向到位停止：DEM_StopAxisRun：返回值{True}CurrentPos{419.385}bImmeStop{False}nAxisMask{1}
2023-04-05 19:32:02,915 [AppLog] INFO : 准备读取编码器位置：Y方向！
2023-04-05 19:32:02,931 [AppLog] INFO : 准备运动，编码器当前位置：DEM_GetAxisEncodeVal：MoveDirectionFlag{false为Y方向：True}CurrentPos{68.97}AimPos{123}
2023-04-05 19:32:02,962 [AppLog] INFO : Y方向运动开始：DEM_Run：返回值{True}nAxis{1}DirFlag{True}nSpeed{150000}MoveStep{54030}nCtlValue{0}
2023-04-05 19:32:03,305 [AppLog] INFO : Y方向到位停止：DEM_StopAxisRun：返回值{True}CurrentPos{98.815}bImmeStop{False}nAxisMask{2}
2023-04-05 19:32:03,305 [AppLog] INFO : 获取打印Pass数据：IDP_GetPassItem2：nLayerIndex{1}nPassID{2}nProcState{3}LPPassDataItemb:PrtDir{False}nDataTxCompleteCnt{1}nHwMemAdrMatchMask{1}nLayerIndex{1}nLayerPassCount{6}nLayerPassIndex{2}nMinJet0ImgLinePos{2560}nPrtMemHwAddr{System.UInt32[]}nPrtDataOffset{System.UInt32[]}nSrcDataSize{System.UInt32[]}nPrtColBytes{System.UInt32[]}nPrtPrecession{8}nSrcEndCols{8000}nSrcStartCols{0}nStartEncPos{76472}nValidPassJets{1280}nValidPrtCols{8310}nValidPrtCtlCnts{1}pDataBuf{0}pNextItem{694927248}
2023-04-05 19:32:03,321 [AppLog] INFO : 使能Pass打印成功：IDP_DoPassPrint2：nLayerIndex{1}nPassID{2}
2023-04-05 19:32:03,321 [AppLog] INFO : PASS打印前关键状态：DEV_GetDeviceInfo2：nLayerIndex{1}nPassID{2}LPPRINTER_INFO:nXSysEncDPI{0}nStatus{0}nPrintStatus{0}bSuperDevice{0}
LPPRINTER_INFO-LPPrtRunInfo:bJobPrtRuning{False}bLayerPrtIsOver{False}nContReqMemErr{0}nContWDErr{0}nCurPrtDir{0}nDTLayerIndex{0}nDTLayerPassIndex{0}nDTPtrCtlIndex{0}nLayerPassCount{0}nPrintLayerIndex{0}nPrintPassIndex{0}nProcLayerIndex{0}nPrtDataMemAddr{0}nPrtState{0}nReverse{System.Int32[]}nRevPrtCols{0}
LPPRINTER_INFO-LPDRVINFO:nFMVersion{0}nFpgaVersion{0}nPCBVersion{0}nState{0}nNextState{0}nPtvwarnState{0}nCrc32{0}nRevInfo{System.UInt32[]}nSignature{0}
2023-04-05 19:32:03,321 [AppLog] INFO : 进入：EquipmentMotionLogic3=》准备创建对象-手动操作！
2023-04-05 19:32:03,321 [AppLog] INFO : 进入：EquipmentMotionLogic3=》不需重新创建-手动操作！
2023-04-05 19:32:03,321 [AppLog] INFO : 进入：EquipmentMotionLogic3=》赋值完成自-AutoPrintMotion2！
2023-04-05 19:32:03,321 [AppLog] INFO : 进入：EquipmentMotionLogic3=》加载配置文件-LoadJsonFile成功！
2023-04-05 19:32:03,321 [AppLog] INFO : 进入：AutoPrintThread2！
2023-04-05 19:32:03,321 [AppLog] INFO : 准备读取编码器位置：X方向！
2023-04-05 19:32:03,321 [AppLog] INFO : 准备运动，当前位置：DEV_GetPrintEncoderValue：MoveDirectionFlag{false为Y方向：False}CurrentPos{423.56}AimPos{25}
2023-04-05 19:32:03,336 [AppLog] INFO : 作业写入成功：IDP_WriteImgLayerData：bpp:{1bit}灰阶:{1阶}nLayerIndex{19}LayerIndex{9}SubIndex{1}RePrintTimes{2}nBytesPerLine{1004}nWidth{8001}nHeight{7560}nXEncOff{0}nYJetOff{0}nImgStartJetIndex{0}nXDPI{635}nYDPI{600}nPrtDir{0} nPrtFlag{1}nColorCnts{1}nReserved{System.Int32[]}
2023-04-05 19:32:03,336 [AppLog] INFO : 完成处理第1层数据：准备调用RenderToWic，index为9，subindex为0，g_nRePrintTimes为2，起始层为0
2023-04-05 19:32:03,336 [AppLog] INFO : 准备处理第1层数据：准备调用RenderToWic，index为9，subindex为1，g_nRePrintTimes为2，起始层为0
2023-04-05 19:32:03,352 [AppLog] INFO : X方向运动开始：DEM_Run：返回值{True}nAxis{0}DirFlag{False}nSpeed{150000}MoveStep{-398560}nCtlValue{2}
2023-04-05 19:32:03,508 [AppLog] INFO : 完成处理第9层数据：准备调用DrawLayerBMP，index为9，起始层为0
2023-04-05 19:32:03,508 [AppLog] INFO : 完成处理第9层数据：准备调用DrawLayerBMP，index为9，起始层为0
2023-04-05 19:32:04,225 [AppLog] INFO : 作业写入成功：IDP_WriteImgLayerData：bpp:{1bit}灰阶:{1阶}nLayerIndex{20}LayerIndex{9}SubIndex{2}RePrintTimes{2}nBytesPerLine{1004}nWidth{8001}nHeight{7560}nXEncOff{0}nYJetOff{0}nImgStartJetIndex{0}nXDPI{635}nYDPI{600}nPrtDir{0} nPrtFlag{1}nColorCnts{1}nReserved{System.Int32[]}
2023-04-05 19:32:04,225 [AppLog] INFO : 完成处理第1层数据：准备调用RenderToWic，index为9，subindex为1，g_nRePrintTimes为2，起始层为0
2023-04-05 19:32:04,257 [AppLog] INFO : 准备处理第1层数据：准备调用RenderToWic，index为10，subindex为0，g_nRePrintTimes为2，起始层为0
2023-04-05 19:32:04,444 [AppLog] INFO : 完成处理第10层数据：准备调用DrawLayerBMP，index为10，起始层为0
2023-04-05 19:32:04,444 [AppLog] INFO : 完成处理第10层数据：准备调用DrawLayerBMP，index为10，起始层为0
2023-04-05 19:32:05,271 [AppLog] INFO : 作业写入成功：IDP_WriteImgLayerData：bpp:{1bit}灰阶:{1阶}nLayerIndex{21}LayerIndex{10}SubIndex{1}RePrintTimes{2}nBytesPerLine{1004}nWidth{8001}nHeight{7560}nXEncOff{0}nYJetOff{0}nImgStartJetIndex{0}nXDPI{635}nYDPI{600}nPrtDir{0} nPrtFlag{1}nColorCnts{1}nReserved{System.Int32[]}
2023-04-05 19:32:05,271 [AppLog] INFO : 完成处理第1层数据：准备调用RenderToWic，index为10，subindex为0，g_nRePrintTimes为2，起始层为0
2023-04-05 19:32:05,286 [AppLog] INFO : 准备处理第1层数据：准备调用RenderToWic，index为10，subindex为1，g_nRePrintTimes为2，起始层为0
2023-04-05 19:32:05,458 [AppLog] INFO : 完成处理第10层数据：准备调用DrawLayerBMP，index为10，起始层为0
2023-04-05 19:32:05,458 [AppLog] INFO : 完成处理第10层数据：准备调用DrawLayerBMP，index为10，起始层为0
2023-04-05 19:32:06,175 [AppLog] INFO : 作业写入成功：IDP_WriteImgLayerData：bpp:{1bit}灰阶:{1阶}nLayerIndex{22}LayerIndex{10}SubIndex{2}RePrintTimes{2}nBytesPerLine{1004}nWidth{8001}nHeight{7560}nXEncOff{0}nYJetOff{0}nImgStartJetIndex{0}nXDPI{635}nYDPI{600}nPrtDir{0} nPrtFlag{1}nColorCnts{1}nReserved{System.Int32[]}
2023-04-05 19:32:06,175 [AppLog] INFO : 完成处理第1层数据：准备调用RenderToWic，index为10，subindex为1，g_nRePrintTimes为2，起始层为0
2023-04-05 19:32:06,175 [AppLog] INFO : 准备处理第1层数据：准备调用RenderToWic，index为11，subindex为0，g_nRePrintTimes为2，起始层为0
2023-04-05 19:32:06,285 [AppLog] INFO : X方向到位停止：DEM_StopAxisRun：返回值{True}CurrentPos{28.855}bImmeStop{False}nAxisMask{1}
2023-04-05 19:32:06,285 [AppLog] INFO : 准备读取编码器位置：Y方向！
2023-04-05 19:32:06,285 [AppLog] INFO : 准备运动，编码器当前位置：DEM_GetAxisEncodeVal：MoveDirectionFlag{false为Y方向：True}CurrentPos{122.885}AimPos{177}
2023-04-05 19:32:06,316 [AppLog] INFO : Y方向运动开始：DEM_Run：返回值{True}nAxis{1}DirFlag{True}nSpeed{150000}MoveStep{54115}nCtlValue{0}
2023-04-05 19:32:06,363 [AppLog] INFO : 完成处理第11层数据：准备调用DrawLayerBMP，index为11，起始层为0
2023-04-05 19:32:06,363 [AppLog] INFO : 完成处理第11层数据：准备调用DrawLayerBMP，index为11，起始层为0
2023-04-05 19:32:06,659 [AppLog] INFO : Y方向到位停止：DEM_StopAxisRun：返回值{True}CurrentPos{152.345}bImmeStop{False}nAxisMask{2}
2023-04-05 19:32:06,659 [AppLog] INFO : 获取打印Pass数据：IDP_GetPassItem2：nLayerIndex{1}nPassID{3}nProcState{3}LPPassDataItemb:PrtDir{True}nDataTxCompleteCnt{1}nHwMemAdrMatchMask{1}nLayerIndex{1}nLayerPassCount{6}nLayerPassIndex{3}nMinJet0ImgLinePos{3840}nPrtMemHwAddr{System.UInt32[]}nPrtDataOffset{System.UInt32[]}nSrcDataSize{System.UInt32[]}nPrtColBytes{System.UInt32[]}nPrtPrecession{8}nSrcEndCols{8000}nSrcStartCols{0}nStartEncPos{10000}nValidPassJets{1280}nValidPrtCols{8310}nValidPrtCtlCnts{1}pDataBuf{0}pNextItem{694927408}
2023-04-05 19:32:06,675 [AppLog] INFO : 使能Pass打印成功：IDP_DoPassPrint2：nLayerIndex{1}nPassID{3}
2023-04-05 19:32:06,675 [AppLog] INFO : PASS打印前关键状态：DEV_GetDeviceInfo2：nLayerIndex{1}nPassID{3}LPPRINTER_INFO:nXSysEncDPI{0}nStatus{0}nPrintStatus{0}bSuperDevice{0}
LPPRINTER_INFO-LPPrtRunInfo:bJobPrtRuning{False}bLayerPrtIsOver{False}nContReqMemErr{0}nContWDErr{0}nCurPrtDir{0}nDTLayerIndex{0}nDTLayerPassIndex{0}nDTPtrCtlIndex{0}nLayerPassCount{0}nPrintLayerIndex{0}nPrintPassIndex{0}nProcLayerIndex{0}nPrtDataMemAddr{0}nPrtState{0}nReverse{System.Int32[]}nRevPrtCols{0}
LPPRINTER_INFO-LPDRVINFO:nFMVersion{0}nFpgaVersion{0}nPCBVersion{0}nState{0}nNextState{0}nPtvwarnState{0}nCrc32{0}nRevInfo{System.UInt32[]}nSignature{0}
2023-04-05 19:32:06,675 [AppLog] INFO : 进入：EquipmentMotionLogic3=》准备创建对象-手动操作！
2023-04-05 19:32:06,675 [AppLog] INFO : 进入：EquipmentMotionLogic3=》不需重新创建-手动操作！
2023-04-05 19:32:06,675 [AppLog] INFO : 进入：EquipmentMotionLogic3=》赋值完成自-AutoPrintMotion2！
2023-04-05 19:32:06,675 [AppLog] INFO : 进入：EquipmentMotionLogic3=》加载配置文件-LoadJsonFile成功！
2023-04-05 19:32:06,675 [AppLog] INFO : 进入：AutoPrintThread2！
2023-04-05 19:32:06,675 [AppLog] INFO : 准备读取编码器位置：X方向！
2023-04-05 19:32:06,675 [AppLog] INFO : 准备运动，当前位置：DEV_GetPrintEncoderValue：MoveDirectionFlag{false为Y方向：False}CurrentPos{26.39}AimPos{425}
2023-04-05 19:32:06,706 [AppLog] INFO : X方向运动开始：DEM_Run：返回值{True}nAxis{0}DirFlag{True}nSpeed{150000}MoveStep{398610}nCtlValue{2}
2023-04-05 19:32:07,065 [AppLog] INFO : 作业写入成功：IDP_WriteImgLayerData：bpp:{1bit}灰阶:{1阶}nLayerIndex{23}LayerIndex{11}SubIndex{1}RePrintTimes{2}nBytesPerLine{1004}nWidth{8001}nHeight{7560}nXEncOff{0}nYJetOff{0}nImgStartJetIndex{0}nXDPI{635}nYDPI{600}nPrtDir{0} nPrtFlag{1}nColorCnts{1}nReserved{System.Int32[]}
2023-04-05 19:32:07,065 [AppLog] INFO : 完成处理第1层数据：准备调用RenderToWic，index为11，subindex为0，g_nRePrintTimes为2，起始层为0
2023-04-05 19:32:07,065 [AppLog] INFO : 准备处理第1层数据：准备调用RenderToWic，index为11，subindex为1，g_nRePrintTimes为2，起始层为0
2023-04-05 19:32:07,252 [AppLog] INFO : 完成处理第11层数据：准备调用DrawLayerBMP，index为11，起始层为0
2023-04-05 19:32:07,252 [AppLog] INFO : 完成处理第11层数据：准备调用DrawLayerBMP，index为11，起始层为0
2023-04-05 19:32:07,969 [AppLog] INFO : 作业写入成功：IDP_WriteImgLayerData：bpp:{1bit}灰阶:{1阶}nLayerIndex{24}LayerIndex{11}SubIndex{2}RePrintTimes{2}nBytesPerLine{1004}nWidth{8001}nHeight{7560}nXEncOff{0}nYJetOff{0}nImgStartJetIndex{0}nXDPI{635}nYDPI{600}nPrtDir{0} nPrtFlag{1}nColorCnts{1}nReserved{System.Int32[]}
2023-04-05 19:32:07,969 [AppLog] INFO : 完成处理第1层数据：准备调用RenderToWic，index为11，subindex为1，g_nRePrintTimes为2，起始层为0
2023-04-05 19:32:07,969 [AppLog] INFO : 准备处理第1层数据：准备调用RenderToWic，index为12，subindex为0，g_nRePrintTimes为2，起始层为0
2023-04-05 19:32:08,157 [AppLog] INFO : 完成处理第12层数据：准备调用DrawLayerBMP，index为12，起始层为0
2023-04-05 19:32:08,157 [AppLog] INFO : 完成处理第12层数据：准备调用DrawLayerBMP，index为12，起始层为0
2023-04-05 19:32:08,859 [AppLog] INFO : 作业写入成功：IDP_WriteImgLayerData：bpp:{1bit}灰阶:{1阶}nLayerIndex{25}LayerIndex{12}SubIndex{1}RePrintTimes{2}nBytesPerLine{1004}nWidth{8001}nHeight{7560}nXEncOff{0}nYJetOff{0}nImgStartJetIndex{0}nXDPI{635}nYDPI{600}nPrtDir{0} nPrtFlag{1}nColorCnts{1}nReserved{System.Int32[]}
2023-04-05 19:32:08,859 [AppLog] INFO : 完成处理第1层数据：准备调用RenderToWic，index为12，subindex为0，g_nRePrintTimes为2，起始层为0
2023-04-05 19:32:08,874 [AppLog] INFO : 准备处理第1层数据：准备调用RenderToWic，index为12，subindex为1，g_nRePrintTimes为2，起始层为0
2023-04-05 19:32:09,046 [AppLog] INFO : 完成处理第12层数据：准备调用DrawLayerBMP，index为12，起始层为0
2023-04-05 19:32:09,046 [AppLog] INFO : 完成处理第12层数据：准备调用DrawLayerBMP，index为12，起始层为0
2023-04-05 19:32:09,623 [AppLog] INFO : X方向到位停止：DEM_StopAxisRun：返回值{True}CurrentPos{419.68}bImmeStop{False}nAxisMask{1}
2023-04-05 19:32:09,623 [AppLog] INFO : 准备读取编码器位置：Y方向！
2023-04-05 19:32:09,623 [AppLog] INFO : 准备运动，编码器当前位置：DEM_GetAxisEncodeVal：MoveDirectionFlag{false为Y方向：True}CurrentPos{176.85}AimPos{231}
2023-04-05 19:32:09,654 [AppLog] INFO : Y方向运动开始：DEM_Run：返回值{True}nAxis{1}DirFlag{True}nSpeed{150000}MoveStep{54150}nCtlValue{0}
2023-04-05 19:32:09,779 [AppLog] INFO : 作业写入成功：IDP_WriteImgLayerData：bpp:{1bit}灰阶:{1阶}nLayerIndex{26}LayerIndex{12}SubIndex{2}RePrintTimes{2}nBytesPerLine{1004}nWidth{8001}nHeight{7560}nXEncOff{0}nYJetOff{0}nImgStartJetIndex{0}nXDPI{635}nYDPI{600}nPrtDir{0} nPrtFlag{1}nColorCnts{1}nReserved{System.Int32[]}
2023-04-05 19:32:09,779 [AppLog] INFO : 完成处理第1层数据：准备调用RenderToWic，index为12，subindex为1，g_nRePrintTimes为2，起始层为0
2023-04-05 19:32:09,779 [AppLog] INFO : 准备处理第1层数据：准备调用RenderToWic，index为13，subindex为0，g_nRePrintTimes为2，起始层为0
2023-04-05 19:32:09,951 [AppLog] INFO : 完成处理第13层数据：准备调用DrawLayerBMP，index为13，起始层为0
2023-04-05 19:32:09,951 [AppLog] INFO : 完成处理第13层数据：准备调用DrawLayerBMP，index为13，起始层为0
2023-04-05 19:32:10,013 [AppLog] INFO : Y方向到位停止：DEM_StopAxisRun：返回值{True}CurrentPos{209.14}bImmeStop{False}nAxisMask{2}
2023-04-05 19:32:10,013 [AppLog] INFO : 获取打印Pass数据：IDP_GetPassItem2：nLayerIndex{1}nPassID{4}nProcState{3}LPPassDataItemb:PrtDir{False}nDataTxCompleteCnt{1}nHwMemAdrMatchMask{1}nLayerIndex{1}nLayerPassCount{6}nLayerPassIndex{4}nMinJet0ImgLinePos{5120}nPrtMemHwAddr{System.UInt32[]}nPrtDataOffset{System.UInt32[]}nSrcDataSize{System.UInt32[]}nPrtColBytes{System.UInt32[]}nPrtPrecession{8}nSrcEndCols{8000}nSrcStartCols{0}nStartEncPos{76472}nValidPassJets{1280}nValidPrtCols{8310}nValidPrtCtlCnts{1}pDataBuf{0}pNextItem{694927568}
2023-04-05 19:32:10,029 [AppLog] INFO : 使能Pass打印成功：IDP_DoPassPrint2：nLayerIndex{1}nPassID{4}
2023-04-05 19:32:10,029 [AppLog] INFO : PASS打印前关键状态：DEV_GetDeviceInfo2：nLayerIndex{1}nPassID{4}LPPRINTER_INFO:nXSysEncDPI{0}nStatus{0}nPrintStatus{0}bSuperDevice{0}
LPPRINTER_INFO-LPPrtRunInfo:bJobPrtRuning{False}bLayerPrtIsOver{False}nContReqMemErr{0}nContWDErr{0}nCurPrtDir{0}nDTLayerIndex{0}nDTLayerPassIndex{0}nDTPtrCtlIndex{0}nLayerPassCount{0}nPrintLayerIndex{0}nPrintPassIndex{0}nProcLayerIndex{0}nPrtDataMemAddr{0}nPrtState{0}nReverse{System.Int32[]}nRevPrtCols{0}
LPPRINTER_INFO-LPDRVINFO:nFMVersion{0}nFpgaVersion{0}nPCBVersion{0}nState{0}nNextState{0}nPtvwarnState{0}nCrc32{0}nRevInfo{System.UInt32[]}nSignature{0}
2023-04-05 19:32:10,107 [AppLog] INFO : 进入：EquipmentMotionLogic3=》准备创建对象-手动操作！
2023-04-05 19:32:10,107 [AppLog] INFO : 进入：EquipmentMotionLogic3=》不需重新创建-手动操作！
2023-04-05 19:32:10,107 [AppLog] INFO : 进入：EquipmentMotionLogic3=》赋值完成自-AutoPrintMotion2！
2023-04-05 19:32:10,107 [AppLog] INFO : 进入：EquipmentMotionLogic3=》加载配置文件-LoadJsonFile成功！
2023-04-05 19:32:10,107 [AppLog] INFO : 进入：AutoPrintThread2！
2023-04-05 19:32:10,107 [AppLog] INFO : 准备读取编码器位置：X方向！
2023-04-05 19:32:10,122 [AppLog] INFO : 准备运动，当前位置：DEV_GetPrintEncoderValue：MoveDirectionFlag{false为Y方向：False}CurrentPos{423.64}AimPos{25}
2023-04-05 19:32:10,169 [AppLog] INFO : X方向运动开始：DEM_Run：返回值{True}nAxis{0}DirFlag{False}nSpeed{150000}MoveStep{-398640}nCtlValue{2}
2023-04-05 19:32:10,668 [AppLog] INFO : 作业写入成功：IDP_WriteImgLayerData：bpp:{1bit}灰阶:{1阶}nLayerIndex{27}LayerIndex{13}SubIndex{1}RePrintTimes{2}nBytesPerLine{1004}nWidth{8001}nHeight{7560}nXEncOff{0}nYJetOff{0}nImgStartJetIndex{0}nXDPI{635}nYDPI{600}nPrtDir{0} nPrtFlag{1}nColorCnts{1}nReserved{System.Int32[]}
2023-04-05 19:32:10,668 [AppLog] INFO : 完成处理第1层数据：准备调用RenderToWic，index为13，subindex为0，g_nRePrintTimes为2，起始层为0
2023-04-05 19:32:10,684 [AppLog] INFO : 准备处理第1层数据：准备调用RenderToWic，index为13，subindex为1，g_nRePrintTimes为2，起始层为0
2023-04-05 19:32:10,855 [AppLog] INFO : 完成处理第13层数据：准备调用DrawLayerBMP，index为13，起始层为0
2023-04-05 19:32:10,855 [AppLog] INFO : 完成处理第13层数据：准备调用DrawLayerBMP，index为13，起始层为0
2023-04-05 19:32:11,573 [AppLog] INFO : 作业写入成功：IDP_WriteImgLayerData：bpp:{1bit}灰阶:{1阶}nLayerIndex{28}LayerIndex{13}SubIndex{2}RePrintTimes{2}nBytesPerLine{1004}nWidth{8001}nHeight{7560}nXEncOff{0}nYJetOff{0}nImgStartJetIndex{0}nXDPI{635}nYDPI{600}nPrtDir{0} nPrtFlag{1}nColorCnts{1}nReserved{System.Int32[]}
2023-04-05 19:32:11,573 [AppLog] INFO : 完成处理第1层数据：准备调用RenderToWic，index为13，subindex为1，g_nRePrintTimes为2，起始层为0
2023-04-05 19:32:11,573 [AppLog] INFO : 准备处理第1层数据：准备调用RenderToWic，index为14，subindex为0，g_nRePrintTimes为2，起始层为0
2023-04-05 19:32:11,760 [AppLog] INFO : 完成处理第14层数据：准备调用DrawLayerBMP，index为14，起始层为0
2023-04-05 19:32:11,760 [AppLog] INFO : 完成处理第14层数据：准备调用DrawLayerBMP，index为14，起始层为0
2023-04-05 19:32:12,478 [AppLog] INFO : 作业写入成功：IDP_WriteImgLayerData：bpp:{1bit}灰阶:{1阶}nLayerIndex{29}LayerIndex{14}SubIndex{1}RePrintTimes{2}nBytesPerLine{1004}nWidth{8001}nHeight{7560}nXEncOff{0}nYJetOff{0}nImgStartJetIndex{0}nXDPI{635}nYDPI{600}nPrtDir{0} nPrtFlag{1}nColorCnts{1}nReserved{System.Int32[]}
2023-04-05 19:32:12,478 [AppLog] INFO : 完成处理第1层数据：准备调用RenderToWic，index为14，subindex为0，g_nRePrintTimes为2，起始层为0
2023-04-05 19:32:12,493 [AppLog] INFO : 准备处理第1层数据：准备调用RenderToWic，index为14，subindex为1，g_nRePrintTimes为2，起始层为0
2023-04-05 19:32:12,681 [AppLog] INFO : 完成处理第14层数据：准备调用DrawLayerBMP，index为14，起始层为0
2023-04-05 19:32:12,681 [AppLog] INFO : 完成处理第14层数据：准备调用DrawLayerBMP，index为14，起始层为0
2023-04-05 19:32:13,071 [AppLog] INFO : X方向到位停止：DEM_StopAxisRun：返回值{True}CurrentPos{31.2}bImmeStop{False}nAxisMask{1}
2023-04-05 19:32:13,071 [AppLog] INFO : 准备读取编码器位置：Y方向！
2023-04-05 19:32:13,071 [AppLog] INFO : 准备运动，编码器当前位置：DEM_GetAxisEncodeVal：MoveDirectionFlag{false为Y方向：True}CurrentPos{230.935}AimPos{285}
2023-04-05 19:32:13,102 [AppLog] INFO : Y方向运动开始：DEM_Run：返回值{True}nAxis{1}DirFlag{True}nSpeed{150000}MoveStep{54065}nCtlValue{0}
2023-04-05 19:32:13,367 [AppLog] INFO : 作业写入成功：IDP_WriteImgLayerData：bpp:{1bit}灰阶:{1阶}nLayerIndex{30}LayerIndex{14}SubIndex{2}RePrintTimes{2}nBytesPerLine{1004}nWidth{8001}nHeight{7560}nXEncOff{0}nYJetOff{0}nImgStartJetIndex{0}nXDPI{635}nYDPI{600}nPrtDir{0} nPrtFlag{1}nColorCnts{1}nReserved{System.Int32[]}
2023-04-05 19:32:13,367 [AppLog] INFO : 完成处理第1层数据：准备调用RenderToWic，index为14，subindex为1，g_nRePrintTimes为2，起始层为0
2023-04-05 19:32:13,383 [AppLog] INFO : 准备处理第1层数据：准备调用RenderToWic，index为15，subindex为0，g_nRePrintTimes为2，起始层为0
2023-04-05 19:32:13,445 [AppLog] INFO : Y方向到位停止：DEM_StopAxisRun：返回值{True}CurrentPos{260.41}bImmeStop{False}nAxisMask{2}
2023-04-05 19:32:13,445 [AppLog] INFO : 获取打印Pass数据：IDP_GetPassItem2：nLayerIndex{1}nPassID{5}nProcState{3}LPPassDataItemb:PrtDir{True}nDataTxCompleteCnt{1}nHwMemAdrMatchMask{1}nLayerIndex{1}nLayerPassCount{6}nLayerPassIndex{5}nMinJet0ImgLinePos{6400}nPrtMemHwAddr{System.UInt32[]}nPrtDataOffset{System.UInt32[]}nSrcDataSize{System.UInt32[]}nPrtColBytes{System.UInt32[]}nPrtPrecession{8}nSrcEndCols{8000}nSrcStartCols{0}nStartEncPos{10000}nValidPassJets{1280}nValidPrtCols{8310}nValidPrtCtlCnts{1}pDataBuf{0}pNextItem{0}
2023-04-05 19:32:13,461 [AppLog] INFO : 使能Pass打印成功：IDP_DoPassPrint2：nLayerIndex{1}nPassID{5}
2023-04-05 19:32:13,461 [AppLog] INFO : PASS打印前关键状态：DEV_GetDeviceInfo2：nLayerIndex{1}nPassID{5}LPPRINTER_INFO:nXSysEncDPI{0}nStatus{0}nPrintStatus{0}bSuperDevice{0}
LPPRINTER_INFO-LPPrtRunInfo:bJobPrtRuning{False}bLayerPrtIsOver{False}nContReqMemErr{0}nContWDErr{0}nCurPrtDir{0}nDTLayerIndex{0}nDTLayerPassIndex{0}nDTPtrCtlIndex{0}nLayerPassCount{0}nPrintLayerIndex{0}nPrintPassIndex{0}nProcLayerIndex{0}nPrtDataMemAddr{0}nPrtState{0}nReverse{System.Int32[]}nRevPrtCols{0}
LPPRINTER_INFO-LPDRVINFO:nFMVersion{0}nFpgaVersion{0}nPCBVersion{0}nState{0}nNextState{0}nPtvwarnState{0}nCrc32{0}nRevInfo{System.UInt32[]}nSignature{0}
2023-04-05 19:32:13,461 [AppLog] INFO : 进入：EquipmentMotionLogic3=》准备创建对象-手动操作！
2023-04-05 19:32:13,461 [AppLog] INFO : 进入：EquipmentMotionLogic3=》不需重新创建-手动操作！
2023-04-05 19:32:13,461 [AppLog] INFO : 进入：EquipmentMotionLogic3=》赋值完成自-AutoPrintMotion2！
2023-04-05 19:32:13,461 [AppLog] INFO : 进入：EquipmentMotionLogic3=》加载配置文件-LoadJsonFile成功！
2023-04-05 19:32:13,461 [AppLog] INFO : 进入：AutoPrintThread2！
2023-04-05 19:32:13,461 [AppLog] INFO : 准备读取编码器位置：X方向！
2023-04-05 19:32:13,461 [AppLog] INFO : 准备运动，当前位置：DEV_GetPrintEncoderValue：MoveDirectionFlag{false为Y方向：False}CurrentPos{26.415}AimPos{425}
2023-04-05 19:32:13,492 [AppLog] INFO : X方向运动开始：DEM_Run：返回值{True}nAxis{0}DirFlag{True}nSpeed{150000}MoveStep{398585}nCtlValue{2}
2023-04-05 19:32:13,554 [AppLog] INFO : 完成处理第15层数据：准备调用DrawLayerBMP，index为15，起始层为0
2023-04-05 19:32:13,554 [AppLog] INFO : 完成处理第15层数据：准备调用DrawLayerBMP，index为15，起始层为0
2023-04-05 19:32:14,272 [AppLog] INFO : 作业写入成功：IDP_WriteImgLayerData：bpp:{1bit}灰阶:{1阶}nLayerIndex{31}LayerIndex{15}SubIndex{1}RePrintTimes{2}nBytesPerLine{1004}nWidth{8001}nHeight{7560}nXEncOff{0}nYJetOff{0}nImgStartJetIndex{0}nXDPI{635}nYDPI{600}nPrtDir{0} nPrtFlag{1}nColorCnts{1}nReserved{System.Int32[]}
2023-04-05 19:32:14,272 [AppLog] INFO : 完成处理第1层数据：准备调用RenderToWic，index为15，subindex为0，g_nRePrintTimes为2，起始层为0
2023-04-05 19:32:14,272 [AppLog] INFO : 准备处理第1层数据：准备调用RenderToWic，index为15，subindex为1，g_nRePrintTimes为2，起始层为0
2023-04-05 19:32:14,459 [AppLog] INFO : 完成处理第15层数据：准备调用DrawLayerBMP，index为15，起始层为0
2023-04-05 19:32:14,459 [AppLog] INFO : 完成处理第15层数据：准备调用DrawLayerBMP，index为15，起始层为0
2023-04-05 19:32:15,161 [AppLog] INFO : 作业写入成功：IDP_WriteImgLayerData：bpp:{1bit}灰阶:{1阶}nLayerIndex{32}LayerIndex{15}SubIndex{2}RePrintTimes{2}nBytesPerLine{1004}nWidth{8001}nHeight{7560}nXEncOff{0}nYJetOff{0}nImgStartJetIndex{0}nXDPI{635}nYDPI{600}nPrtDir{0} nPrtFlag{1}nColorCnts{1}nReserved{System.Int32[]}
2023-04-05 19:32:15,161 [AppLog] INFO : 完成处理第1层数据：准备调用RenderToWic，index为15，subindex为1，g_nRePrintTimes为2，起始层为0
2023-04-05 19:32:15,161 [AppLog] INFO : 准备处理第1层数据：准备调用RenderToWic，index为16，subindex为0，g_nRePrintTimes为2，起始层为0
2023-04-05 19:32:15,348 [AppLog] INFO : 完成处理第16层数据：准备调用DrawLayerBMP，index为16，起始层为0
2023-04-05 19:32:15,348 [AppLog] INFO : 完成处理第16层数据：准备调用DrawLayerBMP，index为16，起始层为0
2023-04-05 19:32:16,050 [AppLog] INFO : 作业写入成功：IDP_WriteImgLayerData：bpp:{1bit}灰阶:{1阶}nLayerIndex{33}LayerIndex{16}SubIndex{1}RePrintTimes{2}nBytesPerLine{1004}nWidth{8001}nHeight{7560}nXEncOff{0}nYJetOff{0}nImgStartJetIndex{0}nXDPI{635}nYDPI{600}nPrtDir{0} nPrtFlag{1}nColorCnts{1}nReserved{System.Int32[]}
2023-04-05 19:32:16,050 [AppLog] INFO : 完成处理第1层数据：准备调用RenderToWic，index为16，subindex为0，g_nRePrintTimes为2，起始层为0
2023-04-05 19:32:16,050 [AppLog] INFO : 准备处理第1层数据：准备调用RenderToWic，index为16，subindex为1，g_nRePrintTimes为2，起始层为0
2023-04-05 19:32:16,237 [AppLog] INFO : 完成处理第16层数据：准备调用DrawLayerBMP，index为16，起始层为0
2023-04-05 19:32:16,237 [AppLog] INFO : 完成处理第16层数据：准备调用DrawLayerBMP，index为16，起始层为0
2023-04-05 19:32:16,393 [AppLog] INFO : X方向到位停止：DEM_StopAxisRun：返回值{True}CurrentPos{418.935}bImmeStop{False}nAxisMask{1}
2023-04-05 19:32:16,393 [AppLog] INFO : 准备读取编码器位置：X方向！
2023-04-05 19:32:16,393 [AppLog] INFO : 准备运动，当前位置：DEV_GetPrintEncoderValue：MoveDirectionFlag{false为Y方向：False}CurrentPos{419.04}AimPos{780}
2023-04-05 19:32:16,425 [AppLog] INFO : X方向运动开始：DEM_Run：返回值{True}nAxis{0}DirFlag{True}nSpeed{200000}MoveStep{360960}nCtlValue{2}
2023-04-05 19:32:16,425 [AppLog] INFO : 准备读取编码器位置：Y方向！
2023-04-05 19:32:16,425 [AppLog] INFO : 准备运动，编码器当前位置：DEM_GetAxisEncodeVal：MoveDirectionFlag{false为Y方向：True}CurrentPos{284.905}AimPos{121}
2023-04-05 19:32:16,456 [AppLog] INFO : Y方向运动开始：DEM_Run：返回值{True}nAxis{1}DirFlag{False}nSpeed{200000}MoveStep{-163905}nCtlValue{0}
2023-04-05 19:32:16,924 [AppLog] INFO : 作业写入成功：IDP_WriteImgLayerData：bpp:{1bit}灰阶:{1阶}nLayerIndex{34}LayerIndex{16}SubIndex{2}RePrintTimes{2}nBytesPerLine{1004}nWidth{8001}nHeight{7560}nXEncOff{0}nYJetOff{0}nImgStartJetIndex{0}nXDPI{635}nYDPI{600}nPrtDir{0} nPrtFlag{1}nColorCnts{1}nReserved{System.Int32[]}
2023-04-05 19:32:16,924 [AppLog] INFO : 完成处理第1层数据：准备调用RenderToWic，index为16，subindex为1，g_nRePrintTimes为2，起始层为0
2023-04-05 19:32:16,939 [AppLog] INFO : 准备处理第1层数据：准备调用RenderToWic，index为17，subindex为0，g_nRePrintTimes为2，起始层为0
2023-04-05 19:32:17,127 [AppLog] INFO : 完成处理第17层数据：准备调用DrawLayerBMP，index为17，起始层为0
2023-04-05 19:32:17,127 [AppLog] INFO : 完成处理第17层数据：准备调用DrawLayerBMP，index为17，起始层为0
2023-04-05 19:32:17,829 [AppLog] INFO : 作业写入成功：IDP_WriteImgLayerData：bpp:{1bit}灰阶:{1阶}nLayerIndex{35}LayerIndex{17}SubIndex{1}RePrintTimes{2}nBytesPerLine{1004}nWidth{8001}nHeight{7560}nXEncOff{0}nYJetOff{0}nImgStartJetIndex{0}nXDPI{635}nYDPI{600}nPrtDir{0} nPrtFlag{1}nColorCnts{1}nReserved{System.Int32[]}
2023-04-05 19:32:17,829 [AppLog] INFO : 完成处理第1层数据：准备调用RenderToWic，index为17，subindex为0，g_nRePrintTimes为2，起始层为0
2023-04-05 19:32:17,829 [AppLog] INFO : 准备处理第1层数据：准备调用RenderToWic，index为17，subindex为1，g_nRePrintTimes为2，起始层为0
2023-04-05 19:32:18,000 [AppLog] INFO : 完成处理第17层数据：准备调用DrawLayerBMP，index为17，起始层为0
2023-04-05 19:32:18,000 [AppLog] INFO : 完成处理第17层数据：准备调用DrawLayerBMP，index为17，起始层为0
2023-04-05 19:32:18,577 [AppLog] INFO : Y方向到位等停：DEM_StopAxisRun：返回值{True}bImmeStop{False}nAxisMask{1}
2023-04-05 19:32:18,577 [AppLog] INFO : X方向到位等停：DEM_StopAxisRun：返回值{True}bImmeStop{False}nAxisMask{2}
2023-04-05 19:32:18,624 [AppLog] INFO : 开启闪喷操作：IDP_FlashPrtCtl：返回值{True}
2023-04-05 19:32:18,624 [AppLog] INFO : 接收到恢复打印指令：PrintTaskTHREAD
2023-04-05 19:32:18,624 [AppLog] INFO : 获取打印Pass数据：IDP_GetPassItem2：nLayerIndex{2}nPassID{0}nProcState{3}LPPassDataItemb:PrtDir{False}nDataTxCompleteCnt{1}nHwMemAdrMatchMask{1}nLayerIndex{2}nLayerPassCount{6}nLayerPassIndex{0}nMinJet0ImgLinePos{0}nPrtMemHwAddr{System.UInt32[]}nPrtDataOffset{System.UInt32[]}nSrcDataSize{System.UInt32[]}nPrtColBytes{System.UInt32[]}nPrtPrecession{8}nSrcEndCols{8000}nSrcStartCols{0}nStartEncPos{76472}nValidPassJets{1280}nValidPrtCols{8310}nValidPrtCtlCnts{1}pDataBuf{0}pNextItem{694927888}
2023-04-05 19:32:18,640 [AppLog] INFO : 使能Pass打印成功：IDP_DoPassPrint2：nLayerIndex{2}nPassID{0}
2023-04-05 19:32:18,640 [AppLog] INFO : PASS打印前关键状态：DEV_GetDeviceInfo2：nLayerIndex{2}nPassID{0}LPPRINTER_INFO:nXSysEncDPI{0}nStatus{0}nPrintStatus{0}bSuperDevice{0}
LPPRINTER_INFO-LPPrtRunInfo:bJobPrtRuning{False}bLayerPrtIsOver{False}nContReqMemErr{0}nContWDErr{0}nCurPrtDir{0}nDTLayerIndex{0}nDTLayerPassIndex{0}nDTPtrCtlIndex{0}nLayerPassCount{0}nPrintLayerIndex{0}nPrintPassIndex{0}nProcLayerIndex{0}nPrtDataMemAddr{0}nPrtState{0}nReverse{System.Int32[]}nRevPrtCols{0}
LPPRINTER_INFO-LPDRVINFO:nFMVersion{0}nFpgaVersion{0}nPCBVersion{0}nState{0}nNextState{0}nPtvwarnState{0}nCrc32{0}nRevInfo{System.UInt32[]}nSignature{0}
2023-04-05 19:32:18,640 [AppLog] INFO : 进入：EquipmentMotionLogic3=》准备创建对象-手动操作！
2023-04-05 19:32:18,640 [AppLog] INFO : 进入：EquipmentMotionLogic3=》不需重新创建-手动操作！
2023-04-05 19:32:18,640 [AppLog] INFO : 进入：EquipmentMotionLogic3=》赋值完成自-AutoPrintMotion2！
2023-04-05 19:32:18,640 [AppLog] INFO : 进入：EquipmentMotionLogic3=》加载配置文件-LoadJsonFile成功！
2023-04-05 19:32:18,640 [AppLog] INFO : 进入自动清洗过程：AutoCleanThread
2023-04-05 19:32:18,718 [AppLog] INFO : 作业写入成功：IDP_WriteImgLayerData：bpp:{1bit}灰阶:{1阶}nLayerIndex{36}LayerIndex{17}SubIndex{2}RePrintTimes{2}nBytesPerLine{1004}nWidth{8001}nHeight{7560}nXEncOff{0}nYJetOff{0}nImgStartJetIndex{0}nXDPI{635}nYDPI{600}nPrtDir{0} nPrtFlag{1}nColorCnts{1}nReserved{System.Int32[]}
2023-04-05 19:32:18,718 [AppLog] INFO : 完成处理第1层数据：准备调用RenderToWic，index为17，subindex为1，g_nRePrintTimes为2，起始层为0
2023-04-05 19:32:18,718 [AppLog] INFO : 准备处理第1层数据：准备调用RenderToWic，index为18，subindex为0，g_nRePrintTimes为2，起始层为0
2023-04-05 19:32:18,889 [AppLog] INFO : 完成处理第18层数据：准备调用DrawLayerBMP，index为18，起始层为0
2023-04-05 19:32:18,889 [AppLog] INFO : 完成处理第18层数据：准备调用DrawLayerBMP，index为18，起始层为0
2023-04-05 19:32:19,591 [AppLog] INFO : 作业写入成功：IDP_WriteImgLayerData：bpp:{1bit}灰阶:{1阶}nLayerIndex{37}LayerIndex{18}SubIndex{1}RePrintTimes{2}nBytesPerLine{1004}nWidth{8001}nHeight{7560}nXEncOff{0}nYJetOff{0}nImgStartJetIndex{0}nXDPI{635}nYDPI{600}nPrtDir{0} nPrtFlag{1}nColorCnts{1}nReserved{System.Int32[]}
2023-04-05 19:32:19,591 [AppLog] INFO : 完成处理第1层数据：准备调用RenderToWic，index为18，subindex为0，g_nRePrintTimes为2，起始层为0
2023-04-05 19:32:19,591 [AppLog] INFO : 准备处理第1层数据：准备调用RenderToWic，index为18，subindex为1，g_nRePrintTimes为2，起始层为0
2023-04-05 19:32:19,607 [AppLog] INFO : 刮墨轴回零成功：motionMap.SetBackSpreaderAxis(4, 1, 2, -SinkPosition)
2023-04-05 19:32:19,607 [AppLog] INFO : 准备读取编码器位置：Y方向！
2023-04-05 19:32:19,607 [AppLog] INFO : 准备运动，编码器当前位置：DEM_GetAxisEncodeVal：MoveDirectionFlag{false为Y方向：True}CurrentPos{121.325}AimPos{121}
2023-04-05 19:32:19,638 [AppLog] INFO : Y方向运动开始：DEM_Run：返回值{True}nAxis{1}DirFlag{False}nSpeed{200000}MoveStep{-325.000000000003}nCtlValue{0}
2023-04-05 19:32:19,779 [AppLog] INFO : 完成处理第18层数据：准备调用DrawLayerBMP，index为18，起始层为0
2023-04-05 19:32:19,779 [AppLog] INFO : 完成处理第18层数据：准备调用DrawLayerBMP，index为18，起始层为0
2023-04-05 19:32:19,825 [AppLog] INFO : Y方向到位停止：DEM_StopAxisRun：返回值{True}CurrentPos{121.325}bImmeStop{False}nAxisMask{2}
2023-04-05 19:32:19,825 [AppLog] INFO : 准备读取编码器位置：X方向！
2023-04-05 19:32:19,825 [AppLog] INFO : 准备运动，当前位置：DEV_GetPrintEncoderValue：MoveDirectionFlag{false为Y方向：False}CurrentPos{784.5}AimPos{780}
2023-04-05 19:32:19,857 [AppLog] INFO : X方向运动开始：DEM_Run：返回值{True}nAxis{0}DirFlag{False}nSpeed{200000}MoveStep{-4500}nCtlValue{2}
2023-04-05 19:32:20,091 [AppLog] INFO : X方向到位停止：DEM_StopAxisRun：返回值{True}CurrentPos{781.085}bImmeStop{False}nAxisMask{1}
2023-04-05 19:32:20,621 [AppLog] INFO : 作业写入成功：IDP_WriteImgLayerData：bpp:{1bit}灰阶:{1阶}nLayerIndex{38}LayerIndex{18}SubIndex{2}RePrintTimes{2}nBytesPerLine{1004}nWidth{8001}nHeight{7560}nXEncOff{0}nYJetOff{0}nImgStartJetIndex{0}nXDPI{635}nYDPI{600}nPrtDir{0} nPrtFlag{1}nColorCnts{1}nReserved{System.Int32[]}
2023-04-05 19:32:20,621 [AppLog] INFO : 完成处理第1层数据：准备调用RenderToWic，index为18，subindex为1，g_nRePrintTimes为2，起始层为0
2023-04-05 19:32:20,621 [AppLog] INFO : 准备处理第1层数据：准备调用RenderToWic，index为19，subindex为0，g_nRePrintTimes为2，起始层为0
2023-04-05 19:32:20,808 [AppLog] INFO : 完成处理第19层数据：准备调用DrawLayerBMP，index为19，起始层为0
2023-04-05 19:32:20,808 [AppLog] INFO : 完成处理第19层数据：准备调用DrawLayerBMP，index为19，起始层为0
2023-04-05 19:32:20,917 [AppLog] INFO : 开启压墨： motionMap.SetDo(13, true)
2023-04-05 19:32:21,510 [AppLog] INFO : 作业写入成功：IDP_WriteImgLayerData：bpp:{1bit}灰阶:{1阶}nLayerIndex{39}LayerIndex{19}SubIndex{1}RePrintTimes{2}nBytesPerLine{1004}nWidth{8001}nHeight{7560}nXEncOff{0}nYJetOff{0}nImgStartJetIndex{0}nXDPI{635}nYDPI{600}nPrtDir{0} nPrtFlag{1}nColorCnts{1}nReserved{System.Int32[]}
2023-04-05 19:32:21,510 [AppLog] INFO : 完成处理第1层数据：准备调用RenderToWic，index为19，subindex为0，g_nRePrintTimes为2，起始层为0
2023-04-05 19:32:21,526 [AppLog] INFO : 准备处理第1层数据：准备调用RenderToWic，index为19，subindex为1，g_nRePrintTimes为2，起始层为0
2023-04-05 19:32:21,697 [AppLog] INFO : 完成处理第19层数据：准备调用DrawLayerBMP，index为19，起始层为0
2023-04-05 19:32:21,697 [AppLog] INFO : 完成处理第19层数据：准备调用DrawLayerBMP，index为19，起始层为0
2023-04-05 19:32:22,415 [AppLog] INFO : 作业写入成功：IDP_WriteImgLayerData：bpp:{1bit}灰阶:{1阶}nLayerIndex{40}LayerIndex{19}SubIndex{2}RePrintTimes{2}nBytesPerLine{1004}nWidth{8001}nHeight{7560}nXEncOff{0}nYJetOff{0}nImgStartJetIndex{0}nXDPI{635}nYDPI{600}nPrtDir{0} nPrtFlag{1}nColorCnts{1}nReserved{System.Int32[]}
2023-04-05 19:32:22,415 [AppLog] INFO : 完成处理第1层数据：准备调用RenderToWic，index为19，subindex为1，g_nRePrintTimes为2，起始层为0
2023-04-05 19:32:22,431 [AppLog] INFO : 关闭压墨： motionMap.SetDo(13, true)
2023-04-05 19:32:22,431 [AppLog] INFO : 准备读取编码器位置：X方向！
2023-04-05 19:32:22,431 [AppLog] INFO : 准备运动，当前位置：DEV_GetPrintEncoderValue：MoveDirectionFlag{false为Y方向：False}CurrentPos{780.29}AimPos{680}
2023-04-05 19:32:22,462 [AppLog] INFO : X方向运动开始：DEM_Run：返回值{True}nAxis{0}DirFlag{False}nSpeed{100000}MoveStep{-100290}nCtlValue{2}
2023-04-05 19:32:23,616 [AppLog] INFO : X方向到位停止：DEM_StopAxisRun：返回值{True}CurrentPos{683.88}bImmeStop{False}nAxisMask{1}
2023-04-05 19:32:24,396 [AppLog] INFO : 结束自动清洗过程：AutoCleanThread
2023-04-05 19:32:24,396 [AppLog] INFO : 进入：EquipmentMotionLogic3=》准备创建对象-手动操作！
2023-04-05 19:32:24,396 [AppLog] INFO : 进入：EquipmentMotionLogic3=》不需重新创建-手动操作！
2023-04-05 19:32:24,396 [AppLog] INFO : 进入：EquipmentMotionLogic3=》赋值完成自-AutoPrintMotion2！
2023-04-05 19:32:24,396 [AppLog] INFO : 进入：EquipmentMotionLogic3=》加载配置文件-LoadJsonFile成功！
2023-04-05 19:32:24,396 [AppLog] INFO : 进入：AutoPrintThread2！
2023-04-05 19:32:24,396 [AppLog] INFO : 关闭闪喷操作：IDP_FlashPrtCtl：返回值{True}
2023-04-05 19:32:24,396 [AppLog] INFO : 准备读取编码器位置：Y方向！
2023-04-05 19:32:24,396 [AppLog] INFO : 准备运动，编码器当前位置：DEM_GetAxisEncodeVal：MoveDirectionFlag{false为Y方向：True}CurrentPos{121.01}AimPos{15}
2023-04-05 19:32:24,427 [AppLog] INFO : Y方向运动开始：DEM_Run：返回值{True}nAxis{1}DirFlag{False}nSpeed{200000}MoveStep{-106010}nCtlValue{0}
2023-04-05 19:32:24,427 [AppLog] INFO : 准备读取编码器位置：X方向！
2023-04-05 19:32:24,443 [AppLog] INFO : 准备运动，当前位置：DEV_GetPrintEncoderValue：MoveDirectionFlag{false为Y方向：False}CurrentPos{680.22}AimPos{425}
2023-04-05 19:32:24,474 [AppLog] INFO : X方向运动开始：DEM_Run：返回值{True}nAxis{0}DirFlag{False}nSpeed{200000}MoveStep{-255220}nCtlValue{2}
2023-04-05 19:32:26,128 [AppLog] INFO : X方向到位停止：DEM_StopAxisRun：返回值{True}CurrentPos{428.415}bImmeStop{False}nAxisMask{1}
2023-04-05 19:32:26,128 [AppLog] INFO : 准备读取编码器位置：X方向！
2023-04-05 19:32:26,128 [AppLog] INFO : 准备运动，当前位置：DEV_GetPrintEncoderValue：MoveDirectionFlag{false为Y方向：False}CurrentPos{428.26}AimPos{25}
2023-04-05 19:32:26,159 [AppLog] INFO : X方向运动开始：DEM_Run：返回值{True}nAxis{0}DirFlag{False}nSpeed{150000}MoveStep{-403260}nCtlValue{2}
2023-04-05 19:32:29,092 [AppLog] INFO : X方向到位停止：DEM_StopAxisRun：返回值{True}CurrentPos{26.445}bImmeStop{False}nAxisMask{1}
2023-04-05 19:32:29,092 [AppLog] INFO : 准备读取编码器位置：Y方向！
2023-04-05 19:32:29,092 [AppLog] INFO : 准备运动，编码器当前位置：DEM_GetAxisEncodeVal：MoveDirectionFlag{false为Y方向：True}CurrentPos{15.125}AimPos{69}
2023-04-05 19:32:29,123 [AppLog] INFO : Y方向运动开始：DEM_Run：返回值{True}nAxis{1}DirFlag{True}nSpeed{150000}MoveStep{53875}nCtlValue{0}
2023-04-05 19:32:29,482 [AppLog] INFO : Y方向到位停止：DEM_StopAxisRun：返回值{True}CurrentPos{46.52}bImmeStop{False}nAxisMask{2}
2023-04-05 19:32:29,482 [AppLog] INFO : 获取打印Pass数据：IDP_GetPassItem2：nLayerIndex{2}nPassID{1}nProcState{3}LPPassDataItemb:PrtDir{True}nDataTxCompleteCnt{1}nHwMemAdrMatchMask{1}nLayerIndex{2}nLayerPassCount{6}nLayerPassIndex{1}nMinJet0ImgLinePos{1280}nPrtMemHwAddr{System.UInt32[]}nPrtDataOffset{System.UInt32[]}nSrcDataSize{System.UInt32[]}nPrtColBytes{System.UInt32[]}nPrtPrecession{8}nSrcEndCols{8000}nSrcStartCols{0}nStartEncPos{10000}nValidPassJets{1280}nValidPrtCols{8310}nValidPrtCtlCnts{1}pDataBuf{0}pNextItem{694928048}
2023-04-05 19:32:29,482 [AppLog] INFO : 使能Pass打印成功：IDP_DoPassPrint2：nLayerIndex{2}nPassID{1}
2023-04-05 19:32:29,497 [AppLog] INFO : PASS打印前关键状态：DEV_GetDeviceInfo2：nLayerIndex{2}nPassID{1}LPPRINTER_INFO:nXSysEncDPI{0}nStatus{0}nPrintStatus{0}bSuperDevice{0}
LPPRINTER_INFO-LPPrtRunInfo:bJobPrtRuning{False}bLayerPrtIsOver{False}nContReqMemErr{0}nContWDErr{0}nCurPrtDir{0}nDTLayerIndex{0}nDTLayerPassIndex{0}nDTPtrCtlIndex{0}nLayerPassCount{0}nPrintLayerIndex{0}nPrintPassIndex{0}nProcLayerIndex{0}nPrtDataMemAddr{0}nPrtState{0}nReverse{System.Int32[]}nRevPrtCols{0}
LPPRINTER_INFO-LPDRVINFO:nFMVersion{0}nFpgaVersion{0}nPCBVersion{0}nState{0}nNextState{0}nPtvwarnState{0}nCrc32{0}nRevInfo{System.UInt32[]}nSignature{0}
2023-04-05 19:32:29,497 [AppLog] INFO : 进入：EquipmentMotionLogic3=》准备创建对象-手动操作！
2023-04-05 19:32:29,497 [AppLog] INFO : 进入：EquipmentMotionLogic3=》不需重新创建-手动操作！
2023-04-05 19:32:29,497 [AppLog] INFO : 进入：EquipmentMotionLogic3=》赋值完成自-AutoPrintMotion2！
2023-04-05 19:32:29,497 [AppLog] INFO : 进入：EquipmentMotionLogic3=》加载配置文件-LoadJsonFile成功！
2023-04-05 19:32:29,497 [AppLog] INFO : 进入：AutoPrintThread2！
2023-04-05 19:32:29,497 [AppLog] INFO : 准备读取编码器位置：X方向！
2023-04-05 19:32:29,497 [AppLog] INFO : 准备运动，当前位置：DEV_GetPrintEncoderValue：MoveDirectionFlag{false为Y方向：False}CurrentPos{22.695}AimPos{425}
2023-04-05 19:32:29,529 [AppLog] INFO : X方向运动开始：DEM_Run：返回值{True}nAxis{0}DirFlag{True}nSpeed{150000}MoveStep{402305}nCtlValue{2}
2023-04-05 19:32:32,477 [AppLog] INFO : X方向到位停止：DEM_StopAxisRun：返回值{True}CurrentPos{421.435}bImmeStop{False}nAxisMask{1}
2023-04-05 19:32:32,477 [AppLog] INFO : 准备读取编码器位置：Y方向！
2023-04-05 19:32:32,493 [AppLog] INFO : 准备运动，编码器当前位置：DEM_GetAxisEncodeVal：MoveDirectionFlag{false为Y方向：True}CurrentPos{68.97}AimPos{123}
2023-04-05 19:32:32,524 [AppLog] INFO : Y方向运动开始：DEM_Run：返回值{True}nAxis{1}DirFlag{True}nSpeed{150000}MoveStep{54030}nCtlValue{0}
2023-04-05 19:32:32,867 [AppLog] INFO : Y方向到位停止：DEM_StopAxisRun：返回值{True}CurrentPos{98.55}bImmeStop{False}nAxisMask{2}
2023-04-05 19:32:32,867 [AppLog] INFO : 获取打印Pass数据：IDP_GetPassItem2：nLayerIndex{2}nPassID{2}nProcState{3}LPPassDataItemb:PrtDir{False}nDataTxCompleteCnt{1}nHwMemAdrMatchMask{1}nLayerIndex{2}nLayerPassCount{6}nLayerPassIndex{2}nMinJet0ImgLinePos{2560}nPrtMemHwAddr{System.UInt32[]}nPrtDataOffset{System.UInt32[]}nSrcDataSize{System.UInt32[]}nPrtColBytes{System.UInt32[]}nPrtPrecession{8}nSrcEndCols{8000}nSrcStartCols{0}nStartEncPos{76472}nValidPassJets{1280}nValidPrtCols{8310}nValidPrtCtlCnts{1}pDataBuf{0}pNextItem{694928208}
2023-04-05 19:32:32,883 [AppLog] INFO : 使能Pass打印成功：IDP_DoPassPrint2：nLayerIndex{2}nPassID{2}
2023-04-05 19:32:32,883 [AppLog] INFO : PASS打印前关键状态：DEV_GetDeviceInfo2：nLayerIndex{2}nPassID{2}LPPRINTER_INFO:nXSysEncDPI{0}nStatus{0}nPrintStatus{0}bSuperDevice{0}
LPPRINTER_INFO-LPPrtRunInfo:bJobPrtRuning{False}bLayerPrtIsOver{False}nContReqMemErr{0}nContWDErr{0}nCurPrtDir{0}nDTLayerIndex{0}nDTLayerPassIndex{0}nDTPtrCtlIndex{0}nLayerPassCount{0}nPrintLayerIndex{0}nPrintPassIndex{0}nProcLayerIndex{0}nPrtDataMemAddr{0}nPrtState{0}nReverse{System.Int32[]}nRevPrtCols{0}
LPPRINTER_INFO-LPDRVINFO:nFMVersion{0}nFpgaVersion{0}nPCBVersion{0}nState{0}nNextState{0}nPtvwarnState{0}nCrc32{0}nRevInfo{System.UInt32[]}nSignature{0}
2023-04-05 19:32:32,883 [AppLog] INFO : 进入：EquipmentMotionLogic3=》准备创建对象-手动操作！
2023-04-05 19:32:32,883 [AppLog] INFO : 进入：EquipmentMotionLogic3=》不需重新创建-手动操作！
2023-04-05 19:32:32,883 [AppLog] INFO : 进入：EquipmentMotionLogic3=》赋值完成自-AutoPrintMotion2！
2023-04-05 19:32:32,883 [AppLog] INFO : 进入：EquipmentMotionLogic3=》加载配置文件-LoadJsonFile成功！
2023-04-05 19:32:32,883 [AppLog] INFO : 进入：AutoPrintThread2！
2023-04-05 19:32:32,883 [AppLog] INFO : 准备读取编码器位置：X方向！
2023-04-05 19:32:32,883 [AppLog] INFO : 准备运动，当前位置：DEV_GetPrintEncoderValue：MoveDirectionFlag{false为Y方向：False}CurrentPos{423.56}AimPos{25}
2023-04-05 19:32:32,914 [AppLog] INFO : X方向运动开始：DEM_Run：返回值{True}nAxis{0}DirFlag{False}nSpeed{150000}MoveStep{-398560}nCtlValue{2}
2023-04-05 19:32:35,815 [AppLog] INFO : X方向到位停止：DEM_StopAxisRun：返回值{True}CurrentPos{30.41}bImmeStop{False}nAxisMask{1}
2023-04-05 19:32:35,815 [AppLog] INFO : 准备读取编码器位置：Y方向！
2023-04-05 19:32:35,815 [AppLog] INFO : 准备运动，编码器当前位置：DEM_GetAxisEncodeVal：MoveDirectionFlag{false为Y方向：True}CurrentPos{122.86}AimPos{177}
2023-04-05 19:32:35,847 [AppLog] INFO : Y方向运动开始：DEM_Run：返回值{True}nAxis{1}DirFlag{True}nSpeed{150000}MoveStep{54140}nCtlValue{0}
2023-04-05 19:32:36,190 [AppLog] INFO : Y方向到位停止：DEM_StopAxisRun：返回值{True}CurrentPos{152.325}bImmeStop{False}nAxisMask{2}
2023-04-05 19:32:36,190 [AppLog] INFO : 获取打印Pass数据：IDP_GetPassItem2：nLayerIndex{2}nPassID{3}nProcState{3}LPPassDataItemb:PrtDir{True}nDataTxCompleteCnt{1}nHwMemAdrMatchMask{1}nLayerIndex{2}nLayerPassCount{6}nLayerPassIndex{3}nMinJet0ImgLinePos{3840}nPrtMemHwAddr{System.UInt32[]}nPrtDataOffset{System.UInt32[]}nSrcDataSize{System.UInt32[]}nPrtColBytes{System.UInt32[]}nPrtPrecession{8}nSrcEndCols{8000}nSrcStartCols{0}nStartEncPos{10000}nValidPassJets{1280}nValidPrtCols{8310}nValidPrtCtlCnts{1}pDataBuf{0}pNextItem{694928368}
2023-04-05 19:32:36,205 [AppLog] INFO : 使能Pass打印成功：IDP_DoPassPrint2：nLayerIndex{2}nPassID{3}
2023-04-05 19:32:36,205 [AppLog] INFO : PASS打印前关键状态：DEV_GetDeviceInfo2：nLayerIndex{2}nPassID{3}LPPRINTER_INFO:nXSysEncDPI{0}nStatus{0}nPrintStatus{0}bSuperDevice{0}
LPPRINTER_INFO-LPPrtRunInfo:bJobPrtRuning{False}bLayerPrtIsOver{False}nContReqMemErr{0}nContWDErr{0}nCurPrtDir{0}nDTLayerIndex{0}nDTLayerPassIndex{0}nDTPtrCtlIndex{0}nLayerPassCount{0}nPrintLayerIndex{0}nPrintPassIndex{0}nProcLayerIndex{0}nPrtDataMemAddr{0}nPrtState{0}nReverse{System.Int32[]}nRevPrtCols{0}
LPPRINTER_INFO-LPDRVINFO:nFMVersion{0}nFpgaVersion{0}nPCBVersion{0}nState{0}nNextState{0}nPtvwarnState{0}nCrc32{0}nRevInfo{System.UInt32[]}nSignature{0}
2023-04-05 19:32:36,205 [AppLog] INFO : 进入：EquipmentMotionLogic3=》准备创建对象-手动操作！
2023-04-05 19:32:36,205 [AppLog] INFO : 进入：EquipmentMotionLogic3=》不需重新创建-手动操作！
2023-04-05 19:32:36,205 [AppLog] INFO : 进入：EquipmentMotionLogic3=》赋值完成自-AutoPrintMotion2！
2023-04-05 19:32:36,205 [AppLog] INFO : 进入：EquipmentMotionLogic3=》加载配置文件-LoadJsonFile成功！
2023-04-05 19:32:36,205 [AppLog] INFO : 进入：AutoPrintThread2！
2023-04-05 19:32:36,205 [AppLog] INFO : 准备读取编码器位置：X方向！
2023-04-05 19:32:36,205 [AppLog] INFO : 准备运动，当前位置：DEV_GetPrintEncoderValue：MoveDirectionFlag{false为Y方向：False}CurrentPos{26.385}AimPos{425}
2023-04-05 19:32:36,237 [AppLog] INFO : X方向运动开始：DEM_Run：返回值{True}nAxis{0}DirFlag{True}nSpeed{150000}MoveStep{398615}nCtlValue{2}
2023-04-05 19:32:39,154 [AppLog] INFO : X方向到位停止：DEM_StopAxisRun：返回值{True}CurrentPos{419.68}bImmeStop{False}nAxisMask{1}
2023-04-05 19:32:39,154 [AppLog] INFO : 准备读取编码器位置：Y方向！
2023-04-05 19:32:39,154 [AppLog] INFO : 准备运动，编码器当前位置：DEM_GetAxisEncodeVal：MoveDirectionFlag{false为Y方向：True}CurrentPos{176.89}AimPos{231}
2023-04-05 19:32:39,185 [AppLog] INFO : Y方向运动开始：DEM_Run：返回值{True}nAxis{1}DirFlag{True}nSpeed{150000}MoveStep{54110}nCtlValue{0}
2023-04-05 19:32:39,528 [AppLog] INFO : Y方向到位停止：DEM_StopAxisRun：返回值{True}CurrentPos{206.475}bImmeStop{False}nAxisMask{2}
2023-04-05 19:32:39,528 [AppLog] INFO : 获取打印Pass数据：IDP_GetPassItem2：nLayerIndex{2}nPassID{4}nProcState{3}LPPassDataItemb:PrtDir{False}nDataTxCompleteCnt{1}nHwMemAdrMatchMask{1}nLayerIndex{2}nLayerPassCount{6}nLayerPassIndex{4}nMinJet0ImgLinePos{5120}nPrtMemHwAddr{System.UInt32[]}nPrtDataOffset{System.UInt32[]}nSrcDataSize{System.UInt32[]}nPrtColBytes{System.UInt32[]}nPrtPrecession{8}nSrcEndCols{8000}nSrcStartCols{0}nStartEncPos{76472}nValidPassJets{1280}nValidPrtCols{8310}nValidPrtCtlCnts{1}pDataBuf{0}pNextItem{694928528}
2023-04-05 19:32:39,544 [AppLog] INFO : 使能Pass打印成功：IDP_DoPassPrint2：nLayerIndex{2}nPassID{4}
2023-04-05 19:32:39,544 [AppLog] INFO : PASS打印前关键状态：DEV_GetDeviceInfo2：nLayerIndex{2}nPassID{4}LPPRINTER_INFO:nXSysEncDPI{0}nStatus{0}nPrintStatus{0}bSuperDevice{0}
LPPRINTER_INFO-LPPrtRunInfo:bJobPrtRuning{False}bLayerPrtIsOver{False}nContReqMemErr{0}nContWDErr{0}nCurPrtDir{0}nDTLayerIndex{0}nDTLayerPassIndex{0}nDTPtrCtlIndex{0}nLayerPassCount{0}nPrintLayerIndex{0}nPrintPassIndex{0}nProcLayerIndex{0}nPrtDataMemAddr{0}nPrtState{0}nReverse{System.Int32[]}nRevPrtCols{0}
LPPRINTER_INFO-LPDRVINFO:nFMVersion{0}nFpgaVersion{0}nPCBVersion{0}nState{0}nNextState{0}nPtvwarnState{0}nCrc32{0}nRevInfo{System.UInt32[]}nSignature{0}
2023-04-05 19:32:39,544 [AppLog] INFO : 进入：EquipmentMotionLogic3=》准备创建对象-手动操作！
2023-04-05 19:32:39,544 [AppLog] INFO : 进入：EquipmentMotionLogic3=》不需重新创建-手动操作！
2023-04-05 19:32:39,544 [AppLog] INFO : 进入：EquipmentMotionLogic3=》赋值完成自-AutoPrintMotion2！
2023-04-05 19:32:39,544 [AppLog] INFO : 进入：EquipmentMotionLogic3=》加载配置文件-LoadJsonFile成功！
2023-04-05 19:32:39,544 [AppLog] INFO : 进入：AutoPrintThread2！
2023-04-05 19:32:39,544 [AppLog] INFO : 准备读取编码器位置：X方向！
2023-04-05 19:32:39,544 [AppLog] INFO : 准备运动，当前位置：DEV_GetPrintEncoderValue：MoveDirectionFlag{false为Y方向：False}CurrentPos{423.63}AimPos{25}
2023-04-05 19:32:39,575 [AppLog] INFO : X方向运动开始：DEM_Run：返回值{True}nAxis{0}DirFlag{False}nSpeed{150000}MoveStep{-398630}nCtlValue{2}
2023-04-05 19:32:42,477 [AppLog] INFO : X方向到位停止：DEM_StopAxisRun：返回值{True}CurrentPos{31.19}bImmeStop{False}nAxisMask{1}
2023-04-05 19:32:42,477 [AppLog] INFO : 准备读取编码器位置：Y方向！
2023-04-05 19:32:42,477 [AppLog] INFO : 准备运动，编码器当前位置：DEM_GetAxisEncodeVal：MoveDirectionFlag{false为Y方向：True}CurrentPos{230.92}AimPos{285}
2023-04-05 19:32:42,508 [AppLog] INFO : Y方向运动开始：DEM_Run：返回值{True}nAxis{1}DirFlag{True}nSpeed{150000}MoveStep{54080}nCtlValue{0}
2023-04-05 19:32:42,851 [AppLog] INFO : Y方向到位停止：DEM_StopAxisRun：返回值{True}CurrentPos{259.595}bImmeStop{False}nAxisMask{2}
2023-04-05 19:32:42,851 [AppLog] INFO : 获取打印Pass数据：IDP_GetPassItem2：nLayerIndex{2}nPassID{5}nProcState{3}LPPassDataItemb:PrtDir{True}nDataTxCompleteCnt{1}nHwMemAdrMatchMask{1}nLayerIndex{2}nLayerPassCount{6}nLayerPassIndex{5}nMinJet0ImgLinePos{6400}nPrtMemHwAddr{System.UInt32[]}nPrtDataOffset{System.UInt32[]}nSrcDataSize{System.UInt32[]}nPrtColBytes{System.UInt32[]}nPrtPrecession{8}nSrcEndCols{8000}nSrcStartCols{0}nStartEncPos{10000}nValidPassJets{1280}nValidPrtCols{8310}nValidPrtCtlCnts{1}pDataBuf{0}pNextItem{0}
2023-04-05 19:32:42,851 [AppLog] INFO : 使能Pass打印成功：IDP_DoPassPrint2：nLayerIndex{2}nPassID{5}
2023-04-05 19:32:42,867 [AppLog] INFO : PASS打印前关键状态：DEV_GetDeviceInfo2：nLayerIndex{2}nPassID{5}LPPRINTER_INFO:nXSysEncDPI{0}nStatus{0}nPrintStatus{0}bSuperDevice{0}
LPPRINTER_INFO-LPPrtRunInfo:bJobPrtRuning{False}bLayerPrtIsOver{False}nContReqMemErr{0}nContWDErr{0}nCurPrtDir{0}nDTLayerIndex{0}nDTLayerPassIndex{0}nDTPtrCtlIndex{0}nLayerPassCount{0}nPrintLayerIndex{0}nPrintPassIndex{0}nProcLayerIndex{0}nPrtDataMemAddr{0}nPrtState{0}nReverse{System.Int32[]}nRevPrtCols{0}
LPPRINTER_INFO-LPDRVINFO:nFMVersion{0}nFpgaVersion{0}nPCBVersion{0}nState{0}nNextState{0}nPtvwarnState{0}nCrc32{0}nRevInfo{System.UInt32[]}nSignature{0}
2023-04-05 19:32:42,867 [AppLog] INFO : 进入：EquipmentMotionLogic3=》准备创建对象-手动操作！
2023-04-05 19:32:42,867 [AppLog] INFO : 进入：EquipmentMotionLogic3=》不需重新创建-手动操作！
2023-04-05 19:32:42,867 [AppLog] INFO : 进入：EquipmentMotionLogic3=》赋值完成自-AutoPrintMotion2！
2023-04-05 19:32:42,867 [AppLog] INFO : 进入：EquipmentMotionLogic3=》加载配置文件-LoadJsonFile成功！
2023-04-05 19:32:42,867 [AppLog] INFO : 进入：AutoPrintThread2！
2023-04-05 19:32:42,867 [AppLog] INFO : 准备读取编码器位置：X方向！
2023-04-05 19:32:42,867 [AppLog] INFO : 准备运动，当前位置：DEV_GetPrintEncoderValue：MoveDirectionFlag{false为Y方向：False}CurrentPos{26.4}AimPos{425}
2023-04-05 19:32:42,898 [AppLog] INFO : X方向运动开始：DEM_Run：返回值{True}nAxis{0}DirFlag{True}nSpeed{150000}MoveStep{398600}nCtlValue{2}
2023-04-05 19:32:45,799 [AppLog] INFO : X方向到位停止：DEM_StopAxisRun：返回值{True}CurrentPos{418.71}bImmeStop{False}nAxisMask{1}
2023-04-05 19:32:45,799 [AppLog] INFO : 准备读取编码器位置：X方向！
2023-04-05 19:32:45,799 [AppLog] INFO : 准备运动，当前位置：DEV_GetPrintEncoderValue：MoveDirectionFlag{false为Y方向：False}CurrentPos{418.91}AimPos{780}
2023-04-05 19:32:45,831 [AppLog] INFO : X方向运动开始：DEM_Run：返回值{True}nAxis{0}DirFlag{True}nSpeed{200000}MoveStep{361090}nCtlValue{2}
2023-04-05 19:32:45,831 [AppLog] INFO : 准备读取编码器位置：Y方向！
2023-04-05 19:32:45,831 [AppLog] INFO : 准备运动，编码器当前位置：DEM_GetAxisEncodeVal：MoveDirectionFlag{false为Y方向：True}CurrentPos{284.895}AimPos{121}
2023-04-05 19:32:45,862 [AppLog] INFO : Y方向运动开始：DEM_Run：返回值{True}nAxis{1}DirFlag{False}nSpeed{200000}MoveStep{-163895}nCtlValue{0}
2023-04-05 19:32:47,983 [AppLog] INFO : Y方向到位等停：DEM_StopAxisRun：返回值{True}bImmeStop{False}nAxisMask{1}
2023-04-05 19:32:47,983 [AppLog] INFO : X方向到位等停：DEM_StopAxisRun：返回值{True}bImmeStop{False}nAxisMask{2}
2023-04-05 19:32:47,999 [AppLog] INFO : 开启闪喷操作：IDP_FlashPrtCtl：返回值{True}
2023-04-05 19:32:47,999 [AppLog] INFO : 进入：EquipmentMotionLogic3=》准备创建对象-手动操作！
2023-04-05 19:32:47,999 [AppLog] INFO : 进入：EquipmentMotionLogic3=》不需重新创建-手动操作！
2023-04-05 19:32:47,999 [AppLog] INFO : 进入：EquipmentMotionLogic3=》赋值完成自-AutoPrintMotion2！
2023-04-05 19:32:47,999 [AppLog] INFO : 进入：EquipmentMotionLogic3=》加载配置文件-LoadJsonFile成功！
2023-04-05 19:32:47,999 [AppLog] INFO : 进入自动铺粉逻辑：NewAutoSupplyPowderThread2
2023-04-05 19:32:48,108 [AppLog] INFO : 手动正向点动指令（8轴运控板卡系统） ====》：输出AXIS{第1轴},点动量{-0.08MM},运动速度{2MM/s}
2023-04-05 19:32:48,108 [AppLog] INFO : 成形面高度下降层厚 TrapSpace{0.08mm}：TrapMoveUp(1, true, Convert.ToString(vel), Convert.ToString(TrapSpace), true, true）
2023-04-05 19:32:48,888 [AppLog] INFO : 手动正向点动指令（8轴运控板卡系统） ====》：输出AXIS{第1轴},点动量{-1.5MM},运动速度{2MM/s}
2023-04-05 19:32:48,888 [AppLog] INFO : 成形面高度下降指定厚度 TrapSpace{1.5mm}：TrapMoveUp(1, true, Convert.ToString(vel), Convert.ToString(TrapSpace), true, true）
2023-04-05 19:32:49,668 [AppLog] INFO : 手动正向点动指令（8轴运控板卡系统） ====》：输出AXIS{第1轴},点动量{1.5MM},运动速度{2MM/s}
2023-04-05 19:32:49,668 [AppLog] INFO : 成形面高度上升层厚 TrapSpace{1.5mm}：TrapMoveUp(1, true, Convert.ToString(vel), Convert.ToString(TrapSpace), true, true）
2023-04-05 19:32:49,918 [AppLog] INFO : 手动正向点动指令（8轴运控板卡系统） ====》：输出AXIS{第8轴},点动量{0.5MM},运动速度{2.5MM/s}
2023-04-05 19:32:49,918 [AppLog] INFO : Hopper落粉轴转2圈落粉，速度0.5rev/s：TrapMoveUp(8, true, 0.5, rotateNuM.ToString(), true, false)
2023-04-05 19:32:49,933 [AppLog] INFO : 手动正向点动指令（8轴运控板卡系统） ====》：输出AXIS{第2轴},点动量{254MM},运动速度{200MM/s}
2023-04-05 19:32:49,933 [AppLog] INFO : 手动正向点动指令（8轴运控板卡系统） ====》：输出AXIS{第2轴},点动量{694MM},运动速度{50MM/s}
2023-04-05 19:32:49,933 [AppLog] INFO : 开启铺粉车不等停运动至站2，速度0.5rev/s：BackToStation2
2023-04-05 19:32:52,929 [AppLog] INFO : 打开IR灯：OpenIRLamp(true)
2023-04-05 19:32:55,050 [AppLog] INFO : 手动正向点动指令（8轴运控板卡系统） ====》：输出AXIS{第3轴},点动量{0.5MM},运动速度{0.0980392156862745MM/s}
2023-04-05 19:32:55,050 [AppLog] INFO : 开启均匀落粉及辊子铺平运动：TrapMoveUp(3, true, Convert.ToString(DispenseRollerSpeed), 0.5, true, true)
2023-04-05 19:33:00,214 [AppLog] INFO : 关闭IR灯：OpenIRLamp(false)
2023-04-05 19:33:02,569 [AppLog] INFO : 手动正向点动指令（8轴运控板卡系统） ====》：输出AXIS{第3轴},点动量{0.5MM},运动速度{2MM/s}
2023-04-05 19:33:02,569 [AppLog] INFO : 落粉轴继续转动以倒掉余粉：TrapMoveUp(3, true, 2, 0.5, true, false)
2023-04-05 19:33:04,582 [AppLog] INFO : 手动正向点动指令（8轴运控板卡系统） ====》：输出AXIS{第1轴},点动量{-1.5MM},运动速度{2MM/s}
2023-04-05 19:33:04,582 [AppLog] INFO : 成形面高度下降指定厚度 TrapSpace{1.5mm}：TrapMoveUp(1, true, Convert.ToString(vel), Convert.ToString(TrapSpace), true, true）
2023-04-05 19:33:08,076 [AppLog] INFO : 手动正向点动指令（8轴运控板卡系统） ====》：输出AXIS{第2轴},点动量{-698MM},运动速度{200MM/s}
2023-04-05 19:33:08,076 [AppLog] INFO : 铺粉车返回至站1：BackToStation2(AimPos, MovSpeed, true)
2023-04-05 19:33:08,466 [AppLog] INFO : 落粉轴回零成功：motionMap.SetBackSpreaderAxis(3, 0.5, 2, -SinkPosition)：ReturnCode{True}
2023-04-05 19:33:09,231 [AppLog] INFO : 手动正向点动指令（8轴运控板卡系统） ====》：输出AXIS{第1轴},点动量{1.5MM},运动速度{2MM/s}
2023-04-05 19:33:09,231 [AppLog] INFO : 成形面高度上升层厚 TrapSpace{1.5mm}：TrapMoveUp(1, true, Convert.ToString(vel), Convert.ToString(TrapSpace), true, true）
2023-04-05 19:33:09,231 [AppLog] INFO : 自动铺粉正常结束：NewAutoSupplyPowderThread2
2023-04-05 19:33:09,231 [AppLog] INFO : 发送监控指令，拍照记录1条：SendMessageFromSharedMemory
2023-04-05 19:33:09,231 [AppLog] INFO : 执行完成铺粉固化操作：EquipmentMotionLogic3：m_bApplyPowderSupplyMotion:0
2023-04-05 19:33:09,231 [AppLog] INFO : 接收到恢复打印指令：PrintTaskTHREAD
2023-04-05 19:33:09,231 [AppLog] INFO : 获取打印Pass数据：IDP_GetPassItem2：nLayerIndex{3}nPassID{0}nProcState{3}LPPassDataItemb:PrtDir{False}nDataTxCompleteCnt{1}nHwMemAdrMatchMask{1}nLayerIndex{3}nLayerPassCount{6}nLayerPassIndex{0}nMinJet0ImgLinePos{0}nPrtMemHwAddr{System.UInt32[]}nPrtDataOffset{System.UInt32[]}nSrcDataSize{System.UInt32[]}nPrtColBytes{System.UInt32[]}nPrtPrecession{8}nSrcEndCols{8000}nSrcStartCols{0}nStartEncPos{76472}nValidPassJets{1280}nValidPrtCols{8310}nValidPrtCtlCnts{1}pDataBuf{0}pNextItem{694928848}
2023-04-05 19:33:09,246 [AppLog] INFO : 使能Pass打印成功：IDP_DoPassPrint2：nLayerIndex{3}nPassID{0}
2023-04-05 19:33:09,246 [AppLog] INFO : PASS打印前关键状态：DEV_GetDeviceInfo2：nLayerIndex{3}nPassID{0}LPPRINTER_INFO:nXSysEncDPI{0}nStatus{0}nPrintStatus{0}bSuperDevice{0}
LPPRINTER_INFO-LPPrtRunInfo:bJobPrtRuning{False}bLayerPrtIsOver{False}nContReqMemErr{0}nContWDErr{0}nCurPrtDir{0}nDTLayerIndex{0}nDTLayerPassIndex{0}nDTPtrCtlIndex{0}nLayerPassCount{0}nPrintLayerIndex{0}nPrintPassIndex{0}nProcLayerIndex{0}nPrtDataMemAddr{0}nPrtState{0}nReverse{System.Int32[]}nRevPrtCols{0}
LPPRINTER_INFO-LPDRVINFO:nFMVersion{0}nFpgaVersion{0}nPCBVersion{0}nState{0}nNextState{0}nPtvwarnState{0}nCrc32{0}nRevInfo{System.UInt32[]}nSignature{0}
2023-04-05 19:33:09,246 [AppLog] INFO : 进入：EquipmentMotionLogic3=》准备创建对象-手动操作！
2023-04-05 19:33:09,246 [AppLog] INFO : 进入：EquipmentMotionLogic3=》不需重新创建-手动操作！
2023-04-05 19:33:09,246 [AppLog] INFO : 进入：EquipmentMotionLogic3=》赋值完成自-AutoPrintMotion2！
2023-04-05 19:33:09,246 [AppLog] INFO : 进入：EquipmentMotionLogic3=》加载配置文件-LoadJsonFile成功！
2023-04-05 19:33:09,246 [AppLog] INFO : 进入自动清洗过程：AutoCleanThread
2023-04-05 19:33:10,213 [AppLog] INFO : 刮墨轴回零成功：motionMap.SetBackSpreaderAxis(4, 1, 2, -SinkPosition)
2023-04-05 19:33:10,213 [AppLog] INFO : 准备读取编码器位置：Y方向！
2023-04-05 19:33:10,213 [AppLog] INFO : 准备运动，编码器当前位置：DEM_GetAxisEncodeVal：MoveDirectionFlag{false为Y方向：True}CurrentPos{121.33}AimPos{121}
2023-04-05 19:33:10,245 [AppLog] INFO : Y方向运动开始：DEM_Run：返回值{True}nAxis{1}DirFlag{False}nSpeed{200000}MoveStep{-329.999999999998}nCtlValue{0}
2023-04-05 19:33:10,479 [AppLog] INFO : Y方向到位停止：DEM_StopAxisRun：返回值{True}CurrentPos{121.325}bImmeStop{False}nAxisMask{2}
2023-04-05 19:33:10,479 [AppLog] INFO : 准备读取编码器位置：X方向！
2023-04-05 19:33:10,479 [AppLog] INFO : 准备运动，当前位置：DEV_GetPrintEncoderValue：MoveDirectionFlag{false为Y方向：False}CurrentPos{784.625}AimPos{780}
2023-04-05 19:33:10,510 [AppLog] INFO : X方向运动开始：DEM_Run：返回值{True}nAxis{0}DirFlag{False}nSpeed{200000}MoveStep{-4625}nCtlValue{2}
2023-04-05 19:33:10,681 [AppLog] INFO : X方向到位停止：DEM_StopAxisRun：返回值{True}CurrentPos{783.135}bImmeStop{False}nAxisMask{1}
2023-04-05 19:33:11,508 [AppLog] INFO : 开启压墨： motionMap.SetDo(13, true)
2023-04-05 19:33:13,021 [AppLog] INFO : 关闭压墨： motionMap.SetDo(13, true)
2023-04-05 19:33:13,021 [AppLog] INFO : 准备读取编码器位置：X方向！
2023-04-05 19:33:13,021 [AppLog] INFO : 准备运动，当前位置：DEV_GetPrintEncoderValue：MoveDirectionFlag{false为Y方向：False}CurrentPos{780.32}AimPos{680}
2023-04-05 19:33:13,053 [AppLog] INFO : X方向运动开始：DEM_Run：返回值{True}nAxis{0}DirFlag{False}nSpeed{100000}MoveStep{-100320}nCtlValue{2}
2023-04-05 19:33:14,223 [AppLog] INFO : X方向到位停止：DEM_StopAxisRun：返回值{True}CurrentPos{683.63}bImmeStop{False}nAxisMask{1}
2023-04-05 19:33:15,049 [AppLog] INFO : 结束自动清洗过程：AutoCleanThread
2023-04-05 19:33:15,049 [AppLog] INFO : 进入：EquipmentMotionLogic3=》准备创建对象-手动操作！
2023-04-05 19:33:15,049 [AppLog] INFO : 进入：EquipmentMotionLogic3=》不需重新创建-手动操作！
2023-04-05 19:33:15,049 [AppLog] INFO : 进入：EquipmentMotionLogic3=》赋值完成自-AutoPrintMotion2！
2023-04-05 19:33:15,049 [AppLog] INFO : 进入：EquipmentMotionLogic3=》加载配置文件-LoadJsonFile成功！
2023-04-05 19:33:15,049 [AppLog] INFO : 进入：AutoPrintThread2！
2023-04-05 19:33:15,049 [AppLog] INFO : 关闭闪喷操作：IDP_FlashPrtCtl：返回值{True}
2023-04-05 19:33:15,049 [AppLog] INFO : 准备读取编码器位置：Y方向！
2023-04-05 19:33:15,049 [AppLog] INFO : 准备运动，编码器当前位置：DEM_GetAxisEncodeVal：MoveDirectionFlag{false为Y方向：True}CurrentPos{121.005}AimPos{15}
2023-04-05 19:33:15,081 [AppLog] INFO : Y方向运动开始：DEM_Run：返回值{True}nAxis{1}DirFlag{False}nSpeed{200000}MoveStep{-106005}nCtlValue{0}
2023-04-05 19:33:15,081 [AppLog] INFO : 准备读取编码器位置：X方向！
2023-04-05 19:33:15,081 [AppLog] INFO : 准备运动，当前位置：DEV_GetPrintEncoderValue：MoveDirectionFlag{false为Y方向：False}CurrentPos{680.185}AimPos{425}
2023-04-05 19:33:15,112 [AppLog] INFO : X方向运动开始：DEM_Run：返回值{True}nAxis{0}DirFlag{False}nSpeed{200000}MoveStep{-255185}nCtlValue{2}
2023-04-05 19:33:16,750 [AppLog] INFO : X方向到位停止：DEM_StopAxisRun：返回值{True}CurrentPos{429.175}bImmeStop{False}nAxisMask{1}
2023-04-05 19:33:16,750 [AppLog] INFO : 准备读取编码器位置：X方向！
2023-04-05 19:33:16,750 [AppLog] INFO : 准备运动，当前位置：DEV_GetPrintEncoderValue：MoveDirectionFlag{false为Y方向：False}CurrentPos{429.09}AimPos{25}
2023-04-05 19:33:16,781 [AppLog] INFO : X方向运动开始：DEM_Run：返回值{True}nAxis{0}DirFlag{False}nSpeed{150000}MoveStep{-404090}nCtlValue{2}
2023-04-05 19:33:19,729 [AppLog] INFO : X方向到位停止：DEM_StopAxisRun：返回值{True}CurrentPos{24.94}bImmeStop{False}nAxisMask{1}
2023-04-05 19:33:19,729 [AppLog] INFO : 准备读取编码器位置：Y方向！
2023-04-05 19:33:19,729 [AppLog] INFO : 准备运动，编码器当前位置：DEM_GetAxisEncodeVal：MoveDirectionFlag{false为Y方向：True}CurrentPos{15.135}AimPos{69}
2023-04-05 19:33:19,776 [AppLog] INFO : Y方向运动开始：DEM_Run：返回值{True}nAxis{1}DirFlag{True}nSpeed{150000}MoveStep{53865}nCtlValue{0}
2023-04-05 19:33:20,119 [AppLog] INFO : Y方向到位停止：DEM_StopAxisRun：返回值{True}CurrentPos{45.65}bImmeStop{False}nAxisMask{2}
2023-04-05 19:33:20,119 [AppLog] INFO : 获取打印Pass数据：IDP_GetPassItem2：nLayerIndex{3}nPassID{1}nProcState{3}LPPassDataItemb:PrtDir{True}nDataTxCompleteCnt{1}nHwMemAdrMatchMask{1}nLayerIndex{3}nLayerPassCount{6}nLayerPassIndex{1}nMinJet0ImgLinePos{1280}nPrtMemHwAddr{System.UInt32[]}nPrtDataOffset{System.UInt32[]}nSrcDataSize{System.UInt32[]}nPrtColBytes{System.UInt32[]}nPrtPrecession{8}nSrcEndCols{8000}nSrcStartCols{0}nStartEncPos{10000}nValidPassJets{1280}nValidPrtCols{8310}nValidPrtCtlCnts{1}pDataBuf{0}pNextItem{694929008}
2023-04-05 19:33:20,135 [AppLog] INFO : 使能Pass打印成功：IDP_DoPassPrint2：nLayerIndex{3}nPassID{1}
2023-04-05 19:33:20,135 [AppLog] INFO : PASS打印前关键状态：DEV_GetDeviceInfo2：nLayerIndex{3}nPassID{1}LPPRINTER_INFO:nXSysEncDPI{0}nStatus{0}nPrintStatus{0}bSuperDevice{0}
LPPRINTER_INFO-LPPrtRunInfo:bJobPrtRuning{False}bLayerPrtIsOver{False}nContReqMemErr{0}nContWDErr{0}nCurPrtDir{0}nDTLayerIndex{0}nDTLayerPassIndex{0}nDTPtrCtlIndex{0}nLayerPassCount{0}nPrintLayerIndex{0}nPrintPassIndex{0}nProcLayerIndex{0}nPrtDataMemAddr{0}nPrtState{0}nReverse{System.Int32[]}nRevPrtCols{0}
LPPRINTER_INFO-LPDRVINFO:nFMVersion{0}nFpgaVersion{0}nPCBVersion{0}nState{0}nNextState{0}nPtvwarnState{0}nCrc32{0}nRevInfo{System.UInt32[]}nSignature{0}
2023-04-05 19:33:20,135 [AppLog] INFO : 进入：EquipmentMotionLogic3=》准备创建对象-手动操作！
2023-04-05 19:33:20,135 [AppLog] INFO : 进入：EquipmentMotionLogic3=》不需重新创建-手动操作！
2023-04-05 19:33:20,135 [AppLog] INFO : 进入：EquipmentMotionLogic3=》赋值完成自-AutoPrintMotion2！
2023-04-05 19:33:20,135 [AppLog] INFO : 进入：EquipmentMotionLogic3=》加载配置文件-LoadJsonFile成功！
2023-04-05 19:33:20,135 [AppLog] INFO : 进入：AutoPrintThread2！
2023-04-05 19:33:20,135 [AppLog] INFO : 准备读取编码器位置：X方向！
2023-04-05 19:33:20,135 [AppLog] INFO : 准备运动，当前位置：DEV_GetPrintEncoderValue：MoveDirectionFlag{false为Y方向：False}CurrentPos{21.92}AimPos{425}
2023-04-05 19:33:20,166 [AppLog] INFO : X方向运动开始：DEM_Run：返回值{True}nAxis{0}DirFlag{True}nSpeed{150000}MoveStep{403080}nCtlValue{2}
2023-04-05 19:33:23,099 [AppLog] INFO : X方向到位停止：DEM_StopAxisRun：返回值{True}CurrentPos{419.595}bImmeStop{False}nAxisMask{1}
2023-04-05 19:33:23,099 [AppLog] INFO : 准备读取编码器位置：Y方向！
2023-04-05 19:33:23,099 [AppLog] INFO : 准备运动，编码器当前位置：DEM_GetAxisEncodeVal：MoveDirectionFlag{false为Y方向：True}CurrentPos{68.975}AimPos{123}
2023-04-05 19:33:23,130 [AppLog] INFO : Y方向运动开始：DEM_Run：返回值{True}nAxis{1}DirFlag{True}nSpeed{150000}MoveStep{54025}nCtlValue{0}
2023-04-05 19:33:23,473 [AppLog] INFO : Y方向到位停止：DEM_StopAxisRun：返回值{True}CurrentPos{98.565}bImmeStop{False}nAxisMask{2}
2023-04-05 19:33:23,473 [AppLog] INFO : 获取打印Pass数据：IDP_GetPassItem2：nLayerIndex{3}nPassID{2}nProcState{3}LPPassDataItemb:PrtDir{False}nDataTxCompleteCnt{1}nHwMemAdrMatchMask{1}nLayerIndex{3}nLayerPassCount{6}nLayerPassIndex{2}nMinJet0ImgLinePos{2560}nPrtMemHwAddr{System.UInt32[]}nPrtDataOffset{System.UInt32[]}nSrcDataSize{System.UInt32[]}nPrtColBytes{System.UInt32[]}nPrtPrecession{8}nSrcEndCols{8000}nSrcStartCols{0}nStartEncPos{76472}nValidPassJets{1280}nValidPrtCols{8310}nValidPrtCtlCnts{1}pDataBuf{0}pNextItem{694929168}
2023-04-05 19:33:23,489 [AppLog] INFO : 使能Pass打印成功：IDP_DoPassPrint2：nLayerIndex{3}nPassID{2}
2023-04-05 19:33:23,489 [AppLog] INFO : PASS打印前关键状态：DEV_GetDeviceInfo2：nLayerIndex{3}nPassID{2}LPPRINTER_INFO:nXSysEncDPI{0}nStatus{0}nPrintStatus{0}bSuperDevice{0}
LPPRINTER_INFO-LPPrtRunInfo:bJobPrtRuning{False}bLayerPrtIsOver{False}nContReqMemErr{0}nContWDErr{0}nCurPrtDir{0}nDTLayerIndex{0}nDTLayerPassIndex{0}nDTPtrCtlIndex{0}nLayerPassCount{0}nPrintLayerIndex{0}nPrintPassIndex{0}nProcLayerIndex{0}nPrtDataMemAddr{0}nPrtState{0}nReverse{System.Int32[]}nRevPrtCols{0}
LPPRINTER_INFO-LPDRVINFO:nFMVersion{0}nFpgaVersion{0}nPCBVersion{0}nState{0}nNextState{0}nPtvwarnState{0}nCrc32{0}nRevInfo{System.UInt32[]}nSignature{0}
2023-04-05 19:33:23,489 [AppLog] INFO : 进入：EquipmentMotionLogic3=》准备创建对象-手动操作！
2023-04-05 19:33:23,489 [AppLog] INFO : 进入：EquipmentMotionLogic3=》不需重新创建-手动操作！
2023-04-05 19:33:23,489 [AppLog] INFO : 进入：EquipmentMotionLogic3=》赋值完成自-AutoPrintMotion2！
2023-04-05 19:33:23,489 [AppLog] INFO : 进入：EquipmentMotionLogic3=》加载配置文件-LoadJsonFile成功！
2023-04-05 19:33:23,489 [AppLog] INFO : 进入：AutoPrintThread2！
2023-04-05 19:33:23,489 [AppLog] INFO : 准备读取编码器位置：X方向！
2023-04-05 19:33:23,489 [AppLog] INFO : 准备运动，当前位置：DEV_GetPrintEncoderValue：MoveDirectionFlag{false为Y方向：False}CurrentPos{423.555}AimPos{25}
2023-04-05 19:33:23,520 [AppLog] INFO : X方向运动开始：DEM_Run：返回值{True}nAxis{0}DirFlag{False}nSpeed{150000}MoveStep{-398555}nCtlValue{2}
2023-04-05 19:33:26,422 [AppLog] INFO : X方向到位停止：DEM_StopAxisRun：返回值{True}CurrentPos{30.315}bImmeStop{False}nAxisMask{1}
2023-04-05 19:33:26,422 [AppLog] INFO : 准备读取编码器位置：Y方向！
2023-04-05 19:33:26,422 [AppLog] INFO : 准备运动，编码器当前位置：DEM_GetAxisEncodeVal：MoveDirectionFlag{false为Y方向：True}CurrentPos{122.875}AimPos{177}
2023-04-05 19:33:26,453 [AppLog] INFO : Y方向运动开始：DEM_Run：返回值{True}nAxis{1}DirFlag{True}nSpeed{150000}MoveStep{54125}nCtlValue{0}
2023-04-05 19:33:26,796 [AppLog] INFO : Y方向到位停止：DEM_StopAxisRun：返回值{True}CurrentPos{152.205}bImmeStop{False}nAxisMask{2}
2023-04-05 19:33:26,796 [AppLog] INFO : 获取打印Pass数据：IDP_GetPassItem2：nLayerIndex{3}nPassID{3}nProcState{3}LPPassDataItemb:PrtDir{True}nDataTxCompleteCnt{1}nHwMemAdrMatchMask{1}nLayerIndex{3}nLayerPassCount{6}nLayerPassIndex{3}nMinJet0ImgLinePos{3840}nPrtMemHwAddr{System.UInt32[]}nPrtDataOffset{System.UInt32[]}nSrcDataSize{System.UInt32[]}nPrtColBytes{System.UInt32[]}nPrtPrecession{8}nSrcEndCols{8000}nSrcStartCols{0}nStartEncPos{10000}nValidPassJets{1280}nValidPrtCols{8310}nValidPrtCtlCnts{1}pDataBuf{0}pNextItem{694929328}
2023-04-05 19:33:26,827 [AppLog] INFO : 使能Pass打印成功：IDP_DoPassPrint2：nLayerIndex{3}nPassID{3}
2023-04-05 19:33:26,827 [AppLog] INFO : PASS打印前关键状态：DEV_GetDeviceInfo2：nLayerIndex{3}nPassID{3}LPPRINTER_INFO:nXSysEncDPI{0}nStatus{0}nPrintStatus{0}bSuperDevice{0}
LPPRINTER_INFO-LPPrtRunInfo:bJobPrtRuning{False}bLayerPrtIsOver{False}nContReqMemErr{0}nContWDErr{0}nCurPrtDir{0}nDTLayerIndex{0}nDTLayerPassIndex{0}nDTPtrCtlIndex{0}nLayerPassCount{0}nPrintLayerIndex{0}nPrintPassIndex{0}nProcLayerIndex{0}nPrtDataMemAddr{0}nPrtState{0}nReverse{System.Int32[]}nRevPrtCols{0}
LPPRINTER_INFO-LPDRVINFO:nFMVersion{0}nFpgaVersion{0}nPCBVersion{0}nState{0}nNextState{0}nPtvwarnState{0}nCrc32{0}nRevInfo{System.UInt32[]}nSignature{0}
2023-04-05 19:33:26,827 [AppLog] INFO : 进入：EquipmentMotionLogic3=》准备创建对象-手动操作！
2023-04-05 19:33:26,827 [AppLog] INFO : 进入：EquipmentMotionLogic3=》不需重新创建-手动操作！
2023-04-05 19:33:26,827 [AppLog] INFO : 进入：EquipmentMotionLogic3=》赋值完成自-AutoPrintMotion2！
2023-04-05 19:33:26,827 [AppLog] INFO : 进入：EquipmentMotionLogic3=》加载配置文件-LoadJsonFile成功！
2023-04-05 19:33:26,827 [AppLog] INFO : 进入：AutoPrintThread2！
2023-04-05 19:33:26,827 [AppLog] INFO : 准备读取编码器位置：X方向！
2023-04-05 19:33:26,827 [AppLog] INFO : 准备运动，当前位置：DEV_GetPrintEncoderValue：MoveDirectionFlag{false为Y方向：False}CurrentPos{26.385}AimPos{425}
2023-04-05 19:33:26,859 [AppLog] INFO : X方向运动开始：DEM_Run：返回值{True}nAxis{0}DirFlag{True}nSpeed{150000}MoveStep{398615}nCtlValue{2}
2023-04-05 19:33:29,776 [AppLog] INFO : X方向到位停止：DEM_StopAxisRun：返回值{True}CurrentPos{419.785}bImmeStop{False}nAxisMask{1}
2023-04-05 19:33:29,776 [AppLog] INFO : 准备读取编码器位置：Y方向！
2023-04-05 19:33:29,776 [AppLog] INFO : 准备运动，编码器当前位置：DEM_GetAxisEncodeVal：MoveDirectionFlag{false为Y方向：True}CurrentPos{176.86}AimPos{231}
2023-04-05 19:33:29,807 [AppLog] INFO : Y方向运动开始：DEM_Run：返回值{True}nAxis{1}DirFlag{True}nSpeed{150000}MoveStep{54140}nCtlValue{0}
2023-04-05 19:33:30,150 [AppLog] INFO : Y方向到位停止：DEM_StopAxisRun：返回值{True}CurrentPos{205.94}bImmeStop{False}nAxisMask{2}
2023-04-05 19:33:30,150 [AppLog] INFO : 获取打印Pass数据：IDP_GetPassItem2：nLayerIndex{3}nPassID{4}nProcState{3}LPPassDataItemb:PrtDir{False}nDataTxCompleteCnt{1}nHwMemAdrMatchMask{1}nLayerIndex{3}nLayerPassCount{6}nLayerPassIndex{4}nMinJet0ImgLinePos{5120}nPrtMemHwAddr{System.UInt32[]}nPrtDataOffset{System.UInt32[]}nSrcDataSize{System.UInt32[]}nPrtColBytes{System.UInt32[]}nPrtPrecession{8}nSrcEndCols{8000}nSrcStartCols{0}nStartEncPos{76472}nValidPassJets{1280}nValidPrtCols{8310}nValidPrtCtlCnts{1}pDataBuf{0}pNextItem{694929488}
2023-04-05 19:33:30,166 [AppLog] INFO : 使能Pass打印成功：IDP_DoPassPrint2：nLayerIndex{3}nPassID{4}
2023-04-05 19:33:30,166 [AppLog] INFO : PASS打印前关键状态：DEV_GetDeviceInfo2：nLayerIndex{3}nPassID{4}LPPRINTER_INFO:nXSysEncDPI{0}nStatus{0}nPrintStatus{0}bSuperDevice{0}
LPPRINTER_INFO-LPPrtRunInfo:bJobPrtRuning{False}bLayerPrtIsOver{False}nContReqMemErr{0}nContWDErr{0}nCurPrtDir{0}nDTLayerIndex{0}nDTLayerPassIndex{0}nDTPtrCtlIndex{0}nLayerPassCount{0}nPrintLayerIndex{0}nPrintPassIndex{0}nProcLayerIndex{0}nPrtDataMemAddr{0}nPrtState{0}nReverse{System.Int32[]}nRevPrtCols{0}
LPPRINTER_INFO-LPDRVINFO:nFMVersion{0}nFpgaVersion{0}nPCBVersion{0}nState{0}nNextState{0}nPtvwarnState{0}nCrc32{0}nRevInfo{System.UInt32[]}nSignature{0}
2023-04-05 19:33:30,166 [AppLog] INFO : 进入：EquipmentMotionLogic3=》准备创建对象-手动操作！
2023-04-05 19:33:30,166 [AppLog] INFO : 进入：EquipmentMotionLogic3=》不需重新创建-手动操作！
2023-04-05 19:33:30,166 [AppLog] INFO : 进入：EquipmentMotionLogic3=》赋值完成自-AutoPrintMotion2！
2023-04-05 19:33:30,166 [AppLog] INFO : 进入：EquipmentMotionLogic3=》加载配置文件-LoadJsonFile成功！
2023-04-05 19:33:30,166 [AppLog] INFO : 进入：AutoPrintThread2！
2023-04-05 19:33:30,166 [AppLog] INFO : 准备读取编码器位置：X方向！
2023-04-05 19:33:30,166 [AppLog] INFO : 准备运动，当前位置：DEV_GetPrintEncoderValue：MoveDirectionFlag{false为Y方向：False}CurrentPos{423.6}AimPos{25}
2023-04-05 19:33:30,197 [AppLog] INFO : X方向运动开始：DEM_Run：返回值{True}nAxis{0}DirFlag{False}nSpeed{150000}MoveStep{-398600}nCtlValue{2}
2023-04-05 19:33:33,099 [AppLog] INFO : X方向到位停止：DEM_StopAxisRun：返回值{True}CurrentPos{30.895}bImmeStop{False}nAxisMask{1}
2023-04-05 19:33:33,099 [AppLog] INFO : 准备读取编码器位置：Y方向！
2023-04-05 19:33:33,114 [AppLog] INFO : 准备运动，编码器当前位置：DEM_GetAxisEncodeVal：MoveDirectionFlag{false为Y方向：True}CurrentPos{230.925}AimPos{285}
2023-04-05 19:33:33,145 [AppLog] INFO : Y方向运动开始：DEM_Run：返回值{True}nAxis{1}DirFlag{True}nSpeed{150000}MoveStep{54075}nCtlValue{0}
2023-04-05 19:33:33,489 [AppLog] INFO : Y方向到位停止：DEM_StopAxisRun：返回值{True}CurrentPos{260.04}bImmeStop{False}nAxisMask{2}
2023-04-05 19:33:33,489 [AppLog] INFO : 获取打印Pass数据：IDP_GetPassItem2：nLayerIndex{3}nPassID{5}nProcState{3}LPPassDataItemb:PrtDir{True}nDataTxCompleteCnt{1}nHwMemAdrMatchMask{1}nLayerIndex{3}nLayerPassCount{6}nLayerPassIndex{5}nMinJet0ImgLinePos{6400}nPrtMemHwAddr{System.UInt32[]}nPrtDataOffset{System.UInt32[]}nSrcDataSize{System.UInt32[]}nPrtColBytes{System.UInt32[]}nPrtPrecession{8}nSrcEndCols{8000}nSrcStartCols{0}nStartEncPos{10000}nValidPassJets{1280}nValidPrtCols{8310}nValidPrtCtlCnts{1}pDataBuf{0}pNextItem{0}
2023-04-05 19:33:33,504 [AppLog] INFO : 使能Pass打印成功：IDP_DoPassPrint2：nLayerIndex{3}nPassID{5}
2023-04-05 19:33:33,504 [AppLog] INFO : PASS打印前关键状态：DEV_GetDeviceInfo2：nLayerIndex{3}nPassID{5}LPPRINTER_INFO:nXSysEncDPI{0}nStatus{0}nPrintStatus{0}bSuperDevice{0}
LPPRINTER_INFO-LPPrtRunInfo:bJobPrtRuning{False}bLayerPrtIsOver{False}nContReqMemErr{0}nContWDErr{0}nCurPrtDir{0}nDTLayerIndex{0}nDTLayerPassIndex{0}nDTPtrCtlIndex{0}nLayerPassCount{0}nPrintLayerIndex{0}nPrintPassIndex{0}nProcLayerIndex{0}nPrtDataMemAddr{0}nPrtState{0}nReverse{System.Int32[]}nRevPrtCols{0}
LPPRINTER_INFO-LPDRVINFO:nFMVersion{0}nFpgaVersion{0}nPCBVersion{0}nState{0}nNextState{0}nPtvwarnState{0}nCrc32{0}nRevInfo{System.UInt32[]}nSignature{0}
2023-04-05 19:33:33,504 [AppLog] INFO : 进入：EquipmentMotionLogic3=》准备创建对象-手动操作！
2023-04-05 19:33:33,504 [AppLog] INFO : 进入：EquipmentMotionLogic3=》不需重新创建-手动操作！
2023-04-05 19:33:33,504 [AppLog] INFO : 进入：EquipmentMotionLogic3=》赋值完成自-AutoPrintMotion2！
2023-04-05 19:33:33,504 [AppLog] INFO : 进入：EquipmentMotionLogic3=》加载配置文件-LoadJsonFile成功！
2023-04-05 19:33:33,504 [AppLog] INFO : 进入：AutoPrintThread2！
2023-04-05 19:33:33,504 [AppLog] INFO : 准备读取编码器位置：X方向！
2023-04-05 19:33:33,504 [AppLog] INFO : 准备运动，当前位置：DEV_GetPrintEncoderValue：MoveDirectionFlag{false为Y方向：False}CurrentPos{26.42}AimPos{425}
2023-04-05 19:33:33,535 [AppLog] INFO : X方向运动开始：DEM_Run：返回值{True}nAxis{0}DirFlag{True}nSpeed{150000}MoveStep{398580}nCtlValue{2}
2023-04-05 19:33:36,437 [AppLog] INFO : X方向到位停止：DEM_StopAxisRun：返回值{True}CurrentPos{418.71}bImmeStop{False}nAxisMask{1}
2023-04-05 19:33:36,437 [AppLog] INFO : 准备读取编码器位置：X方向！
2023-04-05 19:33:36,437 [AppLog] INFO : 准备运动，当前位置：DEV_GetPrintEncoderValue：MoveDirectionFlag{false为Y方向：False}CurrentPos{418.91}AimPos{780}
2023-04-05 19:33:36,468 [AppLog] INFO : X方向运动开始：DEM_Run：返回值{True}nAxis{0}DirFlag{True}nSpeed{200000}MoveStep{361090}nCtlValue{2}
2023-04-05 19:33:36,468 [AppLog] INFO : 准备读取编码器位置：Y方向！
2023-04-05 19:33:36,468 [AppLog] INFO : 准备运动，编码器当前位置：DEM_GetAxisEncodeVal：MoveDirectionFlag{false为Y方向：True}CurrentPos{284.895}AimPos{121}
2023-04-05 19:33:36,499 [AppLog] INFO : Y方向运动开始：DEM_Run：返回值{True}nAxis{1}DirFlag{False}nSpeed{200000}MoveStep{-163895}nCtlValue{0}
2023-04-05 19:33:38,621 [AppLog] INFO : Y方向到位等停：DEM_StopAxisRun：返回值{True}bImmeStop{False}nAxisMask{1}
2023-04-05 19:33:38,621 [AppLog] INFO : X方向到位等停：DEM_StopAxisRun：返回值{True}bImmeStop{False}nAxisMask{2}
2023-04-05 19:33:38,637 [AppLog] INFO : 开启闪喷操作：IDP_FlashPrtCtl：返回值{True}
2023-04-05 19:33:38,637 [AppLog] INFO : 接收到恢复打印指令：PrintTaskTHREAD
2023-04-05 19:33:38,652 [AppLog] INFO : 获取打印Pass数据：IDP_GetPassItem2：nLayerIndex{4}nPassID{0}nProcState{3}LPPassDataItemb:PrtDir{False}nDataTxCompleteCnt{1}nHwMemAdrMatchMask{1}nLayerIndex{4}nLayerPassCount{6}nLayerPassIndex{0}nMinJet0ImgLinePos{0}nPrtMemHwAddr{System.UInt32[]}nPrtDataOffset{System.UInt32[]}nSrcDataSize{System.UInt32[]}nPrtColBytes{System.UInt32[]}nPrtPrecession{8}nSrcEndCols{8000}nSrcStartCols{0}nStartEncPos{76472}nValidPassJets{1280}nValidPrtCols{8310}nValidPrtCtlCnts{1}pDataBuf{0}pNextItem{694929808}
2023-04-05 19:33:38,652 [AppLog] INFO : 使能Pass打印成功：IDP_DoPassPrint2：nLayerIndex{4}nPassID{0}
2023-04-05 19:33:38,652 [AppLog] INFO : PASS打印前关键状态：DEV_GetDeviceInfo2：nLayerIndex{4}nPassID{0}LPPRINTER_INFO:nXSysEncDPI{0}nStatus{0}nPrintStatus{0}bSuperDevice{0}
LPPRINTER_INFO-LPPrtRunInfo:bJobPrtRuning{False}bLayerPrtIsOver{False}nContReqMemErr{0}nContWDErr{0}nCurPrtDir{0}nDTLayerIndex{0}nDTLayerPassIndex{0}nDTPtrCtlIndex{0}nLayerPassCount{0}nPrintLayerIndex{0}nPrintPassIndex{0}nProcLayerIndex{0}nPrtDataMemAddr{0}nPrtState{0}nReverse{System.Int32[]}nRevPrtCols{0}
LPPRINTER_INFO-LPDRVINFO:nFMVersion{0}nFpgaVersion{0}nPCBVersion{0}nState{0}nNextState{0}nPtvwarnState{0}nCrc32{0}nRevInfo{System.UInt32[]}nSignature{0}
2023-04-05 19:33:38,652 [AppLog] INFO : 进入：EquipmentMotionLogic3=》准备创建对象-手动操作！
2023-04-05 19:33:38,652 [AppLog] INFO : 进入：EquipmentMotionLogic3=》不需重新创建-手动操作！
2023-04-05 19:33:38,652 [AppLog] INFO : 进入：EquipmentMotionLogic3=》赋值完成自-AutoPrintMotion2！
2023-04-05 19:33:38,652 [AppLog] INFO : 进入：EquipmentMotionLogic3=》加载配置文件-LoadJsonFile成功！
2023-04-05 19:33:38,652 [AppLog] INFO : 进入自动清洗过程：AutoCleanThread
2023-04-05 19:33:39,635 [AppLog] INFO : 刮墨轴回零成功：motionMap.SetBackSpreaderAxis(4, 1, 2, -SinkPosition)
2023-04-05 19:33:39,635 [AppLog] INFO : 准备读取编码器位置：Y方向！
2023-04-05 19:33:39,635 [AppLog] INFO : 准备运动，编码器当前位置：DEM_GetAxisEncodeVal：MoveDirectionFlag{false为Y方向：True}CurrentPos{121.325}AimPos{121}
2023-04-05 19:33:39,666 [AppLog] INFO : Y方向运动开始：DEM_Run：返回值{True}nAxis{1}DirFlag{False}nSpeed{200000}MoveStep{-325.000000000003}nCtlValue{0}
2023-04-05 19:33:39,822 [AppLog] INFO : Y方向到位停止：DEM_StopAxisRun：返回值{True}CurrentPos{121.33}bImmeStop{False}nAxisMask{2}
2023-04-05 19:33:39,822 [AppLog] INFO : 准备读取编码器位置：X方向！
2023-04-05 19:33:39,822 [AppLog] INFO : 准备运动，当前位置：DEV_GetPrintEncoderValue：MoveDirectionFlag{false为Y方向：False}CurrentPos{784.625}AimPos{780}
2023-04-05 19:33:39,854 [AppLog] INFO : X方向运动开始：DEM_Run：返回值{True}nAxis{0}DirFlag{False}nSpeed{200000}MoveStep{-4625}nCtlValue{2}
2023-04-05 19:33:40,041 [AppLog] INFO : X方向到位停止：DEM_StopAxisRun：返回值{True}CurrentPos{782.61}bImmeStop{False}nAxisMask{1}
2023-04-05 19:33:40,868 [AppLog] INFO : 开启压墨： motionMap.SetDo(13, true)
2023-04-05 19:33:42,381 [AppLog] INFO : 关闭压墨： motionMap.SetDo(13, true)
2023-04-05 19:33:42,381 [AppLog] INFO : 准备读取编码器位置：X方向！
2023-04-05 19:33:42,381 [AppLog] INFO : 准备运动，当前位置：DEV_GetPrintEncoderValue：MoveDirectionFlag{false为Y方向：False}CurrentPos{780.315}AimPos{680}
2023-04-05 19:33:42,412 [AppLog] INFO : X方向运动开始：DEM_Run：返回值{True}nAxis{0}DirFlag{False}nSpeed{100000}MoveStep{-100315}nCtlValue{2}
2023-04-05 19:33:43,582 [AppLog] INFO : X方向到位停止：DEM_StopAxisRun：返回值{True}CurrentPos{683.615}bImmeStop{False}nAxisMask{1}
2023-04-05 19:33:44,409 [AppLog] INFO : 结束自动清洗过程：AutoCleanThread
2023-04-05 19:33:44,409 [AppLog] INFO : 进入：EquipmentMotionLogic3=》准备创建对象-手动操作！
2023-04-05 19:33:44,409 [AppLog] INFO : 进入：EquipmentMotionLogic3=》不需重新创建-手动操作！
2023-04-05 19:33:44,409 [AppLog] INFO : 进入：EquipmentMotionLogic3=》赋值完成自-AutoPrintMotion2！
2023-04-05 19:33:44,409 [AppLog] INFO : 进入：EquipmentMotionLogic3=》加载配置文件-LoadJsonFile成功！
2023-04-05 19:33:44,409 [AppLog] INFO : 进入：AutoPrintThread2！
2023-04-05 19:33:44,424 [AppLog] INFO : 关闭闪喷操作：IDP_FlashPrtCtl：返回值{True}
2023-04-05 19:33:44,424 [AppLog] INFO : 准备读取编码器位置：Y方向！
2023-04-05 19:33:44,424 [AppLog] INFO : 准备运动，编码器当前位置：DEM_GetAxisEncodeVal：MoveDirectionFlag{false为Y方向：True}CurrentPos{121.02}AimPos{15}
2023-04-05 19:33:44,456 [AppLog] INFO : Y方向运动开始：DEM_Run：返回值{True}nAxis{1}DirFlag{False}nSpeed{200000}MoveStep{-106020}nCtlValue{0}
2023-04-05 19:33:44,456 [AppLog] INFO : 准备读取编码器位置：X方向！
2023-04-05 19:33:44,471 [AppLog] INFO : 准备运动，当前位置：DEV_GetPrintEncoderValue：MoveDirectionFlag{false为Y方向：False}CurrentPos{680.205}AimPos{425}
2023-04-05 19:33:44,502 [AppLog] INFO : X方向运动开始：DEM_Run：返回值{True}nAxis{0}DirFlag{False}nSpeed{200000}MoveStep{-255205}nCtlValue{2}
2023-04-05 19:33:46,140 [AppLog] INFO : X方向到位停止：DEM_StopAxisRun：返回值{True}CurrentPos{428.6}bImmeStop{False}nAxisMask{1}
2023-04-05 19:33:46,140 [AppLog] INFO : 准备读取编码器位置：X方向！
2023-04-05 19:33:46,156 [AppLog] INFO : 准备运动，当前位置：DEV_GetPrintEncoderValue：MoveDirectionFlag{false为Y方向：False}CurrentPos{428.52}AimPos{25}
2023-04-05 19:33:46,187 [AppLog] INFO : X方向运动开始：DEM_Run：返回值{True}nAxis{0}DirFlag{False}nSpeed{150000}MoveStep{-403520}nCtlValue{2}
2023-04-05 19:33:49,120 [AppLog] INFO : X方向到位停止：DEM_StopAxisRun：返回值{True}CurrentPos{26.305}bImmeStop{False}nAxisMask{1}
2023-04-05 19:33:49,120 [AppLog] INFO : 准备读取编码器位置：Y方向！
2023-04-05 19:33:49,120 [AppLog] INFO : 准备运动，编码器当前位置：DEM_GetAxisEncodeVal：MoveDirectionFlag{false为Y方向：True}CurrentPos{15.125}AimPos{69}
2023-04-05 19:33:49,151 [AppLog] INFO : Y方向运动开始：DEM_Run：返回值{True}nAxis{1}DirFlag{True}nSpeed{150000}MoveStep{53875}nCtlValue{0}
2023-04-05 19:33:49,494 [AppLog] INFO : Y方向到位停止：DEM_StopAxisRun：返回值{True}CurrentPos{44.725}bImmeStop{False}nAxisMask{2}
2023-04-05 19:33:49,494 [AppLog] INFO : 获取打印Pass数据：IDP_GetPassItem2：nLayerIndex{4}nPassID{1}nProcState{3}LPPassDataItemb:PrtDir{True}nDataTxCompleteCnt{1}nHwMemAdrMatchMask{1}nLayerIndex{4}nLayerPassCount{6}nLayerPassIndex{1}nMinJet0ImgLinePos{1280}nPrtMemHwAddr{System.UInt32[]}nPrtDataOffset{System.UInt32[]}nSrcDataSize{System.UInt32[]}nPrtColBytes{System.UInt32[]}nPrtPrecession{8}nSrcEndCols{8000}nSrcStartCols{0}nStartEncPos{10000}nValidPassJets{1280}nValidPrtCols{8310}nValidPrtCtlCnts{1}pDataBuf{0}pNextItem{694929968}
2023-04-05 19:33:49,510 [AppLog] INFO : 使能Pass打印成功：IDP_DoPassPrint2：nLayerIndex{4}nPassID{1}
2023-04-05 19:33:49,510 [AppLog] INFO : PASS打印前关键状态：DEV_GetDeviceInfo2：nLayerIndex{4}nPassID{1}LPPRINTER_INFO:nXSysEncDPI{0}nStatus{0}nPrintStatus{0}bSuperDevice{0}
LPPRINTER_INFO-LPPrtRunInfo:bJobPrtRuning{False}bLayerPrtIsOver{False}nContReqMemErr{0}nContWDErr{0}nCurPrtDir{0}nDTLayerIndex{0}nDTLayerPassIndex{0}nDTPtrCtlIndex{0}nLayerPassCount{0}nPrintLayerIndex{0}nPrintPassIndex{0}nProcLayerIndex{0}nPrtDataMemAddr{0}nPrtState{0}nReverse{System.Int32[]}nRevPrtCols{0}
LPPRINTER_INFO-LPDRVINFO:nFMVersion{0}nFpgaVersion{0}nPCBVersion{0}nState{0}nNextState{0}nPtvwarnState{0}nCrc32{0}nRevInfo{System.UInt32[]}nSignature{0}
2023-04-05 19:33:49,510 [AppLog] INFO : 进入：EquipmentMotionLogic3=》准备创建对象-手动操作！
2023-04-05 19:33:49,510 [AppLog] INFO : 进入：EquipmentMotionLogic3=》不需重新创建-手动操作！
2023-04-05 19:33:49,510 [AppLog] INFO : 进入：EquipmentMotionLogic3=》赋值完成自-AutoPrintMotion2！
2023-04-05 19:33:49,510 [AppLog] INFO : 进入：EquipmentMotionLogic3=》加载配置文件-LoadJsonFile成功！
2023-04-05 19:33:49,510 [AppLog] INFO : 进入：AutoPrintThread2！
2023-04-05 19:33:49,510 [AppLog] INFO : 准备读取编码器位置：X方向！
2023-04-05 19:33:49,510 [AppLog] INFO : 准备运动，当前位置：DEV_GetPrintEncoderValue：MoveDirectionFlag{false为Y方向：False}CurrentPos{22.465}AimPos{425}
2023-04-05 19:33:49,541 [AppLog] INFO : X方向运动开始：DEM_Run：返回值{True}nAxis{0}DirFlag{True}nSpeed{150000}MoveStep{402535}nCtlValue{2}
2023-04-05 19:33:52,474 [AppLog] INFO : X方向到位停止：DEM_StopAxisRun：返回值{True}CurrentPos{419.985}bImmeStop{False}nAxisMask{1}
2023-04-05 19:33:52,474 [AppLog] INFO : 准备读取编码器位置：Y方向！
2023-04-05 19:33:52,474 [AppLog] INFO : 准备运动，编码器当前位置：DEM_GetAxisEncodeVal：MoveDirectionFlag{false为Y方向：True}CurrentPos{68.97}AimPos{123}
2023-04-05 19:33:52,505 [AppLog] INFO : Y方向运动开始：DEM_Run：返回值{True}nAxis{1}DirFlag{True}nSpeed{150000}MoveStep{54030}nCtlValue{0}
2023-04-05 19:33:52,848 [AppLog] INFO : Y方向到位停止：DEM_StopAxisRun：返回值{True}CurrentPos{98.575}bImmeStop{False}nAxisMask{2}
2023-04-05 19:33:52,848 [AppLog] INFO : 获取打印Pass数据：IDP_GetPassItem2：nLayerIndex{4}nPassID{2}nProcState{3}LPPassDataItemb:PrtDir{False}nDataTxCompleteCnt{1}nHwMemAdrMatchMask{1}nLayerIndex{4}nLayerPassCount{6}nLayerPassIndex{2}nMinJet0ImgLinePos{2560}nPrtMemHwAddr{System.UInt32[]}nPrtDataOffset{System.UInt32[]}nSrcDataSize{System.UInt32[]}nPrtColBytes{System.UInt32[]}nPrtPrecession{8}nSrcEndCols{8000}nSrcStartCols{0}nStartEncPos{76472}nValidPassJets{1280}nValidPrtCols{8310}nValidPrtCtlCnts{1}pDataBuf{0}pNextItem{694930128}
2023-04-05 19:33:52,848 [AppLog] INFO : 使能Pass打印成功：IDP_DoPassPrint2：nLayerIndex{4}nPassID{2}
2023-04-05 19:33:52,864 [AppLog] INFO : PASS打印前关键状态：DEV_GetDeviceInfo2：nLayerIndex{4}nPassID{2}LPPRINTER_INFO:nXSysEncDPI{0}nStatus{0}nPrintStatus{0}bSuperDevice{0}
LPPRINTER_INFO-LPPrtRunInfo:bJobPrtRuning{False}bLayerPrtIsOver{False}nContReqMemErr{0}nContWDErr{0}nCurPrtDir{0}nDTLayerIndex{0}nDTLayerPassIndex{0}nDTPtrCtlIndex{0}nLayerPassCount{0}nPrintLayerIndex{0}nPrintPassIndex{0}nProcLayerIndex{0}nPrtDataMemAddr{0}nPrtState{0}nReverse{System.Int32[]}nRevPrtCols{0}
LPPRINTER_INFO-LPDRVINFO:nFMVersion{0}nFpgaVersion{0}nPCBVersion{0}nState{0}nNextState{0}nPtvwarnState{0}nCrc32{0}nRevInfo{System.UInt32[]}nSignature{0}
2023-04-05 19:33:52,864 [AppLog] INFO : 进入：EquipmentMotionLogic3=》准备创建对象-手动操作！
2023-04-05 19:33:52,864 [AppLog] INFO : 进入：EquipmentMotionLogic3=》不需重新创建-手动操作！
2023-04-05 19:33:52,864 [AppLog] INFO : 进入：EquipmentMotionLogic3=》赋值完成自-AutoPrintMotion2！
2023-04-05 19:33:52,864 [AppLog] INFO : 进入：EquipmentMotionLogic3=》加载配置文件-LoadJsonFile成功！
2023-04-05 19:33:52,864 [AppLog] INFO : 进入：AutoPrintThread2！
2023-04-05 19:33:52,864 [AppLog] INFO : 准备读取编码器位置：X方向！
2023-04-05 19:33:52,864 [AppLog] INFO : 准备运动，当前位置：DEV_GetPrintEncoderValue：MoveDirectionFlag{false为Y方向：False}CurrentPos{423.535}AimPos{25}
2023-04-05 19:33:52,895 [AppLog] INFO : X方向运动开始：DEM_Run：返回值{True}nAxis{0}DirFlag{False}nSpeed{150000}MoveStep{-398535}nCtlValue{2}
2023-04-05 19:33:55,812 [AppLog] INFO : X方向到位停止：DEM_StopAxisRun：返回值{True}CurrentPos{29.74}bImmeStop{False}nAxisMask{1}
2023-04-05 19:33:55,812 [AppLog] INFO : 准备读取编码器位置：Y方向！
2023-04-05 19:33:55,812 [AppLog] INFO : 准备运动，编码器当前位置：DEM_GetAxisEncodeVal：MoveDirectionFlag{false为Y方向：True}CurrentPos{122.88}AimPos{177}
2023-04-05 19:33:55,844 [AppLog] INFO : Y方向运动开始：DEM_Run：返回值{True}nAxis{1}DirFlag{True}nSpeed{150000}MoveStep{54120}nCtlValue{0}
2023-04-05 19:33:56,187 [AppLog] INFO : Y方向到位停止：DEM_StopAxisRun：返回值{True}CurrentPos{152.295}bImmeStop{False}nAxisMask{2}
2023-04-05 19:33:56,187 [AppLog] INFO : 获取打印Pass数据：IDP_GetPassItem2：nLayerIndex{4}nPassID{3}nProcState{3}LPPassDataItemb:PrtDir{True}nDataTxCompleteCnt{1}nHwMemAdrMatchMask{1}nLayerIndex{4}nLayerPassCount{6}nLayerPassIndex{3}nMinJet0ImgLinePos{3840}nPrtMemHwAddr{System.UInt32[]}nPrtDataOffset{System.UInt32[]}nSrcDataSize{System.UInt32[]}nPrtColBytes{System.UInt32[]}nPrtPrecession{8}nSrcEndCols{8000}nSrcStartCols{0}nStartEncPos{10000}nValidPassJets{1280}nValidPrtCols{8310}nValidPrtCtlCnts{1}pDataBuf{0}pNextItem{694930288}
2023-04-05 19:33:56,202 [AppLog] INFO : 使能Pass打印成功：IDP_DoPassPrint2：nLayerIndex{4}nPassID{3}
2023-04-05 19:33:56,202 [AppLog] INFO : PASS打印前关键状态：DEV_GetDeviceInfo2：nLayerIndex{4}nPassID{3}LPPRINTER_INFO:nXSysEncDPI{0}nStatus{0}nPrintStatus{0}bSuperDevice{0}
LPPRINTER_INFO-LPPrtRunInfo:bJobPrtRuning{False}bLayerPrtIsOver{False}nContReqMemErr{0}nContWDErr{0}nCurPrtDir{0}nDTLayerIndex{0}nDTLayerPassIndex{0}nDTPtrCtlIndex{0}nLayerPassCount{0}nPrintLayerIndex{0}nPrintPassIndex{0}nProcLayerIndex{0}nPrtDataMemAddr{0}nPrtState{0}nReverse{System.Int32[]}nRevPrtCols{0}
LPPRINTER_INFO-LPDRVINFO:nFMVersion{0}nFpgaVersion{0}nPCBVersion{0}nState{0}nNextState{0}nPtvwarnState{0}nCrc32{0}nRevInfo{System.UInt32[]}nSignature{0}
2023-04-05 19:33:56,202 [AppLog] INFO : 进入：EquipmentMotionLogic3=》准备创建对象-手动操作！
2023-04-05 19:33:56,202 [AppLog] INFO : 进入：EquipmentMotionLogic3=》不需重新创建-手动操作！
2023-04-05 19:33:56,202 [AppLog] INFO : 进入：EquipmentMotionLogic3=》赋值完成自-AutoPrintMotion2！
2023-04-05 19:33:56,202 [AppLog] INFO : 进入：EquipmentMotionLogic3=》加载配置文件-LoadJsonFile成功！
2023-04-05 19:33:56,202 [AppLog] INFO : 进入：AutoPrintThread2！
2023-04-05 19:33:56,202 [AppLog] INFO : 准备读取编码器位置：X方向！
2023-04-05 19:33:56,202 [AppLog] INFO : 准备运动，当前位置：DEV_GetPrintEncoderValue：MoveDirectionFlag{false为Y方向：False}CurrentPos{26.415}AimPos{425}
2023-04-05 19:33:56,249 [AppLog] INFO : X方向运动开始：DEM_Run：返回值{True}nAxis{0}DirFlag{True}nSpeed{150000}MoveStep{398585}nCtlValue{2}
2023-04-05 19:33:59,166 [AppLog] INFO : X方向到位停止：DEM_StopAxisRun：返回值{True}CurrentPos{419.39}bImmeStop{False}nAxisMask{1}
2023-04-05 19:33:59,166 [AppLog] INFO : 准备读取编码器位置：Y方向！
2023-04-05 19:33:59,198 [AppLog] INFO : 准备运动，编码器当前位置：DEM_GetAxisEncodeVal：MoveDirectionFlag{false为Y方向：True}CurrentPos{176.845}AimPos{231}
2023-04-05 19:33:59,229 [AppLog] INFO : Y方向运动开始：DEM_Run：返回值{True}nAxis{1}DirFlag{True}nSpeed{150000}MoveStep{54155}nCtlValue{0}
2023-04-05 19:33:59,588 [AppLog] INFO : Y方向到位停止：DEM_StopAxisRun：返回值{True}CurrentPos{208.165}bImmeStop{False}nAxisMask{2}
2023-04-05 19:33:59,588 [AppLog] INFO : 获取打印Pass数据：IDP_GetPassItem2：nLayerIndex{4}nPassID{4}nProcState{3}LPPassDataItemb:PrtDir{False}nDataTxCompleteCnt{1}nHwMemAdrMatchMask{1}nLayerIndex{4}nLayerPassCount{6}nLayerPassIndex{4}nMinJet0ImgLinePos{5120}nPrtMemHwAddr{System.UInt32[]}nPrtDataOffset{System.UInt32[]}nSrcDataSize{System.UInt32[]}nPrtColBytes{System.UInt32[]}nPrtPrecession{8}nSrcEndCols{8000}nSrcStartCols{0}nStartEncPos{76472}nValidPassJets{1280}nValidPrtCols{8310}nValidPrtCtlCnts{1}pDataBuf{0}pNextItem{694930448}
2023-04-05 19:33:59,588 [AppLog] INFO : 使能Pass打印成功：IDP_DoPassPrint2：nLayerIndex{4}nPassID{4}
2023-04-05 19:33:59,603 [AppLog] INFO : PASS打印前关键状态：DEV_GetDeviceInfo2：nLayerIndex{4}nPassID{4}LPPRINTER_INFO:nXSysEncDPI{0}nStatus{0}nPrintStatus{0}bSuperDevice{0}
LPPRINTER_INFO-LPPrtRunInfo:bJobPrtRuning{False}bLayerPrtIsOver{False}nContReqMemErr{0}nContWDErr{0}nCurPrtDir{0}nDTLayerIndex{0}nDTLayerPassIndex{0}nDTPtrCtlIndex{0}nLayerPassCount{0}nPrintLayerIndex{0}nPrintPassIndex{0}nProcLayerIndex{0}nPrtDataMemAddr{0}nPrtState{0}nReverse{System.Int32[]}nRevPrtCols{0}
LPPRINTER_INFO-LPDRVINFO:nFMVersion{0}nFpgaVersion{0}nPCBVersion{0}nState{0}nNextState{0}nPtvwarnState{0}nCrc32{0}nRevInfo{System.UInt32[]}nSignature{0}
2023-04-05 19:33:59,603 [AppLog] INFO : 进入：EquipmentMotionLogic3=》准备创建对象-手动操作！
2023-04-05 19:33:59,603 [AppLog] INFO : 进入：EquipmentMotionLogic3=》不需重新创建-手动操作！
2023-04-05 19:33:59,603 [AppLog] INFO : 进入：EquipmentMotionLogic3=》赋值完成自-AutoPrintMotion2！
2023-04-05 19:33:59,603 [AppLog] INFO : 进入：EquipmentMotionLogic3=》加载配置文件-LoadJsonFile成功！
2023-04-05 19:33:59,603 [AppLog] INFO : 进入：AutoPrintThread2！
2023-04-05 19:33:59,603 [AppLog] INFO : 准备读取编码器位置：X方向！
2023-04-05 19:33:59,603 [AppLog] INFO : 准备运动，当前位置：DEV_GetPrintEncoderValue：MoveDirectionFlag{false为Y方向：False}CurrentPos{423.58}AimPos{25}
2023-04-05 19:33:59,634 [AppLog] INFO : X方向运动开始：DEM_Run：返回值{True}nAxis{0}DirFlag{False}nSpeed{150000}MoveStep{-398580}nCtlValue{2}
2023-04-05 19:34:02,536 [AppLog] INFO : X方向到位停止：DEM_StopAxisRun：返回值{True}CurrentPos{30.68}bImmeStop{False}nAxisMask{1}
2023-04-05 19:34:02,536 [AppLog] INFO : 准备读取编码器位置：Y方向！
2023-04-05 19:34:02,536 [AppLog] INFO : 准备运动，编码器当前位置：DEM_GetAxisEncodeVal：MoveDirectionFlag{false为Y方向：True}CurrentPos{230.93}AimPos{285}
2023-04-05 19:34:02,567 [AppLog] INFO : Y方向运动开始：DEM_Run：返回值{True}nAxis{1}DirFlag{True}nSpeed{150000}MoveStep{54070}nCtlValue{0}
2023-04-05 19:34:02,910 [AppLog] INFO : Y方向到位停止：DEM_StopAxisRun：返回值{True}CurrentPos{260.41}bImmeStop{False}nAxisMask{2}
2023-04-05 19:34:02,910 [AppLog] INFO : 获取打印Pass数据：IDP_GetPassItem2：nLayerIndex{4}nPassID{5}nProcState{3}LPPassDataItemb:PrtDir{True}nDataTxCompleteCnt{1}nHwMemAdrMatchMask{1}nLayerIndex{4}nLayerPassCount{6}nLayerPassIndex{5}nMinJet0ImgLinePos{6400}nPrtMemHwAddr{System.UInt32[]}nPrtDataOffset{System.UInt32[]}nSrcDataSize{System.UInt32[]}nPrtColBytes{System.UInt32[]}nPrtPrecession{8}nSrcEndCols{8000}nSrcStartCols{0}nStartEncPos{10000}nValidPassJets{1280}nValidPrtCols{8310}nValidPrtCtlCnts{1}pDataBuf{0}pNextItem{0}
2023-04-05 19:34:02,926 [AppLog] INFO : 使能Pass打印成功：IDP_DoPassPrint2：nLayerIndex{4}nPassID{5}
2023-04-05 19:34:02,926 [AppLog] INFO : PASS打印前关键状态：DEV_GetDeviceInfo2：nLayerIndex{4}nPassID{5}LPPRINTER_INFO:nXSysEncDPI{0}nStatus{0}nPrintStatus{0}bSuperDevice{0}
LPPRINTER_INFO-LPPrtRunInfo:bJobPrtRuning{False}bLayerPrtIsOver{False}nContReqMemErr{0}nContWDErr{0}nCurPrtDir{0}nDTLayerIndex{0}nDTLayerPassIndex{0}nDTPtrCtlIndex{0}nLayerPassCount{0}nPrintLayerIndex{0}nPrintPassIndex{0}nProcLayerIndex{0}nPrtDataMemAddr{0}nPrtState{0}nReverse{System.Int32[]}nRevPrtCols{0}
LPPRINTER_INFO-LPDRVINFO:nFMVersion{0}nFpgaVersion{0}nPCBVersion{0}nState{0}nNextState{0}nPtvwarnState{0}nCrc32{0}nRevInfo{System.UInt32[]}nSignature{0}
2023-04-05 19:34:02,926 [AppLog] INFO : 进入：EquipmentMotionLogic3=》准备创建对象-手动操作！
2023-04-05 19:34:02,926 [AppLog] INFO : 进入：EquipmentMotionLogic3=》不需重新创建-手动操作！
2023-04-05 19:34:02,926 [AppLog] INFO : 进入：EquipmentMotionLogic3=》赋值完成自-AutoPrintMotion2！
2023-04-05 19:34:02,926 [AppLog] INFO : 进入：EquipmentMotionLogic3=》加载配置文件-LoadJsonFile成功！
2023-04-05 19:34:02,926 [AppLog] INFO : 进入：AutoPrintThread2！
2023-04-05 19:34:02,926 [AppLog] INFO : 准备读取编码器位置：X方向！
2023-04-05 19:34:02,926 [AppLog] INFO : 准备运动，当前位置：DEV_GetPrintEncoderValue：MoveDirectionFlag{false为Y方向：False}CurrentPos{26.435}AimPos{425}
2023-04-05 19:34:02,957 [AppLog] INFO : X方向运动开始：DEM_Run：返回值{True}nAxis{0}DirFlag{True}nSpeed{150000}MoveStep{398565}nCtlValue{2}
2023-04-05 19:34:05,874 [AppLog] INFO : X方向到位停止：DEM_StopAxisRun：返回值{True}CurrentPos{419.23}bImmeStop{False}nAxisMask{1}
2023-04-05 19:34:05,874 [AppLog] INFO : 准备读取编码器位置：X方向！
2023-04-05 19:34:05,874 [AppLog] INFO : 准备运动，当前位置：DEV_GetPrintEncoderValue：MoveDirectionFlag{false为Y方向：False}CurrentPos{419.42}AimPos{780}
2023-04-05 19:34:05,906 [AppLog] INFO : X方向运动开始：DEM_Run：返回值{True}nAxis{0}DirFlag{True}nSpeed{200000}MoveStep{360580}nCtlValue{2}
2023-04-05 19:34:05,906 [AppLog] INFO : 准备读取编码器位置：Y方向！
2023-04-05 19:34:05,906 [AppLog] INFO : 准备运动，编码器当前位置：DEM_GetAxisEncodeVal：MoveDirectionFlag{false为Y方向：True}CurrentPos{284.9}AimPos{121}
2023-04-05 19:34:05,937 [AppLog] INFO : Y方向运动开始：DEM_Run：返回值{True}nAxis{1}DirFlag{False}nSpeed{200000}MoveStep{-163900}nCtlValue{0}
2023-04-05 19:34:08,058 [AppLog] INFO : Y方向到位等停：DEM_StopAxisRun：返回值{True}bImmeStop{False}nAxisMask{1}
2023-04-05 19:34:08,058 [AppLog] INFO : X方向到位等停：DEM_StopAxisRun：返回值{True}bImmeStop{False}nAxisMask{2}
2023-04-05 19:34:08,074 [AppLog] INFO : 开启闪喷操作：IDP_FlashPrtCtl：返回值{True}
2023-04-05 19:34:08,074 [AppLog] INFO : 进入：EquipmentMotionLogic3=》准备创建对象-手动操作！
2023-04-05 19:34:08,074 [AppLog] INFO : 进入：EquipmentMotionLogic3=》不需重新创建-手动操作！
2023-04-05 19:34:08,074 [AppLog] INFO : 进入：EquipmentMotionLogic3=》赋值完成自-AutoPrintMotion2！
2023-04-05 19:34:08,074 [AppLog] INFO : 进入：EquipmentMotionLogic3=》加载配置文件-LoadJsonFile成功！
2023-04-05 19:34:08,074 [AppLog] INFO : 进入自动铺粉逻辑：NewAutoSupplyPowderThread2
2023-04-05 19:34:08,136 [AppLog] INFO : 手动正向点动指令（8轴运控板卡系统） ====》：输出AXIS{第1轴},点动量{-0.08MM},运动速度{2MM/s}
2023-04-05 19:34:08,136 [AppLog] INFO : 成形面高度下降层厚 TrapSpace{0.08mm}：TrapMoveUp(1, true, Convert.ToString(vel), Convert.ToString(TrapSpace), true, true）
2023-04-05 19:34:08,916 [AppLog] INFO : 手动正向点动指令（8轴运控板卡系统） ====》：输出AXIS{第1轴},点动量{-1.5MM},运动速度{2MM/s}
2023-04-05 19:34:08,916 [AppLog] INFO : 成形面高度下降指定厚度 TrapSpace{1.5mm}：TrapMoveUp(1, true, Convert.ToString(vel), Convert.ToString(TrapSpace), true, true）
2023-04-05 19:34:09,696 [AppLog] INFO : 手动正向点动指令（8轴运控板卡系统） ====》：输出AXIS{第1轴},点动量{1.5MM},运动速度{2MM/s}
2023-04-05 19:34:09,696 [AppLog] INFO : 成形面高度上升层厚 TrapSpace{1.5mm}：TrapMoveUp(1, true, Convert.ToString(vel), Convert.ToString(TrapSpace), true, true）
2023-04-05 19:34:09,899 [AppLog] INFO : 手动正向点动指令（8轴运控板卡系统） ====》：输出AXIS{第8轴},点动量{0.5MM},运动速度{2.5MM/s}
2023-04-05 19:34:09,899 [AppLog] INFO : Hopper落粉轴转2圈落粉，速度0.5rev/s：TrapMoveUp(8, true, 0.5, rotateNuM.ToString(), true, false)
2023-04-05 19:34:09,899 [AppLog] INFO : 手动正向点动指令（8轴运控板卡系统） ====》：输出AXIS{第2轴},点动量{258MM},运动速度{200MM/s}
2023-04-05 19:34:09,899 [AppLog] INFO : 手动正向点动指令（8轴运控板卡系统） ====》：输出AXIS{第2轴},点动量{698MM},运动速度{50MM/s}
2023-04-05 19:34:09,899 [AppLog] INFO : 开启铺粉车不等停运动至站2，速度0.5rev/s：BackToStation2
2023-04-05 19:34:12,972 [AppLog] INFO : 打开IR灯：OpenIRLamp(true)
2023-04-05 19:34:15,063 [AppLog] INFO : 手动正向点动指令（8轴运控板卡系统） ====》：输出AXIS{第3轴},点动量{0.5MM},运动速度{0.0980392156862745MM/s}
2023-04-05 19:34:15,063 [AppLog] INFO : 开启均匀落粉及辊子铺平运动：TrapMoveUp(3, true, Convert.ToString(DispenseRollerSpeed), 0.5, true, true)
2023-04-05 19:34:20,273 [AppLog] INFO : 关闭IR灯：OpenIRLamp(false)
2023-04-05 19:34:22,613 [AppLog] INFO : 手动正向点动指令（8轴运控板卡系统） ====》：输出AXIS{第3轴},点动量{0.5MM},运动速度{2MM/s}
2023-04-05 19:34:22,613 [AppLog] INFO : 落粉轴继续转动以倒掉余粉：TrapMoveUp(3, true, 2, 0.5, true, false)
2023-04-05 19:34:24,626 [AppLog] INFO : 手动正向点动指令（8轴运控板卡系统） ====》：输出AXIS{第1轴},点动量{-1.5MM},运动速度{2MM/s}
2023-04-05 19:34:24,641 [AppLog] INFO : 成形面高度下降指定厚度 TrapSpace{1.5mm}：TrapMoveUp(1, true, Convert.ToString(vel), Convert.ToString(TrapSpace), true, true）
2023-04-05 19:34:28,136 [AppLog] INFO : 手动正向点动指令（8轴运控板卡系统） ====》：输出AXIS{第2轴},点动量{-698MM},运动速度{200MM/s}
2023-04-05 19:34:28,136 [AppLog] INFO : 铺粉车返回至站1：BackToStation2(AimPos, MovSpeed, true)
2023-04-05 19:34:28,510 [AppLog] INFO : 落粉轴回零成功：motionMap.SetBackSpreaderAxis(3, 0.5, 2, -SinkPosition)：ReturnCode{True}
2023-04-05 19:34:29,274 [AppLog] INFO : 手动正向点动指令（8轴运控板卡系统） ====》：输出AXIS{第1轴},点动量{1.5MM},运动速度{2MM/s}
2023-04-05 19:34:29,274 [AppLog] INFO : 成形面高度上升层厚 TrapSpace{1.5mm}：TrapMoveUp(1, true, Convert.ToString(vel), Convert.ToString(TrapSpace), true, true）
2023-04-05 19:34:29,274 [AppLog] INFO : 自动铺粉正常结束：NewAutoSupplyPowderThread2
2023-04-05 19:34:29,274 [AppLog] INFO : 发送监控指令，拍照记录1条：SendMessageFromSharedMemory
2023-04-05 19:34:29,274 [AppLog] INFO : 执行完成铺粉固化操作：EquipmentMotionLogic3：m_bApplyPowderSupplyMotion:0
2023-04-05 19:34:29,274 [AppLog] INFO : 接收到恢复打印指令：PrintTaskTHREAD
2023-04-05 19:34:29,274 [AppLog] INFO : 获取打印Pass数据：IDP_GetPassItem2：nLayerIndex{5}nPassID{0}nProcState{3}LPPassDataItemb:PrtDir{False}nDataTxCompleteCnt{1}nHwMemAdrMatchMask{1}nLayerIndex{5}nLayerPassCount{6}nLayerPassIndex{0}nMinJet0ImgLinePos{0}nPrtMemHwAddr{System.UInt32[]}nPrtDataOffset{System.UInt32[]}nSrcDataSize{System.UInt32[]}nPrtColBytes{System.UInt32[]}nPrtPrecession{8}nSrcEndCols{8000}nSrcStartCols{0}nStartEncPos{76472}nValidPassJets{1280}nValidPrtCols{8310}nValidPrtCtlCnts{1}pDataBuf{0}pNextItem{694930768}
2023-04-05 19:34:29,290 [AppLog] INFO : 使能Pass打印成功：IDP_DoPassPrint2：nLayerIndex{5}nPassID{0}
2023-04-05 19:34:29,290 [AppLog] INFO : PASS打印前关键状态：DEV_GetDeviceInfo2：nLayerIndex{5}nPassID{0}LPPRINTER_INFO:nXSysEncDPI{0}nStatus{0}nPrintStatus{0}bSuperDevice{0}
LPPRINTER_INFO-LPPrtRunInfo:bJobPrtRuning{False}bLayerPrtIsOver{False}nContReqMemErr{0}nContWDErr{0}nCurPrtDir{0}nDTLayerIndex{0}nDTLayerPassIndex{0}nDTPtrCtlIndex{0}nLayerPassCount{0}nPrintLayerIndex{0}nPrintPassIndex{0}nProcLayerIndex{0}nPrtDataMemAddr{0}nPrtState{0}nReverse{System.Int32[]}nRevPrtCols{0}
LPPRINTER_INFO-LPDRVINFO:nFMVersion{0}nFpgaVersion{0}nPCBVersion{0}nState{0}nNextState{0}nPtvwarnState{0}nCrc32{0}nRevInfo{System.UInt32[]}nSignature{0}
2023-04-05 19:34:29,290 [AppLog] INFO : 进入：EquipmentMotionLogic3=》准备创建对象-手动操作！
2023-04-05 19:34:29,290 [AppLog] INFO : 进入：EquipmentMotionLogic3=》不需重新创建-手动操作！
2023-04-05 19:34:29,290 [AppLog] INFO : 进入：EquipmentMotionLogic3=》赋值完成自-AutoPrintMotion2！
2023-04-05 19:34:29,290 [AppLog] INFO : 进入：EquipmentMotionLogic3=》加载配置文件-LoadJsonFile成功！
2023-04-05 19:34:29,290 [AppLog] INFO : 进入自动清洗过程：AutoCleanThread
2023-04-05 19:34:30,273 [AppLog] INFO : 刮墨轴回零成功：motionMap.SetBackSpreaderAxis(4, 1, 2, -SinkPosition)
2023-04-05 19:34:30,273 [AppLog] INFO : 准备读取编码器位置：Y方向！
2023-04-05 19:34:30,273 [AppLog] INFO : 准备运动，编码器当前位置：DEM_GetAxisEncodeVal：MoveDirectionFlag{false为Y方向：True}CurrentPos{121.33}AimPos{121}
2023-04-05 19:34:30,304 [AppLog] INFO : Y方向运动开始：DEM_Run：返回值{True}nAxis{1}DirFlag{False}nSpeed{200000}MoveStep{-329.999999999998}nCtlValue{0}
2023-04-05 19:34:30,507 [AppLog] INFO : Y方向到位停止：DEM_StopAxisRun：返回值{True}CurrentPos{121.325}bImmeStop{False}nAxisMask{2}
2023-04-05 19:34:30,507 [AppLog] INFO : 准备读取编码器位置：X方向！
2023-04-05 19:34:30,507 [AppLog] INFO : 准备运动，当前位置：DEV_GetPrintEncoderValue：MoveDirectionFlag{false为Y方向：False}CurrentPos{784.115}AimPos{780}
2023-04-05 19:34:30,554 [AppLog] INFO : X方向运动开始：DEM_Run：返回值{True}nAxis{0}DirFlag{False}nSpeed{200000}MoveStep{-4115.00000000001}nCtlValue{2}
2023-04-05 19:34:30,725 [AppLog] INFO : X方向到位停止：DEM_StopAxisRun：返回值{True}CurrentPos{782.875}bImmeStop{False}nAxisMask{1}
2023-04-05 19:34:31,552 [AppLog] INFO : 开启压墨： motionMap.SetDo(13, true)
2023-04-05 19:34:33,065 [AppLog] INFO : 关闭压墨： motionMap.SetDo(13, true)
2023-04-05 19:34:33,065 [AppLog] INFO : 准备读取编码器位置：X方向！
2023-04-05 19:34:33,065 [AppLog] INFO : 准备运动，当前位置：DEV_GetPrintEncoderValue：MoveDirectionFlag{false为Y方向：False}CurrentPos{780.305}AimPos{680}
2023-04-05 19:34:33,096 [AppLog] INFO : X方向运动开始：DEM_Run：返回值{True}nAxis{0}DirFlag{False}nSpeed{100000}MoveStep{-100305}nCtlValue{2}
2023-04-05 19:34:34,266 [AppLog] INFO : X方向到位停止：DEM_StopAxisRun：返回值{True}CurrentPos{683.605}bImmeStop{False}nAxisMask{1}
2023-04-05 19:34:35,093 [AppLog] INFO : 结束自动清洗过程：AutoCleanThread
2023-04-05 19:34:35,093 [AppLog] INFO : 进入：EquipmentMotionLogic3=》准备创建对象-手动操作！
2023-04-05 19:34:35,093 [AppLog] INFO : 进入：EquipmentMotionLogic3=》不需重新创建-手动操作！
2023-04-05 19:34:35,093 [AppLog] INFO : 进入：EquipmentMotionLogic3=》赋值完成自-AutoPrintMotion2！
2023-04-05 19:34:35,093 [AppLog] INFO : 进入：EquipmentMotionLogic3=》加载配置文件-LoadJsonFile成功！
2023-04-05 19:34:35,093 [AppLog] INFO : 进入：AutoPrintThread2！
2023-04-05 19:34:35,093 [AppLog] INFO : 关闭闪喷操作：IDP_FlashPrtCtl：返回值{True}
2023-04-05 19:34:35,093 [AppLog] INFO : 准备读取编码器位置：Y方向！
2023-04-05 19:34:35,093 [AppLog] INFO : 准备运动，编码器当前位置：DEM_GetAxisEncodeVal：MoveDirectionFlag{false为Y方向：True}CurrentPos{121.005}AimPos{15}
2023-04-05 19:34:35,124 [AppLog] INFO : Y方向运动开始：DEM_Run：返回值{True}nAxis{1}DirFlag{False}nSpeed{200000}MoveStep{-106005}nCtlValue{0}
2023-04-05 19:34:35,124 [AppLog] INFO : 准备读取编码器位置：X方向！
2023-04-05 19:34:35,124 [AppLog] INFO : 准备运动，当前位置：DEV_GetPrintEncoderValue：MoveDirectionFlag{false为Y方向：False}CurrentPos{680.24}AimPos{425}
2023-04-05 19:34:35,156 [AppLog] INFO : X方向运动开始：DEM_Run：返回值{True}nAxis{0}DirFlag{False}nSpeed{200000}MoveStep{-255240}nCtlValue{2}
2023-04-05 19:34:36,809 [AppLog] INFO : X方向到位停止：DEM_StopAxisRun：返回值{True}CurrentPos{428.26}bImmeStop{False}nAxisMask{1}
2023-04-05 19:34:36,809 [AppLog] INFO : 准备读取编码器位置：X方向！
2023-04-05 19:34:36,809 [AppLog] INFO : 准备运动，当前位置：DEV_GetPrintEncoderValue：MoveDirectionFlag{false为Y方向：False}CurrentPos{428.115}AimPos{25}
2023-04-05 19:34:36,840 [AppLog] INFO : X方向运动开始：DEM_Run：返回值{True}nAxis{0}DirFlag{False}nSpeed{150000}MoveStep{-403115}nCtlValue{2}
2023-04-05 19:34:39,789 [AppLog] INFO : X方向到位停止：DEM_StopAxisRun：返回值{True}CurrentPos{25.725}bImmeStop{False}nAxisMask{1}
2023-04-05 19:34:39,789 [AppLog] INFO : 准备读取编码器位置：Y方向！
2023-04-05 19:34:39,789 [AppLog] INFO : 准备运动，编码器当前位置：DEM_GetAxisEncodeVal：MoveDirectionFlag{false为Y方向：True}CurrentPos{15.145}AimPos{69}
2023-04-05 19:34:39,820 [AppLog] INFO : Y方向运动开始：DEM_Run：返回值{True}nAxis{1}DirFlag{True}nSpeed{150000}MoveStep{53855}nCtlValue{0}
2023-04-05 19:34:40,163 [AppLog] INFO : Y方向到位停止：DEM_StopAxisRun：返回值{True}CurrentPos{44.725}bImmeStop{False}nAxisMask{2}
2023-04-05 19:34:40,163 [AppLog] INFO : 获取打印Pass数据：IDP_GetPassItem2：nLayerIndex{5}nPassID{1}nProcState{3}LPPassDataItemb:PrtDir{True}nDataTxCompleteCnt{1}nHwMemAdrMatchMask{1}nLayerIndex{5}nLayerPassCount{6}nLayerPassIndex{1}nMinJet0ImgLinePos{1280}nPrtMemHwAddr{System.UInt32[]}nPrtDataOffset{System.UInt32[]}nSrcDataSize{System.UInt32[]}nPrtColBytes{System.UInt32[]}nPrtPrecession{8}nSrcEndCols{8000}nSrcStartCols{0}nStartEncPos{10000}nValidPassJets{1280}nValidPrtCols{8310}nValidPrtCtlCnts{1}pDataBuf{0}pNextItem{694930928}
2023-04-05 19:34:40,163 [AppLog] INFO : 使能Pass打印成功：IDP_DoPassPrint2：nLayerIndex{5}nPassID{1}
2023-04-05 19:34:40,179 [AppLog] INFO : PASS打印前关键状态：DEV_GetDeviceInfo2：nLayerIndex{5}nPassID{1}LPPRINTER_INFO:nXSysEncDPI{0}nStatus{0}nPrintStatus{0}bSuperDevice{0}
LPPRINTER_INFO-LPPrtRunInfo:bJobPrtRuning{False}bLayerPrtIsOver{False}nContReqMemErr{0}nContWDErr{0}nCurPrtDir{0}nDTLayerIndex{0}nDTLayerPassIndex{0}nDTPtrCtlIndex{0}nLayerPassCount{0}nPrintLayerIndex{0}nPrintPassIndex{0}nProcLayerIndex{0}nPrtDataMemAddr{0}nPrtState{0}nReverse{System.Int32[]}nRevPrtCols{0}
LPPRINTER_INFO-LPDRVINFO:nFMVersion{0}nFpgaVersion{0}nPCBVersion{0}nState{0}nNextState{0}nPtvwarnState{0}nCrc32{0}nRevInfo{System.UInt32[]}nSignature{0}
2023-04-05 19:34:40,179 [AppLog] INFO : 进入：EquipmentMotionLogic3=》准备创建对象-手动操作！
2023-04-05 19:34:40,179 [AppLog] INFO : 进入：EquipmentMotionLogic3=》不需重新创建-手动操作！
2023-04-05 19:34:40,179 [AppLog] INFO : 进入：EquipmentMotionLogic3=》赋值完成自-AutoPrintMotion2！
2023-04-05 19:34:40,179 [AppLog] INFO : 进入：EquipmentMotionLogic3=》加载配置文件-LoadJsonFile成功！
2023-04-05 19:34:40,179 [AppLog] INFO : 进入：AutoPrintThread2！
2023-04-05 19:34:40,179 [AppLog] INFO : 准备读取编码器位置：X方向！
2023-04-05 19:34:40,179 [AppLog] INFO : 准备运动，当前位置：DEV_GetPrintEncoderValue：MoveDirectionFlag{false为Y方向：False}CurrentPos{22.845}AimPos{425}
2023-04-05 19:34:40,210 [AppLog] INFO : X方向运动开始：DEM_Run：返回值{True}nAxis{0}DirFlag{True}nSpeed{150000}MoveStep{402155}nCtlValue{2}
2023-04-05 19:34:43,127 [AppLog] INFO : X方向到位停止：DEM_StopAxisRun：返回值{True}CurrentPos{419.225}bImmeStop{False}nAxisMask{1}
2023-04-05 19:34:43,127 [AppLog] INFO : 准备读取编码器位置：Y方向！
2023-04-05 19:34:43,127 [AppLog] INFO : 准备运动，编码器当前位置：DEM_GetAxisEncodeVal：MoveDirectionFlag{false为Y方向：True}CurrentPos{68.96}AimPos{123}
2023-04-05 19:34:43,158 [AppLog] INFO : Y方向运动开始：DEM_Run：返回值{True}nAxis{1}DirFlag{True}nSpeed{150000}MoveStep{54040}nCtlValue{0}
2023-04-05 19:34:43,517 [AppLog] INFO : Y方向到位停止：DEM_StopAxisRun：返回值{True}CurrentPos{101.585}bImmeStop{False}nAxisMask{2}
2023-04-05 19:34:43,517 [AppLog] INFO : 获取打印Pass数据：IDP_GetPassItem2：nLayerIndex{5}nPassID{2}nProcState{3}LPPassDataItemb:PrtDir{False}nDataTxCompleteCnt{1}nHwMemAdrMatchMask{1}nLayerIndex{5}nLayerPassCount{6}nLayerPassIndex{2}nMinJet0ImgLinePos{2560}nPrtMemHwAddr{System.UInt32[]}nPrtDataOffset{System.UInt32[]}nSrcDataSize{System.UInt32[]}nPrtColBytes{System.UInt32[]}nPrtPrecession{8}nSrcEndCols{8000}nSrcStartCols{0}nStartEncPos{76472}nValidPassJets{1280}nValidPrtCols{8310}nValidPrtCtlCnts{1}pDataBuf{0}pNextItem{694931088}
2023-04-05 19:34:43,533 [AppLog] INFO : 使能Pass打印成功：IDP_DoPassPrint2：nLayerIndex{5}nPassID{2}
2023-04-05 19:34:43,533 [AppLog] INFO : PASS打印前关键状态：DEV_GetDeviceInfo2：nLayerIndex{5}nPassID{2}LPPRINTER_INFO:nXSysEncDPI{0}nStatus{0}nPrintStatus{0}bSuperDevice{0}
LPPRINTER_INFO-LPPrtRunInfo:bJobPrtRuning{False}bLayerPrtIsOver{False}nContReqMemErr{0}nContWDErr{0}nCurPrtDir{0}nDTLayerIndex{0}nDTLayerPassIndex{0}nDTPtrCtlIndex{0}nLayerPassCount{0}nPrintLayerIndex{0}nPrintPassIndex{0}nProcLayerIndex{0}nPrtDataMemAddr{0}nPrtState{0}nReverse{System.Int32[]}nRevPrtCols{0}
LPPRINTER_INFO-LPDRVINFO:nFMVersion{0}nFpgaVersion{0}nPCBVersion{0}nState{0}nNextState{0}nPtvwarnState{0}nCrc32{0}nRevInfo{System.UInt32[]}nSignature{0}
2023-04-05 19:34:43,533 [AppLog] INFO : 进入：EquipmentMotionLogic3=》准备创建对象-手动操作！
2023-04-05 19:34:43,533 [AppLog] INFO : 进入：EquipmentMotionLogic3=》不需重新创建-手动操作！
2023-04-05 19:34:43,533 [AppLog] INFO : 进入：EquipmentMotionLogic3=》赋值完成自-AutoPrintMotion2！
2023-04-05 19:34:43,533 [AppLog] INFO : 进入：EquipmentMotionLogic3=》加载配置文件-LoadJsonFile成功！
2023-04-05 19:34:43,533 [AppLog] INFO : 进入：AutoPrintThread2！
2023-04-05 19:34:43,533 [AppLog] INFO : 准备读取编码器位置：X方向！
2023-04-05 19:34:43,533 [AppLog] INFO : 准备运动，当前位置：DEV_GetPrintEncoderValue：MoveDirectionFlag{false为Y方向：False}CurrentPos{423.515}AimPos{25}
2023-04-05 19:34:43,564 [AppLog] INFO : X方向运动开始：DEM_Run：返回值{True}nAxis{0}DirFlag{False}nSpeed{150000}MoveStep{-398515}nCtlValue{2}
2023-04-05 19:34:46,466 [AppLog] INFO : X方向到位停止：DEM_StopAxisRun：返回值{True}CurrentPos{30.375}bImmeStop{False}nAxisMask{1}
2023-04-05 19:34:46,466 [AppLog] INFO : 准备读取编码器位置：Y方向！
2023-04-05 19:34:46,466 [AppLog] INFO : 准备运动，编码器当前位置：DEM_GetAxisEncodeVal：MoveDirectionFlag{false为Y方向：True}CurrentPos{122.885}AimPos{177}
2023-04-05 19:34:46,497 [AppLog] INFO : Y方向运动开始：DEM_Run：返回值{True}nAxis{1}DirFlag{True}nSpeed{150000}MoveStep{54115}nCtlValue{0}
2023-04-05 19:34:46,840 [AppLog] INFO : Y方向到位停止：DEM_StopAxisRun：返回值{True}CurrentPos{152.23}bImmeStop{False}nAxisMask{2}
2023-04-05 19:34:46,840 [AppLog] INFO : 获取打印Pass数据：IDP_GetPassItem2：nLayerIndex{5}nPassID{3}nProcState{3}LPPassDataItemb:PrtDir{True}nDataTxCompleteCnt{1}nHwMemAdrMatchMask{1}nLayerIndex{5}nLayerPassCount{6}nLayerPassIndex{3}nMinJet0ImgLinePos{3840}nPrtMemHwAddr{System.UInt32[]}nPrtDataOffset{System.UInt32[]}nSrcDataSize{System.UInt32[]}nPrtColBytes{System.UInt32[]}nPrtPrecession{8}nSrcEndCols{8000}nSrcStartCols{0}nStartEncPos{10000}nValidPassJets{1280}nValidPrtCols{8310}nValidPrtCtlCnts{1}pDataBuf{0}pNextItem{694931248}
2023-04-05 19:34:46,856 [AppLog] INFO : 使能Pass打印成功：IDP_DoPassPrint2：nLayerIndex{5}nPassID{3}
2023-04-05 19:34:46,856 [AppLog] INFO : PASS打印前关键状态：DEV_GetDeviceInfo2：nLayerIndex{5}nPassID{3}LPPRINTER_INFO:nXSysEncDPI{0}nStatus{0}nPrintStatus{0}bSuperDevice{0}
LPPRINTER_INFO-LPPrtRunInfo:bJobPrtRuning{False}bLayerPrtIsOver{False}nContReqMemErr{0}nContWDErr{0}nCurPrtDir{0}nDTLayerIndex{0}nDTLayerPassIndex{0}nDTPtrCtlIndex{0}nLayerPassCount{0}nPrintLayerIndex{0}nPrintPassIndex{0}nProcLayerIndex{0}nPrtDataMemAddr{0}nPrtState{0}nReverse{System.Int32[]}nRevPrtCols{0}
LPPRINTER_INFO-LPDRVINFO:nFMVersion{0}nFpgaVersion{0}nPCBVersion{0}nState{0}nNextState{0}nPtvwarnState{0}nCrc32{0}nRevInfo{System.UInt32[]}nSignature{0}
2023-04-05 19:34:46,856 [AppLog] INFO : 进入：EquipmentMotionLogic3=》准备创建对象-手动操作！
2023-04-05 19:34:46,856 [AppLog] INFO : 进入：EquipmentMotionLogic3=》不需重新创建-手动操作！
2023-04-05 19:34:46,856 [AppLog] INFO : 进入：EquipmentMotionLogic3=》赋值完成自-AutoPrintMotion2！
2023-04-05 19:34:46,856 [AppLog] INFO : 进入：EquipmentMotionLogic3=》加载配置文件-LoadJsonFile成功！
2023-04-05 19:34:46,856 [AppLog] INFO : 进入：AutoPrintThread2！
2023-04-05 19:34:46,856 [AppLog] INFO : 准备读取编码器位置：X方向！
2023-04-05 19:34:46,856 [AppLog] INFO : 准备运动，当前位置：DEV_GetPrintEncoderValue：MoveDirectionFlag{false为Y方向：False}CurrentPos{26.435}AimPos{425}
2023-04-05 19:34:46,887 [AppLog] INFO : X方向运动开始：DEM_Run：返回值{True}nAxis{0}DirFlag{True}nSpeed{150000}MoveStep{398565}nCtlValue{2}
2023-04-05 19:34:49,788 [AppLog] INFO : X方向到位停止：DEM_StopAxisRun：返回值{True}CurrentPos{419.26}bImmeStop{False}nAxisMask{1}
2023-04-05 19:34:49,788 [AppLog] INFO : 准备读取编码器位置：Y方向！
2023-04-05 19:34:49,788 [AppLog] INFO : 准备运动，编码器当前位置：DEM_GetAxisEncodeVal：MoveDirectionFlag{false为Y方向：True}CurrentPos{176.855}AimPos{231}
2023-04-05 19:34:49,820 [AppLog] INFO : Y方向运动开始：DEM_Run：返回值{True}nAxis{1}DirFlag{True}nSpeed{150000}MoveStep{54145}nCtlValue{0}
2023-04-05 19:34:50,163 [AppLog] INFO : Y方向到位停止：DEM_StopAxisRun：返回值{True}CurrentPos{206.46}bImmeStop{False}nAxisMask{2}
2023-04-05 19:34:50,163 [AppLog] INFO : 获取打印Pass数据：IDP_GetPassItem2：nLayerIndex{5}nPassID{4}nProcState{3}LPPassDataItemb:PrtDir{False}nDataTxCompleteCnt{1}nHwMemAdrMatchMask{1}nLayerIndex{5}nLayerPassCount{6}nLayerPassIndex{4}nMinJet0ImgLinePos{5120}nPrtMemHwAddr{System.UInt32[]}nPrtDataOffset{System.UInt32[]}nSrcDataSize{System.UInt32[]}nPrtColBytes{System.UInt32[]}nPrtPrecession{8}nSrcEndCols{8000}nSrcStartCols{0}nStartEncPos{76472}nValidPassJets{1280}nValidPrtCols{8310}nValidPrtCtlCnts{1}pDataBuf{0}pNextItem{694931408}
2023-04-05 19:34:50,178 [AppLog] INFO : 使能Pass打印成功：IDP_DoPassPrint2：nLayerIndex{5}nPassID{4}
2023-04-05 19:34:50,178 [AppLog] INFO : PASS打印前关键状态：DEV_GetDeviceInfo2：nLayerIndex{5}nPassID{4}LPPRINTER_INFO:nXSysEncDPI{0}nStatus{0}nPrintStatus{0}bSuperDevice{0}
LPPRINTER_INFO-LPPrtRunInfo:bJobPrtRuning{False}bLayerPrtIsOver{False}nContReqMemErr{0}nContWDErr{0}nCurPrtDir{0}nDTLayerIndex{0}nDTLayerPassIndex{0}nDTPtrCtlIndex{0}nLayerPassCount{0}nPrintLayerIndex{0}nPrintPassIndex{0}nProcLayerIndex{0}nPrtDataMemAddr{0}nPrtState{0}nReverse{System.Int32[]}nRevPrtCols{0}
LPPRINTER_INFO-LPDRVINFO:nFMVersion{0}nFpgaVersion{0}nPCBVersion{0}nState{0}nNextState{0}nPtvwarnState{0}nCrc32{0}nRevInfo{System.UInt32[]}nSignature{0}
2023-04-05 19:34:50,178 [AppLog] INFO : 进入：EquipmentMotionLogic3=》准备创建对象-手动操作！
2023-04-05 19:34:50,178 [AppLog] INFO : 进入：EquipmentMotionLogic3=》不需重新创建-手动操作！
2023-04-05 19:34:50,178 [AppLog] INFO : 进入：EquipmentMotionLogic3=》赋值完成自-AutoPrintMotion2！
2023-04-05 19:34:50,178 [AppLog] INFO : 进入：EquipmentMotionLogic3=》加载配置文件-LoadJsonFile成功！
2023-04-05 19:34:50,178 [AppLog] INFO : 进入：AutoPrintThread2！
2023-04-05 19:34:50,178 [AppLog] INFO : 准备读取编码器位置：X方向！
2023-04-05 19:34:50,178 [AppLog] INFO : 准备运动，当前位置：DEV_GetPrintEncoderValue：MoveDirectionFlag{false为Y方向：False}CurrentPos{423.58}AimPos{25}
2023-04-05 19:34:50,210 [AppLog] INFO : X方向运动开始：DEM_Run：返回值{True}nAxis{0}DirFlag{False}nSpeed{150000}MoveStep{-398580}nCtlValue{2}
2023-04-05 19:34:53,127 [AppLog] INFO : X方向到位停止：DEM_StopAxisRun：返回值{True}CurrentPos{29.95}bImmeStop{False}nAxisMask{1}
2023-04-05 19:34:53,127 [AppLog] INFO : 准备读取编码器位置：Y方向！
2023-04-05 19:34:53,127 [AppLog] INFO : 准备运动，编码器当前位置：DEM_GetAxisEncodeVal：MoveDirectionFlag{false为Y方向：True}CurrentPos{230.925}AimPos{285}
2023-04-05 19:34:53,158 [AppLog] INFO : Y方向运动开始：DEM_Run：返回值{True}nAxis{1}DirFlag{True}nSpeed{150000}MoveStep{54075}nCtlValue{0}
2023-04-05 19:34:53,501 [AppLog] INFO : Y方向到位停止：DEM_StopAxisRun：返回值{True}CurrentPos{260.425}bImmeStop{False}nAxisMask{2}
2023-04-05 19:34:53,501 [AppLog] INFO : 获取打印Pass数据：IDP_GetPassItem2：nLayerIndex{5}nPassID{5}nProcState{3}LPPassDataItemb:PrtDir{True}nDataTxCompleteCnt{1}nHwMemAdrMatchMask{1}nLayerIndex{5}nLayerPassCount{6}nLayerPassIndex{5}nMinJet0ImgLinePos{6400}nPrtMemHwAddr{System.UInt32[]}nPrtDataOffset{System.UInt32[]}nSrcDataSize{System.UInt32[]}nPrtColBytes{System.UInt32[]}nPrtPrecession{8}nSrcEndCols{8000}nSrcStartCols{0}nStartEncPos{10000}nValidPassJets{1280}nValidPrtCols{8310}nValidPrtCtlCnts{1}pDataBuf{0}pNextItem{0}
2023-04-05 19:34:53,501 [AppLog] INFO : 使能Pass打印成功：IDP_DoPassPrint2：nLayerIndex{5}nPassID{5}
2023-04-05 19:34:53,517 [AppLog] INFO : PASS打印前关键状态：DEV_GetDeviceInfo2：nLayerIndex{5}nPassID{5}LPPRINTER_INFO:nXSysEncDPI{0}nStatus{0}nPrintStatus{0}bSuperDevice{0}
LPPRINTER_INFO-LPPrtRunInfo:bJobPrtRuning{False}bLayerPrtIsOver{False}nContReqMemErr{0}nContWDErr{0}nCurPrtDir{0}nDTLayerIndex{0}nDTLayerPassIndex{0}nDTPtrCtlIndex{0}nLayerPassCount{0}nPrintLayerIndex{0}nPrintPassIndex{0}nProcLayerIndex{0}nPrtDataMemAddr{0}nPrtState{0}nReverse{System.Int32[]}nRevPrtCols{0}
LPPRINTER_INFO-LPDRVINFO:nFMVersion{0}nFpgaVersion{0}nPCBVersion{0}nState{0}nNextState{0}nPtvwarnState{0}nCrc32{0}nRevInfo{System.UInt32[]}nSignature{0}
2023-04-05 19:34:53,517 [AppLog] INFO : 进入：EquipmentMotionLogic3=》准备创建对象-手动操作！
2023-04-05 19:34:53,517 [AppLog] INFO : 进入：EquipmentMotionLogic3=》不需重新创建-手动操作！
2023-04-05 19:34:53,517 [AppLog] INFO : 进入：EquipmentMotionLogic3=》赋值完成自-AutoPrintMotion2！
2023-04-05 19:34:53,517 [AppLog] INFO : 进入：EquipmentMotionLogic3=》加载配置文件-LoadJsonFile成功！
2023-04-05 19:34:53,517 [AppLog] INFO : 进入：AutoPrintThread2！
2023-04-05 19:34:53,517 [AppLog] INFO : 准备读取编码器位置：X方向！
2023-04-05 19:34:53,517 [AppLog] INFO : 准备运动，当前位置：DEV_GetPrintEncoderValue：MoveDirectionFlag{false为Y方向：False}CurrentPos{26.435}AimPos{425}
2023-04-05 19:34:53,548 [AppLog] INFO : X方向运动开始：DEM_Run：返回值{True}nAxis{0}DirFlag{True}nSpeed{150000}MoveStep{398565}nCtlValue{2}
2023-04-05 19:34:56,450 [AppLog] INFO : X方向到位停止：DEM_StopAxisRun：返回值{True}CurrentPos{418.85}bImmeStop{False}nAxisMask{1}
2023-04-05 19:34:56,450 [AppLog] INFO : 准备读取编码器位置：X方向！
2023-04-05 19:34:56,450 [AppLog] INFO : 准备运动，当前位置：DEV_GetPrintEncoderValue：MoveDirectionFlag{false为Y方向：False}CurrentPos{418.955}AimPos{780}
2023-04-05 19:34:56,481 [AppLog] INFO : X方向运动开始：DEM_Run：返回值{True}nAxis{0}DirFlag{True}nSpeed{200000}MoveStep{361045}nCtlValue{2}
2023-04-05 19:34:56,481 [AppLog] INFO : 准备读取编码器位置：Y方向！
2023-04-05 19:34:56,481 [AppLog] INFO : 准备运动，编码器当前位置：DEM_GetAxisEncodeVal：MoveDirectionFlag{false为Y方向：True}CurrentPos{284.89}AimPos{121}
2023-04-05 19:34:56,512 [AppLog] INFO : Y方向运动开始：DEM_Run：返回值{True}nAxis{1}DirFlag{False}nSpeed{200000}MoveStep{-163890}nCtlValue{0}
2023-04-05 19:34:58,649 [AppLog] INFO : Y方向到位等停：DEM_StopAxisRun：返回值{True}bImmeStop{False}nAxisMask{1}
2023-04-05 19:34:58,665 [AppLog] INFO : X方向到位等停：DEM_StopAxisRun：返回值{True}bImmeStop{False}nAxisMask{2}
2023-04-05 19:34:58,680 [AppLog] INFO : 开启闪喷操作：IDP_FlashPrtCtl：返回值{True}
2023-04-05 19:34:58,680 [AppLog] INFO : 接收到恢复打印指令：PrintTaskTHREAD
2023-04-05 19:34:58,680 [AppLog] INFO : 获取打印Pass数据：IDP_GetPassItem2：nLayerIndex{6}nPassID{0}nProcState{3}LPPassDataItemb:PrtDir{False}nDataTxCompleteCnt{1}nHwMemAdrMatchMask{1}nLayerIndex{6}nLayerPassCount{6}nLayerPassIndex{0}nMinJet0ImgLinePos{0}nPrtMemHwAddr{System.UInt32[]}nPrtDataOffset{System.UInt32[]}nSrcDataSize{System.UInt32[]}nPrtColBytes{System.UInt32[]}nPrtPrecession{8}nSrcEndCols{8000}nSrcStartCols{0}nStartEncPos{76472}nValidPassJets{1280}nValidPrtCols{8310}nValidPrtCtlCnts{1}pDataBuf{0}pNextItem{694931728}
2023-04-05 19:34:58,680 [AppLog] INFO : 使能Pass打印成功：IDP_DoPassPrint2：nLayerIndex{6}nPassID{0}
2023-04-05 19:34:58,696 [AppLog] INFO : PASS打印前关键状态：DEV_GetDeviceInfo2：nLayerIndex{6}nPassID{0}LPPRINTER_INFO:nXSysEncDPI{0}nStatus{0}nPrintStatus{0}bSuperDevice{0}
LPPRINTER_INFO-LPPrtRunInfo:bJobPrtRuning{False}bLayerPrtIsOver{False}nContReqMemErr{0}nContWDErr{0}nCurPrtDir{0}nDTLayerIndex{0}nDTLayerPassIndex{0}nDTPtrCtlIndex{0}nLayerPassCount{0}nPrintLayerIndex{0}nPrintPassIndex{0}nProcLayerIndex{0}nPrtDataMemAddr{0}nPrtState{0}nReverse{System.Int32[]}nRevPrtCols{0}
LPPRINTER_INFO-LPDRVINFO:nFMVersion{0}nFpgaVersion{0}nPCBVersion{0}nState{0}nNextState{0}nPtvwarnState{0}nCrc32{0}nRevInfo{System.UInt32[]}nSignature{0}
2023-04-05 19:34:58,696 [AppLog] INFO : 进入：EquipmentMotionLogic3=》准备创建对象-手动操作！
2023-04-05 19:34:58,696 [AppLog] INFO : 进入：EquipmentMotionLogic3=》不需重新创建-手动操作！
2023-04-05 19:34:58,696 [AppLog] INFO : 进入：EquipmentMotionLogic3=》赋值完成自-AutoPrintMotion2！
2023-04-05 19:34:58,696 [AppLog] INFO : 进入：EquipmentMotionLogic3=》加载配置文件-LoadJsonFile成功！
2023-04-05 19:34:58,696 [AppLog] INFO : 进入自动清洗过程：AutoCleanThread
2023-04-05 19:34:59,663 [AppLog] INFO : 刮墨轴回零成功：motionMap.SetBackSpreaderAxis(4, 1, 2, -SinkPosition)
2023-04-05 19:34:59,663 [AppLog] INFO : 准备读取编码器位置：Y方向！
2023-04-05 19:34:59,663 [AppLog] INFO : 准备运动，编码器当前位置：DEM_GetAxisEncodeVal：MoveDirectionFlag{false为Y方向：True}CurrentPos{121.335}AimPos{121}
2023-04-05 19:34:59,694 [AppLog] INFO : Y方向运动开始：DEM_Run：返回值{True}nAxis{1}DirFlag{False}nSpeed{200000}MoveStep{-335.000000000008}nCtlValue{0}
2023-04-05 19:34:59,694 [AppLog] INFO : Y方向到位停止：DEM_StopAxisRun：返回值{True}CurrentPos{121.335}bImmeStop{False}nAxisMask{2}
2023-04-05 19:34:59,694 [AppLog] INFO : 准备读取编码器位置：X方向！
2023-04-05 19:34:59,694 [AppLog] INFO : 准备运动，当前位置：DEV_GetPrintEncoderValue：MoveDirectionFlag{false为Y方向：False}CurrentPos{784.575}AimPos{780}
2023-04-05 19:34:59,726 [AppLog] INFO : X方向运动开始：DEM_Run：返回值{True}nAxis{0}DirFlag{False}nSpeed{200000}MoveStep{-4575.00000000005}nCtlValue{2}
2023-04-05 19:34:59,897 [AppLog] INFO : X方向到位停止：DEM_StopAxisRun：返回值{True}CurrentPos{783.155}bImmeStop{False}nAxisMask{1}
2023-04-05 19:35:00,724 [AppLog] INFO : 开启压墨： motionMap.SetDo(13, true)
2023-04-05 19:35:02,237 [AppLog] INFO : 关闭压墨： motionMap.SetDo(13, true)
2023-04-05 19:35:02,237 [AppLog] INFO : 准备读取编码器位置：X方向！
2023-04-05 19:35:02,253 [AppLog] INFO : 准备运动，当前位置：DEV_GetPrintEncoderValue：MoveDirectionFlag{false为Y方向：False}CurrentPos{780.305}AimPos{680}
2023-04-05 19:35:02,284 [AppLog] INFO : X方向运动开始：DEM_Run：返回值{True}nAxis{0}DirFlag{False}nSpeed{100000}MoveStep{-100305}nCtlValue{2}
2023-04-05 19:35:03,454 [AppLog] INFO : X方向到位停止：DEM_StopAxisRun：返回值{True}CurrentPos{683.62}bImmeStop{False}nAxisMask{1}
2023-04-05 19:35:04,281 [AppLog] INFO : 结束自动清洗过程：AutoCleanThread
2023-04-05 19:35:04,281 [AppLog] INFO : 进入：EquipmentMotionLogic3=》准备创建对象-手动操作！
2023-04-05 19:35:04,281 [AppLog] INFO : 进入：EquipmentMotionLogic3=》不需重新创建-手动操作！
2023-04-05 19:35:04,281 [AppLog] INFO : 进入：EquipmentMotionLogic3=》赋值完成自-AutoPrintMotion2！
2023-04-05 19:35:04,281 [AppLog] INFO : 进入：EquipmentMotionLogic3=》加载配置文件-LoadJsonFile成功！
2023-04-05 19:35:04,281 [AppLog] INFO : 进入：AutoPrintThread2！
2023-04-05 19:35:04,281 [AppLog] INFO : 关闭闪喷操作：IDP_FlashPrtCtl：返回值{True}
2023-04-05 19:35:04,281 [AppLog] INFO : 准备读取编码器位置：Y方向！
2023-04-05 19:35:04,281 [AppLog] INFO : 准备运动，编码器当前位置：DEM_GetAxisEncodeVal：MoveDirectionFlag{false为Y方向：True}CurrentPos{121.015}AimPos{15}
2023-04-05 19:35:04,312 [AppLog] INFO : Y方向运动开始：DEM_Run：返回值{True}nAxis{1}DirFlag{False}nSpeed{200000}MoveStep{-106015}nCtlValue{0}
2023-04-05 19:35:04,312 [AppLog] INFO : 准备读取编码器位置：X方向！
2023-04-05 19:35:04,312 [AppLog] INFO : 准备运动，当前位置：DEV_GetPrintEncoderValue：MoveDirectionFlag{false为Y方向：False}CurrentPos{680.26}AimPos{425}
2023-04-05 19:35:04,343 [AppLog] INFO : X方向运动开始：DEM_Run：返回值{True}nAxis{0}DirFlag{False}nSpeed{200000}MoveStep{-255260}nCtlValue{2}
2023-04-05 19:35:05,981 [AppLog] INFO : X方向到位停止：DEM_StopAxisRun：返回值{True}CurrentPos{428.575}bImmeStop{False}nAxisMask{1}
2023-04-05 19:35:05,981 [AppLog] INFO : 准备读取编码器位置：X方向！
2023-04-05 19:35:05,997 [AppLog] INFO : 准备运动，当前位置：DEV_GetPrintEncoderValue：MoveDirectionFlag{false为Y方向：False}CurrentPos{428.495}AimPos{25}
2023-04-05 19:35:06,028 [AppLog] INFO : X方向运动开始：DEM_Run：返回值{True}nAxis{0}DirFlag{False}nSpeed{150000}MoveStep{-403495}nCtlValue{2}
2023-04-05 19:35:08,976 [AppLog] INFO : X方向到位停止：DEM_StopAxisRun：返回值{True}CurrentPos{25.405}bImmeStop{False}nAxisMask{1}
2023-04-05 19:35:08,976 [AppLog] INFO : 准备读取编码器位置：Y方向！
2023-04-05 19:35:08,976 [AppLog] INFO : 准备运动，编码器当前位置：DEM_GetAxisEncodeVal：MoveDirectionFlag{false为Y方向：True}CurrentPos{15.13}AimPos{69}
2023-04-05 19:35:09,008 [AppLog] INFO : Y方向运动开始：DEM_Run：返回值{True}nAxis{1}DirFlag{True}nSpeed{150000}MoveStep{53870}nCtlValue{0}
2023-04-05 19:35:09,351 [AppLog] INFO : Y方向到位停止：DEM_StopAxisRun：返回值{True}CurrentPos{44.79}bImmeStop{False}nAxisMask{2}
2023-04-05 19:35:09,351 [AppLog] INFO : 获取打印Pass数据：IDP_GetPassItem2：nLayerIndex{6}nPassID{1}nProcState{3}LPPassDataItemb:PrtDir{True}nDataTxCompleteCnt{1}nHwMemAdrMatchMask{1}nLayerIndex{6}nLayerPassCount{6}nLayerPassIndex{1}nMinJet0ImgLinePos{1280}nPrtMemHwAddr{System.UInt32[]}nPrtDataOffset{System.UInt32[]}nSrcDataSize{System.UInt32[]}nPrtColBytes{System.UInt32[]}nPrtPrecession{8}nSrcEndCols{8000}nSrcStartCols{0}nStartEncPos{10000}nValidPassJets{1280}nValidPrtCols{8310}nValidPrtCtlCnts{1}pDataBuf{0}pNextItem{694931888}
2023-04-05 19:35:09,366 [AppLog] INFO : 使能Pass打印成功：IDP_DoPassPrint2：nLayerIndex{6}nPassID{1}
2023-04-05 19:35:09,366 [AppLog] INFO : PASS打印前关键状态：DEV_GetDeviceInfo2：nLayerIndex{6}nPassID{1}LPPRINTER_INFO:nXSysEncDPI{0}nStatus{0}nPrintStatus{0}bSuperDevice{0}
LPPRINTER_INFO-LPPrtRunInfo:bJobPrtRuning{False}bLayerPrtIsOver{False}nContReqMemErr{0}nContWDErr{0}nCurPrtDir{0}nDTLayerIndex{0}nDTLayerPassIndex{0}nDTPtrCtlIndex{0}nLayerPassCount{0}nPrintLayerIndex{0}nPrintPassIndex{0}nProcLayerIndex{0}nPrtDataMemAddr{0}nPrtState{0}nReverse{System.Int32[]}nRevPrtCols{0}
LPPRINTER_INFO-LPDRVINFO:nFMVersion{0}nFpgaVersion{0}nPCBVersion{0}nState{0}nNextState{0}nPtvwarnState{0}nCrc32{0}nRevInfo{System.UInt32[]}nSignature{0}
2023-04-05 19:35:09,366 [AppLog] INFO : 进入：EquipmentMotionLogic3=》准备创建对象-手动操作！
2023-04-05 19:35:09,366 [AppLog] INFO : 进入：EquipmentMotionLogic3=》不需重新创建-手动操作！
2023-04-05 19:35:09,366 [AppLog] INFO : 进入：EquipmentMotionLogic3=》赋值完成自-AutoPrintMotion2！
2023-04-05 19:35:09,366 [AppLog] INFO : 进入：EquipmentMotionLogic3=》加载配置文件-LoadJsonFile成功！
2023-04-05 19:35:09,366 [AppLog] INFO : 进入：AutoPrintThread2！
2023-04-05 19:35:09,366 [AppLog] INFO : 准备读取编码器位置：X方向！
2023-04-05 19:35:09,366 [AppLog] INFO : 准备运动，当前位置：DEV_GetPrintEncoderValue：MoveDirectionFlag{false为Y方向：False}CurrentPos{22.465}AimPos{425}
2023-04-05 19:35:09,398 [AppLog] INFO : X方向运动开始：DEM_Run：返回值{True}nAxis{0}DirFlag{True}nSpeed{150000}MoveStep{402535}nCtlValue{2}
2023-04-05 19:35:12,330 [AppLog] INFO : X方向到位停止：DEM_StopAxisRun：返回值{True}CurrentPos{419.935}bImmeStop{False}nAxisMask{1}
2023-04-05 19:35:12,330 [AppLog] INFO : 准备读取编码器位置：Y方向！
2023-04-05 19:35:12,330 [AppLog] INFO : 准备运动，编码器当前位置：DEM_GetAxisEncodeVal：MoveDirectionFlag{false为Y方向：True}CurrentPos{68.97}AimPos{123}
2023-04-05 19:35:12,362 [AppLog] INFO : Y方向运动开始：DEM_Run：返回值{True}nAxis{1}DirFlag{True}nSpeed{150000}MoveStep{54030}nCtlValue{0}
2023-04-05 19:35:12,705 [AppLog] INFO : Y方向到位停止：DEM_StopAxisRun：返回值{True}CurrentPos{98.59}bImmeStop{False}nAxisMask{2}
2023-04-05 19:35:12,705 [AppLog] INFO : 获取打印Pass数据：IDP_GetPassItem2：nLayerIndex{6}nPassID{2}nProcState{3}LPPassDataItemb:PrtDir{False}nDataTxCompleteCnt{1}nHwMemAdrMatchMask{1}nLayerIndex{6}nLayerPassCount{6}nLayerPassIndex{2}nMinJet0ImgLinePos{2560}nPrtMemHwAddr{System.UInt32[]}nPrtDataOffset{System.UInt32[]}nSrcDataSize{System.UInt32[]}nPrtColBytes{System.UInt32[]}nPrtPrecession{8}nSrcEndCols{8000}nSrcStartCols{0}nStartEncPos{76472}nValidPassJets{1280}nValidPrtCols{8310}nValidPrtCtlCnts{1}pDataBuf{0}pNextItem{694932048}
2023-04-05 19:35:12,736 [AppLog] INFO : 使能Pass打印成功：IDP_DoPassPrint2：nLayerIndex{6}nPassID{2}
2023-04-05 19:35:12,736 [AppLog] INFO : PASS打印前关键状态：DEV_GetDeviceInfo2：nLayerIndex{6}nPassID{2}LPPRINTER_INFO:nXSysEncDPI{0}nStatus{0}nPrintStatus{0}bSuperDevice{0}
LPPRINTER_INFO-LPPrtRunInfo:bJobPrtRuning{False}bLayerPrtIsOver{False}nContReqMemErr{0}nContWDErr{0}nCurPrtDir{0}nDTLayerIndex{0}nDTLayerPassIndex{0}nDTPtrCtlIndex{0}nLayerPassCount{0}nPrintLayerIndex{0}nPrintPassIndex{0}nProcLayerIndex{0}nPrtDataMemAddr{0}nPrtState{0}nReverse{System.Int32[]}nRevPrtCols{0}
LPPRINTER_INFO-LPDRVINFO:nFMVersion{0}nFpgaVersion{0}nPCBVersion{0}nState{0}nNextState{0}nPtvwarnState{0}nCrc32{0}nRevInfo{System.UInt32[]}nSignature{0}
2023-04-05 19:35:12,736 [AppLog] INFO : 进入：EquipmentMotionLogic3=》准备创建对象-手动操作！
2023-04-05 19:35:12,736 [AppLog] INFO : 进入：EquipmentMotionLogic3=》不需重新创建-手动操作！
2023-04-05 19:35:12,736 [AppLog] INFO : 进入：EquipmentMotionLogic3=》赋值完成自-AutoPrintMotion2！
2023-04-05 19:35:12,736 [AppLog] INFO : 进入：EquipmentMotionLogic3=》加载配置文件-LoadJsonFile成功！
2023-04-05 19:35:12,736 [AppLog] INFO : 进入：AutoPrintThread2！
2023-04-05 19:35:12,736 [AppLog] INFO : 准备读取编码器位置：X方向！
2023-04-05 19:35:12,752 [AppLog] INFO : 准备运动，当前位置：DEV_GetPrintEncoderValue：MoveDirectionFlag{false为Y方向：False}CurrentPos{423.5}AimPos{25}
2023-04-05 19:35:12,783 [AppLog] INFO : X方向运动开始：DEM_Run：返回值{True}nAxis{0}DirFlag{False}nSpeed{150000}MoveStep{-398500}nCtlValue{2}
2023-04-05 19:35:15,684 [AppLog] INFO : X方向到位停止：DEM_StopAxisRun：返回值{True}CurrentPos{30.575}bImmeStop{False}nAxisMask{1}
2023-04-05 19:35:15,684 [AppLog] INFO : 准备读取编码器位置：Y方向！
2023-04-05 19:35:15,684 [AppLog] INFO : 准备运动，编码器当前位置：DEM_GetAxisEncodeVal：MoveDirectionFlag{false为Y方向：True}CurrentPos{122.875}AimPos{177}
2023-04-05 19:35:15,716 [AppLog] INFO : Y方向运动开始：DEM_Run：返回值{True}nAxis{1}DirFlag{True}nSpeed{150000}MoveStep{54125}nCtlValue{0}
2023-04-05 19:35:16,059 [AppLog] INFO : Y方向到位停止：DEM_StopAxisRun：返回值{True}CurrentPos{152.285}bImmeStop{False}nAxisMask{2}
2023-04-05 19:35:16,059 [AppLog] INFO : 获取打印Pass数据：IDP_GetPassItem2：nLayerIndex{6}nPassID{3}nProcState{3}LPPassDataItemb:PrtDir{True}nDataTxCompleteCnt{1}nHwMemAdrMatchMask{1}nLayerIndex{6}nLayerPassCount{6}nLayerPassIndex{3}nMinJet0ImgLinePos{3840}nPrtMemHwAddr{System.UInt32[]}nPrtDataOffset{System.UInt32[]}nSrcDataSize{System.UInt32[]}nPrtColBytes{System.UInt32[]}nPrtPrecession{8}nSrcEndCols{8000}nSrcStartCols{0}nStartEncPos{10000}nValidPassJets{1280}nValidPrtCols{8310}nValidPrtCtlCnts{1}pDataBuf{0}pNextItem{694932208}
2023-04-05 19:35:16,059 [AppLog] INFO : 使能Pass打印成功：IDP_DoPassPrint2：nLayerIndex{6}nPassID{3}
2023-04-05 19:35:16,074 [AppLog] INFO : PASS打印前关键状态：DEV_GetDeviceInfo2：nLayerIndex{6}nPassID{3}LPPRINTER_INFO:nXSysEncDPI{0}nStatus{0}nPrintStatus{0}bSuperDevice{0}
LPPRINTER_INFO-LPPrtRunInfo:bJobPrtRuning{False}bLayerPrtIsOver{False}nContReqMemErr{0}nContWDErr{0}nCurPrtDir{0}nDTLayerIndex{0}nDTLayerPassIndex{0}nDTPtrCtlIndex{0}nLayerPassCount{0}nPrintLayerIndex{0}nPrintPassIndex{0}nProcLayerIndex{0}nPrtDataMemAddr{0}nPrtState{0}nReverse{System.Int32[]}nRevPrtCols{0}
LPPRINTER_INFO-LPDRVINFO:nFMVersion{0}nFpgaVersion{0}nPCBVersion{0}nState{0}nNextState{0}nPtvwarnState{0}nCrc32{0}nRevInfo{System.UInt32[]}nSignature{0}
2023-04-05 19:35:16,074 [AppLog] INFO : 进入：EquipmentMotionLogic3=》准备创建对象-手动操作！
2023-04-05 19:35:16,074 [AppLog] INFO : 进入：EquipmentMotionLogic3=》不需重新创建-手动操作！
2023-04-05 19:35:16,074 [AppLog] INFO : 进入：EquipmentMotionLogic3=》赋值完成自-AutoPrintMotion2！
2023-04-05 19:35:16,074 [AppLog] INFO : 进入：EquipmentMotionLogic3=》加载配置文件-LoadJsonFile成功！
2023-04-05 19:35:16,074 [AppLog] INFO : 进入：AutoPrintThread2！
2023-04-05 19:35:16,074 [AppLog] INFO : 准备读取编码器位置：X方向！
2023-04-05 19:35:16,074 [AppLog] INFO : 准备运动，当前位置：DEV_GetPrintEncoderValue：MoveDirectionFlag{false为Y方向：False}CurrentPos{26.45}AimPos{425}
2023-04-05 19:35:16,106 [AppLog] INFO : X方向运动开始：DEM_Run：返回值{True}nAxis{0}DirFlag{True}nSpeed{150000}MoveStep{398550}nCtlValue{2}
2023-04-05 19:35:19,023 [AppLog] INFO : X方向到位停止：DEM_StopAxisRun：返回值{True}CurrentPos{420.685}bImmeStop{False}nAxisMask{1}
2023-04-05 19:35:19,023 [AppLog] INFO : 准备读取编码器位置：Y方向！
2023-04-05 19:35:19,038 [AppLog] INFO : 准备运动，编码器当前位置：DEM_GetAxisEncodeVal：MoveDirectionFlag{false为Y方向：True}CurrentPos{176.86}AimPos{231}
2023-04-05 19:35:19,070 [AppLog] INFO : Y方向运动开始：DEM_Run：返回值{True}nAxis{1}DirFlag{True}nSpeed{150000}MoveStep{54140}nCtlValue{0}
2023-04-05 19:35:19,428 [AppLog] INFO : Y方向到位停止：DEM_StopAxisRun：返回值{True}CurrentPos{208.14}bImmeStop{False}nAxisMask{2}
2023-04-05 19:35:19,428 [AppLog] INFO : 获取打印Pass数据：IDP_GetPassItem2：nLayerIndex{6}nPassID{4}nProcState{3}LPPassDataItemb:PrtDir{False}nDataTxCompleteCnt{1}nHwMemAdrMatchMask{1}nLayerIndex{6}nLayerPassCount{6}nLayerPassIndex{4}nMinJet0ImgLinePos{5120}nPrtMemHwAddr{System.UInt32[]}nPrtDataOffset{System.UInt32[]}nSrcDataSize{System.UInt32[]}nPrtColBytes{System.UInt32[]}nPrtPrecession{8}nSrcEndCols{8000}nSrcStartCols{0}nStartEncPos{76472}nValidPassJets{1280}nValidPrtCols{8310}nValidPrtCtlCnts{1}pDataBuf{0}pNextItem{694932368}
2023-04-05 19:35:19,428 [AppLog] INFO : 使能Pass打印成功：IDP_DoPassPrint2：nLayerIndex{6}nPassID{4}
2023-04-05 19:35:19,444 [AppLog] INFO : PASS打印前关键状态：DEV_GetDeviceInfo2：nLayerIndex{6}nPassID{4}LPPRINTER_INFO:nXSysEncDPI{0}nStatus{0}nPrintStatus{0}bSuperDevice{0}
LPPRINTER_INFO-LPPrtRunInfo:bJobPrtRuning{False}bLayerPrtIsOver{False}nContReqMemErr{0}nContWDErr{0}nCurPrtDir{0}nDTLayerIndex{0}nDTLayerPassIndex{0}nDTPtrCtlIndex{0}nLayerPassCount{0}nPrintLayerIndex{0}nPrintPassIndex{0}nProcLayerIndex{0}nPrtDataMemAddr{0}nPrtState{0}nReverse{System.Int32[]}nRevPrtCols{0}
LPPRINTER_INFO-LPDRVINFO:nFMVersion{0}nFpgaVersion{0}nPCBVersion{0}nState{0}nNextState{0}nPtvwarnState{0}nCrc32{0}nRevInfo{System.UInt32[]}nSignature{0}
2023-04-05 19:35:19,444 [AppLog] INFO : 进入：EquipmentMotionLogic3=》准备创建对象-手动操作！
2023-04-05 19:35:19,444 [AppLog] INFO : 进入：EquipmentMotionLogic3=》不需重新创建-手动操作！
2023-04-05 19:35:19,444 [AppLog] INFO : 进入：EquipmentMotionLogic3=》赋值完成自-AutoPrintMotion2！
2023-04-05 19:35:19,444 [AppLog] INFO : 进入：EquipmentMotionLogic3=》加载配置文件-LoadJsonFile成功！
2023-04-05 19:35:19,444 [AppLog] INFO : 进入：AutoPrintThread2！
2023-04-05 19:35:19,444 [AppLog] INFO : 准备读取编码器位置：X方向！
2023-04-05 19:35:19,444 [AppLog] INFO : 准备运动，当前位置：DEV_GetPrintEncoderValue：MoveDirectionFlag{false为Y方向：False}CurrentPos{423.575}AimPos{25}
2023-04-05 19:35:19,475 [AppLog] INFO : X方向运动开始：DEM_Run：返回值{True}nAxis{0}DirFlag{False}nSpeed{150000}MoveStep{-398575}nCtlValue{2}
2023-04-05 19:35:22,377 [AppLog] INFO : X方向到位停止：DEM_StopAxisRun：返回值{True}CurrentPos{30.98}bImmeStop{False}nAxisMask{1}
2023-04-05 19:35:22,377 [AppLog] INFO : 准备读取编码器位置：Y方向！
2023-04-05 19:35:22,377 [AppLog] INFO : 准备运动，编码器当前位置：DEM_GetAxisEncodeVal：MoveDirectionFlag{false为Y方向：True}CurrentPos{230.925}AimPos{285}
2023-04-05 19:35:22,408 [AppLog] INFO : Y方向运动开始：DEM_Run：返回值{True}nAxis{1}DirFlag{True}nSpeed{150000}MoveStep{54075}nCtlValue{0}
2023-04-05 19:35:22,751 [AppLog] INFO : Y方向到位停止：DEM_StopAxisRun：返回值{True}CurrentPos{260.14}bImmeStop{False}nAxisMask{2}
2023-04-05 19:35:22,751 [AppLog] INFO : 获取打印Pass数据：IDP_GetPassItem2：nLayerIndex{6}nPassID{5}nProcState{3}LPPassDataItemb:PrtDir{True}nDataTxCompleteCnt{1}nHwMemAdrMatchMask{1}nLayerIndex{6}nLayerPassCount{6}nLayerPassIndex{5}nMinJet0ImgLinePos{6400}nPrtMemHwAddr{System.UInt32[]}nPrtDataOffset{System.UInt32[]}nSrcDataSize{System.UInt32[]}nPrtColBytes{System.UInt32[]}nPrtPrecession{8}nSrcEndCols{8000}nSrcStartCols{0}nStartEncPos{10000}nValidPassJets{1280}nValidPrtCols{8310}nValidPrtCtlCnts{1}pDataBuf{0}pNextItem{0}
2023-04-05 19:35:22,751 [AppLog] INFO : 使能Pass打印成功：IDP_DoPassPrint2：nLayerIndex{6}nPassID{5}
2023-04-05 19:35:22,767 [AppLog] INFO : PASS打印前关键状态：DEV_GetDeviceInfo2：nLayerIndex{6}nPassID{5}LPPRINTER_INFO:nXSysEncDPI{0}nStatus{0}nPrintStatus{0}bSuperDevice{0}
LPPRINTER_INFO-LPPrtRunInfo:bJobPrtRuning{False}bLayerPrtIsOver{False}nContReqMemErr{0}nContWDErr{0}nCurPrtDir{0}nDTLayerIndex{0}nDTLayerPassIndex{0}nDTPtrCtlIndex{0}nLayerPassCount{0}nPrintLayerIndex{0}nPrintPassIndex{0}nProcLayerIndex{0}nPrtDataMemAddr{0}nPrtState{0}nReverse{System.Int32[]}nRevPrtCols{0}
LPPRINTER_INFO-LPDRVINFO:nFMVersion{0}nFpgaVersion{0}nPCBVersion{0}nState{0}nNextState{0}nPtvwarnState{0}nCrc32{0}nRevInfo{System.UInt32[]}nSignature{0}
2023-04-05 19:35:22,767 [AppLog] INFO : 进入：EquipmentMotionLogic3=》准备创建对象-手动操作！
2023-04-05 19:35:22,767 [AppLog] INFO : 进入：EquipmentMotionLogic3=》不需重新创建-手动操作！
2023-04-05 19:35:22,767 [AppLog] INFO : 进入：EquipmentMotionLogic3=》赋值完成自-AutoPrintMotion2！
2023-04-05 19:35:22,767 [AppLog] INFO : 进入：EquipmentMotionLogic3=》加载配置文件-LoadJsonFile成功！
2023-04-05 19:35:22,767 [AppLog] INFO : 进入：AutoPrintThread2！
2023-04-05 19:35:22,767 [AppLog] INFO : 准备读取编码器位置：X方向！
2023-04-05 19:35:22,767 [AppLog] INFO : 准备运动，当前位置：DEV_GetPrintEncoderValue：MoveDirectionFlag{false为Y方向：False}CurrentPos{26.47}AimPos{425}
2023-04-05 19:35:22,798 [AppLog] INFO : X方向运动开始：DEM_Run：返回值{True}nAxis{0}DirFlag{True}nSpeed{150000}MoveStep{398530}nCtlValue{2}
2023-04-05 19:35:25,700 [AppLog] INFO : X方向到位停止：DEM_StopAxisRun：返回值{True}CurrentPos{418.695}bImmeStop{False}nAxisMask{1}
2023-04-05 19:35:25,700 [AppLog] INFO : 准备读取编码器位置：X方向！
2023-04-05 19:35:25,700 [AppLog] INFO : 准备运动，当前位置：DEV_GetPrintEncoderValue：MoveDirectionFlag{false为Y方向：False}CurrentPos{418.795}AimPos{780}
2023-04-05 19:35:25,731 [AppLog] INFO : X方向运动开始：DEM_Run：返回值{True}nAxis{0}DirFlag{True}nSpeed{200000}MoveStep{361205}nCtlValue{2}
2023-04-05 19:35:25,731 [AppLog] INFO : 准备读取编码器位置：Y方向！
2023-04-05 19:35:25,731 [AppLog] INFO : 准备运动，编码器当前位置：DEM_GetAxisEncodeVal：MoveDirectionFlag{false为Y方向：True}CurrentPos{284.89}AimPos{121}
2023-04-05 19:35:25,762 [AppLog] INFO : Y方向运动开始：DEM_Run：返回值{True}nAxis{1}DirFlag{False}nSpeed{200000}MoveStep{-163890}nCtlValue{0}
2023-04-05 19:35:27,884 [AppLog] INFO : Y方向到位等停：DEM_StopAxisRun：返回值{True}bImmeStop{False}nAxisMask{1}
2023-04-05 19:35:27,884 [AppLog] INFO : X方向到位等停：DEM_StopAxisRun：返回值{True}bImmeStop{False}nAxisMask{2}
2023-04-05 19:35:27,899 [AppLog] INFO : 开启闪喷操作：IDP_FlashPrtCtl：返回值{True}
2023-04-05 19:35:27,899 [AppLog] INFO : 进入：EquipmentMotionLogic3=》准备创建对象-手动操作！
2023-04-05 19:35:27,899 [AppLog] INFO : 进入：EquipmentMotionLogic3=》不需重新创建-手动操作！
2023-04-05 19:35:27,899 [AppLog] INFO : 进入：EquipmentMotionLogic3=》赋值完成自-AutoPrintMotion2！
2023-04-05 19:35:27,899 [AppLog] INFO : 进入：EquipmentMotionLogic3=》加载配置文件-LoadJsonFile成功！
2023-04-05 19:35:27,899 [AppLog] INFO : 进入自动铺粉逻辑：NewAutoSupplyPowderThread2
2023-04-05 19:35:27,962 [AppLog] INFO : 手动正向点动指令（8轴运控板卡系统） ====》：输出AXIS{第1轴},点动量{-0.08MM},运动速度{2MM/s}
2023-04-05 19:35:27,962 [AppLog] INFO : 成形面高度下降层厚 TrapSpace{0.08mm}：TrapMoveUp(1, true, Convert.ToString(vel), Convert.ToString(TrapSpace), true, true）
2023-04-05 19:35:28,742 [AppLog] INFO : 手动正向点动指令（8轴运控板卡系统） ====》：输出AXIS{第1轴},点动量{-1.5MM},运动速度{2MM/s}
2023-04-05 19:35:28,742 [AppLog] INFO : 成形面高度下降指定厚度 TrapSpace{1.5mm}：TrapMoveUp(1, true, Convert.ToString(vel), Convert.ToString(TrapSpace), true, true）
2023-04-05 19:35:29,522 [AppLog] INFO : 手动正向点动指令（8轴运控板卡系统） ====》：输出AXIS{第1轴},点动量{1.5MM},运动速度{2MM/s}
2023-04-05 19:35:29,522 [AppLog] INFO : 成形面高度上升层厚 TrapSpace{1.5mm}：TrapMoveUp(1, true, Convert.ToString(vel), Convert.ToString(TrapSpace), true, true）
2023-04-05 19:35:29,724 [AppLog] INFO : 手动正向点动指令（8轴运控板卡系统） ====》：输出AXIS{第8轴},点动量{0.5MM},运动速度{2.5MM/s}
2023-04-05 19:35:29,724 [AppLog] INFO : Hopper落粉轴转2圈落粉，速度0.5rev/s：TrapMoveUp(8, true, 0.5, rotateNuM.ToString(), true, false)
2023-04-05 19:35:29,724 [AppLog] INFO : 手动正向点动指令（8轴运控板卡系统） ====》：输出AXIS{第2轴},点动量{258MM},运动速度{200MM/s}
2023-04-05 19:35:29,724 [AppLog] INFO : 手动正向点动指令（8轴运控板卡系统） ====》：输出AXIS{第2轴},点动量{698MM},运动速度{50MM/s}
2023-04-05 19:35:29,724 [AppLog] INFO : 开启铺粉车不等停运动至站2，速度0.5rev/s：BackToStation2
2023-04-05 19:35:32,798 [AppLog] INFO : 打开IR灯：OpenIRLamp(true)
2023-04-05 19:35:34,888 [AppLog] INFO : 手动正向点动指令（8轴运控板卡系统） ====》：输出AXIS{第3轴},点动量{0.5MM},运动速度{0.0980392156862745MM/s}
2023-04-05 19:35:34,888 [AppLog] INFO : 开启均匀落粉及辊子铺平运动：TrapMoveUp(3, true, Convert.ToString(DispenseRollerSpeed), 0.5, true, true)
2023-04-05 19:35:40,099 [AppLog] INFO : 关闭IR灯：OpenIRLamp(false)
2023-04-05 19:35:42,439 [AppLog] INFO : 手动正向点动指令（8轴运控板卡系统） ====》：输出AXIS{第3轴},点动量{0.5MM},运动速度{2MM/s}
2023-04-05 19:35:42,439 [AppLog] INFO : 落粉轴继续转动以倒掉余粉：TrapMoveUp(3, true, 2, 0.5, true, false)
2023-04-05 19:35:44,451 [AppLog] INFO : 手动正向点动指令（8轴运控板卡系统） ====》：输出AXIS{第1轴},点动量{-1.5MM},运动速度{2MM/s}
2023-04-05 19:35:44,467 [AppLog] INFO : 成形面高度下降指定厚度 TrapSpace{1.5mm}：TrapMoveUp(1, true, Convert.ToString(vel), Convert.ToString(TrapSpace), true, true）
2023-04-05 19:35:47,961 [AppLog] INFO : 手动正向点动指令（8轴运控板卡系统） ====》：输出AXIS{第2轴},点动量{-698MM},运动速度{200MM/s}
2023-04-05 19:35:47,961 [AppLog] INFO : 铺粉车返回至站1：BackToStation2(AimPos, MovSpeed, true)
2023-04-05 19:35:48,335 [AppLog] INFO : 落粉轴回零成功：motionMap.SetBackSpreaderAxis(3, 0.5, 2, -SinkPosition)：ReturnCode{True}
2023-04-05 19:35:49,100 [AppLog] INFO : 手动正向点动指令（8轴运控板卡系统） ====》：输出AXIS{第1轴},点动量{1.5MM},运动速度{2MM/s}
2023-04-05 19:35:49,100 [AppLog] INFO : 成形面高度上升层厚 TrapSpace{1.5mm}：TrapMoveUp(1, true, Convert.ToString(vel), Convert.ToString(TrapSpace), true, true）
2023-04-05 19:35:49,100 [AppLog] INFO : 自动铺粉正常结束：NewAutoSupplyPowderThread2
2023-04-05 19:35:49,100 [AppLog] INFO : 发送监控指令，拍照记录1条：SendMessageFromSharedMemory
2023-04-05 19:35:49,100 [AppLog] INFO : 执行完成铺粉固化操作：EquipmentMotionLogic3：m_bApplyPowderSupplyMotion:0
2023-04-05 19:35:49,100 [AppLog] INFO : 接收到恢复打印指令：PrintTaskTHREAD
2023-04-05 19:35:49,100 [AppLog] INFO : 获取打印Pass数据：IDP_GetPassItem2：nLayerIndex{7}nPassID{0}nProcState{3}LPPassDataItemb:PrtDir{False}nDataTxCompleteCnt{1}nHwMemAdrMatchMask{1}nLayerIndex{7}nLayerPassCount{6}nLayerPassIndex{0}nMinJet0ImgLinePos{0}nPrtMemHwAddr{System.UInt32[]}nPrtDataOffset{System.UInt32[]}nSrcDataSize{System.UInt32[]}nPrtColBytes{System.UInt32[]}nPrtPrecession{8}nSrcEndCols{8000}nSrcStartCols{0}nStartEncPos{76472}nValidPassJets{1280}nValidPrtCols{8310}nValidPrtCtlCnts{1}pDataBuf{0}pNextItem{694932688}
2023-04-05 19:35:49,131 [AppLog] INFO : 使能Pass打印成功：IDP_DoPassPrint2：nLayerIndex{7}nPassID{0}
2023-04-05 19:35:49,131 [AppLog] INFO : PASS打印前关键状态：DEV_GetDeviceInfo2：nLayerIndex{7}nPassID{0}LPPRINTER_INFO:nXSysEncDPI{0}nStatus{0}nPrintStatus{0}bSuperDevice{0}
LPPRINTER_INFO-LPPrtRunInfo:bJobPrtRuning{False}bLayerPrtIsOver{False}nContReqMemErr{0}nContWDErr{0}nCurPrtDir{0}nDTLayerIndex{0}nDTLayerPassIndex{0}nDTPtrCtlIndex{0}nLayerPassCount{0}nPrintLayerIndex{0}nPrintPassIndex{0}nProcLayerIndex{0}nPrtDataMemAddr{0}nPrtState{0}nReverse{System.Int32[]}nRevPrtCols{0}
LPPRINTER_INFO-LPDRVINFO:nFMVersion{0}nFpgaVersion{0}nPCBVersion{0}nState{0}nNextState{0}nPtvwarnState{0}nCrc32{0}nRevInfo{System.UInt32[]}nSignature{0}
2023-04-05 19:35:49,131 [AppLog] INFO : 进入：EquipmentMotionLogic3=》准备创建对象-手动操作！
2023-04-05 19:35:49,131 [AppLog] INFO : 进入：EquipmentMotionLogic3=》不需重新创建-手动操作！
2023-04-05 19:35:49,131 [AppLog] INFO : 进入：EquipmentMotionLogic3=》赋值完成自-AutoPrintMotion2！
2023-04-05 19:35:49,131 [AppLog] INFO : 进入：EquipmentMotionLogic3=》加载配置文件-LoadJsonFile成功！
2023-04-05 19:35:49,131 [AppLog] INFO : 进入自动清洗过程：AutoCleanThread
2023-04-05 19:35:50,114 [AppLog] INFO : 刮墨轴回零成功：motionMap.SetBackSpreaderAxis(4, 1, 2, -SinkPosition)
2023-04-05 19:35:50,114 [AppLog] INFO : 准备读取编码器位置：Y方向！
2023-04-05 19:35:50,129 [AppLog] INFO : 准备运动，编码器当前位置：DEM_GetAxisEncodeVal：MoveDirectionFlag{false为Y方向：True}CurrentPos{121.33}AimPos{121}
2023-04-05 19:35:50,161 [AppLog] INFO : Y方向运动开始：DEM_Run：返回值{True}nAxis{1}DirFlag{False}nSpeed{200000}MoveStep{-329.999999999998}nCtlValue{0}
2023-04-05 19:35:50,348 [AppLog] INFO : Y方向到位停止：DEM_StopAxisRun：返回值{True}CurrentPos{121.33}bImmeStop{False}nAxisMask{2}
2023-04-05 19:35:50,348 [AppLog] INFO : 准备读取编码器位置：X方向！
2023-04-05 19:35:50,348 [AppLog] INFO : 准备运动，当前位置：DEV_GetPrintEncoderValue：MoveDirectionFlag{false为Y方向：False}CurrentPos{784.67}AimPos{780}
2023-04-05 19:35:50,379 [AppLog] INFO : X方向运动开始：DEM_Run：返回值{True}nAxis{0}DirFlag{False}nSpeed{200000}MoveStep{-4670.00000000007}nCtlValue{2}
2023-04-05 19:35:50,551 [AppLog] INFO : X方向到位停止：DEM_StopAxisRun：返回值{True}CurrentPos{783.255}bImmeStop{False}nAxisMask{1}
2023-04-05 19:35:51,377 [AppLog] INFO : 开启压墨： motionMap.SetDo(13, true)
2023-04-05 19:35:52,891 [AppLog] INFO : 关闭压墨： motionMap.SetDo(13, true)
2023-04-05 19:35:52,891 [AppLog] INFO : 准备读取编码器位置：X方向！
2023-04-05 19:35:52,891 [AppLog] INFO : 准备运动，当前位置：DEV_GetPrintEncoderValue：MoveDirectionFlag{false为Y方向：False}CurrentPos{780.325}AimPos{680}
2023-04-05 19:35:52,922 [AppLog] INFO : X方向运动开始：DEM_Run：返回值{True}nAxis{0}DirFlag{False}nSpeed{100000}MoveStep{-100325}nCtlValue{2}
2023-04-05 19:35:54,092 [AppLog] INFO : X方向到位停止：DEM_StopAxisRun：返回值{True}CurrentPos{683.325}bImmeStop{False}nAxisMask{1}
2023-04-05 19:35:54,919 [AppLog] INFO : 结束自动清洗过程：AutoCleanThread
2023-04-05 19:35:54,919 [AppLog] INFO : 进入：EquipmentMotionLogic3=》准备创建对象-手动操作！
2023-04-05 19:35:54,919 [AppLog] INFO : 进入：EquipmentMotionLogic3=》不需重新创建-手动操作！
2023-04-05 19:35:54,919 [AppLog] INFO : 进入：EquipmentMotionLogic3=》赋值完成自-AutoPrintMotion2！
2023-04-05 19:35:54,919 [AppLog] INFO : 进入：EquipmentMotionLogic3=》加载配置文件-LoadJsonFile成功！
2023-04-05 19:35:54,919 [AppLog] INFO : 进入：AutoPrintThread2！
2023-04-05 19:35:54,919 [AppLog] INFO : 关闭闪喷操作：IDP_FlashPrtCtl：返回值{True}
2023-04-05 19:35:54,919 [AppLog] INFO : 准备读取编码器位置：Y方向！
2023-04-05 19:35:54,919 [AppLog] INFO : 准备运动，编码器当前位置：DEM_GetAxisEncodeVal：MoveDirectionFlag{false为Y方向：True}CurrentPos{121.005}AimPos{15}
2023-04-05 19:35:54,950 [AppLog] INFO : Y方向运动开始：DEM_Run：返回值{True}nAxis{1}DirFlag{False}nSpeed{200000}MoveStep{-106005}nCtlValue{0}
2023-04-05 19:35:54,950 [AppLog] INFO : 准备读取编码器位置：X方向！
2023-04-05 19:35:54,950 [AppLog] INFO : 准备运动，当前位置：DEV_GetPrintEncoderValue：MoveDirectionFlag{false为Y方向：False}CurrentPos{680.22}AimPos{425}
2023-04-05 19:35:54,981 [AppLog] INFO : X方向运动开始：DEM_Run：返回值{True}nAxis{0}DirFlag{False}nSpeed{200000}MoveStep{-255220}nCtlValue{2}
2023-04-05 19:35:56,619 [AppLog] INFO : X方向到位停止：DEM_StopAxisRun：返回值{True}CurrentPos{429.135}bImmeStop{False}nAxisMask{1}
2023-04-05 19:35:56,619 [AppLog] INFO : 准备读取编码器位置：X方向！
2023-04-05 19:35:56,619 [AppLog] INFO : 准备运动，当前位置：DEV_GetPrintEncoderValue：MoveDirectionFlag{false为Y方向：False}CurrentPos{429.06}AimPos{25}
2023-04-05 19:35:56,650 [AppLog] INFO : X方向运动开始：DEM_Run：返回值{True}nAxis{0}DirFlag{False}nSpeed{150000}MoveStep{-404060}nCtlValue{2}
2023-04-05 19:35:59,583 [AppLog] INFO : X方向到位停止：DEM_StopAxisRun：返回值{True}CurrentPos{25.45}bImmeStop{False}nAxisMask{1}
2023-04-05 19:35:59,583 [AppLog] INFO : 准备读取编码器位置：Y方向！
2023-04-05 19:35:59,583 [AppLog] INFO : 准备运动，编码器当前位置：DEM_GetAxisEncodeVal：MoveDirectionFlag{false为Y方向：True}CurrentPos{15.14}AimPos{69}
2023-04-05 19:35:59,630 [AppLog] INFO : Y方向运动开始：DEM_Run：返回值{True}nAxis{1}DirFlag{True}nSpeed{150000}MoveStep{53860}nCtlValue{0}
2023-04-05 19:35:59,973 [AppLog] INFO : Y方向到位停止：DEM_StopAxisRun：返回值{True}CurrentPos{44.67}bImmeStop{False}nAxisMask{2}
2023-04-05 19:35:59,973 [AppLog] INFO : 获取打印Pass数据：IDP_GetPassItem2：nLayerIndex{7}nPassID{1}nProcState{3}LPPassDataItemb:PrtDir{True}nDataTxCompleteCnt{1}nHwMemAdrMatchMask{1}nLayerIndex{7}nLayerPassCount{6}nLayerPassIndex{1}nMinJet0ImgLinePos{1280}nPrtMemHwAddr{System.UInt32[]}nPrtDataOffset{System.UInt32[]}nSrcDataSize{System.UInt32[]}nPrtColBytes{System.UInt32[]}nPrtPrecession{8}nSrcEndCols{8000}nSrcStartCols{0}nStartEncPos{10000}nValidPassJets{1280}nValidPrtCols{8310}nValidPrtCtlCnts{1}pDataBuf{0}pNextItem{694932848}
2023-04-05 19:35:59,989 [AppLog] INFO : 使能Pass打印成功：IDP_DoPassPrint2：nLayerIndex{7}nPassID{1}
2023-04-05 19:35:59,989 [AppLog] INFO : PASS打印前关键状态：DEV_GetDeviceInfo2：nLayerIndex{7}nPassID{1}LPPRINTER_INFO:nXSysEncDPI{0}nStatus{0}nPrintStatus{0}bSuperDevice{0}
LPPRINTER_INFO-LPPrtRunInfo:bJobPrtRuning{False}bLayerPrtIsOver{False}nContReqMemErr{0}nContWDErr{0}nCurPrtDir{0}nDTLayerIndex{0}nDTLayerPassIndex{0}nDTPtrCtlIndex{0}nLayerPassCount{0}nPrintLayerIndex{0}nPrintPassIndex{0}nProcLayerIndex{0}nPrtDataMemAddr{0}nPrtState{0}nReverse{System.Int32[]}nRevPrtCols{0}
LPPRINTER_INFO-LPDRVINFO:nFMVersion{0}nFpgaVersion{0}nPCBVersion{0}nState{0}nNextState{0}nPtvwarnState{0}nCrc32{0}nRevInfo{System.UInt32[]}nSignature{0}
2023-04-05 19:35:59,989 [AppLog] INFO : 进入：EquipmentMotionLogic3=》准备创建对象-手动操作！
2023-04-05 19:35:59,989 [AppLog] INFO : 进入：EquipmentMotionLogic3=》不需重新创建-手动操作！
2023-04-05 19:35:59,989 [AppLog] INFO : 进入：EquipmentMotionLogic3=》赋值完成自-AutoPrintMotion2！
2023-04-05 19:35:59,989 [AppLog] INFO : 进入：EquipmentMotionLogic3=》加载配置文件-LoadJsonFile成功！
2023-04-05 19:35:59,989 [AppLog] INFO : 进入：AutoPrintThread2！
2023-04-05 19:35:59,989 [AppLog] INFO : 准备读取编码器位置：X方向！
2023-04-05 19:35:59,989 [AppLog] INFO : 准备运动，当前位置：DEV_GetPrintEncoderValue：MoveDirectionFlag{false为Y方向：False}CurrentPos{21.94}AimPos{425}
2023-04-05 19:36:00,020 [AppLog] INFO : X方向运动开始：DEM_Run：返回值{True}nAxis{0}DirFlag{True}nSpeed{150000}MoveStep{403060}nCtlValue{2}
2023-04-05 19:36:02,953 [AppLog] INFO : X方向到位停止：DEM_StopAxisRun：返回值{True}CurrentPos{419.76}bImmeStop{False}nAxisMask{1}
2023-04-05 19:36:02,953 [AppLog] INFO : 准备读取编码器位置：Y方向！
2023-04-05 19:36:02,953 [AppLog] INFO : 准备运动，编码器当前位置：DEM_GetAxisEncodeVal：MoveDirectionFlag{false为Y方向：True}CurrentPos{68.97}AimPos{123}
2023-04-05 19:36:02,984 [AppLog] INFO : Y方向运动开始：DEM_Run：返回值{True}nAxis{1}DirFlag{True}nSpeed{150000}MoveStep{54030}nCtlValue{0}
2023-04-05 19:36:03,327 [AppLog] INFO : Y方向到位停止：DEM_StopAxisRun：返回值{True}CurrentPos{97.83}bImmeStop{False}nAxisMask{2}
2023-04-05 19:36:03,327 [AppLog] INFO : 获取打印Pass数据：IDP_GetPassItem2：nLayerIndex{7}nPassID{2}nProcState{3}LPPassDataItemb:PrtDir{False}nDataTxCompleteCnt{1}nHwMemAdrMatchMask{1}nLayerIndex{7}nLayerPassCount{6}nLayerPassIndex{2}nMinJet0ImgLinePos{2560}nPrtMemHwAddr{System.UInt32[]}nPrtDataOffset{System.UInt32[]}nSrcDataSize{System.UInt32[]}nPrtColBytes{System.UInt32[]}nPrtPrecession{8}nSrcEndCols{8000}nSrcStartCols{0}nStartEncPos{76472}nValidPassJets{1280}nValidPrtCols{8310}nValidPrtCtlCnts{1}pDataBuf{0}pNextItem{694933008}
2023-04-05 19:36:03,327 [AppLog] INFO : 使能Pass打印成功：IDP_DoPassPrint2：nLayerIndex{7}nPassID{2}
2023-04-05 19:36:03,343 [AppLog] INFO : PASS打印前关键状态：DEV_GetDeviceInfo2：nLayerIndex{7}nPassID{2}LPPRINTER_INFO:nXSysEncDPI{0}nStatus{0}nPrintStatus{0}bSuperDevice{0}
LPPRINTER_INFO-LPPrtRunInfo:bJobPrtRuning{False}bLayerPrtIsOver{False}nContReqMemErr{0}nContWDErr{0}nCurPrtDir{0}nDTLayerIndex{0}nDTLayerPassIndex{0}nDTPtrCtlIndex{0}nLayerPassCount{0}nPrintLayerIndex{0}nPrintPassIndex{0}nProcLayerIndex{0}nPrtDataMemAddr{0}nPrtState{0}nReverse{System.Int32[]}nRevPrtCols{0}
LPPRINTER_INFO-LPDRVINFO:nFMVersion{0}nFpgaVersion{0}nPCBVersion{0}nState{0}nNextState{0}nPtvwarnState{0}nCrc32{0}nRevInfo{System.UInt32[]}nSignature{0}
2023-04-05 19:36:03,343 [AppLog] INFO : 进入：EquipmentMotionLogic3=》准备创建对象-手动操作！
2023-04-05 19:36:03,343 [AppLog] INFO : 进入：EquipmentMotionLogic3=》不需重新创建-手动操作！
2023-04-05 19:36:03,343 [AppLog] INFO : 进入：EquipmentMotionLogic3=》赋值完成自-AutoPrintMotion2！
2023-04-05 19:36:03,343 [AppLog] INFO : 进入：EquipmentMotionLogic3=》加载配置文件-LoadJsonFile成功！
2023-04-05 19:36:03,343 [AppLog] INFO : 进入：AutoPrintThread2！
2023-04-05 19:36:03,343 [AppLog] INFO : 准备读取编码器位置：X方向！
2023-04-05 19:36:03,343 [AppLog] INFO : 准备运动，当前位置：DEV_GetPrintEncoderValue：MoveDirectionFlag{false为Y方向：False}CurrentPos{423.49}AimPos{25}
2023-04-05 19:36:03,374 [AppLog] INFO : X方向运动开始：DEM_Run：返回值{True}nAxis{0}DirFlag{False}nSpeed{150000}MoveStep{-398490}nCtlValue{2}
2023-04-05 19:36:05,355 [AppLog] INFO : 进入JOB参数设置：修改前初始参数：灰度数据格式{1bits}打印灰阶{1阶}m_XPrintDpi{635Dpi}墨车运动速度{150MM/s}X向起打位置{50MM}X向起打位置偏移{0MM}Y向起打位置偏移{0MM}
2023-04-05 19:36:06,275 [AppLog] INFO : X方向到位停止：DEM_StopAxisRun：返回值{True}CurrentPos{30.405}bImmeStop{False}nAxisMask{1}
2023-04-05 19:36:06,275 [AppLog] INFO : 准备读取编码器位置：Y方向！
2023-04-05 19:36:06,275 [AppLog] INFO : 准备运动，编码器当前位置：DEM_GetAxisEncodeVal：MoveDirectionFlag{false为Y方向：True}CurrentPos{122.88}AimPos{177}
2023-04-05 19:36:06,307 [AppLog] INFO : Y方向运动开始：DEM_Run：返回值{True}nAxis{1}DirFlag{True}nSpeed{150000}MoveStep{54120}nCtlValue{0}
2023-04-05 19:36:06,650 [AppLog] INFO : Y方向到位停止：DEM_StopAxisRun：返回值{True}CurrentPos{152.275}bImmeStop{False}nAxisMask{2}
2023-04-05 19:36:06,650 [AppLog] INFO : 获取打印Pass数据：IDP_GetPassItem2：nLayerIndex{7}nPassID{3}nProcState{3}LPPassDataItemb:PrtDir{True}nDataTxCompleteCnt{1}nHwMemAdrMatchMask{1}nLayerIndex{7}nLayerPassCount{6}nLayerPassIndex{3}nMinJet0ImgLinePos{3840}nPrtMemHwAddr{System.UInt32[]}nPrtDataOffset{System.UInt32[]}nSrcDataSize{System.UInt32[]}nPrtColBytes{System.UInt32[]}nPrtPrecession{8}nSrcEndCols{8000}nSrcStartCols{0}nStartEncPos{10000}nValidPassJets{1280}nValidPrtCols{8310}nValidPrtCtlCnts{1}pDataBuf{0}pNextItem{694933168}
2023-04-05 19:36:06,650 [AppLog] INFO : 使能Pass打印成功：IDP_DoPassPrint2：nLayerIndex{7}nPassID{3}
2023-04-05 19:36:06,665 [AppLog] INFO : PASS打印前关键状态：DEV_GetDeviceInfo2：nLayerIndex{7}nPassID{3}LPPRINTER_INFO:nXSysEncDPI{0}nStatus{0}nPrintStatus{0}bSuperDevice{0}
LPPRINTER_INFO-LPPrtRunInfo:bJobPrtRuning{False}bLayerPrtIsOver{False}nContReqMemErr{0}nContWDErr{0}nCurPrtDir{0}nDTLayerIndex{0}nDTLayerPassIndex{0}nDTPtrCtlIndex{0}nLayerPassCount{0}nPrintLayerIndex{0}nPrintPassIndex{0}nProcLayerIndex{0}nPrtDataMemAddr{0}nPrtState{0}nReverse{System.Int32[]}nRevPrtCols{0}
LPPRINTER_INFO-LPDRVINFO:nFMVersion{0}nFpgaVersion{0}nPCBVersion{0}nState{0}nNextState{0}nPtvwarnState{0}nCrc32{0}nRevInfo{System.UInt32[]}nSignature{0}
2023-04-05 19:36:06,665 [AppLog] INFO : 进入：EquipmentMotionLogic3=》准备创建对象-手动操作！
2023-04-05 19:36:06,665 [AppLog] INFO : 进入：EquipmentMotionLogic3=》不需重新创建-手动操作！
2023-04-05 19:36:06,665 [AppLog] INFO : 进入：EquipmentMotionLogic3=》赋值完成自-AutoPrintMotion2！
2023-04-05 19:36:06,665 [AppLog] INFO : 进入：EquipmentMotionLogic3=》加载配置文件-LoadJsonFile成功！
2023-04-05 19:36:06,665 [AppLog] INFO : 进入：AutoPrintThread2！
2023-04-05 19:36:06,665 [AppLog] INFO : 准备读取编码器位置：X方向！
2023-04-05 19:36:06,665 [AppLog] INFO : 准备运动，当前位置：DEV_GetPrintEncoderValue：MoveDirectionFlag{false为Y方向：False}CurrentPos{26.47}AimPos{425}
2023-04-05 19:36:06,697 [AppLog] INFO : X方向运动开始：DEM_Run：返回值{True}nAxis{0}DirFlag{True}nSpeed{150000}MoveStep{398530}nCtlValue{2}
2023-04-05 19:36:09,161 [AppLog] INFO : 退出JOB参数设置：修改后参数：灰度数据格式{1bits}打印灰阶{1阶}m_XPrintDpi{635Dpi}墨车运动速度{150MM/s}X向起打位置{50MM}X向起打位置偏移{0MM}Y向起打位置偏移{0MM}
2023-04-05 19:36:09,598 [AppLog] INFO : X方向到位停止：DEM_StopAxisRun：返回值{True}CurrentPos{419.145}bImmeStop{False}nAxisMask{1}
2023-04-05 19:36:09,598 [AppLog] INFO : 准备读取编码器位置：Y方向！
2023-04-05 19:36:09,598 [AppLog] INFO : 准备运动，编码器当前位置：DEM_GetAxisEncodeVal：MoveDirectionFlag{false为Y方向：True}CurrentPos{176.85}AimPos{231}
2023-04-05 19:36:09,629 [AppLog] INFO : Y方向运动开始：DEM_Run：返回值{True}nAxis{1}DirFlag{True}nSpeed{150000}MoveStep{54150}nCtlValue{0}
2023-04-05 19:36:09,973 [AppLog] INFO : Y方向到位停止：DEM_StopAxisRun：返回值{True}CurrentPos{206.405}bImmeStop{False}nAxisMask{2}
2023-04-05 19:36:09,973 [AppLog] INFO : 获取打印Pass数据：IDP_GetPassItem2：nLayerIndex{7}nPassID{4}nProcState{3}LPPassDataItemb:PrtDir{False}nDataTxCompleteCnt{1}nHwMemAdrMatchMask{1}nLayerIndex{7}nLayerPassCount{6}nLayerPassIndex{4}nMinJet0ImgLinePos{5120}nPrtMemHwAddr{System.UInt32[]}nPrtDataOffset{System.UInt32[]}nSrcDataSize{System.UInt32[]}nPrtColBytes{System.UInt32[]}nPrtPrecession{8}nSrcEndCols{8000}nSrcStartCols{0}nStartEncPos{76472}nValidPassJets{1280}nValidPrtCols{8310}nValidPrtCtlCnts{1}pDataBuf{0}pNextItem{694933328}
2023-04-05 19:36:09,988 [AppLog] INFO : 使能Pass打印成功：IDP_DoPassPrint2：nLayerIndex{7}nPassID{4}
2023-04-05 19:36:09,988 [AppLog] INFO : PASS打印前关键状态：DEV_GetDeviceInfo2：nLayerIndex{7}nPassID{4}LPPRINTER_INFO:nXSysEncDPI{0}nStatus{0}nPrintStatus{0}bSuperDevice{0}
LPPRINTER_INFO-LPPrtRunInfo:bJobPrtRuning{False}bLayerPrtIsOver{False}nContReqMemErr{0}nContWDErr{0}nCurPrtDir{0}nDTLayerIndex{0}nDTLayerPassIndex{0}nDTPtrCtlIndex{0}nLayerPassCount{0}nPrintLayerIndex{0}nPrintPassIndex{0}nProcLayerIndex{0}nPrtDataMemAddr{0}nPrtState{0}nReverse{System.Int32[]}nRevPrtCols{0}
LPPRINTER_INFO-LPDRVINFO:nFMVersion{0}nFpgaVersion{0}nPCBVersion{0}nState{0}nNextState{0}nPtvwarnState{0}nCrc32{0}nRevInfo{System.UInt32[]}nSignature{0}
2023-04-05 19:36:09,988 [AppLog] INFO : 进入：EquipmentMotionLogic3=》准备创建对象-手动操作！
2023-04-05 19:36:09,988 [AppLog] INFO : 进入：EquipmentMotionLogic3=》不需重新创建-手动操作！
2023-04-05 19:36:09,988 [AppLog] INFO : 进入：EquipmentMotionLogic3=》赋值完成自-AutoPrintMotion2！
2023-04-05 19:36:09,988 [AppLog] INFO : 进入：EquipmentMotionLogic3=》加载配置文件-LoadJsonFile成功！
2023-04-05 19:36:09,988 [AppLog] INFO : 进入：AutoPrintThread2！
2023-04-05 19:36:09,988 [AppLog] INFO : 准备读取编码器位置：X方向！
2023-04-05 19:36:09,988 [AppLog] INFO : 准备运动，当前位置：DEV_GetPrintEncoderValue：MoveDirectionFlag{false为Y方向：False}CurrentPos{423.54}AimPos{25}
2023-04-05 19:36:10,019 [AppLog] INFO : X方向运动开始：DEM_Run：返回值{True}nAxis{0}DirFlag{False}nSpeed{150000}MoveStep{-398540}nCtlValue{2}
2023-04-05 19:36:12,937 [AppLog] INFO : X方向到位停止：DEM_StopAxisRun：返回值{True}CurrentPos{29.93}bImmeStop{False}nAxisMask{1}
2023-04-05 19:36:12,937 [AppLog] INFO : 准备读取编码器位置：Y方向！
2023-04-05 19:36:12,952 [AppLog] INFO : 准备运动，编码器当前位置：DEM_GetAxisEncodeVal：MoveDirectionFlag{false为Y方向：True}CurrentPos{230.93}AimPos{285}
2023-04-05 19:36:12,999 [AppLog] INFO : Y方向运动开始：DEM_Run：返回值{True}nAxis{1}DirFlag{True}nSpeed{150000}MoveStep{54070}nCtlValue{0}
2023-04-05 19:36:13,342 [AppLog] INFO : Y方向到位停止：DEM_StopAxisRun：返回值{True}CurrentPos{260.415}bImmeStop{False}nAxisMask{2}
2023-04-05 19:36:13,342 [AppLog] INFO : 获取打印Pass数据：IDP_GetPassItem2：nLayerIndex{7}nPassID{5}nProcState{3}LPPassDataItemb:PrtDir{True}nDataTxCompleteCnt{1}nHwMemAdrMatchMask{1}nLayerIndex{7}nLayerPassCount{6}nLayerPassIndex{5}nMinJet0ImgLinePos{6400}nPrtMemHwAddr{System.UInt32[]}nPrtDataOffset{System.UInt32[]}nSrcDataSize{System.UInt32[]}nPrtColBytes{System.UInt32[]}nPrtPrecession{8}nSrcEndCols{8000}nSrcStartCols{0}nStartEncPos{10000}nValidPassJets{1280}nValidPrtCols{8310}nValidPrtCtlCnts{1}pDataBuf{0}pNextItem{0}
2023-04-05 19:36:13,358 [AppLog] INFO : 使能Pass打印成功：IDP_DoPassPrint2：nLayerIndex{7}nPassID{5}
2023-04-05 19:36:13,358 [AppLog] INFO : PASS打印前关键状态：DEV_GetDeviceInfo2：nLayerIndex{7}nPassID{5}LPPRINTER_INFO:nXSysEncDPI{0}nStatus{0}nPrintStatus{0}bSuperDevice{0}
LPPRINTER_INFO-LPPrtRunInfo:bJobPrtRuning{False}bLayerPrtIsOver{False}nContReqMemErr{0}nContWDErr{0}nCurPrtDir{0}nDTLayerIndex{0}nDTLayerPassIndex{0}nDTPtrCtlIndex{0}nLayerPassCount{0}nPrintLayerIndex{0}nPrintPassIndex{0}nProcLayerIndex{0}nPrtDataMemAddr{0}nPrtState{0}nReverse{System.Int32[]}nRevPrtCols{0}
LPPRINTER_INFO-LPDRVINFO:nFMVersion{0}nFpgaVersion{0}nPCBVersion{0}nState{0}nNextState{0}nPtvwarnState{0}nCrc32{0}nRevInfo{System.UInt32[]}nSignature{0}
2023-04-05 19:36:13,358 [AppLog] INFO : 进入：EquipmentMotionLogic3=》准备创建对象-手动操作！
2023-04-05 19:36:13,358 [AppLog] INFO : 进入：EquipmentMotionLogic3=》不需重新创建-手动操作！
2023-04-05 19:36:13,358 [AppLog] INFO : 进入：EquipmentMotionLogic3=》赋值完成自-AutoPrintMotion2！
2023-04-05 19:36:13,358 [AppLog] INFO : 进入：EquipmentMotionLogic3=》加载配置文件-LoadJsonFile成功！
2023-04-05 19:36:13,358 [AppLog] INFO : 进入：AutoPrintThread2！
2023-04-05 19:36:13,358 [AppLog] INFO : 准备读取编码器位置：X方向！
2023-04-05 19:36:13,358 [AppLog] INFO : 准备运动，当前位置：DEV_GetPrintEncoderValue：MoveDirectionFlag{false为Y方向：False}CurrentPos{26.48}AimPos{425}
2023-04-05 19:36:13,389 [AppLog] INFO : X方向运动开始：DEM_Run：返回值{True}nAxis{0}DirFlag{True}nSpeed{150000}MoveStep{398520}nCtlValue{2}
2023-04-05 19:36:14,824 [AppLog] INFO : 监控记录设置！
2023-04-05 19:36:15,713 [AppLog] INFO : 更新监控配置文件：SaveJsonFile：配置文件路径{D:\Release\MonitorPrint-Configuration.json}m_sMonitorRecordPath{D:\shibiao-daying-0309}m_sPrintJobName{Shibiao-0314}m_anJettingBinderBedMonitorFlags{False,False,False,False,False,False,True,False,False,False,False,True,}
2023-04-05 19:36:16,291 [AppLog] INFO : X方向到位停止：DEM_StopAxisRun：返回值{True}CurrentPos{418.6}bImmeStop{False}nAxisMask{1}
2023-04-05 19:36:16,291 [AppLog] INFO : 准备读取编码器位置：X方向！
2023-04-05 19:36:16,291 [AppLog] INFO : 准备运动，当前位置：DEV_GetPrintEncoderValue：MoveDirectionFlag{false为Y方向：False}CurrentPos{418.7}AimPos{780}
2023-04-05 19:36:16,322 [AppLog] INFO : X方向运动开始：DEM_Run：返回值{True}nAxis{0}DirFlag{True}nSpeed{150000}MoveStep{361300}nCtlValue{2}
2023-04-05 19:36:16,322 [AppLog] INFO : 准备读取编码器位置：Y方向！
2023-04-05 19:36:16,322 [AppLog] INFO : 准备运动，编码器当前位置：DEM_GetAxisEncodeVal：MoveDirectionFlag{false为Y方向：True}CurrentPos{284.89}AimPos{121}
2023-04-05 19:36:16,353 [AppLog] INFO : Y方向运动开始：DEM_Run：返回值{True}nAxis{1}DirFlag{False}nSpeed{150000}MoveStep{-163890}nCtlValue{0}
2023-04-05 19:36:16,665 [AppLog] INFO : 进入JOB参数设置：修改前初始参数：灰度数据格式{1bits}打印灰阶{1阶}m_XPrintDpi{635Dpi}墨车运动速度{150MM/s}X向起打位置{50MM}X向起打位置偏移{0MM}Y向起打位置偏移{0MM}
2023-04-05 19:36:19,005 [AppLog] INFO : Y方向到位等停：DEM_StopAxisRun：返回值{True}bImmeStop{False}nAxisMask{1}
2023-04-05 19:36:19,005 [AppLog] INFO : X方向到位等停：DEM_StopAxisRun：返回值{True}bImmeStop{False}nAxisMask{2}
2023-04-05 19:36:19,021 [AppLog] INFO : 开启闪喷操作：IDP_FlashPrtCtl：返回值{True}
2023-04-05 19:36:19,021 [AppLog] INFO : 接收到恢复打印指令：PrintTaskTHREAD
2023-04-05 19:36:19,036 [AppLog] INFO : 获取打印Pass数据：IDP_GetPassItem2：nLayerIndex{8}nPassID{0}nProcState{3}LPPassDataItemb:PrtDir{False}nDataTxCompleteCnt{1}nHwMemAdrMatchMask{1}nLayerIndex{8}nLayerPassCount{6}nLayerPassIndex{0}nMinJet0ImgLinePos{0}nPrtMemHwAddr{System.UInt32[]}nPrtDataOffset{System.UInt32[]}nSrcDataSize{System.UInt32[]}nPrtColBytes{System.UInt32[]}nPrtPrecession{8}nSrcEndCols{8000}nSrcStartCols{0}nStartEncPos{76472}nValidPassJets{1280}nValidPrtCols{8310}nValidPrtCtlCnts{1}pDataBuf{0}pNextItem{694933648}
2023-04-05 19:36:19,036 [AppLog] INFO : 使能Pass打印成功：IDP_DoPassPrint2：nLayerIndex{8}nPassID{0}
2023-04-05 19:36:19,036 [AppLog] INFO : PASS打印前关键状态：DEV_GetDeviceInfo2：nLayerIndex{8}nPassID{0}LPPRINTER_INFO:nXSysEncDPI{0}nStatus{0}nPrintStatus{0}bSuperDevice{0}
LPPRINTER_INFO-LPPrtRunInfo:bJobPrtRuning{False}bLayerPrtIsOver{False}nContReqMemErr{0}nContWDErr{0}nCurPrtDir{0}nDTLayerIndex{0}nDTLayerPassIndex{0}nDTPtrCtlIndex{0}nLayerPassCount{0}nPrintLayerIndex{0}nPrintPassIndex{0}nProcLayerIndex{0}nPrtDataMemAddr{0}nPrtState{0}nReverse{System.Int32[]}nRevPrtCols{0}
LPPRINTER_INFO-LPDRVINFO:nFMVersion{0}nFpgaVersion{0}nPCBVersion{0}nState{0}nNextState{0}nPtvwarnState{0}nCrc32{0}nRevInfo{System.UInt32[]}nSignature{0}
2023-04-05 19:36:19,036 [AppLog] INFO : 进入：EquipmentMotionLogic3=》准备创建对象-手动操作！
2023-04-05 19:36:19,036 [AppLog] INFO : 进入：EquipmentMotionLogic3=》不需重新创建-手动操作！
2023-04-05 19:36:19,036 [AppLog] INFO : 进入：EquipmentMotionLogic3=》赋值完成自-AutoPrintMotion2！
2023-04-05 19:36:19,036 [AppLog] INFO : 进入：EquipmentMotionLogic3=》加载配置文件-LoadJsonFile成功！
2023-04-05 19:36:19,036 [AppLog] INFO : 进入自动清洗过程：AutoCleanThread
2023-04-05 19:36:20,019 [AppLog] INFO : 刮墨轴回零成功：motionMap.SetBackSpreaderAxis(4, 1, 2, -SinkPosition)
2023-04-05 19:36:20,019 [AppLog] INFO : 准备读取编码器位置：Y方向！
2023-04-05 19:36:20,019 [AppLog] INFO : 准备运动，编码器当前位置：DEM_GetAxisEncodeVal：MoveDirectionFlag{false为Y方向：True}CurrentPos{121.29}AimPos{121}
2023-04-05 19:36:20,066 [AppLog] INFO : Y方向运动开始：DEM_Run：返回值{True}nAxis{1}DirFlag{False}nSpeed{150000}MoveStep{-290.000000000006}nCtlValue{0}
2023-04-05 19:36:20,066 [AppLog] INFO : Y方向到位停止：DEM_StopAxisRun：返回值{True}CurrentPos{121.29}bImmeStop{False}nAxisMask{2}
2023-04-05 19:36:20,066 [AppLog] INFO : 准备读取编码器位置：X方向！
2023-04-05 19:36:20,066 [AppLog] INFO : 准备运动，当前位置：DEV_GetPrintEncoderValue：MoveDirectionFlag{false为Y方向：False}CurrentPos{784.775}AimPos{780}
2023-04-05 19:36:20,097 [AppLog] INFO : X方向运动开始：DEM_Run：返回值{True}nAxis{0}DirFlag{False}nSpeed{150000}MoveStep{-4774.99999999998}nCtlValue{2}
2023-04-05 19:36:20,269 [AppLog] INFO : X方向到位停止：DEM_StopAxisRun：返回值{True}CurrentPos{783.355}bImmeStop{False}nAxisMask{1}
2023-04-05 19:36:21,095 [AppLog] INFO : 开启压墨： motionMap.SetDo(13, true)
2023-04-05 19:36:21,829 [AppLog] INFO : 退出JOB参数设置：修改后参数：灰度数据格式{1bits}打印灰阶{1阶}m_XPrintDpi{635Dpi}墨车运动速度{150MM/s}X向起打位置{50MM}X向起打位置偏移{0MM}Y向起打位置偏移{0MM}
2023-04-05 19:36:22,609 [AppLog] INFO : 关闭压墨： motionMap.SetDo(13, true)
2023-04-05 19:36:22,609 [AppLog] INFO : 准备读取编码器位置：X方向！
2023-04-05 19:36:22,609 [AppLog] INFO : 准备运动，当前位置：DEV_GetPrintEncoderValue：MoveDirectionFlag{false为Y方向：False}CurrentPos{780.335}AimPos{680}
2023-04-05 19:36:22,640 [AppLog] INFO : X方向运动开始：DEM_Run：返回值{True}nAxis{0}DirFlag{False}nSpeed{100000}MoveStep{-100335}nCtlValue{2}
2023-04-05 19:36:23,825 [AppLog] INFO : X方向到位停止：DEM_StopAxisRun：返回值{True}CurrentPos{682.74}bImmeStop{False}nAxisMask{1}
2023-04-05 19:36:24,652 [AppLog] INFO : 结束自动清洗过程：AutoCleanThread
2023-04-05 19:36:24,652 [AppLog] INFO : 进入：EquipmentMotionLogic3=》准备创建对象-手动操作！
2023-04-05 19:36:24,652 [AppLog] INFO : 进入：EquipmentMotionLogic3=》不需重新创建-手动操作！
2023-04-05 19:36:24,652 [AppLog] INFO : 进入：EquipmentMotionLogic3=》赋值完成自-AutoPrintMotion2！
2023-04-05 19:36:24,652 [AppLog] INFO : 进入：EquipmentMotionLogic3=》加载配置文件-LoadJsonFile成功！
2023-04-05 19:36:24,652 [AppLog] INFO : 进入：AutoPrintThread2！
2023-04-05 19:36:24,652 [AppLog] INFO : 关闭闪喷操作：IDP_FlashPrtCtl：返回值{True}
2023-04-05 19:36:24,652 [AppLog] INFO : 准备读取编码器位置：Y方向！
2023-04-05 19:36:24,668 [AppLog] INFO : 准备运动，编码器当前位置：DEM_GetAxisEncodeVal：MoveDirectionFlag{false为Y方向：True}CurrentPos{121.055}AimPos{15}
2023-04-05 19:36:24,699 [AppLog] INFO : Y方向运动开始：DEM_Run：返回值{True}nAxis{1}DirFlag{False}nSpeed{250000}MoveStep{-106055}nCtlValue{0}
2023-04-05 19:36:24,699 [AppLog] INFO : 准备读取编码器位置：X方向！
2023-04-05 19:36:24,699 [AppLog] INFO : 准备运动，当前位置：DEV_GetPrintEncoderValue：MoveDirectionFlag{false为Y方向：False}CurrentPos{680.2}AimPos{425}
2023-04-05 19:36:24,730 [AppLog] INFO : X方向运动开始：DEM_Run：返回值{True}nAxis{0}DirFlag{False}nSpeed{250000}MoveStep{-255200}nCtlValue{2}
2023-04-05 19:36:26,197 [AppLog] INFO : X方向到位停止：DEM_StopAxisRun：返回值{True}CurrentPos{429.99}bImmeStop{False}nAxisMask{1}
2023-04-05 19:36:26,197 [AppLog] INFO : 准备读取编码器位置：X方向！
2023-04-05 19:36:26,212 [AppLog] INFO : 准备运动，当前位置：DEV_GetPrintEncoderValue：MoveDirectionFlag{false为Y方向：False}CurrentPos{428.93}AimPos{25}
2023-04-05 19:36:26,243 [AppLog] INFO : X方向运动开始：DEM_Run：返回值{True}nAxis{0}DirFlag{False}nSpeed{150000}MoveStep{-403930}nCtlValue{2}
2023-04-05 19:36:29,192 [AppLog] INFO : X方向到位停止：DEM_StopAxisRun：返回值{True}CurrentPos{25.2}bImmeStop{False}nAxisMask{1}
2023-04-05 19:36:29,192 [AppLog] INFO : 准备读取编码器位置：Y方向！
2023-04-05 19:36:29,192 [AppLog] INFO : 准备运动，编码器当前位置：DEM_GetAxisEncodeVal：MoveDirectionFlag{false为Y方向：True}CurrentPos{15.14}AimPos{69}
2023-04-05 19:36:29,223 [AppLog] INFO : Y方向运动开始：DEM_Run：返回值{True}nAxis{1}DirFlag{True}nSpeed{150000}MoveStep{53860}nCtlValue{0}
2023-04-05 19:36:29,566 [AppLog] INFO : Y方向到位停止：DEM_StopAxisRun：返回值{True}CurrentPos{44.87}bImmeStop{False}nAxisMask{2}
2023-04-05 19:36:29,566 [AppLog] INFO : 获取打印Pass数据：IDP_GetPassItem2：nLayerIndex{8}nPassID{1}nProcState{3}LPPassDataItemb:PrtDir{True}nDataTxCompleteCnt{1}nHwMemAdrMatchMask{1}nLayerIndex{8}nLayerPassCount{6}nLayerPassIndex{1}nMinJet0ImgLinePos{1280}nPrtMemHwAddr{System.UInt32[]}nPrtDataOffset{System.UInt32[]}nSrcDataSize{System.UInt32[]}nPrtColBytes{System.UInt32[]}nPrtPrecession{8}nSrcEndCols{8000}nSrcStartCols{0}nStartEncPos{10000}nValidPassJets{1280}nValidPrtCols{8310}nValidPrtCtlCnts{1}pDataBuf{0}pNextItem{694959600}
2023-04-05 19:36:29,582 [AppLog] INFO : 使能Pass打印成功：IDP_DoPassPrint2：nLayerIndex{8}nPassID{1}
2023-04-05 19:36:29,582 [AppLog] INFO : PASS打印前关键状态：DEV_GetDeviceInfo2：nLayerIndex{8}nPassID{1}LPPRINTER_INFO:nXSysEncDPI{0}nStatus{0}nPrintStatus{0}bSuperDevice{0}
LPPRINTER_INFO-LPPrtRunInfo:bJobPrtRuning{False}bLayerPrtIsOver{False}nContReqMemErr{0}nContWDErr{0}nCurPrtDir{0}nDTLayerIndex{0}nDTLayerPassIndex{0}nDTPtrCtlIndex{0}nLayerPassCount{0}nPrintLayerIndex{0}nPrintPassIndex{0}nProcLayerIndex{0}nPrtDataMemAddr{0}nPrtState{0}nReverse{System.Int32[]}nRevPrtCols{0}
LPPRINTER_INFO-LPDRVINFO:nFMVersion{0}nFpgaVersion{0}nPCBVersion{0}nState{0}nNextState{0}nPtvwarnState{0}nCrc32{0}nRevInfo{System.UInt32[]}nSignature{0}
2023-04-05 19:36:29,582 [AppLog] INFO : 进入：EquipmentMotionLogic3=》准备创建对象-手动操作！
2023-04-05 19:36:29,582 [AppLog] INFO : 进入：EquipmentMotionLogic3=》不需重新创建-手动操作！
2023-04-05 19:36:29,582 [AppLog] INFO : 进入：EquipmentMotionLogic3=》赋值完成自-AutoPrintMotion2！
2023-04-05 19:36:29,582 [AppLog] INFO : 进入：EquipmentMotionLogic3=》加载配置文件-LoadJsonFile成功！
2023-04-05 19:36:29,582 [AppLog] INFO : 进入：AutoPrintThread2！
2023-04-05 19:36:29,582 [AppLog] INFO : 准备读取编码器位置：X方向！
2023-04-05 19:36:29,582 [AppLog] INFO : 准备运动，当前位置：DEV_GetPrintEncoderValue：MoveDirectionFlag{false为Y方向：False}CurrentPos{22.065}AimPos{425}
2023-04-05 19:36:29,613 [AppLog] INFO : X方向运动开始：DEM_Run：返回值{True}nAxis{0}DirFlag{True}nSpeed{150000}MoveStep{402935}nCtlValue{2}
2023-04-05 19:36:32,546 [AppLog] INFO : X方向到位停止：DEM_StopAxisRun：返回值{True}CurrentPos{419.79}bImmeStop{False}nAxisMask{1}
2023-04-05 19:36:32,546 [AppLog] INFO : 准备读取编码器位置：Y方向！
2023-04-05 19:36:32,546 [AppLog] INFO : 准备运动，编码器当前位置：DEM_GetAxisEncodeVal：MoveDirectionFlag{false为Y方向：True}CurrentPos{68.955}AimPos{123}
2023-04-05 19:36:32,577 [AppLog] INFO : Y方向运动开始：DEM_Run：返回值{True}nAxis{1}DirFlag{True}nSpeed{150000}MoveStep{54045}nCtlValue{0}
2023-04-05 19:36:32,920 [AppLog] INFO : Y方向到位停止：DEM_StopAxisRun：返回值{True}CurrentPos{98.64}bImmeStop{False}nAxisMask{2}
2023-04-05 19:36:32,920 [AppLog] INFO : 获取打印Pass数据：IDP_GetPassItem2：nLayerIndex{8}nPassID{2}nProcState{3}LPPassDataItemb:PrtDir{False}nDataTxCompleteCnt{1}nHwMemAdrMatchMask{1}nLayerIndex{8}nLayerPassCount{6}nLayerPassIndex{2}nMinJet0ImgLinePos{2560}nPrtMemHwAddr{System.UInt32[]}nPrtDataOffset{System.UInt32[]}nSrcDataSize{System.UInt32[]}nPrtColBytes{System.UInt32[]}nPrtPrecession{8}nSrcEndCols{8000}nSrcStartCols{0}nStartEncPos{76472}nValidPassJets{1280}nValidPrtCols{8310}nValidPrtCtlCnts{1}pDataBuf{0}pNextItem{694959760}
2023-04-05 19:36:32,936 [AppLog] INFO : 使能Pass打印成功：IDP_DoPassPrint2：nLayerIndex{8}nPassID{2}
2023-04-05 19:36:32,967 [AppLog] INFO : PASS打印前关键状态：DEV_GetDeviceInfo2：nLayerIndex{8}nPassID{2}LPPRINTER_INFO:nXSysEncDPI{0}nStatus{0}nPrintStatus{0}bSuperDevice{0}
LPPRINTER_INFO-LPPrtRunInfo:bJobPrtRuning{False}bLayerPrtIsOver{False}nContReqMemErr{0}nContWDErr{0}nCurPrtDir{0}nDTLayerIndex{0}nDTLayerPassIndex{0}nDTPtrCtlIndex{0}nLayerPassCount{0}nPrintLayerIndex{0}nPrintPassIndex{0}nProcLayerIndex{0}nPrtDataMemAddr{0}nPrtState{0}nReverse{System.Int32[]}nRevPrtCols{0}
LPPRINTER_INFO-LPDRVINFO:nFMVersion{0}nFpgaVersion{0}nPCBVersion{0}nState{0}nNextState{0}nPtvwarnState{0}nCrc32{0}nRevInfo{System.UInt32[]}nSignature{0}
2023-04-05 19:36:32,967 [AppLog] INFO : 进入：EquipmentMotionLogic3=》准备创建对象-手动操作！
2023-04-05 19:36:32,967 [AppLog] INFO : 进入：EquipmentMotionLogic3=》不需重新创建-手动操作！
2023-04-05 19:36:32,967 [AppLog] INFO : 进入：EquipmentMotionLogic3=》赋值完成自-AutoPrintMotion2！
2023-04-05 19:36:32,967 [AppLog] INFO : 进入：EquipmentMotionLogic3=》加载配置文件-LoadJsonFile成功！
2023-04-05 19:36:32,967 [AppLog] INFO : 进入：AutoPrintThread2！
2023-04-05 19:36:32,967 [AppLog] INFO : 准备读取编码器位置：X方向！
2023-04-05 19:36:32,967 [AppLog] INFO : 准备运动，当前位置：DEV_GetPrintEncoderValue：MoveDirectionFlag{false为Y方向：False}CurrentPos{423.495}AimPos{25}
2023-04-05 19:36:32,998 [AppLog] INFO : X方向运动开始：DEM_Run：返回值{True}nAxis{0}DirFlag{False}nSpeed{150000}MoveStep{-398495}nCtlValue{2}
2023-04-05 19:36:35,900 [AppLog] INFO : X方向到位停止：DEM_StopAxisRun：返回值{True}CurrentPos{30.255}bImmeStop{False}nAxisMask{1}
2023-04-05 19:36:35,900 [AppLog] INFO : 准备读取编码器位置：Y方向！
2023-04-05 19:36:35,900 [AppLog] INFO : 准备运动，编码器当前位置：DEM_GetAxisEncodeVal：MoveDirectionFlag{false为Y方向：True}CurrentPos{122.89}AimPos{177}
2023-04-05 19:36:35,931 [AppLog] INFO : Y方向运动开始：DEM_Run：返回值{True}nAxis{1}DirFlag{True}nSpeed{150000}MoveStep{54110}nCtlValue{0}
2023-04-05 19:36:36,274 [AppLog] INFO : Y方向到位停止：DEM_StopAxisRun：返回值{True}CurrentPos{152.225}bImmeStop{False}nAxisMask{2}
2023-04-05 19:36:36,274 [AppLog] INFO : 获取打印Pass数据：IDP_GetPassItem2：nLayerIndex{8}nPassID{3}nProcState{3}LPPassDataItemb:PrtDir{True}nDataTxCompleteCnt{1}nHwMemAdrMatchMask{1}nLayerIndex{8}nLayerPassCount{6}nLayerPassIndex{3}nMinJet0ImgLinePos{3840}nPrtMemHwAddr{System.UInt32[]}nPrtDataOffset{System.UInt32[]}nSrcDataSize{System.UInt32[]}nPrtColBytes{System.UInt32[]}nPrtPrecession{8}nSrcEndCols{8000}nSrcStartCols{0}nStartEncPos{10000}nValidPassJets{1280}nValidPrtCols{8310}nValidPrtCtlCnts{1}pDataBuf{0}pNextItem{694959920}
2023-04-05 19:36:36,290 [AppLog] INFO : 使能Pass打印成功：IDP_DoPassPrint2：nLayerIndex{8}nPassID{3}
2023-04-05 19:36:36,290 [AppLog] INFO : PASS打印前关键状态：DEV_GetDeviceInfo2：nLayerIndex{8}nPassID{3}LPPRINTER_INFO:nXSysEncDPI{0}nStatus{0}nPrintStatus{0}bSuperDevice{0}
LPPRINTER_INFO-LPPrtRunInfo:bJobPrtRuning{False}bLayerPrtIsOver{False}nContReqMemErr{0}nContWDErr{0}nCurPrtDir{0}nDTLayerIndex{0}nDTLayerPassIndex{0}nDTPtrCtlIndex{0}nLayerPassCount{0}nPrintLayerIndex{0}nPrintPassIndex{0}nProcLayerIndex{0}nPrtDataMemAddr{0}nPrtState{0}nReverse{System.Int32[]}nRevPrtCols{0}
LPPRINTER_INFO-LPDRVINFO:nFMVersion{0}nFpgaVersion{0}nPCBVersion{0}nState{0}nNextState{0}nPtvwarnState{0}nCrc32{0}nRevInfo{System.UInt32[]}nSignature{0}
2023-04-05 19:36:36,290 [AppLog] INFO : 进入：EquipmentMotionLogic3=》准备创建对象-手动操作！
2023-04-05 19:36:36,290 [AppLog] INFO : 进入：EquipmentMotionLogic3=》不需重新创建-手动操作！
2023-04-05 19:36:36,290 [AppLog] INFO : 进入：EquipmentMotionLogic3=》赋值完成自-AutoPrintMotion2！
2023-04-05 19:36:36,290 [AppLog] INFO : 进入：EquipmentMotionLogic3=》加载配置文件-LoadJsonFile成功！
2023-04-05 19:36:36,290 [AppLog] INFO : 进入：AutoPrintThread2！
2023-04-05 19:36:36,290 [AppLog] INFO : 准备读取编码器位置：X方向！
2023-04-05 19:36:36,290 [AppLog] INFO : 准备运动，当前位置：DEV_GetPrintEncoderValue：MoveDirectionFlag{false为Y方向：False}CurrentPos{26.48}AimPos{425}
2023-04-05 19:36:36,321 [AppLog] INFO : X方向运动开始：DEM_Run：返回值{True}nAxis{0}DirFlag{True}nSpeed{150000}MoveStep{398520}nCtlValue{2}
2023-04-05 19:36:39,223 [AppLog] INFO : X方向到位停止：DEM_StopAxisRun：返回值{True}CurrentPos{419.17}bImmeStop{False}nAxisMask{1}
2023-04-05 19:36:39,223 [AppLog] INFO : 准备读取编码器位置：Y方向！
2023-04-05 19:36:39,223 [AppLog] INFO : 准备运动，编码器当前位置：DEM_GetAxisEncodeVal：MoveDirectionFlag{false为Y方向：True}CurrentPos{176.845}AimPos{231}
2023-04-05 19:36:39,254 [AppLog] INFO : Y方向运动开始：DEM_Run：返回值{True}nAxis{1}DirFlag{True}nSpeed{150000}MoveStep{54155}nCtlValue{0}
2023-04-05 19:36:39,597 [AppLog] INFO : Y方向到位停止：DEM_StopAxisRun：返回值{True}CurrentPos{206.56}bImmeStop{False}nAxisMask{2}
2023-04-05 19:36:39,597 [AppLog] INFO : 获取打印Pass数据：IDP_GetPassItem2：nLayerIndex{8}nPassID{4}nProcState{3}LPPassDataItemb:PrtDir{False}nDataTxCompleteCnt{1}nHwMemAdrMatchMask{1}nLayerIndex{8}nLayerPassCount{6}nLayerPassIndex{4}nMinJet0ImgLinePos{5120}nPrtMemHwAddr{System.UInt32[]}nPrtDataOffset{System.UInt32[]}nSrcDataSize{System.UInt32[]}nPrtColBytes{System.UInt32[]}nPrtPrecession{8}nSrcEndCols{8000}nSrcStartCols{0}nStartEncPos{76472}nValidPassJets{1280}nValidPrtCols{8310}nValidPrtCtlCnts{1}pDataBuf{0}pNextItem{694960080}
2023-04-05 19:36:39,613 [AppLog] INFO : 使能Pass打印成功：IDP_DoPassPrint2：nLayerIndex{8}nPassID{4}
2023-04-05 19:36:39,613 [AppLog] INFO : PASS打印前关键状态：DEV_GetDeviceInfo2：nLayerIndex{8}nPassID{4}LPPRINTER_INFO:nXSysEncDPI{0}nStatus{0}nPrintStatus{0}bSuperDevice{0}
LPPRINTER_INFO-LPPrtRunInfo:bJobPrtRuning{False}bLayerPrtIsOver{False}nContReqMemErr{0}nContWDErr{0}nCurPrtDir{0}nDTLayerIndex{0}nDTLayerPassIndex{0}nDTPtrCtlIndex{0}nLayerPassCount{0}nPrintLayerIndex{0}nPrintPassIndex{0}nProcLayerIndex{0}nPrtDataMemAddr{0}nPrtState{0}nReverse{System.Int32[]}nRevPrtCols{0}
LPPRINTER_INFO-LPDRVINFO:nFMVersion{0}nFpgaVersion{0}nPCBVersion{0}nState{0}nNextState{0}nPtvwarnState{0}nCrc32{0}nRevInfo{System.UInt32[]}nSignature{0}
2023-04-05 19:36:39,613 [AppLog] INFO : 进入：EquipmentMotionLogic3=》准备创建对象-手动操作！
2023-04-05 19:36:39,613 [AppLog] INFO : 进入：EquipmentMotionLogic3=》不需重新创建-手动操作！
2023-04-05 19:36:39,613 [AppLog] INFO : 进入：EquipmentMotionLogic3=》赋值完成自-AutoPrintMotion2！
2023-04-05 19:36:39,613 [AppLog] INFO : 进入：EquipmentMotionLogic3=》加载配置文件-LoadJsonFile成功！
2023-04-05 19:36:39,613 [AppLog] INFO : 进入：AutoPrintThread2！
2023-04-05 19:36:39,613 [AppLog] INFO : 准备读取编码器位置：X方向！
2023-04-05 19:36:39,613 [AppLog] INFO : 准备运动，当前位置：DEV_GetPrintEncoderValue：MoveDirectionFlag{false为Y方向：False}CurrentPos{423.54}AimPos{25}
2023-04-05 19:36:39,644 [AppLog] INFO : X方向运动开始：DEM_Run：返回值{True}nAxis{0}DirFlag{False}nSpeed{150000}MoveStep{-398540}nCtlValue{2}
2023-04-05 19:36:42,545 [AppLog] INFO : X方向到位停止：DEM_StopAxisRun：返回值{True}CurrentPos{30.605}bImmeStop{False}nAxisMask{1}
2023-04-05 19:36:42,545 [AppLog] INFO : 准备读取编码器位置：Y方向！
2023-04-05 19:36:42,545 [AppLog] INFO : 准备运动，编码器当前位置：DEM_GetAxisEncodeVal：MoveDirectionFlag{false为Y方向：True}CurrentPos{230.93}AimPos{285}
2023-04-05 19:36:42,577 [AppLog] INFO : Y方向运动开始：DEM_Run：返回值{True}nAxis{1}DirFlag{True}nSpeed{150000}MoveStep{54070}nCtlValue{0}
2023-04-05 19:36:42,935 [AppLog] INFO : Y方向到位停止：DEM_StopAxisRun：返回值{True}CurrentPos{263.14}bImmeStop{False}nAxisMask{2}
2023-04-05 19:36:42,935 [AppLog] INFO : 获取打印Pass数据：IDP_GetPassItem2：nLayerIndex{8}nPassID{5}nProcState{3}LPPassDataItemb:PrtDir{True}nDataTxCompleteCnt{1}nHwMemAdrMatchMask{1}nLayerIndex{8}nLayerPassCount{6}nLayerPassIndex{5}nMinJet0ImgLinePos{6400}nPrtMemHwAddr{System.UInt32[]}nPrtDataOffset{System.UInt32[]}nSrcDataSize{System.UInt32[]}nPrtColBytes{System.UInt32[]}nPrtPrecession{8}nSrcEndCols{8000}nSrcStartCols{0}nStartEncPos{10000}nValidPassJets{1280}nValidPrtCols{8310}nValidPrtCtlCnts{1}pDataBuf{0}pNextItem{0}
2023-04-05 19:36:42,951 [AppLog] INFO : 使能Pass打印成功：IDP_DoPassPrint2：nLayerIndex{8}nPassID{5}
2023-04-05 19:36:42,982 [AppLog] INFO : PASS打印前关键状态：DEV_GetDeviceInfo2：nLayerIndex{8}nPassID{5}LPPRINTER_INFO:nXSysEncDPI{0}nStatus{0}nPrintStatus{0}bSuperDevice{0}
LPPRINTER_INFO-LPPrtRunInfo:bJobPrtRuning{False}bLayerPrtIsOver{False}nContReqMemErr{0}nContWDErr{0}nCurPrtDir{0}nDTLayerIndex{0}nDTLayerPassIndex{0}nDTPtrCtlIndex{0}nLayerPassCount{0}nPrintLayerIndex{0}nPrintPassIndex{0}nProcLayerIndex{0}nPrtDataMemAddr{0}nPrtState{0}nReverse{System.Int32[]}nRevPrtCols{0}
LPPRINTER_INFO-LPDRVINFO:nFMVersion{0}nFpgaVersion{0}nPCBVersion{0}nState{0}nNextState{0}nPtvwarnState{0}nCrc32{0}nRevInfo{System.UInt32[]}nSignature{0}
2023-04-05 19:36:42,982 [AppLog] INFO : 进入：EquipmentMotionLogic3=》准备创建对象-手动操作！
2023-04-05 19:36:42,982 [AppLog] INFO : 进入：EquipmentMotionLogic3=》不需重新创建-手动操作！
2023-04-05 19:36:42,982 [AppLog] INFO : 进入：EquipmentMotionLogic3=》赋值完成自-AutoPrintMotion2！
2023-04-05 19:36:42,982 [AppLog] INFO : 进入：EquipmentMotionLogic3=》加载配置文件-LoadJsonFile成功！
2023-04-05 19:36:42,982 [AppLog] INFO : 进入：AutoPrintThread2！
2023-04-05 19:36:42,982 [AppLog] INFO : 准备读取编码器位置：X方向！
2023-04-05 19:36:42,982 [AppLog] INFO : 准备运动，当前位置：DEV_GetPrintEncoderValue：MoveDirectionFlag{false为Y方向：False}CurrentPos{26.505}AimPos{425}
2023-04-05 19:36:43,013 [AppLog] INFO : X方向运动开始：DEM_Run：返回值{True}nAxis{0}DirFlag{True}nSpeed{150000}MoveStep{398495}nCtlValue{2}
2023-04-05 19:36:45,915 [AppLog] INFO : X方向到位停止：DEM_StopAxisRun：返回值{True}CurrentPos{418.775}bImmeStop{False}nAxisMask{1}
2023-04-05 19:36:45,915 [AppLog] INFO : 准备读取编码器位置：X方向！
2023-04-05 19:36:45,915 [AppLog] INFO : 准备运动，当前位置：DEV_GetPrintEncoderValue：MoveDirectionFlag{false为Y方向：False}CurrentPos{418.865}AimPos{780}
2023-04-05 19:36:45,946 [AppLog] INFO : X方向运动开始：DEM_Run：返回值{True}nAxis{0}DirFlag{True}nSpeed{250000}MoveStep{361135}nCtlValue{2}
2023-04-05 19:36:45,946 [AppLog] INFO : 准备读取编码器位置：Y方向！
2023-04-05 19:36:45,962 [AppLog] INFO : 准备运动，编码器当前位置：DEM_GetAxisEncodeVal：MoveDirectionFlag{false为Y方向：True}CurrentPos{284.89}AimPos{121}
2023-04-05 19:36:45,993 [AppLog] INFO : Y方向运动开始：DEM_Run：返回值{True}nAxis{1}DirFlag{False}nSpeed{250000}MoveStep{-163890}nCtlValue{0}
2023-04-05 19:36:47,834 [AppLog] INFO : Y方向到位等停：DEM_StopAxisRun：返回值{True}bImmeStop{False}nAxisMask{1}
2023-04-05 19:36:47,834 [AppLog] INFO : X方向到位等停：DEM_StopAxisRun：返回值{True}bImmeStop{False}nAxisMask{2}
2023-04-05 19:36:47,849 [AppLog] INFO : 开启闪喷操作：IDP_FlashPrtCtl：返回值{True}
2023-04-05 19:36:47,849 [AppLog] INFO : 进入：EquipmentMotionLogic3=》准备创建对象-手动操作！
2023-04-05 19:36:47,849 [AppLog] INFO : 进入：EquipmentMotionLogic3=》不需重新创建-手动操作！
2023-04-05 19:36:47,849 [AppLog] INFO : 进入：EquipmentMotionLogic3=》赋值完成自-AutoPrintMotion2！
2023-04-05 19:36:47,849 [AppLog] INFO : 进入：EquipmentMotionLogic3=》加载配置文件-LoadJsonFile成功！
2023-04-05 19:36:47,849 [AppLog] INFO : 进入自动铺粉逻辑：NewAutoSupplyPowderThread2
2023-04-05 19:36:47,912 [AppLog] INFO : 手动正向点动指令（8轴运控板卡系统） ====》：输出AXIS{第1轴},点动量{-0.08MM},运动速度{2MM/s}
2023-04-05 19:36:47,912 [AppLog] INFO : 成形面高度下降层厚 TrapSpace{0.08mm}：TrapMoveUp(1, true, Convert.ToString(vel), Convert.ToString(TrapSpace), true, true）
2023-04-05 19:36:48,692 [AppLog] INFO : 手动正向点动指令（8轴运控板卡系统） ====》：输出AXIS{第1轴},点动量{-1.5MM},运动速度{2MM/s}
2023-04-05 19:36:48,692 [AppLog] INFO : 成形面高度下降指定厚度 TrapSpace{1.5mm}：TrapMoveUp(1, true, Convert.ToString(vel), Convert.ToString(TrapSpace), true, true）
2023-04-05 19:36:49,472 [AppLog] INFO : 手动正向点动指令（8轴运控板卡系统） ====》：输出AXIS{第1轴},点动量{1.5MM},运动速度{2MM/s}
2023-04-05 19:36:49,472 [AppLog] INFO : 成形面高度上升层厚 TrapSpace{1.5mm}：TrapMoveUp(1, true, Convert.ToString(vel), Convert.ToString(TrapSpace), true, true）
2023-04-05 19:36:49,675 [AppLog] INFO : 手动正向点动指令（8轴运控板卡系统） ====》：输出AXIS{第8轴},点动量{0.5MM},运动速度{2.5MM/s}
2023-04-05 19:36:49,675 [AppLog] INFO : Hopper落粉轴转2圈落粉，速度0.5rev/s：TrapMoveUp(8, true, 0.5, rotateNuM.ToString(), true, false)
2023-04-05 19:36:49,675 [AppLog] INFO : 手动正向点动指令（8轴运控板卡系统） ====》：输出AXIS{第2轴},点动量{258MM},运动速度{200MM/s}
2023-04-05 19:36:49,675 [AppLog] INFO : 手动正向点动指令（8轴运控板卡系统） ====》：输出AXIS{第2轴},点动量{698MM},运动速度{50MM/s}
2023-04-05 19:36:49,675 [AppLog] INFO : 开启铺粉车不等停运动至站2，速度0.5rev/s：BackToStation2
2023-04-05 19:36:52,732 [AppLog] INFO : 打开IR灯：OpenIRLamp(true)
2023-04-05 19:36:54,823 [AppLog] INFO : 手动正向点动指令（8轴运控板卡系统） ====》：输出AXIS{第3轴},点动量{0.5MM},运动速度{0.0980392156862745MM/s}
2023-04-05 19:36:54,838 [AppLog] INFO : 开启均匀落粉及辊子铺平运动：TrapMoveUp(3, true, Convert.ToString(DispenseRollerSpeed), 0.5, true, true)
2023-04-05 19:37:00,049 [AppLog] INFO : 关闭IR灯：OpenIRLamp(false)
2023-04-05 19:37:02,389 [AppLog] INFO : 手动正向点动指令（8轴运控板卡系统） ====》：输出AXIS{第3轴},点动量{0.5MM},运动速度{2MM/s}
2023-04-05 19:37:02,389 [AppLog] INFO : 落粉轴继续转动以倒掉余粉：TrapMoveUp(3, true, 2, 0.5, true, false)
2023-04-05 19:37:04,401 [AppLog] INFO : 手动正向点动指令（8轴运控板卡系统） ====》：输出AXIS{第1轴},点动量{-1.5MM},运动速度{2MM/s}
2023-04-05 19:37:04,401 [AppLog] INFO : 成形面高度下降指定厚度 TrapSpace{1.5mm}：TrapMoveUp(1, true, Convert.ToString(vel), Convert.ToString(TrapSpace), true, true）
2023-04-05 19:37:07,895 [AppLog] INFO : 手动正向点动指令（8轴运控板卡系统） ====》：输出AXIS{第2轴},点动量{-698MM},运动速度{200MM/s}
2023-04-05 19:37:07,911 [AppLog] INFO : 铺粉车返回至站1：BackToStation2(AimPos, MovSpeed, true)
2023-04-05 19:37:08,285 [AppLog] INFO : 落粉轴回零成功：motionMap.SetBackSpreaderAxis(3, 0.5, 2, -SinkPosition)：ReturnCode{True}
2023-04-05 19:37:08,317 [AppLog] INFO : 关闭闪喷操作：IDP_FlashPrtCtl：返回值{True}
2023-04-05 19:37:08,317 [AppLog] INFO : 删除打印任务：准备删除数据处理及打印线程
2023-04-05 19:37:08,317 [AppLog] INFO : 对象发生异常，区间位点2：System.Threading.ThreadAbortException: 正在中止线程。
   在 gts.mc.GT_GetSts(Int16 cardNum, Int16 axis, Int32& pSts, Int16 count, UInt32& pClock)
   在 Motion.GoogolMotionMap.TrapMotion(Int16 AXIS, TTrapPrm& p_trap, Int32 position, Double vel, Double RollerParam, Int32 RollerDirection, Boolean WaitStopFlag)
   在 BinderJetting.手动操作.TrapMoveUp(Int16 AXIS, Boolean m_bMoveModeFlag, String m_sVel, String m_sStep, Boolean OtherThreadUse, Boolean WaitStopFlag)
   在 BinderJetting.手动操作.NewAutoSupplyPowderThread2(SendMessageToCamera& toCamera, Int32 RecordLayerIndex, Int32 RecordProcessIndex)
   在 BinderJetting.主界面.EquipmentMotionLogic3(Int32 index, Int32 Command, Int32 PassIndex, Single m_MovSpeed, Single m_BackCleanMovSpeed, SendMessageToCamera& toCamera, Int32 RecordLayerIndex, Int32 RecordProcessIndex)
2023-04-05 19:37:08,426 [AppLog] INFO : 关闭打印线程成功：PrintTaskTHREAD
2023-04-05 19:37:08,426 [AppLog] INFO : 关闭打印线程成功：DataTaskTHREAD
2023-04-05 19:37:08,426 [AppLog] INFO : 停止打印任务，释放板卡内存：IDP_StopPrintJob()：ReturnFlag{True}
2023-04-05 19:41:34,110 [AppLog] INFO : 进入手动调试子模块！
2023-04-05 19:41:34,110 [AppLog] INFO : 进入：ManulBtn_Click=》准备创建对象-手动操作！
2023-04-05 19:41:34,141 [AppLog] INFO : 创建：ManualControl=》创建完成-手动操作！
2023-04-05 19:41:34,141 [AppLog] INFO : 加载成功：温控Modbus接口！
2023-04-05 19:41:35,670 [AppLog] INFO : 手动开启自动进给铺粉过程：AutoSupplyPowderBtn_Click
2023-04-05 19:41:35,670 [AppLog] INFO : 开启手动铺粉逻辑：NewAutoSupplyPowderThread
2023-04-05 19:41:35,732 [AppLog] INFO : 手动正向点动指令（8轴运控板卡系统） ====》：输出AXIS{第1轴},点动量{-0.08MM},运动速度{2MM/s}
2023-04-05 19:41:35,732 [AppLog] INFO : 成形面高度下降层厚 TrapSpace{0.08mm}：TrapMoveUp(1, true, Convert.ToString(vel), Convert.ToString(TrapSpace), true, true）
2023-04-05 19:41:36,512 [AppLog] INFO : 手动正向点动指令（8轴运控板卡系统） ====》：输出AXIS{第1轴},点动量{-1.5MM},运动速度{2MM/s}
2023-04-05 19:41:36,512 [AppLog] INFO : 成形面高度下降指定厚度 TrapSpace{1.5mm}：TrapMoveUp(1, true, Convert.ToString(vel), Convert.ToString(TrapSpace), true, true）
2023-04-05 19:41:37,277 [AppLog] INFO : 手动正向点动指令（8轴运控板卡系统） ====》：输出AXIS{第1轴},点动量{1.5MM},运动速度{2MM/s}
2023-04-05 19:41:37,277 [AppLog] INFO : 成形面高度上升层厚 TrapSpace{1.5mm}：TrapMoveUp(1, true, Convert.ToString(vel), Convert.ToString(TrapSpace), true, true）
2023-04-05 19:41:37,495 [AppLog] INFO : 手动正向点动指令（8轴运控板卡系统） ====》：输出AXIS{第8轴},点动量{0.5MM},运动速度{2.5MM/s}
2023-04-05 19:41:37,495 [AppLog] INFO : Hopper落粉轴转2圈落粉，速度0.5rev/s：TrapMoveUp(8, true, 0.5, rotateNuM.ToString(), true, false)
2023-04-05 19:41:38,790 [AppLog] INFO : 手动正向点动指令（8轴运控板卡系统） ====》：输出AXIS{第2轴},点动量{258MM},运动速度{200MM/s}
2023-04-05 19:41:38,790 [AppLog] INFO : 手动正向点动指令（8轴运控板卡系统） ====》：输出AXIS{第2轴},点动量{440MM},运动速度{50MM/s}
2023-04-05 19:41:38,790 [AppLog] INFO : 开启铺粉车不等停运动至站2，速度0.5rev/s：BackToStation2
2023-04-05 19:41:38,915 [AppLog] INFO : 打开IR灯：OpenIRLamp(true)
2023-04-05 19:41:38,915 [AppLog] INFO : 手动正向点动指令（8轴运控板卡系统） ====》：输出AXIS{第3轴},点动量{0.5MM},运动速度{0.0980392156862745MM/s}
2023-04-05 19:41:38,915 [AppLog] INFO : 开启均匀落粉及辊子铺平运动：TrapMoveUp(3, true, Convert.ToString(DispenseRollerSpeed), 0.5, true, true)
2023-04-05 19:41:44,000 [AppLog] INFO : 关闭IR灯：OpenIRLamp(false)
2023-04-05 19:41:46,356 [AppLog] INFO : 手动正向点动指令（8轴运控板卡系统） ====》：输出AXIS{第3轴},点动量{0.5MM},运动速度{2MM/s}
2023-04-05 19:41:46,356 [AppLog] INFO : 落粉轴继续转动以倒掉余粉：TrapMoveUp(3, true, 2, 0.5, true, false)
2023-04-05 19:41:48,368 [AppLog] INFO : 手动正向点动指令（8轴运控板卡系统） ====》：输出AXIS{第1轴},点动量{-1.5MM},运动速度{2MM/s}
2023-04-05 19:41:48,368 [AppLog] INFO : 成形面高度下降指定厚度 TrapSpace{1.5mm}：TrapMoveUp(1, true, Convert.ToString(vel), Convert.ToString(TrapSpace), true, true）
2023-04-05 19:41:51,863 [AppLog] INFO : 手动正向点动指令（8轴运控板卡系统） ====》：输出AXIS{第2轴},点动量{-698MM},运动速度{200MM/s}
2023-04-05 19:41:51,863 [AppLog] INFO : 铺粉车返回至站1：BackToStation2(AimPos, MovSpeed, true)
2023-04-05 19:41:52,253 [AppLog] INFO : 落粉轴回零成功：motionMap.SetBackSpreaderAxis(3, 0.5, 2, -SinkPosition)：ReturnCode{True}
2023-04-05 19:41:53,017 [AppLog] INFO : 手动正向点动指令（8轴运控板卡系统） ====》：输出AXIS{第1轴},点动量{1.5MM},运动速度{2MM/s}
2023-04-05 19:41:53,017 [AppLog] INFO : 成形面高度上升层厚 TrapSpace{1.5mm}：TrapMoveUp(1, true, Convert.ToString(vel), Convert.ToString(TrapSpace), true, true）
2023-04-05 19:41:53,017 [AppLog] INFO : 手动铺粉正常结束：NewAutoSupplyPowderThread
2023-04-05 19:41:53,017 [AppLog] INFO : 发送监控指令，拍照记录1条：SendMessageFromSharedMemory
2023-04-05 19:53:13,007 [AppLog] INFO : 退出手动调试子模块,已执行修改
==========================================================================
2023-04-05 19:55:42,471 [AppLog] INFO : 开启系统：板卡通讯，伺服供电，照明系统，UV/HR固化系统！
2023-04-05 19:55:46,340 [AppLog] INFO : 关闭系统：一键关闭系统开始！
2023-04-05 19:55:52,476 [AppLog] INFO : 关闭系统：一键关闭系统结束！
2023-04-05 19:55:52,508 [AppLog] INFO : 喷墨控制器的所有轴输出关闭！
2023-04-05 19:55:52,512 [AppLog] INFO : 喷墨控制器关闭！
2023-04-05 19:55:52,516 [AppLog] INFO : 进入电气控制模块
2023-04-05 19:55:53,537 [AppLog] INFO : 电气控制模块：手动关闭端口14
2023-04-05 19:55:54,337 [AppLog] INFO : 电气控制模块：手动关闭端口15
2023-04-05 19:55:55,090 [AppLog] INFO : 退出电气控制模块
2023-04-05 19:55:56,553 [AppLog] INFO : 软件及设备关停中：墨车所有方向运动确认停止（X,Y,Y2)： bImmeStop{False},nAxisMask{0x7}
2023-04-05 19:55:56,554 [AppLog] INFO : 软件及设备关停中：喷墨控制器板卡系统关闭（X,Y,Y2)：DEV_CloseDevice
2023-04-05 19:55:57,207 [AppLog] INFO : 软件及设备关停成功
==========================================================================
操作系统:{Microsoft Windows 7 旗舰版 }
运行环境:{ .Net Framework Enviroment Version 4.0.30319.42000}
盘符：D
CPU使用率：{18.10425%} ，可用内存大小:{14192MB}，硬盘剩余空间：
  盘符 C:\ 的剩余空间：70 GB
  盘符 D:\ 的剩余空间：88 GB
  盘符 F:\ 的剩余空间：3 GB
==========================================================================
2023-04-05 19:56:20,411 [AppLog] INFO : 软件开机密码正确，登录成功1次
==========================================================================
操作系统:{Microsoft Windows 7 旗舰版 }
运行环境:{ .Net Framework Enviroment Version 4.0.30319.42000}
盘符：D
CPU使用率：{51.7351%} ，可用内存大小:{14096MB}，硬盘剩余空间：
  盘符 C:\ 的剩余空间：70 GB
  盘符 D:\ 的剩余空间：88 GB
  盘符 F:\ 的剩余空间：3 GB
硬件配置情况：
  CPU 厂家: GenuineIntel CPU 型号: Intel(R) Core(TM) i7-4770 CPU @ 3.40GHz
  内存条厂家: Kingston 内存条型号: 99P5471-043.A00LF 
  内存条厂家: Kingston 内存条型号: 99P5471-043.A00LF 
  硬盘厂家: (标准磁盘驱动器) 硬盘型号: Micron_1300_MTFDDAK256TDL ATA Device
  硬盘厂家: (标准磁盘驱动器) 硬盘型号: Generic Flash Disk USB Device
==========================================================================
2023-04-05 19:56:20,425 [AppLog] INFO : 开启系统：板卡通讯，伺服供电，照明系统，UV/HR固化系统！
2023-04-05 19:56:20,427 [AppLog] INFO : 开启系统：一键启动系统开始！
2023-04-05 19:56:26,431 [AppLog] INFO : 开启系统：一键启动系统结束！
2023-04-05 19:56:26,432 [AppLog] INFO : 初始化喷墨控制器启动！
2023-04-05 19:56:31,946 [AppLog] INFO : 打开喷墨控制器设备失败！
2023-04-05 19:56:34,049 [AppLog] INFO : 初始化喷墨控制器成功！
2023-04-05 19:56:34,049 [AppLog] INFO : 进入：EquipmentMotionLogic3=》准备创建对象-手动操作！
2023-04-05 19:56:34,204 [AppLog] INFO : 进入：EquipmentMotionLogic3=》创建完成-手动操作！
2023-04-05 19:56:34,323 [AppLog] INFO : 红外灯控制器485通讯建立！
2023-04-05 19:56:34,324 [AppLog] INFO : 进入电气控制模块
2023-04-05 19:56:36,719 [AppLog] INFO : 退出电气控制模块
2023-04-05 19:56:37,528 [AppLog] INFO : 开启系统：板卡通讯，伺服供电，照明系统，UV/HR固化系统！
2023-04-05 19:56:38,447 [AppLog] INFO : 关闭系统：一键关闭系统开始！
2023-04-05 19:56:44,585 [AppLog] INFO : 关闭系统：一键关闭系统结束！
2023-04-05 19:56:44,586 [AppLog] INFO : 喷墨控制器的所有轴输出关闭！
2023-04-05 19:56:44,586 [AppLog] INFO : 喷墨控制器关闭！
2023-04-05 19:56:44,587 [AppLog] INFO : 进入电气控制模块
2023-04-05 19:56:45,561 [AppLog] INFO : 退出电气控制模块
2023-04-05 19:56:46,326 [AppLog] INFO : 开启系统：板卡通讯，伺服供电，照明系统，UV/HR固化系统！
2023-04-05 19:56:46,327 [AppLog] INFO : 开启系统：一键启动系统开始！
2023-04-05 19:56:52,384 [AppLog] INFO : 开启系统：一键启动系统结束！
2023-04-05 19:56:52,384 [AppLog] INFO : 初始化喷墨控制器启动！
2023-04-05 19:57:15,847 [AppLog] INFO : 打开喷墨控制器设备成功！
2023-04-05 19:57:17,376 [AppLog] INFO : 初始化喷墨控制器成功！
2023-04-05 19:57:17,376 [AppLog] INFO : 进入：EquipmentMotionLogic3=》准备创建对象-手动操作！
2023-04-05 19:57:17,407 [AppLog] INFO : 进入：EquipmentMotionLogic3=》创建完成-手动操作！
2023-04-05 19:57:17,532 [AppLog] INFO : 红外灯控制器485通讯建立！
2023-04-05 19:57:17,532 [AppLog] INFO : 进入电气控制模块
2023-04-05 19:57:18,358 [AppLog] INFO : 电气控制模块：手动打开端口14
2023-04-05 19:57:18,920 [AppLog] INFO : 电气控制模块：手动打开端口15
2023-04-05 19:57:19,482 [AppLog] INFO : 退出电气控制模块
2023-04-05 19:57:21,728 [AppLog] INFO : 进入手动调试子模块！
2023-04-05 19:57:21,728 [AppLog] INFO : 进入：ManulBtn_Click=》准备创建对象-手动操作！
2023-04-05 19:57:21,744 [AppLog] INFO : 创建：ManualControl=》创建完成-手动操作！
2023-04-05 19:57:21,744 [AppLog] INFO : 加载成功：温控Modbus接口！
2023-04-05 19:57:25,753 [AppLog] INFO : 开启铺粉车回零校准：PowderCarHomeBtn_Click
2023-04-05 19:57:25,768 [AppLog] INFO : 开启粉车回零校准线程：PowderCarHomeResetThread
2023-04-05 19:57:27,640 [AppLog] INFO : 开启墨车回零校准：PrintCarHomeBtn_Click
2023-04-05 19:57:27,640 [AppLog] INFO : 开启墨车回零校准线程：InkCarEncoderResetThread
2023-04-05 19:57:34,473 [AppLog] INFO : 手动正向点动指令（8轴运控板卡系统） ====》：输出AXIS{第2轴},点动量{-116MM},运动速度{50MM/s}
2023-04-05 19:57:34,473 [AppLog] INFO : 粉车回零校准线程成功：PowderCarHomeResetThread
2023-04-05 19:57:38,826 [AppLog] INFO : 墨车回零校准线程成功：InkCarEncoderResetThread
2023-04-05 19:57:41,322 [AppLog] INFO : 更新波形路径：DEV_UpdateParam：{D:\Release\波形文件\0316新调=波形文件=水性胶水\世彪新调：ricoh_big-单点模式-开启MN1(开启微动).rhdat}
2023-04-05 19:57:41,322 [AppLog] INFO : {1}号喷头基准电压更新成功：DEV_SetWaveStdVoltage{0V,0V,0V,0V}；
2023-04-05 19:57:46,704 [AppLog] INFO : 重新加载完波形：DEV_ReloadWaveForm! 当前波形文件的基准电压参考值为：{18V}
2023-04-05 19:57:46,984 [AppLog] INFO : {1}号喷头电压调压成功：MCU_SetPhVoltage{0V,0V,0V,0V}；
2023-04-05 19:57:47,031 [AppLog] INFO : 退出手动调试子模块,已执行修改
==========================================================================
2023-04-05 19:57:49,200 [AppLog] INFO : 进入JOB参数设置：修改前初始参数：灰度数据格式{1bits}打印灰阶{1阶}m_XPrintDpi{635Dpi}墨车运动速度{150MM/s}X向起打位置{50MM}X向起打位置偏移{0MM}Y向起打位置偏移{0MM}
2023-04-05 19:57:51,321 [AppLog] INFO : 退出JOB参数设置：未修改直接退出！
2023-04-05 19:57:52,054 [AppLog] INFO : 进入手动调试子模块！
2023-04-05 19:57:52,054 [AppLog] INFO : 进入：ManulBtn_Click=》准备创建对象-手动操作！
2023-04-05 19:57:52,070 [AppLog] INFO : 创建：ManualControl=》创建完成-手动操作！
2023-04-05 19:57:52,070 [AppLog] INFO : 加载成功：温控Modbus接口！
2023-04-05 19:57:54,036 [AppLog] INFO : 手动开启自动清洗过程：AutoCleanBtn_Click
2023-04-05 19:57:54,051 [AppLog] INFO : 进入自动清洗过程：AutoCleanThread
2023-04-05 19:57:55,065 [AppLog] INFO : 刮墨轴回零成功：motionMap.SetBackSpreaderAxis(4, 1, 2, -SinkPosition)
2023-04-05 19:57:55,065 [AppLog] INFO : 准备读取编码器位置：Y方向！
2023-04-05 19:57:55,065 [AppLog] INFO : 准备运动，编码器当前位置：DEM_GetAxisEncodeVal：MoveDirectionFlag{false为Y方向：True}CurrentPos{52.965}AimPos{121}
2023-04-05 19:57:55,096 [AppLog] INFO : Y方向运动开始：DEM_Run：返回值{True}nAxis{1}DirFlag{True}nSpeed{250000}MoveStep{68035}nCtlValue{0}
2023-04-05 19:57:56,017 [AppLog] INFO : Y方向到位停止：DEM_StopAxisRun：返回值{True}CurrentPos{120.795}bImmeStop{False}nAxisMask{2}
2023-04-05 19:57:56,017 [AppLog] INFO : 准备读取编码器位置：X方向！
2023-04-05 19:57:56,017 [AppLog] INFO : 准备运动，当前位置：DEV_GetPrintEncoderValue：MoveDirectionFlag{false为Y方向：False}CurrentPos{738.12}AimPos{780}
2023-04-05 19:57:56,048 [AppLog] INFO : X方向运动开始：DEM_Run：返回值{True}nAxis{0}DirFlag{True}nSpeed{250000}MoveStep{41880}nCtlValue{2}
2023-04-05 19:57:56,594 [AppLog] INFO : X方向到位停止：DEM_StopAxisRun：返回值{True}CurrentPos{775.255}bImmeStop{False}nAxisMask{1}
2023-04-05 19:57:57,437 [AppLog] INFO : 开启压墨： motionMap.SetDo(13, true)
2023-04-05 19:57:58,950 [AppLog] INFO : 关闭压墨： motionMap.SetDo(13, true)
2023-04-05 19:57:58,950 [AppLog] INFO : 准备读取编码器位置：X方向！
2023-04-05 19:57:58,950 [AppLog] INFO : 准备运动，当前位置：DEV_GetPrintEncoderValue：MoveDirectionFlag{false为Y方向：False}CurrentPos{779.585}AimPos{680}
2023-04-05 19:57:58,981 [AppLog] INFO : X方向运动开始：DEM_Run：返回值{True}nAxis{0}DirFlag{False}nSpeed{100000}MoveStep{-99585}nCtlValue{2}
2023-04-05 19:58:00,135 [AppLog] INFO : X方向到位停止：DEM_StopAxisRun：返回值{True}CurrentPos{684.485}bImmeStop{False}nAxisMask{1}
2023-04-05 19:58:00,962 [AppLog] INFO : 结束自动清洗过程：AutoCleanThread
2023-04-05 19:58:01,555 [AppLog] INFO : 退出手动调试子模块,已执行修改
==========================================================================
2023-04-05 19:58:03,099 [AppLog] INFO : 进入手动调试子模块！
2023-04-05 19:58:03,099 [AppLog] INFO : 进入：ManulBtn_Click=》准备创建对象-手动操作！
2023-04-05 19:58:03,115 [AppLog] INFO : 创建：ManualControl=》创建完成-手动操作！
2023-04-05 19:58:03,115 [AppLog] INFO : 加载成功：温控Modbus接口！
2023-04-05 19:58:05,018 [AppLog] INFO : 手动开启自动进给铺粉过程：AutoSupplyPowderBtn_Click
2023-04-05 19:58:05,034 [AppLog] INFO : 开启手动铺粉逻辑：NewAutoSupplyPowderThread
2023-04-05 19:58:05,159 [AppLog] INFO : 手动正向点动指令（8轴运控板卡系统） ====》：输出AXIS{第1轴},点动量{-0.08MM},运动速度{2MM/s}
2023-04-05 19:58:05,159 [AppLog] INFO : 成形面高度下降层厚 TrapSpace{0.08mm}：TrapMoveUp(1, true, Convert.ToString(vel), Convert.ToString(TrapSpace), true, true）
2023-04-05 19:58:05,923 [AppLog] INFO : 手动正向点动指令（8轴运控板卡系统） ====》：输出AXIS{第1轴},点动量{-1.5MM},运动速度{2MM/s}
2023-04-05 19:58:05,923 [AppLog] INFO : 成形面高度下降指定厚度 TrapSpace{1.5mm}：TrapMoveUp(1, true, Convert.ToString(vel), Convert.ToString(TrapSpace), true, true）
2023-04-05 19:58:06,703 [AppLog] INFO : 手动正向点动指令（8轴运控板卡系统） ====》：输出AXIS{第1轴},点动量{1.5MM},运动速度{2MM/s}
2023-04-05 19:58:06,703 [AppLog] INFO : 成形面高度上升层厚 TrapSpace{1.5mm}：TrapMoveUp(1, true, Convert.ToString(vel), Convert.ToString(TrapSpace), true, true）
2023-04-05 19:58:06,968 [AppLog] INFO : 手动正向点动指令（8轴运控板卡系统） ====》：输出AXIS{第8轴},点动量{0.5MM},运动速度{2.5MM/s}
2023-04-05 19:58:06,968 [AppLog] INFO : Hopper落粉轴转2圈落粉，速度0.5rev/s：TrapMoveUp(8, true, 0.5, rotateNuM.ToString(), true, false)
2023-04-05 19:58:08,232 [AppLog] INFO : 手动正向点动指令（8轴运控板卡系统） ====》：输出AXIS{第2轴},点动量{254MM},运动速度{200MM/s}
2023-04-05 19:58:08,232 [AppLog] INFO : 开启铺粉车不等停运动至准备打印位置255mm，速度200mm/s：BackToStation2
2023-04-05 19:58:08,247 [AppLog] INFO : 手动正向点动指令（8轴运控板卡系统） ====》：输出AXIS{第2轴},点动量{440MM},运动速度{50MM/s}
2023-04-05 19:58:08,247 [AppLog] INFO : 开启铺粉车不等停运动至站2，速度0.5rev/s：BackToStation2
2023-04-05 19:58:08,372 [AppLog] INFO : 打开IR灯：OpenIRLamp(true)
2023-04-05 19:58:08,419 [AppLog] INFO : 手动正向点动指令（8轴运控板卡系统） ====》：输出AXIS{第3轴},点动量{0.5MM},运动速度{0.0980392156862745MM/s}
2023-04-05 19:58:08,419 [AppLog] INFO : 开启均匀落粉及辊子铺平运动：TrapMoveUp(3, true, Convert.ToString(DispenseRollerSpeed), 0.5, true, true)
2023-04-05 19:58:13,458 [AppLog] INFO : 关闭IR灯：OpenIRLamp(false)
2023-04-05 19:58:15,798 [AppLog] INFO : 手动正向点动指令（8轴运控板卡系统） ====》：输出AXIS{第3轴},点动量{0.5MM},运动速度{2MM/s}
2023-04-05 19:58:15,798 [AppLog] INFO : 落粉轴继续转动以倒掉余粉：TrapMoveUp(3, true, 2, 0.5, true, false)
2023-04-05 19:58:17,826 [AppLog] INFO : 手动正向点动指令（8轴运控板卡系统） ====》：输出AXIS{第1轴},点动量{-1.5MM},运动速度{2MM/s}
2023-04-05 19:58:17,826 [AppLog] INFO : 成形面高度下降指定厚度 TrapSpace{1.5mm}：TrapMoveUp(1, true, Convert.ToString(vel), Convert.ToString(TrapSpace), true, true）
2023-04-05 19:58:21,320 [AppLog] INFO : 手动正向点动指令（8轴运控板卡系统） ====》：输出AXIS{第2轴},点动量{-698MM},运动速度{200MM/s}
2023-04-05 19:58:21,320 [AppLog] INFO : 铺粉车返回至站1：BackToStation2(AimPos, MovSpeed, true)：-3mm，速度200mm/s：BackToStation2
2023-04-05 19:58:21,695 [AppLog] INFO : 落粉轴回零成功：motionMap.SetBackSpreaderAxis(3, 0.5, 2, -SinkPosition)：ReturnCode{True}
2023-04-05 19:58:22,459 [AppLog] INFO : 手动正向点动指令（8轴运控板卡系统） ====》：输出AXIS{第1轴},点动量{1.5MM},运动速度{2MM/s}
2023-04-05 19:58:22,459 [AppLog] INFO : 成形面高度上升层厚 TrapSpace{1.5mm}：TrapMoveUp(1, true, Convert.ToString(vel), Convert.ToString(TrapSpace), true, true）
2023-04-05 19:58:22,459 [AppLog] INFO : 手动铺粉正常结束：NewAutoSupplyPowderThread
2023-04-05 19:58:22,475 [AppLog] INFO : 发送监控指令，拍照记录1条：SendMessageFromSharedMemory
2023-04-05 19:59:17,377 [AppLog] INFO : 退出手动调试子模块，未执行修改
==========================================================================
2023-04-05 19:59:18,235 [AppLog] INFO : 进入数据加载模块
2023-04-05 19:59:29,404 [AppLog] INFO : 进入手动调试子模块！
2023-04-05 19:59:29,404 [AppLog] INFO : 进入：ManulBtn_Click=》准备创建对象-手动操作！
2023-04-05 19:59:29,436 [AppLog] INFO : 创建：ManualControl=》创建完成-手动操作！
2023-04-05 19:59:29,436 [AppLog] INFO : 加载成功：温控Modbus接口！
2023-04-05 19:59:30,886 [AppLog] INFO : 退出手动调试子模块，未执行修改
==========================================================================
2023-04-05 19:59:33,414 [AppLog] INFO : CAD数据加载：添加.bjgroup格式CAD数据成功-D:\Release\CLI输入文件\shibiao-0321\shibiao-0321晚.bjgroup
2023-04-05 19:59:39,264 [AppLog] INFO : 进入手动调试子模块！
2023-04-05 19:59:39,264 [AppLog] INFO : 进入：ManulBtn_Click=》准备创建对象-手动操作！
2023-04-05 19:59:39,279 [AppLog] INFO : 创建：ManualControl=》创建完成-手动操作！
2023-04-05 19:59:39,279 [AppLog] INFO : 加载成功：温控Modbus接口！
2023-04-05 19:59:42,196 [AppLog] INFO : 退出手动调试子模块,已执行修改
==========================================================================
2023-04-05 19:59:43,398 [AppLog] INFO : 启动打印任务：准备开启数据处理及打印线程
2023-04-05 19:59:43,413 [AppLog] INFO : 停止打印任务，释放板卡内存：IDP_StopPrintJob()：ReturnFlag{True}
2023-04-05 19:59:43,413 [AppLog] INFO : 启动打印线程成功： DataTaskTHREAD
2023-04-05 19:59:43,413 [AppLog] INFO : 启动打印线程成功：PrintTaskTHREAD
2023-04-05 19:59:43,429 [AppLog] INFO : 写入打印参数：IDP_SartPrintJob：nJobID{1}szJobName{金属3DP打印}nPixelGrayBits{1} nPrtCtl{0}nPrtXEncPos{10000}fPrtYPos{0}
2023-04-05 19:59:43,444 [AppLog] INFO : 进入：EquipmentMotionLogic3=》准备创建对象-手动操作！
2023-04-05 19:59:43,460 [AppLog] INFO : 创建：AutoPrintMotion4=》初次创建完成-手动操作！
2023-04-05 19:59:43,476 [AppLog] INFO : 准备处理第1层数据：准备调用RenderToWic，index为0，subindex为0，g_nRePrintTimes为1，起始层为0
2023-04-05 19:59:43,663 [AppLog] INFO : 完成处理第0层数据：准备调用DrawLayerBMP，index为0，起始层为0
2023-04-05 19:59:43,663 [AppLog] INFO : 完成处理第0层数据：准备调用DrawLayerBMP，index为0，起始层为0
2023-04-05 19:59:44,396 [AppLog] INFO : 作业写入成功：IDP_WriteImgLayerData：bpp:{1bit}灰阶:{1阶}nLayerIndex{0}LayerIndex{0}SubIndex{0}RePrintTimes{1}nBytesPerLine{1004}nWidth{8001}nHeight{7560}nXEncOff{0}nYJetOff{0}nImgStartJetIndex{0}nXDPI{635}nYDPI{600}nPrtDir{0} nPrtFlag{1}nColorCnts{1}nReserved{System.Int32[]}
2023-04-05 19:59:44,396 [AppLog] INFO : 完成处理第1层数据：准备调用RenderToWic，index为0，subindex为0，g_nRePrintTimes为1，起始层为0
2023-04-05 19:59:44,396 [AppLog] INFO : 准备处理第1层数据：准备调用RenderToWic，index为0，subindex为1，g_nRePrintTimes为1，起始层为0
2023-04-05 19:59:44,568 [AppLog] INFO : 完成处理第0层数据：准备调用DrawLayerBMP，index为0，起始层为0
2023-04-05 19:59:44,568 [AppLog] INFO : 完成处理第0层数据：准备调用DrawLayerBMP，index为0，起始层为0
2023-04-05 19:59:45,348 [AppLog] INFO : 作业写入成功：IDP_WriteImgLayerData：bpp:{1bit}灰阶:{1阶}nLayerIndex{1}LayerIndex{0}SubIndex{1}RePrintTimes{1}nBytesPerLine{1004}nWidth{8001}nHeight{7560}nXEncOff{0}nYJetOff{0}nImgStartJetIndex{0}nXDPI{635}nYDPI{600}nPrtDir{0} nPrtFlag{1}nColorCnts{1}nReserved{System.Int32[]}
2023-04-05 19:59:45,363 [AppLog] INFO : 完成处理第1层数据：准备调用RenderToWic，index为0，subindex为1，g_nRePrintTimes为1，起始层为0
2023-04-05 19:59:45,363 [AppLog] INFO : 准备处理第1层数据：准备调用RenderToWic，index为1，subindex为0，g_nRePrintTimes为1，起始层为0
2023-04-05 19:59:45,379 [AppLog] INFO : 关闭自动供墨：DEV_EnableInkAutoSupply：ControlBit{0xX}
2023-04-05 19:59:45,394 [AppLog] INFO : 初始化墨轴1：DEM_InitAxis：{0, 0x100}
2023-04-05 19:59:45,394 [AppLog] INFO : 初始化墨轴2：DEM_InitAxis：{1, 0x1400}
2023-04-05 19:59:45,410 [AppLog] INFO : 初始化墨轴3：DEM_InitAxis：{1, 0x1400}
2023-04-05 19:59:45,410 [AppLog] INFO : 使能所有墨轴：DEM_EnableAxisRun：{true}
2023-04-05 19:59:45,426 [AppLog] INFO : 使能双Y墨轴输出同步：DEM_EnableDYOutPut：{true, true}
2023-04-05 19:59:45,426 [AppLog] INFO : 初始化墨轴1：DEM_InitAxis：{0, 0x100}
2023-04-05 19:59:45,426 [AppLog] INFO : 使能所有墨轴：DEM_EnableAxisRun：{true}
2023-04-05 19:59:45,426 [AppLog] INFO : 开启自动供墨：DEV_EnableInkAutoSupply：ControlBit{0xFF}
2023-04-05 19:59:45,441 [AppLog] INFO : 接收到起始打印指令：PrintTaskTHREAD
2023-04-05 19:59:45,488 [AppLog] INFO : 获取打印Pass数据：IDP_GetPassItem2：nLayerIndex{1}nPassID{0}nProcState{3}LPPassDataItemb:PrtDir{False}nDataTxCompleteCnt{1}nHwMemAdrMatchMask{1}nLayerIndex{1}nLayerPassCount{6}nLayerPassIndex{0}nMinJet0ImgLinePos{0}nPrtMemHwAddr{System.UInt32[]}nPrtDataOffset{System.UInt32[]}nSrcDataSize{System.UInt32[]}nPrtColBytes{System.UInt32[]}nPrtPrecession{8}nSrcEndCols{8000}nSrcStartCols{0}nStartEncPos{76472}nValidPassJets{1280}nValidPrtCols{8310}nValidPrtCtlCnts{1}pDataBuf{0}pNextItem{701941264}
2023-04-05 19:59:45,504 [AppLog] INFO : 使能Pass打印成功：IDP_DoPassPrint2：nLayerIndex{1}nPassID{0}
2023-04-05 19:59:45,519 [AppLog] INFO : PASS打印前关键状态：DEV_GetDeviceInfo2：nLayerIndex{1}nPassID{0}LPPRINTER_INFO:nXSysEncDPI{0}nStatus{0}nPrintStatus{0}bSuperDevice{0}
LPPRINTER_INFO-LPPrtRunInfo:bJobPrtRuning{False}bLayerPrtIsOver{False}nContReqMemErr{0}nContWDErr{0}nCurPrtDir{0}nDTLayerIndex{0}nDTLayerPassIndex{0}nDTPtrCtlIndex{0}nLayerPassCount{0}nPrintLayerIndex{0}nPrintPassIndex{0}nProcLayerIndex{0}nPrtDataMemAddr{0}nPrtState{0}nReverse{System.Int32[]}nRevPrtCols{0}
LPPRINTER_INFO-LPDRVINFO:nFMVersion{0}nFpgaVersion{0}nPCBVersion{0}nState{0}nNextState{0}nPtvwarnState{0}nCrc32{0}nRevInfo{System.UInt32[]}nSignature{0}
2023-04-05 19:59:45,519 [AppLog] INFO : 进入：EquipmentMotionLogic3=》准备创建对象-手动操作！
2023-04-05 19:59:45,550 [AppLog] INFO : 完成处理第1层数据：准备调用DrawLayerBMP，index为1，起始层为0
2023-04-05 19:59:45,550 [AppLog] INFO : 完成处理第1层数据：准备调用DrawLayerBMP，index为1，起始层为0
2023-04-05 19:59:45,691 [AppLog] INFO : 进入：EquipmentMotionLogic3=》初次创建完成-手动操作！
2023-04-05 19:59:45,691 [AppLog] INFO : 进入：EquipmentMotionLogic3=》赋值完成自-AutoPrintMotion2！
2023-04-05 19:59:45,691 [AppLog] INFO : 进入：EquipmentMotionLogic3=》加载配置文件-LoadJsonFile成功！
2023-04-05 19:59:45,691 [AppLog] INFO : 进入自动清洗过程：AutoCleanThread
2023-04-05 19:59:46,315 [AppLog] INFO : 作业写入成功：IDP_WriteImgLayerData：bpp:{1bit}灰阶:{1阶}nLayerIndex{2}LayerIndex{1}SubIndex{1}RePrintTimes{1}nBytesPerLine{1004}nWidth{8001}nHeight{7560}nXEncOff{0}nYJetOff{0}nImgStartJetIndex{0}nXDPI{635}nYDPI{600}nPrtDir{0} nPrtFlag{1}nColorCnts{1}nReserved{System.Int32[]}
2023-04-05 19:59:46,315 [AppLog] INFO : 完成处理第1层数据：准备调用RenderToWic，index为1，subindex为0，g_nRePrintTimes为1，起始层为0
2023-04-05 19:59:46,315 [AppLog] INFO : 准备处理第1层数据：准备调用RenderToWic，index为2，subindex为0，g_nRePrintTimes为1，起始层为0
2023-04-05 19:59:46,502 [AppLog] INFO : 完成处理第2层数据：准备调用DrawLayerBMP，index为2，起始层为0
2023-04-05 19:59:46,502 [AppLog] INFO : 完成处理第2层数据：准备调用DrawLayerBMP，index为2，起始层为0
2023-04-05 19:59:46,658 [AppLog] INFO : 刮墨轴回零成功：motionMap.SetBackSpreaderAxis(4, 1, 2, -SinkPosition)
2023-04-05 19:59:46,658 [AppLog] INFO : 准备读取编码器位置：Y方向！
2023-04-05 19:59:46,658 [AppLog] INFO : 准备运动，编码器当前位置：DEM_GetAxisEncodeVal：MoveDirectionFlag{false为Y方向：True}CurrentPos{120.89}AimPos{121}
2023-04-05 19:59:46,689 [AppLog] INFO : Y方向运动开始：DEM_Run：返回值{True}nAxis{1}DirFlag{True}nSpeed{250000}MoveStep{109.999999999999}nCtlValue{0}
2023-04-05 19:59:46,689 [AppLog] INFO : Y方向到位停止：DEM_StopAxisRun：返回值{True}CurrentPos{120.89}bImmeStop{False}nAxisMask{2}
2023-04-05 19:59:46,689 [AppLog] INFO : 准备读取编码器位置：X方向！
2023-04-05 19:59:46,689 [AppLog] INFO : 准备运动，当前位置：DEV_GetPrintEncoderValue：MoveDirectionFlag{false为Y方向：False}CurrentPos{680.52}AimPos{780}
2023-04-05 19:59:46,720 [AppLog] INFO : X方向运动开始：DEM_Run：返回值{True}nAxis{0}DirFlag{True}nSpeed{250000}MoveStep{99480}nCtlValue{2}
2023-04-05 19:59:47,204 [AppLog] INFO : 作业写入成功：IDP_WriteImgLayerData：bpp:{1bit}灰阶:{1阶}nLayerIndex{3}LayerIndex{2}SubIndex{1}RePrintTimes{1}nBytesPerLine{1004}nWidth{8001}nHeight{7560}nXEncOff{0}nYJetOff{0}nImgStartJetIndex{0}nXDPI{635}nYDPI{600}nPrtDir{0} nPrtFlag{1}nColorCnts{1}nReserved{System.Int32[]}
2023-04-05 19:59:47,204 [AppLog] INFO : 完成处理第1层数据：准备调用RenderToWic，index为2，subindex为0，g_nRePrintTimes为1，起始层为0
2023-04-05 19:59:47,220 [AppLog] INFO : 准备处理第1层数据：准备调用RenderToWic，index为3，subindex为0，g_nRePrintTimes为1，起始层为0
2023-04-05 19:59:47,407 [AppLog] INFO : 完成处理第3层数据：准备调用DrawLayerBMP，index为3，起始层为0
2023-04-05 19:59:47,407 [AppLog] INFO : 完成处理第3层数据：准备调用DrawLayerBMP，index为3，起始层为0
2023-04-05 19:59:47,578 [AppLog] INFO : X方向到位停止：DEM_StopAxisRun：返回值{True}CurrentPos{776.215}bImmeStop{False}nAxisMask{1}
2023-04-05 19:59:48,156 [AppLog] INFO : 作业写入成功：IDP_WriteImgLayerData：bpp:{1bit}灰阶:{1阶}nLayerIndex{4}LayerIndex{3}SubIndex{1}RePrintTimes{1}nBytesPerLine{1004}nWidth{8001}nHeight{7560}nXEncOff{0}nYJetOff{0}nImgStartJetIndex{0}nXDPI{635}nYDPI{600}nPrtDir{0} nPrtFlag{1}nColorCnts{1}nReserved{System.Int32[]}
2023-04-05 19:59:48,156 [AppLog] INFO : 完成处理第1层数据：准备调用RenderToWic，index为3，subindex为0，g_nRePrintTimes为1，起始层为0
2023-04-05 19:59:48,171 [AppLog] INFO : 准备处理第1层数据：准备调用RenderToWic，index为4，subindex为0，g_nRePrintTimes为1，起始层为0
2023-04-05 19:59:48,358 [AppLog] INFO : 完成处理第4层数据：准备调用DrawLayerBMP，index为4，起始层为0
2023-04-05 19:59:48,358 [AppLog] INFO : 完成处理第4层数据：准备调用DrawLayerBMP，index为4，起始层为0
2023-04-05 19:59:48,405 [AppLog] INFO : 开启压墨： motionMap.SetDo(13, true)
2023-04-05 19:59:49,076 [AppLog] INFO : 作业写入成功：IDP_WriteImgLayerData：bpp:{1bit}灰阶:{1阶}nLayerIndex{5}LayerIndex{4}SubIndex{1}RePrintTimes{1}nBytesPerLine{1004}nWidth{8001}nHeight{7560}nXEncOff{0}nYJetOff{0}nImgStartJetIndex{0}nXDPI{635}nYDPI{600}nPrtDir{0} nPrtFlag{1}nColorCnts{1}nReserved{System.Int32[]}
2023-04-05 19:59:49,076 [AppLog] INFO : 完成处理第1层数据：准备调用RenderToWic，index为4，subindex为0，g_nRePrintTimes为1，起始层为0
2023-04-05 19:59:49,076 [AppLog] INFO : 准备处理第1层数据：准备调用RenderToWic，index为5，subindex为0，g_nRePrintTimes为1，起始层为0
2023-04-05 19:59:49,263 [AppLog] INFO : 完成处理第5层数据：准备调用DrawLayerBMP，index为5，起始层为0
2023-04-05 19:59:49,263 [AppLog] INFO : 完成处理第5层数据：准备调用DrawLayerBMP，index为5，起始层为0
2023-04-05 19:59:49,918 [AppLog] INFO : 关闭压墨： motionMap.SetDo(13, true)
2023-04-05 19:59:49,918 [AppLog] INFO : 准备读取编码器位置：X方向！
2023-04-05 19:59:49,918 [AppLog] INFO : 准备运动，当前位置：DEV_GetPrintEncoderValue：MoveDirectionFlag{false为Y方向：False}CurrentPos{779.47}AimPos{680}
2023-04-05 19:59:49,950 [AppLog] INFO : X方向运动开始：DEM_Run：返回值{True}nAxis{0}DirFlag{False}nSpeed{100000}MoveStep{-99470}nCtlValue{2}
2023-04-05 19:59:49,950 [AppLog] INFO : 作业写入成功：IDP_WriteImgLayerData：bpp:{1bit}灰阶:{1阶}nLayerIndex{6}LayerIndex{5}SubIndex{1}RePrintTimes{1}nBytesPerLine{1004}nWidth{8001}nHeight{7560}nXEncOff{0}nYJetOff{0}nImgStartJetIndex{0}nXDPI{635}nYDPI{600}nPrtDir{0} nPrtFlag{1}nColorCnts{1}nReserved{System.Int32[]}
2023-04-05 19:59:49,965 [AppLog] INFO : 完成处理第1层数据：准备调用RenderToWic，index为5，subindex为0，g_nRePrintTimes为1，起始层为0
2023-04-05 19:59:49,965 [AppLog] INFO : 准备处理第1层数据：准备调用RenderToWic，index为6，subindex为0，g_nRePrintTimes为1，起始层为0
2023-04-05 19:59:50,137 [AppLog] INFO : 完成处理第6层数据：准备调用DrawLayerBMP，index为6，起始层为0
2023-04-05 19:59:50,137 [AppLog] INFO : 完成处理第6层数据：准备调用DrawLayerBMP，index为6，起始层为0
2023-04-05 19:59:50,870 [AppLog] INFO : 作业写入成功：IDP_WriteImgLayerData：bpp:{1bit}灰阶:{1阶}nLayerIndex{7}LayerIndex{6}SubIndex{1}RePrintTimes{1}nBytesPerLine{1004}nWidth{8001}nHeight{7560}nXEncOff{0}nYJetOff{0}nImgStartJetIndex{0}nXDPI{635}nYDPI{600}nPrtDir{0} nPrtFlag{1}nColorCnts{1}nReserved{System.Int32[]}
2023-04-05 19:59:50,870 [AppLog] INFO : 完成处理第1层数据：准备调用RenderToWic，index为6，subindex为0，g_nRePrintTimes为1，起始层为0
2023-04-05 19:59:50,901 [AppLog] INFO : 准备处理第1层数据：准备调用RenderToWic，index为7，subindex为0，g_nRePrintTimes为1，起始层为0
2023-04-05 19:59:51,088 [AppLog] INFO : 完成处理第7层数据：准备调用DrawLayerBMP，index为7，起始层为0
2023-04-05 19:59:51,088 [AppLog] INFO : 完成处理第7层数据：准备调用DrawLayerBMP，index为7，起始层为0
2023-04-05 19:59:51,104 [AppLog] INFO : X方向到位停止：DEM_StopAxisRun：返回值{True}CurrentPos{684.26}bImmeStop{False}nAxisMask{1}
2023-04-05 19:59:51,822 [AppLog] INFO : 作业写入成功：IDP_WriteImgLayerData：bpp:{1bit}灰阶:{1阶}nLayerIndex{8}LayerIndex{7}SubIndex{1}RePrintTimes{1}nBytesPerLine{1004}nWidth{8001}nHeight{7560}nXEncOff{0}nYJetOff{0}nImgStartJetIndex{0}nXDPI{635}nYDPI{600}nPrtDir{0} nPrtFlag{1}nColorCnts{1}nReserved{System.Int32[]}
2023-04-05 19:59:51,822 [AppLog] INFO : 完成处理第1层数据：准备调用RenderToWic，index为7，subindex为0，g_nRePrintTimes为1，起始层为0
2023-04-05 19:59:51,822 [AppLog] INFO : 准备处理第1层数据：准备调用RenderToWic，index为8，subindex为0，g_nRePrintTimes为1，起始层为0
2023-04-05 19:59:51,931 [AppLog] INFO : 结束自动清洗过程：AutoCleanThread
2023-04-05 19:59:51,931 [AppLog] INFO : 进入：EquipmentMotionLogic3=》准备创建对象-手动操作！
2023-04-05 19:59:51,931 [AppLog] INFO : 进入：EquipmentMotionLogic3=》不需重新创建-手动操作！
2023-04-05 19:59:51,931 [AppLog] INFO : 进入：EquipmentMotionLogic3=》赋值完成自-AutoPrintMotion2！
2023-04-05 19:59:51,931 [AppLog] INFO : 进入：EquipmentMotionLogic3=》加载配置文件-LoadJsonFile成功！
2023-04-05 19:59:51,931 [AppLog] INFO : 进入：AutoPrintThread2！
2023-04-05 19:59:51,931 [AppLog] INFO : 关闭闪喷操作：IDP_FlashPrtCtl：返回值{True}
2023-04-05 19:59:51,931 [AppLog] INFO : 准备读取编码器位置：Y方向！
2023-04-05 19:59:51,931 [AppLog] INFO : 准备运动，编码器当前位置：DEM_GetAxisEncodeVal：MoveDirectionFlag{false为Y方向：True}CurrentPos{121.01}AimPos{15}
2023-04-05 19:59:51,978 [AppLog] INFO : Y方向运动开始：DEM_Run：返回值{True}nAxis{1}DirFlag{False}nSpeed{250000}MoveStep{-106010}nCtlValue{0}
2023-04-05 19:59:51,978 [AppLog] INFO : 准备读取编码器位置：X方向！
2023-04-05 19:59:51,978 [AppLog] INFO : 准备运动，当前位置：DEV_GetPrintEncoderValue：MoveDirectionFlag{false为Y方向：False}CurrentPos{680.52}AimPos{425}
2023-04-05 19:59:52,009 [AppLog] INFO : X方向运动开始：DEM_Run：返回值{True}nAxis{0}DirFlag{False}nSpeed{250000}MoveStep{-255520}nCtlValue{2}
2023-04-05 19:59:52,009 [AppLog] INFO : 完成处理第8层数据：准备调用DrawLayerBMP，index为8，起始层为0
2023-04-05 19:59:52,009 [AppLog] INFO : 完成处理第8层数据：准备调用DrawLayerBMP，index为8，起始层为0
2023-04-05 19:59:52,742 [AppLog] INFO : 作业写入成功：IDP_WriteImgLayerData：bpp:{1bit}灰阶:{1阶}nLayerIndex{9}LayerIndex{8}SubIndex{1}RePrintTimes{1}nBytesPerLine{1004}nWidth{8001}nHeight{7560}nXEncOff{0}nYJetOff{0}nImgStartJetIndex{0}nXDPI{635}nYDPI{600}nPrtDir{0} nPrtFlag{1}nColorCnts{1}nReserved{System.Int32[]}
2023-04-05 19:59:52,742 [AppLog] INFO : 完成处理第1层数据：准备调用RenderToWic，index为8，subindex为0，g_nRePrintTimes为1，起始层为0
2023-04-05 19:59:52,758 [AppLog] INFO : 准备处理第1层数据：准备调用RenderToWic，index为9，subindex为0，g_nRePrintTimes为1，起始层为0
2023-04-05 19:59:52,929 [AppLog] INFO : 完成处理第9层数据：准备调用DrawLayerBMP，index为9，起始层为0
2023-04-05 19:59:52,929 [AppLog] INFO : 完成处理第9层数据：准备调用DrawLayerBMP，index为9，起始层为0
2023-04-05 19:59:53,491 [AppLog] INFO : X方向到位停止：DEM_StopAxisRun：返回值{True}CurrentPos{429.23}bImmeStop{False}nAxisMask{1}
2023-04-05 19:59:53,491 [AppLog] INFO : 准备读取编码器位置：X方向！
2023-04-05 19:59:53,491 [AppLog] INFO : 准备运动，当前位置：DEV_GetPrintEncoderValue：MoveDirectionFlag{false为Y方向：False}CurrentPos{429.06}AimPos{25}
2023-04-05 19:59:53,522 [AppLog] INFO : X方向运动开始：DEM_Run：返回值{True}nAxis{0}DirFlag{False}nSpeed{150000}MoveStep{-404060}nCtlValue{2}
2023-04-05 19:59:53,662 [AppLog] INFO : 作业写入成功：IDP_WriteImgLayerData：bpp:{1bit}灰阶:{1阶}nLayerIndex{10}LayerIndex{9}SubIndex{1}RePrintTimes{1}nBytesPerLine{1004}nWidth{8001}nHeight{7560}nXEncOff{0}nYJetOff{0}nImgStartJetIndex{0}nXDPI{635}nYDPI{600}nPrtDir{0} nPrtFlag{1}nColorCnts{1}nReserved{System.Int32[]}
2023-04-05 19:59:53,662 [AppLog] INFO : 完成处理第1层数据：准备调用RenderToWic，index为9，subindex为0，g_nRePrintTimes为1，起始层为0
2023-04-05 19:59:56,470 [AppLog] INFO : X方向到位停止：DEM_StopAxisRun：返回值{True}CurrentPos{24.75}bImmeStop{False}nAxisMask{1}
2023-04-05 19:59:56,470 [AppLog] INFO : 准备读取编码器位置：Y方向！
2023-04-05 19:59:56,470 [AppLog] INFO : 准备运动，编码器当前位置：DEM_GetAxisEncodeVal：MoveDirectionFlag{false为Y方向：True}CurrentPos{15.185}AimPos{69}
2023-04-05 19:59:56,517 [AppLog] INFO : Y方向运动开始：DEM_Run：返回值{True}nAxis{1}DirFlag{True}nSpeed{150000}MoveStep{53815}nCtlValue{0}
2023-04-05 19:59:56,860 [AppLog] INFO : Y方向到位停止：DEM_StopAxisRun：返回值{True}CurrentPos{45.04}bImmeStop{False}nAxisMask{2}
2023-04-05 19:59:56,860 [AppLog] INFO : 获取打印Pass数据：IDP_GetPassItem2：nLayerIndex{1}nPassID{1}nProcState{3}LPPassDataItemb:PrtDir{True}nDataTxCompleteCnt{1}nHwMemAdrMatchMask{1}nLayerIndex{1}nLayerPassCount{6}nLayerPassIndex{1}nMinJet0ImgLinePos{1280}nPrtMemHwAddr{System.UInt32[]}nPrtDataOffset{System.UInt32[]}nSrcDataSize{System.UInt32[]}nPrtColBytes{System.UInt32[]}nPrtPrecession{8}nSrcEndCols{8000}nSrcStartCols{0}nStartEncPos{10000}nValidPassJets{1280}nValidPrtCols{8310}nValidPrtCtlCnts{1}pDataBuf{0}pNextItem{701941424}
2023-04-05 19:59:56,876 [AppLog] INFO : 使能Pass打印成功：IDP_DoPassPrint2：nLayerIndex{1}nPassID{1}
2023-04-05 19:59:56,876 [AppLog] INFO : PASS打印前关键状态：DEV_GetDeviceInfo2：nLayerIndex{1}nPassID{1}LPPRINTER_INFO:nXSysEncDPI{0}nStatus{0}nPrintStatus{0}bSuperDevice{0}
LPPRINTER_INFO-LPPrtRunInfo:bJobPrtRuning{False}bLayerPrtIsOver{False}nContReqMemErr{0}nContWDErr{0}nCurPrtDir{0}nDTLayerIndex{0}nDTLayerPassIndex{0}nDTPtrCtlIndex{0}nLayerPassCount{0}nPrintLayerIndex{0}nPrintPassIndex{0}nProcLayerIndex{0}nPrtDataMemAddr{0}nPrtState{0}nReverse{System.Int32[]}nRevPrtCols{0}
LPPRINTER_INFO-LPDRVINFO:nFMVersion{0}nFpgaVersion{0}nPCBVersion{0}nState{0}nNextState{0}nPtvwarnState{0}nCrc32{0}nRevInfo{System.UInt32[]}nSignature{0}
2023-04-05 19:59:56,876 [AppLog] INFO : 进入：EquipmentMotionLogic3=》准备创建对象-手动操作！
2023-04-05 19:59:56,876 [AppLog] INFO : 进入：EquipmentMotionLogic3=》不需重新创建-手动操作！
2023-04-05 19:59:56,876 [AppLog] INFO : 进入：EquipmentMotionLogic3=》赋值完成自-AutoPrintMotion2！
2023-04-05 19:59:56,876 [AppLog] INFO : 进入：EquipmentMotionLogic3=》加载配置文件-LoadJsonFile成功！
2023-04-05 19:59:56,876 [AppLog] INFO : 进入：AutoPrintThread2！
2023-04-05 19:59:56,876 [AppLog] INFO : 准备读取编码器位置：X方向！
2023-04-05 19:59:56,876 [AppLog] INFO : 准备运动，当前位置：DEV_GetPrintEncoderValue：MoveDirectionFlag{false为Y方向：False}CurrentPos{21.91}AimPos{425}
2023-04-05 19:59:56,907 [AppLog] INFO : X方向运动开始：DEM_Run：返回值{True}nAxis{0}DirFlag{True}nSpeed{150000}MoveStep{403090}nCtlValue{2}
2023-04-05 19:59:59,840 [AppLog] INFO : X方向到位停止：DEM_StopAxisRun：返回值{True}CurrentPos{419.58}bImmeStop{False}nAxisMask{1}
2023-04-05 19:59:59,840 [AppLog] INFO : 准备读取编码器位置：Y方向！
2023-04-05 19:59:59,840 [AppLog] INFO : 准备运动，编码器当前位置：DEM_GetAxisEncodeVal：MoveDirectionFlag{false为Y方向：True}CurrentPos{68.97}AimPos{123}
2023-04-05 19:59:59,871 [AppLog] INFO : Y方向运动开始：DEM_Run：返回值{True}nAxis{1}DirFlag{True}nSpeed{150000}MoveStep{54030}nCtlValue{0}
