2023-03-17 20:00:01,019 [AppLog] INFO : X方向到位停止：DEM_StopAxisRun：返回值{True}CurrentPos{30.42}bImmeStop{False}nAxisMask{1}
2023-03-17 20:00:01,019 [AppLog] INFO : 准备读取编码器位置：Y方向！
2023-03-17 20:00:01,019 [AppLog] INFO : 准备运动，编码器当前位置：DEM_GetAxisEncodeVal：MoveDirectionFlag{false为Y方向：True}CurrentPos{122.79}AimPos{177}
2023-03-17 20:00:01,050 [AppLog] INFO : Y方向运动开始：DEM_Run：返回值{True}nAxis{1}DirFlag{True}nSpeed{200000}MoveStep{54210}nCtlValue{0}
2023-03-17 20:00:01,331 [AppLog] INFO : Y方向到位停止：DEM_StopAxisRun：返回值{True}CurrentPos{148.655}bImmeStop{False}nAxisMask{2}
2023-03-17 20:00:01,331 [AppLog] INFO : 获取打印Pass数据：IDP_GetPassItem2：nLayerIndex{94}nPassID{3}nProcState{3}LPPassDataItemb:PrtDir{True}nDataTxCompleteCnt{1}nHwMemAdrMatchMask{1}nLayerIndex{94}nLayerPassCount{6}nLayerPassIndex{3}nMinJet0ImgLinePos{3840}nPrtMemHwAddr{System.UInt32[]}nPrtDataOffset{System.UInt32[]}nSrcDataSize{System.UInt32[]}nPrtColBytes{System.UInt32[]}nPrtPrecession{8}nSrcEndCols{8000}nSrcStartCols{0}nStartEncPos{10000}nValidPassJets{1280}nValidPrtCols{8310}nValidPrtCtlCnts{1}pDataBuf{0}pNextItem{478086176}
2023-03-17 20:00:01,346 [AppLog] INFO : 使能Pass打印成功：IDP_DoPassPrint2：nLayerIndex{94}nPassID{3}
2023-03-17 20:00:01,346 [AppLog] INFO : PASS打印前关键状态：DEV_GetDeviceInfo2：nLayerIndex{94}nPassID{3}LPPRINTER_INFO:nXSysEncDPI{0}nStatus{0}nPrintStatus{0}bSuperDevice{0}
LPPRINTER_INFO-LPPrtRunInfo:bJobPrtRuning{False}bLayerPrtIsOver{False}nContReqMemErr{0}nContWDErr{0}nCurPrtDir{0}nDTLayerIndex{0}nDTLayerPassIndex{0}nDTPtrCtlIndex{0}nLayerPassCount{0}nPrintLayerIndex{0}nPrintPassIndex{0}nProcLayerIndex{0}nPrtDataMemAddr{0}nPrtState{0}nReverse{System.Int32[]}nRevPrtCols{0}
LPPRINTER_INFO-LPDRVINFO:nFMVersion{0}nFpgaVersion{0}nPCBVersion{0}nState{0}nNextState{0}nPtvwarnState{0}nCrc32{0}nRevInfo{System.UInt32[]}nSignature{0}
2023-03-17 20:00:01,378 [AppLog] INFO : 准备读取编码器位置：X方向！
2023-03-17 20:00:01,378 [AppLog] INFO : 准备运动，当前位置：DEV_GetPrintEncoderValue：MoveDirectionFlag{false为Y方向：False}CurrentPos{26.435}AimPos{425}
2023-03-17 20:00:01,424 [AppLog] INFO : X方向运动开始：DEM_Run：返回值{True}nAxis{0}DirFlag{True}nSpeed{200000}MoveStep{398565}nCtlValue{2}
2023-03-17 20:00:03,764 [AppLog] INFO : X方向到位停止：DEM_StopAxisRun：返回值{True}CurrentPos{418.77}bImmeStop{False}nAxisMask{1}
2023-03-17 20:00:03,764 [AppLog] INFO : 准备读取编码器位置：Y方向！
2023-03-17 20:00:03,764 [AppLog] INFO : 准备运动，编码器当前位置：DEM_GetAxisEncodeVal：MoveDirectionFlag{false为Y方向：True}CurrentPos{176.905}AimPos{231}
2023-03-17 20:00:03,796 [AppLog] INFO : Y方向运动开始：DEM_Run：返回值{True}nAxis{1}DirFlag{True}nSpeed{200000}MoveStep{54095}nCtlValue{0}
2023-03-17 20:00:04,061 [AppLog] INFO : Y方向到位停止：DEM_StopAxisRun：返回值{True}CurrentPos{199.015}bImmeStop{False}nAxisMask{2}
2023-03-17 20:00:04,061 [AppLog] INFO : 获取打印Pass数据：IDP_GetPassItem2：nLayerIndex{94}nPassID{4}nProcState{3}LPPassDataItemb:PrtDir{False}nDataTxCompleteCnt{1}nHwMemAdrMatchMask{1}nLayerIndex{94}nLayerPassCount{6}nLayerPassIndex{4}nMinJet0ImgLinePos{5120}nPrtMemHwAddr{System.UInt32[]}nPrtDataOffset{System.UInt32[]}nSrcDataSize{System.UInt32[]}nPrtColBytes{System.UInt32[]}nPrtPrecession{8}nSrcEndCols{8000}nSrcStartCols{0}nStartEncPos{76472}nValidPassJets{1280}nValidPrtCols{8310}nValidPrtCtlCnts{1}pDataBuf{0}pNextItem{478086336}
2023-03-17 20:00:04,076 [AppLog] INFO : 使能Pass打印成功：IDP_DoPassPrint2：nLayerIndex{94}nPassID{4}
2023-03-17 20:00:04,076 [AppLog] INFO : PASS打印前关键状态：DEV_GetDeviceInfo2：nLayerIndex{94}nPassID{4}LPPRINTER_INFO:nXSysEncDPI{0}nStatus{0}nPrintStatus{0}bSuperDevice{0}
LPPRINTER_INFO-LPPrtRunInfo:bJobPrtRuning{False}bLayerPrtIsOver{False}nContReqMemErr{0}nContWDErr{0}nCurPrtDir{0}nDTLayerIndex{0}nDTLayerPassIndex{0}nDTPtrCtlIndex{0}nLayerPassCount{0}nPrintLayerIndex{0}nPrintPassIndex{0}nProcLayerIndex{0}nPrtDataMemAddr{0}nPrtState{0}nReverse{System.Int32[]}nRevPrtCols{0}
LPPRINTER_INFO-LPDRVINFO:nFMVersion{0}nFpgaVersion{0}nPCBVersion{0}nState{0}nNextState{0}nPtvwarnState{0}nCrc32{0}nRevInfo{System.UInt32[]}nSignature{0}
2023-03-17 20:00:04,108 [AppLog] INFO : 准备读取编码器位置：X方向！
2023-03-17 20:00:04,108 [AppLog] INFO : 准备运动，当前位置：DEV_GetPrintEncoderValue：MoveDirectionFlag{false为Y方向：False}CurrentPos{423.55}AimPos{25}
2023-03-17 20:00:04,139 [AppLog] INFO : X方向运动开始：DEM_Run：返回值{True}nAxis{0}DirFlag{False}nSpeed{200000}MoveStep{-398550}nCtlValue{2}
2023-03-17 20:00:06,479 [AppLog] INFO : X方向到位停止：DEM_StopAxisRun：返回值{True}CurrentPos{30.59}bImmeStop{False}nAxisMask{1}
2023-03-17 20:00:06,479 [AppLog] INFO : 准备读取编码器位置：Y方向！
2023-03-17 20:00:06,479 [AppLog] INFO : 准备运动，编码器当前位置：DEM_GetAxisEncodeVal：MoveDirectionFlag{false为Y方向：True}CurrentPos{230.925}AimPos{285}
2023-03-17 20:00:06,526 [AppLog] INFO : Y方向运动开始：DEM_Run：返回值{True}nAxis{1}DirFlag{True}nSpeed{200000}MoveStep{54075}nCtlValue{0}
2023-03-17 20:00:06,791 [AppLog] INFO : Y方向到位停止：DEM_StopAxisRun：返回值{True}CurrentPos{252.755}bImmeStop{False}nAxisMask{2}
2023-03-17 20:00:06,791 [AppLog] INFO : 获取打印Pass数据：IDP_GetPassItem2：nLayerIndex{94}nPassID{5}nProcState{3}LPPassDataItemb:PrtDir{True}nDataTxCompleteCnt{1}nHwMemAdrMatchMask{1}nLayerIndex{94}nLayerPassCount{6}nLayerPassIndex{5}nMinJet0ImgLinePos{6400}nPrtMemHwAddr{System.UInt32[]}nPrtDataOffset{System.UInt32[]}nSrcDataSize{System.UInt32[]}nPrtColBytes{System.UInt32[]}nPrtPrecession{8}nSrcEndCols{8000}nSrcStartCols{0}nStartEncPos{10000}nValidPassJets{1280}nValidPrtCols{8310}nValidPrtCtlCnts{1}pDataBuf{0}pNextItem{0}
2023-03-17 20:00:06,806 [AppLog] INFO : 使能Pass打印成功：IDP_DoPassPrint2：nLayerIndex{94}nPassID{5}
2023-03-17 20:00:06,806 [AppLog] INFO : PASS打印前关键状态：DEV_GetDeviceInfo2：nLayerIndex{94}nPassID{5}LPPRINTER_INFO:nXSysEncDPI{0}nStatus{0}nPrintStatus{0}bSuperDevice{0}
LPPRINTER_INFO-LPPrtRunInfo:bJobPrtRuning{False}bLayerPrtIsOver{False}nContReqMemErr{0}nContWDErr{0}nCurPrtDir{0}nDTLayerIndex{0}nDTLayerPassIndex{0}nDTPtrCtlIndex{0}nLayerPassCount{0}nPrintLayerIndex{0}nPrintPassIndex{0}nProcLayerIndex{0}nPrtDataMemAddr{0}nPrtState{0}nReverse{System.Int32[]}nRevPrtCols{0}
LPPRINTER_INFO-LPDRVINFO:nFMVersion{0}nFpgaVersion{0}nPCBVersion{0}nState{0}nNextState{0}nPtvwarnState{0}nCrc32{0}nRevInfo{System.UInt32[]}nSignature{0}
2023-03-17 20:00:06,838 [AppLog] INFO : 准备读取编码器位置：X方向！
2023-03-17 20:00:06,838 [AppLog] INFO : 准备运动，当前位置：DEV_GetPrintEncoderValue：MoveDirectionFlag{false为Y方向：False}CurrentPos{26.46}AimPos{425}
2023-03-17 20:00:06,869 [AppLog] INFO : X方向运动开始：DEM_Run：返回值{True}nAxis{0}DirFlag{True}nSpeed{200000}MoveStep{398540}nCtlValue{2}
2023-03-17 20:00:09,224 [AppLog] INFO : X方向到位停止：DEM_StopAxisRun：返回值{True}CurrentPos{419.965}bImmeStop{False}nAxisMask{1}
2023-03-17 20:00:09,224 [AppLog] INFO : 准备读取编码器位置：X方向！
2023-03-17 20:00:09,224 [AppLog] INFO : 准备运动，当前位置：DEV_GetPrintEncoderValue：MoveDirectionFlag{false为Y方向：False}CurrentPos{420.185}AimPos{710}
2023-03-17 20:00:09,256 [AppLog] INFO : X方向运动开始：DEM_Run：返回值{True}nAxis{0}DirFlag{True}nSpeed{200000}MoveStep{289815}nCtlValue{2}
2023-03-17 20:00:09,256 [AppLog] INFO : 准备读取编码器位置：Y方向！
2023-03-17 20:00:09,256 [AppLog] INFO : 准备运动，编码器当前位置：DEM_GetAxisEncodeVal：MoveDirectionFlag{false为Y方向：True}CurrentPos{284.89}AimPos{121}
2023-03-17 20:00:09,287 [AppLog] INFO : Y方向运动开始：DEM_Run：返回值{True}nAxis{1}DirFlag{False}nSpeed{200000}MoveStep{-163890}nCtlValue{0}
2023-03-17 20:00:11,065 [AppLog] INFO : Y方向到位等停：DEM_StopAxisRun：返回值{True}bImmeStop{False}nAxisMask{1}
2023-03-17 20:00:11,065 [AppLog] INFO : X方向到位等停：DEM_StopAxisRun：返回值{True}bImmeStop{False}nAxisMask{2}
2023-03-17 20:00:11,096 [AppLog] INFO : 开启闪喷操作：IDP_FlashPrtCtl：返回值{True}
2023-03-17 20:00:11,112 [AppLog] INFO : 进入自动铺粉逻辑：NewAutoSupplyPowderThread2
2023-03-17 20:00:11,221 [AppLog] INFO : 手动正向点动指令（8轴运控板卡系统） ====》：输出AXIS{第1轴},点动量{-0.08MM},运动速度{1MM/s}
2023-03-17 20:00:11,221 [AppLog] INFO : 成形面高度下降层厚 TrapSpace{0.08mm}：TrapMoveUp(1, true, Convert.ToString(vel), Convert.ToString(TrapSpace), true, true）
2023-03-17 20:00:12,750 [AppLog] INFO : 手动正向点动指令（8轴运控板卡系统） ====》：输出AXIS{第1轴},点动量{-1.5MM},运动速度{1MM/s}
2023-03-17 20:00:12,750 [AppLog] INFO : 成形面高度下降指定厚度 TrapSpace{1.5mm}：TrapMoveUp(1, true, Convert.ToString(vel), Convert.ToString(TrapSpace), true, true）
2023-03-17 20:00:14,279 [AppLog] INFO : 手动正向点动指令（8轴运控板卡系统） ====》：输出AXIS{第1轴},点动量{1.5MM},运动速度{1MM/s}
2023-03-17 20:00:14,279 [AppLog] INFO : 成形面高度上升层厚 TrapSpace{1.5mm}：TrapMoveUp(1, true, Convert.ToString(vel), Convert.ToString(TrapSpace), true, true）
2023-03-17 20:00:15,277 [AppLog] INFO : 手动正向点动指令（8轴运控板卡系统） ====》：输出AXIS{第8轴},点动量{0.5MM},运动速度{0.5MM/s}
2023-03-17 20:00:15,277 [AppLog] INFO : Hopper落粉轴转2圈落粉，速度0.5rev/s：TrapMoveUp(8, true, 0.5, rotateNuM.ToString(), true, false)
2023-03-17 20:00:15,589 [AppLog] INFO : 手动正向点动指令（8轴运控板卡系统） ====》：输出AXIS{第2轴},点动量{698MM},运动速度{30MM/s}
2023-03-17 20:00:15,589 [AppLog] INFO : 开启铺粉车不等停运动至站2，速度0.5rev/s：BackToStation2
2023-03-17 20:00:20,628 [AppLog] INFO : 打开IR灯：OpenIRLamp(true)
2023-03-17 20:00:24,185 [AppLog] INFO : 手动正向点动指令（8轴运控板卡系统） ====》：输出AXIS{第3轴},点动量{0.5MM},运动速度{0.0588235294117647MM/s}
2023-03-17 20:00:24,185 [AppLog] INFO : 开启均匀落粉及辊子铺平运动：TrapMoveUp(3, true, Convert.ToString(DispenseRollerSpeed), 0.5, true, true)
2023-03-17 20:00:32,796 [AppLog] INFO : 关闭IR灯：OpenIRLamp(false)
2023-03-17 20:00:36,618 [AppLog] INFO : 手动正向点动指令（8轴运控板卡系统） ====》：输出AXIS{第3轴},点动量{0.5MM},运动速度{2MM/s}
2023-03-17 20:00:36,618 [AppLog] INFO : 落粉轴继续转动以倒掉余粉：TrapMoveUp(3, true, 2, 0.5, true, false)
2023-03-17 20:00:40,378 [AppLog] INFO : 手动正向点动指令（8轴运控板卡系统） ====》：输出AXIS{第1轴},点动量{-1.5MM},运动速度{1MM/s}
2023-03-17 20:00:40,378 [AppLog] INFO : 成形面高度下降指定厚度 TrapSpace{1.5mm}：TrapMoveUp(1, true, Convert.ToString(vel), Convert.ToString(TrapSpace), true, true）
2023-03-17 20:00:45,042 [AppLog] INFO : 手动正向点动指令（8轴运控板卡系统） ====》：输出AXIS{第2轴},点动量{-698MM},运动速度{150MM/s}
2023-03-17 20:00:45,042 [AppLog] INFO : 铺粉车返回至站1：BackToStation2(AimPos, MovSpeed, true)
2023-03-17 20:00:45,807 [AppLog] INFO : 落粉轴回零成功：motionMap.SetBackSpreaderAxis(3, 0.5, 2, -SinkPosition)：ReturnCode{True}
2023-03-17 20:00:47,320 [AppLog] INFO : 手动正向点动指令（8轴运控板卡系统） ====》：输出AXIS{第1轴},点动量{1.5MM},运动速度{1MM/s}
2023-03-17 20:00:47,320 [AppLog] INFO : 成形面高度上升层厚 TrapSpace{1.5mm}：TrapMoveUp(1, true, Convert.ToString(vel), Convert.ToString(TrapSpace), true, true）
2023-03-17 20:00:47,320 [AppLog] INFO : 自动铺粉正常结束：NewAutoSupplyPowderThread2
2023-03-17 20:00:47,320 [AppLog] INFO : 发送监控指令，拍照记录1条：SendMessageFromSharedMemory
2023-03-17 20:00:47,351 [AppLog] INFO : 接收到恢复打印指令：PrintTaskTHREAD
2023-03-17 20:00:47,367 [AppLog] INFO : 获取打印Pass数据：IDP_GetPassItem2：nLayerIndex{95}nPassID{0}nProcState{3}LPPassDataItemb:PrtDir{False}nDataTxCompleteCnt{1}nHwMemAdrMatchMask{1}nLayerIndex{95}nLayerPassCount{6}nLayerPassIndex{0}nMinJet0ImgLinePos{0}nPrtMemHwAddr{System.UInt32[]}nPrtDataOffset{System.UInt32[]}nSrcDataSize{System.UInt32[]}nPrtColBytes{System.UInt32[]}nPrtPrecession{8}nSrcEndCols{8000}nSrcStartCols{0}nStartEncPos{76472}nValidPassJets{1280}nValidPrtCols{8310}nValidPrtCtlCnts{1}pDataBuf{0}pNextItem{478086656}
2023-03-17 20:00:47,367 [AppLog] INFO : 使能Pass打印成功：IDP_DoPassPrint2：nLayerIndex{95}nPassID{0}
2023-03-17 20:00:47,367 [AppLog] INFO : PASS打印前关键状态：DEV_GetDeviceInfo2：nLayerIndex{95}nPassID{0}LPPRINTER_INFO:nXSysEncDPI{0}nStatus{0}nPrintStatus{0}bSuperDevice{0}
LPPRINTER_INFO-LPPrtRunInfo:bJobPrtRuning{False}bLayerPrtIsOver{False}nContReqMemErr{0}nContWDErr{0}nCurPrtDir{0}nDTLayerIndex{0}nDTLayerPassIndex{0}nDTPtrCtlIndex{0}nLayerPassCount{0}nPrintLayerIndex{0}nPrintPassIndex{0}nProcLayerIndex{0}nPrtDataMemAddr{0}nPrtState{0}nReverse{System.Int32[]}nRevPrtCols{0}
LPPRINTER_INFO-LPDRVINFO:nFMVersion{0}nFpgaVersion{0}nPCBVersion{0}nState{0}nNextState{0}nPtvwarnState{0}nCrc32{0}nRevInfo{System.UInt32[]}nSignature{0}
2023-03-17 20:00:47,413 [AppLog] INFO : 关闭闪喷操作：IDP_FlashPrtCtl：返回值{True}
2023-03-17 20:00:47,413 [AppLog] INFO : 准备读取编码器位置：Y方向！
2023-03-17 20:00:47,413 [AppLog] INFO : 准备运动，编码器当前位置：DEM_GetAxisEncodeVal：MoveDirectionFlag{false为Y方向：True}CurrentPos{121.35}AimPos{15}
2023-03-17 20:00:47,445 [AppLog] INFO : Y方向运动开始：DEM_Run：返回值{True}nAxis{1}DirFlag{False}nSpeed{200000}MoveStep{-106350}nCtlValue{0}
2023-03-17 20:00:47,445 [AppLog] INFO : 准备读取编码器位置：X方向！
2023-03-17 20:00:47,445 [AppLog] INFO : 准备运动，当前位置：DEV_GetPrintEncoderValue：MoveDirectionFlag{false为Y方向：False}CurrentPos{713.395}AimPos{25}
2023-03-17 20:00:47,476 [AppLog] INFO : X方向运动开始：DEM_Run：返回值{True}nAxis{0}DirFlag{False}nSpeed{200000}MoveStep{-688395}nCtlValue{2}
2023-03-17 20:00:51,251 [AppLog] INFO : X方向到位停止：DEM_StopAxisRun：返回值{True}CurrentPos{30.47}bImmeStop{False}nAxisMask{1}
2023-03-17 20:00:51,251 [AppLog] INFO : 准备读取编码器位置：Y方向！
2023-03-17 20:00:51,251 [AppLog] INFO : 准备运动，编码器当前位置：DEM_GetAxisEncodeVal：MoveDirectionFlag{false为Y方向：True}CurrentPos{15.14}AimPos{69}
2023-03-17 20:00:51,282 [AppLog] INFO : Y方向运动开始：DEM_Run：返回值{True}nAxis{1}DirFlag{True}nSpeed{200000}MoveStep{53860}nCtlValue{0}
2023-03-17 20:00:51,547 [AppLog] INFO : Y方向到位停止：DEM_StopAxisRun：返回值{True}CurrentPos{36.805}bImmeStop{False}nAxisMask{2}
2023-03-17 20:00:51,547 [AppLog] INFO : 获取打印Pass数据：IDP_GetPassItem2：nLayerIndex{95}nPassID{1}nProcState{3}LPPassDataItemb:PrtDir{True}nDataTxCompleteCnt{1}nHwMemAdrMatchMask{1}nLayerIndex{95}nLayerPassCount{6}nLayerPassIndex{1}nMinJet0ImgLinePos{1280}nPrtMemHwAddr{System.UInt32[]}nPrtDataOffset{System.UInt32[]}nSrcDataSize{System.UInt32[]}nPrtColBytes{System.UInt32[]}nPrtPrecession{8}nSrcEndCols{8000}nSrcStartCols{0}nStartEncPos{10000}nValidPassJets{1280}nValidPrtCols{8310}nValidPrtCtlCnts{1}pDataBuf{0}pNextItem{478086816}
2023-03-17 20:00:51,563 [AppLog] INFO : 使能Pass打印成功：IDP_DoPassPrint2：nLayerIndex{95}nPassID{1}
2023-03-17 20:00:51,563 [AppLog] INFO : PASS打印前关键状态：DEV_GetDeviceInfo2：nLayerIndex{95}nPassID{1}LPPRINTER_INFO:nXSysEncDPI{0}nStatus{0}nPrintStatus{0}bSuperDevice{0}
LPPRINTER_INFO-LPPrtRunInfo:bJobPrtRuning{False}bLayerPrtIsOver{False}nContReqMemErr{0}nContWDErr{0}nCurPrtDir{0}nDTLayerIndex{0}nDTLayerPassIndex{0}nDTPtrCtlIndex{0}nLayerPassCount{0}nPrintLayerIndex{0}nPrintPassIndex{0}nProcLayerIndex{0}nPrtDataMemAddr{0}nPrtState{0}nReverse{System.Int32[]}nRevPrtCols{0}
LPPRINTER_INFO-LPDRVINFO:nFMVersion{0}nFpgaVersion{0}nPCBVersion{0}nState{0}nNextState{0}nPtvwarnState{0}nCrc32{0}nRevInfo{System.UInt32[]}nSignature{0}
2023-03-17 20:00:51,594 [AppLog] INFO : 准备读取编码器位置：X方向！
2023-03-17 20:00:51,594 [AppLog] INFO : 准备运动，当前位置：DEV_GetPrintEncoderValue：MoveDirectionFlag{false为Y方向：False}CurrentPos{26.425}AimPos{425}
2023-03-17 20:00:51,641 [AppLog] INFO : X方向运动开始：DEM_Run：返回值{True}nAxis{0}DirFlag{True}nSpeed{200000}MoveStep{398575}nCtlValue{2}
2023-03-17 20:00:53,981 [AppLog] INFO : X方向到位停止：DEM_StopAxisRun：返回值{True}CurrentPos{419.815}bImmeStop{False}nAxisMask{1}
2023-03-17 20:00:53,981 [AppLog] INFO : 准备读取编码器位置：Y方向！
2023-03-17 20:00:53,997 [AppLog] INFO : 准备运动，编码器当前位置：DEM_GetAxisEncodeVal：MoveDirectionFlag{false为Y方向：True}CurrentPos{69}AimPos{123}
2023-03-17 20:00:54,028 [AppLog] INFO : Y方向运动开始：DEM_Run：返回值{True}nAxis{1}DirFlag{True}nSpeed{200000}MoveStep{54000}nCtlValue{0}
2023-03-17 20:00:54,309 [AppLog] INFO : Y方向到位停止：DEM_StopAxisRun：返回值{True}CurrentPos{94.79}bImmeStop{False}nAxisMask{2}
2023-03-17 20:00:54,309 [AppLog] INFO : 获取打印Pass数据：IDP_GetPassItem2：nLayerIndex{95}nPassID{2}nProcState{3}LPPassDataItemb:PrtDir{False}nDataTxCompleteCnt{1}nHwMemAdrMatchMask{1}nLayerIndex{95}nLayerPassCount{6}nLayerPassIndex{2}nMinJet0ImgLinePos{2560}nPrtMemHwAddr{System.UInt32[]}nPrtDataOffset{System.UInt32[]}nSrcDataSize{System.UInt32[]}nPrtColBytes{System.UInt32[]}nPrtPrecession{8}nSrcEndCols{8000}nSrcStartCols{0}nStartEncPos{76472}nValidPassJets{1280}nValidPrtCols{8310}nValidPrtCtlCnts{1}pDataBuf{0}pNextItem{478086976}
2023-03-17 20:00:54,324 [AppLog] INFO : 使能Pass打印成功：IDP_DoPassPrint2：nLayerIndex{95}nPassID{2}
2023-03-17 20:00:54,324 [AppLog] INFO : PASS打印前关键状态：DEV_GetDeviceInfo2：nLayerIndex{95}nPassID{2}LPPRINTER_INFO:nXSysEncDPI{0}nStatus{0}nPrintStatus{0}bSuperDevice{0}
LPPRINTER_INFO-LPPrtRunInfo:bJobPrtRuning{False}bLayerPrtIsOver{False}nContReqMemErr{0}nContWDErr{0}nCurPrtDir{0}nDTLayerIndex{0}nDTLayerPassIndex{0}nDTPtrCtlIndex{0}nLayerPassCount{0}nPrintLayerIndex{0}nPrintPassIndex{0}nProcLayerIndex{0}nPrtDataMemAddr{0}nPrtState{0}nReverse{System.Int32[]}nRevPrtCols{0}
LPPRINTER_INFO-LPDRVINFO:nFMVersion{0}nFpgaVersion{0}nPCBVersion{0}nState{0}nNextState{0}nPtvwarnState{0}nCrc32{0}nRevInfo{System.UInt32[]}nSignature{0}
2023-03-17 20:00:54,355 [AppLog] INFO : 准备读取编码器位置：X方向！
2023-03-17 20:00:54,355 [AppLog] INFO : 准备运动，当前位置：DEV_GetPrintEncoderValue：MoveDirectionFlag{false为Y方向：False}CurrentPos{423.565}AimPos{25}
2023-03-17 20:00:54,402 [AppLog] INFO : X方向运动开始：DEM_Run：返回值{True}nAxis{0}DirFlag{False}nSpeed{200000}MoveStep{-398565}nCtlValue{2}
2023-03-17 20:00:56,742 [AppLog] INFO : X方向到位停止：DEM_StopAxisRun：返回值{True}CurrentPos{30.25}bImmeStop{False}nAxisMask{1}
2023-03-17 20:00:56,742 [AppLog] INFO : 准备读取编码器位置：Y方向！
2023-03-17 20:00:56,742 [AppLog] INFO : 准备运动，编码器当前位置：DEM_GetAxisEncodeVal：MoveDirectionFlag{false为Y方向：True}CurrentPos{122.785}AimPos{177}
2023-03-17 20:00:56,789 [AppLog] INFO : Y方向运动开始：DEM_Run：返回值{True}nAxis{1}DirFlag{True}nSpeed{200000}MoveStep{54215}nCtlValue{0}
2023-03-17 20:00:57,054 [AppLog] INFO : Y方向到位停止：DEM_StopAxisRun：返回值{True}CurrentPos{143.74}bImmeStop{False}nAxisMask{2}
2023-03-17 20:00:57,054 [AppLog] INFO : 获取打印Pass数据：IDP_GetPassItem2：nLayerIndex{95}nPassID{3}nProcState{3}LPPassDataItemb:PrtDir{True}nDataTxCompleteCnt{1}nHwMemAdrMatchMask{1}nLayerIndex{95}nLayerPassCount{6}nLayerPassIndex{3}nMinJet0ImgLinePos{3840}nPrtMemHwAddr{System.UInt32[]}nPrtDataOffset{System.UInt32[]}nSrcDataSize{System.UInt32[]}nPrtColBytes{System.UInt32[]}nPrtPrecession{8}nSrcEndCols{8000}nSrcStartCols{0}nStartEncPos{10000}nValidPassJets{1280}nValidPrtCols{8310}nValidPrtCtlCnts{1}pDataBuf{0}pNextItem{478087136}
2023-03-17 20:00:57,070 [AppLog] INFO : 使能Pass打印成功：IDP_DoPassPrint2：nLayerIndex{95}nPassID{3}
2023-03-17 20:00:57,070 [AppLog] INFO : PASS打印前关键状态：DEV_GetDeviceInfo2：nLayerIndex{95}nPassID{3}LPPRINTER_INFO:nXSysEncDPI{0}nStatus{0}nPrintStatus{0}bSuperDevice{0}
LPPRINTER_INFO-LPPrtRunInfo:bJobPrtRuning{False}bLayerPrtIsOver{False}nContReqMemErr{0}nContWDErr{0}nCurPrtDir{0}nDTLayerIndex{0}nDTLayerPassIndex{0}nDTPtrCtlIndex{0}nLayerPassCount{0}nPrintLayerIndex{0}nPrintPassIndex{0}nProcLayerIndex{0}nPrtDataMemAddr{0}nPrtState{0}nReverse{System.Int32[]}nRevPrtCols{0}
LPPRINTER_INFO-LPDRVINFO:nFMVersion{0}nFpgaVersion{0}nPCBVersion{0}nState{0}nNextState{0}nPtvwarnState{0}nCrc32{0}nRevInfo{System.UInt32[]}nSignature{0}
2023-03-17 20:00:57,085 [AppLog] INFO : 准备读取编码器位置：X方向！
2023-03-17 20:00:57,101 [AppLog] INFO : 准备运动，当前位置：DEV_GetPrintEncoderValue：MoveDirectionFlag{false为Y方向：False}CurrentPos{26.415}AimPos{425}
2023-03-17 20:00:57,132 [AppLog] INFO : X方向运动开始：DEM_Run：返回值{True}nAxis{0}DirFlag{True}nSpeed{200000}MoveStep{398585}nCtlValue{2}
2023-03-17 20:00:59,472 [AppLog] INFO : X方向到位停止：DEM_StopAxisRun：返回值{True}CurrentPos{419.16}bImmeStop{False}nAxisMask{1}
2023-03-17 20:00:59,472 [AppLog] INFO : 准备读取编码器位置：Y方向！
2023-03-17 20:00:59,472 [AppLog] INFO : 准备运动，编码器当前位置：DEM_GetAxisEncodeVal：MoveDirectionFlag{false为Y方向：True}CurrentPos{176.89}AimPos{231}
2023-03-17 20:00:59,535 [AppLog] INFO : Y方向运动开始：DEM_Run：返回值{True}nAxis{1}DirFlag{True}nSpeed{200000}MoveStep{54110}nCtlValue{0}
2023-03-17 20:00:59,800 [AppLog] INFO : Y方向到位停止：DEM_StopAxisRun：返回值{True}CurrentPos{197.99}bImmeStop{False}nAxisMask{2}
2023-03-17 20:00:59,800 [AppLog] INFO : 获取打印Pass数据：IDP_GetPassItem2：nLayerIndex{95}nPassID{4}nProcState{3}LPPassDataItemb:PrtDir{False}nDataTxCompleteCnt{1}nHwMemAdrMatchMask{1}nLayerIndex{95}nLayerPassCount{6}nLayerPassIndex{4}nMinJet0ImgLinePos{5120}nPrtMemHwAddr{System.UInt32[]}nPrtDataOffset{System.UInt32[]}nSrcDataSize{System.UInt32[]}nPrtColBytes{System.UInt32[]}nPrtPrecession{8}nSrcEndCols{8000}nSrcStartCols{0}nStartEncPos{76472}nValidPassJets{1280}nValidPrtCols{8310}nValidPrtCtlCnts{1}pDataBuf{0}pNextItem{478087296}
2023-03-17 20:00:59,815 [AppLog] INFO : 使能Pass打印成功：IDP_DoPassPrint2：nLayerIndex{95}nPassID{4}
2023-03-17 20:00:59,815 [AppLog] INFO : PASS打印前关键状态：DEV_GetDeviceInfo2：nLayerIndex{95}nPassID{4}LPPRINTER_INFO:nXSysEncDPI{0}nStatus{0}nPrintStatus{0}bSuperDevice{0}
LPPRINTER_INFO-LPPrtRunInfo:bJobPrtRuning{False}bLayerPrtIsOver{False}nContReqMemErr{0}nContWDErr{0}nCurPrtDir{0}nDTLayerIndex{0}nDTLayerPassIndex{0}nDTPtrCtlIndex{0}nLayerPassCount{0}nPrintLayerIndex{0}nPrintPassIndex{0}nProcLayerIndex{0}nPrtDataMemAddr{0}nPrtState{0}nReverse{System.Int32[]}nRevPrtCols{0}
LPPRINTER_INFO-LPDRVINFO:nFMVersion{0}nFpgaVersion{0}nPCBVersion{0}nState{0}nNextState{0}nPtvwarnState{0}nCrc32{0}nRevInfo{System.UInt32[]}nSignature{0}
2023-03-17 20:00:59,847 [AppLog] INFO : 准备读取编码器位置：X方向！
2023-03-17 20:00:59,847 [AppLog] INFO : 准备运动，当前位置：DEV_GetPrintEncoderValue：MoveDirectionFlag{false为Y方向：False}CurrentPos{423.575}AimPos{25}
2023-03-17 20:00:59,893 [AppLog] INFO : X方向运动开始：DEM_Run：返回值{True}nAxis{0}DirFlag{False}nSpeed{200000}MoveStep{-398575}nCtlValue{2}
2023-03-17 20:01:02,233 [AppLog] INFO : X方向到位停止：DEM_StopAxisRun：返回值{True}CurrentPos{30.395}bImmeStop{False}nAxisMask{1}
2023-03-17 20:01:02,233 [AppLog] INFO : 准备读取编码器位置：Y方向！
2023-03-17 20:01:02,233 [AppLog] INFO : 准备运动，编码器当前位置：DEM_GetAxisEncodeVal：MoveDirectionFlag{false为Y方向：True}CurrentPos{230.935}AimPos{285}
2023-03-17 20:01:02,280 [AppLog] INFO : Y方向运动开始：DEM_Run：返回值{True}nAxis{1}DirFlag{True}nSpeed{200000}MoveStep{54065}nCtlValue{0}
2023-03-17 20:01:02,545 [AppLog] INFO : Y方向到位停止：DEM_StopAxisRun：返回值{True}CurrentPos{252.8}bImmeStop{False}nAxisMask{2}
2023-03-17 20:01:02,545 [AppLog] INFO : 获取打印Pass数据：IDP_GetPassItem2：nLayerIndex{95}nPassID{5}nProcState{3}LPPassDataItemb:PrtDir{True}nDataTxCompleteCnt{1}nHwMemAdrMatchMask{1}nLayerIndex{95}nLayerPassCount{6}nLayerPassIndex{5}nMinJet0ImgLinePos{6400}nPrtMemHwAddr{System.UInt32[]}nPrtDataOffset{System.UInt32[]}nSrcDataSize{System.UInt32[]}nPrtColBytes{System.UInt32[]}nPrtPrecession{8}nSrcEndCols{8000}nSrcStartCols{0}nStartEncPos{10000}nValidPassJets{1280}nValidPrtCols{8310}nValidPrtCtlCnts{1}pDataBuf{0}pNextItem{0}
2023-03-17 20:01:02,561 [AppLog] INFO : 使能Pass打印成功：IDP_DoPassPrint2：nLayerIndex{95}nPassID{5}
2023-03-17 20:01:02,561 [AppLog] INFO : PASS打印前关键状态：DEV_GetDeviceInfo2：nLayerIndex{95}nPassID{5}LPPRINTER_INFO:nXSysEncDPI{0}nStatus{0}nPrintStatus{0}bSuperDevice{0}
LPPRINTER_INFO-LPPrtRunInfo:bJobPrtRuning{False}bLayerPrtIsOver{False}nContReqMemErr{0}nContWDErr{0}nCurPrtDir{0}nDTLayerIndex{0}nDTLayerPassIndex{0}nDTPtrCtlIndex{0}nLayerPassCount{0}nPrintLayerIndex{0}nPrintPassIndex{0}nProcLayerIndex{0}nPrtDataMemAddr{0}nPrtState{0}nReverse{System.Int32[]}nRevPrtCols{0}
LPPRINTER_INFO-LPDRVINFO:nFMVersion{0}nFpgaVersion{0}nPCBVersion{0}nState{0}nNextState{0}nPtvwarnState{0}nCrc32{0}nRevInfo{System.UInt32[]}nSignature{0}
2023-03-17 20:01:02,592 [AppLog] INFO : 准备读取编码器位置：X方向！
2023-03-17 20:01:02,592 [AppLog] INFO : 准备运动，当前位置：DEV_GetPrintEncoderValue：MoveDirectionFlag{false为Y方向：False}CurrentPos{26.44}AimPos{425}
2023-03-17 20:01:02,639 [AppLog] INFO : X方向运动开始：DEM_Run：返回值{True}nAxis{0}DirFlag{True}nSpeed{200000}MoveStep{398560}nCtlValue{2}
2023-03-17 20:01:05,010 [AppLog] INFO : X方向到位停止：DEM_StopAxisRun：返回值{True}CurrentPos{420.755}bImmeStop{False}nAxisMask{1}
2023-03-17 20:01:05,010 [AppLog] INFO : 准备读取编码器位置：X方向！
2023-03-17 20:01:05,010 [AppLog] INFO : 准备运动，当前位置：DEV_GetPrintEncoderValue：MoveDirectionFlag{false为Y方向：False}CurrentPos{421.155}AimPos{710}
2023-03-17 20:01:05,041 [AppLog] INFO : X方向运动开始：DEM_Run：返回值{True}nAxis{0}DirFlag{True}nSpeed{200000}MoveStep{288845}nCtlValue{2}
2023-03-17 20:01:05,041 [AppLog] INFO : 准备读取编码器位置：Y方向！
2023-03-17 20:01:05,041 [AppLog] INFO : 准备运动，编码器当前位置：DEM_GetAxisEncodeVal：MoveDirectionFlag{false为Y方向：True}CurrentPos{284.895}AimPos{121}
2023-03-17 20:01:05,073 [AppLog] INFO : Y方向运动开始：DEM_Run：返回值{True}nAxis{1}DirFlag{False}nSpeed{200000}MoveStep{-163895}nCtlValue{0}
2023-03-17 20:01:06,851 [AppLog] INFO : Y方向到位等停：DEM_StopAxisRun：返回值{True}bImmeStop{False}nAxisMask{1}
2023-03-17 20:01:06,851 [AppLog] INFO : X方向到位等停：DEM_StopAxisRun：返回值{True}bImmeStop{False}nAxisMask{2}
2023-03-17 20:01:06,882 [AppLog] INFO : 开启闪喷操作：IDP_FlashPrtCtl：返回值{True}
2023-03-17 20:01:06,913 [AppLog] INFO : 接收到恢复打印指令：PrintTaskTHREAD
2023-03-17 20:01:06,945 [AppLog] INFO : 获取打印Pass数据：IDP_GetPassItem2：nLayerIndex{96}nPassID{0}nProcState{3}LPPassDataItemb:PrtDir{False}nDataTxCompleteCnt{1}nHwMemAdrMatchMask{1}nLayerIndex{96}nLayerPassCount{6}nLayerPassIndex{0}nMinJet0ImgLinePos{0}nPrtMemHwAddr{System.UInt32[]}nPrtDataOffset{System.UInt32[]}nSrcDataSize{System.UInt32[]}nPrtColBytes{System.UInt32[]}nPrtPrecession{8}nSrcEndCols{8000}nSrcStartCols{0}nStartEncPos{76472}nValidPassJets{1280}nValidPrtCols{8310}nValidPrtCtlCnts{1}pDataBuf{0}pNextItem{478087616}
2023-03-17 20:01:06,960 [AppLog] INFO : 使能Pass打印成功：IDP_DoPassPrint2：nLayerIndex{96}nPassID{0}
2023-03-17 20:01:06,960 [AppLog] INFO : PASS打印前关键状态：DEV_GetDeviceInfo2：nLayerIndex{96}nPassID{0}LPPRINTER_INFO:nXSysEncDPI{0}nStatus{0}nPrintStatus{0}bSuperDevice{0}
LPPRINTER_INFO-LPPrtRunInfo:bJobPrtRuning{False}bLayerPrtIsOver{False}nContReqMemErr{0}nContWDErr{0}nCurPrtDir{0}nDTLayerIndex{0}nDTLayerPassIndex{0}nDTPtrCtlIndex{0}nLayerPassCount{0}nPrintLayerIndex{0}nPrintPassIndex{0}nProcLayerIndex{0}nPrtDataMemAddr{0}nPrtState{0}nReverse{System.Int32[]}nRevPrtCols{0}
LPPRINTER_INFO-LPDRVINFO:nFMVersion{0}nFpgaVersion{0}nPCBVersion{0}nState{0}nNextState{0}nPtvwarnState{0}nCrc32{0}nRevInfo{System.UInt32[]}nSignature{0}
2023-03-17 20:01:07,007 [AppLog] INFO : 关闭闪喷操作：IDP_FlashPrtCtl：返回值{True}
2023-03-17 20:01:07,007 [AppLog] INFO : 准备读取编码器位置：Y方向！
2023-03-17 20:01:07,007 [AppLog] INFO : 准备运动，编码器当前位置：DEM_GetAxisEncodeVal：MoveDirectionFlag{false为Y方向：True}CurrentPos{121.175}AimPos{15}
2023-03-17 20:01:07,038 [AppLog] INFO : Y方向运动开始：DEM_Run：返回值{True}nAxis{1}DirFlag{False}nSpeed{200000}MoveStep{-106175}nCtlValue{0}
2023-03-17 20:01:07,038 [AppLog] INFO : 准备读取编码器位置：X方向！
2023-03-17 20:01:07,038 [AppLog] INFO : 准备运动，当前位置：DEV_GetPrintEncoderValue：MoveDirectionFlag{false为Y方向：False}CurrentPos{712.4}AimPos{25}
2023-03-17 20:01:07,069 [AppLog] INFO : X方向运动开始：DEM_Run：返回值{True}nAxis{0}DirFlag{False}nSpeed{200000}MoveStep{-687400}nCtlValue{2}
2023-03-17 20:01:10,845 [AppLog] INFO : X方向到位停止：DEM_StopAxisRun：返回值{True}CurrentPos{30.24}bImmeStop{False}nAxisMask{1}
2023-03-17 20:01:10,845 [AppLog] INFO : 准备读取编码器位置：Y方向！
2023-03-17 20:01:10,845 [AppLog] INFO : 准备运动，编码器当前位置：DEM_GetAxisEncodeVal：MoveDirectionFlag{false为Y方向：True}CurrentPos{15.32}AimPos{69}
2023-03-17 20:01:10,891 [AppLog] INFO : Y方向运动开始：DEM_Run：返回值{True}nAxis{1}DirFlag{True}nSpeed{200000}MoveStep{53680}nCtlValue{0}
2023-03-17 20:01:11,157 [AppLog] INFO : Y方向到位停止：DEM_StopAxisRun：返回值{True}CurrentPos{37.87}bImmeStop{False}nAxisMask{2}
2023-03-17 20:01:11,157 [AppLog] INFO : 获取打印Pass数据：IDP_GetPassItem2：nLayerIndex{96}nPassID{1}nProcState{3}LPPassDataItemb:PrtDir{True}nDataTxCompleteCnt{1}nHwMemAdrMatchMask{1}nLayerIndex{96}nLayerPassCount{6}nLayerPassIndex{1}nMinJet0ImgLinePos{1280}nPrtMemHwAddr{System.UInt32[]}nPrtDataOffset{System.UInt32[]}nSrcDataSize{System.UInt32[]}nPrtColBytes{System.UInt32[]}nPrtPrecession{8}nSrcEndCols{8000}nSrcStartCols{0}nStartEncPos{10000}nValidPassJets{1280}nValidPrtCols{8310}nValidPrtCtlCnts{1}pDataBuf{0}pNextItem{478087776}
2023-03-17 20:01:11,172 [AppLog] INFO : 使能Pass打印成功：IDP_DoPassPrint2：nLayerIndex{96}nPassID{1}
2023-03-17 20:01:11,172 [AppLog] INFO : PASS打印前关键状态：DEV_GetDeviceInfo2：nLayerIndex{96}nPassID{1}LPPRINTER_INFO:nXSysEncDPI{0}nStatus{0}nPrintStatus{0}bSuperDevice{0}
LPPRINTER_INFO-LPPrtRunInfo:bJobPrtRuning{False}bLayerPrtIsOver{False}nContReqMemErr{0}nContWDErr{0}nCurPrtDir{0}nDTLayerIndex{0}nDTLayerPassIndex{0}nDTPtrCtlIndex{0}nLayerPassCount{0}nPrintLayerIndex{0}nPrintPassIndex{0}nProcLayerIndex{0}nPrtDataMemAddr{0}nPrtState{0}nReverse{System.Int32[]}nRevPrtCols{0}
LPPRINTER_INFO-LPDRVINFO:nFMVersion{0}nFpgaVersion{0}nPCBVersion{0}nState{0}nNextState{0}nPtvwarnState{0}nCrc32{0}nRevInfo{System.UInt32[]}nSignature{0}
2023-03-17 20:01:11,203 [AppLog] INFO : 准备读取编码器位置：X方向！
2023-03-17 20:01:11,203 [AppLog] INFO : 准备运动，当前位置：DEV_GetPrintEncoderValue：MoveDirectionFlag{false为Y方向：False}CurrentPos{26.43}AimPos{425}
2023-03-17 20:01:11,266 [AppLog] INFO : X方向运动开始：DEM_Run：返回值{True}nAxis{0}DirFlag{True}nSpeed{200000}MoveStep{398570}nCtlValue{2}
2023-03-17 20:01:13,606 [AppLog] INFO : X方向到位停止：DEM_StopAxisRun：返回值{True}CurrentPos{419.05}bImmeStop{False}nAxisMask{1}
2023-03-17 20:01:13,606 [AppLog] INFO : 准备读取编码器位置：Y方向！
2023-03-17 20:01:13,606 [AppLog] INFO : 准备运动，编码器当前位置：DEM_GetAxisEncodeVal：MoveDirectionFlag{false为Y方向：True}CurrentPos{68.985}AimPos{123}
2023-03-17 20:01:13,637 [AppLog] INFO : Y方向运动开始：DEM_Run：返回值{True}nAxis{1}DirFlag{True}nSpeed{200000}MoveStep{54015}nCtlValue{0}
2023-03-17 20:01:13,902 [AppLog] INFO : Y方向到位停止：DEM_StopAxisRun：返回值{True}CurrentPos{90.46}bImmeStop{False}nAxisMask{2}
2023-03-17 20:01:13,902 [AppLog] INFO : 获取打印Pass数据：IDP_GetPassItem2：nLayerIndex{96}nPassID{2}nProcState{3}LPPassDataItemb:PrtDir{False}nDataTxCompleteCnt{1}nHwMemAdrMatchMask{1}nLayerIndex{96}nLayerPassCount{6}nLayerPassIndex{2}nMinJet0ImgLinePos{2560}nPrtMemHwAddr{System.UInt32[]}nPrtDataOffset{System.UInt32[]}nSrcDataSize{System.UInt32[]}nPrtColBytes{System.UInt32[]}nPrtPrecession{8}nSrcEndCols{8000}nSrcStartCols{0}nStartEncPos{76472}nValidPassJets{1280}nValidPrtCols{8310}nValidPrtCtlCnts{1}pDataBuf{0}pNextItem{478087936}
2023-03-17 20:01:13,918 [AppLog] INFO : 使能Pass打印成功：IDP_DoPassPrint2：nLayerIndex{96}nPassID{2}
2023-03-17 20:01:13,918 [AppLog] INFO : PASS打印前关键状态：DEV_GetDeviceInfo2：nLayerIndex{96}nPassID{2}LPPRINTER_INFO:nXSysEncDPI{0}nStatus{0}nPrintStatus{0}bSuperDevice{0}
LPPRINTER_INFO-LPPrtRunInfo:bJobPrtRuning{False}bLayerPrtIsOver{False}nContReqMemErr{0}nContWDErr{0}nCurPrtDir{0}nDTLayerIndex{0}nDTLayerPassIndex{0}nDTPtrCtlIndex{0}nLayerPassCount{0}nPrintLayerIndex{0}nPrintPassIndex{0}nProcLayerIndex{0}nPrtDataMemAddr{0}nPrtState{0}nReverse{System.Int32[]}nRevPrtCols{0}
LPPRINTER_INFO-LPDRVINFO:nFMVersion{0}nFpgaVersion{0}nPCBVersion{0}nState{0}nNextState{0}nPtvwarnState{0}nCrc32{0}nRevInfo{System.UInt32[]}nSignature{0}
2023-03-17 20:01:13,949 [AppLog] INFO : 准备读取编码器位置：X方向！
2023-03-17 20:01:13,965 [AppLog] INFO : 准备运动，当前位置：DEV_GetPrintEncoderValue：MoveDirectionFlag{false为Y方向：False}CurrentPos{423.58}AimPos{25}
2023-03-17 20:01:13,996 [AppLog] INFO : X方向运动开始：DEM_Run：返回值{True}nAxis{0}DirFlag{False}nSpeed{200000}MoveStep{-398580}nCtlValue{2}
2023-03-17 20:01:16,336 [AppLog] INFO : X方向到位停止：DEM_StopAxisRun：返回值{True}CurrentPos{30.55}bImmeStop{False}nAxisMask{1}
2023-03-17 20:01:16,336 [AppLog] INFO : 准备读取编码器位置：Y方向！
2023-03-17 20:01:16,336 [AppLog] INFO : 准备运动，编码器当前位置：DEM_GetAxisEncodeVal：MoveDirectionFlag{false为Y方向：True}CurrentPos{122.795}AimPos{177}
2023-03-17 20:01:16,383 [AppLog] INFO : Y方向运动开始：DEM_Run：返回值{True}nAxis{1}DirFlag{True}nSpeed{200000}MoveStep{54205}nCtlValue{0}
2023-03-17 20:01:16,648 [AppLog] INFO : Y方向到位停止：DEM_StopAxisRun：返回值{True}CurrentPos{143.61}bImmeStop{False}nAxisMask{2}
2023-03-17 20:01:16,648 [AppLog] INFO : 获取打印Pass数据：IDP_GetPassItem2：nLayerIndex{96}nPassID{3}nProcState{3}LPPassDataItemb:PrtDir{True}nDataTxCompleteCnt{1}nHwMemAdrMatchMask{1}nLayerIndex{96}nLayerPassCount{6}nLayerPassIndex{3}nMinJet0ImgLinePos{3840}nPrtMemHwAddr{System.UInt32[]}nPrtDataOffset{System.UInt32[]}nSrcDataSize{System.UInt32[]}nPrtColBytes{System.UInt32[]}nPrtPrecession{8}nSrcEndCols{8000}nSrcStartCols{0}nStartEncPos{10000}nValidPassJets{1280}nValidPrtCols{8310}nValidPrtCtlCnts{1}pDataBuf{0}pNextItem{478088096}
2023-03-17 20:01:16,663 [AppLog] INFO : 使能Pass打印成功：IDP_DoPassPrint2：nLayerIndex{96}nPassID{3}
2023-03-17 20:01:16,663 [AppLog] INFO : PASS打印前关键状态：DEV_GetDeviceInfo2：nLayerIndex{96}nPassID{3}LPPRINTER_INFO:nXSysEncDPI{0}nStatus{0}nPrintStatus{0}bSuperDevice{0}
LPPRINTER_INFO-LPPrtRunInfo:bJobPrtRuning{False}bLayerPrtIsOver{False}nContReqMemErr{0}nContWDErr{0}nCurPrtDir{0}nDTLayerIndex{0}nDTLayerPassIndex{0}nDTPtrCtlIndex{0}nLayerPassCount{0}nPrintLayerIndex{0}nPrintPassIndex{0}nProcLayerIndex{0}nPrtDataMemAddr{0}nPrtState{0}nReverse{System.Int32[]}nRevPrtCols{0}
LPPRINTER_INFO-LPDRVINFO:nFMVersion{0}nFpgaVersion{0}nPCBVersion{0}nState{0}nNextState{0}nPtvwarnState{0}nCrc32{0}nRevInfo{System.UInt32[]}nSignature{0}
2023-03-17 20:01:16,695 [AppLog] INFO : 准备读取编码器位置：X方向！
2023-03-17 20:01:16,695 [AppLog] INFO : 准备运动，当前位置：DEV_GetPrintEncoderValue：MoveDirectionFlag{false为Y方向：False}CurrentPos{26.43}AimPos{425}
2023-03-17 20:01:16,726 [AppLog] INFO : X方向运动开始：DEM_Run：返回值{True}nAxis{0}DirFlag{True}nSpeed{200000}MoveStep{398570}nCtlValue{2}
2023-03-17 20:01:19,066 [AppLog] INFO : X方向到位停止：DEM_StopAxisRun：返回值{True}CurrentPos{418.68}bImmeStop{False}nAxisMask{1}
2023-03-17 20:01:19,066 [AppLog] INFO : 准备读取编码器位置：Y方向！
2023-03-17 20:01:19,066 [AppLog] INFO : 准备运动，编码器当前位置：DEM_GetAxisEncodeVal：MoveDirectionFlag{false为Y方向：True}CurrentPos{176.905}AimPos{231}
2023-03-17 20:01:19,128 [AppLog] INFO : Y方向运动开始：DEM_Run：返回值{True}nAxis{1}DirFlag{True}nSpeed{200000}MoveStep{54095}nCtlValue{0}
2023-03-17 20:01:19,393 [AppLog] INFO : Y方向到位停止：DEM_StopAxisRun：返回值{True}CurrentPos{198.49}bImmeStop{False}nAxisMask{2}
2023-03-17 20:01:19,393 [AppLog] INFO : 获取打印Pass数据：IDP_GetPassItem2：nLayerIndex{96}nPassID{4}nProcState{3}LPPassDataItemb:PrtDir{False}nDataTxCompleteCnt{1}nHwMemAdrMatchMask{1}nLayerIndex{96}nLayerPassCount{6}nLayerPassIndex{4}nMinJet0ImgLinePos{5120}nPrtMemHwAddr{System.UInt32[]}nPrtDataOffset{System.UInt32[]}nSrcDataSize{System.UInt32[]}nPrtColBytes{System.UInt32[]}nPrtPrecession{8}nSrcEndCols{8000}nSrcStartCols{0}nStartEncPos{76472}nValidPassJets{1280}nValidPrtCols{8310}nValidPrtCtlCnts{1}pDataBuf{0}pNextItem{478088256}
2023-03-17 20:01:19,409 [AppLog] INFO : 使能Pass打印成功：IDP_DoPassPrint2：nLayerIndex{96}nPassID{4}
2023-03-17 20:01:19,425 [AppLog] INFO : PASS打印前关键状态：DEV_GetDeviceInfo2：nLayerIndex{96}nPassID{4}LPPRINTER_INFO:nXSysEncDPI{0}nStatus{0}nPrintStatus{0}bSuperDevice{0}
LPPRINTER_INFO-LPPrtRunInfo:bJobPrtRuning{False}bLayerPrtIsOver{False}nContReqMemErr{0}nContWDErr{0}nCurPrtDir{0}nDTLayerIndex{0}nDTLayerPassIndex{0}nDTPtrCtlIndex{0}nLayerPassCount{0}nPrintLayerIndex{0}nPrintPassIndex{0}nProcLayerIndex{0}nPrtDataMemAddr{0}nPrtState{0}nReverse{System.Int32[]}nRevPrtCols{0}
LPPRINTER_INFO-LPDRVINFO:nFMVersion{0}nFpgaVersion{0}nPCBVersion{0}nState{0}nNextState{0}nPtvwarnState{0}nCrc32{0}nRevInfo{System.UInt32[]}nSignature{0}
2023-03-17 20:01:19,456 [AppLog] INFO : 准备读取编码器位置：X方向！
2023-03-17 20:01:19,471 [AppLog] INFO : 准备运动，当前位置：DEV_GetPrintEncoderValue：MoveDirectionFlag{false为Y方向：False}CurrentPos{423.57}AimPos{25}
2023-03-17 20:01:19,503 [AppLog] INFO : X方向运动开始：DEM_Run：返回值{True}nAxis{0}DirFlag{False}nSpeed{200000}MoveStep{-398570}nCtlValue{2}
2023-03-17 20:01:21,843 [AppLog] INFO : X方向到位停止：DEM_StopAxisRun：返回值{True}CurrentPos{30.395}bImmeStop{False}nAxisMask{1}
2023-03-17 20:01:21,843 [AppLog] INFO : 准备读取编码器位置：Y方向！
2023-03-17 20:01:21,843 [AppLog] INFO : 准备运动，编码器当前位置：DEM_GetAxisEncodeVal：MoveDirectionFlag{false为Y方向：True}CurrentPos{230.93}AimPos{285}
2023-03-17 20:01:21,874 [AppLog] INFO : Y方向运动开始：DEM_Run：返回值{True}nAxis{1}DirFlag{True}nSpeed{200000}MoveStep{54070}nCtlValue{0}
2023-03-17 20:01:22,139 [AppLog] INFO : Y方向到位停止：DEM_StopAxisRun：返回值{True}CurrentPos{253.03}bImmeStop{False}nAxisMask{2}
2023-03-17 20:01:22,139 [AppLog] INFO : 获取打印Pass数据：IDP_GetPassItem2：nLayerIndex{96}nPassID{5}nProcState{3}LPPassDataItemb:PrtDir{True}nDataTxCompleteCnt{1}nHwMemAdrMatchMask{1}nLayerIndex{96}nLayerPassCount{6}nLayerPassIndex{5}nMinJet0ImgLinePos{6400}nPrtMemHwAddr{System.UInt32[]}nPrtDataOffset{System.UInt32[]}nSrcDataSize{System.UInt32[]}nPrtColBytes{System.UInt32[]}nPrtPrecession{8}nSrcEndCols{8000}nSrcStartCols{0}nStartEncPos{10000}nValidPassJets{1280}nValidPrtCols{8310}nValidPrtCtlCnts{1}pDataBuf{0}pNextItem{0}
2023-03-17 20:01:22,155 [AppLog] INFO : 使能Pass打印成功：IDP_DoPassPrint2：nLayerIndex{96}nPassID{5}
2023-03-17 20:01:22,155 [AppLog] INFO : PASS打印前关键状态：DEV_GetDeviceInfo2：nLayerIndex{96}nPassID{5}LPPRINTER_INFO:nXSysEncDPI{0}nStatus{0}nPrintStatus{0}bSuperDevice{0}
LPPRINTER_INFO-LPPrtRunInfo:bJobPrtRuning{False}bLayerPrtIsOver{False}nContReqMemErr{0}nContWDErr{0}nCurPrtDir{0}nDTLayerIndex{0}nDTLayerPassIndex{0}nDTPtrCtlIndex{0}nLayerPassCount{0}nPrintLayerIndex{0}nPrintPassIndex{0}nProcLayerIndex{0}nPrtDataMemAddr{0}nPrtState{0}nReverse{System.Int32[]}nRevPrtCols{0}
LPPRINTER_INFO-LPDRVINFO:nFMVersion{0}nFpgaVersion{0}nPCBVersion{0}nState{0}nNextState{0}nPtvwarnState{0}nCrc32{0}nRevInfo{System.UInt32[]}nSignature{0}
2023-03-17 20:01:22,186 [AppLog] INFO : 准备读取编码器位置：X方向！
2023-03-17 20:01:22,201 [AppLog] INFO : 准备运动，当前位置：DEV_GetPrintEncoderValue：MoveDirectionFlag{false为Y方向：False}CurrentPos{26.43}AimPos{425}
2023-03-17 20:01:22,248 [AppLog] INFO : X方向运动开始：DEM_Run：返回值{True}nAxis{0}DirFlag{True}nSpeed{200000}MoveStep{398570}nCtlValue{2}
2023-03-17 20:01:24,604 [AppLog] INFO : X方向到位停止：DEM_StopAxisRun：返回值{True}CurrentPos{419.495}bImmeStop{False}nAxisMask{1}
2023-03-17 20:01:24,604 [AppLog] INFO : 准备读取编码器位置：X方向！
2023-03-17 20:01:24,604 [AppLog] INFO : 准备运动，当前位置：DEV_GetPrintEncoderValue：MoveDirectionFlag{false为Y方向：False}CurrentPos{419.795}AimPos{710}
2023-03-17 20:01:24,635 [AppLog] INFO : X方向运动开始：DEM_Run：返回值{True}nAxis{0}DirFlag{True}nSpeed{200000}MoveStep{290205}nCtlValue{2}
2023-03-17 20:01:24,635 [AppLog] INFO : 准备读取编码器位置：Y方向！
2023-03-17 20:01:24,635 [AppLog] INFO : 准备运动，编码器当前位置：DEM_GetAxisEncodeVal：MoveDirectionFlag{false为Y方向：True}CurrentPos{284.895}AimPos{121}
2023-03-17 20:01:24,666 [AppLog] INFO : Y方向运动开始：DEM_Run：返回值{True}nAxis{1}DirFlag{False}nSpeed{200000}MoveStep{-163895}nCtlValue{0}
2023-03-17 20:01:26,445 [AppLog] INFO : Y方向到位等停：DEM_StopAxisRun：返回值{True}bImmeStop{False}nAxisMask{1}
2023-03-17 20:01:26,445 [AppLog] INFO : X方向到位等停：DEM_StopAxisRun：返回值{True}bImmeStop{False}nAxisMask{2}
2023-03-17 20:01:26,476 [AppLog] INFO : 开启闪喷操作：IDP_FlashPrtCtl：返回值{True}
2023-03-17 20:01:26,507 [AppLog] INFO : 进入自动铺粉逻辑：NewAutoSupplyPowderThread2
2023-03-17 20:01:26,616 [AppLog] INFO : 手动正向点动指令（8轴运控板卡系统） ====》：输出AXIS{第1轴},点动量{-0.08MM},运动速度{1MM/s}
2023-03-17 20:01:26,616 [AppLog] INFO : 成形面高度下降层厚 TrapSpace{0.08mm}：TrapMoveUp(1, true, Convert.ToString(vel), Convert.ToString(TrapSpace), true, true）
2023-03-17 20:01:28,129 [AppLog] INFO : 手动正向点动指令（8轴运控板卡系统） ====》：输出AXIS{第1轴},点动量{-1.5MM},运动速度{1MM/s}
2023-03-17 20:01:28,145 [AppLog] INFO : 成形面高度下降指定厚度 TrapSpace{1.5mm}：TrapMoveUp(1, true, Convert.ToString(vel), Convert.ToString(TrapSpace), true, true）
2023-03-17 20:01:29,658 [AppLog] INFO : 手动正向点动指令（8轴运控板卡系统） ====》：输出AXIS{第1轴},点动量{1.5MM},运动速度{1MM/s}
2023-03-17 20:01:29,658 [AppLog] INFO : 成形面高度上升层厚 TrapSpace{1.5mm}：TrapMoveUp(1, true, Convert.ToString(vel), Convert.ToString(TrapSpace), true, true）
2023-03-17 20:01:30,672 [AppLog] INFO : 手动正向点动指令（8轴运控板卡系统） ====》：输出AXIS{第8轴},点动量{0.5MM},运动速度{0.5MM/s}
2023-03-17 20:01:30,672 [AppLog] INFO : Hopper落粉轴转2圈落粉，速度0.5rev/s：TrapMoveUp(8, true, 0.5, rotateNuM.ToString(), true, false)
2023-03-17 20:01:30,984 [AppLog] INFO : 手动正向点动指令（8轴运控板卡系统） ====》：输出AXIS{第2轴},点动量{698MM},运动速度{30MM/s}
2023-03-17 20:01:30,984 [AppLog] INFO : 开启铺粉车不等停运动至站2，速度0.5rev/s：BackToStation2
2023-03-17 20:01:36,023 [AppLog] INFO : 打开IR灯：OpenIRLamp(true)
2023-03-17 20:01:39,580 [AppLog] INFO : 手动正向点动指令（8轴运控板卡系统） ====》：输出AXIS{第3轴},点动量{0.5MM},运动速度{0.0588235294117647MM/s}
2023-03-17 20:01:39,580 [AppLog] INFO : 开启均匀落粉及辊子铺平运动：TrapMoveUp(3, true, Convert.ToString(DispenseRollerSpeed), 0.5, true, true)
2023-03-17 20:01:48,191 [AppLog] INFO : 关闭IR灯：OpenIRLamp(false)
2023-03-17 20:01:52,013 [AppLog] INFO : 手动正向点动指令（8轴运控板卡系统） ====》：输出AXIS{第3轴},点动量{0.5MM},运动速度{2MM/s}
2023-03-17 20:01:52,013 [AppLog] INFO : 落粉轴继续转动以倒掉余粉：TrapMoveUp(3, true, 2, 0.5, true, false)
2023-03-17 20:01:55,773 [AppLog] INFO : 手动正向点动指令（8轴运控板卡系统） ====》：输出AXIS{第1轴},点动量{-1.5MM},运动速度{1MM/s}
2023-03-17 20:01:55,773 [AppLog] INFO : 成形面高度下降指定厚度 TrapSpace{1.5mm}：TrapMoveUp(1, true, Convert.ToString(vel), Convert.ToString(TrapSpace), true, true）
2023-03-17 20:02:00,437 [AppLog] INFO : 手动正向点动指令（8轴运控板卡系统） ====》：输出AXIS{第2轴},点动量{-698MM},运动速度{150MM/s}
2023-03-17 20:02:00,437 [AppLog] INFO : 铺粉车返回至站1：BackToStation2(AimPos, MovSpeed, true)
2023-03-17 20:02:01,201 [AppLog] INFO : 落粉轴回零成功：motionMap.SetBackSpreaderAxis(3, 0.5, 2, -SinkPosition)：ReturnCode{True}
2023-03-17 20:02:02,715 [AppLog] INFO : 手动正向点动指令（8轴运控板卡系统） ====》：输出AXIS{第1轴},点动量{1.5MM},运动速度{1MM/s}
2023-03-17 20:02:02,715 [AppLog] INFO : 成形面高度上升层厚 TrapSpace{1.5mm}：TrapMoveUp(1, true, Convert.ToString(vel), Convert.ToString(TrapSpace), true, true）
2023-03-17 20:02:02,715 [AppLog] INFO : 自动铺粉正常结束：NewAutoSupplyPowderThread2
2023-03-17 20:02:02,715 [AppLog] INFO : 发送监控指令，拍照记录1条：SendMessageFromSharedMemory
2023-03-17 20:02:02,746 [AppLog] INFO : 接收到恢复打印指令：PrintTaskTHREAD
2023-03-17 20:02:02,761 [AppLog] INFO : 获取打印Pass数据：IDP_GetPassItem2：nLayerIndex{97}nPassID{0}nProcState{3}LPPassDataItemb:PrtDir{False}nDataTxCompleteCnt{1}nHwMemAdrMatchMask{1}nLayerIndex{97}nLayerPassCount{6}nLayerPassIndex{0}nMinJet0ImgLinePos{0}nPrtMemHwAddr{System.UInt32[]}nPrtDataOffset{System.UInt32[]}nSrcDataSize{System.UInt32[]}nPrtColBytes{System.UInt32[]}nPrtPrecession{8}nSrcEndCols{8000}nSrcStartCols{0}nStartEncPos{76472}nValidPassJets{1280}nValidPrtCols{8310}nValidPrtCtlCnts{1}pDataBuf{0}pNextItem{478088576}
2023-03-17 20:02:02,761 [AppLog] INFO : 使能Pass打印成功：IDP_DoPassPrint2：nLayerIndex{97}nPassID{0}
2023-03-17 20:02:02,761 [AppLog] INFO : PASS打印前关键状态：DEV_GetDeviceInfo2：nLayerIndex{97}nPassID{0}LPPRINTER_INFO:nXSysEncDPI{0}nStatus{0}nPrintStatus{0}bSuperDevice{0}
LPPRINTER_INFO-LPPrtRunInfo:bJobPrtRuning{False}bLayerPrtIsOver{False}nContReqMemErr{0}nContWDErr{0}nCurPrtDir{0}nDTLayerIndex{0}nDTLayerPassIndex{0}nDTPtrCtlIndex{0}nLayerPassCount{0}nPrintLayerIndex{0}nPrintPassIndex{0}nProcLayerIndex{0}nPrtDataMemAddr{0}nPrtState{0}nReverse{System.Int32[]}nRevPrtCols{0}
LPPRINTER_INFO-LPDRVINFO:nFMVersion{0}nFpgaVersion{0}nPCBVersion{0}nState{0}nNextState{0}nPtvwarnState{0}nCrc32{0}nRevInfo{System.UInt32[]}nSignature{0}
2023-03-17 20:02:02,793 [AppLog] INFO : 关闭闪喷操作：IDP_FlashPrtCtl：返回值{True}
2023-03-17 20:02:02,793 [AppLog] INFO : 准备读取编码器位置：Y方向！
2023-03-17 20:02:02,808 [AppLog] INFO : 准备运动，编码器当前位置：DEM_GetAxisEncodeVal：MoveDirectionFlag{false为Y方向：True}CurrentPos{121.35}AimPos{15}
2023-03-17 20:02:02,839 [AppLog] INFO : Y方向运动开始：DEM_Run：返回值{True}nAxis{1}DirFlag{False}nSpeed{200000}MoveStep{-106350}nCtlValue{0}
2023-03-17 20:02:02,839 [AppLog] INFO : 准备读取编码器位置：X方向！
2023-03-17 20:02:02,839 [AppLog] INFO : 准备运动，当前位置：DEV_GetPrintEncoderValue：MoveDirectionFlag{false为Y方向：False}CurrentPos{713.8}AimPos{25}
2023-03-17 20:02:02,871 [AppLog] INFO : X方向运动开始：DEM_Run：返回值{True}nAxis{0}DirFlag{False}nSpeed{200000}MoveStep{-688800}nCtlValue{2}
2023-03-17 20:02:06,646 [AppLog] INFO : X方向到位停止：DEM_StopAxisRun：返回值{True}CurrentPos{30.555}bImmeStop{False}nAxisMask{1}
2023-03-17 20:02:06,646 [AppLog] INFO : 准备读取编码器位置：Y方向！
2023-03-17 20:02:06,677 [AppLog] INFO : 准备运动，编码器当前位置：DEM_GetAxisEncodeVal：MoveDirectionFlag{false为Y方向：True}CurrentPos{15.135}AimPos{69}
2023-03-17 20:02:06,708 [AppLog] INFO : Y方向运动开始：DEM_Run：返回值{True}nAxis{1}DirFlag{True}nSpeed{200000}MoveStep{53865}nCtlValue{0}
2023-03-17 20:02:06,973 [AppLog] INFO : Y方向到位停止：DEM_StopAxisRun：返回值{True}CurrentPos{37.485}bImmeStop{False}nAxisMask{2}
2023-03-17 20:02:06,973 [AppLog] INFO : 获取打印Pass数据：IDP_GetPassItem2：nLayerIndex{97}nPassID{1}nProcState{3}LPPassDataItemb:PrtDir{True}nDataTxCompleteCnt{1}nHwMemAdrMatchMask{1}nLayerIndex{97}nLayerPassCount{6}nLayerPassIndex{1}nMinJet0ImgLinePos{1280}nPrtMemHwAddr{System.UInt32[]}nPrtDataOffset{System.UInt32[]}nSrcDataSize{System.UInt32[]}nPrtColBytes{System.UInt32[]}nPrtPrecession{8}nSrcEndCols{8000}nSrcStartCols{0}nStartEncPos{10000}nValidPassJets{1280}nValidPrtCols{8310}nValidPrtCtlCnts{1}pDataBuf{0}pNextItem{478088736}
2023-03-17 20:02:06,989 [AppLog] INFO : 使能Pass打印成功：IDP_DoPassPrint2：nLayerIndex{97}nPassID{1}
2023-03-17 20:02:06,989 [AppLog] INFO : PASS打印前关键状态：DEV_GetDeviceInfo2：nLayerIndex{97}nPassID{1}LPPRINTER_INFO:nXSysEncDPI{0}nStatus{0}nPrintStatus{0}bSuperDevice{0}
LPPRINTER_INFO-LPPrtRunInfo:bJobPrtRuning{False}bLayerPrtIsOver{False}nContReqMemErr{0}nContWDErr{0}nCurPrtDir{0}nDTLayerIndex{0}nDTLayerPassIndex{0}nDTPtrCtlIndex{0}nLayerPassCount{0}nPrintLayerIndex{0}nPrintPassIndex{0}nProcLayerIndex{0}nPrtDataMemAddr{0}nPrtState{0}nReverse{System.Int32[]}nRevPrtCols{0}
LPPRINTER_INFO-LPDRVINFO:nFMVersion{0}nFpgaVersion{0}nPCBVersion{0}nState{0}nNextState{0}nPtvwarnState{0}nCrc32{0}nRevInfo{System.UInt32[]}nSignature{0}
2023-03-17 20:02:07,036 [AppLog] INFO : 准备读取编码器位置：X方向！
2023-03-17 20:02:07,036 [AppLog] INFO : 准备运动，当前位置：DEV_GetPrintEncoderValue：MoveDirectionFlag{false为Y方向：False}CurrentPos{26.39}AimPos{425}
2023-03-17 20:02:07,067 [AppLog] INFO : X方向运动开始：DEM_Run：返回值{True}nAxis{0}DirFlag{True}nSpeed{200000}MoveStep{398610}nCtlValue{2}
2023-03-17 20:02:09,407 [AppLog] INFO : X方向到位停止：DEM_StopAxisRun：返回值{True}CurrentPos{419.455}bImmeStop{False}nAxisMask{1}
2023-03-17 20:02:09,407 [AppLog] INFO : 准备读取编码器位置：Y方向！
2023-03-17 20:02:09,407 [AppLog] INFO : 准备运动，编码器当前位置：DEM_GetAxisEncodeVal：MoveDirectionFlag{false为Y方向：True}CurrentPos{68.975}AimPos{123}
2023-03-17 20:02:09,454 [AppLog] INFO : Y方向运动开始：DEM_Run：返回值{True}nAxis{1}DirFlag{True}nSpeed{200000}MoveStep{54025}nCtlValue{0}
2023-03-17 20:02:09,719 [AppLog] INFO : Y方向到位停止：DEM_StopAxisRun：返回值{True}CurrentPos{89.69}bImmeStop{False}nAxisMask{2}
2023-03-17 20:02:09,719 [AppLog] INFO : 获取打印Pass数据：IDP_GetPassItem2：nLayerIndex{97}nPassID{2}nProcState{3}LPPassDataItemb:PrtDir{False}nDataTxCompleteCnt{1}nHwMemAdrMatchMask{1}nLayerIndex{97}nLayerPassCount{6}nLayerPassIndex{2}nMinJet0ImgLinePos{2560}nPrtMemHwAddr{System.UInt32[]}nPrtDataOffset{System.UInt32[]}nSrcDataSize{System.UInt32[]}nPrtColBytes{System.UInt32[]}nPrtPrecession{8}nSrcEndCols{8000}nSrcStartCols{0}nStartEncPos{76472}nValidPassJets{1280}nValidPrtCols{8310}nValidPrtCtlCnts{1}pDataBuf{0}pNextItem{478088896}
2023-03-17 20:02:09,735 [AppLog] INFO : 使能Pass打印成功：IDP_DoPassPrint2：nLayerIndex{97}nPassID{2}
2023-03-17 20:02:09,750 [AppLog] INFO : PASS打印前关键状态：DEV_GetDeviceInfo2：nLayerIndex{97}nPassID{2}LPPRINTER_INFO:nXSysEncDPI{0}nStatus{0}nPrintStatus{0}bSuperDevice{0}
LPPRINTER_INFO-LPPrtRunInfo:bJobPrtRuning{False}bLayerPrtIsOver{False}nContReqMemErr{0}nContWDErr{0}nCurPrtDir{0}nDTLayerIndex{0}nDTLayerPassIndex{0}nDTPtrCtlIndex{0}nLayerPassCount{0}nPrintLayerIndex{0}nPrintPassIndex{0}nProcLayerIndex{0}nPrtDataMemAddr{0}nPrtState{0}nReverse{System.Int32[]}nRevPrtCols{0}
LPPRINTER_INFO-LPDRVINFO:nFMVersion{0}nFpgaVersion{0}nPCBVersion{0}nState{0}nNextState{0}nPtvwarnState{0}nCrc32{0}nRevInfo{System.UInt32[]}nSignature{0}
2023-03-17 20:02:09,781 [AppLog] INFO : 准备读取编码器位置：X方向！
2023-03-17 20:02:09,781 [AppLog] INFO : 准备运动，当前位置：DEV_GetPrintEncoderValue：MoveDirectionFlag{false为Y方向：False}CurrentPos{423.58}AimPos{25}
2023-03-17 20:02:09,813 [AppLog] INFO : X方向运动开始：DEM_Run：返回值{True}nAxis{0}DirFlag{False}nSpeed{200000}MoveStep{-398580}nCtlValue{2}
2023-03-17 20:02:12,153 [AppLog] INFO : X方向到位停止：DEM_StopAxisRun：返回值{True}CurrentPos{30.165}bImmeStop{False}nAxisMask{1}
2023-03-17 20:02:12,153 [AppLog] INFO : 准备读取编码器位置：Y方向！
2023-03-17 20:02:12,168 [AppLog] INFO : 准备运动，编码器当前位置：DEM_GetAxisEncodeVal：MoveDirectionFlag{false为Y方向：True}CurrentPos{122.815}AimPos{177}
2023-03-17 20:02:12,199 [AppLog] INFO : Y方向运动开始：DEM_Run：返回值{True}nAxis{1}DirFlag{True}nSpeed{200000}MoveStep{54185}nCtlValue{0}
2023-03-17 20:02:12,465 [AppLog] INFO : Y方向到位停止：DEM_StopAxisRun：返回值{True}CurrentPos{145.655}bImmeStop{False}nAxisMask{2}
2023-03-17 20:02:12,465 [AppLog] INFO : 获取打印Pass数据：IDP_GetPassItem2：nLayerIndex{97}nPassID{3}nProcState{3}LPPassDataItemb:PrtDir{True}nDataTxCompleteCnt{1}nHwMemAdrMatchMask{1}nLayerIndex{97}nLayerPassCount{6}nLayerPassIndex{3}nMinJet0ImgLinePos{3840}nPrtMemHwAddr{System.UInt32[]}nPrtDataOffset{System.UInt32[]}nSrcDataSize{System.UInt32[]}nPrtColBytes{System.UInt32[]}nPrtPrecession{8}nSrcEndCols{8000}nSrcStartCols{0}nStartEncPos{10000}nValidPassJets{1280}nValidPrtCols{8310}nValidPrtCtlCnts{1}pDataBuf{0}pNextItem{478089056}
2023-03-17 20:02:12,480 [AppLog] INFO : 使能Pass打印成功：IDP_DoPassPrint2：nLayerIndex{97}nPassID{3}
2023-03-17 20:02:12,480 [AppLog] INFO : PASS打印前关键状态：DEV_GetDeviceInfo2：nLayerIndex{97}nPassID{3}LPPRINTER_INFO:nXSysEncDPI{0}nStatus{0}nPrintStatus{0}bSuperDevice{0}
LPPRINTER_INFO-LPPrtRunInfo:bJobPrtRuning{False}bLayerPrtIsOver{False}nContReqMemErr{0}nContWDErr{0}nCurPrtDir{0}nDTLayerIndex{0}nDTLayerPassIndex{0}nDTPtrCtlIndex{0}nLayerPassCount{0}nPrintLayerIndex{0}nPrintPassIndex{0}nProcLayerIndex{0}nPrtDataMemAddr{0}nPrtState{0}nReverse{System.Int32[]}nRevPrtCols{0}
LPPRINTER_INFO-LPDRVINFO:nFMVersion{0}nFpgaVersion{0}nPCBVersion{0}nState{0}nNextState{0}nPtvwarnState{0}nCrc32{0}nRevInfo{System.UInt32[]}nSignature{0}
2023-03-17 20:02:12,511 [AppLog] INFO : 准备读取编码器位置：X方向！
2023-03-17 20:02:12,511 [AppLog] INFO : 准备运动，当前位置：DEV_GetPrintEncoderValue：MoveDirectionFlag{false为Y方向：False}CurrentPos{26.435}AimPos{425}
2023-03-17 20:02:12,543 [AppLog] INFO : X方向运动开始：DEM_Run：返回值{True}nAxis{0}DirFlag{True}nSpeed{200000}MoveStep{398565}nCtlValue{2}
2023-03-17 20:02:14,883 [AppLog] INFO : X方向到位停止：DEM_StopAxisRun：返回值{True}CurrentPos{418.975}bImmeStop{False}nAxisMask{1}
2023-03-17 20:02:14,883 [AppLog] INFO : 准备读取编码器位置：Y方向！
2023-03-17 20:02:14,883 [AppLog] INFO : 准备运动，编码器当前位置：DEM_GetAxisEncodeVal：MoveDirectionFlag{false为Y方向：True}CurrentPos{176.89}AimPos{231}
2023-03-17 20:02:14,914 [AppLog] INFO : Y方向运动开始：DEM_Run：返回值{True}nAxis{1}DirFlag{True}nSpeed{200000}MoveStep{54110}nCtlValue{0}
2023-03-17 20:02:15,179 [AppLog] INFO : Y方向到位停止：DEM_StopAxisRun：返回值{True}CurrentPos{200.75}bImmeStop{False}nAxisMask{2}
2023-03-17 20:02:15,195 [AppLog] INFO : 获取打印Pass数据：IDP_GetPassItem2：nLayerIndex{97}nPassID{4}nProcState{3}LPPassDataItemb:PrtDir{False}nDataTxCompleteCnt{1}nHwMemAdrMatchMask{1}nLayerIndex{97}nLayerPassCount{6}nLayerPassIndex{4}nMinJet0ImgLinePos{5120}nPrtMemHwAddr{System.UInt32[]}nPrtDataOffset{System.UInt32[]}nSrcDataSize{System.UInt32[]}nPrtColBytes{System.UInt32[]}nPrtPrecession{8}nSrcEndCols{8000}nSrcStartCols{0}nStartEncPos{76472}nValidPassJets{1280}nValidPrtCols{8310}nValidPrtCtlCnts{1}pDataBuf{0}pNextItem{478089408}
2023-03-17 20:02:15,210 [AppLog] INFO : 使能Pass打印成功：IDP_DoPassPrint2：nLayerIndex{97}nPassID{4}
2023-03-17 20:02:15,242 [AppLog] INFO : PASS打印前关键状态：DEV_GetDeviceInfo2：nLayerIndex{97}nPassID{4}LPPRINTER_INFO:nXSysEncDPI{0}nStatus{0}nPrintStatus{0}bSuperDevice{0}
LPPRINTER_INFO-LPPrtRunInfo:bJobPrtRuning{False}bLayerPrtIsOver{False}nContReqMemErr{0}nContWDErr{0}nCurPrtDir{0}nDTLayerIndex{0}nDTLayerPassIndex{0}nDTPtrCtlIndex{0}nLayerPassCount{0}nPrintLayerIndex{0}nPrintPassIndex{0}nProcLayerIndex{0}nPrtDataMemAddr{0}nPrtState{0}nReverse{System.Int32[]}nRevPrtCols{0}
LPPRINTER_INFO-LPDRVINFO:nFMVersion{0}nFpgaVersion{0}nPCBVersion{0}nState{0}nNextState{0}nPtvwarnState{0}nCrc32{0}nRevInfo{System.UInt32[]}nSignature{0}
2023-03-17 20:02:15,257 [AppLog] INFO : 准备读取编码器位置：X方向！
2023-03-17 20:02:15,273 [AppLog] INFO : 准备运动，当前位置：DEV_GetPrintEncoderValue：MoveDirectionFlag{false为Y方向：False}CurrentPos{423.55}AimPos{25}
2023-03-17 20:02:15,304 [AppLog] INFO : X方向运动开始：DEM_Run：返回值{True}nAxis{0}DirFlag{False}nSpeed{200000}MoveStep{-398550}nCtlValue{2}
2023-03-17 20:02:17,628 [AppLog] INFO : X方向到位停止：DEM_StopAxisRun：返回值{True}CurrentPos{30.76}bImmeStop{False}nAxisMask{1}
2023-03-17 20:02:17,628 [AppLog] INFO : 准备读取编码器位置：Y方向！
2023-03-17 20:02:17,644 [AppLog] INFO : 准备运动，编码器当前位置：DEM_GetAxisEncodeVal：MoveDirectionFlag{false为Y方向：True}CurrentPos{230.93}AimPos{285}
2023-03-17 20:02:17,675 [AppLog] INFO : Y方向运动开始：DEM_Run：返回值{True}nAxis{1}DirFlag{True}nSpeed{200000}MoveStep{54070}nCtlValue{0}
2023-03-17 20:02:17,940 [AppLog] INFO : Y方向到位停止：DEM_StopAxisRun：返回值{True}CurrentPos{252.49}bImmeStop{False}nAxisMask{2}
2023-03-17 20:02:17,940 [AppLog] INFO : 获取打印Pass数据：IDP_GetPassItem2：nLayerIndex{97}nPassID{5}nProcState{3}LPPassDataItemb:PrtDir{True}nDataTxCompleteCnt{1}nHwMemAdrMatchMask{1}nLayerIndex{97}nLayerPassCount{6}nLayerPassIndex{5}nMinJet0ImgLinePos{6400}nPrtMemHwAddr{System.UInt32[]}nPrtDataOffset{System.UInt32[]}nSrcDataSize{System.UInt32[]}nPrtColBytes{System.UInt32[]}nPrtPrecession{8}nSrcEndCols{8000}nSrcStartCols{0}nStartEncPos{10000}nValidPassJets{1280}nValidPrtCols{8310}nValidPrtCtlCnts{1}pDataBuf{0}pNextItem{0}
2023-03-17 20:02:17,956 [AppLog] INFO : 使能Pass打印成功：IDP_DoPassPrint2：nLayerIndex{97}nPassID{5}
2023-03-17 20:02:17,956 [AppLog] INFO : PASS打印前关键状态：DEV_GetDeviceInfo2：nLayerIndex{97}nPassID{5}LPPRINTER_INFO:nXSysEncDPI{0}nStatus{0}nPrintStatus{0}bSuperDevice{0}
LPPRINTER_INFO-LPPrtRunInfo:bJobPrtRuning{False}bLayerPrtIsOver{False}nContReqMemErr{0}nContWDErr{0}nCurPrtDir{0}nDTLayerIndex{0}nDTLayerPassIndex{0}nDTPtrCtlIndex{0}nLayerPassCount{0}nPrintLayerIndex{0}nPrintPassIndex{0}nProcLayerIndex{0}nPrtDataMemAddr{0}nPrtState{0}nReverse{System.Int32[]}nRevPrtCols{0}
LPPRINTER_INFO-LPDRVINFO:nFMVersion{0}nFpgaVersion{0}nPCBVersion{0}nState{0}nNextState{0}nPtvwarnState{0}nCrc32{0}nRevInfo{System.UInt32[]}nSignature{0}
2023-03-17 20:02:17,987 [AppLog] INFO : 准备读取编码器位置：X方向！
2023-03-17 20:02:17,987 [AppLog] INFO : 准备运动，当前位置：DEV_GetPrintEncoderValue：MoveDirectionFlag{false为Y方向：False}CurrentPos{26.495}AimPos{425}
2023-03-17 20:02:18,018 [AppLog] INFO : X方向运动开始：DEM_Run：返回值{True}nAxis{0}DirFlag{True}nSpeed{200000}MoveStep{398505}nCtlValue{2}
2023-03-17 20:02:20,358 [AppLog] INFO : X方向到位停止：DEM_StopAxisRun：返回值{True}CurrentPos{419.12}bImmeStop{False}nAxisMask{1}
2023-03-17 20:02:20,358 [AppLog] INFO : 准备读取编码器位置：X方向！
2023-03-17 20:02:20,358 [AppLog] INFO : 准备运动，当前位置：DEV_GetPrintEncoderValue：MoveDirectionFlag{false为Y方向：False}CurrentPos{419.37}AimPos{710}
2023-03-17 20:02:20,390 [AppLog] INFO : X方向运动开始：DEM_Run：返回值{True}nAxis{0}DirFlag{True}nSpeed{200000}MoveStep{290630}nCtlValue{2}
2023-03-17 20:02:20,390 [AppLog] INFO : 准备读取编码器位置：Y方向！
2023-03-17 20:02:20,390 [AppLog] INFO : 准备运动，编码器当前位置：DEM_GetAxisEncodeVal：MoveDirectionFlag{false为Y方向：True}CurrentPos{284.905}AimPos{121}
2023-03-17 20:02:20,436 [AppLog] INFO : Y方向运动开始：DEM_Run：返回值{True}nAxis{1}DirFlag{False}nSpeed{200000}MoveStep{-163905}nCtlValue{0}
2023-03-17 20:02:22,215 [AppLog] INFO : Y方向到位等停：DEM_StopAxisRun：返回值{True}bImmeStop{False}nAxisMask{1}
2023-03-17 20:02:22,215 [AppLog] INFO : X方向到位等停：DEM_StopAxisRun：返回值{True}bImmeStop{False}nAxisMask{2}
2023-03-17 20:02:22,246 [AppLog] INFO : 开启闪喷操作：IDP_FlashPrtCtl：返回值{True}
2023-03-17 20:02:22,277 [AppLog] INFO : 接收到恢复打印指令：PrintTaskTHREAD
2023-03-17 20:02:22,277 [AppLog] INFO : 获取打印Pass数据：IDP_GetPassItem2：nLayerIndex{98}nPassID{0}nProcState{3}LPPassDataItemb:PrtDir{False}nDataTxCompleteCnt{1}nHwMemAdrMatchMask{1}nLayerIndex{98}nLayerPassCount{6}nLayerPassIndex{0}nMinJet0ImgLinePos{0}nPrtMemHwAddr{System.UInt32[]}nPrtDataOffset{System.UInt32[]}nSrcDataSize{System.UInt32[]}nPrtColBytes{System.UInt32[]}nPrtPrecession{8}nSrcEndCols{8000}nSrcStartCols{0}nStartEncPos{76472}nValidPassJets{1280}nValidPrtCols{8310}nValidPrtCtlCnts{1}pDataBuf{0}pNextItem{478089728}
2023-03-17 20:02:22,277 [AppLog] INFO : 使能Pass打印成功：IDP_DoPassPrint2：nLayerIndex{98}nPassID{0}
2023-03-17 20:02:22,277 [AppLog] INFO : PASS打印前关键状态：DEV_GetDeviceInfo2：nLayerIndex{98}nPassID{0}LPPRINTER_INFO:nXSysEncDPI{0}nStatus{0}nPrintStatus{0}bSuperDevice{0}
LPPRINTER_INFO-LPPrtRunInfo:bJobPrtRuning{False}bLayerPrtIsOver{False}nContReqMemErr{0}nContWDErr{0}nCurPrtDir{0}nDTLayerIndex{0}nDTLayerPassIndex{0}nDTPtrCtlIndex{0}nLayerPassCount{0}nPrintLayerIndex{0}nPrintPassIndex{0}nProcLayerIndex{0}nPrtDataMemAddr{0}nPrtState{0}nReverse{System.Int32[]}nRevPrtCols{0}
LPPRINTER_INFO-LPDRVINFO:nFMVersion{0}nFpgaVersion{0}nPCBVersion{0}nState{0}nNextState{0}nPtvwarnState{0}nCrc32{0}nRevInfo{System.UInt32[]}nSignature{0}
2023-03-17 20:02:22,308 [AppLog] INFO : 关闭闪喷操作：IDP_FlashPrtCtl：返回值{True}
2023-03-17 20:02:22,308 [AppLog] INFO : 准备读取编码器位置：Y方向！
2023-03-17 20:02:22,308 [AppLog] INFO : 准备运动，编码器当前位置：DEM_GetAxisEncodeVal：MoveDirectionFlag{false为Y方向：True}CurrentPos{121.18}AimPos{15}
2023-03-17 20:02:22,355 [AppLog] INFO : Y方向运动开始：DEM_Run：返回值{True}nAxis{1}DirFlag{False}nSpeed{200000}MoveStep{-106180}nCtlValue{0}
2023-03-17 20:02:22,355 [AppLog] INFO : 准备读取编码器位置：X方向！
2023-03-17 20:02:22,355 [AppLog] INFO : 准备运动，当前位置：DEV_GetPrintEncoderValue：MoveDirectionFlag{false为Y方向：False}CurrentPos{714.13}AimPos{25}
2023-03-17 20:02:22,386 [AppLog] INFO : X方向运动开始：DEM_Run：返回值{True}nAxis{0}DirFlag{False}nSpeed{200000}MoveStep{-689130}nCtlValue{2}
2023-03-17 20:02:26,177 [AppLog] INFO : X方向到位停止：DEM_StopAxisRun：返回值{True}CurrentPos{29.825}bImmeStop{False}nAxisMask{1}
2023-03-17 20:02:26,177 [AppLog] INFO : 准备读取编码器位置：Y方向！
2023-03-17 20:02:26,177 [AppLog] INFO : 准备运动，编码器当前位置：DEM_GetAxisEncodeVal：MoveDirectionFlag{false为Y方向：True}CurrentPos{15.305}AimPos{69}
2023-03-17 20:02:26,224 [AppLog] INFO : Y方向运动开始：DEM_Run：返回值{True}nAxis{1}DirFlag{True}nSpeed{200000}MoveStep{53695}nCtlValue{0}
2023-03-17 20:02:26,489 [AppLog] INFO : Y方向到位停止：DEM_StopAxisRun：返回值{True}CurrentPos{37.245}bImmeStop{False}nAxisMask{2}
2023-03-17 20:02:26,489 [AppLog] INFO : 获取打印Pass数据：IDP_GetPassItem2：nLayerIndex{98}nPassID{1}nProcState{3}LPPassDataItemb:PrtDir{True}nDataTxCompleteCnt{1}nHwMemAdrMatchMask{1}nLayerIndex{98}nLayerPassCount{6}nLayerPassIndex{1}nMinJet0ImgLinePos{1280}nPrtMemHwAddr{System.UInt32[]}nPrtDataOffset{System.UInt32[]}nSrcDataSize{System.UInt32[]}nPrtColBytes{System.UInt32[]}nPrtPrecession{8}nSrcEndCols{8000}nSrcStartCols{0}nStartEncPos{10000}nValidPassJets{1280}nValidPrtCols{8310}nValidPrtCtlCnts{1}pDataBuf{0}pNextItem{478089888}
2023-03-17 20:02:26,520 [AppLog] INFO : 使能Pass打印成功：IDP_DoPassPrint2：nLayerIndex{98}nPassID{1}
2023-03-17 20:02:26,536 [AppLog] INFO : PASS打印前关键状态：DEV_GetDeviceInfo2：nLayerIndex{98}nPassID{1}LPPRINTER_INFO:nXSysEncDPI{0}nStatus{0}nPrintStatus{0}bSuperDevice{0}
LPPRINTER_INFO-LPPrtRunInfo:bJobPrtRuning{False}bLayerPrtIsOver{False}nContReqMemErr{0}nContWDErr{0}nCurPrtDir{0}nDTLayerIndex{0}nDTLayerPassIndex{0}nDTPtrCtlIndex{0}nLayerPassCount{0}nPrintLayerIndex{0}nPrintPassIndex{0}nProcLayerIndex{0}nPrtDataMemAddr{0}nPrtState{0}nReverse{System.Int32[]}nRevPrtCols{0}
LPPRINTER_INFO-LPDRVINFO:nFMVersion{0}nFpgaVersion{0}nPCBVersion{0}nState{0}nNextState{0}nPtvwarnState{0}nCrc32{0}nRevInfo{System.UInt32[]}nSignature{0}
2023-03-17 20:02:26,552 [AppLog] INFO : 准备读取编码器位置：X方向！
2023-03-17 20:02:26,552 [AppLog] INFO : 准备运动，当前位置：DEV_GetPrintEncoderValue：MoveDirectionFlag{false为Y方向：False}CurrentPos{26.475}AimPos{425}
2023-03-17 20:02:26,598 [AppLog] INFO : X方向运动开始：DEM_Run：返回值{True}nAxis{0}DirFlag{True}nSpeed{200000}MoveStep{398525}nCtlValue{2}
2023-03-17 20:02:28,938 [AppLog] INFO : X方向到位停止：DEM_StopAxisRun：返回值{True}CurrentPos{419.55}bImmeStop{False}nAxisMask{1}
2023-03-17 20:02:28,938 [AppLog] INFO : 准备读取编码器位置：Y方向！
2023-03-17 20:02:28,970 [AppLog] INFO : 准备运动，编码器当前位置：DEM_GetAxisEncodeVal：MoveDirectionFlag{false为Y方向：True}CurrentPos{69.005}AimPos{123}
2023-03-17 20:02:29,016 [AppLog] INFO : Y方向运动开始：DEM_Run：返回值{True}nAxis{1}DirFlag{True}nSpeed{200000}MoveStep{53995}nCtlValue{0}
2023-03-17 20:02:29,282 [AppLog] INFO : Y方向到位停止：DEM_StopAxisRun：返回值{True}CurrentPos{91.055}bImmeStop{False}nAxisMask{2}
2023-03-17 20:02:29,282 [AppLog] INFO : 获取打印Pass数据：IDP_GetPassItem2：nLayerIndex{98}nPassID{2}nProcState{3}LPPassDataItemb:PrtDir{False}nDataTxCompleteCnt{1}nHwMemAdrMatchMask{1}nLayerIndex{98}nLayerPassCount{6}nLayerPassIndex{2}nMinJet0ImgLinePos{2560}nPrtMemHwAddr{System.UInt32[]}nPrtDataOffset{System.UInt32[]}nSrcDataSize{System.UInt32[]}nPrtColBytes{System.UInt32[]}nPrtPrecession{8}nSrcEndCols{8000}nSrcStartCols{0}nStartEncPos{76472}nValidPassJets{1280}nValidPrtCols{8310}nValidPrtCtlCnts{1}pDataBuf{0}pNextItem{478090048}
2023-03-17 20:02:29,313 [AppLog] INFO : 使能Pass打印成功：IDP_DoPassPrint2：nLayerIndex{98}nPassID{2}
2023-03-17 20:02:29,313 [AppLog] INFO : PASS打印前关键状态：DEV_GetDeviceInfo2：nLayerIndex{98}nPassID{2}LPPRINTER_INFO:nXSysEncDPI{0}nStatus{0}nPrintStatus{0}bSuperDevice{0}
LPPRINTER_INFO-LPPrtRunInfo:bJobPrtRuning{False}bLayerPrtIsOver{False}nContReqMemErr{0}nContWDErr{0}nCurPrtDir{0}nDTLayerIndex{0}nDTLayerPassIndex{0}nDTPtrCtlIndex{0}nLayerPassCount{0}nPrintLayerIndex{0}nPrintPassIndex{0}nProcLayerIndex{0}nPrtDataMemAddr{0}nPrtState{0}nReverse{System.Int32[]}nRevPrtCols{0}
LPPRINTER_INFO-LPDRVINFO:nFMVersion{0}nFpgaVersion{0}nPCBVersion{0}nState{0}nNextState{0}nPtvwarnState{0}nCrc32{0}nRevInfo{System.UInt32[]}nSignature{0}
2023-03-17 20:02:29,344 [AppLog] INFO : 准备读取编码器位置：X方向！
2023-03-17 20:02:29,360 [AppLog] INFO : 准备运动，当前位置：DEV_GetPrintEncoderValue：MoveDirectionFlag{false为Y方向：False}CurrentPos{423.54}AimPos{25}
2023-03-17 20:02:29,391 [AppLog] INFO : X方向运动开始：DEM_Run：返回值{True}nAxis{0}DirFlag{False}nSpeed{200000}MoveStep{-398540}nCtlValue{2}
2023-03-17 20:02:31,746 [AppLog] INFO : X方向到位停止：DEM_StopAxisRun：返回值{True}CurrentPos{29.735}bImmeStop{False}nAxisMask{1}
2023-03-17 20:02:31,746 [AppLog] INFO : 准备读取编码器位置：Y方向！
2023-03-17 20:02:31,746 [AppLog] INFO : 准备运动，编码器当前位置：DEM_GetAxisEncodeVal：MoveDirectionFlag{false为Y方向：True}CurrentPos{122.785}AimPos{177}
2023-03-17 20:02:31,778 [AppLog] INFO : Y方向运动开始：DEM_Run：返回值{True}nAxis{1}DirFlag{True}nSpeed{200000}MoveStep{54215}nCtlValue{0}
2023-03-17 20:02:32,043 [AppLog] INFO : Y方向到位停止：DEM_StopAxisRun：返回值{True}CurrentPos{144.36}bImmeStop{False}nAxisMask{2}
2023-03-17 20:02:32,043 [AppLog] INFO : 获取打印Pass数据：IDP_GetPassItem2：nLayerIndex{98}nPassID{3}nProcState{3}LPPassDataItemb:PrtDir{True}nDataTxCompleteCnt{1}nHwMemAdrMatchMask{1}nLayerIndex{98}nLayerPassCount{6}nLayerPassIndex{3}nMinJet0ImgLinePos{3840}nPrtMemHwAddr{System.UInt32[]}nPrtDataOffset{System.UInt32[]}nSrcDataSize{System.UInt32[]}nPrtColBytes{System.UInt32[]}nPrtPrecession{8}nSrcEndCols{8000}nSrcStartCols{0}nStartEncPos{10000}nValidPassJets{1280}nValidPrtCols{8310}nValidPrtCtlCnts{1}pDataBuf{0}pNextItem{478090208}
2023-03-17 20:02:32,058 [AppLog] INFO : 使能Pass打印成功：IDP_DoPassPrint2：nLayerIndex{98}nPassID{3}
2023-03-17 20:02:32,058 [AppLog] INFO : PASS打印前关键状态：DEV_GetDeviceInfo2：nLayerIndex{98}nPassID{3}LPPRINTER_INFO:nXSysEncDPI{0}nStatus{0}nPrintStatus{0}bSuperDevice{0}
LPPRINTER_INFO-LPPrtRunInfo:bJobPrtRuning{False}bLayerPrtIsOver{False}nContReqMemErr{0}nContWDErr{0}nCurPrtDir{0}nDTLayerIndex{0}nDTLayerPassIndex{0}nDTPtrCtlIndex{0}nLayerPassCount{0}nPrintLayerIndex{0}nPrintPassIndex{0}nProcLayerIndex{0}nPrtDataMemAddr{0}nPrtState{0}nReverse{System.Int32[]}nRevPrtCols{0}
LPPRINTER_INFO-LPDRVINFO:nFMVersion{0}nFpgaVersion{0}nPCBVersion{0}nState{0}nNextState{0}nPtvwarnState{0}nCrc32{0}nRevInfo{System.UInt32[]}nSignature{0}
2023-03-17 20:02:32,090 [AppLog] INFO : 准备读取编码器位置：X方向！
2023-03-17 20:02:32,090 [AppLog] INFO : 准备运动，当前位置：DEV_GetPrintEncoderValue：MoveDirectionFlag{false为Y方向：False}CurrentPos{26.475}AimPos{425}
2023-03-17 20:02:32,121 [AppLog] INFO : X方向运动开始：DEM_Run：返回值{True}nAxis{0}DirFlag{True}nSpeed{200000}MoveStep{398525}nCtlValue{2}
2023-03-17 20:02:34,461 [AppLog] INFO : X方向到位停止：DEM_StopAxisRun：返回值{True}CurrentPos{419.175}bImmeStop{False}nAxisMask{1}
2023-03-17 20:02:34,461 [AppLog] INFO : 准备读取编码器位置：Y方向！
2023-03-17 20:02:34,461 [AppLog] INFO : 准备运动，编码器当前位置：DEM_GetAxisEncodeVal：MoveDirectionFlag{false为Y方向：True}CurrentPos{176.905}AimPos{231}
2023-03-17 20:02:34,508 [AppLog] INFO : Y方向运动开始：DEM_Run：返回值{True}nAxis{1}DirFlag{True}nSpeed{200000}MoveStep{54095}nCtlValue{0}
2023-03-17 20:02:34,773 [AppLog] INFO : Y方向到位停止：DEM_StopAxisRun：返回值{True}CurrentPos{199.66}bImmeStop{False}nAxisMask{2}
2023-03-17 20:02:34,773 [AppLog] INFO : 获取打印Pass数据：IDP_GetPassItem2：nLayerIndex{98}nPassID{4}nProcState{3}LPPassDataItemb:PrtDir{False}nDataTxCompleteCnt{1}nHwMemAdrMatchMask{1}nLayerIndex{98}nLayerPassCount{6}nLayerPassIndex{4}nMinJet0ImgLinePos{5120}nPrtMemHwAddr{System.UInt32[]}nPrtDataOffset{System.UInt32[]}nSrcDataSize{System.UInt32[]}nPrtColBytes{System.UInt32[]}nPrtPrecession{8}nSrcEndCols{8000}nSrcStartCols{0}nStartEncPos{76472}nValidPassJets{1280}nValidPrtCols{8310}nValidPrtCtlCnts{1}pDataBuf{0}pNextItem{478090368}
2023-03-17 20:02:34,788 [AppLog] INFO : 使能Pass打印成功：IDP_DoPassPrint2：nLayerIndex{98}nPassID{4}
2023-03-17 20:02:34,788 [AppLog] INFO : PASS打印前关键状态：DEV_GetDeviceInfo2：nLayerIndex{98}nPassID{4}LPPRINTER_INFO:nXSysEncDPI{0}nStatus{0}nPrintStatus{0}bSuperDevice{0}
LPPRINTER_INFO-LPPrtRunInfo:bJobPrtRuning{False}bLayerPrtIsOver{False}nContReqMemErr{0}nContWDErr{0}nCurPrtDir{0}nDTLayerIndex{0}nDTLayerPassIndex{0}nDTPtrCtlIndex{0}nLayerPassCount{0}nPrintLayerIndex{0}nPrintPassIndex{0}nProcLayerIndex{0}nPrtDataMemAddr{0}nPrtState{0}nReverse{System.Int32[]}nRevPrtCols{0}
LPPRINTER_INFO-LPDRVINFO:nFMVersion{0}nFpgaVersion{0}nPCBVersion{0}nState{0}nNextState{0}nPtvwarnState{0}nCrc32{0}nRevInfo{System.UInt32[]}nSignature{0}
2023-03-17 20:02:34,820 [AppLog] INFO : 准备读取编码器位置：X方向！
2023-03-17 20:02:34,835 [AppLog] INFO : 准备运动，当前位置：DEV_GetPrintEncoderValue：MoveDirectionFlag{false为Y方向：False}CurrentPos{423.535}AimPos{25}
2023-03-17 20:02:34,866 [AppLog] INFO : X方向运动开始：DEM_Run：返回值{True}nAxis{0}DirFlag{False}nSpeed{200000}MoveStep{-398535}nCtlValue{2}
2023-03-17 20:02:37,206 [AppLog] INFO : X方向到位停止：DEM_StopAxisRun：返回值{True}CurrentPos{30.645}bImmeStop{False}nAxisMask{1}
2023-03-17 20:02:37,206 [AppLog] INFO : 准备读取编码器位置：Y方向！
2023-03-17 20:02:37,206 [AppLog] INFO : 准备运动，编码器当前位置：DEM_GetAxisEncodeVal：MoveDirectionFlag{false为Y方向：True}CurrentPos{230.925}AimPos{285}
2023-03-17 20:02:37,253 [AppLog] INFO : Y方向运动开始：DEM_Run：返回值{True}nAxis{1}DirFlag{True}nSpeed{200000}MoveStep{54075}nCtlValue{0}
2023-03-17 20:02:37,534 [AppLog] INFO : Y方向到位停止：DEM_StopAxisRun：返回值{True}CurrentPos{256.65}bImmeStop{False}nAxisMask{2}
2023-03-17 20:02:37,534 [AppLog] INFO : 获取打印Pass数据：IDP_GetPassItem2：nLayerIndex{98}nPassID{5}nProcState{3}LPPassDataItemb:PrtDir{True}nDataTxCompleteCnt{1}nHwMemAdrMatchMask{1}nLayerIndex{98}nLayerPassCount{6}nLayerPassIndex{5}nMinJet0ImgLinePos{6400}nPrtMemHwAddr{System.UInt32[]}nPrtDataOffset{System.UInt32[]}nSrcDataSize{System.UInt32[]}nPrtColBytes{System.UInt32[]}nPrtPrecession{8}nSrcEndCols{8000}nSrcStartCols{0}nStartEncPos{10000}nValidPassJets{1280}nValidPrtCols{8310}nValidPrtCtlCnts{1}pDataBuf{0}pNextItem{0}
2023-03-17 20:02:37,565 [AppLog] INFO : 使能Pass打印成功：IDP_DoPassPrint2：nLayerIndex{98}nPassID{5}
2023-03-17 20:02:37,581 [AppLog] INFO : PASS打印前关键状态：DEV_GetDeviceInfo2：nLayerIndex{98}nPassID{5}LPPRINTER_INFO:nXSysEncDPI{0}nStatus{0}nPrintStatus{0}bSuperDevice{0}
LPPRINTER_INFO-LPPrtRunInfo:bJobPrtRuning{False}bLayerPrtIsOver{False}nContReqMemErr{0}nContWDErr{0}nCurPrtDir{0}nDTLayerIndex{0}nDTLayerPassIndex{0}nDTPtrCtlIndex{0}nLayerPassCount{0}nPrintLayerIndex{0}nPrintPassIndex{0}nProcLayerIndex{0}nPrtDataMemAddr{0}nPrtState{0}nReverse{System.Int32[]}nRevPrtCols{0}
LPPRINTER_INFO-LPDRVINFO:nFMVersion{0}nFpgaVersion{0}nPCBVersion{0}nState{0}nNextState{0}nPtvwarnState{0}nCrc32{0}nRevInfo{System.UInt32[]}nSignature{0}
2023-03-17 20:02:37,612 [AppLog] INFO : 准备读取编码器位置：X方向！
2023-03-17 20:02:37,612 [AppLog] INFO : 准备运动，当前位置：DEV_GetPrintEncoderValue：MoveDirectionFlag{false为Y方向：False}CurrentPos{26.455}AimPos{425}
2023-03-17 20:02:37,643 [AppLog] INFO : X方向运动开始：DEM_Run：返回值{True}nAxis{0}DirFlag{True}nSpeed{200000}MoveStep{398545}nCtlValue{2}
2023-03-17 20:02:39,999 [AppLog] INFO : X方向到位停止：DEM_StopAxisRun：返回值{True}CurrentPos{419.7}bImmeStop{False}nAxisMask{1}
2023-03-17 20:02:39,999 [AppLog] INFO : 准备读取编码器位置：X方向！
2023-03-17 20:02:39,999 [AppLog] INFO : 准备运动，当前位置：DEV_GetPrintEncoderValue：MoveDirectionFlag{false为Y方向：False}CurrentPos{419.815}AimPos{710}
2023-03-17 20:02:40,030 [AppLog] INFO : X方向运动开始：DEM_Run：返回值{True}nAxis{0}DirFlag{True}nSpeed{200000}MoveStep{290185}nCtlValue{2}
2023-03-17 20:02:40,030 [AppLog] INFO : 准备读取编码器位置：Y方向！
2023-03-17 20:02:40,030 [AppLog] INFO : 准备运动，编码器当前位置：DEM_GetAxisEncodeVal：MoveDirectionFlag{false为Y方向：True}CurrentPos{284.895}AimPos{121}
2023-03-17 20:02:40,092 [AppLog] INFO : Y方向运动开始：DEM_Run：返回值{True}nAxis{1}DirFlag{False}nSpeed{200000}MoveStep{-163895}nCtlValue{0}
2023-03-17 20:02:41,840 [AppLog] INFO : Y方向到位等停：DEM_StopAxisRun：返回值{True}bImmeStop{False}nAxisMask{1}
2023-03-17 20:02:41,871 [AppLog] INFO : X方向到位等停：DEM_StopAxisRun：返回值{True}bImmeStop{False}nAxisMask{2}
2023-03-17 20:02:41,886 [AppLog] INFO : 开启闪喷操作：IDP_FlashPrtCtl：返回值{True}
2023-03-17 20:02:41,902 [AppLog] INFO : 进入自动铺粉逻辑：NewAutoSupplyPowderThread2
2023-03-17 20:02:42,011 [AppLog] INFO : 手动正向点动指令（8轴运控板卡系统） ====》：输出AXIS{第1轴},点动量{-0.08MM},运动速度{1MM/s}
2023-03-17 20:02:42,011 [AppLog] INFO : 成形面高度下降层厚 TrapSpace{0.08mm}：TrapMoveUp(1, true, Convert.ToString(vel), Convert.ToString(TrapSpace), true, true）
2023-03-17 20:02:43,540 [AppLog] INFO : 手动正向点动指令（8轴运控板卡系统） ====》：输出AXIS{第1轴},点动量{-1.5MM},运动速度{1MM/s}
2023-03-17 20:02:43,540 [AppLog] INFO : 成形面高度下降指定厚度 TrapSpace{1.5mm}：TrapMoveUp(1, true, Convert.ToString(vel), Convert.ToString(TrapSpace), true, true）
2023-03-17 20:02:45,069 [AppLog] INFO : 手动正向点动指令（8轴运控板卡系统） ====》：输出AXIS{第1轴},点动量{1.5MM},运动速度{1MM/s}
2023-03-17 20:02:45,069 [AppLog] INFO : 成形面高度上升层厚 TrapSpace{1.5mm}：TrapMoveUp(1, true, Convert.ToString(vel), Convert.ToString(TrapSpace), true, true）
2023-03-17 20:02:46,067 [AppLog] INFO : 手动正向点动指令（8轴运控板卡系统） ====》：输出AXIS{第8轴},点动量{0.5MM},运动速度{0.5MM/s}
2023-03-17 20:02:46,067 [AppLog] INFO : Hopper落粉轴转2圈落粉，速度0.5rev/s：TrapMoveUp(8, true, 0.5, rotateNuM.ToString(), true, false)
2023-03-17 20:02:46,379 [AppLog] INFO : 手动正向点动指令（8轴运控板卡系统） ====》：输出AXIS{第2轴},点动量{698MM},运动速度{30MM/s}
2023-03-17 20:02:46,379 [AppLog] INFO : 开启铺粉车不等停运动至站2，速度0.5rev/s：BackToStation2
2023-03-17 20:02:51,434 [AppLog] INFO : 打开IR灯：OpenIRLamp(true)
2023-03-17 20:02:54,975 [AppLog] INFO : 手动正向点动指令（8轴运控板卡系统） ====》：输出AXIS{第3轴},点动量{0.5MM},运动速度{0.0588235294117647MM/s}
2023-03-17 20:02:54,975 [AppLog] INFO : 开启均匀落粉及辊子铺平运动：TrapMoveUp(3, true, Convert.ToString(DispenseRollerSpeed), 0.5, true, true)
2023-03-17 20:03:03,586 [AppLog] INFO : 关闭IR灯：OpenIRLamp(false)
2023-03-17 20:03:07,408 [AppLog] INFO : 手动正向点动指令（8轴运控板卡系统） ====》：输出AXIS{第3轴},点动量{0.5MM},运动速度{2MM/s}
2023-03-17 20:03:07,408 [AppLog] INFO : 落粉轴继续转动以倒掉余粉：TrapMoveUp(3, true, 2, 0.5, true, false)
2023-03-17 20:03:11,168 [AppLog] INFO : 手动正向点动指令（8轴运控板卡系统） ====》：输出AXIS{第1轴},点动量{-1.5MM},运动速度{1MM/s}
2023-03-17 20:03:11,168 [AppLog] INFO : 成形面高度下降指定厚度 TrapSpace{1.5mm}：TrapMoveUp(1, true, Convert.ToString(vel), Convert.ToString(TrapSpace), true, true）
2023-03-17 20:03:15,832 [AppLog] INFO : 手动正向点动指令（8轴运控板卡系统） ====》：输出AXIS{第2轴},点动量{-698MM},运动速度{150MM/s}
2023-03-17 20:03:15,832 [AppLog] INFO : 铺粉车返回至站1：BackToStation2(AimPos, MovSpeed, true)
2023-03-17 20:03:16,596 [AppLog] INFO : 落粉轴回零成功：motionMap.SetBackSpreaderAxis(3, 0.5, 2, -SinkPosition)：ReturnCode{True}
2023-03-17 20:03:18,110 [AppLog] INFO : 手动正向点动指令（8轴运控板卡系统） ====》：输出AXIS{第1轴},点动量{1.5MM},运动速度{1MM/s}
2023-03-17 20:03:18,110 [AppLog] INFO : 成形面高度上升层厚 TrapSpace{1.5mm}：TrapMoveUp(1, true, Convert.ToString(vel), Convert.ToString(TrapSpace), true, true）
2023-03-17 20:03:18,110 [AppLog] INFO : 自动铺粉正常结束：NewAutoSupplyPowderThread2
2023-03-17 20:03:18,110 [AppLog] INFO : 发送监控指令，拍照记录1条：SendMessageFromSharedMemory
2023-03-17 20:03:18,141 [AppLog] INFO : 接收到恢复打印指令：PrintTaskTHREAD
2023-03-17 20:03:18,141 [AppLog] INFO : 获取打印Pass数据：IDP_GetPassItem2：nLayerIndex{99}nPassID{0}nProcState{3}LPPassDataItemb:PrtDir{False}nDataTxCompleteCnt{1}nHwMemAdrMatchMask{1}nLayerIndex{99}nLayerPassCount{6}nLayerPassIndex{0}nMinJet0ImgLinePos{0}nPrtMemHwAddr{System.UInt32[]}nPrtDataOffset{System.UInt32[]}nSrcDataSize{System.UInt32[]}nPrtColBytes{System.UInt32[]}nPrtPrecession{8}nSrcEndCols{8000}nSrcStartCols{0}nStartEncPos{76472}nValidPassJets{1280}nValidPrtCols{8310}nValidPrtCtlCnts{1}pDataBuf{0}pNextItem{478090688}
2023-03-17 20:03:18,156 [AppLog] INFO : 使能Pass打印成功：IDP_DoPassPrint2：nLayerIndex{99}nPassID{0}
2023-03-17 20:03:18,156 [AppLog] INFO : PASS打印前关键状态：DEV_GetDeviceInfo2：nLayerIndex{99}nPassID{0}LPPRINTER_INFO:nXSysEncDPI{0}nStatus{0}nPrintStatus{0}bSuperDevice{0}
LPPRINTER_INFO-LPPrtRunInfo:bJobPrtRuning{False}bLayerPrtIsOver{False}nContReqMemErr{0}nContWDErr{0}nCurPrtDir{0}nDTLayerIndex{0}nDTLayerPassIndex{0}nDTPtrCtlIndex{0}nLayerPassCount{0}nPrintLayerIndex{0}nPrintPassIndex{0}nProcLayerIndex{0}nPrtDataMemAddr{0}nPrtState{0}nReverse{System.Int32[]}nRevPrtCols{0}
LPPRINTER_INFO-LPDRVINFO:nFMVersion{0}nFpgaVersion{0}nPCBVersion{0}nState{0}nNextState{0}nPtvwarnState{0}nCrc32{0}nRevInfo{System.UInt32[]}nSignature{0}
2023-03-17 20:03:18,203 [AppLog] INFO : 关闭闪喷操作：IDP_FlashPrtCtl：返回值{True}
2023-03-17 20:03:18,203 [AppLog] INFO : 准备读取编码器位置：Y方向！
2023-03-17 20:03:18,219 [AppLog] INFO : 准备运动，编码器当前位置：DEM_GetAxisEncodeVal：MoveDirectionFlag{false为Y方向：True}CurrentPos{121.345}AimPos{15}
2023-03-17 20:03:18,250 [AppLog] INFO : Y方向运动开始：DEM_Run：返回值{True}nAxis{1}DirFlag{False}nSpeed{200000}MoveStep{-106345}nCtlValue{0}
2023-03-17 20:03:18,250 [AppLog] INFO : 准备读取编码器位置：X方向！
2023-03-17 20:03:18,250 [AppLog] INFO : 准备运动，当前位置：DEV_GetPrintEncoderValue：MoveDirectionFlag{false为Y方向：False}CurrentPos{713.77}AimPos{25}
2023-03-17 20:03:18,281 [AppLog] INFO : X方向运动开始：DEM_Run：返回值{True}nAxis{0}DirFlag{False}nSpeed{200000}MoveStep{-688770}nCtlValue{2}
2023-03-17 20:03:22,056 [AppLog] INFO : X方向到位停止：DEM_StopAxisRun：返回值{True}CurrentPos{30.525}bImmeStop{False}nAxisMask{1}
2023-03-17 20:03:22,056 [AppLog] INFO : 准备读取编码器位置：Y方向！
2023-03-17 20:03:22,056 [AppLog] INFO : 准备运动，编码器当前位置：DEM_GetAxisEncodeVal：MoveDirectionFlag{false为Y方向：True}CurrentPos{15.145}AimPos{69}
2023-03-17 20:03:22,119 [AppLog] INFO : Y方向运动开始：DEM_Run：返回值{True}nAxis{1}DirFlag{True}nSpeed{200000}MoveStep{53855}nCtlValue{0}
2023-03-17 20:03:22,384 [AppLog] INFO : Y方向到位停止：DEM_StopAxisRun：返回值{True}CurrentPos{37.235}bImmeStop{False}nAxisMask{2}
2023-03-17 20:03:22,384 [AppLog] INFO : 获取打印Pass数据：IDP_GetPassItem2：nLayerIndex{99}nPassID{1}nProcState{3}LPPassDataItemb:PrtDir{True}nDataTxCompleteCnt{1}nHwMemAdrMatchMask{1}nLayerIndex{99}nLayerPassCount{6}nLayerPassIndex{1}nMinJet0ImgLinePos{1280}nPrtMemHwAddr{System.UInt32[]}nPrtDataOffset{System.UInt32[]}nSrcDataSize{System.UInt32[]}nPrtColBytes{System.UInt32[]}nPrtPrecession{8}nSrcEndCols{8000}nSrcStartCols{0}nStartEncPos{10000}nValidPassJets{1280}nValidPrtCols{8310}nValidPrtCtlCnts{1}pDataBuf{0}pNextItem{478090848}
2023-03-17 20:03:22,400 [AppLog] INFO : 使能Pass打印成功：IDP_DoPassPrint2：nLayerIndex{99}nPassID{1}
2023-03-17 20:03:22,400 [AppLog] INFO : PASS打印前关键状态：DEV_GetDeviceInfo2：nLayerIndex{99}nPassID{1}LPPRINTER_INFO:nXSysEncDPI{0}nStatus{0}nPrintStatus{0}bSuperDevice{0}
LPPRINTER_INFO-LPPrtRunInfo:bJobPrtRuning{False}bLayerPrtIsOver{False}nContReqMemErr{0}nContWDErr{0}nCurPrtDir{0}nDTLayerIndex{0}nDTLayerPassIndex{0}nDTPtrCtlIndex{0}nLayerPassCount{0}nPrintLayerIndex{0}nPrintPassIndex{0}nProcLayerIndex{0}nPrtDataMemAddr{0}nPrtState{0}nReverse{System.Int32[]}nRevPrtCols{0}
LPPRINTER_INFO-LPDRVINFO:nFMVersion{0}nFpgaVersion{0}nPCBVersion{0}nState{0}nNextState{0}nPtvwarnState{0}nCrc32{0}nRevInfo{System.UInt32[]}nSignature{0}
2023-03-17 20:03:22,431 [AppLog] INFO : 准备读取编码器位置：X方向！
2023-03-17 20:03:22,431 [AppLog] INFO : 准备运动，当前位置：DEV_GetPrintEncoderValue：MoveDirectionFlag{false为Y方向：False}CurrentPos{26.405}AimPos{425}
2023-03-17 20:03:22,493 [AppLog] INFO : X方向运动开始：DEM_Run：返回值{True}nAxis{0}DirFlag{True}nSpeed{200000}MoveStep{398595}nCtlValue{2}
2023-03-17 20:03:24,849 [AppLog] INFO : X方向到位停止：DEM_StopAxisRun：返回值{True}CurrentPos{419.485}bImmeStop{False}nAxisMask{1}
2023-03-17 20:03:24,849 [AppLog] INFO : 准备读取编码器位置：Y方向！
2023-03-17 20:03:24,849 [AppLog] INFO : 准备运动，编码器当前位置：DEM_GetAxisEncodeVal：MoveDirectionFlag{false为Y方向：True}CurrentPos{68.985}AimPos{123}
2023-03-17 20:03:24,896 [AppLog] INFO : Y方向运动开始：DEM_Run：返回值{True}nAxis{1}DirFlag{True}nSpeed{200000}MoveStep{54015}nCtlValue{0}
2023-03-17 20:03:25,176 [AppLog] INFO : Y方向到位停止：DEM_StopAxisRun：返回值{True}CurrentPos{92.205}bImmeStop{False}nAxisMask{2}
2023-03-17 20:03:25,176 [AppLog] INFO : 获取打印Pass数据：IDP_GetPassItem2：nLayerIndex{99}nPassID{2}nProcState{3}LPPassDataItemb:PrtDir{False}nDataTxCompleteCnt{1}nHwMemAdrMatchMask{1}nLayerIndex{99}nLayerPassCount{6}nLayerPassIndex{2}nMinJet0ImgLinePos{2560}nPrtMemHwAddr{System.UInt32[]}nPrtDataOffset{System.UInt32[]}nSrcDataSize{System.UInt32[]}nPrtColBytes{System.UInt32[]}nPrtPrecession{8}nSrcEndCols{8000}nSrcStartCols{0}nStartEncPos{76472}nValidPassJets{1280}nValidPrtCols{8310}nValidPrtCtlCnts{1}pDataBuf{0}pNextItem{478091008}
2023-03-17 20:03:25,176 [AppLog] INFO : 使能Pass打印成功：IDP_DoPassPrint2：nLayerIndex{99}nPassID{2}
2023-03-17 20:03:25,192 [AppLog] INFO : PASS打印前关键状态：DEV_GetDeviceInfo2：nLayerIndex{99}nPassID{2}LPPRINTER_INFO:nXSysEncDPI{0}nStatus{0}nPrintStatus{0}bSuperDevice{0}
LPPRINTER_INFO-LPPrtRunInfo:bJobPrtRuning{False}bLayerPrtIsOver{False}nContReqMemErr{0}nContWDErr{0}nCurPrtDir{0}nDTLayerIndex{0}nDTLayerPassIndex{0}nDTPtrCtlIndex{0}nLayerPassCount{0}nPrintLayerIndex{0}nPrintPassIndex{0}nProcLayerIndex{0}nPrtDataMemAddr{0}nPrtState{0}nReverse{System.Int32[]}nRevPrtCols{0}
LPPRINTER_INFO-LPDRVINFO:nFMVersion{0}nFpgaVersion{0}nPCBVersion{0}nState{0}nNextState{0}nPtvwarnState{0}nCrc32{0}nRevInfo{System.UInt32[]}nSignature{0}
2023-03-17 20:03:25,223 [AppLog] INFO : 准备读取编码器位置：X方向！
2023-03-17 20:03:25,239 [AppLog] INFO : 准备运动，当前位置：DEV_GetPrintEncoderValue：MoveDirectionFlag{false为Y方向：False}CurrentPos{423.555}AimPos{25}
2023-03-17 20:03:25,270 [AppLog] INFO : X方向运动开始：DEM_Run：返回值{True}nAxis{0}DirFlag{False}nSpeed{200000}MoveStep{-398555}nCtlValue{2}
2023-03-17 20:03:27,610 [AppLog] INFO : X方向到位停止：DEM_StopAxisRun：返回值{True}CurrentPos{30.645}bImmeStop{False}nAxisMask{1}
2023-03-17 20:03:27,610 [AppLog] INFO : 准备读取编码器位置：Y方向！
2023-03-17 20:03:27,610 [AppLog] INFO : 准备运动，编码器当前位置：DEM_GetAxisEncodeVal：MoveDirectionFlag{false为Y方向：True}CurrentPos{122.805}AimPos{177}
2023-03-17 20:03:27,657 [AppLog] INFO : Y方向运动开始：DEM_Run：返回值{True}nAxis{1}DirFlag{True}nSpeed{200000}MoveStep{54195}nCtlValue{0}
2023-03-17 20:03:27,938 [AppLog] INFO : Y方向到位停止：DEM_StopAxisRun：返回值{True}CurrentPos{149.3}bImmeStop{False}nAxisMask{2}
2023-03-17 20:03:27,938 [AppLog] INFO : 获取打印Pass数据：IDP_GetPassItem2：nLayerIndex{99}nPassID{3}nProcState{3}LPPassDataItemb:PrtDir{True}nDataTxCompleteCnt{1}nHwMemAdrMatchMask{1}nLayerIndex{99}nLayerPassCount{6}nLayerPassIndex{3}nMinJet0ImgLinePos{3840}nPrtMemHwAddr{System.UInt32[]}nPrtDataOffset{System.UInt32[]}nSrcDataSize{System.UInt32[]}nPrtColBytes{System.UInt32[]}nPrtPrecession{8}nSrcEndCols{8000}nSrcStartCols{0}nStartEncPos{10000}nValidPassJets{1280}nValidPrtCols{8310}nValidPrtCtlCnts{1}pDataBuf{0}pNextItem{478091168}
2023-03-17 20:03:27,953 [AppLog] INFO : 使能Pass打印成功：IDP_DoPassPrint2：nLayerIndex{99}nPassID{3}
2023-03-17 20:03:27,969 [AppLog] INFO : PASS打印前关键状态：DEV_GetDeviceInfo2：nLayerIndex{99}nPassID{3}LPPRINTER_INFO:nXSysEncDPI{0}nStatus{0}nPrintStatus{0}bSuperDevice{0}
LPPRINTER_INFO-LPPrtRunInfo:bJobPrtRuning{False}bLayerPrtIsOver{False}nContReqMemErr{0}nContWDErr{0}nCurPrtDir{0}nDTLayerIndex{0}nDTLayerPassIndex{0}nDTPtrCtlIndex{0}nLayerPassCount{0}nPrintLayerIndex{0}nPrintPassIndex{0}nProcLayerIndex{0}nPrtDataMemAddr{0}nPrtState{0}nReverse{System.Int32[]}nRevPrtCols{0}
LPPRINTER_INFO-LPDRVINFO:nFMVersion{0}nFpgaVersion{0}nPCBVersion{0}nState{0}nNextState{0}nPtvwarnState{0}nCrc32{0}nRevInfo{System.UInt32[]}nSignature{0}
2023-03-17 20:03:28,000 [AppLog] INFO : 准备读取编码器位置：X方向！
2023-03-17 20:03:28,016 [AppLog] INFO : 准备运动，当前位置：DEV_GetPrintEncoderValue：MoveDirectionFlag{false为Y方向：False}CurrentPos{26.43}AimPos{425}
2023-03-17 20:03:28,047 [AppLog] INFO : X方向运动开始：DEM_Run：返回值{True}nAxis{0}DirFlag{True}nSpeed{200000}MoveStep{398570}nCtlValue{2}
2023-03-17 20:03:30,402 [AppLog] INFO : X方向到位停止：DEM_StopAxisRun：返回值{True}CurrentPos{419.975}bImmeStop{False}nAxisMask{1}
2023-03-17 20:03:30,402 [AppLog] INFO : 准备读取编码器位置：Y方向！
2023-03-17 20:03:30,402 [AppLog] INFO : 准备运动，编码器当前位置：DEM_GetAxisEncodeVal：MoveDirectionFlag{false为Y方向：True}CurrentPos{176.89}AimPos{231}
2023-03-17 20:03:30,434 [AppLog] INFO : Y方向运动开始：DEM_Run：返回值{True}nAxis{1}DirFlag{True}nSpeed{200000}MoveStep{54110}nCtlValue{0}
2023-03-17 20:03:30,714 [AppLog] INFO : Y方向到位停止：DEM_StopAxisRun：返回值{True}CurrentPos{202.21}bImmeStop{False}nAxisMask{2}
2023-03-17 20:03:30,714 [AppLog] INFO : 获取打印Pass数据：IDP_GetPassItem2：nLayerIndex{99}nPassID{4}nProcState{3}LPPassDataItemb:PrtDir{False}nDataTxCompleteCnt{1}nHwMemAdrMatchMask{1}nLayerIndex{99}nLayerPassCount{6}nLayerPassIndex{4}nMinJet0ImgLinePos{5120}nPrtMemHwAddr{System.UInt32[]}nPrtDataOffset{System.UInt32[]}nSrcDataSize{System.UInt32[]}nPrtColBytes{System.UInt32[]}nPrtPrecession{8}nSrcEndCols{8000}nSrcStartCols{0}nStartEncPos{76472}nValidPassJets{1280}nValidPrtCols{8310}nValidPrtCtlCnts{1}pDataBuf{0}pNextItem{478091328}
2023-03-17 20:03:30,730 [AppLog] INFO : 使能Pass打印成功：IDP_DoPassPrint2：nLayerIndex{99}nPassID{4}
2023-03-17 20:03:30,730 [AppLog] INFO : PASS打印前关键状态：DEV_GetDeviceInfo2：nLayerIndex{99}nPassID{4}LPPRINTER_INFO:nXSysEncDPI{0}nStatus{0}nPrintStatus{0}bSuperDevice{0}
LPPRINTER_INFO-LPPrtRunInfo:bJobPrtRuning{False}bLayerPrtIsOver{False}nContReqMemErr{0}nContWDErr{0}nCurPrtDir{0}nDTLayerIndex{0}nDTLayerPassIndex{0}nDTPtrCtlIndex{0}nLayerPassCount{0}nPrintLayerIndex{0}nPrintPassIndex{0}nProcLayerIndex{0}nPrtDataMemAddr{0}nPrtState{0}nReverse{System.Int32[]}nRevPrtCols{0}
LPPRINTER_INFO-LPDRVINFO:nFMVersion{0}nFpgaVersion{0}nPCBVersion{0}nState{0}nNextState{0}nPtvwarnState{0}nCrc32{0}nRevInfo{System.UInt32[]}nSignature{0}
2023-03-17 20:03:30,761 [AppLog] INFO : 准备读取编码器位置：X方向！
2023-03-17 20:03:30,777 [AppLog] INFO : 准备运动，当前位置：DEV_GetPrintEncoderValue：MoveDirectionFlag{false为Y方向：False}CurrentPos{423.57}AimPos{25}
2023-03-17 20:03:30,808 [AppLog] INFO : X方向运动开始：DEM_Run：返回值{True}nAxis{0}DirFlag{False}nSpeed{200000}MoveStep{-398570}nCtlValue{2}
2023-03-17 20:03:33,164 [AppLog] INFO : X方向到位停止：DEM_StopAxisRun：返回值{True}CurrentPos{30.045}bImmeStop{False}nAxisMask{1}
2023-03-17 20:03:33,164 [AppLog] INFO : 准备读取编码器位置：Y方向！
2023-03-17 20:03:33,164 [AppLog] INFO : 准备运动，编码器当前位置：DEM_GetAxisEncodeVal：MoveDirectionFlag{false为Y方向：True}CurrentPos{230.94}AimPos{285}
2023-03-17 20:03:33,210 [AppLog] INFO : Y方向运动开始：DEM_Run：返回值{True}nAxis{1}DirFlag{True}nSpeed{200000}MoveStep{54060}nCtlValue{0}
2023-03-17 20:03:33,476 [AppLog] INFO : Y方向到位停止：DEM_StopAxisRun：返回值{True}CurrentPos{253.15}bImmeStop{False}nAxisMask{2}
2023-03-17 20:03:33,476 [AppLog] INFO : 获取打印Pass数据：IDP_GetPassItem2：nLayerIndex{99}nPassID{5}nProcState{3}LPPassDataItemb:PrtDir{True}nDataTxCompleteCnt{1}nHwMemAdrMatchMask{1}nLayerIndex{99}nLayerPassCount{6}nLayerPassIndex{5}nMinJet0ImgLinePos{6400}nPrtMemHwAddr{System.UInt32[]}nPrtDataOffset{System.UInt32[]}nSrcDataSize{System.UInt32[]}nPrtColBytes{System.UInt32[]}nPrtPrecession{8}nSrcEndCols{8000}nSrcStartCols{0}nStartEncPos{10000}nValidPassJets{1280}nValidPrtCols{8310}nValidPrtCtlCnts{1}pDataBuf{0}pNextItem{0}
2023-03-17 20:03:33,491 [AppLog] INFO : 使能Pass打印成功：IDP_DoPassPrint2：nLayerIndex{99}nPassID{5}
2023-03-17 20:03:33,507 [AppLog] INFO : PASS打印前关键状态：DEV_GetDeviceInfo2：nLayerIndex{99}nPassID{5}LPPRINTER_INFO:nXSysEncDPI{0}nStatus{0}nPrintStatus{0}bSuperDevice{0}
LPPRINTER_INFO-LPPrtRunInfo:bJobPrtRuning{False}bLayerPrtIsOver{False}nContReqMemErr{0}nContWDErr{0}nCurPrtDir{0}nDTLayerIndex{0}nDTLayerPassIndex{0}nDTPtrCtlIndex{0}nLayerPassCount{0}nPrintLayerIndex{0}nPrintPassIndex{0}nProcLayerIndex{0}nPrtDataMemAddr{0}nPrtState{0}nReverse{System.Int32[]}nRevPrtCols{0}
LPPRINTER_INFO-LPDRVINFO:nFMVersion{0}nFpgaVersion{0}nPCBVersion{0}nState{0}nNextState{0}nPtvwarnState{0}nCrc32{0}nRevInfo{System.UInt32[]}nSignature{0}
2023-03-17 20:03:33,522 [AppLog] INFO : 准备读取编码器位置：X方向！
2023-03-17 20:03:33,522 [AppLog] INFO : 准备运动，当前位置：DEV_GetPrintEncoderValue：MoveDirectionFlag{false为Y方向：False}CurrentPos{26.45}AimPos{425}
2023-03-17 20:03:33,569 [AppLog] INFO : X方向运动开始：DEM_Run：返回值{True}nAxis{0}DirFlag{True}nSpeed{200000}MoveStep{398550}nCtlValue{2}
2023-03-17 20:03:35,909 [AppLog] INFO : X方向到位停止：DEM_StopAxisRun：返回值{True}CurrentPos{418.625}bImmeStop{False}nAxisMask{1}
2023-03-17 20:03:35,909 [AppLog] INFO : 准备读取编码器位置：X方向！
2023-03-17 20:03:35,925 [AppLog] INFO : 准备运动，当前位置：DEV_GetPrintEncoderValue：MoveDirectionFlag{false为Y方向：False}CurrentPos{419.21}AimPos{710}
2023-03-17 20:03:35,956 [AppLog] INFO : X方向运动开始：DEM_Run：返回值{True}nAxis{0}DirFlag{True}nSpeed{200000}MoveStep{290790}nCtlValue{2}
2023-03-17 20:03:35,956 [AppLog] INFO : 准备读取编码器位置：Y方向！
2023-03-17 20:03:35,956 [AppLog] INFO : 准备运动，编码器当前位置：DEM_GetAxisEncodeVal：MoveDirectionFlag{false为Y方向：True}CurrentPos{284.885}AimPos{121}
2023-03-17 20:03:35,987 [AppLog] INFO : Y方向运动开始：DEM_Run：返回值{True}nAxis{1}DirFlag{False}nSpeed{200000}MoveStep{-163885}nCtlValue{0}
2023-03-17 20:03:37,766 [AppLog] INFO : Y方向到位等停：DEM_StopAxisRun：返回值{True}bImmeStop{False}nAxisMask{1}
2023-03-17 20:03:37,766 [AppLog] INFO : X方向到位等停：DEM_StopAxisRun：返回值{True}bImmeStop{False}nAxisMask{2}
2023-03-17 20:03:37,812 [AppLog] INFO : 开启闪喷操作：IDP_FlashPrtCtl：返回值{True}
2023-03-17 20:03:37,844 [AppLog] INFO : 接收到恢复打印指令：PrintTaskTHREAD
2023-03-17 20:03:37,844 [AppLog] INFO : 获取打印Pass数据：IDP_GetPassItem2：nLayerIndex{100}nPassID{0}nProcState{3}LPPassDataItemb:PrtDir{False}nDataTxCompleteCnt{1}nHwMemAdrMatchMask{1}nLayerIndex{100}nLayerPassCount{6}nLayerPassIndex{0}nMinJet0ImgLinePos{0}nPrtMemHwAddr{System.UInt32[]}nPrtDataOffset{System.UInt32[]}nSrcDataSize{System.UInt32[]}nPrtColBytes{System.UInt32[]}nPrtPrecession{8}nSrcEndCols{8000}nSrcStartCols{0}nStartEncPos{76472}nValidPassJets{1280}nValidPrtCols{8310}nValidPrtCtlCnts{1}pDataBuf{0}pNextItem{478091648}
2023-03-17 20:03:37,875 [AppLog] INFO : 使能Pass打印成功：IDP_DoPassPrint2：nLayerIndex{100}nPassID{0}
2023-03-17 20:03:37,875 [AppLog] INFO : PASS打印前关键状态：DEV_GetDeviceInfo2：nLayerIndex{100}nPassID{0}LPPRINTER_INFO:nXSysEncDPI{0}nStatus{0}nPrintStatus{0}bSuperDevice{0}
LPPRINTER_INFO-LPPrtRunInfo:bJobPrtRuning{False}bLayerPrtIsOver{False}nContReqMemErr{0}nContWDErr{0}nCurPrtDir{0}nDTLayerIndex{0}nDTLayerPassIndex{0}nDTPtrCtlIndex{0}nLayerPassCount{0}nPrintLayerIndex{0}nPrintPassIndex{0}nProcLayerIndex{0}nPrtDataMemAddr{0}nPrtState{0}nReverse{System.Int32[]}nRevPrtCols{0}
LPPRINTER_INFO-LPDRVINFO:nFMVersion{0}nFpgaVersion{0}nPCBVersion{0}nState{0}nNextState{0}nPtvwarnState{0}nCrc32{0}nRevInfo{System.UInt32[]}nSignature{0}
2023-03-17 20:03:37,906 [AppLog] INFO : 关闭闪喷操作：IDP_FlashPrtCtl：返回值{True}
2023-03-17 20:03:37,906 [AppLog] INFO : 准备读取编码器位置：Y方向！
2023-03-17 20:03:37,906 [AppLog] INFO : 准备运动，编码器当前位置：DEM_GetAxisEncodeVal：MoveDirectionFlag{false为Y方向：True}CurrentPos{121.18}AimPos{15}
2023-03-17 20:03:37,953 [AppLog] INFO : Y方向运动开始：DEM_Run：返回值{True}nAxis{1}DirFlag{False}nSpeed{200000}MoveStep{-106180}nCtlValue{0}
2023-03-17 20:03:37,953 [AppLog] INFO : 准备读取编码器位置：X方向！
2023-03-17 20:03:37,953 [AppLog] INFO : 准备运动，当前位置：DEV_GetPrintEncoderValue：MoveDirectionFlag{false为Y方向：False}CurrentPos{714.35}AimPos{25}
2023-03-17 20:03:37,984 [AppLog] INFO : X方向运动开始：DEM_Run：返回值{True}nAxis{0}DirFlag{False}nSpeed{200000}MoveStep{-689350}nCtlValue{2}
2023-03-17 20:03:41,759 [AppLog] INFO : X方向到位停止：DEM_StopAxisRun：返回值{True}CurrentPos{31.185}bImmeStop{False}nAxisMask{1}
2023-03-17 20:03:41,759 [AppLog] INFO : 准备读取编码器位置：Y方向！
2023-03-17 20:03:41,759 [AppLog] INFO : 准备运动，编码器当前位置：DEM_GetAxisEncodeVal：MoveDirectionFlag{false为Y方向：True}CurrentPos{15.305}AimPos{69}
2023-03-17 20:03:41,790 [AppLog] INFO : Y方向运动开始：DEM_Run：返回值{True}nAxis{1}DirFlag{True}nSpeed{200000}MoveStep{53695}nCtlValue{0}
2023-03-17 20:03:42,056 [AppLog] INFO : Y方向到位停止：DEM_StopAxisRun：返回值{True}CurrentPos{37.11}bImmeStop{False}nAxisMask{2}
2023-03-17 20:03:42,056 [AppLog] INFO : 获取打印Pass数据：IDP_GetPassItem2：nLayerIndex{100}nPassID{1}nProcState{3}LPPassDataItemb:PrtDir{True}nDataTxCompleteCnt{1}nHwMemAdrMatchMask{1}nLayerIndex{100}nLayerPassCount{6}nLayerPassIndex{1}nMinJet0ImgLinePos{1280}nPrtMemHwAddr{System.UInt32[]}nPrtDataOffset{System.UInt32[]}nSrcDataSize{System.UInt32[]}nPrtColBytes{System.UInt32[]}nPrtPrecession{8}nSrcEndCols{8000}nSrcStartCols{0}nStartEncPos{10000}nValidPassJets{1280}nValidPrtCols{8310}nValidPrtCtlCnts{1}pDataBuf{0}pNextItem{478091808}
2023-03-17 20:03:42,071 [AppLog] INFO : 使能Pass打印成功：IDP_DoPassPrint2：nLayerIndex{100}nPassID{1}
2023-03-17 20:03:42,071 [AppLog] INFO : PASS打印前关键状态：DEV_GetDeviceInfo2：nLayerIndex{100}nPassID{1}LPPRINTER_INFO:nXSysEncDPI{0}nStatus{0}nPrintStatus{0}bSuperDevice{0}
LPPRINTER_INFO-LPPrtRunInfo:bJobPrtRuning{False}bLayerPrtIsOver{False}nContReqMemErr{0}nContWDErr{0}nCurPrtDir{0}nDTLayerIndex{0}nDTLayerPassIndex{0}nDTPtrCtlIndex{0}nLayerPassCount{0}nPrintLayerIndex{0}nPrintPassIndex{0}nProcLayerIndex{0}nPrtDataMemAddr{0}nPrtState{0}nReverse{System.Int32[]}nRevPrtCols{0}
LPPRINTER_INFO-LPDRVINFO:nFMVersion{0}nFpgaVersion{0}nPCBVersion{0}nState{0}nNextState{0}nPtvwarnState{0}nCrc32{0}nRevInfo{System.UInt32[]}nSignature{0}
2023-03-17 20:03:42,102 [AppLog] INFO : 准备读取编码器位置：X方向！
2023-03-17 20:03:42,102 [AppLog] INFO : 准备运动，当前位置：DEV_GetPrintEncoderValue：MoveDirectionFlag{false为Y方向：False}CurrentPos{26.46}AimPos{425}
2023-03-17 20:03:42,149 [AppLog] INFO : X方向运动开始：DEM_Run：返回值{True}nAxis{0}DirFlag{True}nSpeed{200000}MoveStep{398540}nCtlValue{2}
2023-03-17 20:03:44,505 [AppLog] INFO : X方向到位停止：DEM_StopAxisRun：返回值{True}CurrentPos{420.65}bImmeStop{False}nAxisMask{1}
2023-03-17 20:03:44,505 [AppLog] INFO : 准备读取编码器位置：Y方向！
2023-03-17 20:03:44,505 [AppLog] INFO : 准备运动，编码器当前位置：DEM_GetAxisEncodeVal：MoveDirectionFlag{false为Y方向：True}CurrentPos{69.005}AimPos{123}
2023-03-17 20:03:44,536 [AppLog] INFO : Y方向运动开始：DEM_Run：返回值{True}nAxis{1}DirFlag{True}nSpeed{200000}MoveStep{53995}nCtlValue{0}
2023-03-17 20:03:44,832 [AppLog] INFO : Y方向到位停止：DEM_StopAxisRun：返回值{True}CurrentPos{96.545}bImmeStop{False}nAxisMask{2}
2023-03-17 20:03:44,832 [AppLog] INFO : 获取打印Pass数据：IDP_GetPassItem2：nLayerIndex{100}nPassID{2}nProcState{3}LPPassDataItemb:PrtDir{False}nDataTxCompleteCnt{1}nHwMemAdrMatchMask{1}nLayerIndex{100}nLayerPassCount{6}nLayerPassIndex{2}nMinJet0ImgLinePos{2560}nPrtMemHwAddr{System.UInt32[]}nPrtDataOffset{System.UInt32[]}nSrcDataSize{System.UInt32[]}nPrtColBytes{System.UInt32[]}nPrtPrecession{8}nSrcEndCols{8000}nSrcStartCols{0}nStartEncPos{76472}nValidPassJets{1280}nValidPrtCols{8310}nValidPrtCtlCnts{1}pDataBuf{0}pNextItem{478091968}
2023-03-17 20:03:44,832 [AppLog] INFO : 使能Pass打印成功：IDP_DoPassPrint2：nLayerIndex{100}nPassID{2}
2023-03-17 20:03:44,848 [AppLog] INFO : PASS打印前关键状态：DEV_GetDeviceInfo2：nLayerIndex{100}nPassID{2}LPPRINTER_INFO:nXSysEncDPI{0}nStatus{0}nPrintStatus{0}bSuperDevice{0}
LPPRINTER_INFO-LPPrtRunInfo:bJobPrtRuning{False}bLayerPrtIsOver{False}nContReqMemErr{0}nContWDErr{0}nCurPrtDir{0}nDTLayerIndex{0}nDTLayerPassIndex{0}nDTPtrCtlIndex{0}nLayerPassCount{0}nPrintLayerIndex{0}nPrintPassIndex{0}nProcLayerIndex{0}nPrtDataMemAddr{0}nPrtState{0}nReverse{System.Int32[]}nRevPrtCols{0}
LPPRINTER_INFO-LPDRVINFO:nFMVersion{0}nFpgaVersion{0}nPCBVersion{0}nState{0}nNextState{0}nPtvwarnState{0}nCrc32{0}nRevInfo{System.UInt32[]}nSignature{0}
2023-03-17 20:03:44,864 [AppLog] INFO : 准备读取编码器位置：X方向！
2023-03-17 20:03:44,879 [AppLog] INFO : 准备运动，当前位置：DEV_GetPrintEncoderValue：MoveDirectionFlag{false为Y方向：False}CurrentPos{423.53}AimPos{25}
2023-03-17 20:03:44,910 [AppLog] INFO : X方向运动开始：DEM_Run：返回值{True}nAxis{0}DirFlag{False}nSpeed{200000}MoveStep{-398530}nCtlValue{2}
2023-03-17 20:03:47,266 [AppLog] INFO : X方向到位停止：DEM_StopAxisRun：返回值{True}CurrentPos{29.31}bImmeStop{False}nAxisMask{1}
2023-03-17 20:03:47,266 [AppLog] INFO : 准备读取编码器位置：Y方向！
2023-03-17 20:03:47,266 [AppLog] INFO : 准备运动，编码器当前位置：DEM_GetAxisEncodeVal：MoveDirectionFlag{false为Y方向：True}CurrentPos{122.785}AimPos{177}
2023-03-17 20:03:47,313 [AppLog] INFO : Y方向运动开始：DEM_Run：返回值{True}nAxis{1}DirFlag{True}nSpeed{200000}MoveStep{54215}nCtlValue{0}
2023-03-17 20:03:47,578 [AppLog] INFO : Y方向到位停止：DEM_StopAxisRun：返回值{True}CurrentPos{144.995}bImmeStop{False}nAxisMask{2}
2023-03-17 20:03:47,578 [AppLog] INFO : 获取打印Pass数据：IDP_GetPassItem2：nLayerIndex{100}nPassID{3}nProcState{3}LPPassDataItemb:PrtDir{True}nDataTxCompleteCnt{1}nHwMemAdrMatchMask{1}nLayerIndex{100}nLayerPassCount{6}nLayerPassIndex{3}nMinJet0ImgLinePos{3840}nPrtMemHwAddr{System.UInt32[]}nPrtDataOffset{System.UInt32[]}nSrcDataSize{System.UInt32[]}nPrtColBytes{System.UInt32[]}nPrtPrecession{8}nSrcEndCols{8000}nSrcStartCols{0}nStartEncPos{10000}nValidPassJets{1280}nValidPrtCols{8310}nValidPrtCtlCnts{1}pDataBuf{0}pNextItem{478092128}
2023-03-17 20:03:47,625 [AppLog] INFO : 使能Pass打印成功：IDP_DoPassPrint2：nLayerIndex{100}nPassID{3}
2023-03-17 20:03:47,625 [AppLog] INFO : PASS打印前关键状态：DEV_GetDeviceInfo2：nLayerIndex{100}nPassID{3}LPPRINTER_INFO:nXSysEncDPI{0}nStatus{0}nPrintStatus{0}bSuperDevice{0}
LPPRINTER_INFO-LPPrtRunInfo:bJobPrtRuning{False}bLayerPrtIsOver{False}nContReqMemErr{0}nContWDErr{0}nCurPrtDir{0}nDTLayerIndex{0}nDTLayerPassIndex{0}nDTPtrCtlIndex{0}nLayerPassCount{0}nPrintLayerIndex{0}nPrintPassIndex{0}nProcLayerIndex{0}nPrtDataMemAddr{0}nPrtState{0}nReverse{System.Int32[]}nRevPrtCols{0}
LPPRINTER_INFO-LPDRVINFO:nFMVersion{0}nFpgaVersion{0}nPCBVersion{0}nState{0}nNextState{0}nPtvwarnState{0}nCrc32{0}nRevInfo{System.UInt32[]}nSignature{0}
2023-03-17 20:03:47,656 [AppLog] INFO : 准备读取编码器位置：X方向！
2023-03-17 20:03:47,656 [AppLog] INFO : 准备运动，当前位置：DEV_GetPrintEncoderValue：MoveDirectionFlag{false为Y方向：False}CurrentPos{26.46}AimPos{425}
2023-03-17 20:03:47,687 [AppLog] INFO : X方向运动开始：DEM_Run：返回值{True}nAxis{0}DirFlag{True}nSpeed{200000}MoveStep{398540}nCtlValue{2}
2023-03-17 20:03:50,043 [AppLog] INFO : X方向到位停止：DEM_StopAxisRun：返回值{True}CurrentPos{420.325}bImmeStop{False}nAxisMask{1}
2023-03-17 20:03:50,043 [AppLog] INFO : 准备读取编码器位置：Y方向！
2023-03-17 20:03:50,043 [AppLog] INFO : 准备运动，编码器当前位置：DEM_GetAxisEncodeVal：MoveDirectionFlag{false为Y方向：True}CurrentPos{176.9}AimPos{231}
2023-03-17 20:03:50,090 [AppLog] INFO : Y方向运动开始：DEM_Run：返回值{True}nAxis{1}DirFlag{True}nSpeed{200000}MoveStep{54100}nCtlValue{0}
2023-03-17 20:03:50,355 [AppLog] INFO : Y方向到位停止：DEM_StopAxisRun：返回值{True}CurrentPos{198.47}bImmeStop{False}nAxisMask{2}
2023-03-17 20:03:50,355 [AppLog] INFO : 获取打印Pass数据：IDP_GetPassItem2：nLayerIndex{100}nPassID{4}nProcState{3}LPPassDataItemb:PrtDir{False}nDataTxCompleteCnt{1}nHwMemAdrMatchMask{1}nLayerIndex{100}nLayerPassCount{6}nLayerPassIndex{4}nMinJet0ImgLinePos{5120}nPrtMemHwAddr{System.UInt32[]}nPrtDataOffset{System.UInt32[]}nSrcDataSize{System.UInt32[]}nPrtColBytes{System.UInt32[]}nPrtPrecession{8}nSrcEndCols{8000}nSrcStartCols{0}nStartEncPos{76472}nValidPassJets{1280}nValidPrtCols{8310}nValidPrtCtlCnts{1}pDataBuf{0}pNextItem{478092288}
2023-03-17 20:03:50,370 [AppLog] INFO : 使能Pass打印成功：IDP_DoPassPrint2：nLayerIndex{100}nPassID{4}
2023-03-17 20:03:50,370 [AppLog] INFO : PASS打印前关键状态：DEV_GetDeviceInfo2：nLayerIndex{100}nPassID{4}LPPRINTER_INFO:nXSysEncDPI{0}nStatus{0}nPrintStatus{0}bSuperDevice{0}
LPPRINTER_INFO-LPPrtRunInfo:bJobPrtRuning{False}bLayerPrtIsOver{False}nContReqMemErr{0}nContWDErr{0}nCurPrtDir{0}nDTLayerIndex{0}nDTLayerPassIndex{0}nDTPtrCtlIndex{0}nLayerPassCount{0}nPrintLayerIndex{0}nPrintPassIndex{0}nProcLayerIndex{0}nPrtDataMemAddr{0}nPrtState{0}nReverse{System.Int32[]}nRevPrtCols{0}
LPPRINTER_INFO-LPDRVINFO:nFMVersion{0}nFpgaVersion{0}nPCBVersion{0}nState{0}nNextState{0}nPtvwarnState{0}nCrc32{0}nRevInfo{System.UInt32[]}nSignature{0}
2023-03-17 20:03:50,417 [AppLog] INFO : 准备读取编码器位置：X方向！
2023-03-17 20:03:50,433 [AppLog] INFO : 准备运动，当前位置：DEV_GetPrintEncoderValue：MoveDirectionFlag{false为Y方向：False}CurrentPos{423.545}AimPos{25}
2023-03-17 20:03:50,464 [AppLog] INFO : X方向运动开始：DEM_Run：返回值{True}nAxis{0}DirFlag{False}nSpeed{200000}MoveStep{-398545}nCtlValue{2}
2023-03-17 20:03:52,820 [AppLog] INFO : X方向到位停止：DEM_StopAxisRun：返回值{True}CurrentPos{29.91}bImmeStop{False}nAxisMask{1}
2023-03-17 20:03:52,820 [AppLog] INFO : 准备读取编码器位置：Y方向！
2023-03-17 20:03:52,820 [AppLog] INFO : 准备运动，编码器当前位置：DEM_GetAxisEncodeVal：MoveDirectionFlag{false为Y方向：True}CurrentPos{230.935}AimPos{285}
2023-03-17 20:03:52,866 [AppLog] INFO : Y方向运动开始：DEM_Run：返回值{True}nAxis{1}DirFlag{True}nSpeed{200000}MoveStep{54065}nCtlValue{0}
2023-03-17 20:03:53,132 [AppLog] INFO : Y方向到位停止：DEM_StopAxisRun：返回值{True}CurrentPos{252.665}bImmeStop{False}nAxisMask{2}
2023-03-17 20:03:53,132 [AppLog] INFO : 获取打印Pass数据：IDP_GetPassItem2：nLayerIndex{100}nPassID{5}nProcState{3}LPPassDataItemb:PrtDir{True}nDataTxCompleteCnt{1}nHwMemAdrMatchMask{1}nLayerIndex{100}nLayerPassCount{6}nLayerPassIndex{5}nMinJet0ImgLinePos{6400}nPrtMemHwAddr{System.UInt32[]}nPrtDataOffset{System.UInt32[]}nSrcDataSize{System.UInt32[]}nPrtColBytes{System.UInt32[]}nPrtPrecession{8}nSrcEndCols{8000}nSrcStartCols{0}nStartEncPos{10000}nValidPassJets{1280}nValidPrtCols{8310}nValidPrtCtlCnts{1}pDataBuf{0}pNextItem{0}
2023-03-17 20:03:53,163 [AppLog] INFO : 使能Pass打印成功：IDP_DoPassPrint2：nLayerIndex{100}nPassID{5}
2023-03-17 20:03:53,163 [AppLog] INFO : PASS打印前关键状态：DEV_GetDeviceInfo2：nLayerIndex{100}nPassID{5}LPPRINTER_INFO:nXSysEncDPI{0}nStatus{0}nPrintStatus{0}bSuperDevice{0}
LPPRINTER_INFO-LPPrtRunInfo:bJobPrtRuning{False}bLayerPrtIsOver{False}nContReqMemErr{0}nContWDErr{0}nCurPrtDir{0}nDTLayerIndex{0}nDTLayerPassIndex{0}nDTPtrCtlIndex{0}nLayerPassCount{0}nPrintLayerIndex{0}nPrintPassIndex{0}nProcLayerIndex{0}nPrtDataMemAddr{0}nPrtState{0}nReverse{System.Int32[]}nRevPrtCols{0}
LPPRINTER_INFO-LPDRVINFO:nFMVersion{0}nFpgaVersion{0}nPCBVersion{0}nState{0}nNextState{0}nPtvwarnState{0}nCrc32{0}nRevInfo{System.UInt32[]}nSignature{0}
2023-03-17 20:03:53,194 [AppLog] INFO : 准备读取编码器位置：X方向！
2023-03-17 20:03:53,210 [AppLog] INFO : 准备运动，当前位置：DEV_GetPrintEncoderValue：MoveDirectionFlag{false为Y方向：False}CurrentPos{26.45}AimPos{425}
2023-03-17 20:03:53,241 [AppLog] INFO : X方向运动开始：DEM_Run：返回值{True}nAxis{0}DirFlag{True}nSpeed{200000}MoveStep{398550}nCtlValue{2}
2023-03-17 20:03:55,581 [AppLog] INFO : X方向到位停止：DEM_StopAxisRun：返回值{True}CurrentPos{419.33}bImmeStop{False}nAxisMask{1}
2023-03-17 20:03:55,581 [AppLog] INFO : 准备读取编码器位置：X方向！
2023-03-17 20:03:55,581 [AppLog] INFO : 准备运动，当前位置：DEV_GetPrintEncoderValue：MoveDirectionFlag{false为Y方向：False}CurrentPos{419.515}AimPos{710}
2023-03-17 20:03:55,628 [AppLog] INFO : X方向运动开始：DEM_Run：返回值{True}nAxis{0}DirFlag{True}nSpeed{200000}MoveStep{290485}nCtlValue{2}
2023-03-17 20:03:55,628 [AppLog] INFO : 准备读取编码器位置：Y方向！
2023-03-17 20:03:55,643 [AppLog] INFO : 准备运动，编码器当前位置：DEM_GetAxisEncodeVal：MoveDirectionFlag{false为Y方向：True}CurrentPos{284.89}AimPos{121}
2023-03-17 20:03:55,690 [AppLog] INFO : Y方向运动开始：DEM_Run：返回值{True}nAxis{1}DirFlag{False}nSpeed{200000}MoveStep{-163890}nCtlValue{0}
2023-03-17 20:03:57,437 [AppLog] INFO : Y方向到位等停：DEM_StopAxisRun：返回值{True}bImmeStop{False}nAxisMask{1}
2023-03-17 20:03:57,468 [AppLog] INFO : X方向到位等停：DEM_StopAxisRun：返回值{True}bImmeStop{False}nAxisMask{2}
2023-03-17 20:03:57,484 [AppLog] INFO : 开启闪喷操作：IDP_FlashPrtCtl：返回值{True}
2023-03-17 20:03:57,515 [AppLog] INFO : 进入自动铺粉逻辑：NewAutoSupplyPowderThread2
2023-03-17 20:03:57,609 [AppLog] INFO : 手动正向点动指令（8轴运控板卡系统） ====》：输出AXIS{第1轴},点动量{-0.08MM},运动速度{1MM/s}
2023-03-17 20:03:57,609 [AppLog] INFO : 成形面高度下降层厚 TrapSpace{0.08mm}：TrapMoveUp(1, true, Convert.ToString(vel), Convert.ToString(TrapSpace), true, true）
2023-03-17 20:03:59,138 [AppLog] INFO : 手动正向点动指令（8轴运控板卡系统） ====》：输出AXIS{第1轴},点动量{-1.5MM},运动速度{1MM/s}
2023-03-17 20:03:59,138 [AppLog] INFO : 成形面高度下降指定厚度 TrapSpace{1.5mm}：TrapMoveUp(1, true, Convert.ToString(vel), Convert.ToString(TrapSpace), true, true）
2023-03-17 20:04:00,666 [AppLog] INFO : 手动正向点动指令（8轴运控板卡系统） ====》：输出AXIS{第1轴},点动量{1.5MM},运动速度{1MM/s}
2023-03-17 20:04:00,666 [AppLog] INFO : 成形面高度上升层厚 TrapSpace{1.5mm}：TrapMoveUp(1, true, Convert.ToString(vel), Convert.ToString(TrapSpace), true, true）
2023-03-17 20:04:01,665 [AppLog] INFO : 手动正向点动指令（8轴运控板卡系统） ====》：输出AXIS{第8轴},点动量{0.5MM},运动速度{0.5MM/s}
2023-03-17 20:04:01,665 [AppLog] INFO : Hopper落粉轴转2圈落粉，速度0.5rev/s：TrapMoveUp(8, true, 0.5, rotateNuM.ToString(), true, false)
2023-03-17 20:04:01,977 [AppLog] INFO : 手动正向点动指令（8轴运控板卡系统） ====》：输出AXIS{第2轴},点动量{698MM},运动速度{30MM/s}
2023-03-17 20:04:01,977 [AppLog] INFO : 开启铺粉车不等停运动至站2，速度0.5rev/s：BackToStation2
2023-03-17 20:04:07,031 [AppLog] INFO : 打开IR灯：OpenIRLamp(true)
2023-03-17 20:04:10,573 [AppLog] INFO : 手动正向点动指令（8轴运控板卡系统） ====》：输出AXIS{第3轴},点动量{0.5MM},运动速度{0.0588235294117647MM/s}
2023-03-17 20:04:10,573 [AppLog] INFO : 开启均匀落粉及辊子铺平运动：TrapMoveUp(3, true, Convert.ToString(DispenseRollerSpeed), 0.5, true, true)
2023-03-17 20:04:19,184 [AppLog] INFO : 关闭IR灯：OpenIRLamp(false)
2023-03-17 20:04:23,006 [AppLog] INFO : 手动正向点动指令（8轴运控板卡系统） ====》：输出AXIS{第3轴},点动量{0.5MM},运动速度{2MM/s}
2023-03-17 20:04:23,006 [AppLog] INFO : 落粉轴继续转动以倒掉余粉：TrapMoveUp(3, true, 2, 0.5, true, false)
2023-03-17 20:04:26,765 [AppLog] INFO : 手动正向点动指令（8轴运控板卡系统） ====》：输出AXIS{第1轴},点动量{-1.5MM},运动速度{1MM/s}
2023-03-17 20:04:26,765 [AppLog] INFO : 成形面高度下降指定厚度 TrapSpace{1.5mm}：TrapMoveUp(1, true, Convert.ToString(vel), Convert.ToString(TrapSpace), true, true）
2023-03-17 20:04:31,430 [AppLog] INFO : 手动正向点动指令（8轴运控板卡系统） ====》：输出AXIS{第2轴},点动量{-698MM},运动速度{150MM/s}
2023-03-17 20:04:31,430 [AppLog] INFO : 铺粉车返回至站1：BackToStation2(AimPos, MovSpeed, true)
2023-03-17 20:04:32,194 [AppLog] INFO : 落粉轴回零成功：motionMap.SetBackSpreaderAxis(3, 0.5, 2, -SinkPosition)：ReturnCode{True}
2023-03-17 20:04:33,707 [AppLog] INFO : 手动正向点动指令（8轴运控板卡系统） ====》：输出AXIS{第1轴},点动量{1.5MM},运动速度{1MM/s}
2023-03-17 20:04:33,707 [AppLog] INFO : 成形面高度上升层厚 TrapSpace{1.5mm}：TrapMoveUp(1, true, Convert.ToString(vel), Convert.ToString(TrapSpace), true, true）
2023-03-17 20:04:33,707 [AppLog] INFO : 自动铺粉正常结束：NewAutoSupplyPowderThread2
2023-03-17 20:04:33,707 [AppLog] INFO : 发送监控指令，拍照记录1条：SendMessageFromSharedMemory
2023-03-17 20:04:33,739 [AppLog] INFO : 接收到恢复打印指令：PrintTaskTHREAD
2023-03-17 20:04:33,739 [AppLog] INFO : 获取打印Pass数据：IDP_GetPassItem2：nLayerIndex{101}nPassID{0}nProcState{3}LPPassDataItemb:PrtDir{False}nDataTxCompleteCnt{1}nHwMemAdrMatchMask{1}nLayerIndex{101}nLayerPassCount{6}nLayerPassIndex{0}nMinJet0ImgLinePos{0}nPrtMemHwAddr{System.UInt32[]}nPrtDataOffset{System.UInt32[]}nSrcDataSize{System.UInt32[]}nPrtColBytes{System.UInt32[]}nPrtPrecession{8}nSrcEndCols{8000}nSrcStartCols{0}nStartEncPos{76472}nValidPassJets{1280}nValidPrtCols{8310}nValidPrtCtlCnts{1}pDataBuf{0}pNextItem{478092608}
2023-03-17 20:04:33,754 [AppLog] INFO : 使能Pass打印成功：IDP_DoPassPrint2：nLayerIndex{101}nPassID{0}
2023-03-17 20:04:33,754 [AppLog] INFO : PASS打印前关键状态：DEV_GetDeviceInfo2：nLayerIndex{101}nPassID{0}LPPRINTER_INFO:nXSysEncDPI{0}nStatus{0}nPrintStatus{0}bSuperDevice{0}
LPPRINTER_INFO-LPPrtRunInfo:bJobPrtRuning{False}bLayerPrtIsOver{False}nContReqMemErr{0}nContWDErr{0}nCurPrtDir{0}nDTLayerIndex{0}nDTLayerPassIndex{0}nDTPtrCtlIndex{0}nLayerPassCount{0}nPrintLayerIndex{0}nPrintPassIndex{0}nProcLayerIndex{0}nPrtDataMemAddr{0}nPrtState{0}nReverse{System.Int32[]}nRevPrtCols{0}
LPPRINTER_INFO-LPDRVINFO:nFMVersion{0}nFpgaVersion{0}nPCBVersion{0}nState{0}nNextState{0}nPtvwarnState{0}nCrc32{0}nRevInfo{System.UInt32[]}nSignature{0}
2023-03-17 20:04:33,817 [AppLog] INFO : 关闭闪喷操作：IDP_FlashPrtCtl：返回值{True}
2023-03-17 20:04:33,817 [AppLog] INFO : 准备读取编码器位置：Y方向！
2023-03-17 20:04:33,832 [AppLog] INFO : 准备运动，编码器当前位置：DEM_GetAxisEncodeVal：MoveDirectionFlag{false为Y方向：True}CurrentPos{121.35}AimPos{15}
2023-03-17 20:04:33,879 [AppLog] INFO : Y方向运动开始：DEM_Run：返回值{True}nAxis{1}DirFlag{False}nSpeed{200000}MoveStep{-106350}nCtlValue{0}
2023-03-17 20:04:33,879 [AppLog] INFO : 准备读取编码器位置：X方向！
2023-03-17 20:04:33,879 [AppLog] INFO : 准备运动，当前位置：DEV_GetPrintEncoderValue：MoveDirectionFlag{false为Y方向：False}CurrentPos{714.07}AimPos{25}
2023-03-17 20:04:33,910 [AppLog] INFO : X方向运动开始：DEM_Run：返回值{True}nAxis{0}DirFlag{False}nSpeed{200000}MoveStep{-689070}nCtlValue{2}
2023-03-17 20:04:37,685 [AppLog] INFO : X方向到位停止：DEM_StopAxisRun：返回值{True}CurrentPos{30.27}bImmeStop{False}nAxisMask{1}
2023-03-17 20:04:37,685 [AppLog] INFO : 准备读取编码器位置：Y方向！
2023-03-17 20:04:37,701 [AppLog] INFO : 准备运动，编码器当前位置：DEM_GetAxisEncodeVal：MoveDirectionFlag{false为Y方向：True}CurrentPos{15.14}AimPos{69}
2023-03-17 20:04:37,732 [AppLog] INFO : Y方向运动开始：DEM_Run：返回值{True}nAxis{1}DirFlag{True}nSpeed{200000}MoveStep{53860}nCtlValue{0}
2023-03-17 20:04:37,997 [AppLog] INFO : Y方向到位停止：DEM_StopAxisRun：返回值{True}CurrentPos{38.04}bImmeStop{False}nAxisMask{2}
2023-03-17 20:04:37,997 [AppLog] INFO : 获取打印Pass数据：IDP_GetPassItem2：nLayerIndex{101}nPassID{1}nProcState{3}LPPassDataItemb:PrtDir{True}nDataTxCompleteCnt{1}nHwMemAdrMatchMask{1}nLayerIndex{101}nLayerPassCount{6}nLayerPassIndex{1}nMinJet0ImgLinePos{1280}nPrtMemHwAddr{System.UInt32[]}nPrtDataOffset{System.UInt32[]}nSrcDataSize{System.UInt32[]}nPrtColBytes{System.UInt32[]}nPrtPrecession{8}nSrcEndCols{8000}nSrcStartCols{0}nStartEncPos{10000}nValidPassJets{1280}nValidPrtCols{8310}nValidPrtCtlCnts{1}pDataBuf{0}pNextItem{478092768}
2023-03-17 20:04:38,013 [AppLog] INFO : 使能Pass打印成功：IDP_DoPassPrint2：nLayerIndex{101}nPassID{1}
2023-03-17 20:04:38,013 [AppLog] INFO : PASS打印前关键状态：DEV_GetDeviceInfo2：nLayerIndex{101}nPassID{1}LPPRINTER_INFO:nXSysEncDPI{0}nStatus{0}nPrintStatus{0}bSuperDevice{0}
LPPRINTER_INFO-LPPrtRunInfo:bJobPrtRuning{False}bLayerPrtIsOver{False}nContReqMemErr{0}nContWDErr{0}nCurPrtDir{0}nDTLayerIndex{0}nDTLayerPassIndex{0}nDTPtrCtlIndex{0}nLayerPassCount{0}nPrintLayerIndex{0}nPrintPassIndex{0}nProcLayerIndex{0}nPrtDataMemAddr{0}nPrtState{0}nReverse{System.Int32[]}nRevPrtCols{0}
LPPRINTER_INFO-LPDRVINFO:nFMVersion{0}nFpgaVersion{0}nPCBVersion{0}nState{0}nNextState{0}nPtvwarnState{0}nCrc32{0}nRevInfo{System.UInt32[]}nSignature{0}
2023-03-17 20:04:38,044 [AppLog] INFO : 准备读取编码器位置：X方向！
2023-03-17 20:04:38,060 [AppLog] INFO : 准备运动，当前位置：DEV_GetPrintEncoderValue：MoveDirectionFlag{false为Y方向：False}CurrentPos{26.405}AimPos{425}
2023-03-17 20:04:38,091 [AppLog] INFO : X方向运动开始：DEM_Run：返回值{True}nAxis{0}DirFlag{True}nSpeed{200000}MoveStep{398595}nCtlValue{2}
2023-03-17 20:04:40,447 [AppLog] INFO : X方向到位停止：DEM_StopAxisRun：返回值{True}CurrentPos{419.99}bImmeStop{False}nAxisMask{1}
2023-03-17 20:04:40,447 [AppLog] INFO : 准备读取编码器位置：Y方向！
2023-03-17 20:04:40,447 [AppLog] INFO : 准备运动，编码器当前位置：DEM_GetAxisEncodeVal：MoveDirectionFlag{false为Y方向：True}CurrentPos{69.005}AimPos{123}
2023-03-17 20:04:40,493 [AppLog] INFO : Y方向运动开始：DEM_Run：返回值{True}nAxis{1}DirFlag{True}nSpeed{200000}MoveStep{53995}nCtlValue{0}
2023-03-17 20:04:40,759 [AppLog] INFO : Y方向到位停止：DEM_StopAxisRun：返回值{True}CurrentPos{91.79}bImmeStop{False}nAxisMask{2}
2023-03-17 20:04:40,759 [AppLog] INFO : 获取打印Pass数据：IDP_GetPassItem2：nLayerIndex{101}nPassID{2}nProcState{3}LPPassDataItemb:PrtDir{False}nDataTxCompleteCnt{1}nHwMemAdrMatchMask{1}nLayerIndex{101}nLayerPassCount{6}nLayerPassIndex{2}nMinJet0ImgLinePos{2560}nPrtMemHwAddr{System.UInt32[]}nPrtDataOffset{System.UInt32[]}nSrcDataSize{System.UInt32[]}nPrtColBytes{System.UInt32[]}nPrtPrecession{8}nSrcEndCols{8000}nSrcStartCols{0}nStartEncPos{76472}nValidPassJets{1280}nValidPrtCols{8310}nValidPrtCtlCnts{1}pDataBuf{0}pNextItem{478092928}
2023-03-17 20:04:40,774 [AppLog] INFO : 使能Pass打印成功：IDP_DoPassPrint2：nLayerIndex{101}nPassID{2}
2023-03-17 20:04:40,774 [AppLog] INFO : PASS打印前关键状态：DEV_GetDeviceInfo2：nLayerIndex{101}nPassID{2}LPPRINTER_INFO:nXSysEncDPI{0}nStatus{0}nPrintStatus{0}bSuperDevice{0}
LPPRINTER_INFO-LPPrtRunInfo:bJobPrtRuning{False}bLayerPrtIsOver{False}nContReqMemErr{0}nContWDErr{0}nCurPrtDir{0}nDTLayerIndex{0}nDTLayerPassIndex{0}nDTPtrCtlIndex{0}nLayerPassCount{0}nPrintLayerIndex{0}nPrintPassIndex{0}nProcLayerIndex{0}nPrtDataMemAddr{0}nPrtState{0}nReverse{System.Int32[]}nRevPrtCols{0}
LPPRINTER_INFO-LPDRVINFO:nFMVersion{0}nFpgaVersion{0}nPCBVersion{0}nState{0}nNextState{0}nPtvwarnState{0}nCrc32{0}nRevInfo{System.UInt32[]}nSignature{0}
2023-03-17 20:04:40,805 [AppLog] INFO : 准备读取编码器位置：X方向！
2023-03-17 20:04:40,821 [AppLog] INFO : 准备运动，当前位置：DEV_GetPrintEncoderValue：MoveDirectionFlag{false为Y方向：False}CurrentPos{423.55}AimPos{25}
2023-03-17 20:04:40,868 [AppLog] INFO : X方向运动开始：DEM_Run：返回值{True}nAxis{0}DirFlag{False}nSpeed{200000}MoveStep{-398550}nCtlValue{2}
2023-03-17 20:04:43,223 [AppLog] INFO : X方向到位停止：DEM_StopAxisRun：返回值{True}CurrentPos{29.46}bImmeStop{False}nAxisMask{1}
2023-03-17 20:04:43,223 [AppLog] INFO : 准备读取编码器位置：Y方向！
2023-03-17 20:04:43,223 [AppLog] INFO : 准备运动，编码器当前位置：DEM_GetAxisEncodeVal：MoveDirectionFlag{false为Y方向：True}CurrentPos{122.775}AimPos{177}
2023-03-17 20:04:43,270 [AppLog] INFO : Y方向运动开始：DEM_Run：返回值{True}nAxis{1}DirFlag{True}nSpeed{200000}MoveStep{54225}nCtlValue{0}
2023-03-17 20:04:43,535 [AppLog] INFO : Y方向到位停止：DEM_StopAxisRun：返回值{True}CurrentPos{144.595}bImmeStop{False}nAxisMask{2}
2023-03-17 20:04:43,535 [AppLog] INFO : 获取打印Pass数据：IDP_GetPassItem2：nLayerIndex{101}nPassID{3}nProcState{3}LPPassDataItemb:PrtDir{True}nDataTxCompleteCnt{1}nHwMemAdrMatchMask{1}nLayerIndex{101}nLayerPassCount{6}nLayerPassIndex{3}nMinJet0ImgLinePos{3840}nPrtMemHwAddr{System.UInt32[]}nPrtDataOffset{System.UInt32[]}nSrcDataSize{System.UInt32[]}nPrtColBytes{System.UInt32[]}nPrtPrecession{8}nSrcEndCols{8000}nSrcStartCols{0}nStartEncPos{10000}nValidPassJets{1280}nValidPrtCols{8310}nValidPrtCtlCnts{1}pDataBuf{0}pNextItem{478093088}
2023-03-17 20:04:43,551 [AppLog] INFO : 使能Pass打印成功：IDP_DoPassPrint2：nLayerIndex{101}nPassID{3}
2023-03-17 20:04:43,551 [AppLog] INFO : PASS打印前关键状态：DEV_GetDeviceInfo2：nLayerIndex{101}nPassID{3}LPPRINTER_INFO:nXSysEncDPI{0}nStatus{0}nPrintStatus{0}bSuperDevice{0}
LPPRINTER_INFO-LPPrtRunInfo:bJobPrtRuning{False}bLayerPrtIsOver{False}nContReqMemErr{0}nContWDErr{0}nCurPrtDir{0}nDTLayerIndex{0}nDTLayerPassIndex{0}nDTPtrCtlIndex{0}nLayerPassCount{0}nPrintLayerIndex{0}nPrintPassIndex{0}nProcLayerIndex{0}nPrtDataMemAddr{0}nPrtState{0}nReverse{System.Int32[]}nRevPrtCols{0}
LPPRINTER_INFO-LPDRVINFO:nFMVersion{0}nFpgaVersion{0}nPCBVersion{0}nState{0}nNextState{0}nPtvwarnState{0}nCrc32{0}nRevInfo{System.UInt32[]}nSignature{0}
2023-03-17 20:04:43,567 [AppLog] INFO : 准备读取编码器位置：X方向！
2023-03-17 20:04:43,582 [AppLog] INFO : 准备运动，当前位置：DEV_GetPrintEncoderValue：MoveDirectionFlag{false为Y方向：False}CurrentPos{26.45}AimPos{425}
2023-03-17 20:04:43,629 [AppLog] INFO : X方向运动开始：DEM_Run：返回值{True}nAxis{0}DirFlag{True}nSpeed{200000}MoveStep{398550}nCtlValue{2}
2023-03-17 20:04:45,969 [AppLog] INFO : X方向到位停止：DEM_StopAxisRun：返回值{True}CurrentPos{418.86}bImmeStop{False}nAxisMask{1}
2023-03-17 20:04:45,969 [AppLog] INFO : 准备读取编码器位置：Y方向！
2023-03-17 20:04:45,969 [AppLog] INFO : 准备运动，编码器当前位置：DEM_GetAxisEncodeVal：MoveDirectionFlag{false为Y方向：True}CurrentPos{176.905}AimPos{231}
2023-03-17 20:04:46,016 [AppLog] INFO : Y方向运动开始：DEM_Run：返回值{True}nAxis{1}DirFlag{True}nSpeed{200000}MoveStep{54095}nCtlValue{0}
2023-03-17 20:04:46,281 [AppLog] INFO : Y方向到位停止：DEM_StopAxisRun：返回值{True}CurrentPos{199.02}bImmeStop{False}nAxisMask{2}
2023-03-17 20:04:46,281 [AppLog] INFO : 获取打印Pass数据：IDP_GetPassItem2：nLayerIndex{101}nPassID{4}nProcState{3}LPPassDataItemb:PrtDir{False}nDataTxCompleteCnt{1}nHwMemAdrMatchMask{1}nLayerIndex{101}nLayerPassCount{6}nLayerPassIndex{4}nMinJet0ImgLinePos{5120}nPrtMemHwAddr{System.UInt32[]}nPrtDataOffset{System.UInt32[]}nSrcDataSize{System.UInt32[]}nPrtColBytes{System.UInt32[]}nPrtPrecession{8}nSrcEndCols{8000}nSrcStartCols{0}nStartEncPos{76472}nValidPassJets{1280}nValidPrtCols{8310}nValidPrtCtlCnts{1}pDataBuf{0}pNextItem{478093248}
2023-03-17 20:04:46,312 [AppLog] INFO : 使能Pass打印成功：IDP_DoPassPrint2：nLayerIndex{101}nPassID{4}
2023-03-17 20:04:46,312 [AppLog] INFO : PASS打印前关键状态：DEV_GetDeviceInfo2：nLayerIndex{101}nPassID{4}LPPRINTER_INFO:nXSysEncDPI{0}nStatus{0}nPrintStatus{0}bSuperDevice{0}
LPPRINTER_INFO-LPPrtRunInfo:bJobPrtRuning{False}bLayerPrtIsOver{False}nContReqMemErr{0}nContWDErr{0}nCurPrtDir{0}nDTLayerIndex{0}nDTLayerPassIndex{0}nDTPtrCtlIndex{0}nLayerPassCount{0}nPrintLayerIndex{0}nPrintPassIndex{0}nProcLayerIndex{0}nPrtDataMemAddr{0}nPrtState{0}nReverse{System.Int32[]}nRevPrtCols{0}
LPPRINTER_INFO-LPDRVINFO:nFMVersion{0}nFpgaVersion{0}nPCBVersion{0}nState{0}nNextState{0}nPtvwarnState{0}nCrc32{0}nRevInfo{System.UInt32[]}nSignature{0}
2023-03-17 20:04:46,343 [AppLog] INFO : 准备读取编码器位置：X方向！
2023-03-17 20:04:46,359 [AppLog] INFO : 准备运动，当前位置：DEV_GetPrintEncoderValue：MoveDirectionFlag{false为Y方向：False}CurrentPos{423.545}AimPos{25}
2023-03-17 20:04:46,406 [AppLog] INFO : X方向运动开始：DEM_Run：返回值{True}nAxis{0}DirFlag{False}nSpeed{200000}MoveStep{-398545}nCtlValue{2}
2023-03-17 20:04:48,761 [AppLog] INFO : X方向到位停止：DEM_StopAxisRun：返回值{True}CurrentPos{29.775}bImmeStop{False}nAxisMask{1}
2023-03-17 20:04:48,761 [AppLog] INFO : 准备读取编码器位置：Y方向！
2023-03-17 20:04:48,761 [AppLog] INFO : 准备运动，编码器当前位置：DEM_GetAxisEncodeVal：MoveDirectionFlag{false为Y方向：True}CurrentPos{230.94}AimPos{285}
2023-03-17 20:04:48,808 [AppLog] INFO : Y方向运动开始：DEM_Run：返回值{True}nAxis{1}DirFlag{True}nSpeed{200000}MoveStep{54060}nCtlValue{0}
2023-03-17 20:04:49,073 [AppLog] INFO : Y方向到位停止：DEM_StopAxisRun：返回值{True}CurrentPos{253.085}bImmeStop{False}nAxisMask{2}
2023-03-17 20:04:49,073 [AppLog] INFO : 获取打印Pass数据：IDP_GetPassItem2：nLayerIndex{101}nPassID{5}nProcState{3}LPPassDataItemb:PrtDir{True}nDataTxCompleteCnt{1}nHwMemAdrMatchMask{1}nLayerIndex{101}nLayerPassCount{6}nLayerPassIndex{5}nMinJet0ImgLinePos{6400}nPrtMemHwAddr{System.UInt32[]}nPrtDataOffset{System.UInt32[]}nSrcDataSize{System.UInt32[]}nPrtColBytes{System.UInt32[]}nPrtPrecession{8}nSrcEndCols{8000}nSrcStartCols{0}nStartEncPos{10000}nValidPassJets{1280}nValidPrtCols{8310}nValidPrtCtlCnts{1}pDataBuf{0}pNextItem{0}
2023-03-17 20:04:49,089 [AppLog] INFO : 使能Pass打印成功：IDP_DoPassPrint2：nLayerIndex{101}nPassID{5}
2023-03-17 20:04:49,089 [AppLog] INFO : PASS打印前关键状态：DEV_GetDeviceInfo2：nLayerIndex{101}nPassID{5}LPPRINTER_INFO:nXSysEncDPI{0}nStatus{0}nPrintStatus{0}bSuperDevice{0}
LPPRINTER_INFO-LPPrtRunInfo:bJobPrtRuning{False}bLayerPrtIsOver{False}nContReqMemErr{0}nContWDErr{0}nCurPrtDir{0}nDTLayerIndex{0}nDTLayerPassIndex{0}nDTPtrCtlIndex{0}nLayerPassCount{0}nPrintLayerIndex{0}nPrintPassIndex{0}nProcLayerIndex{0}nPrtDataMemAddr{0}nPrtState{0}nReverse{System.Int32[]}nRevPrtCols{0}
LPPRINTER_INFO-LPDRVINFO:nFMVersion{0}nFpgaVersion{0}nPCBVersion{0}nState{0}nNextState{0}nPtvwarnState{0}nCrc32{0}nRevInfo{System.UInt32[]}nSignature{0}
2023-03-17 20:05:33,877 [AppLog] INFO : 软件开机密码正确，登录成功1次
==========================================================================
操作系统:{Microsoft Windows 7 旗舰版 }
运行环境:{ .Net Framework Enviroment Version 4.0.30319.42000}
盘符：D
CPU使用率：{1.785253%} ，可用内存大小:{14053MB}，硬盘剩余空间：
  盘符 C:\ 的剩余空间：70 GB
  盘符 D:\ 的剩余空间：90 GB
  盘符 F:\ 的剩余空间：3 GB
硬件配置情况：
  CPU 厂家: GenuineIntel CPU 型号: Intel(R) Core(TM) i7-4770 CPU @ 3.40GHz
  内存条厂家: Kingston 内存条型号: 99P5471-043.A00LF 
  内存条厂家: Kingston 内存条型号: 99P5471-043.A00LF 
  硬盘厂家: (标准磁盘驱动器) 硬盘型号: Micron_1300_MTFDDAK256TDL ATA Device
  硬盘厂家: (标准磁盘驱动器) 硬盘型号: Generic Flash Disk USB Device
==========================================================================
2023-03-17 20:05:35,312 [AppLog] INFO : 开启系统：板卡通讯，伺服供电，照明系统，UV/HR固化系统！
2023-03-17 20:05:35,312 [AppLog] INFO : 开启系统：一键启动系统开始！
2023-03-17 20:05:41,396 [AppLog] INFO : 开启系统：一键启动系统结束！
2023-03-17 20:06:09,679 [AppLog] INFO : 初始化喷墨控制器！
2023-03-17 20:06:09,944 [AppLog] INFO : 红外灯控制器485通讯建立！
2023-03-17 20:06:09,944 [AppLog] INFO : 进入电气控制模块
2023-03-17 20:06:12,019 [AppLog] INFO : 电气控制模块：手动打开端口14
2023-03-17 20:06:12,596 [AppLog] INFO : 电气控制模块：手动打开端口15
2023-03-17 20:06:13,485 [AppLog] INFO : 退出电气控制模块
2023-03-17 20:06:15,061 [AppLog] INFO : 进入手动调试子模块！
2023-03-17 20:06:17,572 [AppLog] INFO : 手动控制墨车运动开启，沿X轴右侧方向运动 ====》：nAxis{0},Dir{true},nPlsSpeed{100000},nPlsCount{750000},cControlFlag{2}
2023-03-17 20:06:23,329 [AppLog] INFO : 手动控制墨车运动带减速停止：沿X轴方向运动 ====》《=== ====: bImmeStop{false},nAxisMask{0x1}
2023-03-17 20:06:24,889 [AppLog] INFO : 手动控制墨车运动开启：沿Y轴前侧方向运动 ↑↑↑：nAxis{{1}},Dir{{false}},nPlsSpeed{{{nSpeed}}},nPlsCount{{750000}},cControlFlag{{{nCtlValue}}}
2023-03-17 20:06:27,010 [AppLog] INFO : 手动控制墨车运动带减速停止：沿Y轴方向运动 ↑↑↑↓↓↓ ====: bImmeStop{{false}},nAxisMask{{0x2}}
2023-03-17 20:06:28,321 [AppLog] INFO : 手动控制墨车运动开启，沿X轴右侧方向运动 ====》：nAxis{0},Dir{true},nPlsSpeed{100000},nPlsCount{750000},cControlFlag{2}
2023-03-17 20:06:28,789 [AppLog] INFO : 手动控制墨车运动带减速停止：沿X轴方向运动 ====》《=== ====: bImmeStop{false},nAxisMask{0x1}
2023-03-17 20:06:29,163 [AppLog] INFO : 手动控制墨车运动开启，沿X轴右侧方向运动 ====》：nAxis{0},Dir{true},nPlsSpeed{100000},nPlsCount{750000},cControlFlag{2}
2023-03-17 20:06:29,382 [AppLog] INFO : 手动控制墨车运动带减速停止：沿X轴方向运动 ====》《=== ====: bImmeStop{false},nAxisMask{0x1}
2023-03-17 20:06:29,506 [AppLog] INFO : 手动控制墨车运动开启，沿X轴右侧方向运动 ====》：nAxis{0},Dir{true},nPlsSpeed{100000},nPlsCount{750000},cControlFlag{2}
2023-03-17 20:06:29,616 [AppLog] INFO : 手动控制墨车运动带减速停止：沿X轴方向运动 ====》《=== ====: bImmeStop{false},nAxisMask{0x1}
2023-03-17 20:06:29,740 [AppLog] INFO : 手动控制墨车运动开启，沿X轴右侧方向运动 ====》：nAxis{0},Dir{true},nPlsSpeed{100000},nPlsCount{750000},cControlFlag{2}
2023-03-17 20:06:29,850 [AppLog] INFO : 手动控制墨车运动带减速停止：沿X轴方向运动 ====》《=== ====: bImmeStop{false},nAxisMask{0x1}
2023-03-17 20:06:31,176 [AppLog] INFO : 开启墨车和铺粉车回零校准：EncoderResetBtn_Click
2023-03-17 20:06:31,176 [AppLog] INFO : 开启墨车回零校准线程：InkCarEncoderResetThread
2023-03-17 20:06:31,176 [AppLog] INFO : 开启粉车回零校准线程：PowderCarHomeResetThread
2023-03-17 20:06:41,440 [AppLog] INFO : 手动正向点动指令（8轴运控板卡系统） ====》：输出AXIS{第2轴},点动量{-116MM},运动速度{30MM/s}
2023-03-17 20:06:41,440 [AppLog] INFO : 粉车回零校准线程成功：PowderCarHomeResetThread
2023-03-17 20:06:44,014 [AppLog] INFO : 墨车回零校准线程成功：InkCarEncoderResetThread
2023-03-17 20:06:53,593 [AppLog] INFO : 更新波形路径：DEV_UpdateParam：{D:\Release\波形文件\0316新调=波形文件=水性胶水\世彪新调：ricoh_big-单点模式-开启MN1(开启微动).rhdat}
2023-03-17 20:06:58,990 [AppLog] INFO : 重新加载完波形：DEV_ReloadWaveForm！
2023-03-17 20:06:58,990 [AppLog] INFO : 开启自动供墨：DEV_EnableInkAutoSupply：ReturnCode{True},Action{true},ControlBit{255}
2023-03-17 20:07:00,441 [AppLog] INFO : 退出手动调试子模块,已执行修改
==========================================================================
2023-03-17 20:07:01,658 [AppLog] INFO : 进入数据加载模块
2023-03-17 20:07:17,773 [AppLog] INFO : CAD数据加载：添加.bjgroup格式CAD数据成功-D:\Release\CLI输入文件\SCUT-3DP测试件打-0915\Shibiao-0317.bjgroup
2023-03-17 20:07:18,459 [AppLog] INFO : 进入手动调试子模块！
