2023-05-05 10:35:17,361 [AppLog] INFO : 软件开机密码正确，登录成功1次
==========================================================================
操作系统:{Microsoft Windows 7 旗舰版 }
运行环境:{ .Net Framework Enviroment Version 4.0.30319.42000}
盘符：D
CPU使用率：{42.85688%} ，可用内存大小:{14406MB}，硬盘剩余空间：
  盘符 C:\ 的剩余空间：70 GB
  盘符 D:\ 的剩余空间：67 GB
硬件配置情况：
  CPU 厂家: GenuineIntel CPU 型号: Intel(R) Core(TM) i7-4770 CPU @ 3.40GHz
  内存条厂家: Kingston 内存条型号: 99P5471-043.A00LF 
  内存条厂家: Kingston 内存条型号: 99P5471-043.A00LF 
  硬盘厂家: (标准磁盘驱动器) 硬盘型号: Micron_1300_MTFDDAK256TDL ATA Device
==========================================================================
2023-05-05 10:35:17,377 [AppLog] INFO : 开启系统：板卡通讯，伺服供电，照明系统，UV/HR固化系统！
2023-05-05 10:35:17,377 [AppLog] INFO : 开启系统：一键启动系统开始！
2023-05-05 10:35:23,477 [AppLog] INFO : 开启系统：一键启动系统结束！
2023-05-05 10:35:23,679 [AppLog] INFO : 创建：AutoPrintMotion0=》初次创建完成-手动操作！
2023-05-05 10:35:23,742 [AppLog] INFO : 初始化喷墨控制器启动！
2023-05-05 10:35:47,236 [AppLog] INFO : 打开喷墨控制器设备成功！
2023-05-05 10:35:47,267 [AppLog] INFO : 输入校准值1次{成功}，打印往返差校准值为：BiDirEncPrtOff{5},分频值{8},打印速度{300mm/s}
2023-05-05 10:35:48,889 [AppLog] INFO : 初始化喷墨控制器成功！
2023-05-05 10:35:48,889 [AppLog] INFO : 进入：EquipmentMotionLogic3=》准备创建对象-手动操作！
2023-05-05 10:35:48,920 [AppLog] INFO : 进入：EquipmentMotionLogic3=》创建完成-手动操作！
2023-05-05 10:35:49,061 [AppLog] INFO : 红外灯控制器485通讯建立！
2023-05-05 10:35:49,061 [AppLog] INFO : 进入电气控制模块
2023-05-05 10:35:50,184 [AppLog] INFO : 电气控制模块：手动打开端口14
2023-05-05 10:35:50,839 [AppLog] INFO : 电气控制模块：手动打开端口15
2023-05-05 10:35:51,775 [AppLog] INFO : 退出电气控制模块
2023-05-05 10:35:53,132 [AppLog] INFO : 进入手动调试子模块！
2023-05-05 10:35:53,132 [AppLog] INFO : 进入：ManulBtn_Click=》准备创建对象-手动操作！
2023-05-05 10:35:53,164 [AppLog] INFO : 创建：ManualControl=》创建完成-手动操作！
2023-05-05 10:35:53,164 [AppLog] INFO : 加载成功：温控Modbus接口！
2023-05-05 10:36:16,314 [AppLog] INFO : 更新波形路径：DEV_UpdateParam：{D:\Release\波形文件\0316新调=波形文件=水性胶水\世彪新调-喷射量3.rhdat}
2023-05-05 10:36:16,314 [AppLog] INFO : {1}号喷头基准电压更新成功：DEV_SetWaveStdVoltage{0V,0V,0V,0V}；
2023-05-05 10:36:21,712 [AppLog] INFO : 重新加载完波形：DEV_ReloadWaveForm! 当前波形文件的基准电压参考值为：{18V}
2023-05-05 10:36:21,992 [AppLog] INFO : {1}号喷头电压调压成功：MCU_SetPhVoltage{0V,0V,0V,0V}；
2023-05-05 10:36:37,452 [AppLog] INFO : 退出手动调试子模块，未执行修改
==========================================================================
2023-05-05 10:37:23,004 [AppLog] INFO : 进入手动调试子模块！
2023-05-05 10:37:23,004 [AppLog] INFO : 进入：ManulBtn_Click=》准备创建对象-手动操作！
2023-05-05 10:37:23,035 [AppLog] INFO : 创建：ManualControl=》创建完成-手动操作！
2023-05-05 10:37:23,035 [AppLog] INFO : 加载成功：温控Modbus接口！
2023-05-05 10:37:25,531 [AppLog] INFO : 退出手动调试子模块，未执行修改
==========================================================================
2023-05-05 10:37:26,717 [AppLog] INFO : 进入JOB参数设置：修改前初始参数：灰度数据格式{1bits}打印灰阶{1阶}m_XPrintDpi{635Dpi}墨车运动速度{300MM/s}X向起打位置{50MM}X向起打位置偏移{0MM}Y向起打位置偏移{15MM}
2023-05-05 10:37:55,655 [AppLog] INFO : 退出JOB参数设置：未修改直接退出！
2023-05-05 10:37:56,981 [AppLog] INFO : 进入手动调试子模块！
2023-05-05 10:37:56,981 [AppLog] INFO : 进入：ManulBtn_Click=》准备创建对象-手动操作！
2023-05-05 10:37:57,012 [AppLog] INFO : 创建：ManualControl=》创建完成-手动操作！
2023-05-05 10:37:57,012 [AppLog] INFO : 加载成功：温控Modbus接口！
2023-05-05 10:38:31,317 [AppLog] INFO : IR固化手动出光模式：WriteSingleRegister：SlaveNumber{1}RegisterAddress{132}RegisterValue{1}
2023-05-05 10:38:31,379 [AppLog] INFO : IR固化停止出光成功：WriteSingleRegister：SlaveNumber{1}RegisterAddress{121}目标温度{0 ℃}
2023-05-05 10:38:48,196 [AppLog] INFO : IR固化手动出光模式：WriteSingleRegister：SlaveNumber{1}RegisterAddress{132}RegisterValue{1}
2023-05-05 10:38:48,243 [AppLog] INFO : IR固化停止出光成功：WriteSingleRegister：SlaveNumber{1}RegisterAddress{121}目标温度{0 ℃}
2023-05-05 10:38:54,841 [AppLog] INFO : IR固化手动出光模式：WriteSingleRegister：SlaveNumber{1}RegisterAddress{132}RegisterValue{1}
2023-05-05 10:38:54,904 [AppLog] INFO : IR固化停止出光成功：WriteSingleRegister：SlaveNumber{1}RegisterAddress{121}目标温度{0 ℃}
2023-05-05 10:39:07,602 [AppLog] INFO : 退出手动调试子模块,已执行修改
==========================================================================
2023-05-05 10:39:09,739 [AppLog] INFO : 进入手动调试子模块！
2023-05-05 10:39:09,739 [AppLog] INFO : 进入：ManulBtn_Click=》准备创建对象-手动操作！
2023-05-05 10:39:09,755 [AppLog] INFO : 创建：ManualControl=》创建完成-手动操作！
2023-05-05 10:39:09,755 [AppLog] INFO : 加载成功：温控Modbus接口！
2023-05-05 10:39:46,852 [AppLog] INFO : 退出手动调试子模块,已执行修改
==========================================================================
2023-05-05 10:39:49,535 [AppLog] INFO : 进入数据加载模块
2023-05-05 10:40:06,492 [AppLog] INFO : CAD数据加载：添加.bjgroup格式CAD数据成功-D:\Release\CLI输入文件\测试组合件.bjgroup
2023-05-05 10:40:11,999 [AppLog] INFO : CAD数据删除：删除.CLI格式CAD数据成功-D:\Release\CLI输入文件\SCUT-3DP测试件打-0915\Merge of 打印测试件.cli
2023-05-05 10:40:11,999 [AppLog] INFO : CAD数据删除：删除.CLI格式CAD数据成功-D:\Release\CLI输入文件\SCUT-3DP测试件打-0915\Merge of 打印测试件-copys-1-0.cli
2023-05-05 10:40:12,015 [AppLog] INFO : CAD数据删除：删除.CLI格式CAD数据成功-D:\Release\CLI输入文件\SCUT-3DP测试件打-0915\Box-200X200X200.cli
2023-05-05 10:40:12,015 [AppLog] INFO : CAD数据删除：删除.CLI格式CAD数据成功-D:\Release\CLI输入文件\SCUT-3DP测试件打-0915\Box-200X200X200-copys-1-0.cli
2023-05-05 10:40:12,015 [AppLog] INFO : CAD数据删除：删除.CLI格式CAD数据成功-D:\Release\CLI输入文件\SCUT-3DP测试件打-0915\Box-200X200X200-copys-2-0.cli
2023-05-05 10:40:12,015 [AppLog] INFO : CAD数据删除：删除.CLI格式CAD数据成功-D:\Release\CLI输入文件\SCUT-3DP测试件打-0915\Box-200X200X200-copys-3-0.cli
2023-05-05 10:40:12,030 [AppLog] INFO : CAD数据删除：删除.CLI格式CAD数据成功-D:\Release\CLI输入文件\SCUT-3DP测试件打-0915\Box-200X200X200-copys-0-1.cli
2023-05-05 10:40:12,030 [AppLog] INFO : CAD数据删除：删除.CLI格式CAD数据成功-D:\Release\CLI输入文件\SCUT-3DP测试件打-0915\Box-200X200X200-copys-1-0-copys-0-1.cli
2023-05-05 10:40:12,030 [AppLog] INFO : CAD数据删除：删除.CLI格式CAD数据成功-D:\Release\CLI输入文件\SCUT-3DP测试件打-0915\Box-200X200X200-copys-2-0-copys-0-1.cli
2023-05-05 10:40:12,030 [AppLog] INFO : CAD数据删除：删除.CLI格式CAD数据成功-D:\Release\CLI输入文件\SCUT-3DP测试件打-0915\Box-200X200X200-copys-3-0-copys-0-1.cli
2023-05-05 10:40:12,030 [AppLog] INFO : CAD数据删除：删除.CLI格式CAD数据成功-D:\Release\CLI输入文件\SCUT-3DP测试件打-0915\Box-Shield-140.cli
2023-05-05 10:40:12,030 [AppLog] INFO : CAD数据删除：删除.CLI格式CAD数据成功-D:\Release\CLI输入文件\SCUT-3DP测试件打-0915\Box-Shield-140-copys-0-1.cli
2023-05-05 10:40:12,982 [AppLog] INFO : 进入数据加载模块
2023-05-05 10:40:18,192 [AppLog] INFO : CAD数据加载：添加.bjgroup格式CAD数据成功-D:\Release\CLI输入文件\shibiao-0321\0417-shibiao.bjgroup
2023-05-05 10:40:21,437 [AppLog] INFO : CAD数据删除：删除.CLI格式CAD数据成功-D:\Release\CLI输入文件\shibiao-0321\Box_1.cli
2023-05-05 10:40:21,437 [AppLog] INFO : CAD数据删除：删除.CLI格式CAD数据成功-D:\Release\CLI输入文件\shibiao-0321\Box_1-copys-0-1.cli
2023-05-05 10:40:21,437 [AppLog] INFO : CAD数据删除：删除.CLI格式CAD数据成功-D:\Release\CLI输入文件\shibiao-0321\Box_1-copys-0-2.cli
2023-05-05 10:40:21,437 [AppLog] INFO : CAD数据删除：删除.CLI格式CAD数据成功-D:\Release\CLI输入文件\shibiao-0321\Box_1-copys-0-3.cli
2023-05-05 10:40:21,437 [AppLog] INFO : CAD数据删除：删除.CLI格式CAD数据成功-D:\Release\CLI输入文件\shibiao-0321\Box_1-copys-1-0.cli
2023-05-05 10:40:21,437 [AppLog] INFO : CAD数据删除：删除.CLI格式CAD数据成功-D:\Release\CLI输入文件\shibiao-0321\Box_1-copys-1-1.cli
2023-05-05 10:40:21,453 [AppLog] INFO : CAD数据删除：删除.CLI格式CAD数据成功-D:\Release\CLI输入文件\shibiao-0321\Box_1-copys-1-2.cli
2023-05-05 10:40:21,453 [AppLog] INFO : CAD数据删除：删除.CLI格式CAD数据成功-D:\Release\CLI输入文件\shibiao-0321\Box_1-copys-1-3.cli
2023-05-05 10:40:21,453 [AppLog] INFO : CAD数据删除：删除.CLI格式CAD数据成功-D:\Release\CLI输入文件\shibiao-0321\Box_1-copys-2-0.cli
2023-05-05 10:40:21,453 [AppLog] INFO : CAD数据删除：删除.CLI格式CAD数据成功-D:\Release\CLI输入文件\shibiao-0321\Box_1-copys-2-1.cli
2023-05-05 10:40:21,453 [AppLog] INFO : CAD数据删除：删除.CLI格式CAD数据成功-D:\Release\CLI输入文件\shibiao-0321\Box_1-copys-2-2.cli
2023-05-05 10:40:21,453 [AppLog] INFO : CAD数据删除：删除.CLI格式CAD数据成功-D:\Release\CLI输入文件\shibiao-0321\Box_1-copys-2-3.cli
2023-05-05 10:40:21,453 [AppLog] INFO : CAD数据删除：删除.CLI格式CAD数据成功-D:\Release\CLI输入文件\shibiao-0321\Box_1-copys-3-0.cli
2023-05-05 10:40:21,453 [AppLog] INFO : CAD数据删除：删除.CLI格式CAD数据成功-D:\Release\CLI输入文件\shibiao-0321\Box_1-copys-3-1.cli
2023-05-05 10:40:21,453 [AppLog] INFO : CAD数据删除：删除.CLI格式CAD数据成功-D:\Release\CLI输入文件\shibiao-0321\Box_1-copys-3-2.cli
2023-05-05 10:40:21,453 [AppLog] INFO : CAD数据删除：删除.CLI格式CAD数据成功-D:\Release\CLI输入文件\shibiao-0321\Box_1-copys-3-3.cli
2023-05-05 10:40:22,311 [AppLog] INFO : 进入数据加载模块
2023-05-05 10:40:32,154 [AppLog] INFO : CAD数据加载：添加.bjgroup格式CAD数据成功-D:\Release\CLI输入文件\shibiao-0321\shibiao-0425.bjgroup
2023-05-05 10:40:38,628 [AppLog] INFO : 进入手动调试子模块！
2023-05-05 10:40:38,628 [AppLog] INFO : 进入：ManulBtn_Click=》准备创建对象-手动操作！
2023-05-05 10:40:38,660 [AppLog] INFO : 创建：ManualControl=》创建完成-手动操作！
2023-05-05 10:40:38,660 [AppLog] INFO : 加载成功：温控Modbus接口！
2023-05-05 10:40:45,368 [AppLog] INFO : 开启铺粉车回零校准：PowderCarHomeBtn_Click
2023-05-05 10:40:45,368 [AppLog] INFO : 开启粉车回零校准线程：PowderCarHomeResetThread
2023-05-05 10:41:03,292 [AppLog] INFO : 手动正向点动指令（8轴运控板卡系统） ====》：输出AXIS{第2轴},点动量{-116MM},运动速度{10MM/s}
2023-05-05 10:41:03,292 [AppLog] INFO : 粉车回零校准线程成功：PowderCarHomeResetThread
2023-05-05 10:41:45,880 [AppLog] INFO : 开启手动压墨：PushInkBtn_Click
2023-05-05 10:41:49,609 [AppLog] INFO : 停止手动压墨：PushInkBtn_Click
2023-05-05 10:42:13,165 [AppLog] INFO : 开启闪喷： IDP_FlashPrtCtl(true)：ReturnCode{True}
2023-05-05 10:43:50,186 [AppLog] INFO : 更新波形路径：DEV_UpdateParam：{D:\Release\波形文件\0316新调=波形文件=水性胶水\世彪新调-喷射量3.rhdat}
2023-05-05 10:43:50,186 [AppLog] INFO : {1}号喷头基准电压更新成功：DEV_SetWaveStdVoltage{0V,0V,0V,0V}；
2023-05-05 10:43:50,196 [AppLog] INFO : 重新加载完波形：DEV_ReloadWaveForm! 当前波形文件的基准电压参考值为：{18V}
2023-05-05 10:43:50,486 [AppLog] INFO : {1}号喷头电压调压成功：MCU_SetPhVoltage{0V,0V,0V,0V}；
2023-05-05 10:44:02,066 [AppLog] INFO : {1}号喷头温度更新成功：MCU_SetPhStdTemp{25℃}
2023-05-05 10:44:26,346 [AppLog] INFO : 关闭闪喷： IDP_FlashPrtCtl(false)：ReturnCode{True}
2023-05-05 10:44:26,896 [AppLog] INFO : 开启闪喷： IDP_FlashPrtCtl(true)：ReturnCode{True}
2023-05-05 10:44:40,426 [AppLog] INFO : 开启墨车回零校准：PrintCarHomeBtn_Click
2023-05-05 10:44:40,426 [AppLog] INFO : 开启墨车回零校准线程：InkCarEncoderResetThread
2023-05-05 10:45:02,776 [AppLog] INFO : 墨车回零校准线程成功：InkCarEncoderResetThread
2023-05-05 10:45:11,006 [AppLog] INFO : 手动开启自动进给铺粉过程：AutoSupplyPowderBtn_Click
2023-05-05 10:45:11,016 [AppLog] INFO : 开启手动铺粉逻辑：NewAutoSupplyPowderThread
2023-05-05 10:45:11,136 [AppLog] INFO : 手动正向点动指令（8轴运控板卡系统） ====》：输出AXIS{第1轴},点动量{-0.08MM},运动速度{2MM/s}
2023-05-05 10:45:11,136 [AppLog] INFO : 成形面高度下降层厚 TrapSpace{0.08mm}：TrapMoveUp(1, true, Convert.ToString(vel), Convert.ToString(TrapSpace), true, true）
2023-05-05 10:45:11,916 [AppLog] INFO : 手动正向点动指令（8轴运控板卡系统） ====》：输出AXIS{第1轴},点动量{-1.5MM},运动速度{2MM/s}
2023-05-05 10:45:11,916 [AppLog] INFO : 成形面高度下降指定厚度 TrapSpace{1.5mm}：TrapMoveUp(1, true, Convert.ToString(vel), Convert.ToString(TrapSpace), true, true）
2023-05-05 10:45:12,686 [AppLog] INFO : 手动正向点动指令（8轴运控板卡系统） ====》：输出AXIS{第1轴},点动量{1.5MM},运动速度{2MM/s}
2023-05-05 10:45:12,686 [AppLog] INFO : 成形面高度上升层厚 TrapSpace{1.5mm}：TrapMoveUp(1, true, Convert.ToString(vel), Convert.ToString(TrapSpace), true, true）
2023-05-05 10:45:12,946 [AppLog] INFO : 手动正向点动指令（8轴运控板卡系统） ====》：输出AXIS{第8轴},点动量{0.5MM},运动速度{2.5MM/s}
2023-05-05 10:45:12,946 [AppLog] INFO : Hopper落粉轴转2圈落粉，速度0.5rev/s：TrapMoveUp(8, true, 0.5, rotateNuM.ToString(), true, false)
2023-05-05 10:45:13,946 [AppLog] INFO : 开启铺粉车不等停运动至准备打印位置215mm，速度250mm/s：BackToStation2
2023-05-05 10:45:14,796 [AppLog] INFO : 手动正向点动指令（8轴运控板卡系统） ====》：输出AXIS{第2轴},点动量{214MM},运动速度{250MM/s}
2023-05-05 10:45:14,796 [AppLog] INFO : 当前铺粉车位置：打印位置215mm
2023-05-05 10:45:14,806 [AppLog] INFO : 手动正向点动指令（8轴运控板卡系统） ====》：输出AXIS{第2轴},点动量{480MM},运动速度{10MM/s}
2023-05-05 10:45:14,806 [AppLog] INFO : 开启铺粉车不等停运动至站2，速度0.5rev/s：BackToStation2
2023-05-05 10:45:14,926 [AppLog] INFO : 打开IR灯：OpenIRLamp(true)
2023-05-05 10:45:15,106 [AppLog] INFO : 手动正向点动指令（8轴运控板卡系统） ====》：输出AXIS{第3轴},点动量{0.125MM},运动速度{1MM/s}
2023-05-05 10:45:15,106 [AppLog] INFO : 在{40mm}处，落粉轴运动{45度}，落粉轴转速{1rev/s}：TrapMoveUp(3, true, Convert.ToString(DispenseRollerSpeed), 0.5, true, true)
2023-05-05 10:45:15,116 [AppLog] INFO : 手动正向点动指令（8轴运控板卡系统） ====》：输出AXIS{第3轴},点动量{0.5MM},运动速度{0.0150684931506849MM/s}
2023-05-05 10:45:15,116 [AppLog] INFO : 开启均匀落粉及辊子铺平运动：TrapMoveUp(3, true, Convert.ToString(DispenseRollerSpeed), 0.5, true, true)
2023-05-05 10:45:19,446 [AppLog] INFO : 退出手动调试子模块，未执行修改
==========================================================================
2023-05-05 10:45:43,837 [AppLog] INFO : 进入手动调试子模块！
2023-05-05 10:45:43,837 [AppLog] INFO : 进入：ManulBtn_Click=》准备创建对象-手动操作！
2023-05-05 10:45:43,877 [AppLog] INFO : 创建：ManualControl=》创建完成-手动操作！
2023-05-05 10:45:43,877 [AppLog] INFO : 加载成功：温控Modbus接口！
2023-05-05 10:45:44,427 [AppLog] INFO : 关闭IR灯：OpenIRLamp(false)
2023-05-05 10:45:55,567 [AppLog] INFO : 手动正向点动指令（8轴运控板卡系统） ====》：输出AXIS{第3轴},点动量{0.5MM},运动速度{2MM/s}
2023-05-05 10:45:55,567 [AppLog] INFO : 落粉轴继续转动以倒掉余粉：TrapMoveUp(3, true, 2, 0.5, true, false)
2023-05-05 10:46:03,577 [AppLog] INFO : 手动正向点动指令（8轴运控板卡系统） ====》：输出AXIS{第1轴},点动量{-1.5MM},运动速度{2MM/s}
2023-05-05 10:46:03,577 [AppLog] INFO : 成形面高度下降指定厚度 TrapSpace{1.5mm}：TrapMoveUp(1, true, Convert.ToString(vel), Convert.ToString(TrapSpace), true, true）
2023-05-05 10:46:06,367 [AppLog] INFO : 手动正向点动指令（8轴运控板卡系统） ====》：输出AXIS{第2轴},点动量{-696.5MM},运动速度{250MM/s}
2023-05-05 10:46:06,367 [AppLog] INFO : 铺粉车返回至站1：BackToStation2(AimPos, MovSpeed, true)：-1.5mm，速度250mm/s：BackToStation2
2023-05-05 10:46:07,127 [AppLog] INFO : 落粉轴回零成功：motionMap.SetBackSpreaderAxis(3, 0.5, 2, -SinkPosition)：ReturnCode{True}
2023-05-05 10:46:07,617 [AppLog] INFO : 开启手动压墨：PushInkBtn_Click
2023-05-05 10:46:07,897 [AppLog] INFO : 手动正向点动指令（8轴运控板卡系统） ====》：输出AXIS{第1轴},点动量{1.5MM},运动速度{2MM/s}
2023-05-05 10:46:07,897 [AppLog] INFO : 成形面高度上升层厚 TrapSpace{1.5mm}：TrapMoveUp(1, true, Convert.ToString(vel), Convert.ToString(TrapSpace), true, true）
2023-05-05 10:46:07,897 [AppLog] INFO : 手动铺粉正常结束：NewAutoSupplyPowderThread
2023-05-05 10:46:07,907 [AppLog] INFO : 发送监控指令，拍照记录1条：SendMessageFromSharedMemory
2023-05-05 10:46:08,797 [AppLog] INFO : 停止手动压墨：PushInkBtn_Click
2023-05-05 10:46:12,777 [AppLog] INFO : 开启自动供墨：DEV_EnableInkAutoSupply：ReturnCode{True},Action{true},ControlBit{255}
2023-05-05 10:46:14,297 [AppLog] INFO : 手动控制墨车运动开启：沿Y轴后侧方向运动 ↓↓↓：nAxis{{1}},Dir{{true}},nPlsSpeed{{{nSpeed}}},nPlsCount{{750000}},cControlFlag{{{nCtlValue}}}
2023-05-05 10:46:19,457 [AppLog] INFO : 手动控制墨车运动带减速停止：沿Y轴方向运动 ↑↑↑↓↓↓ ====: bImmeStop{{false}},nAxisMask{{0x2}}
2023-05-05 10:46:20,817 [AppLog] INFO : 手动控制墨车运动开启，沿X轴右侧方向运动 ====》：nAxis{0},Dir{true},nPlsSpeed{50000},nPlsCount{750000},cControlFlag{2}
2023-05-05 10:46:21,167 [AppLog] INFO : 手动控制墨车运动带减速停止：沿X轴方向运动 ====》《=== ====: bImmeStop{false},nAxisMask{0x1}
2023-05-05 10:46:21,467 [AppLog] INFO : 手动控制墨车运动开启，沿X轴右侧方向运动 ====》：nAxis{0},Dir{true},nPlsSpeed{50000},nPlsCount{750000},cControlFlag{2}
2023-05-05 10:46:21,567 [AppLog] INFO : 手动控制墨车运动带减速停止：沿X轴方向运动 ====》《=== ====: bImmeStop{false},nAxisMask{0x1}
2023-05-05 10:46:22,757 [AppLog] INFO : 开启手动压墨：PushInkBtn_Click
2023-05-05 10:46:24,907 [AppLog] INFO : 停止手动压墨：PushInkBtn_Click
2023-05-05 10:46:26,237 [AppLog] INFO : 开启手动压墨：PushInkBtn_Click
2023-05-05 10:46:26,917 [AppLog] INFO : 停止手动压墨：PushInkBtn_Click
2023-05-05 10:46:34,607 [AppLog] INFO : 退出手动调试子模块,已执行修改
==========================================================================
2023-05-05 10:46:37,427 [AppLog] INFO : 启动打印任务：准备开启数据处理及打印线程
2023-05-05 10:46:37,427 [AppLog] INFO : 创建：AutoPrintMotion0=》不需重新创建-手动操作！
2023-05-05 10:46:37,427 [AppLog] INFO : 启动打印线程失败，没有载入过波形文件：DataTaskTHREAD
2023-05-05 10:46:39,687 [AppLog] INFO : 进入手动调试子模块！
2023-05-05 10:46:39,687 [AppLog] INFO : 进入：ManulBtn_Click=》准备创建对象-手动操作！
2023-05-05 10:46:39,727 [AppLog] INFO : 创建：ManualControl=》创建完成-手动操作！
2023-05-05 10:46:39,727 [AppLog] INFO : 加载成功：温控Modbus接口！
2023-05-05 10:46:46,817 [AppLog] INFO : 更新波形路径：DEV_UpdateParam：{D:\Release\波形文件\0316新调=波形文件=水性胶水\世彪新调-喷射量3.rhdat}
2023-05-05 10:46:46,817 [AppLog] INFO : {1}号喷头基准电压更新成功：DEV_SetWaveStdVoltage{0V,0V,0V,0V}；
2023-05-05 10:46:46,817 [AppLog] INFO : 重新加载完波形：DEV_ReloadWaveForm! 当前波形文件的基准电压参考值为：{18V}
2023-05-05 10:46:47,117 [AppLog] INFO : {1}号喷头电压调压成功：MCU_SetPhVoltage{0V,0V,0V,0V}；
2023-05-05 10:46:49,567 [AppLog] INFO : 退出手动调试子模块,已执行修改
==========================================================================
2023-05-05 10:46:54,207 [AppLog] INFO : 启动打印任务：准备开启数据处理及打印线程
2023-05-05 10:46:54,207 [AppLog] INFO : 创建：AutoPrintMotion0=》不需重新创建-手动操作！
2023-05-05 10:46:54,217 [AppLog] INFO : 停止打印任务，释放板卡内存：IDP_StopPrintJob()：ReturnFlag{True}
2023-05-05 10:46:54,217 [AppLog] INFO : 启动打印线程成功： DataTaskTHREAD
2023-05-05 10:46:54,237 [AppLog] INFO : 写入打印参数：IDP_SartPrintJob：nJobID{1}szJobName{金属3DP打印}nPixelGrayBits{1} nPrtCtl{0}nPrtXEncPos{10000}fPrtYPos{0}
2023-05-05 10:46:54,237 [AppLog] INFO : 进入：EquipmentMotionLogic3=》准备创建对象-手动操作！
2023-05-05 10:46:54,247 [AppLog] INFO : 启动打印线程成功：PrintTaskTHREAD
2023-05-05 10:46:54,277 [AppLog] INFO : 创建：AutoPrintMotion4=》初次创建完成-手动操作！
2023-05-05 10:46:54,287 [AppLog] INFO : 准备处理第0层数据：准备调用RenderToWic，index为0，subindex为0，g_nRePrintTimes为1，起始层为0
2023-05-05 10:46:54,387 [AppLog] INFO : 完成处理第0层数据：准备调用DrawLayerBMP，index为0，起始层为0
2023-05-05 10:46:54,397 [AppLog] INFO : 完成处理第0层数据：准备调用DrawLayerBMP，index为0，起始层为0
2023-05-05 10:46:54,897 [AppLog] INFO : 作业写入成功：IDP_WriteImgLayerData：bpp:{1bit}灰阶:{1阶}nLayerIndex{0}LayerIndex{0}SubIndex{0}RePrintTimes{1}nBytesPerLine{1004}nWidth{8001}nHeight{7680}nXEncOff{0}nYJetOff{355}nImgStartJetIndex{0}nXDPI{635}nYDPI{600}nPrtDir{0} nPrtFlag{1}nColorCnts{1}nReserved{System.Int32[]}
2023-05-05 10:46:54,897 [AppLog] INFO : 完成处理第0层数据：准备调用RenderToWic，index为0，subindex为0，g_nRePrintTimes为1，起始层为0
2023-05-05 10:46:54,897 [AppLog] INFO : 准备处理第0层数据：准备调用RenderToWic，index为0，subindex为1，g_nRePrintTimes为1，起始层为0
2023-05-05 10:46:54,987 [AppLog] INFO : 完成处理第0层数据：准备调用DrawLayerBMP，index为0，起始层为0
2023-05-05 10:46:54,987 [AppLog] INFO : 完成处理第0层数据：准备调用DrawLayerBMP，index为0，起始层为0
2023-05-05 10:46:55,497 [AppLog] INFO : 作业写入成功：IDP_WriteImgLayerData：bpp:{1bit}灰阶:{1阶}nLayerIndex{1}LayerIndex{0}SubIndex{1}RePrintTimes{1}nBytesPerLine{1004}nWidth{8001}nHeight{7680}nXEncOff{0}nYJetOff{355}nImgStartJetIndex{0}nXDPI{635}nYDPI{600}nPrtDir{0} nPrtFlag{1}nColorCnts{1}nReserved{System.Int32[]}
2023-05-05 10:46:55,497 [AppLog] INFO : 完成处理第0层数据：准备调用RenderToWic，index为0，subindex为1，g_nRePrintTimes为1，起始层为0
2023-05-05 10:46:55,557 [AppLog] INFO : 关闭自动供墨：DEV_EnableInkAutoSupply：ControlBit{0xX}
2023-05-05 10:46:55,567 [AppLog] INFO : 初始化墨轴1：DEM_InitAxis：{0, 0x100}
2023-05-05 10:46:55,577 [AppLog] INFO : 初始化墨轴2：DEM_InitAxis：{1, 0x1400}
2023-05-05 10:46:55,587 [AppLog] INFO : 初始化墨轴3：DEM_InitAxis：{1, 0x1400}
2023-05-05 10:46:55,597 [AppLog] INFO : 使能所有墨轴：DEM_EnableAxisRun：{true}
2023-05-05 10:46:55,637 [AppLog] INFO : 使能双Y墨轴输出同步：DEM_EnableDYOutPut：{true, true}
2023-05-05 10:46:55,647 [AppLog] INFO : 初始化墨轴1：DEM_InitAxis：{0, 0x100}
2023-05-05 10:46:55,647 [AppLog] INFO : 使能所有墨轴：DEM_EnableAxisRun：{true}
2023-05-05 10:46:55,657 [AppLog] INFO : 开启自动供墨：DEV_EnableInkAutoSupply：ControlBit{0xFF}
2023-05-05 10:46:55,657 [AppLog] INFO : 接收到恢复打印指令：PrintTaskTHREAD
2023-05-05 10:46:55,667 [AppLog] INFO : 获取打印Pass数据：IDP_GetPassItem2：nLayerIndex{1}nPassID{0}nProcState{3}LPPassDataItemb:PrtDir{False}nDataTxCompleteCnt{1}nHwMemAdrMatchMask{1}nLayerIndex{1}nLayerPassCount{6}nLayerPassIndex{0}nMinJet0ImgLinePos{355}nPrtMemHwAddr{System.UInt32[]}nPrtDataOffset{System.UInt32[]}nSrcDataSize{System.UInt32[]}nPrtColBytes{System.UInt32[]}nPrtPrecession{8}nSrcEndCols{8000}nSrcStartCols{0}nStartEncPos{76512}nValidPassJets{1280}nValidPrtCols{8310}nValidPrtCtlCnts{1}pDataBuf{0}pNextItem{745638608}
2023-05-05 10:46:55,677 [AppLog] INFO : 使能Pass打印成功：IDP_DoPassPrint2：nLayerIndex{1}nPassID{0}
2023-05-05 10:46:55,687 [AppLog] INFO : PASS打印前关键状态：DEV_GetDeviceInfo2：nLayerIndex{1}nPassID{0}LPPRINTER_INFO:nXSysEncDPI{0}nStatus{0}nPrintStatus{0}bSuperDevice{0}
LPPRINTER_INFO-LPPrtRunInfo:bJobPrtRuning{False}bLayerPrtIsOver{False}nContReqMemErr{0}nContWDErr{0}nCurPrtDir{0}nDTLayerIndex{0}nDTLayerPassIndex{0}nDTPtrCtlIndex{0}nLayerPassCount{0}nPrintLayerIndex{0}nPrintPassIndex{0}nProcLayerIndex{0}nPrtDataMemAddr{0}nPrtState{0}nReverse{System.Int32[]}nRevPrtCols{0}
LPPRINTER_INFO-LPDRVINFO:nFMVersion{0}nFpgaVersion{0}nPCBVersion{0}nState{0}nNextState{0}nPtvwarnState{0}nCrc32{0}nRevInfo{System.UInt32[]}nSignature{0}
2023-05-05 10:46:55,717 [AppLog] INFO : 创建：AutoPrintMotion1=》初次创建完成-手动操作！
2023-05-05 10:46:55,727 [AppLog] INFO : 进入：EquipmentMotionLogic3=》准备创建对象-手动操作！
2023-05-05 10:46:55,757 [AppLog] INFO : 进入：EquipmentMotionLogic3=》初次创建完成-手动操作！
2023-05-05 10:46:55,757 [AppLog] INFO : 进入：EquipmentMotionLogic3=》赋值完成自-AutoPrintMotion2！
2023-05-05 10:46:55,757 [AppLog] INFO : 进入：EquipmentMotionLogic3=》加载配置文件-LoadJsonFile成功！
2023-05-05 10:46:55,757 [AppLog] INFO : 进入自动清洗过程：AutoCleanThread
2023-05-05 10:46:55,997 [AppLog] INFO : 准备处理第1层数据：准备调用RenderToWic，index为1，subindex为0，g_nRePrintTimes为1，起始层为0
2023-05-05 10:46:56,077 [AppLog] INFO : 完成处理第1层数据：准备调用DrawLayerBMP，index为1，起始层为0
2023-05-05 10:46:56,077 [AppLog] INFO : 完成处理第1层数据：准备调用DrawLayerBMP，index为1，起始层为0
2023-05-05 10:46:56,197 [AppLog] INFO : 刮墨轴回零成功：motionMap.SetBackSpreaderAxis(4, 1, 2, -SinkHomePosition)
2023-05-05 10:46:56,197 [AppLog] INFO : 准备读取编码器位置：Y方向！
2023-05-05 10:46:56,197 [AppLog] INFO : 准备运动，编码器当前位置：DEM_GetAxisEncodeVal：MoveDirectionFlag{false为Y方向：True}CurrentPos{313.795}AimPos{116}
2023-05-05 10:46:56,547 [AppLog] INFO : 作业写入成功：IDP_WriteImgLayerData：bpp:{1bit}灰阶:{1阶}nLayerIndex{2}LayerIndex{1}SubIndex{1}RePrintTimes{1}nBytesPerLine{1004}nWidth{8001}nHeight{7680}nXEncOff{0}nYJetOff{355}nImgStartJetIndex{0}nXDPI{635}nYDPI{600}nPrtDir{0} nPrtFlag{1}nColorCnts{1}nReserved{System.Int32[]}
2023-05-05 10:46:56,547 [AppLog] INFO : 完成处理第1层数据：准备调用RenderToWic，index为1，subindex为0，g_nRePrintTimes为1，起始层为0
2023-05-05 10:46:56,547 [AppLog] INFO : 准备处理第2层数据：准备调用RenderToWic，index为2，subindex为0，g_nRePrintTimes为1，起始层为0
2023-05-05 10:46:56,647 [AppLog] INFO : 完成处理第2层数据：准备调用DrawLayerBMP，index为2，起始层为0
2023-05-05 10:46:56,647 [AppLog] INFO : 完成处理第2层数据：准备调用DrawLayerBMP，index为2，起始层为0
2023-05-05 10:46:56,897 [AppLog] INFO : Y方向运动开始：DEM_Run：返回值{True}nAxis{1}DirFlag{False}nSpeed{300000}MoveStep{-198169.030345}nCtlValue{1}
2023-05-05 10:46:56,947 [AppLog] INFO : Y方向到位停止：DEM_StopAxisRun：返回值{True}CurrentPos{126.825}bImmeStop{False}nAxisMask{2}
2023-05-05 10:46:56,947 [AppLog] INFO : 准备读取编码器位置：X方向！
2023-05-05 10:46:56,947 [AppLog] INFO : 准备运动，当前位置：DEV_GetPrintEncoderValue：MoveDirectionFlag{false为Y方向：False}CurrentPos{762.585}AimPos{780}
2023-05-05 10:46:56,977 [AppLog] INFO : X方向运动开始：DEM_Run：返回值{True}nAxis{0}DirFlag{True}nSpeed{300000}MoveStep{17415}nCtlValue{2}
2023-05-05 10:46:57,167 [AppLog] INFO : 作业写入成功：IDP_WriteImgLayerData：bpp:{1bit}灰阶:{1阶}nLayerIndex{3}LayerIndex{2}SubIndex{1}RePrintTimes{1}nBytesPerLine{1004}nWidth{8001}nHeight{7680}nXEncOff{0}nYJetOff{355}nImgStartJetIndex{0}nXDPI{635}nYDPI{600}nPrtDir{0} nPrtFlag{1}nColorCnts{1}nReserved{System.Int32[]}
2023-05-05 10:46:57,167 [AppLog] INFO : 完成处理第2层数据：准备调用RenderToWic，index为2，subindex为0，g_nRePrintTimes为1，起始层为0
2023-05-05 10:46:57,317 [AppLog] INFO : X方向到位停止：DEM_StopAxisRun：返回值{True}CurrentPos{775.98}bImmeStop{False}nAxisMask{1}
2023-05-05 10:46:58,337 [AppLog] INFO : 开启闪喷： IDP_FlashPrtCtl(true)：ReturnCode{True}
2023-05-05 10:46:58,337 [AppLog] INFO : 开启压墨： motionMap.SetDo(13, true)
2023-05-05 10:47:00,337 [AppLog] INFO : 关闭压墨： motionMap.SetDo(13, true)
2023-05-05 10:47:00,337 [AppLog] INFO : 压墨等待开启：{3S}
2023-05-05 10:47:03,337 [AppLog] INFO : 压墨等待完成：{3S}
2023-05-05 10:47:03,347 [AppLog] INFO : 开启闪喷： IDP_FlashPrtCtl(false)：ReturnCode{True}
2023-05-05 10:47:03,347 [AppLog] INFO : 准备读取编码器位置：X方向！
2023-05-05 10:47:03,357 [AppLog] INFO : 准备运动，当前位置：DEV_GetPrintEncoderValue：MoveDirectionFlag{false为Y方向：False}CurrentPos{779.93}AimPos{680}
2023-05-05 10:47:03,387 [AppLog] INFO : X方向运动开始：DEM_Run：返回值{True}nAxis{0}DirFlag{False}nSpeed{200000}MoveStep{-99930.0000000001}nCtlValue{2}
2023-05-05 10:47:04,247 [AppLog] INFO : X方向到位停止：DEM_StopAxisRun：返回值{True}CurrentPos{684.275}bImmeStop{False}nAxisMask{1}
2023-05-05 10:47:04,747 [AppLog] INFO : 结束自动清洗过程：AutoCleanThread
2023-05-05 10:47:04,747 [AppLog] INFO : 进入：EquipmentMotionLogic3=》准备创建对象-手动操作！
2023-05-05 10:47:04,747 [AppLog] INFO : 进入：EquipmentMotionLogic3=》不需重新创建-手动操作！
2023-05-05 10:47:04,747 [AppLog] INFO : 进入：EquipmentMotionLogic3=》赋值完成自-AutoPrintMotion2！
2023-05-05 10:47:04,747 [AppLog] INFO : 进入：EquipmentMotionLogic3=》加载配置文件-LoadJsonFile成功！
2023-05-05 10:47:04,747 [AppLog] INFO : 进入：AutoPrintThread3！
2023-05-05 10:47:04,747 [AppLog] INFO : 关闭闪喷操作：IDP_FlashPrtCtl：返回值{True}
2023-05-05 10:47:04,747 [AppLog] INFO : 准备读取编码器位置：Y方向！
2023-05-05 10:47:04,747 [AppLog] INFO : 准备运动，编码器当前位置：DEM_GetAxisEncodeVal：MoveDirectionFlag{false为Y方向：True}CurrentPos{116.15}AimPos{88.5}
2023-05-05 10:47:04,897 [AppLog] INFO : Y方向运动开始：DEM_Run：返回值{True}nAxis{1}DirFlag{False}nSpeed{300000}MoveStep{-27702.28615}nCtlValue{1}
2023-05-05 10:47:04,947 [AppLog] INFO : 准备读取编码器位置：X方向！
2023-05-05 10:47:04,947 [AppLog] INFO : 准备运动，当前位置：DEV_GetPrintEncoderValue：MoveDirectionFlag{false为Y方向：False}CurrentPos{680.615}AimPos{425}
2023-05-05 10:47:04,977 [AppLog] INFO : X方向运动开始：DEM_Run：返回值{True}nAxis{0}DirFlag{False}nSpeed{300000}MoveStep{-255615}nCtlValue{2}
2023-05-05 10:47:05,807 [AppLog] INFO : 进入手动调试子模块！
2023-05-05 10:47:05,807 [AppLog] INFO : 进入：ManulBtn_Click=》准备创建对象-手动操作！
2023-05-05 10:47:05,827 [AppLog] INFO : 创建：ManualControl=》创建完成-手动操作！
2023-05-05 10:47:05,827 [AppLog] INFO : 加载成功：温控Modbus接口！
2023-05-05 10:47:06,377 [AppLog] INFO : X方向到位停止：DEM_StopAxisRun：返回值{True}CurrentPos{429.55}bImmeStop{False}nAxisMask{1}
2023-05-05 10:47:06,377 [AppLog] INFO : 准备读取编码器位置：X方向！
2023-05-05 10:47:06,377 [AppLog] INFO : 准备运动，当前位置：DEV_GetPrintEncoderValue：MoveDirectionFlag{false为Y方向：False}CurrentPos{429.37}AimPos{25}
2023-05-05 10:47:06,407 [AppLog] INFO : X方向运动开始：DEM_Run：返回值{True}nAxis{0}DirFlag{False}nSpeed{300000}MoveStep{-404370}nCtlValue{2}
2023-05-05 10:47:08,297 [AppLog] INFO : X方向到位停止：DEM_StopAxisRun：返回值{True}CurrentPos{26.125}bImmeStop{False}nAxisMask{1}
2023-05-05 10:47:08,297 [AppLog] INFO : 准备读取编码器位置：Y方向！
2023-05-05 10:47:08,307 [AppLog] INFO : 准备运动，编码器当前位置：DEM_GetAxisEncodeVal：MoveDirectionFlag{false为Y方向：True}CurrentPos{88.465}AimPos{103.521166666667}
2023-05-05 10:47:08,427 [AppLog] INFO : Y方向运动开始：DEM_Run：返回值{True}nAxis{1}DirFlag{True}nSpeed{300000}MoveStep{15084.6378778333}nCtlValue{1}
2023-05-05 10:47:08,477 [AppLog] INFO : Y方向到位停止：DEM_StopAxisRun：返回值{True}CurrentPos{98.89}bImmeStop{False}nAxisMask{2}
2023-05-05 10:47:08,477 [AppLog] INFO : 获取打印Pass数据：IDP_GetPassItem2：nLayerIndex{1}nPassID{1}nProcState{3}LPPassDataItemb:PrtDir{True}nDataTxCompleteCnt{1}nHwMemAdrMatchMask{1}nLayerIndex{1}nLayerPassCount{6}nLayerPassIndex{1}nMinJet0ImgLinePos{1635}nPrtMemHwAddr{System.UInt32[]}nPrtDataOffset{System.UInt32[]}nSrcDataSize{System.UInt32[]}nPrtColBytes{System.UInt32[]}nPrtPrecession{8}nSrcEndCols{8000}nSrcStartCols{0}nStartEncPos{10000}nValidPassJets{1280}nValidPrtCols{8310}nValidPrtCtlCnts{1}pDataBuf{0}pNextItem{745636704}
2023-05-05 10:47:08,487 [AppLog] INFO : 使能Pass打印成功：IDP_DoPassPrint2：nLayerIndex{1}nPassID{1}
2023-05-05 10:47:08,497 [AppLog] INFO : PASS打印前关键状态：DEV_GetDeviceInfo2：nLayerIndex{1}nPassID{1}LPPRINTER_INFO:nXSysEncDPI{0}nStatus{0}nPrintStatus{0}bSuperDevice{0}
LPPRINTER_INFO-LPPrtRunInfo:bJobPrtRuning{False}bLayerPrtIsOver{False}nContReqMemErr{0}nContWDErr{0}nCurPrtDir{0}nDTLayerIndex{0}nDTLayerPassIndex{0}nDTPtrCtlIndex{0}nLayerPassCount{0}nPrintLayerIndex{0}nPrintPassIndex{0}nProcLayerIndex{0}nPrtDataMemAddr{0}nPrtState{0}nReverse{System.Int32[]}nRevPrtCols{0}
LPPRINTER_INFO-LPDRVINFO:nFMVersion{0}nFpgaVersion{0}nPCBVersion{0}nState{0}nNextState{0}nPtvwarnState{0}nCrc32{0}nRevInfo{System.UInt32[]}nSignature{0}
2023-05-05 10:47:08,497 [AppLog] INFO : 创建：AutoPrintMotion1=》不需重新创建-手动操作！
2023-05-05 10:47:08,497 [AppLog] INFO : 进入：EquipmentMotionLogic3=》准备创建对象-手动操作！
2023-05-05 10:47:08,497 [AppLog] INFO : 进入：EquipmentMotionLogic3=》不需重新创建-手动操作！
2023-05-05 10:47:08,497 [AppLog] INFO : 进入：EquipmentMotionLogic3=》赋值完成自-AutoPrintMotion2！
2023-05-05 10:47:08,497 [AppLog] INFO : 进入：EquipmentMotionLogic3=》加载配置文件-LoadJsonFile成功！
2023-05-05 10:47:08,497 [AppLog] INFO : 进入：AutoPrintThread3！
2023-05-05 10:47:08,497 [AppLog] INFO : 准备读取编码器位置：X方向！
2023-05-05 10:47:08,497 [AppLog] INFO : 准备运动，当前位置：DEV_GetPrintEncoderValue：MoveDirectionFlag{false为Y方向：False}CurrentPos{21.595}AimPos{425}
2023-05-05 10:47:08,517 [AppLog] INFO : X方向运动开始：DEM_Run：返回值{True}nAxis{0}DirFlag{True}nSpeed{300000}MoveStep{403405}nCtlValue{2}
2023-05-05 10:47:10,427 [AppLog] INFO : X方向到位停止：DEM_StopAxisRun：返回值{True}CurrentPos{419.895}bImmeStop{False}nAxisMask{1}
2023-05-05 10:47:10,427 [AppLog] INFO : 准备读取编码器位置：Y方向！
2023-05-05 10:47:10,427 [AppLog] INFO : 准备运动，编码器当前位置：DEM_GetAxisEncodeVal：MoveDirectionFlag{false为Y方向：True}CurrentPos{103.465}AimPos{142.5}
2023-05-05 10:47:10,627 [AppLog] INFO : Y方向运动开始：DEM_Run：返回值{True}nAxis{1}DirFlag{True}nSpeed{300000}MoveStep{39108.815185}nCtlValue{1}
2023-05-05 10:47:10,677 [AppLog] INFO : Y方向到位停止：DEM_StopAxisRun：返回值{True}CurrentPos{135.99}bImmeStop{False}nAxisMask{2}
2023-05-05 10:47:10,677 [AppLog] INFO : 获取打印Pass数据：IDP_GetPassItem2：nLayerIndex{1}nPassID{2}nProcState{3}LPPassDataItemb:PrtDir{False}nDataTxCompleteCnt{1}nHwMemAdrMatchMask{1}nLayerIndex{1}nLayerPassCount{6}nLayerPassIndex{2}nMinJet0ImgLinePos{2915}nPrtMemHwAddr{System.UInt32[]}nPrtDataOffset{System.UInt32[]}nSrcDataSize{System.UInt32[]}nPrtColBytes{System.UInt32[]}nPrtPrecession{8}nSrcEndCols{8000}nSrcStartCols{0}nStartEncPos{76512}nValidPassJets{1280}nValidPrtCols{8310}nValidPrtCtlCnts{1}pDataBuf{0}pNextItem{745636864}
2023-05-05 10:47:10,697 [AppLog] INFO : 使能Pass打印成功：IDP_DoPassPrint2：nLayerIndex{1}nPassID{2}
2023-05-05 10:47:10,697 [AppLog] INFO : PASS打印前关键状态：DEV_GetDeviceInfo2：nLayerIndex{1}nPassID{2}LPPRINTER_INFO:nXSysEncDPI{0}nStatus{0}nPrintStatus{0}bSuperDevice{0}
LPPRINTER_INFO-LPPrtRunInfo:bJobPrtRuning{False}bLayerPrtIsOver{False}nContReqMemErr{0}nContWDErr{0}nCurPrtDir{0}nDTLayerIndex{0}nDTLayerPassIndex{0}nDTPtrCtlIndex{0}nLayerPassCount{0}nPrintLayerIndex{0}nPrintPassIndex{0}nProcLayerIndex{0}nPrtDataMemAddr{0}nPrtState{0}nReverse{System.Int32[]}nRevPrtCols{0}
LPPRINTER_INFO-LPDRVINFO:nFMVersion{0}nFpgaVersion{0}nPCBVersion{0}nState{0}nNextState{0}nPtvwarnState{0}nCrc32{0}nRevInfo{System.UInt32[]}nSignature{0}
2023-05-05 10:47:10,697 [AppLog] INFO : 创建：AutoPrintMotion1=》不需重新创建-手动操作！
2023-05-05 10:47:10,697 [AppLog] INFO : 进入：EquipmentMotionLogic3=》准备创建对象-手动操作！
2023-05-05 10:47:10,697 [AppLog] INFO : 进入：EquipmentMotionLogic3=》不需重新创建-手动操作！
2023-05-05 10:47:10,697 [AppLog] INFO : 进入：EquipmentMotionLogic3=》赋值完成自-AutoPrintMotion2！
2023-05-05 10:47:10,697 [AppLog] INFO : 进入：EquipmentMotionLogic3=》加载配置文件-LoadJsonFile成功！
2023-05-05 10:47:10,697 [AppLog] INFO : 进入：AutoPrintThread3！
2023-05-05 10:47:10,697 [AppLog] INFO : 准备读取编码器位置：X方向！
2023-05-05 10:47:10,707 [AppLog] INFO : 准备运动，当前位置：DEV_GetPrintEncoderValue：MoveDirectionFlag{false为Y方向：False}CurrentPos{423.39}AimPos{25}
2023-05-05 10:47:10,747 [AppLog] INFO : X方向运动开始：DEM_Run：返回值{True}nAxis{0}DirFlag{False}nSpeed{300000}MoveStep{-398390}nCtlValue{2}
2023-05-05 10:47:12,627 [AppLog] INFO : X方向到位停止：DEM_StopAxisRun：返回值{True}CurrentPos{30.71}bImmeStop{False}nAxisMask{1}
2023-05-05 10:47:12,627 [AppLog] INFO : 准备读取编码器位置：Y方向！
2023-05-05 10:47:12,627 [AppLog] INFO : 准备运动，编码器当前位置：DEM_GetAxisEncodeVal：MoveDirectionFlag{false为Y方向：True}CurrentPos{142.52}AimPos{157.521166666667}
2023-05-05 10:47:12,737 [AppLog] INFO : Y方向运动开始：DEM_Run：返回值{True}nAxis{1}DirFlag{True}nSpeed{300000}MoveStep{15029.5338728333}nCtlValue{1}
2023-05-05 10:47:12,807 [AppLog] INFO : Y方向到位停止：DEM_StopAxisRun：返回值{True}CurrentPos{154.965}bImmeStop{False}nAxisMask{2}
2023-05-05 10:47:12,807 [AppLog] INFO : 获取打印Pass数据：IDP_GetPassItem2：nLayerIndex{1}nPassID{3}nProcState{3}LPPassDataItemb:PrtDir{True}nDataTxCompleteCnt{1}nHwMemAdrMatchMask{1}nLayerIndex{1}nLayerPassCount{6}nLayerPassIndex{3}nMinJet0ImgLinePos{4195}nPrtMemHwAddr{System.UInt32[]}nPrtDataOffset{System.UInt32[]}nSrcDataSize{System.UInt32[]}nPrtColBytes{System.UInt32[]}nPrtPrecession{8}nSrcEndCols{8000}nSrcStartCols{0}nStartEncPos{10000}nValidPassJets{1280}nValidPrtCols{8310}nValidPrtCtlCnts{1}pDataBuf{0}pNextItem{745637024}
2023-05-05 10:47:12,817 [AppLog] INFO : 使能Pass打印成功：IDP_DoPassPrint2：nLayerIndex{1}nPassID{3}
2023-05-05 10:47:12,817 [AppLog] INFO : PASS打印前关键状态：DEV_GetDeviceInfo2：nLayerIndex{1}nPassID{3}LPPRINTER_INFO:nXSysEncDPI{0}nStatus{0}nPrintStatus{0}bSuperDevice{0}
LPPRINTER_INFO-LPPrtRunInfo:bJobPrtRuning{False}bLayerPrtIsOver{False}nContReqMemErr{0}nContWDErr{0}nCurPrtDir{0}nDTLayerIndex{0}nDTLayerPassIndex{0}nDTPtrCtlIndex{0}nLayerPassCount{0}nPrintLayerIndex{0}nPrintPassIndex{0}nProcLayerIndex{0}nPrtDataMemAddr{0}nPrtState{0}nReverse{System.Int32[]}nRevPrtCols{0}
LPPRINTER_INFO-LPDRVINFO:nFMVersion{0}nFpgaVersion{0}nPCBVersion{0}nState{0}nNextState{0}nPtvwarnState{0}nCrc32{0}nRevInfo{System.UInt32[]}nSignature{0}
2023-05-05 10:47:12,817 [AppLog] INFO : 创建：AutoPrintMotion1=》不需重新创建-手动操作！
2023-05-05 10:47:12,817 [AppLog] INFO : 进入：EquipmentMotionLogic3=》准备创建对象-手动操作！
2023-05-05 10:47:12,817 [AppLog] INFO : 进入：EquipmentMotionLogic3=》不需重新创建-手动操作！
2023-05-05 10:47:12,817 [AppLog] INFO : 进入：EquipmentMotionLogic3=》赋值完成自-AutoPrintMotion2！
2023-05-05 10:47:12,817 [AppLog] INFO : 进入：EquipmentMotionLogic3=》加载配置文件-LoadJsonFile成功！
2023-05-05 10:47:12,817 [AppLog] INFO : 进入：AutoPrintThread3！
2023-05-05 10:47:12,817 [AppLog] INFO : 准备读取编码器位置：X方向！
2023-05-05 10:47:12,817 [AppLog] INFO : 准备运动，当前位置：DEV_GetPrintEncoderValue：MoveDirectionFlag{false为Y方向：False}CurrentPos{26.59}AimPos{425}
2023-05-05 10:47:12,857 [AppLog] INFO : X方向运动开始：DEM_Run：返回值{True}nAxis{0}DirFlag{True}nSpeed{300000}MoveStep{398410}nCtlValue{2}
2023-05-05 10:47:14,737 [AppLog] INFO : X方向到位停止：DEM_StopAxisRun：返回值{True}CurrentPos{418.89}bImmeStop{False}nAxisMask{1}
2023-05-05 10:47:14,737 [AppLog] INFO : 准备读取编码器位置：Y方向！
2023-05-05 10:47:14,737 [AppLog] INFO : 准备运动，编码器当前位置：DEM_GetAxisEncodeVal：MoveDirectionFlag{false为Y方向：True}CurrentPos{157.48}AimPos{196.5}
2023-05-05 10:47:14,927 [AppLog] INFO : Y方向运动开始：DEM_Run：返回值{True}nAxis{1}DirFlag{True}nSpeed{300000}MoveStep{39093.78682}nCtlValue{1}
2023-05-05 10:47:14,977 [AppLog] INFO : Y方向到位停止：DEM_StopAxisRun：返回值{True}CurrentPos{188.98}bImmeStop{False}nAxisMask{2}
2023-05-05 10:47:14,977 [AppLog] INFO : 获取打印Pass数据：IDP_GetPassItem2：nLayerIndex{1}nPassID{4}nProcState{3}LPPassDataItemb:PrtDir{False}nDataTxCompleteCnt{1}nHwMemAdrMatchMask{1}nLayerIndex{1}nLayerPassCount{6}nLayerPassIndex{4}nMinJet0ImgLinePos{5475}nPrtMemHwAddr{System.UInt32[]}nPrtDataOffset{System.UInt32[]}nSrcDataSize{System.UInt32[]}nPrtColBytes{System.UInt32[]}nPrtPrecession{8}nSrcEndCols{8000}nSrcStartCols{0}nStartEncPos{76512}nValidPassJets{1280}nValidPrtCols{8310}nValidPrtCtlCnts{1}pDataBuf{0}pNextItem{745637184}
2023-05-05 10:47:14,987 [AppLog] INFO : 使能Pass打印成功：IDP_DoPassPrint2：nLayerIndex{1}nPassID{4}
2023-05-05 10:47:14,987 [AppLog] INFO : PASS打印前关键状态：DEV_GetDeviceInfo2：nLayerIndex{1}nPassID{4}LPPRINTER_INFO:nXSysEncDPI{0}nStatus{0}nPrintStatus{0}bSuperDevice{0}
LPPRINTER_INFO-LPPrtRunInfo:bJobPrtRuning{False}bLayerPrtIsOver{False}nContReqMemErr{0}nContWDErr{0}nCurPrtDir{0}nDTLayerIndex{0}nDTLayerPassIndex{0}nDTPtrCtlIndex{0}nLayerPassCount{0}nPrintLayerIndex{0}nPrintPassIndex{0}nProcLayerIndex{0}nPrtDataMemAddr{0}nPrtState{0}nReverse{System.Int32[]}nRevPrtCols{0}
LPPRINTER_INFO-LPDRVINFO:nFMVersion{0}nFpgaVersion{0}nPCBVersion{0}nState{0}nNextState{0}nPtvwarnState{0}nCrc32{0}nRevInfo{System.UInt32[]}nSignature{0}
2023-05-05 10:47:14,987 [AppLog] INFO : 创建：AutoPrintMotion1=》不需重新创建-手动操作！
2023-05-05 10:47:14,987 [AppLog] INFO : 进入：EquipmentMotionLogic3=》准备创建对象-手动操作！
2023-05-05 10:47:14,987 [AppLog] INFO : 进入：EquipmentMotionLogic3=》不需重新创建-手动操作！
2023-05-05 10:47:14,987 [AppLog] INFO : 进入：EquipmentMotionLogic3=》赋值完成自-AutoPrintMotion2！
2023-05-05 10:47:14,987 [AppLog] INFO : 进入：EquipmentMotionLogic3=》加载配置文件-LoadJsonFile成功！
2023-05-05 10:47:14,987 [AppLog] INFO : 进入：AutoPrintThread3！
2023-05-05 10:47:14,987 [AppLog] INFO : 准备读取编码器位置：X方向！
2023-05-05 10:47:14,987 [AppLog] INFO : 准备运动，当前位置：DEV_GetPrintEncoderValue：MoveDirectionFlag{false为Y方向：False}CurrentPos{423.42}AimPos{25}
2023-05-05 10:47:15,027 [AppLog] INFO : X方向运动开始：DEM_Run：返回值{True}nAxis{0}DirFlag{False}nSpeed{300000}MoveStep{-398420}nCtlValue{2}
2023-05-05 10:47:15,467 [AppLog] INFO : 退出手动调试子模块,已执行修改
==========================================================================
2023-05-05 10:47:16,897 [AppLog] INFO : X方向到位停止：DEM_StopAxisRun：返回值{True}CurrentPos{31.445}bImmeStop{False}nAxisMask{1}
2023-05-05 10:47:16,897 [AppLog] INFO : 准备读取编码器位置：Y方向！
2023-05-05 10:47:16,897 [AppLog] INFO : 准备运动，编码器当前位置：DEM_GetAxisEncodeVal：MoveDirectionFlag{false为Y方向：True}CurrentPos{196.555}AimPos{211.521166666667}
2023-05-05 10:47:17,047 [AppLog] INFO : Y方向运动开始：DEM_Run：返回值{True}nAxis{1}DirFlag{True}nSpeed{300000}MoveStep{14994.4676878333}nCtlValue{1}
2023-05-05 10:47:17,097 [AppLog] INFO : Y方向到位停止：DEM_StopAxisRun：返回值{True}CurrentPos{209.295}bImmeStop{False}nAxisMask{2}
2023-05-05 10:47:17,097 [AppLog] INFO : 获取打印Pass数据：IDP_GetPassItem2：nLayerIndex{1}nPassID{5}nProcState{3}LPPassDataItemb:PrtDir{True}nDataTxCompleteCnt{1}nHwMemAdrMatchMask{1}nLayerIndex{1}nLayerPassCount{6}nLayerPassIndex{5}nMinJet0ImgLinePos{6755}nPrtMemHwAddr{System.UInt32[]}nPrtDataOffset{System.UInt32[]}nSrcDataSize{System.UInt32[]}nPrtColBytes{System.UInt32[]}nPrtPrecession{8}nSrcEndCols{8000}nSrcStartCols{0}nStartEncPos{10000}nValidPassJets{1280}nValidPrtCols{8310}nValidPrtCtlCnts{1}pDataBuf{0}pNextItem{0}
2023-05-05 10:47:17,107 [AppLog] INFO : 使能Pass打印成功：IDP_DoPassPrint2：nLayerIndex{1}nPassID{5}
2023-05-05 10:47:17,107 [AppLog] INFO : PASS打印前关键状态：DEV_GetDeviceInfo2：nLayerIndex{1}nPassID{5}LPPRINTER_INFO:nXSysEncDPI{0}nStatus{0}nPrintStatus{0}bSuperDevice{0}
LPPRINTER_INFO-LPPrtRunInfo:bJobPrtRuning{False}bLayerPrtIsOver{False}nContReqMemErr{0}nContWDErr{0}nCurPrtDir{0}nDTLayerIndex{0}nDTLayerPassIndex{0}nDTPtrCtlIndex{0}nLayerPassCount{0}nPrintLayerIndex{0}nPrintPassIndex{0}nProcLayerIndex{0}nPrtDataMemAddr{0}nPrtState{0}nReverse{System.Int32[]}nRevPrtCols{0}
LPPRINTER_INFO-LPDRVINFO:nFMVersion{0}nFpgaVersion{0}nPCBVersion{0}nState{0}nNextState{0}nPtvwarnState{0}nCrc32{0}nRevInfo{System.UInt32[]}nSignature{0}
2023-05-05 10:47:17,107 [AppLog] INFO : 创建：AutoPrintMotion1=》不需重新创建-手动操作！
2023-05-05 10:47:17,107 [AppLog] INFO : 进入：EquipmentMotionLogic3=》准备创建对象-手动操作！
2023-05-05 10:47:17,117 [AppLog] INFO : 进入：EquipmentMotionLogic3=》不需重新创建-手动操作！
2023-05-05 10:47:17,117 [AppLog] INFO : 进入：EquipmentMotionLogic3=》赋值完成自-AutoPrintMotion2！
2023-05-05 10:47:17,117 [AppLog] INFO : 进入：EquipmentMotionLogic3=》加载配置文件-LoadJsonFile成功！
2023-05-05 10:47:17,117 [AppLog] INFO : 进入：AutoPrintThread3！
2023-05-05 10:47:17,117 [AppLog] INFO : 准备读取编码器位置：X方向！
2023-05-05 10:47:17,117 [AppLog] INFO : 准备运动，当前位置：DEV_GetPrintEncoderValue：MoveDirectionFlag{false为Y方向：False}CurrentPos{26.62}AimPos{425}
2023-05-05 10:47:17,147 [AppLog] INFO : X方向运动开始：DEM_Run：返回值{True}nAxis{0}DirFlag{True}nSpeed{300000}MoveStep{398380}nCtlValue{2}
2023-05-05 10:47:19,017 [AppLog] INFO : X方向到位停止：DEM_StopAxisRun：返回值{True}CurrentPos{418.2}bImmeStop{False}nAxisMask{1}
2023-05-05 10:47:19,017 [AppLog] INFO : 准备读取编码器位置：X方向！
2023-05-05 10:47:19,017 [AppLog] INFO : 准备运动，当前位置：DEV_GetPrintEncoderValue：MoveDirectionFlag{false为Y方向：False}CurrentPos{418.405}AimPos{780}
2023-05-05 10:47:19,047 [AppLog] INFO : X方向运动开始：DEM_Run：返回值{True}nAxis{0}DirFlag{True}nSpeed{300000}MoveStep{361595}nCtlValue{2}
2023-05-05 10:47:19,097 [AppLog] INFO : 准备读取编码器位置：Y方向！
2023-05-05 10:47:19,097 [AppLog] INFO : 准备运动，编码器当前位置：DEM_GetAxisEncodeVal：MoveDirectionFlag{false为Y方向：True}CurrentPos{211.525}AimPos{121}
2023-05-05 10:47:19,427 [AppLog] INFO : Y方向运动开始：DEM_Run：返回值{True}nAxis{1}DirFlag{False}nSpeed{300000}MoveStep{-90696.182775}nCtlValue{1}
2023-05-05 10:47:20,807 [AppLog] INFO : Y方向到位等停：DEM_StopAxisRun：返回值{True}bImmeStop{False}nAxisMask{1}
2023-05-05 10:47:20,817 [AppLog] INFO : X方向到位等停：DEM_StopAxisRun：返回值{True}bImmeStop{False}nAxisMask{2}
2023-05-05 10:47:20,827 [AppLog] INFO : 开启闪喷操作：IDP_FlashPrtCtl：返回值{True}
2023-05-05 10:47:20,827 [AppLog] INFO : 进入：EquipmentMotionLogic3=》准备创建对象-手动操作！
2023-05-05 10:47:20,827 [AppLog] INFO : 进入：EquipmentMotionLogic3=》不需重新创建-手动操作！
2023-05-05 10:47:20,827 [AppLog] INFO : 进入：EquipmentMotionLogic3=》赋值完成自-AutoPrintMotion2！
2023-05-05 10:47:20,827 [AppLog] INFO : 进入：EquipmentMotionLogic3=》加载配置文件-LoadJsonFile成功！
2023-05-05 10:47:20,827 [AppLog] INFO : 进入自动铺粉逻辑：NewAutoSupplyPowderThread2
2023-05-05 10:47:20,897 [AppLog] INFO : 手动正向点动指令（8轴运控板卡系统） ====》：输出AXIS{第1轴},点动量{-0.08MM},运动速度{2MM/s}
2023-05-05 10:47:20,897 [AppLog] INFO : 成形面高度下降层厚 TrapSpace{0.08mm}：TrapMoveUp(1, true, Convert.ToString(vel), Convert.ToString(TrapSpace), true, true）
2023-05-05 10:47:21,667 [AppLog] INFO : 手动正向点动指令（8轴运控板卡系统） ====》：输出AXIS{第1轴},点动量{-1.5MM},运动速度{2MM/s}
2023-05-05 10:47:21,667 [AppLog] INFO : 成形面高度下降指定厚度 TrapSpace{1.5mm}：TrapMoveUp(1, true, Convert.ToString(vel), Convert.ToString(TrapSpace), true, true）
2023-05-05 10:47:22,447 [AppLog] INFO : 手动正向点动指令（8轴运控板卡系统） ====》：输出AXIS{第1轴},点动量{1.5MM},运动速度{2MM/s}
2023-05-05 10:47:22,447 [AppLog] INFO : 成形面高度上升层厚 TrapSpace{1.5mm}：TrapMoveUp(1, true, Convert.ToString(vel), Convert.ToString(TrapSpace), true, true）
2023-05-05 10:47:22,657 [AppLog] INFO : 手动正向点动指令（8轴运控板卡系统） ====》：输出AXIS{第8轴},点动量{0.5MM},运动速度{2.5MM/s}
2023-05-05 10:47:22,657 [AppLog] INFO : Hopper落粉轴转2圈落粉，速度0.5rev/s：TrapMoveUp(8, true, 0.5, rotateNuM.ToString(), true, false)
2023-05-05 10:47:23,657 [AppLog] INFO : 开启铺粉车不等停运动，准备运动至准备打印位置215mm，速度250mm/s：BackToStation2
2023-05-05 10:47:24,517 [AppLog] INFO : 手动正向点动指令（8轴运控板卡系统） ====》：输出AXIS{第2轴},点动量{216.5MM},运动速度{250MM/s}
2023-05-05 10:47:24,517 [AppLog] INFO : 当前铺粉车位置：打印位置215mm
2023-05-05 10:47:24,527 [AppLog] INFO : 手动正向点动指令（8轴运控板卡系统） ====》：输出AXIS{第2轴},点动量{480MM},运动速度{25MM/s}
2023-05-05 10:47:24,527 [AppLog] INFO : 开启铺粉车不等停运动至准备打印位置695mm，速度25mm/s：BackToStation2
2023-05-05 10:47:24,647 [AppLog] INFO : 打开IR灯：OpenIRLamp(true)
2023-05-05 10:47:24,787 [AppLog] INFO : 手动正向点动指令（8轴运控板卡系统） ====》：输出AXIS{第3轴},点动量{0.125MM},运动速度{1MM/s}
2023-05-05 10:47:24,787 [AppLog] INFO : 在{40mm}处，落粉轴运动{45度}，落粉轴转速{1rev/s}：TrapMoveUp(3, true, Convert.ToString(DispenseRollerSpeed), 0.5, true, true)
2023-05-05 10:47:24,787 [AppLog] INFO : 手动正向点动指令（8轴运控板卡系统） ====》：输出AXIS{第3轴},点动量{0.5MM},运动速度{0.0376712328767123MM/s}
2023-05-05 10:47:24,787 [AppLog] INFO : 开启均匀落粉及辊子铺平运动：TrapMoveUp(3, true, Convert.ToString(DispenseRollerSpeed), 0.5, true, true)
2023-05-05 10:47:25,637 [AppLog] INFO : 进入手动调试子模块！
2023-05-05 10:47:25,637 [AppLog] INFO : 进入：ManulBtn_Click=》准备创建对象-手动操作！
2023-05-05 10:47:25,667 [AppLog] INFO : 创建：ManualControl=》创建完成-手动操作！
2023-05-05 10:47:25,667 [AppLog] INFO : 加载成功：温控Modbus接口！
2023-05-05 10:47:32,760 [AppLog] INFO : 退出手动调试子模块,已执行修改
==========================================================================
2023-05-05 10:47:36,457 [AppLog] INFO : 关闭IR灯：OpenIRLamp(false)
2023-05-05 10:47:40,981 [AppLog] INFO : 手动正向点动指令（8轴运控板卡系统） ====》：输出AXIS{第3轴},点动量{0.5MM},运动速度{2MM/s}
2023-05-05 10:47:40,981 [AppLog] INFO : 落粉轴继续转动以倒掉余粉：TrapMoveUp(3, true, 2, 0.5, true, false)
2023-05-05 10:47:44,507 [AppLog] INFO : 手动正向点动指令（8轴运控板卡系统） ====》：输出AXIS{第1轴},点动量{-1.5MM},运动速度{2MM/s}
2023-05-05 10:47:44,507 [AppLog] INFO : 成形面高度下降指定厚度 TrapSpace{1.5mm}：TrapMoveUp(1, true, Convert.ToString(vel), Convert.ToString(TrapSpace), true, true）
2023-05-05 10:47:47,284 [AppLog] INFO : 手动正向点动指令（8轴运控板卡系统） ====》：输出AXIS{第2轴},点动量{-696.5MM},运动速度{250MM/s}
2023-05-05 10:47:47,284 [AppLog] INFO : 铺粉车返回至站1：BackToStation2(AimPos, MovSpeed, true)：-1.5mm，速度250mm/s：BackToStation2
2023-05-05 10:47:48,064 [AppLog] INFO : 落粉轴回零成功：motionMap.SetBackSpreaderAxis(3, 0.5, 2, -SinkPosition)：ReturnCode{True}
2023-05-05 10:47:48,828 [AppLog] INFO : 手动正向点动指令（8轴运控板卡系统） ====》：输出AXIS{第1轴},点动量{1.5MM},运动速度{2MM/s}
2023-05-05 10:47:48,828 [AppLog] INFO : 成形面高度上升层厚 TrapSpace{1.5mm}：TrapMoveUp(1, true, Convert.ToString(vel), Convert.ToString(TrapSpace), true, true）
2023-05-05 10:47:48,828 [AppLog] INFO : 自动铺粉正常结束：NewAutoSupplyPowderThread2
2023-05-05 10:47:48,828 [AppLog] INFO : 发送监控指令，拍照记录1条：SendMessageFromSharedMemory
2023-05-05 10:47:48,828 [AppLog] INFO : 执行完成铺粉固化操作：EquipmentMotionLogic3：m_bApplyPowderSupplyMotion:0
2023-05-05 10:47:48,828 [AppLog] INFO : 接收到恢复打印指令：PrintTaskTHREAD
2023-05-05 10:47:48,828 [AppLog] INFO : 获取打印Pass数据：IDP_GetPassItem2：nLayerIndex{2}nPassID{0}nProcState{3}LPPassDataItemb:PrtDir{False}nDataTxCompleteCnt{1}nHwMemAdrMatchMask{1}nLayerIndex{2}nLayerPassCount{6}nLayerPassIndex{0}nMinJet0ImgLinePos{355}nPrtMemHwAddr{System.UInt32[]}nPrtDataOffset{System.UInt32[]}nSrcDataSize{System.UInt32[]}nPrtColBytes{System.UInt32[]}nPrtPrecession{8}nSrcEndCols{8000}nSrcStartCols{0}nStartEncPos{76512}nValidPassJets{1280}nValidPrtCols{8310}nValidPrtCtlCnts{1}pDataBuf{0}pNextItem{745642048}
2023-05-05 10:47:48,844 [AppLog] INFO : 使能Pass打印成功：IDP_DoPassPrint2：nLayerIndex{2}nPassID{0}
2023-05-05 10:47:48,844 [AppLog] INFO : PASS打印前关键状态：DEV_GetDeviceInfo2：nLayerIndex{2}nPassID{0}LPPRINTER_INFO:nXSysEncDPI{0}nStatus{0}nPrintStatus{0}bSuperDevice{0}
LPPRINTER_INFO-LPPrtRunInfo:bJobPrtRuning{False}bLayerPrtIsOver{False}nContReqMemErr{0}nContWDErr{0}nCurPrtDir{0}nDTLayerIndex{0}nDTLayerPassIndex{0}nDTPtrCtlIndex{0}nLayerPassCount{0}nPrintLayerIndex{0}nPrintPassIndex{0}nProcLayerIndex{0}nPrtDataMemAddr{0}nPrtState{0}nReverse{System.Int32[]}nRevPrtCols{0}
LPPRINTER_INFO-LPDRVINFO:nFMVersion{0}nFpgaVersion{0}nPCBVersion{0}nState{0}nNextState{0}nPtvwarnState{0}nCrc32{0}nRevInfo{System.UInt32[]}nSignature{0}
2023-05-05 10:47:48,844 [AppLog] INFO : 创建：AutoPrintMotion1=》不需重新创建-手动操作！
2023-05-05 10:47:48,844 [AppLog] INFO : 进入：EquipmentMotionLogic3=》准备创建对象-手动操作！
2023-05-05 10:47:48,844 [AppLog] INFO : 进入：EquipmentMotionLogic3=》不需重新创建-手动操作！
2023-05-05 10:47:48,844 [AppLog] INFO : 进入：EquipmentMotionLogic3=》赋值完成自-AutoPrintMotion2！
2023-05-05 10:47:48,844 [AppLog] INFO : 进入：EquipmentMotionLogic3=》加载配置文件-LoadJsonFile成功！
2023-05-05 10:47:48,844 [AppLog] INFO : 进入自动清洗过程：AutoCleanThread
2023-05-05 10:47:49,171 [AppLog] INFO : 准备处理第3层数据：准备调用RenderToWic，index为3，subindex为0，g_nRePrintTimes为1，起始层为0
2023-05-05 10:47:49,218 [AppLog] INFO : 刮墨轴回零成功：motionMap.SetBackSpreaderAxis(4, 1, 2, -SinkHomePosition)
2023-05-05 10:47:49,218 [AppLog] INFO : 准备读取编码器位置：Y方向！
2023-05-05 10:47:49,218 [AppLog] INFO : 准备运动，编码器当前位置：DEM_GetAxisEncodeVal：MoveDirectionFlag{false为Y方向：True}CurrentPos{121.065}AimPos{116}
2023-05-05 10:47:49,249 [AppLog] INFO : 完成处理第3层数据：准备调用DrawLayerBMP，index为3，起始层为0
2023-05-05 10:47:49,249 [AppLog] INFO : 完成处理第3层数据：准备调用DrawLayerBMP，index为3，起始层为0
2023-05-05 10:47:49,343 [AppLog] INFO : Y方向运动开始：DEM_Run：返回值{True}nAxis{1}DirFlag{False}nSpeed{300000}MoveStep{-5074.577915}nCtlValue{1}
2023-05-05 10:47:49,405 [AppLog] INFO : Y方向到位停止：DEM_StopAxisRun：返回值{True}CurrentPos{116.48}bImmeStop{False}nAxisMask{2}
2023-05-05 10:47:49,405 [AppLog] INFO : 准备读取编码器位置：X方向！
2023-05-05 10:47:49,405 [AppLog] INFO : 准备运动，当前位置：DEV_GetPrintEncoderValue：MoveDirectionFlag{false为Y方向：False}CurrentPos{784.945}AimPos{780}
2023-05-05 10:47:49,437 [AppLog] INFO : X方向运动开始：DEM_Run：返回值{True}nAxis{0}DirFlag{False}nSpeed{300000}MoveStep{-4945.00000000005}nCtlValue{2}
2023-05-05 10:47:49,702 [AppLog] INFO : 作业写入成功：IDP_WriteImgLayerData：bpp:{1bit}灰阶:{1阶}nLayerIndex{4}LayerIndex{3}SubIndex{1}RePrintTimes{1}nBytesPerLine{1004}nWidth{8001}nHeight{7680}nXEncOff{0}nYJetOff{355}nImgStartJetIndex{0}nXDPI{635}nYDPI{600}nPrtDir{0} nPrtFlag{1}nColorCnts{1}nReserved{System.Int32[]}
2023-05-05 10:47:49,717 [AppLog] INFO : 完成处理第3层数据：准备调用RenderToWic，index为3，subindex为0，g_nRePrintTimes为1，起始层为0
2023-05-05 10:47:49,717 [AppLog] INFO : X方向到位停止：DEM_StopAxisRun：返回值{True}CurrentPos{780.62}bImmeStop{False}nAxisMask{1}
2023-05-05 10:47:50,700 [AppLog] INFO : 开启闪喷： IDP_FlashPrtCtl(true)：ReturnCode{True}
2023-05-05 10:47:50,700 [AppLog] INFO : 开启压墨： motionMap.SetDo(13, true)
2023-05-05 10:47:52,713 [AppLog] INFO : 关闭压墨： motionMap.SetDo(13, true)
2023-05-05 10:47:52,713 [AppLog] INFO : 压墨等待开启：{3S}
2023-05-05 10:47:55,724 [AppLog] INFO : 压墨等待完成：{3S}
2023-05-05 10:47:55,724 [AppLog] INFO : 开启闪喷： IDP_FlashPrtCtl(false)：ReturnCode{True}
2023-05-05 10:47:55,724 [AppLog] INFO : 准备读取编码器位置：X方向！
2023-05-05 10:47:55,724 [AppLog] INFO : 准备运动，当前位置：DEV_GetPrintEncoderValue：MoveDirectionFlag{false为Y方向：False}CurrentPos{780.345}AimPos{680}
2023-05-05 10:47:55,755 [AppLog] INFO : X方向运动开始：DEM_Run：返回值{True}nAxis{0}DirFlag{False}nSpeed{200000}MoveStep{-100345}nCtlValue{2}
2023-05-05 10:47:56,628 [AppLog] INFO : X方向到位停止：DEM_StopAxisRun：返回值{True}CurrentPos{683.58}bImmeStop{False}nAxisMask{1}
2023-05-05 10:47:57,081 [AppLog] INFO : 结束自动清洗过程：AutoCleanThread
2023-05-05 10:47:57,081 [AppLog] INFO : 进入：EquipmentMotionLogic3=》准备创建对象-手动操作！
2023-05-05 10:47:57,081 [AppLog] INFO : 进入：EquipmentMotionLogic3=》不需重新创建-手动操作！
2023-05-05 10:47:57,081 [AppLog] INFO : 进入：EquipmentMotionLogic3=》赋值完成自-AutoPrintMotion2！
2023-05-05 10:47:57,081 [AppLog] INFO : 进入：EquipmentMotionLogic3=》加载配置文件-LoadJsonFile成功！
2023-05-05 10:47:57,081 [AppLog] INFO : 进入：AutoPrintThread3！
2023-05-05 10:47:57,096 [AppLog] INFO : 关闭闪喷操作：IDP_FlashPrtCtl：返回值{True}
2023-05-05 10:47:57,096 [AppLog] INFO : 准备读取编码器位置：Y方向！
2023-05-05 10:47:57,096 [AppLog] INFO : 准备运动，编码器当前位置：DEM_GetAxisEncodeVal：MoveDirectionFlag{false为Y方向：True}CurrentPos{115.97}AimPos{91}
2023-05-05 10:47:57,221 [AppLog] INFO : Y方向运动开始：DEM_Run：返回值{True}nAxis{1}DirFlag{False}nSpeed{300000}MoveStep{-25017.21827}nCtlValue{1}
2023-05-05 10:47:57,284 [AppLog] INFO : 准备读取编码器位置：X方向！
2023-05-05 10:47:57,284 [AppLog] INFO : 准备运动，当前位置：DEV_GetPrintEncoderValue：MoveDirectionFlag{false为Y方向：False}CurrentPos{680.37}AimPos{425}
2023-05-05 10:47:57,315 [AppLog] INFO : X方向运动开始：DEM_Run：返回值{True}nAxis{0}DirFlag{False}nSpeed{300000}MoveStep{-255370}nCtlValue{2}
2023-05-05 10:47:58,703 [AppLog] INFO : X方向到位停止：DEM_StopAxisRun：返回值{True}CurrentPos{430.37}bImmeStop{False}nAxisMask{1}
2023-05-05 10:47:58,703 [AppLog] INFO : 准备读取编码器位置：X方向！
2023-05-05 10:47:58,703 [AppLog] INFO : 准备运动，当前位置：DEV_GetPrintEncoderValue：MoveDirectionFlag{false为Y方向：False}CurrentPos{430.16}AimPos{25}
2023-05-05 10:47:58,734 [AppLog] INFO : X方向运动开始：DEM_Run：返回值{True}nAxis{0}DirFlag{False}nSpeed{300000}MoveStep{-405160}nCtlValue{2}
2023-05-05 10:48:00,638 [AppLog] INFO : X方向到位停止：DEM_StopAxisRun：返回值{True}CurrentPos{24.34}bImmeStop{False}nAxisMask{1}
2023-05-05 10:48:00,638 [AppLog] INFO : 准备读取编码器位置：Y方向！
2023-05-05 10:48:00,638 [AppLog] INFO : 准备运动，编码器当前位置：DEM_GetAxisEncodeVal：MoveDirectionFlag{false为Y方向：True}CurrentPos{90.995}AimPos{101.021166666667}
2023-05-05 10:48:00,778 [AppLog] INFO : Y方向运动开始：DEM_Run：返回值{True}nAxis{1}DirFlag{True}nSpeed{300000}MoveStep{10045.1261478333}nCtlValue{1}
2023-05-05 10:48:00,840 [AppLog] INFO : Y方向到位停止：DEM_StopAxisRun：返回值{True}CurrentPos{99.945}bImmeStop{False}nAxisMask{2}
2023-05-05 10:48:00,840 [AppLog] INFO : 获取打印Pass数据：IDP_GetPassItem2：nLayerIndex{2}nPassID{1}nProcState{3}LPPassDataItemb:PrtDir{True}nDataTxCompleteCnt{1}nHwMemAdrMatchMask{1}nLayerIndex{2}nLayerPassCount{6}nLayerPassIndex{1}nMinJet0ImgLinePos{1635}nPrtMemHwAddr{System.UInt32[]}nPrtDataOffset{System.UInt32[]}nSrcDataSize{System.UInt32[]}nPrtColBytes{System.UInt32[]}nPrtPrecession{8}nSrcEndCols{8000}nSrcStartCols{0}nStartEncPos{10000}nValidPassJets{1280}nValidPrtCols{8310}nValidPrtCtlCnts{1}pDataBuf{0}pNextItem{745642208}
2023-05-05 10:48:00,840 [AppLog] INFO : 使能Pass打印成功：IDP_DoPassPrint2：nLayerIndex{2}nPassID{1}
2023-05-05 10:48:00,856 [AppLog] INFO : PASS打印前关键状态：DEV_GetDeviceInfo2：nLayerIndex{2}nPassID{1}LPPRINTER_INFO:nXSysEncDPI{0}nStatus{0}nPrintStatus{0}bSuperDevice{0}
LPPRINTER_INFO-LPPrtRunInfo:bJobPrtRuning{False}bLayerPrtIsOver{False}nContReqMemErr{0}nContWDErr{0}nCurPrtDir{0}nDTLayerIndex{0}nDTLayerPassIndex{0}nDTPtrCtlIndex{0}nLayerPassCount{0}nPrintLayerIndex{0}nPrintPassIndex{0}nProcLayerIndex{0}nPrtDataMemAddr{0}nPrtState{0}nReverse{System.Int32[]}nRevPrtCols{0}
LPPRINTER_INFO-LPDRVINFO:nFMVersion{0}nFpgaVersion{0}nPCBVersion{0}nState{0}nNextState{0}nPtvwarnState{0}nCrc32{0}nRevInfo{System.UInt32[]}nSignature{0}
2023-05-05 10:48:00,856 [AppLog] INFO : 创建：AutoPrintMotion1=》不需重新创建-手动操作！
2023-05-05 10:48:00,856 [AppLog] INFO : 进入：EquipmentMotionLogic3=》准备创建对象-手动操作！
2023-05-05 10:48:00,856 [AppLog] INFO : 进入：EquipmentMotionLogic3=》不需重新创建-手动操作！
2023-05-05 10:48:00,856 [AppLog] INFO : 进入：EquipmentMotionLogic3=》赋值完成自-AutoPrintMotion2！
2023-05-05 10:48:00,856 [AppLog] INFO : 进入：EquipmentMotionLogic3=》加载配置文件-LoadJsonFile成功！
2023-05-05 10:48:00,856 [AppLog] INFO : 进入：AutoPrintThread3！
2023-05-05 10:48:00,856 [AppLog] INFO : 准备读取编码器位置：X方向！
2023-05-05 10:48:00,856 [AppLog] INFO : 准备运动，当前位置：DEV_GetPrintEncoderValue：MoveDirectionFlag{false为Y方向：False}CurrentPos{20.765}AimPos{425}
2023-05-05 10:48:00,887 [AppLog] INFO : X方向运动开始：DEM_Run：返回值{True}nAxis{0}DirFlag{True}nSpeed{300000}MoveStep{404235}nCtlValue{2}
2023-05-05 10:48:02,775 [AppLog] INFO : X方向到位停止：DEM_StopAxisRun：返回值{True}CurrentPos{418.915}bImmeStop{False}nAxisMask{1}
2023-05-05 10:48:02,775 [AppLog] INFO : 准备读取编码器位置：Y方向！
2023-05-05 10:48:02,775 [AppLog] INFO : 准备运动，编码器当前位置：DEM_GetAxisEncodeVal：MoveDirectionFlag{false为Y方向：True}CurrentPos{101.005}AimPos{145}
2023-05-05 10:48:02,978 [AppLog] INFO : Y方向运动开始：DEM_Run：返回值{True}nAxis{1}DirFlag{True}nSpeed{300000}MoveStep{44078.194545}nCtlValue{1}
2023-05-05 10:48:03,040 [AppLog] INFO : Y方向到位停止：DEM_StopAxisRun：返回值{True}CurrentPos{136.915}bImmeStop{False}nAxisMask{2}
2023-05-05 10:48:03,040 [AppLog] INFO : 获取打印Pass数据：IDP_GetPassItem2：nLayerIndex{2}nPassID{2}nProcState{3}LPPassDataItemb:PrtDir{False}nDataTxCompleteCnt{1}nHwMemAdrMatchMask{1}nLayerIndex{2}nLayerPassCount{6}nLayerPassIndex{2}nMinJet0ImgLinePos{2915}nPrtMemHwAddr{System.UInt32[]}nPrtDataOffset{System.UInt32[]}nSrcDataSize{System.UInt32[]}nPrtColBytes{System.UInt32[]}nPrtPrecession{8}nSrcEndCols{8000}nSrcStartCols{0}nStartEncPos{76512}nValidPassJets{1280}nValidPrtCols{8310}nValidPrtCtlCnts{1}pDataBuf{0}pNextItem{683141936}
2023-05-05 10:48:03,040 [AppLog] INFO : 使能Pass打印成功：IDP_DoPassPrint2：nLayerIndex{2}nPassID{2}
2023-05-05 10:48:03,056 [AppLog] INFO : PASS打印前关键状态：DEV_GetDeviceInfo2：nLayerIndex{2}nPassID{2}LPPRINTER_INFO:nXSysEncDPI{0}nStatus{0}nPrintStatus{0}bSuperDevice{0}
LPPRINTER_INFO-LPPrtRunInfo:bJobPrtRuning{False}bLayerPrtIsOver{False}nContReqMemErr{0}nContWDErr{0}nCurPrtDir{0}nDTLayerIndex{0}nDTLayerPassIndex{0}nDTPtrCtlIndex{0}nLayerPassCount{0}nPrintLayerIndex{0}nPrintPassIndex{0}nProcLayerIndex{0}nPrtDataMemAddr{0}nPrtState{0}nReverse{System.Int32[]}nRevPrtCols{0}
LPPRINTER_INFO-LPDRVINFO:nFMVersion{0}nFpgaVersion{0}nPCBVersion{0}nState{0}nNextState{0}nPtvwarnState{0}nCrc32{0}nRevInfo{System.UInt32[]}nSignature{0}
2023-05-05 10:48:03,056 [AppLog] INFO : 创建：AutoPrintMotion1=》不需重新创建-手动操作！
2023-05-05 10:48:03,056 [AppLog] INFO : 进入：EquipmentMotionLogic3=》准备创建对象-手动操作！
2023-05-05 10:48:03,056 [AppLog] INFO : 进入：EquipmentMotionLogic3=》不需重新创建-手动操作！
2023-05-05 10:48:03,056 [AppLog] INFO : 进入：EquipmentMotionLogic3=》赋值完成自-AutoPrintMotion2！
2023-05-05 10:48:03,056 [AppLog] INFO : 进入：EquipmentMotionLogic3=》加载配置文件-LoadJsonFile成功！
2023-05-05 10:48:03,056 [AppLog] INFO : 进入：AutoPrintThread3！
2023-05-05 10:48:03,056 [AppLog] INFO : 准备读取编码器位置：X方向！
2023-05-05 10:48:03,056 [AppLog] INFO : 准备运动，当前位置：DEV_GetPrintEncoderValue：MoveDirectionFlag{false为Y方向：False}CurrentPos{423.39}AimPos{25}
2023-05-05 10:48:03,087 [AppLog] INFO : X方向运动开始：DEM_Run：返回值{True}nAxis{0}DirFlag{False}nSpeed{300000}MoveStep{-398390}nCtlValue{2}
2023-05-05 10:48:04,959 [AppLog] INFO : X方向到位停止：DEM_StopAxisRun：返回值{True}CurrentPos{30.82}bImmeStop{False}nAxisMask{1}
2023-05-05 10:48:04,959 [AppLog] INFO : 准备读取编码器位置：Y方向！
2023-05-05 10:48:04,959 [AppLog] INFO : 准备运动，编码器当前位置：DEM_GetAxisEncodeVal：MoveDirectionFlag{false为Y方向：True}CurrentPos{144.945}AimPos{155.021166666667}
2023-05-05 10:48:05,084 [AppLog] INFO : Y方向运动开始：DEM_Run：返回值{True}nAxis{1}DirFlag{True}nSpeed{300000}MoveStep{10095.2206978333}nCtlValue{1}
2023-05-05 10:48:05,146 [AppLog] INFO : Y方向到位停止：DEM_StopAxisRun：返回值{True}CurrentPos{153.81}bImmeStop{False}nAxisMask{2}
2023-05-05 10:48:05,146 [AppLog] INFO : 获取打印Pass数据：IDP_GetPassItem2：nLayerIndex{2}nPassID{3}nProcState{3}LPPassDataItemb:PrtDir{True}nDataTxCompleteCnt{1}nHwMemAdrMatchMask{1}nLayerIndex{2}nLayerPassCount{6}nLayerPassIndex{3}nMinJet0ImgLinePos{4195}nPrtMemHwAddr{System.UInt32[]}nPrtDataOffset{System.UInt32[]}nSrcDataSize{System.UInt32[]}nPrtColBytes{System.UInt32[]}nPrtPrecession{8}nSrcEndCols{8000}nSrcStartCols{0}nStartEncPos{10000}nValidPassJets{1280}nValidPrtCols{8310}nValidPrtCtlCnts{1}pDataBuf{0}pNextItem{683142096}
2023-05-05 10:48:05,146 [AppLog] INFO : 使能Pass打印成功：IDP_DoPassPrint2：nLayerIndex{2}nPassID{3}
2023-05-05 10:48:05,162 [AppLog] INFO : PASS打印前关键状态：DEV_GetDeviceInfo2：nLayerIndex{2}nPassID{3}LPPRINTER_INFO:nXSysEncDPI{0}nStatus{0}nPrintStatus{0}bSuperDevice{0}
LPPRINTER_INFO-LPPrtRunInfo:bJobPrtRuning{False}bLayerPrtIsOver{False}nContReqMemErr{0}nContWDErr{0}nCurPrtDir{0}nDTLayerIndex{0}nDTLayerPassIndex{0}nDTPtrCtlIndex{0}nLayerPassCount{0}nPrintLayerIndex{0}nPrintPassIndex{0}nProcLayerIndex{0}nPrtDataMemAddr{0}nPrtState{0}nReverse{System.Int32[]}nRevPrtCols{0}
LPPRINTER_INFO-LPDRVINFO:nFMVersion{0}nFpgaVersion{0}nPCBVersion{0}nState{0}nNextState{0}nPtvwarnState{0}nCrc32{0}nRevInfo{System.UInt32[]}nSignature{0}
2023-05-05 10:48:05,162 [AppLog] INFO : 创建：AutoPrintMotion1=》不需重新创建-手动操作！
2023-05-05 10:48:05,162 [AppLog] INFO : 进入：EquipmentMotionLogic3=》准备创建对象-手动操作！
2023-05-05 10:48:05,162 [AppLog] INFO : 进入：EquipmentMotionLogic3=》不需重新创建-手动操作！
2023-05-05 10:48:05,162 [AppLog] INFO : 进入：EquipmentMotionLogic3=》赋值完成自-AutoPrintMotion2！
2023-05-05 10:48:05,162 [AppLog] INFO : 进入：EquipmentMotionLogic3=》加载配置文件-LoadJsonFile成功！
2023-05-05 10:48:05,162 [AppLog] INFO : 进入：AutoPrintThread3！
2023-05-05 10:48:05,162 [AppLog] INFO : 准备读取编码器位置：X方向！
2023-05-05 10:48:05,162 [AppLog] INFO : 准备运动，当前位置：DEV_GetPrintEncoderValue：MoveDirectionFlag{false为Y方向：False}CurrentPos{26.595}AimPos{425}
2023-05-05 10:48:05,193 [AppLog] INFO : X方向运动开始：DEM_Run：返回值{True}nAxis{0}DirFlag{True}nSpeed{300000}MoveStep{398405}nCtlValue{2}
2023-05-05 10:48:07,065 [AppLog] INFO : X方向到位停止：DEM_StopAxisRun：返回值{True}CurrentPos{418.685}bImmeStop{False}nAxisMask{1}
2023-05-05 10:48:07,065 [AppLog] INFO : 准备读取编码器位置：Y方向！
2023-05-05 10:48:07,065 [AppLog] INFO : 准备运动，编码器当前位置：DEM_GetAxisEncodeVal：MoveDirectionFlag{false为Y方向：True}CurrentPos{154.995}AimPos{199}
2023-05-05 10:48:07,252 [AppLog] INFO : Y方向运动开始：DEM_Run：返回值{True}nAxis{1}DirFlag{True}nSpeed{300000}MoveStep{44088.213455}nCtlValue{1}
2023-05-05 10:48:07,314 [AppLog] INFO : Y方向到位停止：DEM_StopAxisRun：返回值{True}CurrentPos{191.605}bImmeStop{False}nAxisMask{2}
2023-05-05 10:48:07,314 [AppLog] INFO : 获取打印Pass数据：IDP_GetPassItem2：nLayerIndex{2}nPassID{4}nProcState{3}LPPassDataItemb:PrtDir{False}nDataTxCompleteCnt{1}nHwMemAdrMatchMask{1}nLayerIndex{2}nLayerPassCount{6}nLayerPassIndex{4}nMinJet0ImgLinePos{5475}nPrtMemHwAddr{System.UInt32[]}nPrtDataOffset{System.UInt32[]}nSrcDataSize{System.UInt32[]}nPrtColBytes{System.UInt32[]}nPrtPrecession{8}nSrcEndCols{8000}nSrcStartCols{0}nStartEncPos{76512}nValidPassJets{1280}nValidPrtCols{8310}nValidPrtCtlCnts{1}pDataBuf{0}pNextItem{683142304}
2023-05-05 10:48:07,330 [AppLog] INFO : 使能Pass打印成功：IDP_DoPassPrint2：nLayerIndex{2}nPassID{4}
2023-05-05 10:48:07,330 [AppLog] INFO : PASS打印前关键状态：DEV_GetDeviceInfo2：nLayerIndex{2}nPassID{4}LPPRINTER_INFO:nXSysEncDPI{0}nStatus{0}nPrintStatus{0}bSuperDevice{0}
LPPRINTER_INFO-LPPrtRunInfo:bJobPrtRuning{False}bLayerPrtIsOver{False}nContReqMemErr{0}nContWDErr{0}nCurPrtDir{0}nDTLayerIndex{0}nDTLayerPassIndex{0}nDTPtrCtlIndex{0}nLayerPassCount{0}nPrintLayerIndex{0}nPrintPassIndex{0}nProcLayerIndex{0}nPrtDataMemAddr{0}nPrtState{0}nReverse{System.Int32[]}nRevPrtCols{0}
LPPRINTER_INFO-LPDRVINFO:nFMVersion{0}nFpgaVersion{0}nPCBVersion{0}nState{0}nNextState{0}nPtvwarnState{0}nCrc32{0}nRevInfo{System.UInt32[]}nSignature{0}
2023-05-05 10:48:07,330 [AppLog] INFO : 创建：AutoPrintMotion1=》不需重新创建-手动操作！
2023-05-05 10:48:07,330 [AppLog] INFO : 进入：EquipmentMotionLogic3=》准备创建对象-手动操作！
2023-05-05 10:48:07,330 [AppLog] INFO : 进入：EquipmentMotionLogic3=》不需重新创建-手动操作！
2023-05-05 10:48:07,330 [AppLog] INFO : 进入：EquipmentMotionLogic3=》赋值完成自-AutoPrintMotion2！
2023-05-05 10:48:07,330 [AppLog] INFO : 进入：EquipmentMotionLogic3=》加载配置文件-LoadJsonFile成功！
2023-05-05 10:48:07,330 [AppLog] INFO : 进入：AutoPrintThread3！
2023-05-05 10:48:07,330 [AppLog] INFO : 准备读取编码器位置：X方向！
2023-05-05 10:48:07,330 [AppLog] INFO : 准备运动，当前位置：DEV_GetPrintEncoderValue：MoveDirectionFlag{false为Y方向：False}CurrentPos{423.405}AimPos{25}
2023-05-05 10:48:07,361 [AppLog] INFO : X方向运动开始：DEM_Run：返回值{True}nAxis{0}DirFlag{False}nSpeed{300000}MoveStep{-398405}nCtlValue{2}
2023-05-05 10:48:09,233 [AppLog] INFO : X方向到位停止：DEM_StopAxisRun：返回值{True}CurrentPos{31.125}bImmeStop{False}nAxisMask{1}
2023-05-05 10:48:09,233 [AppLog] INFO : 准备读取编码器位置：Y方向！
2023-05-05 10:48:09,233 [AppLog] INFO : 准备运动，编码器当前位置：DEM_GetAxisEncodeVal：MoveDirectionFlag{false为Y方向：True}CurrentPos{199.04}AimPos{209.021166666667}
2023-05-05 10:48:09,358 [AppLog] INFO : Y方向运动开始：DEM_Run：返回值{True}nAxis{1}DirFlag{True}nSpeed{300000}MoveStep{10000.0410528333}nCtlValue{1}
2023-05-05 10:48:09,420 [AppLog] INFO : Y方向到位停止：DEM_StopAxisRun：返回值{True}CurrentPos{207.92}bImmeStop{False}nAxisMask{2}
2023-05-05 10:48:09,420 [AppLog] INFO : 获取打印Pass数据：IDP_GetPassItem2：nLayerIndex{2}nPassID{5}nProcState{3}LPPassDataItemb:PrtDir{True}nDataTxCompleteCnt{1}nHwMemAdrMatchMask{1}nLayerIndex{2}nLayerPassCount{6}nLayerPassIndex{5}nMinJet0ImgLinePos{6755}nPrtMemHwAddr{System.UInt32[]}nPrtDataOffset{System.UInt32[]}nSrcDataSize{System.UInt32[]}nPrtColBytes{System.UInt32[]}nPrtPrecession{8}nSrcEndCols{8000}nSrcStartCols{0}nStartEncPos{10000}nValidPassJets{1280}nValidPrtCols{8310}nValidPrtCtlCnts{1}pDataBuf{0}pNextItem{0}
2023-05-05 10:48:09,436 [AppLog] INFO : 使能Pass打印成功：IDP_DoPassPrint2：nLayerIndex{2}nPassID{5}
2023-05-05 10:48:09,436 [AppLog] INFO : PASS打印前关键状态：DEV_GetDeviceInfo2：nLayerIndex{2}nPassID{5}LPPRINTER_INFO:nXSysEncDPI{0}nStatus{0}nPrintStatus{0}bSuperDevice{0}
LPPRINTER_INFO-LPPrtRunInfo:bJobPrtRuning{False}bLayerPrtIsOver{False}nContReqMemErr{0}nContWDErr{0}nCurPrtDir{0}nDTLayerIndex{0}nDTLayerPassIndex{0}nDTPtrCtlIndex{0}nLayerPassCount{0}nPrintLayerIndex{0}nPrintPassIndex{0}nProcLayerIndex{0}nPrtDataMemAddr{0}nPrtState{0}nReverse{System.Int32[]}nRevPrtCols{0}
LPPRINTER_INFO-LPDRVINFO:nFMVersion{0}nFpgaVersion{0}nPCBVersion{0}nState{0}nNextState{0}nPtvwarnState{0}nCrc32{0}nRevInfo{System.UInt32[]}nSignature{0}
2023-05-05 10:48:09,436 [AppLog] INFO : 创建：AutoPrintMotion1=》不需重新创建-手动操作！
2023-05-05 10:48:09,436 [AppLog] INFO : 进入：EquipmentMotionLogic3=》准备创建对象-手动操作！
2023-05-05 10:48:09,436 [AppLog] INFO : 进入：EquipmentMotionLogic3=》不需重新创建-手动操作！
2023-05-05 10:48:09,436 [AppLog] INFO : 进入：EquipmentMotionLogic3=》赋值完成自-AutoPrintMotion2！
2023-05-05 10:48:09,436 [AppLog] INFO : 进入：EquipmentMotionLogic3=》加载配置文件-LoadJsonFile成功！
2023-05-05 10:48:09,436 [AppLog] INFO : 进入：AutoPrintThread3！
2023-05-05 10:48:09,436 [AppLog] INFO : 准备读取编码器位置：X方向！
2023-05-05 10:48:09,436 [AppLog] INFO : 准备运动，当前位置：DEV_GetPrintEncoderValue：MoveDirectionFlag{false为Y方向：False}CurrentPos{26.625}AimPos{425}
2023-05-05 10:48:09,467 [AppLog] INFO : X方向运动开始：DEM_Run：返回值{True}nAxis{0}DirFlag{True}nSpeed{300000}MoveStep{398375}nCtlValue{2}
2023-05-05 10:48:11,339 [AppLog] INFO : X方向到位停止：DEM_StopAxisRun：返回值{True}CurrentPos{418.16}bImmeStop{False}nAxisMask{1}
2023-05-05 10:48:11,339 [AppLog] INFO : 准备读取编码器位置：X方向！
2023-05-05 10:48:11,339 [AppLog] INFO : 准备运动，当前位置：DEV_GetPrintEncoderValue：MoveDirectionFlag{false为Y方向：False}CurrentPos{418.375}AimPos{780}
2023-05-05 10:48:11,370 [AppLog] INFO : X方向运动开始：DEM_Run：返回值{True}nAxis{0}DirFlag{True}nSpeed{300000}MoveStep{361625}nCtlValue{2}
2023-05-05 10:48:11,433 [AppLog] INFO : 准备读取编码器位置：Y方向！
2023-05-05 10:48:11,448 [AppLog] INFO : 准备运动，编码器当前位置：DEM_GetAxisEncodeVal：MoveDirectionFlag{false为Y方向：True}CurrentPos{208.99}AimPos{121}
2023-05-05 10:48:11,792 [AppLog] INFO : Y方向运动开始：DEM_Run：返回值{True}nAxis{1}DirFlag{False}nSpeed{300000}MoveStep{-88156.38909}nCtlValue{1}
2023-05-05 10:48:13,133 [AppLog] INFO : Y方向到位等停：DEM_StopAxisRun：返回值{True}bImmeStop{False}nAxisMask{1}
2023-05-05 10:48:13,133 [AppLog] INFO : X方向到位等停：DEM_StopAxisRun：返回值{True}bImmeStop{False}nAxisMask{2}
2023-05-05 10:48:13,149 [AppLog] INFO : 开启闪喷操作：IDP_FlashPrtCtl：返回值{True}
2023-05-05 10:48:13,149 [AppLog] INFO : 进入：EquipmentMotionLogic3=》准备创建对象-手动操作！
2023-05-05 10:48:13,149 [AppLog] INFO : 进入：EquipmentMotionLogic3=》不需重新创建-手动操作！
2023-05-05 10:48:13,149 [AppLog] INFO : 进入：EquipmentMotionLogic3=》赋值完成自-AutoPrintMotion2！
2023-05-05 10:48:13,149 [AppLog] INFO : 进入：EquipmentMotionLogic3=》加载配置文件-LoadJsonFile成功！
2023-05-05 10:48:13,149 [AppLog] INFO : 进入自动铺粉逻辑：NewAutoSupplyPowderThread2
2023-05-05 10:48:13,242 [AppLog] INFO : 手动正向点动指令（8轴运控板卡系统） ====》：输出AXIS{第1轴},点动量{-0.13MM},运动速度{2MM/s}
2023-05-05 10:48:13,242 [AppLog] INFO : 成形面高度下降层厚 TrapSpace{0.13mm}：TrapMoveUp(1, true, Convert.ToString(vel), Convert.ToString(TrapSpace), true, true）
2023-05-05 10:48:14,007 [AppLog] INFO : 手动正向点动指令（8轴运控板卡系统） ====》：输出AXIS{第1轴},点动量{-1.5MM},运动速度{2MM/s}
2023-05-05 10:48:14,007 [AppLog] INFO : 成形面高度下降指定厚度 TrapSpace{1.5mm}：TrapMoveUp(1, true, Convert.ToString(vel), Convert.ToString(TrapSpace), true, true）
2023-05-05 10:48:14,787 [AppLog] INFO : 手动正向点动指令（8轴运控板卡系统） ====》：输出AXIS{第1轴},点动量{1.5MM},运动速度{2MM/s}
2023-05-05 10:48:14,787 [AppLog] INFO : 成形面高度上升层厚 TrapSpace{1.5mm}：TrapMoveUp(1, true, Convert.ToString(vel), Convert.ToString(TrapSpace), true, true）
2023-05-05 10:48:15,005 [AppLog] INFO : 手动正向点动指令（8轴运控板卡系统） ====》：输出AXIS{第8轴},点动量{0.5MM},运动速度{2.5MM/s}
2023-05-05 10:48:15,005 [AppLog] INFO : Hopper落粉轴转2圈落粉，速度0.5rev/s：TrapMoveUp(8, true, 0.5, rotateNuM.ToString(), true, false)
2023-05-05 10:48:16,019 [AppLog] INFO : 开启铺粉车不等停运动，准备运动至准备打印位置215mm，速度250mm/s：BackToStation2
2023-05-05 10:48:16,877 [AppLog] INFO : 手动正向点动指令（8轴运控板卡系统） ====》：输出AXIS{第2轴},点动量{216.5MM},运动速度{250MM/s}
2023-05-05 10:48:16,877 [AppLog] INFO : 当前铺粉车位置：打印位置215mm
2023-05-05 10:48:16,877 [AppLog] INFO : 手动正向点动指令（8轴运控板卡系统） ====》：输出AXIS{第2轴},点动量{480MM},运动速度{25MM/s}
2023-05-05 10:48:16,877 [AppLog] INFO : 开启铺粉车不等停运动至准备打印位置695mm，速度25mm/s：BackToStation2
2023-05-05 10:48:17,002 [AppLog] INFO : 打开IR灯：OpenIRLamp(true)
2023-05-05 10:48:17,142 [AppLog] INFO : 手动正向点动指令（8轴运控板卡系统） ====》：输出AXIS{第3轴},点动量{0.125MM},运动速度{1MM/s}
2023-05-05 10:48:17,142 [AppLog] INFO : 在{40mm}处，落粉轴运动{45度}，落粉轴转速{1rev/s}：TrapMoveUp(3, true, Convert.ToString(DispenseRollerSpeed), 0.5, true, true)
2023-05-05 10:48:17,142 [AppLog] INFO : 手动正向点动指令（8轴运控板卡系统） ====》：输出AXIS{第3轴},点动量{0.5MM},运动速度{0.0376712328767123MM/s}
2023-05-05 10:48:17,142 [AppLog] INFO : 开启均匀落粉及辊子铺平运动：TrapMoveUp(3, true, Convert.ToString(DispenseRollerSpeed), 0.5, true, true)
2023-05-05 10:48:18,422 [AppLog] INFO : 进入手动调试子模块！
2023-05-05 10:48:18,422 [AppLog] INFO : 进入：ManulBtn_Click=》准备创建对象-手动操作！
2023-05-05 10:48:18,453 [AppLog] INFO : 创建：ManualControl=》创建完成-手动操作！
2023-05-05 10:48:18,453 [AppLog] INFO : 加载成功：温控Modbus接口！
2023-05-05 10:48:27,579 [AppLog] INFO : 退出手动调试子模块,已执行修改
==========================================================================
2023-05-05 10:48:28,796 [AppLog] INFO : 关闭IR灯：OpenIRLamp(false)
2023-05-05 10:48:33,351 [AppLog] INFO : 手动正向点动指令（8轴运控板卡系统） ====》：输出AXIS{第3轴},点动量{0.5MM},运动速度{2MM/s}
2023-05-05 10:48:33,351 [AppLog] INFO : 落粉轴继续转动以倒掉余粉：TrapMoveUp(3, true, 2, 0.5, true, false)
2023-05-05 10:48:36,861 [AppLog] INFO : 手动正向点动指令（8轴运控板卡系统） ====》：输出AXIS{第1轴},点动量{-1.5MM},运动速度{2MM/s}
2023-05-05 10:48:36,861 [AppLog] INFO : 成形面高度下降指定厚度 TrapSpace{1.5mm}：TrapMoveUp(1, true, Convert.ToString(vel), Convert.ToString(TrapSpace), true, true）
2023-05-05 10:48:39,653 [AppLog] INFO : 手动正向点动指令（8轴运控板卡系统） ====》：输出AXIS{第2轴},点动量{-696.5MM},运动速度{250MM/s}
2023-05-05 10:48:39,653 [AppLog] INFO : 铺粉车返回至站1：BackToStation2(AimPos, MovSpeed, true)：-1.5mm，速度250mm/s：BackToStation2
2023-05-05 10:48:40,433 [AppLog] INFO : 落粉轴回零成功：motionMap.SetBackSpreaderAxis(3, 0.5, 2, -SinkPosition)：ReturnCode{True}
2023-05-05 10:48:41,198 [AppLog] INFO : 手动正向点动指令（8轴运控板卡系统） ====》：输出AXIS{第1轴},点动量{1.5MM},运动速度{2MM/s}
2023-05-05 10:48:41,198 [AppLog] INFO : 成形面高度上升层厚 TrapSpace{1.5mm}：TrapMoveUp(1, true, Convert.ToString(vel), Convert.ToString(TrapSpace), true, true）
2023-05-05 10:48:41,198 [AppLog] INFO : 自动铺粉正常结束：NewAutoSupplyPowderThread2
2023-05-05 10:48:41,198 [AppLog] INFO : 发送监控指令，拍照记录1条：SendMessageFromSharedMemory
2023-05-05 10:48:41,198 [AppLog] INFO : 执行完成铺粉固化操作：EquipmentMotionLogic3：m_bApplyPowderSupplyMotion:0
2023-05-05 10:48:41,198 [AppLog] INFO : 接收到恢复打印指令：PrintTaskTHREAD
2023-05-05 10:48:41,198 [AppLog] INFO : 获取打印Pass数据：IDP_GetPassItem2：nLayerIndex{3}nPassID{0}nProcState{3}LPPassDataItemb:PrtDir{False}nDataTxCompleteCnt{1}nHwMemAdrMatchMask{1}nLayerIndex{3}nLayerPassCount{6}nLayerPassIndex{0}nMinJet0ImgLinePos{355}nPrtMemHwAddr{System.UInt32[]}nPrtDataOffset{System.UInt32[]}nSrcDataSize{System.UInt32[]}nPrtColBytes{System.UInt32[]}nPrtPrecession{8}nSrcEndCols{8000}nSrcStartCols{0}nStartEncPos{76512}nValidPassJets{1280}nValidPrtCols{8310}nValidPrtCtlCnts{1}pDataBuf{0}pNextItem{683142624}
2023-05-05 10:48:41,213 [AppLog] INFO : 准备处理第4层数据：准备调用RenderToWic，index为4，subindex为0，g_nRePrintTimes为1，起始层为0
2023-05-05 10:48:41,213 [AppLog] INFO : 使能Pass打印成功：IDP_DoPassPrint2：nLayerIndex{3}nPassID{0}
2023-05-05 10:48:41,213 [AppLog] INFO : PASS打印前关键状态：DEV_GetDeviceInfo2：nLayerIndex{3}nPassID{0}LPPRINTER_INFO:nXSysEncDPI{0}nStatus{0}nPrintStatus{0}bSuperDevice{0}
LPPRINTER_INFO-LPPrtRunInfo:bJobPrtRuning{False}bLayerPrtIsOver{False}nContReqMemErr{0}nContWDErr{0}nCurPrtDir{0}nDTLayerIndex{0}nDTLayerPassIndex{0}nDTPtrCtlIndex{0}nLayerPassCount{0}nPrintLayerIndex{0}nPrintPassIndex{0}nProcLayerIndex{0}nPrtDataMemAddr{0}nPrtState{0}nReverse{System.Int32[]}nRevPrtCols{0}
LPPRINTER_INFO-LPDRVINFO:nFMVersion{0}nFpgaVersion{0}nPCBVersion{0}nState{0}nNextState{0}nPtvwarnState{0}nCrc32{0}nRevInfo{System.UInt32[]}nSignature{0}
2023-05-05 10:48:41,213 [AppLog] INFO : 创建：AutoPrintMotion1=》不需重新创建-手动操作！
2023-05-05 10:48:41,213 [AppLog] INFO : 进入：EquipmentMotionLogic3=》准备创建对象-手动操作！
2023-05-05 10:48:41,213 [AppLog] INFO : 进入：EquipmentMotionLogic3=》不需重新创建-手动操作！
2023-05-05 10:48:41,213 [AppLog] INFO : 进入：EquipmentMotionLogic3=》赋值完成自-AutoPrintMotion2！
2023-05-05 10:48:41,213 [AppLog] INFO : 进入：EquipmentMotionLogic3=》加载配置文件-LoadJsonFile成功！
2023-05-05 10:48:41,213 [AppLog] INFO : 进入自动清洗过程：AutoCleanThread
2023-05-05 10:48:41,291 [AppLog] INFO : 完成处理第4层数据：准备调用DrawLayerBMP，index为4，起始层为0
2023-05-05 10:48:41,291 [AppLog] INFO : 完成处理第4层数据：准备调用DrawLayerBMP，index为4，起始层为0
2023-05-05 10:48:41,588 [AppLog] INFO : 刮墨轴回零成功：motionMap.SetBackSpreaderAxis(4, 1, 2, -SinkHomePosition)
2023-05-05 10:48:41,588 [AppLog] INFO : 准备读取编码器位置：Y方向！
2023-05-05 10:48:41,588 [AppLog] INFO : 准备运动，编码器当前位置：DEM_GetAxisEncodeVal：MoveDirectionFlag{false为Y方向：True}CurrentPos{121.12}AimPos{116}
2023-05-05 10:48:41,712 [AppLog] INFO : Y方向运动开始：DEM_Run：返回值{True}nAxis{1}DirFlag{False}nSpeed{300000}MoveStep{-5129.68192}nCtlValue{1}
2023-05-05 10:48:41,759 [AppLog] INFO : 作业写入成功：IDP_WriteImgLayerData：bpp:{1bit}灰阶:{1阶}nLayerIndex{5}LayerIndex{4}SubIndex{1}RePrintTimes{1}nBytesPerLine{1004}nWidth{8001}nHeight{7680}nXEncOff{0}nYJetOff{355}nImgStartJetIndex{0}nXDPI{635}nYDPI{600}nPrtDir{0} nPrtFlag{1}nColorCnts{1}nReserved{System.Int32[]}
2023-05-05 10:48:41,759 [AppLog] INFO : 完成处理第4层数据：准备调用RenderToWic，index为4，subindex为0，g_nRePrintTimes为1，起始层为0
2023-05-05 10:48:41,775 [AppLog] INFO : Y方向到位停止：DEM_StopAxisRun：返回值{True}CurrentPos{116.5}bImmeStop{False}nAxisMask{2}
2023-05-05 10:48:41,775 [AppLog] INFO : 准备读取编码器位置：X方向！
2023-05-05 10:48:41,775 [AppLog] INFO : 准备运动，当前位置：DEV_GetPrintEncoderValue：MoveDirectionFlag{false为Y方向：False}CurrentPos{784.955}AimPos{780}
2023-05-05 10:48:41,806 [AppLog] INFO : X方向运动开始：DEM_Run：返回值{True}nAxis{0}DirFlag{False}nSpeed{300000}MoveStep{-4955.00000000004}nCtlValue{2}
2023-05-05 10:48:42,196 [AppLog] INFO : X方向到位停止：DEM_StopAxisRun：返回值{True}CurrentPos{780.365}bImmeStop{False}nAxisMask{1}
2023-05-05 10:48:43,179 [AppLog] INFO : 开启闪喷： IDP_FlashPrtCtl(true)：ReturnCode{True}
2023-05-05 10:48:43,179 [AppLog] INFO : 开启压墨： motionMap.SetDo(13, true)
2023-05-05 10:48:45,191 [AppLog] INFO : 关闭压墨： motionMap.SetDo(13, true)
2023-05-05 10:48:45,191 [AppLog] INFO : 压墨等待开启：{3S}
2023-05-05 10:48:48,202 [AppLog] INFO : 压墨等待完成：{3S}
2023-05-05 10:48:48,202 [AppLog] INFO : 开启闪喷： IDP_FlashPrtCtl(false)：ReturnCode{True}
2023-05-05 10:48:48,202 [AppLog] INFO : 准备读取编码器位置：X方向！
2023-05-05 10:48:48,202 [AppLog] INFO : 准备运动，当前位置：DEV_GetPrintEncoderValue：MoveDirectionFlag{false为Y方向：False}CurrentPos{780.365}AimPos{680}
2023-05-05 10:48:48,233 [AppLog] INFO : X方向运动开始：DEM_Run：返回值{True}nAxis{0}DirFlag{False}nSpeed{200000}MoveStep{-100365}nCtlValue{2}
2023-05-05 10:48:49,091 [AppLog] INFO : X方向到位停止：DEM_StopAxisRun：返回值{True}CurrentPos{684.485}bImmeStop{False}nAxisMask{1}
2023-05-05 10:48:49,544 [AppLog] INFO : 结束自动清洗过程：AutoCleanThread
2023-05-05 10:48:49,544 [AppLog] INFO : 进入：EquipmentMotionLogic3=》准备创建对象-手动操作！
2023-05-05 10:48:49,544 [AppLog] INFO : 进入：EquipmentMotionLogic3=》不需重新创建-手动操作！
2023-05-05 10:48:49,544 [AppLog] INFO : 进入：EquipmentMotionLogic3=》赋值完成自-AutoPrintMotion2！
2023-05-05 10:48:49,544 [AppLog] INFO : 进入：EquipmentMotionLogic3=》加载配置文件-LoadJsonFile成功！
2023-05-05 10:48:49,544 [AppLog] INFO : 进入：AutoPrintThread3！
2023-05-05 10:48:49,544 [AppLog] INFO : 关闭闪喷操作：IDP_FlashPrtCtl：返回值{True}
2023-05-05 10:48:49,544 [AppLog] INFO : 准备读取编码器位置：Y方向！
2023-05-05 10:48:49,544 [AppLog] INFO : 准备运动，编码器当前位置：DEM_GetAxisEncodeVal：MoveDirectionFlag{false为Y方向：True}CurrentPos{115.97}AimPos{93.5}
2023-05-05 10:48:49,668 [AppLog] INFO : Y方向运动开始：DEM_Run：返回值{True}nAxis{1}DirFlag{False}nSpeed{300000}MoveStep{-22512.49077}nCtlValue{1}
2023-05-05 10:48:49,731 [AppLog] INFO : 准备读取编码器位置：X方向！
2023-05-05 10:48:49,731 [AppLog] INFO : 准备运动，当前位置：DEV_GetPrintEncoderValue：MoveDirectionFlag{false为Y方向：False}CurrentPos{680.34}AimPos{425}
2023-05-05 10:48:49,762 [AppLog] INFO : X方向运动开始：DEM_Run：返回值{True}nAxis{0}DirFlag{False}nSpeed{300000}MoveStep{-255340}nCtlValue{2}
2023-05-05 10:48:51,166 [AppLog] INFO : X方向到位停止：DEM_StopAxisRun：返回值{True}CurrentPos{429.485}bImmeStop{False}nAxisMask{1}
2023-05-05 10:48:51,166 [AppLog] INFO : 准备读取编码器位置：X方向！
2023-05-05 10:48:51,166 [AppLog] INFO : 准备运动，当前位置：DEV_GetPrintEncoderValue：MoveDirectionFlag{false为Y方向：False}CurrentPos{429.305}AimPos{25}
2023-05-05 10:48:51,197 [AppLog] INFO : X方向运动开始：DEM_Run：返回值{True}nAxis{0}DirFlag{False}nSpeed{300000}MoveStep{-404305}nCtlValue{2}
2023-05-05 10:48:53,100 [AppLog] INFO : X方向到位停止：DEM_StopAxisRun：返回值{True}CurrentPos{25.16}bImmeStop{False}nAxisMask{1}
2023-05-05 10:48:53,100 [AppLog] INFO : 准备读取编码器位置：Y方向！
2023-05-05 10:48:53,100 [AppLog] INFO : 准备运动，编码器当前位置：DEM_GetAxisEncodeVal：MoveDirectionFlag{false为Y方向：True}CurrentPos{93.505}AimPos{98.5211666666667}
2023-05-05 10:48:53,303 [AppLog] INFO : Y方向运动开始：DEM_Run：返回值{False}nAxis{1}DirFlag{True}nSpeed{300000}MoveStep{5025.65223783334}nCtlValue{1}
2023-05-05 10:48:53,366 [AppLog] INFO : Y方向到位停止：DEM_StopAxisRun：返回值{True}CurrentPos{98.485}bImmeStop{False}nAxisMask{2}
2023-05-05 10:48:53,366 [AppLog] INFO : 获取打印Pass数据：IDP_GetPassItem2：nLayerIndex{3}nPassID{1}nProcState{3}LPPassDataItemb:PrtDir{True}nDataTxCompleteCnt{1}nHwMemAdrMatchMask{1}nLayerIndex{3}nLayerPassCount{6}nLayerPassIndex{1}nMinJet0ImgLinePos{1635}nPrtMemHwAddr{System.UInt32[]}nPrtDataOffset{System.UInt32[]}nSrcDataSize{System.UInt32[]}nPrtColBytes{System.UInt32[]}nPrtPrecession{8}nSrcEndCols{8000}nSrcStartCols{0}nStartEncPos{10000}nValidPassJets{1280}nValidPrtCols{8310}nValidPrtCtlCnts{1}pDataBuf{0}pNextItem{683142784}
2023-05-05 10:48:53,381 [AppLog] INFO : 使能Pass打印成功：IDP_DoPassPrint2：nLayerIndex{3}nPassID{1}
2023-05-05 10:48:53,381 [AppLog] INFO : PASS打印前关键状态：DEV_GetDeviceInfo2：nLayerIndex{3}nPassID{1}LPPRINTER_INFO:nXSysEncDPI{0}nStatus{0}nPrintStatus{0}bSuperDevice{0}
LPPRINTER_INFO-LPPrtRunInfo:bJobPrtRuning{False}bLayerPrtIsOver{False}nContReqMemErr{0}nContWDErr{0}nCurPrtDir{0}nDTLayerIndex{0}nDTLayerPassIndex{0}nDTPtrCtlIndex{0}nLayerPassCount{0}nPrintLayerIndex{0}nPrintPassIndex{0}nProcLayerIndex{0}nPrtDataMemAddr{0}nPrtState{0}nReverse{System.Int32[]}nRevPrtCols{0}
LPPRINTER_INFO-LPDRVINFO:nFMVersion{0}nFpgaVersion{0}nPCBVersion{0}nState{0}nNextState{0}nPtvwarnState{0}nCrc32{0}nRevInfo{System.UInt32[]}nSignature{0}
2023-05-05 10:48:53,381 [AppLog] INFO : 创建：AutoPrintMotion1=》不需重新创建-手动操作！
2023-05-05 10:48:53,381 [AppLog] INFO : 进入：EquipmentMotionLogic3=》准备创建对象-手动操作！
2023-05-05 10:48:53,381 [AppLog] INFO : 进入：EquipmentMotionLogic3=》不需重新创建-手动操作！
2023-05-05 10:48:53,381 [AppLog] INFO : 进入：EquipmentMotionLogic3=》赋值完成自-AutoPrintMotion2！
2023-05-05 10:48:53,381 [AppLog] INFO : 进入：EquipmentMotionLogic3=》加载配置文件-LoadJsonFile成功！
2023-05-05 10:48:53,381 [AppLog] INFO : 进入：AutoPrintThread3！
2023-05-05 10:48:53,381 [AppLog] INFO : 准备读取编码器位置：X方向！
2023-05-05 10:48:53,381 [AppLog] INFO : 准备运动，当前位置：DEV_GetPrintEncoderValue：MoveDirectionFlag{false为Y方向：False}CurrentPos{21.655}AimPos{425}
2023-05-05 10:48:53,412 [AppLog] INFO : X方向运动开始：DEM_Run：返回值{True}nAxis{0}DirFlag{True}nSpeed{300000}MoveStep{403345}nCtlValue{2}
2023-05-05 10:48:55,300 [AppLog] INFO : X方向到位停止：DEM_StopAxisRun：返回值{True}CurrentPos{419.21}bImmeStop{False}nAxisMask{1}
2023-05-05 10:48:55,300 [AppLog] INFO : 准备读取编码器位置：Y方向！
2023-05-05 10:48:55,300 [AppLog] INFO : 准备运动，编码器当前位置：DEM_GetAxisEncodeVal：MoveDirectionFlag{false为Y方向：True}CurrentPos{98.495}AimPos{147.5}
2023-05-05 10:48:55,503 [AppLog] INFO : Y方向运动开始：DEM_Run：返回值{True}nAxis{1}DirFlag{True}nSpeed{300000}MoveStep{49097.668455}nCtlValue{1}
2023-05-05 10:48:55,565 [AppLog] INFO : Y方向到位停止：DEM_StopAxisRun：返回值{True}CurrentPos{139.88}bImmeStop{False}nAxisMask{2}
2023-05-05 10:48:55,565 [AppLog] INFO : 获取打印Pass数据：IDP_GetPassItem2：nLayerIndex{3}nPassID{2}nProcState{3}LPPassDataItemb:PrtDir{False}nDataTxCompleteCnt{1}nHwMemAdrMatchMask{1}nLayerIndex{3}nLayerPassCount{6}nLayerPassIndex{2}nMinJet0ImgLinePos{2915}nPrtMemHwAddr{System.UInt32[]}nPrtDataOffset{System.UInt32[]}nSrcDataSize{System.UInt32[]}nPrtColBytes{System.UInt32[]}nPrtPrecession{8}nSrcEndCols{8000}nSrcStartCols{0}nStartEncPos{76512}nValidPassJets{1280}nValidPrtCols{8310}nValidPrtCtlCnts{1}pDataBuf{0}pNextItem{683142944}
2023-05-05 10:48:55,581 [AppLog] INFO : 使能Pass打印成功：IDP_DoPassPrint2：nLayerIndex{3}nPassID{2}
2023-05-05 10:48:55,581 [AppLog] INFO : PASS打印前关键状态：DEV_GetDeviceInfo2：nLayerIndex{3}nPassID{2}LPPRINTER_INFO:nXSysEncDPI{0}nStatus{0}nPrintStatus{0}bSuperDevice{0}
LPPRINTER_INFO-LPPrtRunInfo:bJobPrtRuning{False}bLayerPrtIsOver{False}nContReqMemErr{0}nContWDErr{0}nCurPrtDir{0}nDTLayerIndex{0}nDTLayerPassIndex{0}nDTPtrCtlIndex{0}nLayerPassCount{0}nPrintLayerIndex{0}nPrintPassIndex{0}nProcLayerIndex{0}nPrtDataMemAddr{0}nPrtState{0}nReverse{System.Int32[]}nRevPrtCols{0}
LPPRINTER_INFO-LPDRVINFO:nFMVersion{0}nFpgaVersion{0}nPCBVersion{0}nState{0}nNextState{0}nPtvwarnState{0}nCrc32{0}nRevInfo{System.UInt32[]}nSignature{0}
2023-05-05 10:48:55,581 [AppLog] INFO : 创建：AutoPrintMotion1=》不需重新创建-手动操作！
2023-05-05 10:48:55,581 [AppLog] INFO : 进入：EquipmentMotionLogic3=》准备创建对象-手动操作！
2023-05-05 10:48:55,581 [AppLog] INFO : 进入：EquipmentMotionLogic3=》不需重新创建-手动操作！
2023-05-05 10:48:55,581 [AppLog] INFO : 进入：EquipmentMotionLogic3=》赋值完成自-AutoPrintMotion2！
2023-05-05 10:48:55,581 [AppLog] INFO : 进入：EquipmentMotionLogic3=》加载配置文件-LoadJsonFile成功！
2023-05-05 10:48:55,581 [AppLog] INFO : 进入：AutoPrintThread3！
2023-05-05 10:48:55,581 [AppLog] INFO : 准备读取编码器位置：X方向！
2023-05-05 10:48:55,581 [AppLog] INFO : 准备运动，当前位置：DEV_GetPrintEncoderValue：MoveDirectionFlag{false为Y方向：False}CurrentPos{423.365}AimPos{25}
2023-05-05 10:48:55,612 [AppLog] INFO : X方向运动开始：DEM_Run：返回值{True}nAxis{0}DirFlag{False}nSpeed{300000}MoveStep{-398365}nCtlValue{2}
2023-05-05 10:48:57,484 [AppLog] INFO : X方向到位停止：DEM_StopAxisRun：返回值{True}CurrentPos{30.825}bImmeStop{False}nAxisMask{1}
2023-05-05 10:48:57,484 [AppLog] INFO : 准备读取编码器位置：Y方向！
2023-05-05 10:48:57,484 [AppLog] INFO : 准备运动，编码器当前位置：DEM_GetAxisEncodeVal：MoveDirectionFlag{false为Y方向：True}CurrentPos{147.445}AimPos{152.521166666667}
2023-05-05 10:48:57,609 [AppLog] INFO : Y方向运动开始：DEM_Run：返回值{True}nAxis{1}DirFlag{True}nSpeed{300000}MoveStep{5085.76569783333}nCtlValue{1}
2023-05-05 10:48:57,671 [AppLog] INFO : Y方向到位停止：DEM_StopAxisRun：返回值{True}CurrentPos{151.965}bImmeStop{False}nAxisMask{2}
2023-05-05 10:48:57,671 [AppLog] INFO : 获取打印Pass数据：IDP_GetPassItem2：nLayerIndex{3}nPassID{3}nProcState{3}LPPassDataItemb:PrtDir{True}nDataTxCompleteCnt{1}nHwMemAdrMatchMask{1}nLayerIndex{3}nLayerPassCount{6}nLayerPassIndex{3}nMinJet0ImgLinePos{4195}nPrtMemHwAddr{System.UInt32[]}nPrtDataOffset{System.UInt32[]}nSrcDataSize{System.UInt32[]}nPrtColBytes{System.UInt32[]}nPrtPrecession{8}nSrcEndCols{8000}nSrcStartCols{0}nStartEncPos{10000}nValidPassJets{1280}nValidPrtCols{8310}nValidPrtCtlCnts{1}pDataBuf{0}pNextItem{683143104}
2023-05-05 10:48:57,687 [AppLog] INFO : 使能Pass打印成功：IDP_DoPassPrint2：nLayerIndex{3}nPassID{3}
2023-05-05 10:48:57,687 [AppLog] INFO : PASS打印前关键状态：DEV_GetDeviceInfo2：nLayerIndex{3}nPassID{3}LPPRINTER_INFO:nXSysEncDPI{0}nStatus{0}nPrintStatus{0}bSuperDevice{0}
LPPRINTER_INFO-LPPrtRunInfo:bJobPrtRuning{False}bLayerPrtIsOver{False}nContReqMemErr{0}nContWDErr{0}nCurPrtDir{0}nDTLayerIndex{0}nDTLayerPassIndex{0}nDTPtrCtlIndex{0}nLayerPassCount{0}nPrintLayerIndex{0}nPrintPassIndex{0}nProcLayerIndex{0}nPrtDataMemAddr{0}nPrtState{0}nReverse{System.Int32[]}nRevPrtCols{0}
LPPRINTER_INFO-LPDRVINFO:nFMVersion{0}nFpgaVersion{0}nPCBVersion{0}nState{0}nNextState{0}nPtvwarnState{0}nCrc32{0}nRevInfo{System.UInt32[]}nSignature{0}
2023-05-05 10:48:57,687 [AppLog] INFO : 创建：AutoPrintMotion1=》不需重新创建-手动操作！
2023-05-05 10:48:57,687 [AppLog] INFO : 进入：EquipmentMotionLogic3=》准备创建对象-手动操作！
2023-05-05 10:48:57,687 [AppLog] INFO : 进入：EquipmentMotionLogic3=》不需重新创建-手动操作！
2023-05-05 10:48:57,687 [AppLog] INFO : 进入：EquipmentMotionLogic3=》赋值完成自-AutoPrintMotion2！
2023-05-05 10:48:57,687 [AppLog] INFO : 进入：EquipmentMotionLogic3=》加载配置文件-LoadJsonFile成功！
2023-05-05 10:48:57,687 [AppLog] INFO : 进入：AutoPrintThread3！
2023-05-05 10:48:57,687 [AppLog] INFO : 准备读取编码器位置：X方向！
2023-05-05 10:48:57,687 [AppLog] INFO : 准备运动，当前位置：DEV_GetPrintEncoderValue：MoveDirectionFlag{false为Y方向：False}CurrentPos{26.68}AimPos{425}
2023-05-05 10:48:57,718 [AppLog] INFO : X方向运动开始：DEM_Run：返回值{True}nAxis{0}DirFlag{True}nSpeed{300000}MoveStep{398320}nCtlValue{2}
2023-05-05 10:48:59,606 [AppLog] INFO : X方向到位停止：DEM_StopAxisRun：返回值{True}CurrentPos{419.87}bImmeStop{False}nAxisMask{1}
2023-05-05 10:48:59,606 [AppLog] INFO : 准备读取编码器位置：Y方向！
2023-05-05 10:48:59,606 [AppLog] INFO : 准备运动，编码器当前位置：DEM_GetAxisEncodeVal：MoveDirectionFlag{false为Y方向：True}CurrentPos{152.54}AimPos{201.5}
2023-05-05 10:48:59,824 [AppLog] INFO : Y方向运动开始：DEM_Run：返回值{True}nAxis{1}DirFlag{True}nSpeed{300000}MoveStep{49052.58336}nCtlValue{1}
2023-05-05 10:48:59,886 [AppLog] INFO : Y方向到位停止：DEM_StopAxisRun：返回值{True}CurrentPos{193.885}bImmeStop{False}nAxisMask{2}
2023-05-05 10:48:59,886 [AppLog] INFO : 获取打印Pass数据：IDP_GetPassItem2：nLayerIndex{3}nPassID{4}nProcState{3}LPPassDataItemb:PrtDir{False}nDataTxCompleteCnt{1}nHwMemAdrMatchMask{1}nLayerIndex{3}nLayerPassCount{6}nLayerPassIndex{4}nMinJet0ImgLinePos{5475}nPrtMemHwAddr{System.UInt32[]}nPrtDataOffset{System.UInt32[]}nSrcDataSize{System.UInt32[]}nPrtColBytes{System.UInt32[]}nPrtPrecession{8}nSrcEndCols{8000}nSrcStartCols{0}nStartEncPos{76512}nValidPassJets{1280}nValidPrtCols{8310}nValidPrtCtlCnts{1}pDataBuf{0}pNextItem{683143264}
2023-05-05 10:48:59,886 [AppLog] INFO : 使能Pass打印成功：IDP_DoPassPrint2：nLayerIndex{3}nPassID{4}
2023-05-05 10:48:59,902 [AppLog] INFO : PASS打印前关键状态：DEV_GetDeviceInfo2：nLayerIndex{3}nPassID{4}LPPRINTER_INFO:nXSysEncDPI{0}nStatus{0}nPrintStatus{0}bSuperDevice{0}
LPPRINTER_INFO-LPPrtRunInfo:bJobPrtRuning{False}bLayerPrtIsOver{False}nContReqMemErr{0}nContWDErr{0}nCurPrtDir{0}nDTLayerIndex{0}nDTLayerPassIndex{0}nDTPtrCtlIndex{0}nLayerPassCount{0}nPrintLayerIndex{0}nPrintPassIndex{0}nProcLayerIndex{0}nPrtDataMemAddr{0}nPrtState{0}nReverse{System.Int32[]}nRevPrtCols{0}
LPPRINTER_INFO-LPDRVINFO:nFMVersion{0}nFpgaVersion{0}nPCBVersion{0}nState{0}nNextState{0}nPtvwarnState{0}nCrc32{0}nRevInfo{System.UInt32[]}nSignature{0}
2023-05-05 10:48:59,902 [AppLog] INFO : 创建：AutoPrintMotion1=》不需重新创建-手动操作！
2023-05-05 10:48:59,902 [AppLog] INFO : 进入：EquipmentMotionLogic3=》准备创建对象-手动操作！
2023-05-05 10:48:59,902 [AppLog] INFO : 进入：EquipmentMotionLogic3=》不需重新创建-手动操作！
2023-05-05 10:48:59,902 [AppLog] INFO : 进入：EquipmentMotionLogic3=》赋值完成自-AutoPrintMotion2！
2023-05-05 10:48:59,902 [AppLog] INFO : 进入：EquipmentMotionLogic3=》加载配置文件-LoadJsonFile成功！
2023-05-05 10:48:59,902 [AppLog] INFO : 进入：AutoPrintThread3！
2023-05-05 10:48:59,902 [AppLog] INFO : 准备读取编码器位置：X方向！
2023-05-05 10:48:59,902 [AppLog] INFO : 准备运动，当前位置：DEV_GetPrintEncoderValue：MoveDirectionFlag{false为Y方向：False}CurrentPos{423.31}AimPos{25}
2023-05-05 10:48:59,933 [AppLog] INFO : X方向运动开始：DEM_Run：返回值{True}nAxis{0}DirFlag{False}nSpeed{300000}MoveStep{-398310}nCtlValue{2}
2023-05-05 10:49:01,821 [AppLog] INFO : X方向到位停止：DEM_StopAxisRun：返回值{True}CurrentPos{30.405}bImmeStop{False}nAxisMask{1}
2023-05-05 10:49:01,821 [AppLog] INFO : 准备读取编码器位置：Y方向！
2023-05-05 10:49:01,821 [AppLog] INFO : 准备运动，编码器当前位置：DEM_GetAxisEncodeVal：MoveDirectionFlag{false为Y方向：True}CurrentPos{201.52}AimPos{206.521166666667}
2023-05-05 10:49:02,024 [AppLog] INFO : Y方向运动开始：DEM_Run：返回值{False}nAxis{1}DirFlag{True}nSpeed{300000}MoveStep{5010.62387283331}nCtlValue{1}
2023-05-05 10:49:02,086 [AppLog] INFO : Y方向到位停止：DEM_StopAxisRun：返回值{True}CurrentPos{206.56}bImmeStop{False}nAxisMask{2}
2023-05-05 10:49:02,086 [AppLog] INFO : 获取打印Pass数据：IDP_GetPassItem2：nLayerIndex{3}nPassID{5}nProcState{3}LPPassDataItemb:PrtDir{True}nDataTxCompleteCnt{1}nHwMemAdrMatchMask{1}nLayerIndex{3}nLayerPassCount{6}nLayerPassIndex{5}nMinJet0ImgLinePos{6755}nPrtMemHwAddr{System.UInt32[]}nPrtDataOffset{System.UInt32[]}nSrcDataSize{System.UInt32[]}nPrtColBytes{System.UInt32[]}nPrtPrecession{8}nSrcEndCols{8000}nSrcStartCols{0}nStartEncPos{10000}nValidPassJets{1280}nValidPrtCols{8310}nValidPrtCtlCnts{1}pDataBuf{0}pNextItem{0}
2023-05-05 10:49:02,086 [AppLog] INFO : 使能Pass打印成功：IDP_DoPassPrint2：nLayerIndex{3}nPassID{5}
2023-05-05 10:49:02,102 [AppLog] INFO : PASS打印前关键状态：DEV_GetDeviceInfo2：nLayerIndex{3}nPassID{5}LPPRINTER_INFO:nXSysEncDPI{0}nStatus{0}nPrintStatus{0}bSuperDevice{0}
LPPRINTER_INFO-LPPrtRunInfo:bJobPrtRuning{False}bLayerPrtIsOver{False}nContReqMemErr{0}nContWDErr{0}nCurPrtDir{0}nDTLayerIndex{0}nDTLayerPassIndex{0}nDTPtrCtlIndex{0}nLayerPassCount{0}nPrintLayerIndex{0}nPrintPassIndex{0}nProcLayerIndex{0}nPrtDataMemAddr{0}nPrtState{0}nReverse{System.Int32[]}nRevPrtCols{0}
LPPRINTER_INFO-LPDRVINFO:nFMVersion{0}nFpgaVersion{0}nPCBVersion{0}nState{0}nNextState{0}nPtvwarnState{0}nCrc32{0}nRevInfo{System.UInt32[]}nSignature{0}
2023-05-05 10:49:02,102 [AppLog] INFO : 创建：AutoPrintMotion1=》不需重新创建-手动操作！
2023-05-05 10:49:02,102 [AppLog] INFO : 进入：EquipmentMotionLogic3=》准备创建对象-手动操作！
2023-05-05 10:49:02,102 [AppLog] INFO : 进入：EquipmentMotionLogic3=》不需重新创建-手动操作！
2023-05-05 10:49:02,102 [AppLog] INFO : 进入：EquipmentMotionLogic3=》赋值完成自-AutoPrintMotion2！
2023-05-05 10:49:02,102 [AppLog] INFO : 进入：EquipmentMotionLogic3=》加载配置文件-LoadJsonFile成功！
2023-05-05 10:49:02,102 [AppLog] INFO : 进入：AutoPrintThread3！
2023-05-05 10:49:02,102 [AppLog] INFO : 准备读取编码器位置：X方向！
2023-05-05 10:49:02,102 [AppLog] INFO : 准备运动，当前位置：DEV_GetPrintEncoderValue：MoveDirectionFlag{false为Y方向：False}CurrentPos{26.695}AimPos{425}
2023-05-05 10:49:02,133 [AppLog] INFO : X方向运动开始：DEM_Run：返回值{True}nAxis{0}DirFlag{True}nSpeed{300000}MoveStep{398305}nCtlValue{2}
2023-05-05 10:49:04,020 [AppLog] INFO : X方向到位停止：DEM_StopAxisRun：返回值{True}CurrentPos{419.13}bImmeStop{False}nAxisMask{1}
2023-05-05 10:49:04,020 [AppLog] INFO : 准备读取编码器位置：X方向！
2023-05-05 10:49:04,052 [AppLog] INFO : 准备运动，当前位置：DEV_GetPrintEncoderValue：MoveDirectionFlag{false为Y方向：False}CurrentPos{420.61}AimPos{780}
2023-05-05 10:49:04,083 [AppLog] INFO : X方向运动开始：DEM_Run：返回值{True}nAxis{0}DirFlag{True}nSpeed{300000}MoveStep{359390}nCtlValue{2}
2023-05-05 10:49:04,145 [AppLog] INFO : 准备读取编码器位置：Y方向！
2023-05-05 10:49:04,145 [AppLog] INFO : 准备运动，编码器当前位置：DEM_GetAxisEncodeVal：MoveDirectionFlag{false为Y方向：True}CurrentPos{206.53}AimPos{121}
2023-05-05 10:49:04,488 [AppLog] INFO : Y方向运动开始：DEM_Run：返回值{True}nAxis{1}DirFlag{False}nSpeed{300000}MoveStep{-85691.73723}nCtlValue{1}
2023-05-05 10:49:05,846 [AppLog] INFO : Y方向到位等停：DEM_StopAxisRun：返回值{True}bImmeStop{False}nAxisMask{1}
2023-05-05 10:49:05,846 [AppLog] INFO : X方向到位等停：DEM_StopAxisRun：返回值{True}bImmeStop{False}nAxisMask{2}
2023-05-05 10:49:05,861 [AppLog] INFO : 开启闪喷操作：IDP_FlashPrtCtl：返回值{True}
2023-05-05 10:49:05,861 [AppLog] INFO : 进入：EquipmentMotionLogic3=》准备创建对象-手动操作！
2023-05-05 10:49:05,861 [AppLog] INFO : 进入：EquipmentMotionLogic3=》不需重新创建-手动操作！
2023-05-05 10:49:05,861 [AppLog] INFO : 进入：EquipmentMotionLogic3=》赋值完成自-AutoPrintMotion2！
2023-05-05 10:49:05,861 [AppLog] INFO : 进入：EquipmentMotionLogic3=》加载配置文件-LoadJsonFile成功！
2023-05-05 10:49:05,861 [AppLog] INFO : 进入自动铺粉逻辑：NewAutoSupplyPowderThread2
2023-05-05 10:49:05,955 [AppLog] INFO : 手动正向点动指令（8轴运控板卡系统） ====》：输出AXIS{第1轴},点动量{-0.13MM},运动速度{2MM/s}
2023-05-05 10:49:05,955 [AppLog] INFO : 成形面高度下降层厚 TrapSpace{0.13mm}：TrapMoveUp(1, true, Convert.ToString(vel), Convert.ToString(TrapSpace), true, true）
2023-05-05 10:49:06,735 [AppLog] INFO : 手动正向点动指令（8轴运控板卡系统） ====》：输出AXIS{第1轴},点动量{-1.5MM},运动速度{2MM/s}
2023-05-05 10:49:06,735 [AppLog] INFO : 成形面高度下降指定厚度 TrapSpace{1.5mm}：TrapMoveUp(1, true, Convert.ToString(vel), Convert.ToString(TrapSpace), true, true）
2023-05-05 10:49:07,499 [AppLog] INFO : 手动正向点动指令（8轴运控板卡系统） ====》：输出AXIS{第1轴},点动量{1.5MM},运动速度{2MM/s}
2023-05-05 10:49:07,499 [AppLog] INFO : 成形面高度上升层厚 TrapSpace{1.5mm}：TrapMoveUp(1, true, Convert.ToString(vel), Convert.ToString(TrapSpace), true, true）
2023-05-05 10:49:07,718 [AppLog] INFO : 手动正向点动指令（8轴运控板卡系统） ====》：输出AXIS{第8轴},点动量{0.5MM},运动速度{2.5MM/s}
2023-05-05 10:49:07,718 [AppLog] INFO : Hopper落粉轴转2圈落粉，速度0.5rev/s：TrapMoveUp(8, true, 0.5, rotateNuM.ToString(), true, false)
2023-05-05 10:49:08,732 [AppLog] INFO : 开启铺粉车不等停运动，准备运动至准备打印位置215mm，速度250mm/s：BackToStation2
2023-05-05 10:49:09,590 [AppLog] INFO : 手动正向点动指令（8轴运控板卡系统） ====》：输出AXIS{第2轴},点动量{216.5MM},运动速度{250MM/s}
2023-05-05 10:49:09,590 [AppLog] INFO : 当前铺粉车位置：打印位置215mm
2023-05-05 10:49:09,590 [AppLog] INFO : 手动正向点动指令（8轴运控板卡系统） ====》：输出AXIS{第2轴},点动量{480MM},运动速度{25MM/s}
2023-05-05 10:49:09,590 [AppLog] INFO : 开启铺粉车不等停运动至准备打印位置695mm，速度25mm/s：BackToStation2
2023-05-05 10:49:09,714 [AppLog] INFO : 打开IR灯：OpenIRLamp(true)
2023-05-05 10:49:09,839 [AppLog] INFO : 手动正向点动指令（8轴运控板卡系统） ====》：输出AXIS{第3轴},点动量{0.125MM},运动速度{1MM/s}
2023-05-05 10:49:09,839 [AppLog] INFO : 在{40mm}处，落粉轴运动{45度}，落粉轴转速{1rev/s}：TrapMoveUp(3, true, Convert.ToString(DispenseRollerSpeed), 0.5, true, true)
2023-05-05 10:49:09,855 [AppLog] INFO : 手动正向点动指令（8轴运控板卡系统） ====》：输出AXIS{第3轴},点动量{0.5MM},运动速度{0.0376712328767123MM/s}
2023-05-05 10:49:09,855 [AppLog] INFO : 开启均匀落粉及辊子铺平运动：TrapMoveUp(3, true, Convert.ToString(DispenseRollerSpeed), 0.5, true, true)
2023-05-05 10:49:21,524 [AppLog] INFO : 关闭IR灯：OpenIRLamp(false)
2023-05-05 10:49:26,063 [AppLog] INFO : 手动正向点动指令（8轴运控板卡系统） ====》：输出AXIS{第3轴},点动量{0.5MM},运动速度{2MM/s}
2023-05-05 10:49:26,063 [AppLog] INFO : 落粉轴继续转动以倒掉余粉：TrapMoveUp(3, true, 2, 0.5, true, false)
2023-05-05 10:49:29,573 [AppLog] INFO : 手动正向点动指令（8轴运控板卡系统） ====》：输出AXIS{第1轴},点动量{-1.5MM},运动速度{2MM/s}
2023-05-05 10:49:29,573 [AppLog] INFO : 成形面高度下降指定厚度 TrapSpace{1.5mm}：TrapMoveUp(1, true, Convert.ToString(vel), Convert.ToString(TrapSpace), true, true）
2023-05-05 10:49:32,366 [AppLog] INFO : 手动正向点动指令（8轴运控板卡系统） ====》：输出AXIS{第2轴},点动量{-696.5MM},运动速度{250MM/s}
2023-05-05 10:49:32,366 [AppLog] INFO : 铺粉车返回至站1：BackToStation2(AimPos, MovSpeed, true)：-1.5mm，速度250mm/s：BackToStation2
2023-05-05 10:49:33,146 [AppLog] INFO : 落粉轴回零成功：motionMap.SetBackSpreaderAxis(3, 0.5, 2, -SinkPosition)：ReturnCode{True}
2023-05-05 10:49:33,910 [AppLog] INFO : 手动正向点动指令（8轴运控板卡系统） ====》：输出AXIS{第1轴},点动量{1.5MM},运动速度{2MM/s}
2023-05-05 10:49:33,910 [AppLog] INFO : 成形面高度上升层厚 TrapSpace{1.5mm}：TrapMoveUp(1, true, Convert.ToString(vel), Convert.ToString(TrapSpace), true, true）
2023-05-05 10:49:33,910 [AppLog] INFO : 自动铺粉正常结束：NewAutoSupplyPowderThread2
2023-05-05 10:49:33,910 [AppLog] INFO : 发送监控指令，拍照记录1条：SendMessageFromSharedMemory
2023-05-05 10:49:33,910 [AppLog] INFO : 执行完成铺粉固化操作：EquipmentMotionLogic3：m_bApplyPowderSupplyMotion:0
2023-05-05 10:49:33,910 [AppLog] INFO : 接收到恢复打印指令：PrintTaskTHREAD
2023-05-05 10:49:33,910 [AppLog] INFO : 获取打印Pass数据：IDP_GetPassItem2：nLayerIndex{4}nPassID{0}nProcState{3}LPPassDataItemb:PrtDir{False}nDataTxCompleteCnt{1}nHwMemAdrMatchMask{1}nLayerIndex{4}nLayerPassCount{6}nLayerPassIndex{0}nMinJet0ImgLinePos{355}nPrtMemHwAddr{System.UInt32[]}nPrtDataOffset{System.UInt32[]}nSrcDataSize{System.UInt32[]}nPrtColBytes{System.UInt32[]}nPrtPrecession{8}nSrcEndCols{8000}nSrcStartCols{0}nStartEncPos{76512}nValidPassJets{1280}nValidPrtCols{8310}nValidPrtCtlCnts{1}pDataBuf{0}pNextItem{683143584}
2023-05-05 10:49:33,926 [AppLog] INFO : 使能Pass打印成功：IDP_DoPassPrint2：nLayerIndex{4}nPassID{0}
2023-05-05 10:49:33,941 [AppLog] INFO : PASS打印前关键状态：DEV_GetDeviceInfo2：nLayerIndex{4}nPassID{0}LPPRINTER_INFO:nXSysEncDPI{0}nStatus{0}nPrintStatus{0}bSuperDevice{0}
LPPRINTER_INFO-LPPrtRunInfo:bJobPrtRuning{False}bLayerPrtIsOver{False}nContReqMemErr{0}nContWDErr{0}nCurPrtDir{0}nDTLayerIndex{0}nDTLayerPassIndex{0}nDTPtrCtlIndex{0}nLayerPassCount{0}nPrintLayerIndex{0}nPrintPassIndex{0}nProcLayerIndex{0}nPrtDataMemAddr{0}nPrtState{0}nReverse{System.Int32[]}nRevPrtCols{0}
LPPRINTER_INFO-LPDRVINFO:nFMVersion{0}nFpgaVersion{0}nPCBVersion{0}nState{0}nNextState{0}nPtvwarnState{0}nCrc32{0}nRevInfo{System.UInt32[]}nSignature{0}
2023-05-05 10:49:33,941 [AppLog] INFO : 创建：AutoPrintMotion1=》不需重新创建-手动操作！
2023-05-05 10:49:33,941 [AppLog] INFO : 进入：EquipmentMotionLogic3=》准备创建对象-手动操作！
2023-05-05 10:49:33,941 [AppLog] INFO : 进入：EquipmentMotionLogic3=》不需重新创建-手动操作！
2023-05-05 10:49:33,941 [AppLog] INFO : 进入：EquipmentMotionLogic3=》赋值完成自-AutoPrintMotion2！
2023-05-05 10:49:33,941 [AppLog] INFO : 进入：EquipmentMotionLogic3=》加载配置文件-LoadJsonFile成功！
2023-05-05 10:49:33,941 [AppLog] INFO : 进入自动清洗过程：AutoCleanThread
2023-05-05 10:49:34,284 [AppLog] INFO : 准备处理第5层数据：准备调用RenderToWic，index为5，subindex为0，g_nRePrintTimes为1，起始层为0
2023-05-05 10:49:34,316 [AppLog] INFO : 刮墨轴回零成功：motionMap.SetBackSpreaderAxis(4, 1, 2, -SinkHomePosition)
2023-05-05 10:49:34,316 [AppLog] INFO : 准备读取编码器位置：Y方向！
2023-05-05 10:49:34,331 [AppLog] INFO : 准备运动，编码器当前位置：DEM_GetAxisEncodeVal：MoveDirectionFlag{false为Y方向：True}CurrentPos{121.06}AimPos{116}
2023-05-05 10:49:34,362 [AppLog] INFO : 完成处理第5层数据：准备调用DrawLayerBMP，index为5，起始层为0
2023-05-05 10:49:34,362 [AppLog] INFO : 完成处理第5层数据：准备调用DrawLayerBMP，index为5，起始层为0
2023-05-05 10:49:34,456 [AppLog] INFO : Y方向运动开始：DEM_Run：返回值{True}nAxis{1}DirFlag{False}nSpeed{300000}MoveStep{-5069.56846}nCtlValue{1}
2023-05-05 10:49:34,518 [AppLog] INFO : Y方向到位停止：DEM_StopAxisRun：返回值{True}CurrentPos{116.45}bImmeStop{False}nAxisMask{2}
2023-05-05 10:49:34,518 [AppLog] INFO : 准备读取编码器位置：X方向！
2023-05-05 10:49:34,518 [AppLog] INFO : 准备运动，当前位置：DEV_GetPrintEncoderValue：MoveDirectionFlag{false为Y方向：False}CurrentPos{782.715}AimPos{780}
2023-05-05 10:49:34,550 [AppLog] INFO : X方向运动开始：DEM_Run：返回值{True}nAxis{0}DirFlag{False}nSpeed{300000}MoveStep{-2715.00000000003}nCtlValue{2}
2023-05-05 10:49:34,784 [AppLog] INFO : X方向到位停止：DEM_StopAxisRun：返回值{True}CurrentPos{780.6}bImmeStop{False}nAxisMask{1}
2023-05-05 10:49:34,830 [AppLog] INFO : 作业写入成功：IDP_WriteImgLayerData：bpp:{1bit}灰阶:{1阶}nLayerIndex{6}LayerIndex{5}SubIndex{1}RePrintTimes{1}nBytesPerLine{1004}nWidth{8001}nHeight{7680}nXEncOff{0}nYJetOff{355}nImgStartJetIndex{0}nXDPI{635}nYDPI{600}nPrtDir{0} nPrtFlag{1}nColorCnts{1}nReserved{System.Int32[]}
2023-05-05 10:49:34,830 [AppLog] INFO : 完成处理第5层数据：准备调用RenderToWic，index为5，subindex为0，g_nRePrintTimes为1，起始层为0
2023-05-05 10:49:35,798 [AppLog] INFO : 开启闪喷： IDP_FlashPrtCtl(true)：ReturnCode{True}
2023-05-05 10:49:35,798 [AppLog] INFO : 开启压墨： motionMap.SetDo(13, true)
2023-05-05 10:49:37,810 [AppLog] INFO : 关闭压墨： motionMap.SetDo(13, true)
2023-05-05 10:49:37,810 [AppLog] INFO : 压墨等待开启：{3S}
2023-05-05 10:49:40,821 [AppLog] INFO : 压墨等待完成：{3S}
2023-05-05 10:49:40,821 [AppLog] INFO : 开启闪喷： IDP_FlashPrtCtl(false)：ReturnCode{True}
2023-05-05 10:49:40,821 [AppLog] INFO : 准备读取编码器位置：X方向！
2023-05-05 10:49:40,821 [AppLog] INFO : 准备运动，当前位置：DEV_GetPrintEncoderValue：MoveDirectionFlag{false为Y方向：False}CurrentPos{780.305}AimPos{680}
2023-05-05 10:49:40,852 [AppLog] INFO : X方向运动开始：DEM_Run：返回值{True}nAxis{0}DirFlag{False}nSpeed{200000}MoveStep{-100305}nCtlValue{2}
2023-05-05 10:49:41,710 [AppLog] INFO : X方向到位停止：DEM_StopAxisRun：返回值{True}CurrentPos{684.965}bImmeStop{False}nAxisMask{1}
2023-05-05 10:49:42,162 [AppLog] INFO : 结束自动清洗过程：AutoCleanThread
2023-05-05 10:49:42,162 [AppLog] INFO : 进入：EquipmentMotionLogic3=》准备创建对象-手动操作！
2023-05-05 10:49:42,162 [AppLog] INFO : 进入：EquipmentMotionLogic3=》不需重新创建-手动操作！
2023-05-05 10:49:42,162 [AppLog] INFO : 进入：EquipmentMotionLogic3=》赋值完成自-AutoPrintMotion2！
2023-05-05 10:49:42,162 [AppLog] INFO : 进入：EquipmentMotionLogic3=》加载配置文件-LoadJsonFile成功！
2023-05-05 10:49:42,162 [AppLog] INFO : 进入：AutoPrintThread3！
2023-05-05 10:49:42,162 [AppLog] INFO : 关闭闪喷操作：IDP_FlashPrtCtl：返回值{True}
2023-05-05 10:49:42,162 [AppLog] INFO : 准备读取编码器位置：Y方向！
2023-05-05 10:49:42,162 [AppLog] INFO : 准备运动，编码器当前位置：DEM_GetAxisEncodeVal：MoveDirectionFlag{false为Y方向：True}CurrentPos{115.97}AimPos{88.5}
2023-05-05 10:49:42,287 [AppLog] INFO : Y方向运动开始：DEM_Run：返回值{True}nAxis{1}DirFlag{False}nSpeed{300000}MoveStep{-27521.94577}nCtlValue{1}
2023-05-05 10:49:42,350 [AppLog] INFO : 准备读取编码器位置：X方向！
2023-05-05 10:49:42,350 [AppLog] INFO : 准备运动，当前位置：DEV_GetPrintEncoderValue：MoveDirectionFlag{false为Y方向：False}CurrentPos{680.365}AimPos{425}
2023-05-05 10:49:42,381 [AppLog] INFO : X方向运动开始：DEM_Run：返回值{True}nAxis{0}DirFlag{False}nSpeed{300000}MoveStep{-255365}nCtlValue{2}
2023-05-05 10:49:43,800 [AppLog] INFO : X方向到位停止：DEM_StopAxisRun：返回值{True}CurrentPos{428.43}bImmeStop{False}nAxisMask{1}
2023-05-05 10:49:43,800 [AppLog] INFO : 准备读取编码器位置：X方向！
2023-05-05 10:49:43,800 [AppLog] INFO : 准备运动，当前位置：DEV_GetPrintEncoderValue：MoveDirectionFlag{false为Y方向：False}CurrentPos{428.35}AimPos{25}
2023-05-05 10:49:43,832 [AppLog] INFO : X方向运动开始：DEM_Run：返回值{True}nAxis{0}DirFlag{False}nSpeed{300000}MoveStep{-403350}nCtlValue{2}
2023-05-05 10:49:45,719 [AppLog] INFO : X方向到位停止：DEM_StopAxisRun：返回值{True}CurrentPos{26.82}bImmeStop{False}nAxisMask{1}
2023-05-05 10:49:45,719 [AppLog] INFO : 准备读取编码器位置：Y方向！
2023-05-05 10:49:45,719 [AppLog] INFO : 准备运动，编码器当前位置：DEM_GetAxisEncodeVal：MoveDirectionFlag{false为Y方向：True}CurrentPos{88.485}AimPos{103.521166666667}
2023-05-05 10:49:45,844 [AppLog] INFO : Y方向运动开始：DEM_Run：返回值{True}nAxis{1}DirFlag{True}nSpeed{300000}MoveStep{15064.6000578333}nCtlValue{1}
2023-05-05 10:49:45,907 [AppLog] INFO : Y方向到位停止：DEM_StopAxisRun：返回值{True}CurrentPos{101.125}bImmeStop{False}nAxisMask{2}
2023-05-05 10:49:45,907 [AppLog] INFO : 获取打印Pass数据：IDP_GetPassItem2：nLayerIndex{4}nPassID{1}nProcState{3}LPPassDataItemb:PrtDir{True}nDataTxCompleteCnt{1}nHwMemAdrMatchMask{1}nLayerIndex{4}nLayerPassCount{6}nLayerPassIndex{1}nMinJet0ImgLinePos{1635}nPrtMemHwAddr{System.UInt32[]}nPrtDataOffset{System.UInt32[]}nSrcDataSize{System.UInt32[]}nPrtColBytes{System.UInt32[]}nPrtPrecession{8}nSrcEndCols{8000}nSrcStartCols{0}nStartEncPos{10000}nValidPassJets{1280}nValidPrtCols{8310}nValidPrtCtlCnts{1}pDataBuf{0}pNextItem{683143744}
2023-05-05 10:49:45,907 [AppLog] INFO : 使能Pass打印成功：IDP_DoPassPrint2：nLayerIndex{4}nPassID{1}
2023-05-05 10:49:45,922 [AppLog] INFO : PASS打印前关键状态：DEV_GetDeviceInfo2：nLayerIndex{4}nPassID{1}LPPRINTER_INFO:nXSysEncDPI{0}nStatus{0}nPrintStatus{0}bSuperDevice{0}
LPPRINTER_INFO-LPPrtRunInfo:bJobPrtRuning{False}bLayerPrtIsOver{False}nContReqMemErr{0}nContWDErr{0}nCurPrtDir{0}nDTLayerIndex{0}nDTLayerPassIndex{0}nDTPtrCtlIndex{0}nLayerPassCount{0}nPrintLayerIndex{0}nPrintPassIndex{0}nProcLayerIndex{0}nPrtDataMemAddr{0}nPrtState{0}nReverse{System.Int32[]}nRevPrtCols{0}
LPPRINTER_INFO-LPDRVINFO:nFMVersion{0}nFpgaVersion{0}nPCBVersion{0}nState{0}nNextState{0}nPtvwarnState{0}nCrc32{0}nRevInfo{System.UInt32[]}nSignature{0}
2023-05-05 10:49:45,922 [AppLog] INFO : 创建：AutoPrintMotion1=》不需重新创建-手动操作！
2023-05-05 10:49:45,922 [AppLog] INFO : 进入：EquipmentMotionLogic3=》准备创建对象-手动操作！
2023-05-05 10:49:45,922 [AppLog] INFO : 进入：EquipmentMotionLogic3=》不需重新创建-手动操作！
2023-05-05 10:49:45,922 [AppLog] INFO : 进入：EquipmentMotionLogic3=》赋值完成自-AutoPrintMotion2！
2023-05-05 10:49:45,922 [AppLog] INFO : 进入：EquipmentMotionLogic3=》加载配置文件-LoadJsonFile成功！
2023-05-05 10:49:45,922 [AppLog] INFO : 进入：AutoPrintThread3！
2023-05-05 10:49:45,922 [AppLog] INFO : 准备读取编码器位置：X方向！
2023-05-05 10:49:45,922 [AppLog] INFO : 准备运动，当前位置：DEV_GetPrintEncoderValue：MoveDirectionFlag{false为Y方向：False}CurrentPos{22.62}AimPos{425}
2023-05-05 10:49:45,953 [AppLog] INFO : X方向运动开始：DEM_Run：返回值{True}nAxis{0}DirFlag{True}nSpeed{300000}MoveStep{402380}nCtlValue{2}
2023-05-05 10:49:47,841 [AppLog] INFO : X方向到位停止：DEM_StopAxisRun：返回值{True}CurrentPos{419.395}bImmeStop{False}nAxisMask{1}
2023-05-05 10:49:47,841 [AppLog] INFO : 准备读取编码器位置：Y方向！
2023-05-05 10:49:47,841 [AppLog] INFO : 准备运动，编码器当前位置：DEM_GetAxisEncodeVal：MoveDirectionFlag{false为Y方向：True}CurrentPos{103.46}AimPos{142.5}
2023-05-05 10:49:48,013 [AppLog] INFO : Y方向运动开始：DEM_Run：返回值{True}nAxis{1}DirFlag{True}nSpeed{300000}MoveStep{39113.82464}nCtlValue{1}
2023-05-05 10:49:48,091 [AppLog] INFO : Y方向到位停止：DEM_StopAxisRun：返回值{True}CurrentPos{136.69}bImmeStop{False}nAxisMask{2}
2023-05-05 10:49:48,091 [AppLog] INFO : 获取打印Pass数据：IDP_GetPassItem2：nLayerIndex{4}nPassID{2}nProcState{3}LPPassDataItemb:PrtDir{False}nDataTxCompleteCnt{1}nHwMemAdrMatchMask{1}nLayerIndex{4}nLayerPassCount{6}nLayerPassIndex{2}nMinJet0ImgLinePos{2915}nPrtMemHwAddr{System.UInt32[]}nPrtDataOffset{System.UInt32[]}nSrcDataSize{System.UInt32[]}nPrtColBytes{System.UInt32[]}nPrtPrecession{8}nSrcEndCols{8000}nSrcStartCols{0}nStartEncPos{76512}nValidPassJets{1280}nValidPrtCols{8310}nValidPrtCtlCnts{1}pDataBuf{0}pNextItem{683143904}
2023-05-05 10:49:48,091 [AppLog] INFO : 使能Pass打印成功：IDP_DoPassPrint2：nLayerIndex{4}nPassID{2}
2023-05-05 10:49:48,091 [AppLog] INFO : PASS打印前关键状态：DEV_GetDeviceInfo2：nLayerIndex{4}nPassID{2}LPPRINTER_INFO:nXSysEncDPI{0}nStatus{0}nPrintStatus{0}bSuperDevice{0}
LPPRINTER_INFO-LPPrtRunInfo:bJobPrtRuning{False}bLayerPrtIsOver{False}nContReqMemErr{0}nContWDErr{0}nCurPrtDir{0}nDTLayerIndex{0}nDTLayerPassIndex{0}nDTPtrCtlIndex{0}nLayerPassCount{0}nPrintLayerIndex{0}nPrintPassIndex{0}nProcLayerIndex{0}nPrtDataMemAddr{0}nPrtState{0}nReverse{System.Int32[]}nRevPrtCols{0}
LPPRINTER_INFO-LPDRVINFO:nFMVersion{0}nFpgaVersion{0}nPCBVersion{0}nState{0}nNextState{0}nPtvwarnState{0}nCrc32{0}nRevInfo{System.UInt32[]}nSignature{0}
2023-05-05 10:49:48,091 [AppLog] INFO : 创建：AutoPrintMotion1=》不需重新创建-手动操作！
2023-05-05 10:49:48,091 [AppLog] INFO : 进入：EquipmentMotionLogic3=》准备创建对象-手动操作！
2023-05-05 10:49:48,091 [AppLog] INFO : 进入：EquipmentMotionLogic3=》不需重新创建-手动操作！
2023-05-05 10:49:48,091 [AppLog] INFO : 进入：EquipmentMotionLogic3=》赋值完成自-AutoPrintMotion2！
2023-05-05 10:49:48,091 [AppLog] INFO : 进入：EquipmentMotionLogic3=》加载配置文件-LoadJsonFile成功！
2023-05-05 10:49:48,091 [AppLog] INFO : 进入：AutoPrintThread3！
2023-05-05 10:49:48,106 [AppLog] INFO : 准备读取编码器位置：X方向！
2023-05-05 10:49:48,106 [AppLog] INFO : 准备运动，当前位置：DEV_GetPrintEncoderValue：MoveDirectionFlag{false为Y方向：False}CurrentPos{423.335}AimPos{25}
2023-05-05 10:49:48,137 [AppLog] INFO : X方向运动开始：DEM_Run：返回值{True}nAxis{0}DirFlag{False}nSpeed{300000}MoveStep{-398335}nCtlValue{2}
2023-05-05 10:49:50,009 [AppLog] INFO : X方向到位停止：DEM_StopAxisRun：返回值{True}CurrentPos{30.41}bImmeStop{False}nAxisMask{1}
2023-05-05 10:49:50,009 [AppLog] INFO : 准备读取编码器位置：Y方向！
2023-05-05 10:49:50,009 [AppLog] INFO : 准备运动，编码器当前位置：DEM_GetAxisEncodeVal：MoveDirectionFlag{false为Y方向：True}CurrentPos{142.515}AimPos{157.521166666667}
2023-05-05 10:49:50,134 [AppLog] INFO : Y方向运动开始：DEM_Run：返回值{True}nAxis{1}DirFlag{True}nSpeed{300000}MoveStep{15034.5433278333}nCtlValue{1}
2023-05-05 10:49:50,197 [AppLog] INFO : Y方向到位停止：DEM_StopAxisRun：返回值{True}CurrentPos{155.245}bImmeStop{False}nAxisMask{2}
2023-05-05 10:49:50,197 [AppLog] INFO : 获取打印Pass数据：IDP_GetPassItem2：nLayerIndex{4}nPassID{3}nProcState{3}LPPassDataItemb:PrtDir{True}nDataTxCompleteCnt{1}nHwMemAdrMatchMask{1}nLayerIndex{4}nLayerPassCount{6}nLayerPassIndex{3}nMinJet0ImgLinePos{4195}nPrtMemHwAddr{System.UInt32[]}nPrtDataOffset{System.UInt32[]}nSrcDataSize{System.UInt32[]}nPrtColBytes{System.UInt32[]}nPrtPrecession{8}nSrcEndCols{8000}nSrcStartCols{0}nStartEncPos{10000}nValidPassJets{1280}nValidPrtCols{8310}nValidPrtCtlCnts{1}pDataBuf{0}pNextItem{683144064}
2023-05-05 10:49:50,197 [AppLog] INFO : 使能Pass打印成功：IDP_DoPassPrint2：nLayerIndex{4}nPassID{3}
2023-05-05 10:49:50,212 [AppLog] INFO : PASS打印前关键状态：DEV_GetDeviceInfo2：nLayerIndex{4}nPassID{3}LPPRINTER_INFO:nXSysEncDPI{0}nStatus{0}nPrintStatus{0}bSuperDevice{0}
LPPRINTER_INFO-LPPrtRunInfo:bJobPrtRuning{False}bLayerPrtIsOver{False}nContReqMemErr{0}nContWDErr{0}nCurPrtDir{0}nDTLayerIndex{0}nDTLayerPassIndex{0}nDTPtrCtlIndex{0}nLayerPassCount{0}nPrintLayerIndex{0}nPrintPassIndex{0}nProcLayerIndex{0}nPrtDataMemAddr{0}nPrtState{0}nReverse{System.Int32[]}nRevPrtCols{0}
LPPRINTER_INFO-LPDRVINFO:nFMVersion{0}nFpgaVersion{0}nPCBVersion{0}nState{0}nNextState{0}nPtvwarnState{0}nCrc32{0}nRevInfo{System.UInt32[]}nSignature{0}
2023-05-05 10:49:50,212 [AppLog] INFO : 创建：AutoPrintMotion1=》不需重新创建-手动操作！
2023-05-05 10:49:50,212 [AppLog] INFO : 进入：EquipmentMotionLogic3=》准备创建对象-手动操作！
2023-05-05 10:49:50,212 [AppLog] INFO : 进入：EquipmentMotionLogic3=》不需重新创建-手动操作！
2023-05-05 10:49:50,212 [AppLog] INFO : 进入：EquipmentMotionLogic3=》赋值完成自-AutoPrintMotion2！
2023-05-05 10:49:50,212 [AppLog] INFO : 进入：EquipmentMotionLogic3=》加载配置文件-LoadJsonFile成功！
2023-05-05 10:49:50,212 [AppLog] INFO : 进入：AutoPrintThread3！
2023-05-05 10:49:50,212 [AppLog] INFO : 准备读取编码器位置：X方向！
2023-05-05 10:49:50,212 [AppLog] INFO : 准备运动，当前位置：DEV_GetPrintEncoderValue：MoveDirectionFlag{false为Y方向：False}CurrentPos{26.68}AimPos{425}
2023-05-05 10:49:50,243 [AppLog] INFO : X方向运动开始：DEM_Run：返回值{True}nAxis{0}DirFlag{True}nSpeed{300000}MoveStep{398320}nCtlValue{2}
2023-05-05 10:49:52,131 [AppLog] INFO : X方向到位停止：DEM_StopAxisRun：返回值{True}CurrentPos{419.545}bImmeStop{False}nAxisMask{1}
2023-05-05 10:49:52,131 [AppLog] INFO : 准备读取编码器位置：Y方向！
2023-05-05 10:49:52,131 [AppLog] INFO : 准备运动，编码器当前位置：DEM_GetAxisEncodeVal：MoveDirectionFlag{false为Y方向：True}CurrentPos{157.48}AimPos{196.5}
2023-05-05 10:49:52,303 [AppLog] INFO : Y方向运动开始：DEM_Run：返回值{True}nAxis{1}DirFlag{True}nSpeed{300000}MoveStep{39093.78682}nCtlValue{1}
2023-05-05 10:49:52,396 [AppLog] INFO : Y方向到位停止：DEM_StopAxisRun：返回值{True}CurrentPos{193.255}bImmeStop{False}nAxisMask{2}
2023-05-05 10:49:52,396 [AppLog] INFO : 获取打印Pass数据：IDP_GetPassItem2：nLayerIndex{4}nPassID{4}nProcState{3}LPPassDataItemb:PrtDir{False}nDataTxCompleteCnt{1}nHwMemAdrMatchMask{1}nLayerIndex{4}nLayerPassCount{6}nLayerPassIndex{4}nMinJet0ImgLinePos{5475}nPrtMemHwAddr{System.UInt32[]}nPrtDataOffset{System.UInt32[]}nSrcDataSize{System.UInt32[]}nPrtColBytes{System.UInt32[]}nPrtPrecession{8}nSrcEndCols{8000}nSrcStartCols{0}nStartEncPos{76512}nValidPassJets{1280}nValidPrtCols{8310}nValidPrtCtlCnts{1}pDataBuf{0}pNextItem{683144224}
2023-05-05 10:49:52,396 [AppLog] INFO : 使能Pass打印成功：IDP_DoPassPrint2：nLayerIndex{4}nPassID{4}
2023-05-05 10:49:52,412 [AppLog] INFO : PASS打印前关键状态：DEV_GetDeviceInfo2：nLayerIndex{4}nPassID{4}LPPRINTER_INFO:nXSysEncDPI{0}nStatus{0}nPrintStatus{0}bSuperDevice{0}
LPPRINTER_INFO-LPPrtRunInfo:bJobPrtRuning{False}bLayerPrtIsOver{False}nContReqMemErr{0}nContWDErr{0}nCurPrtDir{0}nDTLayerIndex{0}nDTLayerPassIndex{0}nDTPtrCtlIndex{0}nLayerPassCount{0}nPrintLayerIndex{0}nPrintPassIndex{0}nProcLayerIndex{0}nPrtDataMemAddr{0}nPrtState{0}nReverse{System.Int32[]}nRevPrtCols{0}
LPPRINTER_INFO-LPDRVINFO:nFMVersion{0}nFpgaVersion{0}nPCBVersion{0}nState{0}nNextState{0}nPtvwarnState{0}nCrc32{0}nRevInfo{System.UInt32[]}nSignature{0}
2023-05-05 10:49:52,412 [AppLog] INFO : 创建：AutoPrintMotion1=》不需重新创建-手动操作！
2023-05-05 10:49:52,412 [AppLog] INFO : 进入：EquipmentMotionLogic3=》准备创建对象-手动操作！
2023-05-05 10:49:52,412 [AppLog] INFO : 进入：EquipmentMotionLogic3=》不需重新创建-手动操作！
2023-05-05 10:49:52,412 [AppLog] INFO : 进入：EquipmentMotionLogic3=》赋值完成自-AutoPrintMotion2！
2023-05-05 10:49:52,412 [AppLog] INFO : 进入：EquipmentMotionLogic3=》加载配置文件-LoadJsonFile成功！
2023-05-05 10:49:52,412 [AppLog] INFO : 进入：AutoPrintThread3！
2023-05-05 10:49:52,412 [AppLog] INFO : 准备读取编码器位置：X方向！
2023-05-05 10:49:52,412 [AppLog] INFO : 准备运动，当前位置：DEV_GetPrintEncoderValue：MoveDirectionFlag{false为Y方向：False}CurrentPos{423.34}AimPos{25}
2023-05-05 10:49:52,443 [AppLog] INFO : X方向运动开始：DEM_Run：返回值{True}nAxis{0}DirFlag{False}nSpeed{300000}MoveStep{-398340}nCtlValue{2}
2023-05-05 10:49:54,331 [AppLog] INFO : X方向到位停止：DEM_StopAxisRun：返回值{True}CurrentPos{30.225}bImmeStop{False}nAxisMask{1}
2023-05-05 10:49:54,331 [AppLog] INFO : 准备读取编码器位置：Y方向！
2023-05-05 10:49:54,331 [AppLog] INFO : 准备运动，编码器当前位置：DEM_GetAxisEncodeVal：MoveDirectionFlag{false为Y方向：True}CurrentPos{196.535}AimPos{211.521166666667}
2023-05-05 10:49:54,455 [AppLog] INFO : Y方向运动开始：DEM_Run：返回值{True}nAxis{1}DirFlag{True}nSpeed{300000}MoveStep{15014.5055078333}nCtlValue{1}
2023-05-05 10:49:54,518 [AppLog] INFO : Y方向到位停止：DEM_StopAxisRun：返回值{True}CurrentPos{209.455}bImmeStop{False}nAxisMask{2}
2023-05-05 10:49:54,518 [AppLog] INFO : 获取打印Pass数据：IDP_GetPassItem2：nLayerIndex{4}nPassID{5}nProcState{3}LPPassDataItemb:PrtDir{True}nDataTxCompleteCnt{1}nHwMemAdrMatchMask{1}nLayerIndex{4}nLayerPassCount{6}nLayerPassIndex{5}nMinJet0ImgLinePos{6755}nPrtMemHwAddr{System.UInt32[]}nPrtDataOffset{System.UInt32[]}nSrcDataSize{System.UInt32[]}nPrtColBytes{System.UInt32[]}nPrtPrecession{8}nSrcEndCols{8000}nSrcStartCols{0}nStartEncPos{10000}nValidPassJets{1280}nValidPrtCols{8310}nValidPrtCtlCnts{1}pDataBuf{0}pNextItem{0}
2023-05-05 10:49:54,533 [AppLog] INFO : 使能Pass打印成功：IDP_DoPassPrint2：nLayerIndex{4}nPassID{5}
2023-05-05 10:49:54,533 [AppLog] INFO : PASS打印前关键状态：DEV_GetDeviceInfo2：nLayerIndex{4}nPassID{5}LPPRINTER_INFO:nXSysEncDPI{0}nStatus{0}nPrintStatus{0}bSuperDevice{0}
LPPRINTER_INFO-LPPrtRunInfo:bJobPrtRuning{False}bLayerPrtIsOver{False}nContReqMemErr{0}nContWDErr{0}nCurPrtDir{0}nDTLayerIndex{0}nDTLayerPassIndex{0}nDTPtrCtlIndex{0}nLayerPassCount{0}nPrintLayerIndex{0}nPrintPassIndex{0}nProcLayerIndex{0}nPrtDataMemAddr{0}nPrtState{0}nReverse{System.Int32[]}nRevPrtCols{0}
LPPRINTER_INFO-LPDRVINFO:nFMVersion{0}nFpgaVersion{0}nPCBVersion{0}nState{0}nNextState{0}nPtvwarnState{0}nCrc32{0}nRevInfo{System.UInt32[]}nSignature{0}
2023-05-05 10:49:54,533 [AppLog] INFO : 创建：AutoPrintMotion1=》不需重新创建-手动操作！
2023-05-05 10:49:54,533 [AppLog] INFO : 进入：EquipmentMotionLogic3=》准备创建对象-手动操作！
2023-05-05 10:49:54,533 [AppLog] INFO : 进入：EquipmentMotionLogic3=》不需重新创建-手动操作！
2023-05-05 10:49:54,533 [AppLog] INFO : 进入：EquipmentMotionLogic3=》赋值完成自-AutoPrintMotion2！
2023-05-05 10:49:54,533 [AppLog] INFO : 进入：EquipmentMotionLogic3=》加载配置文件-LoadJsonFile成功！
2023-05-05 10:49:54,533 [AppLog] INFO : 进入：AutoPrintThread3！
2023-05-05 10:49:54,533 [AppLog] INFO : 准备读取编码器位置：X方向！
2023-05-05 10:49:54,533 [AppLog] INFO : 准备运动，当前位置：DEV_GetPrintEncoderValue：MoveDirectionFlag{false为Y方向：False}CurrentPos{26.71}AimPos{425}
2023-05-05 10:49:54,565 [AppLog] INFO : X方向运动开始：DEM_Run：返回值{True}nAxis{0}DirFlag{True}nSpeed{300000}MoveStep{398290}nCtlValue{2}
2023-05-05 10:49:56,452 [AppLog] INFO : X方向到位停止：DEM_StopAxisRun：返回值{True}CurrentPos{419.11}bImmeStop{False}nAxisMask{1}
2023-05-05 10:49:56,452 [AppLog] INFO : 准备读取编码器位置：X方向！
2023-05-05 10:49:56,452 [AppLog] INFO : 准备运动，当前位置：DEV_GetPrintEncoderValue：MoveDirectionFlag{false为Y方向：False}CurrentPos{419.29}AimPos{780}
2023-05-05 10:49:56,483 [AppLog] INFO : X方向运动开始：DEM_Run：返回值{True}nAxis{0}DirFlag{True}nSpeed{300000}MoveStep{360710}nCtlValue{2}
2023-05-05 10:49:56,546 [AppLog] INFO : 准备读取编码器位置：Y方向！
2023-05-05 10:49:56,561 [AppLog] INFO : 准备运动，编码器当前位置：DEM_GetAxisEncodeVal：MoveDirectionFlag{false为Y方向：True}CurrentPos{211.53}AimPos{121}
2023-05-05 10:49:56,920 [AppLog] INFO : Y方向运动开始：DEM_Run：返回值{True}nAxis{1}DirFlag{False}nSpeed{300000}MoveStep{-90701.19223}nCtlValue{1}
2023-05-05 10:49:58,231 [AppLog] INFO : Y方向到位等停：DEM_StopAxisRun：返回值{True}bImmeStop{False}nAxisMask{1}
2023-05-05 10:49:58,246 [AppLog] INFO : X方向到位等停：DEM_StopAxisRun：返回值{True}bImmeStop{False}nAxisMask{2}
2023-05-05 10:49:58,262 [AppLog] INFO : 开启闪喷操作：IDP_FlashPrtCtl：返回值{True}
2023-05-05 10:49:58,262 [AppLog] INFO : 进入：EquipmentMotionLogic3=》准备创建对象-手动操作！
2023-05-05 10:49:58,262 [AppLog] INFO : 进入：EquipmentMotionLogic3=》不需重新创建-手动操作！
2023-05-05 10:49:58,262 [AppLog] INFO : 进入：EquipmentMotionLogic3=》赋值完成自-AutoPrintMotion2！
2023-05-05 10:49:58,262 [AppLog] INFO : 进入：EquipmentMotionLogic3=》加载配置文件-LoadJsonFile成功！
2023-05-05 10:49:58,262 [AppLog] INFO : 进入自动铺粉逻辑：NewAutoSupplyPowderThread2
2023-05-05 10:49:58,355 [AppLog] INFO : 手动正向点动指令（8轴运控板卡系统） ====》：输出AXIS{第1轴},点动量{-0.13MM},运动速度{2MM/s}
2023-05-05 10:49:58,355 [AppLog] INFO : 成形面高度下降层厚 TrapSpace{0.13mm}：TrapMoveUp(1, true, Convert.ToString(vel), Convert.ToString(TrapSpace), true, true）
2023-05-05 10:49:59,120 [AppLog] INFO : 手动正向点动指令（8轴运控板卡系统） ====》：输出AXIS{第1轴},点动量{-1.5MM},运动速度{2MM/s}
2023-05-05 10:49:59,120 [AppLog] INFO : 成形面高度下降指定厚度 TrapSpace{1.5mm}：TrapMoveUp(1, true, Convert.ToString(vel), Convert.ToString(TrapSpace), true, true）
2023-05-05 10:49:59,900 [AppLog] INFO : 手动正向点动指令（8轴运控板卡系统） ====》：输出AXIS{第1轴},点动量{1.5MM},运动速度{2MM/s}
2023-05-05 10:49:59,900 [AppLog] INFO : 成形面高度上升层厚 TrapSpace{1.5mm}：TrapMoveUp(1, true, Convert.ToString(vel), Convert.ToString(TrapSpace), true, true）
2023-05-05 10:50:00,118 [AppLog] INFO : 手动正向点动指令（8轴运控板卡系统） ====》：输出AXIS{第8轴},点动量{0.5MM},运动速度{2.5MM/s}
2023-05-05 10:50:00,118 [AppLog] INFO : Hopper落粉轴转2圈落粉，速度0.5rev/s：TrapMoveUp(8, true, 0.5, rotateNuM.ToString(), true, false)
2023-05-05 10:50:01,132 [AppLog] INFO : 开启铺粉车不等停运动，准备运动至准备打印位置215mm，速度250mm/s：BackToStation2
2023-05-05 10:50:01,990 [AppLog] INFO : 手动正向点动指令（8轴运控板卡系统） ====》：输出AXIS{第2轴},点动量{216.5MM},运动速度{250MM/s}
2023-05-05 10:50:01,990 [AppLog] INFO : 当前铺粉车位置：打印位置215mm
2023-05-05 10:50:01,990 [AppLog] INFO : 手动正向点动指令（8轴运控板卡系统） ====》：输出AXIS{第2轴},点动量{480MM},运动速度{25MM/s}
2023-05-05 10:50:01,990 [AppLog] INFO : 开启铺粉车不等停运动至准备打印位置695mm，速度25mm/s：BackToStation2
2023-05-05 10:50:02,115 [AppLog] INFO : 打开IR灯：OpenIRLamp(true)
2023-05-05 10:50:02,255 [AppLog] INFO : 手动正向点动指令（8轴运控板卡系统） ====》：输出AXIS{第3轴},点动量{0.125MM},运动速度{1MM/s}
2023-05-05 10:50:02,255 [AppLog] INFO : 在{40mm}处，落粉轴运动{45度}，落粉轴转速{1rev/s}：TrapMoveUp(3, true, Convert.ToString(DispenseRollerSpeed), 0.5, true, true)
2023-05-05 10:50:02,255 [AppLog] INFO : 手动正向点动指令（8轴运控板卡系统） ====》：输出AXIS{第3轴},点动量{0.5MM},运动速度{0.0376712328767123MM/s}
2023-05-05 10:50:02,255 [AppLog] INFO : 开启均匀落粉及辊子铺平运动：TrapMoveUp(3, true, Convert.ToString(DispenseRollerSpeed), 0.5, true, true)
2023-05-05 10:50:13,924 [AppLog] INFO : 关闭IR灯：OpenIRLamp(false)
2023-05-05 10:50:18,464 [AppLog] INFO : 手动正向点动指令（8轴运控板卡系统） ====》：输出AXIS{第3轴},点动量{0.5MM},运动速度{2MM/s}
2023-05-05 10:50:18,464 [AppLog] INFO : 落粉轴继续转动以倒掉余粉：TrapMoveUp(3, true, 2, 0.5, true, false)
2023-05-05 10:50:21,974 [AppLog] INFO : 手动正向点动指令（8轴运控板卡系统） ====》：输出AXIS{第1轴},点动量{-1.5MM},运动速度{2MM/s}
2023-05-05 10:50:21,974 [AppLog] INFO : 成形面高度下降指定厚度 TrapSpace{1.5mm}：TrapMoveUp(1, true, Convert.ToString(vel), Convert.ToString(TrapSpace), true, true）
2023-05-05 10:50:24,766 [AppLog] INFO : 手动正向点动指令（8轴运控板卡系统） ====》：输出AXIS{第2轴},点动量{-696.5MM},运动速度{250MM/s}
2023-05-05 10:50:24,766 [AppLog] INFO : 铺粉车返回至站1：BackToStation2(AimPos, MovSpeed, true)：-1.5mm，速度250mm/s：BackToStation2
2023-05-05 10:50:25,546 [AppLog] INFO : 落粉轴回零成功：motionMap.SetBackSpreaderAxis(3, 0.5, 2, -SinkPosition)：ReturnCode{True}
2023-05-05 10:50:26,311 [AppLog] INFO : 手动正向点动指令（8轴运控板卡系统） ====》：输出AXIS{第1轴},点动量{1.5MM},运动速度{2MM/s}
2023-05-05 10:50:26,311 [AppLog] INFO : 成形面高度上升层厚 TrapSpace{1.5mm}：TrapMoveUp(1, true, Convert.ToString(vel), Convert.ToString(TrapSpace), true, true）
2023-05-05 10:50:26,311 [AppLog] INFO : 自动铺粉正常结束：NewAutoSupplyPowderThread2
2023-05-05 10:50:26,311 [AppLog] INFO : 发送监控指令，拍照记录1条：SendMessageFromSharedMemory
2023-05-05 10:50:26,311 [AppLog] INFO : 执行完成铺粉固化操作：EquipmentMotionLogic3：m_bApplyPowderSupplyMotion:0
2023-05-05 10:50:26,311 [AppLog] INFO : 接收到恢复打印指令：PrintTaskTHREAD
2023-05-05 10:50:26,311 [AppLog] INFO : 获取打印Pass数据：IDP_GetPassItem2：nLayerIndex{5}nPassID{0}nProcState{3}LPPassDataItemb:PrtDir{False}nDataTxCompleteCnt{1}nHwMemAdrMatchMask{1}nLayerIndex{5}nLayerPassCount{6}nLayerPassIndex{0}nMinJet0ImgLinePos{355}nPrtMemHwAddr{System.UInt32[]}nPrtDataOffset{System.UInt32[]}nSrcDataSize{System.UInt32[]}nPrtColBytes{System.UInt32[]}nPrtPrecession{8}nSrcEndCols{8000}nSrcStartCols{0}nStartEncPos{76512}nValidPassJets{1280}nValidPrtCols{8310}nValidPrtCtlCnts{1}pDataBuf{0}pNextItem{683144544}
2023-05-05 10:50:26,326 [AppLog] INFO : 准备处理第6层数据：准备调用RenderToWic，index为6，subindex为0，g_nRePrintTimes为1，起始层为0
2023-05-05 10:50:26,326 [AppLog] INFO : 使能Pass打印成功：IDP_DoPassPrint2：nLayerIndex{5}nPassID{0}
2023-05-05 10:50:26,326 [AppLog] INFO : PASS打印前关键状态：DEV_GetDeviceInfo2：nLayerIndex{5}nPassID{0}LPPRINTER_INFO:nXSysEncDPI{0}nStatus{0}nPrintStatus{0}bSuperDevice{0}
LPPRINTER_INFO-LPPrtRunInfo:bJobPrtRuning{False}bLayerPrtIsOver{False}nContReqMemErr{0}nContWDErr{0}nCurPrtDir{0}nDTLayerIndex{0}nDTLayerPassIndex{0}nDTPtrCtlIndex{0}nLayerPassCount{0}nPrintLayerIndex{0}nPrintPassIndex{0}nProcLayerIndex{0}nPrtDataMemAddr{0}nPrtState{0}nReverse{System.Int32[]}nRevPrtCols{0}
LPPRINTER_INFO-LPDRVINFO:nFMVersion{0}nFpgaVersion{0}nPCBVersion{0}nState{0}nNextState{0}nPtvwarnState{0}nCrc32{0}nRevInfo{System.UInt32[]}nSignature{0}
2023-05-05 10:50:26,326 [AppLog] INFO : 创建：AutoPrintMotion1=》不需重新创建-手动操作！
2023-05-05 10:50:26,326 [AppLog] INFO : 进入：EquipmentMotionLogic3=》准备创建对象-手动操作！
2023-05-05 10:50:26,326 [AppLog] INFO : 进入：EquipmentMotionLogic3=》不需重新创建-手动操作！
2023-05-05 10:50:26,326 [AppLog] INFO : 进入：EquipmentMotionLogic3=》赋值完成自-AutoPrintMotion2！
2023-05-05 10:50:26,326 [AppLog] INFO : 进入：EquipmentMotionLogic3=》加载配置文件-LoadJsonFile成功！
2023-05-05 10:50:26,326 [AppLog] INFO : 进入自动清洗过程：AutoCleanThread
2023-05-05 10:50:26,404 [AppLog] INFO : 完成处理第6层数据：准备调用DrawLayerBMP，index为6，起始层为0
2023-05-05 10:50:26,404 [AppLog] INFO : 完成处理第6层数据：准备调用DrawLayerBMP，index为6，起始层为0
2023-05-05 10:50:26,701 [AppLog] INFO : 刮墨轴回零成功：motionMap.SetBackSpreaderAxis(4, 1, 2, -SinkHomePosition)
2023-05-05 10:50:26,701 [AppLog] INFO : 准备读取编码器位置：Y方向！
2023-05-05 10:50:26,701 [AppLog] INFO : 准备运动，编码器当前位置：DEM_GetAxisEncodeVal：MoveDirectionFlag{false为Y方向：True}CurrentPos{121.08}AimPos{116}
2023-05-05 10:50:26,825 [AppLog] INFO : Y方向运动开始：DEM_Run：返回值{True}nAxis{1}DirFlag{False}nSpeed{300000}MoveStep{-5089.60628}nCtlValue{1}
2023-05-05 10:50:26,872 [AppLog] INFO : 作业写入成功：IDP_WriteImgLayerData：bpp:{1bit}灰阶:{1阶}nLayerIndex{7}LayerIndex{6}SubIndex{1}RePrintTimes{1}nBytesPerLine{1004}nWidth{8001}nHeight{7680}nXEncOff{0}nYJetOff{355}nImgStartJetIndex{0}nXDPI{635}nYDPI{600}nPrtDir{0} nPrtFlag{1}nColorCnts{1}nReserved{System.Int32[]}
2023-05-05 10:50:26,888 [AppLog] INFO : 完成处理第6层数据：准备调用RenderToWic，index为6，subindex为0，g_nRePrintTimes为1，起始层为0
2023-05-05 10:50:26,888 [AppLog] INFO : Y方向到位停止：DEM_StopAxisRun：返回值{True}CurrentPos{116.505}bImmeStop{False}nAxisMask{2}
2023-05-05 10:50:26,888 [AppLog] INFO : 准备读取编码器位置：X方向！
2023-05-05 10:50:26,888 [AppLog] INFO : 准备运动，当前位置：DEV_GetPrintEncoderValue：MoveDirectionFlag{false为Y方向：False}CurrentPos{783.985}AimPos{780}
2023-05-05 10:50:26,919 [AppLog] INFO : X方向运动开始：DEM_Run：返回值{True}nAxis{0}DirFlag{False}nSpeed{300000}MoveStep{-3985.00000000001}nCtlValue{2}
2023-05-05 10:50:27,122 [AppLog] INFO : X方向到位停止：DEM_StopAxisRun：返回值{True}CurrentPos{781.89}bImmeStop{False}nAxisMask{1}
2023-05-05 10:50:28,105 [AppLog] INFO : 开启闪喷： IDP_FlashPrtCtl(true)：ReturnCode{True}
2023-05-05 10:50:28,105 [AppLog] INFO : 开启压墨： motionMap.SetDo(13, true)
2023-05-05 10:50:30,117 [AppLog] INFO : 关闭压墨： motionMap.SetDo(13, true)
2023-05-05 10:50:30,117 [AppLog] INFO : 压墨等待开启：{3S}
2023-05-05 10:50:33,128 [AppLog] INFO : 压墨等待完成：{3S}
2023-05-05 10:50:33,128 [AppLog] INFO : 开启闪喷： IDP_FlashPrtCtl(false)：ReturnCode{True}
2023-05-05 10:50:33,128 [AppLog] INFO : 准备读取编码器位置：X方向！
2023-05-05 10:50:33,128 [AppLog] INFO : 准备运动，当前位置：DEV_GetPrintEncoderValue：MoveDirectionFlag{false为Y方向：False}CurrentPos{780.33}AimPos{680}
2023-05-05 10:50:33,159 [AppLog] INFO : X方向运动开始：DEM_Run：返回值{True}nAxis{0}DirFlag{False}nSpeed{200000}MoveStep{-100330}nCtlValue{2}
2023-05-05 10:50:34,033 [AppLog] INFO : X方向到位停止：DEM_StopAxisRun：返回值{True}CurrentPos{683.585}bImmeStop{False}nAxisMask{1}
2023-05-05 10:50:34,485 [AppLog] INFO : 结束自动清洗过程：AutoCleanThread
2023-05-05 10:50:34,485 [AppLog] INFO : 进入：EquipmentMotionLogic3=》准备创建对象-手动操作！
2023-05-05 10:50:34,485 [AppLog] INFO : 进入：EquipmentMotionLogic3=》不需重新创建-手动操作！
2023-05-05 10:50:34,485 [AppLog] INFO : 进入：EquipmentMotionLogic3=》赋值完成自-AutoPrintMotion2！
2023-05-05 10:50:34,485 [AppLog] INFO : 进入：EquipmentMotionLogic3=》加载配置文件-LoadJsonFile成功！
2023-05-05 10:50:34,485 [AppLog] INFO : 进入：AutoPrintThread3！
2023-05-05 10:50:34,485 [AppLog] INFO : 关闭闪喷操作：IDP_FlashPrtCtl：返回值{True}
2023-05-05 10:50:34,485 [AppLog] INFO : 准备读取编码器位置：Y方向！
2023-05-05 10:50:34,485 [AppLog] INFO : 准备运动，编码器当前位置：DEM_GetAxisEncodeVal：MoveDirectionFlag{false为Y方向：True}CurrentPos{115.975}AimPos{91}
2023-05-05 10:50:34,625 [AppLog] INFO : Y方向运动开始：DEM_Run：返回值{True}nAxis{1}DirFlag{False}nSpeed{300000}MoveStep{-25022.227725}nCtlValue{1}
2023-05-05 10:50:34,688 [AppLog] INFO : 准备读取编码器位置：X方向！
2023-05-05 10:50:34,688 [AppLog] INFO : 准备运动，当前位置：DEV_GetPrintEncoderValue：MoveDirectionFlag{false为Y方向：False}CurrentPos{680.38}AimPos{425}
2023-05-05 10:50:34,719 [AppLog] INFO : X方向运动开始：DEM_Run：返回值{True}nAxis{0}DirFlag{False}nSpeed{300000}MoveStep{-255380}nCtlValue{2}
2023-05-05 10:50:36,123 [AppLog] INFO : X方向到位停止：DEM_StopAxisRun：返回值{True}CurrentPos{429.43}bImmeStop{False}nAxisMask{1}
2023-05-05 10:50:36,123 [AppLog] INFO : 准备读取编码器位置：X方向！
2023-05-05 10:50:36,123 [AppLog] INFO : 准备运动，当前位置：DEV_GetPrintEncoderValue：MoveDirectionFlag{false为Y方向：False}CurrentPos{429.335}AimPos{25}
2023-05-05 10:50:36,154 [AppLog] INFO : X方向运动开始：DEM_Run：返回值{True}nAxis{0}DirFlag{False}nSpeed{300000}MoveStep{-404335}nCtlValue{2}
2023-05-05 10:50:38,042 [AppLog] INFO : X方向到位停止：DEM_StopAxisRun：返回值{True}CurrentPos{26.24}bImmeStop{False}nAxisMask{1}
2023-05-05 10:50:38,042 [AppLog] INFO : 准备读取编码器位置：Y方向！
2023-05-05 10:50:38,042 [AppLog] INFO : 准备运动，编码器当前位置：DEM_GetAxisEncodeVal：MoveDirectionFlag{false为Y方向：True}CurrentPos{91}AimPos{101.021166666667}
2023-05-05 10:50:38,167 [AppLog] INFO : Y方向运动开始：DEM_Run：返回值{True}nAxis{1}DirFlag{True}nSpeed{300000}MoveStep{10040.1166928333}nCtlValue{1}
2023-05-05 10:50:38,229 [AppLog] INFO : Y方向到位停止：DEM_StopAxisRun：返回值{True}CurrentPos{99.69}bImmeStop{False}nAxisMask{2}
2023-05-05 10:50:38,229 [AppLog] INFO : 获取打印Pass数据：IDP_GetPassItem2：nLayerIndex{5}nPassID{1}nProcState{3}LPPassDataItemb:PrtDir{True}nDataTxCompleteCnt{1}nHwMemAdrMatchMask{1}nLayerIndex{5}nLayerPassCount{6}nLayerPassIndex{1}nMinJet0ImgLinePos{1635}nPrtMemHwAddr{System.UInt32[]}nPrtDataOffset{System.UInt32[]}nSrcDataSize{System.UInt32[]}nPrtColBytes{System.UInt32[]}nPrtPrecession{8}nSrcEndCols{8000}nSrcStartCols{0}nStartEncPos{10000}nValidPassJets{1280}nValidPrtCols{8310}nValidPrtCtlCnts{1}pDataBuf{0}pNextItem{683144704}
2023-05-05 10:50:38,229 [AppLog] INFO : 使能Pass打印成功：IDP_DoPassPrint2：nLayerIndex{5}nPassID{1}
2023-05-05 10:50:38,245 [AppLog] INFO : PASS打印前关键状态：DEV_GetDeviceInfo2：nLayerIndex{5}nPassID{1}LPPRINTER_INFO:nXSysEncDPI{0}nStatus{0}nPrintStatus{0}bSuperDevice{0}
LPPRINTER_INFO-LPPrtRunInfo:bJobPrtRuning{False}bLayerPrtIsOver{False}nContReqMemErr{0}nContWDErr{0}nCurPrtDir{0}nDTLayerIndex{0}nDTLayerPassIndex{0}nDTPtrCtlIndex{0}nLayerPassCount{0}nPrintLayerIndex{0}nPrintPassIndex{0}nProcLayerIndex{0}nPrtDataMemAddr{0}nPrtState{0}nReverse{System.Int32[]}nRevPrtCols{0}
LPPRINTER_INFO-LPDRVINFO:nFMVersion{0}nFpgaVersion{0}nPCBVersion{0}nState{0}nNextState{0}nPtvwarnState{0}nCrc32{0}nRevInfo{System.UInt32[]}nSignature{0}
2023-05-05 10:50:38,245 [AppLog] INFO : 创建：AutoPrintMotion1=》不需重新创建-手动操作！
2023-05-05 10:50:38,245 [AppLog] INFO : 进入：EquipmentMotionLogic3=》准备创建对象-手动操作！
2023-05-05 10:50:38,245 [AppLog] INFO : 进入：EquipmentMotionLogic3=》不需重新创建-手动操作！
2023-05-05 10:50:38,245 [AppLog] INFO : 进入：EquipmentMotionLogic3=》赋值完成自-AutoPrintMotion2！
2023-05-05 10:50:38,245 [AppLog] INFO : 进入：EquipmentMotionLogic3=》加载配置文件-LoadJsonFile成功！
2023-05-05 10:50:38,245 [AppLog] INFO : 进入：AutoPrintThread3！
2023-05-05 10:50:38,245 [AppLog] INFO : 准备读取编码器位置：X方向！
2023-05-05 10:50:38,245 [AppLog] INFO : 准备运动，当前位置：DEV_GetPrintEncoderValue：MoveDirectionFlag{false为Y方向：False}CurrentPos{21.62}AimPos{425}
2023-05-05 10:50:38,276 [AppLog] INFO : X方向运动开始：DEM_Run：返回值{True}nAxis{0}DirFlag{True}nSpeed{300000}MoveStep{403380}nCtlValue{2}
2023-05-05 10:50:40,179 [AppLog] INFO : X方向到位停止：DEM_StopAxisRun：返回值{True}CurrentPos{419.915}bImmeStop{False}nAxisMask{1}
2023-05-05 10:50:40,179 [AppLog] INFO : 准备读取编码器位置：Y方向！
2023-05-05 10:50:40,179 [AppLog] INFO : 准备运动，编码器当前位置：DEM_GetAxisEncodeVal：MoveDirectionFlag{false为Y方向：True}CurrentPos{101}AimPos{145}
2023-05-05 10:50:40,366 [AppLog] INFO : Y方向运动开始：DEM_Run：返回值{True}nAxis{1}DirFlag{True}nSpeed{300000}MoveStep{44083.204}nCtlValue{1}
2023-05-05 10:50:40,429 [AppLog] INFO : Y方向到位停止：DEM_StopAxisRun：返回值{True}CurrentPos{137.21}bImmeStop{False}nAxisMask{2}
2023-05-05 10:50:40,429 [AppLog] INFO : 获取打印Pass数据：IDP_GetPassItem2：nLayerIndex{5}nPassID{2}nProcState{3}LPPassDataItemb:PrtDir{False}nDataTxCompleteCnt{1}nHwMemAdrMatchMask{1}nLayerIndex{5}nLayerPassCount{6}nLayerPassIndex{2}nMinJet0ImgLinePos{2915}nPrtMemHwAddr{System.UInt32[]}nPrtDataOffset{System.UInt32[]}nSrcDataSize{System.UInt32[]}nPrtColBytes{System.UInt32[]}nPrtPrecession{8}nSrcEndCols{8000}nSrcStartCols{0}nStartEncPos{76512}nValidPassJets{1280}nValidPrtCols{8310}nValidPrtCtlCnts{1}pDataBuf{0}pNextItem{683144864}
2023-05-05 10:50:40,429 [AppLog] INFO : 使能Pass打印成功：IDP_DoPassPrint2：nLayerIndex{5}nPassID{2}
2023-05-05 10:50:40,444 [AppLog] INFO : PASS打印前关键状态：DEV_GetDeviceInfo2：nLayerIndex{5}nPassID{2}LPPRINTER_INFO:nXSysEncDPI{0}nStatus{0}nPrintStatus{0}bSuperDevice{0}
LPPRINTER_INFO-LPPrtRunInfo:bJobPrtRuning{False}bLayerPrtIsOver{False}nContReqMemErr{0}nContWDErr{0}nCurPrtDir{0}nDTLayerIndex{0}nDTLayerPassIndex{0}nDTPtrCtlIndex{0}nLayerPassCount{0}nPrintLayerIndex{0}nPrintPassIndex{0}nProcLayerIndex{0}nPrtDataMemAddr{0}nPrtState{0}nReverse{System.Int32[]}nRevPrtCols{0}
LPPRINTER_INFO-LPDRVINFO:nFMVersion{0}nFpgaVersion{0}nPCBVersion{0}nState{0}nNextState{0}nPtvwarnState{0}nCrc32{0}nRevInfo{System.UInt32[]}nSignature{0}
2023-05-05 10:50:40,444 [AppLog] INFO : 创建：AutoPrintMotion1=》不需重新创建-手动操作！
2023-05-05 10:50:40,444 [AppLog] INFO : 进入：EquipmentMotionLogic3=》准备创建对象-手动操作！
2023-05-05 10:50:40,444 [AppLog] INFO : 进入：EquipmentMotionLogic3=》不需重新创建-手动操作！
2023-05-05 10:50:40,444 [AppLog] INFO : 进入：EquipmentMotionLogic3=》赋值完成自-AutoPrintMotion2！
2023-05-05 10:50:40,444 [AppLog] INFO : 进入：EquipmentMotionLogic3=》加载配置文件-LoadJsonFile成功！
2023-05-05 10:50:40,444 [AppLog] INFO : 进入：AutoPrintThread3！
2023-05-05 10:50:40,444 [AppLog] INFO : 准备读取编码器位置：X方向！
2023-05-05 10:50:40,444 [AppLog] INFO : 准备运动，当前位置：DEV_GetPrintEncoderValue：MoveDirectionFlag{false为Y方向：False}CurrentPos{423.345}AimPos{25}
2023-05-05 10:50:40,475 [AppLog] INFO : X方向运动开始：DEM_Run：返回值{True}nAxis{0}DirFlag{False}nSpeed{300000}MoveStep{-398345}nCtlValue{2}
2023-05-05 10:50:42,363 [AppLog] INFO : X方向到位停止：DEM_StopAxisRun：返回值{True}CurrentPos{29.88}bImmeStop{False}nAxisMask{1}
2023-05-05 10:50:42,363 [AppLog] INFO : 准备读取编码器位置：Y方向！
2023-05-05 10:50:42,363 [AppLog] INFO : 准备运动，编码器当前位置：DEM_GetAxisEncodeVal：MoveDirectionFlag{false为Y方向：True}CurrentPos{144.945}AimPos{155.021166666667}
2023-05-05 10:50:42,488 [AppLog] INFO : Y方向运动开始：DEM_Run：返回值{True}nAxis{1}DirFlag{True}nSpeed{300000}MoveStep{10095.2206978333}nCtlValue{1}
2023-05-05 10:50:42,550 [AppLog] INFO : Y方向到位停止：DEM_StopAxisRun：返回值{True}CurrentPos{153.785}bImmeStop{False}nAxisMask{2}
2023-05-05 10:50:42,550 [AppLog] INFO : 获取打印Pass数据：IDP_GetPassItem2：nLayerIndex{5}nPassID{3}nProcState{3}LPPassDataItemb:PrtDir{True}nDataTxCompleteCnt{1}nHwMemAdrMatchMask{1}nLayerIndex{5}nLayerPassCount{6}nLayerPassIndex{3}nMinJet0ImgLinePos{4195}nPrtMemHwAddr{System.UInt32[]}nPrtDataOffset{System.UInt32[]}nSrcDataSize{System.UInt32[]}nPrtColBytes{System.UInt32[]}nPrtPrecession{8}nSrcEndCols{8000}nSrcStartCols{0}nStartEncPos{10000}nValidPassJets{1280}nValidPrtCols{8310}nValidPrtCtlCnts{1}pDataBuf{0}pNextItem{683145024}
2023-05-05 10:50:42,566 [AppLog] INFO : 使能Pass打印成功：IDP_DoPassPrint2：nLayerIndex{5}nPassID{3}
2023-05-05 10:50:42,566 [AppLog] INFO : PASS打印前关键状态：DEV_GetDeviceInfo2：nLayerIndex{5}nPassID{3}LPPRINTER_INFO:nXSysEncDPI{0}nStatus{0}nPrintStatus{0}bSuperDevice{0}
LPPRINTER_INFO-LPPrtRunInfo:bJobPrtRuning{False}bLayerPrtIsOver{False}nContReqMemErr{0}nContWDErr{0}nCurPrtDir{0}nDTLayerIndex{0}nDTLayerPassIndex{0}nDTPtrCtlIndex{0}nLayerPassCount{0}nPrintLayerIndex{0}nPrintPassIndex{0}nProcLayerIndex{0}nPrtDataMemAddr{0}nPrtState{0}nReverse{System.Int32[]}nRevPrtCols{0}
LPPRINTER_INFO-LPDRVINFO:nFMVersion{0}nFpgaVersion{0}nPCBVersion{0}nState{0}nNextState{0}nPtvwarnState{0}nCrc32{0}nRevInfo{System.UInt32[]}nSignature{0}
2023-05-05 10:50:42,566 [AppLog] INFO : 创建：AutoPrintMotion1=》不需重新创建-手动操作！
2023-05-05 10:50:42,566 [AppLog] INFO : 进入：EquipmentMotionLogic3=》准备创建对象-手动操作！
2023-05-05 10:50:42,566 [AppLog] INFO : 进入：EquipmentMotionLogic3=》不需重新创建-手动操作！
2023-05-05 10:50:42,566 [AppLog] INFO : 进入：EquipmentMotionLogic3=》赋值完成自-AutoPrintMotion2！
2023-05-05 10:50:42,566 [AppLog] INFO : 进入：EquipmentMotionLogic3=》加载配置文件-LoadJsonFile成功！
2023-05-05 10:50:42,566 [AppLog] INFO : 进入：AutoPrintThread3！
2023-05-05 10:50:42,566 [AppLog] INFO : 准备读取编码器位置：X方向！
2023-05-05 10:50:42,566 [AppLog] INFO : 准备运动，当前位置：DEV_GetPrintEncoderValue：MoveDirectionFlag{false为Y方向：False}CurrentPos{26.665}AimPos{425}
2023-05-05 10:50:42,597 [AppLog] INFO : X方向运动开始：DEM_Run：返回值{True}nAxis{0}DirFlag{True}nSpeed{300000}MoveStep{398335}nCtlValue{2}
2023-05-05 10:50:44,453 [AppLog] INFO : X方向到位停止：DEM_StopAxisRun：返回值{True}CurrentPos{418.235}bImmeStop{False}nAxisMask{1}
2023-05-05 10:50:44,453 [AppLog] INFO : 准备读取编码器位置：Y方向！
2023-05-05 10:50:44,453 [AppLog] INFO : 准备运动，编码器当前位置：DEM_GetAxisEncodeVal：MoveDirectionFlag{false为Y方向：True}CurrentPos{154.995}AimPos{199}
2023-05-05 10:50:44,656 [AppLog] INFO : Y方向运动开始：DEM_Run：返回值{True}nAxis{1}DirFlag{True}nSpeed{300000}MoveStep{44088.213455}nCtlValue{1}
2023-05-05 10:50:44,719 [AppLog] INFO : Y方向到位停止：DEM_StopAxisRun：返回值{True}CurrentPos{191.25}bImmeStop{False}nAxisMask{2}
2023-05-05 10:50:44,719 [AppLog] INFO : 获取打印Pass数据：IDP_GetPassItem2：nLayerIndex{5}nPassID{4}nProcState{3}LPPassDataItemb:PrtDir{False}nDataTxCompleteCnt{1}nHwMemAdrMatchMask{1}nLayerIndex{5}nLayerPassCount{6}nLayerPassIndex{4}nMinJet0ImgLinePos{5475}nPrtMemHwAddr{System.UInt32[]}nPrtDataOffset{System.UInt32[]}nSrcDataSize{System.UInt32[]}nPrtColBytes{System.UInt32[]}nPrtPrecession{8}nSrcEndCols{8000}nSrcStartCols{0}nStartEncPos{76512}nValidPassJets{1280}nValidPrtCols{8310}nValidPrtCtlCnts{1}pDataBuf{0}pNextItem{683145184}
2023-05-05 10:50:44,719 [AppLog] INFO : 使能Pass打印成功：IDP_DoPassPrint2：nLayerIndex{5}nPassID{4}
2023-05-05 10:50:44,734 [AppLog] INFO : PASS打印前关键状态：DEV_GetDeviceInfo2：nLayerIndex{5}nPassID{4}LPPRINTER_INFO:nXSysEncDPI{0}nStatus{0}nPrintStatus{0}bSuperDevice{0}
LPPRINTER_INFO-LPPrtRunInfo:bJobPrtRuning{False}bLayerPrtIsOver{False}nContReqMemErr{0}nContWDErr{0}nCurPrtDir{0}nDTLayerIndex{0}nDTLayerPassIndex{0}nDTPtrCtlIndex{0}nLayerPassCount{0}nPrintLayerIndex{0}nPrintPassIndex{0}nProcLayerIndex{0}nPrtDataMemAddr{0}nPrtState{0}nReverse{System.Int32[]}nRevPrtCols{0}
LPPRINTER_INFO-LPDRVINFO:nFMVersion{0}nFpgaVersion{0}nPCBVersion{0}nState{0}nNextState{0}nPtvwarnState{0}nCrc32{0}nRevInfo{System.UInt32[]}nSignature{0}
2023-05-05 10:50:44,734 [AppLog] INFO : 创建：AutoPrintMotion1=》不需重新创建-手动操作！
2023-05-05 10:50:44,734 [AppLog] INFO : 进入：EquipmentMotionLogic3=》准备创建对象-手动操作！
2023-05-05 10:50:44,734 [AppLog] INFO : 进入：EquipmentMotionLogic3=》不需重新创建-手动操作！
2023-05-05 10:50:44,734 [AppLog] INFO : 进入：EquipmentMotionLogic3=》赋值完成自-AutoPrintMotion2！
2023-05-05 10:50:44,734 [AppLog] INFO : 进入：EquipmentMotionLogic3=》加载配置文件-LoadJsonFile成功！
2023-05-05 10:50:44,734 [AppLog] INFO : 进入：AutoPrintThread3！
2023-05-05 10:50:44,734 [AppLog] INFO : 准备读取编码器位置：X方向！
2023-05-05 10:50:44,734 [AppLog] INFO : 准备运动，当前位置：DEV_GetPrintEncoderValue：MoveDirectionFlag{false为Y方向：False}CurrentPos{423.34}AimPos{25}
2023-05-05 10:50:44,765 [AppLog] INFO : X方向运动开始：DEM_Run：返回值{True}nAxis{0}DirFlag{False}nSpeed{300000}MoveStep{-398340}nCtlValue{2}
2023-05-05 10:50:46,637 [AppLog] INFO : X方向到位停止：DEM_StopAxisRun：返回值{True}CurrentPos{31.04}bImmeStop{False}nAxisMask{1}
2023-05-05 10:50:46,637 [AppLog] INFO : 准备读取编码器位置：Y方向！
2023-05-05 10:50:46,637 [AppLog] INFO : 准备运动，编码器当前位置：DEM_GetAxisEncodeVal：MoveDirectionFlag{false为Y方向：True}CurrentPos{199.025}AimPos{209.021166666667}
2023-05-05 10:50:46,778 [AppLog] INFO : Y方向运动开始：DEM_Run：返回值{True}nAxis{1}DirFlag{True}nSpeed{300000}MoveStep{10015.0694178333}nCtlValue{1}
2023-05-05 10:50:46,840 [AppLog] INFO : Y方向到位停止：DEM_StopAxisRun：返回值{True}CurrentPos{207.95}bImmeStop{False}nAxisMask{2}
2023-05-05 10:50:46,840 [AppLog] INFO : 获取打印Pass数据：IDP_GetPassItem2：nLayerIndex{5}nPassID{5}nProcState{3}LPPassDataItemb:PrtDir{True}nDataTxCompleteCnt{1}nHwMemAdrMatchMask{1}nLayerIndex{5}nLayerPassCount{6}nLayerPassIndex{5}nMinJet0ImgLinePos{6755}nPrtMemHwAddr{System.UInt32[]}nPrtDataOffset{System.UInt32[]}nSrcDataSize{System.UInt32[]}nPrtColBytes{System.UInt32[]}nPrtPrecession{8}nSrcEndCols{8000}nSrcStartCols{0}nStartEncPos{10000}nValidPassJets{1280}nValidPrtCols{8310}nValidPrtCtlCnts{1}pDataBuf{0}pNextItem{0}
2023-05-05 10:50:46,856 [AppLog] INFO : 使能Pass打印成功：IDP_DoPassPrint2：nLayerIndex{5}nPassID{5}
2023-05-05 10:50:46,856 [AppLog] INFO : PASS打印前关键状态：DEV_GetDeviceInfo2：nLayerIndex{5}nPassID{5}LPPRINTER_INFO:nXSysEncDPI{0}nStatus{0}nPrintStatus{0}bSuperDevice{0}
LPPRINTER_INFO-LPPrtRunInfo:bJobPrtRuning{False}bLayerPrtIsOver{False}nContReqMemErr{0}nContWDErr{0}nCurPrtDir{0}nDTLayerIndex{0}nDTLayerPassIndex{0}nDTPtrCtlIndex{0}nLayerPassCount{0}nPrintLayerIndex{0}nPrintPassIndex{0}nProcLayerIndex{0}nPrtDataMemAddr{0}nPrtState{0}nReverse{System.Int32[]}nRevPrtCols{0}
LPPRINTER_INFO-LPDRVINFO:nFMVersion{0}nFpgaVersion{0}nPCBVersion{0}nState{0}nNextState{0}nPtvwarnState{0}nCrc32{0}nRevInfo{System.UInt32[]}nSignature{0}
2023-05-05 10:50:46,856 [AppLog] INFO : 创建：AutoPrintMotion1=》不需重新创建-手动操作！
2023-05-05 10:50:46,856 [AppLog] INFO : 进入：EquipmentMotionLogic3=》准备创建对象-手动操作！
2023-05-05 10:50:46,856 [AppLog] INFO : 进入：EquipmentMotionLogic3=》不需重新创建-手动操作！
2023-05-05 10:50:46,856 [AppLog] INFO : 进入：EquipmentMotionLogic3=》赋值完成自-AutoPrintMotion2！
2023-05-05 10:50:46,856 [AppLog] INFO : 进入：EquipmentMotionLogic3=》加载配置文件-LoadJsonFile成功！
2023-05-05 10:50:46,856 [AppLog] INFO : 进入：AutoPrintThread3！
2023-05-05 10:50:46,856 [AppLog] INFO : 准备读取编码器位置：X方向！
2023-05-05 10:50:46,856 [AppLog] INFO : 准备运动，当前位置：DEV_GetPrintEncoderValue：MoveDirectionFlag{false为Y方向：False}CurrentPos{26.69}AimPos{425}
2023-05-05 10:50:46,887 [AppLog] INFO : X方向运动开始：DEM_Run：返回值{True}nAxis{0}DirFlag{True}nSpeed{300000}MoveStep{398310}nCtlValue{2}
2023-05-05 10:50:48,759 [AppLog] INFO : X方向到位停止：DEM_StopAxisRun：返回值{True}CurrentPos{418.66}bImmeStop{False}nAxisMask{1}
2023-05-05 10:50:48,759 [AppLog] INFO : 准备读取编码器位置：X方向！
2023-05-05 10:50:48,759 [AppLog] INFO : 准备运动，当前位置：DEV_GetPrintEncoderValue：MoveDirectionFlag{false为Y方向：False}CurrentPos{418.755}AimPos{780}
2023-05-05 10:50:48,806 [AppLog] INFO : X方向运动开始：DEM_Run：返回值{True}nAxis{0}DirFlag{True}nSpeed{300000}MoveStep{361245}nCtlValue{2}
2023-05-05 10:50:48,868 [AppLog] INFO : 准备读取编码器位置：Y方向！
2023-05-05 10:50:48,868 [AppLog] INFO : 准备运动，编码器当前位置：DEM_GetAxisEncodeVal：MoveDirectionFlag{false为Y方向：True}CurrentPos{209}AimPos{121}
2023-05-05 10:50:49,211 [AppLog] INFO : Y方向运动开始：DEM_Run：返回值{True}nAxis{1}DirFlag{False}nSpeed{300000}MoveStep{-88166.408}nCtlValue{1}
2023-05-05 10:50:50,553 [AppLog] INFO : Y方向到位等停：DEM_StopAxisRun：返回值{True}bImmeStop{False}nAxisMask{1}
2023-05-05 10:50:50,569 [AppLog] INFO : X方向到位等停：DEM_StopAxisRun：返回值{True}bImmeStop{False}nAxisMask{2}
2023-05-05 10:50:50,584 [AppLog] INFO : 开启闪喷操作：IDP_FlashPrtCtl：返回值{True}
2023-05-05 10:50:50,584 [AppLog] INFO : 进入：EquipmentMotionLogic3=》准备创建对象-手动操作！
2023-05-05 10:50:50,584 [AppLog] INFO : 进入：EquipmentMotionLogic3=》不需重新创建-手动操作！
2023-05-05 10:50:50,584 [AppLog] INFO : 进入：EquipmentMotionLogic3=》赋值完成自-AutoPrintMotion2！
2023-05-05 10:50:50,584 [AppLog] INFO : 进入：EquipmentMotionLogic3=》加载配置文件-LoadJsonFile成功！
2023-05-05 10:50:50,584 [AppLog] INFO : 进入自动铺粉逻辑：NewAutoSupplyPowderThread2
2023-05-05 10:50:50,678 [AppLog] INFO : 手动正向点动指令（8轴运控板卡系统） ====》：输出AXIS{第1轴},点动量{-0.13MM},运动速度{2MM/s}
2023-05-05 10:50:50,678 [AppLog] INFO : 成形面高度下降层厚 TrapSpace{0.13mm}：TrapMoveUp(1, true, Convert.ToString(vel), Convert.ToString(TrapSpace), true, true）
2023-05-05 10:50:51,442 [AppLog] INFO : 手动正向点动指令（8轴运控板卡系统） ====》：输出AXIS{第1轴},点动量{-1.5MM},运动速度{2MM/s}
2023-05-05 10:50:51,442 [AppLog] INFO : 成形面高度下降指定厚度 TrapSpace{1.5mm}：TrapMoveUp(1, true, Convert.ToString(vel), Convert.ToString(TrapSpace), true, true）
2023-05-05 10:50:52,222 [AppLog] INFO : 手动正向点动指令（8轴运控板卡系统） ====》：输出AXIS{第1轴},点动量{1.5MM},运动速度{2MM/s}
2023-05-05 10:50:52,222 [AppLog] INFO : 成形面高度上升层厚 TrapSpace{1.5mm}：TrapMoveUp(1, true, Convert.ToString(vel), Convert.ToString(TrapSpace), true, true）
2023-05-05 10:50:52,425 [AppLog] INFO : 手动正向点动指令（8轴运控板卡系统） ====》：输出AXIS{第8轴},点动量{0.5MM},运动速度{2.5MM/s}
2023-05-05 10:50:52,441 [AppLog] INFO : Hopper落粉轴转2圈落粉，速度0.5rev/s：TrapMoveUp(8, true, 0.5, rotateNuM.ToString(), true, false)
2023-05-05 10:50:53,455 [AppLog] INFO : 开启铺粉车不等停运动，准备运动至准备打印位置215mm，速度250mm/s：BackToStation2
2023-05-05 10:50:54,313 [AppLog] INFO : 手动正向点动指令（8轴运控板卡系统） ====》：输出AXIS{第2轴},点动量{216.5MM},运动速度{250MM/s}
2023-05-05 10:50:54,313 [AppLog] INFO : 当前铺粉车位置：打印位置215mm
2023-05-05 10:50:54,313 [AppLog] INFO : 手动正向点动指令（8轴运控板卡系统） ====》：输出AXIS{第2轴},点动量{480MM},运动速度{25MM/s}
2023-05-05 10:50:54,313 [AppLog] INFO : 开启铺粉车不等停运动至准备打印位置695mm，速度25mm/s：BackToStation2
2023-05-05 10:50:54,437 [AppLog] INFO : 打开IR灯：OpenIRLamp(true)
2023-05-05 10:50:54,578 [AppLog] INFO : 手动正向点动指令（8轴运控板卡系统） ====》：输出AXIS{第3轴},点动量{0.125MM},运动速度{1MM/s}
2023-05-05 10:50:54,578 [AppLog] INFO : 在{40mm}处，落粉轴运动{45度}，落粉轴转速{1rev/s}：TrapMoveUp(3, true, Convert.ToString(DispenseRollerSpeed), 0.5, true, true)
2023-05-05 10:50:54,578 [AppLog] INFO : 手动正向点动指令（8轴运控板卡系统） ====》：输出AXIS{第3轴},点动量{0.5MM},运动速度{0.0376712328767123MM/s}
2023-05-05 10:50:54,578 [AppLog] INFO : 开启均匀落粉及辊子铺平运动：TrapMoveUp(3, true, Convert.ToString(DispenseRollerSpeed), 0.5, true, true)
2023-05-05 10:51:06,247 [AppLog] INFO : 关闭IR灯：OpenIRLamp(false)
2023-05-05 10:51:10,786 [AppLog] INFO : 手动正向点动指令（8轴运控板卡系统） ====》：输出AXIS{第3轴},点动量{0.5MM},运动速度{2MM/s}
2023-05-05 10:51:10,786 [AppLog] INFO : 落粉轴继续转动以倒掉余粉：TrapMoveUp(3, true, 2, 0.5, true, false)
2023-05-05 10:51:14,296 [AppLog] INFO : 手动正向点动指令（8轴运控板卡系统） ====》：输出AXIS{第1轴},点动量{-1.5MM},运动速度{2MM/s}
2023-05-05 10:51:14,296 [AppLog] INFO : 成形面高度下降指定厚度 TrapSpace{1.5mm}：TrapMoveUp(1, true, Convert.ToString(vel), Convert.ToString(TrapSpace), true, true）
2023-05-05 10:51:17,089 [AppLog] INFO : 手动正向点动指令（8轴运控板卡系统） ====》：输出AXIS{第2轴},点动量{-696.5MM},运动速度{250MM/s}
2023-05-05 10:51:17,089 [AppLog] INFO : 铺粉车返回至站1：BackToStation2(AimPos, MovSpeed, true)：-1.5mm，速度250mm/s：BackToStation2
2023-05-05 10:51:17,869 [AppLog] INFO : 落粉轴回零成功：motionMap.SetBackSpreaderAxis(3, 0.5, 2, -SinkPosition)：ReturnCode{True}
2023-05-05 10:51:18,633 [AppLog] INFO : 手动正向点动指令（8轴运控板卡系统） ====》：输出AXIS{第1轴},点动量{1.5MM},运动速度{2MM/s}
2023-05-05 10:51:18,633 [AppLog] INFO : 成形面高度上升层厚 TrapSpace{1.5mm}：TrapMoveUp(1, true, Convert.ToString(vel), Convert.ToString(TrapSpace), true, true）
2023-05-05 10:51:18,633 [AppLog] INFO : 自动铺粉正常结束：NewAutoSupplyPowderThread2
2023-05-05 10:51:18,633 [AppLog] INFO : 发送监控指令，拍照记录1条：SendMessageFromSharedMemory
2023-05-05 10:51:18,633 [AppLog] INFO : 执行完成铺粉固化操作：EquipmentMotionLogic3：m_bApplyPowderSupplyMotion:0
2023-05-05 10:51:18,633 [AppLog] INFO : 接收到恢复打印指令：PrintTaskTHREAD
2023-05-05 10:51:18,633 [AppLog] INFO : 获取打印Pass数据：IDP_GetPassItem2：nLayerIndex{6}nPassID{0}nProcState{3}LPPassDataItemb:PrtDir{False}nDataTxCompleteCnt{1}nHwMemAdrMatchMask{1}nLayerIndex{6}nLayerPassCount{6}nLayerPassIndex{0}nMinJet0ImgLinePos{355}nPrtMemHwAddr{System.UInt32[]}nPrtDataOffset{System.UInt32[]}nSrcDataSize{System.UInt32[]}nPrtColBytes{System.UInt32[]}nPrtPrecession{8}nSrcEndCols{8000}nSrcStartCols{0}nStartEncPos{76512}nValidPassJets{1280}nValidPrtCols{8310}nValidPrtCtlCnts{1}pDataBuf{0}pNextItem{683145344}
2023-05-05 10:51:18,649 [AppLog] INFO : 使能Pass打印成功：IDP_DoPassPrint2：nLayerIndex{6}nPassID{0}
2023-05-05 10:51:18,649 [AppLog] INFO : PASS打印前关键状态：DEV_GetDeviceInfo2：nLayerIndex{6}nPassID{0}LPPRINTER_INFO:nXSysEncDPI{0}nStatus{0}nPrintStatus{0}bSuperDevice{0}
LPPRINTER_INFO-LPPrtRunInfo:bJobPrtRuning{False}bLayerPrtIsOver{False}nContReqMemErr{0}nContWDErr{0}nCurPrtDir{0}nDTLayerIndex{0}nDTLayerPassIndex{0}nDTPtrCtlIndex{0}nLayerPassCount{0}nPrintLayerIndex{0}nPrintPassIndex{0}nProcLayerIndex{0}nPrtDataMemAddr{0}nPrtState{0}nReverse{System.Int32[]}nRevPrtCols{0}
LPPRINTER_INFO-LPDRVINFO:nFMVersion{0}nFpgaVersion{0}nPCBVersion{0}nState{0}nNextState{0}nPtvwarnState{0}nCrc32{0}nRevInfo{System.UInt32[]}nSignature{0}
2023-05-05 10:51:18,649 [AppLog] INFO : 创建：AutoPrintMotion1=》不需重新创建-手动操作！
2023-05-05 10:51:18,649 [AppLog] INFO : 进入：EquipmentMotionLogic3=》准备创建对象-手动操作！
2023-05-05 10:51:18,649 [AppLog] INFO : 进入：EquipmentMotionLogic3=》不需重新创建-手动操作！
2023-05-05 10:51:18,649 [AppLog] INFO : 进入：EquipmentMotionLogic3=》赋值完成自-AutoPrintMotion2！
2023-05-05 10:51:18,649 [AppLog] INFO : 进入：EquipmentMotionLogic3=》加载配置文件-LoadJsonFile成功！
2023-05-05 10:51:18,649 [AppLog] INFO : 进入自动清洗过程：AutoCleanThread
2023-05-05 10:51:18,883 [AppLog] INFO : 准备处理第7层数据：准备调用RenderToWic，index为7，subindex为0，g_nRePrintTimes为1，起始层为0
2023-05-05 10:51:18,961 [AppLog] INFO : 完成处理第7层数据：准备调用DrawLayerBMP，index为7，起始层为0
2023-05-05 10:51:18,961 [AppLog] INFO : 完成处理第7层数据：准备调用DrawLayerBMP，index为7，起始层为0
2023-05-05 10:51:19,023 [AppLog] INFO : 刮墨轴回零成功：motionMap.SetBackSpreaderAxis(4, 1, 2, -SinkHomePosition)
2023-05-05 10:51:19,023 [AppLog] INFO : 准备读取编码器位置：Y方向！
2023-05-05 10:51:19,039 [AppLog] INFO : 准备运动，编码器当前位置：DEM_GetAxisEncodeVal：MoveDirectionFlag{false为Y方向：True}CurrentPos{121.125}AimPos{116}
2023-05-05 10:51:19,179 [AppLog] INFO : Y方向运动开始：DEM_Run：返回值{True}nAxis{1}DirFlag{False}nSpeed{300000}MoveStep{-5134.691375}nCtlValue{1}
2023-05-05 10:51:19,241 [AppLog] INFO : Y方向到位停止：DEM_StopAxisRun：返回值{True}CurrentPos{116.48}bImmeStop{False}nAxisMask{2}
2023-05-05 10:51:19,241 [AppLog] INFO : 准备读取编码器位置：X方向！
2023-05-05 10:51:19,241 [AppLog] INFO : 准备运动，当前位置：DEV_GetPrintEncoderValue：MoveDirectionFlag{false为Y方向：False}CurrentPos{784.54}AimPos{780}
2023-05-05 10:51:19,273 [AppLog] INFO : X方向运动开始：DEM_Run：返回值{True}nAxis{0}DirFlag{False}nSpeed{300000}MoveStep{-4539.99999999996}nCtlValue{2}
2023-05-05 10:51:19,429 [AppLog] INFO : 作业写入成功：IDP_WriteImgLayerData：bpp:{1bit}灰阶:{1阶}nLayerIndex{8}LayerIndex{7}SubIndex{1}RePrintTimes{1}nBytesPerLine{1004}nWidth{8001}nHeight{7680}nXEncOff{0}nYJetOff{355}nImgStartJetIndex{0}nXDPI{635}nYDPI{600}nPrtDir{0} nPrtFlag{1}nColorCnts{1}nReserved{System.Int32[]}
2023-05-05 10:51:19,429 [AppLog] INFO : 完成处理第7层数据：准备调用RenderToWic，index为7，subindex为0，g_nRePrintTimes为1，起始层为0
2023-05-05 10:51:19,444 [AppLog] INFO : X方向到位停止：DEM_StopAxisRun：返回值{True}CurrentPos{783.38}bImmeStop{False}nAxisMask{1}
2023-05-05 10:51:20,427 [AppLog] INFO : 开启闪喷： IDP_FlashPrtCtl(true)：ReturnCode{True}
2023-05-05 10:51:20,427 [AppLog] INFO : 开启压墨： motionMap.SetDo(13, true)
2023-05-05 10:51:22,439 [AppLog] INFO : 关闭压墨： motionMap.SetDo(13, true)
2023-05-05 10:51:22,439 [AppLog] INFO : 压墨等待开启：{3S}
2023-05-05 10:51:25,450 [AppLog] INFO : 压墨等待完成：{3S}
2023-05-05 10:51:25,466 [AppLog] INFO : 开启闪喷： IDP_FlashPrtCtl(false)：ReturnCode{True}
2023-05-05 10:51:25,466 [AppLog] INFO : 准备读取编码器位置：X方向！
2023-05-05 10:51:25,481 [AppLog] INFO : 准备运动，当前位置：DEV_GetPrintEncoderValue：MoveDirectionFlag{false为Y方向：False}CurrentPos{780.345}AimPos{680}
2023-05-05 10:51:25,513 [AppLog] INFO : X方向运动开始：DEM_Run：返回值{True}nAxis{0}DirFlag{False}nSpeed{200000}MoveStep{-100345}nCtlValue{2}
2023-05-05 10:51:26,386 [AppLog] INFO : X方向到位停止：DEM_StopAxisRun：返回值{True}CurrentPos{683.59}bImmeStop{False}nAxisMask{1}
2023-05-05 10:51:26,839 [AppLog] INFO : 结束自动清洗过程：AutoCleanThread
2023-05-05 10:51:26,839 [AppLog] INFO : 进入：EquipmentMotionLogic3=》准备创建对象-手动操作！
2023-05-05 10:51:26,839 [AppLog] INFO : 进入：EquipmentMotionLogic3=》不需重新创建-手动操作！
2023-05-05 10:51:26,839 [AppLog] INFO : 进入：EquipmentMotionLogic3=》赋值完成自-AutoPrintMotion2！
2023-05-05 10:51:26,839 [AppLog] INFO : 进入：EquipmentMotionLogic3=》加载配置文件-LoadJsonFile成功！
2023-05-05 10:51:26,839 [AppLog] INFO : 进入：AutoPrintThread3！
2023-05-05 10:51:26,854 [AppLog] INFO : 关闭闪喷操作：IDP_FlashPrtCtl：返回值{True}
2023-05-05 10:51:26,854 [AppLog] INFO : 准备读取编码器位置：Y方向！
2023-05-05 10:51:26,854 [AppLog] INFO : 准备运动，编码器当前位置：DEM_GetAxisEncodeVal：MoveDirectionFlag{false为Y方向：True}CurrentPos{115.985}AimPos{93.5}
2023-05-05 10:51:26,979 [AppLog] INFO : Y方向运动开始：DEM_Run：返回值{True}nAxis{1}DirFlag{False}nSpeed{300000}MoveStep{-22527.519135}nCtlValue{1}
2023-05-05 10:51:27,041 [AppLog] INFO : 准备读取编码器位置：X方向！
2023-05-05 10:51:27,041 [AppLog] INFO : 准备运动，当前位置：DEV_GetPrintEncoderValue：MoveDirectionFlag{false为Y方向：False}CurrentPos{680.365}AimPos{425}
2023-05-05 10:51:27,073 [AppLog] INFO : X方向运动开始：DEM_Run：返回值{True}nAxis{0}DirFlag{False}nSpeed{300000}MoveStep{-255365}nCtlValue{2}
2023-05-05 10:51:28,492 [AppLog] INFO : X方向到位停止：DEM_StopAxisRun：返回值{True}CurrentPos{428.74}bImmeStop{False}nAxisMask{1}
2023-05-05 10:51:28,492 [AppLog] INFO : 准备读取编码器位置：X方向！
2023-05-05 10:51:28,492 [AppLog] INFO : 准备运动，当前位置：DEV_GetPrintEncoderValue：MoveDirectionFlag{false为Y方向：False}CurrentPos{428.575}AimPos{25}
2023-05-05 10:51:28,523 [AppLog] INFO : X方向运动开始：DEM_Run：返回值{True}nAxis{0}DirFlag{False}nSpeed{300000}MoveStep{-403575}nCtlValue{2}
2023-05-05 10:51:30,411 [AppLog] INFO : X方向到位停止：DEM_StopAxisRun：返回值{True}CurrentPos{26.02}bImmeStop{False}nAxisMask{1}
2023-05-05 10:51:30,411 [AppLog] INFO : 准备读取编码器位置：Y方向！
2023-05-05 10:51:30,411 [AppLog] INFO : 准备运动，编码器当前位置：DEM_GetAxisEncodeVal：MoveDirectionFlag{false为Y方向：True}CurrentPos{93.5}AimPos{98.5211666666667}
2023-05-05 10:51:30,629 [AppLog] INFO : Y方向运动开始：DEM_Run：返回值{False}nAxis{1}DirFlag{True}nSpeed{300000}MoveStep{5030.66169283334}nCtlValue{1}
2023-05-05 10:51:30,692 [AppLog] INFO : Y方向到位停止：DEM_StopAxisRun：返回值{True}CurrentPos{98.48}bImmeStop{False}nAxisMask{2}
2023-05-05 10:51:30,692 [AppLog] INFO : 获取打印Pass数据：IDP_GetPassItem2：nLayerIndex{6}nPassID{1}nProcState{3}LPPassDataItemb:PrtDir{True}nDataTxCompleteCnt{1}nHwMemAdrMatchMask{1}nLayerIndex{6}nLayerPassCount{6}nLayerPassIndex{1}nMinJet0ImgLinePos{1635}nPrtMemHwAddr{System.UInt32[]}nPrtDataOffset{System.UInt32[]}nSrcDataSize{System.UInt32[]}nPrtColBytes{System.UInt32[]}nPrtPrecession{8}nSrcEndCols{8000}nSrcStartCols{0}nStartEncPos{10000}nValidPassJets{1280}nValidPrtCols{8310}nValidPrtCtlCnts{1}pDataBuf{0}pNextItem{683145504}
2023-05-05 10:51:30,692 [AppLog] INFO : 使能Pass打印成功：IDP_DoPassPrint2：nLayerIndex{6}nPassID{1}
2023-05-05 10:51:30,707 [AppLog] INFO : PASS打印前关键状态：DEV_GetDeviceInfo2：nLayerIndex{6}nPassID{1}LPPRINTER_INFO:nXSysEncDPI{0}nStatus{0}nPrintStatus{0}bSuperDevice{0}
LPPRINTER_INFO-LPPrtRunInfo:bJobPrtRuning{False}bLayerPrtIsOver{False}nContReqMemErr{0}nContWDErr{0}nCurPrtDir{0}nDTLayerIndex{0}nDTLayerPassIndex{0}nDTPtrCtlIndex{0}nLayerPassCount{0}nPrintLayerIndex{0}nPrintPassIndex{0}nProcLayerIndex{0}nPrtDataMemAddr{0}nPrtState{0}nReverse{System.Int32[]}nRevPrtCols{0}
LPPRINTER_INFO-LPDRVINFO:nFMVersion{0}nFpgaVersion{0}nPCBVersion{0}nState{0}nNextState{0}nPtvwarnState{0}nCrc32{0}nRevInfo{System.UInt32[]}nSignature{0}
2023-05-05 10:51:30,707 [AppLog] INFO : 创建：AutoPrintMotion1=》不需重新创建-手动操作！
2023-05-05 10:51:30,707 [AppLog] INFO : 进入：EquipmentMotionLogic3=》准备创建对象-手动操作！
2023-05-05 10:51:30,707 [AppLog] INFO : 进入：EquipmentMotionLogic3=》不需重新创建-手动操作！
2023-05-05 10:51:30,707 [AppLog] INFO : 进入：EquipmentMotionLogic3=》赋值完成自-AutoPrintMotion2！
2023-05-05 10:51:30,707 [AppLog] INFO : 进入：EquipmentMotionLogic3=》加载配置文件-LoadJsonFile成功！
2023-05-05 10:51:30,707 [AppLog] INFO : 进入：AutoPrintThread3！
2023-05-05 10:51:30,707 [AppLog] INFO : 准备读取编码器位置：X方向！
2023-05-05 10:51:30,707 [AppLog] INFO : 准备运动，当前位置：DEV_GetPrintEncoderValue：MoveDirectionFlag{false为Y方向：False}CurrentPos{22.395}AimPos{425}
2023-05-05 10:51:30,739 [AppLog] INFO : X方向运动开始：DEM_Run：返回值{True}nAxis{0}DirFlag{True}nSpeed{300000}MoveStep{402605}nCtlValue{2}
2023-05-05 10:51:32,626 [AppLog] INFO : X方向到位停止：DEM_StopAxisRun：返回值{True}CurrentPos{419.205}bImmeStop{False}nAxisMask{1}
2023-05-05 10:51:32,626 [AppLog] INFO : 准备读取编码器位置：Y方向！
2023-05-05 10:51:32,626 [AppLog] INFO : 准备运动，编码器当前位置：DEM_GetAxisEncodeVal：MoveDirectionFlag{false为Y方向：True}CurrentPos{98.49}AimPos{147.5}
2023-05-05 10:51:32,829 [AppLog] INFO : Y方向运动开始：DEM_Run：返回值{True}nAxis{1}DirFlag{True}nSpeed{300000}MoveStep{49102.67791}nCtlValue{1}
2023-05-05 10:51:32,891 [AppLog] INFO : Y方向到位停止：DEM_StopAxisRun：返回值{True}CurrentPos{139.73}bImmeStop{False}nAxisMask{2}
2023-05-05 10:51:32,891 [AppLog] INFO : 获取打印Pass数据：IDP_GetPassItem2：nLayerIndex{6}nPassID{2}nProcState{3}LPPassDataItemb:PrtDir{False}nDataTxCompleteCnt{1}nHwMemAdrMatchMask{1}nLayerIndex{6}nLayerPassCount{6}nLayerPassIndex{2}nMinJet0ImgLinePos{2915}nPrtMemHwAddr{System.UInt32[]}nPrtDataOffset{System.UInt32[]}nSrcDataSize{System.UInt32[]}nPrtColBytes{System.UInt32[]}nPrtPrecession{8}nSrcEndCols{8000}nSrcStartCols{0}nStartEncPos{76512}nValidPassJets{1280}nValidPrtCols{8310}nValidPrtCtlCnts{1}pDataBuf{0}pNextItem{683145664}
2023-05-05 10:51:32,923 [AppLog] INFO : 使能Pass打印成功：IDP_DoPassPrint2：nLayerIndex{6}nPassID{2}
2023-05-05 10:51:32,923 [AppLog] INFO : PASS打印前关键状态：DEV_GetDeviceInfo2：nLayerIndex{6}nPassID{2}LPPRINTER_INFO:nXSysEncDPI{0}nStatus{0}nPrintStatus{0}bSuperDevice{0}
LPPRINTER_INFO-LPPrtRunInfo:bJobPrtRuning{False}bLayerPrtIsOver{False}nContReqMemErr{0}nContWDErr{0}nCurPrtDir{0}nDTLayerIndex{0}nDTLayerPassIndex{0}nDTPtrCtlIndex{0}nLayerPassCount{0}nPrintLayerIndex{0}nPrintPassIndex{0}nProcLayerIndex{0}nPrtDataMemAddr{0}nPrtState{0}nReverse{System.Int32[]}nRevPrtCols{0}
LPPRINTER_INFO-LPDRVINFO:nFMVersion{0}nFpgaVersion{0}nPCBVersion{0}nState{0}nNextState{0}nPtvwarnState{0}nCrc32{0}nRevInfo{System.UInt32[]}nSignature{0}
2023-05-05 10:51:32,923 [AppLog] INFO : 创建：AutoPrintMotion1=》不需重新创建-手动操作！
2023-05-05 10:51:32,923 [AppLog] INFO : 进入：EquipmentMotionLogic3=》准备创建对象-手动操作！
2023-05-05 10:51:32,923 [AppLog] INFO : 进入：EquipmentMotionLogic3=》不需重新创建-手动操作！
2023-05-05 10:51:32,923 [AppLog] INFO : 进入：EquipmentMotionLogic3=》赋值完成自-AutoPrintMotion2！
2023-05-05 10:51:32,923 [AppLog] INFO : 进入：EquipmentMotionLogic3=》加载配置文件-LoadJsonFile成功！
2023-05-05 10:51:32,923 [AppLog] INFO : 进入：AutoPrintThread3！
2023-05-05 10:51:32,923 [AppLog] INFO : 准备读取编码器位置：X方向！
2023-05-05 10:51:32,923 [AppLog] INFO : 准备运动，当前位置：DEV_GetPrintEncoderValue：MoveDirectionFlag{false为Y方向：False}CurrentPos{423.35}AimPos{25}
2023-05-05 10:51:32,969 [AppLog] INFO : X方向运动开始：DEM_Run：返回值{True}nAxis{0}DirFlag{False}nSpeed{300000}MoveStep{-398350}nCtlValue{2}
2023-05-05 10:51:34,841 [AppLog] INFO : X方向到位停止：DEM_StopAxisRun：返回值{True}CurrentPos{30.75}bImmeStop{False}nAxisMask{1}
2023-05-05 10:51:34,841 [AppLog] INFO : 准备读取编码器位置：Y方向！
2023-05-05 10:51:34,841 [AppLog] INFO : 准备运动，编码器当前位置：DEM_GetAxisEncodeVal：MoveDirectionFlag{false为Y方向：True}CurrentPos{147.435}AimPos{152.521166666667}
2023-05-05 10:51:34,982 [AppLog] INFO : Y方向运动开始：DEM_Run：返回值{True}nAxis{1}DirFlag{True}nSpeed{300000}MoveStep{5095.78460783332}nCtlValue{1}
2023-05-05 10:51:35,044 [AppLog] INFO : Y方向到位停止：DEM_StopAxisRun：返回值{True}CurrentPos{152.03}bImmeStop{False}nAxisMask{2}
2023-05-05 10:51:35,044 [AppLog] INFO : 获取打印Pass数据：IDP_GetPassItem2：nLayerIndex{6}nPassID{3}nProcState{3}LPPassDataItemb:PrtDir{True}nDataTxCompleteCnt{1}nHwMemAdrMatchMask{1}nLayerIndex{6}nLayerPassCount{6}nLayerPassIndex{3}nMinJet0ImgLinePos{4195}nPrtMemHwAddr{System.UInt32[]}nPrtDataOffset{System.UInt32[]}nSrcDataSize{System.UInt32[]}nPrtColBytes{System.UInt32[]}nPrtPrecession{8}nSrcEndCols{8000}nSrcStartCols{0}nStartEncPos{10000}nValidPassJets{1280}nValidPrtCols{8310}nValidPrtCtlCnts{1}pDataBuf{0}pNextItem{683145824}
2023-05-05 10:51:35,060 [AppLog] INFO : 使能Pass打印成功：IDP_DoPassPrint2：nLayerIndex{6}nPassID{3}
2023-05-05 10:51:35,060 [AppLog] INFO : PASS打印前关键状态：DEV_GetDeviceInfo2：nLayerIndex{6}nPassID{3}LPPRINTER_INFO:nXSysEncDPI{0}nStatus{0}nPrintStatus{0}bSuperDevice{0}
LPPRINTER_INFO-LPPrtRunInfo:bJobPrtRuning{False}bLayerPrtIsOver{False}nContReqMemErr{0}nContWDErr{0}nCurPrtDir{0}nDTLayerIndex{0}nDTLayerPassIndex{0}nDTPtrCtlIndex{0}nLayerPassCount{0}nPrintLayerIndex{0}nPrintPassIndex{0}nProcLayerIndex{0}nPrtDataMemAddr{0}nPrtState{0}nReverse{System.Int32[]}nRevPrtCols{0}
LPPRINTER_INFO-LPDRVINFO:nFMVersion{0}nFpgaVersion{0}nPCBVersion{0}nState{0}nNextState{0}nPtvwarnState{0}nCrc32{0}nRevInfo{System.UInt32[]}nSignature{0}
2023-05-05 10:51:35,060 [AppLog] INFO : 创建：AutoPrintMotion1=》不需重新创建-手动操作！
2023-05-05 10:51:35,060 [AppLog] INFO : 进入：EquipmentMotionLogic3=》准备创建对象-手动操作！
2023-05-05 10:51:35,060 [AppLog] INFO : 进入：EquipmentMotionLogic3=》不需重新创建-手动操作！
2023-05-05 10:51:35,060 [AppLog] INFO : 进入：EquipmentMotionLogic3=》赋值完成自-AutoPrintMotion2！
2023-05-05 10:51:35,060 [AppLog] INFO : 进入：EquipmentMotionLogic3=》加载配置文件-LoadJsonFile成功！
2023-05-05 10:51:35,060 [AppLog] INFO : 进入：AutoPrintThread3！
2023-05-05 10:51:35,060 [AppLog] INFO : 准备读取编码器位置：X方向！
2023-05-05 10:51:35,060 [AppLog] INFO : 准备运动，当前位置：DEV_GetPrintEncoderValue：MoveDirectionFlag{false为Y方向：False}CurrentPos{26.635}AimPos{425}
2023-05-05 10:51:35,091 [AppLog] INFO : X方向运动开始：DEM_Run：返回值{True}nAxis{0}DirFlag{True}nSpeed{300000}MoveStep{398365}nCtlValue{2}
2023-05-05 10:51:36,963 [AppLog] INFO : X方向到位停止：DEM_StopAxisRun：返回值{True}CurrentPos{418.675}bImmeStop{False}nAxisMask{1}
2023-05-05 10:51:36,963 [AppLog] INFO : 准备读取编码器位置：Y方向！
2023-05-05 10:51:36,963 [AppLog] INFO : 准备运动，编码器当前位置：DEM_GetAxisEncodeVal：MoveDirectionFlag{false为Y方向：True}CurrentPos{152.545}AimPos{201.5}
2023-05-05 10:51:37,166 [AppLog] INFO : Y方向运动开始：DEM_Run：返回值{True}nAxis{1}DirFlag{True}nSpeed{300000}MoveStep{49047.573905}nCtlValue{1}
2023-05-05 10:51:37,244 [AppLog] INFO : Y方向到位停止：DEM_StopAxisRun：返回值{True}CurrentPos{196.09}bImmeStop{False}nAxisMask{2}
2023-05-05 10:51:37,244 [AppLog] INFO : 获取打印Pass数据：IDP_GetPassItem2：nLayerIndex{6}nPassID{4}nProcState{3}LPPassDataItemb:PrtDir{False}nDataTxCompleteCnt{1}nHwMemAdrMatchMask{1}nLayerIndex{6}nLayerPassCount{6}nLayerPassIndex{4}nMinJet0ImgLinePos{5475}nPrtMemHwAddr{System.UInt32[]}nPrtDataOffset{System.UInt32[]}nSrcDataSize{System.UInt32[]}nPrtColBytes{System.UInt32[]}nPrtPrecession{8}nSrcEndCols{8000}nSrcStartCols{0}nStartEncPos{76512}nValidPassJets{1280}nValidPrtCols{8310}nValidPrtCtlCnts{1}pDataBuf{0}pNextItem{683145984}
2023-05-05 10:51:37,244 [AppLog] INFO : 使能Pass打印成功：IDP_DoPassPrint2：nLayerIndex{6}nPassID{4}
2023-05-05 10:51:37,259 [AppLog] INFO : PASS打印前关键状态：DEV_GetDeviceInfo2：nLayerIndex{6}nPassID{4}LPPRINTER_INFO:nXSysEncDPI{0}nStatus{0}nPrintStatus{0}bSuperDevice{0}
LPPRINTER_INFO-LPPrtRunInfo:bJobPrtRuning{False}bLayerPrtIsOver{False}nContReqMemErr{0}nContWDErr{0}nCurPrtDir{0}nDTLayerIndex{0}nDTLayerPassIndex{0}nDTPtrCtlIndex{0}nLayerPassCount{0}nPrintLayerIndex{0}nPrintPassIndex{0}nProcLayerIndex{0}nPrtDataMemAddr{0}nPrtState{0}nReverse{System.Int32[]}nRevPrtCols{0}
LPPRINTER_INFO-LPDRVINFO:nFMVersion{0}nFpgaVersion{0}nPCBVersion{0}nState{0}nNextState{0}nPtvwarnState{0}nCrc32{0}nRevInfo{System.UInt32[]}nSignature{0}
2023-05-05 10:51:37,259 [AppLog] INFO : 创建：AutoPrintMotion1=》不需重新创建-手动操作！
2023-05-05 10:51:37,259 [AppLog] INFO : 进入：EquipmentMotionLogic3=》准备创建对象-手动操作！
2023-05-05 10:51:37,259 [AppLog] INFO : 进入：EquipmentMotionLogic3=》不需重新创建-手动操作！
2023-05-05 10:51:37,259 [AppLog] INFO : 进入：EquipmentMotionLogic3=》赋值完成自-AutoPrintMotion2！
2023-05-05 10:51:37,259 [AppLog] INFO : 进入：EquipmentMotionLogic3=》加载配置文件-LoadJsonFile成功！
2023-05-05 10:51:37,259 [AppLog] INFO : 进入：AutoPrintThread3！
2023-05-05 10:51:37,259 [AppLog] INFO : 准备读取编码器位置：X方向！
2023-05-05 10:51:37,259 [AppLog] INFO : 准备运动，当前位置：DEV_GetPrintEncoderValue：MoveDirectionFlag{false为Y方向：False}CurrentPos{423.355}AimPos{25}
2023-05-05 10:51:37,291 [AppLog] INFO : X方向运动开始：DEM_Run：返回值{True}nAxis{0}DirFlag{False}nSpeed{300000}MoveStep{-398355}nCtlValue{2}
2023-05-05 10:51:39,163 [AppLog] INFO : X方向到位停止：DEM_StopAxisRun：返回值{True}CurrentPos{31.2}bImmeStop{False}nAxisMask{1}
2023-05-05 10:51:39,163 [AppLog] INFO : 准备读取编码器位置：Y方向！
2023-05-05 10:51:39,163 [AppLog] INFO : 准备运动，编码器当前位置：DEM_GetAxisEncodeVal：MoveDirectionFlag{false为Y方向：True}CurrentPos{201.51}AimPos{206.521166666667}
2023-05-05 10:51:39,381 [AppLog] INFO : Y方向运动开始：DEM_Run：返回值{False}nAxis{1}DirFlag{True}nSpeed{300000}MoveStep{5020.64278283333}nCtlValue{1}
2023-05-05 10:51:39,443 [AppLog] INFO : Y方向到位停止：DEM_StopAxisRun：返回值{True}CurrentPos{206.52}bImmeStop{False}nAxisMask{2}
2023-05-05 10:51:39,443 [AppLog] INFO : 获取打印Pass数据：IDP_GetPassItem2：nLayerIndex{6}nPassID{5}nProcState{3}LPPassDataItemb:PrtDir{True}nDataTxCompleteCnt{1}nHwMemAdrMatchMask{1}nLayerIndex{6}nLayerPassCount{6}nLayerPassIndex{5}nMinJet0ImgLinePos{6755}nPrtMemHwAddr{System.UInt32[]}nPrtDataOffset{System.UInt32[]}nSrcDataSize{System.UInt32[]}nPrtColBytes{System.UInt32[]}nPrtPrecession{8}nSrcEndCols{8000}nSrcStartCols{0}nStartEncPos{10000}nValidPassJets{1280}nValidPrtCols{8310}nValidPrtCtlCnts{1}pDataBuf{0}pNextItem{0}
2023-05-05 10:51:39,443 [AppLog] INFO : 使能Pass打印成功：IDP_DoPassPrint2：nLayerIndex{6}nPassID{5}
2023-05-05 10:51:39,459 [AppLog] INFO : PASS打印前关键状态：DEV_GetDeviceInfo2：nLayerIndex{6}nPassID{5}LPPRINTER_INFO:nXSysEncDPI{0}nStatus{0}nPrintStatus{0}bSuperDevice{0}
LPPRINTER_INFO-LPPrtRunInfo:bJobPrtRuning{False}bLayerPrtIsOver{False}nContReqMemErr{0}nContWDErr{0}nCurPrtDir{0}nDTLayerIndex{0}nDTLayerPassIndex{0}nDTPtrCtlIndex{0}nLayerPassCount{0}nPrintLayerIndex{0}nPrintPassIndex{0}nProcLayerIndex{0}nPrtDataMemAddr{0}nPrtState{0}nReverse{System.Int32[]}nRevPrtCols{0}
LPPRINTER_INFO-LPDRVINFO:nFMVersion{0}nFpgaVersion{0}nPCBVersion{0}nState{0}nNextState{0}nPtvwarnState{0}nCrc32{0}nRevInfo{System.UInt32[]}nSignature{0}
2023-05-05 10:51:39,459 [AppLog] INFO : 创建：AutoPrintMotion1=》不需重新创建-手动操作！
2023-05-05 10:51:39,459 [AppLog] INFO : 进入：EquipmentMotionLogic3=》准备创建对象-手动操作！
2023-05-05 10:51:39,459 [AppLog] INFO : 进入：EquipmentMotionLogic3=》不需重新创建-手动操作！
2023-05-05 10:51:39,459 [AppLog] INFO : 进入：EquipmentMotionLogic3=》赋值完成自-AutoPrintMotion2！
2023-05-05 10:51:39,459 [AppLog] INFO : 进入：EquipmentMotionLogic3=》加载配置文件-LoadJsonFile成功！
2023-05-05 10:51:39,459 [AppLog] INFO : 进入：AutoPrintThread3！
2023-05-05 10:51:39,459 [AppLog] INFO : 准备读取编码器位置：X方向！
2023-05-05 10:51:39,459 [AppLog] INFO : 准备运动，当前位置：DEV_GetPrintEncoderValue：MoveDirectionFlag{false为Y方向：False}CurrentPos{26.67}AimPos{425}
2023-05-05 10:51:39,490 [AppLog] INFO : X方向运动开始：DEM_Run：返回值{True}nAxis{0}DirFlag{True}nSpeed{300000}MoveStep{398330}nCtlValue{2}
2023-05-05 10:51:41,378 [AppLog] INFO : X方向到位停止：DEM_StopAxisRun：返回值{True}CurrentPos{418.865}bImmeStop{False}nAxisMask{1}
2023-05-05 10:51:41,378 [AppLog] INFO : 准备读取编码器位置：X方向！
2023-05-05 10:51:41,378 [AppLog] INFO : 准备运动，当前位置：DEV_GetPrintEncoderValue：MoveDirectionFlag{false为Y方向：False}CurrentPos{419.055}AimPos{780}
2023-05-05 10:51:41,409 [AppLog] INFO : X方向运动开始：DEM_Run：返回值{True}nAxis{0}DirFlag{True}nSpeed{300000}MoveStep{360945}nCtlValue{2}
2023-05-05 10:51:41,472 [AppLog] INFO : 准备读取编码器位置：Y方向！
2023-05-05 10:51:41,487 [AppLog] INFO : 准备运动，编码器当前位置：DEM_GetAxisEncodeVal：MoveDirectionFlag{false为Y方向：True}CurrentPos{206.525}AimPos{121}
2023-05-05 10:51:41,815 [AppLog] INFO : Y方向运动开始：DEM_Run：返回值{True}nAxis{1}DirFlag{False}nSpeed{300000}MoveStep{-85686.727775}nCtlValue{1}
2023-05-05 10:51:43,141 [AppLog] INFO : Y方向到位等停：DEM_StopAxisRun：返回值{True}bImmeStop{False}nAxisMask{1}
2023-05-05 10:51:43,156 [AppLog] INFO : X方向到位等停：DEM_StopAxisRun：返回值{True}bImmeStop{False}nAxisMask{2}
2023-05-05 10:51:43,172 [AppLog] INFO : 开启闪喷操作：IDP_FlashPrtCtl：返回值{True}
2023-05-05 10:51:43,172 [AppLog] INFO : 进入：EquipmentMotionLogic3=》准备创建对象-手动操作！
2023-05-05 10:51:43,172 [AppLog] INFO : 进入：EquipmentMotionLogic3=》不需重新创建-手动操作！
2023-05-05 10:51:43,172 [AppLog] INFO : 进入：EquipmentMotionLogic3=》赋值完成自-AutoPrintMotion2！
2023-05-05 10:51:43,172 [AppLog] INFO : 进入：EquipmentMotionLogic3=》加载配置文件-LoadJsonFile成功！
2023-05-05 10:51:43,172 [AppLog] INFO : 进入自动铺粉逻辑：NewAutoSupplyPowderThread2
2023-05-05 10:51:43,266 [AppLog] INFO : 手动正向点动指令（8轴运控板卡系统） ====》：输出AXIS{第1轴},点动量{-0.13MM},运动速度{2MM/s}
2023-05-05 10:51:43,266 [AppLog] INFO : 成形面高度下降层厚 TrapSpace{0.13mm}：TrapMoveUp(1, true, Convert.ToString(vel), Convert.ToString(TrapSpace), true, true）
2023-05-05 10:51:44,030 [AppLog] INFO : 手动正向点动指令（8轴运控板卡系统） ====》：输出AXIS{第1轴},点动量{-1.5MM},运动速度{2MM/s}
2023-05-05 10:51:44,030 [AppLog] INFO : 成形面高度下降指定厚度 TrapSpace{1.5mm}：TrapMoveUp(1, true, Convert.ToString(vel), Convert.ToString(TrapSpace), true, true）
2023-05-05 10:51:44,810 [AppLog] INFO : 手动正向点动指令（8轴运控板卡系统） ====》：输出AXIS{第1轴},点动量{1.5MM},运动速度{2MM/s}
2023-05-05 10:51:44,810 [AppLog] INFO : 成形面高度上升层厚 TrapSpace{1.5mm}：TrapMoveUp(1, true, Convert.ToString(vel), Convert.ToString(TrapSpace), true, true）
2023-05-05 10:51:45,013 [AppLog] INFO : 手动正向点动指令（8轴运控板卡系统） ====》：输出AXIS{第8轴},点动量{0.5MM},运动速度{2.5MM/s}
2023-05-05 10:51:45,028 [AppLog] INFO : Hopper落粉轴转2圈落粉，速度0.5rev/s：TrapMoveUp(8, true, 0.5, rotateNuM.ToString(), true, false)
2023-05-05 10:51:46,042 [AppLog] INFO : 开启铺粉车不等停运动，准备运动至准备打印位置215mm，速度250mm/s：BackToStation2
2023-05-05 10:51:46,900 [AppLog] INFO : 手动正向点动指令（8轴运控板卡系统） ====》：输出AXIS{第2轴},点动量{216.5MM},运动速度{250MM/s}
2023-05-05 10:51:46,900 [AppLog] INFO : 当前铺粉车位置：打印位置215mm
2023-05-05 10:51:46,900 [AppLog] INFO : 手动正向点动指令（8轴运控板卡系统） ====》：输出AXIS{第2轴},点动量{480MM},运动速度{25MM/s}
2023-05-05 10:51:46,900 [AppLog] INFO : 开启铺粉车不等停运动至准备打印位置695mm，速度25mm/s：BackToStation2
2023-05-05 10:51:47,025 [AppLog] INFO : 打开IR灯：OpenIRLamp(true)
2023-05-05 10:51:47,150 [AppLog] INFO : 手动正向点动指令（8轴运控板卡系统） ====》：输出AXIS{第3轴},点动量{0.125MM},运动速度{1MM/s}
2023-05-05 10:51:47,150 [AppLog] INFO : 在{40mm}处，落粉轴运动{45度}，落粉轴转速{1rev/s}：TrapMoveUp(3, true, Convert.ToString(DispenseRollerSpeed), 0.5, true, true)
2023-05-05 10:51:47,150 [AppLog] INFO : 手动正向点动指令（8轴运控板卡系统） ====》：输出AXIS{第3轴},点动量{0.5MM},运动速度{0.0376712328767123MM/s}
2023-05-05 10:51:47,150 [AppLog] INFO : 开启均匀落粉及辊子铺平运动：TrapMoveUp(3, true, Convert.ToString(DispenseRollerSpeed), 0.5, true, true)
2023-05-05 10:51:58,819 [AppLog] INFO : 关闭IR灯：OpenIRLamp(false)
2023-05-05 10:52:03,374 [AppLog] INFO : 手动正向点动指令（8轴运控板卡系统） ====》：输出AXIS{第3轴},点动量{0.5MM},运动速度{2MM/s}
2023-05-05 10:52:03,374 [AppLog] INFO : 落粉轴继续转动以倒掉余粉：TrapMoveUp(3, true, 2, 0.5, true, false)
2023-05-05 10:52:06,884 [AppLog] INFO : 手动正向点动指令（8轴运控板卡系统） ====》：输出AXIS{第1轴},点动量{-1.5MM},运动速度{2MM/s}
2023-05-05 10:52:06,884 [AppLog] INFO : 成形面高度下降指定厚度 TrapSpace{1.5mm}：TrapMoveUp(1, true, Convert.ToString(vel), Convert.ToString(TrapSpace), true, true）
2023-05-05 10:52:09,676 [AppLog] INFO : 手动正向点动指令（8轴运控板卡系统） ====》：输出AXIS{第2轴},点动量{-696.5MM},运动速度{250MM/s}
2023-05-05 10:52:09,676 [AppLog] INFO : 铺粉车返回至站1：BackToStation2(AimPos, MovSpeed, true)：-1.5mm，速度250mm/s：BackToStation2
2023-05-05 10:52:10,456 [AppLog] INFO : 落粉轴回零成功：motionMap.SetBackSpreaderAxis(3, 0.5, 2, -SinkPosition)：ReturnCode{True}
2023-05-05 10:52:11,221 [AppLog] INFO : 手动正向点动指令（8轴运控板卡系统） ====》：输出AXIS{第1轴},点动量{1.5MM},运动速度{2MM/s}
2023-05-05 10:52:11,221 [AppLog] INFO : 成形面高度上升层厚 TrapSpace{1.5mm}：TrapMoveUp(1, true, Convert.ToString(vel), Convert.ToString(TrapSpace), true, true）
2023-05-05 10:52:11,221 [AppLog] INFO : 自动铺粉正常结束：NewAutoSupplyPowderThread2
2023-05-05 10:52:11,221 [AppLog] INFO : 发送监控指令，拍照记录1条：SendMessageFromSharedMemory
2023-05-05 10:52:11,221 [AppLog] INFO : 执行完成铺粉固化操作：EquipmentMotionLogic3：m_bApplyPowderSupplyMotion:0
2023-05-05 10:52:11,221 [AppLog] INFO : 接收到恢复打印指令：PrintTaskTHREAD
2023-05-05 10:52:11,221 [AppLog] INFO : 获取打印Pass数据：IDP_GetPassItem2：nLayerIndex{7}nPassID{0}nProcState{3}LPPassDataItemb:PrtDir{False}nDataTxCompleteCnt{1}nHwMemAdrMatchMask{1}nLayerIndex{7}nLayerPassCount{6}nLayerPassIndex{0}nMinJet0ImgLinePos{355}nPrtMemHwAddr{System.UInt32[]}nPrtDataOffset{System.UInt32[]}nSrcDataSize{System.UInt32[]}nPrtColBytes{System.UInt32[]}nPrtPrecession{8}nSrcEndCols{8000}nSrcStartCols{0}nStartEncPos{76512}nValidPassJets{1280}nValidPrtCols{8310}nValidPrtCtlCnts{1}pDataBuf{0}pNextItem{683143104}
2023-05-05 10:52:11,236 [AppLog] INFO : 使能Pass打印成功：IDP_DoPassPrint2：nLayerIndex{7}nPassID{0}
2023-05-05 10:52:11,236 [AppLog] INFO : PASS打印前关键状态：DEV_GetDeviceInfo2：nLayerIndex{7}nPassID{0}LPPRINTER_INFO:nXSysEncDPI{0}nStatus{0}nPrintStatus{0}bSuperDevice{0}
LPPRINTER_INFO-LPPrtRunInfo:bJobPrtRuning{False}bLayerPrtIsOver{False}nContReqMemErr{0}nContWDErr{0}nCurPrtDir{0}nDTLayerIndex{0}nDTLayerPassIndex{0}nDTPtrCtlIndex{0}nLayerPassCount{0}nPrintLayerIndex{0}nPrintPassIndex{0}nProcLayerIndex{0}nPrtDataMemAddr{0}nPrtState{0}nReverse{System.Int32[]}nRevPrtCols{0}
LPPRINTER_INFO-LPDRVINFO:nFMVersion{0}nFpgaVersion{0}nPCBVersion{0}nState{0}nNextState{0}nPtvwarnState{0}nCrc32{0}nRevInfo{System.UInt32[]}nSignature{0}
2023-05-05 10:52:11,236 [AppLog] INFO : 创建：AutoPrintMotion1=》不需重新创建-手动操作！
2023-05-05 10:52:11,236 [AppLog] INFO : 进入：EquipmentMotionLogic3=》准备创建对象-手动操作！
2023-05-05 10:52:11,236 [AppLog] INFO : 进入：EquipmentMotionLogic3=》不需重新创建-手动操作！
2023-05-05 10:52:11,236 [AppLog] INFO : 进入：EquipmentMotionLogic3=》赋值完成自-AutoPrintMotion2！
2023-05-05 10:52:11,236 [AppLog] INFO : 进入：EquipmentMotionLogic3=》加载配置文件-LoadJsonFile成功！
2023-05-05 10:52:11,236 [AppLog] INFO : 进入自动清洗过程：AutoCleanThread
2023-05-05 10:52:11,439 [AppLog] INFO : 准备处理第8层数据：准备调用RenderToWic，index为8，subindex为0，g_nRePrintTimes为1，起始层为0
2023-05-05 10:52:11,517 [AppLog] INFO : 完成处理第8层数据：准备调用DrawLayerBMP，index为8，起始层为0
2023-05-05 10:52:11,517 [AppLog] INFO : 完成处理第8层数据：准备调用DrawLayerBMP，index为8，起始层为0
2023-05-05 10:52:11,611 [AppLog] INFO : 刮墨轴回零成功：motionMap.SetBackSpreaderAxis(4, 1, 2, -SinkHomePosition)
2023-05-05 10:52:11,611 [AppLog] INFO : 准备读取编码器位置：Y方向！
2023-05-05 10:52:11,611 [AppLog] INFO : 准备运动，编码器当前位置：DEM_GetAxisEncodeVal：MoveDirectionFlag{false为Y方向：True}CurrentPos{121.08}AimPos{116}
2023-05-05 10:52:11,736 [AppLog] INFO : Y方向运动开始：DEM_Run：返回值{True}nAxis{1}DirFlag{False}nSpeed{300000}MoveStep{-5089.60628}nCtlValue{1}
2023-05-05 10:52:11,798 [AppLog] INFO : Y方向到位停止：DEM_StopAxisRun：返回值{True}CurrentPos{116.49}bImmeStop{False}nAxisMask{2}
2023-05-05 10:52:11,798 [AppLog] INFO : 准备读取编码器位置：X方向！
2023-05-05 10:52:11,798 [AppLog] INFO : 准备运动，当前位置：DEV_GetPrintEncoderValue：MoveDirectionFlag{false为Y方向：False}CurrentPos{784.255}AimPos{780}
2023-05-05 10:52:11,829 [AppLog] INFO : X方向运动开始：DEM_Run：返回值{True}nAxis{0}DirFlag{False}nSpeed{300000}MoveStep{-4255}nCtlValue{2}
2023-05-05 10:52:12,001 [AppLog] INFO : X方向到位停止：DEM_StopAxisRun：返回值{True}CurrentPos{783.15}bImmeStop{False}nAxisMask{1}
2023-05-05 10:52:12,001 [AppLog] INFO : 作业写入成功：IDP_WriteImgLayerData：bpp:{1bit}灰阶:{1阶}nLayerIndex{9}LayerIndex{8}SubIndex{1}RePrintTimes{1}nBytesPerLine{1004}nWidth{8001}nHeight{7680}nXEncOff{0}nYJetOff{355}nImgStartJetIndex{0}nXDPI{635}nYDPI{600}nPrtDir{0} nPrtFlag{1}nColorCnts{1}nReserved{System.Int32[]}
2023-05-05 10:52:12,001 [AppLog] INFO : 完成处理第8层数据：准备调用RenderToWic，index为8，subindex为0，g_nRePrintTimes为1，起始层为0
2023-05-05 10:52:12,984 [AppLog] INFO : 开启闪喷： IDP_FlashPrtCtl(true)：ReturnCode{True}
2023-05-05 10:52:12,984 [AppLog] INFO : 开启压墨： motionMap.SetDo(13, true)
2023-05-05 10:52:14,996 [AppLog] INFO : 关闭压墨： motionMap.SetDo(13, true)
2023-05-05 10:52:14,996 [AppLog] INFO : 压墨等待开启：{3S}
2023-05-05 10:52:18,007 [AppLog] INFO : 压墨等待完成：{3S}
2023-05-05 10:52:18,007 [AppLog] INFO : 开启闪喷： IDP_FlashPrtCtl(false)：ReturnCode{True}
2023-05-05 10:52:18,007 [AppLog] INFO : 准备读取编码器位置：X方向！
2023-05-05 10:52:18,007 [AppLog] INFO : 准备运动，当前位置：DEV_GetPrintEncoderValue：MoveDirectionFlag{false为Y方向：False}CurrentPos{780.37}AimPos{680}
2023-05-05 10:52:18,038 [AppLog] INFO : X方向运动开始：DEM_Run：返回值{True}nAxis{0}DirFlag{False}nSpeed{200000}MoveStep{-100370}nCtlValue{2}
2023-05-05 10:52:18,896 [AppLog] INFO : X方向到位停止：DEM_StopAxisRun：返回值{True}CurrentPos{684.255}bImmeStop{False}nAxisMask{1}
2023-05-05 10:52:19,411 [AppLog] INFO : 结束自动清洗过程：AutoCleanThread
2023-05-05 10:52:19,411 [AppLog] INFO : 进入：EquipmentMotionLogic3=》准备创建对象-手动操作！
2023-05-05 10:52:19,411 [AppLog] INFO : 进入：EquipmentMotionLogic3=》不需重新创建-手动操作！
2023-05-05 10:52:19,411 [AppLog] INFO : 进入：EquipmentMotionLogic3=》赋值完成自-AutoPrintMotion2！
2023-05-05 10:52:19,411 [AppLog] INFO : 进入：EquipmentMotionLogic3=》加载配置文件-LoadJsonFile成功！
2023-05-05 10:52:19,411 [AppLog] INFO : 进入：AutoPrintThread3！
2023-05-05 10:52:19,411 [AppLog] INFO : 关闭闪喷操作：IDP_FlashPrtCtl：返回值{True}
2023-05-05 10:52:19,411 [AppLog] INFO : 准备读取编码器位置：Y方向！
2023-05-05 10:52:19,411 [AppLog] INFO : 准备运动，编码器当前位置：DEM_GetAxisEncodeVal：MoveDirectionFlag{false为Y方向：True}CurrentPos{115.985}AimPos{88.5}
2023-05-05 10:52:19,551 [AppLog] INFO : Y方向运动开始：DEM_Run：返回值{True}nAxis{1}DirFlag{False}nSpeed{300000}MoveStep{-27536.974135}nCtlValue{1}
2023-05-05 10:52:19,614 [AppLog] INFO : 准备读取编码器位置：X方向！
2023-05-05 10:52:19,614 [AppLog] INFO : 准备运动，当前位置：DEV_GetPrintEncoderValue：MoveDirectionFlag{false为Y方向：False}CurrentPos{680.325}AimPos{425}
2023-05-05 10:52:19,645 [AppLog] INFO : X方向运动开始：DEM_Run：返回值{True}nAxis{0}DirFlag{False}nSpeed{300000}MoveStep{-255325}nCtlValue{2}
2023-05-05 10:52:21,049 [AppLog] INFO : X方向到位停止：DEM_StopAxisRun：返回值{True}CurrentPos{429.52}bImmeStop{False}nAxisMask{1}
2023-05-05 10:52:21,049 [AppLog] INFO : 准备读取编码器位置：X方向！
2023-05-05 10:52:21,049 [AppLog] INFO : 准备运动，当前位置：DEV_GetPrintEncoderValue：MoveDirectionFlag{false为Y方向：False}CurrentPos{429.42}AimPos{25}
2023-05-05 10:52:21,080 [AppLog] INFO : X方向运动开始：DEM_Run：返回值{True}nAxis{0}DirFlag{False}nSpeed{300000}MoveStep{-404420}nCtlValue{2}
2023-05-05 10:52:22,983 [AppLog] INFO : X方向到位停止：DEM_StopAxisRun：返回值{True}CurrentPos{25.055}bImmeStop{False}nAxisMask{1}
2023-05-05 10:52:22,983 [AppLog] INFO : 准备读取编码器位置：Y方向！
2023-05-05 10:52:22,983 [AppLog] INFO : 准备运动，编码器当前位置：DEM_GetAxisEncodeVal：MoveDirectionFlag{false为Y方向：True}CurrentPos{88.47}AimPos{103.521166666667}
2023-05-05 10:52:23,108 [AppLog] INFO : Y方向运动开始：DEM_Run：返回值{True}nAxis{1}DirFlag{True}nSpeed{300000}MoveStep{15079.6284228333}nCtlValue{1}
2023-05-05 10:52:23,170 [AppLog] INFO : Y方向到位停止：DEM_StopAxisRun：返回值{True}CurrentPos{101.11}bImmeStop{False}nAxisMask{2}
2023-05-05 10:52:23,170 [AppLog] INFO : 获取打印Pass数据：IDP_GetPassItem2：nLayerIndex{7}nPassID{1}nProcState{3}LPPassDataItemb:PrtDir{True}nDataTxCompleteCnt{1}nHwMemAdrMatchMask{1}nLayerIndex{7}nLayerPassCount{6}nLayerPassIndex{1}nMinJet0ImgLinePos{1635}nPrtMemHwAddr{System.UInt32[]}nPrtDataOffset{System.UInt32[]}nSrcDataSize{System.UInt32[]}nPrtColBytes{System.UInt32[]}nPrtPrecession{8}nSrcEndCols{8000}nSrcStartCols{0}nStartEncPos{10000}nValidPassJets{1280}nValidPrtCols{8310}nValidPrtCtlCnts{1}pDataBuf{0}pNextItem{683142944}
2023-05-05 10:52:23,186 [AppLog] INFO : 使能Pass打印成功：IDP_DoPassPrint2：nLayerIndex{7}nPassID{1}
2023-05-05 10:52:23,186 [AppLog] INFO : PASS打印前关键状态：DEV_GetDeviceInfo2：nLayerIndex{7}nPassID{1}LPPRINTER_INFO:nXSysEncDPI{0}nStatus{0}nPrintStatus{0}bSuperDevice{0}
LPPRINTER_INFO-LPPrtRunInfo:bJobPrtRuning{False}bLayerPrtIsOver{False}nContReqMemErr{0}nContWDErr{0}nCurPrtDir{0}nDTLayerIndex{0}nDTLayerPassIndex{0}nDTPtrCtlIndex{0}nLayerPassCount{0}nPrintLayerIndex{0}nPrintPassIndex{0}nProcLayerIndex{0}nPrtDataMemAddr{0}nPrtState{0}nReverse{System.Int32[]}nRevPrtCols{0}
LPPRINTER_INFO-LPDRVINFO:nFMVersion{0}nFpgaVersion{0}nPCBVersion{0}nState{0}nNextState{0}nPtvwarnState{0}nCrc32{0}nRevInfo{System.UInt32[]}nSignature{0}
2023-05-05 10:52:23,186 [AppLog] INFO : 创建：AutoPrintMotion1=》不需重新创建-手动操作！
2023-05-05 10:52:23,186 [AppLog] INFO : 进入：EquipmentMotionLogic3=》准备创建对象-手动操作！
2023-05-05 10:52:23,186 [AppLog] INFO : 进入：EquipmentMotionLogic3=》不需重新创建-手动操作！
2023-05-05 10:52:23,186 [AppLog] INFO : 进入：EquipmentMotionLogic3=》赋值完成自-AutoPrintMotion2！
2023-05-05 10:52:23,186 [AppLog] INFO : 进入：EquipmentMotionLogic3=》加载配置文件-LoadJsonFile成功！
2023-05-05 10:52:23,186 [AppLog] INFO : 进入：AutoPrintThread3！
2023-05-05 10:52:23,186 [AppLog] INFO : 准备读取编码器位置：X方向！
2023-05-05 10:52:23,186 [AppLog] INFO : 准备运动，当前位置：DEV_GetPrintEncoderValue：MoveDirectionFlag{false为Y方向：False}CurrentPos{21.585}AimPos{425}
2023-05-05 10:52:23,217 [AppLog] INFO : X方向运动开始：DEM_Run：返回值{True}nAxis{0}DirFlag{True}nSpeed{300000}MoveStep{403415}nCtlValue{2}
2023-05-05 10:52:25,120 [AppLog] INFO : X方向到位停止：DEM_StopAxisRun：返回值{True}CurrentPos{419.925}bImmeStop{False}nAxisMask{1}
2023-05-05 10:52:25,120 [AppLog] INFO : 准备读取编码器位置：Y方向！
2023-05-05 10:52:25,120 [AppLog] INFO : 准备运动，编码器当前位置：DEM_GetAxisEncodeVal：MoveDirectionFlag{false为Y方向：True}CurrentPos{103.455}AimPos{142.5}
2023-05-05 10:52:25,292 [AppLog] INFO : Y方向运动开始：DEM_Run：返回值{True}nAxis{1}DirFlag{True}nSpeed{300000}MoveStep{39118.834095}nCtlValue{1}
2023-05-05 10:52:25,354 [AppLog] INFO : Y方向到位停止：DEM_StopAxisRun：返回值{True}CurrentPos{134.955}bImmeStop{False}nAxisMask{2}
2023-05-05 10:52:25,354 [AppLog] INFO : 获取打印Pass数据：IDP_GetPassItem2：nLayerIndex{7}nPassID{2}nProcState{3}LPPassDataItemb:PrtDir{False}nDataTxCompleteCnt{1}nHwMemAdrMatchMask{1}nLayerIndex{7}nLayerPassCount{6}nLayerPassIndex{2}nMinJet0ImgLinePos{2915}nPrtMemHwAddr{System.UInt32[]}nPrtDataOffset{System.UInt32[]}nSrcDataSize{System.UInt32[]}nPrtColBytes{System.UInt32[]}nPrtPrecession{8}nSrcEndCols{8000}nSrcStartCols{0}nStartEncPos{76512}nValidPassJets{1280}nValidPrtCols{8310}nValidPrtCtlCnts{1}pDataBuf{0}pNextItem{683142784}
2023-05-05 10:52:25,354 [AppLog] INFO : 使能Pass打印成功：IDP_DoPassPrint2：nLayerIndex{7}nPassID{2}
2023-05-05 10:52:25,370 [AppLog] INFO : PASS打印前关键状态：DEV_GetDeviceInfo2：nLayerIndex{7}nPassID{2}LPPRINTER_INFO:nXSysEncDPI{0}nStatus{0}nPrintStatus{0}bSuperDevice{0}
LPPRINTER_INFO-LPPrtRunInfo:bJobPrtRuning{False}bLayerPrtIsOver{False}nContReqMemErr{0}nContWDErr{0}nCurPrtDir{0}nDTLayerIndex{0}nDTLayerPassIndex{0}nDTPtrCtlIndex{0}nLayerPassCount{0}nPrintLayerIndex{0}nPrintPassIndex{0}nProcLayerIndex{0}nPrtDataMemAddr{0}nPrtState{0}nReverse{System.Int32[]}nRevPrtCols{0}
LPPRINTER_INFO-LPDRVINFO:nFMVersion{0}nFpgaVersion{0}nPCBVersion{0}nState{0}nNextState{0}nPtvwarnState{0}nCrc32{0}nRevInfo{System.UInt32[]}nSignature{0}
2023-05-05 10:52:25,370 [AppLog] INFO : 创建：AutoPrintMotion1=》不需重新创建-手动操作！
2023-05-05 10:52:25,370 [AppLog] INFO : 进入：EquipmentMotionLogic3=》准备创建对象-手动操作！
2023-05-05 10:52:25,370 [AppLog] INFO : 进入：EquipmentMotionLogic3=》不需重新创建-手动操作！
2023-05-05 10:52:25,370 [AppLog] INFO : 进入：EquipmentMotionLogic3=》赋值完成自-AutoPrintMotion2！
2023-05-05 10:52:25,370 [AppLog] INFO : 进入：EquipmentMotionLogic3=》加载配置文件-LoadJsonFile成功！
2023-05-05 10:52:25,370 [AppLog] INFO : 进入：AutoPrintThread3！
2023-05-05 10:52:25,370 [AppLog] INFO : 准备读取编码器位置：X方向！
2023-05-05 10:52:25,401 [AppLog] INFO : 准备运动，当前位置：DEV_GetPrintEncoderValue：MoveDirectionFlag{false为Y方向：False}CurrentPos{423.325}AimPos{25}
2023-05-05 10:52:25,432 [AppLog] INFO : X方向运动开始：DEM_Run：返回值{True}nAxis{0}DirFlag{False}nSpeed{300000}MoveStep{-398325}nCtlValue{2}
2023-05-05 10:52:27,320 [AppLog] INFO : X方向到位停止：DEM_StopAxisRun：返回值{True}CurrentPos{29.97}bImmeStop{False}nAxisMask{1}
2023-05-05 10:52:27,320 [AppLog] INFO : 准备读取编码器位置：Y方向！
2023-05-05 10:52:27,320 [AppLog] INFO : 准备运动，编码器当前位置：DEM_GetAxisEncodeVal：MoveDirectionFlag{false为Y方向：True}CurrentPos{142.515}AimPos{157.521166666667}
2023-05-05 10:52:27,445 [AppLog] INFO : Y方向运动开始：DEM_Run：返回值{True}nAxis{1}DirFlag{True}nSpeed{300000}MoveStep{15034.5433278333}nCtlValue{1}
2023-05-05 10:52:27,507 [AppLog] INFO : Y方向到位停止：DEM_StopAxisRun：返回值{True}CurrentPos{155.275}bImmeStop{False}nAxisMask{2}
2023-05-05 10:52:27,507 [AppLog] INFO : 获取打印Pass数据：IDP_GetPassItem2：nLayerIndex{7}nPassID{3}nProcState{3}LPPassDataItemb:PrtDir{True}nDataTxCompleteCnt{1}nHwMemAdrMatchMask{1}nLayerIndex{7}nLayerPassCount{6}nLayerPassIndex{3}nMinJet0ImgLinePos{4195}nPrtMemHwAddr{System.UInt32[]}nPrtDataOffset{System.UInt32[]}nSrcDataSize{System.UInt32[]}nPrtColBytes{System.UInt32[]}nPrtPrecession{8}nSrcEndCols{8000}nSrcStartCols{0}nStartEncPos{10000}nValidPassJets{1280}nValidPrtCols{8310}nValidPrtCtlCnts{1}pDataBuf{0}pNextItem{683142624}
2023-05-05 10:52:27,507 [AppLog] INFO : 使能Pass打印成功：IDP_DoPassPrint2：nLayerIndex{7}nPassID{3}
2023-05-05 10:52:27,523 [AppLog] INFO : PASS打印前关键状态：DEV_GetDeviceInfo2：nLayerIndex{7}nPassID{3}LPPRINTER_INFO:nXSysEncDPI{0}nStatus{0}nPrintStatus{0}bSuperDevice{0}
LPPRINTER_INFO-LPPrtRunInfo:bJobPrtRuning{False}bLayerPrtIsOver{False}nContReqMemErr{0}nContWDErr{0}nCurPrtDir{0}nDTLayerIndex{0}nDTLayerPassIndex{0}nDTPtrCtlIndex{0}nLayerPassCount{0}nPrintLayerIndex{0}nPrintPassIndex{0}nProcLayerIndex{0}nPrtDataMemAddr{0}nPrtState{0}nReverse{System.Int32[]}nRevPrtCols{0}
LPPRINTER_INFO-LPDRVINFO:nFMVersion{0}nFpgaVersion{0}nPCBVersion{0}nState{0}nNextState{0}nPtvwarnState{0}nCrc32{0}nRevInfo{System.UInt32[]}nSignature{0}
2023-05-05 10:52:27,523 [AppLog] INFO : 创建：AutoPrintMotion1=》不需重新创建-手动操作！
2023-05-05 10:52:27,523 [AppLog] INFO : 进入：EquipmentMotionLogic3=》准备创建对象-手动操作！
2023-05-05 10:52:27,523 [AppLog] INFO : 进入：EquipmentMotionLogic3=》不需重新创建-手动操作！
2023-05-05 10:52:27,523 [AppLog] INFO : 进入：EquipmentMotionLogic3=》赋值完成自-AutoPrintMotion2！
2023-05-05 10:52:27,523 [AppLog] INFO : 进入：EquipmentMotionLogic3=》加载配置文件-LoadJsonFile成功！
2023-05-05 10:52:27,523 [AppLog] INFO : 进入：AutoPrintThread3！
2023-05-05 10:52:27,523 [AppLog] INFO : 准备读取编码器位置：X方向！
2023-05-05 10:52:27,523 [AppLog] INFO : 准备运动，当前位置：DEV_GetPrintEncoderValue：MoveDirectionFlag{false为Y方向：False}CurrentPos{26.67}AimPos{425}
2023-05-05 10:52:27,554 [AppLog] INFO : X方向运动开始：DEM_Run：返回值{True}nAxis{0}DirFlag{True}nSpeed{300000}MoveStep{398330}nCtlValue{2}
2023-05-05 10:52:29,442 [AppLog] INFO : X方向到位停止：DEM_StopAxisRun：返回值{True}CurrentPos{419.605}bImmeStop{False}nAxisMask{1}
2023-05-05 10:52:29,442 [AppLog] INFO : 准备读取编码器位置：Y方向！
2023-05-05 10:52:29,442 [AppLog] INFO : 准备运动，编码器当前位置：DEM_GetAxisEncodeVal：MoveDirectionFlag{false为Y方向：True}CurrentPos{157.48}AimPos{196.5}
2023-05-05 10:52:29,613 [AppLog] INFO : Y方向运动开始：DEM_Run：返回值{True}nAxis{1}DirFlag{True}nSpeed{300000}MoveStep{39093.78682}nCtlValue{1}
2023-05-05 10:52:29,691 [AppLog] INFO : Y方向到位停止：DEM_StopAxisRun：返回值{True}CurrentPos{192.91}bImmeStop{False}nAxisMask{2}
2023-05-05 10:52:29,691 [AppLog] INFO : 获取打印Pass数据：IDP_GetPassItem2：nLayerIndex{7}nPassID{4}nProcState{3}LPPassDataItemb:PrtDir{False}nDataTxCompleteCnt{1}nHwMemAdrMatchMask{1}nLayerIndex{7}nLayerPassCount{6}nLayerPassIndex{4}nMinJet0ImgLinePos{5475}nPrtMemHwAddr{System.UInt32[]}nPrtDataOffset{System.UInt32[]}nSrcDataSize{System.UInt32[]}nPrtColBytes{System.UInt32[]}nPrtPrecession{8}nSrcEndCols{8000}nSrcStartCols{0}nStartEncPos{76512}nValidPassJets{1280}nValidPrtCols{8310}nValidPrtCtlCnts{1}pDataBuf{0}pNextItem{683142464}
2023-05-05 10:52:29,707 [AppLog] INFO : 使能Pass打印成功：IDP_DoPassPrint2：nLayerIndex{7}nPassID{4}
2023-05-05 10:52:29,707 [AppLog] INFO : PASS打印前关键状态：DEV_GetDeviceInfo2：nLayerIndex{7}nPassID{4}LPPRINTER_INFO:nXSysEncDPI{0}nStatus{0}nPrintStatus{0}bSuperDevice{0}
LPPRINTER_INFO-LPPrtRunInfo:bJobPrtRuning{False}bLayerPrtIsOver{False}nContReqMemErr{0}nContWDErr{0}nCurPrtDir{0}nDTLayerIndex{0}nDTLayerPassIndex{0}nDTPtrCtlIndex{0}nLayerPassCount{0}nPrintLayerIndex{0}nPrintPassIndex{0}nProcLayerIndex{0}nPrtDataMemAddr{0}nPrtState{0}nReverse{System.Int32[]}nRevPrtCols{0}
LPPRINTER_INFO-LPDRVINFO:nFMVersion{0}nFpgaVersion{0}nPCBVersion{0}nState{0}nNextState{0}nPtvwarnState{0}nCrc32{0}nRevInfo{System.UInt32[]}nSignature{0}
2023-05-05 10:52:29,707 [AppLog] INFO : 创建：AutoPrintMotion1=》不需重新创建-手动操作！
2023-05-05 10:52:29,707 [AppLog] INFO : 进入：EquipmentMotionLogic3=》准备创建对象-手动操作！
2023-05-05 10:52:29,707 [AppLog] INFO : 进入：EquipmentMotionLogic3=》不需重新创建-手动操作！
2023-05-05 10:52:29,707 [AppLog] INFO : 进入：EquipmentMotionLogic3=》赋值完成自-AutoPrintMotion2！
2023-05-05 10:52:29,707 [AppLog] INFO : 进入：EquipmentMotionLogic3=》加载配置文件-LoadJsonFile成功！
2023-05-05 10:52:29,722 [AppLog] INFO : 进入：AutoPrintThread3！
2023-05-05 10:52:29,722 [AppLog] INFO : 准备读取编码器位置：X方向！
2023-05-05 10:52:29,722 [AppLog] INFO : 准备运动，当前位置：DEV_GetPrintEncoderValue：MoveDirectionFlag{false为Y方向：False}CurrentPos{423.33}AimPos{25}
2023-05-05 10:52:29,754 [AppLog] INFO : X方向运动开始：DEM_Run：返回值{True}nAxis{0}DirFlag{False}nSpeed{300000}MoveStep{-398330}nCtlValue{2}
2023-05-05 10:52:31,641 [AppLog] INFO : X方向到位停止：DEM_StopAxisRun：返回值{True}CurrentPos{30.385}bImmeStop{False}nAxisMask{1}
2023-05-05 10:52:31,641 [AppLog] INFO : 准备读取编码器位置：Y方向！
2023-05-05 10:52:31,641 [AppLog] INFO : 准备运动，编码器当前位置：DEM_GetAxisEncodeVal：MoveDirectionFlag{false为Y方向：True}CurrentPos{196.525}AimPos{211.521166666667}
2023-05-05 10:52:31,766 [AppLog] INFO : Y方向运动开始：DEM_Run：返回值{True}nAxis{1}DirFlag{True}nSpeed{300000}MoveStep{15024.5244178333}nCtlValue{1}
2023-05-05 10:52:31,828 [AppLog] INFO : Y方向到位停止：DEM_StopAxisRun：返回值{True}CurrentPos{209.39}bImmeStop{False}nAxisMask{2}
2023-05-05 10:52:31,828 [AppLog] INFO : 获取打印Pass数据：IDP_GetPassItem2：nLayerIndex{7}nPassID{5}nProcState{3}LPPassDataItemb:PrtDir{True}nDataTxCompleteCnt{1}nHwMemAdrMatchMask{1}nLayerIndex{7}nLayerPassCount{6}nLayerPassIndex{5}nMinJet0ImgLinePos{6755}nPrtMemHwAddr{System.UInt32[]}nPrtDataOffset{System.UInt32[]}nSrcDataSize{System.UInt32[]}nPrtColBytes{System.UInt32[]}nPrtPrecession{8}nSrcEndCols{8000}nSrcStartCols{0}nStartEncPos{10000}nValidPassJets{1280}nValidPrtCols{8310}nValidPrtCtlCnts{1}pDataBuf{0}pNextItem{0}
2023-05-05 10:52:31,844 [AppLog] INFO : 使能Pass打印成功：IDP_DoPassPrint2：nLayerIndex{7}nPassID{5}
2023-05-05 10:52:31,844 [AppLog] INFO : PASS打印前关键状态：DEV_GetDeviceInfo2：nLayerIndex{7}nPassID{5}LPPRINTER_INFO:nXSysEncDPI{0}nStatus{0}nPrintStatus{0}bSuperDevice{0}
LPPRINTER_INFO-LPPrtRunInfo:bJobPrtRuning{False}bLayerPrtIsOver{False}nContReqMemErr{0}nContWDErr{0}nCurPrtDir{0}nDTLayerIndex{0}nDTLayerPassIndex{0}nDTPtrCtlIndex{0}nLayerPassCount{0}nPrintLayerIndex{0}nPrintPassIndex{0}nProcLayerIndex{0}nPrtDataMemAddr{0}nPrtState{0}nReverse{System.Int32[]}nRevPrtCols{0}
LPPRINTER_INFO-LPDRVINFO:nFMVersion{0}nFpgaVersion{0}nPCBVersion{0}nState{0}nNextState{0}nPtvwarnState{0}nCrc32{0}nRevInfo{System.UInt32[]}nSignature{0}
2023-05-05 10:52:31,844 [AppLog] INFO : 创建：AutoPrintMotion1=》不需重新创建-手动操作！
2023-05-05 10:52:31,844 [AppLog] INFO : 进入：EquipmentMotionLogic3=》准备创建对象-手动操作！
2023-05-05 10:52:31,844 [AppLog] INFO : 进入：EquipmentMotionLogic3=》不需重新创建-手动操作！
2023-05-05 10:52:31,844 [AppLog] INFO : 进入：EquipmentMotionLogic3=》赋值完成自-AutoPrintMotion2！
2023-05-05 10:52:31,844 [AppLog] INFO : 进入：EquipmentMotionLogic3=》加载配置文件-LoadJsonFile成功！
2023-05-05 10:52:31,844 [AppLog] INFO : 进入：AutoPrintThread3！
2023-05-05 10:52:31,844 [AppLog] INFO : 准备读取编码器位置：X方向！
2023-05-05 10:52:31,844 [AppLog] INFO : 准备运动，当前位置：DEV_GetPrintEncoderValue：MoveDirectionFlag{false为Y方向：False}CurrentPos{26.7}AimPos{425}
2023-05-05 10:52:31,875 [AppLog] INFO : X方向运动开始：DEM_Run：返回值{True}nAxis{0}DirFlag{True}nSpeed{300000}MoveStep{398300}nCtlValue{2}
2023-05-05 10:52:33,747 [AppLog] INFO : X方向到位停止：DEM_StopAxisRun：返回值{True}CurrentPos{418.185}bImmeStop{False}nAxisMask{1}
2023-05-05 10:52:33,747 [AppLog] INFO : 准备读取编码器位置：X方向！
2023-05-05 10:52:33,747 [AppLog] INFO : 准备运动，当前位置：DEV_GetPrintEncoderValue：MoveDirectionFlag{false为Y方向：False}CurrentPos{418.395}AimPos{780}
2023-05-05 10:52:33,778 [AppLog] INFO : X方向运动开始：DEM_Run：返回值{True}nAxis{0}DirFlag{True}nSpeed{300000}MoveStep{361605}nCtlValue{2}
2023-05-05 10:52:33,841 [AppLog] INFO : 准备读取编码器位置：Y方向！
2023-05-05 10:52:33,841 [AppLog] INFO : 准备运动，编码器当前位置：DEM_GetAxisEncodeVal：MoveDirectionFlag{false为Y方向：True}CurrentPos{211.53}AimPos{121}
2023-05-05 10:52:34,184 [AppLog] INFO : Y方向运动开始：DEM_Run：返回值{True}nAxis{1}DirFlag{False}nSpeed{300000}MoveStep{-90701.19223}nCtlValue{1}
2023-05-05 10:52:35,541 [AppLog] INFO : Y方向到位等停：DEM_StopAxisRun：返回值{True}bImmeStop{False}nAxisMask{1}
2023-05-05 10:52:35,557 [AppLog] INFO : X方向到位等停：DEM_StopAxisRun：返回值{True}bImmeStop{False}nAxisMask{2}
2023-05-05 10:52:35,572 [AppLog] INFO : 开启闪喷操作：IDP_FlashPrtCtl：返回值{True}
2023-05-05 10:52:35,572 [AppLog] INFO : 进入：EquipmentMotionLogic3=》准备创建对象-手动操作！
2023-05-05 10:52:35,572 [AppLog] INFO : 进入：EquipmentMotionLogic3=》不需重新创建-手动操作！
2023-05-05 10:52:35,572 [AppLog] INFO : 进入：EquipmentMotionLogic3=》赋值完成自-AutoPrintMotion2！
2023-05-05 10:52:35,572 [AppLog] INFO : 进入：EquipmentMotionLogic3=》加载配置文件-LoadJsonFile成功！
2023-05-05 10:52:35,572 [AppLog] INFO : 进入自动铺粉逻辑：NewAutoSupplyPowderThread2
2023-05-05 10:52:35,666 [AppLog] INFO : 手动正向点动指令（8轴运控板卡系统） ====》：输出AXIS{第1轴},点动量{-0.13MM},运动速度{2MM/s}
2023-05-05 10:52:35,666 [AppLog] INFO : 成形面高度下降层厚 TrapSpace{0.13mm}：TrapMoveUp(1, true, Convert.ToString(vel), Convert.ToString(TrapSpace), true, true）
2023-05-05 10:52:36,430 [AppLog] INFO : 手动正向点动指令（8轴运控板卡系统） ====》：输出AXIS{第1轴},点动量{-1.5MM},运动速度{2MM/s}
2023-05-05 10:52:36,430 [AppLog] INFO : 成形面高度下降指定厚度 TrapSpace{1.5mm}：TrapMoveUp(1, true, Convert.ToString(vel), Convert.ToString(TrapSpace), true, true）
2023-05-05 10:52:37,210 [AppLog] INFO : 手动正向点动指令（8轴运控板卡系统） ====》：输出AXIS{第1轴},点动量{1.5MM},运动速度{2MM/s}
2023-05-05 10:52:37,210 [AppLog] INFO : 成形面高度上升层厚 TrapSpace{1.5mm}：TrapMoveUp(1, true, Convert.ToString(vel), Convert.ToString(TrapSpace), true, true）
2023-05-05 10:52:37,429 [AppLog] INFO : 手动正向点动指令（8轴运控板卡系统） ====》：输出AXIS{第8轴},点动量{0.5MM},运动速度{2.5MM/s}
2023-05-05 10:52:37,429 [AppLog] INFO : Hopper落粉轴转2圈落粉，速度0.5rev/s：TrapMoveUp(8, true, 0.5, rotateNuM.ToString(), true, false)
2023-05-05 10:52:38,443 [AppLog] INFO : 开启铺粉车不等停运动，准备运动至准备打印位置215mm，速度250mm/s：BackToStation2
2023-05-05 10:52:39,301 [AppLog] INFO : 手动正向点动指令（8轴运控板卡系统） ====》：输出AXIS{第2轴},点动量{216.5MM},运动速度{250MM/s}
2023-05-05 10:52:39,301 [AppLog] INFO : 当前铺粉车位置：打印位置215mm
2023-05-05 10:52:39,301 [AppLog] INFO : 手动正向点动指令（8轴运控板卡系统） ====》：输出AXIS{第2轴},点动量{480MM},运动速度{25MM/s}
2023-05-05 10:52:39,301 [AppLog] INFO : 开启铺粉车不等停运动至准备打印位置695mm，速度25mm/s：BackToStation2
2023-05-05 10:52:39,426 [AppLog] INFO : 打开IR灯：OpenIRLamp(true)
2023-05-05 10:52:39,550 [AppLog] INFO : 手动正向点动指令（8轴运控板卡系统） ====》：输出AXIS{第3轴},点动量{0.125MM},运动速度{1MM/s}
2023-05-05 10:52:39,550 [AppLog] INFO : 在{40mm}处，落粉轴运动{45度}，落粉轴转速{1rev/s}：TrapMoveUp(3, true, Convert.ToString(DispenseRollerSpeed), 0.5, true, true)
2023-05-05 10:52:39,550 [AppLog] INFO : 手动正向点动指令（8轴运控板卡系统） ====》：输出AXIS{第3轴},点动量{0.5MM},运动速度{0.0376712328767123MM/s}
2023-05-05 10:52:39,550 [AppLog] INFO : 开启均匀落粉及辊子铺平运动：TrapMoveUp(3, true, Convert.ToString(DispenseRollerSpeed), 0.5, true, true)
2023-05-05 10:52:51,219 [AppLog] INFO : 关闭IR灯：OpenIRLamp(false)
2023-05-05 10:52:55,774 [AppLog] INFO : 手动正向点动指令（8轴运控板卡系统） ====》：输出AXIS{第3轴},点动量{0.5MM},运动速度{2MM/s}
2023-05-05 10:52:55,774 [AppLog] INFO : 落粉轴继续转动以倒掉余粉：TrapMoveUp(3, true, 2, 0.5, true, false)
2023-05-05 10:52:59,284 [AppLog] INFO : 手动正向点动指令（8轴运控板卡系统） ====》：输出AXIS{第1轴},点动量{-1.5MM},运动速度{2MM/s}
2023-05-05 10:52:59,284 [AppLog] INFO : 成形面高度下降指定厚度 TrapSpace{1.5mm}：TrapMoveUp(1, true, Convert.ToString(vel), Convert.ToString(TrapSpace), true, true）
2023-05-05 10:53:02,077 [AppLog] INFO : 手动正向点动指令（8轴运控板卡系统） ====》：输出AXIS{第2轴},点动量{-696.5MM},运动速度{250MM/s}
2023-05-05 10:53:02,077 [AppLog] INFO : 铺粉车返回至站1：BackToStation2(AimPos, MovSpeed, true)：-1.5mm，速度250mm/s：BackToStation2
2023-05-05 10:53:02,857 [AppLog] INFO : 落粉轴回零成功：motionMap.SetBackSpreaderAxis(3, 0.5, 2, -SinkPosition)：ReturnCode{True}
2023-05-05 10:53:03,621 [AppLog] INFO : 手动正向点动指令（8轴运控板卡系统） ====》：输出AXIS{第1轴},点动量{1.5MM},运动速度{2MM/s}
2023-05-05 10:53:03,621 [AppLog] INFO : 成形面高度上升层厚 TrapSpace{1.5mm}：TrapMoveUp(1, true, Convert.ToString(vel), Convert.ToString(TrapSpace), true, true）
2023-05-05 10:53:03,621 [AppLog] INFO : 自动铺粉正常结束：NewAutoSupplyPowderThread2
2023-05-05 10:53:03,621 [AppLog] INFO : 发送监控指令，拍照记录1条：SendMessageFromSharedMemory
2023-05-05 10:53:03,621 [AppLog] INFO : 执行完成铺粉固化操作：EquipmentMotionLogic3：m_bApplyPowderSupplyMotion:0
2023-05-05 10:53:03,621 [AppLog] INFO : 接收到恢复打印指令：PrintTaskTHREAD
2023-05-05 10:53:03,621 [AppLog] INFO : 获取打印Pass数据：IDP_GetPassItem2：nLayerIndex{8}nPassID{0}nProcState{3}LPPassDataItemb:PrtDir{False}nDataTxCompleteCnt{1}nHwMemAdrMatchMask{1}nLayerIndex{8}nLayerPassCount{6}nLayerPassIndex{0}nMinJet0ImgLinePos{355}nPrtMemHwAddr{System.UInt32[]}nPrtDataOffset{System.UInt32[]}nSrcDataSize{System.UInt32[]}nPrtColBytes{System.UInt32[]}nPrtPrecession{8}nSrcEndCols{8000}nSrcStartCols{0}nStartEncPos{76512}nValidPassJets{1280}nValidPrtCols{8310}nValidPrtCtlCnts{1}pDataBuf{0}pNextItem{683144064}
2023-05-05 10:53:03,637 [AppLog] INFO : 使能Pass打印成功：IDP_DoPassPrint2：nLayerIndex{8}nPassID{0}
2023-05-05 10:53:03,637 [AppLog] INFO : PASS打印前关键状态：DEV_GetDeviceInfo2：nLayerIndex{8}nPassID{0}LPPRINTER_INFO:nXSysEncDPI{0}nStatus{0}nPrintStatus{0}bSuperDevice{0}
LPPRINTER_INFO-LPPrtRunInfo:bJobPrtRuning{False}bLayerPrtIsOver{False}nContReqMemErr{0}nContWDErr{0}nCurPrtDir{0}nDTLayerIndex{0}nDTLayerPassIndex{0}nDTPtrCtlIndex{0}nLayerPassCount{0}nPrintLayerIndex{0}nPrintPassIndex{0}nProcLayerIndex{0}nPrtDataMemAddr{0}nPrtState{0}nReverse{System.Int32[]}nRevPrtCols{0}
LPPRINTER_INFO-LPDRVINFO:nFMVersion{0}nFpgaVersion{0}nPCBVersion{0}nState{0}nNextState{0}nPtvwarnState{0}nCrc32{0}nRevInfo{System.UInt32[]}nSignature{0}
2023-05-05 10:53:03,637 [AppLog] INFO : 创建：AutoPrintMotion1=》不需重新创建-手动操作！
2023-05-05 10:53:03,637 [AppLog] INFO : 进入：EquipmentMotionLogic3=》准备创建对象-手动操作！
2023-05-05 10:53:03,637 [AppLog] INFO : 进入：EquipmentMotionLogic3=》不需重新创建-手动操作！
2023-05-05 10:53:03,637 [AppLog] INFO : 进入：EquipmentMotionLogic3=》赋值完成自-AutoPrintMotion2！
2023-05-05 10:53:03,637 [AppLog] INFO : 进入：EquipmentMotionLogic3=》加载配置文件-LoadJsonFile成功！
2023-05-05 10:53:03,637 [AppLog] INFO : 进入自动清洗过程：AutoCleanThread
2023-05-05 10:53:03,996 [AppLog] INFO : 准备处理第9层数据：准备调用RenderToWic，index为9，subindex为0，g_nRePrintTimes为1，起始层为0
2023-05-05 10:53:04,011 [AppLog] INFO : 刮墨轴回零成功：motionMap.SetBackSpreaderAxis(4, 1, 2, -SinkHomePosition)
2023-05-05 10:53:04,011 [AppLog] INFO : 准备读取编码器位置：Y方向！
2023-05-05 10:53:04,011 [AppLog] INFO : 准备运动，编码器当前位置：DEM_GetAxisEncodeVal：MoveDirectionFlag{false为Y方向：True}CurrentPos{121.085}AimPos{116}
2023-05-05 10:53:04,074 [AppLog] INFO : 完成处理第9层数据：准备调用DrawLayerBMP，index为9，起始层为0
2023-05-05 10:53:04,074 [AppLog] INFO : 完成处理第9层数据：准备调用DrawLayerBMP，index为9，起始层为0
2023-05-05 10:53:04,152 [AppLog] INFO : Y方向运动开始：DEM_Run：返回值{True}nAxis{1}DirFlag{False}nSpeed{300000}MoveStep{-5094.61573500001}nCtlValue{1}
2023-05-05 10:53:04,214 [AppLog] INFO : Y方向到位停止：DEM_StopAxisRun：返回值{True}CurrentPos{116.28}bImmeStop{False}nAxisMask{2}
2023-05-05 10:53:04,214 [AppLog] INFO : 准备读取编码器位置：X方向！
2023-05-05 10:53:04,214 [AppLog] INFO : 准备运动，当前位置：DEV_GetPrintEncoderValue：MoveDirectionFlag{false为Y方向：False}CurrentPos{784.87}AimPos{780}
2023-05-05 10:53:04,245 [AppLog] INFO : X方向运动开始：DEM_Run：返回值{True}nAxis{0}DirFlag{False}nSpeed{300000}MoveStep{-4870}nCtlValue{2}
2023-05-05 10:53:04,417 [AppLog] INFO : X方向到位停止：DEM_StopAxisRun：返回值{True}CurrentPos{783.54}bImmeStop{False}nAxisMask{1}
2023-05-05 10:53:04,526 [AppLog] INFO : 作业写入成功：IDP_WriteImgLayerData：bpp:{1bit}灰阶:{1阶}nLayerIndex{10}LayerIndex{9}SubIndex{1}RePrintTimes{1}nBytesPerLine{1004}nWidth{8001}nHeight{7680}nXEncOff{0}nYJetOff{355}nImgStartJetIndex{0}nXDPI{635}nYDPI{600}nPrtDir{0} nPrtFlag{1}nColorCnts{1}nReserved{System.Int32[]}
2023-05-05 10:53:04,526 [AppLog] INFO : 完成处理第9层数据：准备调用RenderToWic，index为9，subindex为0，g_nRePrintTimes为1，起始层为0
2023-05-05 10:53:05,400 [AppLog] INFO : 开启闪喷： IDP_FlashPrtCtl(true)：ReturnCode{True}
2023-05-05 10:53:05,400 [AppLog] INFO : 开启压墨： motionMap.SetDo(13, true)
2023-05-05 10:53:07,412 [AppLog] INFO : 关闭压墨： motionMap.SetDo(13, true)
2023-05-05 10:53:07,412 [AppLog] INFO : 压墨等待开启：{3S}
2023-05-05 10:53:10,423 [AppLog] INFO : 压墨等待完成：{3S}
2023-05-05 10:53:10,423 [AppLog] INFO : 开启闪喷： IDP_FlashPrtCtl(false)：ReturnCode{True}
2023-05-05 10:53:10,423 [AppLog] INFO : 准备读取编码器位置：X方向！
2023-05-05 10:53:10,423 [AppLog] INFO : 准备运动，当前位置：DEV_GetPrintEncoderValue：MoveDirectionFlag{false为Y方向：False}CurrentPos{780.37}AimPos{680}
2023-05-05 10:53:10,454 [AppLog] INFO : X方向运动开始：DEM_Run：返回值{True}nAxis{0}DirFlag{False}nSpeed{200000}MoveStep{-100370}nCtlValue{2}
2023-05-05 10:53:11,312 [AppLog] INFO : X方向到位停止：DEM_StopAxisRun：返回值{True}CurrentPos{684.49}bImmeStop{False}nAxisMask{1}
2023-05-05 10:53:11,764 [AppLog] INFO : 结束自动清洗过程：AutoCleanThread
2023-05-05 10:53:11,764 [AppLog] INFO : 进入：EquipmentMotionLogic3=》准备创建对象-手动操作！
2023-05-05 10:53:11,764 [AppLog] INFO : 进入：EquipmentMotionLogic3=》不需重新创建-手动操作！
2023-05-05 10:53:11,764 [AppLog] INFO : 进入：EquipmentMotionLogic3=》赋值完成自-AutoPrintMotion2！
2023-05-05 10:53:11,764 [AppLog] INFO : 进入：EquipmentMotionLogic3=》加载配置文件-LoadJsonFile成功！
2023-05-05 10:53:11,764 [AppLog] INFO : 进入：AutoPrintThread3！
2023-05-05 10:53:11,764 [AppLog] INFO : 关闭闪喷操作：IDP_FlashPrtCtl：返回值{True}
2023-05-05 10:53:11,764 [AppLog] INFO : 准备读取编码器位置：Y方向！
2023-05-05 10:53:11,764 [AppLog] INFO : 准备运动，编码器当前位置：DEM_GetAxisEncodeVal：MoveDirectionFlag{false为Y方向：True}CurrentPos{115.98}AimPos{91}
2023-05-05 10:53:11,889 [AppLog] INFO : Y方向运动开始：DEM_Run：返回值{True}nAxis{1}DirFlag{False}nSpeed{300000}MoveStep{-25027.23718}nCtlValue{1}
2023-05-05 10:53:11,952 [AppLog] INFO : 准备读取编码器位置：X方向！
2023-05-05 10:53:11,952 [AppLog] INFO : 准备运动，当前位置：DEV_GetPrintEncoderValue：MoveDirectionFlag{false为Y方向：False}CurrentPos{680.355}AimPos{425}
2023-05-05 10:53:11,983 [AppLog] INFO : X方向运动开始：DEM_Run：返回值{True}nAxis{0}DirFlag{False}nSpeed{300000}MoveStep{-255355}nCtlValue{2}
2023-05-05 10:53:13,387 [AppLog] INFO : X方向到位停止：DEM_StopAxisRun：返回值{True}CurrentPos{429.49}bImmeStop{False}nAxisMask{1}
2023-05-05 10:53:13,387 [AppLog] INFO : 准备读取编码器位置：X方向！
2023-05-05 10:53:13,387 [AppLog] INFO : 准备运动，当前位置：DEV_GetPrintEncoderValue：MoveDirectionFlag{false为Y方向：False}CurrentPos{429.31}AimPos{25}
2023-05-05 10:53:13,418 [AppLog] INFO : X方向运动开始：DEM_Run：返回值{True}nAxis{0}DirFlag{False}nSpeed{300000}MoveStep{-404310}nCtlValue{2}
2023-05-05 10:53:15,337 [AppLog] INFO : X方向到位停止：DEM_StopAxisRun：返回值{True}CurrentPos{23.925}bImmeStop{False}nAxisMask{1}
2023-05-05 10:53:15,337 [AppLog] INFO : 准备读取编码器位置：Y方向！
2023-05-05 10:53:15,337 [AppLog] INFO : 准备运动，编码器当前位置：DEM_GetAxisEncodeVal：MoveDirectionFlag{false为Y方向：True}CurrentPos{90.995}AimPos{101.021166666667}
2023-05-05 10:53:15,477 [AppLog] INFO : Y方向运动开始：DEM_Run：返回值{True}nAxis{1}DirFlag{True}nSpeed{300000}MoveStep{10045.1261478333}nCtlValue{1}
2023-05-05 10:53:15,540 [AppLog] INFO : Y方向到位停止：DEM_StopAxisRun：返回值{True}CurrentPos{99.77}bImmeStop{False}nAxisMask{2}
2023-05-05 10:53:15,540 [AppLog] INFO : 获取打印Pass数据：IDP_GetPassItem2：nLayerIndex{8}nPassID{1}nProcState{3}LPPassDataItemb:PrtDir{True}nDataTxCompleteCnt{1}nHwMemAdrMatchMask{1}nLayerIndex{8}nLayerPassCount{6}nLayerPassIndex{1}nMinJet0ImgLinePos{1635}nPrtMemHwAddr{System.UInt32[]}nPrtDataOffset{System.UInt32[]}nSrcDataSize{System.UInt32[]}nPrtColBytes{System.UInt32[]}nPrtPrecession{8}nSrcEndCols{8000}nSrcStartCols{0}nStartEncPos{10000}nValidPassJets{1280}nValidPrtCols{8310}nValidPrtCtlCnts{1}pDataBuf{0}pNextItem{683143904}
2023-05-05 10:53:15,555 [AppLog] INFO : 使能Pass打印成功：IDP_DoPassPrint2：nLayerIndex{8}nPassID{1}
2023-05-05 10:53:15,555 [AppLog] INFO : PASS打印前关键状态：DEV_GetDeviceInfo2：nLayerIndex{8}nPassID{1}LPPRINTER_INFO:nXSysEncDPI{0}nStatus{0}nPrintStatus{0}bSuperDevice{0}
LPPRINTER_INFO-LPPrtRunInfo:bJobPrtRuning{False}bLayerPrtIsOver{False}nContReqMemErr{0}nContWDErr{0}nCurPrtDir{0}nDTLayerIndex{0}nDTLayerPassIndex{0}nDTPtrCtlIndex{0}nLayerPassCount{0}nPrintLayerIndex{0}nPrintPassIndex{0}nProcLayerIndex{0}nPrtDataMemAddr{0}nPrtState{0}nReverse{System.Int32[]}nRevPrtCols{0}
LPPRINTER_INFO-LPDRVINFO:nFMVersion{0}nFpgaVersion{0}nPCBVersion{0}nState{0}nNextState{0}nPtvwarnState{0}nCrc32{0}nRevInfo{System.UInt32[]}nSignature{0}
2023-05-05 10:53:15,555 [AppLog] INFO : 创建：AutoPrintMotion1=》不需重新创建-手动操作！
2023-05-05 10:53:15,555 [AppLog] INFO : 进入：EquipmentMotionLogic3=》准备创建对象-手动操作！
2023-05-05 10:53:15,555 [AppLog] INFO : 进入：EquipmentMotionLogic3=》不需重新创建-手动操作！
2023-05-05 10:53:15,555 [AppLog] INFO : 进入：EquipmentMotionLogic3=》赋值完成自-AutoPrintMotion2！
2023-05-05 10:53:15,555 [AppLog] INFO : 进入：EquipmentMotionLogic3=》加载配置文件-LoadJsonFile成功！
2023-05-05 10:53:15,555 [AppLog] INFO : 进入：AutoPrintThread3！
2023-05-05 10:53:15,555 [AppLog] INFO : 准备读取编码器位置：X方向！
2023-05-05 10:53:15,555 [AppLog] INFO : 准备运动，当前位置：DEV_GetPrintEncoderValue：MoveDirectionFlag{false为Y方向：False}CurrentPos{21.68}AimPos{425}
2023-05-05 10:53:15,586 [AppLog] INFO : X方向运动开始：DEM_Run：返回值{True}nAxis{0}DirFlag{True}nSpeed{300000}MoveStep{403320}nCtlValue{2}
2023-05-05 10:53:17,474 [AppLog] INFO : X方向到位停止：DEM_StopAxisRun：返回值{True}CurrentPos{419.075}bImmeStop{False}nAxisMask{1}
2023-05-05 10:53:17,474 [AppLog] INFO : 准备读取编码器位置：Y方向！
2023-05-05 10:53:17,474 [AppLog] INFO : 准备运动，编码器当前位置：DEM_GetAxisEncodeVal：MoveDirectionFlag{false为Y方向：True}CurrentPos{101.015}AimPos{145}
2023-05-05 10:53:17,661 [AppLog] INFO : Y方向运动开始：DEM_Run：返回值{True}nAxis{1}DirFlag{True}nSpeed{300000}MoveStep{44068.175635}nCtlValue{1}
2023-05-05 10:53:17,724 [AppLog] INFO : Y方向到位停止：DEM_StopAxisRun：返回值{True}CurrentPos{137.215}bImmeStop{False}nAxisMask{2}
2023-05-05 10:53:17,724 [AppLog] INFO : 获取打印Pass数据：IDP_GetPassItem2：nLayerIndex{8}nPassID{2}nProcState{3}LPPassDataItemb:PrtDir{False}nDataTxCompleteCnt{1}nHwMemAdrMatchMask{1}nLayerIndex{8}nLayerPassCount{6}nLayerPassIndex{2}nMinJet0ImgLinePos{2915}nPrtMemHwAddr{System.UInt32[]}nPrtDataOffset{System.UInt32[]}nSrcDataSize{System.UInt32[]}nPrtColBytes{System.UInt32[]}nPrtPrecession{8}nSrcEndCols{8000}nSrcStartCols{0}nStartEncPos{76512}nValidPassJets{1280}nValidPrtCols{8310}nValidPrtCtlCnts{1}pDataBuf{0}pNextItem{683143744}
2023-05-05 10:53:17,724 [AppLog] INFO : 使能Pass打印成功：IDP_DoPassPrint2：nLayerIndex{8}nPassID{2}
2023-05-05 10:53:17,739 [AppLog] INFO : PASS打印前关键状态：DEV_GetDeviceInfo2：nLayerIndex{8}nPassID{2}LPPRINTER_INFO:nXSysEncDPI{0}nStatus{0}nPrintStatus{0}bSuperDevice{0}
LPPRINTER_INFO-LPPrtRunInfo:bJobPrtRuning{False}bLayerPrtIsOver{False}nContReqMemErr{0}nContWDErr{0}nCurPrtDir{0}nDTLayerIndex{0}nDTLayerPassIndex{0}nDTPtrCtlIndex{0}nLayerPassCount{0}nPrintLayerIndex{0}nPrintPassIndex{0}nProcLayerIndex{0}nPrtDataMemAddr{0}nPrtState{0}nReverse{System.Int32[]}nRevPrtCols{0}
LPPRINTER_INFO-LPDRVINFO:nFMVersion{0}nFpgaVersion{0}nPCBVersion{0}nState{0}nNextState{0}nPtvwarnState{0}nCrc32{0}nRevInfo{System.UInt32[]}nSignature{0}
2023-05-05 10:53:17,739 [AppLog] INFO : 创建：AutoPrintMotion1=》不需重新创建-手动操作！
2023-05-05 10:53:17,739 [AppLog] INFO : 进入：EquipmentMotionLogic3=》准备创建对象-手动操作！
2023-05-05 10:53:17,739 [AppLog] INFO : 进入：EquipmentMotionLogic3=》不需重新创建-手动操作！
2023-05-05 10:53:17,739 [AppLog] INFO : 进入：EquipmentMotionLogic3=》赋值完成自-AutoPrintMotion2！
2023-05-05 10:53:17,739 [AppLog] INFO : 进入：EquipmentMotionLogic3=》加载配置文件-LoadJsonFile成功！
2023-05-05 10:53:17,739 [AppLog] INFO : 进入：AutoPrintThread3！
2023-05-05 10:53:17,739 [AppLog] INFO : 准备读取编码器位置：X方向！
2023-05-05 10:53:17,739 [AppLog] INFO : 准备运动，当前位置：DEV_GetPrintEncoderValue：MoveDirectionFlag{false为Y方向：False}CurrentPos{423.325}AimPos{25}
2023-05-05 10:53:17,770 [AppLog] INFO : X方向运动开始：DEM_Run：返回值{True}nAxis{0}DirFlag{False}nSpeed{300000}MoveStep{-398325}nCtlValue{2}
2023-05-05 10:53:19,658 [AppLog] INFO : X方向到位停止：DEM_StopAxisRun：返回值{True}CurrentPos{29.955}bImmeStop{False}nAxisMask{1}
2023-05-05 10:53:19,658 [AppLog] INFO : 准备读取编码器位置：Y方向！
2023-05-05 10:53:19,658 [AppLog] INFO : 准备运动，编码器当前位置：DEM_GetAxisEncodeVal：MoveDirectionFlag{false为Y方向：True}CurrentPos{144.935}AimPos{155.021166666667}
2023-05-05 10:53:19,783 [AppLog] INFO : Y方向运动开始：DEM_Run：返回值{True}nAxis{1}DirFlag{True}nSpeed{300000}MoveStep{10105.2396078333}nCtlValue{1}
2023-05-05 10:53:19,845 [AppLog] INFO : Y方向到位停止：DEM_StopAxisRun：返回值{True}CurrentPos{153.83}bImmeStop{False}nAxisMask{2}
2023-05-05 10:53:19,845 [AppLog] INFO : 获取打印Pass数据：IDP_GetPassItem2：nLayerIndex{8}nPassID{3}nProcState{3}LPPassDataItemb:PrtDir{True}nDataTxCompleteCnt{1}nHwMemAdrMatchMask{1}nLayerIndex{8}nLayerPassCount{6}nLayerPassIndex{3}nMinJet0ImgLinePos{4195}nPrtMemHwAddr{System.UInt32[]}nPrtDataOffset{System.UInt32[]}nSrcDataSize{System.UInt32[]}nPrtColBytes{System.UInt32[]}nPrtPrecession{8}nSrcEndCols{8000}nSrcStartCols{0}nStartEncPos{10000}nValidPassJets{1280}nValidPrtCols{8310}nValidPrtCtlCnts{1}pDataBuf{0}pNextItem{683143584}
2023-05-05 10:53:19,861 [AppLog] INFO : 使能Pass打印成功：IDP_DoPassPrint2：nLayerIndex{8}nPassID{3}
2023-05-05 10:53:19,861 [AppLog] INFO : PASS打印前关键状态：DEV_GetDeviceInfo2：nLayerIndex{8}nPassID{3}LPPRINTER_INFO:nXSysEncDPI{0}nStatus{0}nPrintStatus{0}bSuperDevice{0}
LPPRINTER_INFO-LPPrtRunInfo:bJobPrtRuning{False}bLayerPrtIsOver{False}nContReqMemErr{0}nContWDErr{0}nCurPrtDir{0}nDTLayerIndex{0}nDTLayerPassIndex{0}nDTPtrCtlIndex{0}nLayerPassCount{0}nPrintLayerIndex{0}nPrintPassIndex{0}nProcLayerIndex{0}nPrtDataMemAddr{0}nPrtState{0}nReverse{System.Int32[]}nRevPrtCols{0}
LPPRINTER_INFO-LPDRVINFO:nFMVersion{0}nFpgaVersion{0}nPCBVersion{0}nState{0}nNextState{0}nPtvwarnState{0}nCrc32{0}nRevInfo{System.UInt32[]}nSignature{0}
2023-05-05 10:53:19,861 [AppLog] INFO : 创建：AutoPrintMotion1=》不需重新创建-手动操作！
2023-05-05 10:53:19,861 [AppLog] INFO : 进入：EquipmentMotionLogic3=》准备创建对象-手动操作！
2023-05-05 10:53:19,861 [AppLog] INFO : 进入：EquipmentMotionLogic3=》不需重新创建-手动操作！
2023-05-05 10:53:19,861 [AppLog] INFO : 进入：EquipmentMotionLogic3=》赋值完成自-AutoPrintMotion2！
2023-05-05 10:53:19,861 [AppLog] INFO : 进入：EquipmentMotionLogic3=》加载配置文件-LoadJsonFile成功！
2023-05-05 10:53:19,861 [AppLog] INFO : 进入：AutoPrintThread3！
2023-05-05 10:53:19,861 [AppLog] INFO : 准备读取编码器位置：X方向！
2023-05-05 10:53:19,861 [AppLog] INFO : 准备运动，当前位置：DEV_GetPrintEncoderValue：MoveDirectionFlag{false为Y方向：False}CurrentPos{26.645}AimPos{425}
2023-05-05 10:53:19,892 [AppLog] INFO : X方向运动开始：DEM_Run：返回值{True}nAxis{0}DirFlag{True}nSpeed{300000}MoveStep{398355}nCtlValue{2}
2023-05-05 10:53:21,764 [AppLog] INFO : X方向到位停止：DEM_StopAxisRun：返回值{True}CurrentPos{418.675}bImmeStop{False}nAxisMask{1}
2023-05-05 10:53:21,764 [AppLog] INFO : 准备读取编码器位置：Y方向！
2023-05-05 10:53:21,764 [AppLog] INFO : 准备运动，编码器当前位置：DEM_GetAxisEncodeVal：MoveDirectionFlag{false为Y方向：True}CurrentPos{154.99}AimPos{199}
2023-05-05 10:53:21,951 [AppLog] INFO : Y方向运动开始：DEM_Run：返回值{True}nAxis{1}DirFlag{True}nSpeed{300000}MoveStep{44093.22291}nCtlValue{1}
2023-05-05 10:53:22,014 [AppLog] INFO : Y方向到位停止：DEM_StopAxisRun：返回值{True}CurrentPos{190.93}bImmeStop{False}nAxisMask{2}
2023-05-05 10:53:22,014 [AppLog] INFO : 获取打印Pass数据：IDP_GetPassItem2：nLayerIndex{8}nPassID{4}nProcState{3}LPPassDataItemb:PrtDir{False}nDataTxCompleteCnt{1}nHwMemAdrMatchMask{1}nLayerIndex{8}nLayerPassCount{6}nLayerPassIndex{4}nMinJet0ImgLinePos{5475}nPrtMemHwAddr{System.UInt32[]}nPrtDataOffset{System.UInt32[]}nSrcDataSize{System.UInt32[]}nPrtColBytes{System.UInt32[]}nPrtPrecession{8}nSrcEndCols{8000}nSrcStartCols{0}nStartEncPos{76512}nValidPassJets{1280}nValidPrtCols{8310}nValidPrtCtlCnts{1}pDataBuf{0}pNextItem{683143424}
2023-05-05 10:53:22,014 [AppLog] INFO : 使能Pass打印成功：IDP_DoPassPrint2：nLayerIndex{8}nPassID{4}
2023-05-05 10:53:22,029 [AppLog] INFO : PASS打印前关键状态：DEV_GetDeviceInfo2：nLayerIndex{8}nPassID{4}LPPRINTER_INFO:nXSysEncDPI{0}nStatus{0}nPrintStatus{0}bSuperDevice{0}
LPPRINTER_INFO-LPPrtRunInfo:bJobPrtRuning{False}bLayerPrtIsOver{False}nContReqMemErr{0}nContWDErr{0}nCurPrtDir{0}nDTLayerIndex{0}nDTLayerPassIndex{0}nDTPtrCtlIndex{0}nLayerPassCount{0}nPrintLayerIndex{0}nPrintPassIndex{0}nProcLayerIndex{0}nPrtDataMemAddr{0}nPrtState{0}nReverse{System.Int32[]}nRevPrtCols{0}
LPPRINTER_INFO-LPDRVINFO:nFMVersion{0}nFpgaVersion{0}nPCBVersion{0}nState{0}nNextState{0}nPtvwarnState{0}nCrc32{0}nRevInfo{System.UInt32[]}nSignature{0}
2023-05-05 10:53:22,029 [AppLog] INFO : 创建：AutoPrintMotion1=》不需重新创建-手动操作！
2023-05-05 10:53:22,029 [AppLog] INFO : 进入：EquipmentMotionLogic3=》准备创建对象-手动操作！
2023-05-05 10:53:22,029 [AppLog] INFO : 进入：EquipmentMotionLogic3=》不需重新创建-手动操作！
2023-05-05 10:53:22,029 [AppLog] INFO : 进入：EquipmentMotionLogic3=》赋值完成自-AutoPrintMotion2！
2023-05-05 10:53:22,029 [AppLog] INFO : 进入：EquipmentMotionLogic3=》加载配置文件-LoadJsonFile成功！
2023-05-05 10:53:22,029 [AppLog] INFO : 进入：AutoPrintThread3！
2023-05-05 10:53:22,029 [AppLog] INFO : 准备读取编码器位置：X方向！
2023-05-05 10:53:22,029 [AppLog] INFO : 准备运动，当前位置：DEV_GetPrintEncoderValue：MoveDirectionFlag{false为Y方向：False}CurrentPos{423.345}AimPos{25}
2023-05-05 10:53:22,060 [AppLog] INFO : X方向运动开始：DEM_Run：返回值{True}nAxis{0}DirFlag{False}nSpeed{300000}MoveStep{-398345}nCtlValue{2}
2023-05-05 10:53:23,932 [AppLog] INFO : X方向到位停止：DEM_StopAxisRun：返回值{True}CurrentPos{31.125}bImmeStop{False}nAxisMask{1}
2023-05-05 10:53:23,932 [AppLog] INFO : 准备读取编码器位置：Y方向！
2023-05-05 10:53:23,932 [AppLog] INFO : 准备运动，编码器当前位置：DEM_GetAxisEncodeVal：MoveDirectionFlag{false为Y方向：True}CurrentPos{199.025}AimPos{209.021166666667}
2023-05-05 10:53:24,057 [AppLog] INFO : Y方向运动开始：DEM_Run：返回值{True}nAxis{1}DirFlag{True}nSpeed{300000}MoveStep{10015.0694178333}nCtlValue{1}
2023-05-05 10:53:24,135 [AppLog] INFO : Y方向到位停止：DEM_StopAxisRun：返回值{True}CurrentPos{208.07}bImmeStop{False}nAxisMask{2}
2023-05-05 10:53:24,135 [AppLog] INFO : 获取打印Pass数据：IDP_GetPassItem2：nLayerIndex{8}nPassID{5}nProcState{3}LPPassDataItemb:PrtDir{True}nDataTxCompleteCnt{1}nHwMemAdrMatchMask{1}nLayerIndex{8}nLayerPassCount{6}nLayerPassIndex{5}nMinJet0ImgLinePos{6755}nPrtMemHwAddr{System.UInt32[]}nPrtDataOffset{System.UInt32[]}nSrcDataSize{System.UInt32[]}nPrtColBytes{System.UInt32[]}nPrtPrecession{8}nSrcEndCols{8000}nSrcStartCols{0}nStartEncPos{10000}nValidPassJets{1280}nValidPrtCols{8310}nValidPrtCtlCnts{1}pDataBuf{0}pNextItem{0}
2023-05-05 10:53:24,151 [AppLog] INFO : 使能Pass打印成功：IDP_DoPassPrint2：nLayerIndex{8}nPassID{5}
2023-05-05 10:53:24,151 [AppLog] INFO : PASS打印前关键状态：DEV_GetDeviceInfo2：nLayerIndex{8}nPassID{5}LPPRINTER_INFO:nXSysEncDPI{0}nStatus{0}nPrintStatus{0}bSuperDevice{0}
LPPRINTER_INFO-LPPrtRunInfo:bJobPrtRuning{False}bLayerPrtIsOver{False}nContReqMemErr{0}nContWDErr{0}nCurPrtDir{0}nDTLayerIndex{0}nDTLayerPassIndex{0}nDTPtrCtlIndex{0}nLayerPassCount{0}nPrintLayerIndex{0}nPrintPassIndex{0}nProcLayerIndex{0}nPrtDataMemAddr{0}nPrtState{0}nReverse{System.Int32[]}nRevPrtCols{0}
LPPRINTER_INFO-LPDRVINFO:nFMVersion{0}nFpgaVersion{0}nPCBVersion{0}nState{0}nNextState{0}nPtvwarnState{0}nCrc32{0}nRevInfo{System.UInt32[]}nSignature{0}
2023-05-05 10:53:24,151 [AppLog] INFO : 创建：AutoPrintMotion1=》不需重新创建-手动操作！
2023-05-05 10:53:24,151 [AppLog] INFO : 进入：EquipmentMotionLogic3=》准备创建对象-手动操作！
2023-05-05 10:53:24,151 [AppLog] INFO : 进入：EquipmentMotionLogic3=》不需重新创建-手动操作！
2023-05-05 10:53:24,151 [AppLog] INFO : 进入：EquipmentMotionLogic3=》赋值完成自-AutoPrintMotion2！
2023-05-05 10:53:24,151 [AppLog] INFO : 进入：EquipmentMotionLogic3=》加载配置文件-LoadJsonFile成功！
2023-05-05 10:53:24,151 [AppLog] INFO : 进入：AutoPrintThread3！
2023-05-05 10:53:24,151 [AppLog] INFO : 准备读取编码器位置：X方向！
2023-05-05 10:53:24,151 [AppLog] INFO : 准备运动，当前位置：DEV_GetPrintEncoderValue：MoveDirectionFlag{false为Y方向：False}CurrentPos{26.7}AimPos{425}
2023-05-05 10:53:24,198 [AppLog] INFO : X方向运动开始：DEM_Run：返回值{True}nAxis{0}DirFlag{True}nSpeed{300000}MoveStep{398300}nCtlValue{2}
2023-05-05 10:53:26,101 [AppLog] INFO : X方向到位停止：DEM_StopAxisRun：返回值{True}CurrentPos{420.085}bImmeStop{False}nAxisMask{1}
2023-05-05 10:53:26,101 [AppLog] INFO : 准备读取编码器位置：X方向！
2023-05-05 10:53:26,101 [AppLog] INFO : 准备运动，当前位置：DEV_GetPrintEncoderValue：MoveDirectionFlag{false为Y方向：False}CurrentPos{420.16}AimPos{780}
2023-05-05 10:53:26,132 [AppLog] INFO : X方向运动开始：DEM_Run：返回值{True}nAxis{0}DirFlag{True}nSpeed{300000}MoveStep{359840}nCtlValue{2}
2023-05-05 10:53:26,194 [AppLog] INFO : 准备读取编码器位置：Y方向！
2023-05-05 10:53:26,194 [AppLog] INFO : 准备运动，编码器当前位置：DEM_GetAxisEncodeVal：MoveDirectionFlag{false为Y方向：True}CurrentPos{209}AimPos{121}
2023-05-05 10:53:26,522 [AppLog] INFO : Y方向运动开始：DEM_Run：返回值{True}nAxis{1}DirFlag{False}nSpeed{300000}MoveStep{-88166.408}nCtlValue{1}
2023-05-05 10:53:27,895 [AppLog] INFO : Y方向到位等停：DEM_StopAxisRun：返回值{True}bImmeStop{False}nAxisMask{1}
2023-05-05 10:53:27,895 [AppLog] INFO : X方向到位等停：DEM_StopAxisRun：返回值{True}bImmeStop{False}nAxisMask{2}
2023-05-05 10:53:27,910 [AppLog] INFO : 开启闪喷操作：IDP_FlashPrtCtl：返回值{True}
2023-05-05 10:53:27,910 [AppLog] INFO : 进入：EquipmentMotionLogic3=》准备创建对象-手动操作！
2023-05-05 10:53:27,910 [AppLog] INFO : 进入：EquipmentMotionLogic3=》不需重新创建-手动操作！
2023-05-05 10:53:27,910 [AppLog] INFO : 进入：EquipmentMotionLogic3=》赋值完成自-AutoPrintMotion2！
2023-05-05 10:53:27,910 [AppLog] INFO : 进入：EquipmentMotionLogic3=》加载配置文件-LoadJsonFile成功！
2023-05-05 10:53:27,910 [AppLog] INFO : 进入自动铺粉逻辑：NewAutoSupplyPowderThread2
2023-05-05 10:53:28,004 [AppLog] INFO : 手动正向点动指令（8轴运控板卡系统） ====》：输出AXIS{第1轴},点动量{-0.13MM},运动速度{2MM/s}
2023-05-05 10:53:28,004 [AppLog] INFO : 成形面高度下降层厚 TrapSpace{0.13mm}：TrapMoveUp(1, true, Convert.ToString(vel), Convert.ToString(TrapSpace), true, true）
2023-05-05 10:53:28,784 [AppLog] INFO : 手动正向点动指令（8轴运控板卡系统） ====》：输出AXIS{第1轴},点动量{-1.5MM},运动速度{2MM/s}
2023-05-05 10:53:28,784 [AppLog] INFO : 成形面高度下降指定厚度 TrapSpace{1.5mm}：TrapMoveUp(1, true, Convert.ToString(vel), Convert.ToString(TrapSpace), true, true）
2023-05-05 10:53:29,548 [AppLog] INFO : 手动正向点动指令（8轴运控板卡系统） ====》：输出AXIS{第1轴},点动量{1.5MM},运动速度{2MM/s}
2023-05-05 10:53:29,548 [AppLog] INFO : 成形面高度上升层厚 TrapSpace{1.5mm}：TrapMoveUp(1, true, Convert.ToString(vel), Convert.ToString(TrapSpace), true, true）
2023-05-05 10:53:29,767 [AppLog] INFO : 手动正向点动指令（8轴运控板卡系统） ====》：输出AXIS{第8轴},点动量{0.5MM},运动速度{2.5MM/s}
2023-05-05 10:53:29,767 [AppLog] INFO : Hopper落粉轴转2圈落粉，速度0.5rev/s：TrapMoveUp(8, true, 0.5, rotateNuM.ToString(), true, false)
2023-05-05 10:53:30,781 [AppLog] INFO : 开启铺粉车不等停运动，准备运动至准备打印位置215mm，速度250mm/s：BackToStation2
2023-05-05 10:53:31,639 [AppLog] INFO : 手动正向点动指令（8轴运控板卡系统） ====》：输出AXIS{第2轴},点动量{216.5MM},运动速度{250MM/s}
2023-05-05 10:53:31,639 [AppLog] INFO : 当前铺粉车位置：打印位置215mm
2023-05-05 10:53:31,639 [AppLog] INFO : 手动正向点动指令（8轴运控板卡系统） ====》：输出AXIS{第2轴},点动量{480MM},运动速度{25MM/s}
2023-05-05 10:53:31,639 [AppLog] INFO : 开启铺粉车不等停运动至准备打印位置695mm，速度25mm/s：BackToStation2
2023-05-05 10:53:31,764 [AppLog] INFO : 打开IR灯：OpenIRLamp(true)
2023-05-05 10:53:31,904 [AppLog] INFO : 手动正向点动指令（8轴运控板卡系统） ====》：输出AXIS{第3轴},点动量{0.125MM},运动速度{1MM/s}
2023-05-05 10:53:31,904 [AppLog] INFO : 在{40mm}处，落粉轴运动{45度}，落粉轴转速{1rev/s}：TrapMoveUp(3, true, Convert.ToString(DispenseRollerSpeed), 0.5, true, true)
2023-05-05 10:53:31,904 [AppLog] INFO : 手动正向点动指令（8轴运控板卡系统） ====》：输出AXIS{第3轴},点动量{0.5MM},运动速度{0.0376712328767123MM/s}
2023-05-05 10:53:31,904 [AppLog] INFO : 开启均匀落粉及辊子铺平运动：TrapMoveUp(3, true, Convert.ToString(DispenseRollerSpeed), 0.5, true, true)
2023-05-05 10:53:43,573 [AppLog] INFO : 关闭IR灯：OpenIRLamp(false)
2023-05-05 10:53:48,113 [AppLog] INFO : 手动正向点动指令（8轴运控板卡系统） ====》：输出AXIS{第3轴},点动量{0.5MM},运动速度{2MM/s}
2023-05-05 10:53:48,113 [AppLog] INFO : 落粉轴继续转动以倒掉余粉：TrapMoveUp(3, true, 2, 0.5, true, false)
2023-05-05 10:53:51,623 [AppLog] INFO : 手动正向点动指令（8轴运控板卡系统） ====》：输出AXIS{第1轴},点动量{-1.5MM},运动速度{2MM/s}
2023-05-05 10:53:51,623 [AppLog] INFO : 成形面高度下降指定厚度 TrapSpace{1.5mm}：TrapMoveUp(1, true, Convert.ToString(vel), Convert.ToString(TrapSpace), true, true）
2023-05-05 10:53:54,415 [AppLog] INFO : 手动正向点动指令（8轴运控板卡系统） ====》：输出AXIS{第2轴},点动量{-696.5MM},运动速度{250MM/s}
2023-05-05 10:53:54,415 [AppLog] INFO : 铺粉车返回至站1：BackToStation2(AimPos, MovSpeed, true)：-1.5mm，速度250mm/s：BackToStation2
2023-05-05 10:53:55,195 [AppLog] INFO : 落粉轴回零成功：motionMap.SetBackSpreaderAxis(3, 0.5, 2, -SinkPosition)：ReturnCode{True}
2023-05-05 10:53:55,959 [AppLog] INFO : 手动正向点动指令（8轴运控板卡系统） ====》：输出AXIS{第1轴},点动量{1.5MM},运动速度{2MM/s}
2023-05-05 10:53:55,959 [AppLog] INFO : 成形面高度上升层厚 TrapSpace{1.5mm}：TrapMoveUp(1, true, Convert.ToString(vel), Convert.ToString(TrapSpace), true, true）
2023-05-05 10:53:55,959 [AppLog] INFO : 自动铺粉正常结束：NewAutoSupplyPowderThread2
2023-05-05 10:53:55,959 [AppLog] INFO : 发送监控指令，拍照记录1条：SendMessageFromSharedMemory
2023-05-05 10:53:55,959 [AppLog] INFO : 执行完成铺粉固化操作：EquipmentMotionLogic3：m_bApplyPowderSupplyMotion:0
2023-05-05 10:53:55,959 [AppLog] INFO : 接收到恢复打印指令：PrintTaskTHREAD
2023-05-05 10:53:55,959 [AppLog] INFO : 获取打印Pass数据：IDP_GetPassItem2：nLayerIndex{9}nPassID{0}nProcState{3}LPPassDataItemb:PrtDir{False}nDataTxCompleteCnt{1}nHwMemAdrMatchMask{1}nLayerIndex{9}nLayerPassCount{6}nLayerPassIndex{0}nMinJet0ImgLinePos{355}nPrtMemHwAddr{System.UInt32[]}nPrtDataOffset{System.UInt32[]}nSrcDataSize{System.UInt32[]}nPrtColBytes{System.UInt32[]}nPrtPrecession{8}nSrcEndCols{8000}nSrcStartCols{0}nStartEncPos{76512}nValidPassJets{1280}nValidPrtCols{8310}nValidPrtCtlCnts{1}pDataBuf{0}pNextItem{683145024}
2023-05-05 10:53:55,975 [AppLog] INFO : 使能Pass打印成功：IDP_DoPassPrint2：nLayerIndex{9}nPassID{0}
2023-05-05 10:53:55,975 [AppLog] INFO : PASS打印前关键状态：DEV_GetDeviceInfo2：nLayerIndex{9}nPassID{0}LPPRINTER_INFO:nXSysEncDPI{0}nStatus{0}nPrintStatus{0}bSuperDevice{0}
LPPRINTER_INFO-LPPrtRunInfo:bJobPrtRuning{False}bLayerPrtIsOver{False}nContReqMemErr{0}nContWDErr{0}nCurPrtDir{0}nDTLayerIndex{0}nDTLayerPassIndex{0}nDTPtrCtlIndex{0}nLayerPassCount{0}nPrintLayerIndex{0}nPrintPassIndex{0}nProcLayerIndex{0}nPrtDataMemAddr{0}nPrtState{0}nReverse{System.Int32[]}nRevPrtCols{0}
LPPRINTER_INFO-LPDRVINFO:nFMVersion{0}nFpgaVersion{0}nPCBVersion{0}nState{0}nNextState{0}nPtvwarnState{0}nCrc32{0}nRevInfo{System.UInt32[]}nSignature{0}
2023-05-05 10:53:55,975 [AppLog] INFO : 创建：AutoPrintMotion1=》不需重新创建-手动操作！
2023-05-05 10:53:55,991 [AppLog] INFO : 进入：EquipmentMotionLogic3=》准备创建对象-手动操作！
2023-05-05 10:53:55,991 [AppLog] INFO : 进入：EquipmentMotionLogic3=》不需重新创建-手动操作！
2023-05-05 10:53:55,991 [AppLog] INFO : 进入：EquipmentMotionLogic3=》赋值完成自-AutoPrintMotion2！
2023-05-05 10:53:55,991 [AppLog] INFO : 进入：EquipmentMotionLogic3=》加载配置文件-LoadJsonFile成功！
2023-05-05 10:53:55,991 [AppLog] INFO : 进入自动清洗过程：AutoCleanThread
2023-05-05 10:53:56,006 [AppLog] INFO : 准备处理第10层数据：准备调用RenderToWic，index为10，subindex为0，g_nRePrintTimes为1，起始层为0
2023-05-05 10:53:56,084 [AppLog] INFO : 完成处理第10层数据：准备调用DrawLayerBMP，index为10，起始层为0
2023-05-05 10:53:56,084 [AppLog] INFO : 完成处理第10层数据：准备调用DrawLayerBMP，index为10，起始层为0
2023-05-05 10:53:56,349 [AppLog] INFO : 刮墨轴回零成功：motionMap.SetBackSpreaderAxis(4, 1, 2, -SinkHomePosition)
2023-05-05 10:53:56,349 [AppLog] INFO : 准备读取编码器位置：Y方向！
2023-05-05 10:53:56,349 [AppLog] INFO : 准备运动，编码器当前位置：DEM_GetAxisEncodeVal：MoveDirectionFlag{false为Y方向：True}CurrentPos{121.135}AimPos{116}
2023-05-05 10:53:56,474 [AppLog] INFO : Y方向运动开始：DEM_Run：返回值{True}nAxis{1}DirFlag{False}nSpeed{300000}MoveStep{-5144.710285}nCtlValue{1}
2023-05-05 10:53:56,537 [AppLog] INFO : Y方向到位停止：DEM_StopAxisRun：返回值{True}CurrentPos{116.52}bImmeStop{False}nAxisMask{2}
2023-05-05 10:53:56,537 [AppLog] INFO : 准备读取编码器位置：X方向！
2023-05-05 10:53:56,552 [AppLog] INFO : 准备运动，当前位置：DEV_GetPrintEncoderValue：MoveDirectionFlag{false为Y方向：False}CurrentPos{783.115}AimPos{780}
2023-05-05 10:53:56,568 [AppLog] INFO : 作业写入成功：IDP_WriteImgLayerData：bpp:{1bit}灰阶:{1阶}nLayerIndex{11}LayerIndex{10}SubIndex{1}RePrintTimes{1}nBytesPerLine{1004}nWidth{8001}nHeight{7680}nXEncOff{0}nYJetOff{355}nImgStartJetIndex{0}nXDPI{635}nYDPI{600}nPrtDir{0} nPrtFlag{1}nColorCnts{1}nReserved{System.Int32[]}
2023-05-05 10:53:56,568 [AppLog] INFO : 完成处理第10层数据：准备调用RenderToWic，index为10，subindex为0，g_nRePrintTimes为1，起始层为0
2023-05-05 10:53:56,583 [AppLog] INFO : X方向运动开始：DEM_Run：返回值{True}nAxis{0}DirFlag{False}nSpeed{300000}MoveStep{-3115.00000000001}nCtlValue{2}
2023-05-05 10:53:56,739 [AppLog] INFO : X方向到位停止：DEM_StopAxisRun：返回值{True}CurrentPos{782.46}bImmeStop{False}nAxisMask{1}
2023-05-05 10:53:57,722 [AppLog] INFO : 开启闪喷： IDP_FlashPrtCtl(true)：ReturnCode{True}
2023-05-05 10:53:57,722 [AppLog] INFO : 开启压墨： motionMap.SetDo(13, true)
2023-05-05 10:53:59,735 [AppLog] INFO : 关闭压墨： motionMap.SetDo(13, true)
2023-05-05 10:53:59,735 [AppLog] INFO : 压墨等待开启：{3S}
2023-05-05 10:54:02,745 [AppLog] INFO : 压墨等待完成：{3S}
2023-05-05 10:54:02,745 [AppLog] INFO : 开启闪喷： IDP_FlashPrtCtl(false)：ReturnCode{True}
2023-05-05 10:54:02,745 [AppLog] INFO : 准备读取编码器位置：X方向！
2023-05-05 10:54:02,745 [AppLog] INFO : 准备运动，当前位置：DEV_GetPrintEncoderValue：MoveDirectionFlag{false为Y方向：False}CurrentPos{780.36}AimPos{680}
2023-05-05 10:54:02,777 [AppLog] INFO : X方向运动开始：DEM_Run：返回值{True}nAxis{0}DirFlag{False}nSpeed{200000}MoveStep{-100360}nCtlValue{2}
2023-05-05 10:54:03,635 [AppLog] INFO : X方向到位停止：DEM_StopAxisRun：返回值{True}CurrentPos{684.865}bImmeStop{False}nAxisMask{1}
2023-05-05 10:54:04,087 [AppLog] INFO : 结束自动清洗过程：AutoCleanThread
2023-05-05 10:54:04,087 [AppLog] INFO : 进入：EquipmentMotionLogic3=》准备创建对象-手动操作！
2023-05-05 10:54:04,087 [AppLog] INFO : 进入：EquipmentMotionLogic3=》不需重新创建-手动操作！
2023-05-05 10:54:04,087 [AppLog] INFO : 进入：EquipmentMotionLogic3=》赋值完成自-AutoPrintMotion2！
2023-05-05 10:54:04,087 [AppLog] INFO : 进入：EquipmentMotionLogic3=》加载配置文件-LoadJsonFile成功！
2023-05-05 10:54:04,087 [AppLog] INFO : 进入：AutoPrintThread3！
2023-05-05 10:54:04,087 [AppLog] INFO : 关闭闪喷操作：IDP_FlashPrtCtl：返回值{True}
2023-05-05 10:54:04,087 [AppLog] INFO : 准备读取编码器位置：Y方向！
2023-05-05 10:54:04,087 [AppLog] INFO : 准备运动，编码器当前位置：DEM_GetAxisEncodeVal：MoveDirectionFlag{false为Y方向：True}CurrentPos{115.97}AimPos{93.5}
2023-05-05 10:54:04,212 [AppLog] INFO : Y方向运动开始：DEM_Run：返回值{True}nAxis{1}DirFlag{False}nSpeed{300000}MoveStep{-22512.49077}nCtlValue{1}
2023-05-05 10:54:04,274 [AppLog] INFO : 准备读取编码器位置：X方向！
2023-05-05 10:54:04,274 [AppLog] INFO : 准备运动，当前位置：DEV_GetPrintEncoderValue：MoveDirectionFlag{false为Y方向：False}CurrentPos{680.36}AimPos{425}
2023-05-05 10:54:04,305 [AppLog] INFO : X方向运动开始：DEM_Run：返回值{True}nAxis{0}DirFlag{False}nSpeed{300000}MoveStep{-255360}nCtlValue{2}
2023-05-05 10:54:05,725 [AppLog] INFO : X方向到位停止：DEM_StopAxisRun：返回值{True}CurrentPos{428.57}bImmeStop{False}nAxisMask{1}
2023-05-05 10:54:05,725 [AppLog] INFO : 准备读取编码器位置：X方向！
2023-05-05 10:54:05,741 [AppLog] INFO : 准备运动，当前位置：DEV_GetPrintEncoderValue：MoveDirectionFlag{false为Y方向：False}CurrentPos{427.415}AimPos{25}
2023-05-05 10:54:05,787 [AppLog] INFO : X方向运动开始：DEM_Run：返回值{True}nAxis{0}DirFlag{False}nSpeed{300000}MoveStep{-402415}nCtlValue{2}
2023-05-05 10:54:07,675 [AppLog] INFO : X方向到位停止：DEM_StopAxisRun：返回值{True}CurrentPos{27.435}bImmeStop{False}nAxisMask{1}
2023-05-05 10:54:07,675 [AppLog] INFO : 准备读取编码器位置：Y方向！
2023-05-05 10:54:07,675 [AppLog] INFO : 准备运动，编码器当前位置：DEM_GetAxisEncodeVal：MoveDirectionFlag{false为Y方向：True}CurrentPos{93.505}AimPos{98.5211666666667}
2023-05-05 10:54:07,878 [AppLog] INFO : Y方向运动开始：DEM_Run：返回值{False}nAxis{1}DirFlag{True}nSpeed{300000}MoveStep{5025.65223783334}nCtlValue{1}
2023-05-05 10:54:07,940 [AppLog] INFO : Y方向到位停止：DEM_StopAxisRun：返回值{True}CurrentPos{98.485}bImmeStop{False}nAxisMask{2}
2023-05-05 10:54:07,940 [AppLog] INFO : 获取打印Pass数据：IDP_GetPassItem2：nLayerIndex{9}nPassID{1}nProcState{3}LPPassDataItemb:PrtDir{True}nDataTxCompleteCnt{1}nHwMemAdrMatchMask{1}nLayerIndex{9}nLayerPassCount{6}nLayerPassIndex{1}nMinJet0ImgLinePos{1635}nPrtMemHwAddr{System.UInt32[]}nPrtDataOffset{System.UInt32[]}nSrcDataSize{System.UInt32[]}nPrtColBytes{System.UInt32[]}nPrtPrecession{8}nSrcEndCols{8000}nSrcStartCols{0}nStartEncPos{10000}nValidPassJets{1280}nValidPrtCols{8310}nValidPrtCtlCnts{1}pDataBuf{0}pNextItem{683144864}
2023-05-05 10:54:07,956 [AppLog] INFO : 使能Pass打印成功：IDP_DoPassPrint2：nLayerIndex{9}nPassID{1}
2023-05-05 10:54:07,956 [AppLog] INFO : PASS打印前关键状态：DEV_GetDeviceInfo2：nLayerIndex{9}nPassID{1}LPPRINTER_INFO:nXSysEncDPI{0}nStatus{0}nPrintStatus{0}bSuperDevice{0}
LPPRINTER_INFO-LPPrtRunInfo:bJobPrtRuning{False}bLayerPrtIsOver{False}nContReqMemErr{0}nContWDErr{0}nCurPrtDir{0}nDTLayerIndex{0}nDTLayerPassIndex{0}nDTPtrCtlIndex{0}nLayerPassCount{0}nPrintLayerIndex{0}nPrintPassIndex{0}nProcLayerIndex{0}nPrtDataMemAddr{0}nPrtState{0}nReverse{System.Int32[]}nRevPrtCols{0}
LPPRINTER_INFO-LPDRVINFO:nFMVersion{0}nFpgaVersion{0}nPCBVersion{0}nState{0}nNextState{0}nPtvwarnState{0}nCrc32{0}nRevInfo{System.UInt32[]}nSignature{0}
2023-05-05 10:54:07,956 [AppLog] INFO : 创建：AutoPrintMotion1=》不需重新创建-手动操作！
2023-05-05 10:54:07,956 [AppLog] INFO : 进入：EquipmentMotionLogic3=》准备创建对象-手动操作！
2023-05-05 10:54:07,956 [AppLog] INFO : 进入：EquipmentMotionLogic3=》不需重新创建-手动操作！
2023-05-05 10:54:07,956 [AppLog] INFO : 进入：EquipmentMotionLogic3=》赋值完成自-AutoPrintMotion2！
2023-05-05 10:54:07,956 [AppLog] INFO : 进入：EquipmentMotionLogic3=》加载配置文件-LoadJsonFile成功！
2023-05-05 10:54:07,956 [AppLog] INFO : 进入：AutoPrintThread3！
2023-05-05 10:54:07,956 [AppLog] INFO : 准备读取编码器位置：X方向！
2023-05-05 10:54:07,956 [AppLog] INFO : 准备运动，当前位置：DEV_GetPrintEncoderValue：MoveDirectionFlag{false为Y方向：False}CurrentPos{23.57}AimPos{425}
2023-05-05 10:54:07,987 [AppLog] INFO : X方向运动开始：DEM_Run：返回值{True}nAxis{0}DirFlag{True}nSpeed{300000}MoveStep{401430}nCtlValue{2}
2023-05-05 10:54:09,875 [AppLog] INFO : X方向到位停止：DEM_StopAxisRun：返回值{True}CurrentPos{419.49}bImmeStop{False}nAxisMask{1}
2023-05-05 10:54:09,875 [AppLog] INFO : 准备读取编码器位置：Y方向！
2023-05-05 10:54:09,875 [AppLog] INFO : 准备运动，编码器当前位置：DEM_GetAxisEncodeVal：MoveDirectionFlag{false为Y方向：True}CurrentPos{98.495}AimPos{147.5}
2023-05-05 10:54:10,077 [AppLog] INFO : Y方向运动开始：DEM_Run：返回值{True}nAxis{1}DirFlag{True}nSpeed{300000}MoveStep{49097.668455}nCtlValue{1}
2023-05-05 10:54:10,140 [AppLog] INFO : Y方向到位停止：DEM_StopAxisRun：返回值{True}CurrentPos{139.575}bImmeStop{False}nAxisMask{2}
2023-05-05 10:54:10,140 [AppLog] INFO : 获取打印Pass数据：IDP_GetPassItem2：nLayerIndex{9}nPassID{2}nProcState{3}LPPassDataItemb:PrtDir{False}nDataTxCompleteCnt{1}nHwMemAdrMatchMask{1}nLayerIndex{9}nLayerPassCount{6}nLayerPassIndex{2}nMinJet0ImgLinePos{2915}nPrtMemHwAddr{System.UInt32[]}nPrtDataOffset{System.UInt32[]}nSrcDataSize{System.UInt32[]}nPrtColBytes{System.UInt32[]}nPrtPrecession{8}nSrcEndCols{8000}nSrcStartCols{0}nStartEncPos{76512}nValidPassJets{1280}nValidPrtCols{8310}nValidPrtCtlCnts{1}pDataBuf{0}pNextItem{683144704}
2023-05-05 10:54:10,140 [AppLog] INFO : 使能Pass打印成功：IDP_DoPassPrint2：nLayerIndex{9}nPassID{2}
2023-05-05 10:54:10,155 [AppLog] INFO : PASS打印前关键状态：DEV_GetDeviceInfo2：nLayerIndex{9}nPassID{2}LPPRINTER_INFO:nXSysEncDPI{0}nStatus{0}nPrintStatus{0}bSuperDevice{0}
LPPRINTER_INFO-LPPrtRunInfo:bJobPrtRuning{False}bLayerPrtIsOver{False}nContReqMemErr{0}nContWDErr{0}nCurPrtDir{0}nDTLayerIndex{0}nDTLayerPassIndex{0}nDTPtrCtlIndex{0}nLayerPassCount{0}nPrintLayerIndex{0}nPrintPassIndex{0}nProcLayerIndex{0}nPrtDataMemAddr{0}nPrtState{0}nReverse{System.Int32[]}nRevPrtCols{0}
LPPRINTER_INFO-LPDRVINFO:nFMVersion{0}nFpgaVersion{0}nPCBVersion{0}nState{0}nNextState{0}nPtvwarnState{0}nCrc32{0}nRevInfo{System.UInt32[]}nSignature{0}
2023-05-05 10:54:10,155 [AppLog] INFO : 创建：AutoPrintMotion1=》不需重新创建-手动操作！
2023-05-05 10:54:10,155 [AppLog] INFO : 进入：EquipmentMotionLogic3=》准备创建对象-手动操作！
2023-05-05 10:54:10,155 [AppLog] INFO : 进入：EquipmentMotionLogic3=》不需重新创建-手动操作！
2023-05-05 10:54:10,155 [AppLog] INFO : 进入：EquipmentMotionLogic3=》赋值完成自-AutoPrintMotion2！
2023-05-05 10:54:10,155 [AppLog] INFO : 进入：EquipmentMotionLogic3=》加载配置文件-LoadJsonFile成功！
2023-05-05 10:54:10,155 [AppLog] INFO : 进入：AutoPrintThread3！
2023-05-05 10:54:10,155 [AppLog] INFO : 准备读取编码器位置：X方向！
2023-05-05 10:54:10,155 [AppLog] INFO : 准备运动，当前位置：DEV_GetPrintEncoderValue：MoveDirectionFlag{false为Y方向：False}CurrentPos{423.32}AimPos{25}
2023-05-05 10:54:10,187 [AppLog] INFO : X方向运动开始：DEM_Run：返回值{True}nAxis{0}DirFlag{False}nSpeed{300000}MoveStep{-398320}nCtlValue{2}
2023-05-05 10:54:12,074 [AppLog] INFO : X方向到位停止：DEM_StopAxisRun：返回值{True}CurrentPos{30.165}bImmeStop{False}nAxisMask{1}
2023-05-05 10:54:12,074 [AppLog] INFO : 准备读取编码器位置：Y方向！
2023-05-05 10:54:12,074 [AppLog] INFO : 准备运动，编码器当前位置：DEM_GetAxisEncodeVal：MoveDirectionFlag{false为Y方向：True}CurrentPos{147.44}AimPos{152.521166666667}
2023-05-05 10:54:12,199 [AppLog] INFO : Y方向运动开始：DEM_Run：返回值{True}nAxis{1}DirFlag{True}nSpeed{300000}MoveStep{5090.77515283333}nCtlValue{1}
2023-05-05 10:54:12,261 [AppLog] INFO : Y方向到位停止：DEM_StopAxisRun：返回值{True}CurrentPos{151.955}bImmeStop{False}nAxisMask{2}
2023-05-05 10:54:12,261 [AppLog] INFO : 获取打印Pass数据：IDP_GetPassItem2：nLayerIndex{9}nPassID{3}nProcState{3}LPPassDataItemb:PrtDir{True}nDataTxCompleteCnt{1}nHwMemAdrMatchMask{1}nLayerIndex{9}nLayerPassCount{6}nLayerPassIndex{3}nMinJet0ImgLinePos{4195}nPrtMemHwAddr{System.UInt32[]}nPrtDataOffset{System.UInt32[]}nSrcDataSize{System.UInt32[]}nPrtColBytes{System.UInt32[]}nPrtPrecession{8}nSrcEndCols{8000}nSrcStartCols{0}nStartEncPos{10000}nValidPassJets{1280}nValidPrtCols{8310}nValidPrtCtlCnts{1}pDataBuf{0}pNextItem{683144544}
2023-05-05 10:54:12,277 [AppLog] INFO : 使能Pass打印成功：IDP_DoPassPrint2：nLayerIndex{9}nPassID{3}
2023-05-05 10:54:12,277 [AppLog] INFO : PASS打印前关键状态：DEV_GetDeviceInfo2：nLayerIndex{9}nPassID{3}LPPRINTER_INFO:nXSysEncDPI{0}nStatus{0}nPrintStatus{0}bSuperDevice{0}
LPPRINTER_INFO-LPPrtRunInfo:bJobPrtRuning{False}bLayerPrtIsOver{False}nContReqMemErr{0}nContWDErr{0}nCurPrtDir{0}nDTLayerIndex{0}nDTLayerPassIndex{0}nDTPtrCtlIndex{0}nLayerPassCount{0}nPrintLayerIndex{0}nPrintPassIndex{0}nProcLayerIndex{0}nPrtDataMemAddr{0}nPrtState{0}nReverse{System.Int32[]}nRevPrtCols{0}
LPPRINTER_INFO-LPDRVINFO:nFMVersion{0}nFpgaVersion{0}nPCBVersion{0}nState{0}nNextState{0}nPtvwarnState{0}nCrc32{0}nRevInfo{System.UInt32[]}nSignature{0}
2023-05-05 10:54:12,277 [AppLog] INFO : 创建：AutoPrintMotion1=》不需重新创建-手动操作！
2023-05-05 10:54:12,277 [AppLog] INFO : 进入：EquipmentMotionLogic3=》准备创建对象-手动操作！
2023-05-05 10:54:12,277 [AppLog] INFO : 进入：EquipmentMotionLogic3=》不需重新创建-手动操作！
2023-05-05 10:54:12,277 [AppLog] INFO : 进入：EquipmentMotionLogic3=》赋值完成自-AutoPrintMotion2！
2023-05-05 10:54:12,277 [AppLog] INFO : 进入：EquipmentMotionLogic3=》加载配置文件-LoadJsonFile成功！
2023-05-05 10:54:12,277 [AppLog] INFO : 进入：AutoPrintThread3！
2023-05-05 10:54:12,277 [AppLog] INFO : 准备读取编码器位置：X方向！
2023-05-05 10:54:12,277 [AppLog] INFO : 准备运动，当前位置：DEV_GetPrintEncoderValue：MoveDirectionFlag{false为Y方向：False}CurrentPos{26.685}AimPos{425}
2023-05-05 10:54:12,308 [AppLog] INFO : X方向运动开始：DEM_Run：返回值{True}nAxis{0}DirFlag{True}nSpeed{300000}MoveStep{398315}nCtlValue{2}
2023-05-05 10:54:14,196 [AppLog] INFO : X方向到位停止：DEM_StopAxisRun：返回值{True}CurrentPos{419.565}bImmeStop{False}nAxisMask{1}
2023-05-05 10:54:14,196 [AppLog] INFO : 准备读取编码器位置：Y方向！
2023-05-05 10:54:14,211 [AppLog] INFO : 准备运动，编码器当前位置：DEM_GetAxisEncodeVal：MoveDirectionFlag{false为Y方向：True}CurrentPos{152.54}AimPos{201.5}
2023-05-05 10:54:14,430 [AppLog] INFO : Y方向运动开始：DEM_Run：返回值{True}nAxis{1}DirFlag{True}nSpeed{300000}MoveStep{49052.58336}nCtlValue{1}
2023-05-05 10:54:14,492 [AppLog] INFO : Y方向到位停止：DEM_StopAxisRun：返回值{True}CurrentPos{194.005}bImmeStop{False}nAxisMask{2}
2023-05-05 10:54:14,492 [AppLog] INFO : 获取打印Pass数据：IDP_GetPassItem2：nLayerIndex{9}nPassID{4}nProcState{3}LPPassDataItemb:PrtDir{False}nDataTxCompleteCnt{1}nHwMemAdrMatchMask{1}nLayerIndex{9}nLayerPassCount{6}nLayerPassIndex{4}nMinJet0ImgLinePos{5475}nPrtMemHwAddr{System.UInt32[]}nPrtDataOffset{System.UInt32[]}nSrcDataSize{System.UInt32[]}nPrtColBytes{System.UInt32[]}nPrtPrecession{8}nSrcEndCols{8000}nSrcStartCols{0}nStartEncPos{76512}nValidPassJets{1280}nValidPrtCols{8310}nValidPrtCtlCnts{1}pDataBuf{0}pNextItem{683144384}
2023-05-05 10:54:14,492 [AppLog] INFO : 使能Pass打印成功：IDP_DoPassPrint2：nLayerIndex{9}nPassID{4}
2023-05-05 10:54:14,508 [AppLog] INFO : PASS打印前关键状态：DEV_GetDeviceInfo2：nLayerIndex{9}nPassID{4}LPPRINTER_INFO:nXSysEncDPI{0}nStatus{0}nPrintStatus{0}bSuperDevice{0}
LPPRINTER_INFO-LPPrtRunInfo:bJobPrtRuning{False}bLayerPrtIsOver{False}nContReqMemErr{0}nContWDErr{0}nCurPrtDir{0}nDTLayerIndex{0}nDTLayerPassIndex{0}nDTPtrCtlIndex{0}nLayerPassCount{0}nPrintLayerIndex{0}nPrintPassIndex{0}nProcLayerIndex{0}nPrtDataMemAddr{0}nPrtState{0}nReverse{System.Int32[]}nRevPrtCols{0}
LPPRINTER_INFO-LPDRVINFO:nFMVersion{0}nFpgaVersion{0}nPCBVersion{0}nState{0}nNextState{0}nPtvwarnState{0}nCrc32{0}nRevInfo{System.UInt32[]}nSignature{0}
2023-05-05 10:54:14,508 [AppLog] INFO : 创建：AutoPrintMotion1=》不需重新创建-手动操作！
2023-05-05 10:54:14,508 [AppLog] INFO : 进入：EquipmentMotionLogic3=》准备创建对象-手动操作！
2023-05-05 10:54:14,508 [AppLog] INFO : 进入：EquipmentMotionLogic3=》不需重新创建-手动操作！
2023-05-05 10:54:14,508 [AppLog] INFO : 进入：EquipmentMotionLogic3=》赋值完成自-AutoPrintMotion2！
2023-05-05 10:54:14,508 [AppLog] INFO : 进入：EquipmentMotionLogic3=》加载配置文件-LoadJsonFile成功！
2023-05-05 10:54:14,508 [AppLog] INFO : 进入：AutoPrintThread3！
2023-05-05 10:54:14,508 [AppLog] INFO : 准备读取编码器位置：X方向！
2023-05-05 10:54:14,508 [AppLog] INFO : 准备运动，当前位置：DEV_GetPrintEncoderValue：MoveDirectionFlag{false为Y方向：False}CurrentPos{423.32}AimPos{25}
2023-05-05 10:54:14,539 [AppLog] INFO : X方向运动开始：DEM_Run：返回值{True}nAxis{0}DirFlag{False}nSpeed{300000}MoveStep{-398320}nCtlValue{2}
2023-05-05 10:54:16,427 [AppLog] INFO : X方向到位停止：DEM_StopAxisRun：返回值{True}CurrentPos{30.36}bImmeStop{False}nAxisMask{1}
2023-05-05 10:54:16,427 [AppLog] INFO : 准备读取编码器位置：Y方向！
2023-05-05 10:54:16,427 [AppLog] INFO : 准备运动，编码器当前位置：DEM_GetAxisEncodeVal：MoveDirectionFlag{false为Y方向：True}CurrentPos{201.505}AimPos{206.521166666667}
2023-05-05 10:54:16,629 [AppLog] INFO : Y方向运动开始：DEM_Run：返回值{False}nAxis{1}DirFlag{True}nSpeed{300000}MoveStep{5025.65223783333}nCtlValue{1}
2023-05-05 10:54:16,692 [AppLog] INFO : Y方向到位停止：DEM_StopAxisRun：返回值{True}CurrentPos{206.545}bImmeStop{False}nAxisMask{2}
2023-05-05 10:54:16,692 [AppLog] INFO : 获取打印Pass数据：IDP_GetPassItem2：nLayerIndex{9}nPassID{5}nProcState{3}LPPassDataItemb:PrtDir{True}nDataTxCompleteCnt{1}nHwMemAdrMatchMask{1}nLayerIndex{9}nLayerPassCount{6}nLayerPassIndex{5}nMinJet0ImgLinePos{6755}nPrtMemHwAddr{System.UInt32[]}nPrtDataOffset{System.UInt32[]}nSrcDataSize{System.UInt32[]}nPrtColBytes{System.UInt32[]}nPrtPrecession{8}nSrcEndCols{8000}nSrcStartCols{0}nStartEncPos{10000}nValidPassJets{1280}nValidPrtCols{8310}nValidPrtCtlCnts{1}pDataBuf{0}pNextItem{0}
2023-05-05 10:54:16,692 [AppLog] INFO : 使能Pass打印成功：IDP_DoPassPrint2：nLayerIndex{9}nPassID{5}
2023-05-05 10:54:16,739 [AppLog] INFO : PASS打印前关键状态：DEV_GetDeviceInfo2：nLayerIndex{9}nPassID{5}LPPRINTER_INFO:nXSysEncDPI{0}nStatus{0}nPrintStatus{0}bSuperDevice{0}
LPPRINTER_INFO-LPPrtRunInfo:bJobPrtRuning{False}bLayerPrtIsOver{False}nContReqMemErr{0}nContWDErr{0}nCurPrtDir{0}nDTLayerIndex{0}nDTLayerPassIndex{0}nDTPtrCtlIndex{0}nLayerPassCount{0}nPrintLayerIndex{0}nPrintPassIndex{0}nProcLayerIndex{0}nPrtDataMemAddr{0}nPrtState{0}nReverse{System.Int32[]}nRevPrtCols{0}
LPPRINTER_INFO-LPDRVINFO:nFMVersion{0}nFpgaVersion{0}nPCBVersion{0}nState{0}nNextState{0}nPtvwarnState{0}nCrc32{0}nRevInfo{System.UInt32[]}nSignature{0}
2023-05-05 10:54:16,739 [AppLog] INFO : 创建：AutoPrintMotion1=》不需重新创建-手动操作！
2023-05-05 10:54:16,739 [AppLog] INFO : 进入：EquipmentMotionLogic3=》准备创建对象-手动操作！
2023-05-05 10:54:16,739 [AppLog] INFO : 进入：EquipmentMotionLogic3=》不需重新创建-手动操作！
2023-05-05 10:54:16,739 [AppLog] INFO : 进入：EquipmentMotionLogic3=》赋值完成自-AutoPrintMotion2！
2023-05-05 10:54:16,739 [AppLog] INFO : 进入：EquipmentMotionLogic3=》加载配置文件-LoadJsonFile成功！
2023-05-05 10:54:16,739 [AppLog] INFO : 进入：AutoPrintThread3！
2023-05-05 10:54:16,739 [AppLog] INFO : 准备读取编码器位置：X方向！
2023-05-05 10:54:16,739 [AppLog] INFO : 准备运动，当前位置：DEV_GetPrintEncoderValue：MoveDirectionFlag{false为Y方向：False}CurrentPos{26.71}AimPos{425}
2023-05-05 10:54:16,770 [AppLog] INFO : X方向运动开始：DEM_Run：返回值{True}nAxis{0}DirFlag{True}nSpeed{300000}MoveStep{398290}nCtlValue{2}
2023-05-05 10:54:18,673 [AppLog] INFO : X方向到位停止：DEM_StopAxisRun：返回值{True}CurrentPos{420.175}bImmeStop{False}nAxisMask{1}
2023-05-05 10:54:18,673 [AppLog] INFO : 准备读取编码器位置：X方向！
2023-05-05 10:54:18,673 [AppLog] INFO : 准备运动，当前位置：DEV_GetPrintEncoderValue：MoveDirectionFlag{false为Y方向：False}CurrentPos{420.26}AimPos{780}
2023-05-05 10:54:18,704 [AppLog] INFO : X方向运动开始：DEM_Run：返回值{True}nAxis{0}DirFlag{True}nSpeed{300000}MoveStep{359740}nCtlValue{2}
2023-05-05 10:54:18,767 [AppLog] INFO : 准备读取编码器位置：Y方向！
2023-05-05 10:54:18,767 [AppLog] INFO : 准备运动，编码器当前位置：DEM_GetAxisEncodeVal：MoveDirectionFlag{false为Y方向：True}CurrentPos{206.53}AimPos{121}
2023-05-05 10:54:19,094 [AppLog] INFO : Y方向运动开始：DEM_Run：返回值{True}nAxis{1}DirFlag{False}nSpeed{300000}MoveStep{-85691.73723}nCtlValue{1}
2023-05-05 10:54:20,451 [AppLog] INFO : Y方向到位等停：DEM_StopAxisRun：返回值{True}bImmeStop{False}nAxisMask{1}
2023-05-05 10:54:20,451 [AppLog] INFO : X方向到位等停：DEM_StopAxisRun：返回值{True}bImmeStop{False}nAxisMask{2}
2023-05-05 10:54:20,467 [AppLog] INFO : 开启闪喷操作：IDP_FlashPrtCtl：返回值{True}
2023-05-05 10:54:20,467 [AppLog] INFO : 进入：EquipmentMotionLogic3=》准备创建对象-手动操作！
2023-05-05 10:54:20,467 [AppLog] INFO : 进入：EquipmentMotionLogic3=》不需重新创建-手动操作！
2023-05-05 10:54:20,467 [AppLog] INFO : 进入：EquipmentMotionLogic3=》赋值完成自-AutoPrintMotion2！
2023-05-05 10:54:20,467 [AppLog] INFO : 进入：EquipmentMotionLogic3=》加载配置文件-LoadJsonFile成功！
2023-05-05 10:54:20,467 [AppLog] INFO : 进入自动铺粉逻辑：NewAutoSupplyPowderThread2
2023-05-05 10:54:20,561 [AppLog] INFO : 手动正向点动指令（8轴运控板卡系统） ====》：输出AXIS{第1轴},点动量{-0.13MM},运动速度{2MM/s}
2023-05-05 10:54:20,561 [AppLog] INFO : 成形面高度下降层厚 TrapSpace{0.13mm}：TrapMoveUp(1, true, Convert.ToString(vel), Convert.ToString(TrapSpace), true, true）
2023-05-05 10:54:21,325 [AppLog] INFO : 手动正向点动指令（8轴运控板卡系统） ====》：输出AXIS{第1轴},点动量{-1.5MM},运动速度{2MM/s}
2023-05-05 10:54:21,325 [AppLog] INFO : 成形面高度下降指定厚度 TrapSpace{1.5mm}：TrapMoveUp(1, true, Convert.ToString(vel), Convert.ToString(TrapSpace), true, true）
2023-05-05 10:54:22,105 [AppLog] INFO : 手动正向点动指令（8轴运控板卡系统） ====》：输出AXIS{第1轴},点动量{1.5MM},运动速度{2MM/s}
2023-05-05 10:54:22,105 [AppLog] INFO : 成形面高度上升层厚 TrapSpace{1.5mm}：TrapMoveUp(1, true, Convert.ToString(vel), Convert.ToString(TrapSpace), true, true）
2023-05-05 10:54:22,323 [AppLog] INFO : 手动正向点动指令（8轴运控板卡系统） ====》：输出AXIS{第8轴},点动量{0.5MM},运动速度{2.5MM/s}
2023-05-05 10:54:22,323 [AppLog] INFO : Hopper落粉轴转2圈落粉，速度0.5rev/s：TrapMoveUp(8, true, 0.5, rotateNuM.ToString(), true, false)
2023-05-05 10:54:23,337 [AppLog] INFO : 开启铺粉车不等停运动，准备运动至准备打印位置215mm，速度250mm/s：BackToStation2
2023-05-05 10:54:24,195 [AppLog] INFO : 手动正向点动指令（8轴运控板卡系统） ====》：输出AXIS{第2轴},点动量{216.5MM},运动速度{250MM/s}
2023-05-05 10:54:24,195 [AppLog] INFO : 当前铺粉车位置：打印位置215mm
2023-05-05 10:54:24,195 [AppLog] INFO : 手动正向点动指令（8轴运控板卡系统） ====》：输出AXIS{第2轴},点动量{480MM},运动速度{25MM/s}
2023-05-05 10:54:24,195 [AppLog] INFO : 开启铺粉车不等停运动至准备打印位置695mm，速度25mm/s：BackToStation2
2023-05-05 10:54:24,320 [AppLog] INFO : 打开IR灯：OpenIRLamp(true)
2023-05-05 10:54:24,461 [AppLog] INFO : 手动正向点动指令（8轴运控板卡系统） ====》：输出AXIS{第3轴},点动量{0.125MM},运动速度{1MM/s}
2023-05-05 10:54:24,461 [AppLog] INFO : 在{40mm}处，落粉轴运动{45度}，落粉轴转速{1rev/s}：TrapMoveUp(3, true, Convert.ToString(DispenseRollerSpeed), 0.5, true, true)
2023-05-05 10:54:24,461 [AppLog] INFO : 手动正向点动指令（8轴运控板卡系统） ====》：输出AXIS{第3轴},点动量{0.5MM},运动速度{0.0376712328767123MM/s}
2023-05-05 10:54:24,461 [AppLog] INFO : 开启均匀落粉及辊子铺平运动：TrapMoveUp(3, true, Convert.ToString(DispenseRollerSpeed), 0.5, true, true)
2023-05-05 10:54:36,114 [AppLog] INFO : 关闭IR灯：OpenIRLamp(false)
2023-05-05 10:54:40,669 [AppLog] INFO : 手动正向点动指令（8轴运控板卡系统） ====》：输出AXIS{第3轴},点动量{0.5MM},运动速度{2MM/s}
2023-05-05 10:54:40,669 [AppLog] INFO : 落粉轴继续转动以倒掉余粉：TrapMoveUp(3, true, 2, 0.5, true, false)
2023-05-05 10:54:44,179 [AppLog] INFO : 手动正向点动指令（8轴运控板卡系统） ====》：输出AXIS{第1轴},点动量{-1.5MM},运动速度{2MM/s}
2023-05-05 10:54:44,179 [AppLog] INFO : 成形面高度下降指定厚度 TrapSpace{1.5mm}：TrapMoveUp(1, true, Convert.ToString(vel), Convert.ToString(TrapSpace), true, true）
2023-05-05 10:54:46,971 [AppLog] INFO : 手动正向点动指令（8轴运控板卡系统） ====》：输出AXIS{第2轴},点动量{-696.5MM},运动速度{250MM/s}
2023-05-05 10:54:46,971 [AppLog] INFO : 铺粉车返回至站1：BackToStation2(AimPos, MovSpeed, true)：-1.5mm，速度250mm/s：BackToStation2
2023-05-05 10:54:47,751 [AppLog] INFO : 落粉轴回零成功：motionMap.SetBackSpreaderAxis(3, 0.5, 2, -SinkPosition)：ReturnCode{True}
2023-05-05 10:54:48,516 [AppLog] INFO : 手动正向点动指令（8轴运控板卡系统） ====》：输出AXIS{第1轴},点动量{1.5MM},运动速度{2MM/s}
2023-05-05 10:54:48,516 [AppLog] INFO : 成形面高度上升层厚 TrapSpace{1.5mm}：TrapMoveUp(1, true, Convert.ToString(vel), Convert.ToString(TrapSpace), true, true）
2023-05-05 10:54:48,516 [AppLog] INFO : 自动铺粉正常结束：NewAutoSupplyPowderThread2
2023-05-05 10:54:48,516 [AppLog] INFO : 发送监控指令，拍照记录1条：SendMessageFromSharedMemory
2023-05-05 10:54:48,516 [AppLog] INFO : 执行完成铺粉固化操作：EquipmentMotionLogic3：m_bApplyPowderSupplyMotion:0
2023-05-05 10:54:48,516 [AppLog] INFO : 接收到恢复打印指令：PrintTaskTHREAD
2023-05-05 10:54:48,516 [AppLog] INFO : 获取打印Pass数据：IDP_GetPassItem2：nLayerIndex{10}nPassID{0}nProcState{3}LPPassDataItemb:PrtDir{False}nDataTxCompleteCnt{1}nHwMemAdrMatchMask{1}nLayerIndex{10}nLayerPassCount{6}nLayerPassIndex{0}nMinJet0ImgLinePos{355}nPrtMemHwAddr{System.UInt32[]}nPrtDataOffset{System.UInt32[]}nSrcDataSize{System.UInt32[]}nPrtColBytes{System.UInt32[]}nPrtPrecession{8}nSrcEndCols{8000}nSrcStartCols{0}nStartEncPos{76512}nValidPassJets{1280}nValidPrtCols{8310}nValidPrtCtlCnts{1}pDataBuf{0}pNextItem{683145824}
2023-05-05 10:54:48,531 [AppLog] INFO : 使能Pass打印成功：IDP_DoPassPrint2：nLayerIndex{10}nPassID{0}
2023-05-05 10:54:48,547 [AppLog] INFO : PASS打印前关键状态：DEV_GetDeviceInfo2：nLayerIndex{10}nPassID{0}LPPRINTER_INFO:nXSysEncDPI{0}nStatus{0}nPrintStatus{0}bSuperDevice{0}
LPPRINTER_INFO-LPPrtRunInfo:bJobPrtRuning{False}bLayerPrtIsOver{False}nContReqMemErr{0}nContWDErr{0}nCurPrtDir{0}nDTLayerIndex{0}nDTLayerPassIndex{0}nDTPtrCtlIndex{0}nLayerPassCount{0}nPrintLayerIndex{0}nPrintPassIndex{0}nProcLayerIndex{0}nPrtDataMemAddr{0}nPrtState{0}nReverse{System.Int32[]}nRevPrtCols{0}
LPPRINTER_INFO-LPDRVINFO:nFMVersion{0}nFpgaVersion{0}nPCBVersion{0}nState{0}nNextState{0}nPtvwarnState{0}nCrc32{0}nRevInfo{System.UInt32[]}nSignature{0}
2023-05-05 10:54:48,547 [AppLog] INFO : 创建：AutoPrintMotion1=》不需重新创建-手动操作！
2023-05-05 10:54:48,547 [AppLog] INFO : 进入：EquipmentMotionLogic3=》准备创建对象-手动操作！
2023-05-05 10:54:48,547 [AppLog] INFO : 进入：EquipmentMotionLogic3=》不需重新创建-手动操作！
2023-05-05 10:54:48,547 [AppLog] INFO : 进入：EquipmentMotionLogic3=》赋值完成自-AutoPrintMotion2！
2023-05-05 10:54:48,547 [AppLog] INFO : 进入：EquipmentMotionLogic3=》加载配置文件-LoadJsonFile成功！
2023-05-05 10:54:48,547 [AppLog] INFO : 进入自动清洗过程：AutoCleanThread
2023-05-05 10:54:48,563 [AppLog] INFO : 准备处理第11层数据：准备调用RenderToWic，index为11，subindex为0，g_nRePrintTimes为1，起始层为0
2023-05-05 10:54:48,641 [AppLog] INFO : 完成处理第11层数据：准备调用DrawLayerBMP，index为11，起始层为0
2023-05-05 10:54:48,641 [AppLog] INFO : 完成处理第11层数据：准备调用DrawLayerBMP，index为11，起始层为0
2023-05-05 10:54:48,906 [AppLog] INFO : 刮墨轴回零成功：motionMap.SetBackSpreaderAxis(4, 1, 2, -SinkHomePosition)
2023-05-05 10:54:48,906 [AppLog] INFO : 准备读取编码器位置：Y方向！
2023-05-05 10:54:48,921 [AppLog] INFO : 准备运动，编码器当前位置：DEM_GetAxisEncodeVal：MoveDirectionFlag{false为Y方向：True}CurrentPos{121.08}AimPos{116}
2023-05-05 10:54:49,046 [AppLog] INFO : Y方向运动开始：DEM_Run：返回值{True}nAxis{1}DirFlag{False}nSpeed{300000}MoveStep{-5089.60628}nCtlValue{1}
2023-05-05 10:54:49,109 [AppLog] INFO : Y方向到位停止：DEM_StopAxisRun：返回值{True}CurrentPos{116.49}bImmeStop{False}nAxisMask{2}
2023-05-05 10:54:49,109 [AppLog] INFO : 准备读取编码器位置：X方向！
2023-05-05 10:54:49,109 [AppLog] INFO : 准备运动，当前位置：DEV_GetPrintEncoderValue：MoveDirectionFlag{false为Y方向：False}CurrentPos{783.005}AimPos{780}
2023-05-05 10:54:49,140 [AppLog] INFO : X方向运动开始：DEM_Run：返回值{True}nAxis{0}DirFlag{False}nSpeed{300000}MoveStep{-3005}nCtlValue{2}
2023-05-05 10:54:49,140 [AppLog] INFO : 作业写入成功：IDP_WriteImgLayerData：bpp:{1bit}灰阶:{1阶}nLayerIndex{12}LayerIndex{11}SubIndex{1}RePrintTimes{1}nBytesPerLine{1004}nWidth{8001}nHeight{7680}nXEncOff{0}nYJetOff{355}nImgStartJetIndex{0}nXDPI{635}nYDPI{600}nPrtDir{0} nPrtFlag{1}nColorCnts{1}nReserved{System.Int32[]}
2023-05-05 10:54:49,140 [AppLog] INFO : 完成处理第11层数据：准备调用RenderToWic，index为11，subindex为0，g_nRePrintTimes为1，起始层为0
2023-05-05 10:54:49,280 [AppLog] INFO : X方向到位停止：DEM_StopAxisRun：返回值{True}CurrentPos{782.805}bImmeStop{False}nAxisMask{1}
2023-05-05 10:54:49,436 [AppLog] INFO : 进入手动调试子模块！
2023-05-05 10:54:49,436 [AppLog] INFO : 进入：ManulBtn_Click=》准备创建对象-手动操作！
2023-05-05 10:54:49,467 [AppLog] INFO : 创建：ManualControl=》创建完成-手动操作！
2023-05-05 10:54:49,467 [AppLog] INFO : 加载成功：温控Modbus接口！
2023-05-05 10:54:50,263 [AppLog] INFO : 开启闪喷： IDP_FlashPrtCtl(true)：ReturnCode{True}
2023-05-05 10:54:50,263 [AppLog] INFO : 开启压墨： motionMap.SetDo(13, true)
2023-05-05 10:54:52,275 [AppLog] INFO : 关闭压墨： motionMap.SetDo(13, true)
2023-05-05 10:54:52,275 [AppLog] INFO : 压墨等待开启：{3S}
2023-05-05 10:54:55,286 [AppLog] INFO : 压墨等待完成：{3S}
2023-05-05 10:54:55,411 [AppLog] INFO : 开启闪喷： IDP_FlashPrtCtl(false)：ReturnCode{True}
2023-05-05 10:54:55,411 [AppLog] INFO : 准备读取编码器位置：X方向！
2023-05-05 10:54:55,505 [AppLog] INFO : 准备运动，当前位置：DEV_GetPrintEncoderValue：MoveDirectionFlag{false为Y方向：False}CurrentPos{780.36}AimPos{680}
2023-05-05 10:54:55,536 [AppLog] INFO : X方向运动开始：DEM_Run：返回值{True}nAxis{0}DirFlag{False}nSpeed{200000}MoveStep{-100360}nCtlValue{2}
2023-05-05 10:54:56,550 [AppLog] INFO : X方向到位停止：DEM_StopAxisRun：返回值{True}CurrentPos{680.385}bImmeStop{False}nAxisMask{1}
2023-05-05 10:54:56,659 [AppLog] INFO : 退出手动调试子模块,已执行修改
==========================================================================
2023-05-05 10:54:57,018 [AppLog] INFO : 结束自动清洗过程：AutoCleanThread
2023-05-05 10:54:57,018 [AppLog] INFO : 进入：EquipmentMotionLogic3=》准备创建对象-手动操作！
2023-05-05 10:54:57,018 [AppLog] INFO : 进入：EquipmentMotionLogic3=》不需重新创建-手动操作！
2023-05-05 10:54:57,018 [AppLog] INFO : 进入：EquipmentMotionLogic3=》赋值完成自-AutoPrintMotion2！
2023-05-05 10:54:57,018 [AppLog] INFO : 进入：EquipmentMotionLogic3=》加载配置文件-LoadJsonFile成功！
2023-05-05 10:54:57,018 [AppLog] INFO : 进入：AutoPrintThread3！
2023-05-05 10:54:57,018 [AppLog] INFO : 关闭闪喷操作：IDP_FlashPrtCtl：返回值{True}
2023-05-05 10:54:57,018 [AppLog] INFO : 准备读取编码器位置：Y方向！
2023-05-05 10:54:57,018 [AppLog] INFO : 准备运动，编码器当前位置：DEM_GetAxisEncodeVal：MoveDirectionFlag{false为Y方向：True}CurrentPos{115.975}AimPos{88.5}
2023-05-05 10:54:57,158 [AppLog] INFO : Y方向运动开始：DEM_Run：返回值{True}nAxis{1}DirFlag{False}nSpeed{300000}MoveStep{-27526.955225}nCtlValue{1}
2023-05-05 10:54:57,221 [AppLog] INFO : 准备读取编码器位置：X方向！
2023-05-05 10:54:57,221 [AppLog] INFO : 准备运动，当前位置：DEV_GetPrintEncoderValue：MoveDirectionFlag{false为Y方向：False}CurrentPos{680.36}AimPos{425}
2023-05-05 10:54:57,252 [AppLog] INFO : X方向运动开始：DEM_Run：返回值{True}nAxis{0}DirFlag{False}nSpeed{300000}MoveStep{-255360}nCtlValue{2}
2023-05-05 10:54:58,671 [AppLog] INFO : X方向到位停止：DEM_StopAxisRun：返回值{True}CurrentPos{428.6}bImmeStop{False}nAxisMask{1}
2023-05-05 10:54:58,671 [AppLog] INFO : 准备读取编码器位置：X方向！
2023-05-05 10:54:58,671 [AppLog] INFO : 准备运动，当前位置：DEV_GetPrintEncoderValue：MoveDirectionFlag{false为Y方向：False}CurrentPos{428.44}AimPos{25}
2023-05-05 10:54:58,703 [AppLog] INFO : X方向运动开始：DEM_Run：返回值{True}nAxis{0}DirFlag{False}nSpeed{300000}MoveStep{-403440}nCtlValue{2}
2023-05-05 10:55:00,606 [AppLog] INFO : X方向到位停止：DEM_StopAxisRun：返回值{True}CurrentPos{25.18}bImmeStop{False}nAxisMask{1}
2023-05-05 10:55:00,606 [AppLog] INFO : 准备读取编码器位置：Y方向！
2023-05-05 10:55:00,621 [AppLog] INFO : 准备运动，编码器当前位置：DEM_GetAxisEncodeVal：MoveDirectionFlag{false为Y方向：True}CurrentPos{88.48}AimPos{103.521166666667}
2023-05-05 10:55:00,746 [AppLog] INFO : Y方向运动开始：DEM_Run：返回值{True}nAxis{1}DirFlag{True}nSpeed{300000}MoveStep{15069.6095128333}nCtlValue{1}
2023-05-05 10:55:00,809 [AppLog] INFO : Y方向到位停止：DEM_StopAxisRun：返回值{True}CurrentPos{101.11}bImmeStop{False}nAxisMask{2}
2023-05-05 10:55:00,809 [AppLog] INFO : 获取打印Pass数据：IDP_GetPassItem2：nLayerIndex{10}nPassID{1}nProcState{3}LPPassDataItemb:PrtDir{True}nDataTxCompleteCnt{1}nHwMemAdrMatchMask{1}nLayerIndex{10}nLayerPassCount{6}nLayerPassIndex{1}nMinJet0ImgLinePos{1635}nPrtMemHwAddr{System.UInt32[]}nPrtDataOffset{System.UInt32[]}nSrcDataSize{System.UInt32[]}nPrtColBytes{System.UInt32[]}nPrtPrecession{8}nSrcEndCols{8000}nSrcStartCols{0}nStartEncPos{10000}nValidPassJets{1280}nValidPrtCols{8310}nValidPrtCtlCnts{1}pDataBuf{0}pNextItem{683145664}
2023-05-05 10:55:00,809 [AppLog] INFO : 使能Pass打印成功：IDP_DoPassPrint2：nLayerIndex{10}nPassID{1}
2023-05-05 10:55:00,824 [AppLog] INFO : PASS打印前关键状态：DEV_GetDeviceInfo2：nLayerIndex{10}nPassID{1}LPPRINTER_INFO:nXSysEncDPI{0}nStatus{0}nPrintStatus{0}bSuperDevice{0}
LPPRINTER_INFO-LPPrtRunInfo:bJobPrtRuning{False}bLayerPrtIsOver{False}nContReqMemErr{0}nContWDErr{0}nCurPrtDir{0}nDTLayerIndex{0}nDTLayerPassIndex{0}nDTPtrCtlIndex{0}nLayerPassCount{0}nPrintLayerIndex{0}nPrintPassIndex{0}nProcLayerIndex{0}nPrtDataMemAddr{0}nPrtState{0}nReverse{System.Int32[]}nRevPrtCols{0}
LPPRINTER_INFO-LPDRVINFO:nFMVersion{0}nFpgaVersion{0}nPCBVersion{0}nState{0}nNextState{0}nPtvwarnState{0}nCrc32{0}nRevInfo{System.UInt32[]}nSignature{0}
2023-05-05 10:55:00,824 [AppLog] INFO : 创建：AutoPrintMotion1=》不需重新创建-手动操作！
2023-05-05 10:55:00,824 [AppLog] INFO : 进入：EquipmentMotionLogic3=》准备创建对象-手动操作！
2023-05-05 10:55:00,824 [AppLog] INFO : 进入：EquipmentMotionLogic3=》不需重新创建-手动操作！
2023-05-05 10:55:00,824 [AppLog] INFO : 进入：EquipmentMotionLogic3=》赋值完成自-AutoPrintMotion2！
2023-05-05 10:55:00,824 [AppLog] INFO : 进入：EquipmentMotionLogic3=》加载配置文件-LoadJsonFile成功！
2023-05-05 10:55:00,824 [AppLog] INFO : 进入：AutoPrintThread3！
2023-05-05 10:55:00,824 [AppLog] INFO : 准备读取编码器位置：X方向！
2023-05-05 10:55:00,824 [AppLog] INFO : 准备运动，当前位置：DEV_GetPrintEncoderValue：MoveDirectionFlag{false为Y方向：False}CurrentPos{22.57}AimPos{425}
2023-05-05 10:55:00,855 [AppLog] INFO : X方向运动开始：DEM_Run：返回值{True}nAxis{0}DirFlag{True}nSpeed{300000}MoveStep{402430}nCtlValue{2}
2023-05-05 10:55:02,743 [AppLog] INFO : X方向到位停止：DEM_StopAxisRun：返回值{True}CurrentPos{419.245}bImmeStop{False}nAxisMask{1}
2023-05-05 10:55:02,743 [AppLog] INFO : 准备读取编码器位置：Y方向！
2023-05-05 10:55:02,743 [AppLog] INFO : 准备运动，编码器当前位置：DEM_GetAxisEncodeVal：MoveDirectionFlag{false为Y方向：True}CurrentPos{103.46}AimPos{142.5}
2023-05-05 10:55:02,915 [AppLog] INFO : Y方向运动开始：DEM_Run：返回值{True}nAxis{1}DirFlag{True}nSpeed{300000}MoveStep{39113.82464}nCtlValue{1}
2023-05-05 10:55:02,977 [AppLog] INFO : Y方向到位停止：DEM_StopAxisRun：返回值{True}CurrentPos{134.81}bImmeStop{False}nAxisMask{2}
2023-05-05 10:55:02,977 [AppLog] INFO : 获取打印Pass数据：IDP_GetPassItem2：nLayerIndex{10}nPassID{2}nProcState{3}LPPassDataItemb:PrtDir{False}nDataTxCompleteCnt{1}nHwMemAdrMatchMask{1}nLayerIndex{10}nLayerPassCount{6}nLayerPassIndex{2}nMinJet0ImgLinePos{2915}nPrtMemHwAddr{System.UInt32[]}nPrtDataOffset{System.UInt32[]}nSrcDataSize{System.UInt32[]}nPrtColBytes{System.UInt32[]}nPrtPrecession{8}nSrcEndCols{8000}nSrcStartCols{0}nStartEncPos{76512}nValidPassJets{1280}nValidPrtCols{8310}nValidPrtCtlCnts{1}pDataBuf{0}pNextItem{683145504}
2023-05-05 10:55:02,977 [AppLog] INFO : 使能Pass打印成功：IDP_DoPassPrint2：nLayerIndex{10}nPassID{2}
2023-05-05 10:55:02,993 [AppLog] INFO : PASS打印前关键状态：DEV_GetDeviceInfo2：nLayerIndex{10}nPassID{2}LPPRINTER_INFO:nXSysEncDPI{0}nStatus{0}nPrintStatus{0}bSuperDevice{0}
LPPRINTER_INFO-LPPrtRunInfo:bJobPrtRuning{False}bLayerPrtIsOver{False}nContReqMemErr{0}nContWDErr{0}nCurPrtDir{0}nDTLayerIndex{0}nDTLayerPassIndex{0}nDTPtrCtlIndex{0}nLayerPassCount{0}nPrintLayerIndex{0}nPrintPassIndex{0}nProcLayerIndex{0}nPrtDataMemAddr{0}nPrtState{0}nReverse{System.Int32[]}nRevPrtCols{0}
LPPRINTER_INFO-LPDRVINFO:nFMVersion{0}nFpgaVersion{0}nPCBVersion{0}nState{0}nNextState{0}nPtvwarnState{0}nCrc32{0}nRevInfo{System.UInt32[]}nSignature{0}
2023-05-05 10:55:02,993 [AppLog] INFO : 创建：AutoPrintMotion1=》不需重新创建-手动操作！
2023-05-05 10:55:02,993 [AppLog] INFO : 进入：EquipmentMotionLogic3=》准备创建对象-手动操作！
2023-05-05 10:55:02,993 [AppLog] INFO : 进入：EquipmentMotionLogic3=》不需重新创建-手动操作！
2023-05-05 10:55:02,993 [AppLog] INFO : 进入：EquipmentMotionLogic3=》赋值完成自-AutoPrintMotion2！
2023-05-05 10:55:02,993 [AppLog] INFO : 进入：EquipmentMotionLogic3=》加载配置文件-LoadJsonFile成功！
2023-05-05 10:55:02,993 [AppLog] INFO : 进入：AutoPrintThread3！
2023-05-05 10:55:02,993 [AppLog] INFO : 准备读取编码器位置：X方向！
2023-05-05 10:55:02,993 [AppLog] INFO : 准备运动，当前位置：DEV_GetPrintEncoderValue：MoveDirectionFlag{false为Y方向：False}CurrentPos{423.29}AimPos{25}
2023-05-05 10:55:03,055 [AppLog] INFO : X方向运动开始：DEM_Run：返回值{True}nAxis{0}DirFlag{False}nSpeed{300000}MoveStep{-398290}nCtlValue{2}
2023-05-05 10:55:04,943 [AppLog] INFO : X方向到位停止：DEM_StopAxisRun：返回值{True}CurrentPos{29.795}bImmeStop{False}nAxisMask{1}
2023-05-05 10:55:04,943 [AppLog] INFO : 准备读取编码器位置：Y方向！
2023-05-05 10:55:04,943 [AppLog] INFO : 准备运动，编码器当前位置：DEM_GetAxisEncodeVal：MoveDirectionFlag{false为Y方向：True}CurrentPos{142.515}AimPos{157.521166666667}
2023-05-05 10:55:05,067 [AppLog] INFO : Y方向运动开始：DEM_Run：返回值{True}nAxis{1}DirFlag{True}nSpeed{300000}MoveStep{15034.5433278333}nCtlValue{1}
2023-05-05 10:55:05,130 [AppLog] INFO : Y方向到位停止：DEM_StopAxisRun：返回值{True}CurrentPos{155.28}bImmeStop{False}nAxisMask{2}
2023-05-05 10:55:05,130 [AppLog] INFO : 获取打印Pass数据：IDP_GetPassItem2：nLayerIndex{10}nPassID{3}nProcState{3}LPPassDataItemb:PrtDir{True}nDataTxCompleteCnt{1}nHwMemAdrMatchMask{1}nLayerIndex{10}nLayerPassCount{6}nLayerPassIndex{3}nMinJet0ImgLinePos{4195}nPrtMemHwAddr{System.UInt32[]}nPrtDataOffset{System.UInt32[]}nSrcDataSize{System.UInt32[]}nPrtColBytes{System.UInt32[]}nPrtPrecession{8}nSrcEndCols{8000}nSrcStartCols{0}nStartEncPos{10000}nValidPassJets{1280}nValidPrtCols{8310}nValidPrtCtlCnts{1}pDataBuf{0}pNextItem{683145344}
2023-05-05 10:55:05,130 [AppLog] INFO : 使能Pass打印成功：IDP_DoPassPrint2：nLayerIndex{10}nPassID{3}
2023-05-05 10:55:05,145 [AppLog] INFO : PASS打印前关键状态：DEV_GetDeviceInfo2：nLayerIndex{10}nPassID{3}LPPRINTER_INFO:nXSysEncDPI{0}nStatus{0}nPrintStatus{0}bSuperDevice{0}
LPPRINTER_INFO-LPPrtRunInfo:bJobPrtRuning{False}bLayerPrtIsOver{False}nContReqMemErr{0}nContWDErr{0}nCurPrtDir{0}nDTLayerIndex{0}nDTLayerPassIndex{0}nDTPtrCtlIndex{0}nLayerPassCount{0}nPrintLayerIndex{0}nPrintPassIndex{0}nProcLayerIndex{0}nPrtDataMemAddr{0}nPrtState{0}nReverse{System.Int32[]}nRevPrtCols{0}
LPPRINTER_INFO-LPDRVINFO:nFMVersion{0}nFpgaVersion{0}nPCBVersion{0}nState{0}nNextState{0}nPtvwarnState{0}nCrc32{0}nRevInfo{System.UInt32[]}nSignature{0}
2023-05-05 10:55:05,145 [AppLog] INFO : 创建：AutoPrintMotion1=》不需重新创建-手动操作！
2023-05-05 10:55:05,145 [AppLog] INFO : 进入：EquipmentMotionLogic3=》准备创建对象-手动操作！
2023-05-05 10:55:05,145 [AppLog] INFO : 进入：EquipmentMotionLogic3=》不需重新创建-手动操作！
2023-05-05 10:55:05,145 [AppLog] INFO : 进入：EquipmentMotionLogic3=》赋值完成自-AutoPrintMotion2！
2023-05-05 10:55:05,145 [AppLog] INFO : 进入：EquipmentMotionLogic3=》加载配置文件-LoadJsonFile成功！
2023-05-05 10:55:05,145 [AppLog] INFO : 进入：AutoPrintThread3！
2023-05-05 10:55:05,145 [AppLog] INFO : 准备读取编码器位置：X方向！
2023-05-05 10:55:05,145 [AppLog] INFO : 准备运动，当前位置：DEV_GetPrintEncoderValue：MoveDirectionFlag{false为Y方向：False}CurrentPos{26.67}AimPos{425}
2023-05-05 10:55:05,177 [AppLog] INFO : X方向运动开始：DEM_Run：返回值{True}nAxis{0}DirFlag{True}nSpeed{300000}MoveStep{398330}nCtlValue{2}
2023-05-05 10:55:07,064 [AppLog] INFO : X方向到位停止：DEM_StopAxisRun：返回值{True}CurrentPos{419.395}bImmeStop{False}nAxisMask{1}
2023-05-05 10:55:07,064 [AppLog] INFO : 准备读取编码器位置：Y方向！
2023-05-05 10:55:07,064 [AppLog] INFO : 准备运动，编码器当前位置：DEM_GetAxisEncodeVal：MoveDirectionFlag{false为Y方向：True}CurrentPos{157.475}AimPos{196.5}
2023-05-05 10:55:07,251 [AppLog] INFO : Y方向运动开始：DEM_Run：返回值{True}nAxis{1}DirFlag{True}nSpeed{300000}MoveStep{39098.796275}nCtlValue{1}
2023-05-05 10:55:07,314 [AppLog] INFO : Y方向到位停止：DEM_StopAxisRun：返回值{True}CurrentPos{191.695}bImmeStop{False}nAxisMask{2}
2023-05-05 10:55:07,314 [AppLog] INFO : 获取打印Pass数据：IDP_GetPassItem2：nLayerIndex{10}nPassID{4}nProcState{3}LPPassDataItemb:PrtDir{False}nDataTxCompleteCnt{1}nHwMemAdrMatchMask{1}nLayerIndex{10}nLayerPassCount{6}nLayerPassIndex{4}nMinJet0ImgLinePos{5475}nPrtMemHwAddr{System.UInt32[]}nPrtDataOffset{System.UInt32[]}nSrcDataSize{System.UInt32[]}nPrtColBytes{System.UInt32[]}nPrtPrecession{8}nSrcEndCols{8000}nSrcStartCols{0}nStartEncPos{76512}nValidPassJets{1280}nValidPrtCols{8310}nValidPrtCtlCnts{1}pDataBuf{0}pNextItem{683142304}
2023-05-05 10:55:07,329 [AppLog] INFO : 使能Pass打印成功：IDP_DoPassPrint2：nLayerIndex{10}nPassID{4}
2023-05-05 10:55:07,361 [AppLog] INFO : PASS打印前关键状态：DEV_GetDeviceInfo2：nLayerIndex{10}nPassID{4}LPPRINTER_INFO:nXSysEncDPI{0}nStatus{0}nPrintStatus{0}bSuperDevice{0}
LPPRINTER_INFO-LPPrtRunInfo:bJobPrtRuning{False}bLayerPrtIsOver{False}nContReqMemErr{0}nContWDErr{0}nCurPrtDir{0}nDTLayerIndex{0}nDTLayerPassIndex{0}nDTPtrCtlIndex{0}nLayerPassCount{0}nPrintLayerIndex{0}nPrintPassIndex{0}nProcLayerIndex{0}nPrtDataMemAddr{0}nPrtState{0}nReverse{System.Int32[]}nRevPrtCols{0}
LPPRINTER_INFO-LPDRVINFO:nFMVersion{0}nFpgaVersion{0}nPCBVersion{0}nState{0}nNextState{0}nPtvwarnState{0}nCrc32{0}nRevInfo{System.UInt32[]}nSignature{0}
2023-05-05 10:55:07,361 [AppLog] INFO : 创建：AutoPrintMotion1=》不需重新创建-手动操作！
2023-05-05 10:55:07,361 [AppLog] INFO : 进入：EquipmentMotionLogic3=》准备创建对象-手动操作！
2023-05-05 10:55:07,361 [AppLog] INFO : 进入：EquipmentMotionLogic3=》不需重新创建-手动操作！
2023-05-05 10:55:07,361 [AppLog] INFO : 进入：EquipmentMotionLogic3=》赋值完成自-AutoPrintMotion2！
2023-05-05 10:55:07,361 [AppLog] INFO : 进入：EquipmentMotionLogic3=》加载配置文件-LoadJsonFile成功！
2023-05-05 10:55:07,361 [AppLog] INFO : 进入：AutoPrintThread3！
2023-05-05 10:55:07,361 [AppLog] INFO : 准备读取编码器位置：X方向！
2023-05-05 10:55:07,361 [AppLog] INFO : 准备运动，当前位置：DEV_GetPrintEncoderValue：MoveDirectionFlag{false为Y方向：False}CurrentPos{423.335}AimPos{25}
2023-05-05 10:55:07,392 [AppLog] INFO : X方向运动开始：DEM_Run：返回值{True}nAxis{0}DirFlag{False}nSpeed{300000}MoveStep{-398335}nCtlValue{2}
2023-05-05 10:55:09,264 [AppLog] INFO : X方向到位停止：DEM_StopAxisRun：返回值{True}CurrentPos{31.255}bImmeStop{False}nAxisMask{1}
2023-05-05 10:55:09,264 [AppLog] INFO : 准备读取编码器位置：Y方向！
2023-05-05 10:55:09,264 [AppLog] INFO : 准备运动，编码器当前位置：DEM_GetAxisEncodeVal：MoveDirectionFlag{false为Y方向：True}CurrentPos{196.535}AimPos{211.521166666667}
2023-05-05 10:55:09,389 [AppLog] INFO : Y方向运动开始：DEM_Run：返回值{True}nAxis{1}DirFlag{True}nSpeed{300000}MoveStep{15014.5055078333}nCtlValue{1}
2023-05-05 10:55:09,451 [AppLog] INFO : Y方向到位停止：DEM_StopAxisRun：返回值{True}CurrentPos{209.37}bImmeStop{False}nAxisMask{2}
2023-05-05 10:55:09,451 [AppLog] INFO : 获取打印Pass数据：IDP_GetPassItem2：nLayerIndex{10}nPassID{5}nProcState{3}LPPassDataItemb:PrtDir{True}nDataTxCompleteCnt{1}nHwMemAdrMatchMask{1}nLayerIndex{10}nLayerPassCount{6}nLayerPassIndex{5}nMinJet0ImgLinePos{6755}nPrtMemHwAddr{System.UInt32[]}nPrtDataOffset{System.UInt32[]}nSrcDataSize{System.UInt32[]}nPrtColBytes{System.UInt32[]}nPrtPrecession{8}nSrcEndCols{8000}nSrcStartCols{0}nStartEncPos{10000}nValidPassJets{1280}nValidPrtCols{8310}nValidPrtCtlCnts{1}pDataBuf{0}pNextItem{0}
2023-05-05 10:55:09,467 [AppLog] INFO : 使能Pass打印成功：IDP_DoPassPrint2：nLayerIndex{10}nPassID{5}
2023-05-05 10:55:09,467 [AppLog] INFO : PASS打印前关键状态：DEV_GetDeviceInfo2：nLayerIndex{10}nPassID{5}LPPRINTER_INFO:nXSysEncDPI{0}nStatus{0}nPrintStatus{0}bSuperDevice{0}
LPPRINTER_INFO-LPPrtRunInfo:bJobPrtRuning{False}bLayerPrtIsOver{False}nContReqMemErr{0}nContWDErr{0}nCurPrtDir{0}nDTLayerIndex{0}nDTLayerPassIndex{0}nDTPtrCtlIndex{0}nLayerPassCount{0}nPrintLayerIndex{0}nPrintPassIndex{0}nProcLayerIndex{0}nPrtDataMemAddr{0}nPrtState{0}nReverse{System.Int32[]}nRevPrtCols{0}
LPPRINTER_INFO-LPDRVINFO:nFMVersion{0}nFpgaVersion{0}nPCBVersion{0}nState{0}nNextState{0}nPtvwarnState{0}nCrc32{0}nRevInfo{System.UInt32[]}nSignature{0}
2023-05-05 10:55:09,467 [AppLog] INFO : 创建：AutoPrintMotion1=》不需重新创建-手动操作！
2023-05-05 10:55:09,467 [AppLog] INFO : 进入：EquipmentMotionLogic3=》准备创建对象-手动操作！
2023-05-05 10:55:09,467 [AppLog] INFO : 进入：EquipmentMotionLogic3=》不需重新创建-手动操作！
2023-05-05 10:55:09,467 [AppLog] INFO : 进入：EquipmentMotionLogic3=》赋值完成自-AutoPrintMotion2！
2023-05-05 10:55:09,467 [AppLog] INFO : 进入：EquipmentMotionLogic3=》加载配置文件-LoadJsonFile成功！
2023-05-05 10:55:09,467 [AppLog] INFO : 进入：AutoPrintThread3！
2023-05-05 10:55:09,467 [AppLog] INFO : 准备读取编码器位置：X方向！
2023-05-05 10:55:09,467 [AppLog] INFO : 准备运动，当前位置：DEV_GetPrintEncoderValue：MoveDirectionFlag{false为Y方向：False}CurrentPos{26.72}AimPos{425}
2023-05-05 10:55:09,498 [AppLog] INFO : X方向运动开始：DEM_Run：返回值{True}nAxis{0}DirFlag{True}nSpeed{300000}MoveStep{398280}nCtlValue{2}
2023-05-05 10:55:11,370 [AppLog] INFO : X方向到位停止：DEM_StopAxisRun：返回值{True}CurrentPos{418.55}bImmeStop{False}nAxisMask{1}
2023-05-05 10:55:11,370 [AppLog] INFO : 准备读取编码器位置：X方向！
2023-05-05 10:55:11,370 [AppLog] INFO : 准备运动，当前位置：DEV_GetPrintEncoderValue：MoveDirectionFlag{false为Y方向：False}CurrentPos{418.745}AimPos{780}
2023-05-05 10:55:11,417 [AppLog] INFO : X方向运动开始：DEM_Run：返回值{True}nAxis{0}DirFlag{True}nSpeed{300000}MoveStep{361255}nCtlValue{2}
2023-05-05 10:55:11,479 [AppLog] INFO : 准备读取编码器位置：Y方向！
2023-05-05 10:55:11,479 [AppLog] INFO : 准备运动，编码器当前位置：DEM_GetAxisEncodeVal：MoveDirectionFlag{false为Y方向：True}CurrentPos{211.525}AimPos{121}
2023-05-05 10:55:11,822 [AppLog] INFO : Y方向运动开始：DEM_Run：返回值{True}nAxis{1}DirFlag{False}nSpeed{300000}MoveStep{-90696.182775}nCtlValue{1}
2023-05-05 10:55:13,179 [AppLog] INFO : Y方向到位等停：DEM_StopAxisRun：返回值{True}bImmeStop{False}nAxisMask{1}
2023-05-05 10:55:13,179 [AppLog] INFO : X方向到位等停：DEM_StopAxisRun：返回值{True}bImmeStop{False}nAxisMask{2}
2023-05-05 10:55:13,211 [AppLog] INFO : 开启闪喷操作：IDP_FlashPrtCtl：返回值{True}
2023-05-05 10:55:13,211 [AppLog] INFO : 进入：EquipmentMotionLogic3=》准备创建对象-手动操作！
2023-05-05 10:55:13,211 [AppLog] INFO : 进入：EquipmentMotionLogic3=》不需重新创建-手动操作！
2023-05-05 10:55:13,211 [AppLog] INFO : 进入：EquipmentMotionLogic3=》赋值完成自-AutoPrintMotion2！
2023-05-05 10:55:13,211 [AppLog] INFO : 进入：EquipmentMotionLogic3=》加载配置文件-LoadJsonFile成功！
2023-05-05 10:55:13,211 [AppLog] INFO : 进入自动铺粉逻辑：NewAutoSupplyPowderThread2
2023-05-05 10:55:13,304 [AppLog] INFO : 手动正向点动指令（8轴运控板卡系统） ====》：输出AXIS{第1轴},点动量{-0.13MM},运动速度{2MM/s}
2023-05-05 10:55:13,304 [AppLog] INFO : 成形面高度下降层厚 TrapSpace{0.13mm}：TrapMoveUp(1, true, Convert.ToString(vel), Convert.ToString(TrapSpace), true, true）
2023-05-05 10:55:14,069 [AppLog] INFO : 手动正向点动指令（8轴运控板卡系统） ====》：输出AXIS{第1轴},点动量{-1.5MM},运动速度{2MM/s}
2023-05-05 10:55:14,069 [AppLog] INFO : 成形面高度下降指定厚度 TrapSpace{1.5mm}：TrapMoveUp(1, true, Convert.ToString(vel), Convert.ToString(TrapSpace), true, true）
2023-05-05 10:55:14,849 [AppLog] INFO : 手动正向点动指令（8轴运控板卡系统） ====》：输出AXIS{第1轴},点动量{1.5MM},运动速度{2MM/s}
2023-05-05 10:55:14,849 [AppLog] INFO : 成形面高度上升层厚 TrapSpace{1.5mm}：TrapMoveUp(1, true, Convert.ToString(vel), Convert.ToString(TrapSpace), true, true）
2023-05-05 10:55:15,051 [AppLog] INFO : 手动正向点动指令（8轴运控板卡系统） ====》：输出AXIS{第8轴},点动量{0.5MM},运动速度{2.5MM/s}
2023-05-05 10:55:15,051 [AppLog] INFO : Hopper落粉轴转2圈落粉，速度0.5rev/s：TrapMoveUp(8, true, 0.5, rotateNuM.ToString(), true, false)
2023-05-05 10:55:16,081 [AppLog] INFO : 开启铺粉车不等停运动，准备运动至准备打印位置215mm，速度250mm/s：BackToStation2
2023-05-05 10:55:16,939 [AppLog] INFO : 手动正向点动指令（8轴运控板卡系统） ====》：输出AXIS{第2轴},点动量{216.5MM},运动速度{250MM/s}
2023-05-05 10:55:16,939 [AppLog] INFO : 当前铺粉车位置：打印位置215mm
2023-05-05 10:55:16,939 [AppLog] INFO : 手动正向点动指令（8轴运控板卡系统） ====》：输出AXIS{第2轴},点动量{480MM},运动速度{25MM/s}
2023-05-05 10:55:16,939 [AppLog] INFO : 开启铺粉车不等停运动至准备打印位置695mm，速度25mm/s：BackToStation2
2023-05-05 10:55:17,064 [AppLog] INFO : 打开IR灯：OpenIRLamp(true)
2023-05-05 10:55:17,204 [AppLog] INFO : 手动正向点动指令（8轴运控板卡系统） ====》：输出AXIS{第3轴},点动量{0.125MM},运动速度{1MM/s}
2023-05-05 10:55:17,204 [AppLog] INFO : 在{40mm}处，落粉轴运动{45度}，落粉轴转速{1rev/s}：TrapMoveUp(3, true, Convert.ToString(DispenseRollerSpeed), 0.5, true, true)
2023-05-05 10:55:17,204 [AppLog] INFO : 手动正向点动指令（8轴运控板卡系统） ====》：输出AXIS{第3轴},点动量{0.5MM},运动速度{0.0376712328767123MM/s}
2023-05-05 10:55:17,204 [AppLog] INFO : 开启均匀落粉及辊子铺平运动：TrapMoveUp(3, true, Convert.ToString(DispenseRollerSpeed), 0.5, true, true)
2023-05-05 10:55:28,873 [AppLog] INFO : 关闭IR灯：OpenIRLamp(false)
2023-05-05 10:55:33,413 [AppLog] INFO : 手动正向点动指令（8轴运控板卡系统） ====》：输出AXIS{第3轴},点动量{0.5MM},运动速度{2MM/s}
2023-05-05 10:55:33,413 [AppLog] INFO : 落粉轴继续转动以倒掉余粉：TrapMoveUp(3, true, 2, 0.5, true, false)
2023-05-05 10:55:36,923 [AppLog] INFO : 手动正向点动指令（8轴运控板卡系统） ====》：输出AXIS{第1轴},点动量{-1.5MM},运动速度{2MM/s}
2023-05-05 10:55:36,923 [AppLog] INFO : 成形面高度下降指定厚度 TrapSpace{1.5mm}：TrapMoveUp(1, true, Convert.ToString(vel), Convert.ToString(TrapSpace), true, true）
2023-05-05 10:55:39,715 [AppLog] INFO : 手动正向点动指令（8轴运控板卡系统） ====》：输出AXIS{第2轴},点动量{-696.5MM},运动速度{250MM/s}
2023-05-05 10:55:39,715 [AppLog] INFO : 铺粉车返回至站1：BackToStation2(AimPos, MovSpeed, true)：-1.5mm，速度250mm/s：BackToStation2
2023-05-05 10:55:40,495 [AppLog] INFO : 落粉轴回零成功：motionMap.SetBackSpreaderAxis(3, 0.5, 2, -SinkPosition)：ReturnCode{True}
2023-05-05 10:55:41,260 [AppLog] INFO : 手动正向点动指令（8轴运控板卡系统） ====》：输出AXIS{第1轴},点动量{1.5MM},运动速度{2MM/s}
2023-05-05 10:55:41,260 [AppLog] INFO : 成形面高度上升层厚 TrapSpace{1.5mm}：TrapMoveUp(1, true, Convert.ToString(vel), Convert.ToString(TrapSpace), true, true）
2023-05-05 10:55:41,260 [AppLog] INFO : 自动铺粉正常结束：NewAutoSupplyPowderThread2
2023-05-05 10:55:41,260 [AppLog] INFO : 发送监控指令，拍照记录1条：SendMessageFromSharedMemory
2023-05-05 10:55:41,260 [AppLog] INFO : 执行完成铺粉固化操作：EquipmentMotionLogic3：m_bApplyPowderSupplyMotion:0
2023-05-05 10:55:41,260 [AppLog] INFO : 接收到恢复打印指令：PrintTaskTHREAD
2023-05-05 10:55:41,260 [AppLog] INFO : 获取打印Pass数据：IDP_GetPassItem2：nLayerIndex{11}nPassID{0}nProcState{3}LPPassDataItemb:PrtDir{False}nDataTxCompleteCnt{1}nHwMemAdrMatchMask{1}nLayerIndex{11}nLayerPassCount{6}nLayerPassIndex{0}nMinJet0ImgLinePos{355}nPrtMemHwAddr{System.UInt32[]}nPrtDataOffset{System.UInt32[]}nSrcDataSize{System.UInt32[]}nPrtColBytes{System.UInt32[]}nPrtPrecession{8}nSrcEndCols{8000}nSrcStartCols{0}nStartEncPos{76512}nValidPassJets{1280}nValidPrtCols{8310}nValidPrtCtlCnts{1}pDataBuf{0}pNextItem{683142624}
2023-05-05 10:55:41,275 [AppLog] INFO : 使能Pass打印成功：IDP_DoPassPrint2：nLayerIndex{11}nPassID{0}
2023-05-05 10:55:41,275 [AppLog] INFO : PASS打印前关键状态：DEV_GetDeviceInfo2：nLayerIndex{11}nPassID{0}LPPRINTER_INFO:nXSysEncDPI{0}nStatus{0}nPrintStatus{0}bSuperDevice{0}
LPPRINTER_INFO-LPPrtRunInfo:bJobPrtRuning{False}bLayerPrtIsOver{False}nContReqMemErr{0}nContWDErr{0}nCurPrtDir{0}nDTLayerIndex{0}nDTLayerPassIndex{0}nDTPtrCtlIndex{0}nLayerPassCount{0}nPrintLayerIndex{0}nPrintPassIndex{0}nProcLayerIndex{0}nPrtDataMemAddr{0}nPrtState{0}nReverse{System.Int32[]}nRevPrtCols{0}
LPPRINTER_INFO-LPDRVINFO:nFMVersion{0}nFpgaVersion{0}nPCBVersion{0}nState{0}nNextState{0}nPtvwarnState{0}nCrc32{0}nRevInfo{System.UInt32[]}nSignature{0}
2023-05-05 10:55:41,275 [AppLog] INFO : 创建：AutoPrintMotion1=》不需重新创建-手动操作！
2023-05-05 10:55:41,275 [AppLog] INFO : 进入：EquipmentMotionLogic3=》准备创建对象-手动操作！
2023-05-05 10:55:41,275 [AppLog] INFO : 进入：EquipmentMotionLogic3=》不需重新创建-手动操作！
2023-05-05 10:55:41,275 [AppLog] INFO : 进入：EquipmentMotionLogic3=》赋值完成自-AutoPrintMotion2！
2023-05-05 10:55:41,275 [AppLog] INFO : 进入：EquipmentMotionLogic3=》加载配置文件-LoadJsonFile成功！
2023-05-05 10:55:41,275 [AppLog] INFO : 进入自动清洗过程：AutoCleanThread
2023-05-05 10:55:41,650 [AppLog] INFO : 准备处理第12层数据：准备调用RenderToWic，index为12，subindex为0，g_nRePrintTimes为1，起始层为0
2023-05-05 10:55:41,650 [AppLog] INFO : 刮墨轴回零成功：motionMap.SetBackSpreaderAxis(4, 1, 2, -SinkHomePosition)
2023-05-05 10:55:41,650 [AppLog] INFO : 准备读取编码器位置：Y方向！
2023-05-05 10:55:41,650 [AppLog] INFO : 准备运动，编码器当前位置：DEM_GetAxisEncodeVal：MoveDirectionFlag{false为Y方向：True}CurrentPos{121.085}AimPos{116}
2023-05-05 10:55:41,728 [AppLog] INFO : 完成处理第12层数据：准备调用DrawLayerBMP，index为12，起始层为0
2023-05-05 10:55:41,728 [AppLog] INFO : 完成处理第12层数据：准备调用DrawLayerBMP，index为12，起始层为0
2023-05-05 10:55:41,774 [AppLog] INFO : Y方向运动开始：DEM_Run：返回值{True}nAxis{1}DirFlag{False}nSpeed{300000}MoveStep{-5094.61573500001}nCtlValue{1}
2023-05-05 10:55:41,837 [AppLog] INFO : Y方向到位停止：DEM_StopAxisRun：返回值{True}CurrentPos{116.535}bImmeStop{False}nAxisMask{2}
2023-05-05 10:55:41,837 [AppLog] INFO : 准备读取编码器位置：X方向！
2023-05-05 10:55:41,837 [AppLog] INFO : 准备运动，当前位置：DEV_GetPrintEncoderValue：MoveDirectionFlag{false为Y方向：False}CurrentPos{784.51}AimPos{780}
2023-05-05 10:55:41,884 [AppLog] INFO : X方向运动开始：DEM_Run：返回值{True}nAxis{0}DirFlag{False}nSpeed{300000}MoveStep{-4509.99999999999}nCtlValue{2}
2023-05-05 10:55:42,211 [AppLog] INFO : 作业写入成功：IDP_WriteImgLayerData：bpp:{1bit}灰阶:{1阶}nLayerIndex{13}LayerIndex{12}SubIndex{1}RePrintTimes{1}nBytesPerLine{1004}nWidth{8001}nHeight{7680}nXEncOff{0}nYJetOff{355}nImgStartJetIndex{0}nXDPI{635}nYDPI{600}nPrtDir{0} nPrtFlag{1}nColorCnts{1}nReserved{System.Int32[]}
2023-05-05 10:55:42,211 [AppLog] INFO : 完成处理第12层数据：准备调用RenderToWic，index为12，subindex为0，g_nRePrintTimes为1，起始层为0
2023-05-05 10:55:42,227 [AppLog] INFO : X方向到位停止：DEM_StopAxisRun：返回值{True}CurrentPos{780.42}bImmeStop{False}nAxisMask{1}
2023-05-05 10:55:43,210 [AppLog] INFO : 开启闪喷： IDP_FlashPrtCtl(true)：ReturnCode{True}
2023-05-05 10:55:43,210 [AppLog] INFO : 开启压墨： motionMap.SetDo(13, true)
2023-05-05 10:55:45,222 [AppLog] INFO : 关闭压墨： motionMap.SetDo(13, true)
2023-05-05 10:55:45,222 [AppLog] INFO : 压墨等待开启：{3S}
2023-05-05 10:55:48,233 [AppLog] INFO : 压墨等待完成：{3S}
2023-05-05 10:55:48,233 [AppLog] INFO : 开启闪喷： IDP_FlashPrtCtl(false)：ReturnCode{True}
2023-05-05 10:55:48,233 [AppLog] INFO : 准备读取编码器位置：X方向！
2023-05-05 10:55:48,233 [AppLog] INFO : 准备运动，当前位置：DEV_GetPrintEncoderValue：MoveDirectionFlag{false为Y方向：False}CurrentPos{780.37}AimPos{680}
2023-05-05 10:55:48,264 [AppLog] INFO : X方向运动开始：DEM_Run：返回值{True}nAxis{0}DirFlag{False}nSpeed{200000}MoveStep{-100370}nCtlValue{2}
2023-05-05 10:55:49,122 [AppLog] INFO : X方向到位停止：DEM_StopAxisRun：返回值{True}CurrentPos{684.42}bImmeStop{False}nAxisMask{1}
2023-05-05 10:55:49,574 [AppLog] INFO : 结束自动清洗过程：AutoCleanThread
2023-05-05 10:55:49,574 [AppLog] INFO : 进入：EquipmentMotionLogic3=》准备创建对象-手动操作！
2023-05-05 10:55:49,574 [AppLog] INFO : 进入：EquipmentMotionLogic3=》不需重新创建-手动操作！
2023-05-05 10:55:49,574 [AppLog] INFO : 进入：EquipmentMotionLogic3=》赋值完成自-AutoPrintMotion2！
2023-05-05 10:55:49,574 [AppLog] INFO : 进入：EquipmentMotionLogic3=》加载配置文件-LoadJsonFile成功！
2023-05-05 10:55:49,574 [AppLog] INFO : 进入：AutoPrintThread3！
2023-05-05 10:55:49,574 [AppLog] INFO : 关闭闪喷操作：IDP_FlashPrtCtl：返回值{True}
2023-05-05 10:55:49,574 [AppLog] INFO : 准备读取编码器位置：Y方向！
2023-05-05 10:55:49,574 [AppLog] INFO : 准备运动，编码器当前位置：DEM_GetAxisEncodeVal：MoveDirectionFlag{false为Y方向：True}CurrentPos{115.975}AimPos{91}
2023-05-05 10:55:49,715 [AppLog] INFO : Y方向运动开始：DEM_Run：返回值{True}nAxis{1}DirFlag{False}nSpeed{300000}MoveStep{-25022.227725}nCtlValue{1}
2023-05-05 10:55:49,777 [AppLog] INFO : 准备读取编码器位置：X方向！
2023-05-05 10:55:49,777 [AppLog] INFO : 准备运动，当前位置：DEV_GetPrintEncoderValue：MoveDirectionFlag{false为Y方向：False}CurrentPos{680.34}AimPos{425}
2023-05-05 10:55:49,808 [AppLog] INFO : X方向运动开始：DEM_Run：返回值{True}nAxis{0}DirFlag{False}nSpeed{300000}MoveStep{-255340}nCtlValue{2}
2023-05-05 10:55:51,212 [AppLog] INFO : X方向到位停止：DEM_StopAxisRun：返回值{True}CurrentPos{429.46}bImmeStop{False}nAxisMask{1}
2023-05-05 10:55:51,212 [AppLog] INFO : 准备读取编码器位置：X方向！
2023-05-05 10:55:51,212 [AppLog] INFO : 准备运动，当前位置：DEV_GetPrintEncoderValue：MoveDirectionFlag{false为Y方向：False}CurrentPos{429.36}AimPos{25}
2023-05-05 10:55:51,244 [AppLog] INFO : X方向运动开始：DEM_Run：返回值{True}nAxis{0}DirFlag{False}nSpeed{300000}MoveStep{-404360}nCtlValue{2}
2023-05-05 10:55:53,131 [AppLog] INFO : X方向到位停止：DEM_StopAxisRun：返回值{True}CurrentPos{25.64}bImmeStop{False}nAxisMask{1}
2023-05-05 10:55:53,131 [AppLog] INFO : 准备读取编码器位置：Y方向！
2023-05-05 10:55:53,131 [AppLog] INFO : 准备运动，编码器当前位置：DEM_GetAxisEncodeVal：MoveDirectionFlag{false为Y方向：True}CurrentPos{91.005}AimPos{101.021166666667}
2023-05-05 10:55:53,272 [AppLog] INFO : Y方向运动开始：DEM_Run：返回值{True}nAxis{1}DirFlag{True}nSpeed{300000}MoveStep{10035.1072378333}nCtlValue{1}
2023-05-05 10:55:53,334 [AppLog] INFO : Y方向到位停止：DEM_StopAxisRun：返回值{True}CurrentPos{99.69}bImmeStop{False}nAxisMask{2}
2023-05-05 10:55:53,334 [AppLog] INFO : 获取打印Pass数据：IDP_GetPassItem2：nLayerIndex{11}nPassID{1}nProcState{3}LPPassDataItemb:PrtDir{True}nDataTxCompleteCnt{1}nHwMemAdrMatchMask{1}nLayerIndex{11}nLayerPassCount{6}nLayerPassIndex{1}nMinJet0ImgLinePos{1635}nPrtMemHwAddr{System.UInt32[]}nPrtDataOffset{System.UInt32[]}nSrcDataSize{System.UInt32[]}nPrtColBytes{System.UInt32[]}nPrtPrecession{8}nSrcEndCols{8000}nSrcStartCols{0}nStartEncPos{10000}nValidPassJets{1280}nValidPrtCols{8310}nValidPrtCtlCnts{1}pDataBuf{0}pNextItem{683142784}
2023-05-05 10:55:53,334 [AppLog] INFO : 使能Pass打印成功：IDP_DoPassPrint2：nLayerIndex{11}nPassID{1}
2023-05-05 10:55:53,350 [AppLog] INFO : PASS打印前关键状态：DEV_GetDeviceInfo2：nLayerIndex{11}nPassID{1}LPPRINTER_INFO:nXSysEncDPI{0}nStatus{0}nPrintStatus{0}bSuperDevice{0}
LPPRINTER_INFO-LPPrtRunInfo:bJobPrtRuning{False}bLayerPrtIsOver{False}nContReqMemErr{0}nContWDErr{0}nCurPrtDir{0}nDTLayerIndex{0}nDTLayerPassIndex{0}nDTPtrCtlIndex{0}nLayerPassCount{0}nPrintLayerIndex{0}nPrintPassIndex{0}nProcLayerIndex{0}nPrtDataMemAddr{0}nPrtState{0}nReverse{System.Int32[]}nRevPrtCols{0}
LPPRINTER_INFO-LPDRVINFO:nFMVersion{0}nFpgaVersion{0}nPCBVersion{0}nState{0}nNextState{0}nPtvwarnState{0}nCrc32{0}nRevInfo{System.UInt32[]}nSignature{0}
2023-05-05 10:55:53,350 [AppLog] INFO : 创建：AutoPrintMotion1=》不需重新创建-手动操作！
2023-05-05 10:55:53,350 [AppLog] INFO : 进入：EquipmentMotionLogic3=》准备创建对象-手动操作！
2023-05-05 10:55:53,350 [AppLog] INFO : 进入：EquipmentMotionLogic3=》不需重新创建-手动操作！
2023-05-05 10:55:53,350 [AppLog] INFO : 进入：EquipmentMotionLogic3=》赋值完成自-AutoPrintMotion2！
2023-05-05 10:55:53,350 [AppLog] INFO : 进入：EquipmentMotionLogic3=》加载配置文件-LoadJsonFile成功！
2023-05-05 10:55:53,350 [AppLog] INFO : 进入：AutoPrintThread3！
2023-05-05 10:55:53,350 [AppLog] INFO : 准备读取编码器位置：X方向！
2023-05-05 10:55:53,350 [AppLog] INFO : 准备运动，当前位置：DEV_GetPrintEncoderValue：MoveDirectionFlag{false为Y方向：False}CurrentPos{21.65}AimPos{425}
2023-05-05 10:55:53,381 [AppLog] INFO : X方向运动开始：DEM_Run：返回值{True}nAxis{0}DirFlag{True}nSpeed{300000}MoveStep{403350}nCtlValue{2}
2023-05-05 10:55:55,284 [AppLog] INFO : X方向到位停止：DEM_StopAxisRun：返回值{True}CurrentPos{419.73}bImmeStop{False}nAxisMask{1}
2023-05-05 10:55:55,284 [AppLog] INFO : 准备读取编码器位置：Y方向！
2023-05-05 10:55:55,284 [AppLog] INFO : 准备运动，编码器当前位置：DEM_GetAxisEncodeVal：MoveDirectionFlag{false为Y方向：True}CurrentPos{101.005}AimPos{145}
2023-05-05 10:55:55,471 [AppLog] INFO : Y方向运动开始：DEM_Run：返回值{True}nAxis{1}DirFlag{True}nSpeed{300000}MoveStep{44078.194545}nCtlValue{1}
2023-05-05 10:55:55,534 [AppLog] INFO : Y方向到位停止：DEM_StopAxisRun：返回值{True}CurrentPos{137.495}bImmeStop{False}nAxisMask{2}
2023-05-05 10:55:55,534 [AppLog] INFO : 获取打印Pass数据：IDP_GetPassItem2：nLayerIndex{11}nPassID{2}nProcState{3}LPPassDataItemb:PrtDir{False}nDataTxCompleteCnt{1}nHwMemAdrMatchMask{1}nLayerIndex{11}nLayerPassCount{6}nLayerPassIndex{2}nMinJet0ImgLinePos{2915}nPrtMemHwAddr{System.UInt32[]}nPrtDataOffset{System.UInt32[]}nSrcDataSize{System.UInt32[]}nPrtColBytes{System.UInt32[]}nPrtPrecession{8}nSrcEndCols{8000}nSrcStartCols{0}nStartEncPos{76512}nValidPassJets{1280}nValidPrtCols{8310}nValidPrtCtlCnts{1}pDataBuf{0}pNextItem{683142944}
2023-05-05 10:55:55,549 [AppLog] INFO : 使能Pass打印成功：IDP_DoPassPrint2：nLayerIndex{11}nPassID{2}
2023-05-05 10:55:55,580 [AppLog] INFO : PASS打印前关键状态：DEV_GetDeviceInfo2：nLayerIndex{11}nPassID{2}LPPRINTER_INFO:nXSysEncDPI{0}nStatus{0}nPrintStatus{0}bSuperDevice{0}
LPPRINTER_INFO-LPPrtRunInfo:bJobPrtRuning{False}bLayerPrtIsOver{False}nContReqMemErr{0}nContWDErr{0}nCurPrtDir{0}nDTLayerIndex{0}nDTLayerPassIndex{0}nDTPtrCtlIndex{0}nLayerPassCount{0}nPrintLayerIndex{0}nPrintPassIndex{0}nProcLayerIndex{0}nPrtDataMemAddr{0}nPrtState{0}nReverse{System.Int32[]}nRevPrtCols{0}
LPPRINTER_INFO-LPDRVINFO:nFMVersion{0}nFpgaVersion{0}nPCBVersion{0}nState{0}nNextState{0}nPtvwarnState{0}nCrc32{0}nRevInfo{System.UInt32[]}nSignature{0}
2023-05-05 10:55:55,580 [AppLog] INFO : 创建：AutoPrintMotion1=》不需重新创建-手动操作！
2023-05-05 10:55:55,580 [AppLog] INFO : 进入：EquipmentMotionLogic3=》准备创建对象-手动操作！
2023-05-05 10:55:55,580 [AppLog] INFO : 进入：EquipmentMotionLogic3=》不需重新创建-手动操作！
2023-05-05 10:55:55,580 [AppLog] INFO : 进入：EquipmentMotionLogic3=》赋值完成自-AutoPrintMotion2！
2023-05-05 10:55:55,580 [AppLog] INFO : 进入：EquipmentMotionLogic3=》加载配置文件-LoadJsonFile成功！
2023-05-05 10:55:55,580 [AppLog] INFO : 进入：AutoPrintThread3！
2023-05-05 10:55:55,580 [AppLog] INFO : 准备读取编码器位置：X方向！
2023-05-05 10:55:55,580 [AppLog] INFO : 准备运动，当前位置：DEV_GetPrintEncoderValue：MoveDirectionFlag{false为Y方向：False}CurrentPos{423.31}AimPos{25}
2023-05-05 10:55:55,612 [AppLog] INFO : X方向运动开始：DEM_Run：返回值{True}nAxis{0}DirFlag{False}nSpeed{300000}MoveStep{-398310}nCtlValue{2}
2023-05-05 10:55:57,499 [AppLog] INFO : X方向到位停止：DEM_StopAxisRun：返回值{True}CurrentPos{29.935}bImmeStop{False}nAxisMask{1}
2023-05-05 10:55:57,499 [AppLog] INFO : 准备读取编码器位置：Y方向！
2023-05-05 10:55:57,499 [AppLog] INFO : 准备运动，编码器当前位置：DEM_GetAxisEncodeVal：MoveDirectionFlag{false为Y方向：True}CurrentPos{144.935}AimPos{155.021166666667}
2023-05-05 10:55:57,624 [AppLog] INFO : Y方向运动开始：DEM_Run：返回值{True}nAxis{1}DirFlag{True}nSpeed{300000}MoveStep{10105.2396078333}nCtlValue{1}
2023-05-05 10:55:57,686 [AppLog] INFO : Y方向到位停止：DEM_StopAxisRun：返回值{True}CurrentPos{153.83}bImmeStop{False}nAxisMask{2}
2023-05-05 10:55:57,686 [AppLog] INFO : 获取打印Pass数据：IDP_GetPassItem2：nLayerIndex{11}nPassID{3}nProcState{3}LPPassDataItemb:PrtDir{True}nDataTxCompleteCnt{1}nHwMemAdrMatchMask{1}nLayerIndex{11}nLayerPassCount{6}nLayerPassIndex{3}nMinJet0ImgLinePos{4195}nPrtMemHwAddr{System.UInt32[]}nPrtDataOffset{System.UInt32[]}nSrcDataSize{System.UInt32[]}nPrtColBytes{System.UInt32[]}nPrtPrecession{8}nSrcEndCols{8000}nSrcStartCols{0}nStartEncPos{10000}nValidPassJets{1280}nValidPrtCols{8310}nValidPrtCtlCnts{1}pDataBuf{0}pNextItem{683143104}
2023-05-05 10:55:57,686 [AppLog] INFO : 使能Pass打印成功：IDP_DoPassPrint2：nLayerIndex{11}nPassID{3}
2023-05-05 10:55:57,702 [AppLog] INFO : PASS打印前关键状态：DEV_GetDeviceInfo2：nLayerIndex{11}nPassID{3}LPPRINTER_INFO:nXSysEncDPI{0}nStatus{0}nPrintStatus{0}bSuperDevice{0}
LPPRINTER_INFO-LPPrtRunInfo:bJobPrtRuning{False}bLayerPrtIsOver{False}nContReqMemErr{0}nContWDErr{0}nCurPrtDir{0}nDTLayerIndex{0}nDTLayerPassIndex{0}nDTPtrCtlIndex{0}nLayerPassCount{0}nPrintLayerIndex{0}nPrintPassIndex{0}nProcLayerIndex{0}nPrtDataMemAddr{0}nPrtState{0}nReverse{System.Int32[]}nRevPrtCols{0}
LPPRINTER_INFO-LPDRVINFO:nFMVersion{0}nFpgaVersion{0}nPCBVersion{0}nState{0}nNextState{0}nPtvwarnState{0}nCrc32{0}nRevInfo{System.UInt32[]}nSignature{0}
2023-05-05 10:55:57,702 [AppLog] INFO : 创建：AutoPrintMotion1=》不需重新创建-手动操作！
2023-05-05 10:55:57,702 [AppLog] INFO : 进入：EquipmentMotionLogic3=》准备创建对象-手动操作！
2023-05-05 10:55:57,702 [AppLog] INFO : 进入：EquipmentMotionLogic3=》不需重新创建-手动操作！
2023-05-05 10:55:57,702 [AppLog] INFO : 进入：EquipmentMotionLogic3=》赋值完成自-AutoPrintMotion2！
2023-05-05 10:55:57,702 [AppLog] INFO : 进入：EquipmentMotionLogic3=》加载配置文件-LoadJsonFile成功！
2023-05-05 10:55:57,702 [AppLog] INFO : 进入：AutoPrintThread3！
2023-05-05 10:55:57,702 [AppLog] INFO : 准备读取编码器位置：X方向！
2023-05-05 10:55:57,702 [AppLog] INFO : 准备运动，当前位置：DEV_GetPrintEncoderValue：MoveDirectionFlag{false为Y方向：False}CurrentPos{26.675}AimPos{425}
2023-05-05 10:55:57,733 [AppLog] INFO : X方向运动开始：DEM_Run：返回值{True}nAxis{0}DirFlag{True}nSpeed{300000}MoveStep{398325}nCtlValue{2}
2023-05-05 10:55:59,621 [AppLog] INFO : X方向到位停止：DEM_StopAxisRun：返回值{True}CurrentPos{419.54}bImmeStop{False}nAxisMask{1}
2023-05-05 10:55:59,621 [AppLog] INFO : 准备读取编码器位置：Y方向！
2023-05-05 10:55:59,621 [AppLog] INFO : 准备运动，编码器当前位置：DEM_GetAxisEncodeVal：MoveDirectionFlag{false为Y方向：True}CurrentPos{154.995}AimPos{199}
2023-05-05 10:55:59,808 [AppLog] INFO : Y方向运动开始：DEM_Run：返回值{True}nAxis{1}DirFlag{True}nSpeed{300000}MoveStep{44088.213455}nCtlValue{1}
2023-05-05 10:55:59,886 [AppLog] INFO : Y方向到位停止：DEM_StopAxisRun：返回值{True}CurrentPos{193.245}bImmeStop{False}nAxisMask{2}
2023-05-05 10:55:59,886 [AppLog] INFO : 获取打印Pass数据：IDP_GetPassItem2：nLayerIndex{11}nPassID{4}nProcState{3}LPPassDataItemb:PrtDir{False}nDataTxCompleteCnt{1}nHwMemAdrMatchMask{1}nLayerIndex{11}nLayerPassCount{6}nLayerPassIndex{4}nMinJet0ImgLinePos{5475}nPrtMemHwAddr{System.UInt32[]}nPrtDataOffset{System.UInt32[]}nSrcDataSize{System.UInt32[]}nPrtColBytes{System.UInt32[]}nPrtPrecession{8}nSrcEndCols{8000}nSrcStartCols{0}nStartEncPos{76512}nValidPassJets{1280}nValidPrtCols{8310}nValidPrtCtlCnts{1}pDataBuf{0}pNextItem{683143264}
2023-05-05 10:55:59,886 [AppLog] INFO : 使能Pass打印成功：IDP_DoPassPrint2：nLayerIndex{11}nPassID{4}
2023-05-05 10:55:59,902 [AppLog] INFO : PASS打印前关键状态：DEV_GetDeviceInfo2：nLayerIndex{11}nPassID{4}LPPRINTER_INFO:nXSysEncDPI{0}nStatus{0}nPrintStatus{0}bSuperDevice{0}
LPPRINTER_INFO-LPPrtRunInfo:bJobPrtRuning{False}bLayerPrtIsOver{False}nContReqMemErr{0}nContWDErr{0}nCurPrtDir{0}nDTLayerIndex{0}nDTLayerPassIndex{0}nDTPtrCtlIndex{0}nLayerPassCount{0}nPrintLayerIndex{0}nPrintPassIndex{0}nProcLayerIndex{0}nPrtDataMemAddr{0}nPrtState{0}nReverse{System.Int32[]}nRevPrtCols{0}
LPPRINTER_INFO-LPDRVINFO:nFMVersion{0}nFpgaVersion{0}nPCBVersion{0}nState{0}nNextState{0}nPtvwarnState{0}nCrc32{0}nRevInfo{System.UInt32[]}nSignature{0}
2023-05-05 10:55:59,902 [AppLog] INFO : 创建：AutoPrintMotion1=》不需重新创建-手动操作！
2023-05-05 10:55:59,902 [AppLog] INFO : 进入：EquipmentMotionLogic3=》准备创建对象-手动操作！
2023-05-05 10:55:59,902 [AppLog] INFO : 进入：EquipmentMotionLogic3=》不需重新创建-手动操作！
2023-05-05 10:55:59,902 [AppLog] INFO : 进入：EquipmentMotionLogic3=》赋值完成自-AutoPrintMotion2！
2023-05-05 10:55:59,902 [AppLog] INFO : 进入：EquipmentMotionLogic3=》加载配置文件-LoadJsonFile成功！
2023-05-05 10:55:59,902 [AppLog] INFO : 进入：AutoPrintThread3！
2023-05-05 10:55:59,902 [AppLog] INFO : 准备读取编码器位置：X方向！
2023-05-05 10:55:59,902 [AppLog] INFO : 准备运动，当前位置：DEV_GetPrintEncoderValue：MoveDirectionFlag{false为Y方向：False}CurrentPos{423.315}AimPos{25}
2023-05-05 10:55:59,933 [AppLog] INFO : X方向运动开始：DEM_Run：返回值{True}nAxis{0}DirFlag{False}nSpeed{300000}MoveStep{-398315}nCtlValue{2}
2023-05-05 10:56:01,820 [AppLog] INFO : X方向到位停止：DEM_StopAxisRun：返回值{True}CurrentPos{30.38}bImmeStop{False}nAxisMask{1}
2023-05-05 10:56:01,820 [AppLog] INFO : 准备读取编码器位置：Y方向！
2023-05-05 10:56:01,820 [AppLog] INFO : 准备运动，编码器当前位置：DEM_GetAxisEncodeVal：MoveDirectionFlag{false为Y方向：True}CurrentPos{199.025}AimPos{209.021166666667}
2023-05-05 10:56:01,945 [AppLog] INFO : Y方向运动开始：DEM_Run：返回值{True}nAxis{1}DirFlag{True}nSpeed{300000}MoveStep{10015.0694178333}nCtlValue{1}
2023-05-05 10:56:02,008 [AppLog] INFO : Y方向到位停止：DEM_StopAxisRun：返回值{True}CurrentPos{207.95}bImmeStop{False}nAxisMask{2}
2023-05-05 10:56:02,008 [AppLog] INFO : 获取打印Pass数据：IDP_GetPassItem2：nLayerIndex{11}nPassID{5}nProcState{3}LPPassDataItemb:PrtDir{True}nDataTxCompleteCnt{1}nHwMemAdrMatchMask{1}nLayerIndex{11}nLayerPassCount{6}nLayerPassIndex{5}nMinJet0ImgLinePos{6755}nPrtMemHwAddr{System.UInt32[]}nPrtDataOffset{System.UInt32[]}nSrcDataSize{System.UInt32[]}nPrtColBytes{System.UInt32[]}nPrtPrecession{8}nSrcEndCols{8000}nSrcStartCols{0}nStartEncPos{10000}nValidPassJets{1280}nValidPrtCols{8310}nValidPrtCtlCnts{1}pDataBuf{0}pNextItem{0}
2023-05-05 10:56:02,023 [AppLog] INFO : 使能Pass打印成功：IDP_DoPassPrint2：nLayerIndex{11}nPassID{5}
2023-05-05 10:56:02,023 [AppLog] INFO : PASS打印前关键状态：DEV_GetDeviceInfo2：nLayerIndex{11}nPassID{5}LPPRINTER_INFO:nXSysEncDPI{0}nStatus{0}nPrintStatus{0}bSuperDevice{0}
LPPRINTER_INFO-LPPrtRunInfo:bJobPrtRuning{False}bLayerPrtIsOver{False}nContReqMemErr{0}nContWDErr{0}nCurPrtDir{0}nDTLayerIndex{0}nDTLayerPassIndex{0}nDTPtrCtlIndex{0}nLayerPassCount{0}nPrintLayerIndex{0}nPrintPassIndex{0}nProcLayerIndex{0}nPrtDataMemAddr{0}nPrtState{0}nReverse{System.Int32[]}nRevPrtCols{0}
LPPRINTER_INFO-LPDRVINFO:nFMVersion{0}nFpgaVersion{0}nPCBVersion{0}nState{0}nNextState{0}nPtvwarnState{0}nCrc32{0}nRevInfo{System.UInt32[]}nSignature{0}
2023-05-05 10:56:02,023 [AppLog] INFO : 创建：AutoPrintMotion1=》不需重新创建-手动操作！
2023-05-05 10:56:02,023 [AppLog] INFO : 进入：EquipmentMotionLogic3=》准备创建对象-手动操作！
2023-05-05 10:56:02,023 [AppLog] INFO : 进入：EquipmentMotionLogic3=》不需重新创建-手动操作！
2023-05-05 10:56:02,023 [AppLog] INFO : 进入：EquipmentMotionLogic3=》赋值完成自-AutoPrintMotion2！
2023-05-05 10:56:02,023 [AppLog] INFO : 进入：EquipmentMotionLogic3=》加载配置文件-LoadJsonFile成功！
2023-05-05 10:56:02,023 [AppLog] INFO : 进入：AutoPrintThread3！
2023-05-05 10:56:02,023 [AppLog] INFO : 准备读取编码器位置：X方向！
2023-05-05 10:56:02,023 [AppLog] INFO : 准备运动，当前位置：DEV_GetPrintEncoderValue：MoveDirectionFlag{false为Y方向：False}CurrentPos{26.7}AimPos{425}
2023-05-05 10:56:02,054 [AppLog] INFO : X方向运动开始：DEM_Run：返回值{True}nAxis{0}DirFlag{True}nSpeed{300000}MoveStep{398300}nCtlValue{2}
2023-05-05 10:56:03,942 [AppLog] INFO : X方向到位停止：DEM_StopAxisRun：返回值{True}CurrentPos{419.15}bImmeStop{False}nAxisMask{1}
2023-05-05 10:56:03,942 [AppLog] INFO : 准备读取编码器位置：X方向！
2023-05-05 10:56:03,942 [AppLog] INFO : 准备运动，当前位置：DEV_GetPrintEncoderValue：MoveDirectionFlag{false为Y方向：False}CurrentPos{419.24}AimPos{780}
2023-05-05 10:56:03,973 [AppLog] INFO : X方向运动开始：DEM_Run：返回值{True}nAxis{0}DirFlag{True}nSpeed{300000}MoveStep{360760}nCtlValue{2}
2023-05-05 10:56:04,036 [AppLog] INFO : 准备读取编码器位置：Y方向！
2023-05-05 10:56:04,036 [AppLog] INFO : 准备运动，编码器当前位置：DEM_GetAxisEncodeVal：MoveDirectionFlag{false为Y方向：True}CurrentPos{208.995}AimPos{121}
2023-05-05 10:56:04,363 [AppLog] INFO : Y方向运动开始：DEM_Run：返回值{True}nAxis{1}DirFlag{False}nSpeed{300000}MoveStep{-88161.398545}nCtlValue{1}
2023-05-05 10:56:05,720 [AppLog] INFO : Y方向到位等停：DEM_StopAxisRun：返回值{True}bImmeStop{False}nAxisMask{1}
2023-05-05 10:56:05,736 [AppLog] INFO : X方向到位等停：DEM_StopAxisRun：返回值{True}bImmeStop{False}nAxisMask{2}
2023-05-05 10:56:05,752 [AppLog] INFO : 开启闪喷操作：IDP_FlashPrtCtl：返回值{True}
2023-05-05 10:56:05,752 [AppLog] INFO : 进入：EquipmentMotionLogic3=》准备创建对象-手动操作！
2023-05-05 10:56:05,752 [AppLog] INFO : 进入：EquipmentMotionLogic3=》不需重新创建-手动操作！
2023-05-05 10:56:05,752 [AppLog] INFO : 进入：EquipmentMotionLogic3=》赋值完成自-AutoPrintMotion2！
2023-05-05 10:56:05,752 [AppLog] INFO : 进入：EquipmentMotionLogic3=》加载配置文件-LoadJsonFile成功！
2023-05-05 10:56:05,752 [AppLog] INFO : 进入自动铺粉逻辑：NewAutoSupplyPowderThread2
2023-05-05 10:56:05,845 [AppLog] INFO : 手动正向点动指令（8轴运控板卡系统） ====》：输出AXIS{第1轴},点动量{-0.13MM},运动速度{2MM/s}
2023-05-05 10:56:05,845 [AppLog] INFO : 成形面高度下降层厚 TrapSpace{0.13mm}：TrapMoveUp(1, true, Convert.ToString(vel), Convert.ToString(TrapSpace), true, true）
2023-05-05 10:56:06,610 [AppLog] INFO : 手动正向点动指令（8轴运控板卡系统） ====》：输出AXIS{第1轴},点动量{-1.5MM},运动速度{2MM/s}
2023-05-05 10:56:06,610 [AppLog] INFO : 成形面高度下降指定厚度 TrapSpace{1.5mm}：TrapMoveUp(1, true, Convert.ToString(vel), Convert.ToString(TrapSpace), true, true）
2023-05-05 10:56:07,390 [AppLog] INFO : 手动正向点动指令（8轴运控板卡系统） ====》：输出AXIS{第1轴},点动量{1.5MM},运动速度{2MM/s}
2023-05-05 10:56:07,390 [AppLog] INFO : 成形面高度上升层厚 TrapSpace{1.5mm}：TrapMoveUp(1, true, Convert.ToString(vel), Convert.ToString(TrapSpace), true, true）
2023-05-05 10:56:07,592 [AppLog] INFO : 手动正向点动指令（8轴运控板卡系统） ====》：输出AXIS{第8轴},点动量{0.5MM},运动速度{2.5MM/s}
2023-05-05 10:56:07,608 [AppLog] INFO : Hopper落粉轴转2圈落粉，速度0.5rev/s：TrapMoveUp(8, true, 0.5, rotateNuM.ToString(), true, false)
2023-05-05 10:56:08,622 [AppLog] INFO : 开启铺粉车不等停运动，准备运动至准备打印位置215mm，速度250mm/s：BackToStation2
2023-05-05 10:56:09,480 [AppLog] INFO : 手动正向点动指令（8轴运控板卡系统） ====》：输出AXIS{第2轴},点动量{216.5MM},运动速度{250MM/s}
2023-05-05 10:56:09,480 [AppLog] INFO : 当前铺粉车位置：打印位置215mm
2023-05-05 10:56:09,480 [AppLog] INFO : 手动正向点动指令（8轴运控板卡系统） ====》：输出AXIS{第2轴},点动量{480MM},运动速度{25MM/s}
2023-05-05 10:56:09,480 [AppLog] INFO : 开启铺粉车不等停运动至准备打印位置695mm，速度25mm/s：BackToStation2
2023-05-05 10:56:09,605 [AppLog] INFO : 打开IR灯：OpenIRLamp(true)
2023-05-05 10:56:09,745 [AppLog] INFO : 手动正向点动指令（8轴运控板卡系统） ====》：输出AXIS{第3轴},点动量{0.125MM},运动速度{1MM/s}
2023-05-05 10:56:09,745 [AppLog] INFO : 在{40mm}处，落粉轴运动{45度}，落粉轴转速{1rev/s}：TrapMoveUp(3, true, Convert.ToString(DispenseRollerSpeed), 0.5, true, true)
2023-05-05 10:56:09,745 [AppLog] INFO : 手动正向点动指令（8轴运控板卡系统） ====》：输出AXIS{第3轴},点动量{0.5MM},运动速度{0.0376712328767123MM/s}
2023-05-05 10:56:09,745 [AppLog] INFO : 开启均匀落粉及辊子铺平运动：TrapMoveUp(3, true, Convert.ToString(DispenseRollerSpeed), 0.5, true, true)
2023-05-05 10:56:21,398 [AppLog] INFO : 关闭IR灯：OpenIRLamp(false)
2023-05-05 10:56:25,954 [AppLog] INFO : 手动正向点动指令（8轴运控板卡系统） ====》：输出AXIS{第3轴},点动量{0.5MM},运动速度{2MM/s}
2023-05-05 10:56:25,954 [AppLog] INFO : 落粉轴继续转动以倒掉余粉：TrapMoveUp(3, true, 2, 0.5, true, false)
2023-05-05 10:56:29,464 [AppLog] INFO : 手动正向点动指令（8轴运控板卡系统） ====》：输出AXIS{第1轴},点动量{-1.5MM},运动速度{2MM/s}
2023-05-05 10:56:29,464 [AppLog] INFO : 成形面高度下降指定厚度 TrapSpace{1.5mm}：TrapMoveUp(1, true, Convert.ToString(vel), Convert.ToString(TrapSpace), true, true）
2023-05-05 10:56:32,256 [AppLog] INFO : 手动正向点动指令（8轴运控板卡系统） ====》：输出AXIS{第2轴},点动量{-696.5MM},运动速度{250MM/s}
2023-05-05 10:56:32,256 [AppLog] INFO : 铺粉车返回至站1：BackToStation2(AimPos, MovSpeed, true)：-1.5mm，速度250mm/s：BackToStation2
2023-05-05 10:56:33,036 [AppLog] INFO : 落粉轴回零成功：motionMap.SetBackSpreaderAxis(3, 0.5, 2, -SinkPosition)：ReturnCode{True}
2023-05-05 10:56:33,800 [AppLog] INFO : 手动正向点动指令（8轴运控板卡系统） ====》：输出AXIS{第1轴},点动量{1.5MM},运动速度{2MM/s}
2023-05-05 10:56:33,800 [AppLog] INFO : 成形面高度上升层厚 TrapSpace{1.5mm}：TrapMoveUp(1, true, Convert.ToString(vel), Convert.ToString(TrapSpace), true, true）
2023-05-05 10:56:33,800 [AppLog] INFO : 自动铺粉正常结束：NewAutoSupplyPowderThread2
2023-05-05 10:56:33,800 [AppLog] INFO : 发送监控指令，拍照记录1条：SendMessageFromSharedMemory
2023-05-05 10:56:33,800 [AppLog] INFO : 执行完成铺粉固化操作：EquipmentMotionLogic3：m_bApplyPowderSupplyMotion:0
2023-05-05 10:56:33,800 [AppLog] INFO : 接收到恢复打印指令：PrintTaskTHREAD
2023-05-05 10:56:33,800 [AppLog] INFO : 获取打印Pass数据：IDP_GetPassItem2：nLayerIndex{12}nPassID{0}nProcState{3}LPPassDataItemb:PrtDir{False}nDataTxCompleteCnt{1}nHwMemAdrMatchMask{1}nLayerIndex{12}nLayerPassCount{6}nLayerPassIndex{0}nMinJet0ImgLinePos{355}nPrtMemHwAddr{System.UInt32[]}nPrtDataOffset{System.UInt32[]}nSrcDataSize{System.UInt32[]}nPrtColBytes{System.UInt32[]}nPrtPrecession{8}nSrcEndCols{8000}nSrcStartCols{0}nStartEncPos{76512}nValidPassJets{1280}nValidPrtCols{8310}nValidPrtCtlCnts{1}pDataBuf{0}pNextItem{683143584}
2023-05-05 10:56:33,816 [AppLog] INFO : 使能Pass打印成功：IDP_DoPassPrint2：nLayerIndex{12}nPassID{0}
2023-05-05 10:56:33,816 [AppLog] INFO : PASS打印前关键状态：DEV_GetDeviceInfo2：nLayerIndex{12}nPassID{0}LPPRINTER_INFO:nXSysEncDPI{0}nStatus{0}nPrintStatus{0}bSuperDevice{0}
LPPRINTER_INFO-LPPrtRunInfo:bJobPrtRuning{False}bLayerPrtIsOver{False}nContReqMemErr{0}nContWDErr{0}nCurPrtDir{0}nDTLayerIndex{0}nDTLayerPassIndex{0}nDTPtrCtlIndex{0}nLayerPassCount{0}nPrintLayerIndex{0}nPrintPassIndex{0}nProcLayerIndex{0}nPrtDataMemAddr{0}nPrtState{0}nReverse{System.Int32[]}nRevPrtCols{0}
LPPRINTER_INFO-LPDRVINFO:nFMVersion{0}nFpgaVersion{0}nPCBVersion{0}nState{0}nNextState{0}nPtvwarnState{0}nCrc32{0}nRevInfo{System.UInt32[]}nSignature{0}
2023-05-05 10:56:33,816 [AppLog] INFO : 创建：AutoPrintMotion1=》不需重新创建-手动操作！
2023-05-05 10:56:33,816 [AppLog] INFO : 进入：EquipmentMotionLogic3=》准备创建对象-手动操作！
2023-05-05 10:56:33,816 [AppLog] INFO : 进入：EquipmentMotionLogic3=》不需重新创建-手动操作！
2023-05-05 10:56:33,816 [AppLog] INFO : 进入：EquipmentMotionLogic3=》赋值完成自-AutoPrintMotion2！
2023-05-05 10:56:33,816 [AppLog] INFO : 进入：EquipmentMotionLogic3=》加载配置文件-LoadJsonFile成功！
2023-05-05 10:56:33,816 [AppLog] INFO : 进入自动清洗过程：AutoCleanThread
2023-05-05 10:56:34,190 [AppLog] INFO : 刮墨轴回零成功：motionMap.SetBackSpreaderAxis(4, 1, 2, -SinkHomePosition)
2023-05-05 10:56:34,190 [AppLog] INFO : 准备读取编码器位置：Y方向！
2023-05-05 10:56:34,206 [AppLog] INFO : 准备运动，编码器当前位置：DEM_GetAxisEncodeVal：MoveDirectionFlag{false为Y方向：True}CurrentPos{121.135}AimPos{116}
2023-05-05 10:56:34,222 [AppLog] INFO : 准备处理第13层数据：准备调用RenderToWic，index为13，subindex为0，g_nRePrintTimes为1，起始层为0
2023-05-05 10:56:34,300 [AppLog] INFO : 完成处理第13层数据：准备调用DrawLayerBMP，index为13，起始层为0
2023-05-05 10:56:34,300 [AppLog] INFO : 完成处理第13层数据：准备调用DrawLayerBMP，index为13，起始层为0
2023-05-05 10:56:34,331 [AppLog] INFO : Y方向运动开始：DEM_Run：返回值{True}nAxis{1}DirFlag{False}nSpeed{300000}MoveStep{-5144.710285}nCtlValue{1}
2023-05-05 10:56:34,409 [AppLog] INFO : Y方向到位停止：DEM_StopAxisRun：返回值{True}CurrentPos{116.21}bImmeStop{False}nAxisMask{2}
2023-05-05 10:56:34,409 [AppLog] INFO : 准备读取编码器位置：X方向！
2023-05-05 10:56:34,409 [AppLog] INFO : 准备运动，当前位置：DEV_GetPrintEncoderValue：MoveDirectionFlag{false为Y方向：False}CurrentPos{784.045}AimPos{780}
2023-05-05 10:56:34,440 [AppLog] INFO : X方向运动开始：DEM_Run：返回值{True}nAxis{0}DirFlag{False}nSpeed{300000}MoveStep{-4045.00000000007}nCtlValue{2}
2023-05-05 10:56:34,596 [AppLog] INFO : X方向到位停止：DEM_StopAxisRun：返回值{True}CurrentPos{783.325}bImmeStop{False}nAxisMask{1}
2023-05-05 10:56:34,768 [AppLog] INFO : 作业写入成功：IDP_WriteImgLayerData：bpp:{1bit}灰阶:{1阶}nLayerIndex{14}LayerIndex{13}SubIndex{1}RePrintTimes{1}nBytesPerLine{1004}nWidth{8001}nHeight{7680}nXEncOff{0}nYJetOff{355}nImgStartJetIndex{0}nXDPI{635}nYDPI{600}nPrtDir{0} nPrtFlag{1}nColorCnts{1}nReserved{System.Int32[]}
2023-05-05 10:56:34,768 [AppLog] INFO : 完成处理第13层数据：准备调用RenderToWic，index为13，subindex为0，g_nRePrintTimes为1，起始层为0
2023-05-05 10:56:35,579 [AppLog] INFO : 开启闪喷： IDP_FlashPrtCtl(true)：ReturnCode{True}
2023-05-05 10:56:35,579 [AppLog] INFO : 开启压墨： motionMap.SetDo(13, true)
2023-05-05 10:56:37,591 [AppLog] INFO : 关闭压墨： motionMap.SetDo(13, true)
2023-05-05 10:56:37,591 [AppLog] INFO : 压墨等待开启：{3S}
2023-05-05 10:56:40,602 [AppLog] INFO : 压墨等待完成：{3S}
2023-05-05 10:56:40,602 [AppLog] INFO : 开启闪喷： IDP_FlashPrtCtl(false)：ReturnCode{True}
2023-05-05 10:56:40,602 [AppLog] INFO : 准备读取编码器位置：X方向！
2023-05-05 10:56:40,602 [AppLog] INFO : 准备运动，当前位置：DEV_GetPrintEncoderValue：MoveDirectionFlag{false为Y方向：False}CurrentPos{780.39}AimPos{680}
2023-05-05 10:56:40,633 [AppLog] INFO : X方向运动开始：DEM_Run：返回值{True}nAxis{0}DirFlag{False}nSpeed{200000}MoveStep{-100390}nCtlValue{2}
2023-05-05 10:56:41,491 [AppLog] INFO : X方向到位停止：DEM_StopAxisRun：返回值{True}CurrentPos{684.46}bImmeStop{False}nAxisMask{1}
2023-05-05 10:56:41,944 [AppLog] INFO : 结束自动清洗过程：AutoCleanThread
2023-05-05 10:56:41,944 [AppLog] INFO : 进入：EquipmentMotionLogic3=》准备创建对象-手动操作！
2023-05-05 10:56:41,944 [AppLog] INFO : 进入：EquipmentMotionLogic3=》不需重新创建-手动操作！
2023-05-05 10:56:41,944 [AppLog] INFO : 进入：EquipmentMotionLogic3=》赋值完成自-AutoPrintMotion2！
2023-05-05 10:56:41,944 [AppLog] INFO : 进入：EquipmentMotionLogic3=》加载配置文件-LoadJsonFile成功！
2023-05-05 10:56:41,944 [AppLog] INFO : 进入：AutoPrintThread3！
2023-05-05 10:56:41,959 [AppLog] INFO : 关闭闪喷操作：IDP_FlashPrtCtl：返回值{True}
2023-05-05 10:56:41,959 [AppLog] INFO : 准备读取编码器位置：Y方向！
2023-05-05 10:56:41,959 [AppLog] INFO : 准备运动，编码器当前位置：DEM_GetAxisEncodeVal：MoveDirectionFlag{false为Y方向：True}CurrentPos{115.975}AimPos{93.5}
2023-05-05 10:56:42,084 [AppLog] INFO : Y方向运动开始：DEM_Run：返回值{True}nAxis{1}DirFlag{False}nSpeed{300000}MoveStep{-22517.500225}nCtlValue{1}
2023-05-05 10:56:42,146 [AppLog] INFO : 准备读取编码器位置：X方向！
2023-05-05 10:56:42,146 [AppLog] INFO : 准备运动，当前位置：DEV_GetPrintEncoderValue：MoveDirectionFlag{false为Y方向：False}CurrentPos{680.33}AimPos{425}
2023-05-05 10:56:42,178 [AppLog] INFO : X方向运动开始：DEM_Run：返回值{True}nAxis{0}DirFlag{False}nSpeed{300000}MoveStep{-255330}nCtlValue{2}
2023-05-05 10:56:43,597 [AppLog] INFO : X方向到位停止：DEM_StopAxisRun：返回值{True}CurrentPos{428.49}bImmeStop{False}nAxisMask{1}
2023-05-05 10:56:43,597 [AppLog] INFO : 准备读取编码器位置：X方向！
2023-05-05 10:56:43,597 [AppLog] INFO : 准备运动，当前位置：DEV_GetPrintEncoderValue：MoveDirectionFlag{false为Y方向：False}CurrentPos{428.405}AimPos{25}
2023-05-05 10:56:43,628 [AppLog] INFO : X方向运动开始：DEM_Run：返回值{True}nAxis{0}DirFlag{False}nSpeed{300000}MoveStep{-403405}nCtlValue{2}
2023-05-05 10:56:45,516 [AppLog] INFO : X方向到位停止：DEM_StopAxisRun：返回值{True}CurrentPos{26.275}bImmeStop{False}nAxisMask{1}
2023-05-05 10:56:45,516 [AppLog] INFO : 准备读取编码器位置：Y方向！
2023-05-05 10:56:45,516 [AppLog] INFO : 准备运动，编码器当前位置：DEM_GetAxisEncodeVal：MoveDirectionFlag{false为Y方向：True}CurrentPos{93.505}AimPos{98.5211666666667}
2023-05-05 10:56:45,734 [AppLog] INFO : Y方向运动开始：DEM_Run：返回值{False}nAxis{1}DirFlag{True}nSpeed{300000}MoveStep{5025.65223783334}nCtlValue{1}
2023-05-05 10:56:45,797 [AppLog] INFO : Y方向到位停止：DEM_StopAxisRun：返回值{True}CurrentPos{98.485}bImmeStop{False}nAxisMask{2}
2023-05-05 10:56:45,797 [AppLog] INFO : 获取打印Pass数据：IDP_GetPassItem2：nLayerIndex{12}nPassID{1}nProcState{3}LPPassDataItemb:PrtDir{True}nDataTxCompleteCnt{1}nHwMemAdrMatchMask{1}nLayerIndex{12}nLayerPassCount{6}nLayerPassIndex{1}nMinJet0ImgLinePos{1635}nPrtMemHwAddr{System.UInt32[]}nPrtDataOffset{System.UInt32[]}nSrcDataSize{System.UInt32[]}nPrtColBytes{System.UInt32[]}nPrtPrecession{8}nSrcEndCols{8000}nSrcStartCols{0}nStartEncPos{10000}nValidPassJets{1280}nValidPrtCols{8310}nValidPrtCtlCnts{1}pDataBuf{0}pNextItem{683143744}
2023-05-05 10:56:45,797 [AppLog] INFO : 使能Pass打印成功：IDP_DoPassPrint2：nLayerIndex{12}nPassID{1}
2023-05-05 10:56:45,812 [AppLog] INFO : PASS打印前关键状态：DEV_GetDeviceInfo2：nLayerIndex{12}nPassID{1}LPPRINTER_INFO:nXSysEncDPI{0}nStatus{0}nPrintStatus{0}bSuperDevice{0}
LPPRINTER_INFO-LPPrtRunInfo:bJobPrtRuning{False}bLayerPrtIsOver{False}nContReqMemErr{0}nContWDErr{0}nCurPrtDir{0}nDTLayerIndex{0}nDTLayerPassIndex{0}nDTPtrCtlIndex{0}nLayerPassCount{0}nPrintLayerIndex{0}nPrintPassIndex{0}nProcLayerIndex{0}nPrtDataMemAddr{0}nPrtState{0}nReverse{System.Int32[]}nRevPrtCols{0}
LPPRINTER_INFO-LPDRVINFO:nFMVersion{0}nFpgaVersion{0}nPCBVersion{0}nState{0}nNextState{0}nPtvwarnState{0}nCrc32{0}nRevInfo{System.UInt32[]}nSignature{0}
2023-05-05 10:56:45,812 [AppLog] INFO : 创建：AutoPrintMotion1=》不需重新创建-手动操作！
2023-05-05 10:56:45,812 [AppLog] INFO : 进入：EquipmentMotionLogic3=》准备创建对象-手动操作！
2023-05-05 10:56:45,812 [AppLog] INFO : 进入：EquipmentMotionLogic3=》不需重新创建-手动操作！
2023-05-05 10:56:45,812 [AppLog] INFO : 进入：EquipmentMotionLogic3=》赋值完成自-AutoPrintMotion2！
2023-05-05 10:56:45,812 [AppLog] INFO : 进入：EquipmentMotionLogic3=》加载配置文件-LoadJsonFile成功！
2023-05-05 10:56:45,812 [AppLog] INFO : 进入：AutoPrintThread3！
2023-05-05 10:56:45,812 [AppLog] INFO : 准备读取编码器位置：X方向！
2023-05-05 10:56:45,812 [AppLog] INFO : 准备运动，当前位置：DEV_GetPrintEncoderValue：MoveDirectionFlag{false为Y方向：False}CurrentPos{22.585}AimPos{425}
2023-05-05 10:56:45,844 [AppLog] INFO : X方向运动开始：DEM_Run：返回值{True}nAxis{0}DirFlag{True}nSpeed{300000}MoveStep{402415}nCtlValue{2}
2023-05-05 10:56:47,731 [AppLog] INFO : X方向到位停止：DEM_StopAxisRun：返回值{True}CurrentPos{419.125}bImmeStop{False}nAxisMask{1}
2023-05-05 10:56:47,731 [AppLog] INFO : 准备读取编码器位置：Y方向！
2023-05-05 10:56:47,731 [AppLog] INFO : 准备运动，编码器当前位置：DEM_GetAxisEncodeVal：MoveDirectionFlag{false为Y方向：True}CurrentPos{98.495}AimPos{147.5}
2023-05-05 10:56:47,934 [AppLog] INFO : Y方向运动开始：DEM_Run：返回值{True}nAxis{1}DirFlag{True}nSpeed{300000}MoveStep{49097.668455}nCtlValue{1}
2023-05-05 10:56:47,996 [AppLog] INFO : Y方向到位停止：DEM_StopAxisRun：返回值{True}CurrentPos{140.04}bImmeStop{False}nAxisMask{2}
2023-05-05 10:56:47,996 [AppLog] INFO : 获取打印Pass数据：IDP_GetPassItem2：nLayerIndex{12}nPassID{2}nProcState{3}LPPassDataItemb:PrtDir{False}nDataTxCompleteCnt{1}nHwMemAdrMatchMask{1}nLayerIndex{12}nLayerPassCount{6}nLayerPassIndex{2}nMinJet0ImgLinePos{2915}nPrtMemHwAddr{System.UInt32[]}nPrtDataOffset{System.UInt32[]}nSrcDataSize{System.UInt32[]}nPrtColBytes{System.UInt32[]}nPrtPrecession{8}nSrcEndCols{8000}nSrcStartCols{0}nStartEncPos{76512}nValidPassJets{1280}nValidPrtCols{8310}nValidPrtCtlCnts{1}pDataBuf{0}pNextItem{683143904}
2023-05-05 10:56:48,012 [AppLog] INFO : 使能Pass打印成功：IDP_DoPassPrint2：nLayerIndex{12}nPassID{2}
2023-05-05 10:56:48,012 [AppLog] INFO : PASS打印前关键状态：DEV_GetDeviceInfo2：nLayerIndex{12}nPassID{2}LPPRINTER_INFO:nXSysEncDPI{0}nStatus{0}nPrintStatus{0}bSuperDevice{0}
LPPRINTER_INFO-LPPrtRunInfo:bJobPrtRuning{False}bLayerPrtIsOver{False}nContReqMemErr{0}nContWDErr{0}nCurPrtDir{0}nDTLayerIndex{0}nDTLayerPassIndex{0}nDTPtrCtlIndex{0}nLayerPassCount{0}nPrintLayerIndex{0}nPrintPassIndex{0}nProcLayerIndex{0}nPrtDataMemAddr{0}nPrtState{0}nReverse{System.Int32[]}nRevPrtCols{0}
LPPRINTER_INFO-LPDRVINFO:nFMVersion{0}nFpgaVersion{0}nPCBVersion{0}nState{0}nNextState{0}nPtvwarnState{0}nCrc32{0}nRevInfo{System.UInt32[]}nSignature{0}
2023-05-05 10:56:48,012 [AppLog] INFO : 创建：AutoPrintMotion1=》不需重新创建-手动操作！
2023-05-05 10:56:48,012 [AppLog] INFO : 进入：EquipmentMotionLogic3=》准备创建对象-手动操作！
2023-05-05 10:56:48,012 [AppLog] INFO : 进入：EquipmentMotionLogic3=》不需重新创建-手动操作！
2023-05-05 10:56:48,012 [AppLog] INFO : 进入：EquipmentMotionLogic3=》赋值完成自-AutoPrintMotion2！
2023-05-05 10:56:48,012 [AppLog] INFO : 进入：EquipmentMotionLogic3=》加载配置文件-LoadJsonFile成功！
2023-05-05 10:56:48,012 [AppLog] INFO : 进入：AutoPrintThread3！
2023-05-05 10:56:48,012 [AppLog] INFO : 准备读取编码器位置：X方向！
2023-05-05 10:56:48,012 [AppLog] INFO : 准备运动，当前位置：DEV_GetPrintEncoderValue：MoveDirectionFlag{false为Y方向：False}CurrentPos{423.285}AimPos{25}
2023-05-05 10:56:48,043 [AppLog] INFO : X方向运动开始：DEM_Run：返回值{True}nAxis{0}DirFlag{False}nSpeed{300000}MoveStep{-398285}nCtlValue{2}
2023-05-05 10:56:49,915 [AppLog] INFO : X方向到位停止：DEM_StopAxisRun：返回值{True}CurrentPos{30.835}bImmeStop{False}nAxisMask{1}
2023-05-05 10:56:49,915 [AppLog] INFO : 准备读取编码器位置：Y方向！
2023-05-05 10:56:49,915 [AppLog] INFO : 准备运动，编码器当前位置：DEM_GetAxisEncodeVal：MoveDirectionFlag{false为Y方向：True}CurrentPos{147.43}AimPos{152.521166666667}
2023-05-05 10:56:50,040 [AppLog] INFO : Y方向运动开始：DEM_Run：返回值{True}nAxis{1}DirFlag{True}nSpeed{300000}MoveStep{5100.79406283332}nCtlValue{1}
2023-05-05 10:56:50,102 [AppLog] INFO : Y方向到位停止：DEM_StopAxisRun：返回值{True}CurrentPos{151.965}bImmeStop{False}nAxisMask{2}
2023-05-05 10:56:50,102 [AppLog] INFO : 获取打印Pass数据：IDP_GetPassItem2：nLayerIndex{12}nPassID{3}nProcState{3}LPPassDataItemb:PrtDir{True}nDataTxCompleteCnt{1}nHwMemAdrMatchMask{1}nLayerIndex{12}nLayerPassCount{6}nLayerPassIndex{3}nMinJet0ImgLinePos{4195}nPrtMemHwAddr{System.UInt32[]}nPrtDataOffset{System.UInt32[]}nSrcDataSize{System.UInt32[]}nPrtColBytes{System.UInt32[]}nPrtPrecession{8}nSrcEndCols{8000}nSrcStartCols{0}nStartEncPos{10000}nValidPassJets{1280}nValidPrtCols{8310}nValidPrtCtlCnts{1}pDataBuf{0}pNextItem{683144064}
2023-05-05 10:56:50,102 [AppLog] INFO : 使能Pass打印成功：IDP_DoPassPrint2：nLayerIndex{12}nPassID{3}
2023-05-05 10:56:50,118 [AppLog] INFO : PASS打印前关键状态：DEV_GetDeviceInfo2：nLayerIndex{12}nPassID{3}LPPRINTER_INFO:nXSysEncDPI{0}nStatus{0}nPrintStatus{0}bSuperDevice{0}
LPPRINTER_INFO-LPPrtRunInfo:bJobPrtRuning{False}bLayerPrtIsOver{False}nContReqMemErr{0}nContWDErr{0}nCurPrtDir{0}nDTLayerIndex{0}nDTLayerPassIndex{0}nDTPtrCtlIndex{0}nLayerPassCount{0}nPrintLayerIndex{0}nPrintPassIndex{0}nProcLayerIndex{0}nPrtDataMemAddr{0}nPrtState{0}nReverse{System.Int32[]}nRevPrtCols{0}
LPPRINTER_INFO-LPDRVINFO:nFMVersion{0}nFpgaVersion{0}nPCBVersion{0}nState{0}nNextState{0}nPtvwarnState{0}nCrc32{0}nRevInfo{System.UInt32[]}nSignature{0}
2023-05-05 10:56:50,118 [AppLog] INFO : 创建：AutoPrintMotion1=》不需重新创建-手动操作！
2023-05-05 10:56:50,118 [AppLog] INFO : 进入：EquipmentMotionLogic3=》准备创建对象-手动操作！
2023-05-05 10:56:50,118 [AppLog] INFO : 进入：EquipmentMotionLogic3=》不需重新创建-手动操作！
2023-05-05 10:56:50,118 [AppLog] INFO : 进入：EquipmentMotionLogic3=》赋值完成自-AutoPrintMotion2！
2023-05-05 10:56:50,118 [AppLog] INFO : 进入：EquipmentMotionLogic3=》加载配置文件-LoadJsonFile成功！
2023-05-05 10:56:50,118 [AppLog] INFO : 进入：AutoPrintThread3！
2023-05-05 10:56:50,118 [AppLog] INFO : 准备读取编码器位置：X方向！
2023-05-05 10:56:50,118 [AppLog] INFO : 准备运动，当前位置：DEV_GetPrintEncoderValue：MoveDirectionFlag{false为Y方向：False}CurrentPos{26.71}AimPos{425}
2023-05-05 10:56:50,149 [AppLog] INFO : X方向运动开始：DEM_Run：返回值{True}nAxis{0}DirFlag{True}nSpeed{300000}MoveStep{398290}nCtlValue{2}
2023-05-05 10:56:52,037 [AppLog] INFO : X方向到位停止：DEM_StopAxisRun：返回值{True}CurrentPos{419.59}bImmeStop{False}nAxisMask{1}
2023-05-05 10:56:52,037 [AppLog] INFO : 准备读取编码器位置：Y方向！
2023-05-05 10:56:52,037 [AppLog] INFO : 准备运动，编码器当前位置：DEM_GetAxisEncodeVal：MoveDirectionFlag{false为Y方向：True}CurrentPos{152.545}AimPos{201.5}
2023-05-05 10:56:52,240 [AppLog] INFO : Y方向运动开始：DEM_Run：返回值{True}nAxis{1}DirFlag{True}nSpeed{300000}MoveStep{49047.573905}nCtlValue{1}
2023-05-05 10:56:52,302 [AppLog] INFO : Y方向到位停止：DEM_StopAxisRun：返回值{True}CurrentPos{193.985}bImmeStop{False}nAxisMask{2}
2023-05-05 10:56:52,302 [AppLog] INFO : 获取打印Pass数据：IDP_GetPassItem2：nLayerIndex{12}nPassID{4}nProcState{3}LPPassDataItemb:PrtDir{False}nDataTxCompleteCnt{1}nHwMemAdrMatchMask{1}nLayerIndex{12}nLayerPassCount{6}nLayerPassIndex{4}nMinJet0ImgLinePos{5475}nPrtMemHwAddr{System.UInt32[]}nPrtDataOffset{System.UInt32[]}nSrcDataSize{System.UInt32[]}nPrtColBytes{System.UInt32[]}nPrtPrecession{8}nSrcEndCols{8000}nSrcStartCols{0}nStartEncPos{76512}nValidPassJets{1280}nValidPrtCols{8310}nValidPrtCtlCnts{1}pDataBuf{0}pNextItem{683144224}
2023-05-05 10:56:52,302 [AppLog] INFO : 使能Pass打印成功：IDP_DoPassPrint2：nLayerIndex{12}nPassID{4}
2023-05-05 10:56:52,318 [AppLog] INFO : PASS打印前关键状态：DEV_GetDeviceInfo2：nLayerIndex{12}nPassID{4}LPPRINTER_INFO:nXSysEncDPI{0}nStatus{0}nPrintStatus{0}bSuperDevice{0}
LPPRINTER_INFO-LPPrtRunInfo:bJobPrtRuning{False}bLayerPrtIsOver{False}nContReqMemErr{0}nContWDErr{0}nCurPrtDir{0}nDTLayerIndex{0}nDTLayerPassIndex{0}nDTPtrCtlIndex{0}nLayerPassCount{0}nPrintLayerIndex{0}nPrintPassIndex{0}nProcLayerIndex{0}nPrtDataMemAddr{0}nPrtState{0}nReverse{System.Int32[]}nRevPrtCols{0}
LPPRINTER_INFO-LPDRVINFO:nFMVersion{0}nFpgaVersion{0}nPCBVersion{0}nState{0}nNextState{0}nPtvwarnState{0}nCrc32{0}nRevInfo{System.UInt32[]}nSignature{0}
2023-05-05 10:56:52,318 [AppLog] INFO : 创建：AutoPrintMotion1=》不需重新创建-手动操作！
2023-05-05 10:56:52,318 [AppLog] INFO : 进入：EquipmentMotionLogic3=》准备创建对象-手动操作！
2023-05-05 10:56:52,318 [AppLog] INFO : 进入：EquipmentMotionLogic3=》不需重新创建-手动操作！
2023-05-05 10:56:52,318 [AppLog] INFO : 进入：EquipmentMotionLogic3=》赋值完成自-AutoPrintMotion2！
2023-05-05 10:56:52,318 [AppLog] INFO : 进入：EquipmentMotionLogic3=》加载配置文件-LoadJsonFile成功！
2023-05-05 10:56:52,318 [AppLog] INFO : 进入：AutoPrintThread3！
2023-05-05 10:56:52,318 [AppLog] INFO : 准备读取编码器位置：X方向！
2023-05-05 10:56:52,333 [AppLog] INFO : 准备运动，当前位置：DEV_GetPrintEncoderValue：MoveDirectionFlag{false为Y方向：False}CurrentPos{423.295}AimPos{25}
2023-05-05 10:56:52,364 [AppLog] INFO : X方向运动开始：DEM_Run：返回值{True}nAxis{0}DirFlag{False}nSpeed{300000}MoveStep{-398295}nCtlValue{2}
2023-05-05 10:56:54,252 [AppLog] INFO : X方向到位停止：DEM_StopAxisRun：返回值{True}CurrentPos{29.84}bImmeStop{False}nAxisMask{1}
2023-05-05 10:56:54,252 [AppLog] INFO : 准备读取编码器位置：Y方向！
2023-05-05 10:56:54,268 [AppLog] INFO : 准备运动，编码器当前位置：DEM_GetAxisEncodeVal：MoveDirectionFlag{false为Y方向：True}CurrentPos{201.51}AimPos{206.521166666667}
2023-05-05 10:56:54,470 [AppLog] INFO : Y方向运动开始：DEM_Run：返回值{False}nAxis{1}DirFlag{True}nSpeed{300000}MoveStep{5020.64278283333}nCtlValue{1}
2023-05-05 10:56:54,533 [AppLog] INFO : Y方向到位停止：DEM_StopAxisRun：返回值{True}CurrentPos{206.54}bImmeStop{False}nAxisMask{2}
2023-05-05 10:56:54,533 [AppLog] INFO : 获取打印Pass数据：IDP_GetPassItem2：nLayerIndex{12}nPassID{5}nProcState{3}LPPassDataItemb:PrtDir{True}nDataTxCompleteCnt{1}nHwMemAdrMatchMask{1}nLayerIndex{12}nLayerPassCount{6}nLayerPassIndex{5}nMinJet0ImgLinePos{6755}nPrtMemHwAddr{System.UInt32[]}nPrtDataOffset{System.UInt32[]}nSrcDataSize{System.UInt32[]}nPrtColBytes{System.UInt32[]}nPrtPrecession{8}nSrcEndCols{8000}nSrcStartCols{0}nStartEncPos{10000}nValidPassJets{1280}nValidPrtCols{8310}nValidPrtCtlCnts{1}pDataBuf{0}pNextItem{0}
2023-05-05 10:56:54,533 [AppLog] INFO : 使能Pass打印成功：IDP_DoPassPrint2：nLayerIndex{12}nPassID{5}
2023-05-05 10:56:54,548 [AppLog] INFO : PASS打印前关键状态：DEV_GetDeviceInfo2：nLayerIndex{12}nPassID{5}LPPRINTER_INFO:nXSysEncDPI{0}nStatus{0}nPrintStatus{0}bSuperDevice{0}
LPPRINTER_INFO-LPPrtRunInfo:bJobPrtRuning{False}bLayerPrtIsOver{False}nContReqMemErr{0}nContWDErr{0}nCurPrtDir{0}nDTLayerIndex{0}nDTLayerPassIndex{0}nDTPtrCtlIndex{0}nLayerPassCount{0}nPrintLayerIndex{0}nPrintPassIndex{0}nProcLayerIndex{0}nPrtDataMemAddr{0}nPrtState{0}nReverse{System.Int32[]}nRevPrtCols{0}
LPPRINTER_INFO-LPDRVINFO:nFMVersion{0}nFpgaVersion{0}nPCBVersion{0}nState{0}nNextState{0}nPtvwarnState{0}nCrc32{0}nRevInfo{System.UInt32[]}nSignature{0}
2023-05-05 10:56:54,548 [AppLog] INFO : 创建：AutoPrintMotion1=》不需重新创建-手动操作！
2023-05-05 10:56:54,548 [AppLog] INFO : 进入：EquipmentMotionLogic3=》准备创建对象-手动操作！
2023-05-05 10:56:54,548 [AppLog] INFO : 进入：EquipmentMotionLogic3=》不需重新创建-手动操作！
2023-05-05 10:56:54,548 [AppLog] INFO : 进入：EquipmentMotionLogic3=》赋值完成自-AutoPrintMotion2！
2023-05-05 10:56:54,548 [AppLog] INFO : 进入：EquipmentMotionLogic3=》加载配置文件-LoadJsonFile成功！
2023-05-05 10:56:54,548 [AppLog] INFO : 进入：AutoPrintThread3！
2023-05-05 10:56:54,548 [AppLog] INFO : 准备读取编码器位置：X方向！
2023-05-05 10:56:54,548 [AppLog] INFO : 准备运动，当前位置：DEV_GetPrintEncoderValue：MoveDirectionFlag{false为Y方向：False}CurrentPos{26.745}AimPos{425}
2023-05-05 10:56:54,580 [AppLog] INFO : X方向运动开始：DEM_Run：返回值{True}nAxis{0}DirFlag{True}nSpeed{300000}MoveStep{398255}nCtlValue{2}
2023-05-05 10:56:56,452 [AppLog] INFO : X方向到位停止：DEM_StopAxisRun：返回值{True}CurrentPos{418.325}bImmeStop{False}nAxisMask{1}
2023-05-05 10:56:56,452 [AppLog] INFO : 准备读取编码器位置：X方向！
2023-05-05 10:56:56,452 [AppLog] INFO : 准备运动，当前位置：DEV_GetPrintEncoderValue：MoveDirectionFlag{false为Y方向：False}CurrentPos{418.425}AimPos{780}
2023-05-05 10:56:56,483 [AppLog] INFO : X方向运动开始：DEM_Run：返回值{True}nAxis{0}DirFlag{True}nSpeed{300000}MoveStep{361575}nCtlValue{2}
2023-05-05 10:56:56,545 [AppLog] INFO : 准备读取编码器位置：Y方向！
2023-05-05 10:56:56,545 [AppLog] INFO : 准备运动，编码器当前位置：DEM_GetAxisEncodeVal：MoveDirectionFlag{false为Y方向：True}CurrentPos{206.53}AimPos{121}
2023-05-05 10:56:56,888 [AppLog] INFO : Y方向运动开始：DEM_Run：返回值{True}nAxis{1}DirFlag{False}nSpeed{300000}MoveStep{-85691.73723}nCtlValue{1}
2023-05-05 10:56:58,246 [AppLog] INFO : Y方向到位等停：DEM_StopAxisRun：返回值{True}bImmeStop{False}nAxisMask{1}
2023-05-05 10:56:58,261 [AppLog] INFO : X方向到位等停：DEM_StopAxisRun：返回值{True}bImmeStop{False}nAxisMask{2}
2023-05-05 10:56:58,277 [AppLog] INFO : 开启闪喷操作：IDP_FlashPrtCtl：返回值{True}
2023-05-05 10:56:58,277 [AppLog] INFO : 进入：EquipmentMotionLogic3=》准备创建对象-手动操作！
2023-05-05 10:56:58,277 [AppLog] INFO : 进入：EquipmentMotionLogic3=》不需重新创建-手动操作！
2023-05-05 10:56:58,277 [AppLog] INFO : 进入：EquipmentMotionLogic3=》赋值完成自-AutoPrintMotion2！
2023-05-05 10:56:58,277 [AppLog] INFO : 进入：EquipmentMotionLogic3=》加载配置文件-LoadJsonFile成功！
2023-05-05 10:56:58,277 [AppLog] INFO : 进入自动铺粉逻辑：NewAutoSupplyPowderThread2
2023-05-05 10:56:58,370 [AppLog] INFO : 手动正向点动指令（8轴运控板卡系统） ====》：输出AXIS{第1轴},点动量{-0.13MM},运动速度{2MM/s}
2023-05-05 10:56:58,370 [AppLog] INFO : 成形面高度下降层厚 TrapSpace{0.13mm}：TrapMoveUp(1, true, Convert.ToString(vel), Convert.ToString(TrapSpace), true, true）
2023-05-05 10:56:59,135 [AppLog] INFO : 手动正向点动指令（8轴运控板卡系统） ====》：输出AXIS{第1轴},点动量{-1.5MM},运动速度{2MM/s}
2023-05-05 10:56:59,135 [AppLog] INFO : 成形面高度下降指定厚度 TrapSpace{1.5mm}：TrapMoveUp(1, true, Convert.ToString(vel), Convert.ToString(TrapSpace), true, true）
2023-05-05 10:56:59,915 [AppLog] INFO : 手动正向点动指令（8轴运控板卡系统） ====》：输出AXIS{第1轴},点动量{1.5MM},运动速度{2MM/s}
2023-05-05 10:56:59,915 [AppLog] INFO : 成形面高度上升层厚 TrapSpace{1.5mm}：TrapMoveUp(1, true, Convert.ToString(vel), Convert.ToString(TrapSpace), true, true）
2023-05-05 10:57:00,118 [AppLog] INFO : 手动正向点动指令（8轴运控板卡系统） ====》：输出AXIS{第8轴},点动量{0.5MM},运动速度{2.5MM/s}
2023-05-05 10:57:00,118 [AppLog] INFO : Hopper落粉轴转2圈落粉，速度0.5rev/s：TrapMoveUp(8, true, 0.5, rotateNuM.ToString(), true, false)
2023-05-05 10:57:01,147 [AppLog] INFO : 开启铺粉车不等停运动，准备运动至准备打印位置215mm，速度250mm/s：BackToStation2
2023-05-05 10:57:02,005 [AppLog] INFO : 手动正向点动指令（8轴运控板卡系统） ====》：输出AXIS{第2轴},点动量{216.5MM},运动速度{250MM/s}
2023-05-05 10:57:02,005 [AppLog] INFO : 当前铺粉车位置：打印位置215mm
2023-05-05 10:57:02,005 [AppLog] INFO : 手动正向点动指令（8轴运控板卡系统） ====》：输出AXIS{第2轴},点动量{480MM},运动速度{25MM/s}
2023-05-05 10:57:02,005 [AppLog] INFO : 开启铺粉车不等停运动至准备打印位置695mm，速度25mm/s：BackToStation2
2023-05-05 10:57:02,130 [AppLog] INFO : 打开IR灯：OpenIRLamp(true)
2023-05-05 10:57:02,270 [AppLog] INFO : 手动正向点动指令（8轴运控板卡系统） ====》：输出AXIS{第3轴},点动量{0.125MM},运动速度{1MM/s}
2023-05-05 10:57:02,270 [AppLog] INFO : 在{40mm}处，落粉轴运动{45度}，落粉轴转速{1rev/s}：TrapMoveUp(3, true, Convert.ToString(DispenseRollerSpeed), 0.5, true, true)
2023-05-05 10:57:02,270 [AppLog] INFO : 手动正向点动指令（8轴运控板卡系统） ====》：输出AXIS{第3轴},点动量{0.5MM},运动速度{0.0376712328767123MM/s}
2023-05-05 10:57:02,270 [AppLog] INFO : 开启均匀落粉及辊子铺平运动：TrapMoveUp(3, true, Convert.ToString(DispenseRollerSpeed), 0.5, true, true)
2023-05-05 10:57:13,939 [AppLog] INFO : 关闭IR灯：OpenIRLamp(false)
2023-05-05 10:57:18,479 [AppLog] INFO : 手动正向点动指令（8轴运控板卡系统） ====》：输出AXIS{第3轴},点动量{0.5MM},运动速度{2MM/s}
2023-05-05 10:57:18,479 [AppLog] INFO : 落粉轴继续转动以倒掉余粉：TrapMoveUp(3, true, 2, 0.5, true, false)
2023-05-05 10:57:21,989 [AppLog] INFO : 手动正向点动指令（8轴运控板卡系统） ====》：输出AXIS{第1轴},点动量{-1.5MM},运动速度{2MM/s}
2023-05-05 10:57:21,989 [AppLog] INFO : 成形面高度下降指定厚度 TrapSpace{1.5mm}：TrapMoveUp(1, true, Convert.ToString(vel), Convert.ToString(TrapSpace), true, true）
2023-05-05 10:57:24,781 [AppLog] INFO : 手动正向点动指令（8轴运控板卡系统） ====》：输出AXIS{第2轴},点动量{-696.5MM},运动速度{250MM/s}
2023-05-05 10:57:24,781 [AppLog] INFO : 铺粉车返回至站1：BackToStation2(AimPos, MovSpeed, true)：-1.5mm，速度250mm/s：BackToStation2
2023-05-05 10:57:25,561 [AppLog] INFO : 落粉轴回零成功：motionMap.SetBackSpreaderAxis(3, 0.5, 2, -SinkPosition)：ReturnCode{True}
2023-05-05 10:57:26,326 [AppLog] INFO : 手动正向点动指令（8轴运控板卡系统） ====》：输出AXIS{第1轴},点动量{1.5MM},运动速度{2MM/s}
2023-05-05 10:57:26,326 [AppLog] INFO : 成形面高度上升层厚 TrapSpace{1.5mm}：TrapMoveUp(1, true, Convert.ToString(vel), Convert.ToString(TrapSpace), true, true）
2023-05-05 10:57:26,326 [AppLog] INFO : 自动铺粉正常结束：NewAutoSupplyPowderThread2
2023-05-05 10:57:26,326 [AppLog] INFO : 发送监控指令，拍照记录1条：SendMessageFromSharedMemory
2023-05-05 10:57:26,326 [AppLog] INFO : 执行完成铺粉固化操作：EquipmentMotionLogic3：m_bApplyPowderSupplyMotion:0
2023-05-05 10:57:26,326 [AppLog] INFO : 接收到恢复打印指令：PrintTaskTHREAD
2023-05-05 10:57:26,326 [AppLog] INFO : 获取打印Pass数据：IDP_GetPassItem2：nLayerIndex{13}nPassID{0}nProcState{3}LPPassDataItemb:PrtDir{False}nDataTxCompleteCnt{1}nHwMemAdrMatchMask{1}nLayerIndex{13}nLayerPassCount{6}nLayerPassIndex{0}nMinJet0ImgLinePos{355}nPrtMemHwAddr{System.UInt32[]}nPrtDataOffset{System.UInt32[]}nSrcDataSize{System.UInt32[]}nPrtColBytes{System.UInt32[]}nPrtPrecession{8}nSrcEndCols{8000}nSrcStartCols{0}nStartEncPos{76512}nValidPassJets{1280}nValidPrtCols{8310}nValidPrtCtlCnts{1}pDataBuf{0}pNextItem{683144544}
2023-05-05 10:57:26,341 [AppLog] INFO : 使能Pass打印成功：IDP_DoPassPrint2：nLayerIndex{13}nPassID{0}
2023-05-05 10:57:26,341 [AppLog] INFO : PASS打印前关键状态：DEV_GetDeviceInfo2：nLayerIndex{13}nPassID{0}LPPRINTER_INFO:nXSysEncDPI{0}nStatus{0}nPrintStatus{0}bSuperDevice{0}
LPPRINTER_INFO-LPPrtRunInfo:bJobPrtRuning{False}bLayerPrtIsOver{False}nContReqMemErr{0}nContWDErr{0}nCurPrtDir{0}nDTLayerIndex{0}nDTLayerPassIndex{0}nDTPtrCtlIndex{0}nLayerPassCount{0}nPrintLayerIndex{0}nPrintPassIndex{0}nProcLayerIndex{0}nPrtDataMemAddr{0}nPrtState{0}nReverse{System.Int32[]}nRevPrtCols{0}
LPPRINTER_INFO-LPDRVINFO:nFMVersion{0}nFpgaVersion{0}nPCBVersion{0}nState{0}nNextState{0}nPtvwarnState{0}nCrc32{0}nRevInfo{System.UInt32[]}nSignature{0}
2023-05-05 10:57:26,341 [AppLog] INFO : 创建：AutoPrintMotion1=》不需重新创建-手动操作！
2023-05-05 10:57:26,341 [AppLog] INFO : 进入：EquipmentMotionLogic3=》准备创建对象-手动操作！
2023-05-05 10:57:26,341 [AppLog] INFO : 进入：EquipmentMotionLogic3=》不需重新创建-手动操作！
2023-05-05 10:57:26,341 [AppLog] INFO : 进入：EquipmentMotionLogic3=》赋值完成自-AutoPrintMotion2！
2023-05-05 10:57:26,341 [AppLog] INFO : 进入：EquipmentMotionLogic3=》加载配置文件-LoadJsonFile成功！
2023-05-05 10:57:26,341 [AppLog] INFO : 进入自动清洗过程：AutoCleanThread
2023-05-05 10:57:26,716 [AppLog] INFO : 刮墨轴回零成功：motionMap.SetBackSpreaderAxis(4, 1, 2, -SinkHomePosition)
2023-05-05 10:57:26,716 [AppLog] INFO : 准备读取编码器位置：Y方向！
2023-05-05 10:57:26,731 [AppLog] INFO : 准备运动，编码器当前位置：DEM_GetAxisEncodeVal：MoveDirectionFlag{false为Y方向：True}CurrentPos{121.075}AimPos{116}
2023-05-05 10:57:26,778 [AppLog] INFO : 准备处理第14层数据：准备调用RenderToWic，index为14，subindex为0，g_nRePrintTimes为1，起始层为0
2023-05-05 10:57:26,856 [AppLog] INFO : Y方向运动开始：DEM_Run：返回值{True}nAxis{1}DirFlag{False}nSpeed{300000}MoveStep{-5084.596825}nCtlValue{1}
2023-05-05 10:57:26,856 [AppLog] INFO : 完成处理第14层数据：准备调用DrawLayerBMP，index为14，起始层为0
2023-05-05 10:57:26,856 [AppLog] INFO : 完成处理第14层数据：准备调用DrawLayerBMP，index为14，起始层为0
2023-05-05 10:57:26,919 [AppLog] INFO : Y方向到位停止：DEM_StopAxisRun：返回值{True}CurrentPos{116.49}bImmeStop{False}nAxisMask{2}
2023-05-05 10:57:26,919 [AppLog] INFO : 准备读取编码器位置：X方向！
2023-05-05 10:57:26,934 [AppLog] INFO : 准备运动，当前位置：DEV_GetPrintEncoderValue：MoveDirectionFlag{false为Y方向：False}CurrentPos{784.82}AimPos{780}
2023-05-05 10:57:26,965 [AppLog] INFO : X方向运动开始：DEM_Run：返回值{True}nAxis{0}DirFlag{False}nSpeed{300000}MoveStep{-4820.00000000005}nCtlValue{2}
2023-05-05 10:57:27,137 [AppLog] INFO : X方向到位停止：DEM_StopAxisRun：返回值{True}CurrentPos{783.39}bImmeStop{False}nAxisMask{1}
2023-05-05 10:57:27,355 [AppLog] INFO : 作业写入成功：IDP_WriteImgLayerData：bpp:{1bit}灰阶:{1阶}nLayerIndex{15}LayerIndex{14}SubIndex{1}RePrintTimes{1}nBytesPerLine{1004}nWidth{8001}nHeight{7680}nXEncOff{0}nYJetOff{355}nImgStartJetIndex{0}nXDPI{635}nYDPI{600}nPrtDir{0} nPrtFlag{1}nColorCnts{1}nReserved{System.Int32[]}
2023-05-05 10:57:27,355 [AppLog] INFO : 完成处理第14层数据：准备调用RenderToWic，index为14，subindex为0，g_nRePrintTimes为1，起始层为0
2023-05-05 10:57:28,120 [AppLog] INFO : 开启闪喷： IDP_FlashPrtCtl(true)：ReturnCode{True}
2023-05-05 10:57:28,120 [AppLog] INFO : 开启压墨： motionMap.SetDo(13, true)
2023-05-05 10:57:30,132 [AppLog] INFO : 关闭压墨： motionMap.SetDo(13, true)
2023-05-05 10:57:30,132 [AppLog] INFO : 压墨等待开启：{3S}
2023-05-05 10:57:33,143 [AppLog] INFO : 压墨等待完成：{3S}
2023-05-05 10:57:33,159 [AppLog] INFO : 开启闪喷： IDP_FlashPrtCtl(false)：ReturnCode{True}
2023-05-05 10:57:33,159 [AppLog] INFO : 准备读取编码器位置：X方向！
2023-05-05 10:57:33,159 [AppLog] INFO : 准备运动，当前位置：DEV_GetPrintEncoderValue：MoveDirectionFlag{false为Y方向：False}CurrentPos{780.38}AimPos{680}
2023-05-05 10:57:33,205 [AppLog] INFO : X方向运动开始：DEM_Run：返回值{True}nAxis{0}DirFlag{False}nSpeed{200000}MoveStep{-100380}nCtlValue{2}
2023-05-05 10:57:34,063 [AppLog] INFO : X方向到位停止：DEM_StopAxisRun：返回值{True}CurrentPos{684.44}bImmeStop{False}nAxisMask{1}
2023-05-05 10:57:34,516 [AppLog] INFO : 结束自动清洗过程：AutoCleanThread
2023-05-05 10:57:34,516 [AppLog] INFO : 进入：EquipmentMotionLogic3=》准备创建对象-手动操作！
2023-05-05 10:57:34,516 [AppLog] INFO : 进入：EquipmentMotionLogic3=》不需重新创建-手动操作！
2023-05-05 10:57:34,516 [AppLog] INFO : 进入：EquipmentMotionLogic3=》赋值完成自-AutoPrintMotion2！
2023-05-05 10:57:34,516 [AppLog] INFO : 进入：EquipmentMotionLogic3=》加载配置文件-LoadJsonFile成功！
2023-05-05 10:57:34,516 [AppLog] INFO : 进入：AutoPrintThread3！
2023-05-05 10:57:34,516 [AppLog] INFO : 关闭闪喷操作：IDP_FlashPrtCtl：返回值{True}
2023-05-05 10:57:34,516 [AppLog] INFO : 准备读取编码器位置：Y方向！
2023-05-05 10:57:34,516 [AppLog] INFO : 准备运动，编码器当前位置：DEM_GetAxisEncodeVal：MoveDirectionFlag{false为Y方向：True}CurrentPos{115.98}AimPos{88.5}
2023-05-05 10:57:34,641 [AppLog] INFO : Y方向运动开始：DEM_Run：返回值{True}nAxis{1}DirFlag{False}nSpeed{300000}MoveStep{-27531.96468}nCtlValue{1}
2023-05-05 10:57:34,703 [AppLog] INFO : 准备读取编码器位置：X方向！
2023-05-05 10:57:34,703 [AppLog] INFO : 准备运动，当前位置：DEV_GetPrintEncoderValue：MoveDirectionFlag{false为Y方向：False}CurrentPos{680.335}AimPos{425}
2023-05-05 10:57:34,734 [AppLog] INFO : X方向运动开始：DEM_Run：返回值{True}nAxis{0}DirFlag{False}nSpeed{300000}MoveStep{-255335}nCtlValue{2}
2023-05-05 10:57:36,138 [AppLog] INFO : X方向到位停止：DEM_StopAxisRun：返回值{True}CurrentPos{429.49}bImmeStop{False}nAxisMask{1}
2023-05-05 10:57:36,138 [AppLog] INFO : 准备读取编码器位置：X方向！
2023-05-05 10:57:36,138 [AppLog] INFO : 准备运动，当前位置：DEV_GetPrintEncoderValue：MoveDirectionFlag{false为Y方向：False}CurrentPos{429.4}AimPos{25}
2023-05-05 10:57:36,169 [AppLog] INFO : X方向运动开始：DEM_Run：返回值{True}nAxis{0}DirFlag{False}nSpeed{300000}MoveStep{-404400}nCtlValue{2}
2023-05-05 10:57:38,073 [AppLog] INFO : X方向到位停止：DEM_StopAxisRun：返回值{True}CurrentPos{25.045}bImmeStop{False}nAxisMask{1}
2023-05-05 10:57:38,073 [AppLog] INFO : 准备读取编码器位置：Y方向！
2023-05-05 10:57:38,073 [AppLog] INFO : 准备运动，编码器当前位置：DEM_GetAxisEncodeVal：MoveDirectionFlag{false为Y方向：True}CurrentPos{88.475}AimPos{103.521166666667}
2023-05-05 10:57:38,197 [AppLog] INFO : Y方向运动开始：DEM_Run：返回值{True}nAxis{1}DirFlag{True}nSpeed{300000}MoveStep{15074.6189678333}nCtlValue{1}
2023-05-05 10:57:38,260 [AppLog] INFO : Y方向到位停止：DEM_StopAxisRun：返回值{True}CurrentPos{101.105}bImmeStop{False}nAxisMask{2}
2023-05-05 10:57:38,260 [AppLog] INFO : 获取打印Pass数据：IDP_GetPassItem2：nLayerIndex{13}nPassID{1}nProcState{3}LPPassDataItemb:PrtDir{True}nDataTxCompleteCnt{1}nHwMemAdrMatchMask{1}nLayerIndex{13}nLayerPassCount{6}nLayerPassIndex{1}nMinJet0ImgLinePos{1635}nPrtMemHwAddr{System.UInt32[]}nPrtDataOffset{System.UInt32[]}nSrcDataSize{System.UInt32[]}nPrtColBytes{System.UInt32[]}nPrtPrecession{8}nSrcEndCols{8000}nSrcStartCols{0}nStartEncPos{10000}nValidPassJets{1280}nValidPrtCols{8310}nValidPrtCtlCnts{1}pDataBuf{0}pNextItem{683144704}
2023-05-05 10:57:38,275 [AppLog] INFO : 使能Pass打印成功：IDP_DoPassPrint2：nLayerIndex{13}nPassID{1}
2023-05-05 10:57:38,275 [AppLog] INFO : PASS打印前关键状态：DEV_GetDeviceInfo2：nLayerIndex{13}nPassID{1}LPPRINTER_INFO:nXSysEncDPI{0}nStatus{0}nPrintStatus{0}bSuperDevice{0}
LPPRINTER_INFO-LPPrtRunInfo:bJobPrtRuning{False}bLayerPrtIsOver{False}nContReqMemErr{0}nContWDErr{0}nCurPrtDir{0}nDTLayerIndex{0}nDTLayerPassIndex{0}nDTPtrCtlIndex{0}nLayerPassCount{0}nPrintLayerIndex{0}nPrintPassIndex{0}nProcLayerIndex{0}nPrtDataMemAddr{0}nPrtState{0}nReverse{System.Int32[]}nRevPrtCols{0}
LPPRINTER_INFO-LPDRVINFO:nFMVersion{0}nFpgaVersion{0}nPCBVersion{0}nState{0}nNextState{0}nPtvwarnState{0}nCrc32{0}nRevInfo{System.UInt32[]}nSignature{0}
2023-05-05 10:57:38,275 [AppLog] INFO : 创建：AutoPrintMotion1=》不需重新创建-手动操作！
2023-05-05 10:57:38,275 [AppLog] INFO : 进入：EquipmentMotionLogic3=》准备创建对象-手动操作！
2023-05-05 10:57:38,275 [AppLog] INFO : 进入：EquipmentMotionLogic3=》不需重新创建-手动操作！
2023-05-05 10:57:38,275 [AppLog] INFO : 进入：EquipmentMotionLogic3=》赋值完成自-AutoPrintMotion2！
2023-05-05 10:57:38,275 [AppLog] INFO : 进入：EquipmentMotionLogic3=》加载配置文件-LoadJsonFile成功！
2023-05-05 10:57:38,275 [AppLog] INFO : 进入：AutoPrintThread3！
2023-05-05 10:57:38,275 [AppLog] INFO : 准备读取编码器位置：X方向！
2023-05-05 10:57:38,275 [AppLog] INFO : 准备运动，当前位置：DEV_GetPrintEncoderValue：MoveDirectionFlag{false为Y方向：False}CurrentPos{21.635}AimPos{425}
2023-05-05 10:57:38,307 [AppLog] INFO : X方向运动开始：DEM_Run：返回值{True}nAxis{0}DirFlag{True}nSpeed{300000}MoveStep{403365}nCtlValue{2}
2023-05-05 10:57:40,194 [AppLog] INFO : X方向到位停止：DEM_StopAxisRun：返回值{True}CurrentPos{418.965}bImmeStop{False}nAxisMask{1}
2023-05-05 10:57:40,194 [AppLog] INFO : 准备读取编码器位置：Y方向！
2023-05-05 10:57:40,194 [AppLog] INFO : 准备运动，编码器当前位置：DEM_GetAxisEncodeVal：MoveDirectionFlag{false为Y方向：True}CurrentPos{103.465}AimPos{142.5}
2023-05-05 10:57:40,366 [AppLog] INFO : Y方向运动开始：DEM_Run：返回值{True}nAxis{1}DirFlag{True}nSpeed{300000}MoveStep{39108.815185}nCtlValue{1}
2023-05-05 10:57:40,428 [AppLog] INFO : Y方向到位停止：DEM_StopAxisRun：返回值{True}CurrentPos{134.71}bImmeStop{False}nAxisMask{2}
2023-05-05 10:57:40,428 [AppLog] INFO : 获取打印Pass数据：IDP_GetPassItem2：nLayerIndex{13}nPassID{2}nProcState{3}LPPassDataItemb:PrtDir{False}nDataTxCompleteCnt{1}nHwMemAdrMatchMask{1}nLayerIndex{13}nLayerPassCount{6}nLayerPassIndex{2}nMinJet0ImgLinePos{2915}nPrtMemHwAddr{System.UInt32[]}nPrtDataOffset{System.UInt32[]}nSrcDataSize{System.UInt32[]}nPrtColBytes{System.UInt32[]}nPrtPrecession{8}nSrcEndCols{8000}nSrcStartCols{0}nStartEncPos{76512}nValidPassJets{1280}nValidPrtCols{8310}nValidPrtCtlCnts{1}pDataBuf{0}pNextItem{683144864}
2023-05-05 10:57:40,444 [AppLog] INFO : 使能Pass打印成功：IDP_DoPassPrint2：nLayerIndex{13}nPassID{2}
2023-05-05 10:57:40,444 [AppLog] INFO : PASS打印前关键状态：DEV_GetDeviceInfo2：nLayerIndex{13}nPassID{2}LPPRINTER_INFO:nXSysEncDPI{0}nStatus{0}nPrintStatus{0}bSuperDevice{0}
LPPRINTER_INFO-LPPrtRunInfo:bJobPrtRuning{False}bLayerPrtIsOver{False}nContReqMemErr{0}nContWDErr{0}nCurPrtDir{0}nDTLayerIndex{0}nDTLayerPassIndex{0}nDTPtrCtlIndex{0}nLayerPassCount{0}nPrintLayerIndex{0}nPrintPassIndex{0}nProcLayerIndex{0}nPrtDataMemAddr{0}nPrtState{0}nReverse{System.Int32[]}nRevPrtCols{0}
LPPRINTER_INFO-LPDRVINFO:nFMVersion{0}nFpgaVersion{0}nPCBVersion{0}nState{0}nNextState{0}nPtvwarnState{0}nCrc32{0}nRevInfo{System.UInt32[]}nSignature{0}
2023-05-05 10:57:40,444 [AppLog] INFO : 创建：AutoPrintMotion1=》不需重新创建-手动操作！
2023-05-05 10:57:40,444 [AppLog] INFO : 进入：EquipmentMotionLogic3=》准备创建对象-手动操作！
2023-05-05 10:57:40,444 [AppLog] INFO : 进入：EquipmentMotionLogic3=》不需重新创建-手动操作！
2023-05-05 10:57:40,444 [AppLog] INFO : 进入：EquipmentMotionLogic3=》赋值完成自-AutoPrintMotion2！
2023-05-05 10:57:40,444 [AppLog] INFO : 进入：EquipmentMotionLogic3=》加载配置文件-LoadJsonFile成功！
2023-05-05 10:57:40,444 [AppLog] INFO : 进入：AutoPrintThread3！
2023-05-05 10:57:40,444 [AppLog] INFO : 准备读取编码器位置：X方向！
2023-05-05 10:57:40,444 [AppLog] INFO : 准备运动，当前位置：DEV_GetPrintEncoderValue：MoveDirectionFlag{false为Y方向：False}CurrentPos{423.28}AimPos{25}
2023-05-05 10:57:40,475 [AppLog] INFO : X方向运动开始：DEM_Run：返回值{True}nAxis{0}DirFlag{False}nSpeed{300000}MoveStep{-398280}nCtlValue{2}
2023-05-05 10:57:42,347 [AppLog] INFO : X方向到位停止：DEM_StopAxisRun：返回值{True}CurrentPos{30.215}bImmeStop{False}nAxisMask{1}
2023-05-05 10:57:42,347 [AppLog] INFO : 准备读取编码器位置：Y方向！
2023-05-05 10:57:42,363 [AppLog] INFO : 准备运动，编码器当前位置：DEM_GetAxisEncodeVal：MoveDirectionFlag{false为Y方向：True}CurrentPos{142.515}AimPos{157.521166666667}
2023-05-05 10:57:42,487 [AppLog] INFO : Y方向运动开始：DEM_Run：返回值{True}nAxis{1}DirFlag{True}nSpeed{300000}MoveStep{15034.5433278333}nCtlValue{1}
2023-05-05 10:57:42,550 [AppLog] INFO : Y方向到位停止：DEM_StopAxisRun：返回值{True}CurrentPos{155.255}bImmeStop{False}nAxisMask{2}
2023-05-05 10:57:42,550 [AppLog] INFO : 获取打印Pass数据：IDP_GetPassItem2：nLayerIndex{13}nPassID{3}nProcState{3}LPPassDataItemb:PrtDir{True}nDataTxCompleteCnt{1}nHwMemAdrMatchMask{1}nLayerIndex{13}nLayerPassCount{6}nLayerPassIndex{3}nMinJet0ImgLinePos{4195}nPrtMemHwAddr{System.UInt32[]}nPrtDataOffset{System.UInt32[]}nSrcDataSize{System.UInt32[]}nPrtColBytes{System.UInt32[]}nPrtPrecession{8}nSrcEndCols{8000}nSrcStartCols{0}nStartEncPos{10000}nValidPassJets{1280}nValidPrtCols{8310}nValidPrtCtlCnts{1}pDataBuf{0}pNextItem{683145024}
2023-05-05 10:57:42,550 [AppLog] INFO : 使能Pass打印成功：IDP_DoPassPrint2：nLayerIndex{13}nPassID{3}
2023-05-05 10:57:42,565 [AppLog] INFO : PASS打印前关键状态：DEV_GetDeviceInfo2：nLayerIndex{13}nPassID{3}LPPRINTER_INFO:nXSysEncDPI{0}nStatus{0}nPrintStatus{0}bSuperDevice{0}
LPPRINTER_INFO-LPPrtRunInfo:bJobPrtRuning{False}bLayerPrtIsOver{False}nContReqMemErr{0}nContWDErr{0}nCurPrtDir{0}nDTLayerIndex{0}nDTLayerPassIndex{0}nDTPtrCtlIndex{0}nLayerPassCount{0}nPrintLayerIndex{0}nPrintPassIndex{0}nProcLayerIndex{0}nPrtDataMemAddr{0}nPrtState{0}nReverse{System.Int32[]}nRevPrtCols{0}
LPPRINTER_INFO-LPDRVINFO:nFMVersion{0}nFpgaVersion{0}nPCBVersion{0}nState{0}nNextState{0}nPtvwarnState{0}nCrc32{0}nRevInfo{System.UInt32[]}nSignature{0}
2023-05-05 10:57:42,565 [AppLog] INFO : 创建：AutoPrintMotion1=》不需重新创建-手动操作！
2023-05-05 10:57:42,565 [AppLog] INFO : 进入：EquipmentMotionLogic3=》准备创建对象-手动操作！
2023-05-05 10:57:42,565 [AppLog] INFO : 进入：EquipmentMotionLogic3=》不需重新创建-手动操作！
2023-05-05 10:57:42,565 [AppLog] INFO : 进入：EquipmentMotionLogic3=》赋值完成自-AutoPrintMotion2！
2023-05-05 10:57:42,565 [AppLog] INFO : 进入：EquipmentMotionLogic3=》加载配置文件-LoadJsonFile成功！
2023-05-05 10:57:42,565 [AppLog] INFO : 进入：AutoPrintThread3！
2023-05-05 10:57:42,565 [AppLog] INFO : 准备读取编码器位置：X方向！
2023-05-05 10:57:42,565 [AppLog] INFO : 准备运动，当前位置：DEV_GetPrintEncoderValue：MoveDirectionFlag{false为Y方向：False}CurrentPos{26.685}AimPos{425}
2023-05-05 10:57:42,597 [AppLog] INFO : X方向运动开始：DEM_Run：返回值{True}nAxis{0}DirFlag{True}nSpeed{300000}MoveStep{398315}nCtlValue{2}
2023-05-05 10:57:44,484 [AppLog] INFO : X方向到位停止：DEM_StopAxisRun：返回值{True}CurrentPos{419.55}bImmeStop{False}nAxisMask{1}
2023-05-05 10:57:44,484 [AppLog] INFO : 准备读取编码器位置：Y方向！
2023-05-05 10:57:44,484 [AppLog] INFO : 准备运动，编码器当前位置：DEM_GetAxisEncodeVal：MoveDirectionFlag{false为Y方向：True}CurrentPos{157.475}AimPos{196.5}
2023-05-05 10:57:44,656 [AppLog] INFO : Y方向运动开始：DEM_Run：返回值{True}nAxis{1}DirFlag{True}nSpeed{300000}MoveStep{39098.796275}nCtlValue{1}
2023-05-05 10:57:44,718 [AppLog] INFO : Y方向到位停止：DEM_StopAxisRun：返回值{True}CurrentPos{188.915}bImmeStop{False}nAxisMask{2}
2023-05-05 10:57:44,718 [AppLog] INFO : 获取打印Pass数据：IDP_GetPassItem2：nLayerIndex{13}nPassID{4}nProcState{3}LPPassDataItemb:PrtDir{False}nDataTxCompleteCnt{1}nHwMemAdrMatchMask{1}nLayerIndex{13}nLayerPassCount{6}nLayerPassIndex{4}nMinJet0ImgLinePos{5475}nPrtMemHwAddr{System.UInt32[]}nPrtDataOffset{System.UInt32[]}nSrcDataSize{System.UInt32[]}nPrtColBytes{System.UInt32[]}nPrtPrecession{8}nSrcEndCols{8000}nSrcStartCols{0}nStartEncPos{76512}nValidPassJets{1280}nValidPrtCols{8310}nValidPrtCtlCnts{1}pDataBuf{0}pNextItem{683145184}
2023-05-05 10:57:44,718 [AppLog] INFO : 使能Pass打印成功：IDP_DoPassPrint2：nLayerIndex{13}nPassID{4}
2023-05-05 10:57:44,734 [AppLog] INFO : PASS打印前关键状态：DEV_GetDeviceInfo2：nLayerIndex{13}nPassID{4}LPPRINTER_INFO:nXSysEncDPI{0}nStatus{0}nPrintStatus{0}bSuperDevice{0}
LPPRINTER_INFO-LPPrtRunInfo:bJobPrtRuning{False}bLayerPrtIsOver{False}nContReqMemErr{0}nContWDErr{0}nCurPrtDir{0}nDTLayerIndex{0}nDTLayerPassIndex{0}nDTPtrCtlIndex{0}nLayerPassCount{0}nPrintLayerIndex{0}nPrintPassIndex{0}nProcLayerIndex{0}nPrtDataMemAddr{0}nPrtState{0}nReverse{System.Int32[]}nRevPrtCols{0}
LPPRINTER_INFO-LPDRVINFO:nFMVersion{0}nFpgaVersion{0}nPCBVersion{0}nState{0}nNextState{0}nPtvwarnState{0}nCrc32{0}nRevInfo{System.UInt32[]}nSignature{0}
2023-05-05 10:57:44,734 [AppLog] INFO : 创建：AutoPrintMotion1=》不需重新创建-手动操作！
2023-05-05 10:57:44,734 [AppLog] INFO : 进入：EquipmentMotionLogic3=》准备创建对象-手动操作！
2023-05-05 10:57:44,734 [AppLog] INFO : 进入：EquipmentMotionLogic3=》不需重新创建-手动操作！
2023-05-05 10:57:44,734 [AppLog] INFO : 进入：EquipmentMotionLogic3=》赋值完成自-AutoPrintMotion2！
2023-05-05 10:57:44,734 [AppLog] INFO : 进入：EquipmentMotionLogic3=》加载配置文件-LoadJsonFile成功！
2023-05-05 10:57:44,734 [AppLog] INFO : 进入：AutoPrintThread3！
2023-05-05 10:57:44,734 [AppLog] INFO : 准备读取编码器位置：X方向！
2023-05-05 10:57:44,734 [AppLog] INFO : 准备运动，当前位置：DEV_GetPrintEncoderValue：MoveDirectionFlag{false为Y方向：False}CurrentPos{423.305}AimPos{25}
2023-05-05 10:57:44,765 [AppLog] INFO : X方向运动开始：DEM_Run：返回值{True}nAxis{0}DirFlag{False}nSpeed{300000}MoveStep{-398305}nCtlValue{2}
2023-05-05 10:57:46,653 [AppLog] INFO : X方向到位停止：DEM_StopAxisRun：返回值{True}CurrentPos{30.38}bImmeStop{False}nAxisMask{1}
2023-05-05 10:57:46,653 [AppLog] INFO : 准备读取编码器位置：Y方向！
2023-05-05 10:57:46,653 [AppLog] INFO : 准备运动，编码器当前位置：DEM_GetAxisEncodeVal：MoveDirectionFlag{false为Y方向：True}CurrentPos{196.525}AimPos{211.521166666667}
2023-05-05 10:57:46,777 [AppLog] INFO : Y方向运动开始：DEM_Run：返回值{True}nAxis{1}DirFlag{True}nSpeed{300000}MoveStep{15024.5244178333}nCtlValue{1}
2023-05-05 10:57:46,840 [AppLog] INFO : Y方向到位停止：DEM_StopAxisRun：返回值{True}CurrentPos{209.485}bImmeStop{False}nAxisMask{2}
2023-05-05 10:57:46,840 [AppLog] INFO : 获取打印Pass数据：IDP_GetPassItem2：nLayerIndex{13}nPassID{5}nProcState{3}LPPassDataItemb:PrtDir{True}nDataTxCompleteCnt{1}nHwMemAdrMatchMask{1}nLayerIndex{13}nLayerPassCount{6}nLayerPassIndex{5}nMinJet0ImgLinePos{6755}nPrtMemHwAddr{System.UInt32[]}nPrtDataOffset{System.UInt32[]}nSrcDataSize{System.UInt32[]}nPrtColBytes{System.UInt32[]}nPrtPrecession{8}nSrcEndCols{8000}nSrcStartCols{0}nStartEncPos{10000}nValidPassJets{1280}nValidPrtCols{8310}nValidPrtCtlCnts{1}pDataBuf{0}pNextItem{0}
2023-05-05 10:57:46,855 [AppLog] INFO : 使能Pass打印成功：IDP_DoPassPrint2：nLayerIndex{13}nPassID{5}
2023-05-05 10:57:46,855 [AppLog] INFO : PASS打印前关键状态：DEV_GetDeviceInfo2：nLayerIndex{13}nPassID{5}LPPRINTER_INFO:nXSysEncDPI{0}nStatus{0}nPrintStatus{0}bSuperDevice{0}
LPPRINTER_INFO-LPPrtRunInfo:bJobPrtRuning{False}bLayerPrtIsOver{False}nContReqMemErr{0}nContWDErr{0}nCurPrtDir{0}nDTLayerIndex{0}nDTLayerPassIndex{0}nDTPtrCtlIndex{0}nLayerPassCount{0}nPrintLayerIndex{0}nPrintPassIndex{0}nProcLayerIndex{0}nPrtDataMemAddr{0}nPrtState{0}nReverse{System.Int32[]}nRevPrtCols{0}
LPPRINTER_INFO-LPDRVINFO:nFMVersion{0}nFpgaVersion{0}nPCBVersion{0}nState{0}nNextState{0}nPtvwarnState{0}nCrc32{0}nRevInfo{System.UInt32[]}nSignature{0}
2023-05-05 10:57:46,855 [AppLog] INFO : 创建：AutoPrintMotion1=》不需重新创建-手动操作！
2023-05-05 10:57:46,855 [AppLog] INFO : 进入：EquipmentMotionLogic3=》准备创建对象-手动操作！
2023-05-05 10:57:46,855 [AppLog] INFO : 进入：EquipmentMotionLogic3=》不需重新创建-手动操作！
2023-05-05 10:57:46,855 [AppLog] INFO : 进入：EquipmentMotionLogic3=》赋值完成自-AutoPrintMotion2！
2023-05-05 10:57:46,855 [AppLog] INFO : 进入：EquipmentMotionLogic3=》加载配置文件-LoadJsonFile成功！
2023-05-05 10:57:46,855 [AppLog] INFO : 进入：AutoPrintThread3！
2023-05-05 10:57:46,855 [AppLog] INFO : 准备读取编码器位置：X方向！
2023-05-05 10:57:46,855 [AppLog] INFO : 准备运动，当前位置：DEV_GetPrintEncoderValue：MoveDirectionFlag{false为Y方向：False}CurrentPos{26.74}AimPos{425}
2023-05-05 10:57:46,887 [AppLog] INFO : X方向运动开始：DEM_Run：返回值{True}nAxis{0}DirFlag{True}nSpeed{300000}MoveStep{398260}nCtlValue{2}
2023-05-05 10:57:48,759 [AppLog] INFO : X方向到位停止：DEM_StopAxisRun：返回值{True}CurrentPos{418.725}bImmeStop{False}nAxisMask{1}
2023-05-05 10:57:48,759 [AppLog] INFO : 准备读取编码器位置：X方向！
2023-05-05 10:57:48,759 [AppLog] INFO : 准备运动，当前位置：DEV_GetPrintEncoderValue：MoveDirectionFlag{false为Y方向：False}CurrentPos{418.815}AimPos{780}
2023-05-05 10:57:48,790 [AppLog] INFO : X方向运动开始：DEM_Run：返回值{True}nAxis{0}DirFlag{True}nSpeed{300000}MoveStep{361185}nCtlValue{2}
2023-05-05 10:57:48,852 [AppLog] INFO : 准备读取编码器位置：Y方向！
2023-05-05 10:57:48,868 [AppLog] INFO : 准备运动，编码器当前位置：DEM_GetAxisEncodeVal：MoveDirectionFlag{false为Y方向：True}CurrentPos{211.535}AimPos{121}
2023-05-05 10:57:49,211 [AppLog] INFO : Y方向运动开始：DEM_Run：返回值{True}nAxis{1}DirFlag{False}nSpeed{300000}MoveStep{-90706.201685}nCtlValue{1}
2023-05-05 10:57:50,553 [AppLog] INFO : Y方向到位等停：DEM_StopAxisRun：返回值{True}bImmeStop{False}nAxisMask{1}
2023-05-05 10:57:50,553 [AppLog] INFO : X方向到位等停：DEM_StopAxisRun：返回值{True}bImmeStop{False}nAxisMask{2}
2023-05-05 10:57:50,568 [AppLog] INFO : 开启闪喷操作：IDP_FlashPrtCtl：返回值{True}
2023-05-05 10:57:50,568 [AppLog] INFO : 进入：EquipmentMotionLogic3=》准备创建对象-手动操作！
2023-05-05 10:57:50,568 [AppLog] INFO : 进入：EquipmentMotionLogic3=》不需重新创建-手动操作！
2023-05-05 10:57:50,568 [AppLog] INFO : 进入：EquipmentMotionLogic3=》赋值完成自-AutoPrintMotion2！
2023-05-05 10:57:50,568 [AppLog] INFO : 进入：EquipmentMotionLogic3=》加载配置文件-LoadJsonFile成功！
2023-05-05 10:57:50,568 [AppLog] INFO : 进入自动铺粉逻辑：NewAutoSupplyPowderThread2
2023-05-05 10:57:50,662 [AppLog] INFO : 手动正向点动指令（8轴运控板卡系统） ====》：输出AXIS{第1轴},点动量{-0.13MM},运动速度{2MM/s}
2023-05-05 10:57:50,662 [AppLog] INFO : 成形面高度下降层厚 TrapSpace{0.13mm}：TrapMoveUp(1, true, Convert.ToString(vel), Convert.ToString(TrapSpace), true, true）
2023-05-05 10:57:51,426 [AppLog] INFO : 手动正向点动指令（8轴运控板卡系统） ====》：输出AXIS{第1轴},点动量{-1.5MM},运动速度{2MM/s}
2023-05-05 10:57:51,426 [AppLog] INFO : 成形面高度下降指定厚度 TrapSpace{1.5mm}：TrapMoveUp(1, true, Convert.ToString(vel), Convert.ToString(TrapSpace), true, true）
2023-05-05 10:57:52,206 [AppLog] INFO : 手动正向点动指令（8轴运控板卡系统） ====》：输出AXIS{第1轴},点动量{1.5MM},运动速度{2MM/s}
2023-05-05 10:57:52,206 [AppLog] INFO : 成形面高度上升层厚 TrapSpace{1.5mm}：TrapMoveUp(1, true, Convert.ToString(vel), Convert.ToString(TrapSpace), true, true）
2023-05-05 10:57:52,409 [AppLog] INFO : 手动正向点动指令（8轴运控板卡系统） ====》：输出AXIS{第8轴},点动量{0.5MM},运动速度{2.5MM/s}
2023-05-05 10:57:52,425 [AppLog] INFO : Hopper落粉轴转2圈落粉，速度0.5rev/s：TrapMoveUp(8, true, 0.5, rotateNuM.ToString(), true, false)
2023-05-05 10:57:53,439 [AppLog] INFO : 开启铺粉车不等停运动，准备运动至准备打印位置215mm，速度250mm/s：BackToStation2
2023-05-05 10:57:54,297 [AppLog] INFO : 手动正向点动指令（8轴运控板卡系统） ====》：输出AXIS{第2轴},点动量{216.5MM},运动速度{250MM/s}
2023-05-05 10:57:54,297 [AppLog] INFO : 当前铺粉车位置：打印位置215mm
2023-05-05 10:57:54,297 [AppLog] INFO : 手动正向点动指令（8轴运控板卡系统） ====》：输出AXIS{第2轴},点动量{480MM},运动速度{25MM/s}
2023-05-05 10:57:54,297 [AppLog] INFO : 开启铺粉车不等停运动至准备打印位置695mm，速度25mm/s：BackToStation2
2023-05-05 10:57:54,421 [AppLog] INFO : 打开IR灯：OpenIRLamp(true)
2023-05-05 10:57:54,546 [AppLog] INFO : 手动正向点动指令（8轴运控板卡系统） ====》：输出AXIS{第3轴},点动量{0.125MM},运动速度{1MM/s}
2023-05-05 10:57:54,546 [AppLog] INFO : 在{40mm}处，落粉轴运动{45度}，落粉轴转速{1rev/s}：TrapMoveUp(3, true, Convert.ToString(DispenseRollerSpeed), 0.5, true, true)
2023-05-05 10:57:54,546 [AppLog] INFO : 手动正向点动指令（8轴运控板卡系统） ====》：输出AXIS{第3轴},点动量{0.5MM},运动速度{0.0376712328767123MM/s}
2023-05-05 10:57:54,546 [AppLog] INFO : 开启均匀落粉及辊子铺平运动：TrapMoveUp(3, true, Convert.ToString(DispenseRollerSpeed), 0.5, true, true)
2023-05-05 10:58:06,215 [AppLog] INFO : 关闭IR灯：OpenIRLamp(false)
2023-05-05 10:58:10,770 [AppLog] INFO : 手动正向点动指令（8轴运控板卡系统） ====》：输出AXIS{第3轴},点动量{0.5MM},运动速度{2MM/s}
2023-05-05 10:58:10,770 [AppLog] INFO : 落粉轴继续转动以倒掉余粉：TrapMoveUp(3, true, 2, 0.5, true, false)
2023-05-05 10:58:14,280 [AppLog] INFO : 手动正向点动指令（8轴运控板卡系统） ====》：输出AXIS{第1轴},点动量{-1.5MM},运动速度{2MM/s}
2023-05-05 10:58:14,280 [AppLog] INFO : 成形面高度下降指定厚度 TrapSpace{1.5mm}：TrapMoveUp(1, true, Convert.ToString(vel), Convert.ToString(TrapSpace), true, true）
2023-05-05 10:58:17,073 [AppLog] INFO : 手动正向点动指令（8轴运控板卡系统） ====》：输出AXIS{第2轴},点动量{-696.5MM},运动速度{250MM/s}
2023-05-05 10:58:17,073 [AppLog] INFO : 铺粉车返回至站1：BackToStation2(AimPos, MovSpeed, true)：-1.5mm，速度250mm/s：BackToStation2
2023-05-05 10:58:17,853 [AppLog] INFO : 落粉轴回零成功：motionMap.SetBackSpreaderAxis(3, 0.5, 2, -SinkPosition)：ReturnCode{True}
2023-05-05 10:58:18,617 [AppLog] INFO : 手动正向点动指令（8轴运控板卡系统） ====》：输出AXIS{第1轴},点动量{1.5MM},运动速度{2MM/s}
2023-05-05 10:58:18,617 [AppLog] INFO : 成形面高度上升层厚 TrapSpace{1.5mm}：TrapMoveUp(1, true, Convert.ToString(vel), Convert.ToString(TrapSpace), true, true）
2023-05-05 10:58:18,617 [AppLog] INFO : 自动铺粉正常结束：NewAutoSupplyPowderThread2
2023-05-05 10:58:18,617 [AppLog] INFO : 发送监控指令，拍照记录1条：SendMessageFromSharedMemory
2023-05-05 10:58:18,617 [AppLog] INFO : 执行完成铺粉固化操作：EquipmentMotionLogic3：m_bApplyPowderSupplyMotion:0
2023-05-05 10:58:18,617 [AppLog] INFO : 接收到恢复打印指令：PrintTaskTHREAD
2023-05-05 10:58:18,633 [AppLog] INFO : 获取打印Pass数据：IDP_GetPassItem2：nLayerIndex{14}nPassID{0}nProcState{3}LPPassDataItemb:PrtDir{False}nDataTxCompleteCnt{1}nHwMemAdrMatchMask{1}nLayerIndex{14}nLayerPassCount{6}nLayerPassIndex{0}nMinJet0ImgLinePos{355}nPrtMemHwAddr{System.UInt32[]}nPrtDataOffset{System.UInt32[]}nSrcDataSize{System.UInt32[]}nPrtColBytes{System.UInt32[]}nPrtPrecession{8}nSrcEndCols{8000}nSrcStartCols{0}nStartEncPos{76512}nValidPassJets{1280}nValidPrtCols{8310}nValidPrtCtlCnts{1}pDataBuf{0}pNextItem{683145344}
2023-05-05 10:58:18,648 [AppLog] INFO : 使能Pass打印成功：IDP_DoPassPrint2：nLayerIndex{14}nPassID{0}
2023-05-05 10:58:18,648 [AppLog] INFO : PASS打印前关键状态：DEV_GetDeviceInfo2：nLayerIndex{14}nPassID{0}LPPRINTER_INFO:nXSysEncDPI{0}nStatus{0}nPrintStatus{0}bSuperDevice{0}
LPPRINTER_INFO-LPPrtRunInfo:bJobPrtRuning{False}bLayerPrtIsOver{False}nContReqMemErr{0}nContWDErr{0}nCurPrtDir{0}nDTLayerIndex{0}nDTLayerPassIndex{0}nDTPtrCtlIndex{0}nLayerPassCount{0}nPrintLayerIndex{0}nPrintPassIndex{0}nProcLayerIndex{0}nPrtDataMemAddr{0}nPrtState{0}nReverse{System.Int32[]}nRevPrtCols{0}
LPPRINTER_INFO-LPDRVINFO:nFMVersion{0}nFpgaVersion{0}nPCBVersion{0}nState{0}nNextState{0}nPtvwarnState{0}nCrc32{0}nRevInfo{System.UInt32[]}nSignature{0}
2023-05-05 10:58:18,648 [AppLog] INFO : 创建：AutoPrintMotion1=》不需重新创建-手动操作！
2023-05-05 10:58:18,648 [AppLog] INFO : 进入：EquipmentMotionLogic3=》准备创建对象-手动操作！
2023-05-05 10:58:18,648 [AppLog] INFO : 进入：EquipmentMotionLogic3=》不需重新创建-手动操作！
2023-05-05 10:58:18,648 [AppLog] INFO : 进入：EquipmentMotionLogic3=》赋值完成自-AutoPrintMotion2！
2023-05-05 10:58:18,648 [AppLog] INFO : 进入：EquipmentMotionLogic3=》加载配置文件-LoadJsonFile成功！
2023-05-05 10:58:18,648 [AppLog] INFO : 进入自动清洗过程：AutoCleanThread
2023-05-05 10:58:18,835 [AppLog] INFO : 准备处理第15层数据：准备调用RenderToWic，index为15，subindex为0，g_nRePrintTimes为1，起始层为0
2023-05-05 10:58:18,898 [AppLog] INFO : 完成处理第15层数据：准备调用DrawLayerBMP，index为15，起始层为0
2023-05-05 10:58:18,913 [AppLog] INFO : 完成处理第15层数据：准备调用DrawLayerBMP，index为15，起始层为0
2023-05-05 10:58:19,007 [AppLog] INFO : 刮墨轴回零成功：motionMap.SetBackSpreaderAxis(4, 1, 2, -SinkHomePosition)
2023-05-05 10:58:19,007 [AppLog] INFO : 准备读取编码器位置：Y方向！
2023-05-05 10:58:19,007 [AppLog] INFO : 准备运动，编码器当前位置：DEM_GetAxisEncodeVal：MoveDirectionFlag{false为Y方向：True}CurrentPos{121.085}AimPos{116}
2023-05-05 10:58:19,132 [AppLog] INFO : Y方向运动开始：DEM_Run：返回值{True}nAxis{1}DirFlag{False}nSpeed{300000}MoveStep{-5094.61573500001}nCtlValue{1}
2023-05-05 10:58:19,194 [AppLog] INFO : Y方向到位停止：DEM_StopAxisRun：返回值{True}CurrentPos{116.525}bImmeStop{False}nAxisMask{2}
2023-05-05 10:58:19,194 [AppLog] INFO : 准备读取编码器位置：X方向！
2023-05-05 10:58:19,194 [AppLog] INFO : 准备运动，当前位置：DEV_GetPrintEncoderValue：MoveDirectionFlag{false为Y方向：False}CurrentPos{784.41}AimPos{780}
2023-05-05 10:58:19,241 [AppLog] INFO : X方向运动开始：DEM_Run：返回值{True}nAxis{0}DirFlag{False}nSpeed{300000}MoveStep{-4409.99999999997}nCtlValue{2}
2023-05-05 10:58:19,366 [AppLog] INFO : 作业写入成功：IDP_WriteImgLayerData：bpp:{1bit}灰阶:{1阶}nLayerIndex{16}LayerIndex{15}SubIndex{1}RePrintTimes{1}nBytesPerLine{1004}nWidth{8001}nHeight{7680}nXEncOff{0}nYJetOff{355}nImgStartJetIndex{0}nXDPI{635}nYDPI{600}nPrtDir{0} nPrtFlag{1}nColorCnts{1}nReserved{System.Int32[]}
2023-05-05 10:58:19,366 [AppLog] INFO : 完成处理第15层数据：准备调用RenderToWic，index为15，subindex为0，g_nRePrintTimes为1，起始层为0
2023-05-05 10:58:19,522 [AppLog] INFO : X方向到位停止：DEM_StopAxisRun：返回值{True}CurrentPos{780.58}bImmeStop{False}nAxisMask{1}
2023-05-05 10:58:20,505 [AppLog] INFO : 开启闪喷： IDP_FlashPrtCtl(true)：ReturnCode{True}
2023-05-05 10:58:20,505 [AppLog] INFO : 开启压墨： motionMap.SetDo(13, true)
2023-05-05 10:58:22,517 [AppLog] INFO : 关闭压墨： motionMap.SetDo(13, true)
2023-05-05 10:58:22,517 [AppLog] INFO : 压墨等待开启：{3S}
2023-05-05 10:58:25,528 [AppLog] INFO : 压墨等待完成：{3S}
2023-05-05 10:58:25,528 [AppLog] INFO : 开启闪喷： IDP_FlashPrtCtl(false)：ReturnCode{True}
2023-05-05 10:58:25,528 [AppLog] INFO : 准备读取编码器位置：X方向！
2023-05-05 10:58:25,528 [AppLog] INFO : 准备运动，当前位置：DEV_GetPrintEncoderValue：MoveDirectionFlag{false为Y方向：False}CurrentPos{780.39}AimPos{680}
2023-05-05 10:58:25,559 [AppLog] INFO : X方向运动开始：DEM_Run：返回值{True}nAxis{0}DirFlag{False}nSpeed{200000}MoveStep{-100390}nCtlValue{2}
2023-05-05 10:58:26,417 [AppLog] INFO : X方向到位停止：DEM_StopAxisRun：返回值{True}CurrentPos{684.47}bImmeStop{False}nAxisMask{1}
2023-05-05 10:58:26,869 [AppLog] INFO : 结束自动清洗过程：AutoCleanThread
2023-05-05 10:58:26,869 [AppLog] INFO : 进入：EquipmentMotionLogic3=》准备创建对象-手动操作！
2023-05-05 10:58:26,869 [AppLog] INFO : 进入：EquipmentMotionLogic3=》不需重新创建-手动操作！
2023-05-05 10:58:26,869 [AppLog] INFO : 进入：EquipmentMotionLogic3=》赋值完成自-AutoPrintMotion2！
2023-05-05 10:58:26,869 [AppLog] INFO : 进入：EquipmentMotionLogic3=》加载配置文件-LoadJsonFile成功！
2023-05-05 10:58:26,869 [AppLog] INFO : 进入：AutoPrintThread3！
2023-05-05 10:58:26,869 [AppLog] INFO : 关闭闪喷操作：IDP_FlashPrtCtl：返回值{True}
2023-05-05 10:58:26,869 [AppLog] INFO : 准备读取编码器位置：Y方向！
2023-05-05 10:58:26,869 [AppLog] INFO : 准备运动，编码器当前位置：DEM_GetAxisEncodeVal：MoveDirectionFlag{false为Y方向：True}CurrentPos{115.98}AimPos{91}
2023-05-05 10:58:26,994 [AppLog] INFO : Y方向运动开始：DEM_Run：返回值{True}nAxis{1}DirFlag{False}nSpeed{300000}MoveStep{-25027.23718}nCtlValue{1}
2023-05-05 10:58:27,057 [AppLog] INFO : 准备读取编码器位置：X方向！
2023-05-05 10:58:27,057 [AppLog] INFO : 准备运动，当前位置：DEV_GetPrintEncoderValue：MoveDirectionFlag{false为Y方向：False}CurrentPos{680.35}AimPos{425}
2023-05-05 10:58:27,088 [AppLog] INFO : X方向运动开始：DEM_Run：返回值{True}nAxis{0}DirFlag{False}nSpeed{300000}MoveStep{-255350}nCtlValue{2}
2023-05-05 10:58:28,492 [AppLog] INFO : X方向到位停止：DEM_StopAxisRun：返回值{True}CurrentPos{429.475}bImmeStop{False}nAxisMask{1}
2023-05-05 10:58:28,492 [AppLog] INFO : 准备读取编码器位置：X方向！
2023-05-05 10:58:28,492 [AppLog] INFO : 准备运动，当前位置：DEV_GetPrintEncoderValue：MoveDirectionFlag{false为Y方向：False}CurrentPos{429.295}AimPos{25}
2023-05-05 10:58:28,554 [AppLog] INFO : X方向运动开始：DEM_Run：返回值{True}nAxis{0}DirFlag{False}nSpeed{300000}MoveStep{-404295}nCtlValue{2}
2023-05-05 10:58:30,457 [AppLog] INFO : X方向到位停止：DEM_StopAxisRun：返回值{True}CurrentPos{25.16}bImmeStop{False}nAxisMask{1}
2023-05-05 10:58:30,457 [AppLog] INFO : 准备读取编码器位置：Y方向！
2023-05-05 10:58:30,457 [AppLog] INFO : 准备运动，编码器当前位置：DEM_GetAxisEncodeVal：MoveDirectionFlag{false为Y方向：True}CurrentPos{90.995}AimPos{101.021166666667}
2023-05-05 10:58:30,582 [AppLog] INFO : Y方向运动开始：DEM_Run：返回值{True}nAxis{1}DirFlag{True}nSpeed{300000}MoveStep{10045.1261478333}nCtlValue{1}
2023-05-05 10:58:30,645 [AppLog] INFO : Y方向到位停止：DEM_StopAxisRun：返回值{True}CurrentPos{99.705}bImmeStop{False}nAxisMask{2}
2023-05-05 10:58:30,645 [AppLog] INFO : 获取打印Pass数据：IDP_GetPassItem2：nLayerIndex{14}nPassID{1}nProcState{3}LPPassDataItemb:PrtDir{True}nDataTxCompleteCnt{1}nHwMemAdrMatchMask{1}nLayerIndex{14}nLayerPassCount{6}nLayerPassIndex{1}nMinJet0ImgLinePos{1635}nPrtMemHwAddr{System.UInt32[]}nPrtDataOffset{System.UInt32[]}nSrcDataSize{System.UInt32[]}nPrtColBytes{System.UInt32[]}nPrtPrecession{8}nSrcEndCols{8000}nSrcStartCols{0}nStartEncPos{10000}nValidPassJets{1280}nValidPrtCols{8310}nValidPrtCtlCnts{1}pDataBuf{0}pNextItem{683145504}
2023-05-05 10:58:30,660 [AppLog] INFO : 使能Pass打印成功：IDP_DoPassPrint2：nLayerIndex{14}nPassID{1}
2023-05-05 10:58:30,660 [AppLog] INFO : PASS打印前关键状态：DEV_GetDeviceInfo2：nLayerIndex{14}nPassID{1}LPPRINTER_INFO:nXSysEncDPI{0}nStatus{0}nPrintStatus{0}bSuperDevice{0}
LPPRINTER_INFO-LPPrtRunInfo:bJobPrtRuning{False}bLayerPrtIsOver{False}nContReqMemErr{0}nContWDErr{0}nCurPrtDir{0}nDTLayerIndex{0}nDTLayerPassIndex{0}nDTPtrCtlIndex{0}nLayerPassCount{0}nPrintLayerIndex{0}nPrintPassIndex{0}nProcLayerIndex{0}nPrtDataMemAddr{0}nPrtState{0}nReverse{System.Int32[]}nRevPrtCols{0}
LPPRINTER_INFO-LPDRVINFO:nFMVersion{0}nFpgaVersion{0}nPCBVersion{0}nState{0}nNextState{0}nPtvwarnState{0}nCrc32{0}nRevInfo{System.UInt32[]}nSignature{0}
2023-05-05 10:58:30,660 [AppLog] INFO : 创建：AutoPrintMotion1=》不需重新创建-手动操作！
2023-05-05 10:58:30,660 [AppLog] INFO : 进入：EquipmentMotionLogic3=》准备创建对象-手动操作！
2023-05-05 10:58:30,660 [AppLog] INFO : 进入：EquipmentMotionLogic3=》不需重新创建-手动操作！
2023-05-05 10:58:30,660 [AppLog] INFO : 进入：EquipmentMotionLogic3=》赋值完成自-AutoPrintMotion2！
2023-05-05 10:58:30,660 [AppLog] INFO : 进入：EquipmentMotionLogic3=》加载配置文件-LoadJsonFile成功！
2023-05-05 10:58:30,660 [AppLog] INFO : 进入：AutoPrintThread3！
2023-05-05 10:58:30,660 [AppLog] INFO : 准备读取编码器位置：X方向！
2023-05-05 10:58:30,660 [AppLog] INFO : 准备运动，当前位置：DEV_GetPrintEncoderValue：MoveDirectionFlag{false为Y方向：False}CurrentPos{21.745}AimPos{425}
2023-05-05 10:58:30,691 [AppLog] INFO : X方向运动开始：DEM_Run：返回值{True}nAxis{0}DirFlag{True}nSpeed{300000}MoveStep{403255}nCtlValue{2}
2023-05-05 10:58:32,595 [AppLog] INFO : X方向到位停止：DEM_StopAxisRun：返回值{True}CurrentPos{419.66}bImmeStop{False}nAxisMask{1}
2023-05-05 10:58:32,595 [AppLog] INFO : 准备读取编码器位置：Y方向！
2023-05-05 10:58:32,595 [AppLog] INFO : 准备运动，编码器当前位置：DEM_GetAxisEncodeVal：MoveDirectionFlag{false为Y方向：True}CurrentPos{101.005}AimPos{145}
2023-05-05 10:58:32,782 [AppLog] INFO : Y方向运动开始：DEM_Run：返回值{True}nAxis{1}DirFlag{True}nSpeed{300000}MoveStep{44078.194545}nCtlValue{1}
2023-05-05 10:58:32,844 [AppLog] INFO : Y方向到位停止：DEM_StopAxisRun：返回值{True}CurrentPos{137.225}bImmeStop{False}nAxisMask{2}
2023-05-05 10:58:32,844 [AppLog] INFO : 获取打印Pass数据：IDP_GetPassItem2：nLayerIndex{14}nPassID{2}nProcState{3}LPPassDataItemb:PrtDir{False}nDataTxCompleteCnt{1}nHwMemAdrMatchMask{1}nLayerIndex{14}nLayerPassCount{6}nLayerPassIndex{2}nMinJet0ImgLinePos{2915}nPrtMemHwAddr{System.UInt32[]}nPrtDataOffset{System.UInt32[]}nSrcDataSize{System.UInt32[]}nPrtColBytes{System.UInt32[]}nPrtPrecession{8}nSrcEndCols{8000}nSrcStartCols{0}nStartEncPos{76512}nValidPassJets{1280}nValidPrtCols{8310}nValidPrtCtlCnts{1}pDataBuf{0}pNextItem{683145664}
2023-05-05 10:58:32,860 [AppLog] INFO : 使能Pass打印成功：IDP_DoPassPrint2：nLayerIndex{14}nPassID{2}
2023-05-05 10:58:32,860 [AppLog] INFO : PASS打印前关键状态：DEV_GetDeviceInfo2：nLayerIndex{14}nPassID{2}LPPRINTER_INFO:nXSysEncDPI{0}nStatus{0}nPrintStatus{0}bSuperDevice{0}
LPPRINTER_INFO-LPPrtRunInfo:bJobPrtRuning{False}bLayerPrtIsOver{False}nContReqMemErr{0}nContWDErr{0}nCurPrtDir{0}nDTLayerIndex{0}nDTLayerPassIndex{0}nDTPtrCtlIndex{0}nLayerPassCount{0}nPrintLayerIndex{0}nPrintPassIndex{0}nProcLayerIndex{0}nPrtDataMemAddr{0}nPrtState{0}nReverse{System.Int32[]}nRevPrtCols{0}
LPPRINTER_INFO-LPDRVINFO:nFMVersion{0}nFpgaVersion{0}nPCBVersion{0}nState{0}nNextState{0}nPtvwarnState{0}nCrc32{0}nRevInfo{System.UInt32[]}nSignature{0}
2023-05-05 10:58:32,860 [AppLog] INFO : 创建：AutoPrintMotion1=》不需重新创建-手动操作！
2023-05-05 10:58:32,860 [AppLog] INFO : 进入：EquipmentMotionLogic3=》准备创建对象-手动操作！
2023-05-05 10:58:32,860 [AppLog] INFO : 进入：EquipmentMotionLogic3=》不需重新创建-手动操作！
2023-05-05 10:58:32,860 [AppLog] INFO : 进入：EquipmentMotionLogic3=》赋值完成自-AutoPrintMotion2！
2023-05-05 10:58:32,860 [AppLog] INFO : 进入：EquipmentMotionLogic3=》加载配置文件-LoadJsonFile成功！
2023-05-05 10:58:32,860 [AppLog] INFO : 进入：AutoPrintThread3！
2023-05-05 10:58:32,860 [AppLog] INFO : 准备读取编码器位置：X方向！
2023-05-05 10:58:32,860 [AppLog] INFO : 准备运动，当前位置：DEV_GetPrintEncoderValue：MoveDirectionFlag{false为Y方向：False}CurrentPos{423.25}AimPos{25}
2023-05-05 10:58:32,891 [AppLog] INFO : X方向运动开始：DEM_Run：返回值{True}nAxis{0}DirFlag{False}nSpeed{300000}MoveStep{-398250}nCtlValue{2}
2023-05-05 10:58:34,763 [AppLog] INFO : X方向到位停止：DEM_StopAxisRun：返回值{True}CurrentPos{30.83}bImmeStop{False}nAxisMask{1}
2023-05-05 10:58:34,763 [AppLog] INFO : 准备读取编码器位置：Y方向！
2023-05-05 10:58:34,763 [AppLog] INFO : 准备运动，编码器当前位置：DEM_GetAxisEncodeVal：MoveDirectionFlag{false为Y方向：True}CurrentPos{144.935}AimPos{155.021166666667}
2023-05-05 10:58:34,888 [AppLog] INFO : Y方向运动开始：DEM_Run：返回值{True}nAxis{1}DirFlag{True}nSpeed{300000}MoveStep{10105.2396078333}nCtlValue{1}
2023-05-05 10:58:34,950 [AppLog] INFO : Y方向到位停止：DEM_StopAxisRun：返回值{True}CurrentPos{153.83}bImmeStop{False}nAxisMask{2}
2023-05-05 10:58:34,950 [AppLog] INFO : 获取打印Pass数据：IDP_GetPassItem2：nLayerIndex{14}nPassID{3}nProcState{3}LPPassDataItemb:PrtDir{True}nDataTxCompleteCnt{1}nHwMemAdrMatchMask{1}nLayerIndex{14}nLayerPassCount{6}nLayerPassIndex{3}nMinJet0ImgLinePos{4195}nPrtMemHwAddr{System.UInt32[]}nPrtDataOffset{System.UInt32[]}nSrcDataSize{System.UInt32[]}nPrtColBytes{System.UInt32[]}nPrtPrecession{8}nSrcEndCols{8000}nSrcStartCols{0}nStartEncPos{10000}nValidPassJets{1280}nValidPrtCols{8310}nValidPrtCtlCnts{1}pDataBuf{0}pNextItem{683145824}
2023-05-05 10:58:34,966 [AppLog] INFO : 使能Pass打印成功：IDP_DoPassPrint2：nLayerIndex{14}nPassID{3}
2023-05-05 10:58:34,966 [AppLog] INFO : PASS打印前关键状态：DEV_GetDeviceInfo2：nLayerIndex{14}nPassID{3}LPPRINTER_INFO:nXSysEncDPI{0}nStatus{0}nPrintStatus{0}bSuperDevice{0}
LPPRINTER_INFO-LPPrtRunInfo:bJobPrtRuning{False}bLayerPrtIsOver{False}nContReqMemErr{0}nContWDErr{0}nCurPrtDir{0}nDTLayerIndex{0}nDTLayerPassIndex{0}nDTPtrCtlIndex{0}nLayerPassCount{0}nPrintLayerIndex{0}nPrintPassIndex{0}nProcLayerIndex{0}nPrtDataMemAddr{0}nPrtState{0}nReverse{System.Int32[]}nRevPrtCols{0}
LPPRINTER_INFO-LPDRVINFO:nFMVersion{0}nFpgaVersion{0}nPCBVersion{0}nState{0}nNextState{0}nPtvwarnState{0}nCrc32{0}nRevInfo{System.UInt32[]}nSignature{0}
2023-05-05 10:58:34,966 [AppLog] INFO : 创建：AutoPrintMotion1=》不需重新创建-手动操作！
2023-05-05 10:58:34,966 [AppLog] INFO : 进入：EquipmentMotionLogic3=》准备创建对象-手动操作！
2023-05-05 10:58:34,966 [AppLog] INFO : 进入：EquipmentMotionLogic3=》不需重新创建-手动操作！
2023-05-05 10:58:34,966 [AppLog] INFO : 进入：EquipmentMotionLogic3=》赋值完成自-AutoPrintMotion2！
2023-05-05 10:58:34,966 [AppLog] INFO : 进入：EquipmentMotionLogic3=》加载配置文件-LoadJsonFile成功！
2023-05-05 10:58:34,966 [AppLog] INFO : 进入：AutoPrintThread3！
2023-05-05 10:58:34,966 [AppLog] INFO : 准备读取编码器位置：X方向！
2023-05-05 10:58:34,966 [AppLog] INFO : 准备运动，当前位置：DEV_GetPrintEncoderValue：MoveDirectionFlag{false为Y方向：False}CurrentPos{26.68}AimPos{425}
2023-05-05 10:58:34,997 [AppLog] INFO : X方向运动开始：DEM_Run：返回值{True}nAxis{0}DirFlag{True}nSpeed{300000}MoveStep{398320}nCtlValue{2}
2023-05-05 10:58:36,869 [AppLog] INFO : X方向到位停止：DEM_StopAxisRun：返回值{True}CurrentPos{419.265}bImmeStop{False}nAxisMask{1}
2023-05-05 10:58:36,869 [AppLog] INFO : 准备读取编码器位置：Y方向！
2023-05-05 10:58:36,885 [AppLog] INFO : 准备运动，编码器当前位置：DEM_GetAxisEncodeVal：MoveDirectionFlag{false为Y方向：True}CurrentPos{155}AimPos{199}
2023-05-05 10:58:37,072 [AppLog] INFO : Y方向运动开始：DEM_Run：返回值{True}nAxis{1}DirFlag{True}nSpeed{300000}MoveStep{44083.204}nCtlValue{1}
2023-05-05 10:58:37,134 [AppLog] INFO : Y方向到位停止：DEM_StopAxisRun：返回值{True}CurrentPos{191.33}bImmeStop{False}nAxisMask{2}
2023-05-05 10:58:37,134 [AppLog] INFO : 获取打印Pass数据：IDP_GetPassItem2：nLayerIndex{14}nPassID{4}nProcState{3}LPPassDataItemb:PrtDir{False}nDataTxCompleteCnt{1}nHwMemAdrMatchMask{1}nLayerIndex{14}nLayerPassCount{6}nLayerPassIndex{4}nMinJet0ImgLinePos{5475}nPrtMemHwAddr{System.UInt32[]}nPrtDataOffset{System.UInt32[]}nSrcDataSize{System.UInt32[]}nPrtColBytes{System.UInt32[]}nPrtPrecession{8}nSrcEndCols{8000}nSrcStartCols{0}nStartEncPos{76512}nValidPassJets{1280}nValidPrtCols{8310}nValidPrtCtlCnts{1}pDataBuf{0}pNextItem{683145984}
2023-05-05 10:58:37,134 [AppLog] INFO : 使能Pass打印成功：IDP_DoPassPrint2：nLayerIndex{14}nPassID{4}
2023-05-05 10:58:37,150 [AppLog] INFO : PASS打印前关键状态：DEV_GetDeviceInfo2：nLayerIndex{14}nPassID{4}LPPRINTER_INFO:nXSysEncDPI{0}nStatus{0}nPrintStatus{0}bSuperDevice{0}
LPPRINTER_INFO-LPPrtRunInfo:bJobPrtRuning{False}bLayerPrtIsOver{False}nContReqMemErr{0}nContWDErr{0}nCurPrtDir{0}nDTLayerIndex{0}nDTLayerPassIndex{0}nDTPtrCtlIndex{0}nLayerPassCount{0}nPrintLayerIndex{0}nPrintPassIndex{0}nProcLayerIndex{0}nPrtDataMemAddr{0}nPrtState{0}nReverse{System.Int32[]}nRevPrtCols{0}
LPPRINTER_INFO-LPDRVINFO:nFMVersion{0}nFpgaVersion{0}nPCBVersion{0}nState{0}nNextState{0}nPtvwarnState{0}nCrc32{0}nRevInfo{System.UInt32[]}nSignature{0}
2023-05-05 10:58:37,150 [AppLog] INFO : 创建：AutoPrintMotion1=》不需重新创建-手动操作！
2023-05-05 10:58:37,150 [AppLog] INFO : 进入：EquipmentMotionLogic3=》准备创建对象-手动操作！
2023-05-05 10:58:37,150 [AppLog] INFO : 进入：EquipmentMotionLogic3=》不需重新创建-手动操作！
2023-05-05 10:58:37,150 [AppLog] INFO : 进入：EquipmentMotionLogic3=》赋值完成自-AutoPrintMotion2！
2023-05-05 10:58:37,150 [AppLog] INFO : 进入：EquipmentMotionLogic3=》加载配置文件-LoadJsonFile成功！
2023-05-05 10:58:37,150 [AppLog] INFO : 进入：AutoPrintThread3！
2023-05-05 10:58:37,150 [AppLog] INFO : 准备读取编码器位置：X方向！
2023-05-05 10:58:37,150 [AppLog] INFO : 准备运动，当前位置：DEV_GetPrintEncoderValue：MoveDirectionFlag{false为Y方向：False}CurrentPos{423.345}AimPos{25}
2023-05-05 10:58:37,181 [AppLog] INFO : X方向运动开始：DEM_Run：返回值{True}nAxis{0}DirFlag{False}nSpeed{300000}MoveStep{-398345}nCtlValue{2}
2023-05-05 10:58:39,053 [AppLog] INFO : X方向到位停止：DEM_StopAxisRun：返回值{True}CurrentPos{31.24}bImmeStop{False}nAxisMask{1}
2023-05-05 10:58:39,053 [AppLog] INFO : 准备读取编码器位置：Y方向！
2023-05-05 10:58:39,053 [AppLog] INFO : 准备运动，编码器当前位置：DEM_GetAxisEncodeVal：MoveDirectionFlag{false为Y方向：True}CurrentPos{199.025}AimPos{209.021166666667}
2023-05-05 10:58:39,178 [AppLog] INFO : Y方向运动开始：DEM_Run：返回值{True}nAxis{1}DirFlag{True}nSpeed{300000}MoveStep{10015.0694178333}nCtlValue{1}
2023-05-05 10:58:39,240 [AppLog] INFO : Y方向到位停止：DEM_StopAxisRun：返回值{True}CurrentPos{207.93}bImmeStop{False}nAxisMask{2}
2023-05-05 10:58:39,240 [AppLog] INFO : 获取打印Pass数据：IDP_GetPassItem2：nLayerIndex{14}nPassID{5}nProcState{3}LPPassDataItemb:PrtDir{True}nDataTxCompleteCnt{1}nHwMemAdrMatchMask{1}nLayerIndex{14}nLayerPassCount{6}nLayerPassIndex{5}nMinJet0ImgLinePos{6755}nPrtMemHwAddr{System.UInt32[]}nPrtDataOffset{System.UInt32[]}nSrcDataSize{System.UInt32[]}nPrtColBytes{System.UInt32[]}nPrtPrecession{8}nSrcEndCols{8000}nSrcStartCols{0}nStartEncPos{10000}nValidPassJets{1280}nValidPrtCols{8310}nValidPrtCtlCnts{1}pDataBuf{0}pNextItem{0}
2023-05-05 10:58:39,271 [AppLog] INFO : 使能Pass打印成功：IDP_DoPassPrint2：nLayerIndex{14}nPassID{5}
2023-05-05 10:58:39,271 [AppLog] INFO : PASS打印前关键状态：DEV_GetDeviceInfo2：nLayerIndex{14}nPassID{5}LPPRINTER_INFO:nXSysEncDPI{0}nStatus{0}nPrintStatus{0}bSuperDevice{0}
LPPRINTER_INFO-LPPrtRunInfo:bJobPrtRuning{False}bLayerPrtIsOver{False}nContReqMemErr{0}nContWDErr{0}nCurPrtDir{0}nDTLayerIndex{0}nDTLayerPassIndex{0}nDTPtrCtlIndex{0}nLayerPassCount{0}nPrintLayerIndex{0}nPrintPassIndex{0}nProcLayerIndex{0}nPrtDataMemAddr{0}nPrtState{0}nReverse{System.Int32[]}nRevPrtCols{0}
LPPRINTER_INFO-LPDRVINFO:nFMVersion{0}nFpgaVersion{0}nPCBVersion{0}nState{0}nNextState{0}nPtvwarnState{0}nCrc32{0}nRevInfo{System.UInt32[]}nSignature{0}
2023-05-05 10:58:39,271 [AppLog] INFO : 创建：AutoPrintMotion1=》不需重新创建-手动操作！
2023-05-05 10:58:39,271 [AppLog] INFO : 进入：EquipmentMotionLogic3=》准备创建对象-手动操作！
2023-05-05 10:58:39,271 [AppLog] INFO : 进入：EquipmentMotionLogic3=》不需重新创建-手动操作！
2023-05-05 10:58:39,271 [AppLog] INFO : 进入：EquipmentMotionLogic3=》赋值完成自-AutoPrintMotion2！
2023-05-05 10:58:39,271 [AppLog] INFO : 进入：EquipmentMotionLogic3=》加载配置文件-LoadJsonFile成功！
2023-05-05 10:58:39,271 [AppLog] INFO : 进入：AutoPrintThread3！
2023-05-05 10:58:39,287 [AppLog] INFO : 准备读取编码器位置：X方向！
2023-05-05 10:58:39,287 [AppLog] INFO : 准备运动，当前位置：DEV_GetPrintEncoderValue：MoveDirectionFlag{false为Y方向：False}CurrentPos{26.675}AimPos{425}
2023-05-05 10:58:39,318 [AppLog] INFO : X方向运动开始：DEM_Run：返回值{True}nAxis{0}DirFlag{True}nSpeed{300000}MoveStep{398325}nCtlValue{2}
2023-05-05 10:58:41,206 [AppLog] INFO : X方向到位停止：DEM_StopAxisRun：返回值{True}CurrentPos{419.53}bImmeStop{False}nAxisMask{1}
2023-05-05 10:58:41,206 [AppLog] INFO : 准备读取编码器位置：X方向！
2023-05-05 10:58:41,206 [AppLog] INFO : 准备运动，当前位置：DEV_GetPrintEncoderValue：MoveDirectionFlag{false为Y方向：False}CurrentPos{419.62}AimPos{780}
2023-05-05 10:58:41,237 [AppLog] INFO : X方向运动开始：DEM_Run：返回值{True}nAxis{0}DirFlag{True}nSpeed{300000}MoveStep{360380}nCtlValue{2}
2023-05-05 10:58:41,299 [AppLog] INFO : 准备读取编码器位置：Y方向！
2023-05-05 10:58:41,315 [AppLog] INFO : 准备运动，编码器当前位置：DEM_GetAxisEncodeVal：MoveDirectionFlag{false为Y方向：True}CurrentPos{208.99}AimPos{121}
2023-05-05 10:58:41,658 [AppLog] INFO : Y方向运动开始：DEM_Run：返回值{True}nAxis{1}DirFlag{False}nSpeed{300000}MoveStep{-88156.38909}nCtlValue{1}
2023-05-05 10:58:42,984 [AppLog] INFO : Y方向到位等停：DEM_StopAxisRun：返回值{True}bImmeStop{False}nAxisMask{1}
2023-05-05 10:58:42,984 [AppLog] INFO : X方向到位等停：DEM_StopAxisRun：返回值{True}bImmeStop{False}nAxisMask{2}
2023-05-05 10:58:43,000 [AppLog] INFO : 开启闪喷操作：IDP_FlashPrtCtl：返回值{True}
2023-05-05 10:58:43,000 [AppLog] INFO : 进入：EquipmentMotionLogic3=》准备创建对象-手动操作！
2023-05-05 10:58:43,000 [AppLog] INFO : 进入：EquipmentMotionLogic3=》不需重新创建-手动操作！
2023-05-05 10:58:43,000 [AppLog] INFO : 进入：EquipmentMotionLogic3=》赋值完成自-AutoPrintMotion2！
2023-05-05 10:58:43,000 [AppLog] INFO : 进入：EquipmentMotionLogic3=》加载配置文件-LoadJsonFile成功！
2023-05-05 10:58:43,000 [AppLog] INFO : 进入自动铺粉逻辑：NewAutoSupplyPowderThread2
2023-05-05 10:58:43,093 [AppLog] INFO : 手动正向点动指令（8轴运控板卡系统） ====》：输出AXIS{第1轴},点动量{-0.13MM},运动速度{2MM/s}
2023-05-05 10:58:43,093 [AppLog] INFO : 成形面高度下降层厚 TrapSpace{0.13mm}：TrapMoveUp(1, true, Convert.ToString(vel), Convert.ToString(TrapSpace), true, true）
2023-05-05 10:58:43,858 [AppLog] INFO : 手动正向点动指令（8轴运控板卡系统） ====》：输出AXIS{第1轴},点动量{-1.5MM},运动速度{2MM/s}
2023-05-05 10:58:43,858 [AppLog] INFO : 成形面高度下降指定厚度 TrapSpace{1.5mm}：TrapMoveUp(1, true, Convert.ToString(vel), Convert.ToString(TrapSpace), true, true）
2023-05-05 10:58:44,638 [AppLog] INFO : 手动正向点动指令（8轴运控板卡系统） ====》：输出AXIS{第1轴},点动量{1.5MM},运动速度{2MM/s}
2023-05-05 10:58:44,638 [AppLog] INFO : 成形面高度上升层厚 TrapSpace{1.5mm}：TrapMoveUp(1, true, Convert.ToString(vel), Convert.ToString(TrapSpace), true, true）
2023-05-05 10:58:44,841 [AppLog] INFO : 手动正向点动指令（8轴运控板卡系统） ====》：输出AXIS{第8轴},点动量{0.5MM},运动速度{2.5MM/s}
2023-05-05 10:58:44,856 [AppLog] INFO : Hopper落粉轴转2圈落粉，速度0.5rev/s：TrapMoveUp(8, true, 0.5, rotateNuM.ToString(), true, false)
2023-05-05 10:58:45,870 [AppLog] INFO : 开启铺粉车不等停运动，准备运动至准备打印位置215mm，速度250mm/s：BackToStation2
2023-05-05 10:58:46,728 [AppLog] INFO : 手动正向点动指令（8轴运控板卡系统） ====》：输出AXIS{第2轴},点动量{216.5MM},运动速度{250MM/s}
2023-05-05 10:58:46,728 [AppLog] INFO : 当前铺粉车位置：打印位置215mm
2023-05-05 10:58:46,728 [AppLog] INFO : 手动正向点动指令（8轴运控板卡系统） ====》：输出AXIS{第2轴},点动量{480MM},运动速度{25MM/s}
2023-05-05 10:58:46,728 [AppLog] INFO : 开启铺粉车不等停运动至准备打印位置695mm，速度25mm/s：BackToStation2
2023-05-05 10:58:46,837 [AppLog] INFO : 打开IR灯：OpenIRLamp(true)
2023-05-05 10:58:46,978 [AppLog] INFO : 手动正向点动指令（8轴运控板卡系统） ====》：输出AXIS{第3轴},点动量{0.125MM},运动速度{1MM/s}
2023-05-05 10:58:46,978 [AppLog] INFO : 在{40mm}处，落粉轴运动{45度}，落粉轴转速{1rev/s}：TrapMoveUp(3, true, Convert.ToString(DispenseRollerSpeed), 0.5, true, true)
2023-05-05 10:58:46,978 [AppLog] INFO : 手动正向点动指令（8轴运控板卡系统） ====》：输出AXIS{第3轴},点动量{0.5MM},运动速度{0.0376712328767123MM/s}
2023-05-05 10:58:46,978 [AppLog] INFO : 开启均匀落粉及辊子铺平运动：TrapMoveUp(3, true, Convert.ToString(DispenseRollerSpeed), 0.5, true, true)
2023-05-05 10:58:58,647 [AppLog] INFO : 关闭IR灯：OpenIRLamp(false)
2023-05-05 10:59:03,202 [AppLog] INFO : 手动正向点动指令（8轴运控板卡系统） ====》：输出AXIS{第3轴},点动量{0.5MM},运动速度{2MM/s}
2023-05-05 10:59:03,202 [AppLog] INFO : 落粉轴继续转动以倒掉余粉：TrapMoveUp(3, true, 2, 0.5, true, false)
2023-05-05 10:59:06,712 [AppLog] INFO : 手动正向点动指令（8轴运控板卡系统） ====》：输出AXIS{第1轴},点动量{-1.5MM},运动速度{2MM/s}
2023-05-05 10:59:06,712 [AppLog] INFO : 成形面高度下降指定厚度 TrapSpace{1.5mm}：TrapMoveUp(1, true, Convert.ToString(vel), Convert.ToString(TrapSpace), true, true）
2023-05-05 10:59:09,504 [AppLog] INFO : 手动正向点动指令（8轴运控板卡系统） ====》：输出AXIS{第2轴},点动量{-696.5MM},运动速度{250MM/s}
2023-05-05 10:59:09,504 [AppLog] INFO : 铺粉车返回至站1：BackToStation2(AimPos, MovSpeed, true)：-1.5mm，速度250mm/s：BackToStation2
2023-05-05 10:59:10,284 [AppLog] INFO : 落粉轴回零成功：motionMap.SetBackSpreaderAxis(3, 0.5, 2, -SinkPosition)：ReturnCode{True}
2023-05-05 10:59:11,049 [AppLog] INFO : 手动正向点动指令（8轴运控板卡系统） ====》：输出AXIS{第1轴},点动量{1.5MM},运动速度{2MM/s}
2023-05-05 10:59:11,049 [AppLog] INFO : 成形面高度上升层厚 TrapSpace{1.5mm}：TrapMoveUp(1, true, Convert.ToString(vel), Convert.ToString(TrapSpace), true, true）
2023-05-05 10:59:11,049 [AppLog] INFO : 自动铺粉正常结束：NewAutoSupplyPowderThread2
2023-05-05 10:59:11,049 [AppLog] INFO : 发送监控指令，拍照记录1条：SendMessageFromSharedMemory
2023-05-05 10:59:11,049 [AppLog] INFO : 执行完成铺粉固化操作：EquipmentMotionLogic3：m_bApplyPowderSupplyMotion:0
2023-05-05 10:59:11,049 [AppLog] INFO : 接收到恢复打印指令：PrintTaskTHREAD
2023-05-05 10:59:11,049 [AppLog] INFO : 获取打印Pass数据：IDP_GetPassItem2：nLayerIndex{15}nPassID{0}nProcState{3}LPPassDataItemb:PrtDir{False}nDataTxCompleteCnt{1}nHwMemAdrMatchMask{1}nLayerIndex{15}nLayerPassCount{6}nLayerPassIndex{0}nMinJet0ImgLinePos{355}nPrtMemHwAddr{System.UInt32[]}nPrtDataOffset{System.UInt32[]}nSrcDataSize{System.UInt32[]}nPrtColBytes{System.UInt32[]}nPrtPrecession{8}nSrcEndCols{8000}nSrcStartCols{0}nStartEncPos{76512}nValidPassJets{1280}nValidPrtCols{8310}nValidPrtCtlCnts{1}pDataBuf{0}pNextItem{683143104}
2023-05-05 10:59:11,064 [AppLog] INFO : 使能Pass打印成功：IDP_DoPassPrint2：nLayerIndex{15}nPassID{0}
2023-05-05 10:59:11,064 [AppLog] INFO : PASS打印前关键状态：DEV_GetDeviceInfo2：nLayerIndex{15}nPassID{0}LPPRINTER_INFO:nXSysEncDPI{0}nStatus{0}nPrintStatus{0}bSuperDevice{0}
LPPRINTER_INFO-LPPrtRunInfo:bJobPrtRuning{False}bLayerPrtIsOver{False}nContReqMemErr{0}nContWDErr{0}nCurPrtDir{0}nDTLayerIndex{0}nDTLayerPassIndex{0}nDTPtrCtlIndex{0}nLayerPassCount{0}nPrintLayerIndex{0}nPrintPassIndex{0}nProcLayerIndex{0}nPrtDataMemAddr{0}nPrtState{0}nReverse{System.Int32[]}nRevPrtCols{0}
LPPRINTER_INFO-LPDRVINFO:nFMVersion{0}nFpgaVersion{0}nPCBVersion{0}nState{0}nNextState{0}nPtvwarnState{0}nCrc32{0}nRevInfo{System.UInt32[]}nSignature{0}
2023-05-05 10:59:11,064 [AppLog] INFO : 创建：AutoPrintMotion1=》不需重新创建-手动操作！
2023-05-05 10:59:11,064 [AppLog] INFO : 进入：EquipmentMotionLogic3=》准备创建对象-手动操作！
2023-05-05 10:59:11,064 [AppLog] INFO : 进入：EquipmentMotionLogic3=》不需重新创建-手动操作！
2023-05-05 10:59:11,064 [AppLog] INFO : 进入：EquipmentMotionLogic3=》赋值完成自-AutoPrintMotion2！
2023-05-05 10:59:11,064 [AppLog] INFO : 进入：EquipmentMotionLogic3=》加载配置文件-LoadJsonFile成功！
2023-05-05 10:59:11,064 [AppLog] INFO : 进入自动清洗过程：AutoCleanThread
2023-05-05 10:59:11,376 [AppLog] INFO : 准备处理第16层数据：准备调用RenderToWic，index为16，subindex为0，g_nRePrintTimes为1，起始层为0
2023-05-05 10:59:11,439 [AppLog] INFO : 刮墨轴回零成功：motionMap.SetBackSpreaderAxis(4, 1, 2, -SinkHomePosition)
2023-05-05 10:59:11,439 [AppLog] INFO : 准备读取编码器位置：Y方向！
2023-05-05 10:59:11,439 [AppLog] INFO : 准备运动，编码器当前位置：DEM_GetAxisEncodeVal：MoveDirectionFlag{false为Y方向：True}CurrentPos{121.14}AimPos{116}
2023-05-05 10:59:11,454 [AppLog] INFO : 完成处理第16层数据：准备调用DrawLayerBMP，index为16，起始层为0
2023-05-05 10:59:11,454 [AppLog] INFO : 完成处理第16层数据：准备调用DrawLayerBMP，index为16，起始层为0
2023-05-05 10:59:11,563 [AppLog] INFO : Y方向运动开始：DEM_Run：返回值{True}nAxis{1}DirFlag{False}nSpeed{300000}MoveStep{-5149.71974}nCtlValue{1}
2023-05-05 10:59:11,626 [AppLog] INFO : Y方向到位停止：DEM_StopAxisRun：返回值{True}CurrentPos{116.515}bImmeStop{False}nAxisMask{2}
2023-05-05 10:59:11,626 [AppLog] INFO : 准备读取编码器位置：X方向！
2023-05-05 10:59:11,641 [AppLog] INFO : 准备运动，当前位置：DEV_GetPrintEncoderValue：MoveDirectionFlag{false为Y方向：False}CurrentPos{783.665}AimPos{780}
2023-05-05 10:59:11,688 [AppLog] INFO : X方向运动开始：DEM_Run：返回值{True}nAxis{0}DirFlag{False}nSpeed{300000}MoveStep{-3664.99999999996}nCtlValue{2}
2023-05-05 10:59:11,844 [AppLog] INFO : X方向到位停止：DEM_StopAxisRun：返回值{True}CurrentPos{782.75}bImmeStop{False}nAxisMask{1}
2023-05-05 10:59:11,938 [AppLog] INFO : 作业写入成功：IDP_WriteImgLayerData：bpp:{1bit}灰阶:{1阶}nLayerIndex{17}LayerIndex{16}SubIndex{1}RePrintTimes{1}nBytesPerLine{1004}nWidth{8001}nHeight{7680}nXEncOff{0}nYJetOff{355}nImgStartJetIndex{0}nXDPI{635}nYDPI{600}nPrtDir{0} nPrtFlag{1}nColorCnts{1}nReserved{System.Int32[]}
2023-05-05 10:59:11,938 [AppLog] INFO : 完成处理第16层数据：准备调用RenderToWic，index为16，subindex为0，g_nRePrintTimes为1，起始层为0
2023-05-05 10:59:12,843 [AppLog] INFO : 开启闪喷： IDP_FlashPrtCtl(true)：ReturnCode{True}
2023-05-05 10:59:12,843 [AppLog] INFO : 开启压墨： motionMap.SetDo(13, true)
2023-05-05 10:59:14,855 [AppLog] INFO : 关闭压墨： motionMap.SetDo(13, true)
2023-05-05 10:59:14,855 [AppLog] INFO : 压墨等待开启：{3S}
2023-05-05 10:59:17,866 [AppLog] INFO : 压墨等待完成：{3S}
2023-05-05 10:59:17,866 [AppLog] INFO : 开启闪喷： IDP_FlashPrtCtl(false)：ReturnCode{True}
2023-05-05 10:59:17,866 [AppLog] INFO : 准备读取编码器位置：X方向！
2023-05-05 10:59:17,866 [AppLog] INFO : 准备运动，当前位置：DEV_GetPrintEncoderValue：MoveDirectionFlag{false为Y方向：False}CurrentPos{780.38}AimPos{680}
2023-05-05 10:59:17,897 [AppLog] INFO : X方向运动开始：DEM_Run：返回值{True}nAxis{0}DirFlag{False}nSpeed{200000}MoveStep{-100380}nCtlValue{2}
2023-05-05 10:59:18,755 [AppLog] INFO : X方向到位停止：DEM_StopAxisRun：返回值{True}CurrentPos{684.935}bImmeStop{False}nAxisMask{1}
2023-05-05 10:59:19,208 [AppLog] INFO : 结束自动清洗过程：AutoCleanThread
2023-05-05 10:59:19,208 [AppLog] INFO : 进入：EquipmentMotionLogic3=》准备创建对象-手动操作！
2023-05-05 10:59:19,208 [AppLog] INFO : 进入：EquipmentMotionLogic3=》不需重新创建-手动操作！
2023-05-05 10:59:19,208 [AppLog] INFO : 进入：EquipmentMotionLogic3=》赋值完成自-AutoPrintMotion2！
2023-05-05 10:59:19,208 [AppLog] INFO : 进入：EquipmentMotionLogic3=》加载配置文件-LoadJsonFile成功！
2023-05-05 10:59:19,208 [AppLog] INFO : 进入：AutoPrintThread3！
2023-05-05 10:59:19,208 [AppLog] INFO : 关闭闪喷操作：IDP_FlashPrtCtl：返回值{True}
2023-05-05 10:59:19,208 [AppLog] INFO : 准备读取编码器位置：Y方向！
2023-05-05 10:59:19,208 [AppLog] INFO : 准备运动，编码器当前位置：DEM_GetAxisEncodeVal：MoveDirectionFlag{false为Y方向：True}CurrentPos{115.97}AimPos{93.5}
2023-05-05 10:59:19,332 [AppLog] INFO : Y方向运动开始：DEM_Run：返回值{True}nAxis{1}DirFlag{False}nSpeed{300000}MoveStep{-22512.49077}nCtlValue{1}
2023-05-05 10:59:19,395 [AppLog] INFO : 准备读取编码器位置：X方向！
2023-05-05 10:59:19,395 [AppLog] INFO : 准备运动，当前位置：DEV_GetPrintEncoderValue：MoveDirectionFlag{false为Y方向：False}CurrentPos{680.37}AimPos{425}
2023-05-05 10:59:19,426 [AppLog] INFO : X方向运动开始：DEM_Run：返回值{True}nAxis{0}DirFlag{False}nSpeed{300000}MoveStep{-255370}nCtlValue{2}
2023-05-05 10:59:20,814 [AppLog] INFO : X方向到位停止：DEM_StopAxisRun：返回值{True}CurrentPos{430.37}bImmeStop{False}nAxisMask{1}
2023-05-05 10:59:20,814 [AppLog] INFO : 准备读取编码器位置：X方向！
2023-05-05 10:59:20,814 [AppLog] INFO : 准备运动，当前位置：DEV_GetPrintEncoderValue：MoveDirectionFlag{false为Y方向：False}CurrentPos{430.17}AimPos{25}
2023-05-05 10:59:20,846 [AppLog] INFO : X方向运动开始：DEM_Run：返回值{True}nAxis{0}DirFlag{False}nSpeed{300000}MoveStep{-405170}nCtlValue{2}
2023-05-05 10:59:22,749 [AppLog] INFO : X方向到位停止：DEM_StopAxisRun：返回值{True}CurrentPos{24.225}bImmeStop{False}nAxisMask{1}
2023-05-05 10:59:22,749 [AppLog] INFO : 准备读取编码器位置：Y方向！
2023-05-05 10:59:22,749 [AppLog] INFO : 准备运动，编码器当前位置：DEM_GetAxisEncodeVal：MoveDirectionFlag{false为Y方向：True}CurrentPos{93.51}AimPos{98.5211666666667}
2023-05-05 10:59:22,967 [AppLog] INFO : Y方向运动开始：DEM_Run：返回值{False}nAxis{1}DirFlag{True}nSpeed{300000}MoveStep{5020.64278283333}nCtlValue{1}
2023-05-05 10:59:23,045 [AppLog] INFO : Y方向到位停止：DEM_StopAxisRun：返回值{True}CurrentPos{98.465}bImmeStop{False}nAxisMask{2}
2023-05-05 10:59:23,045 [AppLog] INFO : 获取打印Pass数据：IDP_GetPassItem2：nLayerIndex{15}nPassID{1}nProcState{3}LPPassDataItemb:PrtDir{True}nDataTxCompleteCnt{1}nHwMemAdrMatchMask{1}nLayerIndex{15}nLayerPassCount{6}nLayerPassIndex{1}nMinJet0ImgLinePos{1635}nPrtMemHwAddr{System.UInt32[]}nPrtDataOffset{System.UInt32[]}nSrcDataSize{System.UInt32[]}nPrtColBytes{System.UInt32[]}nPrtPrecession{8}nSrcEndCols{8000}nSrcStartCols{0}nStartEncPos{10000}nValidPassJets{1280}nValidPrtCols{8310}nValidPrtCtlCnts{1}pDataBuf{0}pNextItem{683142944}
2023-05-05 10:59:23,045 [AppLog] INFO : 使能Pass打印成功：IDP_DoPassPrint2：nLayerIndex{15}nPassID{1}
2023-05-05 10:59:23,061 [AppLog] INFO : PASS打印前关键状态：DEV_GetDeviceInfo2：nLayerIndex{15}nPassID{1}LPPRINTER_INFO:nXSysEncDPI{0}nStatus{0}nPrintStatus{0}bSuperDevice{0}
LPPRINTER_INFO-LPPrtRunInfo:bJobPrtRuning{False}bLayerPrtIsOver{False}nContReqMemErr{0}nContWDErr{0}nCurPrtDir{0}nDTLayerIndex{0}nDTLayerPassIndex{0}nDTPtrCtlIndex{0}nLayerPassCount{0}nPrintLayerIndex{0}nPrintPassIndex{0}nProcLayerIndex{0}nPrtDataMemAddr{0}nPrtState{0}nReverse{System.Int32[]}nRevPrtCols{0}
LPPRINTER_INFO-LPDRVINFO:nFMVersion{0}nFpgaVersion{0}nPCBVersion{0}nState{0}nNextState{0}nPtvwarnState{0}nCrc32{0}nRevInfo{System.UInt32[]}nSignature{0}
2023-05-05 10:59:23,061 [AppLog] INFO : 创建：AutoPrintMotion1=》不需重新创建-手动操作！
2023-05-05 10:59:23,061 [AppLog] INFO : 进入：EquipmentMotionLogic3=》准备创建对象-手动操作！
2023-05-05 10:59:23,061 [AppLog] INFO : 进入：EquipmentMotionLogic3=》不需重新创建-手动操作！
2023-05-05 10:59:23,061 [AppLog] INFO : 进入：EquipmentMotionLogic3=》赋值完成自-AutoPrintMotion2！
2023-05-05 10:59:23,061 [AppLog] INFO : 进入：EquipmentMotionLogic3=》加载配置文件-LoadJsonFile成功！
2023-05-05 10:59:23,061 [AppLog] INFO : 进入：AutoPrintThread3！
2023-05-05 10:59:23,061 [AppLog] INFO : 准备读取编码器位置：X方向！
2023-05-05 10:59:23,061 [AppLog] INFO : 准备运动，当前位置：DEV_GetPrintEncoderValue：MoveDirectionFlag{false为Y方向：False}CurrentPos{20.825}AimPos{425}
2023-05-05 10:59:23,092 [AppLog] INFO : X方向运动开始：DEM_Run：返回值{True}nAxis{0}DirFlag{True}nSpeed{300000}MoveStep{404175}nCtlValue{2}
2023-05-05 10:59:24,980 [AppLog] INFO : X方向到位停止：DEM_StopAxisRun：返回值{True}CurrentPos{418.89}bImmeStop{False}nAxisMask{1}
2023-05-05 10:59:24,980 [AppLog] INFO : 准备读取编码器位置：Y方向！
2023-05-05 10:59:24,980 [AppLog] INFO : 准备运动，编码器当前位置：DEM_GetAxisEncodeVal：MoveDirectionFlag{false为Y方向：True}CurrentPos{98.49}AimPos{147.5}
2023-05-05 10:59:25,182 [AppLog] INFO : Y方向运动开始：DEM_Run：返回值{True}nAxis{1}DirFlag{True}nSpeed{300000}MoveStep{49102.67791}nCtlValue{1}
2023-05-05 10:59:25,245 [AppLog] INFO : Y方向到位停止：DEM_StopAxisRun：返回值{True}CurrentPos{139.76}bImmeStop{False}nAxisMask{2}
2023-05-05 10:59:25,245 [AppLog] INFO : 获取打印Pass数据：IDP_GetPassItem2：nLayerIndex{15}nPassID{2}nProcState{3}LPPassDataItemb:PrtDir{False}nDataTxCompleteCnt{1}nHwMemAdrMatchMask{1}nLayerIndex{15}nLayerPassCount{6}nLayerPassIndex{2}nMinJet0ImgLinePos{2915}nPrtMemHwAddr{System.UInt32[]}nPrtDataOffset{System.UInt32[]}nSrcDataSize{System.UInt32[]}nPrtColBytes{System.UInt32[]}nPrtPrecession{8}nSrcEndCols{8000}nSrcStartCols{0}nStartEncPos{76512}nValidPassJets{1280}nValidPrtCols{8310}nValidPrtCtlCnts{1}pDataBuf{0}pNextItem{683142784}
2023-05-05 10:59:25,260 [AppLog] INFO : 使能Pass打印成功：IDP_DoPassPrint2：nLayerIndex{15}nPassID{2}
2023-05-05 10:59:25,276 [AppLog] INFO : PASS打印前关键状态：DEV_GetDeviceInfo2：nLayerIndex{15}nPassID{2}LPPRINTER_INFO:nXSysEncDPI{0}nStatus{0}nPrintStatus{0}bSuperDevice{0}
LPPRINTER_INFO-LPPrtRunInfo:bJobPrtRuning{False}bLayerPrtIsOver{False}nContReqMemErr{0}nContWDErr{0}nCurPrtDir{0}nDTLayerIndex{0}nDTLayerPassIndex{0}nDTPtrCtlIndex{0}nLayerPassCount{0}nPrintLayerIndex{0}nPrintPassIndex{0}nProcLayerIndex{0}nPrtDataMemAddr{0}nPrtState{0}nReverse{System.Int32[]}nRevPrtCols{0}
LPPRINTER_INFO-LPDRVINFO:nFMVersion{0}nFpgaVersion{0}nPCBVersion{0}nState{0}nNextState{0}nPtvwarnState{0}nCrc32{0}nRevInfo{System.UInt32[]}nSignature{0}
2023-05-05 10:59:25,276 [AppLog] INFO : 创建：AutoPrintMotion1=》不需重新创建-手动操作！
2023-05-05 10:59:25,276 [AppLog] INFO : 进入：EquipmentMotionLogic3=》准备创建对象-手动操作！
2023-05-05 10:59:25,276 [AppLog] INFO : 进入：EquipmentMotionLogic3=》不需重新创建-手动操作！
2023-05-05 10:59:25,292 [AppLog] INFO : 进入：EquipmentMotionLogic3=》赋值完成自-AutoPrintMotion2！
2023-05-05 10:59:25,292 [AppLog] INFO : 进入：EquipmentMotionLogic3=》加载配置文件-LoadJsonFile成功！
2023-05-05 10:59:25,292 [AppLog] INFO : 进入：AutoPrintThread3！
2023-05-05 10:59:25,292 [AppLog] INFO : 准备读取编码器位置：X方向！
2023-05-05 10:59:25,292 [AppLog] INFO : 准备运动，当前位置：DEV_GetPrintEncoderValue：MoveDirectionFlag{false为Y方向：False}CurrentPos{423.295}AimPos{25}
2023-05-05 10:59:25,323 [AppLog] INFO : X方向运动开始：DEM_Run：返回值{True}nAxis{0}DirFlag{False}nSpeed{300000}MoveStep{-398295}nCtlValue{2}
2023-05-05 10:59:27,210 [AppLog] INFO : X方向到位停止：DEM_StopAxisRun：返回值{True}CurrentPos{29.915}bImmeStop{False}nAxisMask{1}
2023-05-05 10:59:27,210 [AppLog] INFO : 准备读取编码器位置：Y方向！
2023-05-05 10:59:27,210 [AppLog] INFO : 准备运动，编码器当前位置：DEM_GetAxisEncodeVal：MoveDirectionFlag{false为Y方向：True}CurrentPos{147.435}AimPos{152.521166666667}
2023-05-05 10:59:27,335 [AppLog] INFO : Y方向运动开始：DEM_Run：返回值{True}nAxis{1}DirFlag{True}nSpeed{300000}MoveStep{5095.78460783332}nCtlValue{1}
2023-05-05 10:59:27,398 [AppLog] INFO : Y方向到位停止：DEM_StopAxisRun：返回值{True}CurrentPos{151.96}bImmeStop{False}nAxisMask{2}
2023-05-05 10:59:27,398 [AppLog] INFO : 获取打印Pass数据：IDP_GetPassItem2：nLayerIndex{15}nPassID{3}nProcState{3}LPPassDataItemb:PrtDir{True}nDataTxCompleteCnt{1}nHwMemAdrMatchMask{1}nLayerIndex{15}nLayerPassCount{6}nLayerPassIndex{3}nMinJet0ImgLinePos{4195}nPrtMemHwAddr{System.UInt32[]}nPrtDataOffset{System.UInt32[]}nSrcDataSize{System.UInt32[]}nPrtColBytes{System.UInt32[]}nPrtPrecession{8}nSrcEndCols{8000}nSrcStartCols{0}nStartEncPos{10000}nValidPassJets{1280}nValidPrtCols{8310}nValidPrtCtlCnts{1}pDataBuf{0}pNextItem{683142624}
2023-05-05 10:59:27,398 [AppLog] INFO : 使能Pass打印成功：IDP_DoPassPrint2：nLayerIndex{15}nPassID{3}
2023-05-05 10:59:27,413 [AppLog] INFO : PASS打印前关键状态：DEV_GetDeviceInfo2：nLayerIndex{15}nPassID{3}LPPRINTER_INFO:nXSysEncDPI{0}nStatus{0}nPrintStatus{0}bSuperDevice{0}
LPPRINTER_INFO-LPPrtRunInfo:bJobPrtRuning{False}bLayerPrtIsOver{False}nContReqMemErr{0}nContWDErr{0}nCurPrtDir{0}nDTLayerIndex{0}nDTLayerPassIndex{0}nDTPtrCtlIndex{0}nLayerPassCount{0}nPrintLayerIndex{0}nPrintPassIndex{0}nProcLayerIndex{0}nPrtDataMemAddr{0}nPrtState{0}nReverse{System.Int32[]}nRevPrtCols{0}
LPPRINTER_INFO-LPDRVINFO:nFMVersion{0}nFpgaVersion{0}nPCBVersion{0}nState{0}nNextState{0}nPtvwarnState{0}nCrc32{0}nRevInfo{System.UInt32[]}nSignature{0}
2023-05-05 10:59:27,413 [AppLog] INFO : 创建：AutoPrintMotion1=》不需重新创建-手动操作！
2023-05-05 10:59:27,413 [AppLog] INFO : 进入：EquipmentMotionLogic3=》准备创建对象-手动操作！
2023-05-05 10:59:27,413 [AppLog] INFO : 进入：EquipmentMotionLogic3=》不需重新创建-手动操作！
2023-05-05 10:59:27,413 [AppLog] INFO : 进入：EquipmentMotionLogic3=》赋值完成自-AutoPrintMotion2！
2023-05-05 10:59:27,413 [AppLog] INFO : 进入：EquipmentMotionLogic3=》加载配置文件-LoadJsonFile成功！
2023-05-05 10:59:27,413 [AppLog] INFO : 进入：AutoPrintThread3！
2023-05-05 10:59:27,413 [AppLog] INFO : 准备读取编码器位置：X方向！
2023-05-05 10:59:27,413 [AppLog] INFO : 准备运动，当前位置：DEV_GetPrintEncoderValue：MoveDirectionFlag{false为Y方向：False}CurrentPos{26.665}AimPos{425}
2023-05-05 10:59:27,444 [AppLog] INFO : X方向运动开始：DEM_Run：返回值{True}nAxis{0}DirFlag{True}nSpeed{300000}MoveStep{398335}nCtlValue{2}
2023-05-05 10:59:29,332 [AppLog] INFO : X方向到位停止：DEM_StopAxisRun：返回值{True}CurrentPos{420.235}bImmeStop{False}nAxisMask{1}
2023-05-05 10:59:29,332 [AppLog] INFO : 准备读取编码器位置：Y方向！
2023-05-05 10:59:29,348 [AppLog] INFO : 准备运动，编码器当前位置：DEM_GetAxisEncodeVal：MoveDirectionFlag{false为Y方向：True}CurrentPos{152.545}AimPos{201.5}
2023-05-05 10:59:29,550 [AppLog] INFO : Y方向运动开始：DEM_Run：返回值{True}nAxis{1}DirFlag{True}nSpeed{300000}MoveStep{49047.573905}nCtlValue{1}
2023-05-05 10:59:29,613 [AppLog] INFO : Y方向到位停止：DEM_StopAxisRun：返回值{True}CurrentPos{193.99}bImmeStop{False}nAxisMask{2}
2023-05-05 10:59:29,613 [AppLog] INFO : 获取打印Pass数据：IDP_GetPassItem2：nLayerIndex{15}nPassID{4}nProcState{3}LPPassDataItemb:PrtDir{False}nDataTxCompleteCnt{1}nHwMemAdrMatchMask{1}nLayerIndex{15}nLayerPassCount{6}nLayerPassIndex{4}nMinJet0ImgLinePos{5475}nPrtMemHwAddr{System.UInt32[]}nPrtDataOffset{System.UInt32[]}nSrcDataSize{System.UInt32[]}nPrtColBytes{System.UInt32[]}nPrtPrecession{8}nSrcEndCols{8000}nSrcStartCols{0}nStartEncPos{76512}nValidPassJets{1280}nValidPrtCols{8310}nValidPrtCtlCnts{1}pDataBuf{0}pNextItem{683142464}
2023-05-05 10:59:29,628 [AppLog] INFO : 使能Pass打印成功：IDP_DoPassPrint2：nLayerIndex{15}nPassID{4}
2023-05-05 10:59:29,628 [AppLog] INFO : PASS打印前关键状态：DEV_GetDeviceInfo2：nLayerIndex{15}nPassID{4}LPPRINTER_INFO:nXSysEncDPI{0}nStatus{0}nPrintStatus{0}bSuperDevice{0}
LPPRINTER_INFO-LPPrtRunInfo:bJobPrtRuning{False}bLayerPrtIsOver{False}nContReqMemErr{0}nContWDErr{0}nCurPrtDir{0}nDTLayerIndex{0}nDTLayerPassIndex{0}nDTPtrCtlIndex{0}nLayerPassCount{0}nPrintLayerIndex{0}nPrintPassIndex{0}nProcLayerIndex{0}nPrtDataMemAddr{0}nPrtState{0}nReverse{System.Int32[]}nRevPrtCols{0}
LPPRINTER_INFO-LPDRVINFO:nFMVersion{0}nFpgaVersion{0}nPCBVersion{0}nState{0}nNextState{0}nPtvwarnState{0}nCrc32{0}nRevInfo{System.UInt32[]}nSignature{0}
2023-05-05 10:59:29,628 [AppLog] INFO : 创建：AutoPrintMotion1=》不需重新创建-手动操作！
2023-05-05 10:59:29,628 [AppLog] INFO : 进入：EquipmentMotionLogic3=》准备创建对象-手动操作！
2023-05-05 10:59:29,628 [AppLog] INFO : 进入：EquipmentMotionLogic3=》不需重新创建-手动操作！
2023-05-05 10:59:29,628 [AppLog] INFO : 进入：EquipmentMotionLogic3=》赋值完成自-AutoPrintMotion2！
2023-05-05 10:59:29,628 [AppLog] INFO : 进入：EquipmentMotionLogic3=》加载配置文件-LoadJsonFile成功！
2023-05-05 10:59:29,628 [AppLog] INFO : 进入：AutoPrintThread3！
2023-05-05 10:59:29,628 [AppLog] INFO : 准备读取编码器位置：X方向！
2023-05-05 10:59:29,628 [AppLog] INFO : 准备运动，当前位置：DEV_GetPrintEncoderValue：MoveDirectionFlag{false为Y方向：False}CurrentPos{423.33}AimPos{25}
2023-05-05 10:59:29,660 [AppLog] INFO : X方向运动开始：DEM_Run：返回值{True}nAxis{0}DirFlag{False}nSpeed{300000}MoveStep{-398330}nCtlValue{2}
2023-05-05 10:59:31,547 [AppLog] INFO : X方向到位停止：DEM_StopAxisRun：返回值{True}CurrentPos{30.675}bImmeStop{False}nAxisMask{1}
2023-05-05 10:59:31,547 [AppLog] INFO : 准备读取编码器位置：Y方向！
2023-05-05 10:59:31,547 [AppLog] INFO : 准备运动，编码器当前位置：DEM_GetAxisEncodeVal：MoveDirectionFlag{false为Y方向：True}CurrentPos{201.51}AimPos{206.521166666667}
2023-05-05 10:59:31,750 [AppLog] INFO : Y方向运动开始：DEM_Run：返回值{False}nAxis{1}DirFlag{True}nSpeed{300000}MoveStep{5020.64278283333}nCtlValue{1}
2023-05-05 10:59:31,812 [AppLog] INFO : Y方向到位停止：DEM_StopAxisRun：返回值{True}CurrentPos{206.54}bImmeStop{False}nAxisMask{2}
2023-05-05 10:59:31,812 [AppLog] INFO : 获取打印Pass数据：IDP_GetPassItem2：nLayerIndex{15}nPassID{5}nProcState{3}LPPassDataItemb:PrtDir{True}nDataTxCompleteCnt{1}nHwMemAdrMatchMask{1}nLayerIndex{15}nLayerPassCount{6}nLayerPassIndex{5}nMinJet0ImgLinePos{6755}nPrtMemHwAddr{System.UInt32[]}nPrtDataOffset{System.UInt32[]}nSrcDataSize{System.UInt32[]}nPrtColBytes{System.UInt32[]}nPrtPrecession{8}nSrcEndCols{8000}nSrcStartCols{0}nStartEncPos{10000}nValidPassJets{1280}nValidPrtCols{8310}nValidPrtCtlCnts{1}pDataBuf{0}pNextItem{0}
2023-05-05 10:59:31,828 [AppLog] INFO : 使能Pass打印成功：IDP_DoPassPrint2：nLayerIndex{15}nPassID{5}
2023-05-05 10:59:31,828 [AppLog] INFO : PASS打印前关键状态：DEV_GetDeviceInfo2：nLayerIndex{15}nPassID{5}LPPRINTER_INFO:nXSysEncDPI{0}nStatus{0}nPrintStatus{0}bSuperDevice{0}
LPPRINTER_INFO-LPPrtRunInfo:bJobPrtRuning{False}bLayerPrtIsOver{False}nContReqMemErr{0}nContWDErr{0}nCurPrtDir{0}nDTLayerIndex{0}nDTLayerPassIndex{0}nDTPtrCtlIndex{0}nLayerPassCount{0}nPrintLayerIndex{0}nPrintPassIndex{0}nProcLayerIndex{0}nPrtDataMemAddr{0}nPrtState{0}nReverse{System.Int32[]}nRevPrtCols{0}
LPPRINTER_INFO-LPDRVINFO:nFMVersion{0}nFpgaVersion{0}nPCBVersion{0}nState{0}nNextState{0}nPtvwarnState{0}nCrc32{0}nRevInfo{System.UInt32[]}nSignature{0}
2023-05-05 10:59:31,828 [AppLog] INFO : 创建：AutoPrintMotion1=》不需重新创建-手动操作！
2023-05-05 10:59:31,828 [AppLog] INFO : 进入：EquipmentMotionLogic3=》准备创建对象-手动操作！
2023-05-05 10:59:31,828 [AppLog] INFO : 进入：EquipmentMotionLogic3=》不需重新创建-手动操作！
2023-05-05 10:59:31,828 [AppLog] INFO : 进入：EquipmentMotionLogic3=》赋值完成自-AutoPrintMotion2！
2023-05-05 10:59:31,828 [AppLog] INFO : 进入：EquipmentMotionLogic3=》加载配置文件-LoadJsonFile成功！
2023-05-05 10:59:31,828 [AppLog] INFO : 进入：AutoPrintThread3！
2023-05-05 10:59:31,828 [AppLog] INFO : 准备读取编码器位置：X方向！
2023-05-05 10:59:31,828 [AppLog] INFO : 准备运动，当前位置：DEV_GetPrintEncoderValue：MoveDirectionFlag{false为Y方向：False}CurrentPos{26.69}AimPos{425}
2023-05-05 10:59:31,859 [AppLog] INFO : X方向运动开始：DEM_Run：返回值{True}nAxis{0}DirFlag{True}nSpeed{300000}MoveStep{398310}nCtlValue{2}
2023-05-05 10:59:33,747 [AppLog] INFO : X方向到位停止：DEM_StopAxisRun：返回值{True}CurrentPos{419.615}bImmeStop{False}nAxisMask{1}
2023-05-05 10:59:33,747 [AppLog] INFO : 准备读取编码器位置：X方向！
2023-05-05 10:59:33,747 [AppLog] INFO : 准备运动，当前位置：DEV_GetPrintEncoderValue：MoveDirectionFlag{false为Y方向：False}CurrentPos{419.7}AimPos{780}
2023-05-05 10:59:33,778 [AppLog] INFO : X方向运动开始：DEM_Run：返回值{True}nAxis{0}DirFlag{True}nSpeed{300000}MoveStep{360300}nCtlValue{2}
2023-05-05 10:59:33,840 [AppLog] INFO : 准备读取编码器位置：Y方向！
2023-05-05 10:59:33,840 [AppLog] INFO : 准备运动，编码器当前位置：DEM_GetAxisEncodeVal：MoveDirectionFlag{false为Y方向：True}CurrentPos{206.53}AimPos{121}
2023-05-05 10:59:34,152 [AppLog] INFO : Y方向运动开始：DEM_Run：返回值{True}nAxis{1}DirFlag{False}nSpeed{300000}MoveStep{-85691.73723}nCtlValue{1}
2023-05-05 10:59:35,541 [AppLog] INFO : Y方向到位等停：DEM_StopAxisRun：返回值{True}bImmeStop{False}nAxisMask{1}
2023-05-05 10:59:35,541 [AppLog] INFO : X方向到位等停：DEM_StopAxisRun：返回值{True}bImmeStop{False}nAxisMask{2}
2023-05-05 10:59:35,556 [AppLog] INFO : 开启闪喷操作：IDP_FlashPrtCtl：返回值{True}
2023-05-05 10:59:35,556 [AppLog] INFO : 进入：EquipmentMotionLogic3=》准备创建对象-手动操作！
2023-05-05 10:59:35,556 [AppLog] INFO : 进入：EquipmentMotionLogic3=》不需重新创建-手动操作！
2023-05-05 10:59:35,556 [AppLog] INFO : 进入：EquipmentMotionLogic3=》赋值完成自-AutoPrintMotion2！
2023-05-05 10:59:35,556 [AppLog] INFO : 进入：EquipmentMotionLogic3=》加载配置文件-LoadJsonFile成功！
2023-05-05 10:59:35,556 [AppLog] INFO : 进入自动铺粉逻辑：NewAutoSupplyPowderThread2
2023-05-05 10:59:35,650 [AppLog] INFO : 手动正向点动指令（8轴运控板卡系统） ====》：输出AXIS{第1轴},点动量{-0.13MM},运动速度{2MM/s}
2023-05-05 10:59:35,650 [AppLog] INFO : 成形面高度下降层厚 TrapSpace{0.13mm}：TrapMoveUp(1, true, Convert.ToString(vel), Convert.ToString(TrapSpace), true, true）
2023-05-05 10:59:36,414 [AppLog] INFO : 手动正向点动指令（8轴运控板卡系统） ====》：输出AXIS{第1轴},点动量{-1.5MM},运动速度{2MM/s}
2023-05-05 10:59:36,414 [AppLog] INFO : 成形面高度下降指定厚度 TrapSpace{1.5mm}：TrapMoveUp(1, true, Convert.ToString(vel), Convert.ToString(TrapSpace), true, true）
2023-05-05 10:59:37,194 [AppLog] INFO : 手动正向点动指令（8轴运控板卡系统） ====》：输出AXIS{第1轴},点动量{1.5MM},运动速度{2MM/s}
2023-05-05 10:59:37,194 [AppLog] INFO : 成形面高度上升层厚 TrapSpace{1.5mm}：TrapMoveUp(1, true, Convert.ToString(vel), Convert.ToString(TrapSpace), true, true）
2023-05-05 10:59:37,397 [AppLog] INFO : 手动正向点动指令（8轴运控板卡系统） ====》：输出AXIS{第8轴},点动量{0.5MM},运动速度{2.5MM/s}
2023-05-05 10:59:37,413 [AppLog] INFO : Hopper落粉轴转2圈落粉，速度0.5rev/s：TrapMoveUp(8, true, 0.5, rotateNuM.ToString(), true, false)
2023-05-05 10:59:38,427 [AppLog] INFO : 开启铺粉车不等停运动，准备运动至准备打印位置215mm，速度250mm/s：BackToStation2
2023-05-05 10:59:39,285 [AppLog] INFO : 手动正向点动指令（8轴运控板卡系统） ====》：输出AXIS{第2轴},点动量{216.5MM},运动速度{250MM/s}
2023-05-05 10:59:39,285 [AppLog] INFO : 当前铺粉车位置：打印位置215mm
2023-05-05 10:59:39,285 [AppLog] INFO : 手动正向点动指令（8轴运控板卡系统） ====》：输出AXIS{第2轴},点动量{480MM},运动速度{25MM/s}
2023-05-05 10:59:39,285 [AppLog] INFO : 开启铺粉车不等停运动至准备打印位置695mm，速度25mm/s：BackToStation2
2023-05-05 10:59:39,410 [AppLog] INFO : 打开IR灯：OpenIRLamp(true)
2023-05-05 10:59:39,534 [AppLog] INFO : 手动正向点动指令（8轴运控板卡系统） ====》：输出AXIS{第3轴},点动量{0.125MM},运动速度{1MM/s}
2023-05-05 10:59:39,534 [AppLog] INFO : 在{40mm}处，落粉轴运动{45度}，落粉轴转速{1rev/s}：TrapMoveUp(3, true, Convert.ToString(DispenseRollerSpeed), 0.5, true, true)
2023-05-05 10:59:39,534 [AppLog] INFO : 手动正向点动指令（8轴运控板卡系统） ====》：输出AXIS{第3轴},点动量{0.5MM},运动速度{0.0376712328767123MM/s}
2023-05-05 10:59:39,550 [AppLog] INFO : 开启均匀落粉及辊子铺平运动：TrapMoveUp(3, true, Convert.ToString(DispenseRollerSpeed), 0.5, true, true)
2023-05-05 10:59:51,219 [AppLog] INFO : 关闭IR灯：OpenIRLamp(false)
2023-05-05 10:59:55,758 [AppLog] INFO : 手动正向点动指令（8轴运控板卡系统） ====》：输出AXIS{第3轴},点动量{0.5MM},运动速度{2MM/s}
2023-05-05 10:59:55,758 [AppLog] INFO : 落粉轴继续转动以倒掉余粉：TrapMoveUp(3, true, 2, 0.5, true, false)
2023-05-05 10:59:59,268 [AppLog] INFO : 手动正向点动指令（8轴运控板卡系统） ====》：输出AXIS{第1轴},点动量{-1.5MM},运动速度{2MM/s}
2023-05-05 10:59:59,268 [AppLog] INFO : 成形面高度下降指定厚度 TrapSpace{1.5mm}：TrapMoveUp(1, true, Convert.ToString(vel), Convert.ToString(TrapSpace), true, true）
