2023-04-25 15:02:33,187 [AppLog] INFO : 手动停止自动进给铺粉过程：AutoSupplyPowderBtn_Click
2023-04-25 15:02:34,700 [AppLog] INFO : 手动开启自动进给铺粉过程：AutoSupplyPowderBtn_Click
2023-04-25 15:02:35,200 [AppLog] INFO : 手动开启自动进给铺粉过程：AutoSupplyPowderBtn_Click
2023-04-25 15:02:35,200 [AppLog] INFO : 开启手动铺粉逻辑：NewAutoSupplyPowderThread
2023-04-25 15:02:35,278 [AppLog] INFO : 手动正向点动指令（8轴运控板卡系统） ====》：输出AXIS{第1轴},点动量{-0.1MM},运动速度{2MM/s}
2023-04-25 15:02:35,278 [AppLog] INFO : 成形面高度下降层厚 TrapSpace{0.1mm}：TrapMoveUp(1, true, Convert.ToString(vel), Convert.ToString(TrapSpace), true, true）
2023-04-25 15:02:36,042 [AppLog] INFO : 手动正向点动指令（8轴运控板卡系统） ====》：输出AXIS{第1轴},点动量{-1.5MM},运动速度{2MM/s}
2023-04-25 15:02:36,058 [AppLog] INFO : 成形面高度下降指定厚度 TrapSpace{1.5mm}：TrapMoveUp(1, true, Convert.ToString(vel), Convert.ToString(TrapSpace), true, true）
2023-04-25 15:02:36,822 [AppLog] INFO : 手动正向点动指令（8轴运控板卡系统） ====》：输出AXIS{第1轴},点动量{1.5MM},运动速度{2MM/s}
2023-04-25 15:02:36,822 [AppLog] INFO : 成形面高度上升层厚 TrapSpace{1.5mm}：TrapMoveUp(1, true, Convert.ToString(vel), Convert.ToString(TrapSpace), true, true）
2023-04-25 15:02:37,228 [AppLog] INFO : 手动正向点动指令（8轴运控板卡系统） ====》：输出AXIS{第8轴},点动量{1MM},运动速度{2.5MM/s}
2023-04-25 15:02:37,228 [AppLog] INFO : Hopper落粉轴转2圈落粉，速度0.5rev/s：TrapMoveUp(8, true, 0.5, rotateNuM.ToString(), true, false)
2023-04-25 15:02:38,242 [AppLog] INFO : 开启铺粉车不等停运动至准备打印位置215mm，速度250mm/s：BackToStation2
2023-04-25 15:02:39,100 [AppLog] INFO : 手动正向点动指令（8轴运控板卡系统） ====》：输出AXIS{第2轴},点动量{216.5MM},运动速度{250MM/s}
2023-04-25 15:02:39,100 [AppLog] INFO : 当前铺粉车位置：打印位置215mm
2023-04-25 15:02:39,100 [AppLog] INFO : 手动正向点动指令（8轴运控板卡系统） ====》：输出AXIS{第2轴},点动量{480MM},运动速度{40MM/s}
2023-04-25 15:02:39,100 [AppLog] INFO : 开启铺粉车不等停运动至站2，速度0.5rev/s：BackToStation2
2023-04-25 15:02:39,131 [AppLog] INFO : 打开UV灯：OpenUVLamp(true, 0, 1000, 0, 1000)
2023-04-25 15:02:39,131 [AppLog] INFO : 手动正向点动指令（8轴运控板卡系统） ====》：输出AXIS{第3轴},点动量{0.5MM},运动速度{0.0602739726027397MM/s}
2023-04-25 15:02:39,131 [AppLog] INFO : 开启均匀落粉及辊子铺平运动：TrapMoveUp(3, true, Convert.ToString(DispenseRollerSpeed), 0.5, true, true)
2023-04-25 15:02:47,492 [AppLog] INFO : 关闭UV灯：OpenUVLamp(false, 0, 1000, 0, 1000)
2023-04-25 15:02:49,489 [AppLog] INFO : 手动正向点动指令（8轴运控板卡系统） ====》：输出AXIS{第3轴},点动量{0.5MM},运动速度{2MM/s}
2023-04-25 15:02:49,489 [AppLog] INFO : 落粉轴继续转动以倒掉余粉：TrapMoveUp(3, true, 2, 0.5, true, false)
2023-04-25 15:02:51,876 [AppLog] INFO : 手动正向点动指令（8轴运控板卡系统） ====》：输出AXIS{第1轴},点动量{-1.5MM},运动速度{2MM/s}
2023-04-25 15:02:51,876 [AppLog] INFO : 成形面高度下降指定厚度 TrapSpace{1.5mm}：TrapMoveUp(1, true, Convert.ToString(vel), Convert.ToString(TrapSpace), true, true）
2023-04-25 15:02:54,668 [AppLog] INFO : 手动正向点动指令（8轴运控板卡系统） ====》：输出AXIS{第2轴},点动量{-696.5MM},运动速度{250MM/s}
2023-04-25 15:02:54,668 [AppLog] INFO : 铺粉车返回至站1：BackToStation2(AimPos, MovSpeed, true)：-1.5mm，速度250mm/s：BackToStation2
2023-04-25 15:02:55,058 [AppLog] INFO : 落粉轴回零成功：motionMap.SetBackSpreaderAxis(3, 0.5, 2, -SinkPosition)：ReturnCode{True}
2023-04-25 15:02:55,823 [AppLog] INFO : 手动正向点动指令（8轴运控板卡系统） ====》：输出AXIS{第1轴},点动量{1.5MM},运动速度{2MM/s}
2023-04-25 15:02:55,823 [AppLog] INFO : 成形面高度上升层厚 TrapSpace{1.5mm}：TrapMoveUp(1, true, Convert.ToString(vel), Convert.ToString(TrapSpace), true, true）
2023-04-25 15:02:55,823 [AppLog] INFO : 手动铺粉正常结束：NewAutoSupplyPowderThread
2023-04-25 15:02:55,823 [AppLog] INFO : 发送监控指令，拍照记录1条：SendMessageFromSharedMemory
2023-04-25 15:09:31,658 [AppLog] INFO : 退出手动调试子模块,已执行修改
==========================================================================
2023-04-25 15:09:33,857 [AppLog] INFO : 进入手动调试子模块！
2023-04-25 15:09:33,857 [AppLog] INFO : 进入：ManulBtn_Click=》准备创建对象-手动操作！
2023-04-25 15:09:33,889 [AppLog] INFO : 创建：ManualControl=》创建完成-手动操作！
2023-04-25 15:09:33,889 [AppLog] INFO : 加载成功：温控Modbus接口！
2023-04-25 15:09:36,338 [AppLog] INFO : 手动开启自动进给铺粉过程：AutoSupplyPowderBtn_Click
2023-04-25 15:09:36,338 [AppLog] INFO : 开启手动铺粉逻辑：NewAutoSupplyPowderThread
2023-04-25 15:09:36,416 [AppLog] INFO : 手动正向点动指令（8轴运控板卡系统） ====》：输出AXIS{第1轴},点动量{-0.1MM},运动速度{2MM/s}
2023-04-25 15:09:36,416 [AppLog] INFO : 成形面高度下降层厚 TrapSpace{0.1mm}：TrapMoveUp(1, true, Convert.ToString(vel), Convert.ToString(TrapSpace), true, true）
2023-04-25 15:09:37,196 [AppLog] INFO : 手动正向点动指令（8轴运控板卡系统） ====》：输出AXIS{第1轴},点动量{-1.5MM},运动速度{2MM/s}
2023-04-25 15:09:37,196 [AppLog] INFO : 成形面高度下降指定厚度 TrapSpace{1.5mm}：TrapMoveUp(1, true, Convert.ToString(vel), Convert.ToString(TrapSpace), true, true）
2023-04-25 15:09:37,960 [AppLog] INFO : 手动正向点动指令（8轴运控板卡系统） ====》：输出AXIS{第1轴},点动量{1.5MM},运动速度{2MM/s}
2023-04-25 15:09:37,960 [AppLog] INFO : 成形面高度上升层厚 TrapSpace{1.5mm}：TrapMoveUp(1, true, Convert.ToString(vel), Convert.ToString(TrapSpace), true, true）
2023-04-25 15:09:38,179 [AppLog] INFO : 手动正向点动指令（8轴运控板卡系统） ====》：输出AXIS{第8轴},点动量{0.5MM},运动速度{2.5MM/s}
2023-04-25 15:09:38,179 [AppLog] INFO : Hopper落粉轴转2圈落粉，速度0.5rev/s：TrapMoveUp(8, true, 0.5, rotateNuM.ToString(), true, false)
2023-04-25 15:09:39,193 [AppLog] INFO : 开启铺粉车不等停运动至准备打印位置215mm，速度250mm/s：BackToStation2
2023-04-25 15:09:40,051 [AppLog] INFO : 手动正向点动指令（8轴运控板卡系统） ====》：输出AXIS{第2轴},点动量{216.5MM},运动速度{250MM/s}
2023-04-25 15:09:40,051 [AppLog] INFO : 当前铺粉车位置：打印位置215mm
2023-04-25 15:09:40,051 [AppLog] INFO : 手动正向点动指令（8轴运控板卡系统） ====》：输出AXIS{第2轴},点动量{480MM},运动速度{40MM/s}
2023-04-25 15:09:40,051 [AppLog] INFO : 开启铺粉车不等停运动至站2，速度0.5rev/s：BackToStation2
2023-04-25 15:09:40,082 [AppLog] INFO : 打开UV灯：OpenUVLamp(true, 0, 1000, 0, 1000)
2023-04-25 15:09:40,082 [AppLog] INFO : 手动正向点动指令（8轴运控板卡系统） ====》：输出AXIS{第3轴},点动量{0.5MM},运动速度{0.0602739726027397MM/s}
2023-04-25 15:09:40,082 [AppLog] INFO : 开启均匀落粉及辊子铺平运动：TrapMoveUp(3, true, Convert.ToString(DispenseRollerSpeed), 0.5, true, true)
2023-04-25 15:09:48,444 [AppLog] INFO : 关闭UV灯：OpenUVLamp(false, 0, 1000, 0, 1000)
2023-04-25 15:09:50,440 [AppLog] INFO : 手动正向点动指令（8轴运控板卡系统） ====》：输出AXIS{第3轴},点动量{0.5MM},运动速度{2MM/s}
2023-04-25 15:09:50,456 [AppLog] INFO : 落粉轴继续转动以倒掉余粉：TrapMoveUp(3, true, 2, 0.5, true, false)
2023-04-25 15:09:52,843 [AppLog] INFO : 手动正向点动指令（8轴运控板卡系统） ====》：输出AXIS{第1轴},点动量{-1.5MM},运动速度{2MM/s}
2023-04-25 15:09:52,843 [AppLog] INFO : 成形面高度下降指定厚度 TrapSpace{1.5mm}：TrapMoveUp(1, true, Convert.ToString(vel), Convert.ToString(TrapSpace), true, true）
2023-04-25 15:09:55,620 [AppLog] INFO : 手动正向点动指令（8轴运控板卡系统） ====》：输出AXIS{第2轴},点动量{-696.5MM},运动速度{250MM/s}
2023-04-25 15:09:55,620 [AppLog] INFO : 铺粉车返回至站1：BackToStation2(AimPos, MovSpeed, true)：-1.5mm，速度250mm/s：BackToStation2
2023-04-25 15:09:56,010 [AppLog] INFO : 落粉轴回零成功：motionMap.SetBackSpreaderAxis(3, 0.5, 2, -SinkPosition)：ReturnCode{True}
2023-04-25 15:09:56,774 [AppLog] INFO : 手动正向点动指令（8轴运控板卡系统） ====》：输出AXIS{第1轴},点动量{1.5MM},运动速度{2MM/s}
2023-04-25 15:09:56,774 [AppLog] INFO : 成形面高度上升层厚 TrapSpace{1.5mm}：TrapMoveUp(1, true, Convert.ToString(vel), Convert.ToString(TrapSpace), true, true）
2023-04-25 15:09:56,774 [AppLog] INFO : 手动铺粉正常结束：NewAutoSupplyPowderThread
2023-04-25 15:09:56,774 [AppLog] INFO : 发送监控指令，拍照记录1条：SendMessageFromSharedMemory
2023-04-25 15:10:07,444 [AppLog] INFO : 手动停止自动进给铺粉过程：AutoSupplyPowderBtn_Click
2023-04-25 15:10:08,989 [AppLog] INFO : 手动开启自动进给铺粉过程：AutoSupplyPowderBtn_Click
2023-04-25 15:10:10,128 [AppLog] INFO : 手动开启自动进给铺粉过程：AutoSupplyPowderBtn_Click
2023-04-25 15:10:10,128 [AppLog] INFO : 开启手动铺粉逻辑：NewAutoSupplyPowderThread
2023-04-25 15:10:10,206 [AppLog] INFO : 手动正向点动指令（8轴运控板卡系统） ====》：输出AXIS{第1轴},点动量{-0.1MM},运动速度{2MM/s}
2023-04-25 15:10:10,206 [AppLog] INFO : 成形面高度下降层厚 TrapSpace{0.1mm}：TrapMoveUp(1, true, Convert.ToString(vel), Convert.ToString(TrapSpace), true, true）
2023-04-25 15:10:10,986 [AppLog] INFO : 手动正向点动指令（8轴运控板卡系统） ====》：输出AXIS{第1轴},点动量{-1.5MM},运动速度{2MM/s}
2023-04-25 15:10:10,986 [AppLog] INFO : 成形面高度下降指定厚度 TrapSpace{1.5mm}：TrapMoveUp(1, true, Convert.ToString(vel), Convert.ToString(TrapSpace), true, true）
2023-04-25 15:10:11,750 [AppLog] INFO : 手动正向点动指令（8轴运控板卡系统） ====》：输出AXIS{第1轴},点动量{1.5MM},运动速度{2MM/s}
2023-04-25 15:10:11,750 [AppLog] INFO : 成形面高度上升层厚 TrapSpace{1.5mm}：TrapMoveUp(1, true, Convert.ToString(vel), Convert.ToString(TrapSpace), true, true）
2023-04-25 15:10:11,968 [AppLog] INFO : 手动正向点动指令（8轴运控板卡系统） ====》：输出AXIS{第8轴},点动量{0.5MM},运动速度{2.5MM/s}
2023-04-25 15:10:11,968 [AppLog] INFO : Hopper落粉轴转2圈落粉，速度0.5rev/s：TrapMoveUp(8, true, 0.5, rotateNuM.ToString(), true, false)
2023-04-25 15:10:12,982 [AppLog] INFO : 开启铺粉车不等停运动至准备打印位置215mm，速度250mm/s：BackToStation2
2023-04-25 15:10:13,840 [AppLog] INFO : 手动正向点动指令（8轴运控板卡系统） ====》：输出AXIS{第2轴},点动量{216.5MM},运动速度{250MM/s}
2023-04-25 15:10:13,840 [AppLog] INFO : 当前铺粉车位置：打印位置215mm
2023-04-25 15:10:13,840 [AppLog] INFO : 手动正向点动指令（8轴运控板卡系统） ====》：输出AXIS{第2轴},点动量{480MM},运动速度{40MM/s}
2023-04-25 15:10:13,840 [AppLog] INFO : 开启铺粉车不等停运动至站2，速度0.5rev/s：BackToStation2
2023-04-25 15:10:13,887 [AppLog] INFO : 打开UV灯：OpenUVLamp(true, 0, 1000, 0, 1000)
2023-04-25 15:10:13,887 [AppLog] INFO : 手动正向点动指令（8轴运控板卡系统） ====》：输出AXIS{第3轴},点动量{0.5MM},运动速度{0.0602739726027397MM/s}
2023-04-25 15:10:13,887 [AppLog] INFO : 开启均匀落粉及辊子铺平运动：TrapMoveUp(3, true, Convert.ToString(DispenseRollerSpeed), 0.5, true, true)
2023-04-25 15:10:22,233 [AppLog] INFO : 关闭UV灯：OpenUVLamp(false, 0, 1000, 0, 1000)
2023-04-25 15:10:24,230 [AppLog] INFO : 手动正向点动指令（8轴运控板卡系统） ====》：输出AXIS{第3轴},点动量{0.5MM},运动速度{2MM/s}
2023-04-25 15:10:24,230 [AppLog] INFO : 落粉轴继续转动以倒掉余粉：TrapMoveUp(3, true, 2, 0.5, true, false)
2023-04-25 15:10:26,617 [AppLog] INFO : 手动正向点动指令（8轴运控板卡系统） ====》：输出AXIS{第1轴},点动量{-1.5MM},运动速度{2MM/s}
2023-04-25 15:10:26,617 [AppLog] INFO : 成形面高度下降指定厚度 TrapSpace{1.5mm}：TrapMoveUp(1, true, Convert.ToString(vel), Convert.ToString(TrapSpace), true, true）
2023-04-25 15:10:29,409 [AppLog] INFO : 手动正向点动指令（8轴运控板卡系统） ====》：输出AXIS{第2轴},点动量{-696.5MM},运动速度{250MM/s}
2023-04-25 15:10:29,409 [AppLog] INFO : 铺粉车返回至站1：BackToStation2(AimPos, MovSpeed, true)：-1.5mm，速度250mm/s：BackToStation2
2023-04-25 15:10:29,799 [AppLog] INFO : 落粉轴回零成功：motionMap.SetBackSpreaderAxis(3, 0.5, 2, -SinkPosition)：ReturnCode{True}
2023-04-25 15:10:30,564 [AppLog] INFO : 手动正向点动指令（8轴运控板卡系统） ====》：输出AXIS{第1轴},点动量{1.5MM},运动速度{2MM/s}
2023-04-25 15:10:30,564 [AppLog] INFO : 成形面高度上升层厚 TrapSpace{1.5mm}：TrapMoveUp(1, true, Convert.ToString(vel), Convert.ToString(TrapSpace), true, true）
2023-04-25 15:10:30,564 [AppLog] INFO : 手动铺粉正常结束：NewAutoSupplyPowderThread
2023-04-25 15:10:30,564 [AppLog] INFO : 发送监控指令，拍照记录1条：SendMessageFromSharedMemory
2023-04-25 15:10:32,295 [AppLog] INFO : 手动停止自动进给铺粉过程：AutoSupplyPowderBtn_Click
2023-04-25 15:10:33,450 [AppLog] INFO : 手动开启自动进给铺粉过程：AutoSupplyPowderBtn_Click
2023-04-25 15:10:34,635 [AppLog] INFO : 手动开启自动进给铺粉过程：AutoSupplyPowderBtn_Click
2023-04-25 15:10:34,635 [AppLog] INFO : 开启手动铺粉逻辑：NewAutoSupplyPowderThread
2023-04-25 15:10:34,713 [AppLog] INFO : 手动正向点动指令（8轴运控板卡系统） ====》：输出AXIS{第1轴},点动量{-0.1MM},运动速度{2MM/s}
2023-04-25 15:10:34,713 [AppLog] INFO : 成形面高度下降层厚 TrapSpace{0.1mm}：TrapMoveUp(1, true, Convert.ToString(vel), Convert.ToString(TrapSpace), true, true）
2023-04-25 15:10:35,103 [AppLog] INFO : 手动停止自动进给铺粉过程：AutoSupplyPowderBtn_Click
2023-04-25 15:10:35,493 [AppLog] INFO : 手动正向点动指令（8轴运控板卡系统） ====》：输出AXIS{第1轴},点动量{-1.5MM},运动速度{2MM/s}
2023-04-25 15:10:35,493 [AppLog] INFO : 成形面高度下降指定厚度 TrapSpace{1.5mm}：TrapMoveUp(1, true, Convert.ToString(vel), Convert.ToString(TrapSpace), true, true）
2023-04-25 15:10:36,273 [AppLog] INFO : 手动正向点动指令（8轴运控板卡系统） ====》：输出AXIS{第1轴},点动量{1.5MM},运动速度{2MM/s}
2023-04-25 15:10:36,273 [AppLog] INFO : 成形面高度上升层厚 TrapSpace{1.5mm}：TrapMoveUp(1, true, Convert.ToString(vel), Convert.ToString(TrapSpace), true, true）
2023-04-25 15:10:36,476 [AppLog] INFO : 手动正向点动指令（8轴运控板卡系统） ====》：输出AXIS{第8轴},点动量{0.5MM},运动速度{2.5MM/s}
2023-04-25 15:10:36,476 [AppLog] INFO : Hopper落粉轴转2圈落粉，速度0.5rev/s：TrapMoveUp(8, true, 0.5, rotateNuM.ToString(), true, false)
2023-04-25 15:10:37,490 [AppLog] INFO : 开启铺粉车不等停运动至准备打印位置215mm，速度250mm/s：BackToStation2
2023-04-25 15:10:38,348 [AppLog] INFO : 手动正向点动指令（8轴运控板卡系统） ====》：输出AXIS{第2轴},点动量{216.5MM},运动速度{250MM/s}
2023-04-25 15:10:38,348 [AppLog] INFO : 当前铺粉车位置：打印位置215mm
2023-04-25 15:10:38,348 [AppLog] INFO : 手动正向点动指令（8轴运控板卡系统） ====》：输出AXIS{第2轴},点动量{480MM},运动速度{40MM/s}
2023-04-25 15:10:38,348 [AppLog] INFO : 开启铺粉车不等停运动至站2，速度0.5rev/s：BackToStation2
2023-04-25 15:10:38,379 [AppLog] INFO : 打开UV灯：OpenUVLamp(true, 0, 1000, 0, 1000)
2023-04-25 15:10:38,379 [AppLog] INFO : 手动正向点动指令（8轴运控板卡系统） ====》：输出AXIS{第3轴},点动量{0.5MM},运动速度{0.0602739726027397MM/s}
2023-04-25 15:10:38,379 [AppLog] INFO : 开启均匀落粉及辊子铺平运动：TrapMoveUp(3, true, Convert.ToString(DispenseRollerSpeed), 0.5, true, true)
2023-04-25 15:10:46,741 [AppLog] INFO : 关闭UV灯：OpenUVLamp(false, 0, 1000, 0, 1000)
2023-04-25 15:10:48,738 [AppLog] INFO : 手动正向点动指令（8轴运控板卡系统） ====》：输出AXIS{第3轴},点动量{0.5MM},运动速度{2MM/s}
2023-04-25 15:10:48,738 [AppLog] INFO : 落粉轴继续转动以倒掉余粉：TrapMoveUp(3, true, 2, 0.5, true, false)
2023-04-25 15:10:51,124 [AppLog] INFO : 手动正向点动指令（8轴运控板卡系统） ====》：输出AXIS{第1轴},点动量{-1.5MM},运动速度{2MM/s}
2023-04-25 15:10:51,124 [AppLog] INFO : 成形面高度下降指定厚度 TrapSpace{1.5mm}：TrapMoveUp(1, true, Convert.ToString(vel), Convert.ToString(TrapSpace), true, true）
2023-04-25 15:10:53,917 [AppLog] INFO : 手动正向点动指令（8轴运控板卡系统） ====》：输出AXIS{第2轴},点动量{-696.5MM},运动速度{250MM/s}
2023-04-25 15:10:53,917 [AppLog] INFO : 铺粉车返回至站1：BackToStation2(AimPos, MovSpeed, true)：-1.5mm，速度250mm/s：BackToStation2
2023-04-25 15:10:54,307 [AppLog] INFO : 落粉轴回零成功：motionMap.SetBackSpreaderAxis(3, 0.5, 2, -SinkPosition)：ReturnCode{True}
2023-04-25 15:10:55,071 [AppLog] INFO : 手动正向点动指令（8轴运控板卡系统） ====》：输出AXIS{第1轴},点动量{1.5MM},运动速度{2MM/s}
2023-04-25 15:10:55,071 [AppLog] INFO : 成形面高度上升层厚 TrapSpace{1.5mm}：TrapMoveUp(1, true, Convert.ToString(vel), Convert.ToString(TrapSpace), true, true）
2023-04-25 15:10:55,071 [AppLog] INFO : 手动铺粉正常结束：NewAutoSupplyPowderThread
2023-04-25 15:10:55,071 [AppLog] INFO : 发送监控指令，拍照记录1条：SendMessageFromSharedMemory
2023-04-25 15:23:41,397 [AppLog] INFO : 退出手动调试子模块，未执行修改
==========================================================================
2023-04-25 15:23:42,911 [AppLog] INFO : 开启系统：板卡通讯，伺服供电，照明系统，UV/HR固化系统！
2023-04-25 15:23:43,568 [AppLog] INFO : 关闭系统：一键关闭系统开始！
2023-04-25 15:23:49,693 [AppLog] INFO : 关闭系统：一键关闭系统结束！
2023-04-25 15:23:49,702 [AppLog] INFO : 喷墨控制器的所有轴输出关闭！
2023-04-25 15:23:49,825 [AppLog] INFO : 喷墨控制器关闭！
2023-04-25 15:23:49,826 [AppLog] INFO : 创建：AutoPrintMotion0=》不需重新创建-手动操作！
2023-04-25 15:23:49,827 [AppLog] INFO : 进入电气控制模块
2023-04-25 15:23:51,206 [AppLog] INFO : 电气控制模块：手动关闭端口14
2023-04-25 15:23:51,814 [AppLog] INFO : 电气控制模块：手动关闭端口15
2023-04-25 15:23:52,423 [AppLog] INFO : 退出电气控制模块
2023-04-25 15:23:53,734 [AppLog] INFO : 软件及设备关停中：墨车所有方向运动确认停止（X,Y,Y2)： bImmeStop{False},nAxisMask{0x7}
2023-04-25 15:23:53,736 [AppLog] INFO : 软件及设备关停中：喷墨控制器板卡系统关闭（X,Y,Y2)：DEV_CloseDevice
2023-04-25 15:23:54,399 [AppLog] INFO : 软件及设备关停成功
==========================================================================
操作系统:{Microsoft Windows 7 旗舰版 }
运行环境:{ .Net Framework Enviroment Version 4.0.30319.42000}
盘符：D
CPU使用率：{8.354715%} ，可用内存大小:{14027MB}，硬盘剩余空间：
  盘符 C:\ 的剩余空间：70 GB
  盘符 D:\ 的剩余空间：66 GB
  盘符 E:\ 的剩余空间：1 GB
==========================================================================
2023-04-25 15:24:33,425 [AppLog] INFO : 软件开机密码正确，登录成功1次
==========================================================================
操作系统:{Microsoft Windows 7 旗舰版 }
运行环境:{ .Net Framework Enviroment Version 4.0.30319.42000}
盘符：D
CPU使用率：{2.504956%} ，可用内存大小:{14034MB}，硬盘剩余空间：
  盘符 C:\ 的剩余空间：70 GB
  盘符 D:\ 的剩余空间：66 GB
  盘符 E:\ 的剩余空间：1 GB
硬件配置情况：
  CPU 厂家: GenuineIntel CPU 型号: Intel(R) Core(TM) i7-4770 CPU @ 3.40GHz
  内存条厂家: Kingston 内存条型号: 99P5471-043.A00LF 
  内存条厂家: Kingston 内存条型号: 99P5471-043.A00LF 
  硬盘厂家: (标准磁盘驱动器) 硬盘型号: Micron_1300_MTFDDAK256TDL ATA Device
  硬盘厂家: (标准磁盘驱动器) 硬盘型号: VendorCo ProductCode USB Device
==========================================================================
2023-04-25 15:24:36,342 [AppLog] INFO : 开启系统：板卡通讯，伺服供电，照明系统，UV/HR固化系统！
2023-04-25 15:24:36,344 [AppLog] INFO : 开启系统：一键启动系统开始！
2023-04-25 15:24:42,349 [AppLog] INFO : 开启系统：一键启动系统结束！
2023-04-25 15:24:42,531 [AppLog] INFO : 创建：AutoPrintMotion0=》初次创建完成-手动操作！
2023-04-25 15:24:42,596 [AppLog] INFO : 初始化喷墨控制器启动！
2023-04-25 15:25:06,073 [AppLog] INFO : 打开喷墨控制器设备成功！
2023-04-25 15:25:06,105 [AppLog] INFO : 输入校准值1次{成功}，打印往返差校准值为：BiDirEncPrtOff{5},分频值{8},打印速度{300mm/s}
2023-04-25 15:25:17,227 [AppLog] INFO : 初始化喷墨控制器成功！
2023-04-25 15:25:17,227 [AppLog] INFO : 进入：EquipmentMotionLogic3=》准备创建对象-手动操作！
2023-04-25 15:25:17,274 [AppLog] INFO : 进入：EquipmentMotionLogic3=》创建完成-手动操作！
2023-04-25 15:25:17,399 [AppLog] INFO : 红外灯控制器485通讯建立！
2023-04-25 15:25:17,399 [AppLog] INFO : 进入电气控制模块
2023-04-25 15:25:18,351 [AppLog] INFO : 电气控制模块：手动打开端口14
2023-04-25 15:25:18,912 [AppLog] INFO : 电气控制模块：手动打开端口15
2023-04-25 15:25:19,505 [AppLog] INFO : 退出电气控制模块
2023-04-25 15:25:21,252 [AppLog] INFO : 进入手动调试子模块！
2023-04-25 15:25:21,252 [AppLog] INFO : 进入：ManulBtn_Click=》准备创建对象-手动操作！
2023-04-25 15:25:21,283 [AppLog] INFO : 创建：ManualControl=》创建完成-手动操作！
2023-04-25 15:25:21,283 [AppLog] INFO : 加载成功：温控Modbus接口！
2023-04-25 15:25:23,701 [AppLog] INFO : 开启铺粉车回零校准：PowderCarHomeBtn_Click
2023-04-25 15:25:23,717 [AppLog] INFO : 开启粉车回零校准线程：PowderCarHomeResetThread
2023-04-25 15:25:25,183 [AppLog] INFO : 开启墨车回零校准：PrintCarHomeBtn_Click
2023-04-25 15:25:25,183 [AppLog] INFO : 开启墨车回零校准线程：InkCarEncoderResetThread
2023-04-25 15:25:32,921 [AppLog] INFO : 手动正向点动指令（8轴运控板卡系统） ====》：输出AXIS{第2轴},点动量{-116MM},运动速度{40MM/s}
2023-04-25 15:25:32,921 [AppLog] INFO : 粉车回零校准线程成功：PowderCarHomeResetThread
2023-04-25 15:25:35,323 [AppLog] INFO : 墨车回零校准线程成功：InkCarEncoderResetThread
2023-04-25 15:25:45,729 [AppLog] INFO : 退出手动调试子模块,已执行修改
==========================================================================
2023-04-25 15:25:47,788 [AppLog] INFO : 进入手动调试子模块！
2023-04-25 15:25:47,788 [AppLog] INFO : 进入：ManulBtn_Click=》准备创建对象-手动操作！
2023-04-25 15:25:47,803 [AppLog] INFO : 创建：ManualControl=》创建完成-手动操作！
2023-04-25 15:25:47,803 [AppLog] INFO : 加载成功：温控Modbus接口！
2023-04-25 15:25:49,519 [AppLog] INFO : 手动开启自动进给铺粉过程：AutoSupplyPowderBtn_Click
2023-04-25 15:25:49,535 [AppLog] INFO : 开启手动铺粉逻辑：NewAutoSupplyPowderThread
2023-04-25 15:25:49,660 [AppLog] INFO : 手动正向点动指令（8轴运控板卡系统） ====》：输出AXIS{第1轴},点动量{-0.1MM},运动速度{2MM/s}
2023-04-25 15:25:49,660 [AppLog] INFO : 成形面高度下降层厚 TrapSpace{0.1mm}：TrapMoveUp(1, true, Convert.ToString(vel), Convert.ToString(TrapSpace), true, true）
2023-04-25 15:25:50,440 [AppLog] INFO : 手动正向点动指令（8轴运控板卡系统） ====》：输出AXIS{第1轴},点动量{-1.5MM},运动速度{2MM/s}
2023-04-25 15:25:50,440 [AppLog] INFO : 成形面高度下降指定厚度 TrapSpace{1.5mm}：TrapMoveUp(1, true, Convert.ToString(vel), Convert.ToString(TrapSpace), true, true）
2023-04-25 15:25:51,220 [AppLog] INFO : 手动正向点动指令（8轴运控板卡系统） ====》：输出AXIS{第1轴},点动量{1.5MM},运动速度{2MM/s}
2023-04-25 15:25:51,220 [AppLog] INFO : 成形面高度上升层厚 TrapSpace{1.5mm}：TrapMoveUp(1, true, Convert.ToString(vel), Convert.ToString(TrapSpace), true, true）
2023-04-25 15:25:51,469 [AppLog] INFO : 手动正向点动指令（8轴运控板卡系统） ====》：输出AXIS{第8轴},点动量{0.5MM},运动速度{2.5MM/s}
2023-04-25 15:25:51,469 [AppLog] INFO : Hopper落粉轴转2圈落粉，速度0.5rev/s：TrapMoveUp(8, true, 0.5, rotateNuM.ToString(), true, false)
2023-04-25 15:25:52,483 [AppLog] INFO : 开启铺粉车不等停运动至准备打印位置215mm，速度250mm/s：BackToStation2
2023-04-25 15:25:53,341 [AppLog] INFO : 手动正向点动指令（8轴运控板卡系统） ====》：输出AXIS{第2轴},点动量{214MM},运动速度{250MM/s}
2023-04-25 15:25:53,341 [AppLog] INFO : 当前铺粉车位置：打印位置215mm
2023-04-25 15:25:53,341 [AppLog] INFO : 手动正向点动指令（8轴运控板卡系统） ====》：输出AXIS{第2轴},点动量{480MM},运动速度{40MM/s}
2023-04-25 15:25:53,341 [AppLog] INFO : 开启铺粉车不等停运动至站2，速度0.5rev/s：BackToStation2
2023-04-25 15:25:53,357 [AppLog] INFO : 打开UV灯：OpenUVLamp(true, 0, 1000, 0, 1000)
2023-04-25 15:25:53,544 [AppLog] INFO : 手动正向点动指令（8轴运控板卡系统） ====》：输出AXIS{第3轴},点动量{0.125MM},运动速度{1MM/s}
2023-04-25 15:25:53,544 [AppLog] INFO : 在{40mm}处，落粉轴运动{45度}，落粉轴转速{1rev/s}：TrapMoveUp(3, true, Convert.ToString(DispenseRollerSpeed), 0.5, true, true)
2023-04-25 15:25:53,544 [AppLog] INFO : 手动正向点动指令（8轴运控板卡系统） ====》：输出AXIS{第3轴},点动量{0.5MM},运动速度{0.0602739726027397MM/s}
2023-04-25 15:25:53,544 [AppLog] INFO : 开启均匀落粉及辊子铺平运动：TrapMoveUp(3, true, Convert.ToString(DispenseRollerSpeed), 0.5, true, true)
2023-04-25 15:26:01,719 [AppLog] INFO : 关闭UV灯：OpenUVLamp(false, 0, 1000, 0, 1000)
2023-04-25 15:26:03,731 [AppLog] INFO : 手动正向点动指令（8轴运控板卡系统） ====》：输出AXIS{第3轴},点动量{0.5MM},运动速度{2MM/s}
2023-04-25 15:26:03,731 [AppLog] INFO : 落粉轴继续转动以倒掉余粉：TrapMoveUp(3, true, 2, 0.5, true, false)
2023-04-25 15:26:06,118 [AppLog] INFO : 手动正向点动指令（8轴运控板卡系统） ====》：输出AXIS{第1轴},点动量{-1.5MM},运动速度{2MM/s}
2023-04-25 15:26:06,118 [AppLog] INFO : 成形面高度下降指定厚度 TrapSpace{1.5mm}：TrapMoveUp(1, true, Convert.ToString(vel), Convert.ToString(TrapSpace), true, true）
2023-04-25 15:26:08,910 [AppLog] INFO : 手动正向点动指令（8轴运控板卡系统） ====》：输出AXIS{第2轴},点动量{-696.5MM},运动速度{250MM/s}
2023-04-25 15:26:08,910 [AppLog] INFO : 铺粉车返回至站1：BackToStation2(AimPos, MovSpeed, true)：-1.5mm，速度250mm/s：BackToStation2
2023-04-25 15:26:09,675 [AppLog] INFO : 落粉轴回零成功：motionMap.SetBackSpreaderAxis(3, 0.5, 2, -SinkPosition)：ReturnCode{True}
2023-04-25 15:26:10,439 [AppLog] INFO : 手动正向点动指令（8轴运控板卡系统） ====》：输出AXIS{第1轴},点动量{1.5MM},运动速度{2MM/s}
2023-04-25 15:26:10,439 [AppLog] INFO : 成形面高度上升层厚 TrapSpace{1.5mm}：TrapMoveUp(1, true, Convert.ToString(vel), Convert.ToString(TrapSpace), true, true）
2023-04-25 15:26:10,439 [AppLog] INFO : 手动铺粉正常结束：NewAutoSupplyPowderThread
2023-04-25 15:26:10,455 [AppLog] INFO : 发送监控指令，拍照记录1条：SendMessageFromSharedMemory
2023-04-25 15:26:25,602 [AppLog] INFO : 手动停止自动进给铺粉过程：AutoSupplyPowderBtn_Click
2023-04-25 15:26:28,597 [AppLog] INFO : 手动开启自动进给铺粉过程：AutoSupplyPowderBtn_Click
2023-04-25 15:26:29,440 [AppLog] INFO : 手动开启自动进给铺粉过程：AutoSupplyPowderBtn_Click
2023-04-25 15:26:29,455 [AppLog] INFO : 开启手动铺粉逻辑：NewAutoSupplyPowderThread
2023-04-25 15:26:29,518 [AppLog] INFO : 手动正向点动指令（8轴运控板卡系统） ====》：输出AXIS{第1轴},点动量{-0.1MM},运动速度{2MM/s}
2023-04-25 15:26:29,533 [AppLog] INFO : 成形面高度下降层厚 TrapSpace{0.1mm}：TrapMoveUp(1, true, Convert.ToString(vel), Convert.ToString(TrapSpace), true, true）
2023-04-25 15:26:30,298 [AppLog] INFO : 手动正向点动指令（8轴运控板卡系统） ====》：输出AXIS{第1轴},点动量{-1.5MM},运动速度{2MM/s}
2023-04-25 15:26:30,298 [AppLog] INFO : 成形面高度下降指定厚度 TrapSpace{1.5mm}：TrapMoveUp(1, true, Convert.ToString(vel), Convert.ToString(TrapSpace), true, true）
2023-04-25 15:26:31,078 [AppLog] INFO : 手动正向点动指令（8轴运控板卡系统） ====》：输出AXIS{第1轴},点动量{1.5MM},运动速度{2MM/s}
2023-04-25 15:26:31,078 [AppLog] INFO : 成形面高度上升层厚 TrapSpace{1.5mm}：TrapMoveUp(1, true, Convert.ToString(vel), Convert.ToString(TrapSpace), true, true）
2023-04-25 15:26:31,281 [AppLog] INFO : 手动正向点动指令（8轴运控板卡系统） ====》：输出AXIS{第8轴},点动量{0.5MM},运动速度{2.5MM/s}
2023-04-25 15:26:31,281 [AppLog] INFO : Hopper落粉轴转2圈落粉，速度0.5rev/s：TrapMoveUp(8, true, 0.5, rotateNuM.ToString(), true, false)
2023-04-25 15:26:32,295 [AppLog] INFO : 开启铺粉车不等停运动至准备打印位置215mm，速度250mm/s：BackToStation2
2023-04-25 15:26:33,153 [AppLog] INFO : 手动正向点动指令（8轴运控板卡系统） ====》：输出AXIS{第2轴},点动量{216.5MM},运动速度{250MM/s}
2023-04-25 15:26:33,153 [AppLog] INFO : 当前铺粉车位置：打印位置215mm
2023-04-25 15:26:33,153 [AppLog] INFO : 手动正向点动指令（8轴运控板卡系统） ====》：输出AXIS{第2轴},点动量{480MM},运动速度{40MM/s}
2023-04-25 15:26:33,153 [AppLog] INFO : 开启铺粉车不等停运动至站2，速度0.5rev/s：BackToStation2
2023-04-25 15:26:33,184 [AppLog] INFO : 打开UV灯：OpenUVLamp(true, 0, 1000, 0, 1000)
2023-04-25 15:26:33,309 [AppLog] INFO : 手动正向点动指令（8轴运控板卡系统） ====》：输出AXIS{第3轴},点动量{0.125MM},运动速度{1MM/s}
2023-04-25 15:26:33,309 [AppLog] INFO : 在{40mm}处，落粉轴运动{45度}，落粉轴转速{1rev/s}：TrapMoveUp(3, true, Convert.ToString(DispenseRollerSpeed), 0.5, true, true)
2023-04-25 15:26:33,309 [AppLog] INFO : 手动正向点动指令（8轴运控板卡系统） ====》：输出AXIS{第3轴},点动量{0.5MM},运动速度{0.0602739726027397MM/s}
2023-04-25 15:26:33,309 [AppLog] INFO : 开启均匀落粉及辊子铺平运动：TrapMoveUp(3, true, Convert.ToString(DispenseRollerSpeed), 0.5, true, true)
2023-04-25 15:26:41,545 [AppLog] INFO : 关闭UV灯：OpenUVLamp(false, 0, 1000, 0, 1000)
2023-04-25 15:26:43,542 [AppLog] INFO : 手动正向点动指令（8轴运控板卡系统） ====》：输出AXIS{第3轴},点动量{0.5MM},运动速度{2MM/s}
2023-04-25 15:26:43,542 [AppLog] INFO : 落粉轴继续转动以倒掉余粉：TrapMoveUp(3, true, 2, 0.5, true, false)
2023-04-25 15:26:45,929 [AppLog] INFO : 手动正向点动指令（8轴运控板卡系统） ====》：输出AXIS{第1轴},点动量{-1.5MM},运动速度{2MM/s}
2023-04-25 15:26:45,945 [AppLog] INFO : 成形面高度下降指定厚度 TrapSpace{1.5mm}：TrapMoveUp(1, true, Convert.ToString(vel), Convert.ToString(TrapSpace), true, true）
2023-04-25 15:26:48,722 [AppLog] INFO : 手动正向点动指令（8轴运控板卡系统） ====》：输出AXIS{第2轴},点动量{-696.5MM},运动速度{250MM/s}
2023-04-25 15:26:48,722 [AppLog] INFO : 铺粉车返回至站1：BackToStation2(AimPos, MovSpeed, true)：-1.5mm，速度250mm/s：BackToStation2
2023-04-25 15:26:49,502 [AppLog] INFO : 落粉轴回零成功：motionMap.SetBackSpreaderAxis(3, 0.5, 2, -SinkPosition)：ReturnCode{True}
2023-04-25 15:26:50,266 [AppLog] INFO : 手动正向点动指令（8轴运控板卡系统） ====》：输出AXIS{第1轴},点动量{1.5MM},运动速度{2MM/s}
2023-04-25 15:26:50,266 [AppLog] INFO : 成形面高度上升层厚 TrapSpace{1.5mm}：TrapMoveUp(1, true, Convert.ToString(vel), Convert.ToString(TrapSpace), true, true）
2023-04-25 15:26:50,266 [AppLog] INFO : 手动铺粉正常结束：NewAutoSupplyPowderThread
2023-04-25 15:26:50,266 [AppLog] INFO : 发送监控指令，拍照记录1条：SendMessageFromSharedMemory
2023-04-25 15:26:54,228 [AppLog] INFO : 手动停止自动进给铺粉过程：AutoSupplyPowderBtn_Click
2023-04-25 15:26:54,603 [AppLog] INFO : 手动开启自动进给铺粉过程：AutoSupplyPowderBtn_Click
2023-04-25 15:26:55,523 [AppLog] INFO : 手动开启自动进给铺粉过程：AutoSupplyPowderBtn_Click
2023-04-25 15:26:55,523 [AppLog] INFO : 开启手动铺粉逻辑：NewAutoSupplyPowderThread
2023-04-25 15:26:55,601 [AppLog] INFO : 手动正向点动指令（8轴运控板卡系统） ====》：输出AXIS{第1轴},点动量{-0.1MM},运动速度{2MM/s}
2023-04-25 15:26:55,601 [AppLog] INFO : 成形面高度下降层厚 TrapSpace{0.1mm}：TrapMoveUp(1, true, Convert.ToString(vel), Convert.ToString(TrapSpace), true, true）
2023-04-25 15:26:56,381 [AppLog] INFO : 手动正向点动指令（8轴运控板卡系统） ====》：输出AXIS{第1轴},点动量{-1.5MM},运动速度{2MM/s}
2023-04-25 15:26:56,381 [AppLog] INFO : 成形面高度下降指定厚度 TrapSpace{1.5mm}：TrapMoveUp(1, true, Convert.ToString(vel), Convert.ToString(TrapSpace), true, true）
2023-04-25 15:26:57,161 [AppLog] INFO : 手动正向点动指令（8轴运控板卡系统） ====》：输出AXIS{第1轴},点动量{1.5MM},运动速度{2MM/s}
2023-04-25 15:26:57,161 [AppLog] INFO : 成形面高度上升层厚 TrapSpace{1.5mm}：TrapMoveUp(1, true, Convert.ToString(vel), Convert.ToString(TrapSpace), true, true）
2023-04-25 15:26:57,364 [AppLog] INFO : 手动正向点动指令（8轴运控板卡系统） ====》：输出AXIS{第8轴},点动量{0.5MM},运动速度{2.5MM/s}
2023-04-25 15:26:57,364 [AppLog] INFO : Hopper落粉轴转2圈落粉，速度0.5rev/s：TrapMoveUp(8, true, 0.5, rotateNuM.ToString(), true, false)
2023-04-25 15:26:58,378 [AppLog] INFO : 开启铺粉车不等停运动至准备打印位置215mm，速度250mm/s：BackToStation2
2023-04-25 15:26:59,236 [AppLog] INFO : 手动正向点动指令（8轴运控板卡系统） ====》：输出AXIS{第2轴},点动量{216.5MM},运动速度{250MM/s}
2023-04-25 15:26:59,236 [AppLog] INFO : 当前铺粉车位置：打印位置215mm
2023-04-25 15:26:59,236 [AppLog] INFO : 手动正向点动指令（8轴运控板卡系统） ====》：输出AXIS{第2轴},点动量{480MM},运动速度{40MM/s}
2023-04-25 15:26:59,236 [AppLog] INFO : 开启铺粉车不等停运动至站2，速度0.5rev/s：BackToStation2
2023-04-25 15:26:59,252 [AppLog] INFO : 打开UV灯：OpenUVLamp(true, 0, 1000, 0, 1000)
2023-04-25 15:26:59,392 [AppLog] INFO : 手动正向点动指令（8轴运控板卡系统） ====》：输出AXIS{第3轴},点动量{0.125MM},运动速度{1MM/s}
2023-04-25 15:26:59,392 [AppLog] INFO : 在{40mm}处，落粉轴运动{45度}，落粉轴转速{1rev/s}：TrapMoveUp(3, true, Convert.ToString(DispenseRollerSpeed), 0.5, true, true)
2023-04-25 15:26:59,392 [AppLog] INFO : 手动正向点动指令（8轴运控板卡系统） ====》：输出AXIS{第3轴},点动量{0.5MM},运动速度{0.0602739726027397MM/s}
2023-04-25 15:26:59,392 [AppLog] INFO : 开启均匀落粉及辊子铺平运动：TrapMoveUp(3, true, Convert.ToString(DispenseRollerSpeed), 0.5, true, true)
2023-04-25 15:27:07,629 [AppLog] INFO : 关闭UV灯：OpenUVLamp(false, 0, 1000, 0, 1000)
2023-04-25 15:27:09,626 [AppLog] INFO : 手动正向点动指令（8轴运控板卡系统） ====》：输出AXIS{第3轴},点动量{0.5MM},运动速度{2MM/s}
2023-04-25 15:27:09,626 [AppLog] INFO : 落粉轴继续转动以倒掉余粉：TrapMoveUp(3, true, 2, 0.5, true, false)
2023-04-25 15:27:12,012 [AppLog] INFO : 手动正向点动指令（8轴运控板卡系统） ====》：输出AXIS{第1轴},点动量{-1.5MM},运动速度{2MM/s}
2023-04-25 15:27:12,012 [AppLog] INFO : 成形面高度下降指定厚度 TrapSpace{1.5mm}：TrapMoveUp(1, true, Convert.ToString(vel), Convert.ToString(TrapSpace), true, true）
2023-04-25 15:27:14,805 [AppLog] INFO : 手动正向点动指令（8轴运控板卡系统） ====》：输出AXIS{第2轴},点动量{-696.5MM},运动速度{250MM/s}
2023-04-25 15:27:14,805 [AppLog] INFO : 铺粉车返回至站1：BackToStation2(AimPos, MovSpeed, true)：-1.5mm，速度250mm/s：BackToStation2
2023-04-25 15:27:15,585 [AppLog] INFO : 落粉轴回零成功：motionMap.SetBackSpreaderAxis(3, 0.5, 2, -SinkPosition)：ReturnCode{True}
2023-04-25 15:27:16,349 [AppLog] INFO : 手动正向点动指令（8轴运控板卡系统） ====》：输出AXIS{第1轴},点动量{1.5MM},运动速度{2MM/s}
2023-04-25 15:27:16,349 [AppLog] INFO : 成形面高度上升层厚 TrapSpace{1.5mm}：TrapMoveUp(1, true, Convert.ToString(vel), Convert.ToString(TrapSpace), true, true）
2023-04-25 15:27:16,349 [AppLog] INFO : 手动铺粉正常结束：NewAutoSupplyPowderThread
2023-04-25 15:27:16,349 [AppLog] INFO : 发送监控指令，拍照记录1条：SendMessageFromSharedMemory
2023-04-25 15:27:40,248 [AppLog] INFO : 手动停止自动进给铺粉过程：AutoSupplyPowderBtn_Click
2023-04-25 15:27:40,701 [AppLog] INFO : 手动开启自动进给铺粉过程：AutoSupplyPowderBtn_Click
2023-04-25 15:27:41,216 [AppLog] INFO : 手动开启自动进给铺粉过程：AutoSupplyPowderBtn_Click
2023-04-25 15:27:41,231 [AppLog] INFO : 开启手动铺粉逻辑：NewAutoSupplyPowderThread
2023-04-25 15:27:41,294 [AppLog] INFO : 手动正向点动指令（8轴运控板卡系统） ====》：输出AXIS{第1轴},点动量{-0.1MM},运动速度{2MM/s}
2023-04-25 15:27:41,294 [AppLog] INFO : 成形面高度下降层厚 TrapSpace{0.1mm}：TrapMoveUp(1, true, Convert.ToString(vel), Convert.ToString(TrapSpace), true, true）
2023-04-25 15:27:42,074 [AppLog] INFO : 手动正向点动指令（8轴运控板卡系统） ====》：输出AXIS{第1轴},点动量{-1.5MM},运动速度{2MM/s}
2023-04-25 15:27:42,074 [AppLog] INFO : 成形面高度下降指定厚度 TrapSpace{1.5mm}：TrapMoveUp(1, true, Convert.ToString(vel), Convert.ToString(TrapSpace), true, true）
2023-04-25 15:27:42,854 [AppLog] INFO : 手动正向点动指令（8轴运控板卡系统） ====》：输出AXIS{第1轴},点动量{1.5MM},运动速度{2MM/s}
2023-04-25 15:27:42,854 [AppLog] INFO : 成形面高度上升层厚 TrapSpace{1.5mm}：TrapMoveUp(1, true, Convert.ToString(vel), Convert.ToString(TrapSpace), true, true）
2023-04-25 15:27:43,056 [AppLog] INFO : 手动正向点动指令（8轴运控板卡系统） ====》：输出AXIS{第8轴},点动量{0.5MM},运动速度{2.5MM/s}
2023-04-25 15:27:43,056 [AppLog] INFO : Hopper落粉轴转2圈落粉，速度0.5rev/s：TrapMoveUp(8, true, 0.5, rotateNuM.ToString(), true, false)
2023-04-25 15:27:44,070 [AppLog] INFO : 开启铺粉车不等停运动至准备打印位置215mm，速度250mm/s：BackToStation2
2023-04-25 15:27:44,928 [AppLog] INFO : 手动正向点动指令（8轴运控板卡系统） ====》：输出AXIS{第2轴},点动量{216.5MM},运动速度{250MM/s}
2023-04-25 15:27:44,928 [AppLog] INFO : 当前铺粉车位置：打印位置215mm
2023-04-25 15:27:44,928 [AppLog] INFO : 手动正向点动指令（8轴运控板卡系统） ====》：输出AXIS{第2轴},点动量{480MM},运动速度{40MM/s}
2023-04-25 15:27:44,928 [AppLog] INFO : 开启铺粉车不等停运动至站2，速度0.5rev/s：BackToStation2
2023-04-25 15:27:44,960 [AppLog] INFO : 打开UV灯：OpenUVLamp(true, 0, 1000, 0, 1000)
2023-04-25 15:27:45,084 [AppLog] INFO : 手动正向点动指令（8轴运控板卡系统） ====》：输出AXIS{第3轴},点动量{0.125MM},运动速度{1MM/s}
2023-04-25 15:27:45,084 [AppLog] INFO : 在{40mm}处，落粉轴运动{45度}，落粉轴转速{1rev/s}：TrapMoveUp(3, true, Convert.ToString(DispenseRollerSpeed), 0.5, true, true)
2023-04-25 15:27:45,084 [AppLog] INFO : 手动正向点动指令（8轴运控板卡系统） ====》：输出AXIS{第3轴},点动量{0.5MM},运动速度{0.0602739726027397MM/s}
2023-04-25 15:27:45,084 [AppLog] INFO : 开启均匀落粉及辊子铺平运动：TrapMoveUp(3, true, Convert.ToString(DispenseRollerSpeed), 0.5, true, true)
2023-04-25 15:27:53,321 [AppLog] INFO : 关闭UV灯：OpenUVLamp(false, 0, 1000, 0, 1000)
2023-04-25 15:27:55,318 [AppLog] INFO : 手动正向点动指令（8轴运控板卡系统） ====》：输出AXIS{第3轴},点动量{0.5MM},运动速度{2MM/s}
2023-04-25 15:27:55,318 [AppLog] INFO : 落粉轴继续转动以倒掉余粉：TrapMoveUp(3, true, 2, 0.5, true, false)
2023-04-25 15:27:57,705 [AppLog] INFO : 手动正向点动指令（8轴运控板卡系统） ====》：输出AXIS{第1轴},点动量{-1.5MM},运动速度{2MM/s}
2023-04-25 15:27:57,705 [AppLog] INFO : 成形面高度下降指定厚度 TrapSpace{1.5mm}：TrapMoveUp(1, true, Convert.ToString(vel), Convert.ToString(TrapSpace), true, true）
2023-04-25 15:28:00,497 [AppLog] INFO : 手动正向点动指令（8轴运控板卡系统） ====》：输出AXIS{第2轴},点动量{-696.5MM},运动速度{250MM/s}
2023-04-25 15:28:00,497 [AppLog] INFO : 铺粉车返回至站1：BackToStation2(AimPos, MovSpeed, true)：-1.5mm，速度250mm/s：BackToStation2
2023-04-25 15:28:01,277 [AppLog] INFO : 落粉轴回零成功：motionMap.SetBackSpreaderAxis(3, 0.5, 2, -SinkPosition)：ReturnCode{True}
2023-04-25 15:28:02,042 [AppLog] INFO : 手动正向点动指令（8轴运控板卡系统） ====》：输出AXIS{第1轴},点动量{1.5MM},运动速度{2MM/s}
2023-04-25 15:28:02,042 [AppLog] INFO : 成形面高度上升层厚 TrapSpace{1.5mm}：TrapMoveUp(1, true, Convert.ToString(vel), Convert.ToString(TrapSpace), true, true）
2023-04-25 15:28:02,042 [AppLog] INFO : 手动铺粉正常结束：NewAutoSupplyPowderThread
2023-04-25 15:28:02,042 [AppLog] INFO : 发送监控指令，拍照记录1条：SendMessageFromSharedMemory
2023-04-25 15:28:15,628 [AppLog] INFO : 退出手动调试子模块,已执行修改
==========================================================================
2023-04-25 15:29:43,268 [AppLog] INFO : 进入手动调试子模块！
2023-04-25 15:29:43,268 [AppLog] INFO : 进入：ManulBtn_Click=》准备创建对象-手动操作！
2023-04-25 15:29:43,299 [AppLog] INFO : 创建：ManualControl=》创建完成-手动操作！
2023-04-25 15:29:43,299 [AppLog] INFO : 加载成功：温控Modbus接口！
2023-04-25 15:30:13,626 [AppLog] INFO : 手动开启自动进给铺粉过程：AutoSupplyPowderBtn_Click
2023-04-25 15:30:13,641 [AppLog] INFO : 开启手动铺粉逻辑：NewAutoSupplyPowderThread
2023-04-25 15:30:13,704 [AppLog] INFO : 手动正向点动指令（8轴运控板卡系统） ====》：输出AXIS{第1轴},点动量{-0.1MM},运动速度{2MM/s}
2023-04-25 15:30:13,704 [AppLog] INFO : 成形面高度下降层厚 TrapSpace{0.1mm}：TrapMoveUp(1, true, Convert.ToString(vel), Convert.ToString(TrapSpace), true, true）
2023-04-25 15:30:14,484 [AppLog] INFO : 手动正向点动指令（8轴运控板卡系统） ====》：输出AXIS{第1轴},点动量{-1.5MM},运动速度{2MM/s}
2023-04-25 15:30:14,484 [AppLog] INFO : 成形面高度下降指定厚度 TrapSpace{1.5mm}：TrapMoveUp(1, true, Convert.ToString(vel), Convert.ToString(TrapSpace), true, true）
2023-04-25 15:30:15,264 [AppLog] INFO : 手动正向点动指令（8轴运控板卡系统） ====》：输出AXIS{第1轴},点动量{1.5MM},运动速度{2MM/s}
2023-04-25 15:30:15,264 [AppLog] INFO : 成形面高度上升层厚 TrapSpace{1.5mm}：TrapMoveUp(1, true, Convert.ToString(vel), Convert.ToString(TrapSpace), true, true）
2023-04-25 15:30:15,466 [AppLog] INFO : 手动正向点动指令（8轴运控板卡系统） ====》：输出AXIS{第8轴},点动量{0.5MM},运动速度{2.5MM/s}
2023-04-25 15:30:15,466 [AppLog] INFO : Hopper落粉轴转2圈落粉，速度0.5rev/s：TrapMoveUp(8, true, 0.5, rotateNuM.ToString(), true, false)
2023-04-25 15:30:16,480 [AppLog] INFO : 开启铺粉车不等停运动至准备打印位置215mm，速度250mm/s：BackToStation2
2023-04-25 15:30:17,338 [AppLog] INFO : 手动正向点动指令（8轴运控板卡系统） ====》：输出AXIS{第2轴},点动量{216.5MM},运动速度{250MM/s}
2023-04-25 15:30:17,338 [AppLog] INFO : 当前铺粉车位置：打印位置215mm
2023-04-25 15:30:17,338 [AppLog] INFO : 手动正向点动指令（8轴运控板卡系统） ====》：输出AXIS{第2轴},点动量{480MM},运动速度{40MM/s}
2023-04-25 15:30:17,338 [AppLog] INFO : 开启铺粉车不等停运动至站2，速度0.5rev/s：BackToStation2
2023-04-25 15:30:17,370 [AppLog] INFO : 打开UV灯：OpenUVLamp(true, 0, 1000, 0, 1000)
2023-04-25 15:30:17,494 [AppLog] INFO : 手动正向点动指令（8轴运控板卡系统） ====》：输出AXIS{第3轴},点动量{0.125MM},运动速度{1MM/s}
2023-04-25 15:30:17,494 [AppLog] INFO : 在{40mm}处，落粉轴运动{45度}，落粉轴转速{1rev/s}：TrapMoveUp(3, true, Convert.ToString(DispenseRollerSpeed), 0.5, true, true)
2023-04-25 15:30:17,494 [AppLog] INFO : 手动正向点动指令（8轴运控板卡系统） ====》：输出AXIS{第3轴},点动量{0.5MM},运动速度{0.0602739726027397MM/s}
2023-04-25 15:30:17,494 [AppLog] INFO : 开启均匀落粉及辊子铺平运动：TrapMoveUp(3, true, Convert.ToString(DispenseRollerSpeed), 0.5, true, true)
2023-04-25 15:30:25,731 [AppLog] INFO : 关闭UV灯：OpenUVLamp(false, 0, 1000, 0, 1000)
2023-04-25 15:30:27,728 [AppLog] INFO : 手动正向点动指令（8轴运控板卡系统） ====》：输出AXIS{第3轴},点动量{0.5MM},运动速度{2MM/s}
2023-04-25 15:30:27,728 [AppLog] INFO : 落粉轴继续转动以倒掉余粉：TrapMoveUp(3, true, 2, 0.5, true, false)
2023-04-25 15:30:30,115 [AppLog] INFO : 手动正向点动指令（8轴运控板卡系统） ====》：输出AXIS{第1轴},点动量{-1.5MM},运动速度{2MM/s}
2023-04-25 15:30:30,115 [AppLog] INFO : 成形面高度下降指定厚度 TrapSpace{1.5mm}：TrapMoveUp(1, true, Convert.ToString(vel), Convert.ToString(TrapSpace), true, true）
2023-04-25 15:30:32,907 [AppLog] INFO : 手动正向点动指令（8轴运控板卡系统） ====》：输出AXIS{第2轴},点动量{-696.5MM},运动速度{250MM/s}
2023-04-25 15:30:32,907 [AppLog] INFO : 铺粉车返回至站1：BackToStation2(AimPos, MovSpeed, true)：-1.5mm，速度250mm/s：BackToStation2
2023-04-25 15:30:33,687 [AppLog] INFO : 落粉轴回零成功：motionMap.SetBackSpreaderAxis(3, 0.5, 2, -SinkPosition)：ReturnCode{True}
2023-04-25 15:30:34,452 [AppLog] INFO : 手动正向点动指令（8轴运控板卡系统） ====》：输出AXIS{第1轴},点动量{1.5MM},运动速度{2MM/s}
2023-04-25 15:30:34,452 [AppLog] INFO : 成形面高度上升层厚 TrapSpace{1.5mm}：TrapMoveUp(1, true, Convert.ToString(vel), Convert.ToString(TrapSpace), true, true）
2023-04-25 15:30:34,452 [AppLog] INFO : 手动铺粉正常结束：NewAutoSupplyPowderThread
2023-04-25 15:30:34,452 [AppLog] INFO : 发送监控指令，拍照记录1条：SendMessageFromSharedMemory
2023-04-25 15:30:44,217 [AppLog] INFO : 退出手动调试子模块,已执行修改
==========================================================================
2023-04-25 15:30:45,434 [AppLog] INFO : 进入手动调试子模块！
2023-04-25 15:30:45,434 [AppLog] INFO : 进入：ManulBtn_Click=》准备创建对象-手动操作！
2023-04-25 15:30:45,465 [AppLog] INFO : 创建：ManualControl=》创建完成-手动操作！
2023-04-25 15:30:45,465 [AppLog] INFO : 加载成功：温控Modbus接口！
2023-04-25 15:30:46,448 [AppLog] INFO : 退出手动调试子模块,已执行修改
==========================================================================
2023-04-25 15:38:07,320 [AppLog] INFO : 进入手动调试子模块！
2023-04-25 15:38:07,320 [AppLog] INFO : 进入：ManulBtn_Click=》准备创建对象-手动操作！
2023-04-25 15:38:07,352 [AppLog] INFO : 创建：ManualControl=》创建完成-手动操作！
2023-04-25 15:38:07,367 [AppLog] INFO : 加载成功：温控Modbus接口！
2023-04-25 15:38:11,735 [AppLog] INFO : 更新波形路径：DEV_UpdateParam：{D:\Release\波形文件\0316新调=波形文件=水性胶水\世彪新调：ricoh_big-单点模式-开启MN1(开启微动).rhdat}
2023-04-25 15:38:11,735 [AppLog] INFO : {1}号喷头基准电压更新成功：DEV_SetWaveStdVoltage{0V,0V,0V,0V}；
2023-04-25 15:38:17,211 [AppLog] INFO : 重新加载完波形：DEV_ReloadWaveForm! 当前波形文件的基准电压参考值为：{18V}
2023-04-25 15:38:17,492 [AppLog] INFO : {1}号喷头电压调压成功：MCU_SetPhVoltage{0V,0V,0V,0V}；
2023-04-25 15:38:21,610 [AppLog] INFO : 退出手动调试子模块,已执行修改
==========================================================================
2023-04-25 15:38:23,170 [AppLog] INFO : 进入数据加载模块
2023-04-25 15:38:33,560 [AppLog] INFO : CAD数据加载：添加.bjgroup格式CAD数据成功-D:\Release\CLI输入文件\shibiao-0321\shibiao-0416.bjgroup
2023-04-25 15:38:44,839 [AppLog] INFO : 进入JOB参数设置：修改前初始参数：灰度数据格式{1bits}打印灰阶{1阶}m_XPrintDpi{635Dpi}墨车运动速度{300MM/s}X向起打位置{50MM}X向起打位置偏移{0MM}Y向起打位置偏移{15MM}
2023-04-25 15:38:48,364 [AppLog] INFO : 退出JOB参数设置：未修改直接退出！
2023-04-25 15:38:51,796 [AppLog] INFO : 进入JOB参数设置：修改前初始参数：灰度数据格式{1bits}打印灰阶{1阶}m_XPrintDpi{635Dpi}墨车运动速度{300MM/s}X向起打位置{50MM}X向起打位置偏移{0MM}Y向起打位置偏移{15MM}
2023-04-25 15:38:56,367 [AppLog] INFO : 退出JOB参数设置：修改后参数：灰度数据格式{1bits}打印灰阶{1阶}m_XPrintDpi{635Dpi}墨车运动速度{300MM/s}X向起打位置{50MM}X向起打位置偏移{0MM}Y向起打位置偏移{15MM}
2023-04-25 15:38:57,022 [AppLog] INFO : 进入手动调试子模块！
2023-04-25 15:38:57,038 [AppLog] INFO : 进入：ManulBtn_Click=》准备创建对象-手动操作！
2023-04-25 15:38:57,069 [AppLog] INFO : 创建：ManualControl=》创建完成-手动操作！
2023-04-25 15:38:57,069 [AppLog] INFO : 加载成功：温控Modbus接口！
2023-04-25 15:38:59,440 [AppLog] INFO : 开启铺粉车回零校准：PowderCarHomeBtn_Click
2023-04-25 15:38:59,440 [AppLog] INFO : 开启粉车回零校准线程：PowderCarHomeResetThread
2023-04-25 15:39:03,325 [AppLog] INFO : 开启墨车回零校准：PrintCarHomeBtn_Click
2023-04-25 15:39:03,340 [AppLog] INFO : 开启墨车回零校准线程：InkCarEncoderResetThread
2023-04-25 15:39:08,551 [AppLog] INFO : 手动正向点动指令（8轴运控板卡系统） ====》：输出AXIS{第2轴},点动量{-116MM},运动速度{40MM/s}
2023-04-25 15:39:08,551 [AppLog] INFO : 粉车回零校准线程成功：PowderCarHomeResetThread
2023-04-25 15:39:13,527 [AppLog] INFO : 墨车回零校准线程成功：InkCarEncoderResetThread
2023-04-25 15:39:15,243 [AppLog] INFO : 退出手动调试子模块,已执行修改
==========================================================================
2023-04-25 15:39:20,890 [AppLog] INFO : 启动打印任务：准备开启数据处理及打印线程
2023-04-25 15:39:20,890 [AppLog] INFO : 创建：AutoPrintMotion0=》不需重新创建-手动操作！
2023-04-25 15:39:20,906 [AppLog] INFO : 停止打印任务，释放板卡内存：IDP_StopPrintJob()：ReturnFlag{True}
2023-04-25 15:39:20,906 [AppLog] INFO : 启动打印线程成功： DataTaskTHREAD
2023-04-25 15:39:20,921 [AppLog] INFO : 写入打印参数：IDP_SartPrintJob：nJobID{1}szJobName{金属3DP打印}nPixelGrayBits{1} nPrtCtl{0}nPrtXEncPos{10000}fPrtYPos{0}
2023-04-25 15:39:20,921 [AppLog] INFO : 进入：EquipmentMotionLogic3=》准备创建对象-手动操作！
2023-04-25 15:39:20,921 [AppLog] INFO : 启动打印线程成功：PrintTaskTHREAD
2023-04-25 15:39:20,953 [AppLog] INFO : 创建：AutoPrintMotion4=》初次创建完成-手动操作！
2023-04-25 15:39:20,968 [AppLog] INFO : 准备处理第0层数据：准备调用RenderToWic，index为0，subindex为0，g_nRePrintTimes为1，起始层为0
2023-04-25 15:39:21,062 [AppLog] INFO : 完成处理第0层数据：准备调用DrawLayerBMP，index为0，起始层为0
2023-04-25 15:39:21,062 [AppLog] INFO : 完成处理第0层数据：准备调用DrawLayerBMP，index为0，起始层为0
2023-04-25 15:39:21,577 [AppLog] INFO : 作业写入成功：IDP_WriteImgLayerData：bpp:{1bit}灰阶:{1阶}nLayerIndex{0}LayerIndex{0}SubIndex{0}RePrintTimes{1}nBytesPerLine{1004}nWidth{8001}nHeight{7656}nXEncOff{0}nYJetOff{355}nImgStartJetIndex{0}nXDPI{635}nYDPI{600}nPrtDir{0} nPrtFlag{1}nColorCnts{1}nReserved{System.Int32[]}
2023-04-25 15:39:21,577 [AppLog] INFO : 完成处理第0层数据：准备调用RenderToWic，index为0，subindex为0，g_nRePrintTimes为1，起始层为0
2023-04-25 15:39:21,577 [AppLog] INFO : 准备处理第0层数据：准备调用RenderToWic，index为0，subindex为1，g_nRePrintTimes为1，起始层为0
2023-04-25 15:39:21,655 [AppLog] INFO : 完成处理第0层数据：准备调用DrawLayerBMP，index为0，起始层为0
2023-04-25 15:39:21,655 [AppLog] INFO : 完成处理第0层数据：准备调用DrawLayerBMP，index为0，起始层为0
2023-04-25 15:39:22,107 [AppLog] INFO : 作业写入成功：IDP_WriteImgLayerData：bpp:{1bit}灰阶:{1阶}nLayerIndex{1}LayerIndex{0}SubIndex{1}RePrintTimes{1}nBytesPerLine{1004}nWidth{8001}nHeight{7656}nXEncOff{0}nYJetOff{355}nImgStartJetIndex{0}nXDPI{635}nYDPI{600}nPrtDir{0} nPrtFlag{1}nColorCnts{1}nReserved{System.Int32[]}
2023-04-25 15:39:22,107 [AppLog] INFO : 完成处理第0层数据：准备调用RenderToWic，index为0，subindex为1，g_nRePrintTimes为1，起始层为0
2023-04-25 15:39:22,123 [AppLog] INFO : 关闭自动供墨：DEV_EnableInkAutoSupply：ControlBit{0xX}
2023-04-25 15:39:22,123 [AppLog] INFO : 初始化墨轴1：DEM_InitAxis：{0, 0x100}
2023-04-25 15:39:22,138 [AppLog] INFO : 初始化墨轴2：DEM_InitAxis：{1, 0x1400}
2023-04-25 15:39:22,154 [AppLog] INFO : 初始化墨轴3：DEM_InitAxis：{1, 0x1400}
2023-04-25 15:39:22,154 [AppLog] INFO : 使能所有墨轴：DEM_EnableAxisRun：{true}
2023-04-25 15:39:22,154 [AppLog] INFO : 使能双Y墨轴输出同步：DEM_EnableDYOutPut：{true, true}
2023-04-25 15:39:22,154 [AppLog] INFO : 初始化墨轴1：DEM_InitAxis：{0, 0x100}
2023-04-25 15:39:22,169 [AppLog] INFO : 使能所有墨轴：DEM_EnableAxisRun：{true}
2023-04-25 15:39:22,169 [AppLog] INFO : 开启自动供墨：DEV_EnableInkAutoSupply：ControlBit{0xFF}
2023-04-25 15:39:22,185 [AppLog] INFO : 接收到起始打印指令：PrintTaskTHREAD
2023-04-25 15:39:22,185 [AppLog] INFO : 获取打印Pass数据：IDP_GetPassItem2：nLayerIndex{1}nPassID{0}nProcState{3}LPPassDataItemb:PrtDir{False}nDataTxCompleteCnt{1}nHwMemAdrMatchMask{1}nLayerIndex{1}nLayerPassCount{6}nLayerPassIndex{0}nMinJet0ImgLinePos{355}nPrtMemHwAddr{System.UInt32[]}nPrtDataOffset{System.UInt32[]}nSrcDataSize{System.UInt32[]}nPrtColBytes{System.UInt32[]}nPrtPrecession{8}nSrcEndCols{8000}nSrcStartCols{0}nStartEncPos{76512}nValidPassJets{1280}nValidPrtCols{8310}nValidPrtCtlCnts{1}pDataBuf{0}pNextItem{748932208}
2023-04-25 15:39:22,201 [AppLog] INFO : 使能Pass打印成功：IDP_DoPassPrint2：nLayerIndex{1}nPassID{0}
2023-04-25 15:39:22,201 [AppLog] INFO : PASS打印前关键状态：DEV_GetDeviceInfo2：nLayerIndex{1}nPassID{0}LPPRINTER_INFO:nXSysEncDPI{0}nStatus{0}nPrintStatus{0}bSuperDevice{0}
LPPRINTER_INFO-LPPrtRunInfo:bJobPrtRuning{False}bLayerPrtIsOver{False}nContReqMemErr{0}nContWDErr{0}nCurPrtDir{0}nDTLayerIndex{0}nDTLayerPassIndex{0}nDTPtrCtlIndex{0}nLayerPassCount{0}nPrintLayerIndex{0}nPrintPassIndex{0}nProcLayerIndex{0}nPrtDataMemAddr{0}nPrtState{0}nReverse{System.Int32[]}nRevPrtCols{0}
LPPRINTER_INFO-LPDRVINFO:nFMVersion{0}nFpgaVersion{0}nPCBVersion{0}nState{0}nNextState{0}nPtvwarnState{0}nCrc32{0}nRevInfo{System.UInt32[]}nSignature{0}
2023-04-25 15:39:22,247 [AppLog] INFO : 创建：AutoPrintMotion1=》初次创建完成-手动操作！
2023-04-25 15:39:22,247 [AppLog] INFO : 进入：EquipmentMotionLogic3=》准备创建对象-手动操作！
2023-04-25 15:39:22,279 [AppLog] INFO : 进入：EquipmentMotionLogic3=》初次创建完成-手动操作！
2023-04-25 15:39:22,279 [AppLog] INFO : 进入：EquipmentMotionLogic3=》赋值完成自-AutoPrintMotion2！
2023-04-25 15:39:22,279 [AppLog] INFO : 进入：EquipmentMotionLogic3=》加载配置文件-LoadJsonFile成功！
2023-04-25 15:39:22,279 [AppLog] INFO : 进入自动清洗过程：AutoCleanThread
2023-04-25 15:39:22,622 [AppLog] INFO : 准备处理第1层数据：准备调用RenderToWic，index为1，subindex为0，g_nRePrintTimes为1，起始层为0
2023-04-25 15:39:22,684 [AppLog] INFO : 刮墨轴回零成功：motionMap.SetBackSpreaderAxis(4, 1, 2, -SinkHomePosition)
2023-04-25 15:39:22,684 [AppLog] INFO : 准备读取编码器位置：Y方向！
2023-04-25 15:39:22,684 [AppLog] INFO : 准备运动，编码器当前位置：DEM_GetAxisEncodeVal：MoveDirectionFlag{false为Y方向：True}CurrentPos{51.65}AimPos{116}
2023-04-25 15:39:22,700 [AppLog] INFO : 完成处理第1层数据：准备调用DrawLayerBMP，index为1，起始层为0
2023-04-25 15:39:22,700 [AppLog] INFO : 完成处理第1层数据：准备调用DrawLayerBMP，index为1，起始层为0
2023-04-25 15:39:22,996 [AppLog] INFO : Y方向运动开始：DEM_Run：返回值{True}nAxis{1}DirFlag{True}nSpeed{300000}MoveStep{64471.68585}nCtlValue{1}
2023-04-25 15:39:23,074 [AppLog] INFO : Y方向到位停止：DEM_StopAxisRun：返回值{True}CurrentPos{115.5}bImmeStop{False}nAxisMask{2}
2023-04-25 15:39:23,074 [AppLog] INFO : 准备读取编码器位置：X方向！
2023-04-25 15:39:23,074 [AppLog] INFO : 准备运动，当前位置：DEV_GetPrintEncoderValue：MoveDirectionFlag{false为Y方向：False}CurrentPos{737.895}AimPos{780}
2023-04-25 15:39:23,105 [AppLog] INFO : X方向运动开始：DEM_Run：返回值{True}nAxis{0}DirFlag{True}nSpeed{300000}MoveStep{42105}nCtlValue{2}
2023-04-25 15:39:23,183 [AppLog] INFO : 作业写入成功：IDP_WriteImgLayerData：bpp:{1bit}灰阶:{1阶}nLayerIndex{2}LayerIndex{1}SubIndex{1}RePrintTimes{1}nBytesPerLine{1004}nWidth{8001}nHeight{7656}nXEncOff{0}nYJetOff{355}nImgStartJetIndex{0}nXDPI{635}nYDPI{600}nPrtDir{0} nPrtFlag{1}nColorCnts{1}nReserved{System.Int32[]}
2023-04-25 15:39:23,199 [AppLog] INFO : 完成处理第1层数据：准备调用RenderToWic，index为1，subindex为0，g_nRePrintTimes为1，起始层为0
2023-04-25 15:39:23,215 [AppLog] INFO : 准备处理第2层数据：准备调用RenderToWic，index为2，subindex为0，g_nRePrintTimes为1，起始层为0
2023-04-25 15:39:23,293 [AppLog] INFO : 完成处理第2层数据：准备调用DrawLayerBMP，index为2，起始层为0
2023-04-25 15:39:23,293 [AppLog] INFO : 完成处理第2层数据：准备调用DrawLayerBMP，index为2，起始层为0
2023-04-25 15:39:23,745 [AppLog] INFO : 作业写入成功：IDP_WriteImgLayerData：bpp:{1bit}灰阶:{1阶}nLayerIndex{3}LayerIndex{2}SubIndex{1}RePrintTimes{1}nBytesPerLine{1004}nWidth{8001}nHeight{7656}nXEncOff{0}nYJetOff{355}nImgStartJetIndex{0}nXDPI{635}nYDPI{600}nPrtDir{0} nPrtFlag{1}nColorCnts{1}nReserved{System.Int32[]}
2023-04-25 15:39:23,745 [AppLog] INFO : 完成处理第2层数据：准备调用RenderToWic，index为2，subindex为0，g_nRePrintTimes为1，起始层为0
2023-04-25 15:39:24,307 [AppLog] INFO : X方向到位停止：DEM_StopAxisRun：返回值{True}CurrentPos{779.505}bImmeStop{False}nAxisMask{1}
2023-04-25 15:39:25,274 [AppLog] INFO : 开启压墨： motionMap.SetDo(13, true)
2023-04-25 15:39:26,787 [AppLog] INFO : 关闭压墨： motionMap.SetDo(13, true)
2023-04-25 15:39:26,787 [AppLog] INFO : 压墨等待开启：{2.5S}
2023-04-25 15:39:29,299 [AppLog] INFO : 压墨等待完成：{2.5S}
2023-04-25 15:39:29,299 [AppLog] INFO : 准备读取编码器位置：X方向！
2023-04-25 15:39:29,299 [AppLog] INFO : 准备运动，当前位置：DEV_GetPrintEncoderValue：MoveDirectionFlag{false为Y方向：False}CurrentPos{779.51}AimPos{680}
2023-04-25 15:39:29,330 [AppLog] INFO : X方向运动开始：DEM_Run：返回值{True}nAxis{0}DirFlag{False}nSpeed{200000}MoveStep{-99510}nCtlValue{2}
2023-04-25 15:39:30,188 [AppLog] INFO : X方向到位停止：DEM_StopAxisRun：返回值{True}CurrentPos{684.705}bImmeStop{False}nAxisMask{1}
2023-04-25 15:39:30,703 [AppLog] INFO : 结束自动清洗过程：AutoCleanThread
2023-04-25 15:39:30,703 [AppLog] INFO : 进入：EquipmentMotionLogic3=》准备创建对象-手动操作！
2023-04-25 15:39:30,703 [AppLog] INFO : 进入：EquipmentMotionLogic3=》不需重新创建-手动操作！
2023-04-25 15:39:30,703 [AppLog] INFO : 进入：EquipmentMotionLogic3=》赋值完成自-AutoPrintMotion2！
2023-04-25 15:39:30,703 [AppLog] INFO : 进入：EquipmentMotionLogic3=》加载配置文件-LoadJsonFile成功！
2023-04-25 15:39:30,703 [AppLog] INFO : 进入：AutoPrintThread3！
2023-04-25 15:39:30,703 [AppLog] INFO : 关闭闪喷操作：IDP_FlashPrtCtl：返回值{True}
2023-04-25 15:39:30,703 [AppLog] INFO : 准备读取编码器位置：Y方向！
2023-04-25 15:39:30,703 [AppLog] INFO : 准备运动，编码器当前位置：DEM_GetAxisEncodeVal：MoveDirectionFlag{false为Y方向：True}CurrentPos{116}AimPos{88.5}
2023-04-25 15:39:30,843 [AppLog] INFO : Y方向运动开始：DEM_Run：返回值{True}nAxis{1}DirFlag{False}nSpeed{300000}MoveStep{-27552.0025}nCtlValue{1}
2023-04-25 15:39:30,905 [AppLog] INFO : 准备读取编码器位置：X方向！
2023-04-25 15:39:30,905 [AppLog] INFO : 准备运动，当前位置：DEV_GetPrintEncoderValue：MoveDirectionFlag{false为Y方向：False}CurrentPos{680.66}AimPos{425}
2023-04-25 15:39:30,937 [AppLog] INFO : X方向运动开始：DEM_Run：返回值{True}nAxis{0}DirFlag{False}nSpeed{300000}MoveStep{-255660}nCtlValue{2}
2023-04-25 15:39:32,341 [AppLog] INFO : X方向到位停止：DEM_StopAxisRun：返回值{True}CurrentPos{429.17}bImmeStop{False}nAxisMask{1}
2023-04-25 15:39:32,341 [AppLog] INFO : 准备读取编码器位置：X方向！
2023-04-25 15:39:32,356 [AppLog] INFO : 准备运动，当前位置：DEV_GetPrintEncoderValue：MoveDirectionFlag{false为Y方向：False}CurrentPos{428.73}AimPos{25}
2023-04-25 15:39:32,387 [AppLog] INFO : X方向运动开始：DEM_Run：返回值{True}nAxis{0}DirFlag{False}nSpeed{300000}MoveStep{-403730}nCtlValue{2}
2023-04-25 15:39:34,275 [AppLog] INFO : X方向到位停止：DEM_StopAxisRun：返回值{True}CurrentPos{26.395}bImmeStop{False}nAxisMask{1}
2023-04-25 15:39:34,275 [AppLog] INFO : 准备读取编码器位置：Y方向！
2023-04-25 15:39:34,275 [AppLog] INFO : 准备运动，编码器当前位置：DEM_GetAxisEncodeVal：MoveDirectionFlag{false为Y方向：True}CurrentPos{88.555}AimPos{103.521166666667}
2023-04-25 15:39:34,400 [AppLog] INFO : Y方向运动开始：DEM_Run：返回值{True}nAxis{1}DirFlag{True}nSpeed{300000}MoveStep{14994.4676878333}nCtlValue{1}
2023-04-25 15:39:34,462 [AppLog] INFO : Y方向到位停止：DEM_StopAxisRun：返回值{True}CurrentPos{101.08}bImmeStop{False}nAxisMask{2}
2023-04-25 15:39:34,462 [AppLog] INFO : 获取打印Pass数据：IDP_GetPassItem2：nLayerIndex{1}nPassID{1}nProcState{3}LPPassDataItemb:PrtDir{True}nDataTxCompleteCnt{1}nHwMemAdrMatchMask{1}nLayerIndex{1}nLayerPassCount{6}nLayerPassIndex{1}nMinJet0ImgLinePos{1635}nPrtMemHwAddr{System.UInt32[]}nPrtDataOffset{System.UInt32[]}nSrcDataSize{System.UInt32[]}nPrtColBytes{System.UInt32[]}nPrtPrecession{8}nSrcEndCols{8000}nSrcStartCols{0}nStartEncPos{10000}nValidPassJets{1280}nValidPrtCols{8310}nValidPrtCtlCnts{1}pDataBuf{0}pNextItem{748932368}
2023-04-25 15:39:34,478 [AppLog] INFO : 使能Pass打印成功：IDP_DoPassPrint2：nLayerIndex{1}nPassID{1}
2023-04-25 15:39:34,478 [AppLog] INFO : PASS打印前关键状态：DEV_GetDeviceInfo2：nLayerIndex{1}nPassID{1}LPPRINTER_INFO:nXSysEncDPI{0}nStatus{0}nPrintStatus{0}bSuperDevice{0}
LPPRINTER_INFO-LPPrtRunInfo:bJobPrtRuning{False}bLayerPrtIsOver{False}nContReqMemErr{0}nContWDErr{0}nCurPrtDir{0}nDTLayerIndex{0}nDTLayerPassIndex{0}nDTPtrCtlIndex{0}nLayerPassCount{0}nPrintLayerIndex{0}nPrintPassIndex{0}nProcLayerIndex{0}nPrtDataMemAddr{0}nPrtState{0}nReverse{System.Int32[]}nRevPrtCols{0}
LPPRINTER_INFO-LPDRVINFO:nFMVersion{0}nFpgaVersion{0}nPCBVersion{0}nState{0}nNextState{0}nPtvwarnState{0}nCrc32{0}nRevInfo{System.UInt32[]}nSignature{0}
2023-04-25 15:39:34,478 [AppLog] INFO : 创建：AutoPrintMotion1=》不需重新创建-手动操作！
2023-04-25 15:39:34,478 [AppLog] INFO : 进入：EquipmentMotionLogic3=》准备创建对象-手动操作！
2023-04-25 15:39:34,478 [AppLog] INFO : 进入：EquipmentMotionLogic3=》不需重新创建-手动操作！
2023-04-25 15:39:34,478 [AppLog] INFO : 进入：EquipmentMotionLogic3=》赋值完成自-AutoPrintMotion2！
2023-04-25 15:39:34,478 [AppLog] INFO : 进入：EquipmentMotionLogic3=》加载配置文件-LoadJsonFile成功！
2023-04-25 15:39:34,478 [AppLog] INFO : 进入：AutoPrintThread3！
2023-04-25 15:39:34,478 [AppLog] INFO : 准备读取编码器位置：X方向！
2023-04-25 15:39:34,478 [AppLog] INFO : 准备运动，当前位置：DEV_GetPrintEncoderValue：MoveDirectionFlag{false为Y方向：False}CurrentPos{22.18}AimPos{425}
2023-04-25 15:39:34,509 [AppLog] INFO : X方向运动开始：DEM_Run：返回值{True}nAxis{0}DirFlag{True}nSpeed{300000}MoveStep{402820}nCtlValue{2}
2023-04-25 15:39:36,412 [AppLog] INFO : X方向到位停止：DEM_StopAxisRun：返回值{True}CurrentPos{420.1}bImmeStop{False}nAxisMask{1}
2023-04-25 15:39:36,412 [AppLog] INFO : 准备读取编码器位置：Y方向！
2023-04-25 15:39:36,412 [AppLog] INFO : 准备运动，编码器当前位置：DEM_GetAxisEncodeVal：MoveDirectionFlag{false为Y方向：True}CurrentPos{103.49}AimPos{142.5}
2023-04-25 15:39:36,584 [AppLog] INFO : Y方向运动开始：DEM_Run：返回值{True}nAxis{1}DirFlag{True}nSpeed{300000}MoveStep{39083.76791}nCtlValue{1}
2023-04-25 15:39:36,646 [AppLog] INFO : Y方向到位停止：DEM_StopAxisRun：返回值{True}CurrentPos{134.875}bImmeStop{False}nAxisMask{2}
2023-04-25 15:39:36,646 [AppLog] INFO : 获取打印Pass数据：IDP_GetPassItem2：nLayerIndex{1}nPassID{2}nProcState{3}LPPassDataItemb:PrtDir{False}nDataTxCompleteCnt{1}nHwMemAdrMatchMask{1}nLayerIndex{1}nLayerPassCount{6}nLayerPassIndex{2}nMinJet0ImgLinePos{2915}nPrtMemHwAddr{System.UInt32[]}nPrtDataOffset{System.UInt32[]}nSrcDataSize{System.UInt32[]}nPrtColBytes{System.UInt32[]}nPrtPrecession{8}nSrcEndCols{8000}nSrcStartCols{0}nStartEncPos{76512}nValidPassJets{1280}nValidPrtCols{8310}nValidPrtCtlCnts{1}pDataBuf{0}pNextItem{748932528}
2023-04-25 15:39:36,646 [AppLog] INFO : 使能Pass打印成功：IDP_DoPassPrint2：nLayerIndex{1}nPassID{2}
2023-04-25 15:39:36,662 [AppLog] INFO : PASS打印前关键状态：DEV_GetDeviceInfo2：nLayerIndex{1}nPassID{2}LPPRINTER_INFO:nXSysEncDPI{0}nStatus{0}nPrintStatus{0}bSuperDevice{0}
LPPRINTER_INFO-LPPrtRunInfo:bJobPrtRuning{False}bLayerPrtIsOver{False}nContReqMemErr{0}nContWDErr{0}nCurPrtDir{0}nDTLayerIndex{0}nDTLayerPassIndex{0}nDTPtrCtlIndex{0}nLayerPassCount{0}nPrintLayerIndex{0}nPrintPassIndex{0}nProcLayerIndex{0}nPrtDataMemAddr{0}nPrtState{0}nReverse{System.Int32[]}nRevPrtCols{0}
LPPRINTER_INFO-LPDRVINFO:nFMVersion{0}nFpgaVersion{0}nPCBVersion{0}nState{0}nNextState{0}nPtvwarnState{0}nCrc32{0}nRevInfo{System.UInt32[]}nSignature{0}
2023-04-25 15:39:36,662 [AppLog] INFO : 创建：AutoPrintMotion1=》不需重新创建-手动操作！
2023-04-25 15:39:36,662 [AppLog] INFO : 进入：EquipmentMotionLogic3=》准备创建对象-手动操作！
2023-04-25 15:39:36,662 [AppLog] INFO : 进入：EquipmentMotionLogic3=》不需重新创建-手动操作！
2023-04-25 15:39:36,662 [AppLog] INFO : 进入：EquipmentMotionLogic3=》赋值完成自-AutoPrintMotion2！
2023-04-25 15:39:36,662 [AppLog] INFO : 进入：EquipmentMotionLogic3=》加载配置文件-LoadJsonFile成功！
2023-04-25 15:39:36,662 [AppLog] INFO : 进入：AutoPrintThread3！
2023-04-25 15:39:36,662 [AppLog] INFO : 准备读取编码器位置：X方向！
2023-04-25 15:39:36,662 [AppLog] INFO : 准备运动，当前位置：DEV_GetPrintEncoderValue：MoveDirectionFlag{false为Y方向：False}CurrentPos{423.45}AimPos{25}
2023-04-25 15:39:36,693 [AppLog] INFO : X方向运动开始：DEM_Run：返回值{True}nAxis{0}DirFlag{False}nSpeed{300000}MoveStep{-398450}nCtlValue{2}
2023-04-25 15:39:38,581 [AppLog] INFO : X方向到位停止：DEM_StopAxisRun：返回值{True}CurrentPos{29.61}bImmeStop{False}nAxisMask{1}
2023-04-25 15:39:38,581 [AppLog] INFO : 准备读取编码器位置：Y方向！
2023-04-25 15:39:38,581 [AppLog] INFO : 准备运动，编码器当前位置：DEM_GetAxisEncodeVal：MoveDirectionFlag{false为Y方向：True}CurrentPos{142.495}AimPos{157.521166666667}
2023-04-25 15:39:38,705 [AppLog] INFO : Y方向运动开始：DEM_Run：返回值{True}nAxis{1}DirFlag{True}nSpeed{300000}MoveStep{15054.5811478333}nCtlValue{1}
2023-04-25 15:39:38,768 [AppLog] INFO : Y方向到位停止：DEM_StopAxisRun：返回值{True}CurrentPos{155.205}bImmeStop{False}nAxisMask{2}
2023-04-25 15:39:38,768 [AppLog] INFO : 获取打印Pass数据：IDP_GetPassItem2：nLayerIndex{1}nPassID{3}nProcState{3}LPPassDataItemb:PrtDir{True}nDataTxCompleteCnt{1}nHwMemAdrMatchMask{1}nLayerIndex{1}nLayerPassCount{6}nLayerPassIndex{3}nMinJet0ImgLinePos{4195}nPrtMemHwAddr{System.UInt32[]}nPrtDataOffset{System.UInt32[]}nSrcDataSize{System.UInt32[]}nPrtColBytes{System.UInt32[]}nPrtPrecession{8}nSrcEndCols{8000}nSrcStartCols{0}nStartEncPos{10000}nValidPassJets{1280}nValidPrtCols{8310}nValidPrtCtlCnts{1}pDataBuf{0}pNextItem{748932688}
2023-04-25 15:39:38,768 [AppLog] INFO : 使能Pass打印成功：IDP_DoPassPrint2：nLayerIndex{1}nPassID{3}
2023-04-25 15:39:38,783 [AppLog] INFO : PASS打印前关键状态：DEV_GetDeviceInfo2：nLayerIndex{1}nPassID{3}LPPRINTER_INFO:nXSysEncDPI{0}nStatus{0}nPrintStatus{0}bSuperDevice{0}
LPPRINTER_INFO-LPPrtRunInfo:bJobPrtRuning{False}bLayerPrtIsOver{False}nContReqMemErr{0}nContWDErr{0}nCurPrtDir{0}nDTLayerIndex{0}nDTLayerPassIndex{0}nDTPtrCtlIndex{0}nLayerPassCount{0}nPrintLayerIndex{0}nPrintPassIndex{0}nProcLayerIndex{0}nPrtDataMemAddr{0}nPrtState{0}nReverse{System.Int32[]}nRevPrtCols{0}
LPPRINTER_INFO-LPDRVINFO:nFMVersion{0}nFpgaVersion{0}nPCBVersion{0}nState{0}nNextState{0}nPtvwarnState{0}nCrc32{0}nRevInfo{System.UInt32[]}nSignature{0}
2023-04-25 15:39:38,783 [AppLog] INFO : 创建：AutoPrintMotion1=》不需重新创建-手动操作！
2023-04-25 15:39:38,783 [AppLog] INFO : 进入：EquipmentMotionLogic3=》准备创建对象-手动操作！
2023-04-25 15:39:38,783 [AppLog] INFO : 进入：EquipmentMotionLogic3=》不需重新创建-手动操作！
2023-04-25 15:39:38,783 [AppLog] INFO : 进入：EquipmentMotionLogic3=》赋值完成自-AutoPrintMotion2！
2023-04-25 15:39:38,783 [AppLog] INFO : 进入：EquipmentMotionLogic3=》加载配置文件-LoadJsonFile成功！
2023-04-25 15:39:38,783 [AppLog] INFO : 进入：AutoPrintThread3！
2023-04-25 15:39:38,783 [AppLog] INFO : 准备读取编码器位置：X方向！
2023-04-25 15:39:38,783 [AppLog] INFO : 准备运动，当前位置：DEV_GetPrintEncoderValue：MoveDirectionFlag{false为Y方向：False}CurrentPos{26.55}AimPos{425}
2023-04-25 15:39:38,815 [AppLog] INFO : X方向运动开始：DEM_Run：返回值{True}nAxis{0}DirFlag{True}nSpeed{300000}MoveStep{398450}nCtlValue{2}
2023-04-25 15:39:40,687 [AppLog] INFO : X方向到位停止：DEM_StopAxisRun：返回值{True}CurrentPos{418.995}bImmeStop{False}nAxisMask{1}
2023-04-25 15:39:40,687 [AppLog] INFO : 准备读取编码器位置：Y方向！
2023-04-25 15:39:40,687 [AppLog] INFO : 准备运动，编码器当前位置：DEM_GetAxisEncodeVal：MoveDirectionFlag{false为Y方向：True}CurrentPos{157.51}AimPos{196.5}
2023-04-25 15:39:40,874 [AppLog] INFO : Y方向运动开始：DEM_Run：返回值{True}nAxis{1}DirFlag{True}nSpeed{300000}MoveStep{39063.73009}nCtlValue{1}
2023-04-25 15:39:40,936 [AppLog] INFO : Y方向到位停止：DEM_StopAxisRun：返回值{True}CurrentPos{188.92}bImmeStop{False}nAxisMask{2}
2023-04-25 15:39:40,936 [AppLog] INFO : 获取打印Pass数据：IDP_GetPassItem2：nLayerIndex{1}nPassID{4}nProcState{3}LPPassDataItemb:PrtDir{False}nDataTxCompleteCnt{1}nHwMemAdrMatchMask{1}nLayerIndex{1}nLayerPassCount{6}nLayerPassIndex{4}nMinJet0ImgLinePos{5475}nPrtMemHwAddr{System.UInt32[]}nPrtDataOffset{System.UInt32[]}nSrcDataSize{System.UInt32[]}nPrtColBytes{System.UInt32[]}nPrtPrecession{8}nSrcEndCols{8000}nSrcStartCols{0}nStartEncPos{76512}nValidPassJets{1280}nValidPrtCols{8310}nValidPrtCtlCnts{1}pDataBuf{0}pNextItem{748932848}
2023-04-25 15:39:40,952 [AppLog] INFO : 使能Pass打印成功：IDP_DoPassPrint2：nLayerIndex{1}nPassID{4}
2023-04-25 15:39:40,952 [AppLog] INFO : PASS打印前关键状态：DEV_GetDeviceInfo2：nLayerIndex{1}nPassID{4}LPPRINTER_INFO:nXSysEncDPI{0}nStatus{0}nPrintStatus{0}bSuperDevice{0}
LPPRINTER_INFO-LPPrtRunInfo:bJobPrtRuning{False}bLayerPrtIsOver{False}nContReqMemErr{0}nContWDErr{0}nCurPrtDir{0}nDTLayerIndex{0}nDTLayerPassIndex{0}nDTPtrCtlIndex{0}nLayerPassCount{0}nPrintLayerIndex{0}nPrintPassIndex{0}nProcLayerIndex{0}nPrtDataMemAddr{0}nPrtState{0}nReverse{System.Int32[]}nRevPrtCols{0}
LPPRINTER_INFO-LPDRVINFO:nFMVersion{0}nFpgaVersion{0}nPCBVersion{0}nState{0}nNextState{0}nPtvwarnState{0}nCrc32{0}nRevInfo{System.UInt32[]}nSignature{0}
2023-04-25 15:39:40,952 [AppLog] INFO : 创建：AutoPrintMotion1=》不需重新创建-手动操作！
2023-04-25 15:39:40,952 [AppLog] INFO : 进入：EquipmentMotionLogic3=》准备创建对象-手动操作！
2023-04-25 15:39:40,952 [AppLog] INFO : 进入：EquipmentMotionLogic3=》不需重新创建-手动操作！
2023-04-25 15:39:40,952 [AppLog] INFO : 进入：EquipmentMotionLogic3=》赋值完成自-AutoPrintMotion2！
2023-04-25 15:39:40,952 [AppLog] INFO : 进入：EquipmentMotionLogic3=》加载配置文件-LoadJsonFile成功！
2023-04-25 15:39:40,952 [AppLog] INFO : 进入：AutoPrintThread3！
2023-04-25 15:39:40,952 [AppLog] INFO : 准备读取编码器位置：X方向！
2023-04-25 15:39:40,952 [AppLog] INFO : 准备运动，当前位置：DEV_GetPrintEncoderValue：MoveDirectionFlag{false为Y方向：False}CurrentPos{423.455}AimPos{25}
2023-04-25 15:39:40,983 [AppLog] INFO : X方向运动开始：DEM_Run：返回值{True}nAxis{0}DirFlag{False}nSpeed{300000}MoveStep{-398455}nCtlValue{2}
2023-04-25 15:39:42,871 [AppLog] INFO : X方向到位停止：DEM_StopAxisRun：返回值{True}CurrentPos{29.73}bImmeStop{False}nAxisMask{1}
2023-04-25 15:39:42,871 [AppLog] INFO : 准备读取编码器位置：Y方向！
2023-04-25 15:39:42,871 [AppLog] INFO : 准备运动，编码器当前位置：DEM_GetAxisEncodeVal：MoveDirectionFlag{false为Y方向：True}CurrentPos{196.545}AimPos{211.521166666667}
2023-04-25 15:39:42,995 [AppLog] INFO : Y方向运动开始：DEM_Run：返回值{True}nAxis{1}DirFlag{True}nSpeed{300000}MoveStep{15004.4865978333}nCtlValue{1}
2023-04-25 15:39:43,058 [AppLog] INFO : Y方向到位停止：DEM_StopAxisRun：返回值{True}CurrentPos{209.145}bImmeStop{False}nAxisMask{2}
2023-04-25 15:39:43,058 [AppLog] INFO : 获取打印Pass数据：IDP_GetPassItem2：nLayerIndex{1}nPassID{5}nProcState{3}LPPassDataItemb:PrtDir{True}nDataTxCompleteCnt{1}nHwMemAdrMatchMask{1}nLayerIndex{1}nLayerPassCount{6}nLayerPassIndex{5}nMinJet0ImgLinePos{6755}nPrtMemHwAddr{System.UInt32[]}nPrtDataOffset{System.UInt32[]}nSrcDataSize{System.UInt32[]}nPrtColBytes{System.UInt32[]}nPrtPrecession{8}nSrcEndCols{8000}nSrcStartCols{0}nStartEncPos{10000}nValidPassJets{1280}nValidPrtCols{8310}nValidPrtCtlCnts{1}pDataBuf{0}pNextItem{0}
2023-04-25 15:39:43,073 [AppLog] INFO : 使能Pass打印成功：IDP_DoPassPrint2：nLayerIndex{1}nPassID{5}
2023-04-25 15:39:43,073 [AppLog] INFO : PASS打印前关键状态：DEV_GetDeviceInfo2：nLayerIndex{1}nPassID{5}LPPRINTER_INFO:nXSysEncDPI{0}nStatus{0}nPrintStatus{0}bSuperDevice{0}
LPPRINTER_INFO-LPPrtRunInfo:bJobPrtRuning{False}bLayerPrtIsOver{False}nContReqMemErr{0}nContWDErr{0}nCurPrtDir{0}nDTLayerIndex{0}nDTLayerPassIndex{0}nDTPtrCtlIndex{0}nLayerPassCount{0}nPrintLayerIndex{0}nPrintPassIndex{0}nProcLayerIndex{0}nPrtDataMemAddr{0}nPrtState{0}nReverse{System.Int32[]}nRevPrtCols{0}
LPPRINTER_INFO-LPDRVINFO:nFMVersion{0}nFpgaVersion{0}nPCBVersion{0}nState{0}nNextState{0}nPtvwarnState{0}nCrc32{0}nRevInfo{System.UInt32[]}nSignature{0}
2023-04-25 15:39:43,073 [AppLog] INFO : 创建：AutoPrintMotion1=》不需重新创建-手动操作！
2023-04-25 15:39:43,073 [AppLog] INFO : 进入：EquipmentMotionLogic3=》准备创建对象-手动操作！
2023-04-25 15:39:43,073 [AppLog] INFO : 进入：EquipmentMotionLogic3=》不需重新创建-手动操作！
2023-04-25 15:39:43,073 [AppLog] INFO : 进入：EquipmentMotionLogic3=》赋值完成自-AutoPrintMotion2！
2023-04-25 15:39:43,073 [AppLog] INFO : 进入：EquipmentMotionLogic3=》加载配置文件-LoadJsonFile成功！
2023-04-25 15:39:43,073 [AppLog] INFO : 进入：AutoPrintThread3！
2023-04-25 15:39:43,073 [AppLog] INFO : 准备读取编码器位置：X方向！
2023-04-25 15:39:43,073 [AppLog] INFO : 准备运动，当前位置：DEV_GetPrintEncoderValue：MoveDirectionFlag{false为Y方向：False}CurrentPos{26.555}AimPos{425}
2023-04-25 15:39:43,105 [AppLog] INFO : X方向运动开始：DEM_Run：返回值{True}nAxis{0}DirFlag{True}nSpeed{300000}MoveStep{398445}nCtlValue{2}
2023-04-25 15:39:44,992 [AppLog] INFO : X方向到位停止：DEM_StopAxisRun：返回值{True}CurrentPos{419.57}bImmeStop{False}nAxisMask{1}
2023-04-25 15:39:44,992 [AppLog] INFO : 准备读取编码器位置：X方向！
2023-04-25 15:39:44,992 [AppLog] INFO : 准备运动，当前位置：DEV_GetPrintEncoderValue：MoveDirectionFlag{false为Y方向：False}CurrentPos{419.67}AimPos{780}
2023-04-25 15:39:45,023 [AppLog] INFO : X方向运动开始：DEM_Run：返回值{True}nAxis{0}DirFlag{True}nSpeed{300000}MoveStep{360330}nCtlValue{2}
2023-04-25 15:39:45,086 [AppLog] INFO : 准备读取编码器位置：Y方向！
2023-04-25 15:39:45,086 [AppLog] INFO : 准备运动，编码器当前位置：DEM_GetAxisEncodeVal：MoveDirectionFlag{false为Y方向：True}CurrentPos{211.505}AimPos{121}
2023-04-25 15:39:45,445 [AppLog] INFO : Y方向运动开始：DEM_Run：返回值{True}nAxis{1}DirFlag{False}nSpeed{300000}MoveStep{-90676.144955}nCtlValue{1}
2023-04-25 15:39:46,771 [AppLog] INFO : Y方向到位等停：DEM_StopAxisRun：返回值{True}bImmeStop{False}nAxisMask{1}
2023-04-25 15:39:46,771 [AppLog] INFO : X方向到位等停：DEM_StopAxisRun：返回值{True}bImmeStop{False}nAxisMask{2}
2023-04-25 15:39:46,786 [AppLog] INFO : 开启闪喷操作：IDP_FlashPrtCtl：返回值{True}
2023-04-25 15:39:46,786 [AppLog] INFO : 进入：EquipmentMotionLogic3=》准备创建对象-手动操作！
2023-04-25 15:39:46,786 [AppLog] INFO : 进入：EquipmentMotionLogic3=》不需重新创建-手动操作！
2023-04-25 15:39:46,786 [AppLog] INFO : 进入：EquipmentMotionLogic3=》赋值完成自-AutoPrintMotion2！
2023-04-25 15:39:46,786 [AppLog] INFO : 进入：EquipmentMotionLogic3=》加载配置文件-LoadJsonFile成功！
2023-04-25 15:39:46,786 [AppLog] INFO : 进入自动铺粉逻辑：NewAutoSupplyPowderThread2
2023-04-25 15:39:46,864 [AppLog] INFO : 手动正向点动指令（8轴运控板卡系统） ====》：输出AXIS{第1轴},点动量{-0.1MM},运动速度{2MM/s}
2023-04-25 15:39:46,864 [AppLog] INFO : 成形面高度下降层厚 TrapSpace{0.1mm}：TrapMoveUp(1, true, Convert.ToString(vel), Convert.ToString(TrapSpace), true, true）
2023-04-25 15:39:47,644 [AppLog] INFO : 手动正向点动指令（8轴运控板卡系统） ====》：输出AXIS{第1轴},点动量{-1.5MM},运动速度{2MM/s}
2023-04-25 15:39:47,644 [AppLog] INFO : 成形面高度下降指定厚度 TrapSpace{1.5mm}：TrapMoveUp(1, true, Convert.ToString(vel), Convert.ToString(TrapSpace), true, true）
2023-04-25 15:39:48,409 [AppLog] INFO : 手动正向点动指令（8轴运控板卡系统） ====》：输出AXIS{第1轴},点动量{1.5MM},运动速度{2MM/s}
2023-04-25 15:39:48,409 [AppLog] INFO : 成形面高度上升层厚 TrapSpace{1.5mm}：TrapMoveUp(1, true, Convert.ToString(vel), Convert.ToString(TrapSpace), true, true）
2023-04-25 15:39:48,627 [AppLog] INFO : 手动正向点动指令（8轴运控板卡系统） ====》：输出AXIS{第8轴},点动量{0.5MM},运动速度{2.5MM/s}
2023-04-25 15:39:48,627 [AppLog] INFO : Hopper落粉轴转2圈落粉，速度0.5rev/s：TrapMoveUp(8, true, 0.5, rotateNuM.ToString(), true, false)
2023-04-25 15:39:49,641 [AppLog] INFO : 开启铺粉车不等停运动，准备运动至准备打印位置215mm，速度250mm/s：BackToStation2
2023-04-25 15:39:50,499 [AppLog] INFO : 手动正向点动指令（8轴运控板卡系统） ====》：输出AXIS{第2轴},点动量{214MM},运动速度{250MM/s}
2023-04-25 15:39:50,499 [AppLog] INFO : 当前铺粉车位置：打印位置215mm
2023-04-25 15:39:50,499 [AppLog] INFO : 手动正向点动指令（8轴运控板卡系统） ====》：输出AXIS{第2轴},点动量{480MM},运动速度{40MM/s}
2023-04-25 15:39:50,499 [AppLog] INFO : 开启铺粉车不等停运动至准备打印位置695mm，速度40mm/s：BackToStation2
2023-04-25 15:39:50,515 [AppLog] INFO : 打开UV灯：OpenUVLamp(true, 0, 1000, 0, 1000)
2023-04-25 15:39:50,639 [AppLog] INFO : 手动正向点动指令（8轴运控板卡系统） ====》：输出AXIS{第3轴},点动量{0.125MM},运动速度{1MM/s}
2023-04-25 15:39:50,639 [AppLog] INFO : 在{40mm}处，落粉轴运动{45度}，落粉轴转速{1rev/s}：TrapMoveUp(3, true, Convert.ToString(DispenseRollerSpeed), 0.5, true, true)
2023-04-25 15:39:50,639 [AppLog] INFO : 手动正向点动指令（8轴运控板卡系统） ====》：输出AXIS{第3轴},点动量{0.5MM},运动速度{0.0602739726027397MM/s}
2023-04-25 15:39:50,639 [AppLog] INFO : 开启均匀落粉及辊子铺平运动：TrapMoveUp(3, true, Convert.ToString(DispenseRollerSpeed), 0.5, true, true)
2023-04-25 15:39:58,876 [AppLog] INFO : 关闭UV灯：OpenUVLamp(false, 0, 1000, 0, 1000)
2023-04-25 15:40:00,889 [AppLog] INFO : 手动正向点动指令（8轴运控板卡系统） ====》：输出AXIS{第3轴},点动量{0.5MM},运动速度{2MM/s}
2023-04-25 15:40:00,889 [AppLog] INFO : 落粉轴继续转动以倒掉余粉：TrapMoveUp(3, true, 2, 0.5, true, false)
2023-04-25 15:40:03,275 [AppLog] INFO : 手动正向点动指令（8轴运控板卡系统） ====》：输出AXIS{第1轴},点动量{-1.5MM},运动速度{2MM/s}
2023-04-25 15:40:03,275 [AppLog] INFO : 成形面高度下降指定厚度 TrapSpace{1.5mm}：TrapMoveUp(1, true, Convert.ToString(vel), Convert.ToString(TrapSpace), true, true）
2023-04-25 15:40:06,068 [AppLog] INFO : 手动正向点动指令（8轴运控板卡系统） ====》：输出AXIS{第2轴},点动量{-696.5MM},运动速度{250MM/s}
2023-04-25 15:40:06,068 [AppLog] INFO : 铺粉车返回至站1：BackToStation2(AimPos, MovSpeed, true)：-1.5mm，速度250mm/s：BackToStation2
2023-04-25 15:40:06,848 [AppLog] INFO : 落粉轴回零成功：motionMap.SetBackSpreaderAxis(3, 0.5, 2, -SinkPosition)：ReturnCode{True}
2023-04-25 15:40:07,612 [AppLog] INFO : 手动正向点动指令（8轴运控板卡系统） ====》：输出AXIS{第1轴},点动量{1.5MM},运动速度{2MM/s}
2023-04-25 15:40:07,612 [AppLog] INFO : 成形面高度上升层厚 TrapSpace{1.5mm}：TrapMoveUp(1, true, Convert.ToString(vel), Convert.ToString(TrapSpace), true, true）
2023-04-25 15:40:07,612 [AppLog] INFO : 自动铺粉正常结束：NewAutoSupplyPowderThread2
2023-04-25 15:40:07,612 [AppLog] INFO : 发送监控指令，拍照记录1条：SendMessageFromSharedMemory
2023-04-25 15:40:07,612 [AppLog] INFO : 执行完成铺粉固化操作：EquipmentMotionLogic3：m_bApplyPowderSupplyMotion:0
2023-04-25 15:40:07,612 [AppLog] INFO : 接收到起始打印指令：PrintTaskTHREAD
2023-04-25 15:40:07,628 [AppLog] INFO : 获取打印Pass数据：IDP_GetPassItem2：nLayerIndex{2}nPassID{0}nProcState{3}LPPassDataItemb:PrtDir{False}nDataTxCompleteCnt{1}nHwMemAdrMatchMask{1}nLayerIndex{2}nLayerPassCount{6}nLayerPassIndex{0}nMinJet0ImgLinePos{355}nPrtMemHwAddr{System.UInt32[]}nPrtDataOffset{System.UInt32[]}nSrcDataSize{System.UInt32[]}nPrtColBytes{System.UInt32[]}nPrtPrecession{8}nSrcEndCols{8000}nSrcStartCols{0}nStartEncPos{76512}nValidPassJets{1280}nValidPrtCols{8310}nValidPrtCtlCnts{1}pDataBuf{0}pNextItem{748934336}
2023-04-25 15:40:07,644 [AppLog] INFO : 使能Pass打印成功：IDP_DoPassPrint2：nLayerIndex{2}nPassID{0}
2023-04-25 15:40:07,644 [AppLog] INFO : PASS打印前关键状态：DEV_GetDeviceInfo2：nLayerIndex{2}nPassID{0}LPPRINTER_INFO:nXSysEncDPI{0}nStatus{0}nPrintStatus{0}bSuperDevice{0}
LPPRINTER_INFO-LPPrtRunInfo:bJobPrtRuning{False}bLayerPrtIsOver{False}nContReqMemErr{0}nContWDErr{0}nCurPrtDir{0}nDTLayerIndex{0}nDTLayerPassIndex{0}nDTPtrCtlIndex{0}nLayerPassCount{0}nPrintLayerIndex{0}nPrintPassIndex{0}nProcLayerIndex{0}nPrtDataMemAddr{0}nPrtState{0}nReverse{System.Int32[]}nRevPrtCols{0}
LPPRINTER_INFO-LPDRVINFO:nFMVersion{0}nFpgaVersion{0}nPCBVersion{0}nState{0}nNextState{0}nPtvwarnState{0}nCrc32{0}nRevInfo{System.UInt32[]}nSignature{0}
2023-04-25 15:40:07,644 [AppLog] INFO : 创建：AutoPrintMotion1=》不需重新创建-手动操作！
2023-04-25 15:40:07,644 [AppLog] INFO : 进入：EquipmentMotionLogic3=》准备创建对象-手动操作！
2023-04-25 15:40:07,644 [AppLog] INFO : 进入：EquipmentMotionLogic3=》不需重新创建-手动操作！
2023-04-25 15:40:07,644 [AppLog] INFO : 进入：EquipmentMotionLogic3=》赋值完成自-AutoPrintMotion2！
2023-04-25 15:40:07,644 [AppLog] INFO : 进入：EquipmentMotionLogic3=》加载配置文件-LoadJsonFile成功！
2023-04-25 15:40:07,644 [AppLog] INFO : 进入自动清洗过程：AutoCleanThread
2023-04-25 15:40:08,018 [AppLog] INFO : 准备处理第3层数据：准备调用RenderToWic，index为3，subindex为0，g_nRePrintTimes为1，起始层为0
2023-04-25 15:40:08,065 [AppLog] INFO : 刮墨轴回零成功：motionMap.SetBackSpreaderAxis(4, 1, 2, -SinkHomePosition)
2023-04-25 15:40:08,065 [AppLog] INFO : 准备读取编码器位置：Y方向！
2023-04-25 15:40:08,080 [AppLog] INFO : 准备运动，编码器当前位置：DEM_GetAxisEncodeVal：MoveDirectionFlag{false为Y方向：True}CurrentPos{121.075}AimPos{116}
2023-04-25 15:40:08,096 [AppLog] INFO : 完成处理第3层数据：准备调用DrawLayerBMP，index为3，起始层为0
2023-04-25 15:40:08,096 [AppLog] INFO : 完成处理第3层数据：准备调用DrawLayerBMP，index为3，起始层为0
2023-04-25 15:40:08,221 [AppLog] INFO : Y方向运动开始：DEM_Run：返回值{True}nAxis{1}DirFlag{False}nSpeed{300000}MoveStep{-5084.596825}nCtlValue{1}
2023-04-25 15:40:08,283 [AppLog] INFO : Y方向到位停止：DEM_StopAxisRun：返回值{True}CurrentPos{116.525}bImmeStop{False}nAxisMask{2}
2023-04-25 15:40:08,283 [AppLog] INFO : 准备读取编码器位置：X方向！
2023-04-25 15:40:08,283 [AppLog] INFO : 准备运动，当前位置：DEV_GetPrintEncoderValue：MoveDirectionFlag{false为Y方向：False}CurrentPos{783.775}AimPos{780}
2023-04-25 15:40:08,314 [AppLog] INFO : X方向运动开始：DEM_Run：返回值{True}nAxis{0}DirFlag{False}nSpeed{300000}MoveStep{-3774.99999999998}nCtlValue{2}
2023-04-25 15:40:08,533 [AppLog] INFO : 作业写入成功：IDP_WriteImgLayerData：bpp:{1bit}灰阶:{1阶}nLayerIndex{4}LayerIndex{3}SubIndex{1}RePrintTimes{1}nBytesPerLine{1004}nWidth{8001}nHeight{7656}nXEncOff{0}nYJetOff{355}nImgStartJetIndex{0}nXDPI{635}nYDPI{600}nPrtDir{0} nPrtFlag{1}nColorCnts{1}nReserved{System.Int32[]}
2023-04-25 15:40:08,533 [AppLog] INFO : 完成处理第3层数据：准备调用RenderToWic，index为3，subindex为0，g_nRePrintTimes为1，起始层为0
2023-04-25 15:40:08,626 [AppLog] INFO : X方向到位停止：DEM_StopAxisRun：返回值{True}CurrentPos{780.36}bImmeStop{False}nAxisMask{1}
2023-04-25 15:40:09,594 [AppLog] INFO : 开启压墨： motionMap.SetDo(13, true)
2023-04-25 15:40:11,107 [AppLog] INFO : 关闭压墨： motionMap.SetDo(13, true)
2023-04-25 15:40:11,107 [AppLog] INFO : 压墨等待开启：{2.5S}
2023-04-25 15:40:13,618 [AppLog] INFO : 压墨等待完成：{2.5S}
2023-04-25 15:40:13,618 [AppLog] INFO : 准备读取编码器位置：X方向！
2023-04-25 15:40:13,618 [AppLog] INFO : 准备运动，当前位置：DEV_GetPrintEncoderValue：MoveDirectionFlag{false为Y方向：False}CurrentPos{780.335}AimPos{680}
2023-04-25 15:40:13,650 [AppLog] INFO : X方向运动开始：DEM_Run：返回值{True}nAxis{0}DirFlag{False}nSpeed{200000}MoveStep{-100335}nCtlValue{2}
2023-04-25 15:40:14,508 [AppLog] INFO : X方向到位停止：DEM_StopAxisRun：返回值{True}CurrentPos{683.87}bImmeStop{False}nAxisMask{1}
2023-04-25 15:40:15,022 [AppLog] INFO : 结束自动清洗过程：AutoCleanThread
2023-04-25 15:40:15,022 [AppLog] INFO : 进入：EquipmentMotionLogic3=》准备创建对象-手动操作！
2023-04-25 15:40:15,022 [AppLog] INFO : 进入：EquipmentMotionLogic3=》不需重新创建-手动操作！
2023-04-25 15:40:15,022 [AppLog] INFO : 进入：EquipmentMotionLogic3=》赋值完成自-AutoPrintMotion2！
2023-04-25 15:40:15,022 [AppLog] INFO : 进入：EquipmentMotionLogic3=》加载配置文件-LoadJsonFile成功！
2023-04-25 15:40:15,022 [AppLog] INFO : 进入：AutoPrintThread3！
2023-04-25 15:40:15,038 [AppLog] INFO : 关闭闪喷操作：IDP_FlashPrtCtl：返回值{True}
2023-04-25 15:40:15,038 [AppLog] INFO : 准备读取编码器位置：Y方向！
2023-04-25 15:40:15,038 [AppLog] INFO : 准备运动，编码器当前位置：DEM_GetAxisEncodeVal：MoveDirectionFlag{false为Y方向：True}CurrentPos{115.98}AimPos{88.5}
2023-04-25 15:40:15,178 [AppLog] INFO : Y方向运动开始：DEM_Run：返回值{True}nAxis{1}DirFlag{False}nSpeed{300000}MoveStep{-27531.96468}nCtlValue{1}
2023-04-25 15:40:15,241 [AppLog] INFO : 准备读取编码器位置：X方向！
2023-04-25 15:40:15,241 [AppLog] INFO : 准备运动，当前位置：DEV_GetPrintEncoderValue：MoveDirectionFlag{false为Y方向：False}CurrentPos{680.305}AimPos{425}
2023-04-25 15:40:15,272 [AppLog] INFO : X方向运动开始：DEM_Run：返回值{True}nAxis{0}DirFlag{False}nSpeed{300000}MoveStep{-255305}nCtlValue{2}
2023-04-25 15:40:16,676 [AppLog] INFO : X方向到位停止：DEM_StopAxisRun：返回值{True}CurrentPos{429.46}bImmeStop{False}nAxisMask{1}
2023-04-25 15:40:16,676 [AppLog] INFO : 准备读取编码器位置：X方向！
2023-04-25 15:40:16,676 [AppLog] INFO : 准备运动，当前位置：DEV_GetPrintEncoderValue：MoveDirectionFlag{false为Y方向：False}CurrentPos{429.365}AimPos{25}
2023-04-25 15:40:16,707 [AppLog] INFO : X方向运动开始：DEM_Run：返回值{True}nAxis{0}DirFlag{False}nSpeed{300000}MoveStep{-404365}nCtlValue{2}
2023-04-25 15:40:18,595 [AppLog] INFO : X方向到位停止：DEM_StopAxisRun：返回值{True}CurrentPos{25.85}bImmeStop{False}nAxisMask{1}
2023-04-25 15:40:18,595 [AppLog] INFO : 准备读取编码器位置：Y方向！
2023-04-25 15:40:18,595 [AppLog] INFO : 准备运动，编码器当前位置：DEM_GetAxisEncodeVal：MoveDirectionFlag{false为Y方向：True}CurrentPos{88.49}AimPos{103.521166666667}
2023-04-25 15:40:18,720 [AppLog] INFO : Y方向运动开始：DEM_Run：返回值{True}nAxis{1}DirFlag{True}nSpeed{300000}MoveStep{15059.5906028333}nCtlValue{1}
2023-04-25 15:40:18,782 [AppLog] INFO : Y方向到位停止：DEM_StopAxisRun：返回值{True}CurrentPos{101.075}bImmeStop{False}nAxisMask{2}
2023-04-25 15:40:18,782 [AppLog] INFO : 获取打印Pass数据：IDP_GetPassItem2：nLayerIndex{2}nPassID{1}nProcState{3}LPPassDataItemb:PrtDir{True}nDataTxCompleteCnt{1}nHwMemAdrMatchMask{1}nLayerIndex{2}nLayerPassCount{6}nLayerPassIndex{1}nMinJet0ImgLinePos{1635}nPrtMemHwAddr{System.UInt32[]}nPrtDataOffset{System.UInt32[]}nSrcDataSize{System.UInt32[]}nPrtColBytes{System.UInt32[]}nPrtPrecession{8}nSrcEndCols{8000}nSrcStartCols{0}nStartEncPos{10000}nValidPassJets{1280}nValidPrtCols{8310}nValidPrtCtlCnts{1}pDataBuf{0}pNextItem{748934496}
2023-04-25 15:40:18,798 [AppLog] INFO : 使能Pass打印成功：IDP_DoPassPrint2：nLayerIndex{2}nPassID{1}
2023-04-25 15:40:18,829 [AppLog] INFO : PASS打印前关键状态：DEV_GetDeviceInfo2：nLayerIndex{2}nPassID{1}LPPRINTER_INFO:nXSysEncDPI{0}nStatus{0}nPrintStatus{0}bSuperDevice{0}
LPPRINTER_INFO-LPPrtRunInfo:bJobPrtRuning{False}bLayerPrtIsOver{False}nContReqMemErr{0}nContWDErr{0}nCurPrtDir{0}nDTLayerIndex{0}nDTLayerPassIndex{0}nDTPtrCtlIndex{0}nLayerPassCount{0}nPrintLayerIndex{0}nPrintPassIndex{0}nProcLayerIndex{0}nPrtDataMemAddr{0}nPrtState{0}nReverse{System.Int32[]}nRevPrtCols{0}
LPPRINTER_INFO-LPDRVINFO:nFMVersion{0}nFpgaVersion{0}nPCBVersion{0}nState{0}nNextState{0}nPtvwarnState{0}nCrc32{0}nRevInfo{System.UInt32[]}nSignature{0}
2023-04-25 15:40:18,829 [AppLog] INFO : 创建：AutoPrintMotion1=》不需重新创建-手动操作！
2023-04-25 15:40:18,829 [AppLog] INFO : 进入：EquipmentMotionLogic3=》准备创建对象-手动操作！
2023-04-25 15:40:18,829 [AppLog] INFO : 进入：EquipmentMotionLogic3=》不需重新创建-手动操作！
2023-04-25 15:40:18,829 [AppLog] INFO : 进入：EquipmentMotionLogic3=》赋值完成自-AutoPrintMotion2！
2023-04-25 15:40:18,829 [AppLog] INFO : 进入：EquipmentMotionLogic3=》加载配置文件-LoadJsonFile成功！
2023-04-25 15:40:18,829 [AppLog] INFO : 进入：AutoPrintThread3！
2023-04-25 15:40:18,829 [AppLog] INFO : 准备读取编码器位置：X方向！
2023-04-25 15:40:18,829 [AppLog] INFO : 准备运动，当前位置：DEV_GetPrintEncoderValue：MoveDirectionFlag{false为Y方向：False}CurrentPos{21.54}AimPos{425}
2023-04-25 15:40:18,860 [AppLog] INFO : X方向运动开始：DEM_Run：返回值{True}nAxis{0}DirFlag{True}nSpeed{300000}MoveStep{403460}nCtlValue{2}
2023-04-25 15:40:20,748 [AppLog] INFO : X方向到位停止：DEM_StopAxisRun：返回值{True}CurrentPos{419.145}bImmeStop{False}nAxisMask{1}
2023-04-25 15:40:20,748 [AppLog] INFO : 准备读取编码器位置：Y方向！
2023-04-25 15:40:20,748 [AppLog] INFO : 准备运动，编码器当前位置：DEM_GetAxisEncodeVal：MoveDirectionFlag{false为Y方向：True}CurrentPos{103.505}AimPos{142.5}
2023-04-25 15:40:20,919 [AppLog] INFO : Y方向运动开始：DEM_Run：返回值{True}nAxis{1}DirFlag{True}nSpeed{300000}MoveStep{39068.739545}nCtlValue{1}
2023-04-25 15:40:20,982 [AppLog] INFO : Y方向到位停止：DEM_StopAxisRun：返回值{True}CurrentPos{134.815}bImmeStop{False}nAxisMask{2}
2023-04-25 15:40:20,982 [AppLog] INFO : 获取打印Pass数据：IDP_GetPassItem2：nLayerIndex{2}nPassID{2}nProcState{3}LPPassDataItemb:PrtDir{False}nDataTxCompleteCnt{1}nHwMemAdrMatchMask{1}nLayerIndex{2}nLayerPassCount{6}nLayerPassIndex{2}nMinJet0ImgLinePos{2915}nPrtMemHwAddr{System.UInt32[]}nPrtDataOffset{System.UInt32[]}nSrcDataSize{System.UInt32[]}nPrtColBytes{System.UInt32[]}nPrtPrecession{8}nSrcEndCols{8000}nSrcStartCols{0}nStartEncPos{76512}nValidPassJets{1280}nValidPrtCols{8310}nValidPrtCtlCnts{1}pDataBuf{0}pNextItem{748934656}
2023-04-25 15:40:20,997 [AppLog] INFO : 使能Pass打印成功：IDP_DoPassPrint2：nLayerIndex{2}nPassID{2}
2023-04-25 15:40:21,013 [AppLog] INFO : PASS打印前关键状态：DEV_GetDeviceInfo2：nLayerIndex{2}nPassID{2}LPPRINTER_INFO:nXSysEncDPI{0}nStatus{0}nPrintStatus{0}bSuperDevice{0}
LPPRINTER_INFO-LPPrtRunInfo:bJobPrtRuning{False}bLayerPrtIsOver{False}nContReqMemErr{0}nContWDErr{0}nCurPrtDir{0}nDTLayerIndex{0}nDTLayerPassIndex{0}nDTPtrCtlIndex{0}nLayerPassCount{0}nPrintLayerIndex{0}nPrintPassIndex{0}nProcLayerIndex{0}nPrtDataMemAddr{0}nPrtState{0}nReverse{System.Int32[]}nRevPrtCols{0}
LPPRINTER_INFO-LPDRVINFO:nFMVersion{0}nFpgaVersion{0}nPCBVersion{0}nState{0}nNextState{0}nPtvwarnState{0}nCrc32{0}nRevInfo{System.UInt32[]}nSignature{0}
2023-04-25 15:40:21,013 [AppLog] INFO : 创建：AutoPrintMotion1=》不需重新创建-手动操作！
2023-04-25 15:40:21,013 [AppLog] INFO : 进入：EquipmentMotionLogic3=》准备创建对象-手动操作！
2023-04-25 15:40:21,013 [AppLog] INFO : 进入：EquipmentMotionLogic3=》不需重新创建-手动操作！
2023-04-25 15:40:21,013 [AppLog] INFO : 进入：EquipmentMotionLogic3=》赋值完成自-AutoPrintMotion2！
2023-04-25 15:40:21,013 [AppLog] INFO : 进入：EquipmentMotionLogic3=》加载配置文件-LoadJsonFile成功！
2023-04-25 15:40:21,013 [AppLog] INFO : 进入：AutoPrintThread3！
2023-04-25 15:40:21,013 [AppLog] INFO : 准备读取编码器位置：X方向！
2023-04-25 15:40:21,013 [AppLog] INFO : 准备运动，当前位置：DEV_GetPrintEncoderValue：MoveDirectionFlag{false为Y方向：False}CurrentPos{423.47}AimPos{25}
2023-04-25 15:40:21,044 [AppLog] INFO : X方向运动开始：DEM_Run：返回值{True}nAxis{0}DirFlag{False}nSpeed{300000}MoveStep{-398470}nCtlValue{2}
2023-04-25 15:40:22,932 [AppLog] INFO : X方向到位停止：DEM_StopAxisRun：返回值{True}CurrentPos{29.895}bImmeStop{False}nAxisMask{1}
2023-04-25 15:40:22,932 [AppLog] INFO : 准备读取编码器位置：Y方向！
2023-04-25 15:40:22,932 [AppLog] INFO : 准备运动，编码器当前位置：DEM_GetAxisEncodeVal：MoveDirectionFlag{false为Y方向：True}CurrentPos{142.47}AimPos{157.521166666667}
2023-04-25 15:40:23,056 [AppLog] INFO : Y方向运动开始：DEM_Run：返回值{True}nAxis{1}DirFlag{True}nSpeed{300000}MoveStep{15079.6284228333}nCtlValue{1}
2023-04-25 15:40:23,119 [AppLog] INFO : Y方向到位停止：DEM_StopAxisRun：返回值{True}CurrentPos{155.155}bImmeStop{False}nAxisMask{2}
2023-04-25 15:40:23,119 [AppLog] INFO : 获取打印Pass数据：IDP_GetPassItem2：nLayerIndex{2}nPassID{3}nProcState{3}LPPassDataItemb:PrtDir{True}nDataTxCompleteCnt{1}nHwMemAdrMatchMask{1}nLayerIndex{2}nLayerPassCount{6}nLayerPassIndex{3}nMinJet0ImgLinePos{4195}nPrtMemHwAddr{System.UInt32[]}nPrtDataOffset{System.UInt32[]}nSrcDataSize{System.UInt32[]}nPrtColBytes{System.UInt32[]}nPrtPrecession{8}nSrcEndCols{8000}nSrcStartCols{0}nStartEncPos{10000}nValidPassJets{1280}nValidPrtCols{8310}nValidPrtCtlCnts{1}pDataBuf{0}pNextItem{748934816}
2023-04-25 15:40:23,119 [AppLog] INFO : 使能Pass打印成功：IDP_DoPassPrint2：nLayerIndex{2}nPassID{3}
2023-04-25 15:40:23,134 [AppLog] INFO : PASS打印前关键状态：DEV_GetDeviceInfo2：nLayerIndex{2}nPassID{3}LPPRINTER_INFO:nXSysEncDPI{0}nStatus{0}nPrintStatus{0}bSuperDevice{0}
LPPRINTER_INFO-LPPrtRunInfo:bJobPrtRuning{False}bLayerPrtIsOver{False}nContReqMemErr{0}nContWDErr{0}nCurPrtDir{0}nDTLayerIndex{0}nDTLayerPassIndex{0}nDTPtrCtlIndex{0}nLayerPassCount{0}nPrintLayerIndex{0}nPrintPassIndex{0}nProcLayerIndex{0}nPrtDataMemAddr{0}nPrtState{0}nReverse{System.Int32[]}nRevPrtCols{0}
LPPRINTER_INFO-LPDRVINFO:nFMVersion{0}nFpgaVersion{0}nPCBVersion{0}nState{0}nNextState{0}nPtvwarnState{0}nCrc32{0}nRevInfo{System.UInt32[]}nSignature{0}
2023-04-25 15:40:23,134 [AppLog] INFO : 创建：AutoPrintMotion1=》不需重新创建-手动操作！
2023-04-25 15:40:23,134 [AppLog] INFO : 进入：EquipmentMotionLogic3=》准备创建对象-手动操作！
2023-04-25 15:40:23,134 [AppLog] INFO : 进入：EquipmentMotionLogic3=》不需重新创建-手动操作！
2023-04-25 15:40:23,134 [AppLog] INFO : 进入：EquipmentMotionLogic3=》赋值完成自-AutoPrintMotion2！
2023-04-25 15:40:23,134 [AppLog] INFO : 进入：EquipmentMotionLogic3=》加载配置文件-LoadJsonFile成功！
2023-04-25 15:40:23,134 [AppLog] INFO : 进入：AutoPrintThread3！
2023-04-25 15:40:23,134 [AppLog] INFO : 准备读取编码器位置：X方向！
2023-04-25 15:40:23,134 [AppLog] INFO : 准备运动，当前位置：DEV_GetPrintEncoderValue：MoveDirectionFlag{false为Y方向：False}CurrentPos{26.53}AimPos{425}
2023-04-25 15:40:23,166 [AppLog] INFO : X方向运动开始：DEM_Run：返回值{True}nAxis{0}DirFlag{True}nSpeed{300000}MoveStep{398470}nCtlValue{2}
2023-04-25 15:40:25,053 [AppLog] INFO : X方向到位停止：DEM_StopAxisRun：返回值{True}CurrentPos{419.735}bImmeStop{False}nAxisMask{1}
2023-04-25 15:40:25,053 [AppLog] INFO : 准备读取编码器位置：Y方向！
2023-04-25 15:40:25,053 [AppLog] INFO : 准备运动，编码器当前位置：DEM_GetAxisEncodeVal：MoveDirectionFlag{false为Y方向：True}CurrentPos{157.505}AimPos{196.5}
2023-04-25 15:40:25,225 [AppLog] INFO : Y方向运动开始：DEM_Run：返回值{True}nAxis{1}DirFlag{True}nSpeed{300000}MoveStep{39068.739545}nCtlValue{1}
2023-04-25 15:40:25,318 [AppLog] INFO : Y方向到位停止：DEM_StopAxisRun：返回值{True}CurrentPos{193.315}bImmeStop{False}nAxisMask{2}
2023-04-25 15:40:25,318 [AppLog] INFO : 获取打印Pass数据：IDP_GetPassItem2：nLayerIndex{2}nPassID{4}nProcState{3}LPPassDataItemb:PrtDir{False}nDataTxCompleteCnt{1}nHwMemAdrMatchMask{1}nLayerIndex{2}nLayerPassCount{6}nLayerPassIndex{4}nMinJet0ImgLinePos{5475}nPrtMemHwAddr{System.UInt32[]}nPrtDataOffset{System.UInt32[]}nSrcDataSize{System.UInt32[]}nPrtColBytes{System.UInt32[]}nPrtPrecession{8}nSrcEndCols{8000}nSrcStartCols{0}nStartEncPos{76512}nValidPassJets{1280}nValidPrtCols{8310}nValidPrtCtlCnts{1}pDataBuf{0}pNextItem{748935024}
2023-04-25 15:40:25,318 [AppLog] INFO : 使能Pass打印成功：IDP_DoPassPrint2：nLayerIndex{2}nPassID{4}
2023-04-25 15:40:25,334 [AppLog] INFO : PASS打印前关键状态：DEV_GetDeviceInfo2：nLayerIndex{2}nPassID{4}LPPRINTER_INFO:nXSysEncDPI{0}nStatus{0}nPrintStatus{0}bSuperDevice{0}
LPPRINTER_INFO-LPPrtRunInfo:bJobPrtRuning{False}bLayerPrtIsOver{False}nContReqMemErr{0}nContWDErr{0}nCurPrtDir{0}nDTLayerIndex{0}nDTLayerPassIndex{0}nDTPtrCtlIndex{0}nLayerPassCount{0}nPrintLayerIndex{0}nPrintPassIndex{0}nProcLayerIndex{0}nPrtDataMemAddr{0}nPrtState{0}nReverse{System.Int32[]}nRevPrtCols{0}
LPPRINTER_INFO-LPDRVINFO:nFMVersion{0}nFpgaVersion{0}nPCBVersion{0}nState{0}nNextState{0}nPtvwarnState{0}nCrc32{0}nRevInfo{System.UInt32[]}nSignature{0}
2023-04-25 15:40:25,334 [AppLog] INFO : 创建：AutoPrintMotion1=》不需重新创建-手动操作！
2023-04-25 15:40:25,334 [AppLog] INFO : 进入：EquipmentMotionLogic3=》准备创建对象-手动操作！
2023-04-25 15:40:25,334 [AppLog] INFO : 进入：EquipmentMotionLogic3=》不需重新创建-手动操作！
2023-04-25 15:40:25,334 [AppLog] INFO : 进入：EquipmentMotionLogic3=》赋值完成自-AutoPrintMotion2！
2023-04-25 15:40:25,334 [AppLog] INFO : 进入：EquipmentMotionLogic3=》加载配置文件-LoadJsonFile成功！
2023-04-25 15:40:25,334 [AppLog] INFO : 进入：AutoPrintThread3！
2023-04-25 15:40:25,334 [AppLog] INFO : 准备读取编码器位置：X方向！
2023-04-25 15:40:25,334 [AppLog] INFO : 准备运动，当前位置：DEV_GetPrintEncoderValue：MoveDirectionFlag{false为Y方向：False}CurrentPos{423.46}AimPos{25}
2023-04-25 15:40:25,365 [AppLog] INFO : X方向运动开始：DEM_Run：返回值{True}nAxis{0}DirFlag{False}nSpeed{300000}MoveStep{-398460}nCtlValue{2}
2023-04-25 15:40:27,253 [AppLog] INFO : X方向到位停止：DEM_StopAxisRun：返回值{True}CurrentPos{30.03}bImmeStop{False}nAxisMask{1}
2023-04-25 15:40:27,253 [AppLog] INFO : 准备读取编码器位置：Y方向！
2023-04-25 15:40:27,253 [AppLog] INFO : 准备运动，编码器当前位置：DEM_GetAxisEncodeVal：MoveDirectionFlag{false为Y方向：True}CurrentPos{196.535}AimPos{211.521166666667}
2023-04-25 15:40:27,378 [AppLog] INFO : Y方向运动开始：DEM_Run：返回值{True}nAxis{1}DirFlag{True}nSpeed{300000}MoveStep{15014.5055078333}nCtlValue{1}
2023-04-25 15:40:27,440 [AppLog] INFO : Y方向到位停止：DEM_StopAxisRun：返回值{True}CurrentPos{209.155}bImmeStop{False}nAxisMask{2}
2023-04-25 15:40:27,440 [AppLog] INFO : 获取打印Pass数据：IDP_GetPassItem2：nLayerIndex{2}nPassID{5}nProcState{3}LPPassDataItemb:PrtDir{True}nDataTxCompleteCnt{1}nHwMemAdrMatchMask{1}nLayerIndex{2}nLayerPassCount{6}nLayerPassIndex{5}nMinJet0ImgLinePos{6755}nPrtMemHwAddr{System.UInt32[]}nPrtDataOffset{System.UInt32[]}nSrcDataSize{System.UInt32[]}nPrtColBytes{System.UInt32[]}nPrtPrecession{8}nSrcEndCols{8000}nSrcStartCols{0}nStartEncPos{10000}nValidPassJets{1280}nValidPrtCols{8310}nValidPrtCtlCnts{1}pDataBuf{0}pNextItem{0}
2023-04-25 15:40:27,440 [AppLog] INFO : 使能Pass打印成功：IDP_DoPassPrint2：nLayerIndex{2}nPassID{5}
2023-04-25 15:40:27,456 [AppLog] INFO : PASS打印前关键状态：DEV_GetDeviceInfo2：nLayerIndex{2}nPassID{5}LPPRINTER_INFO:nXSysEncDPI{0}nStatus{0}nPrintStatus{0}bSuperDevice{0}
LPPRINTER_INFO-LPPrtRunInfo:bJobPrtRuning{False}bLayerPrtIsOver{False}nContReqMemErr{0}nContWDErr{0}nCurPrtDir{0}nDTLayerIndex{0}nDTLayerPassIndex{0}nDTPtrCtlIndex{0}nLayerPassCount{0}nPrintLayerIndex{0}nPrintPassIndex{0}nProcLayerIndex{0}nPrtDataMemAddr{0}nPrtState{0}nReverse{System.Int32[]}nRevPrtCols{0}
LPPRINTER_INFO-LPDRVINFO:nFMVersion{0}nFpgaVersion{0}nPCBVersion{0}nState{0}nNextState{0}nPtvwarnState{0}nCrc32{0}nRevInfo{System.UInt32[]}nSignature{0}
2023-04-25 15:40:27,456 [AppLog] INFO : 创建：AutoPrintMotion1=》不需重新创建-手动操作！
2023-04-25 15:40:27,456 [AppLog] INFO : 进入：EquipmentMotionLogic3=》准备创建对象-手动操作！
2023-04-25 15:40:27,456 [AppLog] INFO : 进入：EquipmentMotionLogic3=》不需重新创建-手动操作！
2023-04-25 15:40:27,456 [AppLog] INFO : 进入：EquipmentMotionLogic3=》赋值完成自-AutoPrintMotion2！
2023-04-25 15:40:27,456 [AppLog] INFO : 进入：EquipmentMotionLogic3=》加载配置文件-LoadJsonFile成功！
2023-04-25 15:40:27,456 [AppLog] INFO : 进入：AutoPrintThread3！
2023-04-25 15:40:27,456 [AppLog] INFO : 准备读取编码器位置：X方向！
2023-04-25 15:40:27,456 [AppLog] INFO : 准备运动，当前位置：DEV_GetPrintEncoderValue：MoveDirectionFlag{false为Y方向：False}CurrentPos{26.575}AimPos{425}
2023-04-25 15:40:27,487 [AppLog] INFO : X方向运动开始：DEM_Run：返回值{True}nAxis{0}DirFlag{True}nSpeed{300000}MoveStep{398425}nCtlValue{2}
2023-04-25 15:40:29,359 [AppLog] INFO : X方向到位停止：DEM_StopAxisRun：返回值{True}CurrentPos{418.615}bImmeStop{False}nAxisMask{1}
2023-04-25 15:40:29,359 [AppLog] INFO : 准备读取编码器位置：X方向！
2023-04-25 15:40:29,374 [AppLog] INFO : 准备运动，当前位置：DEV_GetPrintEncoderValue：MoveDirectionFlag{false为Y方向：False}CurrentPos{418.725}AimPos{780}
2023-04-25 15:40:29,406 [AppLog] INFO : X方向运动开始：DEM_Run：返回值{True}nAxis{0}DirFlag{True}nSpeed{300000}MoveStep{361275}nCtlValue{2}
2023-04-25 15:40:29,468 [AppLog] INFO : 准备读取编码器位置：Y方向！
2023-04-25 15:40:29,468 [AppLog] INFO : 准备运动，编码器当前位置：DEM_GetAxisEncodeVal：MoveDirectionFlag{false为Y方向：True}CurrentPos{211.5}AimPos{121}
2023-04-25 15:40:29,796 [AppLog] INFO : Y方向运动开始：DEM_Run：返回值{True}nAxis{1}DirFlag{False}nSpeed{300000}MoveStep{-90671.1355}nCtlValue{1}
2023-04-25 15:40:31,168 [AppLog] INFO : Y方向到位等停：DEM_StopAxisRun：返回值{True}bImmeStop{False}nAxisMask{1}
2023-04-25 15:40:31,168 [AppLog] INFO : X方向到位等停：DEM_StopAxisRun：返回值{True}bImmeStop{False}nAxisMask{2}
2023-04-25 15:40:31,215 [AppLog] INFO : 开启闪喷操作：IDP_FlashPrtCtl：返回值{True}
2023-04-25 15:40:31,215 [AppLog] INFO : 进入：EquipmentMotionLogic3=》准备创建对象-手动操作！
2023-04-25 15:40:31,215 [AppLog] INFO : 进入：EquipmentMotionLogic3=》不需重新创建-手动操作！
2023-04-25 15:40:31,215 [AppLog] INFO : 进入：EquipmentMotionLogic3=》赋值完成自-AutoPrintMotion2！
2023-04-25 15:40:31,215 [AppLog] INFO : 进入：EquipmentMotionLogic3=》加载配置文件-LoadJsonFile成功！
2023-04-25 15:40:31,215 [AppLog] INFO : 进入自动铺粉逻辑：NewAutoSupplyPowderThread2
2023-04-25 15:40:31,293 [AppLog] INFO : 手动正向点动指令（8轴运控板卡系统） ====》：输出AXIS{第1轴},点动量{-0.1MM},运动速度{2MM/s}
2023-04-25 15:40:31,293 [AppLog] INFO : 成形面高度下降层厚 TrapSpace{0.1mm}：TrapMoveUp(1, true, Convert.ToString(vel), Convert.ToString(TrapSpace), true, true）
2023-04-25 15:40:32,073 [AppLog] INFO : 手动正向点动指令（8轴运控板卡系统） ====》：输出AXIS{第1轴},点动量{-1.5MM},运动速度{2MM/s}
2023-04-25 15:40:32,073 [AppLog] INFO : 成形面高度下降指定厚度 TrapSpace{1.5mm}：TrapMoveUp(1, true, Convert.ToString(vel), Convert.ToString(TrapSpace), true, true）
2023-04-25 15:40:32,853 [AppLog] INFO : 手动正向点动指令（8轴运控板卡系统） ====》：输出AXIS{第1轴},点动量{1.5MM},运动速度{2MM/s}
2023-04-25 15:40:32,853 [AppLog] INFO : 成形面高度上升层厚 TrapSpace{1.5mm}：TrapMoveUp(1, true, Convert.ToString(vel), Convert.ToString(TrapSpace), true, true）
2023-04-25 15:40:33,056 [AppLog] INFO : 手动正向点动指令（8轴运控板卡系统） ====》：输出AXIS{第8轴},点动量{0.5MM},运动速度{2.5MM/s}
2023-04-25 15:40:33,056 [AppLog] INFO : Hopper落粉轴转2圈落粉，速度0.5rev/s：TrapMoveUp(8, true, 0.5, rotateNuM.ToString(), true, false)
2023-04-25 15:40:34,070 [AppLog] INFO : 开启铺粉车不等停运动，准备运动至准备打印位置215mm，速度250mm/s：BackToStation2
2023-04-25 15:40:34,928 [AppLog] INFO : 手动正向点动指令（8轴运控板卡系统） ====》：输出AXIS{第2轴},点动量{216.5MM},运动速度{250MM/s}
2023-04-25 15:40:34,928 [AppLog] INFO : 当前铺粉车位置：打印位置215mm
2023-04-25 15:40:34,928 [AppLog] INFO : 手动正向点动指令（8轴运控板卡系统） ====》：输出AXIS{第2轴},点动量{480MM},运动速度{40MM/s}
2023-04-25 15:40:34,928 [AppLog] INFO : 开启铺粉车不等停运动至准备打印位置695mm，速度40mm/s：BackToStation2
2023-04-25 15:40:34,959 [AppLog] INFO : 打开UV灯：OpenUVLamp(true, 0, 1000, 0, 1000)
2023-04-25 15:40:35,084 [AppLog] INFO : 手动正向点动指令（8轴运控板卡系统） ====》：输出AXIS{第3轴},点动量{0.125MM},运动速度{1MM/s}
2023-04-25 15:40:35,084 [AppLog] INFO : 在{40mm}处，落粉轴运动{45度}，落粉轴转速{1rev/s}：TrapMoveUp(3, true, Convert.ToString(DispenseRollerSpeed), 0.5, true, true)
2023-04-25 15:40:35,084 [AppLog] INFO : 手动正向点动指令（8轴运控板卡系统） ====》：输出AXIS{第3轴},点动量{0.5MM},运动速度{0.0602739726027397MM/s}
2023-04-25 15:40:35,084 [AppLog] INFO : 开启均匀落粉及辊子铺平运动：TrapMoveUp(3, true, Convert.ToString(DispenseRollerSpeed), 0.5, true, true)
2023-04-25 15:40:43,321 [AppLog] INFO : 关闭UV灯：OpenUVLamp(false, 0, 1000, 0, 1000)
2023-04-25 15:40:45,318 [AppLog] INFO : 手动正向点动指令（8轴运控板卡系统） ====》：输出AXIS{第3轴},点动量{0.5MM},运动速度{2MM/s}
2023-04-25 15:40:45,318 [AppLog] INFO : 落粉轴继续转动以倒掉余粉：TrapMoveUp(3, true, 2, 0.5, true, false)
2023-04-25 15:40:47,704 [AppLog] INFO : 手动正向点动指令（8轴运控板卡系统） ====》：输出AXIS{第1轴},点动量{-1.5MM},运动速度{2MM/s}
2023-04-25 15:40:47,704 [AppLog] INFO : 成形面高度下降指定厚度 TrapSpace{1.5mm}：TrapMoveUp(1, true, Convert.ToString(vel), Convert.ToString(TrapSpace), true, true）
2023-04-25 15:40:50,497 [AppLog] INFO : 手动正向点动指令（8轴运控板卡系统） ====》：输出AXIS{第2轴},点动量{-696.5MM},运动速度{250MM/s}
2023-04-25 15:40:50,497 [AppLog] INFO : 铺粉车返回至站1：BackToStation2(AimPos, MovSpeed, true)：-1.5mm，速度250mm/s：BackToStation2
2023-04-25 15:40:51,277 [AppLog] INFO : 落粉轴回零成功：motionMap.SetBackSpreaderAxis(3, 0.5, 2, -SinkPosition)：ReturnCode{True}
2023-04-25 15:40:52,041 [AppLog] INFO : 手动正向点动指令（8轴运控板卡系统） ====》：输出AXIS{第1轴},点动量{1.5MM},运动速度{2MM/s}
2023-04-25 15:40:52,041 [AppLog] INFO : 成形面高度上升层厚 TrapSpace{1.5mm}：TrapMoveUp(1, true, Convert.ToString(vel), Convert.ToString(TrapSpace), true, true）
2023-04-25 15:40:52,041 [AppLog] INFO : 自动铺粉正常结束：NewAutoSupplyPowderThread2
2023-04-25 15:40:52,041 [AppLog] INFO : 发送监控指令，拍照记录1条：SendMessageFromSharedMemory
2023-04-25 15:40:52,041 [AppLog] INFO : 执行完成铺粉固化操作：EquipmentMotionLogic3：m_bApplyPowderSupplyMotion:0
2023-04-25 15:40:52,041 [AppLog] INFO : 接收到起始打印指令：PrintTaskTHREAD
2023-04-25 15:40:52,041 [AppLog] INFO : 获取打印Pass数据：IDP_GetPassItem2：nLayerIndex{3}nPassID{0}nProcState{3}LPPassDataItemb:PrtDir{False}nDataTxCompleteCnt{1}nHwMemAdrMatchMask{1}nLayerIndex{3}nLayerPassCount{6}nLayerPassIndex{0}nMinJet0ImgLinePos{355}nPrtMemHwAddr{System.UInt32[]}nPrtDataOffset{System.UInt32[]}nSrcDataSize{System.UInt32[]}nPrtColBytes{System.UInt32[]}nPrtPrecession{8}nSrcEndCols{8000}nSrcStartCols{0}nStartEncPos{76512}nValidPassJets{1280}nValidPrtCols{8310}nValidPrtCtlCnts{1}pDataBuf{0}pNextItem{748935344}
2023-04-25 15:40:52,057 [AppLog] INFO : 使能Pass打印成功：IDP_DoPassPrint2：nLayerIndex{3}nPassID{0}
2023-04-25 15:40:52,057 [AppLog] INFO : PASS打印前关键状态：DEV_GetDeviceInfo2：nLayerIndex{3}nPassID{0}LPPRINTER_INFO:nXSysEncDPI{0}nStatus{0}nPrintStatus{0}bSuperDevice{0}
LPPRINTER_INFO-LPPrtRunInfo:bJobPrtRuning{False}bLayerPrtIsOver{False}nContReqMemErr{0}nContWDErr{0}nCurPrtDir{0}nDTLayerIndex{0}nDTLayerPassIndex{0}nDTPtrCtlIndex{0}nLayerPassCount{0}nPrintLayerIndex{0}nPrintPassIndex{0}nProcLayerIndex{0}nPrtDataMemAddr{0}nPrtState{0}nReverse{System.Int32[]}nRevPrtCols{0}
LPPRINTER_INFO-LPDRVINFO:nFMVersion{0}nFpgaVersion{0}nPCBVersion{0}nState{0}nNextState{0}nPtvwarnState{0}nCrc32{0}nRevInfo{System.UInt32[]}nSignature{0}
2023-04-25 15:40:52,057 [AppLog] INFO : 创建：AutoPrintMotion1=》不需重新创建-手动操作！
2023-04-25 15:40:52,057 [AppLog] INFO : 进入：EquipmentMotionLogic3=》准备创建对象-手动操作！
2023-04-25 15:40:52,057 [AppLog] INFO : 进入：EquipmentMotionLogic3=》不需重新创建-手动操作！
2023-04-25 15:40:52,057 [AppLog] INFO : 进入：EquipmentMotionLogic3=》赋值完成自-AutoPrintMotion2！
2023-04-25 15:40:52,057 [AppLog] INFO : 进入：EquipmentMotionLogic3=》加载配置文件-LoadJsonFile成功！
2023-04-25 15:40:52,057 [AppLog] INFO : 进入自动清洗过程：AutoCleanThread
2023-04-25 15:40:52,306 [AppLog] INFO : 准备处理第4层数据：准备调用RenderToWic，index为4，subindex为0，g_nRePrintTimes为1，起始层为0
2023-04-25 15:40:52,369 [AppLog] INFO : 完成处理第4层数据：准备调用DrawLayerBMP，index为4，起始层为0
2023-04-25 15:40:52,384 [AppLog] INFO : 完成处理第4层数据：准备调用DrawLayerBMP，index为4，起始层为0
2023-04-25 15:40:52,431 [AppLog] INFO : 刮墨轴回零成功：motionMap.SetBackSpreaderAxis(4, 1, 2, -SinkHomePosition)
2023-04-25 15:40:52,431 [AppLog] INFO : 准备读取编码器位置：Y方向！
2023-04-25 15:40:52,431 [AppLog] INFO : 准备运动，编码器当前位置：DEM_GetAxisEncodeVal：MoveDirectionFlag{false为Y方向：True}CurrentPos{121.085}AimPos{116}
2023-04-25 15:40:52,556 [AppLog] INFO : Y方向运动开始：DEM_Run：返回值{True}nAxis{1}DirFlag{False}nSpeed{300000}MoveStep{-5094.61573500001}nCtlValue{1}
2023-04-25 15:40:52,618 [AppLog] INFO : Y方向到位停止：DEM_StopAxisRun：返回值{True}CurrentPos{116.515}bImmeStop{False}nAxisMask{2}
2023-04-25 15:40:52,618 [AppLog] INFO : 准备读取编码器位置：X方向！
2023-04-25 15:40:52,618 [AppLog] INFO : 准备运动，当前位置：DEV_GetPrintEncoderValue：MoveDirectionFlag{false为Y方向：False}CurrentPos{784.68}AimPos{780}
2023-04-25 15:40:52,650 [AppLog] INFO : X方向运动开始：DEM_Run：返回值{True}nAxis{0}DirFlag{False}nSpeed{300000}MoveStep{-4680.00000000006}nCtlValue{2}
2023-04-25 15:40:52,821 [AppLog] INFO : X方向到位停止：DEM_StopAxisRun：返回值{True}CurrentPos{783.26}bImmeStop{False}nAxisMask{1}
2023-04-25 15:40:52,821 [AppLog] INFO : 作业写入成功：IDP_WriteImgLayerData：bpp:{1bit}灰阶:{1阶}nLayerIndex{5}LayerIndex{4}SubIndex{1}RePrintTimes{1}nBytesPerLine{1004}nWidth{8001}nHeight{7656}nXEncOff{0}nYJetOff{355}nImgStartJetIndex{0}nXDPI{635}nYDPI{600}nPrtDir{0} nPrtFlag{1}nColorCnts{1}nReserved{System.Int32[]}
2023-04-25 15:40:52,821 [AppLog] INFO : 完成处理第4层数据：准备调用RenderToWic，index为4，subindex为0，g_nRePrintTimes为1，起始层为0
2023-04-25 15:40:53,788 [AppLog] INFO : 开启压墨： motionMap.SetDo(13, true)
2023-04-25 15:40:55,302 [AppLog] INFO : 关闭压墨： motionMap.SetDo(13, true)
2023-04-25 15:40:55,302 [AppLog] INFO : 压墨等待开启：{2.5S}
2023-04-25 15:40:57,813 [AppLog] INFO : 压墨等待完成：{2.5S}
2023-04-25 15:40:57,813 [AppLog] INFO : 准备读取编码器位置：X方向！
2023-04-25 15:40:57,813 [AppLog] INFO : 准备运动，当前位置：DEV_GetPrintEncoderValue：MoveDirectionFlag{false为Y方向：False}CurrentPos{780.335}AimPos{680}
2023-04-25 15:40:57,844 [AppLog] INFO : X方向运动开始：DEM_Run：返回值{True}nAxis{0}DirFlag{False}nSpeed{200000}MoveStep{-100335}nCtlValue{2}
2023-04-25 15:40:58,609 [AppLog] INFO : 关闭闪喷操作：IDP_FlashPrtCtl：返回值{True}
2023-04-25 15:40:58,609 [AppLog] INFO : 删除打印任务：准备删除数据处理及打印线程
2023-04-25 15:40:58,640 [AppLog] INFO : 对象发生异常，区间位点2：System.Threading.ThreadAbortException: 正在中止线程。
   在 royal.royal.DEM_AxisIsRuning(UInt32 nAxis, Boolean& pDir, UInt32& pRPos)
   在 BinderJetting.手动操作.BackToStation(Double AimPos, Single m_MovSpeed, Boolean MoveDirectionFlag, Boolean WaitStopFLag, Double CorrectionRatio)
   在 BinderJetting.手动操作.AutoCleanThread2(Single m_BackCleanMovSpeed)
   在 BinderJetting.主界面.EquipmentMotionLogic3(Int32 index, Int32 Command, Int32 PassIndex, Single m_MovSpeed, Single m_BackCleanMovSpeed, SendMessageToCamera& toCamera, Int32 RecordLayerIndex, Int32 RecordProcessIndex, Int32 PauseFlag, Double YJetOffWidth, Int32 NotGoCleanStationFlag)
2023-04-25 15:40:58,734 [AppLog] INFO : 关闭打印线程成功：PrintTaskTHREAD
2023-04-25 15:40:58,749 [AppLog] INFO : 关闭打印线程成功：DataTaskTHREAD
2023-04-25 15:40:58,749 [AppLog] INFO : 停止打印任务，释放板卡内存：IDP_StopPrintJob()：ReturnFlag{True}
2023-04-25 15:41:43,490 [AppLog] INFO : 进入JOB参数设置：修改前初始参数：灰度数据格式{1bits}打印灰阶{1阶}m_XPrintDpi{635Dpi}墨车运动速度{300MM/s}X向起打位置{50MM}X向起打位置偏移{0MM}Y向起打位置偏移{15MM}
2023-04-25 15:41:49,184 [AppLog] INFO : 退出JOB参数设置：修改后参数：灰度数据格式{1bits}打印灰阶{1阶}m_XPrintDpi{635Dpi}墨车运动速度{300MM/s}X向起打位置{50MM}X向起打位置偏移{0MM}Y向起打位置偏移{15MM}
2023-04-25 15:41:53,037 [AppLog] INFO : 启动打印任务：准备开启数据处理及打印线程
2023-04-25 15:41:53,037 [AppLog] INFO : 创建：AutoPrintMotion0=》不需重新创建-手动操作！
2023-04-25 15:41:53,053 [AppLog] INFO : 停止打印任务，释放板卡内存：IDP_StopPrintJob()：ReturnFlag{True}
2023-04-25 15:41:53,053 [AppLog] INFO : 启动打印线程成功： DataTaskTHREAD
2023-04-25 15:41:53,084 [AppLog] INFO : 写入打印参数：IDP_SartPrintJob：nJobID{1}szJobName{金属3DP打印}nPixelGrayBits{1} nPrtCtl{0}nPrtXEncPos{10000}fPrtYPos{0}
2023-04-25 15:41:53,100 [AppLog] INFO : 进入：EquipmentMotionLogic3=》准备创建对象-手动操作！
2023-04-25 15:41:53,100 [AppLog] INFO : 创建：AutoPrintMotion4=》不需重新创建-手动操作！
2023-04-25 15:41:53,100 [AppLog] INFO : 启动打印线程成功：PrintTaskTHREAD
2023-04-25 15:41:53,100 [AppLog] INFO : 准备处理第0层数据：准备调用RenderToWic，index为0，subindex为0，g_nRePrintTimes为1，起始层为0
2023-04-25 15:41:53,178 [AppLog] INFO : 完成处理第0层数据：准备调用DrawLayerBMP，index为0，起始层为0
2023-04-25 15:41:53,178 [AppLog] INFO : 完成处理第0层数据：准备调用DrawLayerBMP，index为0，起始层为0
2023-04-25 15:41:53,646 [AppLog] INFO : 作业写入成功：IDP_WriteImgLayerData：bpp:{1bit}灰阶:{1阶}nLayerIndex{0}LayerIndex{0}SubIndex{0}RePrintTimes{1}nBytesPerLine{1004}nWidth{8001}nHeight{7656}nXEncOff{0}nYJetOff{355}nImgStartJetIndex{0}nXDPI{635}nYDPI{600}nPrtDir{0} nPrtFlag{1}nColorCnts{1}nReserved{System.Int32[]}
2023-04-25 15:41:53,646 [AppLog] INFO : 完成处理第0层数据：准备调用RenderToWic，index为0，subindex为0，g_nRePrintTimes为1，起始层为0
2023-04-25 15:41:53,646 [AppLog] INFO : 准备处理第0层数据：准备调用RenderToWic，index为0，subindex为1，g_nRePrintTimes为1，起始层为0
2023-04-25 15:41:53,724 [AppLog] INFO : 完成处理第0层数据：准备调用DrawLayerBMP，index为0，起始层为0
2023-04-25 15:41:53,724 [AppLog] INFO : 完成处理第0层数据：准备调用DrawLayerBMP，index为0，起始层为0
2023-04-25 15:41:54,160 [AppLog] INFO : 作业写入成功：IDP_WriteImgLayerData：bpp:{1bit}灰阶:{1阶}nLayerIndex{1}LayerIndex{0}SubIndex{1}RePrintTimes{1}nBytesPerLine{1004}nWidth{8001}nHeight{7656}nXEncOff{0}nYJetOff{355}nImgStartJetIndex{0}nXDPI{635}nYDPI{600}nPrtDir{0} nPrtFlag{1}nColorCnts{1}nReserved{System.Int32[]}
2023-04-25 15:41:54,160 [AppLog] INFO : 完成处理第0层数据：准备调用RenderToWic，index为0，subindex为1，g_nRePrintTimes为1，起始层为0
2023-04-25 15:41:54,160 [AppLog] INFO : 准备处理第1层数据：准备调用RenderToWic，index为1，subindex为0，g_nRePrintTimes为1，起始层为0
2023-04-25 15:41:54,192 [AppLog] INFO : 关闭自动供墨：DEV_EnableInkAutoSupply：ControlBit{0xX}
2023-04-25 15:41:54,207 [AppLog] INFO : 初始化墨轴1：DEM_InitAxis：{0, 0x100}
2023-04-25 15:41:54,207 [AppLog] INFO : 初始化墨轴2：DEM_InitAxis：{1, 0x1400}
2023-04-25 15:41:54,223 [AppLog] INFO : 初始化墨轴3：DEM_InitAxis：{1, 0x1400}
2023-04-25 15:41:54,223 [AppLog] INFO : 使能所有墨轴：DEM_EnableAxisRun：{true}
2023-04-25 15:41:54,238 [AppLog] INFO : 使能双Y墨轴输出同步：DEM_EnableDYOutPut：{true, true}
2023-04-25 15:41:54,238 [AppLog] INFO : 初始化墨轴1：DEM_InitAxis：{0, 0x100}
2023-04-25 15:41:54,238 [AppLog] INFO : 使能所有墨轴：DEM_EnableAxisRun：{true}
2023-04-25 15:41:54,254 [AppLog] INFO : 开启自动供墨：DEV_EnableInkAutoSupply：ControlBit{0xFF}
2023-04-25 15:41:54,254 [AppLog] INFO : 完成处理第1层数据：准备调用DrawLayerBMP，index为1，起始层为0
2023-04-25 15:41:54,254 [AppLog] INFO : 完成处理第1层数据：准备调用DrawLayerBMP，index为1，起始层为0
2023-04-25 15:41:54,254 [AppLog] INFO : 接收到恢复打印指令：PrintTaskTHREAD
2023-04-25 15:41:54,270 [AppLog] INFO : 获取打印Pass数据：IDP_GetPassItem2：nLayerIndex{1}nPassID{0}nProcState{3}LPPassDataItemb:PrtDir{False}nDataTxCompleteCnt{1}nHwMemAdrMatchMask{1}nLayerIndex{1}nLayerPassCount{6}nLayerPassIndex{0}nMinJet0ImgLinePos{355}nPrtMemHwAddr{System.UInt32[]}nPrtDataOffset{System.UInt32[]}nSrcDataSize{System.UInt32[]}nPrtColBytes{System.UInt32[]}nPrtPrecession{8}nSrcEndCols{8000}nSrcStartCols{0}nStartEncPos{76512}nValidPassJets{1280}nValidPrtCols{8310}nValidPrtCtlCnts{1}pDataBuf{0}pNextItem{748936784}
2023-04-25 15:41:54,285 [AppLog] INFO : 使能Pass打印成功：IDP_DoPassPrint2：nLayerIndex{1}nPassID{0}
2023-04-25 15:41:54,285 [AppLog] INFO : PASS打印前关键状态：DEV_GetDeviceInfo2：nLayerIndex{1}nPassID{0}LPPRINTER_INFO:nXSysEncDPI{0}nStatus{0}nPrintStatus{0}bSuperDevice{0}
LPPRINTER_INFO-LPPrtRunInfo:bJobPrtRuning{False}bLayerPrtIsOver{False}nContReqMemErr{0}nContWDErr{0}nCurPrtDir{0}nDTLayerIndex{0}nDTLayerPassIndex{0}nDTPtrCtlIndex{0}nLayerPassCount{0}nPrintLayerIndex{0}nPrintPassIndex{0}nProcLayerIndex{0}nPrtDataMemAddr{0}nPrtState{0}nReverse{System.Int32[]}nRevPrtCols{0}
LPPRINTER_INFO-LPDRVINFO:nFMVersion{0}nFpgaVersion{0}nPCBVersion{0}nState{0}nNextState{0}nPtvwarnState{0}nCrc32{0}nRevInfo{System.UInt32[]}nSignature{0}
2023-04-25 15:41:54,285 [AppLog] INFO : 创建：AutoPrintMotion1=》不需重新创建-手动操作！
2023-04-25 15:41:54,285 [AppLog] INFO : 进入：EquipmentMotionLogic3=》准备创建对象-手动操作！
2023-04-25 15:41:54,285 [AppLog] INFO : 进入：EquipmentMotionLogic3=》不需重新创建-手动操作！
2023-04-25 15:41:54,301 [AppLog] INFO : 进入：EquipmentMotionLogic3=》赋值完成自-AutoPrintMotion2！
2023-04-25 15:41:54,301 [AppLog] INFO : 进入：EquipmentMotionLogic3=》加载配置文件-LoadJsonFile成功！
2023-04-25 15:41:54,301 [AppLog] INFO : 进入自动清洗过程：AutoCleanThread
2023-04-25 15:41:54,722 [AppLog] INFO : 作业写入成功：IDP_WriteImgLayerData：bpp:{1bit}灰阶:{1阶}nLayerIndex{2}LayerIndex{1}SubIndex{1}RePrintTimes{1}nBytesPerLine{1004}nWidth{8001}nHeight{7656}nXEncOff{0}nYJetOff{355}nImgStartJetIndex{0}nXDPI{635}nYDPI{600}nPrtDir{0} nPrtFlag{1}nColorCnts{1}nReserved{System.Int32[]}
2023-04-25 15:41:54,722 [AppLog] INFO : 完成处理第1层数据：准备调用RenderToWic，index为1，subindex为0，g_nRePrintTimes为1，起始层为0
2023-04-25 15:41:54,722 [AppLog] INFO : 准备处理第2层数据：准备调用RenderToWic，index为2，subindex为0，g_nRePrintTimes为1，起始层为0
2023-04-25 15:41:54,800 [AppLog] INFO : 完成处理第2层数据：准备调用DrawLayerBMP，index为2，起始层为0
2023-04-25 15:41:54,800 [AppLog] INFO : 完成处理第2层数据：准备调用DrawLayerBMP，index为2，起始层为0
2023-04-25 15:41:55,252 [AppLog] INFO : 作业写入成功：IDP_WriteImgLayerData：bpp:{1bit}灰阶:{1阶}nLayerIndex{3}LayerIndex{2}SubIndex{1}RePrintTimes{1}nBytesPerLine{1004}nWidth{8001}nHeight{7656}nXEncOff{0}nYJetOff{355}nImgStartJetIndex{0}nXDPI{635}nYDPI{600}nPrtDir{0} nPrtFlag{1}nColorCnts{1}nReserved{System.Int32[]}
2023-04-25 15:41:55,252 [AppLog] INFO : 完成处理第2层数据：准备调用RenderToWic，index为2，subindex为0，g_nRePrintTimes为1，起始层为0
2023-04-25 15:41:55,752 [AppLog] INFO : 刮墨轴回零失败：motionMap.SetBackSpreaderAxis(4, 1, 2, -SinkHomePosition)
2023-04-25 15:41:56,937 [AppLog] INFO : 关闭闪喷操作：IDP_FlashPrtCtl：返回值{True}
2023-04-25 15:41:56,937 [AppLog] INFO : 删除打印任务：准备删除数据处理及打印线程
2023-04-25 15:41:58,372 [AppLog] INFO : 进入手动调试子模块！
2023-04-25 15:41:58,372 [AppLog] INFO : 进入：ManulBtn_Click=》准备创建对象-手动操作！
2023-04-25 15:41:58,404 [AppLog] INFO : 创建：ManualControl=》创建完成-手动操作！
2023-04-25 15:41:58,404 [AppLog] INFO : 加载成功：温控Modbus接口！
2023-04-25 15:42:01,539 [AppLog] INFO : 退出手动调试子模块，未执行修改
==========================================================================
2023-04-25 15:42:03,614 [AppLog] INFO : 进入手动调试子模块！
2023-04-25 15:42:03,614 [AppLog] INFO : 进入：ManulBtn_Click=》准备创建对象-手动操作！
2023-04-25 15:42:03,661 [AppLog] INFO : 创建：ManualControl=》创建完成-手动操作！
2023-04-25 15:42:03,661 [AppLog] INFO : 加载成功：温控Modbus接口！
2023-04-25 15:42:06,266 [AppLog] INFO : 手动控制墨车运动开启：沿Y轴后侧方向运动 ↓↓↓：nAxis{{1}},Dir{{true}},nPlsSpeed{{{nSpeed}}},nPlsCount{{750000}},cControlFlag{{{nCtlValue}}}
2023-04-25 15:42:08,591 [AppLog] INFO : 手动控制墨车运动带减速停止：沿Y轴方向运动 ↑↑↑↓↓↓ ====: bImmeStop{{false}},nAxisMask{{0x2}}
2023-04-25 15:42:09,480 [AppLog] INFO : 手动控制墨车运动开启，沿X轴右侧方向运动 ====》：nAxis{0},Dir{true},nPlsSpeed{50000},nPlsCount{750000},cControlFlag{2}
2023-04-25 15:42:11,211 [AppLog] INFO : 手动控制墨车运动带减速停止：沿X轴方向运动 ====》《=== ====: bImmeStop{false},nAxisMask{0x1}
2023-04-25 15:42:17,701 [AppLog] INFO : 手动负向点动指令（8轴运控板卡系统） ====》：输出AXIS{第4轴},点动量{0.5MM},运动速度{1MM/s}
2023-04-25 15:42:18,247 [AppLog] INFO : 手动负向点动指令（8轴运控板卡系统） ====》：输出AXIS{第4轴},点动量{0.5MM},运动速度{1MM/s}
2023-04-25 15:42:20,337 [AppLog] INFO : 切换为JOG模式====》：输出AXIS{第4轴}
2023-04-25 15:42:21,695 [AppLog] INFO : 手动正向JOG指令（8轴运控板卡系统） ====》：输出AXIS{第4轴},运动速度{1MM/s}
2023-04-25 15:42:21,757 [AppLog] INFO : 自动停止铺粉棍轴JOG输出（8轴运控板卡系统） ====》：输出AXIS{第6轴}
2023-04-25 15:42:21,757 [AppLog] INFO : 手动停止JOG输出（8轴运控板卡系统） ====》：输出AXIS{第4轴}
2023-04-25 15:42:22,038 [AppLog] INFO : 手动正向JOG指令（8轴运控板卡系统） ====》：输出AXIS{第4轴},运动速度{1MM/s}
2023-04-25 15:42:22,147 [AppLog] INFO : 自动停止铺粉棍轴JOG输出（8轴运控板卡系统） ====》：输出AXIS{第6轴}
2023-04-25 15:42:22,147 [AppLog] INFO : 手动停止JOG输出（8轴运控板卡系统） ====》：输出AXIS{第4轴}
2023-04-25 15:42:22,225 [AppLog] INFO : 手动正向JOG指令（8轴运控板卡系统） ====》：输出AXIS{第4轴},运动速度{1MM/s}
2023-04-25 15:42:22,272 [AppLog] INFO : 自动停止铺粉棍轴JOG输出（8轴运控板卡系统） ====》：输出AXIS{第6轴}
2023-04-25 15:42:22,272 [AppLog] INFO : 手动停止JOG输出（8轴运控板卡系统） ====》：输出AXIS{第4轴}
2023-04-25 15:42:27,155 [AppLog] INFO : 开启刮墨轴回零校准：SpreaderHomeBtn_Click
2023-04-25 15:42:27,654 [AppLog] INFO : 刮墨轴回零成功：SpreaderHomeBtn_Click：{AXIS{4},Vel{1圈/s},开槽位置{-10°}}
2023-04-25 15:42:29,931 [AppLog] INFO : 退出手动调试子模块,已执行修改
==========================================================================
2023-04-25 15:42:31,039 [AppLog] INFO : 关闭闪喷操作：IDP_FlashPrtCtl：返回值{True}
2023-04-25 15:42:31,039 [AppLog] INFO : 删除打印任务：准备删除数据处理及打印线程
2023-04-25 15:42:32,256 [AppLog] INFO : 发送暂停打印指令：{PausePrint}
2023-04-25 15:42:34,721 [AppLog] INFO : 发送继续打印指令：{KeepPrint}
2023-04-25 15:42:35,610 [AppLog] INFO : 关闭闪喷操作：IDP_FlashPrtCtl：返回值{True}
2023-04-25 15:42:35,610 [AppLog] INFO : 删除打印任务：准备删除数据处理及打印线程
2023-04-25 15:42:36,827 [AppLog] INFO : 进入手动调试子模块！
2023-04-25 15:42:36,827 [AppLog] INFO : 进入：ManulBtn_Click=》准备创建对象-手动操作！
2023-04-25 15:42:36,858 [AppLog] INFO : 创建：ManualControl=》创建完成-手动操作！
2023-04-25 15:42:36,858 [AppLog] INFO : 加载成功：温控Modbus接口！
2023-04-25 15:42:41,631 [AppLog] INFO : 退出手动调试子模块,已执行修改
==========================================================================
2023-04-25 15:42:42,770 [AppLog] INFO : 开启系统：板卡通讯，伺服供电，照明系统，UV/HR固化系统！
2023-04-25 15:42:43,535 [AppLog] INFO : 关闭系统：一键关闭系统开始！
2023-04-25 15:42:49,743 [AppLog] INFO : 关闭系统：一键关闭系统结束！
2023-04-25 15:42:49,743 [AppLog] INFO : 喷墨控制器的所有轴输出关闭！
2023-04-25 15:42:49,775 [AppLog] INFO : 喷墨控制器关闭！
2023-04-25 15:42:49,775 [AppLog] INFO : 创建：AutoPrintMotion0=》不需重新创建-手动操作！
2023-04-25 15:42:49,775 [AppLog] INFO : 进入电气控制模块
2023-04-25 15:42:51,225 [AppLog] INFO : 电气控制模块：手动关闭端口14
2023-04-25 15:42:51,756 [AppLog] INFO : 电气控制模块：手动关闭端口15
2023-04-25 15:42:52,489 [AppLog] INFO : 退出电气控制模块
2023-04-25 15:42:54,049 [AppLog] INFO : 软件及设备关停中：墨车所有方向运动确认停止（X,Y,Y2)： bImmeStop{False},nAxisMask{0x7}
2023-04-25 15:42:54,065 [AppLog] INFO : 软件及设备关停中：喷墨控制器板卡系统关闭（X,Y,Y2)：DEV_CloseDevice
2023-04-25 15:42:54,065 [AppLog] INFO : 软件及设备关停失败，仍存在打印任务：{PrintTaskTHREAD,DataTaskTHREAD}
2023-04-25 15:42:56,249 [AppLog] INFO : 关闭闪喷操作：IDP_FlashPrtCtl：返回值{True}
2023-04-25 15:42:56,249 [AppLog] INFO : 删除打印任务：准备删除数据处理及打印线程
2023-04-25 15:43:13,986 [AppLog] INFO : 软件开机密码正确，登录成功1次
==========================================================================
操作系统:{Microsoft Windows 7 旗舰版 }
运行环境:{ .Net Framework Enviroment Version 4.0.30319.42000}
盘符：D
CPU使用率：{7.142478%} ，可用内存大小:{13990MB}，硬盘剩余空间：
  盘符 C:\ 的剩余空间：70 GB
  盘符 D:\ 的剩余空间：66 GB
  盘符 E:\ 的剩余空间：1 GB
硬件配置情况：
  CPU 厂家: GenuineIntel CPU 型号: Intel(R) Core(TM) i7-4770 CPU @ 3.40GHz
  内存条厂家: Kingston 内存条型号: 99P5471-043.A00LF 
  内存条厂家: Kingston 内存条型号: 99P5471-043.A00LF 
  硬盘厂家: (标准磁盘驱动器) 硬盘型号: Micron_1300_MTFDDAK256TDL ATA Device
  硬盘厂家: (标准磁盘驱动器) 硬盘型号: VendorCo ProductCode USB Device
==========================================================================
2023-04-25 15:43:16,544 [AppLog] INFO : 开启系统：板卡通讯，伺服供电，照明系统，UV/HR固化系统！
2023-04-25 15:43:16,560 [AppLog] INFO : 开启系统：一键启动系统开始！
2023-04-25 15:43:22,644 [AppLog] INFO : 开启系统：一键启动系统结束！
2023-04-25 15:43:22,800 [AppLog] INFO : 创建：AutoPrintMotion0=》初次创建完成-手动操作！
2023-04-25 15:43:22,862 [AppLog] INFO : 初始化喷墨控制器启动！
2023-04-25 15:43:46,340 [AppLog] INFO : 打开喷墨控制器设备成功！
2023-04-25 15:43:46,371 [AppLog] INFO : 输入校准值1次{成功}，打印往返差校准值为：BiDirEncPrtOff{5},分频值{8},打印速度{300mm/s}
2023-04-25 15:43:48,134 [AppLog] INFO : 初始化喷墨控制器成功！
2023-04-25 15:43:48,134 [AppLog] INFO : 进入：EquipmentMotionLogic3=》准备创建对象-手动操作！
2023-04-25 15:43:48,165 [AppLog] INFO : 进入：EquipmentMotionLogic3=》创建完成-手动操作！
2023-04-25 15:43:48,275 [AppLog] INFO : 红外灯控制器485通讯建立！
2023-04-25 15:43:48,275 [AppLog] INFO : 进入电气控制模块
2023-04-25 15:43:48,977 [AppLog] INFO : 电气控制模块：手动打开端口14
2023-04-25 15:43:49,694 [AppLog] INFO : 电气控制模块：手动打开端口15
2023-04-25 15:43:50,599 [AppLog] INFO : 退出电气控制模块
2023-04-25 15:43:51,613 [AppLog] INFO : 进入数据加载模块
2023-04-25 15:44:00,692 [AppLog] INFO : 进入手动调试子模块！
2023-04-25 15:44:00,692 [AppLog] INFO : 进入：ManulBtn_Click=》准备创建对象-手动操作！
2023-04-25 15:44:00,724 [AppLog] INFO : 创建：ManualControl=》创建完成-手动操作！
2023-04-25 15:44:00,724 [AppLog] INFO : 加载成功：温控Modbus接口！
2023-04-25 15:44:02,689 [AppLog] INFO : CAD数据加载：添加.bjgroup格式CAD数据成功-D:\Release\CLI输入文件\shibiao-0321\shibiao-0416.bjgroup
2023-04-25 15:44:03,126 [AppLog] INFO : 开启铺粉车回零校准：PowderCarHomeBtn_Click
2023-04-25 15:44:03,126 [AppLog] INFO : 开启粉车回零校准线程：PowderCarHomeResetThread
2023-04-25 15:44:04,811 [AppLog] INFO : 开启墨车回零校准：PrintCarHomeBtn_Click
2023-04-25 15:44:04,811 [AppLog] INFO : 开启墨车回零校准线程：InkCarEncoderResetThread
2023-04-25 15:44:07,650 [AppLog] INFO : 更新波形路径：DEV_UpdateParam：{D:\Release\波形文件\0316新调=波形文件=水性胶水\世彪新调：ricoh_big-单点模式-开启MN1(开启微动).rhdat}
2023-04-25 15:44:07,650 [AppLog] INFO : {1}号喷头基准电压更新成功：DEV_SetWaveStdVoltage{0V,0V,0V,0V}；
2023-04-25 15:44:12,346 [AppLog] INFO : 手动正向点动指令（8轴运控板卡系统） ====》：输出AXIS{第2轴},点动量{-116MM},运动速度{40MM/s}
2023-04-25 15:44:13,204 [AppLog] INFO : 重新加载完波形：DEV_ReloadWaveForm! 当前波形文件的基准电压参考值为：{18V}
2023-04-25 15:44:13,516 [AppLog] INFO : {1}号喷头电压调压成功：MCU_SetPhVoltage{0V,0V,0V,0V}；
2023-04-25 15:44:13,516 [AppLog] INFO : 粉车回零校准线程成功：PowderCarHomeResetThread
2023-04-25 15:44:23,172 [AppLog] INFO : 墨车回零校准线程成功：InkCarEncoderResetThread
2023-04-25 15:44:26,230 [AppLog] INFO : 退出手动调试子模块,已执行修改
==========================================================================
2023-04-25 15:44:31,253 [AppLog] INFO : 进入JOB参数设置：修改前初始参数：灰度数据格式{1bits}打印灰阶{1阶}m_XPrintDpi{635Dpi}墨车运动速度{300MM/s}X向起打位置{50MM}X向起打位置偏移{0MM}Y向起打位置偏移{15MM}
2023-04-25 15:44:33,499 [AppLog] INFO : 退出JOB参数设置：修改后参数：灰度数据格式{1bits}打印灰阶{1阶}m_XPrintDpi{635Dpi}墨车运动速度{300MM/s}X向起打位置{50MM}X向起打位置偏移{0MM}Y向起打位置偏移{15MM}
2023-04-25 15:44:34,310 [AppLog] INFO : 进入手动调试子模块！
2023-04-25 15:44:34,310 [AppLog] INFO : 进入：ManulBtn_Click=》准备创建对象-手动操作！
2023-04-25 15:44:34,342 [AppLog] INFO : 创建：ManualControl=》创建完成-手动操作！
2023-04-25 15:44:34,342 [AppLog] INFO : 加载成功：温控Modbus接口！
2023-04-25 15:44:39,599 [AppLog] INFO : 退出手动调试子模块,已执行修改
==========================================================================
2023-04-25 15:44:43,421 [AppLog] INFO : 启动打印任务：准备开启数据处理及打印线程
2023-04-25 15:44:43,421 [AppLog] INFO : 创建：AutoPrintMotion0=》不需重新创建-手动操作！
2023-04-25 15:44:43,436 [AppLog] INFO : 停止打印任务，释放板卡内存：IDP_StopPrintJob()：ReturnFlag{True}
2023-04-25 15:44:43,436 [AppLog] INFO : 启动打印线程成功： DataTaskTHREAD
2023-04-25 15:44:43,436 [AppLog] INFO : 启动打印线程成功：PrintTaskTHREAD
2023-04-25 15:44:43,436 [AppLog] INFO : 写入打印参数：IDP_SartPrintJob：nJobID{1}szJobName{金属3DP打印}nPixelGrayBits{1} nPrtCtl{0}nPrtXEncPos{10000}fPrtYPos{0}
2023-04-25 15:44:43,468 [AppLog] INFO : 进入：EquipmentMotionLogic3=》准备创建对象-手动操作！
2023-04-25 15:44:43,499 [AppLog] INFO : 创建：AutoPrintMotion4=》初次创建完成-手动操作！
2023-04-25 15:44:43,514 [AppLog] INFO : 准备处理第0层数据：准备调用RenderToWic，index为0，subindex为0，g_nRePrintTimes为1，起始层为0
2023-04-25 15:44:43,624 [AppLog] INFO : 完成处理第0层数据：准备调用DrawLayerBMP，index为0，起始层为0
2023-04-25 15:44:43,624 [AppLog] INFO : 完成处理第0层数据：准备调用DrawLayerBMP，index为0，起始层为0
2023-04-25 15:44:44,123 [AppLog] INFO : 作业写入成功：IDP_WriteImgLayerData：bpp:{1bit}灰阶:{1阶}nLayerIndex{0}LayerIndex{0}SubIndex{0}RePrintTimes{1}nBytesPerLine{1004}nWidth{8001}nHeight{7656}nXEncOff{0}nYJetOff{355}nImgStartJetIndex{0}nXDPI{635}nYDPI{600}nPrtDir{0} nPrtFlag{1}nColorCnts{1}nReserved{System.Int32[]}
2023-04-25 15:44:44,123 [AppLog] INFO : 完成处理第0层数据：准备调用RenderToWic，index为0，subindex为0，g_nRePrintTimes为1，起始层为0
2023-04-25 15:44:44,123 [AppLog] INFO : 准备处理第0层数据：准备调用RenderToWic，index为0，subindex为1，g_nRePrintTimes为1，起始层为0
2023-04-25 15:44:44,201 [AppLog] INFO : 完成处理第0层数据：准备调用DrawLayerBMP，index为0，起始层为0
2023-04-25 15:44:44,201 [AppLog] INFO : 完成处理第0层数据：准备调用DrawLayerBMP，index为0，起始层为0
2023-04-25 15:44:44,731 [AppLog] INFO : 作业写入成功：IDP_WriteImgLayerData：bpp:{1bit}灰阶:{1阶}nLayerIndex{1}LayerIndex{0}SubIndex{1}RePrintTimes{1}nBytesPerLine{1004}nWidth{8001}nHeight{7656}nXEncOff{0}nYJetOff{355}nImgStartJetIndex{0}nXDPI{635}nYDPI{600}nPrtDir{0} nPrtFlag{1}nColorCnts{1}nReserved{System.Int32[]}
2023-04-25 15:44:44,731 [AppLog] INFO : 完成处理第0层数据：准备调用RenderToWic，index为0，subindex为1，g_nRePrintTimes为1，起始层为0
2023-04-25 15:44:44,762 [AppLog] INFO : 关闭自动供墨：DEV_EnableInkAutoSupply：ControlBit{0xX}
2023-04-25 15:44:44,778 [AppLog] INFO : 初始化墨轴1：DEM_InitAxis：{0, 0x100}
2023-04-25 15:44:44,794 [AppLog] INFO : 初始化墨轴2：DEM_InitAxis：{1, 0x1400}
2023-04-25 15:44:44,794 [AppLog] INFO : 初始化墨轴3：DEM_InitAxis：{1, 0x1400}
2023-04-25 15:44:44,809 [AppLog] INFO : 使能所有墨轴：DEM_EnableAxisRun：{true}
2023-04-25 15:44:44,809 [AppLog] INFO : 使能双Y墨轴输出同步：DEM_EnableDYOutPut：{true, true}
2023-04-25 15:44:44,809 [AppLog] INFO : 初始化墨轴1：DEM_InitAxis：{0, 0x100}
2023-04-25 15:44:44,809 [AppLog] INFO : 使能所有墨轴：DEM_EnableAxisRun：{true}
2023-04-25 15:44:44,825 [AppLog] INFO : 开启自动供墨：DEV_EnableInkAutoSupply：ControlBit{0xFF}
2023-04-25 15:44:44,840 [AppLog] INFO : 接收到起始打印指令：PrintTaskTHREAD
2023-04-25 15:44:44,840 [AppLog] INFO : 获取打印Pass数据：IDP_GetPassItem2：nLayerIndex{1}nPassID{0}nProcState{3}LPPassDataItemb:PrtDir{False}nDataTxCompleteCnt{1}nHwMemAdrMatchMask{1}nLayerIndex{1}nLayerPassCount{6}nLayerPassIndex{0}nMinJet0ImgLinePos{355}nPrtMemHwAddr{System.UInt32[]}nPrtDataOffset{System.UInt32[]}nSrcDataSize{System.UInt32[]}nPrtColBytes{System.UInt32[]}nPrtPrecession{8}nSrcEndCols{8000}nSrcStartCols{0}nStartEncPos{76512}nValidPassJets{1280}nValidPrtCols{8310}nValidPrtCtlCnts{1}pDataBuf{0}pNextItem{659341648}
2023-04-25 15:44:44,856 [AppLog] INFO : 使能Pass打印成功：IDP_DoPassPrint2：nLayerIndex{1}nPassID{0}
2023-04-25 15:44:44,856 [AppLog] INFO : PASS打印前关键状态：DEV_GetDeviceInfo2：nLayerIndex{1}nPassID{0}LPPRINTER_INFO:nXSysEncDPI{0}nStatus{0}nPrintStatus{0}bSuperDevice{0}
LPPRINTER_INFO-LPPrtRunInfo:bJobPrtRuning{False}bLayerPrtIsOver{False}nContReqMemErr{0}nContWDErr{0}nCurPrtDir{0}nDTLayerIndex{0}nDTLayerPassIndex{0}nDTPtrCtlIndex{0}nLayerPassCount{0}nPrintLayerIndex{0}nPrintPassIndex{0}nProcLayerIndex{0}nPrtDataMemAddr{0}nPrtState{0}nReverse{System.Int32[]}nRevPrtCols{0}
LPPRINTER_INFO-LPDRVINFO:nFMVersion{0}nFpgaVersion{0}nPCBVersion{0}nState{0}nNextState{0}nPtvwarnState{0}nCrc32{0}nRevInfo{System.UInt32[]}nSignature{0}
2023-04-25 15:44:44,903 [AppLog] INFO : 创建：AutoPrintMotion1=》初次创建完成-手动操作！
2023-04-25 15:44:44,903 [AppLog] INFO : 进入：EquipmentMotionLogic3=》准备创建对象-手动操作！
2023-04-25 15:44:44,934 [AppLog] INFO : 进入：EquipmentMotionLogic3=》初次创建完成-手动操作！
2023-04-25 15:44:44,934 [AppLog] INFO : 进入：EquipmentMotionLogic3=》赋值完成自-AutoPrintMotion2！
2023-04-25 15:44:44,934 [AppLog] INFO : 进入：EquipmentMotionLogic3=》加载配置文件-LoadJsonFile成功！
2023-04-25 15:44:44,934 [AppLog] INFO : 进入自动清洗过程：AutoCleanThread
2023-04-25 15:44:45,246 [AppLog] INFO : 准备处理第1层数据：准备调用RenderToWic，index为1，subindex为0，g_nRePrintTimes为1，起始层为0
2023-04-25 15:44:45,324 [AppLog] INFO : 完成处理第1层数据：准备调用DrawLayerBMP，index为1，起始层为0
2023-04-25 15:44:45,324 [AppLog] INFO : 完成处理第1层数据：准备调用DrawLayerBMP，index为1，起始层为0
2023-04-25 15:44:45,355 [AppLog] INFO : 刮墨轴回零成功：motionMap.SetBackSpreaderAxis(4, 1, 2, -SinkHomePosition)
2023-04-25 15:44:45,355 [AppLog] INFO : 准备读取编码器位置：Y方向！
2023-04-25 15:44:45,371 [AppLog] INFO : 准备运动，编码器当前位置：DEM_GetAxisEncodeVal：MoveDirectionFlag{false为Y方向：True}CurrentPos{51.36}AimPos{116}
2023-04-25 15:44:45,636 [AppLog] INFO : Y方向运动开始：DEM_Run：返回值{True}nAxis{1}DirFlag{True}nSpeed{300000}MoveStep{64762.23424}nCtlValue{1}
2023-04-25 15:44:45,698 [AppLog] INFO : Y方向到位停止：DEM_StopAxisRun：返回值{True}CurrentPos{110.13}bImmeStop{False}nAxisMask{2}
2023-04-25 15:44:45,698 [AppLog] INFO : 准备读取编码器位置：X方向！
2023-04-25 15:44:45,698 [AppLog] INFO : 准备运动，当前位置：DEV_GetPrintEncoderValue：MoveDirectionFlag{false为Y方向：False}CurrentPos{738.575}AimPos{780}
2023-04-25 15:44:45,730 [AppLog] INFO : X方向运动开始：DEM_Run：返回值{True}nAxis{0}DirFlag{True}nSpeed{300000}MoveStep{41425}nCtlValue{2}
2023-04-25 15:44:45,776 [AppLog] INFO : 作业写入成功：IDP_WriteImgLayerData：bpp:{1bit}灰阶:{1阶}nLayerIndex{2}LayerIndex{1}SubIndex{1}RePrintTimes{1}nBytesPerLine{1004}nWidth{8001}nHeight{7656}nXEncOff{0}nYJetOff{355}nImgStartJetIndex{0}nXDPI{635}nYDPI{600}nPrtDir{0} nPrtFlag{1}nColorCnts{1}nReserved{System.Int32[]}
2023-04-25 15:44:45,776 [AppLog] INFO : 完成处理第1层数据：准备调用RenderToWic，index为1，subindex为0，g_nRePrintTimes为1，起始层为0
2023-04-25 15:44:45,776 [AppLog] INFO : 准备处理第2层数据：准备调用RenderToWic，index为2，subindex为0，g_nRePrintTimes为1，起始层为0
2023-04-25 15:44:45,854 [AppLog] INFO : 完成处理第2层数据：准备调用DrawLayerBMP，index为2，起始层为0
2023-04-25 15:44:45,854 [AppLog] INFO : 完成处理第2层数据：准备调用DrawLayerBMP，index为2，起始层为0
2023-04-25 15:44:46,276 [AppLog] INFO : X方向到位停止：DEM_StopAxisRun：返回值{True}CurrentPos{774.225}bImmeStop{False}nAxisMask{1}
2023-04-25 15:44:46,322 [AppLog] INFO : 作业写入成功：IDP_WriteImgLayerData：bpp:{1bit}灰阶:{1阶}nLayerIndex{3}LayerIndex{2}SubIndex{1}RePrintTimes{1}nBytesPerLine{1004}nWidth{8001}nHeight{7656}nXEncOff{0}nYJetOff{355}nImgStartJetIndex{0}nXDPI{635}nYDPI{600}nPrtDir{0} nPrtFlag{1}nColorCnts{1}nReserved{System.Int32[]}
2023-04-25 15:44:46,338 [AppLog] INFO : 完成处理第2层数据：准备调用RenderToWic，index为2，subindex为0，g_nRePrintTimes为1，起始层为0
2023-04-25 15:44:47,243 [AppLog] INFO : 开启压墨： motionMap.SetDo(13, true)
2023-04-25 15:44:48,756 [AppLog] INFO : 关闭压墨： motionMap.SetDo(13, true)
2023-04-25 15:44:48,756 [AppLog] INFO : 压墨等待开启：{2.5S}
2023-04-25 15:44:51,268 [AppLog] INFO : 压墨等待完成：{2.5S}
2023-04-25 15:44:51,268 [AppLog] INFO : 准备读取编码器位置：X方向！
2023-04-25 15:44:51,283 [AppLog] INFO : 准备运动，当前位置：DEV_GetPrintEncoderValue：MoveDirectionFlag{false为Y方向：False}CurrentPos{779.53}AimPos{680}
2023-04-25 15:44:51,314 [AppLog] INFO : X方向运动开始：DEM_Run：返回值{True}nAxis{0}DirFlag{False}nSpeed{200000}MoveStep{-99530}nCtlValue{2}
2023-04-25 15:44:52,172 [AppLog] INFO : X方向到位停止：DEM_StopAxisRun：返回值{True}CurrentPos{684.71}bImmeStop{False}nAxisMask{1}
2023-04-25 15:44:52,687 [AppLog] INFO : 结束自动清洗过程：AutoCleanThread
2023-04-25 15:44:52,687 [AppLog] INFO : 进入：EquipmentMotionLogic3=》准备创建对象-手动操作！
2023-04-25 15:44:52,687 [AppLog] INFO : 进入：EquipmentMotionLogic3=》不需重新创建-手动操作！
2023-04-25 15:44:52,687 [AppLog] INFO : 进入：EquipmentMotionLogic3=》赋值完成自-AutoPrintMotion2！
2023-04-25 15:44:52,687 [AppLog] INFO : 进入：EquipmentMotionLogic3=》加载配置文件-LoadJsonFile成功！
2023-04-25 15:44:52,687 [AppLog] INFO : 进入：AutoPrintThread3！
2023-04-25 15:44:52,687 [AppLog] INFO : 关闭闪喷操作：IDP_FlashPrtCtl：返回值{True}
2023-04-25 15:44:52,687 [AppLog] INFO : 准备读取编码器位置：Y方向！
2023-04-25 15:44:52,687 [AppLog] INFO : 准备运动，编码器当前位置：DEM_GetAxisEncodeVal：MoveDirectionFlag{false为Y方向：True}CurrentPos{116.005}AimPos{88.5}
2023-04-25 15:44:52,843 [AppLog] INFO : Y方向运动开始：DEM_Run：返回值{True}nAxis{1}DirFlag{False}nSpeed{300000}MoveStep{-27557.011955}nCtlValue{1}
2023-04-25 15:44:52,906 [AppLog] INFO : 准备读取编码器位置：X方向！
2023-04-25 15:44:52,906 [AppLog] INFO : 准备运动，当前位置：DEV_GetPrintEncoderValue：MoveDirectionFlag{false为Y方向：False}CurrentPos{680.61}AimPos{425}
2023-04-25 15:44:52,937 [AppLog] INFO : X方向运动开始：DEM_Run：返回值{True}nAxis{0}DirFlag{False}nSpeed{300000}MoveStep{-255610}nCtlValue{2}
2023-04-25 15:44:54,341 [AppLog] INFO : X方向到位停止：DEM_StopAxisRun：返回值{True}CurrentPos{429.38}bImmeStop{False}nAxisMask{1}
2023-04-25 15:44:54,341 [AppLog] INFO : 准备读取编码器位置：X方向！
2023-04-25 15:44:54,341 [AppLog] INFO : 准备运动，当前位置：DEV_GetPrintEncoderValue：MoveDirectionFlag{false为Y方向：False}CurrentPos{429.29}AimPos{25}
2023-04-25 15:44:54,372 [AppLog] INFO : X方向运动开始：DEM_Run：返回值{True}nAxis{0}DirFlag{False}nSpeed{300000}MoveStep{-404290}nCtlValue{2}
2023-04-25 15:44:56,275 [AppLog] INFO : X方向到位停止：DEM_StopAxisRun：返回值{True}CurrentPos{24.505}bImmeStop{False}nAxisMask{1}
2023-04-25 15:44:56,275 [AppLog] INFO : 准备读取编码器位置：Y方向！
2023-04-25 15:44:56,291 [AppLog] INFO : 准备运动，编码器当前位置：DEM_GetAxisEncodeVal：MoveDirectionFlag{false为Y方向：True}CurrentPos{88.55}AimPos{103.521166666667}
2023-04-25 15:44:56,416 [AppLog] INFO : Y方向运动开始：DEM_Run：返回值{True}nAxis{1}DirFlag{True}nSpeed{300000}MoveStep{14999.4771428333}nCtlValue{1}
2023-04-25 15:44:56,478 [AppLog] INFO : Y方向到位停止：DEM_StopAxisRun：返回值{True}CurrentPos{101.235}bImmeStop{False}nAxisMask{2}
2023-04-25 15:44:56,478 [AppLog] INFO : 获取打印Pass数据：IDP_GetPassItem2：nLayerIndex{1}nPassID{1}nProcState{3}LPPassDataItemb:PrtDir{True}nDataTxCompleteCnt{1}nHwMemAdrMatchMask{1}nLayerIndex{1}nLayerPassCount{6}nLayerPassIndex{1}nMinJet0ImgLinePos{1635}nPrtMemHwAddr{System.UInt32[]}nPrtDataOffset{System.UInt32[]}nSrcDataSize{System.UInt32[]}nPrtColBytes{System.UInt32[]}nPrtPrecession{8}nSrcEndCols{8000}nSrcStartCols{0}nStartEncPos{10000}nValidPassJets{1280}nValidPrtCols{8310}nValidPrtCtlCnts{1}pDataBuf{0}pNextItem{659341808}
2023-04-25 15:44:56,494 [AppLog] INFO : 使能Pass打印成功：IDP_DoPassPrint2：nLayerIndex{1}nPassID{1}
2023-04-25 15:44:56,494 [AppLog] INFO : PASS打印前关键状态：DEV_GetDeviceInfo2：nLayerIndex{1}nPassID{1}LPPRINTER_INFO:nXSysEncDPI{0}nStatus{0}nPrintStatus{0}bSuperDevice{0}
LPPRINTER_INFO-LPPrtRunInfo:bJobPrtRuning{False}bLayerPrtIsOver{False}nContReqMemErr{0}nContWDErr{0}nCurPrtDir{0}nDTLayerIndex{0}nDTLayerPassIndex{0}nDTPtrCtlIndex{0}nLayerPassCount{0}nPrintLayerIndex{0}nPrintPassIndex{0}nProcLayerIndex{0}nPrtDataMemAddr{0}nPrtState{0}nReverse{System.Int32[]}nRevPrtCols{0}
LPPRINTER_INFO-LPDRVINFO:nFMVersion{0}nFpgaVersion{0}nPCBVersion{0}nState{0}nNextState{0}nPtvwarnState{0}nCrc32{0}nRevInfo{System.UInt32[]}nSignature{0}
2023-04-25 15:44:56,494 [AppLog] INFO : 创建：AutoPrintMotion1=》不需重新创建-手动操作！
2023-04-25 15:44:56,494 [AppLog] INFO : 进入：EquipmentMotionLogic3=》准备创建对象-手动操作！
2023-04-25 15:44:56,494 [AppLog] INFO : 进入：EquipmentMotionLogic3=》不需重新创建-手动操作！
2023-04-25 15:44:56,494 [AppLog] INFO : 进入：EquipmentMotionLogic3=》赋值完成自-AutoPrintMotion2！
2023-04-25 15:44:56,494 [AppLog] INFO : 进入：EquipmentMotionLogic3=》加载配置文件-LoadJsonFile成功！
2023-04-25 15:44:56,494 [AppLog] INFO : 进入：AutoPrintThread3！
2023-04-25 15:44:56,494 [AppLog] INFO : 准备读取编码器位置：X方向！
2023-04-25 15:44:56,494 [AppLog] INFO : 准备运动，当前位置：DEV_GetPrintEncoderValue：MoveDirectionFlag{false为Y方向：False}CurrentPos{21.64}AimPos{425}
2023-04-25 15:44:56,525 [AppLog] INFO : X方向运动开始：DEM_Run：返回值{True}nAxis{0}DirFlag{True}nSpeed{300000}MoveStep{403360}nCtlValue{2}
2023-04-25 15:44:58,412 [AppLog] INFO : X方向到位停止：DEM_StopAxisRun：返回值{True}CurrentPos{419.17}bImmeStop{False}nAxisMask{1}
2023-04-25 15:44:58,412 [AppLog] INFO : 准备读取编码器位置：Y方向！
2023-04-25 15:44:58,412 [AppLog] INFO : 准备运动，编码器当前位置：DEM_GetAxisEncodeVal：MoveDirectionFlag{false为Y方向：True}CurrentPos{103.495}AimPos{142.5}
2023-04-25 15:44:58,584 [AppLog] INFO : Y方向运动开始：DEM_Run：返回值{True}nAxis{1}DirFlag{True}nSpeed{300000}MoveStep{39078.758455}nCtlValue{1}
2023-04-25 15:44:58,662 [AppLog] INFO : Y方向到位停止：DEM_StopAxisRun：返回值{True}CurrentPos{138.03}bImmeStop{False}nAxisMask{2}
2023-04-25 15:44:58,662 [AppLog] INFO : 获取打印Pass数据：IDP_GetPassItem2：nLayerIndex{1}nPassID{2}nProcState{3}LPPassDataItemb:PrtDir{False}nDataTxCompleteCnt{1}nHwMemAdrMatchMask{1}nLayerIndex{1}nLayerPassCount{6}nLayerPassIndex{2}nMinJet0ImgLinePos{2915}nPrtMemHwAddr{System.UInt32[]}nPrtDataOffset{System.UInt32[]}nSrcDataSize{System.UInt32[]}nPrtColBytes{System.UInt32[]}nPrtPrecession{8}nSrcEndCols{8000}nSrcStartCols{0}nStartEncPos{76512}nValidPassJets{1280}nValidPrtCols{8310}nValidPrtCtlCnts{1}pDataBuf{0}pNextItem{659341968}
2023-04-25 15:44:58,678 [AppLog] INFO : 使能Pass打印成功：IDP_DoPassPrint2：nLayerIndex{1}nPassID{2}
2023-04-25 15:44:58,678 [AppLog] INFO : PASS打印前关键状态：DEV_GetDeviceInfo2：nLayerIndex{1}nPassID{2}LPPRINTER_INFO:nXSysEncDPI{0}nStatus{0}nPrintStatus{0}bSuperDevice{0}
LPPRINTER_INFO-LPPrtRunInfo:bJobPrtRuning{False}bLayerPrtIsOver{False}nContReqMemErr{0}nContWDErr{0}nCurPrtDir{0}nDTLayerIndex{0}nDTLayerPassIndex{0}nDTPtrCtlIndex{0}nLayerPassCount{0}nPrintLayerIndex{0}nPrintPassIndex{0}nProcLayerIndex{0}nPrtDataMemAddr{0}nPrtState{0}nReverse{System.Int32[]}nRevPrtCols{0}
LPPRINTER_INFO-LPDRVINFO:nFMVersion{0}nFpgaVersion{0}nPCBVersion{0}nState{0}nNextState{0}nPtvwarnState{0}nCrc32{0}nRevInfo{System.UInt32[]}nSignature{0}
2023-04-25 15:44:58,678 [AppLog] INFO : 创建：AutoPrintMotion1=》不需重新创建-手动操作！
2023-04-25 15:44:58,678 [AppLog] INFO : 进入：EquipmentMotionLogic3=》准备创建对象-手动操作！
2023-04-25 15:44:58,678 [AppLog] INFO : 进入：EquipmentMotionLogic3=》不需重新创建-手动操作！
2023-04-25 15:44:58,678 [AppLog] INFO : 进入：EquipmentMotionLogic3=》赋值完成自-AutoPrintMotion2！
2023-04-25 15:44:58,678 [AppLog] INFO : 进入：EquipmentMotionLogic3=》加载配置文件-LoadJsonFile成功！
2023-04-25 15:44:58,678 [AppLog] INFO : 进入：AutoPrintThread3！
2023-04-25 15:44:58,678 [AppLog] INFO : 准备读取编码器位置：X方向！
2023-04-25 15:44:58,678 [AppLog] INFO : 准备运动，当前位置：DEV_GetPrintEncoderValue：MoveDirectionFlag{false为Y方向：False}CurrentPos{423.44}AimPos{25}
2023-04-25 15:44:58,724 [AppLog] INFO : X方向运动开始：DEM_Run：返回值{True}nAxis{0}DirFlag{False}nSpeed{300000}MoveStep{-398440}nCtlValue{2}
2023-04-25 15:45:00,612 [AppLog] INFO : X方向到位停止：DEM_StopAxisRun：返回值{True}CurrentPos{30.285}bImmeStop{False}nAxisMask{1}
2023-04-25 15:45:00,612 [AppLog] INFO : 准备读取编码器位置：Y方向！
2023-04-25 15:45:00,612 [AppLog] INFO : 准备运动，编码器当前位置：DEM_GetAxisEncodeVal：MoveDirectionFlag{false为Y方向：True}CurrentPos{142.5}AimPos{157.521166666667}
2023-04-25 15:45:00,737 [AppLog] INFO : Y方向运动开始：DEM_Run：返回值{True}nAxis{1}DirFlag{True}nSpeed{300000}MoveStep{15049.5716928333}nCtlValue{1}
2023-04-25 15:45:00,799 [AppLog] INFO : Y方向到位停止：DEM_StopAxisRun：返回值{True}CurrentPos{155.18}bImmeStop{False}nAxisMask{2}
2023-04-25 15:45:00,799 [AppLog] INFO : 获取打印Pass数据：IDP_GetPassItem2：nLayerIndex{1}nPassID{3}nProcState{3}LPPassDataItemb:PrtDir{True}nDataTxCompleteCnt{1}nHwMemAdrMatchMask{1}nLayerIndex{1}nLayerPassCount{6}nLayerPassIndex{3}nMinJet0ImgLinePos{4195}nPrtMemHwAddr{System.UInt32[]}nPrtDataOffset{System.UInt32[]}nSrcDataSize{System.UInt32[]}nPrtColBytes{System.UInt32[]}nPrtPrecession{8}nSrcEndCols{8000}nSrcStartCols{0}nStartEncPos{10000}nValidPassJets{1280}nValidPrtCols{8310}nValidPrtCtlCnts{1}pDataBuf{0}pNextItem{659342128}
2023-04-25 15:45:00,799 [AppLog] INFO : 使能Pass打印成功：IDP_DoPassPrint2：nLayerIndex{1}nPassID{3}
2023-04-25 15:45:00,815 [AppLog] INFO : PASS打印前关键状态：DEV_GetDeviceInfo2：nLayerIndex{1}nPassID{3}LPPRINTER_INFO:nXSysEncDPI{0}nStatus{0}nPrintStatus{0}bSuperDevice{0}
LPPRINTER_INFO-LPPrtRunInfo:bJobPrtRuning{False}bLayerPrtIsOver{False}nContReqMemErr{0}nContWDErr{0}nCurPrtDir{0}nDTLayerIndex{0}nDTLayerPassIndex{0}nDTPtrCtlIndex{0}nLayerPassCount{0}nPrintLayerIndex{0}nPrintPassIndex{0}nProcLayerIndex{0}nPrtDataMemAddr{0}nPrtState{0}nReverse{System.Int32[]}nRevPrtCols{0}
LPPRINTER_INFO-LPDRVINFO:nFMVersion{0}nFpgaVersion{0}nPCBVersion{0}nState{0}nNextState{0}nPtvwarnState{0}nCrc32{0}nRevInfo{System.UInt32[]}nSignature{0}
2023-04-25 15:45:00,815 [AppLog] INFO : 创建：AutoPrintMotion1=》不需重新创建-手动操作！
2023-04-25 15:45:00,815 [AppLog] INFO : 进入：EquipmentMotionLogic3=》准备创建对象-手动操作！
2023-04-25 15:45:00,815 [AppLog] INFO : 进入：EquipmentMotionLogic3=》不需重新创建-手动操作！
2023-04-25 15:45:00,815 [AppLog] INFO : 进入：EquipmentMotionLogic3=》赋值完成自-AutoPrintMotion2！
2023-04-25 15:45:00,815 [AppLog] INFO : 进入：EquipmentMotionLogic3=》加载配置文件-LoadJsonFile成功！
2023-04-25 15:45:00,815 [AppLog] INFO : 进入：AutoPrintThread3！
2023-04-25 15:45:00,815 [AppLog] INFO : 准备读取编码器位置：X方向！
2023-04-25 15:45:00,815 [AppLog] INFO : 准备运动，当前位置：DEV_GetPrintEncoderValue：MoveDirectionFlag{false为Y方向：False}CurrentPos{26.57}AimPos{425}
2023-04-25 15:45:00,846 [AppLog] INFO : X方向运动开始：DEM_Run：返回值{True}nAxis{0}DirFlag{True}nSpeed{300000}MoveStep{398430}nCtlValue{2}
2023-04-25 15:45:02,734 [AppLog] INFO : X方向到位停止：DEM_StopAxisRun：返回值{True}CurrentPos{419.865}bImmeStop{False}nAxisMask{1}
2023-04-25 15:45:02,734 [AppLog] INFO : 准备读取编码器位置：Y方向！
2023-04-25 15:45:02,734 [AppLog] INFO : 准备运动，编码器当前位置：DEM_GetAxisEncodeVal：MoveDirectionFlag{false为Y方向：True}CurrentPos{157.505}AimPos{196.5}
2023-04-25 15:45:02,905 [AppLog] INFO : Y方向运动开始：DEM_Run：返回值{True}nAxis{1}DirFlag{True}nSpeed{300000}MoveStep{39068.739545}nCtlValue{1}
2023-04-25 15:45:02,968 [AppLog] INFO : Y方向到位停止：DEM_StopAxisRun：返回值{True}CurrentPos{188.97}bImmeStop{False}nAxisMask{2}
2023-04-25 15:45:02,968 [AppLog] INFO : 获取打印Pass数据：IDP_GetPassItem2：nLayerIndex{1}nPassID{4}nProcState{3}LPPassDataItemb:PrtDir{False}nDataTxCompleteCnt{1}nHwMemAdrMatchMask{1}nLayerIndex{1}nLayerPassCount{6}nLayerPassIndex{4}nMinJet0ImgLinePos{5475}nPrtMemHwAddr{System.UInt32[]}nPrtDataOffset{System.UInt32[]}nSrcDataSize{System.UInt32[]}nPrtColBytes{System.UInt32[]}nPrtPrecession{8}nSrcEndCols{8000}nSrcStartCols{0}nStartEncPos{76512}nValidPassJets{1280}nValidPrtCols{8310}nValidPrtCtlCnts{1}pDataBuf{0}pNextItem{659342288}
2023-04-25 15:45:02,983 [AppLog] INFO : 使能Pass打印成功：IDP_DoPassPrint2：nLayerIndex{1}nPassID{4}
2023-04-25 15:45:02,983 [AppLog] INFO : PASS打印前关键状态：DEV_GetDeviceInfo2：nLayerIndex{1}nPassID{4}LPPRINTER_INFO:nXSysEncDPI{0}nStatus{0}nPrintStatus{0}bSuperDevice{0}
LPPRINTER_INFO-LPPrtRunInfo:bJobPrtRuning{False}bLayerPrtIsOver{False}nContReqMemErr{0}nContWDErr{0}nCurPrtDir{0}nDTLayerIndex{0}nDTLayerPassIndex{0}nDTPtrCtlIndex{0}nLayerPassCount{0}nPrintLayerIndex{0}nPrintPassIndex{0}nProcLayerIndex{0}nPrtDataMemAddr{0}nPrtState{0}nReverse{System.Int32[]}nRevPrtCols{0}
LPPRINTER_INFO-LPDRVINFO:nFMVersion{0}nFpgaVersion{0}nPCBVersion{0}nState{0}nNextState{0}nPtvwarnState{0}nCrc32{0}nRevInfo{System.UInt32[]}nSignature{0}
2023-04-25 15:45:02,983 [AppLog] INFO : 创建：AutoPrintMotion1=》不需重新创建-手动操作！
2023-04-25 15:45:02,983 [AppLog] INFO : 进入：EquipmentMotionLogic3=》准备创建对象-手动操作！
2023-04-25 15:45:02,983 [AppLog] INFO : 进入：EquipmentMotionLogic3=》不需重新创建-手动操作！
2023-04-25 15:45:02,983 [AppLog] INFO : 进入：EquipmentMotionLogic3=》赋值完成自-AutoPrintMotion2！
2023-04-25 15:45:02,983 [AppLog] INFO : 进入：EquipmentMotionLogic3=》加载配置文件-LoadJsonFile成功！
2023-04-25 15:45:02,983 [AppLog] INFO : 进入：AutoPrintThread3！
2023-04-25 15:45:02,983 [AppLog] INFO : 准备读取编码器位置：X方向！
2023-04-25 15:45:02,983 [AppLog] INFO : 准备运动，当前位置：DEV_GetPrintEncoderValue：MoveDirectionFlag{false为Y方向：False}CurrentPos{423.425}AimPos{25}
2023-04-25 15:45:03,014 [AppLog] INFO : X方向运动开始：DEM_Run：返回值{True}nAxis{0}DirFlag{False}nSpeed{300000}MoveStep{-398425}nCtlValue{2}
2023-04-25 15:45:04,902 [AppLog] INFO : X方向到位停止：DEM_StopAxisRun：返回值{True}CurrentPos{29.99}bImmeStop{False}nAxisMask{1}
2023-04-25 15:45:04,902 [AppLog] INFO : 准备读取编码器位置：Y方向！
2023-04-25 15:45:04,902 [AppLog] INFO : 准备运动，编码器当前位置：DEM_GetAxisEncodeVal：MoveDirectionFlag{false为Y方向：True}CurrentPos{196.55}AimPos{211.521166666667}
2023-04-25 15:45:05,027 [AppLog] INFO : Y方向运动开始：DEM_Run：返回值{True}nAxis{1}DirFlag{True}nSpeed{300000}MoveStep{14999.4771428333}nCtlValue{1}
2023-04-25 15:45:05,089 [AppLog] INFO : Y方向到位停止：DEM_StopAxisRun：返回值{True}CurrentPos{209.105}bImmeStop{False}nAxisMask{2}
2023-04-25 15:45:05,089 [AppLog] INFO : 获取打印Pass数据：IDP_GetPassItem2：nLayerIndex{1}nPassID{5}nProcState{3}LPPassDataItemb:PrtDir{True}nDataTxCompleteCnt{1}nHwMemAdrMatchMask{1}nLayerIndex{1}nLayerPassCount{6}nLayerPassIndex{5}nMinJet0ImgLinePos{6755}nPrtMemHwAddr{System.UInt32[]}nPrtDataOffset{System.UInt32[]}nSrcDataSize{System.UInt32[]}nPrtColBytes{System.UInt32[]}nPrtPrecession{8}nSrcEndCols{8000}nSrcStartCols{0}nStartEncPos{10000}nValidPassJets{1280}nValidPrtCols{8310}nValidPrtCtlCnts{1}pDataBuf{0}pNextItem{0}
2023-04-25 15:45:05,105 [AppLog] INFO : 使能Pass打印成功：IDP_DoPassPrint2：nLayerIndex{1}nPassID{5}
2023-04-25 15:45:05,105 [AppLog] INFO : PASS打印前关键状态：DEV_GetDeviceInfo2：nLayerIndex{1}nPassID{5}LPPRINTER_INFO:nXSysEncDPI{0}nStatus{0}nPrintStatus{0}bSuperDevice{0}
LPPRINTER_INFO-LPPrtRunInfo:bJobPrtRuning{False}bLayerPrtIsOver{False}nContReqMemErr{0}nContWDErr{0}nCurPrtDir{0}nDTLayerIndex{0}nDTLayerPassIndex{0}nDTPtrCtlIndex{0}nLayerPassCount{0}nPrintLayerIndex{0}nPrintPassIndex{0}nProcLayerIndex{0}nPrtDataMemAddr{0}nPrtState{0}nReverse{System.Int32[]}nRevPrtCols{0}
LPPRINTER_INFO-LPDRVINFO:nFMVersion{0}nFpgaVersion{0}nPCBVersion{0}nState{0}nNextState{0}nPtvwarnState{0}nCrc32{0}nRevInfo{System.UInt32[]}nSignature{0}
2023-04-25 15:45:05,105 [AppLog] INFO : 创建：AutoPrintMotion1=》不需重新创建-手动操作！
2023-04-25 15:45:05,105 [AppLog] INFO : 进入：EquipmentMotionLogic3=》准备创建对象-手动操作！
2023-04-25 15:45:05,105 [AppLog] INFO : 进入：EquipmentMotionLogic3=》不需重新创建-手动操作！
2023-04-25 15:45:05,105 [AppLog] INFO : 进入：EquipmentMotionLogic3=》赋值完成自-AutoPrintMotion2！
2023-04-25 15:45:05,105 [AppLog] INFO : 进入：EquipmentMotionLogic3=》加载配置文件-LoadJsonFile成功！
2023-04-25 15:45:05,105 [AppLog] INFO : 进入：AutoPrintThread3！
2023-04-25 15:45:05,105 [AppLog] INFO : 准备读取编码器位置：X方向！
2023-04-25 15:45:05,105 [AppLog] INFO : 准备运动，当前位置：DEV_GetPrintEncoderValue：MoveDirectionFlag{false为Y方向：False}CurrentPos{26.605}AimPos{425}
2023-04-25 15:45:05,136 [AppLog] INFO : X方向运动开始：DEM_Run：返回值{True}nAxis{0}DirFlag{True}nSpeed{300000}MoveStep{398395}nCtlValue{2}
2023-04-25 15:45:07,008 [AppLog] INFO : X方向到位停止：DEM_StopAxisRun：返回值{True}CurrentPos{418.75}bImmeStop{False}nAxisMask{1}
2023-04-25 15:45:07,008 [AppLog] INFO : 准备读取编码器位置：X方向！
2023-04-25 15:45:07,008 [AppLog] INFO : 准备运动，当前位置：DEV_GetPrintEncoderValue：MoveDirectionFlag{false为Y方向：False}CurrentPos{418.85}AimPos{780}
2023-04-25 15:45:07,039 [AppLog] INFO : X方向运动开始：DEM_Run：返回值{True}nAxis{0}DirFlag{True}nSpeed{300000}MoveStep{361150}nCtlValue{2}
2023-04-25 15:45:07,102 [AppLog] INFO : 准备读取编码器位置：Y方向！
2023-04-25 15:45:07,102 [AppLog] INFO : 准备运动，编码器当前位置：DEM_GetAxisEncodeVal：MoveDirectionFlag{false为Y方向：True}CurrentPos{211.495}AimPos{121}
2023-04-25 15:45:07,445 [AppLog] INFO : Y方向运动开始：DEM_Run：返回值{True}nAxis{1}DirFlag{False}nSpeed{300000}MoveStep{-90666.126045}nCtlValue{1}
2023-04-25 15:45:08,818 [AppLog] INFO : Y方向到位等停：DEM_StopAxisRun：返回值{True}bImmeStop{False}nAxisMask{1}
2023-04-25 15:45:08,818 [AppLog] INFO : X方向到位等停：DEM_StopAxisRun：返回值{True}bImmeStop{False}nAxisMask{2}
2023-04-25 15:45:08,849 [AppLog] INFO : 开启闪喷操作：IDP_FlashPrtCtl：返回值{True}
2023-04-25 15:45:08,849 [AppLog] INFO : 进入：EquipmentMotionLogic3=》准备创建对象-手动操作！
2023-04-25 15:45:08,849 [AppLog] INFO : 进入：EquipmentMotionLogic3=》不需重新创建-手动操作！
2023-04-25 15:45:08,849 [AppLog] INFO : 进入：EquipmentMotionLogic3=》赋值完成自-AutoPrintMotion2！
2023-04-25 15:45:08,849 [AppLog] INFO : 进入：EquipmentMotionLogic3=》加载配置文件-LoadJsonFile成功！
2023-04-25 15:45:08,849 [AppLog] INFO : 进入自动铺粉逻辑：NewAutoSupplyPowderThread2
2023-04-25 15:45:08,974 [AppLog] INFO : 手动正向点动指令（8轴运控板卡系统） ====》：输出AXIS{第1轴},点动量{-0.1MM},运动速度{2MM/s}
2023-04-25 15:45:08,974 [AppLog] INFO : 成形面高度下降层厚 TrapSpace{0.1mm}：TrapMoveUp(1, true, Convert.ToString(vel), Convert.ToString(TrapSpace), true, true）
2023-04-25 15:45:09,754 [AppLog] INFO : 手动正向点动指令（8轴运控板卡系统） ====》：输出AXIS{第1轴},点动量{-1.5MM},运动速度{2MM/s}
2023-04-25 15:45:09,754 [AppLog] INFO : 成形面高度下降指定厚度 TrapSpace{1.5mm}：TrapMoveUp(1, true, Convert.ToString(vel), Convert.ToString(TrapSpace), true, true）
2023-04-25 15:45:10,518 [AppLog] INFO : 手动正向点动指令（8轴运控板卡系统） ====》：输出AXIS{第1轴},点动量{1.5MM},运动速度{2MM/s}
2023-04-25 15:45:10,518 [AppLog] INFO : 成形面高度上升层厚 TrapSpace{1.5mm}：TrapMoveUp(1, true, Convert.ToString(vel), Convert.ToString(TrapSpace), true, true）
2023-04-25 15:45:10,783 [AppLog] INFO : 手动正向点动指令（8轴运控板卡系统） ====》：输出AXIS{第8轴},点动量{0.5MM},运动速度{2.5MM/s}
2023-04-25 15:45:10,783 [AppLog] INFO : Hopper落粉轴转2圈落粉，速度0.5rev/s：TrapMoveUp(8, true, 0.5, rotateNuM.ToString(), true, false)
2023-04-25 15:45:11,797 [AppLog] INFO : 开启铺粉车不等停运动，准备运动至准备打印位置215mm，速度250mm/s：BackToStation2
2023-04-25 15:45:12,655 [AppLog] INFO : 手动正向点动指令（8轴运控板卡系统） ====》：输出AXIS{第2轴},点动量{214MM},运动速度{250MM/s}
2023-04-25 15:45:12,655 [AppLog] INFO : 当前铺粉车位置：打印位置215mm
2023-04-25 15:45:12,655 [AppLog] INFO : 手动正向点动指令（8轴运控板卡系统） ====》：输出AXIS{第2轴},点动量{480MM},运动速度{40MM/s}
2023-04-25 15:45:12,655 [AppLog] INFO : 开启铺粉车不等停运动至准备打印位置695mm，速度40mm/s：BackToStation2
2023-04-25 15:45:12,671 [AppLog] INFO : 打开UV灯：OpenUVLamp(true, 0, 1000, 0, 1000)
2023-04-25 15:45:12,858 [AppLog] INFO : 手动正向点动指令（8轴运控板卡系统） ====》：输出AXIS{第3轴},点动量{0.125MM},运动速度{1MM/s}
2023-04-25 15:45:12,858 [AppLog] INFO : 在{40mm}处，落粉轴运动{45度}，落粉轴转速{1rev/s}：TrapMoveUp(3, true, Convert.ToString(DispenseRollerSpeed), 0.5, true, true)
2023-04-25 15:45:12,858 [AppLog] INFO : 手动正向点动指令（8轴运控板卡系统） ====》：输出AXIS{第3轴},点动量{0.5MM},运动速度{0.0602739726027397MM/s}
2023-04-25 15:45:12,858 [AppLog] INFO : 开启均匀落粉及辊子铺平运动：TrapMoveUp(3, true, Convert.ToString(DispenseRollerSpeed), 0.5, true, true)
2023-04-25 15:45:21,032 [AppLog] INFO : 关闭UV灯：OpenUVLamp(false, 0, 1000, 0, 1000)
2023-04-25 15:45:23,045 [AppLog] INFO : 手动正向点动指令（8轴运控板卡系统） ====》：输出AXIS{第3轴},点动量{0.5MM},运动速度{2MM/s}
2023-04-25 15:45:23,045 [AppLog] INFO : 落粉轴继续转动以倒掉余粉：TrapMoveUp(3, true, 2, 0.5, true, false)
2023-04-25 15:45:25,432 [AppLog] INFO : 手动正向点动指令（8轴运控板卡系统） ====》：输出AXIS{第1轴},点动量{-1.5MM},运动速度{2MM/s}
2023-04-25 15:45:25,432 [AppLog] INFO : 成形面高度下降指定厚度 TrapSpace{1.5mm}：TrapMoveUp(1, true, Convert.ToString(vel), Convert.ToString(TrapSpace), true, true）
2023-04-25 15:45:28,224 [AppLog] INFO : 手动正向点动指令（8轴运控板卡系统） ====》：输出AXIS{第2轴},点动量{-696.5MM},运动速度{250MM/s}
2023-04-25 15:45:28,224 [AppLog] INFO : 铺粉车返回至站1：BackToStation2(AimPos, MovSpeed, true)：-1.5mm，速度250mm/s：BackToStation2
2023-04-25 15:45:28,988 [AppLog] INFO : 落粉轴回零成功：motionMap.SetBackSpreaderAxis(3, 0.5, 2, -SinkPosition)：ReturnCode{True}
2023-04-25 15:45:29,753 [AppLog] INFO : 手动正向点动指令（8轴运控板卡系统） ====》：输出AXIS{第1轴},点动量{1.5MM},运动速度{2MM/s}
2023-04-25 15:45:29,768 [AppLog] INFO : 成形面高度上升层厚 TrapSpace{1.5mm}：TrapMoveUp(1, true, Convert.ToString(vel), Convert.ToString(TrapSpace), true, true）
2023-04-25 15:45:29,768 [AppLog] INFO : 自动铺粉正常结束：NewAutoSupplyPowderThread2
2023-04-25 15:45:29,768 [AppLog] INFO : 发送监控指令，拍照记录1条：SendMessageFromSharedMemory
2023-04-25 15:45:29,768 [AppLog] INFO : 执行完成铺粉固化操作：EquipmentMotionLogic3：m_bApplyPowderSupplyMotion:0
2023-04-25 15:45:29,768 [AppLog] INFO : 接收到起始打印指令：PrintTaskTHREAD
2023-04-25 15:45:29,768 [AppLog] INFO : 获取打印Pass数据：IDP_GetPassItem2：nLayerIndex{2}nPassID{0}nProcState{3}LPPassDataItemb:PrtDir{False}nDataTxCompleteCnt{1}nHwMemAdrMatchMask{1}nLayerIndex{2}nLayerPassCount{6}nLayerPassIndex{0}nMinJet0ImgLinePos{355}nPrtMemHwAddr{System.UInt32[]}nPrtDataOffset{System.UInt32[]}nSrcDataSize{System.UInt32[]}nPrtColBytes{System.UInt32[]}nPrtPrecession{8}nSrcEndCols{8000}nSrcStartCols{0}nStartEncPos{76512}nValidPassJets{1280}nValidPrtCols{8310}nValidPrtCtlCnts{1}pDataBuf{0}pNextItem{659343776}
2023-04-25 15:45:29,784 [AppLog] INFO : 使能Pass打印成功：IDP_DoPassPrint2：nLayerIndex{2}nPassID{0}
2023-04-25 15:45:29,784 [AppLog] INFO : PASS打印前关键状态：DEV_GetDeviceInfo2：nLayerIndex{2}nPassID{0}LPPRINTER_INFO:nXSysEncDPI{0}nStatus{0}nPrintStatus{0}bSuperDevice{0}
LPPRINTER_INFO-LPPrtRunInfo:bJobPrtRuning{False}bLayerPrtIsOver{False}nContReqMemErr{0}nContWDErr{0}nCurPrtDir{0}nDTLayerIndex{0}nDTLayerPassIndex{0}nDTPtrCtlIndex{0}nLayerPassCount{0}nPrintLayerIndex{0}nPrintPassIndex{0}nProcLayerIndex{0}nPrtDataMemAddr{0}nPrtState{0}nReverse{System.Int32[]}nRevPrtCols{0}
LPPRINTER_INFO-LPDRVINFO:nFMVersion{0}nFpgaVersion{0}nPCBVersion{0}nState{0}nNextState{0}nPtvwarnState{0}nCrc32{0}nRevInfo{System.UInt32[]}nSignature{0}
2023-04-25 15:45:29,784 [AppLog] INFO : 创建：AutoPrintMotion1=》不需重新创建-手动操作！
2023-04-25 15:45:29,784 [AppLog] INFO : 进入：EquipmentMotionLogic3=》准备创建对象-手动操作！
2023-04-25 15:45:29,784 [AppLog] INFO : 进入：EquipmentMotionLogic3=》不需重新创建-手动操作！
2023-04-25 15:45:29,784 [AppLog] INFO : 进入：EquipmentMotionLogic3=》赋值完成自-AutoPrintMotion2！
2023-04-25 15:45:29,784 [AppLog] INFO : 进入：EquipmentMotionLogic3=》加载配置文件-LoadJsonFile成功！
2023-04-25 15:45:29,784 [AppLog] INFO : 进入自动清洗过程：AutoCleanThread
2023-04-25 15:45:30,096 [AppLog] INFO : 准备处理第3层数据：准备调用RenderToWic，index为3，subindex为0，g_nRePrintTimes为1，起始层为0
2023-04-25 15:45:30,158 [AppLog] INFO : 刮墨轴回零成功：motionMap.SetBackSpreaderAxis(4, 1, 2, -SinkHomePosition)
2023-04-25 15:45:30,158 [AppLog] INFO : 准备读取编码器位置：Y方向！
2023-04-25 15:45:30,158 [AppLog] INFO : 准备运动，编码器当前位置：DEM_GetAxisEncodeVal：MoveDirectionFlag{false为Y方向：True}CurrentPos{121.07}AimPos{116}
2023-04-25 15:45:30,174 [AppLog] INFO : 完成处理第3层数据：准备调用DrawLayerBMP，index为3，起始层为0
2023-04-25 15:45:30,174 [AppLog] INFO : 完成处理第3层数据：准备调用DrawLayerBMP，index为3，起始层为0
2023-04-25 15:45:30,299 [AppLog] INFO : Y方向运动开始：DEM_Run：返回值{True}nAxis{1}DirFlag{False}nSpeed{300000}MoveStep{-5079.58737000001}nCtlValue{1}
2023-04-25 15:45:30,361 [AppLog] INFO : Y方向到位停止：DEM_StopAxisRun：返回值{True}CurrentPos{116.525}bImmeStop{False}nAxisMask{2}
2023-04-25 15:45:30,361 [AppLog] INFO : 准备读取编码器位置：X方向！
2023-04-25 15:45:30,361 [AppLog] INFO : 准备运动，当前位置：DEV_GetPrintEncoderValue：MoveDirectionFlag{false为Y方向：False}CurrentPos{784.54}AimPos{780}
2023-04-25 15:45:30,392 [AppLog] INFO : X方向运动开始：DEM_Run：返回值{True}nAxis{0}DirFlag{False}nSpeed{300000}MoveStep{-4539.99999999996}nCtlValue{2}
2023-04-25 15:45:30,564 [AppLog] INFO : X方向到位停止：DEM_StopAxisRun：返回值{True}CurrentPos{783.145}bImmeStop{False}nAxisMask{1}
2023-04-25 15:45:30,642 [AppLog] INFO : 作业写入成功：IDP_WriteImgLayerData：bpp:{1bit}灰阶:{1阶}nLayerIndex{4}LayerIndex{3}SubIndex{1}RePrintTimes{1}nBytesPerLine{1004}nWidth{8001}nHeight{7656}nXEncOff{0}nYJetOff{355}nImgStartJetIndex{0}nXDPI{635}nYDPI{600}nPrtDir{0} nPrtFlag{1}nColorCnts{1}nReserved{System.Int32[]}
2023-04-25 15:45:30,658 [AppLog] INFO : 完成处理第3层数据：准备调用RenderToWic，index为3，subindex为0，g_nRePrintTimes为1，起始层为0
2023-04-25 15:45:31,531 [AppLog] INFO : 开启压墨： motionMap.SetDo(13, true)
2023-04-25 15:45:33,044 [AppLog] INFO : 关闭压墨： motionMap.SetDo(13, true)
2023-04-25 15:45:33,044 [AppLog] INFO : 压墨等待开启：{2.5S}
2023-04-25 15:45:35,556 [AppLog] INFO : 压墨等待完成：{2.5S}
2023-04-25 15:45:35,556 [AppLog] INFO : 准备读取编码器位置：X方向！
2023-04-25 15:45:35,556 [AppLog] INFO : 准备运动，当前位置：DEV_GetPrintEncoderValue：MoveDirectionFlag{false为Y方向：False}CurrentPos{780.335}AimPos{680}
2023-04-25 15:45:35,587 [AppLog] INFO : X方向运动开始：DEM_Run：返回值{True}nAxis{0}DirFlag{False}nSpeed{200000}MoveStep{-100335}nCtlValue{2}
2023-04-25 15:45:36,461 [AppLog] INFO : X方向到位停止：DEM_StopAxisRun：返回值{True}CurrentPos{683.565}bImmeStop{False}nAxisMask{1}
2023-04-25 15:45:36,913 [AppLog] INFO : 结束自动清洗过程：AutoCleanThread
2023-04-25 15:45:36,913 [AppLog] INFO : 进入：EquipmentMotionLogic3=》准备创建对象-手动操作！
2023-04-25 15:45:36,913 [AppLog] INFO : 进入：EquipmentMotionLogic3=》不需重新创建-手动操作！
2023-04-25 15:45:36,913 [AppLog] INFO : 进入：EquipmentMotionLogic3=》赋值完成自-AutoPrintMotion2！
2023-04-25 15:45:36,913 [AppLog] INFO : 进入：EquipmentMotionLogic3=》加载配置文件-LoadJsonFile成功！
2023-04-25 15:45:36,913 [AppLog] INFO : 进入：AutoPrintThread3！
2023-04-25 15:45:36,913 [AppLog] INFO : 关闭闪喷操作：IDP_FlashPrtCtl：返回值{True}
2023-04-25 15:45:36,913 [AppLog] INFO : 准备读取编码器位置：Y方向！
2023-04-25 15:45:36,913 [AppLog] INFO : 准备运动，编码器当前位置：DEM_GetAxisEncodeVal：MoveDirectionFlag{false为Y方向：True}CurrentPos{115.985}AimPos{88.5}
2023-04-25 15:45:37,038 [AppLog] INFO : Y方向运动开始：DEM_Run：返回值{True}nAxis{1}DirFlag{False}nSpeed{300000}MoveStep{-27536.974135}nCtlValue{1}
2023-04-25 15:45:37,100 [AppLog] INFO : 准备读取编码器位置：X方向！
2023-04-25 15:45:37,100 [AppLog] INFO : 准备运动，当前位置：DEV_GetPrintEncoderValue：MoveDirectionFlag{false为Y方向：False}CurrentPos{680.3}AimPos{425}
2023-04-25 15:45:37,132 [AppLog] INFO : X方向运动开始：DEM_Run：返回值{True}nAxis{0}DirFlag{False}nSpeed{300000}MoveStep{-255300}nCtlValue{2}
2023-04-25 15:45:38,536 [AppLog] INFO : X方向到位停止：DEM_StopAxisRun：返回值{True}CurrentPos{429.46}bImmeStop{False}nAxisMask{1}
2023-04-25 15:45:38,536 [AppLog] INFO : 准备读取编码器位置：X方向！
2023-04-25 15:45:38,536 [AppLog] INFO : 准备运动，当前位置：DEV_GetPrintEncoderValue：MoveDirectionFlag{false为Y方向：False}CurrentPos{429.28}AimPos{25}
2023-04-25 15:45:38,567 [AppLog] INFO : X方向运动开始：DEM_Run：返回值{True}nAxis{0}DirFlag{False}nSpeed{300000}MoveStep{-404280}nCtlValue{2}
2023-04-25 15:45:40,470 [AppLog] INFO : X方向到位停止：DEM_StopAxisRun：返回值{True}CurrentPos{25.07}bImmeStop{False}nAxisMask{1}
2023-04-25 15:45:40,470 [AppLog] INFO : 准备读取编码器位置：Y方向！
2023-04-25 15:45:40,470 [AppLog] INFO : 准备运动，编码器当前位置：DEM_GetAxisEncodeVal：MoveDirectionFlag{false为Y方向：True}CurrentPos{88.48}AimPos{103.521166666667}
2023-04-25 15:45:40,595 [AppLog] INFO : Y方向运动开始：DEM_Run：返回值{True}nAxis{1}DirFlag{True}nSpeed{300000}MoveStep{15069.6095128333}nCtlValue{1}
2023-04-25 15:45:40,657 [AppLog] INFO : Y方向到位停止：DEM_StopAxisRun：返回值{True}CurrentPos{101.03}bImmeStop{False}nAxisMask{2}
2023-04-25 15:45:40,657 [AppLog] INFO : 获取打印Pass数据：IDP_GetPassItem2：nLayerIndex{2}nPassID{1}nProcState{3}LPPassDataItemb:PrtDir{True}nDataTxCompleteCnt{1}nHwMemAdrMatchMask{1}nLayerIndex{2}nLayerPassCount{6}nLayerPassIndex{1}nMinJet0ImgLinePos{1635}nPrtMemHwAddr{System.UInt32[]}nPrtDataOffset{System.UInt32[]}nSrcDataSize{System.UInt32[]}nPrtColBytes{System.UInt32[]}nPrtPrecession{8}nSrcEndCols{8000}nSrcStartCols{0}nStartEncPos{10000}nValidPassJets{1280}nValidPrtCols{8310}nValidPrtCtlCnts{1}pDataBuf{0}pNextItem{659343936}
2023-04-25 15:45:40,657 [AppLog] INFO : 使能Pass打印成功：IDP_DoPassPrint2：nLayerIndex{2}nPassID{1}
2023-04-25 15:45:40,673 [AppLog] INFO : PASS打印前关键状态：DEV_GetDeviceInfo2：nLayerIndex{2}nPassID{1}LPPRINTER_INFO:nXSysEncDPI{0}nStatus{0}nPrintStatus{0}bSuperDevice{0}
LPPRINTER_INFO-LPPrtRunInfo:bJobPrtRuning{False}bLayerPrtIsOver{False}nContReqMemErr{0}nContWDErr{0}nCurPrtDir{0}nDTLayerIndex{0}nDTLayerPassIndex{0}nDTPtrCtlIndex{0}nLayerPassCount{0}nPrintLayerIndex{0}nPrintPassIndex{0}nProcLayerIndex{0}nPrtDataMemAddr{0}nPrtState{0}nReverse{System.Int32[]}nRevPrtCols{0}
LPPRINTER_INFO-LPDRVINFO:nFMVersion{0}nFpgaVersion{0}nPCBVersion{0}nState{0}nNextState{0}nPtvwarnState{0}nCrc32{0}nRevInfo{System.UInt32[]}nSignature{0}
2023-04-25 15:45:40,673 [AppLog] INFO : 创建：AutoPrintMotion1=》不需重新创建-手动操作！
2023-04-25 15:45:40,673 [AppLog] INFO : 进入：EquipmentMotionLogic3=》准备创建对象-手动操作！
2023-04-25 15:45:40,673 [AppLog] INFO : 进入：EquipmentMotionLogic3=》不需重新创建-手动操作！
2023-04-25 15:45:40,673 [AppLog] INFO : 进入：EquipmentMotionLogic3=》赋值完成自-AutoPrintMotion2！
2023-04-25 15:45:40,673 [AppLog] INFO : 进入：EquipmentMotionLogic3=》加载配置文件-LoadJsonFile成功！
2023-04-25 15:45:40,673 [AppLog] INFO : 进入：AutoPrintThread3！
2023-04-25 15:45:40,673 [AppLog] INFO : 准备读取编码器位置：X方向！
2023-04-25 15:45:40,673 [AppLog] INFO : 准备运动，当前位置：DEV_GetPrintEncoderValue：MoveDirectionFlag{false为Y方向：False}CurrentPos{21.65}AimPos{425}
2023-04-25 15:45:40,704 [AppLog] INFO : X方向运动开始：DEM_Run：返回值{True}nAxis{0}DirFlag{True}nSpeed{300000}MoveStep{403350}nCtlValue{2}
2023-04-25 15:45:42,592 [AppLog] INFO : X方向到位停止：DEM_StopAxisRun：返回值{True}CurrentPos{419.315}bImmeStop{False}nAxisMask{1}
2023-04-25 15:45:42,592 [AppLog] INFO : 准备读取编码器位置：Y方向！
2023-04-25 15:45:42,592 [AppLog] INFO : 准备运动，编码器当前位置：DEM_GetAxisEncodeVal：MoveDirectionFlag{false为Y方向：True}CurrentPos{103.515}AimPos{142.5}
2023-04-25 15:45:42,763 [AppLog] INFO : Y方向运动开始：DEM_Run：返回值{True}nAxis{1}DirFlag{True}nSpeed{300000}MoveStep{39058.720635}nCtlValue{1}
2023-04-25 15:45:42,826 [AppLog] INFO : Y方向到位停止：DEM_StopAxisRun：返回值{True}CurrentPos{134.86}bImmeStop{False}nAxisMask{2}
2023-04-25 15:45:42,826 [AppLog] INFO : 获取打印Pass数据：IDP_GetPassItem2：nLayerIndex{2}nPassID{2}nProcState{3}LPPassDataItemb:PrtDir{False}nDataTxCompleteCnt{1}nHwMemAdrMatchMask{1}nLayerIndex{2}nLayerPassCount{6}nLayerPassIndex{2}nMinJet0ImgLinePos{2915}nPrtMemHwAddr{System.UInt32[]}nPrtDataOffset{System.UInt32[]}nSrcDataSize{System.UInt32[]}nPrtColBytes{System.UInt32[]}nPrtPrecession{8}nSrcEndCols{8000}nSrcStartCols{0}nStartEncPos{76512}nValidPassJets{1280}nValidPrtCols{8310}nValidPrtCtlCnts{1}pDataBuf{0}pNextItem{659344096}
2023-04-25 15:45:42,826 [AppLog] INFO : 使能Pass打印成功：IDP_DoPassPrint2：nLayerIndex{2}nPassID{2}
2023-04-25 15:45:42,841 [AppLog] INFO : PASS打印前关键状态：DEV_GetDeviceInfo2：nLayerIndex{2}nPassID{2}LPPRINTER_INFO:nXSysEncDPI{0}nStatus{0}nPrintStatus{0}bSuperDevice{0}
LPPRINTER_INFO-LPPrtRunInfo:bJobPrtRuning{False}bLayerPrtIsOver{False}nContReqMemErr{0}nContWDErr{0}nCurPrtDir{0}nDTLayerIndex{0}nDTLayerPassIndex{0}nDTPtrCtlIndex{0}nLayerPassCount{0}nPrintLayerIndex{0}nPrintPassIndex{0}nProcLayerIndex{0}nPrtDataMemAddr{0}nPrtState{0}nReverse{System.Int32[]}nRevPrtCols{0}
LPPRINTER_INFO-LPDRVINFO:nFMVersion{0}nFpgaVersion{0}nPCBVersion{0}nState{0}nNextState{0}nPtvwarnState{0}nCrc32{0}nRevInfo{System.UInt32[]}nSignature{0}
2023-04-25 15:45:42,841 [AppLog] INFO : 创建：AutoPrintMotion1=》不需重新创建-手动操作！
2023-04-25 15:45:42,841 [AppLog] INFO : 进入：EquipmentMotionLogic3=》准备创建对象-手动操作！
2023-04-25 15:45:42,841 [AppLog] INFO : 进入：EquipmentMotionLogic3=》不需重新创建-手动操作！
2023-04-25 15:45:42,841 [AppLog] INFO : 进入：EquipmentMotionLogic3=》赋值完成自-AutoPrintMotion2！
2023-04-25 15:45:42,841 [AppLog] INFO : 进入：EquipmentMotionLogic3=》加载配置文件-LoadJsonFile成功！
2023-04-25 15:45:42,841 [AppLog] INFO : 进入：AutoPrintThread3！
2023-04-25 15:45:42,841 [AppLog] INFO : 准备读取编码器位置：X方向！
2023-04-25 15:45:42,841 [AppLog] INFO : 准备运动，当前位置：DEV_GetPrintEncoderValue：MoveDirectionFlag{false为Y方向：False}CurrentPos{423.445}AimPos{25}
2023-04-25 15:45:42,872 [AppLog] INFO : X方向运动开始：DEM_Run：返回值{True}nAxis{0}DirFlag{False}nSpeed{300000}MoveStep{-398445}nCtlValue{2}
2023-04-25 15:45:44,776 [AppLog] INFO : X方向到位停止：DEM_StopAxisRun：返回值{True}CurrentPos{29.025}bImmeStop{False}nAxisMask{1}
2023-04-25 15:45:44,776 [AppLog] INFO : 准备读取编码器位置：Y方向！
2023-04-25 15:45:44,776 [AppLog] INFO : 准备运动，编码器当前位置：DEM_GetAxisEncodeVal：MoveDirectionFlag{false为Y方向：True}CurrentPos{142.465}AimPos{157.521166666667}
2023-04-25 15:45:44,900 [AppLog] INFO : Y方向运动开始：DEM_Run：返回值{True}nAxis{1}DirFlag{True}nSpeed{300000}MoveStep{15084.6378778333}nCtlValue{1}
2023-04-25 15:45:44,963 [AppLog] INFO : Y方向到位停止：DEM_StopAxisRun：返回值{True}CurrentPos{155.21}bImmeStop{False}nAxisMask{2}
2023-04-25 15:45:44,963 [AppLog] INFO : 获取打印Pass数据：IDP_GetPassItem2：nLayerIndex{2}nPassID{3}nProcState{3}LPPassDataItemb:PrtDir{True}nDataTxCompleteCnt{1}nHwMemAdrMatchMask{1}nLayerIndex{2}nLayerPassCount{6}nLayerPassIndex{3}nMinJet0ImgLinePos{4195}nPrtMemHwAddr{System.UInt32[]}nPrtDataOffset{System.UInt32[]}nSrcDataSize{System.UInt32[]}nPrtColBytes{System.UInt32[]}nPrtPrecession{8}nSrcEndCols{8000}nSrcStartCols{0}nStartEncPos{10000}nValidPassJets{1280}nValidPrtCols{8310}nValidPrtCtlCnts{1}pDataBuf{0}pNextItem{659344256}
2023-04-25 15:45:44,978 [AppLog] INFO : 使能Pass打印成功：IDP_DoPassPrint2：nLayerIndex{2}nPassID{3}
2023-04-25 15:45:44,978 [AppLog] INFO : PASS打印前关键状态：DEV_GetDeviceInfo2：nLayerIndex{2}nPassID{3}LPPRINTER_INFO:nXSysEncDPI{0}nStatus{0}nPrintStatus{0}bSuperDevice{0}
LPPRINTER_INFO-LPPrtRunInfo:bJobPrtRuning{False}bLayerPrtIsOver{False}nContReqMemErr{0}nContWDErr{0}nCurPrtDir{0}nDTLayerIndex{0}nDTLayerPassIndex{0}nDTPtrCtlIndex{0}nLayerPassCount{0}nPrintLayerIndex{0}nPrintPassIndex{0}nProcLayerIndex{0}nPrtDataMemAddr{0}nPrtState{0}nReverse{System.Int32[]}nRevPrtCols{0}
LPPRINTER_INFO-LPDRVINFO:nFMVersion{0}nFpgaVersion{0}nPCBVersion{0}nState{0}nNextState{0}nPtvwarnState{0}nCrc32{0}nRevInfo{System.UInt32[]}nSignature{0}
2023-04-25 15:45:44,978 [AppLog] INFO : 创建：AutoPrintMotion1=》不需重新创建-手动操作！
2023-04-25 15:45:44,978 [AppLog] INFO : 进入：EquipmentMotionLogic3=》准备创建对象-手动操作！
2023-04-25 15:45:44,978 [AppLog] INFO : 进入：EquipmentMotionLogic3=》不需重新创建-手动操作！
2023-04-25 15:45:44,978 [AppLog] INFO : 进入：EquipmentMotionLogic3=》赋值完成自-AutoPrintMotion2！
2023-04-25 15:45:44,978 [AppLog] INFO : 进入：EquipmentMotionLogic3=》加载配置文件-LoadJsonFile成功！
2023-04-25 15:45:44,978 [AppLog] INFO : 进入：AutoPrintThread3！
2023-04-25 15:45:44,978 [AppLog] INFO : 准备读取编码器位置：X方向！
2023-04-25 15:45:44,978 [AppLog] INFO : 准备运动，当前位置：DEV_GetPrintEncoderValue：MoveDirectionFlag{false为Y方向：False}CurrentPos{26.58}AimPos{425}
2023-04-25 15:45:45,010 [AppLog] INFO : X方向运动开始：DEM_Run：返回值{True}nAxis{0}DirFlag{True}nSpeed{300000}MoveStep{398420}nCtlValue{2}
2023-04-25 15:45:46,897 [AppLog] INFO : X方向到位停止：DEM_StopAxisRun：返回值{True}CurrentPos{419.545}bImmeStop{False}nAxisMask{1}
2023-04-25 15:45:46,897 [AppLog] INFO : 准备读取编码器位置：Y方向！
2023-04-25 15:45:46,897 [AppLog] INFO : 准备运动，编码器当前位置：DEM_GetAxisEncodeVal：MoveDirectionFlag{false为Y方向：True}CurrentPos{157.505}AimPos{196.5}
2023-04-25 15:45:47,069 [AppLog] INFO : Y方向运动开始：DEM_Run：返回值{True}nAxis{1}DirFlag{True}nSpeed{300000}MoveStep{39068.739545}nCtlValue{1}
2023-04-25 15:45:47,131 [AppLog] INFO : Y方向到位停止：DEM_StopAxisRun：返回值{True}CurrentPos{188.94}bImmeStop{False}nAxisMask{2}
2023-04-25 15:45:47,131 [AppLog] INFO : 获取打印Pass数据：IDP_GetPassItem2：nLayerIndex{2}nPassID{4}nProcState{3}LPPassDataItemb:PrtDir{False}nDataTxCompleteCnt{1}nHwMemAdrMatchMask{1}nLayerIndex{2}nLayerPassCount{6}nLayerPassIndex{4}nMinJet0ImgLinePos{5475}nPrtMemHwAddr{System.UInt32[]}nPrtDataOffset{System.UInt32[]}nSrcDataSize{System.UInt32[]}nPrtColBytes{System.UInt32[]}nPrtPrecession{8}nSrcEndCols{8000}nSrcStartCols{0}nStartEncPos{76512}nValidPassJets{1280}nValidPrtCols{8310}nValidPrtCtlCnts{1}pDataBuf{0}pNextItem{659344464}
2023-04-25 15:45:47,131 [AppLog] INFO : 使能Pass打印成功：IDP_DoPassPrint2：nLayerIndex{2}nPassID{4}
2023-04-25 15:45:47,147 [AppLog] INFO : PASS打印前关键状态：DEV_GetDeviceInfo2：nLayerIndex{2}nPassID{4}LPPRINTER_INFO:nXSysEncDPI{0}nStatus{0}nPrintStatus{0}bSuperDevice{0}
LPPRINTER_INFO-LPPrtRunInfo:bJobPrtRuning{False}bLayerPrtIsOver{False}nContReqMemErr{0}nContWDErr{0}nCurPrtDir{0}nDTLayerIndex{0}nDTLayerPassIndex{0}nDTPtrCtlIndex{0}nLayerPassCount{0}nPrintLayerIndex{0}nPrintPassIndex{0}nProcLayerIndex{0}nPrtDataMemAddr{0}nPrtState{0}nReverse{System.Int32[]}nRevPrtCols{0}
LPPRINTER_INFO-LPDRVINFO:nFMVersion{0}nFpgaVersion{0}nPCBVersion{0}nState{0}nNextState{0}nPtvwarnState{0}nCrc32{0}nRevInfo{System.UInt32[]}nSignature{0}
2023-04-25 15:45:47,147 [AppLog] INFO : 创建：AutoPrintMotion1=》不需重新创建-手动操作！
2023-04-25 15:45:47,147 [AppLog] INFO : 进入：EquipmentMotionLogic3=》准备创建对象-手动操作！
2023-04-25 15:45:47,147 [AppLog] INFO : 进入：EquipmentMotionLogic3=》不需重新创建-手动操作！
2023-04-25 15:45:47,147 [AppLog] INFO : 进入：EquipmentMotionLogic3=》赋值完成自-AutoPrintMotion2！
2023-04-25 15:45:47,147 [AppLog] INFO : 进入：EquipmentMotionLogic3=》加载配置文件-LoadJsonFile成功！
2023-04-25 15:45:47,147 [AppLog] INFO : 进入：AutoPrintThread3！
2023-04-25 15:45:47,147 [AppLog] INFO : 准备读取编码器位置：X方向！
2023-04-25 15:45:47,147 [AppLog] INFO : 准备运动，当前位置：DEV_GetPrintEncoderValue：MoveDirectionFlag{false为Y方向：False}CurrentPos{423.425}AimPos{25}
2023-04-25 15:45:47,178 [AppLog] INFO : X方向运动开始：DEM_Run：返回值{True}nAxis{0}DirFlag{False}nSpeed{300000}MoveStep{-398425}nCtlValue{2}
2023-04-25 15:45:49,081 [AppLog] INFO : X方向到位停止：DEM_StopAxisRun：返回值{True}CurrentPos{29.37}bImmeStop{False}nAxisMask{1}
2023-04-25 15:45:49,081 [AppLog] INFO : 准备读取编码器位置：Y方向！
2023-04-25 15:45:49,081 [AppLog] INFO : 准备运动，编码器当前位置：DEM_GetAxisEncodeVal：MoveDirectionFlag{false为Y方向：True}CurrentPos{196.54}AimPos{211.521166666667}
2023-04-25 15:45:49,206 [AppLog] INFO : Y方向运动开始：DEM_Run：返回值{True}nAxis{1}DirFlag{True}nSpeed{300000}MoveStep{15009.4960528333}nCtlValue{1}
2023-04-25 15:45:49,284 [AppLog] INFO : Y方向到位停止：DEM_StopAxisRun：返回值{True}CurrentPos{209.55}bImmeStop{False}nAxisMask{2}
2023-04-25 15:45:49,284 [AppLog] INFO : 获取打印Pass数据：IDP_GetPassItem2：nLayerIndex{2}nPassID{5}nProcState{3}LPPassDataItemb:PrtDir{True}nDataTxCompleteCnt{1}nHwMemAdrMatchMask{1}nLayerIndex{2}nLayerPassCount{6}nLayerPassIndex{5}nMinJet0ImgLinePos{6755}nPrtMemHwAddr{System.UInt32[]}nPrtDataOffset{System.UInt32[]}nSrcDataSize{System.UInt32[]}nPrtColBytes{System.UInt32[]}nPrtPrecession{8}nSrcEndCols{8000}nSrcStartCols{0}nStartEncPos{10000}nValidPassJets{1280}nValidPrtCols{8310}nValidPrtCtlCnts{1}pDataBuf{0}pNextItem{0}
2023-04-25 15:45:49,284 [AppLog] INFO : 使能Pass打印成功：IDP_DoPassPrint2：nLayerIndex{2}nPassID{5}
2023-04-25 15:45:49,300 [AppLog] INFO : PASS打印前关键状态：DEV_GetDeviceInfo2：nLayerIndex{2}nPassID{5}LPPRINTER_INFO:nXSysEncDPI{0}nStatus{0}nPrintStatus{0}bSuperDevice{0}
LPPRINTER_INFO-LPPrtRunInfo:bJobPrtRuning{False}bLayerPrtIsOver{False}nContReqMemErr{0}nContWDErr{0}nCurPrtDir{0}nDTLayerIndex{0}nDTLayerPassIndex{0}nDTPtrCtlIndex{0}nLayerPassCount{0}nPrintLayerIndex{0}nPrintPassIndex{0}nProcLayerIndex{0}nPrtDataMemAddr{0}nPrtState{0}nReverse{System.Int32[]}nRevPrtCols{0}
LPPRINTER_INFO-LPDRVINFO:nFMVersion{0}nFpgaVersion{0}nPCBVersion{0}nState{0}nNextState{0}nPtvwarnState{0}nCrc32{0}nRevInfo{System.UInt32[]}nSignature{0}
2023-04-25 15:45:49,300 [AppLog] INFO : 创建：AutoPrintMotion1=》不需重新创建-手动操作！
2023-04-25 15:45:49,300 [AppLog] INFO : 进入：EquipmentMotionLogic3=》准备创建对象-手动操作！
2023-04-25 15:45:49,300 [AppLog] INFO : 进入：EquipmentMotionLogic3=》不需重新创建-手动操作！
2023-04-25 15:45:49,300 [AppLog] INFO : 进入：EquipmentMotionLogic3=》赋值完成自-AutoPrintMotion2！
2023-04-25 15:45:49,300 [AppLog] INFO : 进入：EquipmentMotionLogic3=》加载配置文件-LoadJsonFile成功！
2023-04-25 15:45:49,300 [AppLog] INFO : 进入：AutoPrintThread3！
2023-04-25 15:45:49,300 [AppLog] INFO : 准备读取编码器位置：X方向！
2023-04-25 15:45:49,300 [AppLog] INFO : 准备运动，当前位置：DEV_GetPrintEncoderValue：MoveDirectionFlag{false为Y方向：False}CurrentPos{26.58}AimPos{425}
2023-04-25 15:45:49,331 [AppLog] INFO : X方向运动开始：DEM_Run：返回值{True}nAxis{0}DirFlag{True}nSpeed{300000}MoveStep{398420}nCtlValue{2}
2023-04-25 15:45:51,203 [AppLog] INFO : X方向到位停止：DEM_StopAxisRun：返回值{True}CurrentPos{418.685}bImmeStop{False}nAxisMask{1}
2023-04-25 15:45:51,203 [AppLog] INFO : 准备读取编码器位置：X方向！
2023-04-25 15:45:51,203 [AppLog] INFO : 准备运动，当前位置：DEV_GetPrintEncoderValue：MoveDirectionFlag{false为Y方向：False}CurrentPos{418.785}AimPos{780}
2023-04-25 15:45:51,234 [AppLog] INFO : X方向运动开始：DEM_Run：返回值{True}nAxis{0}DirFlag{True}nSpeed{300000}MoveStep{361215}nCtlValue{2}
2023-04-25 15:45:51,297 [AppLog] INFO : 准备读取编码器位置：Y方向！
2023-04-25 15:45:51,297 [AppLog] INFO : 准备运动，编码器当前位置：DEM_GetAxisEncodeVal：MoveDirectionFlag{false为Y方向：True}CurrentPos{211.495}AimPos{121}
2023-04-25 15:45:51,640 [AppLog] INFO : Y方向运动开始：DEM_Run：返回值{True}nAxis{1}DirFlag{False}nSpeed{300000}MoveStep{-90666.126045}nCtlValue{1}
2023-04-25 15:45:52,981 [AppLog] INFO : Y方向到位等停：DEM_StopAxisRun：返回值{True}bImmeStop{False}nAxisMask{1}
2023-04-25 15:45:52,997 [AppLog] INFO : X方向到位等停：DEM_StopAxisRun：返回值{True}bImmeStop{False}nAxisMask{2}
2023-04-25 15:45:53,028 [AppLog] INFO : 开启闪喷操作：IDP_FlashPrtCtl：返回值{True}
2023-04-25 15:45:53,028 [AppLog] INFO : 进入：EquipmentMotionLogic3=》准备创建对象-手动操作！
2023-04-25 15:45:53,028 [AppLog] INFO : 进入：EquipmentMotionLogic3=》不需重新创建-手动操作！
2023-04-25 15:45:53,028 [AppLog] INFO : 进入：EquipmentMotionLogic3=》赋值完成自-AutoPrintMotion2！
2023-04-25 15:45:53,028 [AppLog] INFO : 进入：EquipmentMotionLogic3=》加载配置文件-LoadJsonFile成功！
2023-04-25 15:45:53,028 [AppLog] INFO : 进入自动铺粉逻辑：NewAutoSupplyPowderThread2
2023-04-25 15:45:53,106 [AppLog] INFO : 手动正向点动指令（8轴运控板卡系统） ====》：输出AXIS{第1轴},点动量{-0.1MM},运动速度{2MM/s}
2023-04-25 15:45:53,106 [AppLog] INFO : 成形面高度下降层厚 TrapSpace{0.1mm}：TrapMoveUp(1, true, Convert.ToString(vel), Convert.ToString(TrapSpace), true, true）
2023-04-25 15:45:53,871 [AppLog] INFO : 手动正向点动指令（8轴运控板卡系统） ====》：输出AXIS{第1轴},点动量{-1.5MM},运动速度{2MM/s}
2023-04-25 15:45:53,871 [AppLog] INFO : 成形面高度下降指定厚度 TrapSpace{1.5mm}：TrapMoveUp(1, true, Convert.ToString(vel), Convert.ToString(TrapSpace), true, true）
2023-04-25 15:45:54,651 [AppLog] INFO : 手动正向点动指令（8轴运控板卡系统） ====》：输出AXIS{第1轴},点动量{1.5MM},运动速度{2MM/s}
2023-04-25 15:45:54,651 [AppLog] INFO : 成形面高度上升层厚 TrapSpace{1.5mm}：TrapMoveUp(1, true, Convert.ToString(vel), Convert.ToString(TrapSpace), true, true）
2023-04-25 15:45:54,869 [AppLog] INFO : 手动正向点动指令（8轴运控板卡系统） ====》：输出AXIS{第8轴},点动量{0.5MM},运动速度{2.5MM/s}
2023-04-25 15:45:54,869 [AppLog] INFO : Hopper落粉轴转2圈落粉，速度0.5rev/s：TrapMoveUp(8, true, 0.5, rotateNuM.ToString(), true, false)
2023-04-25 15:45:55,883 [AppLog] INFO : 开启铺粉车不等停运动，准备运动至准备打印位置215mm，速度250mm/s：BackToStation2
2023-04-25 15:45:56,741 [AppLog] INFO : 手动正向点动指令（8轴运控板卡系统） ====》：输出AXIS{第2轴},点动量{216.5MM},运动速度{250MM/s}
2023-04-25 15:45:56,741 [AppLog] INFO : 当前铺粉车位置：打印位置215mm
2023-04-25 15:45:56,741 [AppLog] INFO : 手动正向点动指令（8轴运控板卡系统） ====》：输出AXIS{第2轴},点动量{480MM},运动速度{40MM/s}
2023-04-25 15:45:56,741 [AppLog] INFO : 开启铺粉车不等停运动至准备打印位置695mm，速度40mm/s：BackToStation2
2023-04-25 15:45:56,757 [AppLog] INFO : 打开UV灯：OpenUVLamp(true, 0, 1000, 0, 1000)
2023-04-25 15:45:56,897 [AppLog] INFO : 手动正向点动指令（8轴运控板卡系统） ====》：输出AXIS{第3轴},点动量{0.125MM},运动速度{1MM/s}
2023-04-25 15:45:56,897 [AppLog] INFO : 在{40mm}处，落粉轴运动{45度}，落粉轴转速{1rev/s}：TrapMoveUp(3, true, Convert.ToString(DispenseRollerSpeed), 0.5, true, true)
2023-04-25 15:45:56,897 [AppLog] INFO : 手动正向点动指令（8轴运控板卡系统） ====》：输出AXIS{第3轴},点动量{0.5MM},运动速度{0.0602739726027397MM/s}
2023-04-25 15:45:56,897 [AppLog] INFO : 开启均匀落粉及辊子铺平运动：TrapMoveUp(3, true, Convert.ToString(DispenseRollerSpeed), 0.5, true, true)
2023-04-25 15:46:05,134 [AppLog] INFO : 关闭UV灯：OpenUVLamp(false, 0, 1000, 0, 1000)
2023-04-25 15:46:07,131 [AppLog] INFO : 手动正向点动指令（8轴运控板卡系统） ====》：输出AXIS{第3轴},点动量{0.5MM},运动速度{2MM/s}
2023-04-25 15:46:07,131 [AppLog] INFO : 落粉轴继续转动以倒掉余粉：TrapMoveUp(3, true, 2, 0.5, true, false)
2023-04-25 15:46:09,517 [AppLog] INFO : 手动正向点动指令（8轴运控板卡系统） ====》：输出AXIS{第1轴},点动量{-1.5MM},运动速度{2MM/s}
2023-04-25 15:46:09,517 [AppLog] INFO : 成形面高度下降指定厚度 TrapSpace{1.5mm}：TrapMoveUp(1, true, Convert.ToString(vel), Convert.ToString(TrapSpace), true, true）
2023-04-25 15:46:12,310 [AppLog] INFO : 手动正向点动指令（8轴运控板卡系统） ====》：输出AXIS{第2轴},点动量{-696.5MM},运动速度{250MM/s}
2023-04-25 15:46:12,310 [AppLog] INFO : 铺粉车返回至站1：BackToStation2(AimPos, MovSpeed, true)：-1.5mm，速度250mm/s：BackToStation2
2023-04-25 15:46:13,090 [AppLog] INFO : 落粉轴回零成功：motionMap.SetBackSpreaderAxis(3, 0.5, 2, -SinkPosition)：ReturnCode{True}
2023-04-25 15:46:13,854 [AppLog] INFO : 手动正向点动指令（8轴运控板卡系统） ====》：输出AXIS{第1轴},点动量{1.5MM},运动速度{2MM/s}
2023-04-25 15:46:13,854 [AppLog] INFO : 成形面高度上升层厚 TrapSpace{1.5mm}：TrapMoveUp(1, true, Convert.ToString(vel), Convert.ToString(TrapSpace), true, true）
2023-04-25 15:46:13,854 [AppLog] INFO : 自动铺粉正常结束：NewAutoSupplyPowderThread2
2023-04-25 15:46:13,854 [AppLog] INFO : 发送监控指令，拍照记录1条：SendMessageFromSharedMemory
2023-04-25 15:46:13,854 [AppLog] INFO : 执行完成铺粉固化操作：EquipmentMotionLogic3：m_bApplyPowderSupplyMotion:0
2023-04-25 15:46:13,854 [AppLog] INFO : 接收到起始打印指令：PrintTaskTHREAD
2023-04-25 15:46:13,854 [AppLog] INFO : 获取打印Pass数据：IDP_GetPassItem2：nLayerIndex{3}nPassID{0}nProcState{3}LPPassDataItemb:PrtDir{False}nDataTxCompleteCnt{1}nHwMemAdrMatchMask{1}nLayerIndex{3}nLayerPassCount{6}nLayerPassIndex{0}nMinJet0ImgLinePos{355}nPrtMemHwAddr{System.UInt32[]}nPrtDataOffset{System.UInt32[]}nSrcDataSize{System.UInt32[]}nPrtColBytes{System.UInt32[]}nPrtPrecession{8}nSrcEndCols{8000}nSrcStartCols{0}nStartEncPos{76512}nValidPassJets{1280}nValidPrtCols{8310}nValidPrtCtlCnts{1}pDataBuf{0}pNextItem{659344784}
2023-04-25 15:46:13,870 [AppLog] INFO : 使能Pass打印成功：IDP_DoPassPrint2：nLayerIndex{3}nPassID{0}
2023-04-25 15:46:13,901 [AppLog] INFO : 准备处理第4层数据：准备调用RenderToWic，index为4，subindex为0，g_nRePrintTimes为1，起始层为0
2023-04-25 15:46:13,901 [AppLog] INFO : PASS打印前关键状态：DEV_GetDeviceInfo2：nLayerIndex{3}nPassID{0}LPPRINTER_INFO:nXSysEncDPI{0}nStatus{0}nPrintStatus{0}bSuperDevice{0}
LPPRINTER_INFO-LPPrtRunInfo:bJobPrtRuning{False}bLayerPrtIsOver{False}nContReqMemErr{0}nContWDErr{0}nCurPrtDir{0}nDTLayerIndex{0}nDTLayerPassIndex{0}nDTPtrCtlIndex{0}nLayerPassCount{0}nPrintLayerIndex{0}nPrintPassIndex{0}nProcLayerIndex{0}nPrtDataMemAddr{0}nPrtState{0}nReverse{System.Int32[]}nRevPrtCols{0}
LPPRINTER_INFO-LPDRVINFO:nFMVersion{0}nFpgaVersion{0}nPCBVersion{0}nState{0}nNextState{0}nPtvwarnState{0}nCrc32{0}nRevInfo{System.UInt32[]}nSignature{0}
2023-04-25 15:46:13,901 [AppLog] INFO : 创建：AutoPrintMotion1=》不需重新创建-手动操作！
2023-04-25 15:46:13,901 [AppLog] INFO : 进入：EquipmentMotionLogic3=》准备创建对象-手动操作！
2023-04-25 15:46:13,901 [AppLog] INFO : 进入：EquipmentMotionLogic3=》不需重新创建-手动操作！
2023-04-25 15:46:13,901 [AppLog] INFO : 进入：EquipmentMotionLogic3=》赋值完成自-AutoPrintMotion2！
2023-04-25 15:46:13,901 [AppLog] INFO : 进入：EquipmentMotionLogic3=》加载配置文件-LoadJsonFile成功！
2023-04-25 15:46:13,901 [AppLog] INFO : 进入自动清洗过程：AutoCleanThread
2023-04-25 15:46:13,979 [AppLog] INFO : 完成处理第4层数据：准备调用DrawLayerBMP，index为4，起始层为0
2023-04-25 15:46:13,979 [AppLog] INFO : 完成处理第4层数据：准备调用DrawLayerBMP，index为4，起始层为0
2023-04-25 15:46:14,275 [AppLog] INFO : 刮墨轴回零成功：motionMap.SetBackSpreaderAxis(4, 1, 2, -SinkHomePosition)
2023-04-25 15:46:14,275 [AppLog] INFO : 准备读取编码器位置：Y方向！
2023-04-25 15:46:14,275 [AppLog] INFO : 准备运动，编码器当前位置：DEM_GetAxisEncodeVal：MoveDirectionFlag{false为Y方向：True}CurrentPos{121.08}AimPos{116}
2023-04-25 15:46:14,416 [AppLog] INFO : Y方向运动开始：DEM_Run：返回值{True}nAxis{1}DirFlag{False}nSpeed{300000}MoveStep{-5089.60628}nCtlValue{1}
2023-04-25 15:46:14,416 [AppLog] INFO : 作业写入成功：IDP_WriteImgLayerData：bpp:{1bit}灰阶:{1阶}nLayerIndex{5}LayerIndex{4}SubIndex{1}RePrintTimes{1}nBytesPerLine{1004}nWidth{8001}nHeight{7656}nXEncOff{0}nYJetOff{355}nImgStartJetIndex{0}nXDPI{635}nYDPI{600}nPrtDir{0} nPrtFlag{1}nColorCnts{1}nReserved{System.Int32[]}
2023-04-25 15:46:14,416 [AppLog] INFO : 完成处理第4层数据：准备调用RenderToWic，index为4，subindex为0，g_nRePrintTimes为1，起始层为0
2023-04-25 15:46:14,478 [AppLog] INFO : Y方向到位停止：DEM_StopAxisRun：返回值{True}CurrentPos{116.145}bImmeStop{False}nAxisMask{2}
2023-04-25 15:46:14,478 [AppLog] INFO : 准备读取编码器位置：X方向！
2023-04-25 15:46:14,478 [AppLog] INFO : 准备运动，当前位置：DEV_GetPrintEncoderValue：MoveDirectionFlag{false为Y方向：False}CurrentPos{784.615}AimPos{780}
2023-04-25 15:46:14,509 [AppLog] INFO : X方向运动开始：DEM_Run：返回值{True}nAxis{0}DirFlag{False}nSpeed{300000}MoveStep{-4615.00000000001}nCtlValue{2}
2023-04-25 15:46:14,681 [AppLog] INFO : X方向到位停止：DEM_StopAxisRun：返回值{True}CurrentPos{783.18}bImmeStop{False}nAxisMask{1}
2023-04-25 15:46:15,648 [AppLog] INFO : 开启压墨： motionMap.SetDo(13, true)
2023-04-25 15:46:17,161 [AppLog] INFO : 关闭压墨： motionMap.SetDo(13, true)
2023-04-25 15:46:17,161 [AppLog] INFO : 压墨等待开启：{2.5S}
2023-04-25 15:46:19,673 [AppLog] INFO : 压墨等待完成：{2.5S}
2023-04-25 15:46:19,673 [AppLog] INFO : 准备读取编码器位置：X方向！
2023-04-25 15:46:19,673 [AppLog] INFO : 准备运动，当前位置：DEV_GetPrintEncoderValue：MoveDirectionFlag{false为Y方向：False}CurrentPos{780.36}AimPos{680}
2023-04-25 15:46:19,704 [AppLog] INFO : X方向运动开始：DEM_Run：返回值{True}nAxis{0}DirFlag{False}nSpeed{200000}MoveStep{-100360}nCtlValue{2}
2023-04-25 15:46:20,562 [AppLog] INFO : X方向到位停止：DEM_StopAxisRun：返回值{True}CurrentPos{684.3}bImmeStop{False}nAxisMask{1}
2023-04-25 15:46:21,015 [AppLog] INFO : 结束自动清洗过程：AutoCleanThread
2023-04-25 15:46:21,015 [AppLog] INFO : 进入：EquipmentMotionLogic3=》准备创建对象-手动操作！
2023-04-25 15:46:21,015 [AppLog] INFO : 进入：EquipmentMotionLogic3=》不需重新创建-手动操作！
2023-04-25 15:46:21,015 [AppLog] INFO : 进入：EquipmentMotionLogic3=》赋值完成自-AutoPrintMotion2！
2023-04-25 15:46:21,015 [AppLog] INFO : 进入：EquipmentMotionLogic3=》加载配置文件-LoadJsonFile成功！
2023-04-25 15:46:21,015 [AppLog] INFO : 进入：AutoPrintThread3！
2023-04-25 15:46:21,030 [AppLog] INFO : 关闭闪喷操作：IDP_FlashPrtCtl：返回值{True}
2023-04-25 15:46:21,030 [AppLog] INFO : 准备读取编码器位置：Y方向！
2023-04-25 15:46:21,046 [AppLog] INFO : 准备运动，编码器当前位置：DEM_GetAxisEncodeVal：MoveDirectionFlag{false为Y方向：True}CurrentPos{115.985}AimPos{88.5}
2023-04-25 15:46:21,186 [AppLog] INFO : Y方向运动开始：DEM_Run：返回值{True}nAxis{1}DirFlag{False}nSpeed{300000}MoveStep{-27536.974135}nCtlValue{1}
2023-04-25 15:46:21,249 [AppLog] INFO : 准备读取编码器位置：X方向！
2023-04-25 15:46:21,249 [AppLog] INFO : 准备运动，当前位置：DEV_GetPrintEncoderValue：MoveDirectionFlag{false为Y方向：False}CurrentPos{680.275}AimPos{425}
2023-04-25 15:46:21,280 [AppLog] INFO : X方向运动开始：DEM_Run：返回值{True}nAxis{0}DirFlag{False}nSpeed{300000}MoveStep{-255275}nCtlValue{2}
2023-04-25 15:46:22,684 [AppLog] INFO : X方向到位停止：DEM_StopAxisRun：返回值{True}CurrentPos{429.36}bImmeStop{False}nAxisMask{1}
2023-04-25 15:46:22,684 [AppLog] INFO : 准备读取编码器位置：X方向！
2023-04-25 15:46:22,684 [AppLog] INFO : 准备运动，当前位置：DEV_GetPrintEncoderValue：MoveDirectionFlag{false为Y方向：False}CurrentPos{429.185}AimPos{25}
2023-04-25 15:46:22,715 [AppLog] INFO : X方向运动开始：DEM_Run：返回值{True}nAxis{0}DirFlag{False}nSpeed{300000}MoveStep{-404185}nCtlValue{2}
2023-04-25 15:46:24,603 [AppLog] INFO : X方向到位停止：DEM_StopAxisRun：返回值{True}CurrentPos{26.055}bImmeStop{False}nAxisMask{1}
2023-04-25 15:46:24,603 [AppLog] INFO : 准备读取编码器位置：Y方向！
2023-04-25 15:46:24,603 [AppLog] INFO : 准备运动，编码器当前位置：DEM_GetAxisEncodeVal：MoveDirectionFlag{false为Y方向：True}CurrentPos{88.49}AimPos{103.521166666667}
2023-04-25 15:46:24,727 [AppLog] INFO : Y方向运动开始：DEM_Run：返回值{True}nAxis{1}DirFlag{True}nSpeed{300000}MoveStep{15059.5906028333}nCtlValue{1}
2023-04-25 15:46:24,790 [AppLog] INFO : Y方向到位停止：DEM_StopAxisRun：返回值{True}CurrentPos{100.985}bImmeStop{False}nAxisMask{2}
2023-04-25 15:46:24,790 [AppLog] INFO : 获取打印Pass数据：IDP_GetPassItem2：nLayerIndex{3}nPassID{1}nProcState{3}LPPassDataItemb:PrtDir{True}nDataTxCompleteCnt{1}nHwMemAdrMatchMask{1}nLayerIndex{3}nLayerPassCount{6}nLayerPassIndex{1}nMinJet0ImgLinePos{1635}nPrtMemHwAddr{System.UInt32[]}nPrtDataOffset{System.UInt32[]}nSrcDataSize{System.UInt32[]}nPrtColBytes{System.UInt32[]}nPrtPrecession{8}nSrcEndCols{8000}nSrcStartCols{0}nStartEncPos{10000}nValidPassJets{1280}nValidPrtCols{8310}nValidPrtCtlCnts{1}pDataBuf{0}pNextItem{659344944}
2023-04-25 15:46:24,790 [AppLog] INFO : 使能Pass打印成功：IDP_DoPassPrint2：nLayerIndex{3}nPassID{1}
2023-04-25 15:46:24,805 [AppLog] INFO : PASS打印前关键状态：DEV_GetDeviceInfo2：nLayerIndex{3}nPassID{1}LPPRINTER_INFO:nXSysEncDPI{0}nStatus{0}nPrintStatus{0}bSuperDevice{0}
LPPRINTER_INFO-LPPrtRunInfo:bJobPrtRuning{False}bLayerPrtIsOver{False}nContReqMemErr{0}nContWDErr{0}nCurPrtDir{0}nDTLayerIndex{0}nDTLayerPassIndex{0}nDTPtrCtlIndex{0}nLayerPassCount{0}nPrintLayerIndex{0}nPrintPassIndex{0}nProcLayerIndex{0}nPrtDataMemAddr{0}nPrtState{0}nReverse{System.Int32[]}nRevPrtCols{0}
LPPRINTER_INFO-LPDRVINFO:nFMVersion{0}nFpgaVersion{0}nPCBVersion{0}nState{0}nNextState{0}nPtvwarnState{0}nCrc32{0}nRevInfo{System.UInt32[]}nSignature{0}
2023-04-25 15:46:24,805 [AppLog] INFO : 创建：AutoPrintMotion1=》不需重新创建-手动操作！
2023-04-25 15:46:24,805 [AppLog] INFO : 进入：EquipmentMotionLogic3=》准备创建对象-手动操作！
2023-04-25 15:46:24,805 [AppLog] INFO : 进入：EquipmentMotionLogic3=》不需重新创建-手动操作！
2023-04-25 15:46:24,805 [AppLog] INFO : 进入：EquipmentMotionLogic3=》赋值完成自-AutoPrintMotion2！
2023-04-25 15:46:24,805 [AppLog] INFO : 进入：EquipmentMotionLogic3=》加载配置文件-LoadJsonFile成功！
2023-04-25 15:46:24,805 [AppLog] INFO : 进入：AutoPrintThread3！
2023-04-25 15:46:24,805 [AppLog] INFO : 准备读取编码器位置：X方向！
2023-04-25 15:46:24,805 [AppLog] INFO : 准备运动，当前位置：DEV_GetPrintEncoderValue：MoveDirectionFlag{false为Y方向：False}CurrentPos{21.76}AimPos{425}
2023-04-25 15:46:24,837 [AppLog] INFO : X方向运动开始：DEM_Run：返回值{True}nAxis{0}DirFlag{True}nSpeed{300000}MoveStep{403240}nCtlValue{2}
2023-04-25 15:46:26,740 [AppLog] INFO : X方向到位停止：DEM_StopAxisRun：返回值{True}CurrentPos{420.315}bImmeStop{False}nAxisMask{1}
2023-04-25 15:46:26,740 [AppLog] INFO : 准备读取编码器位置：Y方向！
2023-04-25 15:46:26,740 [AppLog] INFO : 准备运动，编码器当前位置：DEM_GetAxisEncodeVal：MoveDirectionFlag{false为Y方向：True}CurrentPos{103.505}AimPos{142.5}
2023-04-25 15:46:26,911 [AppLog] INFO : Y方向运动开始：DEM_Run：返回值{True}nAxis{1}DirFlag{True}nSpeed{300000}MoveStep{39068.739545}nCtlValue{1}
2023-04-25 15:46:26,974 [AppLog] INFO : Y方向到位停止：DEM_StopAxisRun：返回值{True}CurrentPos{134.435}bImmeStop{False}nAxisMask{2}
2023-04-25 15:46:26,974 [AppLog] INFO : 获取打印Pass数据：IDP_GetPassItem2：nLayerIndex{3}nPassID{2}nProcState{3}LPPassDataItemb:PrtDir{False}nDataTxCompleteCnt{1}nHwMemAdrMatchMask{1}nLayerIndex{3}nLayerPassCount{6}nLayerPassIndex{2}nMinJet0ImgLinePos{2915}nPrtMemHwAddr{System.UInt32[]}nPrtDataOffset{System.UInt32[]}nSrcDataSize{System.UInt32[]}nPrtColBytes{System.UInt32[]}nPrtPrecession{8}nSrcEndCols{8000}nSrcStartCols{0}nStartEncPos{76512}nValidPassJets{1280}nValidPrtCols{8310}nValidPrtCtlCnts{1}pDataBuf{0}pNextItem{659345104}
2023-04-25 15:46:26,989 [AppLog] INFO : 使能Pass打印成功：IDP_DoPassPrint2：nLayerIndex{3}nPassID{2}
2023-04-25 15:46:26,989 [AppLog] INFO : PASS打印前关键状态：DEV_GetDeviceInfo2：nLayerIndex{3}nPassID{2}LPPRINTER_INFO:nXSysEncDPI{0}nStatus{0}nPrintStatus{0}bSuperDevice{0}
LPPRINTER_INFO-LPPrtRunInfo:bJobPrtRuning{False}bLayerPrtIsOver{False}nContReqMemErr{0}nContWDErr{0}nCurPrtDir{0}nDTLayerIndex{0}nDTLayerPassIndex{0}nDTPtrCtlIndex{0}nLayerPassCount{0}nPrintLayerIndex{0}nPrintPassIndex{0}nProcLayerIndex{0}nPrtDataMemAddr{0}nPrtState{0}nReverse{System.Int32[]}nRevPrtCols{0}
LPPRINTER_INFO-LPDRVINFO:nFMVersion{0}nFpgaVersion{0}nPCBVersion{0}nState{0}nNextState{0}nPtvwarnState{0}nCrc32{0}nRevInfo{System.UInt32[]}nSignature{0}
2023-04-25 15:46:26,989 [AppLog] INFO : 创建：AutoPrintMotion1=》不需重新创建-手动操作！
2023-04-25 15:46:26,989 [AppLog] INFO : 进入：EquipmentMotionLogic3=》准备创建对象-手动操作！
2023-04-25 15:46:26,989 [AppLog] INFO : 进入：EquipmentMotionLogic3=》不需重新创建-手动操作！
2023-04-25 15:46:26,989 [AppLog] INFO : 进入：EquipmentMotionLogic3=》赋值完成自-AutoPrintMotion2！
2023-04-25 15:46:26,989 [AppLog] INFO : 进入：EquipmentMotionLogic3=》加载配置文件-LoadJsonFile成功！
2023-04-25 15:46:26,989 [AppLog] INFO : 进入：AutoPrintThread3！
2023-04-25 15:46:26,989 [AppLog] INFO : 准备读取编码器位置：X方向！
2023-04-25 15:46:26,989 [AppLog] INFO : 准备运动，当前位置：DEV_GetPrintEncoderValue：MoveDirectionFlag{false为Y方向：False}CurrentPos{423.435}AimPos{25}
2023-04-25 15:46:27,021 [AppLog] INFO : X方向运动开始：DEM_Run：返回值{True}nAxis{0}DirFlag{False}nSpeed{300000}MoveStep{-398435}nCtlValue{2}
2023-04-25 15:46:28,924 [AppLog] INFO : X方向到位停止：DEM_StopAxisRun：返回值{True}CurrentPos{28.9}bImmeStop{False}nAxisMask{1}
2023-04-25 15:46:28,924 [AppLog] INFO : 准备读取编码器位置：Y方向！
2023-04-25 15:46:28,924 [AppLog] INFO : 准备运动，编码器当前位置：DEM_GetAxisEncodeVal：MoveDirectionFlag{false为Y方向：True}CurrentPos{142.465}AimPos{157.521166666667}
2023-04-25 15:46:29,049 [AppLog] INFO : Y方向运动开始：DEM_Run：返回值{True}nAxis{1}DirFlag{True}nSpeed{300000}MoveStep{15084.6378778333}nCtlValue{1}
2023-04-25 15:46:29,111 [AppLog] INFO : Y方向到位停止：DEM_StopAxisRun：返回值{True}CurrentPos{155.14}bImmeStop{False}nAxisMask{2}
2023-04-25 15:46:29,111 [AppLog] INFO : 获取打印Pass数据：IDP_GetPassItem2：nLayerIndex{3}nPassID{3}nProcState{3}LPPassDataItemb:PrtDir{True}nDataTxCompleteCnt{1}nHwMemAdrMatchMask{1}nLayerIndex{3}nLayerPassCount{6}nLayerPassIndex{3}nMinJet0ImgLinePos{4195}nPrtMemHwAddr{System.UInt32[]}nPrtDataOffset{System.UInt32[]}nSrcDataSize{System.UInt32[]}nPrtColBytes{System.UInt32[]}nPrtPrecession{8}nSrcEndCols{8000}nSrcStartCols{0}nStartEncPos{10000}nValidPassJets{1280}nValidPrtCols{8310}nValidPrtCtlCnts{1}pDataBuf{0}pNextItem{659345264}
2023-04-25 15:46:29,111 [AppLog] INFO : 使能Pass打印成功：IDP_DoPassPrint2：nLayerIndex{3}nPassID{3}
2023-04-25 15:46:29,127 [AppLog] INFO : PASS打印前关键状态：DEV_GetDeviceInfo2：nLayerIndex{3}nPassID{3}LPPRINTER_INFO:nXSysEncDPI{0}nStatus{0}nPrintStatus{0}bSuperDevice{0}
LPPRINTER_INFO-LPPrtRunInfo:bJobPrtRuning{False}bLayerPrtIsOver{False}nContReqMemErr{0}nContWDErr{0}nCurPrtDir{0}nDTLayerIndex{0}nDTLayerPassIndex{0}nDTPtrCtlIndex{0}nLayerPassCount{0}nPrintLayerIndex{0}nPrintPassIndex{0}nProcLayerIndex{0}nPrtDataMemAddr{0}nPrtState{0}nReverse{System.Int32[]}nRevPrtCols{0}
LPPRINTER_INFO-LPDRVINFO:nFMVersion{0}nFpgaVersion{0}nPCBVersion{0}nState{0}nNextState{0}nPtvwarnState{0}nCrc32{0}nRevInfo{System.UInt32[]}nSignature{0}
2023-04-25 15:46:29,127 [AppLog] INFO : 创建：AutoPrintMotion1=》不需重新创建-手动操作！
2023-04-25 15:46:29,127 [AppLog] INFO : 进入：EquipmentMotionLogic3=》准备创建对象-手动操作！
2023-04-25 15:46:29,127 [AppLog] INFO : 进入：EquipmentMotionLogic3=》不需重新创建-手动操作！
2023-04-25 15:46:29,127 [AppLog] INFO : 进入：EquipmentMotionLogic3=》赋值完成自-AutoPrintMotion2！
2023-04-25 15:46:29,127 [AppLog] INFO : 进入：EquipmentMotionLogic3=》加载配置文件-LoadJsonFile成功！
2023-04-25 15:46:29,127 [AppLog] INFO : 进入：AutoPrintThread3！
2023-04-25 15:46:29,127 [AppLog] INFO : 准备读取编码器位置：X方向！
2023-04-25 15:46:29,142 [AppLog] INFO : 准备运动，当前位置：DEV_GetPrintEncoderValue：MoveDirectionFlag{false为Y方向：False}CurrentPos{26.59}AimPos{425}
2023-04-25 15:46:29,173 [AppLog] INFO : X方向运动开始：DEM_Run：返回值{True}nAxis{0}DirFlag{True}nSpeed{300000}MoveStep{398410}nCtlValue{2}
2023-04-25 15:46:31,045 [AppLog] INFO : X方向到位停止：DEM_StopAxisRun：返回值{True}CurrentPos{418.71}bImmeStop{False}nAxisMask{1}
2023-04-25 15:46:31,045 [AppLog] INFO : 准备读取编码器位置：Y方向！
2023-04-25 15:46:31,045 [AppLog] INFO : 准备运动，编码器当前位置：DEM_GetAxisEncodeVal：MoveDirectionFlag{false为Y方向：True}CurrentPos{157.505}AimPos{196.5}
2023-04-25 15:46:31,217 [AppLog] INFO : Y方向运动开始：DEM_Run：返回值{True}nAxis{1}DirFlag{True}nSpeed{300000}MoveStep{39068.739545}nCtlValue{1}
2023-04-25 15:46:31,279 [AppLog] INFO : Y方向到位停止：DEM_StopAxisRun：返回值{True}CurrentPos{188.835}bImmeStop{False}nAxisMask{2}
2023-04-25 15:46:31,279 [AppLog] INFO : 获取打印Pass数据：IDP_GetPassItem2：nLayerIndex{3}nPassID{4}nProcState{3}LPPassDataItemb:PrtDir{False}nDataTxCompleteCnt{1}nHwMemAdrMatchMask{1}nLayerIndex{3}nLayerPassCount{6}nLayerPassIndex{4}nMinJet0ImgLinePos{5475}nPrtMemHwAddr{System.UInt32[]}nPrtDataOffset{System.UInt32[]}nSrcDataSize{System.UInt32[]}nPrtColBytes{System.UInt32[]}nPrtPrecession{8}nSrcEndCols{8000}nSrcStartCols{0}nStartEncPos{76512}nValidPassJets{1280}nValidPrtCols{8310}nValidPrtCtlCnts{1}pDataBuf{0}pNextItem{659345424}
2023-04-25 15:46:31,295 [AppLog] INFO : 使能Pass打印成功：IDP_DoPassPrint2：nLayerIndex{3}nPassID{4}
2023-04-25 15:46:31,295 [AppLog] INFO : PASS打印前关键状态：DEV_GetDeviceInfo2：nLayerIndex{3}nPassID{4}LPPRINTER_INFO:nXSysEncDPI{0}nStatus{0}nPrintStatus{0}bSuperDevice{0}
LPPRINTER_INFO-LPPrtRunInfo:bJobPrtRuning{False}bLayerPrtIsOver{False}nContReqMemErr{0}nContWDErr{0}nCurPrtDir{0}nDTLayerIndex{0}nDTLayerPassIndex{0}nDTPtrCtlIndex{0}nLayerPassCount{0}nPrintLayerIndex{0}nPrintPassIndex{0}nProcLayerIndex{0}nPrtDataMemAddr{0}nPrtState{0}nReverse{System.Int32[]}nRevPrtCols{0}
LPPRINTER_INFO-LPDRVINFO:nFMVersion{0}nFpgaVersion{0}nPCBVersion{0}nState{0}nNextState{0}nPtvwarnState{0}nCrc32{0}nRevInfo{System.UInt32[]}nSignature{0}
2023-04-25 15:46:31,295 [AppLog] INFO : 创建：AutoPrintMotion1=》不需重新创建-手动操作！
2023-04-25 15:46:31,295 [AppLog] INFO : 进入：EquipmentMotionLogic3=》准备创建对象-手动操作！
2023-04-25 15:46:31,295 [AppLog] INFO : 进入：EquipmentMotionLogic3=》不需重新创建-手动操作！
2023-04-25 15:46:31,295 [AppLog] INFO : 进入：EquipmentMotionLogic3=》赋值完成自-AutoPrintMotion2！
2023-04-25 15:46:31,295 [AppLog] INFO : 进入：EquipmentMotionLogic3=》加载配置文件-LoadJsonFile成功！
2023-04-25 15:46:31,295 [AppLog] INFO : 进入：AutoPrintThread3！
2023-04-25 15:46:31,295 [AppLog] INFO : 准备读取编码器位置：X方向！
2023-04-25 15:46:31,295 [AppLog] INFO : 准备运动，当前位置：DEV_GetPrintEncoderValue：MoveDirectionFlag{false为Y方向：False}CurrentPos{423.405}AimPos{25}
2023-04-25 15:46:31,326 [AppLog] INFO : X方向运动开始：DEM_Run：返回值{True}nAxis{0}DirFlag{False}nSpeed{300000}MoveStep{-398405}nCtlValue{2}
2023-04-25 15:46:33,198 [AppLog] INFO : X方向到位停止：DEM_StopAxisRun：返回值{True}CurrentPos{30.495}bImmeStop{False}nAxisMask{1}
2023-04-25 15:46:33,198 [AppLog] INFO : 准备读取编码器位置：Y方向！
2023-04-25 15:46:33,198 [AppLog] INFO : 准备运动，编码器当前位置：DEM_GetAxisEncodeVal：MoveDirectionFlag{false为Y方向：True}CurrentPos{196.535}AimPos{211.521166666667}
2023-04-25 15:46:33,323 [AppLog] INFO : Y方向运动开始：DEM_Run：返回值{True}nAxis{1}DirFlag{True}nSpeed{300000}MoveStep{15014.5055078333}nCtlValue{1}
2023-04-25 15:46:33,401 [AppLog] INFO : Y方向到位停止：DEM_StopAxisRun：返回值{True}CurrentPos{209.49}bImmeStop{False}nAxisMask{2}
2023-04-25 15:46:33,401 [AppLog] INFO : 获取打印Pass数据：IDP_GetPassItem2：nLayerIndex{3}nPassID{5}nProcState{3}LPPassDataItemb:PrtDir{True}nDataTxCompleteCnt{1}nHwMemAdrMatchMask{1}nLayerIndex{3}nLayerPassCount{6}nLayerPassIndex{5}nMinJet0ImgLinePos{6755}nPrtMemHwAddr{System.UInt32[]}nPrtDataOffset{System.UInt32[]}nSrcDataSize{System.UInt32[]}nPrtColBytes{System.UInt32[]}nPrtPrecession{8}nSrcEndCols{8000}nSrcStartCols{0}nStartEncPos{10000}nValidPassJets{1280}nValidPrtCols{8310}nValidPrtCtlCnts{1}pDataBuf{0}pNextItem{0}
2023-04-25 15:46:33,401 [AppLog] INFO : 使能Pass打印成功：IDP_DoPassPrint2：nLayerIndex{3}nPassID{5}
2023-04-25 15:46:33,417 [AppLog] INFO : PASS打印前关键状态：DEV_GetDeviceInfo2：nLayerIndex{3}nPassID{5}LPPRINTER_INFO:nXSysEncDPI{0}nStatus{0}nPrintStatus{0}bSuperDevice{0}
LPPRINTER_INFO-LPPrtRunInfo:bJobPrtRuning{False}bLayerPrtIsOver{False}nContReqMemErr{0}nContWDErr{0}nCurPrtDir{0}nDTLayerIndex{0}nDTLayerPassIndex{0}nDTPtrCtlIndex{0}nLayerPassCount{0}nPrintLayerIndex{0}nPrintPassIndex{0}nProcLayerIndex{0}nPrtDataMemAddr{0}nPrtState{0}nReverse{System.Int32[]}nRevPrtCols{0}
LPPRINTER_INFO-LPDRVINFO:nFMVersion{0}nFpgaVersion{0}nPCBVersion{0}nState{0}nNextState{0}nPtvwarnState{0}nCrc32{0}nRevInfo{System.UInt32[]}nSignature{0}
2023-04-25 15:46:33,417 [AppLog] INFO : 创建：AutoPrintMotion1=》不需重新创建-手动操作！
2023-04-25 15:46:33,417 [AppLog] INFO : 进入：EquipmentMotionLogic3=》准备创建对象-手动操作！
2023-04-25 15:46:33,417 [AppLog] INFO : 进入：EquipmentMotionLogic3=》不需重新创建-手动操作！
2023-04-25 15:46:33,417 [AppLog] INFO : 进入：EquipmentMotionLogic3=》赋值完成自-AutoPrintMotion2！
2023-04-25 15:46:33,417 [AppLog] INFO : 进入：EquipmentMotionLogic3=》加载配置文件-LoadJsonFile成功！
2023-04-25 15:46:33,417 [AppLog] INFO : 进入：AutoPrintThread3！
2023-04-25 15:46:33,417 [AppLog] INFO : 准备读取编码器位置：X方向！
2023-04-25 15:46:33,417 [AppLog] INFO : 准备运动，当前位置：DEV_GetPrintEncoderValue：MoveDirectionFlag{false为Y方向：False}CurrentPos{26.615}AimPos{425}
2023-04-25 15:46:33,448 [AppLog] INFO : X方向运动开始：DEM_Run：返回值{True}nAxis{0}DirFlag{True}nSpeed{300000}MoveStep{398385}nCtlValue{2}
2023-04-25 15:46:35,320 [AppLog] INFO : X方向到位停止：DEM_StopAxisRun：返回值{True}CurrentPos{418.735}bImmeStop{False}nAxisMask{1}
2023-04-25 15:46:35,320 [AppLog] INFO : 准备读取编码器位置：X方向！
2023-04-25 15:46:35,320 [AppLog] INFO : 准备运动，当前位置：DEV_GetPrintEncoderValue：MoveDirectionFlag{false为Y方向：False}CurrentPos{418.85}AimPos{780}
2023-04-25 15:46:35,351 [AppLog] INFO : X方向运动开始：DEM_Run：返回值{True}nAxis{0}DirFlag{True}nSpeed{300000}MoveStep{361150}nCtlValue{2}
2023-04-25 15:46:35,413 [AppLog] INFO : 准备读取编码器位置：Y方向！
2023-04-25 15:46:35,429 [AppLog] INFO : 准备运动，编码器当前位置：DEM_GetAxisEncodeVal：MoveDirectionFlag{false为Y方向：True}CurrentPos{211.49}AimPos{121}
2023-04-25 15:46:35,772 [AppLog] INFO : Y方向运动开始：DEM_Run：返回值{True}nAxis{1}DirFlag{False}nSpeed{300000}MoveStep{-90661.11659}nCtlValue{1}
2023-04-25 15:46:37,098 [AppLog] INFO : Y方向到位等停：DEM_StopAxisRun：返回值{True}bImmeStop{False}nAxisMask{1}
2023-04-25 15:46:37,114 [AppLog] INFO : X方向到位等停：DEM_StopAxisRun：返回值{True}bImmeStop{False}nAxisMask{2}
2023-04-25 15:46:37,129 [AppLog] INFO : 开启闪喷操作：IDP_FlashPrtCtl：返回值{True}
2023-04-25 15:46:37,129 [AppLog] INFO : 进入：EquipmentMotionLogic3=》准备创建对象-手动操作！
2023-04-25 15:46:37,129 [AppLog] INFO : 进入：EquipmentMotionLogic3=》不需重新创建-手动操作！
2023-04-25 15:46:37,129 [AppLog] INFO : 进入：EquipmentMotionLogic3=》赋值完成自-AutoPrintMotion2！
2023-04-25 15:46:37,129 [AppLog] INFO : 进入：EquipmentMotionLogic3=》加载配置文件-LoadJsonFile成功！
2023-04-25 15:46:37,129 [AppLog] INFO : 进入自动铺粉逻辑：NewAutoSupplyPowderThread2
2023-04-25 15:46:37,207 [AppLog] INFO : 手动正向点动指令（8轴运控板卡系统） ====》：输出AXIS{第1轴},点动量{-0.1MM},运动速度{2MM/s}
2023-04-25 15:46:37,207 [AppLog] INFO : 成形面高度下降层厚 TrapSpace{0.1mm}：TrapMoveUp(1, true, Convert.ToString(vel), Convert.ToString(TrapSpace), true, true）
2023-04-25 15:46:37,972 [AppLog] INFO : 手动正向点动指令（8轴运控板卡系统） ====》：输出AXIS{第1轴},点动量{-1.5MM},运动速度{2MM/s}
2023-04-25 15:46:37,972 [AppLog] INFO : 成形面高度下降指定厚度 TrapSpace{1.5mm}：TrapMoveUp(1, true, Convert.ToString(vel), Convert.ToString(TrapSpace), true, true）
2023-04-25 15:46:38,752 [AppLog] INFO : 手动正向点动指令（8轴运控板卡系统） ====》：输出AXIS{第1轴},点动量{1.5MM},运动速度{2MM/s}
2023-04-25 15:46:38,752 [AppLog] INFO : 成形面高度上升层厚 TrapSpace{1.5mm}：TrapMoveUp(1, true, Convert.ToString(vel), Convert.ToString(TrapSpace), true, true）
2023-04-25 15:46:38,970 [AppLog] INFO : 手动正向点动指令（8轴运控板卡系统） ====》：输出AXIS{第8轴},点动量{0.5MM},运动速度{2.5MM/s}
2023-04-25 15:46:38,970 [AppLog] INFO : Hopper落粉轴转2圈落粉，速度0.5rev/s：TrapMoveUp(8, true, 0.5, rotateNuM.ToString(), true, false)
2023-04-25 15:46:39,984 [AppLog] INFO : 开启铺粉车不等停运动，准备运动至准备打印位置215mm，速度250mm/s：BackToStation2
2023-04-25 15:46:40,842 [AppLog] INFO : 手动正向点动指令（8轴运控板卡系统） ====》：输出AXIS{第2轴},点动量{216.5MM},运动速度{250MM/s}
2023-04-25 15:46:40,842 [AppLog] INFO : 当前铺粉车位置：打印位置215mm
2023-04-25 15:46:40,842 [AppLog] INFO : 手动正向点动指令（8轴运控板卡系统） ====》：输出AXIS{第2轴},点动量{480MM},运动速度{40MM/s}
2023-04-25 15:46:40,842 [AppLog] INFO : 开启铺粉车不等停运动至准备打印位置695mm，速度40mm/s：BackToStation2
2023-04-25 15:46:40,858 [AppLog] INFO : 打开UV灯：OpenUVLamp(true, 0, 1000, 0, 1000)
2023-04-25 15:46:40,998 [AppLog] INFO : 手动正向点动指令（8轴运控板卡系统） ====》：输出AXIS{第3轴},点动量{0.125MM},运动速度{1MM/s}
2023-04-25 15:46:40,998 [AppLog] INFO : 在{40mm}处，落粉轴运动{45度}，落粉轴转速{1rev/s}：TrapMoveUp(3, true, Convert.ToString(DispenseRollerSpeed), 0.5, true, true)
2023-04-25 15:46:40,998 [AppLog] INFO : 手动正向点动指令（8轴运控板卡系统） ====》：输出AXIS{第3轴},点动量{0.5MM},运动速度{0.0602739726027397MM/s}
2023-04-25 15:46:40,998 [AppLog] INFO : 开启均匀落粉及辊子铺平运动：TrapMoveUp(3, true, Convert.ToString(DispenseRollerSpeed), 0.5, true, true)
2023-04-25 15:46:49,235 [AppLog] INFO : 关闭UV灯：OpenUVLamp(false, 0, 1000, 0, 1000)
2023-04-25 15:46:51,232 [AppLog] INFO : 手动正向点动指令（8轴运控板卡系统） ====》：输出AXIS{第3轴},点动量{0.5MM},运动速度{2MM/s}
2023-04-25 15:46:51,232 [AppLog] INFO : 落粉轴继续转动以倒掉余粉：TrapMoveUp(3, true, 2, 0.5, true, false)
2023-04-25 15:46:53,619 [AppLog] INFO : 手动正向点动指令（8轴运控板卡系统） ====》：输出AXIS{第1轴},点动量{-1.5MM},运动速度{2MM/s}
2023-04-25 15:46:53,619 [AppLog] INFO : 成形面高度下降指定厚度 TrapSpace{1.5mm}：TrapMoveUp(1, true, Convert.ToString(vel), Convert.ToString(TrapSpace), true, true）
2023-04-25 15:46:54,227 [AppLog] INFO : 发送暂停打印指令：{PausePrint}
2023-04-25 15:46:56,411 [AppLog] INFO : 手动正向点动指令（8轴运控板卡系统） ====》：输出AXIS{第2轴},点动量{-696.5MM},运动速度{250MM/s}
2023-04-25 15:46:56,411 [AppLog] INFO : 铺粉车返回至站1：BackToStation2(AimPos, MovSpeed, true)：-1.5mm，速度250mm/s：BackToStation2
2023-04-25 15:46:57,191 [AppLog] INFO : 落粉轴回零成功：motionMap.SetBackSpreaderAxis(3, 0.5, 2, -SinkPosition)：ReturnCode{True}
2023-04-25 15:46:57,955 [AppLog] INFO : 手动正向点动指令（8轴运控板卡系统） ====》：输出AXIS{第1轴},点动量{1.5MM},运动速度{2MM/s}
2023-04-25 15:46:57,955 [AppLog] INFO : 成形面高度上升层厚 TrapSpace{1.5mm}：TrapMoveUp(1, true, Convert.ToString(vel), Convert.ToString(TrapSpace), true, true）
2023-04-25 15:46:57,955 [AppLog] INFO : 自动铺粉正常结束：NewAutoSupplyPowderThread2
2023-04-25 15:46:57,955 [AppLog] INFO : 发送监控指令，拍照记录1条：SendMessageFromSharedMemory
2023-04-25 15:46:57,955 [AppLog] INFO : 执行完成铺粉固化操作：EquipmentMotionLogic3：m_bApplyPowderSupplyMotion:0
2023-04-25 15:46:57,955 [AppLog] INFO : 接收到暂停打印指令：PrintTaskTHREAD
2023-04-25 15:46:57,955 [AppLog] INFO : 进入：EquipmentMotionLogic3=》准备创建对象-手动操作！
2023-04-25 15:46:57,955 [AppLog] INFO : 进入：EquipmentMotionLogic3=》不需重新创建-手动操作！
2023-04-25 15:46:57,955 [AppLog] INFO : 进入：EquipmentMotionLogic3=》赋值完成自-AutoPrintMotion2！
2023-04-25 15:46:57,955 [AppLog] INFO : 进入：EquipmentMotionLogic3=》加载配置文件-LoadJsonFile成功！
2023-04-25 15:46:57,955 [AppLog] INFO : 进入：AutoPrintThread3！
2023-04-25 15:46:57,955 [AppLog] INFO : 准备读取编码器位置：X方向！
2023-04-25 15:46:57,971 [AppLog] INFO : 准备运动，当前位置：DEV_GetPrintEncoderValue：MoveDirectionFlag{false为Y方向：False}CurrentPos{784.525}AimPos{758}
2023-04-25 15:46:58,002 [AppLog] INFO : X方向运动开始：DEM_Run：返回值{True}nAxis{0}DirFlag{False}nSpeed{300000}MoveStep{-26525}nCtlValue{2}
2023-04-25 15:46:58,174 [AppLog] INFO : 准备处理第5层数据：准备调用RenderToWic，index为5，subindex为0，g_nRePrintTimes为1，起始层为0
2023-04-25 15:46:58,252 [AppLog] INFO : 完成处理第5层数据：准备调用DrawLayerBMP，index为5，起始层为0
2023-04-25 15:46:58,252 [AppLog] INFO : 完成处理第5层数据：准备调用DrawLayerBMP，index为5，起始层为0
2023-04-25 15:46:58,455 [AppLog] INFO : X方向到位停止：DEM_StopAxisRun：返回值{True}CurrentPos{760.57}bImmeStop{False}nAxisMask{1}
2023-04-25 15:46:58,455 [AppLog] INFO : 准备读取编码器位置：Y方向！
2023-04-25 15:46:58,455 [AppLog] INFO : 准备运动，编码器当前位置：DEM_GetAxisEncodeVal：MoveDirectionFlag{false为Y方向：True}CurrentPos{121.085}AimPos{317}
2023-04-25 15:46:58,704 [AppLog] INFO : 作业写入成功：IDP_WriteImgLayerData：bpp:{1bit}灰阶:{1阶}nLayerIndex{6}LayerIndex{5}SubIndex{1}RePrintTimes{1}nBytesPerLine{1004}nWidth{8001}nHeight{7656}nXEncOff{0}nYJetOff{355}nImgStartJetIndex{0}nXDPI{635}nYDPI{600}nPrtDir{0} nPrtFlag{1}nColorCnts{1}nReserved{System.Int32[]}
2023-04-25 15:46:58,704 [AppLog] INFO : 完成处理第5层数据：准备调用RenderToWic，index为5，subindex为0，g_nRePrintTimes为1，起始层为0
2023-04-25 15:46:59,157 [AppLog] INFO : Y方向运动开始：DEM_Run：返回值{True}nAxis{1}DirFlag{True}nSpeed{300000}MoveStep{196285.475265}nCtlValue{1}
2023-04-25 15:46:59,219 [AppLog] INFO : Y方向到位停止：DEM_StopAxisRun：返回值{True}CurrentPos{310.69}bImmeStop{False}nAxisMask{2}
2023-04-25 15:46:59,422 [AppLog] INFO : 接收到暂停打印指令：PrintTaskTHREAD
2023-04-25 15:46:59,422 [AppLog] INFO : 进入：EquipmentMotionLogic3=》准备创建对象-手动操作！
2023-04-25 15:46:59,422 [AppLog] INFO : 进入：EquipmentMotionLogic3=》不需重新创建-手动操作！
2023-04-25 15:46:59,422 [AppLog] INFO : 进入：EquipmentMotionLogic3=》赋值完成自-AutoPrintMotion2！
2023-04-25 15:46:59,422 [AppLog] INFO : 进入：EquipmentMotionLogic3=》加载配置文件-LoadJsonFile成功！
2023-04-25 15:46:59,422 [AppLog] INFO : 进入：AutoPrintThread3！
2023-04-25 15:46:59,422 [AppLog] INFO : 准备读取编码器位置：X方向！
2023-04-25 15:46:59,422 [AppLog] INFO : 准备运动，当前位置：DEV_GetPrintEncoderValue：MoveDirectionFlag{false为Y方向：False}CurrentPos{758.375}AimPos{758}
2023-04-25 15:46:59,453 [AppLog] INFO : X方向运动开始：DEM_Run：返回值{True}nAxis{0}DirFlag{False}nSpeed{300000}MoveStep{-375}nCtlValue{2}
2023-04-25 15:46:59,515 [AppLog] INFO : X方向到位停止：DEM_StopAxisRun：返回值{True}CurrentPos{758.375}bImmeStop{False}nAxisMask{1}
2023-04-25 15:46:59,515 [AppLog] INFO : 准备读取编码器位置：Y方向！
2023-04-25 15:46:59,515 [AppLog] INFO : 准备运动，编码器当前位置：DEM_GetAxisEncodeVal：MoveDirectionFlag{false为Y方向：True}CurrentPos{316.825}AimPos{317}
2023-04-25 15:46:59,671 [AppLog] INFO : Y方向运动开始：DEM_Run：返回值{True}nAxis{1}DirFlag{True}nSpeed{300000}MoveStep{175.330925000011}nCtlValue{1}
2023-04-25 15:46:59,734 [AppLog] INFO : Y方向到位停止：DEM_StopAxisRun：返回值{True}CurrentPos{317}bImmeStop{False}nAxisMask{2}
2023-04-25 15:46:59,937 [AppLog] INFO : 接收到暂停打印指令：PrintTaskTHREAD
2023-04-25 15:46:59,937 [AppLog] INFO : 进入：EquipmentMotionLogic3=》准备创建对象-手动操作！
2023-04-25 15:46:59,937 [AppLog] INFO : 进入：EquipmentMotionLogic3=》不需重新创建-手动操作！
2023-04-25 15:46:59,937 [AppLog] INFO : 进入：EquipmentMotionLogic3=》赋值完成自-AutoPrintMotion2！
2023-04-25 15:46:59,937 [AppLog] INFO : 进入：EquipmentMotionLogic3=》加载配置文件-LoadJsonFile成功！
2023-04-25 15:46:59,937 [AppLog] INFO : 进入：AutoPrintThread3！
2023-04-25 15:46:59,937 [AppLog] INFO : 准备读取编码器位置：X方向！
2023-04-25 15:46:59,937 [AppLog] INFO : 准备运动，当前位置：DEV_GetPrintEncoderValue：MoveDirectionFlag{false为Y方向：False}CurrentPos{758.055}AimPos{758}
2023-04-25 15:46:59,968 [AppLog] INFO : X方向运动开始：DEM_Run：返回值{True}nAxis{0}DirFlag{False}nSpeed{300000}MoveStep{-55.0000000000637}nCtlValue{2}
2023-04-25 15:47:00,030 [AppLog] INFO : X方向到位停止：DEM_StopAxisRun：返回值{True}CurrentPos{758.05}bImmeStop{False}nAxisMask{1}
2023-04-25 15:47:00,030 [AppLog] INFO : 准备读取编码器位置：Y方向！
2023-04-25 15:47:00,030 [AppLog] INFO : 准备运动，编码器当前位置：DEM_GetAxisEncodeVal：MoveDirectionFlag{false为Y方向：True}CurrentPos{317.015}AimPos{317}
2023-04-25 15:47:00,155 [AppLog] INFO : Y方向运动开始：DEM_Run：返回值{True}nAxis{1}DirFlag{False}nSpeed{300000}MoveStep{-15.0283649999863}nCtlValue{1}
2023-04-25 15:47:00,233 [AppLog] INFO : Y方向到位停止：DEM_StopAxisRun：返回值{True}CurrentPos{317.015}bImmeStop{False}nAxisMask{2}
2023-04-25 15:47:00,436 [AppLog] INFO : 接收到暂停打印指令：PrintTaskTHREAD
2023-04-25 15:47:00,436 [AppLog] INFO : 进入：EquipmentMotionLogic3=》准备创建对象-手动操作！
2023-04-25 15:47:00,436 [AppLog] INFO : 进入：EquipmentMotionLogic3=》不需重新创建-手动操作！
2023-04-25 15:47:00,436 [AppLog] INFO : 进入：EquipmentMotionLogic3=》赋值完成自-AutoPrintMotion2！
2023-04-25 15:47:00,436 [AppLog] INFO : 进入：EquipmentMotionLogic3=》加载配置文件-LoadJsonFile成功！
2023-04-25 15:47:00,436 [AppLog] INFO : 进入：AutoPrintThread3！
2023-04-25 15:47:00,436 [AppLog] INFO : 准备读取编码器位置：X方向！
2023-04-25 15:47:00,451 [AppLog] INFO : 准备运动，当前位置：DEV_GetPrintEncoderValue：MoveDirectionFlag{false为Y方向：False}CurrentPos{757.99}AimPos{758}
2023-04-25 15:47:00,483 [AppLog] INFO : X方向运动开始：DEM_Run：返回值{True}nAxis{0}DirFlag{True}nSpeed{300000}MoveStep{9.99999999999091}nCtlValue{2}
2023-04-25 15:47:00,545 [AppLog] INFO : X方向到位停止：DEM_StopAxisRun：返回值{True}CurrentPos{757.99}bImmeStop{False}nAxisMask{1}
2023-04-25 15:47:00,545 [AppLog] INFO : 准备读取编码器位置：Y方向！
2023-04-25 15:47:00,545 [AppLog] INFO : 准备运动，编码器当前位置：DEM_GetAxisEncodeVal：MoveDirectionFlag{false为Y方向：True}CurrentPos{317.015}AimPos{317}
2023-04-25 15:47:00,670 [AppLog] INFO : Y方向运动开始：DEM_Run：返回值{True}nAxis{1}DirFlag{False}nSpeed{300000}MoveStep{-15.0283649999863}nCtlValue{1}
2023-04-25 15:47:00,732 [AppLog] INFO : Y方向到位停止：DEM_StopAxisRun：返回值{True}CurrentPos{317.015}bImmeStop{False}nAxisMask{2}
2023-04-25 15:47:00,935 [AppLog] INFO : 接收到暂停打印指令：PrintTaskTHREAD
2023-04-25 15:47:00,935 [AppLog] INFO : 进入：EquipmentMotionLogic3=》准备创建对象-手动操作！
2023-04-25 15:47:00,935 [AppLog] INFO : 进入：EquipmentMotionLogic3=》不需重新创建-手动操作！
2023-04-25 15:47:00,935 [AppLog] INFO : 进入：EquipmentMotionLogic3=》赋值完成自-AutoPrintMotion2！
2023-04-25 15:47:00,935 [AppLog] INFO : 进入：EquipmentMotionLogic3=》加载配置文件-LoadJsonFile成功！
2023-04-25 15:47:00,935 [AppLog] INFO : 进入：AutoPrintThread3！
2023-04-25 15:47:00,935 [AppLog] INFO : 准备读取编码器位置：X方向！
2023-04-25 15:47:00,935 [AppLog] INFO : 准备运动，当前位置：DEV_GetPrintEncoderValue：MoveDirectionFlag{false为Y方向：False}CurrentPos{757.99}AimPos{758}
2023-04-25 15:47:00,966 [AppLog] INFO : X方向运动开始：DEM_Run：返回值{True}nAxis{0}DirFlag{True}nSpeed{300000}MoveStep{9.99999999999091}nCtlValue{2}
2023-04-25 15:47:01,029 [AppLog] INFO : X方向到位停止：DEM_StopAxisRun：返回值{True}CurrentPos{757.99}bImmeStop{False}nAxisMask{1}
2023-04-25 15:47:01,029 [AppLog] INFO : 准备读取编码器位置：Y方向！
2023-04-25 15:47:01,029 [AppLog] INFO : 准备运动，编码器当前位置：DEM_GetAxisEncodeVal：MoveDirectionFlag{false为Y方向：True}CurrentPos{317.015}AimPos{317}
2023-04-25 15:47:01,153 [AppLog] INFO : Y方向运动开始：DEM_Run：返回值{True}nAxis{1}DirFlag{False}nSpeed{300000}MoveStep{-15.0283649999863}nCtlValue{1}
2023-04-25 15:47:01,216 [AppLog] INFO : Y方向到位停止：DEM_StopAxisRun：返回值{True}CurrentPos{317.015}bImmeStop{False}nAxisMask{2}
2023-04-25 15:47:01,419 [AppLog] INFO : 接收到暂停打印指令：PrintTaskTHREAD
2023-04-25 15:47:01,419 [AppLog] INFO : 进入：EquipmentMotionLogic3=》准备创建对象-手动操作！
2023-04-25 15:47:01,419 [AppLog] INFO : 进入：EquipmentMotionLogic3=》不需重新创建-手动操作！
2023-04-25 15:47:01,419 [AppLog] INFO : 进入：EquipmentMotionLogic3=》赋值完成自-AutoPrintMotion2！
2023-04-25 15:47:01,419 [AppLog] INFO : 进入：EquipmentMotionLogic3=》加载配置文件-LoadJsonFile成功！
2023-04-25 15:47:01,419 [AppLog] INFO : 进入：AutoPrintThread3！
2023-04-25 15:47:01,419 [AppLog] INFO : 准备读取编码器位置：X方向！
2023-04-25 15:47:01,419 [AppLog] INFO : 准备运动，当前位置：DEV_GetPrintEncoderValue：MoveDirectionFlag{false为Y方向：False}CurrentPos{757.99}AimPos{758}
2023-04-25 15:47:01,450 [AppLog] INFO : X方向运动开始：DEM_Run：返回值{True}nAxis{0}DirFlag{True}nSpeed{300000}MoveStep{9.99999999999091}nCtlValue{2}
2023-04-25 15:47:01,512 [AppLog] INFO : X方向到位停止：DEM_StopAxisRun：返回值{True}CurrentPos{757.99}bImmeStop{False}nAxisMask{1}
2023-04-25 15:47:01,512 [AppLog] INFO : 准备读取编码器位置：Y方向！
2023-04-25 15:47:01,512 [AppLog] INFO : 准备运动，编码器当前位置：DEM_GetAxisEncodeVal：MoveDirectionFlag{false为Y方向：True}CurrentPos{317.015}AimPos{317}
2023-04-25 15:47:01,637 [AppLog] INFO : Y方向运动开始：DEM_Run：返回值{True}nAxis{1}DirFlag{False}nSpeed{300000}MoveStep{-15.0283649999863}nCtlValue{1}
2023-04-25 15:47:01,699 [AppLog] INFO : Y方向到位停止：DEM_StopAxisRun：返回值{True}CurrentPos{317.01}bImmeStop{False}nAxisMask{2}
2023-04-25 15:47:01,902 [AppLog] INFO : 接收到暂停打印指令：PrintTaskTHREAD
2023-04-25 15:47:01,902 [AppLog] INFO : 进入：EquipmentMotionLogic3=》准备创建对象-手动操作！
2023-04-25 15:47:01,902 [AppLog] INFO : 进入：EquipmentMotionLogic3=》不需重新创建-手动操作！
2023-04-25 15:47:01,902 [AppLog] INFO : 进入：EquipmentMotionLogic3=》赋值完成自-AutoPrintMotion2！
2023-04-25 15:47:01,902 [AppLog] INFO : 进入：EquipmentMotionLogic3=》加载配置文件-LoadJsonFile成功！
2023-04-25 15:47:01,902 [AppLog] INFO : 进入：AutoPrintThread3！
2023-04-25 15:47:01,902 [AppLog] INFO : 准备读取编码器位置：X方向！
2023-04-25 15:47:01,902 [AppLog] INFO : 准备运动，当前位置：DEV_GetPrintEncoderValue：MoveDirectionFlag{false为Y方向：False}CurrentPos{757.99}AimPos{758}
2023-04-25 15:47:01,933 [AppLog] INFO : X方向运动开始：DEM_Run：返回值{True}nAxis{0}DirFlag{True}nSpeed{300000}MoveStep{9.99999999999091}nCtlValue{2}
2023-04-25 15:47:01,996 [AppLog] INFO : X方向到位停止：DEM_StopAxisRun：返回值{True}CurrentPos{757.99}bImmeStop{False}nAxisMask{1}
2023-04-25 15:47:01,996 [AppLog] INFO : 准备读取编码器位置：Y方向！
2023-04-25 15:47:01,996 [AppLog] INFO : 准备运动，编码器当前位置：DEM_GetAxisEncodeVal：MoveDirectionFlag{false为Y方向：True}CurrentPos{317.01}AimPos{317}
2023-04-25 15:47:02,121 [AppLog] INFO : Y方向运动开始：DEM_Run：返回值{True}nAxis{1}DirFlag{False}nSpeed{300000}MoveStep{-10.0189099999909}nCtlValue{1}
2023-04-25 15:47:02,183 [AppLog] INFO : Y方向到位停止：DEM_StopAxisRun：返回值{True}CurrentPos{317.01}bImmeStop{False}nAxisMask{2}
2023-04-25 15:47:02,386 [AppLog] INFO : 接收到暂停打印指令：PrintTaskTHREAD
2023-04-25 15:47:02,386 [AppLog] INFO : 进入：EquipmentMotionLogic3=》准备创建对象-手动操作！
2023-04-25 15:47:02,386 [AppLog] INFO : 进入：EquipmentMotionLogic3=》不需重新创建-手动操作！
2023-04-25 15:47:02,386 [AppLog] INFO : 进入：EquipmentMotionLogic3=》赋值完成自-AutoPrintMotion2！
2023-04-25 15:47:02,386 [AppLog] INFO : 进入：EquipmentMotionLogic3=》加载配置文件-LoadJsonFile成功！
2023-04-25 15:47:02,386 [AppLog] INFO : 进入：AutoPrintThread3！
2023-04-25 15:47:02,386 [AppLog] INFO : 准备读取编码器位置：X方向！
2023-04-25 15:47:02,386 [AppLog] INFO : 准备运动，当前位置：DEV_GetPrintEncoderValue：MoveDirectionFlag{false为Y方向：False}CurrentPos{757.99}AimPos{758}
2023-04-25 15:47:02,417 [AppLog] INFO : X方向运动开始：DEM_Run：返回值{True}nAxis{0}DirFlag{True}nSpeed{300000}MoveStep{9.99999999999091}nCtlValue{2}
2023-04-25 15:47:02,479 [AppLog] INFO : X方向到位停止：DEM_StopAxisRun：返回值{True}CurrentPos{757.99}bImmeStop{False}nAxisMask{1}
2023-04-25 15:47:02,479 [AppLog] INFO : 准备读取编码器位置：Y方向！
2023-04-25 15:47:02,479 [AppLog] INFO : 准备运动，编码器当前位置：DEM_GetAxisEncodeVal：MoveDirectionFlag{false为Y方向：True}CurrentPos{317.01}AimPos{317}
2023-04-25 15:47:02,604 [AppLog] INFO : Y方向运动开始：DEM_Run：返回值{True}nAxis{1}DirFlag{False}nSpeed{300000}MoveStep{-10.0189099999909}nCtlValue{1}
2023-04-25 15:47:02,667 [AppLog] INFO : Y方向到位停止：DEM_StopAxisRun：返回值{True}CurrentPos{317.01}bImmeStop{False}nAxisMask{2}
2023-04-25 15:47:02,869 [AppLog] INFO : 接收到暂停打印指令：PrintTaskTHREAD
2023-04-25 15:47:02,869 [AppLog] INFO : 进入：EquipmentMotionLogic3=》准备创建对象-手动操作！
2023-04-25 15:47:02,869 [AppLog] INFO : 进入：EquipmentMotionLogic3=》不需重新创建-手动操作！
2023-04-25 15:47:02,869 [AppLog] INFO : 进入：EquipmentMotionLogic3=》赋值完成自-AutoPrintMotion2！
2023-04-25 15:47:02,869 [AppLog] INFO : 进入：EquipmentMotionLogic3=》加载配置文件-LoadJsonFile成功！
2023-04-25 15:47:02,869 [AppLog] INFO : 进入：AutoPrintThread3！
2023-04-25 15:47:02,869 [AppLog] INFO : 准备读取编码器位置：X方向！
2023-04-25 15:47:02,869 [AppLog] INFO : 准备运动，当前位置：DEV_GetPrintEncoderValue：MoveDirectionFlag{false为Y方向：False}CurrentPos{757.99}AimPos{758}
2023-04-25 15:47:02,901 [AppLog] INFO : X方向运动开始：DEM_Run：返回值{True}nAxis{0}DirFlag{True}nSpeed{300000}MoveStep{9.99999999999091}nCtlValue{2}
2023-04-25 15:47:02,963 [AppLog] INFO : X方向到位停止：DEM_StopAxisRun：返回值{True}CurrentPos{757.99}bImmeStop{False}nAxisMask{1}
2023-04-25 15:47:02,963 [AppLog] INFO : 准备读取编码器位置：Y方向！
2023-04-25 15:47:02,979 [AppLog] INFO : 准备运动，编码器当前位置：DEM_GetAxisEncodeVal：MoveDirectionFlag{false为Y方向：True}CurrentPos{317.005}AimPos{317}
2023-04-25 15:47:03,103 [AppLog] INFO : Y方向运动开始：DEM_Run：返回值{True}nAxis{1}DirFlag{False}nSpeed{300000}MoveStep{-5.00945499999544}nCtlValue{1}
2023-04-25 15:47:03,166 [AppLog] INFO : Y方向到位停止：DEM_StopAxisRun：返回值{True}CurrentPos{317.005}bImmeStop{False}nAxisMask{2}
2023-04-25 15:47:03,369 [AppLog] INFO : 接收到暂停打印指令：PrintTaskTHREAD
2023-04-25 15:47:03,369 [AppLog] INFO : 进入：EquipmentMotionLogic3=》准备创建对象-手动操作！
2023-04-25 15:47:03,369 [AppLog] INFO : 进入：EquipmentMotionLogic3=》不需重新创建-手动操作！
2023-04-25 15:47:03,369 [AppLog] INFO : 进入：EquipmentMotionLogic3=》赋值完成自-AutoPrintMotion2！
2023-04-25 15:47:03,369 [AppLog] INFO : 进入：EquipmentMotionLogic3=》加载配置文件-LoadJsonFile成功！
2023-04-25 15:47:03,369 [AppLog] INFO : 进入：AutoPrintThread3！
2023-04-25 15:47:03,369 [AppLog] INFO : 准备读取编码器位置：X方向！
2023-04-25 15:47:03,369 [AppLog] INFO : 准备运动，当前位置：DEV_GetPrintEncoderValue：MoveDirectionFlag{false为Y方向：False}CurrentPos{757.99}AimPos{758}
2023-04-25 15:47:03,400 [AppLog] INFO : X方向运动开始：DEM_Run：返回值{True}nAxis{0}DirFlag{True}nSpeed{300000}MoveStep{9.99999999999091}nCtlValue{2}
2023-04-25 15:47:03,462 [AppLog] INFO : X方向到位停止：DEM_StopAxisRun：返回值{True}CurrentPos{757.99}bImmeStop{False}nAxisMask{1}
2023-04-25 15:47:03,462 [AppLog] INFO : 准备读取编码器位置：Y方向！
2023-04-25 15:47:03,462 [AppLog] INFO : 准备运动，编码器当前位置：DEM_GetAxisEncodeVal：MoveDirectionFlag{false为Y方向：True}CurrentPos{317.005}AimPos{317}
2023-04-25 15:47:03,603 [AppLog] INFO : Y方向运动开始：DEM_Run：返回值{True}nAxis{1}DirFlag{False}nSpeed{300000}MoveStep{-5.00945499999544}nCtlValue{1}
2023-04-25 15:47:03,665 [AppLog] INFO : Y方向到位停止：DEM_StopAxisRun：返回值{True}CurrentPos{317.005}bImmeStop{False}nAxisMask{2}
2023-04-25 15:47:03,868 [AppLog] INFO : 接收到暂停打印指令：PrintTaskTHREAD
2023-04-25 15:47:03,868 [AppLog] INFO : 进入：EquipmentMotionLogic3=》准备创建对象-手动操作！
2023-04-25 15:47:03,868 [AppLog] INFO : 进入：EquipmentMotionLogic3=》不需重新创建-手动操作！
2023-04-25 15:47:03,868 [AppLog] INFO : 进入：EquipmentMotionLogic3=》赋值完成自-AutoPrintMotion2！
2023-04-25 15:47:03,868 [AppLog] INFO : 进入：EquipmentMotionLogic3=》加载配置文件-LoadJsonFile成功！
2023-04-25 15:47:03,868 [AppLog] INFO : 进入：AutoPrintThread3！
2023-04-25 15:47:03,868 [AppLog] INFO : 准备读取编码器位置：X方向！
2023-04-25 15:47:03,868 [AppLog] INFO : 准备运动，当前位置：DEV_GetPrintEncoderValue：MoveDirectionFlag{false为Y方向：False}CurrentPos{757.99}AimPos{758}
2023-04-25 15:47:03,899 [AppLog] INFO : X方向运动开始：DEM_Run：返回值{True}nAxis{0}DirFlag{True}nSpeed{300000}MoveStep{9.99999999999091}nCtlValue{2}
2023-04-25 15:47:03,977 [AppLog] INFO : X方向到位停止：DEM_StopAxisRun：返回值{True}CurrentPos{757.99}bImmeStop{False}nAxisMask{1}
2023-04-25 15:47:03,977 [AppLog] INFO : 准备读取编码器位置：Y方向！
2023-04-25 15:47:03,977 [AppLog] INFO : 准备运动，编码器当前位置：DEM_GetAxisEncodeVal：MoveDirectionFlag{false为Y方向：True}CurrentPos{317.005}AimPos{317}
2023-04-25 15:47:04,117 [AppLog] INFO : Y方向运动开始：DEM_Run：返回值{True}nAxis{1}DirFlag{False}nSpeed{300000}MoveStep{-5.00945499999544}nCtlValue{1}
2023-04-25 15:47:04,180 [AppLog] INFO : Y方向到位停止：DEM_StopAxisRun：返回值{True}CurrentPos{317.005}bImmeStop{False}nAxisMask{2}
2023-04-25 15:47:04,383 [AppLog] INFO : 接收到暂停打印指令：PrintTaskTHREAD
2023-04-25 15:47:04,383 [AppLog] INFO : 进入：EquipmentMotionLogic3=》准备创建对象-手动操作！
2023-04-25 15:47:04,383 [AppLog] INFO : 进入：EquipmentMotionLogic3=》不需重新创建-手动操作！
2023-04-25 15:47:04,383 [AppLog] INFO : 进入：EquipmentMotionLogic3=》赋值完成自-AutoPrintMotion2！
2023-04-25 15:47:04,383 [AppLog] INFO : 进入：EquipmentMotionLogic3=》加载配置文件-LoadJsonFile成功！
2023-04-25 15:47:04,383 [AppLog] INFO : 进入：AutoPrintThread3！
2023-04-25 15:47:04,383 [AppLog] INFO : 准备读取编码器位置：X方向！
2023-04-25 15:47:04,383 [AppLog] INFO : 准备运动，当前位置：DEV_GetPrintEncoderValue：MoveDirectionFlag{false为Y方向：False}CurrentPos{757.99}AimPos{758}
2023-04-25 15:47:04,414 [AppLog] INFO : X方向运动开始：DEM_Run：返回值{True}nAxis{0}DirFlag{True}nSpeed{300000}MoveStep{9.99999999999091}nCtlValue{2}
2023-04-25 15:47:04,476 [AppLog] INFO : X方向到位停止：DEM_StopAxisRun：返回值{True}CurrentPos{757.99}bImmeStop{False}nAxisMask{1}
2023-04-25 15:47:04,476 [AppLog] INFO : 准备读取编码器位置：Y方向！
2023-04-25 15:47:04,476 [AppLog] INFO : 准备运动，编码器当前位置：DEM_GetAxisEncodeVal：MoveDirectionFlag{false为Y方向：True}CurrentPos{317}AimPos{317}
2023-04-25 15:47:04,476 [AppLog] INFO : Y方向运动开始：DEM_Run：返回值{True}nAxis{1}DirFlag{False}nSpeed{300000}MoveStep{0}nCtlValue{1}
2023-04-25 15:47:04,476 [AppLog] INFO : 关闭闪喷操作：IDP_FlashPrtCtl：返回值{True}
2023-04-25 15:47:04,476 [AppLog] INFO : 删除打印任务：准备删除数据处理及打印线程
2023-04-25 15:47:04,492 [AppLog] INFO : 对象发生异常，区间位点2：System.Threading.ThreadAbortException: 正在中止线程。
   在 System.Threading.Thread.SleepInternal(Int32 millisecondsTimeout)
   在 System.Threading.Thread.Sleep(Int32 millisecondsTimeout)
   在 BinderJetting.手动操作.BackToStation(Double AimPos, Single m_MovSpeed, Boolean MoveDirectionFlag, Boolean WaitStopFLag, Double CorrectionRatio)
   在 BinderJetting.手动操作.AutoPrintThread5(Int32 Command, Int32 PassIndex, Single m_MovSpeed, Single m_BackCleanMovSpeed, SendMessageToCamera& toCamera, Int32 RecordLayerIndex, Int32 RecordProcessIndex, Int32 PauseFlag, Double YJetOffWidth, Int32 NotGoCleanStationFlag)
   在 BinderJetting.主界面.EquipmentMotionLogic3(Int32 index, Int32 Command, Int32 PassIndex, Single m_MovSpeed, Single m_BackCleanMovSpeed, SendMessageToCamera& toCamera, Int32 RecordLayerIndex, Int32 RecordProcessIndex, Int32 PauseFlag, Double YJetOffWidth, Int32 NotGoCleanStationFlag)
2023-04-25 15:47:04,507 [AppLog] INFO : 关闭打印线程成功：PrintTaskTHREAD
2023-04-25 15:47:04,523 [AppLog] INFO : 关闭打印线程成功：DataTaskTHREAD
2023-04-25 15:47:04,523 [AppLog] INFO : 停止打印任务，释放板卡内存：IDP_StopPrintJob()：ReturnFlag{True}
2023-04-25 15:48:52,662 [AppLog] INFO : 进入手动调试子模块！
2023-04-25 15:48:52,678 [AppLog] INFO : 进入：ManulBtn_Click=》准备创建对象-手动操作！
2023-04-25 15:48:52,709 [AppLog] INFO : 创建：ManualControl=》创建完成-手动操作！
2023-04-25 15:48:52,709 [AppLog] INFO : 加载成功：温控Modbus接口！
2023-04-25 15:48:58,439 [AppLog] INFO : 退出手动调试子模块，未执行修改
==========================================================================
2023-04-25 15:49:17,611 [AppLog] INFO : 进入手动调试子模块！
2023-04-25 15:49:17,611 [AppLog] INFO : 进入：ManulBtn_Click=》准备创建对象-手动操作！
2023-04-25 15:49:17,646 [AppLog] INFO : 创建：ManualControl=》创建完成-手动操作！
2023-04-25 15:49:17,647 [AppLog] INFO : 加载成功：温控Modbus接口！
2023-04-25 15:50:00,382 [AppLog] INFO : 退出手动调试子模块，未执行修改
==========================================================================
2023-04-25 15:50:04,893 [AppLog] INFO : 进入手动调试子模块！
2023-04-25 15:50:04,893 [AppLog] INFO : 进入：ManulBtn_Click=》准备创建对象-手动操作！
2023-04-25 15:50:04,928 [AppLog] INFO : 创建：ManualControl=》创建完成-手动操作！
2023-04-25 15:50:04,929 [AppLog] INFO : 加载成功：温控Modbus接口！
2023-04-25 15:53:02,859 [AppLog] INFO : 退出手动调试子模块，未执行修改
==========================================================================
2023-04-25 15:53:03,670 [AppLog] INFO : 进入JOB参数设置：修改前初始参数：灰度数据格式{1bits}打印灰阶{1阶}m_XPrintDpi{635Dpi}墨车运动速度{300MM/s}X向起打位置{50MM}X向起打位置偏移{0MM}Y向起打位置偏移{15MM}
2023-04-25 15:53:21,002 [AppLog] INFO : 退出JOB参数设置：修改后参数：灰度数据格式{1bits}打印灰阶{1阶}m_XPrintDpi{635Dpi}墨车运动速度{300MM/s}X向起打位置{50MM}X向起打位置偏移{0MM}Y向起打位置偏移{15MM}
2023-04-25 15:53:22,733 [AppLog] INFO : 进入手动调试子模块！
2023-04-25 15:53:22,733 [AppLog] INFO : 进入：ManulBtn_Click=》准备创建对象-手动操作！
2023-04-25 15:53:22,765 [AppLog] INFO : 创建：ManualControl=》创建完成-手动操作！
2023-04-25 15:53:22,765 [AppLog] INFO : 加载成功：温控Modbus接口！
2023-04-25 15:53:45,853 [AppLog] INFO : 开启手动冲洗喷头，端口{11}，清洗控制周期：{2}S,{0.2}S
2023-04-25 15:54:01,172 [AppLog] INFO : 关闭手动冲洗喷头：
2023-04-25 15:54:08,410 [AppLog] INFO : 退出手动调试子模块,已执行修改
==========================================================================
2023-04-25 15:54:40,063 [AppLog] INFO : 进入手动调试子模块！
2023-04-25 15:54:40,063 [AppLog] INFO : 进入：ManulBtn_Click=》准备创建对象-手动操作！
2023-04-25 15:54:40,094 [AppLog] INFO : 创建：ManualControl=》创建完成-手动操作！
2023-04-25 15:54:40,094 [AppLog] INFO : 加载成功：温控Modbus接口！
2023-04-25 15:54:43,370 [AppLog] INFO : 退出手动调试子模块,已执行修改
==========================================================================
2023-04-25 15:54:50,952 [AppLog] INFO : 进入手动调试子模块！
2023-04-25 15:54:50,952 [AppLog] INFO : 进入：ManulBtn_Click=》准备创建对象-手动操作！
2023-04-25 15:54:50,983 [AppLog] INFO : 创建：ManualControl=》创建完成-手动操作！
2023-04-25 15:54:50,983 [AppLog] INFO : 加载成功：温控Modbus接口！
2023-04-25 15:54:53,214 [AppLog] INFO : 手动正向JOG指令（8轴运控板卡系统） ====》：输出AXIS{第2轴},运动速度{50MM/s}
2023-04-25 15:54:56,458 [AppLog] INFO : 手动停止JOG输出（8轴运控板卡系统） ====》：输出AXIS{第2轴}
2023-04-25 15:54:57,441 [AppLog] INFO : 手动负向JOG指令（8轴运控板卡系统） ====》：输出AXIS{第2轴},运动速度{50MM/s}
2023-04-25 15:54:59,344 [AppLog] INFO : 手动停止JOG输出（8轴运控板卡系统） ====》：输出AXIS{第2轴}
2023-04-25 15:55:00,343 [AppLog] INFO : 手动负向JOG指令（8轴运控板卡系统） ====》：输出AXIS{第2轴},运动速度{50MM/s}
2023-04-25 15:55:00,483 [AppLog] INFO : 手动停止JOG输出（8轴运控板卡系统） ====》：输出AXIS{第2轴}
2023-04-25 15:55:03,744 [AppLog] INFO : 开启铺粉车回零校准：PowderCarHomeBtn_Click
2023-04-25 15:55:03,744 [AppLog] INFO : 开启粉车回零校准线程：PowderCarHomeResetThread
2023-04-25 15:55:09,859 [AppLog] INFO : 手动正向点动指令（8轴运控板卡系统） ====》：输出AXIS{第2轴},点动量{-116MM},运动速度{40MM/s}
2023-04-25 15:55:09,859 [AppLog] INFO : 粉车回零校准线程成功：PowderCarHomeResetThread
2023-04-25 15:59:28,102 [AppLog] INFO : 退出手动调试子模块,已执行修改
==========================================================================
