2023-04-07 22:12:58,435 [AppLog] INFO : 开启系统：板卡通讯，伺服供电，照明系统，UV/HR固化系统！
2023-04-07 22:12:58,450 [AppLog] INFO : 开启系统：一键启动系统开始！
2023-04-07 22:13:04,458 [AppLog] INFO : 开启系统：一键启动系统结束！
2023-04-07 22:13:04,459 [AppLog] INFO : 初始化喷墨控制器启动！
2023-04-07 22:13:23,634 [AppLog] INFO : 打开喷墨控制器设备成功！
2023-04-07 22:13:31,169 [AppLog] INFO : 初始化喷墨控制器成功！
2023-04-07 22:13:31,169 [AppLog] INFO : 进入：EquipmentMotionLogic3=》准备创建对象-手动操作！
2023-04-07 22:13:31,358 [AppLog] INFO : 进入：EquipmentMotionLogic3=》创建完成-手动操作！
2023-04-07 22:13:31,486 [AppLog] INFO : 红外灯控制器485通讯建立！
2023-04-07 22:13:31,488 [AppLog] INFO : 进入电气控制模块
2023-04-07 22:13:54,531 [AppLog] INFO : 电气控制模块：手动打开端口14
2023-04-07 22:13:55,436 [AppLog] INFO : 电气控制模块：手动打开端口15
2023-04-07 22:13:56,107 [AppLog] INFO : 退出电气控制模块
2023-04-07 22:13:57,027 [AppLog] INFO : 进入手动调试子模块！
2023-04-07 22:13:57,027 [AppLog] INFO : 进入：ManulBtn_Click=》准备创建对象-手动操作！
2023-04-07 22:13:57,059 [AppLog] INFO : 创建：ManualControl=》创建完成-手动操作！
2023-04-07 22:13:57,059 [AppLog] INFO : 加载成功：温控Modbus接口！
2023-04-07 22:14:00,272 [AppLog] INFO : 手动控制墨车运动开启：沿Y轴前侧方向运动 ↑↑↑：nAxis{{1}},Dir{{false}},nPlsSpeed{{{nSpeed}}},nPlsCount{{750000}},cControlFlag{{{nCtlValue}}}
2023-04-07 22:14:00,350 [AppLog] INFO : 手动控制墨车运动带减速停止：沿Y轴方向运动 ↑↑↑↓↓↓ ====: bImmeStop{{false}},nAxisMask{{0x2}}
2023-04-07 22:14:04,640 [AppLog] INFO : 手动控制墨车运动开启：沿Y轴后侧方向运动 ↓↓↓：nAxis{{1}},Dir{{true}},nPlsSpeed{{{nSpeed}}},nPlsCount{{750000}},cControlFlag{{{nCtlValue}}}
2023-04-07 22:14:05,093 [AppLog] INFO : 手动控制墨车运动带减速停止：沿Y轴方向运动 ↑↑↑↓↓↓ ====: bImmeStop{{false}},nAxisMask{{0x2}}
2023-04-07 22:14:05,358 [AppLog] INFO : 手动控制墨车运动开启：沿Y轴后侧方向运动 ↓↓↓：nAxis{{1}},Dir{{true}},nPlsSpeed{{{nSpeed}}},nPlsCount{{750000}},cControlFlag{{{nCtlValue}}}
2023-04-07 22:14:05,467 [AppLog] INFO : 手动控制墨车运动带减速停止：沿Y轴方向运动 ↑↑↑↓↓↓ ====: bImmeStop{{false}},nAxisMask{{0x2}}
2023-04-07 22:14:05,545 [AppLog] INFO : 手动控制墨车运动开启：沿Y轴后侧方向运动 ↓↓↓：nAxis{{1}},Dir{{true}},nPlsSpeed{{{nSpeed}}},nPlsCount{{750000}},cControlFlag{{{nCtlValue}}}
2023-04-07 22:14:05,685 [AppLog] INFO : 手动控制墨车运动带减速停止：沿Y轴方向运动 ↑↑↑↓↓↓ ====: bImmeStop{{false}},nAxisMask{{0x2}}
2023-04-07 22:14:05,748 [AppLog] INFO : 手动控制墨车运动开启：沿Y轴后侧方向运动 ↓↓↓：nAxis{{1}},Dir{{true}},nPlsSpeed{{{nSpeed}}},nPlsCount{{750000}},cControlFlag{{{nCtlValue}}}
2023-04-07 22:14:05,873 [AppLog] INFO : 手动控制墨车运动带减速停止：沿Y轴方向运动 ↑↑↑↓↓↓ ====: bImmeStop{{false}},nAxisMask{{0x2}}
2023-04-07 22:14:05,935 [AppLog] INFO : 手动控制墨车运动开启：沿Y轴后侧方向运动 ↓↓↓：nAxis{{1}},Dir{{true}},nPlsSpeed{{{nSpeed}}},nPlsCount{{750000}},cControlFlag{{{nCtlValue}}}
2023-04-07 22:14:06,044 [AppLog] INFO : 手动控制墨车运动带减速停止：沿Y轴方向运动 ↑↑↑↓↓↓ ====: bImmeStop{{false}},nAxisMask{{0x2}}
2023-04-07 22:14:06,107 [AppLog] INFO : 手动控制墨车运动开启：沿Y轴后侧方向运动 ↓↓↓：nAxis{{1}},Dir{{true}},nPlsSpeed{{{nSpeed}}},nPlsCount{{750000}},cControlFlag{{{nCtlValue}}}
2023-04-07 22:14:06,200 [AppLog] INFO : 手动控制墨车运动带减速停止：沿Y轴方向运动 ↑↑↑↓↓↓ ====: bImmeStop{{false}},nAxisMask{{0x2}}
2023-04-07 22:14:06,294 [AppLog] INFO : 手动控制墨车运动开启：沿Y轴后侧方向运动 ↓↓↓：nAxis{{1}},Dir{{true}},nPlsSpeed{{{nSpeed}}},nPlsCount{{750000}},cControlFlag{{{nCtlValue}}}
2023-04-07 22:14:06,387 [AppLog] INFO : 手动控制墨车运动带减速停止：沿Y轴方向运动 ↑↑↑↓↓↓ ====: bImmeStop{{false}},nAxisMask{{0x2}}
2023-04-07 22:14:06,481 [AppLog] INFO : 手动控制墨车运动开启：沿Y轴后侧方向运动 ↓↓↓：nAxis{{1}},Dir{{true}},nPlsSpeed{{{nSpeed}}},nPlsCount{{750000}},cControlFlag{{{nCtlValue}}}
2023-04-07 22:14:06,575 [AppLog] INFO : 手动控制墨车运动带减速停止：沿Y轴方向运动 ↑↑↑↓↓↓ ====: bImmeStop{{false}},nAxisMask{{0x2}}
2023-04-07 22:14:06,668 [AppLog] INFO : 手动控制墨车运动开启：沿Y轴后侧方向运动 ↓↓↓：nAxis{{1}},Dir{{true}},nPlsSpeed{{{nSpeed}}},nPlsCount{{750000}},cControlFlag{{{nCtlValue}}}
2023-04-07 22:14:06,762 [AppLog] INFO : 手动控制墨车运动带减速停止：沿Y轴方向运动 ↑↑↑↓↓↓ ====: bImmeStop{{false}},nAxisMask{{0x2}}
2023-04-07 22:14:06,840 [AppLog] INFO : 手动控制墨车运动开启：沿Y轴后侧方向运动 ↓↓↓：nAxis{{1}},Dir{{true}},nPlsSpeed{{{nSpeed}}},nPlsCount{{750000}},cControlFlag{{{nCtlValue}}}
2023-04-07 22:14:06,918 [AppLog] INFO : 手动控制墨车运动带减速停止：沿Y轴方向运动 ↑↑↑↓↓↓ ====: bImmeStop{{false}},nAxisMask{{0x2}}
2023-04-07 22:14:07,011 [AppLog] INFO : 手动控制墨车运动开启：沿Y轴后侧方向运动 ↓↓↓：nAxis{{1}},Dir{{true}},nPlsSpeed{{{nSpeed}}},nPlsCount{{750000}},cControlFlag{{{nCtlValue}}}
2023-04-07 22:14:07,089 [AppLog] INFO : 手动控制墨车运动带减速停止：沿Y轴方向运动 ↑↑↑↓↓↓ ====: bImmeStop{{false}},nAxisMask{{0x2}}
2023-04-07 22:14:07,183 [AppLog] INFO : 手动控制墨车运动开启：沿Y轴后侧方向运动 ↓↓↓：nAxis{{1}},Dir{{true}},nPlsSpeed{{{nSpeed}}},nPlsCount{{750000}},cControlFlag{{{nCtlValue}}}
2023-04-07 22:14:07,261 [AppLog] INFO : 手动控制墨车运动带减速停止：沿Y轴方向运动 ↑↑↑↓↓↓ ====: bImmeStop{{false}},nAxisMask{{0x2}}
2023-04-07 22:14:07,370 [AppLog] INFO : 手动控制墨车运动开启：沿Y轴后侧方向运动 ↓↓↓：nAxis{{1}},Dir{{true}},nPlsSpeed{{{nSpeed}}},nPlsCount{{750000}},cControlFlag{{{nCtlValue}}}
2023-04-07 22:14:07,401 [AppLog] INFO : 手动控制墨车运动带减速停止：沿Y轴方向运动 ↑↑↑↓↓↓ ====: bImmeStop{{false}},nAxisMask{{0x2}}
2023-04-07 22:14:08,337 [AppLog] INFO : 手动控制墨车运动开启，沿X轴右侧方向运动 ====》：nAxis{0},Dir{true},nPlsSpeed{5000},nPlsCount{750000},cControlFlag{2}
2023-04-07 22:14:09,071 [AppLog] INFO : 手动控制墨车运动带减速停止：沿X轴方向运动 ====》《=== ====: bImmeStop{false},nAxisMask{0x1}
2023-04-07 22:14:09,461 [AppLog] INFO : 手动控制墨车运动开启，沿X轴右侧方向运动 ====》：nAxis{0},Dir{true},nPlsSpeed{5000},nPlsCount{750000},cControlFlag{2}
2023-04-07 22:14:09,554 [AppLog] INFO : 手动控制墨车运动带减速停止：沿X轴方向运动 ====》《=== ====: bImmeStop{false},nAxisMask{0x1}
2023-04-07 22:14:21,379 [AppLog] INFO : 退出手动调试子模块,已执行修改
==========================================================================
2023-04-07 22:14:23,579 [AppLog] INFO : 进入手动调试子模块！
2023-04-07 22:14:23,579 [AppLog] INFO : 进入：ManulBtn_Click=》准备创建对象-手动操作！
2023-04-07 22:14:23,610 [AppLog] INFO : 创建：ManualControl=》创建完成-手动操作！
2023-04-07 22:14:23,610 [AppLog] INFO : 加载成功：温控Modbus接口！
2023-04-07 22:14:28,524 [AppLog] INFO : 开启铺粉车回零校准：PowderCarHomeBtn_Click
2023-04-07 22:14:28,524 [AppLog] INFO : 开启粉车回零校准线程：PowderCarHomeResetThread
2023-04-07 22:14:37,244 [AppLog] INFO : 手动正向点动指令（8轴运控板卡系统） ====》：输出AXIS{第2轴},点动量{-116MM},运动速度{50MM/s}
2023-04-07 22:14:37,244 [AppLog] INFO : 粉车回零校准线程成功：PowderCarHomeResetThread
2023-04-07 22:14:41,597 [AppLog] INFO : 开启自动供墨：DEV_EnableInkAutoSupply：ReturnCode{True},Action{true},ControlBit{255}
2023-04-07 22:14:47,150 [AppLog] INFO : 开启刮墨轴回零校准：SpreaderHomeBtn_Click
2023-04-07 22:14:48,164 [AppLog] INFO : 刮墨轴回零成功：SpreaderHomeBtn_Click：{AXIS{4},Vel{1圈/s},开槽位置{-108°}}
2023-04-07 22:14:50,489 [AppLog] INFO : 退出手动调试子模块,已执行修改
==========================================================================
2023-04-07 22:14:51,238 [AppLog] INFO : 进入数据加载模块
2023-04-07 22:15:05,465 [AppLog] INFO : CAD数据加载：添加.bjgroup格式CAD数据成功-D:\Release\CLI输入文件\shibiao-0321\shibiao-0321晚.bjgroup
2023-04-07 22:15:08,304 [AppLog] INFO : 进入手动调试子模块！
2023-04-07 22:15:08,304 [AppLog] INFO : 进入：ManulBtn_Click=》准备创建对象-手动操作！
2023-04-07 22:15:08,335 [AppLog] INFO : 创建：ManualControl=》创建完成-手动操作！
2023-04-07 22:15:08,335 [AppLog] INFO : 加载成功：温控Modbus接口！
2023-04-07 22:15:16,244 [AppLog] INFO : 更新波形路径：DEV_UpdateParam：{D:\Release\波形文件\0316新调=波形文件=水性胶水\世彪新调：ricoh_big-单点模式-开启MN1(开启微动).rhdat}
2023-04-07 22:15:16,244 [AppLog] INFO : {1}号喷头基准电压更新成功：DEV_SetWaveStdVoltage{0V,0V,0V,0V}；
2023-04-07 22:15:21,673 [AppLog] INFO : 重新加载完波形：DEV_ReloadWaveForm! 当前波形文件的基准电压参考值为：{18V}
2023-04-07 22:15:21,970 [AppLog] INFO : {1}号喷头电压调压成功：MCU_SetPhVoltage{0V,0V,0V,0V}；
2023-04-07 22:15:24,700 [AppLog] INFO : {1}号喷头温度更新成功：MCU_SetPhStdTemp{28℃}
2023-04-07 22:15:54,823 [AppLog] INFO : 退出手动调试子模块,已执行修改
==========================================================================
2023-04-07 22:15:56,305 [AppLog] INFO : 进入手动调试子模块！
2023-04-07 22:15:56,305 [AppLog] INFO : 进入：ManulBtn_Click=》准备创建对象-手动操作！
2023-04-07 22:15:56,321 [AppLog] INFO : 创建：ManualControl=》创建完成-手动操作！
2023-04-07 22:15:56,321 [AppLog] INFO : 加载成功：温控Modbus接口！
2023-04-07 22:15:59,035 [AppLog] INFO : 开启墨车回零校准：PrintCarHomeBtn_Click
2023-04-07 22:15:59,035 [AppLog] INFO : 开启墨车回零校准线程：InkCarEncoderResetThread
2023-04-07 22:16:08,036 [AppLog] INFO : 手动开启自动进给铺粉过程：AutoSupplyPowderBtn_Click
2023-04-07 22:16:08,036 [AppLog] INFO : 开启手动铺粉逻辑：NewAutoSupplyPowderThread
2023-04-07 22:16:08,177 [AppLog] INFO : 手动正向点动指令（8轴运控板卡系统） ====》：输出AXIS{第1轴},点动量{-0.1MM},运动速度{2MM/s}
2023-04-07 22:16:08,177 [AppLog] INFO : 成形面高度下降层厚 TrapSpace{0.1mm}：TrapMoveUp(1, true, Convert.ToString(vel), Convert.ToString(TrapSpace), true, true）
2023-04-07 22:16:08,957 [AppLog] INFO : 手动正向点动指令（8轴运控板卡系统） ====》：输出AXIS{第1轴},点动量{-1.5MM},运动速度{2MM/s}
2023-04-07 22:16:08,957 [AppLog] INFO : 成形面高度下降指定厚度 TrapSpace{1.5mm}：TrapMoveUp(1, true, Convert.ToString(vel), Convert.ToString(TrapSpace), true, true）
2023-04-07 22:16:09,721 [AppLog] INFO : 手动正向点动指令（8轴运控板卡系统） ====》：输出AXIS{第1轴},点动量{1.5MM},运动速度{2MM/s}
2023-04-07 22:16:09,737 [AppLog] INFO : 成形面高度上升层厚 TrapSpace{1.5mm}：TrapMoveUp(1, true, Convert.ToString(vel), Convert.ToString(TrapSpace), true, true）
2023-04-07 22:16:09,986 [AppLog] INFO : 手动正向点动指令（8轴运控板卡系统） ====》：输出AXIS{第8轴},点动量{0.5MM},运动速度{2.5MM/s}
2023-04-07 22:16:09,986 [AppLog] INFO : Hopper落粉轴转2圈落粉，速度0.5rev/s：TrapMoveUp(8, true, 0.5, rotateNuM.ToString(), true, false)
2023-04-07 22:16:11,266 [AppLog] INFO : 手动正向点动指令（8轴运控板卡系统） ====》：输出AXIS{第2轴},点动量{254MM},运动速度{200MM/s}
2023-04-07 22:16:11,266 [AppLog] INFO : 开启铺粉车不等停运动至准备打印位置255mm，速度200mm/s：BackToStation2
2023-04-07 22:16:11,266 [AppLog] INFO : 手动正向点动指令（8轴运控板卡系统） ====》：输出AXIS{第2轴},点动量{440MM},运动速度{50MM/s}
2023-04-07 22:16:11,266 [AppLog] INFO : 开启铺粉车不等停运动至站2，速度0.5rev/s：BackToStation2
2023-04-07 22:16:11,390 [AppLog] INFO : 打开IR灯：OpenIRLamp(true)
2023-04-07 22:16:11,437 [AppLog] INFO : 手动正向点动指令（8轴运控板卡系统） ====》：输出AXIS{第3轴},点动量{0.5MM},运动速度{0.0753424657534247MM/s}
2023-04-07 22:16:11,437 [AppLog] INFO : 开启均匀落粉及辊子铺平运动：TrapMoveUp(3, true, Convert.ToString(DispenseRollerSpeed), 0.5, true, true)
2023-04-07 22:16:16,476 [AppLog] INFO : 关闭IR灯：OpenIRLamp(false)
2023-04-07 22:16:18,832 [AppLog] INFO : 手动正向点动指令（8轴运控板卡系统） ====》：输出AXIS{第3轴},点动量{0.5MM},运动速度{2MM/s}
2023-04-07 22:16:18,832 [AppLog] INFO : 落粉轴继续转动以倒掉余粉：TrapMoveUp(3, true, 2, 0.5, true, false)
2023-04-07 22:16:20,844 [AppLog] INFO : 手动正向点动指令（8轴运控板卡系统） ====》：输出AXIS{第1轴},点动量{-1.5MM},运动速度{2MM/s}
2023-04-07 22:16:20,844 [AppLog] INFO : 成形面高度下降指定厚度 TrapSpace{1.5mm}：TrapMoveUp(1, true, Convert.ToString(vel), Convert.ToString(TrapSpace), true, true）
2023-04-07 22:16:22,248 [AppLog] INFO : 墨车回零校准线程成功：InkCarEncoderResetThread
2023-04-07 22:16:24,339 [AppLog] INFO : 手动正向点动指令（8轴运控板卡系统） ====》：输出AXIS{第2轴},点动量{-698MM},运动速度{200MM/s}
2023-04-07 22:16:24,339 [AppLog] INFO : 铺粉车返回至站1：BackToStation2(AimPos, MovSpeed, true)：-3mm，速度200mm/s：BackToStation2
2023-04-07 22:16:24,729 [AppLog] INFO : 落粉轴回零成功：motionMap.SetBackSpreaderAxis(3, 0.5, 2, -SinkPosition)：ReturnCode{True}
2023-04-07 22:16:25,493 [AppLog] INFO : 手动正向点动指令（8轴运控板卡系统） ====》：输出AXIS{第1轴},点动量{1.5MM},运动速度{2MM/s}
2023-04-07 22:16:25,493 [AppLog] INFO : 成形面高度上升层厚 TrapSpace{1.5mm}：TrapMoveUp(1, true, Convert.ToString(vel), Convert.ToString(TrapSpace), true, true）
2023-04-07 22:16:25,493 [AppLog] INFO : 手动铺粉正常结束：NewAutoSupplyPowderThread
2023-04-07 22:16:25,509 [AppLog] INFO : 发送监控指令，拍照记录1条：SendMessageFromSharedMemory
2023-04-07 22:16:29,923 [AppLog] INFO : 手动控制墨车运动开启：沿Y轴后侧方向运动 ↓↓↓：nAxis{{1}},Dir{{true}},nPlsSpeed{{{nSpeed}}},nPlsCount{{750000}},cControlFlag{{{nCtlValue}}}
2023-04-07 22:16:29,970 [AppLog] INFO : 手动控制墨车运动带减速停止：沿Y轴方向运动 ↑↑↑↓↓↓ ====: bImmeStop{{false}},nAxisMask{{0x2}}
2023-04-07 22:16:30,563 [AppLog] INFO : 手动控制墨车运动开启：沿Y轴后侧方向运动 ↓↓↓：nAxis{{1}},Dir{{true}},nPlsSpeed{{{nSpeed}}},nPlsCount{{750000}},cControlFlag{{{nCtlValue}}}
2023-04-07 22:16:35,649 [AppLog] INFO : 手动控制墨车运动带减速停止：沿Y轴方向运动 ↑↑↑↓↓↓ ====: bImmeStop{{false}},nAxisMask{{0x2}}
2023-04-07 22:16:46,506 [AppLog] INFO : 开启手动压墨：PushInkBtn_Click
2023-04-07 22:16:48,441 [AppLog] INFO : 停止手动压墨：PushInkBtn_Click
2023-04-07 22:16:48,924 [AppLog] INFO : 开启手动压墨：PushInkBtn_Click
2023-04-07 22:16:53,401 [AppLog] INFO : 停止手动压墨：PushInkBtn_Click
2023-04-07 22:16:54,010 [AppLog] INFO : 开启手动压墨：PushInkBtn_Click
2023-04-07 22:16:57,395 [AppLog] INFO : 停止手动压墨：PushInkBtn_Click
2023-04-07 22:16:57,879 [AppLog] INFO : 开启手动压墨：PushInkBtn_Click
2023-04-07 22:17:01,763 [AppLog] INFO : 停止手动压墨：PushInkBtn_Click
2023-04-07 22:17:04,009 [AppLog] INFO : 手动开启自动清洗过程：AutoCleanBtn_Click
2023-04-07 22:17:04,009 [AppLog] INFO : 进入自动清洗过程：AutoCleanThread
2023-04-07 22:17:04,977 [AppLog] INFO : 刮墨轴回零成功：motionMap.SetBackSpreaderAxis(4, 1, 2, -SinkPosition)
2023-04-07 22:17:04,977 [AppLog] INFO : 准备读取编码器位置：Y方向！
2023-04-07 22:17:04,977 [AppLog] INFO : 准备运动，编码器当前位置：DEM_GetAxisEncodeVal：MoveDirectionFlag{false为Y方向：True}CurrentPos{313.57}AimPos{121}
2023-04-07 22:17:05,008 [AppLog] INFO : Y方向运动开始：DEM_Run：返回值{True}nAxis{1}DirFlag{False}nSpeed{300000}MoveStep{-192570}nCtlValue{0}
2023-04-07 22:17:06,209 [AppLog] INFO : Y方向到位停止：DEM_StopAxisRun：返回值{True}CurrentPos{129.285}bImmeStop{False}nAxisMask{2}
2023-04-07 22:17:06,209 [AppLog] INFO : 准备读取编码器位置：X方向！
2023-04-07 22:17:06,209 [AppLog] INFO : 准备运动，当前位置：DEV_GetPrintEncoderValue：MoveDirectionFlag{false为Y方向：False}CurrentPos{738.11}AimPos{780}
2023-04-07 22:17:06,240 [AppLog] INFO : X方向运动开始：DEM_Run：返回值{True}nAxis{0}DirFlag{True}nSpeed{300000}MoveStep{41890}nCtlValue{2}
2023-04-07 22:17:06,802 [AppLog] INFO : X方向到位停止：DEM_StopAxisRun：返回值{True}CurrentPos{776.735}bImmeStop{False}nAxisMask{1}
2023-04-07 22:17:07,629 [AppLog] INFO : 开启压墨： motionMap.SetDo(13, true)
2023-04-07 22:17:10,639 [AppLog] INFO : 关闭压墨： motionMap.SetDo(13, true)
2023-04-07 22:17:10,639 [AppLog] INFO : 准备读取编码器位置：X方向！
2023-04-07 22:17:10,655 [AppLog] INFO : 准备运动，当前位置：DEV_GetPrintEncoderValue：MoveDirectionFlag{false为Y方向：False}CurrentPos{779.57}AimPos{680}
2023-04-07 22:17:10,686 [AppLog] INFO : X方向运动开始：DEM_Run：返回值{True}nAxis{0}DirFlag{False}nSpeed{50000}MoveStep{-99570}nCtlValue{2}
2023-04-07 22:17:12,730 [AppLog] INFO : X方向到位停止：DEM_StopAxisRun：返回值{True}CurrentPos{683.96}bImmeStop{False}nAxisMask{1}
2023-04-07 22:17:13,557 [AppLog] INFO : 结束自动清洗过程：AutoCleanThread
2023-04-07 22:17:14,227 [AppLog] INFO : 手动控制墨车运动开启：沿Y轴后侧方向运动 ↓↓↓：nAxis{{1}},Dir{{true}},nPlsSpeed{{{nSpeed}}},nPlsCount{{750000}},cControlFlag{{{nCtlValue}}}
2023-04-07 22:17:17,831 [AppLog] INFO : 手动控制墨车运动带减速停止：沿Y轴方向运动 ↑↑↑↓↓↓ ====: bImmeStop{{false}},nAxisMask{{0x2}}
2023-04-07 22:17:19,126 [AppLog] INFO : 手动控制墨车运动开启，沿X轴右侧方向运动 ====》：nAxis{0},Dir{true},nPlsSpeed{50000},nPlsCount{750000},cControlFlag{2}
2023-04-07 22:17:20,920 [AppLog] INFO : 手动控制墨车运动带减速停止：沿X轴方向运动 ====》《=== ====: bImmeStop{false},nAxisMask{0x1}
2023-04-07 22:17:21,887 [AppLog] INFO : 手动控制墨车运动开启：沿Y轴后侧方向运动 ↓↓↓：nAxis{{1}},Dir{{true}},nPlsSpeed{{{nSpeed}}},nPlsCount{{750000}},cControlFlag{{{nCtlValue}}}
2023-04-07 22:17:22,121 [AppLog] INFO : 手动控制墨车运动带减速停止：沿Y轴方向运动 ↑↑↑↓↓↓ ====: bImmeStop{{false}},nAxisMask{{0x2}}
2023-04-07 22:17:22,667 [AppLog] INFO : 手动控制墨车运动开启：沿Y轴后侧方向运动 ↓↓↓：nAxis{{1}},Dir{{true}},nPlsSpeed{{{nSpeed}}},nPlsCount{{750000}},cControlFlag{{{nCtlValue}}}
2023-04-07 22:17:22,745 [AppLog] INFO : 手动控制墨车运动带减速停止：沿Y轴方向运动 ↑↑↑↓↓↓ ====: bImmeStop{{false}},nAxisMask{{0x2}}
2023-04-07 22:18:07,829 [AppLog] INFO : 手动正向JOG指令（8轴运控板卡系统） ====》：输出AXIS{第4轴},运动速度{0.5MM/s}
2023-04-07 22:18:07,938 [AppLog] INFO : 自动停止铺粉棍轴JOG输出（8轴运控板卡系统） ====》：输出AXIS{第6轴}
2023-04-07 22:18:07,938 [AppLog] INFO : 手动停止JOG输出（8轴运控板卡系统） ====》：输出AXIS{第4轴}
2023-04-07 22:18:09,233 [AppLog] INFO : 手动正向JOG指令（8轴运控板卡系统） ====》：输出AXIS{第4轴},运动速度{0.5MM/s}
2023-04-07 22:18:09,327 [AppLog] INFO : 自动停止铺粉棍轴JOG输出（8轴运控板卡系统） ====》：输出AXIS{第6轴}
2023-04-07 22:18:09,342 [AppLog] INFO : 手动停止JOG输出（8轴运控板卡系统） ====》：输出AXIS{第4轴}
2023-04-07 22:18:11,058 [AppLog] INFO : 手动正向JOG指令（8轴运控板卡系统） ====》：输出AXIS{第4轴},运动速度{0.5MM/s}
2023-04-07 22:18:11,745 [AppLog] INFO : 自动停止铺粉棍轴JOG输出（8轴运控板卡系统） ====》：输出AXIS{第6轴}
2023-04-07 22:18:11,760 [AppLog] INFO : 手动停止JOG输出（8轴运控板卡系统） ====》：输出AXIS{第4轴}
2023-04-07 22:18:22,212 [AppLog] INFO : 开启刮墨轴回零校准：SpreaderHomeBtn_Click
2023-04-07 22:18:23,788 [AppLog] INFO : 刮墨轴回零成功：SpreaderHomeBtn_Click：{AXIS{4},Vel{1圈/s},开槽位置{-108°}}
2023-04-07 22:18:27,407 [AppLog] INFO : 手动停止自动清洗过程：AutoCleanBtn_Click
2023-04-07 22:18:27,797 [AppLog] INFO : 手动开启自动清洗过程：AutoCleanBtn_Click
2023-04-07 22:18:27,813 [AppLog] INFO : 进入自动清洗过程：AutoCleanThread
2023-04-07 22:18:28,780 [AppLog] INFO : 刮墨轴回零成功：motionMap.SetBackSpreaderAxis(4, 1, 2, -SinkPosition)
2023-04-07 22:18:28,780 [AppLog] INFO : 准备读取编码器位置：Y方向！
2023-04-07 22:18:28,780 [AppLog] INFO : 准备运动，编码器当前位置：DEM_GetAxisEncodeVal：MoveDirectionFlag{false为Y方向：True}CurrentPos{322.71}AimPos{121}
2023-04-07 22:18:28,811 [AppLog] INFO : Y方向运动开始：DEM_Run：返回值{True}nAxis{1}DirFlag{False}nSpeed{300000}MoveStep{-201710}nCtlValue{0}
2023-04-07 22:18:30,044 [AppLog] INFO : Y方向到位停止：DEM_StopAxisRun：返回值{True}CurrentPos{128.835}bImmeStop{False}nAxisMask{2}
2023-04-07 22:18:30,044 [AppLog] INFO : 准备读取编码器位置：X方向！
2023-04-07 22:18:30,044 [AppLog] INFO : 准备运动，当前位置：DEV_GetPrintEncoderValue：MoveDirectionFlag{false为Y方向：False}CurrentPos{772.16}AimPos{780}
2023-04-07 22:18:30,090 [AppLog] INFO : X方向运动开始：DEM_Run：返回值{True}nAxis{0}DirFlag{True}nSpeed{300000}MoveStep{7840.00000000003}nCtlValue{2}
2023-04-07 22:18:30,418 [AppLog] INFO : X方向到位停止：DEM_StopAxisRun：返回值{True}CurrentPos{779.785}bImmeStop{False}nAxisMask{1}
2023-04-07 22:18:31,245 [AppLog] INFO : 开启压墨： motionMap.SetDo(13, true)
2023-04-07 22:18:34,256 [AppLog] INFO : 关闭压墨： motionMap.SetDo(13, true)
2023-04-07 22:18:34,256 [AppLog] INFO : 准备读取编码器位置：X方向！
2023-04-07 22:18:34,271 [AppLog] INFO : 准备运动，当前位置：DEV_GetPrintEncoderValue：MoveDirectionFlag{false为Y方向：False}CurrentPos{780.01}AimPos{680}
2023-04-07 22:18:34,302 [AppLog] INFO : X方向运动开始：DEM_Run：返回值{True}nAxis{0}DirFlag{False}nSpeed{50000}MoveStep{-100010}nCtlValue{2}
2023-04-07 22:18:36,362 [AppLog] INFO : X方向到位停止：DEM_StopAxisRun：返回值{True}CurrentPos{683.84}bImmeStop{False}nAxisMask{1}
2023-04-07 22:18:37,188 [AppLog] INFO : 结束自动清洗过程：AutoCleanThread
2023-04-07 22:18:40,730 [AppLog] INFO : 手动控制墨车运动开启：沿Y轴后侧方向运动 ↓↓↓：nAxis{{1}},Dir{{true}},nPlsSpeed{{{nSpeed}}},nPlsCount{{750000}},cControlFlag{{{nCtlValue}}}
2023-04-07 22:18:44,474 [AppLog] INFO : 手动控制墨车运动带减速停止：沿Y轴方向运动 ↑↑↑↓↓↓ ====: bImmeStop{{false}},nAxisMask{{0x2}}
2023-04-07 22:18:45,129 [AppLog] INFO : 手动控制墨车运动开启，沿X轴右侧方向运动 ====》：nAxis{0},Dir{true},nPlsSpeed{50000},nPlsCount{750000},cControlFlag{2}
2023-04-07 22:18:46,689 [AppLog] INFO : 手动控制墨车运动带减速停止：沿X轴方向运动 ====》《=== ====: bImmeStop{false},nAxisMask{0x1}
2023-04-07 22:18:58,155 [AppLog] INFO : 退出手动调试子模块,已执行修改
==========================================================================
2023-04-07 22:19:01,992 [AppLog] INFO : 启动打印任务：准备开启数据处理及打印线程
2023-04-07 22:19:01,992 [AppLog] INFO : 停止打印任务，释放板卡内存：IDP_StopPrintJob()：ReturnFlag{True}
2023-04-07 22:19:01,992 [AppLog] INFO : 启动打印线程成功： DataTaskTHREAD
2023-04-07 22:19:02,008 [AppLog] INFO : 启动打印线程成功：PrintTaskTHREAD
2023-04-07 22:19:02,008 [AppLog] INFO : 写入打印参数：IDP_SartPrintJob：nJobID{1}szJobName{金属3DP打印}nPixelGrayBits{1} nPrtCtl{0}nPrtXEncPos{10000}fPrtYPos{0}
2023-04-07 22:19:02,024 [AppLog] INFO : 进入：EquipmentMotionLogic3=》准备创建对象-手动操作！
2023-04-07 22:19:02,055 [AppLog] INFO : 创建：AutoPrintMotion4=》初次创建完成-手动操作！
2023-04-07 22:19:02,070 [AppLog] INFO : 准备处理第1层数据：准备调用RenderToWic，index为0，subindex为0，g_nRePrintTimes为1，起始层为0
2023-04-07 22:19:02,258 [AppLog] INFO : 完成处理第0层数据：准备调用DrawLayerBMP，index为0，起始层为0
2023-04-07 22:19:02,258 [AppLog] INFO : 完成处理第0层数据：准备调用DrawLayerBMP，index为0，起始层为0
2023-04-07 22:19:02,975 [AppLog] INFO : 作业写入成功：IDP_WriteImgLayerData：bpp:{1bit}灰阶:{1阶}nLayerIndex{0}LayerIndex{0}SubIndex{0}RePrintTimes{1}nBytesPerLine{1004}nWidth{8001}nHeight{7560}nXEncOff{0}nYJetOff{0}nImgStartJetIndex{0}nXDPI{635}nYDPI{600}nPrtDir{0} nPrtFlag{1}nColorCnts{1}nReserved{System.Int32[]}
2023-04-07 22:19:02,975 [AppLog] INFO : 完成处理第1层数据：准备调用RenderToWic，index为0，subindex为0，g_nRePrintTimes为1，起始层为0
2023-04-07 22:19:02,991 [AppLog] INFO : 准备处理第1层数据：准备调用RenderToWic，index为0，subindex为1，g_nRePrintTimes为1，起始层为0
2023-04-07 22:19:03,162 [AppLog] INFO : 完成处理第0层数据：准备调用DrawLayerBMP，index为0，起始层为0
2023-04-07 22:19:03,162 [AppLog] INFO : 完成处理第0层数据：准备调用DrawLayerBMP，index为0，起始层为0
2023-04-07 22:19:03,927 [AppLog] INFO : 作业写入成功：IDP_WriteImgLayerData：bpp:{1bit}灰阶:{1阶}nLayerIndex{1}LayerIndex{0}SubIndex{1}RePrintTimes{1}nBytesPerLine{1004}nWidth{8001}nHeight{7560}nXEncOff{0}nYJetOff{0}nImgStartJetIndex{0}nXDPI{635}nYDPI{600}nPrtDir{0} nPrtFlag{1}nColorCnts{1}nReserved{System.Int32[]}
2023-04-07 22:19:03,927 [AppLog] INFO : 完成处理第1层数据：准备调用RenderToWic，index为0，subindex为1，g_nRePrintTimes为1，起始层为0
2023-04-07 22:19:03,942 [AppLog] INFO : 准备处理第1层数据：准备调用RenderToWic，index为1，subindex为0，g_nRePrintTimes为1，起始层为0
2023-04-07 22:19:04,036 [AppLog] INFO : 关闭自动供墨：DEV_EnableInkAutoSupply：ControlBit{0xX}
2023-04-07 22:19:04,052 [AppLog] INFO : 初始化墨轴1：DEM_InitAxis：{0, 0x100}
2023-04-07 22:19:04,052 [AppLog] INFO : 初始化墨轴2：DEM_InitAxis：{1, 0x1400}
2023-04-07 22:19:04,067 [AppLog] INFO : 初始化墨轴3：DEM_InitAxis：{1, 0x1400}
2023-04-07 22:19:04,067 [AppLog] INFO : 使能所有墨轴：DEM_EnableAxisRun：{true}
2023-04-07 22:19:04,067 [AppLog] INFO : 使能双Y墨轴输出同步：DEM_EnableDYOutPut：{true, true}
2023-04-07 22:19:04,083 [AppLog] INFO : 初始化墨轴1：DEM_InitAxis：{0, 0x100}
2023-04-07 22:19:04,083 [AppLog] INFO : 使能所有墨轴：DEM_EnableAxisRun：{true}
2023-04-07 22:19:04,098 [AppLog] INFO : 开启自动供墨：DEV_EnableInkAutoSupply：ControlBit{0xFF}
2023-04-07 22:19:04,098 [AppLog] INFO : 接收到起始打印指令：PrintTaskTHREAD
2023-04-07 22:19:04,098 [AppLog] INFO : 获取打印Pass数据：IDP_GetPassItem2：nLayerIndex{1}nPassID{0}nProcState{3}LPPassDataItemb:PrtDir{False}nDataTxCompleteCnt{1}nHwMemAdrMatchMask{1}nLayerIndex{1}nLayerPassCount{6}nLayerPassIndex{0}nMinJet0ImgLinePos{0}nPrtMemHwAddr{System.UInt32[]}nPrtDataOffset{System.UInt32[]}nSrcDataSize{System.UInt32[]}nPrtColBytes{System.UInt32[]}nPrtPrecession{8}nSrcEndCols{8000}nSrcStartCols{0}nStartEncPos{76472}nValidPassJets{1280}nValidPrtCols{8310}nValidPrtCtlCnts{1}pDataBuf{0}pNextItem{685946272}
2023-04-07 22:19:04,114 [AppLog] INFO : 完成处理第1层数据：准备调用DrawLayerBMP，index为1，起始层为0
2023-04-07 22:19:04,114 [AppLog] INFO : 完成处理第1层数据：准备调用DrawLayerBMP，index为1，起始层为0
2023-04-07 22:19:04,114 [AppLog] INFO : 使能Pass打印成功：IDP_DoPassPrint2：nLayerIndex{1}nPassID{0}
2023-04-07 22:19:04,130 [AppLog] INFO : PASS打印前关键状态：DEV_GetDeviceInfo2：nLayerIndex{1}nPassID{0}LPPRINTER_INFO:nXSysEncDPI{0}nStatus{0}nPrintStatus{0}bSuperDevice{0}
LPPRINTER_INFO-LPPrtRunInfo:bJobPrtRuning{False}bLayerPrtIsOver{False}nContReqMemErr{0}nContWDErr{0}nCurPrtDir{0}nDTLayerIndex{0}nDTLayerPassIndex{0}nDTPtrCtlIndex{0}nLayerPassCount{0}nPrintLayerIndex{0}nPrintPassIndex{0}nProcLayerIndex{0}nPrtDataMemAddr{0}nPrtState{0}nReverse{System.Int32[]}nRevPrtCols{0}
LPPRINTER_INFO-LPDRVINFO:nFMVersion{0}nFpgaVersion{0}nPCBVersion{0}nState{0}nNextState{0}nPtvwarnState{0}nCrc32{0}nRevInfo{System.UInt32[]}nSignature{0}
2023-04-07 22:19:04,130 [AppLog] INFO : 进入：EquipmentMotionLogic3=》准备创建对象-手动操作！
2023-04-07 22:19:04,192 [AppLog] INFO : 进入：EquipmentMotionLogic3=》初次创建完成-手动操作！
2023-04-07 22:19:04,192 [AppLog] INFO : 进入：EquipmentMotionLogic3=》赋值完成自-AutoPrintMotion2！
2023-04-07 22:19:04,192 [AppLog] INFO : 进入：EquipmentMotionLogic3=》加载配置文件-LoadJsonFile成功！
2023-04-07 22:19:04,192 [AppLog] INFO : 进入自动清洗过程：AutoCleanThread
2023-04-07 22:19:04,847 [AppLog] INFO : 作业写入成功：IDP_WriteImgLayerData：bpp:{1bit}灰阶:{1阶}nLayerIndex{2}LayerIndex{1}SubIndex{1}RePrintTimes{1}nBytesPerLine{1004}nWidth{8001}nHeight{7560}nXEncOff{0}nYJetOff{0}nImgStartJetIndex{0}nXDPI{635}nYDPI{600}nPrtDir{0} nPrtFlag{1}nColorCnts{1}nReserved{System.Int32[]}
2023-04-07 22:19:04,847 [AppLog] INFO : 完成处理第1层数据：准备调用RenderToWic，index为1，subindex为0，g_nRePrintTimes为1，起始层为0
2023-04-07 22:19:04,847 [AppLog] INFO : 准备处理第1层数据：准备调用RenderToWic，index为2，subindex为0，g_nRePrintTimes为1，起始层为0
2023-04-07 22:19:05,019 [AppLog] INFO : 完成处理第2层数据：准备调用DrawLayerBMP，index为2，起始层为0
2023-04-07 22:19:05,019 [AppLog] INFO : 完成处理第2层数据：准备调用DrawLayerBMP，index为2，起始层为0
2023-04-07 22:19:05,159 [AppLog] INFO : 刮墨轴回零成功：motionMap.SetBackSpreaderAxis(4, 1, 2, -SinkPosition)
2023-04-07 22:19:05,159 [AppLog] INFO : 准备读取编码器位置：Y方向！
2023-04-07 22:19:05,159 [AppLog] INFO : 准备运动，编码器当前位置：DEM_GetAxisEncodeVal：MoveDirectionFlag{false为Y方向：True}CurrentPos{311.73}AimPos{121}
2023-04-07 22:19:05,190 [AppLog] INFO : Y方向运动开始：DEM_Run：返回值{True}nAxis{1}DirFlag{False}nSpeed{300000}MoveStep{-190730}nCtlValue{0}
2023-04-07 22:19:05,721 [AppLog] INFO : 作业写入成功：IDP_WriteImgLayerData：bpp:{1bit}灰阶:{1阶}nLayerIndex{3}LayerIndex{2}SubIndex{1}RePrintTimes{1}nBytesPerLine{1004}nWidth{8001}nHeight{7560}nXEncOff{0}nYJetOff{0}nImgStartJetIndex{0}nXDPI{635}nYDPI{600}nPrtDir{0} nPrtFlag{1}nColorCnts{1}nReserved{System.Int32[]}
2023-04-07 22:19:05,721 [AppLog] INFO : 完成处理第1层数据：准备调用RenderToWic，index为2，subindex为0，g_nRePrintTimes为1，起始层为0
2023-04-07 22:19:05,721 [AppLog] INFO : 准备处理第1层数据：准备调用RenderToWic，index为3，subindex为0，g_nRePrintTimes为1，起始层为0
2023-04-07 22:19:05,830 [AppLog] INFO : Y方向到位停止：DEM_StopAxisRun：返回值{True}CurrentPos{164.125}bImmeStop{False}nAxisMask{2}
2023-04-07 22:19:05,892 [AppLog] INFO : 完成处理第3层数据：准备调用DrawLayerBMP，index为3，起始层为0
2023-04-07 22:19:05,924 [AppLog] INFO : 准备读取编码器位置：X方向！
2023-04-07 22:19:05,939 [AppLog] INFO : 完成处理第3层数据：准备调用DrawLayerBMP，index为3，起始层为0
2023-04-07 22:19:05,986 [AppLog] INFO : 准备运动，当前位置：DEV_GetPrintEncoderValue：MoveDirectionFlag{false为Y方向：False}CurrentPos{760.425}AimPos{780}
2023-04-07 22:19:06,017 [AppLog] INFO : X方向运动开始：DEM_Run：返回值{True}nAxis{0}DirFlag{True}nSpeed{300000}MoveStep{19574.9999999999}nCtlValue{2}
2023-04-07 22:19:06,376 [AppLog] INFO : X方向到位停止：DEM_StopAxisRun：返回值{True}CurrentPos{776.335}bImmeStop{False}nAxisMask{1}
2023-04-07 22:19:06,641 [AppLog] INFO : 作业写入成功：IDP_WriteImgLayerData：bpp:{1bit}灰阶:{1阶}nLayerIndex{4}LayerIndex{3}SubIndex{1}RePrintTimes{1}nBytesPerLine{1004}nWidth{8001}nHeight{7560}nXEncOff{0}nYJetOff{0}nImgStartJetIndex{0}nXDPI{635}nYDPI{600}nPrtDir{0} nPrtFlag{1}nColorCnts{1}nReserved{System.Int32[]}
2023-04-07 22:19:06,641 [AppLog] INFO : 完成处理第1层数据：准备调用RenderToWic，index为3，subindex为0，g_nRePrintTimes为1，起始层为0
2023-04-07 22:19:06,672 [AppLog] INFO : 准备处理第1层数据：准备调用RenderToWic，index为4，subindex为0，g_nRePrintTimes为1，起始层为0
2023-04-07 22:19:06,844 [AppLog] INFO : 完成处理第4层数据：准备调用DrawLayerBMP，index为4，起始层为0
2023-04-07 22:19:06,844 [AppLog] INFO : 完成处理第4层数据：准备调用DrawLayerBMP，index为4，起始层为0
2023-04-07 22:19:07,156 [AppLog] INFO : 开启压墨： motionMap.SetDo(13, true)
2023-04-07 22:19:07,562 [AppLog] INFO : 作业写入成功：IDP_WriteImgLayerData：bpp:{1bit}灰阶:{1阶}nLayerIndex{5}LayerIndex{4}SubIndex{1}RePrintTimes{1}nBytesPerLine{1004}nWidth{8001}nHeight{7560}nXEncOff{0}nYJetOff{0}nImgStartJetIndex{0}nXDPI{635}nYDPI{600}nPrtDir{0} nPrtFlag{1}nColorCnts{1}nReserved{System.Int32[]}
2023-04-07 22:19:07,562 [AppLog] INFO : 完成处理第1层数据：准备调用RenderToWic，index为4，subindex为0，g_nRePrintTimes为1，起始层为0
2023-04-07 22:19:07,562 [AppLog] INFO : 准备处理第1层数据：准备调用RenderToWic，index为5，subindex为0，g_nRePrintTimes为1，起始层为0
2023-04-07 22:19:07,733 [AppLog] INFO : 完成处理第5层数据：准备调用DrawLayerBMP，index为5，起始层为0
2023-04-07 22:19:07,749 [AppLog] INFO : 完成处理第5层数据：准备调用DrawLayerBMP，index为5，起始层为0
2023-04-07 22:19:08,466 [AppLog] INFO : 作业写入成功：IDP_WriteImgLayerData：bpp:{1bit}灰阶:{1阶}nLayerIndex{6}LayerIndex{5}SubIndex{1}RePrintTimes{1}nBytesPerLine{1004}nWidth{8001}nHeight{7560}nXEncOff{0}nYJetOff{0}nImgStartJetIndex{0}nXDPI{635}nYDPI{600}nPrtDir{0} nPrtFlag{1}nColorCnts{1}nReserved{System.Int32[]}
2023-04-07 22:19:08,466 [AppLog] INFO : 完成处理第1层数据：准备调用RenderToWic，index为5，subindex为0，g_nRePrintTimes为1，起始层为0
2023-04-07 22:19:08,498 [AppLog] INFO : 准备处理第1层数据：准备调用RenderToWic，index为6，subindex为0，g_nRePrintTimes为1，起始层为0
2023-04-07 22:19:08,669 [AppLog] INFO : 完成处理第6层数据：准备调用DrawLayerBMP，index为6，起始层为0
2023-04-07 22:19:08,669 [AppLog] INFO : 完成处理第6层数据：准备调用DrawLayerBMP，index为6，起始层为0
2023-04-07 22:19:09,387 [AppLog] INFO : 作业写入成功：IDP_WriteImgLayerData：bpp:{1bit}灰阶:{1阶}nLayerIndex{7}LayerIndex{6}SubIndex{1}RePrintTimes{1}nBytesPerLine{1004}nWidth{8001}nHeight{7560}nXEncOff{0}nYJetOff{0}nImgStartJetIndex{0}nXDPI{635}nYDPI{600}nPrtDir{0} nPrtFlag{1}nColorCnts{1}nReserved{System.Int32[]}
2023-04-07 22:19:09,387 [AppLog] INFO : 完成处理第1层数据：准备调用RenderToWic，index为6，subindex为0，g_nRePrintTimes为1，起始层为0
2023-04-07 22:19:09,387 [AppLog] INFO : 准备处理第1层数据：准备调用RenderToWic，index为7，subindex为0，g_nRePrintTimes为1，起始层为0
2023-04-07 22:19:09,574 [AppLog] INFO : 完成处理第7层数据：准备调用DrawLayerBMP，index为7，起始层为0
2023-04-07 22:19:09,574 [AppLog] INFO : 完成处理第7层数据：准备调用DrawLayerBMP，index为7，起始层为0
2023-04-07 22:19:10,167 [AppLog] INFO : 关闭压墨： motionMap.SetDo(13, true)
2023-04-07 22:19:10,167 [AppLog] INFO : 准备读取编码器位置：X方向！
2023-04-07 22:19:10,167 [AppLog] INFO : 准备运动，当前位置：DEV_GetPrintEncoderValue：MoveDirectionFlag{false为Y方向：False}CurrentPos{780.02}AimPos{680}
2023-04-07 22:19:10,198 [AppLog] INFO : X方向运动开始：DEM_Run：返回值{True}nAxis{0}DirFlag{False}nSpeed{50000}MoveStep{-100020}nCtlValue{2}
2023-04-07 22:19:10,260 [AppLog] INFO : 作业写入成功：IDP_WriteImgLayerData：bpp:{1bit}灰阶:{1阶}nLayerIndex{8}LayerIndex{7}SubIndex{1}RePrintTimes{1}nBytesPerLine{1004}nWidth{8001}nHeight{7560}nXEncOff{0}nYJetOff{0}nImgStartJetIndex{0}nXDPI{635}nYDPI{600}nPrtDir{0} nPrtFlag{1}nColorCnts{1}nReserved{System.Int32[]}
2023-04-07 22:19:10,260 [AppLog] INFO : 完成处理第1层数据：准备调用RenderToWic，index为7，subindex为0，g_nRePrintTimes为1，起始层为0
2023-04-07 22:19:10,260 [AppLog] INFO : 准备处理第1层数据：准备调用RenderToWic，index为8，subindex为0，g_nRePrintTimes为1，起始层为0
2023-04-07 22:19:10,448 [AppLog] INFO : 完成处理第8层数据：准备调用DrawLayerBMP，index为8，起始层为0
2023-04-07 22:19:10,448 [AppLog] INFO : 完成处理第8层数据：准备调用DrawLayerBMP，index为8，起始层为0
2023-04-07 22:19:11,259 [AppLog] INFO : 作业写入成功：IDP_WriteImgLayerData：bpp:{1bit}灰阶:{1阶}nLayerIndex{9}LayerIndex{8}SubIndex{1}RePrintTimes{1}nBytesPerLine{1004}nWidth{8001}nHeight{7560}nXEncOff{0}nYJetOff{0}nImgStartJetIndex{0}nXDPI{635}nYDPI{600}nPrtDir{0} nPrtFlag{1}nColorCnts{1}nReserved{System.Int32[]}
2023-04-07 22:19:11,259 [AppLog] INFO : 完成处理第1层数据：准备调用RenderToWic，index为8，subindex为0，g_nRePrintTimes为1，起始层为0
2023-04-07 22:19:11,259 [AppLog] INFO : 准备处理第1层数据：准备调用RenderToWic，index为9，subindex为0，g_nRePrintTimes为1，起始层为0
2023-04-07 22:19:11,446 [AppLog] INFO : 完成处理第9层数据：准备调用DrawLayerBMP，index为9，起始层为0
2023-04-07 22:19:11,446 [AppLog] INFO : 完成处理第9层数据：准备调用DrawLayerBMP，index为9，起始层为0
2023-04-07 22:19:12,148 [AppLog] INFO : 作业写入成功：IDP_WriteImgLayerData：bpp:{1bit}灰阶:{1阶}nLayerIndex{10}LayerIndex{9}SubIndex{1}RePrintTimes{1}nBytesPerLine{1004}nWidth{8001}nHeight{7560}nXEncOff{0}nYJetOff{0}nImgStartJetIndex{0}nXDPI{635}nYDPI{600}nPrtDir{0} nPrtFlag{1}nColorCnts{1}nReserved{System.Int32[]}
2023-04-07 22:19:12,148 [AppLog] INFO : 完成处理第1层数据：准备调用RenderToWic，index为9，subindex为0，g_nRePrintTimes为1，起始层为0
2023-04-07 22:19:12,148 [AppLog] INFO : 准备处理第1层数据：准备调用RenderToWic，index为10，subindex为0，g_nRePrintTimes为1，起始层为0
2023-04-07 22:19:12,257 [AppLog] INFO : X方向到位停止：DEM_StopAxisRun：返回值{True}CurrentPos{683.75}bImmeStop{False}nAxisMask{1}
2023-04-07 22:19:12,335 [AppLog] INFO : 完成处理第10层数据：准备调用DrawLayerBMP，index为10，起始层为0
2023-04-07 22:19:12,335 [AppLog] INFO : 完成处理第10层数据：准备调用DrawLayerBMP，index为10，起始层为0
2023-04-07 22:19:13,068 [AppLog] INFO : 作业写入成功：IDP_WriteImgLayerData：bpp:{1bit}灰阶:{1阶}nLayerIndex{11}LayerIndex{10}SubIndex{1}RePrintTimes{1}nBytesPerLine{1004}nWidth{8001}nHeight{7560}nXEncOff{0}nYJetOff{0}nImgStartJetIndex{0}nXDPI{635}nYDPI{600}nPrtDir{0} nPrtFlag{1}nColorCnts{1}nReserved{System.Int32[]}
2023-04-07 22:19:13,068 [AppLog] INFO : 完成处理第1层数据：准备调用RenderToWic，index为10，subindex为0，g_nRePrintTimes为1，起始层为0
2023-04-07 22:19:13,068 [AppLog] INFO : 准备处理第1层数据：准备调用RenderToWic，index为11，subindex为0，g_nRePrintTimes为1，起始层为0
2023-04-07 22:19:13,084 [AppLog] INFO : 结束自动清洗过程：AutoCleanThread
2023-04-07 22:19:13,084 [AppLog] INFO : 进入：EquipmentMotionLogic3=》准备创建对象-手动操作！
2023-04-07 22:19:13,084 [AppLog] INFO : 进入：EquipmentMotionLogic3=》不需重新创建-手动操作！
2023-04-07 22:19:13,084 [AppLog] INFO : 进入：EquipmentMotionLogic3=》赋值完成自-AutoPrintMotion2！
2023-04-07 22:19:13,084 [AppLog] INFO : 进入：EquipmentMotionLogic3=》加载配置文件-LoadJsonFile成功！
2023-04-07 22:19:13,084 [AppLog] INFO : 进入：AutoPrintThread2！
2023-04-07 22:19:13,084 [AppLog] INFO : 关闭闪喷操作：IDP_FlashPrtCtl：返回值{True}
2023-04-07 22:19:13,084 [AppLog] INFO : 准备读取编码器位置：Y方向！
2023-04-07 22:19:13,084 [AppLog] INFO : 准备运动，编码器当前位置：DEM_GetAxisEncodeVal：MoveDirectionFlag{false为Y方向：True}CurrentPos{121.465}AimPos{15}
2023-04-07 22:19:13,131 [AppLog] INFO : Y方向运动开始：DEM_Run：返回值{True}nAxis{1}DirFlag{False}nSpeed{300000}MoveStep{-106465}nCtlValue{0}
2023-04-07 22:19:13,131 [AppLog] INFO : 准备读取编码器位置：X方向！
2023-04-07 22:19:13,146 [AppLog] INFO : 准备运动，当前位置：DEV_GetPrintEncoderValue：MoveDirectionFlag{false为Y方向：False}CurrentPos{680.605}AimPos{425}
2023-04-07 22:19:13,193 [AppLog] INFO : X方向运动开始：DEM_Run：返回值{True}nAxis{0}DirFlag{False}nSpeed{300000}MoveStep{-255605}nCtlValue{2}
2023-04-07 22:19:13,256 [AppLog] INFO : 完成处理第11层数据：准备调用DrawLayerBMP，index为11，起始层为0
2023-04-07 22:19:13,256 [AppLog] INFO : 完成处理第11层数据：准备调用DrawLayerBMP，index为11，起始层为0
2023-04-07 22:19:13,989 [AppLog] INFO : 作业写入成功：IDP_WriteImgLayerData：bpp:{1bit}灰阶:{1阶}nLayerIndex{12}LayerIndex{11}SubIndex{1}RePrintTimes{1}nBytesPerLine{1004}nWidth{8001}nHeight{7560}nXEncOff{0}nYJetOff{0}nImgStartJetIndex{0}nXDPI{635}nYDPI{600}nPrtDir{0} nPrtFlag{1}nColorCnts{1}nReserved{System.Int32[]}
2023-04-07 22:19:13,989 [AppLog] INFO : 完成处理第1层数据：准备调用RenderToWic，index为11，subindex为0，g_nRePrintTimes为1，起始层为0
2023-04-07 22:19:14,004 [AppLog] INFO : 准备处理第1层数据：准备调用RenderToWic，index为12，subindex为0，g_nRePrintTimes为1，起始层为0
2023-04-07 22:19:14,192 [AppLog] INFO : 完成处理第12层数据：准备调用DrawLayerBMP，index为12，起始层为0
2023-04-07 22:19:14,192 [AppLog] INFO : 完成处理第12层数据：准备调用DrawLayerBMP，index为12，起始层为0
2023-04-07 22:19:14,597 [AppLog] INFO : X方向到位停止：DEM_StopAxisRun：返回值{True}CurrentPos{429.665}bImmeStop{False}nAxisMask{1}
2023-04-07 22:19:14,597 [AppLog] INFO : 准备读取编码器位置：X方向！
2023-04-07 22:19:14,628 [AppLog] INFO : 准备运动，当前位置：DEV_GetPrintEncoderValue：MoveDirectionFlag{false为Y方向：False}CurrentPos{428.025}AimPos{25}
2023-04-07 22:19:14,660 [AppLog] INFO : X方向运动开始：DEM_Run：返回值{True}nAxis{0}DirFlag{False}nSpeed{300000}MoveStep{-403025}nCtlValue{2}
2023-04-07 22:19:14,909 [AppLog] INFO : 作业写入成功：IDP_WriteImgLayerData：bpp:{1bit}灰阶:{1阶}nLayerIndex{13}LayerIndex{12}SubIndex{1}RePrintTimes{1}nBytesPerLine{1004}nWidth{8001}nHeight{7560}nXEncOff{0}nYJetOff{0}nImgStartJetIndex{0}nXDPI{635}nYDPI{600}nPrtDir{0} nPrtFlag{1}nColorCnts{1}nReserved{System.Int32[]}
2023-04-07 22:19:14,909 [AppLog] INFO : 完成处理第1层数据：准备调用RenderToWic，index为12，subindex为0，g_nRePrintTimes为1，起始层为0
2023-04-07 22:19:14,909 [AppLog] INFO : 准备处理第1层数据：准备调用RenderToWic，index为13，subindex为0，g_nRePrintTimes为1，起始层为0
2023-04-07 22:19:15,096 [AppLog] INFO : 完成处理第13层数据：准备调用DrawLayerBMP，index为13，起始层为0
2023-04-07 22:19:15,096 [AppLog] INFO : 完成处理第13层数据：准备调用DrawLayerBMP，index为13，起始层为0
2023-04-07 22:19:15,798 [AppLog] INFO : 作业写入成功：IDP_WriteImgLayerData：bpp:{1bit}灰阶:{1阶}nLayerIndex{14}LayerIndex{13}SubIndex{1}RePrintTimes{1}nBytesPerLine{1004}nWidth{8001}nHeight{7560}nXEncOff{0}nYJetOff{0}nImgStartJetIndex{0}nXDPI{635}nYDPI{600}nPrtDir{0} nPrtFlag{1}nColorCnts{1}nReserved{System.Int32[]}
2023-04-07 22:19:15,814 [AppLog] INFO : 完成处理第1层数据：准备调用RenderToWic，index为13，subindex为0，g_nRePrintTimes为1，起始层为0
2023-04-07 22:19:15,861 [AppLog] INFO : 准备处理第1层数据：准备调用RenderToWic，index为14，subindex为0，g_nRePrintTimes为1，起始层为0
2023-04-07 22:19:16,032 [AppLog] INFO : 完成处理第14层数据：准备调用DrawLayerBMP，index为14，起始层为0
2023-04-07 22:19:16,032 [AppLog] INFO : 完成处理第14层数据：准备调用DrawLayerBMP，index为14，起始层为0
2023-04-07 22:19:16,547 [AppLog] INFO : X方向到位停止：DEM_StopAxisRun：返回值{True}CurrentPos{27.045}bImmeStop{False}nAxisMask{1}
2023-04-07 22:19:16,547 [AppLog] INFO : 准备读取编码器位置：Y方向！
2023-04-07 22:19:16,547 [AppLog] INFO : 准备运动，编码器当前位置：DEM_GetAxisEncodeVal：MoveDirectionFlag{false为Y方向：True}CurrentPos{15.12}AimPos{69}
2023-04-07 22:19:16,578 [AppLog] INFO : Y方向运动开始：DEM_Run：返回值{True}nAxis{1}DirFlag{True}nSpeed{300000}MoveStep{53880}nCtlValue{0}
2023-04-07 22:19:16,734 [AppLog] INFO : 作业写入成功：IDP_WriteImgLayerData：bpp:{1bit}灰阶:{1阶}nLayerIndex{15}LayerIndex{14}SubIndex{1}RePrintTimes{1}nBytesPerLine{1004}nWidth{8001}nHeight{7560}nXEncOff{0}nYJetOff{0}nImgStartJetIndex{0}nXDPI{635}nYDPI{600}nPrtDir{0} nPrtFlag{1}nColorCnts{1}nReserved{System.Int32[]}
2023-04-07 22:19:16,734 [AppLog] INFO : 完成处理第1层数据：准备调用RenderToWic，index为14，subindex为0，g_nRePrintTimes为1，起始层为0
2023-04-07 22:19:16,750 [AppLog] INFO : 准备处理第1层数据：准备调用RenderToWic，index为15，subindex为0，g_nRePrintTimes为1，起始层为0
2023-04-07 22:19:16,766 [AppLog] INFO : Y方向到位停止：DEM_StopAxisRun：返回值{True}CurrentPos{26.115}bImmeStop{False}nAxisMask{2}
2023-04-07 22:19:16,766 [AppLog] INFO : 获取打印Pass数据：IDP_GetPassItem2：nLayerIndex{1}nPassID{1}nProcState{3}LPPassDataItemb:PrtDir{True}nDataTxCompleteCnt{1}nHwMemAdrMatchMask{1}nLayerIndex{1}nLayerPassCount{6}nLayerPassIndex{1}nMinJet0ImgLinePos{1280}nPrtMemHwAddr{System.UInt32[]}nPrtDataOffset{System.UInt32[]}nSrcDataSize{System.UInt32[]}nPrtColBytes{System.UInt32[]}nPrtPrecession{8}nSrcEndCols{8000}nSrcStartCols{0}nStartEncPos{10000}nValidPassJets{1280}nValidPrtCols{8310}nValidPrtCtlCnts{1}pDataBuf{0}pNextItem{685946432}
2023-04-07 22:19:16,781 [AppLog] INFO : 使能Pass打印成功：IDP_DoPassPrint2：nLayerIndex{1}nPassID{1}
2023-04-07 22:19:16,797 [AppLog] INFO : PASS打印前关键状态：DEV_GetDeviceInfo2：nLayerIndex{1}nPassID{1}LPPRINTER_INFO:nXSysEncDPI{0}nStatus{0}nPrintStatus{0}bSuperDevice{0}
LPPRINTER_INFO-LPPrtRunInfo:bJobPrtRuning{False}bLayerPrtIsOver{False}nContReqMemErr{0}nContWDErr{0}nCurPrtDir{0}nDTLayerIndex{0}nDTLayerPassIndex{0}nDTPtrCtlIndex{0}nLayerPassCount{0}nPrintLayerIndex{0}nPrintPassIndex{0}nProcLayerIndex{0}nPrtDataMemAddr{0}nPrtState{0}nReverse{System.Int32[]}nRevPrtCols{0}
LPPRINTER_INFO-LPDRVINFO:nFMVersion{0}nFpgaVersion{0}nPCBVersion{0}nState{0}nNextState{0}nPtvwarnState{0}nCrc32{0}nRevInfo{System.UInt32[]}nSignature{0}
2023-04-07 22:19:16,797 [AppLog] INFO : 进入：EquipmentMotionLogic3=》准备创建对象-手动操作！
2023-04-07 22:19:16,797 [AppLog] INFO : 进入：EquipmentMotionLogic3=》不需重新创建-手动操作！
2023-04-07 22:19:16,797 [AppLog] INFO : 进入：EquipmentMotionLogic3=》赋值完成自-AutoPrintMotion2！
2023-04-07 22:19:16,797 [AppLog] INFO : 进入：EquipmentMotionLogic3=》加载配置文件-LoadJsonFile成功！
2023-04-07 22:19:16,797 [AppLog] INFO : 进入：AutoPrintThread2！
2023-04-07 22:19:16,797 [AppLog] INFO : 准备读取编码器位置：X方向！
2023-04-07 22:19:16,797 [AppLog] INFO : 准备运动，当前位置：DEV_GetPrintEncoderValue：MoveDirectionFlag{false为Y方向：False}CurrentPos{22.96}AimPos{425}
2023-04-07 22:19:16,828 [AppLog] INFO : X方向运动开始：DEM_Run：返回值{True}nAxis{0}DirFlag{True}nSpeed{300000}MoveStep{402040}nCtlValue{2}
2023-04-07 22:19:16,922 [AppLog] INFO : 完成处理第15层数据：准备调用DrawLayerBMP，index为15，起始层为0
2023-04-07 22:19:16,922 [AppLog] INFO : 完成处理第15层数据：准备调用DrawLayerBMP，index为15，起始层为0
2023-04-07 22:19:17,639 [AppLog] INFO : 作业写入成功：IDP_WriteImgLayerData：bpp:{1bit}灰阶:{1阶}nLayerIndex{16}LayerIndex{15}SubIndex{1}RePrintTimes{1}nBytesPerLine{1004}nWidth{8001}nHeight{7560}nXEncOff{0}nYJetOff{0}nImgStartJetIndex{0}nXDPI{635}nYDPI{600}nPrtDir{0} nPrtFlag{1}nColorCnts{1}nReserved{System.Int32[]}
2023-04-07 22:19:17,639 [AppLog] INFO : 完成处理第1层数据：准备调用RenderToWic，index为15，subindex为0，g_nRePrintTimes为1，起始层为0
2023-04-07 22:19:17,655 [AppLog] INFO : 准备处理第1层数据：准备调用RenderToWic，index为16，subindex为0，g_nRePrintTimes为1，起始层为0
2023-04-07 22:19:17,842 [AppLog] INFO : 完成处理第16层数据：准备调用DrawLayerBMP，index为16，起始层为0
2023-04-07 22:19:17,842 [AppLog] INFO : 完成处理第16层数据：准备调用DrawLayerBMP，index为16，起始层为0
2023-04-07 22:19:18,544 [AppLog] INFO : 作业写入成功：IDP_WriteImgLayerData：bpp:{1bit}灰阶:{1阶}nLayerIndex{17}LayerIndex{16}SubIndex{1}RePrintTimes{1}nBytesPerLine{1004}nWidth{8001}nHeight{7560}nXEncOff{0}nYJetOff{0}nImgStartJetIndex{0}nXDPI{635}nYDPI{600}nPrtDir{0} nPrtFlag{1}nColorCnts{1}nReserved{System.Int32[]}
2023-04-07 22:19:18,544 [AppLog] INFO : 完成处理第1层数据：准备调用RenderToWic，index为16，subindex为0，g_nRePrintTimes为1，起始层为0
2023-04-07 22:19:18,544 [AppLog] INFO : 准备处理第1层数据：准备调用RenderToWic，index为17，subindex为0，g_nRePrintTimes为1，起始层为0
2023-04-07 22:19:18,716 [AppLog] INFO : 完成处理第17层数据：准备调用DrawLayerBMP，index为17，起始层为0
2023-04-07 22:19:18,716 [AppLog] INFO : 完成处理第17层数据：准备调用DrawLayerBMP，index为17，起始层为0
2023-04-07 22:19:18,762 [AppLog] INFO : X方向到位停止：DEM_StopAxisRun：返回值{True}CurrentPos{421.52}bImmeStop{False}nAxisMask{1}
2023-04-07 22:19:18,762 [AppLog] INFO : 准备读取编码器位置：Y方向！
2023-04-07 22:19:18,762 [AppLog] INFO : 准备运动，编码器当前位置：DEM_GetAxisEncodeVal：MoveDirectionFlag{false为Y方向：True}CurrentPos{68.935}AimPos{123}
2023-04-07 22:19:18,825 [AppLog] INFO : Y方向运动开始：DEM_Run：返回值{True}nAxis{1}DirFlag{True}nSpeed{300000}MoveStep{54065}nCtlValue{0}
2023-04-07 22:19:19,028 [AppLog] INFO : Y方向到位停止：DEM_StopAxisRun：返回值{True}CurrentPos{81.665}bImmeStop{False}nAxisMask{2}
2023-04-07 22:19:19,028 [AppLog] INFO : 获取打印Pass数据：IDP_GetPassItem2：nLayerIndex{1}nPassID{2}nProcState{3}LPPassDataItemb:PrtDir{False}nDataTxCompleteCnt{1}nHwMemAdrMatchMask{1}nLayerIndex{1}nLayerPassCount{6}nLayerPassIndex{2}nMinJet0ImgLinePos{2560}nPrtMemHwAddr{System.UInt32[]}nPrtDataOffset{System.UInt32[]}nSrcDataSize{System.UInt32[]}nPrtColBytes{System.UInt32[]}nPrtPrecession{8}nSrcEndCols{8000}nSrcStartCols{0}nStartEncPos{76472}nValidPassJets{1280}nValidPrtCols{8310}nValidPrtCtlCnts{1}pDataBuf{0}pNextItem{685952816}
2023-04-07 22:19:19,043 [AppLog] INFO : 使能Pass打印成功：IDP_DoPassPrint2：nLayerIndex{1}nPassID{2}
2023-04-07 22:19:19,043 [AppLog] INFO : PASS打印前关键状态：DEV_GetDeviceInfo2：nLayerIndex{1}nPassID{2}LPPRINTER_INFO:nXSysEncDPI{0}nStatus{0}nPrintStatus{0}bSuperDevice{0}
LPPRINTER_INFO-LPPrtRunInfo:bJobPrtRuning{False}bLayerPrtIsOver{False}nContReqMemErr{0}nContWDErr{0}nCurPrtDir{0}nDTLayerIndex{0}nDTLayerPassIndex{0}nDTPtrCtlIndex{0}nLayerPassCount{0}nPrintLayerIndex{0}nPrintPassIndex{0}nProcLayerIndex{0}nPrtDataMemAddr{0}nPrtState{0}nReverse{System.Int32[]}nRevPrtCols{0}
LPPRINTER_INFO-LPDRVINFO:nFMVersion{0}nFpgaVersion{0}nPCBVersion{0}nState{0}nNextState{0}nPtvwarnState{0}nCrc32{0}nRevInfo{System.UInt32[]}nSignature{0}
2023-04-07 22:19:19,043 [AppLog] INFO : 进入：EquipmentMotionLogic3=》准备创建对象-手动操作！
2023-04-07 22:19:19,043 [AppLog] INFO : 进入：EquipmentMotionLogic3=》不需重新创建-手动操作！
2023-04-07 22:19:19,043 [AppLog] INFO : 进入：EquipmentMotionLogic3=》赋值完成自-AutoPrintMotion2！
2023-04-07 22:19:19,043 [AppLog] INFO : 进入：EquipmentMotionLogic3=》加载配置文件-LoadJsonFile成功！
2023-04-07 22:19:19,043 [AppLog] INFO : 进入：AutoPrintThread2！
2023-04-07 22:19:19,043 [AppLog] INFO : 准备读取编码器位置：X方向！
2023-04-07 22:19:19,043 [AppLog] INFO : 准备运动，当前位置：DEV_GetPrintEncoderValue：MoveDirectionFlag{false为Y方向：False}CurrentPos{423.44}AimPos{25}
2023-04-07 22:19:19,074 [AppLog] INFO : X方向运动开始：DEM_Run：返回值{True}nAxis{0}DirFlag{False}nSpeed{300000}MoveStep{-398440}nCtlValue{2}
2023-04-07 22:19:19,433 [AppLog] INFO : 作业写入成功：IDP_WriteImgLayerData：bpp:{1bit}灰阶:{1阶}nLayerIndex{18}LayerIndex{17}SubIndex{1}RePrintTimes{1}nBytesPerLine{1004}nWidth{8001}nHeight{7560}nXEncOff{0}nYJetOff{0}nImgStartJetIndex{0}nXDPI{635}nYDPI{600}nPrtDir{0} nPrtFlag{1}nColorCnts{1}nReserved{System.Int32[]}
2023-04-07 22:19:19,433 [AppLog] INFO : 完成处理第1层数据：准备调用RenderToWic，index为17，subindex为0，g_nRePrintTimes为1，起始层为0
2023-04-07 22:19:19,433 [AppLog] INFO : 准备处理第1层数据：准备调用RenderToWic，index为18，subindex为0，g_nRePrintTimes为1，起始层为0
2023-04-07 22:19:19,620 [AppLog] INFO : 完成处理第18层数据：准备调用DrawLayerBMP，index为18，起始层为0
2023-04-07 22:19:19,620 [AppLog] INFO : 完成处理第18层数据：准备调用DrawLayerBMP，index为18，起始层为0
2023-04-07 22:19:20,338 [AppLog] INFO : 作业写入成功：IDP_WriteImgLayerData：bpp:{1bit}灰阶:{1阶}nLayerIndex{19}LayerIndex{18}SubIndex{1}RePrintTimes{1}nBytesPerLine{1004}nWidth{8001}nHeight{7560}nXEncOff{0}nYJetOff{0}nImgStartJetIndex{0}nXDPI{635}nYDPI{600}nPrtDir{0} nPrtFlag{1}nColorCnts{1}nReserved{System.Int32[]}
2023-04-07 22:19:20,338 [AppLog] INFO : 完成处理第1层数据：准备调用RenderToWic，index为18，subindex为0，g_nRePrintTimes为1，起始层为0
2023-04-07 22:19:20,338 [AppLog] INFO : 准备处理第1层数据：准备调用RenderToWic，index为19，subindex为0，g_nRePrintTimes为1，起始层为0
2023-04-07 22:19:20,525 [AppLog] INFO : 完成处理第19层数据：准备调用DrawLayerBMP，index为19，起始层为0
2023-04-07 22:19:20,525 [AppLog] INFO : 完成处理第19层数据：准备调用DrawLayerBMP，index为19，起始层为0
2023-04-07 22:19:20,962 [AppLog] INFO : X方向到位停止：DEM_StopAxisRun：返回值{True}CurrentPos{29.815}bImmeStop{False}nAxisMask{1}
2023-04-07 22:19:20,962 [AppLog] INFO : 准备读取编码器位置：Y方向！
2023-04-07 22:19:20,962 [AppLog] INFO : 准备运动，编码器当前位置：DEM_GetAxisEncodeVal：MoveDirectionFlag{false为Y方向：True}CurrentPos{122.86}AimPos{177}
2023-04-07 22:19:20,993 [AppLog] INFO : Y方向运动开始：DEM_Run：返回值{True}nAxis{1}DirFlag{True}nSpeed{300000}MoveStep{54140}nCtlValue{0}
2023-04-07 22:19:21,180 [AppLog] INFO : Y方向到位停止：DEM_StopAxisRun：返回值{True}CurrentPos{133.625}bImmeStop{False}nAxisMask{2}
2023-04-07 22:19:21,180 [AppLog] INFO : 获取打印Pass数据：IDP_GetPassItem2：nLayerIndex{1}nPassID{3}nProcState{3}LPPassDataItemb:PrtDir{True}nDataTxCompleteCnt{1}nHwMemAdrMatchMask{1}nLayerIndex{1}nLayerPassCount{6}nLayerPassIndex{3}nMinJet0ImgLinePos{3840}nPrtMemHwAddr{System.UInt32[]}nPrtDataOffset{System.UInt32[]}nSrcDataSize{System.UInt32[]}nPrtColBytes{System.UInt32[]}nPrtPrecession{8}nSrcEndCols{8000}nSrcStartCols{0}nStartEncPos{10000}nValidPassJets{1280}nValidPrtCols{8310}nValidPrtCtlCnts{1}pDataBuf{0}pNextItem{685952976}
2023-04-07 22:19:21,196 [AppLog] INFO : 使能Pass打印成功：IDP_DoPassPrint2：nLayerIndex{1}nPassID{3}
2023-04-07 22:19:21,196 [AppLog] INFO : PASS打印前关键状态：DEV_GetDeviceInfo2：nLayerIndex{1}nPassID{3}LPPRINTER_INFO:nXSysEncDPI{0}nStatus{0}nPrintStatus{0}bSuperDevice{0}
LPPRINTER_INFO-LPPrtRunInfo:bJobPrtRuning{False}bLayerPrtIsOver{False}nContReqMemErr{0}nContWDErr{0}nCurPrtDir{0}nDTLayerIndex{0}nDTLayerPassIndex{0}nDTPtrCtlIndex{0}nLayerPassCount{0}nPrintLayerIndex{0}nPrintPassIndex{0}nProcLayerIndex{0}nPrtDataMemAddr{0}nPrtState{0}nReverse{System.Int32[]}nRevPrtCols{0}
LPPRINTER_INFO-LPDRVINFO:nFMVersion{0}nFpgaVersion{0}nPCBVersion{0}nState{0}nNextState{0}nPtvwarnState{0}nCrc32{0}nRevInfo{System.UInt32[]}nSignature{0}
2023-04-07 22:19:21,196 [AppLog] INFO : 进入：EquipmentMotionLogic3=》准备创建对象-手动操作！
2023-04-07 22:19:21,196 [AppLog] INFO : 进入：EquipmentMotionLogic3=》不需重新创建-手动操作！
2023-04-07 22:19:21,196 [AppLog] INFO : 进入：EquipmentMotionLogic3=》赋值完成自-AutoPrintMotion2！
2023-04-07 22:19:21,196 [AppLog] INFO : 进入：EquipmentMotionLogic3=》加载配置文件-LoadJsonFile成功！
2023-04-07 22:19:21,196 [AppLog] INFO : 进入：AutoPrintThread2！
2023-04-07 22:19:21,196 [AppLog] INFO : 准备读取编码器位置：X方向！
2023-04-07 22:19:21,196 [AppLog] INFO : 准备运动，当前位置：DEV_GetPrintEncoderValue：MoveDirectionFlag{false为Y方向：False}CurrentPos{26.495}AimPos{425}
2023-04-07 22:19:21,227 [AppLog] INFO : X方向运动开始：DEM_Run：返回值{True}nAxis{0}DirFlag{True}nSpeed{300000}MoveStep{398505}nCtlValue{2}
2023-04-07 22:19:21,336 [AppLog] INFO : 作业写入成功：IDP_WriteImgLayerData：bpp:{1bit}灰阶:{1阶}nLayerIndex{20}LayerIndex{19}SubIndex{1}RePrintTimes{1}nBytesPerLine{1004}nWidth{8001}nHeight{7560}nXEncOff{0}nYJetOff{0}nImgStartJetIndex{0}nXDPI{635}nYDPI{600}nPrtDir{0} nPrtFlag{1}nColorCnts{1}nReserved{System.Int32[]}
2023-04-07 22:19:21,336 [AppLog] INFO : 完成处理第1层数据：准备调用RenderToWic，index为19，subindex为0，g_nRePrintTimes为1，起始层为0
2023-04-07 22:19:21,352 [AppLog] INFO : 准备处理第1层数据：准备调用RenderToWic，index为20，subindex为0，g_nRePrintTimes为1，起始层为0
2023-04-07 22:19:21,524 [AppLog] INFO : 完成处理第20层数据：准备调用DrawLayerBMP，index为20，起始层为0
2023-04-07 22:19:21,539 [AppLog] INFO : 完成处理第20层数据：准备调用DrawLayerBMP，index为20，起始层为0
2023-04-07 22:19:22,241 [AppLog] INFO : 作业写入成功：IDP_WriteImgLayerData：bpp:{1bit}灰阶:{1阶}nLayerIndex{21}LayerIndex{20}SubIndex{1}RePrintTimes{1}nBytesPerLine{1004}nWidth{8001}nHeight{7560}nXEncOff{0}nYJetOff{0}nImgStartJetIndex{0}nXDPI{635}nYDPI{600}nPrtDir{0} nPrtFlag{1}nColorCnts{1}nReserved{System.Int32[]}
2023-04-07 22:19:22,241 [AppLog] INFO : 完成处理第1层数据：准备调用RenderToWic，index为20，subindex为0，g_nRePrintTimes为1，起始层为0
2023-04-07 22:19:22,272 [AppLog] INFO : 准备处理第1层数据：准备调用RenderToWic，index为21，subindex为0，g_nRePrintTimes为1，起始层为0
2023-04-07 22:19:22,460 [AppLog] INFO : 完成处理第21层数据：准备调用DrawLayerBMP，index为21，起始层为0
2023-04-07 22:19:22,460 [AppLog] INFO : 完成处理第21层数据：准备调用DrawLayerBMP，index为21，起始层为0
2023-04-07 22:19:23,099 [AppLog] INFO : X方向到位停止：DEM_StopAxisRun：返回值{True}CurrentPos{418.75}bImmeStop{False}nAxisMask{1}
2023-04-07 22:19:23,099 [AppLog] INFO : 准备读取编码器位置：Y方向！
2023-04-07 22:19:23,099 [AppLog] INFO : 准备运动，编码器当前位置：DEM_GetAxisEncodeVal：MoveDirectionFlag{false为Y方向：True}CurrentPos{176.91}AimPos{231}
2023-04-07 22:19:23,146 [AppLog] INFO : Y方向运动开始：DEM_Run：返回值{True}nAxis{1}DirFlag{True}nSpeed{300000}MoveStep{54090}nCtlValue{0}
2023-04-07 22:19:23,162 [AppLog] INFO : 作业写入成功：IDP_WriteImgLayerData：bpp:{1bit}灰阶:{1阶}nLayerIndex{22}LayerIndex{21}SubIndex{1}RePrintTimes{1}nBytesPerLine{1004}nWidth{8001}nHeight{7560}nXEncOff{0}nYJetOff{0}nImgStartJetIndex{0}nXDPI{635}nYDPI{600}nPrtDir{0} nPrtFlag{1}nColorCnts{1}nReserved{System.Int32[]}
2023-04-07 22:19:23,177 [AppLog] INFO : 完成处理第1层数据：准备调用RenderToWic，index为21，subindex为0，g_nRePrintTimes为1，起始层为0
2023-04-07 22:19:23,177 [AppLog] INFO : 准备处理第1层数据：准备调用RenderToWic，index为22，subindex为0，g_nRePrintTimes为1，起始层为0
2023-04-07 22:19:23,333 [AppLog] INFO : Y方向到位停止：DEM_StopAxisRun：返回值{True}CurrentPos{187.975}bImmeStop{False}nAxisMask{2}
2023-04-07 22:19:23,333 [AppLog] INFO : 获取打印Pass数据：IDP_GetPassItem2：nLayerIndex{1}nPassID{4}nProcState{3}LPPassDataItemb:PrtDir{False}nDataTxCompleteCnt{1}nHwMemAdrMatchMask{1}nLayerIndex{1}nLayerPassCount{6}nLayerPassIndex{4}nMinJet0ImgLinePos{5120}nPrtMemHwAddr{System.UInt32[]}nPrtDataOffset{System.UInt32[]}nSrcDataSize{System.UInt32[]}nPrtColBytes{System.UInt32[]}nPrtPrecession{8}nSrcEndCols{8000}nSrcStartCols{0}nStartEncPos{76472}nValidPassJets{1280}nValidPrtCols{8310}nValidPrtCtlCnts{1}pDataBuf{0}pNextItem{685953136}
2023-04-07 22:19:23,349 [AppLog] INFO : 使能Pass打印成功：IDP_DoPassPrint2：nLayerIndex{1}nPassID{4}
2023-04-07 22:19:23,349 [AppLog] INFO : PASS打印前关键状态：DEV_GetDeviceInfo2：nLayerIndex{1}nPassID{4}LPPRINTER_INFO:nXSysEncDPI{0}nStatus{0}nPrintStatus{0}bSuperDevice{0}
LPPRINTER_INFO-LPPrtRunInfo:bJobPrtRuning{False}bLayerPrtIsOver{False}nContReqMemErr{0}nContWDErr{0}nCurPrtDir{0}nDTLayerIndex{0}nDTLayerPassIndex{0}nDTPtrCtlIndex{0}nLayerPassCount{0}nPrintLayerIndex{0}nPrintPassIndex{0}nProcLayerIndex{0}nPrtDataMemAddr{0}nPrtState{0}nReverse{System.Int32[]}nRevPrtCols{0}
LPPRINTER_INFO-LPDRVINFO:nFMVersion{0}nFpgaVersion{0}nPCBVersion{0}nState{0}nNextState{0}nPtvwarnState{0}nCrc32{0}nRevInfo{System.UInt32[]}nSignature{0}
2023-04-07 22:19:23,349 [AppLog] INFO : 进入：EquipmentMotionLogic3=》准备创建对象-手动操作！
2023-04-07 22:19:23,349 [AppLog] INFO : 进入：EquipmentMotionLogic3=》不需重新创建-手动操作！
2023-04-07 22:19:23,349 [AppLog] INFO : 进入：EquipmentMotionLogic3=》赋值完成自-AutoPrintMotion2！
2023-04-07 22:19:23,349 [AppLog] INFO : 进入：EquipmentMotionLogic3=》加载配置文件-LoadJsonFile成功！
2023-04-07 22:19:23,349 [AppLog] INFO : 进入：AutoPrintThread2！
2023-04-07 22:19:23,349 [AppLog] INFO : 准备读取编码器位置：X方向！
2023-04-07 22:19:23,349 [AppLog] INFO : 完成处理第22层数据：准备调用DrawLayerBMP，index为22，起始层为0
2023-04-07 22:19:23,349 [AppLog] INFO : 完成处理第22层数据：准备调用DrawLayerBMP，index为22，起始层为0
2023-04-07 22:19:23,349 [AppLog] INFO : 准备运动，当前位置：DEV_GetPrintEncoderValue：MoveDirectionFlag{false为Y方向：False}CurrentPos{423.49}AimPos{25}
2023-04-07 22:19:23,427 [AppLog] INFO : X方向运动开始：DEM_Run：返回值{True}nAxis{0}DirFlag{False}nSpeed{300000}MoveStep{-398490}nCtlValue{2}
2023-04-07 22:19:24,051 [AppLog] INFO : 作业写入成功：IDP_WriteImgLayerData：bpp:{1bit}灰阶:{1阶}nLayerIndex{23}LayerIndex{22}SubIndex{1}RePrintTimes{1}nBytesPerLine{1004}nWidth{8001}nHeight{7560}nXEncOff{0}nYJetOff{0}nImgStartJetIndex{0}nXDPI{635}nYDPI{600}nPrtDir{0} nPrtFlag{1}nColorCnts{1}nReserved{System.Int32[]}
2023-04-07 22:19:24,051 [AppLog] INFO : 完成处理第1层数据：准备调用RenderToWic，index为22，subindex为0，g_nRePrintTimes为1，起始层为0
2023-04-07 22:19:24,082 [AppLog] INFO : 准备处理第1层数据：准备调用RenderToWic，index为23，subindex为0，g_nRePrintTimes为1，起始层为0
2023-04-07 22:19:24,269 [AppLog] INFO : 完成处理第23层数据：准备调用DrawLayerBMP，index为23，起始层为0
2023-04-07 22:19:24,269 [AppLog] INFO : 完成处理第23层数据：准备调用DrawLayerBMP，index为23，起始层为0
2023-04-07 22:19:24,971 [AppLog] INFO : 作业写入成功：IDP_WriteImgLayerData：bpp:{1bit}灰阶:{1阶}nLayerIndex{24}LayerIndex{23}SubIndex{1}RePrintTimes{1}nBytesPerLine{1004}nWidth{8001}nHeight{7560}nXEncOff{0}nYJetOff{0}nImgStartJetIndex{0}nXDPI{635}nYDPI{600}nPrtDir{0} nPrtFlag{1}nColorCnts{1}nReserved{System.Int32[]}
2023-04-07 22:19:24,971 [AppLog] INFO : 完成处理第1层数据：准备调用RenderToWic，index为23，subindex为0，g_nRePrintTimes为1，起始层为0
2023-04-07 22:19:24,971 [AppLog] INFO : 准备处理第1层数据：准备调用RenderToWic，index为24，subindex为0，g_nRePrintTimes为1，起始层为0
2023-04-07 22:19:25,158 [AppLog] INFO : 完成处理第24层数据：准备调用DrawLayerBMP，index为24，起始层为0
2023-04-07 22:19:25,158 [AppLog] INFO : 完成处理第24层数据：准备调用DrawLayerBMP，index为24，起始层为0
2023-04-07 22:19:25,299 [AppLog] INFO : X方向到位停止：DEM_StopAxisRun：返回值{True}CurrentPos{31.205}bImmeStop{False}nAxisMask{1}
2023-04-07 22:19:25,299 [AppLog] INFO : 准备读取编码器位置：Y方向！
2023-04-07 22:19:25,299 [AppLog] INFO : 准备运动，编码器当前位置：DEM_GetAxisEncodeVal：MoveDirectionFlag{false为Y方向：True}CurrentPos{230.915}AimPos{285}
2023-04-07 22:19:25,346 [AppLog] INFO : Y方向运动开始：DEM_Run：返回值{True}nAxis{1}DirFlag{True}nSpeed{300000}MoveStep{54085}nCtlValue{0}
2023-04-07 22:19:25,564 [AppLog] INFO : Y方向到位停止：DEM_StopAxisRun：返回值{True}CurrentPos{248.365}bImmeStop{False}nAxisMask{2}
2023-04-07 22:19:25,564 [AppLog] INFO : 获取打印Pass数据：IDP_GetPassItem2：nLayerIndex{1}nPassID{5}nProcState{3}LPPassDataItemb:PrtDir{True}nDataTxCompleteCnt{1}nHwMemAdrMatchMask{1}nLayerIndex{1}nLayerPassCount{6}nLayerPassIndex{5}nMinJet0ImgLinePos{6400}nPrtMemHwAddr{System.UInt32[]}nPrtDataOffset{System.UInt32[]}nSrcDataSize{System.UInt32[]}nPrtColBytes{System.UInt32[]}nPrtPrecession{8}nSrcEndCols{8000}nSrcStartCols{0}nStartEncPos{10000}nValidPassJets{1280}nValidPrtCols{8310}nValidPrtCtlCnts{1}pDataBuf{0}pNextItem{0}
2023-04-07 22:19:25,580 [AppLog] INFO : 使能Pass打印成功：IDP_DoPassPrint2：nLayerIndex{1}nPassID{5}
2023-04-07 22:19:25,580 [AppLog] INFO : PASS打印前关键状态：DEV_GetDeviceInfo2：nLayerIndex{1}nPassID{5}LPPRINTER_INFO:nXSysEncDPI{0}nStatus{0}nPrintStatus{0}bSuperDevice{0}
LPPRINTER_INFO-LPPrtRunInfo:bJobPrtRuning{False}bLayerPrtIsOver{False}nContReqMemErr{0}nContWDErr{0}nCurPrtDir{0}nDTLayerIndex{0}nDTLayerPassIndex{0}nDTPtrCtlIndex{0}nLayerPassCount{0}nPrintLayerIndex{0}nPrintPassIndex{0}nProcLayerIndex{0}nPrtDataMemAddr{0}nPrtState{0}nReverse{System.Int32[]}nRevPrtCols{0}
LPPRINTER_INFO-LPDRVINFO:nFMVersion{0}nFpgaVersion{0}nPCBVersion{0}nState{0}nNextState{0}nPtvwarnState{0}nCrc32{0}nRevInfo{System.UInt32[]}nSignature{0}
2023-04-07 22:19:25,580 [AppLog] INFO : 进入：EquipmentMotionLogic3=》准备创建对象-手动操作！
2023-04-07 22:19:25,580 [AppLog] INFO : 进入：EquipmentMotionLogic3=》不需重新创建-手动操作！
2023-04-07 22:19:25,580 [AppLog] INFO : 进入：EquipmentMotionLogic3=》赋值完成自-AutoPrintMotion2！
2023-04-07 22:19:25,580 [AppLog] INFO : 进入：EquipmentMotionLogic3=》加载配置文件-LoadJsonFile成功！
2023-04-07 22:19:25,580 [AppLog] INFO : 进入：AutoPrintThread2！
2023-04-07 22:19:25,580 [AppLog] INFO : 准备读取编码器位置：X方向！
2023-04-07 22:19:25,580 [AppLog] INFO : 准备运动，当前位置：DEV_GetPrintEncoderValue：MoveDirectionFlag{false为Y方向：False}CurrentPos{26.53}AimPos{425}
2023-04-07 22:19:25,626 [AppLog] INFO : X方向运动开始：DEM_Run：返回值{True}nAxis{0}DirFlag{True}nSpeed{300000}MoveStep{398470}nCtlValue{2}
2023-04-07 22:19:25,876 [AppLog] INFO : 作业写入成功：IDP_WriteImgLayerData：bpp:{1bit}灰阶:{1阶}nLayerIndex{25}LayerIndex{24}SubIndex{1}RePrintTimes{1}nBytesPerLine{1004}nWidth{8001}nHeight{7560}nXEncOff{0}nYJetOff{0}nImgStartJetIndex{0}nXDPI{635}nYDPI{600}nPrtDir{0} nPrtFlag{1}nColorCnts{1}nReserved{System.Int32[]}
2023-04-07 22:19:25,876 [AppLog] INFO : 完成处理第1层数据：准备调用RenderToWic，index为24，subindex为0，g_nRePrintTimes为1，起始层为0
2023-04-07 22:19:25,892 [AppLog] INFO : 准备处理第1层数据：准备调用RenderToWic，index为25，subindex为0，g_nRePrintTimes为1，起始层为0
2023-04-07 22:19:26,063 [AppLog] INFO : 完成处理第25层数据：准备调用DrawLayerBMP，index为25，起始层为0
2023-04-07 22:19:26,063 [AppLog] INFO : 完成处理第25层数据：准备调用DrawLayerBMP，index为25，起始层为0
2023-04-07 22:19:26,781 [AppLog] INFO : 作业写入成功：IDP_WriteImgLayerData：bpp:{1bit}灰阶:{1阶}nLayerIndex{26}LayerIndex{25}SubIndex{1}RePrintTimes{1}nBytesPerLine{1004}nWidth{8001}nHeight{7560}nXEncOff{0}nYJetOff{0}nImgStartJetIndex{0}nXDPI{635}nYDPI{600}nPrtDir{0} nPrtFlag{1}nColorCnts{1}nReserved{System.Int32[]}
2023-04-07 22:19:26,781 [AppLog] INFO : 完成处理第1层数据：准备调用RenderToWic，index为25，subindex为0，g_nRePrintTimes为1，起始层为0
2023-04-07 22:19:26,781 [AppLog] INFO : 准备处理第1层数据：准备调用RenderToWic，index为26，subindex为0，g_nRePrintTimes为1，起始层为0
2023-04-07 22:19:26,968 [AppLog] INFO : 完成处理第26层数据：准备调用DrawLayerBMP，index为26，起始层为0
2023-04-07 22:19:26,968 [AppLog] INFO : 完成处理第26层数据：准备调用DrawLayerBMP，index为26，起始层为0
2023-04-07 22:19:27,530 [AppLog] INFO : X方向到位停止：DEM_StopAxisRun：返回值{True}CurrentPos{420.235}bImmeStop{False}nAxisMask{1}
2023-04-07 22:19:27,530 [AppLog] INFO : 准备读取编码器位置：X方向！
2023-04-07 22:19:27,545 [AppLog] INFO : 准备运动，当前位置：DEV_GetPrintEncoderValue：MoveDirectionFlag{false为Y方向：False}CurrentPos{420.32}AimPos{780}
2023-04-07 22:19:27,576 [AppLog] INFO : X方向运动开始：DEM_Run：返回值{True}nAxis{0}DirFlag{True}nSpeed{300000}MoveStep{359680}nCtlValue{2}
2023-04-07 22:19:27,576 [AppLog] INFO : 准备读取编码器位置：Y方向！
2023-04-07 22:19:27,576 [AppLog] INFO : 准备运动，编码器当前位置：DEM_GetAxisEncodeVal：MoveDirectionFlag{false为Y方向：True}CurrentPos{284.895}AimPos{121}
2023-04-07 22:19:27,608 [AppLog] INFO : Y方向运动开始：DEM_Run：返回值{True}nAxis{1}DirFlag{False}nSpeed{300000}MoveStep{-163895}nCtlValue{0}
2023-04-07 22:19:27,686 [AppLog] INFO : 作业写入成功：IDP_WriteImgLayerData：bpp:{1bit}灰阶:{1阶}nLayerIndex{27}LayerIndex{26}SubIndex{1}RePrintTimes{1}nBytesPerLine{1004}nWidth{8001}nHeight{7560}nXEncOff{0}nYJetOff{0}nImgStartJetIndex{0}nXDPI{635}nYDPI{600}nPrtDir{0} nPrtFlag{1}nColorCnts{1}nReserved{System.Int32[]}
2023-04-07 22:19:27,686 [AppLog] INFO : 完成处理第1层数据：准备调用RenderToWic，index为26，subindex为0，g_nRePrintTimes为1，起始层为0
2023-04-07 22:19:27,686 [AppLog] INFO : 准备处理第1层数据：准备调用RenderToWic，index为27，subindex为0，g_nRePrintTimes为1，起始层为0
2023-04-07 22:19:27,873 [AppLog] INFO : 完成处理第27层数据：准备调用DrawLayerBMP，index为27，起始层为0
2023-04-07 22:19:27,873 [AppLog] INFO : 完成处理第27层数据：准备调用DrawLayerBMP，index为27，起始层为0
2023-04-07 22:19:28,575 [AppLog] INFO : 作业写入成功：IDP_WriteImgLayerData：bpp:{1bit}灰阶:{1阶}nLayerIndex{28}LayerIndex{27}SubIndex{1}RePrintTimes{1}nBytesPerLine{1004}nWidth{8001}nHeight{7560}nXEncOff{0}nYJetOff{0}nImgStartJetIndex{0}nXDPI{635}nYDPI{600}nPrtDir{0} nPrtFlag{1}nColorCnts{1}nReserved{System.Int32[]}
2023-04-07 22:19:28,575 [AppLog] INFO : 完成处理第1层数据：准备调用RenderToWic，index为27，subindex为0，g_nRePrintTimes为1，起始层为0
2023-04-07 22:19:28,575 [AppLog] INFO : 准备处理第1层数据：准备调用RenderToWic，index为28，subindex为0，g_nRePrintTimes为1，起始层为0
2023-04-07 22:19:28,762 [AppLog] INFO : 完成处理第28层数据：准备调用DrawLayerBMP，index为28，起始层为0
2023-04-07 22:19:28,762 [AppLog] INFO : 完成处理第28层数据：准备调用DrawLayerBMP，index为28，起始层为0
2023-04-07 22:19:29,324 [AppLog] INFO : Y方向到位等停：DEM_StopAxisRun：返回值{True}bImmeStop{False}nAxisMask{1}
2023-04-07 22:19:29,339 [AppLog] INFO : X方向到位等停：DEM_StopAxisRun：返回值{True}bImmeStop{False}nAxisMask{2}
2023-04-07 22:19:29,370 [AppLog] INFO : 开启闪喷操作：IDP_FlashPrtCtl：返回值{True}
2023-04-07 22:19:29,370 [AppLog] INFO : 进入：EquipmentMotionLogic3=》准备创建对象-手动操作！
2023-04-07 22:19:29,370 [AppLog] INFO : 进入：EquipmentMotionLogic3=》不需重新创建-手动操作！
2023-04-07 22:19:29,370 [AppLog] INFO : 进入：EquipmentMotionLogic3=》赋值完成自-AutoPrintMotion2！
2023-04-07 22:19:29,370 [AppLog] INFO : 进入：EquipmentMotionLogic3=》加载配置文件-LoadJsonFile成功！
2023-04-07 22:19:29,370 [AppLog] INFO : 进入自动铺粉逻辑：NewAutoSupplyPowderThread2
2023-04-07 22:19:29,448 [AppLog] INFO : 手动正向点动指令（8轴运控板卡系统） ====》：输出AXIS{第1轴},点动量{-0.1MM},运动速度{2MM/s}
2023-04-07 22:19:29,448 [AppLog] INFO : 成形面高度下降层厚 TrapSpace{0.1mm}：TrapMoveUp(1, true, Convert.ToString(vel), Convert.ToString(TrapSpace), true, true）
2023-04-07 22:19:29,448 [AppLog] INFO : 作业写入成功：IDP_WriteImgLayerData：bpp:{1bit}灰阶:{1阶}nLayerIndex{29}LayerIndex{28}SubIndex{1}RePrintTimes{1}nBytesPerLine{1004}nWidth{8001}nHeight{7560}nXEncOff{0}nYJetOff{0}nImgStartJetIndex{0}nXDPI{635}nYDPI{600}nPrtDir{0} nPrtFlag{1}nColorCnts{1}nReserved{System.Int32[]}
2023-04-07 22:19:29,448 [AppLog] INFO : 完成处理第1层数据：准备调用RenderToWic，index为28，subindex为0，g_nRePrintTimes为1，起始层为0
2023-04-07 22:19:29,448 [AppLog] INFO : 准备处理第1层数据：准备调用RenderToWic，index为29，subindex为0，g_nRePrintTimes为1，起始层为0
2023-04-07 22:19:29,636 [AppLog] INFO : 完成处理第29层数据：准备调用DrawLayerBMP，index为29，起始层为0
2023-04-07 22:19:29,636 [AppLog] INFO : 完成处理第29层数据：准备调用DrawLayerBMP，index为29，起始层为0
2023-04-07 22:19:30,228 [AppLog] INFO : 手动正向点动指令（8轴运控板卡系统） ====》：输出AXIS{第1轴},点动量{-1.5MM},运动速度{2MM/s}
2023-04-07 22:19:30,228 [AppLog] INFO : 成形面高度下降指定厚度 TrapSpace{1.5mm}：TrapMoveUp(1, true, Convert.ToString(vel), Convert.ToString(TrapSpace), true, true）
2023-04-07 22:19:30,338 [AppLog] INFO : 作业写入成功：IDP_WriteImgLayerData：bpp:{1bit}灰阶:{1阶}nLayerIndex{30}LayerIndex{29}SubIndex{1}RePrintTimes{1}nBytesPerLine{1004}nWidth{8001}nHeight{7560}nXEncOff{0}nYJetOff{0}nImgStartJetIndex{0}nXDPI{635}nYDPI{600}nPrtDir{0} nPrtFlag{1}nColorCnts{1}nReserved{System.Int32[]}
2023-04-07 22:19:30,338 [AppLog] INFO : 完成处理第1层数据：准备调用RenderToWic，index为29，subindex为0，g_nRePrintTimes为1，起始层为0
2023-04-07 22:19:30,993 [AppLog] INFO : 手动正向点动指令（8轴运控板卡系统） ====》：输出AXIS{第1轴},点动量{1.5MM},运动速度{2MM/s}
2023-04-07 22:19:30,993 [AppLog] INFO : 成形面高度上升层厚 TrapSpace{1.5mm}：TrapMoveUp(1, true, Convert.ToString(vel), Convert.ToString(TrapSpace), true, true）
2023-04-07 22:19:31,211 [AppLog] INFO : 手动正向点动指令（8轴运控板卡系统） ====》：输出AXIS{第8轴},点动量{0.5MM},运动速度{2.5MM/s}
2023-04-07 22:19:31,211 [AppLog] INFO : Hopper落粉轴转2圈落粉，速度0.5rev/s：TrapMoveUp(8, true, 0.5, rotateNuM.ToString(), true, false)
2023-04-07 22:19:32,506 [AppLog] INFO : 手动正向点动指令（8轴运控板卡系统） ====》：输出AXIS{第2轴},点动量{258MM},运动速度{200MM/s}
2023-04-07 22:19:32,506 [AppLog] INFO : 开启铺粉车不等停运动至准备打印位置255mm，速度200mm/s：BackToStation2
2023-04-07 22:19:32,506 [AppLog] INFO : 手动正向点动指令（8轴运控板卡系统） ====》：输出AXIS{第2轴},点动量{440MM},运动速度{50MM/s}
2023-04-07 22:19:32,506 [AppLog] INFO : 开启铺粉车不等停运动至准备打印位置695mm，速度50mm/s：BackToStation2
2023-04-07 22:19:32,615 [AppLog] INFO : 打开IR灯：OpenIRLamp(true)
2023-04-07 22:19:32,631 [AppLog] INFO : 手动正向点动指令（8轴运控板卡系统） ====》：输出AXIS{第3轴},点动量{0.5MM},运动速度{0.0753424657534247MM/s}
2023-04-07 22:19:32,631 [AppLog] INFO : 开启均匀落粉及辊子铺平运动：TrapMoveUp(3, true, Convert.ToString(DispenseRollerSpeed), 0.5, true, true)
2023-04-07 22:19:37,732 [AppLog] INFO : 关闭IR灯：OpenIRLamp(false)
2023-04-07 22:19:40,072 [AppLog] INFO : 手动正向点动指令（8轴运控板卡系统） ====》：输出AXIS{第3轴},点动量{0.5MM},运动速度{2MM/s}
2023-04-07 22:19:40,072 [AppLog] INFO : 落粉轴继续转动以倒掉余粉：TrapMoveUp(3, true, 2, 0.5, true, false)
2023-04-07 22:19:42,084 [AppLog] INFO : 手动正向点动指令（8轴运控板卡系统） ====》：输出AXIS{第1轴},点动量{-1.5MM},运动速度{2MM/s}
2023-04-07 22:19:42,084 [AppLog] INFO : 成形面高度下降指定厚度 TrapSpace{1.5mm}：TrapMoveUp(1, true, Convert.ToString(vel), Convert.ToString(TrapSpace), true, true）
2023-04-07 22:19:45,579 [AppLog] INFO : 手动正向点动指令（8轴运控板卡系统） ====》：输出AXIS{第2轴},点动量{-698MM},运动速度{200MM/s}
2023-04-07 22:19:45,579 [AppLog] INFO : 铺粉车返回至站1：BackToStation2(AimPos, MovSpeed, true)：-3mm，速度200mm/s：BackToStation2
2023-04-07 22:19:45,969 [AppLog] INFO : 落粉轴回零成功：motionMap.SetBackSpreaderAxis(3, 0.5, 2, -SinkPosition)：ReturnCode{True}
2023-04-07 22:19:46,733 [AppLog] INFO : 手动正向点动指令（8轴运控板卡系统） ====》：输出AXIS{第1轴},点动量{1.5MM},运动速度{2MM/s}
2023-04-07 22:19:46,733 [AppLog] INFO : 成形面高度上升层厚 TrapSpace{1.5mm}：TrapMoveUp(1, true, Convert.ToString(vel), Convert.ToString(TrapSpace), true, true）
2023-04-07 22:19:46,733 [AppLog] INFO : 自动铺粉正常结束：NewAutoSupplyPowderThread2
2023-04-07 22:19:46,733 [AppLog] INFO : 发送监控指令，拍照记录1条：SendMessageFromSharedMemory
2023-04-07 22:19:46,733 [AppLog] INFO : 执行完成铺粉固化操作：EquipmentMotionLogic3：m_bApplyPowderSupplyMotion:0
2023-04-07 22:19:46,733 [AppLog] INFO : 接收到起始打印指令：PrintTaskTHREAD
2023-04-07 22:19:46,733 [AppLog] INFO : 获取打印Pass数据：IDP_GetPassItem2：nLayerIndex{2}nPassID{0}nProcState{3}LPPassDataItemb:PrtDir{False}nDataTxCompleteCnt{1}nHwMemAdrMatchMask{1}nLayerIndex{2}nLayerPassCount{6}nLayerPassIndex{0}nMinJet0ImgLinePos{0}nPrtMemHwAddr{System.UInt32[]}nPrtDataOffset{System.UInt32[]}nSrcDataSize{System.UInt32[]}nPrtColBytes{System.UInt32[]}nPrtPrecession{8}nSrcEndCols{8000}nSrcStartCols{0}nStartEncPos{76472}nValidPassJets{1280}nValidPrtCols{8310}nValidPrtCtlCnts{1}pDataBuf{0}pNextItem{685953600}
2023-04-07 22:19:46,749 [AppLog] INFO : 使能Pass打印成功：IDP_DoPassPrint2：nLayerIndex{2}nPassID{0}
2023-04-07 22:19:46,749 [AppLog] INFO : PASS打印前关键状态：DEV_GetDeviceInfo2：nLayerIndex{2}nPassID{0}LPPRINTER_INFO:nXSysEncDPI{0}nStatus{0}nPrintStatus{0}bSuperDevice{0}
LPPRINTER_INFO-LPPrtRunInfo:bJobPrtRuning{False}bLayerPrtIsOver{False}nContReqMemErr{0}nContWDErr{0}nCurPrtDir{0}nDTLayerIndex{0}nDTLayerPassIndex{0}nDTPtrCtlIndex{0}nLayerPassCount{0}nPrintLayerIndex{0}nPrintPassIndex{0}nProcLayerIndex{0}nPrtDataMemAddr{0}nPrtState{0}nReverse{System.Int32[]}nRevPrtCols{0}
LPPRINTER_INFO-LPDRVINFO:nFMVersion{0}nFpgaVersion{0}nPCBVersion{0}nState{0}nNextState{0}nPtvwarnState{0}nCrc32{0}nRevInfo{System.UInt32[]}nSignature{0}
2023-04-07 22:19:46,749 [AppLog] INFO : 进入：EquipmentMotionLogic3=》准备创建对象-手动操作！
2023-04-07 22:19:46,749 [AppLog] INFO : 进入：EquipmentMotionLogic3=》不需重新创建-手动操作！
2023-04-07 22:19:46,749 [AppLog] INFO : 进入：EquipmentMotionLogic3=》赋值完成自-AutoPrintMotion2！
2023-04-07 22:19:46,749 [AppLog] INFO : 进入：EquipmentMotionLogic3=》加载配置文件-LoadJsonFile成功！
2023-04-07 22:19:46,749 [AppLog] INFO : 进入自动清洗过程：AutoCleanThread
2023-04-07 22:19:47,732 [AppLog] INFO : 刮墨轴回零成功：motionMap.SetBackSpreaderAxis(4, 1, 2, -SinkPosition)
2023-04-07 22:19:47,732 [AppLog] INFO : 准备读取编码器位置：Y方向！
2023-04-07 22:19:47,732 [AppLog] INFO : 准备运动，编码器当前位置：DEM_GetAxisEncodeVal：MoveDirectionFlag{false为Y方向：True}CurrentPos{121.35}AimPos{121}
2023-04-07 22:19:47,763 [AppLog] INFO : Y方向运动开始：DEM_Run：返回值{True}nAxis{1}DirFlag{False}nSpeed{300000}MoveStep{-350.000000000009}nCtlValue{0}
2023-04-07 22:19:47,763 [AppLog] INFO : Y方向到位停止：DEM_StopAxisRun：返回值{True}CurrentPos{121.35}bImmeStop{False}nAxisMask{2}
2023-04-07 22:19:47,763 [AppLog] INFO : 准备读取编码器位置：X方向！
2023-04-07 22:19:47,763 [AppLog] INFO : 准备运动，当前位置：DEV_GetPrintEncoderValue：MoveDirectionFlag{false为Y方向：False}CurrentPos{783.11}AimPos{780}
2023-04-07 22:19:47,794 [AppLog] INFO : X方向运动开始：DEM_Run：返回值{True}nAxis{0}DirFlag{False}nSpeed{300000}MoveStep{-3110.00000000001}nCtlValue{2}
2023-04-07 22:19:47,934 [AppLog] INFO : X方向到位停止：DEM_StopAxisRun：返回值{True}CurrentPos{782.765}bImmeStop{False}nAxisMask{1}
2023-04-07 22:19:48,761 [AppLog] INFO : 开启压墨： motionMap.SetDo(13, true)
2023-04-07 22:19:51,772 [AppLog] INFO : 关闭压墨： motionMap.SetDo(13, true)
2023-04-07 22:19:51,772 [AppLog] INFO : 准备读取编码器位置：X方向！
2023-04-07 22:19:51,772 [AppLog] INFO : 准备运动，当前位置：DEV_GetPrintEncoderValue：MoveDirectionFlag{false为Y方向：False}CurrentPos{780.335}AimPos{680}
2023-04-07 22:19:51,803 [AppLog] INFO : X方向运动开始：DEM_Run：返回值{True}nAxis{0}DirFlag{False}nSpeed{50000}MoveStep{-100335}nCtlValue{2}
2023-04-07 22:19:53,862 [AppLog] INFO : X方向到位停止：DEM_StopAxisRun：返回值{True}CurrentPos{683.73}bImmeStop{False}nAxisMask{1}
2023-04-07 22:19:54,689 [AppLog] INFO : 结束自动清洗过程：AutoCleanThread
2023-04-07 22:19:54,689 [AppLog] INFO : 进入：EquipmentMotionLogic3=》准备创建对象-手动操作！
2023-04-07 22:19:54,689 [AppLog] INFO : 进入：EquipmentMotionLogic3=》不需重新创建-手动操作！
2023-04-07 22:19:54,689 [AppLog] INFO : 进入：EquipmentMotionLogic3=》赋值完成自-AutoPrintMotion2！
2023-04-07 22:19:54,689 [AppLog] INFO : 进入：EquipmentMotionLogic3=》加载配置文件-LoadJsonFile成功！
2023-04-07 22:19:54,689 [AppLog] INFO : 进入：AutoPrintThread2！
2023-04-07 22:19:54,689 [AppLog] INFO : 关闭闪喷操作：IDP_FlashPrtCtl：返回值{True}
2023-04-07 22:19:54,689 [AppLog] INFO : 准备读取编码器位置：Y方向！
2023-04-07 22:19:54,689 [AppLog] INFO : 准备运动，编码器当前位置：DEM_GetAxisEncodeVal：MoveDirectionFlag{false为Y方向：True}CurrentPos{120.995}AimPos{15}
2023-04-07 22:19:54,720 [AppLog] INFO : Y方向运动开始：DEM_Run：返回值{True}nAxis{1}DirFlag{False}nSpeed{300000}MoveStep{-105995}nCtlValue{0}
2023-04-07 22:19:54,720 [AppLog] INFO : 准备读取编码器位置：X方向！
2023-04-07 22:19:54,736 [AppLog] INFO : 准备运动，当前位置：DEV_GetPrintEncoderValue：MoveDirectionFlag{false为Y方向：False}CurrentPos{680.32}AimPos{425}
2023-04-07 22:19:54,767 [AppLog] INFO : X方向运动开始：DEM_Run：返回值{True}nAxis{0}DirFlag{False}nSpeed{300000}MoveStep{-255320}nCtlValue{2}
2023-04-07 22:19:56,171 [AppLog] INFO : X方向到位停止：DEM_StopAxisRun：返回值{True}CurrentPos{429.595}bImmeStop{False}nAxisMask{1}
2023-04-07 22:19:56,171 [AppLog] INFO : 准备读取编码器位置：X方向！
2023-04-07 22:19:56,171 [AppLog] INFO : 准备运动，当前位置：DEV_GetPrintEncoderValue：MoveDirectionFlag{false为Y方向：False}CurrentPos{429.505}AimPos{25}
2023-04-07 22:19:56,202 [AppLog] INFO : X方向运动开始：DEM_Run：返回值{True}nAxis{0}DirFlag{False}nSpeed{300000}MoveStep{-404505}nCtlValue{2}
2023-04-07 22:19:58,090 [AppLog] INFO : X方向到位停止：DEM_StopAxisRun：返回值{True}CurrentPos{25.805}bImmeStop{False}nAxisMask{1}
2023-04-07 22:19:58,090 [AppLog] INFO : 准备读取编码器位置：Y方向！
2023-04-07 22:19:58,090 [AppLog] INFO : 准备运动，编码器当前位置：DEM_GetAxisEncodeVal：MoveDirectionFlag{false为Y方向：True}CurrentPos{15.155}AimPos{69}
2023-04-07 22:19:58,121 [AppLog] INFO : Y方向运动开始：DEM_Run：返回值{True}nAxis{1}DirFlag{True}nSpeed{300000}MoveStep{53845}nCtlValue{0}
2023-04-07 22:19:58,308 [AppLog] INFO : Y方向到位停止：DEM_StopAxisRun：返回值{True}CurrentPos{26.185}bImmeStop{False}nAxisMask{2}
2023-04-07 22:19:58,308 [AppLog] INFO : 获取打印Pass数据：IDP_GetPassItem2：nLayerIndex{2}nPassID{1}nProcState{3}LPPassDataItemb:PrtDir{True}nDataTxCompleteCnt{1}nHwMemAdrMatchMask{1}nLayerIndex{2}nLayerPassCount{6}nLayerPassIndex{1}nMinJet0ImgLinePos{1280}nPrtMemHwAddr{System.UInt32[]}nPrtDataOffset{System.UInt32[]}nSrcDataSize{System.UInt32[]}nPrtColBytes{System.UInt32[]}nPrtPrecession{8}nSrcEndCols{8000}nSrcStartCols{0}nStartEncPos{10000}nValidPassJets{1280}nValidPrtCols{8310}nValidPrtCtlCnts{1}pDataBuf{0}pNextItem{685953760}
2023-04-07 22:19:58,324 [AppLog] INFO : 使能Pass打印成功：IDP_DoPassPrint2：nLayerIndex{2}nPassID{1}
2023-04-07 22:19:58,324 [AppLog] INFO : PASS打印前关键状态：DEV_GetDeviceInfo2：nLayerIndex{2}nPassID{1}LPPRINTER_INFO:nXSysEncDPI{0}nStatus{0}nPrintStatus{0}bSuperDevice{0}
LPPRINTER_INFO-LPPrtRunInfo:bJobPrtRuning{False}bLayerPrtIsOver{False}nContReqMemErr{0}nContWDErr{0}nCurPrtDir{0}nDTLayerIndex{0}nDTLayerPassIndex{0}nDTPtrCtlIndex{0}nLayerPassCount{0}nPrintLayerIndex{0}nPrintPassIndex{0}nProcLayerIndex{0}nPrtDataMemAddr{0}nPrtState{0}nReverse{System.Int32[]}nRevPrtCols{0}
LPPRINTER_INFO-LPDRVINFO:nFMVersion{0}nFpgaVersion{0}nPCBVersion{0}nState{0}nNextState{0}nPtvwarnState{0}nCrc32{0}nRevInfo{System.UInt32[]}nSignature{0}
2023-04-07 22:19:58,324 [AppLog] INFO : 进入：EquipmentMotionLogic3=》准备创建对象-手动操作！
2023-04-07 22:19:58,324 [AppLog] INFO : 进入：EquipmentMotionLogic3=》不需重新创建-手动操作！
2023-04-07 22:19:58,324 [AppLog] INFO : 进入：EquipmentMotionLogic3=》赋值完成自-AutoPrintMotion2！
2023-04-07 22:19:58,324 [AppLog] INFO : 进入：EquipmentMotionLogic3=》加载配置文件-LoadJsonFile成功！
2023-04-07 22:19:58,324 [AppLog] INFO : 进入：AutoPrintThread2！
2023-04-07 22:19:58,324 [AppLog] INFO : 准备读取编码器位置：X方向！
2023-04-07 22:19:58,324 [AppLog] INFO : 准备运动，当前位置：DEV_GetPrintEncoderValue：MoveDirectionFlag{false为Y方向：False}CurrentPos{21.445}AimPos{425}
2023-04-07 22:19:58,355 [AppLog] INFO : X方向运动开始：DEM_Run：返回值{True}nAxis{0}DirFlag{True}nSpeed{300000}MoveStep{403555}nCtlValue{2}
2023-04-07 22:20:00,258 [AppLog] INFO : X方向到位停止：DEM_StopAxisRun：返回值{True}CurrentPos{419.83}bImmeStop{False}nAxisMask{1}
2023-04-07 22:20:00,258 [AppLog] INFO : 准备读取编码器位置：Y方向！
2023-04-07 22:20:00,258 [AppLog] INFO : 准备运动，编码器当前位置：DEM_GetAxisEncodeVal：MoveDirectionFlag{false为Y方向：True}CurrentPos{68.94}AimPos{123}
2023-04-07 22:20:00,290 [AppLog] INFO : Y方向运动开始：DEM_Run：返回值{True}nAxis{1}DirFlag{True}nSpeed{300000}MoveStep{54060}nCtlValue{0}
2023-04-07 22:20:00,477 [AppLog] INFO : Y方向到位停止：DEM_StopAxisRun：返回值{True}CurrentPos{79.15}bImmeStop{False}nAxisMask{2}
2023-04-07 22:20:00,477 [AppLog] INFO : 获取打印Pass数据：IDP_GetPassItem2：nLayerIndex{2}nPassID{2}nProcState{3}LPPassDataItemb:PrtDir{False}nDataTxCompleteCnt{1}nHwMemAdrMatchMask{1}nLayerIndex{2}nLayerPassCount{6}nLayerPassIndex{2}nMinJet0ImgLinePos{2560}nPrtMemHwAddr{System.UInt32[]}nPrtDataOffset{System.UInt32[]}nSrcDataSize{System.UInt32[]}nPrtColBytes{System.UInt32[]}nPrtPrecession{8}nSrcEndCols{8000}nSrcStartCols{0}nStartEncPos{76472}nValidPassJets{1280}nValidPrtCols{8310}nValidPrtCtlCnts{1}pDataBuf{0}pNextItem{685953920}
2023-04-07 22:20:00,492 [AppLog] INFO : 使能Pass打印成功：IDP_DoPassPrint2：nLayerIndex{2}nPassID{2}
2023-04-07 22:20:00,492 [AppLog] INFO : PASS打印前关键状态：DEV_GetDeviceInfo2：nLayerIndex{2}nPassID{2}LPPRINTER_INFO:nXSysEncDPI{0}nStatus{0}nPrintStatus{0}bSuperDevice{0}
LPPRINTER_INFO-LPPrtRunInfo:bJobPrtRuning{False}bLayerPrtIsOver{False}nContReqMemErr{0}nContWDErr{0}nCurPrtDir{0}nDTLayerIndex{0}nDTLayerPassIndex{0}nDTPtrCtlIndex{0}nLayerPassCount{0}nPrintLayerIndex{0}nPrintPassIndex{0}nProcLayerIndex{0}nPrtDataMemAddr{0}nPrtState{0}nReverse{System.Int32[]}nRevPrtCols{0}
LPPRINTER_INFO-LPDRVINFO:nFMVersion{0}nFpgaVersion{0}nPCBVersion{0}nState{0}nNextState{0}nPtvwarnState{0}nCrc32{0}nRevInfo{System.UInt32[]}nSignature{0}
2023-04-07 22:20:00,492 [AppLog] INFO : 进入：EquipmentMotionLogic3=》准备创建对象-手动操作！
2023-04-07 22:20:00,492 [AppLog] INFO : 进入：EquipmentMotionLogic3=》不需重新创建-手动操作！
2023-04-07 22:20:00,492 [AppLog] INFO : 进入：EquipmentMotionLogic3=》赋值完成自-AutoPrintMotion2！
2023-04-07 22:20:00,492 [AppLog] INFO : 进入：EquipmentMotionLogic3=》加载配置文件-LoadJsonFile成功！
2023-04-07 22:20:00,492 [AppLog] INFO : 进入：AutoPrintThread2！
2023-04-07 22:20:00,492 [AppLog] INFO : 准备读取编码器位置：X方向！
2023-04-07 22:20:00,492 [AppLog] INFO : 准备运动，当前位置：DEV_GetPrintEncoderValue：MoveDirectionFlag{false为Y方向：False}CurrentPos{423.425}AimPos{25}
2023-04-07 22:20:00,524 [AppLog] INFO : X方向运动开始：DEM_Run：返回值{True}nAxis{0}DirFlag{False}nSpeed{300000}MoveStep{-398425}nCtlValue{2}
2023-04-07 22:20:02,396 [AppLog] INFO : X方向到位停止：DEM_StopAxisRun：返回值{True}CurrentPos{30.72}bImmeStop{False}nAxisMask{1}
2023-04-07 22:20:02,396 [AppLog] INFO : 准备读取编码器位置：Y方向！
2023-04-07 22:20:02,396 [AppLog] INFO : 准备运动，编码器当前位置：DEM_GetAxisEncodeVal：MoveDirectionFlag{false为Y方向：True}CurrentPos{122.845}AimPos{177}
2023-04-07 22:20:02,427 [AppLog] INFO : Y方向运动开始：DEM_Run：返回值{True}nAxis{1}DirFlag{True}nSpeed{300000}MoveStep{54155}nCtlValue{0}
2023-04-07 22:20:02,614 [AppLog] INFO : Y方向到位停止：DEM_StopAxisRun：返回值{True}CurrentPos{133.275}bImmeStop{False}nAxisMask{2}
2023-04-07 22:20:02,614 [AppLog] INFO : 获取打印Pass数据：IDP_GetPassItem2：nLayerIndex{2}nPassID{3}nProcState{3}LPPassDataItemb:PrtDir{True}nDataTxCompleteCnt{1}nHwMemAdrMatchMask{1}nLayerIndex{2}nLayerPassCount{6}nLayerPassIndex{3}nMinJet0ImgLinePos{3840}nPrtMemHwAddr{System.UInt32[]}nPrtDataOffset{System.UInt32[]}nSrcDataSize{System.UInt32[]}nPrtColBytes{System.UInt32[]}nPrtPrecession{8}nSrcEndCols{8000}nSrcStartCols{0}nStartEncPos{10000}nValidPassJets{1280}nValidPrtCols{8310}nValidPrtCtlCnts{1}pDataBuf{0}pNextItem{685954080}
2023-04-07 22:20:02,630 [AppLog] INFO : 使能Pass打印成功：IDP_DoPassPrint2：nLayerIndex{2}nPassID{3}
2023-04-07 22:20:02,630 [AppLog] INFO : PASS打印前关键状态：DEV_GetDeviceInfo2：nLayerIndex{2}nPassID{3}LPPRINTER_INFO:nXSysEncDPI{0}nStatus{0}nPrintStatus{0}bSuperDevice{0}
LPPRINTER_INFO-LPPrtRunInfo:bJobPrtRuning{False}bLayerPrtIsOver{False}nContReqMemErr{0}nContWDErr{0}nCurPrtDir{0}nDTLayerIndex{0}nDTLayerPassIndex{0}nDTPtrCtlIndex{0}nLayerPassCount{0}nPrintLayerIndex{0}nPrintPassIndex{0}nProcLayerIndex{0}nPrtDataMemAddr{0}nPrtState{0}nReverse{System.Int32[]}nRevPrtCols{0}
LPPRINTER_INFO-LPDRVINFO:nFMVersion{0}nFpgaVersion{0}nPCBVersion{0}nState{0}nNextState{0}nPtvwarnState{0}nCrc32{0}nRevInfo{System.UInt32[]}nSignature{0}
2023-04-07 22:20:02,630 [AppLog] INFO : 进入：EquipmentMotionLogic3=》准备创建对象-手动操作！
2023-04-07 22:20:02,630 [AppLog] INFO : 进入：EquipmentMotionLogic3=》不需重新创建-手动操作！
2023-04-07 22:20:02,630 [AppLog] INFO : 进入：EquipmentMotionLogic3=》赋值完成自-AutoPrintMotion2！
2023-04-07 22:20:02,630 [AppLog] INFO : 进入：EquipmentMotionLogic3=》加载配置文件-LoadJsonFile成功！
2023-04-07 22:20:02,630 [AppLog] INFO : 进入：AutoPrintThread2！
2023-04-07 22:20:02,630 [AppLog] INFO : 准备读取编码器位置：X方向！
2023-04-07 22:20:02,630 [AppLog] INFO : 准备运动，当前位置：DEV_GetPrintEncoderValue：MoveDirectionFlag{false为Y方向：False}CurrentPos{26.545}AimPos{425}
2023-04-07 22:20:02,661 [AppLog] INFO : X方向运动开始：DEM_Run：返回值{True}nAxis{0}DirFlag{True}nSpeed{300000}MoveStep{398455}nCtlValue{2}
2023-04-07 22:20:04,548 [AppLog] INFO : X方向到位停止：DEM_StopAxisRun：返回值{True}CurrentPos{419.635}bImmeStop{False}nAxisMask{1}
2023-04-07 22:20:04,548 [AppLog] INFO : 准备读取编码器位置：Y方向！
2023-04-07 22:20:04,548 [AppLog] INFO : 准备运动，编码器当前位置：DEM_GetAxisEncodeVal：MoveDirectionFlag{false为Y方向：True}CurrentPos{176.885}AimPos{231}
2023-04-07 22:20:04,580 [AppLog] INFO : Y方向运动开始：DEM_Run：返回值{True}nAxis{1}DirFlag{True}nSpeed{300000}MoveStep{54115}nCtlValue{0}
2023-04-07 22:20:04,782 [AppLog] INFO : Y方向到位停止：DEM_StopAxisRun：返回值{True}CurrentPos{191}bImmeStop{False}nAxisMask{2}
2023-04-07 22:20:04,782 [AppLog] INFO : 获取打印Pass数据：IDP_GetPassItem2：nLayerIndex{2}nPassID{4}nProcState{3}LPPassDataItemb:PrtDir{False}nDataTxCompleteCnt{1}nHwMemAdrMatchMask{1}nLayerIndex{2}nLayerPassCount{6}nLayerPassIndex{4}nMinJet0ImgLinePos{5120}nPrtMemHwAddr{System.UInt32[]}nPrtDataOffset{System.UInt32[]}nSrcDataSize{System.UInt32[]}nPrtColBytes{System.UInt32[]}nPrtPrecession{8}nSrcEndCols{8000}nSrcStartCols{0}nStartEncPos{76472}nValidPassJets{1280}nValidPrtCols{8310}nValidPrtCtlCnts{1}pDataBuf{0}pNextItem{674085360}
2023-04-07 22:20:04,814 [AppLog] INFO : 使能Pass打印成功：IDP_DoPassPrint2：nLayerIndex{2}nPassID{4}
2023-04-07 22:20:04,814 [AppLog] INFO : PASS打印前关键状态：DEV_GetDeviceInfo2：nLayerIndex{2}nPassID{4}LPPRINTER_INFO:nXSysEncDPI{0}nStatus{0}nPrintStatus{0}bSuperDevice{0}
LPPRINTER_INFO-LPPrtRunInfo:bJobPrtRuning{False}bLayerPrtIsOver{False}nContReqMemErr{0}nContWDErr{0}nCurPrtDir{0}nDTLayerIndex{0}nDTLayerPassIndex{0}nDTPtrCtlIndex{0}nLayerPassCount{0}nPrintLayerIndex{0}nPrintPassIndex{0}nProcLayerIndex{0}nPrtDataMemAddr{0}nPrtState{0}nReverse{System.Int32[]}nRevPrtCols{0}
LPPRINTER_INFO-LPDRVINFO:nFMVersion{0}nFpgaVersion{0}nPCBVersion{0}nState{0}nNextState{0}nPtvwarnState{0}nCrc32{0}nRevInfo{System.UInt32[]}nSignature{0}
2023-04-07 22:20:04,814 [AppLog] INFO : 进入：EquipmentMotionLogic3=》准备创建对象-手动操作！
2023-04-07 22:20:04,814 [AppLog] INFO : 进入：EquipmentMotionLogic3=》不需重新创建-手动操作！
2023-04-07 22:20:04,814 [AppLog] INFO : 进入：EquipmentMotionLogic3=》赋值完成自-AutoPrintMotion2！
2023-04-07 22:20:04,814 [AppLog] INFO : 进入：EquipmentMotionLogic3=》加载配置文件-LoadJsonFile成功！
2023-04-07 22:20:04,814 [AppLog] INFO : 进入：AutoPrintThread2！
2023-04-07 22:20:04,814 [AppLog] INFO : 准备读取编码器位置：X方向！
2023-04-07 22:20:04,829 [AppLog] INFO : 准备运动，当前位置：DEV_GetPrintEncoderValue：MoveDirectionFlag{false为Y方向：False}CurrentPos{423.46}AimPos{25}
2023-04-07 22:20:04,860 [AppLog] INFO : X方向运动开始：DEM_Run：返回值{True}nAxis{0}DirFlag{False}nSpeed{300000}MoveStep{-398460}nCtlValue{2}
2023-04-07 22:20:06,748 [AppLog] INFO : X方向到位停止：DEM_StopAxisRun：返回值{True}CurrentPos{30.47}bImmeStop{False}nAxisMask{1}
2023-04-07 22:20:06,748 [AppLog] INFO : 准备读取编码器位置：Y方向！
2023-04-07 22:20:06,748 [AppLog] INFO : 准备运动，编码器当前位置：DEM_GetAxisEncodeVal：MoveDirectionFlag{false为Y方向：True}CurrentPos{230.945}AimPos{285}
2023-04-07 22:20:06,779 [AppLog] INFO : Y方向运动开始：DEM_Run：返回值{True}nAxis{1}DirFlag{True}nSpeed{300000}MoveStep{54055}nCtlValue{0}
2023-04-07 22:20:06,966 [AppLog] INFO : Y方向到位停止：DEM_StopAxisRun：返回值{True}CurrentPos{241.355}bImmeStop{False}nAxisMask{2}
2023-04-07 22:20:06,966 [AppLog] INFO : 获取打印Pass数据：IDP_GetPassItem2：nLayerIndex{2}nPassID{5}nProcState{3}LPPassDataItemb:PrtDir{True}nDataTxCompleteCnt{1}nHwMemAdrMatchMask{1}nLayerIndex{2}nLayerPassCount{6}nLayerPassIndex{5}nMinJet0ImgLinePos{6400}nPrtMemHwAddr{System.UInt32[]}nPrtDataOffset{System.UInt32[]}nSrcDataSize{System.UInt32[]}nPrtColBytes{System.UInt32[]}nPrtPrecession{8}nSrcEndCols{8000}nSrcStartCols{0}nStartEncPos{10000}nValidPassJets{1280}nValidPrtCols{8310}nValidPrtCtlCnts{1}pDataBuf{0}pNextItem{0}
2023-04-07 22:20:06,982 [AppLog] INFO : 使能Pass打印成功：IDP_DoPassPrint2：nLayerIndex{2}nPassID{5}
2023-04-07 22:20:06,998 [AppLog] INFO : PASS打印前关键状态：DEV_GetDeviceInfo2：nLayerIndex{2}nPassID{5}LPPRINTER_INFO:nXSysEncDPI{0}nStatus{0}nPrintStatus{0}bSuperDevice{0}
LPPRINTER_INFO-LPPrtRunInfo:bJobPrtRuning{False}bLayerPrtIsOver{False}nContReqMemErr{0}nContWDErr{0}nCurPrtDir{0}nDTLayerIndex{0}nDTLayerPassIndex{0}nDTPtrCtlIndex{0}nLayerPassCount{0}nPrintLayerIndex{0}nPrintPassIndex{0}nProcLayerIndex{0}nPrtDataMemAddr{0}nPrtState{0}nReverse{System.Int32[]}nRevPrtCols{0}
LPPRINTER_INFO-LPDRVINFO:nFMVersion{0}nFpgaVersion{0}nPCBVersion{0}nState{0}nNextState{0}nPtvwarnState{0}nCrc32{0}nRevInfo{System.UInt32[]}nSignature{0}
2023-04-07 22:20:06,998 [AppLog] INFO : 进入：EquipmentMotionLogic3=》准备创建对象-手动操作！
2023-04-07 22:20:06,998 [AppLog] INFO : 进入：EquipmentMotionLogic3=》不需重新创建-手动操作！
2023-04-07 22:20:06,998 [AppLog] INFO : 进入：EquipmentMotionLogic3=》赋值完成自-AutoPrintMotion2！
2023-04-07 22:20:06,998 [AppLog] INFO : 进入：EquipmentMotionLogic3=》加载配置文件-LoadJsonFile成功！
2023-04-07 22:20:06,998 [AppLog] INFO : 进入：AutoPrintThread2！
2023-04-07 22:20:06,998 [AppLog] INFO : 准备读取编码器位置：X方向！
2023-04-07 22:20:06,998 [AppLog] INFO : 准备运动，当前位置：DEV_GetPrintEncoderValue：MoveDirectionFlag{false为Y方向：False}CurrentPos{26.55}AimPos{425}
2023-04-07 22:20:07,029 [AppLog] INFO : X方向运动开始：DEM_Run：返回值{True}nAxis{0}DirFlag{True}nSpeed{300000}MoveStep{398450}nCtlValue{2}
2023-04-07 22:20:08,916 [AppLog] INFO : X方向到位停止：DEM_StopAxisRun：返回值{True}CurrentPos{419.14}bImmeStop{False}nAxisMask{1}
2023-04-07 22:20:08,916 [AppLog] INFO : 准备读取编码器位置：X方向！
2023-04-07 22:20:08,916 [AppLog] INFO : 准备运动，当前位置：DEV_GetPrintEncoderValue：MoveDirectionFlag{false为Y方向：False}CurrentPos{419.24}AimPos{780}
2023-04-07 22:20:08,948 [AppLog] INFO : X方向运动开始：DEM_Run：返回值{True}nAxis{0}DirFlag{True}nSpeed{300000}MoveStep{360760}nCtlValue{2}
2023-04-07 22:20:08,948 [AppLog] INFO : 准备读取编码器位置：Y方向！
2023-04-07 22:20:08,948 [AppLog] INFO : 准备运动，编码器当前位置：DEM_GetAxisEncodeVal：MoveDirectionFlag{false为Y方向：True}CurrentPos{284.885}AimPos{121}
2023-04-07 22:20:08,979 [AppLog] INFO : Y方向运动开始：DEM_Run：返回值{True}nAxis{1}DirFlag{False}nSpeed{300000}MoveStep{-163885}nCtlValue{0}
2023-04-07 22:20:10,695 [AppLog] INFO : Y方向到位等停：DEM_StopAxisRun：返回值{True}bImmeStop{False}nAxisMask{1}
2023-04-07 22:20:10,695 [AppLog] INFO : X方向到位等停：DEM_StopAxisRun：返回值{True}bImmeStop{False}nAxisMask{2}
2023-04-07 22:20:10,710 [AppLog] INFO : 开启闪喷操作：IDP_FlashPrtCtl：返回值{True}
2023-04-07 22:20:10,710 [AppLog] INFO : 进入：EquipmentMotionLogic3=》准备创建对象-手动操作！
2023-04-07 22:20:10,710 [AppLog] INFO : 进入：EquipmentMotionLogic3=》不需重新创建-手动操作！
2023-04-07 22:20:10,710 [AppLog] INFO : 进入：EquipmentMotionLogic3=》赋值完成自-AutoPrintMotion2！
2023-04-07 22:20:10,710 [AppLog] INFO : 进入：EquipmentMotionLogic3=》加载配置文件-LoadJsonFile成功！
2023-04-07 22:20:10,710 [AppLog] INFO : 进入自动铺粉逻辑：NewAutoSupplyPowderThread2
2023-04-07 22:20:10,788 [AppLog] INFO : 手动正向点动指令（8轴运控板卡系统） ====》：输出AXIS{第1轴},点动量{-0.1MM},运动速度{2MM/s}
2023-04-07 22:20:10,788 [AppLog] INFO : 成形面高度下降层厚 TrapSpace{0.1mm}：TrapMoveUp(1, true, Convert.ToString(vel), Convert.ToString(TrapSpace), true, true）
2023-04-07 22:20:11,553 [AppLog] INFO : 手动正向点动指令（8轴运控板卡系统） ====》：输出AXIS{第1轴},点动量{-1.5MM},运动速度{2MM/s}
2023-04-07 22:20:11,553 [AppLog] INFO : 成形面高度下降指定厚度 TrapSpace{1.5mm}：TrapMoveUp(1, true, Convert.ToString(vel), Convert.ToString(TrapSpace), true, true）
2023-04-07 22:20:12,333 [AppLog] INFO : 手动正向点动指令（8轴运控板卡系统） ====》：输出AXIS{第1轴},点动量{1.5MM},运动速度{2MM/s}
2023-04-07 22:20:12,333 [AppLog] INFO : 成形面高度上升层厚 TrapSpace{1.5mm}：TrapMoveUp(1, true, Convert.ToString(vel), Convert.ToString(TrapSpace), true, true）
2023-04-07 22:20:12,551 [AppLog] INFO : 手动正向点动指令（8轴运控板卡系统） ====》：输出AXIS{第8轴},点动量{0.5MM},运动速度{2.5MM/s}
2023-04-07 22:20:12,551 [AppLog] INFO : Hopper落粉轴转2圈落粉，速度0.5rev/s：TrapMoveUp(8, true, 0.5, rotateNuM.ToString(), true, false)
2023-04-07 22:20:13,846 [AppLog] INFO : 手动正向点动指令（8轴运控板卡系统） ====》：输出AXIS{第2轴},点动量{258MM},运动速度{200MM/s}
2023-04-07 22:20:13,846 [AppLog] INFO : 开启铺粉车不等停运动至准备打印位置255mm，速度200mm/s：BackToStation2
2023-04-07 22:20:13,846 [AppLog] INFO : 手动正向点动指令（8轴运控板卡系统） ====》：输出AXIS{第2轴},点动量{440MM},运动速度{50MM/s}
2023-04-07 22:20:13,846 [AppLog] INFO : 开启铺粉车不等停运动至准备打印位置695mm，速度50mm/s：BackToStation2
2023-04-07 22:20:13,955 [AppLog] INFO : 打开IR灯：OpenIRLamp(true)
2023-04-07 22:20:13,955 [AppLog] INFO : 手动正向点动指令（8轴运控板卡系统） ====》：输出AXIS{第3轴},点动量{0.5MM},运动速度{0.0753424657534247MM/s}
2023-04-07 22:20:13,955 [AppLog] INFO : 开启均匀落粉及辊子铺平运动：TrapMoveUp(3, true, Convert.ToString(DispenseRollerSpeed), 0.5, true, true)
2023-04-07 22:20:19,057 [AppLog] INFO : 关闭IR灯：OpenIRLamp(false)
2023-04-07 22:20:21,412 [AppLog] INFO : 手动正向点动指令（8轴运控板卡系统） ====》：输出AXIS{第3轴},点动量{0.5MM},运动速度{2MM/s}
2023-04-07 22:20:21,412 [AppLog] INFO : 落粉轴继续转动以倒掉余粉：TrapMoveUp(3, true, 2, 0.5, true, false)
2023-04-07 22:20:23,425 [AppLog] INFO : 手动正向点动指令（8轴运控板卡系统） ====》：输出AXIS{第1轴},点动量{-1.5MM},运动速度{2MM/s}
2023-04-07 22:20:23,425 [AppLog] INFO : 成形面高度下降指定厚度 TrapSpace{1.5mm}：TrapMoveUp(1, true, Convert.ToString(vel), Convert.ToString(TrapSpace), true, true）
2023-04-07 22:20:26,919 [AppLog] INFO : 手动正向点动指令（8轴运控板卡系统） ====》：输出AXIS{第2轴},点动量{-698MM},运动速度{200MM/s}
2023-04-07 22:20:26,919 [AppLog] INFO : 铺粉车返回至站1：BackToStation2(AimPos, MovSpeed, true)：-3mm，速度200mm/s：BackToStation2
2023-04-07 22:20:27,309 [AppLog] INFO : 落粉轴回零成功：motionMap.SetBackSpreaderAxis(3, 0.5, 2, -SinkPosition)：ReturnCode{True}
2023-04-07 22:20:28,073 [AppLog] INFO : 手动正向点动指令（8轴运控板卡系统） ====》：输出AXIS{第1轴},点动量{1.5MM},运动速度{2MM/s}
2023-04-07 22:20:28,073 [AppLog] INFO : 成形面高度上升层厚 TrapSpace{1.5mm}：TrapMoveUp(1, true, Convert.ToString(vel), Convert.ToString(TrapSpace), true, true）
2023-04-07 22:20:28,073 [AppLog] INFO : 自动铺粉正常结束：NewAutoSupplyPowderThread2
2023-04-07 22:20:28,073 [AppLog] INFO : 发送监控指令，拍照记录1条：SendMessageFromSharedMemory
2023-04-07 22:20:28,073 [AppLog] INFO : 执行完成铺粉固化操作：EquipmentMotionLogic3：m_bApplyPowderSupplyMotion:0
2023-04-07 22:20:28,073 [AppLog] INFO : 接收到起始打印指令：PrintTaskTHREAD
2023-04-07 22:20:28,089 [AppLog] INFO : 获取打印Pass数据：IDP_GetPassItem2：nLayerIndex{3}nPassID{0}nProcState{3}LPPassDataItemb:PrtDir{False}nDataTxCompleteCnt{1}nHwMemAdrMatchMask{1}nLayerIndex{3}nLayerPassCount{6}nLayerPassIndex{0}nMinJet0ImgLinePos{0}nPrtMemHwAddr{System.UInt32[]}nPrtDataOffset{System.UInt32[]}nSrcDataSize{System.UInt32[]}nPrtColBytes{System.UInt32[]}nPrtPrecession{8}nSrcEndCols{8000}nSrcStartCols{0}nStartEncPos{76472}nValidPassJets{1280}nValidPrtCols{8310}nValidPrtCtlCnts{1}pDataBuf{0}pNextItem{674085680}
2023-04-07 22:20:28,105 [AppLog] INFO : 使能Pass打印成功：IDP_DoPassPrint2：nLayerIndex{3}nPassID{0}
2023-04-07 22:20:28,105 [AppLog] INFO : PASS打印前关键状态：DEV_GetDeviceInfo2：nLayerIndex{3}nPassID{0}LPPRINTER_INFO:nXSysEncDPI{0}nStatus{0}nPrintStatus{0}bSuperDevice{0}
LPPRINTER_INFO-LPPrtRunInfo:bJobPrtRuning{False}bLayerPrtIsOver{False}nContReqMemErr{0}nContWDErr{0}nCurPrtDir{0}nDTLayerIndex{0}nDTLayerPassIndex{0}nDTPtrCtlIndex{0}nLayerPassCount{0}nPrintLayerIndex{0}nPrintPassIndex{0}nProcLayerIndex{0}nPrtDataMemAddr{0}nPrtState{0}nReverse{System.Int32[]}nRevPrtCols{0}
LPPRINTER_INFO-LPDRVINFO:nFMVersion{0}nFpgaVersion{0}nPCBVersion{0}nState{0}nNextState{0}nPtvwarnState{0}nCrc32{0}nRevInfo{System.UInt32[]}nSignature{0}
2023-04-07 22:20:28,105 [AppLog] INFO : 进入：EquipmentMotionLogic3=》准备创建对象-手动操作！
2023-04-07 22:20:28,105 [AppLog] INFO : 进入：EquipmentMotionLogic3=》不需重新创建-手动操作！
2023-04-07 22:20:28,105 [AppLog] INFO : 进入：EquipmentMotionLogic3=》赋值完成自-AutoPrintMotion2！
2023-04-07 22:20:28,105 [AppLog] INFO : 进入：EquipmentMotionLogic3=》加载配置文件-LoadJsonFile成功！
2023-04-07 22:20:28,105 [AppLog] INFO : 进入自动清洗过程：AutoCleanThread
2023-04-07 22:20:29,072 [AppLog] INFO : 刮墨轴回零成功：motionMap.SetBackSpreaderAxis(4, 1, 2, -SinkPosition)
2023-04-07 22:20:29,072 [AppLog] INFO : 准备读取编码器位置：Y方向！
2023-04-07 22:20:29,072 [AppLog] INFO : 准备运动，编码器当前位置：DEM_GetAxisEncodeVal：MoveDirectionFlag{false为Y方向：True}CurrentPos{121.345}AimPos{121}
2023-04-07 22:20:29,103 [AppLog] INFO : Y方向运动开始：DEM_Run：返回值{True}nAxis{1}DirFlag{False}nSpeed{300000}MoveStep{-344.999999999999}nCtlValue{0}
2023-04-07 22:20:29,119 [AppLog] INFO : Y方向到位停止：DEM_StopAxisRun：返回值{True}CurrentPos{121.345}bImmeStop{False}nAxisMask{2}
2023-04-07 22:20:29,119 [AppLog] INFO : 准备读取编码器位置：X方向！
2023-04-07 22:20:29,119 [AppLog] INFO : 准备运动，当前位置：DEV_GetPrintEncoderValue：MoveDirectionFlag{false为Y方向：False}CurrentPos{784.185}AimPos{780}
2023-04-07 22:20:29,150 [AppLog] INFO : X方向运动开始：DEM_Run：返回值{True}nAxis{0}DirFlag{False}nSpeed{300000}MoveStep{-4185.00000000006}nCtlValue{2}
2023-04-07 22:20:29,306 [AppLog] INFO : X方向到位停止：DEM_StopAxisRun：返回值{True}CurrentPos{783.335}bImmeStop{False}nAxisMask{1}
2023-04-07 22:20:30,133 [AppLog] INFO : 开启压墨： motionMap.SetDo(13, true)
2023-04-07 22:20:33,143 [AppLog] INFO : 关闭压墨： motionMap.SetDo(13, true)
2023-04-07 22:20:33,143 [AppLog] INFO : 准备读取编码器位置：X方向！
2023-04-07 22:20:33,143 [AppLog] INFO : 准备运动，当前位置：DEV_GetPrintEncoderValue：MoveDirectionFlag{false为Y方向：False}CurrentPos{780.32}AimPos{680}
2023-04-07 22:20:33,175 [AppLog] INFO : X方向运动开始：DEM_Run：返回值{True}nAxis{0}DirFlag{False}nSpeed{50000}MoveStep{-100320}nCtlValue{2}
2023-04-07 22:20:35,234 [AppLog] INFO : X方向到位停止：DEM_StopAxisRun：返回值{True}CurrentPos{683.805}bImmeStop{False}nAxisMask{1}
2023-04-07 22:20:36,061 [AppLog] INFO : 结束自动清洗过程：AutoCleanThread
2023-04-07 22:20:36,061 [AppLog] INFO : 进入：EquipmentMotionLogic3=》准备创建对象-手动操作！
2023-04-07 22:20:36,061 [AppLog] INFO : 进入：EquipmentMotionLogic3=》不需重新创建-手动操作！
2023-04-07 22:20:36,061 [AppLog] INFO : 进入：EquipmentMotionLogic3=》赋值完成自-AutoPrintMotion2！
2023-04-07 22:20:36,061 [AppLog] INFO : 进入：EquipmentMotionLogic3=》加载配置文件-LoadJsonFile成功！
2023-04-07 22:20:36,061 [AppLog] INFO : 进入：AutoPrintThread2！
2023-04-07 22:20:36,061 [AppLog] INFO : 关闭闪喷操作：IDP_FlashPrtCtl：返回值{True}
2023-04-07 22:20:36,061 [AppLog] INFO : 准备读取编码器位置：Y方向！
2023-04-07 22:20:36,061 [AppLog] INFO : 准备运动，编码器当前位置：DEM_GetAxisEncodeVal：MoveDirectionFlag{false为Y方向：True}CurrentPos{121.005}AimPos{15}
2023-04-07 22:20:36,092 [AppLog] INFO : Y方向运动开始：DEM_Run：返回值{True}nAxis{1}DirFlag{False}nSpeed{300000}MoveStep{-106005}nCtlValue{0}
2023-04-07 22:20:36,092 [AppLog] INFO : 准备读取编码器位置：X方向！
2023-04-07 22:20:36,092 [AppLog] INFO : 准备运动，当前位置：DEV_GetPrintEncoderValue：MoveDirectionFlag{false为Y方向：False}CurrentPos{680.33}AimPos{425}
2023-04-07 22:20:36,123 [AppLog] INFO : X方向运动开始：DEM_Run：返回值{True}nAxis{0}DirFlag{False}nSpeed{300000}MoveStep{-255330}nCtlValue{2}
2023-04-07 22:20:37,527 [AppLog] INFO : X方向到位停止：DEM_StopAxisRun：返回值{True}CurrentPos{429.48}bImmeStop{False}nAxisMask{1}
2023-04-07 22:20:37,527 [AppLog] INFO : 准备读取编码器位置：X方向！
2023-04-07 22:20:37,527 [AppLog] INFO : 准备运动，当前位置：DEV_GetPrintEncoderValue：MoveDirectionFlag{false为Y方向：False}CurrentPos{429.305}AimPos{25}
2023-04-07 22:20:37,558 [AppLog] INFO : X方向运动开始：DEM_Run：返回值{True}nAxis{0}DirFlag{False}nSpeed{300000}MoveStep{-404305}nCtlValue{2}
2023-04-07 22:20:39,461 [AppLog] INFO : X方向到位停止：DEM_StopAxisRun：返回值{True}CurrentPos{25.245}bImmeStop{False}nAxisMask{1}
2023-04-07 22:20:39,461 [AppLog] INFO : 准备读取编码器位置：Y方向！
2023-04-07 22:20:39,461 [AppLog] INFO : 准备运动，编码器当前位置：DEM_GetAxisEncodeVal：MoveDirectionFlag{false为Y方向：True}CurrentPos{15.14}AimPos{69}
2023-04-07 22:20:39,493 [AppLog] INFO : Y方向运动开始：DEM_Run：返回值{True}nAxis{1}DirFlag{True}nSpeed{300000}MoveStep{53860}nCtlValue{0}
2023-04-07 22:20:39,680 [AppLog] INFO : Y方向到位停止：DEM_StopAxisRun：返回值{True}CurrentPos{26.21}bImmeStop{False}nAxisMask{2}
2023-04-07 22:20:39,680 [AppLog] INFO : 获取打印Pass数据：IDP_GetPassItem2：nLayerIndex{3}nPassID{1}nProcState{3}LPPassDataItemb:PrtDir{True}nDataTxCompleteCnt{1}nHwMemAdrMatchMask{1}nLayerIndex{3}nLayerPassCount{6}nLayerPassIndex{1}nMinJet0ImgLinePos{1280}nPrtMemHwAddr{System.UInt32[]}nPrtDataOffset{System.UInt32[]}nSrcDataSize{System.UInt32[]}nPrtColBytes{System.UInt32[]}nPrtPrecession{8}nSrcEndCols{8000}nSrcStartCols{0}nStartEncPos{10000}nValidPassJets{1280}nValidPrtCols{8310}nValidPrtCtlCnts{1}pDataBuf{0}pNextItem{674085840}
2023-04-07 22:20:39,695 [AppLog] INFO : 使能Pass打印成功：IDP_DoPassPrint2：nLayerIndex{3}nPassID{1}
2023-04-07 22:20:39,695 [AppLog] INFO : PASS打印前关键状态：DEV_GetDeviceInfo2：nLayerIndex{3}nPassID{1}LPPRINTER_INFO:nXSysEncDPI{0}nStatus{0}nPrintStatus{0}bSuperDevice{0}
LPPRINTER_INFO-LPPrtRunInfo:bJobPrtRuning{False}bLayerPrtIsOver{False}nContReqMemErr{0}nContWDErr{0}nCurPrtDir{0}nDTLayerIndex{0}nDTLayerPassIndex{0}nDTPtrCtlIndex{0}nLayerPassCount{0}nPrintLayerIndex{0}nPrintPassIndex{0}nProcLayerIndex{0}nPrtDataMemAddr{0}nPrtState{0}nReverse{System.Int32[]}nRevPrtCols{0}
LPPRINTER_INFO-LPDRVINFO:nFMVersion{0}nFpgaVersion{0}nPCBVersion{0}nState{0}nNextState{0}nPtvwarnState{0}nCrc32{0}nRevInfo{System.UInt32[]}nSignature{0}
2023-04-07 22:20:39,695 [AppLog] INFO : 进入：EquipmentMotionLogic3=》准备创建对象-手动操作！
2023-04-07 22:20:39,695 [AppLog] INFO : 进入：EquipmentMotionLogic3=》不需重新创建-手动操作！
2023-04-07 22:20:39,695 [AppLog] INFO : 进入：EquipmentMotionLogic3=》赋值完成自-AutoPrintMotion2！
2023-04-07 22:20:39,695 [AppLog] INFO : 进入：EquipmentMotionLogic3=》加载配置文件-LoadJsonFile成功！
2023-04-07 22:20:39,695 [AppLog] INFO : 进入：AutoPrintThread2！
2023-04-07 22:20:39,695 [AppLog] INFO : 准备读取编码器位置：X方向！
2023-04-07 22:20:39,695 [AppLog] INFO : 准备运动，当前位置：DEV_GetPrintEncoderValue：MoveDirectionFlag{false为Y方向：False}CurrentPos{21.66}AimPos{425}
2023-04-07 22:20:39,727 [AppLog] INFO : X方向运动开始：DEM_Run：返回值{True}nAxis{0}DirFlag{True}nSpeed{300000}MoveStep{403340}nCtlValue{2}
2023-04-07 22:20:41,630 [AppLog] INFO : X方向到位停止：DEM_StopAxisRun：返回值{True}CurrentPos{419.765}bImmeStop{False}nAxisMask{1}
2023-04-07 22:20:41,630 [AppLog] INFO : 准备读取编码器位置：Y方向！
2023-04-07 22:20:41,645 [AppLog] INFO : 准备运动，编码器当前位置：DEM_GetAxisEncodeVal：MoveDirectionFlag{false为Y方向：True}CurrentPos{68.935}AimPos{123}
2023-04-07 22:20:41,677 [AppLog] INFO : Y方向运动开始：DEM_Run：返回值{True}nAxis{1}DirFlag{True}nSpeed{300000}MoveStep{54065}nCtlValue{0}
2023-04-07 22:20:41,864 [AppLog] INFO : Y方向到位停止：DEM_StopAxisRun：返回值{True}CurrentPos{79.095}bImmeStop{False}nAxisMask{2}
2023-04-07 22:20:41,864 [AppLog] INFO : 获取打印Pass数据：IDP_GetPassItem2：nLayerIndex{3}nPassID{2}nProcState{3}LPPassDataItemb:PrtDir{False}nDataTxCompleteCnt{1}nHwMemAdrMatchMask{1}nLayerIndex{3}nLayerPassCount{6}nLayerPassIndex{2}nMinJet0ImgLinePos{2560}nPrtMemHwAddr{System.UInt32[]}nPrtDataOffset{System.UInt32[]}nSrcDataSize{System.UInt32[]}nPrtColBytes{System.UInt32[]}nPrtPrecession{8}nSrcEndCols{8000}nSrcStartCols{0}nStartEncPos{76472}nValidPassJets{1280}nValidPrtCols{8310}nValidPrtCtlCnts{1}pDataBuf{0}pNextItem{674086000}
2023-04-07 22:20:41,895 [AppLog] INFO : 使能Pass打印成功：IDP_DoPassPrint2：nLayerIndex{3}nPassID{2}
2023-04-07 22:20:41,895 [AppLog] INFO : PASS打印前关键状态：DEV_GetDeviceInfo2：nLayerIndex{3}nPassID{2}LPPRINTER_INFO:nXSysEncDPI{0}nStatus{0}nPrintStatus{0}bSuperDevice{0}
LPPRINTER_INFO-LPPrtRunInfo:bJobPrtRuning{False}bLayerPrtIsOver{False}nContReqMemErr{0}nContWDErr{0}nCurPrtDir{0}nDTLayerIndex{0}nDTLayerPassIndex{0}nDTPtrCtlIndex{0}nLayerPassCount{0}nPrintLayerIndex{0}nPrintPassIndex{0}nProcLayerIndex{0}nPrtDataMemAddr{0}nPrtState{0}nReverse{System.Int32[]}nRevPrtCols{0}
LPPRINTER_INFO-LPDRVINFO:nFMVersion{0}nFpgaVersion{0}nPCBVersion{0}nState{0}nNextState{0}nPtvwarnState{0}nCrc32{0}nRevInfo{System.UInt32[]}nSignature{0}
2023-04-07 22:20:41,895 [AppLog] INFO : 进入：EquipmentMotionLogic3=》准备创建对象-手动操作！
2023-04-07 22:20:41,895 [AppLog] INFO : 进入：EquipmentMotionLogic3=》不需重新创建-手动操作！
2023-04-07 22:20:41,911 [AppLog] INFO : 进入：EquipmentMotionLogic3=》赋值完成自-AutoPrintMotion2！
2023-04-07 22:20:41,911 [AppLog] INFO : 进入：EquipmentMotionLogic3=》加载配置文件-LoadJsonFile成功！
2023-04-07 22:20:41,911 [AppLog] INFO : 进入：AutoPrintThread2！
2023-04-07 22:20:41,911 [AppLog] INFO : 准备读取编码器位置：X方向！
2023-04-07 22:20:41,911 [AppLog] INFO : 准备运动，当前位置：DEV_GetPrintEncoderValue：MoveDirectionFlag{false为Y方向：False}CurrentPos{423.405}AimPos{25}
2023-04-07 22:20:41,942 [AppLog] INFO : X方向运动开始：DEM_Run：返回值{True}nAxis{0}DirFlag{False}nSpeed{300000}MoveStep{-398405}nCtlValue{2}
2023-04-07 22:20:43,829 [AppLog] INFO : X方向到位停止：DEM_StopAxisRun：返回值{True}CurrentPos{29.72}bImmeStop{False}nAxisMask{1}
2023-04-07 22:20:43,829 [AppLog] INFO : 准备读取编码器位置：Y方向！
2023-04-07 22:20:43,829 [AppLog] INFO : 准备运动，编码器当前位置：DEM_GetAxisEncodeVal：MoveDirectionFlag{false为Y方向：True}CurrentPos{122.86}AimPos{177}
2023-04-07 22:20:43,861 [AppLog] INFO : Y方向运动开始：DEM_Run：返回值{True}nAxis{1}DirFlag{True}nSpeed{300000}MoveStep{54140}nCtlValue{0}
2023-04-07 22:20:44,048 [AppLog] INFO : Y方向到位停止：DEM_StopAxisRun：返回值{True}CurrentPos{133.14}bImmeStop{False}nAxisMask{2}
2023-04-07 22:20:44,048 [AppLog] INFO : 获取打印Pass数据：IDP_GetPassItem2：nLayerIndex{3}nPassID{3}nProcState{3}LPPassDataItemb:PrtDir{True}nDataTxCompleteCnt{1}nHwMemAdrMatchMask{1}nLayerIndex{3}nLayerPassCount{6}nLayerPassIndex{3}nMinJet0ImgLinePos{3840}nPrtMemHwAddr{System.UInt32[]}nPrtDataOffset{System.UInt32[]}nSrcDataSize{System.UInt32[]}nPrtColBytes{System.UInt32[]}nPrtPrecession{8}nSrcEndCols{8000}nSrcStartCols{0}nStartEncPos{10000}nValidPassJets{1280}nValidPrtCols{8310}nValidPrtCtlCnts{1}pDataBuf{0}pNextItem{674086160}
2023-04-07 22:20:44,063 [AppLog] INFO : 使能Pass打印成功：IDP_DoPassPrint2：nLayerIndex{3}nPassID{3}
2023-04-07 22:20:44,063 [AppLog] INFO : PASS打印前关键状态：DEV_GetDeviceInfo2：nLayerIndex{3}nPassID{3}LPPRINTER_INFO:nXSysEncDPI{0}nStatus{0}nPrintStatus{0}bSuperDevice{0}
LPPRINTER_INFO-LPPrtRunInfo:bJobPrtRuning{False}bLayerPrtIsOver{False}nContReqMemErr{0}nContWDErr{0}nCurPrtDir{0}nDTLayerIndex{0}nDTLayerPassIndex{0}nDTPtrCtlIndex{0}nLayerPassCount{0}nPrintLayerIndex{0}nPrintPassIndex{0}nProcLayerIndex{0}nPrtDataMemAddr{0}nPrtState{0}nReverse{System.Int32[]}nRevPrtCols{0}
LPPRINTER_INFO-LPDRVINFO:nFMVersion{0}nFpgaVersion{0}nPCBVersion{0}nState{0}nNextState{0}nPtvwarnState{0}nCrc32{0}nRevInfo{System.UInt32[]}nSignature{0}
2023-04-07 22:20:44,063 [AppLog] INFO : 进入：EquipmentMotionLogic3=》准备创建对象-手动操作！
2023-04-07 22:20:44,063 [AppLog] INFO : 进入：EquipmentMotionLogic3=》不需重新创建-手动操作！
2023-04-07 22:20:44,063 [AppLog] INFO : 进入：EquipmentMotionLogic3=》赋值完成自-AutoPrintMotion2！
2023-04-07 22:20:44,063 [AppLog] INFO : 进入：EquipmentMotionLogic3=》加载配置文件-LoadJsonFile成功！
2023-04-07 22:20:44,063 [AppLog] INFO : 进入：AutoPrintThread2！
2023-04-07 22:20:44,063 [AppLog] INFO : 准备读取编码器位置：X方向！
2023-04-07 22:20:44,063 [AppLog] INFO : 准备运动，当前位置：DEV_GetPrintEncoderValue：MoveDirectionFlag{false为Y方向：False}CurrentPos{26.57}AimPos{425}
2023-04-07 22:20:44,095 [AppLog] INFO : X方向运动开始：DEM_Run：返回值{True}nAxis{0}DirFlag{True}nSpeed{300000}MoveStep{398430}nCtlValue{2}
2023-04-07 22:20:45,967 [AppLog] INFO : X方向到位停止：DEM_StopAxisRun：返回值{True}CurrentPos{418.66}bImmeStop{False}nAxisMask{1}
2023-04-07 22:20:45,967 [AppLog] INFO : 准备读取编码器位置：Y方向！
2023-04-07 22:20:45,967 [AppLog] INFO : 准备运动，编码器当前位置：DEM_GetAxisEncodeVal：MoveDirectionFlag{false为Y方向：True}CurrentPos{176.88}AimPos{231}
2023-04-07 22:20:45,998 [AppLog] INFO : Y方向运动开始：DEM_Run：返回值{True}nAxis{1}DirFlag{True}nSpeed{300000}MoveStep{54120}nCtlValue{0}
2023-04-07 22:20:46,201 [AppLog] INFO : Y方向到位停止：DEM_StopAxisRun：返回值{True}CurrentPos{190.98}bImmeStop{False}nAxisMask{2}
2023-04-07 22:20:46,201 [AppLog] INFO : 获取打印Pass数据：IDP_GetPassItem2：nLayerIndex{3}nPassID{4}nProcState{3}LPPassDataItemb:PrtDir{False}nDataTxCompleteCnt{1}nHwMemAdrMatchMask{1}nLayerIndex{3}nLayerPassCount{6}nLayerPassIndex{4}nMinJet0ImgLinePos{5120}nPrtMemHwAddr{System.UInt32[]}nPrtDataOffset{System.UInt32[]}nSrcDataSize{System.UInt32[]}nPrtColBytes{System.UInt32[]}nPrtPrecession{8}nSrcEndCols{8000}nSrcStartCols{0}nStartEncPos{76472}nValidPassJets{1280}nValidPrtCols{8310}nValidPrtCtlCnts{1}pDataBuf{0}pNextItem{674086320}
2023-04-07 22:20:46,201 [AppLog] INFO : 使能Pass打印成功：IDP_DoPassPrint2：nLayerIndex{3}nPassID{4}
2023-04-07 22:20:46,232 [AppLog] INFO : PASS打印前关键状态：DEV_GetDeviceInfo2：nLayerIndex{3}nPassID{4}LPPRINTER_INFO:nXSysEncDPI{0}nStatus{0}nPrintStatus{0}bSuperDevice{0}
LPPRINTER_INFO-LPPrtRunInfo:bJobPrtRuning{False}bLayerPrtIsOver{False}nContReqMemErr{0}nContWDErr{0}nCurPrtDir{0}nDTLayerIndex{0}nDTLayerPassIndex{0}nDTPtrCtlIndex{0}nLayerPassCount{0}nPrintLayerIndex{0}nPrintPassIndex{0}nProcLayerIndex{0}nPrtDataMemAddr{0}nPrtState{0}nReverse{System.Int32[]}nRevPrtCols{0}
LPPRINTER_INFO-LPDRVINFO:nFMVersion{0}nFpgaVersion{0}nPCBVersion{0}nState{0}nNextState{0}nPtvwarnState{0}nCrc32{0}nRevInfo{System.UInt32[]}nSignature{0}
2023-04-07 22:20:46,232 [AppLog] INFO : 进入：EquipmentMotionLogic3=》准备创建对象-手动操作！
2023-04-07 22:20:46,232 [AppLog] INFO : 进入：EquipmentMotionLogic3=》不需重新创建-手动操作！
2023-04-07 22:20:46,232 [AppLog] INFO : 进入：EquipmentMotionLogic3=》赋值完成自-AutoPrintMotion2！
2023-04-07 22:20:46,232 [AppLog] INFO : 进入：EquipmentMotionLogic3=》加载配置文件-LoadJsonFile成功！
2023-04-07 22:20:46,232 [AppLog] INFO : 进入：AutoPrintThread2！
2023-04-07 22:20:46,232 [AppLog] INFO : 准备读取编码器位置：X方向！
2023-04-07 22:20:46,232 [AppLog] INFO : 准备运动，当前位置：DEV_GetPrintEncoderValue：MoveDirectionFlag{false为Y方向：False}CurrentPos{423.42}AimPos{25}
2023-04-07 22:20:46,263 [AppLog] INFO : X方向运动开始：DEM_Run：返回值{True}nAxis{0}DirFlag{False}nSpeed{300000}MoveStep{-398420}nCtlValue{2}
2023-04-07 22:20:48,135 [AppLog] INFO : X方向到位停止：DEM_StopAxisRun：返回值{True}CurrentPos{31.255}bImmeStop{False}nAxisMask{1}
2023-04-07 22:20:48,135 [AppLog] INFO : 准备读取编码器位置：Y方向！
2023-04-07 22:20:48,135 [AppLog] INFO : 准备运动，编码器当前位置：DEM_GetAxisEncodeVal：MoveDirectionFlag{false为Y方向：True}CurrentPos{230.94}AimPos{285}
2023-04-07 22:20:48,166 [AppLog] INFO : Y方向运动开始：DEM_Run：返回值{True}nAxis{1}DirFlag{True}nSpeed{300000}MoveStep{54060}nCtlValue{0}
2023-04-07 22:20:48,369 [AppLog] INFO : Y方向到位停止：DEM_StopAxisRun：返回值{True}CurrentPos{246.925}bImmeStop{False}nAxisMask{2}
2023-04-07 22:20:48,369 [AppLog] INFO : 获取打印Pass数据：IDP_GetPassItem2：nLayerIndex{3}nPassID{5}nProcState{3}LPPassDataItemb:PrtDir{True}nDataTxCompleteCnt{1}nHwMemAdrMatchMask{1}nLayerIndex{3}nLayerPassCount{6}nLayerPassIndex{5}nMinJet0ImgLinePos{6400}nPrtMemHwAddr{System.UInt32[]}nPrtDataOffset{System.UInt32[]}nSrcDataSize{System.UInt32[]}nPrtColBytes{System.UInt32[]}nPrtPrecession{8}nSrcEndCols{8000}nSrcStartCols{0}nStartEncPos{10000}nValidPassJets{1280}nValidPrtCols{8310}nValidPrtCtlCnts{1}pDataBuf{0}pNextItem{0}
2023-04-07 22:20:48,385 [AppLog] INFO : 使能Pass打印成功：IDP_DoPassPrint2：nLayerIndex{3}nPassID{5}
2023-04-07 22:20:48,385 [AppLog] INFO : PASS打印前关键状态：DEV_GetDeviceInfo2：nLayerIndex{3}nPassID{5}LPPRINTER_INFO:nXSysEncDPI{0}nStatus{0}nPrintStatus{0}bSuperDevice{0}
LPPRINTER_INFO-LPPrtRunInfo:bJobPrtRuning{False}bLayerPrtIsOver{False}nContReqMemErr{0}nContWDErr{0}nCurPrtDir{0}nDTLayerIndex{0}nDTLayerPassIndex{0}nDTPtrCtlIndex{0}nLayerPassCount{0}nPrintLayerIndex{0}nPrintPassIndex{0}nProcLayerIndex{0}nPrtDataMemAddr{0}nPrtState{0}nReverse{System.Int32[]}nRevPrtCols{0}
LPPRINTER_INFO-LPDRVINFO:nFMVersion{0}nFpgaVersion{0}nPCBVersion{0}nState{0}nNextState{0}nPtvwarnState{0}nCrc32{0}nRevInfo{System.UInt32[]}nSignature{0}
2023-04-07 22:20:48,385 [AppLog] INFO : 进入：EquipmentMotionLogic3=》准备创建对象-手动操作！
2023-04-07 22:20:48,385 [AppLog] INFO : 进入：EquipmentMotionLogic3=》不需重新创建-手动操作！
2023-04-07 22:20:48,385 [AppLog] INFO : 进入：EquipmentMotionLogic3=》赋值完成自-AutoPrintMotion2！
2023-04-07 22:20:48,385 [AppLog] INFO : 进入：EquipmentMotionLogic3=》加载配置文件-LoadJsonFile成功！
2023-04-07 22:20:48,385 [AppLog] INFO : 进入：AutoPrintThread2！
2023-04-07 22:20:48,385 [AppLog] INFO : 准备读取编码器位置：X方向！
2023-04-07 22:20:48,400 [AppLog] INFO : 准备运动，当前位置：DEV_GetPrintEncoderValue：MoveDirectionFlag{false为Y方向：False}CurrentPos{26.575}AimPos{425}
2023-04-07 22:20:48,431 [AppLog] INFO : X方向运动开始：DEM_Run：返回值{True}nAxis{0}DirFlag{True}nSpeed{300000}MoveStep{398425}nCtlValue{2}
2023-04-07 22:20:50,319 [AppLog] INFO : X方向到位停止：DEM_StopAxisRun：返回值{True}CurrentPos{418.98}bImmeStop{False}nAxisMask{1}
2023-04-07 22:20:50,319 [AppLog] INFO : 准备读取编码器位置：X方向！
2023-04-07 22:20:50,319 [AppLog] INFO : 准备运动，当前位置：DEV_GetPrintEncoderValue：MoveDirectionFlag{false为Y方向：False}CurrentPos{419.075}AimPos{780}
2023-04-07 22:20:50,366 [AppLog] INFO : X方向运动开始：DEM_Run：返回值{True}nAxis{0}DirFlag{True}nSpeed{300000}MoveStep{360925}nCtlValue{2}
2023-04-07 22:20:50,366 [AppLog] INFO : 准备读取编码器位置：Y方向！
2023-04-07 22:20:50,366 [AppLog] INFO : 准备运动，编码器当前位置：DEM_GetAxisEncodeVal：MoveDirectionFlag{false为Y方向：True}CurrentPos{284.885}AimPos{121}
2023-04-07 22:20:50,397 [AppLog] INFO : Y方向运动开始：DEM_Run：返回值{True}nAxis{1}DirFlag{False}nSpeed{300000}MoveStep{-163885}nCtlValue{0}
2023-04-07 22:20:52,113 [AppLog] INFO : Y方向到位等停：DEM_StopAxisRun：返回值{True}bImmeStop{False}nAxisMask{1}
2023-04-07 22:20:52,113 [AppLog] INFO : X方向到位等停：DEM_StopAxisRun：返回值{True}bImmeStop{False}nAxisMask{2}
2023-04-07 22:20:52,129 [AppLog] INFO : 开启闪喷操作：IDP_FlashPrtCtl：返回值{True}
2023-04-07 22:20:52,129 [AppLog] INFO : 进入：EquipmentMotionLogic3=》准备创建对象-手动操作！
2023-04-07 22:20:52,129 [AppLog] INFO : 进入：EquipmentMotionLogic3=》不需重新创建-手动操作！
2023-04-07 22:20:52,129 [AppLog] INFO : 进入：EquipmentMotionLogic3=》赋值完成自-AutoPrintMotion2！
2023-04-07 22:20:52,129 [AppLog] INFO : 进入：EquipmentMotionLogic3=》加载配置文件-LoadJsonFile成功！
2023-04-07 22:20:52,129 [AppLog] INFO : 进入自动铺粉逻辑：NewAutoSupplyPowderThread2
2023-04-07 22:20:52,207 [AppLog] INFO : 手动正向点动指令（8轴运控板卡系统） ====》：输出AXIS{第1轴},点动量{-0.1MM},运动速度{2MM/s}
2023-04-07 22:20:52,207 [AppLog] INFO : 成形面高度下降层厚 TrapSpace{0.1mm}：TrapMoveUp(1, true, Convert.ToString(vel), Convert.ToString(TrapSpace), true, true）
2023-04-07 22:20:52,987 [AppLog] INFO : 手动正向点动指令（8轴运控板卡系统） ====》：输出AXIS{第1轴},点动量{-1.5MM},运动速度{2MM/s}
2023-04-07 22:20:52,987 [AppLog] INFO : 成形面高度下降指定厚度 TrapSpace{1.5mm}：TrapMoveUp(1, true, Convert.ToString(vel), Convert.ToString(TrapSpace), true, true）
2023-04-07 22:20:53,751 [AppLog] INFO : 手动正向点动指令（8轴运控板卡系统） ====》：输出AXIS{第1轴},点动量{1.5MM},运动速度{2MM/s}
2023-04-07 22:20:53,751 [AppLog] INFO : 成形面高度上升层厚 TrapSpace{1.5mm}：TrapMoveUp(1, true, Convert.ToString(vel), Convert.ToString(TrapSpace), true, true）
2023-04-07 22:20:53,969 [AppLog] INFO : 手动正向点动指令（8轴运控板卡系统） ====》：输出AXIS{第8轴},点动量{0.5MM},运动速度{2.5MM/s}
2023-04-07 22:20:53,969 [AppLog] INFO : Hopper落粉轴转2圈落粉，速度0.5rev/s：TrapMoveUp(8, true, 0.5, rotateNuM.ToString(), true, false)
2023-04-07 22:20:55,264 [AppLog] INFO : 手动正向点动指令（8轴运控板卡系统） ====》：输出AXIS{第2轴},点动量{258MM},运动速度{200MM/s}
2023-04-07 22:20:55,264 [AppLog] INFO : 开启铺粉车不等停运动至准备打印位置255mm，速度200mm/s：BackToStation2
2023-04-07 22:20:55,264 [AppLog] INFO : 手动正向点动指令（8轴运控板卡系统） ====》：输出AXIS{第2轴},点动量{440MM},运动速度{50MM/s}
2023-04-07 22:20:55,264 [AppLog] INFO : 开启铺粉车不等停运动至准备打印位置695mm，速度50mm/s：BackToStation2
2023-04-07 22:20:55,389 [AppLog] INFO : 打开IR灯：OpenIRLamp(true)
2023-04-07 22:20:55,389 [AppLog] INFO : 手动正向点动指令（8轴运控板卡系统） ====》：输出AXIS{第3轴},点动量{0.5MM},运动速度{0.0753424657534247MM/s}
2023-04-07 22:20:55,389 [AppLog] INFO : 开启均匀落粉及辊子铺平运动：TrapMoveUp(3, true, Convert.ToString(DispenseRollerSpeed), 0.5, true, true)
2023-04-07 22:21:00,475 [AppLog] INFO : 关闭IR灯：OpenIRLamp(false)
2023-04-07 22:21:02,830 [AppLog] INFO : 手动正向点动指令（8轴运控板卡系统） ====》：输出AXIS{第3轴},点动量{0.5MM},运动速度{2MM/s}
2023-04-07 22:21:02,830 [AppLog] INFO : 落粉轴继续转动以倒掉余粉：TrapMoveUp(3, true, 2, 0.5, true, false)
2023-04-07 22:21:02,986 [AppLog] INFO : 进入手动调试子模块！
2023-04-07 22:21:03,002 [AppLog] INFO : 进入：ManulBtn_Click=》准备创建对象-手动操作！
2023-04-07 22:21:03,017 [AppLog] INFO : 创建：ManualControl=》创建完成-手动操作！
2023-04-07 22:21:03,017 [AppLog] INFO : 加载成功：温控Modbus接口！
2023-04-07 22:21:04,843 [AppLog] INFO : 手动正向点动指令（8轴运控板卡系统） ====》：输出AXIS{第1轴},点动量{-1.5MM},运动速度{2MM/s}
2023-04-07 22:21:04,843 [AppLog] INFO : 成形面高度下降指定厚度 TrapSpace{1.5mm}：TrapMoveUp(1, true, Convert.ToString(vel), Convert.ToString(TrapSpace), true, true）
2023-04-07 22:21:06,855 [AppLog] INFO : 退出手动调试子模块,已执行修改
==========================================================================
2023-04-07 22:21:08,337 [AppLog] INFO : 手动正向点动指令（8轴运控板卡系统） ====》：输出AXIS{第2轴},点动量{-698MM},运动速度{200MM/s}
2023-04-07 22:21:08,337 [AppLog] INFO : 铺粉车返回至站1：BackToStation2(AimPos, MovSpeed, true)：-3mm，速度200mm/s：BackToStation2
2023-04-07 22:21:08,727 [AppLog] INFO : 落粉轴回零成功：motionMap.SetBackSpreaderAxis(3, 0.5, 2, -SinkPosition)：ReturnCode{True}
2023-04-07 22:21:09,491 [AppLog] INFO : 手动正向点动指令（8轴运控板卡系统） ====》：输出AXIS{第1轴},点动量{1.5MM},运动速度{2MM/s}
2023-04-07 22:21:09,491 [AppLog] INFO : 成形面高度上升层厚 TrapSpace{1.5mm}：TrapMoveUp(1, true, Convert.ToString(vel), Convert.ToString(TrapSpace), true, true）
2023-04-07 22:21:09,491 [AppLog] INFO : 自动铺粉正常结束：NewAutoSupplyPowderThread2
2023-04-07 22:21:09,491 [AppLog] INFO : 发送监控指令，拍照记录1条：SendMessageFromSharedMemory
2023-04-07 22:21:09,491 [AppLog] INFO : 执行完成铺粉固化操作：EquipmentMotionLogic3：m_bApplyPowderSupplyMotion:0
2023-04-07 22:21:09,491 [AppLog] INFO : 接收到起始打印指令：PrintTaskTHREAD
2023-04-07 22:21:09,491 [AppLog] INFO : 获取打印Pass数据：IDP_GetPassItem2：nLayerIndex{4}nPassID{0}nProcState{3}LPPassDataItemb:PrtDir{False}nDataTxCompleteCnt{1}nHwMemAdrMatchMask{1}nLayerIndex{4}nLayerPassCount{6}nLayerPassIndex{0}nMinJet0ImgLinePos{0}nPrtMemHwAddr{System.UInt32[]}nPrtDataOffset{System.UInt32[]}nSrcDataSize{System.UInt32[]}nPrtColBytes{System.UInt32[]}nPrtPrecession{8}nSrcEndCols{8000}nSrcStartCols{0}nStartEncPos{76472}nValidPassJets{1280}nValidPrtCols{8310}nValidPrtCtlCnts{1}pDataBuf{0}pNextItem{674086640}
2023-04-07 22:21:09,538 [AppLog] INFO : 使能Pass打印成功：IDP_DoPassPrint2：nLayerIndex{4}nPassID{0}
2023-04-07 22:21:09,538 [AppLog] INFO : PASS打印前关键状态：DEV_GetDeviceInfo2：nLayerIndex{4}nPassID{0}LPPRINTER_INFO:nXSysEncDPI{0}nStatus{0}nPrintStatus{0}bSuperDevice{0}
LPPRINTER_INFO-LPPrtRunInfo:bJobPrtRuning{False}bLayerPrtIsOver{False}nContReqMemErr{0}nContWDErr{0}nCurPrtDir{0}nDTLayerIndex{0}nDTLayerPassIndex{0}nDTPtrCtlIndex{0}nLayerPassCount{0}nPrintLayerIndex{0}nPrintPassIndex{0}nProcLayerIndex{0}nPrtDataMemAddr{0}nPrtState{0}nReverse{System.Int32[]}nRevPrtCols{0}
LPPRINTER_INFO-LPDRVINFO:nFMVersion{0}nFpgaVersion{0}nPCBVersion{0}nState{0}nNextState{0}nPtvwarnState{0}nCrc32{0}nRevInfo{System.UInt32[]}nSignature{0}
2023-04-07 22:21:09,538 [AppLog] INFO : 进入：EquipmentMotionLogic3=》准备创建对象-手动操作！
2023-04-07 22:21:09,538 [AppLog] INFO : 进入：EquipmentMotionLogic3=》不需重新创建-手动操作！
2023-04-07 22:21:09,538 [AppLog] INFO : 进入：EquipmentMotionLogic3=》赋值完成自-AutoPrintMotion2！
2023-04-07 22:21:09,538 [AppLog] INFO : 进入：EquipmentMotionLogic3=》加载配置文件-LoadJsonFile成功！
2023-04-07 22:21:09,538 [AppLog] INFO : 进入自动清洗过程：AutoCleanThread
2023-04-07 22:21:10,505 [AppLog] INFO : 刮墨轴回零成功：motionMap.SetBackSpreaderAxis(4, 1, 2, -SinkPosition)
2023-04-07 22:21:10,505 [AppLog] INFO : 准备读取编码器位置：Y方向！
2023-04-07 22:21:10,505 [AppLog] INFO : 准备运动，编码器当前位置：DEM_GetAxisEncodeVal：MoveDirectionFlag{false为Y方向：True}CurrentPos{121.365}AimPos{121}
2023-04-07 22:21:10,537 [AppLog] INFO : Y方向运动开始：DEM_Run：返回值{True}nAxis{1}DirFlag{False}nSpeed{300000}MoveStep{-365.000000000009}nCtlValue{0}
2023-04-07 22:21:10,552 [AppLog] INFO : Y方向到位停止：DEM_StopAxisRun：返回值{True}CurrentPos{121.365}bImmeStop{False}nAxisMask{2}
2023-04-07 22:21:10,552 [AppLog] INFO : 准备读取编码器位置：X方向！
2023-04-07 22:21:10,568 [AppLog] INFO : 准备运动，当前位置：DEV_GetPrintEncoderValue：MoveDirectionFlag{false为Y方向：False}CurrentPos{784.345}AimPos{780}
2023-04-07 22:21:10,599 [AppLog] INFO : X方向运动开始：DEM_Run：返回值{True}nAxis{0}DirFlag{False}nSpeed{300000}MoveStep{-4345.00000000003}nCtlValue{2}
2023-04-07 22:21:10,771 [AppLog] INFO : X方向到位停止：DEM_StopAxisRun：返回值{True}CurrentPos{782.94}bImmeStop{False}nAxisMask{1}
2023-04-07 22:21:11,597 [AppLog] INFO : 开启压墨： motionMap.SetDo(13, true)
2023-04-07 22:21:15,607 [AppLog] INFO : 关闭压墨： motionMap.SetDo(13, true)
2023-04-07 22:21:15,607 [AppLog] INFO : 准备读取编码器位置：X方向！
2023-04-07 22:21:15,607 [AppLog] INFO : 准备运动，当前位置：DEV_GetPrintEncoderValue：MoveDirectionFlag{false为Y方向：False}CurrentPos{780.325}AimPos{680}
2023-04-07 22:21:15,638 [AppLog] INFO : X方向运动开始：DEM_Run：返回值{True}nAxis{0}DirFlag{False}nSpeed{50000}MoveStep{-100325}nCtlValue{2}
2023-04-07 22:21:17,697 [AppLog] INFO : X方向到位停止：DEM_StopAxisRun：返回值{True}CurrentPos{683.69}bImmeStop{False}nAxisMask{1}
2023-04-07 22:21:18,524 [AppLog] INFO : 结束自动清洗过程：AutoCleanThread
2023-04-07 22:21:18,524 [AppLog] INFO : 进入：EquipmentMotionLogic3=》准备创建对象-手动操作！
2023-04-07 22:21:18,524 [AppLog] INFO : 进入：EquipmentMotionLogic3=》不需重新创建-手动操作！
2023-04-07 22:21:18,524 [AppLog] INFO : 进入：EquipmentMotionLogic3=》赋值完成自-AutoPrintMotion2！
2023-04-07 22:21:18,524 [AppLog] INFO : 进入：EquipmentMotionLogic3=》加载配置文件-LoadJsonFile成功！
2023-04-07 22:21:18,524 [AppLog] INFO : 进入：AutoPrintThread2！
2023-04-07 22:21:18,524 [AppLog] INFO : 关闭闪喷操作：IDP_FlashPrtCtl：返回值{True}
2023-04-07 22:21:18,524 [AppLog] INFO : 准备读取编码器位置：Y方向！
2023-04-07 22:21:18,524 [AppLog] INFO : 准备运动，编码器当前位置：DEM_GetAxisEncodeVal：MoveDirectionFlag{false为Y方向：True}CurrentPos{120.995}AimPos{15}
2023-04-07 22:21:18,555 [AppLog] INFO : Y方向运动开始：DEM_Run：返回值{True}nAxis{1}DirFlag{False}nSpeed{300000}MoveStep{-105995}nCtlValue{0}
2023-04-07 22:21:18,555 [AppLog] INFO : 准备读取编码器位置：X方向！
2023-04-07 22:21:18,555 [AppLog] INFO : 准备运动，当前位置：DEV_GetPrintEncoderValue：MoveDirectionFlag{false为Y方向：False}CurrentPos{680.335}AimPos{425}
2023-04-07 22:21:18,586 [AppLog] INFO : X方向运动开始：DEM_Run：返回值{True}nAxis{0}DirFlag{False}nSpeed{300000}MoveStep{-255335}nCtlValue{2}
2023-04-07 22:21:19,990 [AppLog] INFO : X方向到位停止：DEM_StopAxisRun：返回值{True}CurrentPos{429.56}bImmeStop{False}nAxisMask{1}
2023-04-07 22:21:19,990 [AppLog] INFO : 准备读取编码器位置：X方向！
2023-04-07 22:21:19,990 [AppLog] INFO : 准备运动，当前位置：DEV_GetPrintEncoderValue：MoveDirectionFlag{false为Y方向：False}CurrentPos{429.47}AimPos{25}
2023-04-07 22:21:20,021 [AppLog] INFO : X方向运动开始：DEM_Run：返回值{True}nAxis{0}DirFlag{False}nSpeed{300000}MoveStep{-404470}nCtlValue{2}
2023-04-07 22:21:21,909 [AppLog] INFO : X方向到位停止：DEM_StopAxisRun：返回值{True}CurrentPos{25.795}bImmeStop{False}nAxisMask{1}
2023-04-07 22:21:21,909 [AppLog] INFO : 准备读取编码器位置：Y方向！
2023-04-07 22:21:21,909 [AppLog] INFO : 准备运动，编码器当前位置：DEM_GetAxisEncodeVal：MoveDirectionFlag{false为Y方向：True}CurrentPos{15.14}AimPos{69}
2023-04-07 22:21:21,940 [AppLog] INFO : Y方向运动开始：DEM_Run：返回值{True}nAxis{1}DirFlag{True}nSpeed{300000}MoveStep{53860}nCtlValue{0}
2023-04-07 22:21:22,127 [AppLog] INFO : Y方向到位停止：DEM_StopAxisRun：返回值{True}CurrentPos{26.53}bImmeStop{False}nAxisMask{2}
2023-04-07 22:21:22,127 [AppLog] INFO : 获取打印Pass数据：IDP_GetPassItem2：nLayerIndex{4}nPassID{1}nProcState{3}LPPassDataItemb:PrtDir{True}nDataTxCompleteCnt{1}nHwMemAdrMatchMask{1}nLayerIndex{4}nLayerPassCount{6}nLayerPassIndex{1}nMinJet0ImgLinePos{1280}nPrtMemHwAddr{System.UInt32[]}nPrtDataOffset{System.UInt32[]}nSrcDataSize{System.UInt32[]}nPrtColBytes{System.UInt32[]}nPrtPrecession{8}nSrcEndCols{8000}nSrcStartCols{0}nStartEncPos{10000}nValidPassJets{1280}nValidPrtCols{8310}nValidPrtCtlCnts{1}pDataBuf{0}pNextItem{674086800}
2023-04-07 22:21:22,143 [AppLog] INFO : 使能Pass打印成功：IDP_DoPassPrint2：nLayerIndex{4}nPassID{1}
2023-04-07 22:21:22,143 [AppLog] INFO : PASS打印前关键状态：DEV_GetDeviceInfo2：nLayerIndex{4}nPassID{1}LPPRINTER_INFO:nXSysEncDPI{0}nStatus{0}nPrintStatus{0}bSuperDevice{0}
LPPRINTER_INFO-LPPrtRunInfo:bJobPrtRuning{False}bLayerPrtIsOver{False}nContReqMemErr{0}nContWDErr{0}nCurPrtDir{0}nDTLayerIndex{0}nDTLayerPassIndex{0}nDTPtrCtlIndex{0}nLayerPassCount{0}nPrintLayerIndex{0}nPrintPassIndex{0}nProcLayerIndex{0}nPrtDataMemAddr{0}nPrtState{0}nReverse{System.Int32[]}nRevPrtCols{0}
LPPRINTER_INFO-LPDRVINFO:nFMVersion{0}nFpgaVersion{0}nPCBVersion{0}nState{0}nNextState{0}nPtvwarnState{0}nCrc32{0}nRevInfo{System.UInt32[]}nSignature{0}
2023-04-07 22:21:22,143 [AppLog] INFO : 进入：EquipmentMotionLogic3=》准备创建对象-手动操作！
2023-04-07 22:21:22,143 [AppLog] INFO : 进入：EquipmentMotionLogic3=》不需重新创建-手动操作！
2023-04-07 22:21:22,143 [AppLog] INFO : 进入：EquipmentMotionLogic3=》赋值完成自-AutoPrintMotion2！
2023-04-07 22:21:22,143 [AppLog] INFO : 进入：EquipmentMotionLogic3=》加载配置文件-LoadJsonFile成功！
2023-04-07 22:21:22,143 [AppLog] INFO : 进入：AutoPrintThread2！
2023-04-07 22:21:22,143 [AppLog] INFO : 准备读取编码器位置：X方向！
2023-04-07 22:21:22,143 [AppLog] INFO : 准备运动，当前位置：DEV_GetPrintEncoderValue：MoveDirectionFlag{false为Y方向：False}CurrentPos{21.465}AimPos{425}
2023-04-07 22:21:22,174 [AppLog] INFO : X方向运动开始：DEM_Run：返回值{True}nAxis{0}DirFlag{True}nSpeed{300000}MoveStep{403535}nCtlValue{2}
2023-04-07 22:21:24,077 [AppLog] INFO : X方向到位停止：DEM_StopAxisRun：返回值{True}CurrentPos{420.03}bImmeStop{False}nAxisMask{1}
2023-04-07 22:21:24,077 [AppLog] INFO : 准备读取编码器位置：Y方向！
2023-04-07 22:21:24,077 [AppLog] INFO : 准备运动，编码器当前位置：DEM_GetAxisEncodeVal：MoveDirectionFlag{false为Y方向：True}CurrentPos{68.94}AimPos{123}
2023-04-07 22:21:24,109 [AppLog] INFO : Y方向运动开始：DEM_Run：返回值{True}nAxis{1}DirFlag{True}nSpeed{300000}MoveStep{54060}nCtlValue{0}
2023-04-07 22:21:24,296 [AppLog] INFO : Y方向到位停止：DEM_StopAxisRun：返回值{True}CurrentPos{79.06}bImmeStop{False}nAxisMask{2}
2023-04-07 22:21:24,296 [AppLog] INFO : 获取打印Pass数据：IDP_GetPassItem2：nLayerIndex{4}nPassID{2}nProcState{3}LPPassDataItemb:PrtDir{False}nDataTxCompleteCnt{1}nHwMemAdrMatchMask{1}nLayerIndex{4}nLayerPassCount{6}nLayerPassIndex{2}nMinJet0ImgLinePos{2560}nPrtMemHwAddr{System.UInt32[]}nPrtDataOffset{System.UInt32[]}nSrcDataSize{System.UInt32[]}nPrtColBytes{System.UInt32[]}nPrtPrecession{8}nSrcEndCols{8000}nSrcStartCols{0}nStartEncPos{76472}nValidPassJets{1280}nValidPrtCols{8310}nValidPrtCtlCnts{1}pDataBuf{0}pNextItem{674086960}
2023-04-07 22:21:24,296 [AppLog] INFO : 使能Pass打印成功：IDP_DoPassPrint2：nLayerIndex{4}nPassID{2}
2023-04-07 22:21:24,311 [AppLog] INFO : PASS打印前关键状态：DEV_GetDeviceInfo2：nLayerIndex{4}nPassID{2}LPPRINTER_INFO:nXSysEncDPI{0}nStatus{0}nPrintStatus{0}bSuperDevice{0}
LPPRINTER_INFO-LPPrtRunInfo:bJobPrtRuning{False}bLayerPrtIsOver{False}nContReqMemErr{0}nContWDErr{0}nCurPrtDir{0}nDTLayerIndex{0}nDTLayerPassIndex{0}nDTPtrCtlIndex{0}nLayerPassCount{0}nPrintLayerIndex{0}nPrintPassIndex{0}nProcLayerIndex{0}nPrtDataMemAddr{0}nPrtState{0}nReverse{System.Int32[]}nRevPrtCols{0}
LPPRINTER_INFO-LPDRVINFO:nFMVersion{0}nFpgaVersion{0}nPCBVersion{0}nState{0}nNextState{0}nPtvwarnState{0}nCrc32{0}nRevInfo{System.UInt32[]}nSignature{0}
2023-04-07 22:21:24,311 [AppLog] INFO : 进入：EquipmentMotionLogic3=》准备创建对象-手动操作！
2023-04-07 22:21:24,311 [AppLog] INFO : 进入：EquipmentMotionLogic3=》不需重新创建-手动操作！
2023-04-07 22:21:24,311 [AppLog] INFO : 进入：EquipmentMotionLogic3=》赋值完成自-AutoPrintMotion2！
2023-04-07 22:21:24,311 [AppLog] INFO : 进入：EquipmentMotionLogic3=》加载配置文件-LoadJsonFile成功！
2023-04-07 22:21:24,311 [AppLog] INFO : 进入：AutoPrintThread2！
2023-04-07 22:21:24,311 [AppLog] INFO : 准备读取编码器位置：X方向！
2023-04-07 22:21:24,311 [AppLog] INFO : 准备运动，当前位置：DEV_GetPrintEncoderValue：MoveDirectionFlag{false为Y方向：False}CurrentPos{423.405}AimPos{25}
2023-04-07 22:21:24,343 [AppLog] INFO : X方向运动开始：DEM_Run：返回值{True}nAxis{0}DirFlag{False}nSpeed{300000}MoveStep{-398405}nCtlValue{2}
2023-04-07 22:21:26,215 [AppLog] INFO : X方向到位停止：DEM_StopAxisRun：返回值{True}CurrentPos{30.725}bImmeStop{False}nAxisMask{1}
2023-04-07 22:21:26,215 [AppLog] INFO : 准备读取编码器位置：Y方向！
2023-04-07 22:21:26,215 [AppLog] INFO : 准备运动，编码器当前位置：DEM_GetAxisEncodeVal：MoveDirectionFlag{false为Y方向：True}CurrentPos{122.86}AimPos{177}
2023-04-07 22:21:26,246 [AppLog] INFO : Y方向运动开始：DEM_Run：返回值{True}nAxis{1}DirFlag{True}nSpeed{300000}MoveStep{54140}nCtlValue{0}
2023-04-07 22:21:26,433 [AppLog] INFO : Y方向到位停止：DEM_StopAxisRun：返回值{True}CurrentPos{133.86}bImmeStop{False}nAxisMask{2}
2023-04-07 22:21:26,433 [AppLog] INFO : 获取打印Pass数据：IDP_GetPassItem2：nLayerIndex{4}nPassID{3}nProcState{3}LPPassDataItemb:PrtDir{True}nDataTxCompleteCnt{1}nHwMemAdrMatchMask{1}nLayerIndex{4}nLayerPassCount{6}nLayerPassIndex{3}nMinJet0ImgLinePos{3840}nPrtMemHwAddr{System.UInt32[]}nPrtDataOffset{System.UInt32[]}nSrcDataSize{System.UInt32[]}nPrtColBytes{System.UInt32[]}nPrtPrecession{8}nSrcEndCols{8000}nSrcStartCols{0}nStartEncPos{10000}nValidPassJets{1280}nValidPrtCols{8310}nValidPrtCtlCnts{1}pDataBuf{0}pNextItem{674087120}
2023-04-07 22:21:26,449 [AppLog] INFO : 使能Pass打印成功：IDP_DoPassPrint2：nLayerIndex{4}nPassID{3}
2023-04-07 22:21:26,449 [AppLog] INFO : PASS打印前关键状态：DEV_GetDeviceInfo2：nLayerIndex{4}nPassID{3}LPPRINTER_INFO:nXSysEncDPI{0}nStatus{0}nPrintStatus{0}bSuperDevice{0}
LPPRINTER_INFO-LPPrtRunInfo:bJobPrtRuning{False}bLayerPrtIsOver{False}nContReqMemErr{0}nContWDErr{0}nCurPrtDir{0}nDTLayerIndex{0}nDTLayerPassIndex{0}nDTPtrCtlIndex{0}nLayerPassCount{0}nPrintLayerIndex{0}nPrintPassIndex{0}nProcLayerIndex{0}nPrtDataMemAddr{0}nPrtState{0}nReverse{System.Int32[]}nRevPrtCols{0}
LPPRINTER_INFO-LPDRVINFO:nFMVersion{0}nFpgaVersion{0}nPCBVersion{0}nState{0}nNextState{0}nPtvwarnState{0}nCrc32{0}nRevInfo{System.UInt32[]}nSignature{0}
2023-04-07 22:21:26,449 [AppLog] INFO : 进入：EquipmentMotionLogic3=》准备创建对象-手动操作！
2023-04-07 22:21:26,449 [AppLog] INFO : 进入：EquipmentMotionLogic3=》不需重新创建-手动操作！
2023-04-07 22:21:26,449 [AppLog] INFO : 进入：EquipmentMotionLogic3=》赋值完成自-AutoPrintMotion2！
2023-04-07 22:21:26,449 [AppLog] INFO : 进入：EquipmentMotionLogic3=》加载配置文件-LoadJsonFile成功！
2023-04-07 22:21:26,449 [AppLog] INFO : 进入：AutoPrintThread2！
2023-04-07 22:21:26,449 [AppLog] INFO : 准备读取编码器位置：X方向！
2023-04-07 22:21:26,449 [AppLog] INFO : 准备运动，当前位置：DEV_GetPrintEncoderValue：MoveDirectionFlag{false为Y方向：False}CurrentPos{26.59}AimPos{425}
2023-04-07 22:21:26,480 [AppLog] INFO : X方向运动开始：DEM_Run：返回值{True}nAxis{0}DirFlag{True}nSpeed{300000}MoveStep{398410}nCtlValue{2}
2023-04-07 22:21:28,352 [AppLog] INFO : X方向到位停止：DEM_StopAxisRun：返回值{True}CurrentPos{418.645}bImmeStop{False}nAxisMask{1}
2023-04-07 22:21:28,352 [AppLog] INFO : 准备读取编码器位置：Y方向！
2023-04-07 22:21:28,352 [AppLog] INFO : 准备运动，编码器当前位置：DEM_GetAxisEncodeVal：MoveDirectionFlag{false为Y方向：True}CurrentPos{176.885}AimPos{231}
2023-04-07 22:21:28,399 [AppLog] INFO : Y方向运动开始：DEM_Run：返回值{True}nAxis{1}DirFlag{True}nSpeed{300000}MoveStep{54115}nCtlValue{0}
2023-04-07 22:21:28,601 [AppLog] INFO : Y方向到位停止：DEM_StopAxisRun：返回值{True}CurrentPos{190.49}bImmeStop{False}nAxisMask{2}
2023-04-07 22:21:28,601 [AppLog] INFO : 获取打印Pass数据：IDP_GetPassItem2：nLayerIndex{4}nPassID{4}nProcState{3}LPPassDataItemb:PrtDir{False}nDataTxCompleteCnt{1}nHwMemAdrMatchMask{1}nLayerIndex{4}nLayerPassCount{6}nLayerPassIndex{4}nMinJet0ImgLinePos{5120}nPrtMemHwAddr{System.UInt32[]}nPrtDataOffset{System.UInt32[]}nSrcDataSize{System.UInt32[]}nPrtColBytes{System.UInt32[]}nPrtPrecession{8}nSrcEndCols{8000}nSrcStartCols{0}nStartEncPos{76472}nValidPassJets{1280}nValidPrtCols{8310}nValidPrtCtlCnts{1}pDataBuf{0}pNextItem{674087280}
2023-04-07 22:21:28,617 [AppLog] INFO : 使能Pass打印成功：IDP_DoPassPrint2：nLayerIndex{4}nPassID{4}
2023-04-07 22:21:28,617 [AppLog] INFO : PASS打印前关键状态：DEV_GetDeviceInfo2：nLayerIndex{4}nPassID{4}LPPRINTER_INFO:nXSysEncDPI{0}nStatus{0}nPrintStatus{0}bSuperDevice{0}
LPPRINTER_INFO-LPPrtRunInfo:bJobPrtRuning{False}bLayerPrtIsOver{False}nContReqMemErr{0}nContWDErr{0}nCurPrtDir{0}nDTLayerIndex{0}nDTLayerPassIndex{0}nDTPtrCtlIndex{0}nLayerPassCount{0}nPrintLayerIndex{0}nPrintPassIndex{0}nProcLayerIndex{0}nPrtDataMemAddr{0}nPrtState{0}nReverse{System.Int32[]}nRevPrtCols{0}
LPPRINTER_INFO-LPDRVINFO:nFMVersion{0}nFpgaVersion{0}nPCBVersion{0}nState{0}nNextState{0}nPtvwarnState{0}nCrc32{0}nRevInfo{System.UInt32[]}nSignature{0}
2023-04-07 22:21:28,617 [AppLog] INFO : 进入：EquipmentMotionLogic3=》准备创建对象-手动操作！
2023-04-07 22:21:28,617 [AppLog] INFO : 进入：EquipmentMotionLogic3=》不需重新创建-手动操作！
2023-04-07 22:21:28,617 [AppLog] INFO : 进入：EquipmentMotionLogic3=》赋值完成自-AutoPrintMotion2！
2023-04-07 22:21:28,617 [AppLog] INFO : 进入：EquipmentMotionLogic3=》加载配置文件-LoadJsonFile成功！
2023-04-07 22:21:28,617 [AppLog] INFO : 进入：AutoPrintThread2！
2023-04-07 22:21:28,617 [AppLog] INFO : 准备读取编码器位置：X方向！
2023-04-07 22:21:28,617 [AppLog] INFO : 准备运动，当前位置：DEV_GetPrintEncoderValue：MoveDirectionFlag{false为Y方向：False}CurrentPos{423.41}AimPos{25}
2023-04-07 22:21:28,648 [AppLog] INFO : X方向运动开始：DEM_Run：返回值{True}nAxis{0}DirFlag{False}nSpeed{300000}MoveStep{-398410}nCtlValue{2}
2023-04-07 22:21:30,520 [AppLog] INFO : X方向到位停止：DEM_StopAxisRun：返回值{True}CurrentPos{31.205}bImmeStop{False}nAxisMask{1}
2023-04-07 22:21:30,520 [AppLog] INFO : 准备读取编码器位置：Y方向！
2023-04-07 22:21:30,536 [AppLog] INFO : 准备运动，编码器当前位置：DEM_GetAxisEncodeVal：MoveDirectionFlag{false为Y方向：True}CurrentPos{230.93}AimPos{285}
2023-04-07 22:21:30,583 [AppLog] INFO : Y方向运动开始：DEM_Run：返回值{True}nAxis{1}DirFlag{True}nSpeed{300000}MoveStep{54070}nCtlValue{0}
2023-04-07 22:21:30,770 [AppLog] INFO : Y方向到位停止：DEM_StopAxisRun：返回值{True}CurrentPos{241.32}bImmeStop{False}nAxisMask{2}
2023-04-07 22:21:30,770 [AppLog] INFO : 获取打印Pass数据：IDP_GetPassItem2：nLayerIndex{4}nPassID{5}nProcState{3}LPPassDataItemb:PrtDir{True}nDataTxCompleteCnt{1}nHwMemAdrMatchMask{1}nLayerIndex{4}nLayerPassCount{6}nLayerPassIndex{5}nMinJet0ImgLinePos{6400}nPrtMemHwAddr{System.UInt32[]}nPrtDataOffset{System.UInt32[]}nSrcDataSize{System.UInt32[]}nPrtColBytes{System.UInt32[]}nPrtPrecession{8}nSrcEndCols{8000}nSrcStartCols{0}nStartEncPos{10000}nValidPassJets{1280}nValidPrtCols{8310}nValidPrtCtlCnts{1}pDataBuf{0}pNextItem{0}
2023-04-07 22:21:30,785 [AppLog] INFO : 使能Pass打印成功：IDP_DoPassPrint2：nLayerIndex{4}nPassID{5}
2023-04-07 22:21:30,785 [AppLog] INFO : PASS打印前关键状态：DEV_GetDeviceInfo2：nLayerIndex{4}nPassID{5}LPPRINTER_INFO:nXSysEncDPI{0}nStatus{0}nPrintStatus{0}bSuperDevice{0}
LPPRINTER_INFO-LPPrtRunInfo:bJobPrtRuning{False}bLayerPrtIsOver{False}nContReqMemErr{0}nContWDErr{0}nCurPrtDir{0}nDTLayerIndex{0}nDTLayerPassIndex{0}nDTPtrCtlIndex{0}nLayerPassCount{0}nPrintLayerIndex{0}nPrintPassIndex{0}nProcLayerIndex{0}nPrtDataMemAddr{0}nPrtState{0}nReverse{System.Int32[]}nRevPrtCols{0}
LPPRINTER_INFO-LPDRVINFO:nFMVersion{0}nFpgaVersion{0}nPCBVersion{0}nState{0}nNextState{0}nPtvwarnState{0}nCrc32{0}nRevInfo{System.UInt32[]}nSignature{0}
2023-04-07 22:21:30,785 [AppLog] INFO : 进入：EquipmentMotionLogic3=》准备创建对象-手动操作！
2023-04-07 22:21:30,785 [AppLog] INFO : 进入：EquipmentMotionLogic3=》不需重新创建-手动操作！
2023-04-07 22:21:30,785 [AppLog] INFO : 进入：EquipmentMotionLogic3=》赋值完成自-AutoPrintMotion2！
2023-04-07 22:21:30,785 [AppLog] INFO : 进入：EquipmentMotionLogic3=》加载配置文件-LoadJsonFile成功！
2023-04-07 22:21:30,785 [AppLog] INFO : 进入：AutoPrintThread2！
2023-04-07 22:21:30,785 [AppLog] INFO : 准备读取编码器位置：X方向！
2023-04-07 22:21:30,785 [AppLog] INFO : 准备运动，当前位置：DEV_GetPrintEncoderValue：MoveDirectionFlag{false为Y方向：False}CurrentPos{26.595}AimPos{425}
2023-04-07 22:21:30,817 [AppLog] INFO : X方向运动开始：DEM_Run：返回值{True}nAxis{0}DirFlag{True}nSpeed{300000}MoveStep{398405}nCtlValue{2}
2023-04-07 22:21:32,689 [AppLog] INFO : X方向到位停止：DEM_StopAxisRun：返回值{True}CurrentPos{418.12}bImmeStop{False}nAxisMask{1}
2023-04-07 22:21:32,689 [AppLog] INFO : 准备读取编码器位置：X方向！
2023-04-07 22:21:32,689 [AppLog] INFO : 准备运动，当前位置：DEV_GetPrintEncoderValue：MoveDirectionFlag{false为Y方向：False}CurrentPos{418.23}AimPos{780}
2023-04-07 22:21:32,720 [AppLog] INFO : X方向运动开始：DEM_Run：返回值{True}nAxis{0}DirFlag{True}nSpeed{300000}MoveStep{361770}nCtlValue{2}
2023-04-07 22:21:32,720 [AppLog] INFO : 准备读取编码器位置：Y方向！
2023-04-07 22:21:32,720 [AppLog] INFO : 准备运动，编码器当前位置：DEM_GetAxisEncodeVal：MoveDirectionFlag{false为Y方向：True}CurrentPos{284.89}AimPos{121}
2023-04-07 22:21:32,751 [AppLog] INFO : Y方向运动开始：DEM_Run：返回值{True}nAxis{1}DirFlag{False}nSpeed{300000}MoveStep{-163890}nCtlValue{0}
2023-04-07 22:21:34,483 [AppLog] INFO : Y方向到位等停：DEM_StopAxisRun：返回值{True}bImmeStop{False}nAxisMask{1}
2023-04-07 22:21:34,483 [AppLog] INFO : X方向到位等停：DEM_StopAxisRun：返回值{True}bImmeStop{False}nAxisMask{2}
2023-04-07 22:21:34,514 [AppLog] INFO : 开启闪喷操作：IDP_FlashPrtCtl：返回值{True}
2023-04-07 22:21:34,514 [AppLog] INFO : 进入：EquipmentMotionLogic3=》准备创建对象-手动操作！
2023-04-07 22:21:34,514 [AppLog] INFO : 进入：EquipmentMotionLogic3=》不需重新创建-手动操作！
2023-04-07 22:21:34,514 [AppLog] INFO : 进入：EquipmentMotionLogic3=》赋值完成自-AutoPrintMotion2！
2023-04-07 22:21:34,514 [AppLog] INFO : 进入：EquipmentMotionLogic3=》加载配置文件-LoadJsonFile成功！
2023-04-07 22:21:34,514 [AppLog] INFO : 进入自动铺粉逻辑：NewAutoSupplyPowderThread2
2023-04-07 22:21:34,592 [AppLog] INFO : 手动正向点动指令（8轴运控板卡系统） ====》：输出AXIS{第1轴},点动量{-0.1MM},运动速度{2MM/s}
2023-04-07 22:21:34,592 [AppLog] INFO : 成形面高度下降层厚 TrapSpace{0.1mm}：TrapMoveUp(1, true, Convert.ToString(vel), Convert.ToString(TrapSpace), true, true）
2023-04-07 22:21:35,372 [AppLog] INFO : 手动正向点动指令（8轴运控板卡系统） ====》：输出AXIS{第1轴},点动量{-1.5MM},运动速度{2MM/s}
2023-04-07 22:21:35,372 [AppLog] INFO : 成形面高度下降指定厚度 TrapSpace{1.5mm}：TrapMoveUp(1, true, Convert.ToString(vel), Convert.ToString(TrapSpace), true, true）
2023-04-07 22:21:36,136 [AppLog] INFO : 手动正向点动指令（8轴运控板卡系统） ====》：输出AXIS{第1轴},点动量{1.5MM},运动速度{2MM/s}
2023-04-07 22:21:36,136 [AppLog] INFO : 成形面高度上升层厚 TrapSpace{1.5mm}：TrapMoveUp(1, true, Convert.ToString(vel), Convert.ToString(TrapSpace), true, true）
2023-04-07 22:21:36,355 [AppLog] INFO : 手动正向点动指令（8轴运控板卡系统） ====》：输出AXIS{第8轴},点动量{0.5MM},运动速度{2.5MM/s}
2023-04-07 22:21:36,355 [AppLog] INFO : Hopper落粉轴转2圈落粉，速度0.5rev/s：TrapMoveUp(8, true, 0.5, rotateNuM.ToString(), true, false)
2023-04-07 22:21:37,649 [AppLog] INFO : 手动正向点动指令（8轴运控板卡系统） ====》：输出AXIS{第2轴},点动量{258MM},运动速度{200MM/s}
2023-04-07 22:21:37,649 [AppLog] INFO : 开启铺粉车不等停运动至准备打印位置255mm，速度200mm/s：BackToStation2
2023-04-07 22:21:37,649 [AppLog] INFO : 手动正向点动指令（8轴运控板卡系统） ====》：输出AXIS{第2轴},点动量{440MM},运动速度{50MM/s}
2023-04-07 22:21:37,649 [AppLog] INFO : 开启铺粉车不等停运动至准备打印位置695mm，速度50mm/s：BackToStation2
2023-04-07 22:21:37,759 [AppLog] INFO : 打开IR灯：OpenIRLamp(true)
2023-04-07 22:21:37,759 [AppLog] INFO : 手动正向点动指令（8轴运控板卡系统） ====》：输出AXIS{第3轴},点动量{0.5MM},运动速度{0.0753424657534247MM/s}
2023-04-07 22:21:37,759 [AppLog] INFO : 开启均匀落粉及辊子铺平运动：TrapMoveUp(3, true, Convert.ToString(DispenseRollerSpeed), 0.5, true, true)
2023-04-07 22:21:42,860 [AppLog] INFO : 关闭IR灯：OpenIRLamp(false)
2023-04-07 22:21:45,215 [AppLog] INFO : 手动正向点动指令（8轴运控板卡系统） ====》：输出AXIS{第3轴},点动量{0.5MM},运动速度{2MM/s}
2023-04-07 22:21:45,215 [AppLog] INFO : 落粉轴继续转动以倒掉余粉：TrapMoveUp(3, true, 2, 0.5, true, false)
2023-04-07 22:21:47,228 [AppLog] INFO : 手动正向点动指令（8轴运控板卡系统） ====》：输出AXIS{第1轴},点动量{-1.5MM},运动速度{2MM/s}
2023-04-07 22:21:47,228 [AppLog] INFO : 成形面高度下降指定厚度 TrapSpace{1.5mm}：TrapMoveUp(1, true, Convert.ToString(vel), Convert.ToString(TrapSpace), true, true）
2023-04-07 22:21:50,722 [AppLog] INFO : 手动正向点动指令（8轴运控板卡系统） ====》：输出AXIS{第2轴},点动量{-698MM},运动速度{200MM/s}
2023-04-07 22:21:50,722 [AppLog] INFO : 铺粉车返回至站1：BackToStation2(AimPos, MovSpeed, true)：-3mm，速度200mm/s：BackToStation2
2023-04-07 22:21:51,112 [AppLog] INFO : 落粉轴回零成功：motionMap.SetBackSpreaderAxis(3, 0.5, 2, -SinkPosition)：ReturnCode{True}
2023-04-07 22:21:51,877 [AppLog] INFO : 手动正向点动指令（8轴运控板卡系统） ====》：输出AXIS{第1轴},点动量{1.5MM},运动速度{2MM/s}
2023-04-07 22:21:51,877 [AppLog] INFO : 成形面高度上升层厚 TrapSpace{1.5mm}：TrapMoveUp(1, true, Convert.ToString(vel), Convert.ToString(TrapSpace), true, true）
2023-04-07 22:21:51,877 [AppLog] INFO : 自动铺粉正常结束：NewAutoSupplyPowderThread2
2023-04-07 22:21:51,877 [AppLog] INFO : 发送监控指令，拍照记录1条：SendMessageFromSharedMemory
2023-04-07 22:21:51,877 [AppLog] INFO : 执行完成铺粉固化操作：EquipmentMotionLogic3：m_bApplyPowderSupplyMotion:0
2023-04-07 22:21:51,877 [AppLog] INFO : 接收到起始打印指令：PrintTaskTHREAD
2023-04-07 22:21:51,877 [AppLog] INFO : 获取打印Pass数据：IDP_GetPassItem2：nLayerIndex{5}nPassID{0}nProcState{3}LPPassDataItemb:PrtDir{False}nDataTxCompleteCnt{1}nHwMemAdrMatchMask{1}nLayerIndex{5}nLayerPassCount{6}nLayerPassIndex{0}nMinJet0ImgLinePos{0}nPrtMemHwAddr{System.UInt32[]}nPrtDataOffset{System.UInt32[]}nSrcDataSize{System.UInt32[]}nPrtColBytes{System.UInt32[]}nPrtPrecession{8}nSrcEndCols{8000}nSrcStartCols{0}nStartEncPos{76472}nValidPassJets{1280}nValidPrtCols{8310}nValidPrtCtlCnts{1}pDataBuf{0}pNextItem{674087600}
2023-04-07 22:21:51,892 [AppLog] INFO : 使能Pass打印成功：IDP_DoPassPrint2：nLayerIndex{5}nPassID{0}
2023-04-07 22:21:51,892 [AppLog] INFO : PASS打印前关键状态：DEV_GetDeviceInfo2：nLayerIndex{5}nPassID{0}LPPRINTER_INFO:nXSysEncDPI{0}nStatus{0}nPrintStatus{0}bSuperDevice{0}
LPPRINTER_INFO-LPPrtRunInfo:bJobPrtRuning{False}bLayerPrtIsOver{False}nContReqMemErr{0}nContWDErr{0}nCurPrtDir{0}nDTLayerIndex{0}nDTLayerPassIndex{0}nDTPtrCtlIndex{0}nLayerPassCount{0}nPrintLayerIndex{0}nPrintPassIndex{0}nProcLayerIndex{0}nPrtDataMemAddr{0}nPrtState{0}nReverse{System.Int32[]}nRevPrtCols{0}
LPPRINTER_INFO-LPDRVINFO:nFMVersion{0}nFpgaVersion{0}nPCBVersion{0}nState{0}nNextState{0}nPtvwarnState{0}nCrc32{0}nRevInfo{System.UInt32[]}nSignature{0}
2023-04-07 22:21:51,892 [AppLog] INFO : 进入：EquipmentMotionLogic3=》准备创建对象-手动操作！
2023-04-07 22:21:51,892 [AppLog] INFO : 进入：EquipmentMotionLogic3=》不需重新创建-手动操作！
2023-04-07 22:21:51,892 [AppLog] INFO : 进入：EquipmentMotionLogic3=》赋值完成自-AutoPrintMotion2！
2023-04-07 22:21:51,892 [AppLog] INFO : 进入：EquipmentMotionLogic3=》加载配置文件-LoadJsonFile成功！
2023-04-07 22:21:51,892 [AppLog] INFO : 进入自动清洗过程：AutoCleanThread
2023-04-07 22:21:52,875 [AppLog] INFO : 刮墨轴回零成功：motionMap.SetBackSpreaderAxis(4, 1, 2, -SinkPosition)
2023-04-07 22:21:52,875 [AppLog] INFO : 准备读取编码器位置：Y方向！
2023-04-07 22:21:52,875 [AppLog] INFO : 准备运动，编码器当前位置：DEM_GetAxisEncodeVal：MoveDirectionFlag{false为Y方向：True}CurrentPos{121.35}AimPos{121}
2023-04-07 22:21:52,906 [AppLog] INFO : Y方向运动开始：DEM_Run：返回值{True}nAxis{1}DirFlag{False}nSpeed{300000}MoveStep{-350.000000000009}nCtlValue{0}
2023-04-07 22:21:52,906 [AppLog] INFO : Y方向到位停止：DEM_StopAxisRun：返回值{True}CurrentPos{121.35}bImmeStop{False}nAxisMask{2}
2023-04-07 22:21:52,906 [AppLog] INFO : 准备读取编码器位置：X方向！
2023-04-07 22:21:52,906 [AppLog] INFO : 准备运动，当前位置：DEV_GetPrintEncoderValue：MoveDirectionFlag{false为Y方向：False}CurrentPos{785.165}AimPos{780}
2023-04-07 22:21:52,937 [AppLog] INFO : X方向运动开始：DEM_Run：返回值{True}nAxis{0}DirFlag{False}nSpeed{300000}MoveStep{-5164.99999999996}nCtlValue{2}
2023-04-07 22:21:53,125 [AppLog] INFO : X方向到位停止：DEM_StopAxisRun：返回值{True}CurrentPos{783.14}bImmeStop{False}nAxisMask{1}
2023-04-07 22:21:53,951 [AppLog] INFO : 开启压墨： motionMap.SetDo(13, true)
2023-04-07 22:21:57,961 [AppLog] INFO : 关闭压墨： motionMap.SetDo(13, true)
2023-04-07 22:21:57,961 [AppLog] INFO : 准备读取编码器位置：X方向！
2023-04-07 22:21:57,961 [AppLog] INFO : 准备运动，当前位置：DEV_GetPrintEncoderValue：MoveDirectionFlag{false为Y方向：False}CurrentPos{780.32}AimPos{680}
2023-04-07 22:21:57,992 [AppLog] INFO : X方向运动开始：DEM_Run：返回值{True}nAxis{0}DirFlag{False}nSpeed{50000}MoveStep{-100320}nCtlValue{2}
2023-04-07 22:22:00,051 [AppLog] INFO : X方向到位停止：DEM_StopAxisRun：返回值{True}CurrentPos{683.75}bImmeStop{False}nAxisMask{1}
2023-04-07 22:22:00,878 [AppLog] INFO : 结束自动清洗过程：AutoCleanThread
2023-04-07 22:22:00,878 [AppLog] INFO : 进入：EquipmentMotionLogic3=》准备创建对象-手动操作！
2023-04-07 22:22:00,878 [AppLog] INFO : 进入：EquipmentMotionLogic3=》不需重新创建-手动操作！
2023-04-07 22:22:00,878 [AppLog] INFO : 进入：EquipmentMotionLogic3=》赋值完成自-AutoPrintMotion2！
2023-04-07 22:22:00,878 [AppLog] INFO : 进入：EquipmentMotionLogic3=》加载配置文件-LoadJsonFile成功！
2023-04-07 22:22:00,878 [AppLog] INFO : 进入：AutoPrintThread2！
2023-04-07 22:22:00,878 [AppLog] INFO : 关闭闪喷操作：IDP_FlashPrtCtl：返回值{True}
2023-04-07 22:22:00,878 [AppLog] INFO : 准备读取编码器位置：Y方向！
2023-04-07 22:22:00,878 [AppLog] INFO : 准备运动，编码器当前位置：DEM_GetAxisEncodeVal：MoveDirectionFlag{false为Y方向：True}CurrentPos{120.995}AimPos{15}
2023-04-07 22:22:00,909 [AppLog] INFO : Y方向运动开始：DEM_Run：返回值{True}nAxis{1}DirFlag{False}nSpeed{300000}MoveStep{-105995}nCtlValue{0}
2023-04-07 22:22:00,909 [AppLog] INFO : 准备读取编码器位置：X方向！
2023-04-07 22:22:00,909 [AppLog] INFO : 准备运动，当前位置：DEV_GetPrintEncoderValue：MoveDirectionFlag{false为Y方向：False}CurrentPos{680.345}AimPos{425}
2023-04-07 22:22:00,940 [AppLog] INFO : X方向运动开始：DEM_Run：返回值{True}nAxis{0}DirFlag{False}nSpeed{300000}MoveStep{-255345}nCtlValue{2}
2023-04-07 22:22:02,360 [AppLog] INFO : X方向到位停止：DEM_StopAxisRun：返回值{True}CurrentPos{428.75}bImmeStop{False}nAxisMask{1}
2023-04-07 22:22:02,360 [AppLog] INFO : 准备读取编码器位置：X方向！
2023-04-07 22:22:02,360 [AppLog] INFO : 准备运动，当前位置：DEV_GetPrintEncoderValue：MoveDirectionFlag{false为Y方向：False}CurrentPos{428.64}AimPos{25}
2023-04-07 22:22:02,391 [AppLog] INFO : X方向运动开始：DEM_Run：返回值{True}nAxis{0}DirFlag{False}nSpeed{300000}MoveStep{-403640}nCtlValue{2}
2023-04-07 22:22:04,279 [AppLog] INFO : X方向到位停止：DEM_StopAxisRun：返回值{True}CurrentPos{26.51}bImmeStop{False}nAxisMask{1}
2023-04-07 22:22:04,279 [AppLog] INFO : 准备读取编码器位置：Y方向！
2023-04-07 22:22:04,294 [AppLog] INFO : 准备运动，编码器当前位置：DEM_GetAxisEncodeVal：MoveDirectionFlag{false为Y方向：True}CurrentPos{15.155}AimPos{69}
2023-04-07 22:22:04,325 [AppLog] INFO : Y方向运动开始：DEM_Run：返回值{True}nAxis{1}DirFlag{True}nSpeed{300000}MoveStep{53845}nCtlValue{0}
2023-04-07 22:22:04,513 [AppLog] INFO : Y方向到位停止：DEM_StopAxisRun：返回值{True}CurrentPos{25.96}bImmeStop{False}nAxisMask{2}
2023-04-07 22:22:04,513 [AppLog] INFO : 获取打印Pass数据：IDP_GetPassItem2：nLayerIndex{5}nPassID{1}nProcState{3}LPPassDataItemb:PrtDir{True}nDataTxCompleteCnt{1}nHwMemAdrMatchMask{1}nLayerIndex{5}nLayerPassCount{6}nLayerPassIndex{1}nMinJet0ImgLinePos{1280}nPrtMemHwAddr{System.UInt32[]}nPrtDataOffset{System.UInt32[]}nSrcDataSize{System.UInt32[]}nPrtColBytes{System.UInt32[]}nPrtPrecession{8}nSrcEndCols{8000}nSrcStartCols{0}nStartEncPos{10000}nValidPassJets{1280}nValidPrtCols{8310}nValidPrtCtlCnts{1}pDataBuf{0}pNextItem{674087760}
2023-04-07 22:22:04,528 [AppLog] INFO : 使能Pass打印成功：IDP_DoPassPrint2：nLayerIndex{5}nPassID{1}
2023-04-07 22:22:04,544 [AppLog] INFO : PASS打印前关键状态：DEV_GetDeviceInfo2：nLayerIndex{5}nPassID{1}LPPRINTER_INFO:nXSysEncDPI{0}nStatus{0}nPrintStatus{0}bSuperDevice{0}
LPPRINTER_INFO-LPPrtRunInfo:bJobPrtRuning{False}bLayerPrtIsOver{False}nContReqMemErr{0}nContWDErr{0}nCurPrtDir{0}nDTLayerIndex{0}nDTLayerPassIndex{0}nDTPtrCtlIndex{0}nLayerPassCount{0}nPrintLayerIndex{0}nPrintPassIndex{0}nProcLayerIndex{0}nPrtDataMemAddr{0}nPrtState{0}nReverse{System.Int32[]}nRevPrtCols{0}
LPPRINTER_INFO-LPDRVINFO:nFMVersion{0}nFpgaVersion{0}nPCBVersion{0}nState{0}nNextState{0}nPtvwarnState{0}nCrc32{0}nRevInfo{System.UInt32[]}nSignature{0}
2023-04-07 22:22:04,544 [AppLog] INFO : 进入：EquipmentMotionLogic3=》准备创建对象-手动操作！
2023-04-07 22:22:04,544 [AppLog] INFO : 进入：EquipmentMotionLogic3=》不需重新创建-手动操作！
2023-04-07 22:22:04,544 [AppLog] INFO : 进入：EquipmentMotionLogic3=》赋值完成自-AutoPrintMotion2！
2023-04-07 22:22:04,544 [AppLog] INFO : 进入：EquipmentMotionLogic3=》加载配置文件-LoadJsonFile成功！
2023-04-07 22:22:04,544 [AppLog] INFO : 进入：AutoPrintThread2！
2023-04-07 22:22:04,544 [AppLog] INFO : 准备读取编码器位置：X方向！
2023-04-07 22:22:04,559 [AppLog] INFO : 准备运动，当前位置：DEV_GetPrintEncoderValue：MoveDirectionFlag{false为Y方向：False}CurrentPos{22.3}AimPos{425}
2023-04-07 22:22:04,591 [AppLog] INFO : X方向运动开始：DEM_Run：返回值{True}nAxis{0}DirFlag{True}nSpeed{300000}MoveStep{402700}nCtlValue{2}
2023-04-07 22:22:06,463 [AppLog] INFO : X方向到位停止：DEM_StopAxisRun：返回值{True}CurrentPos{418.875}bImmeStop{False}nAxisMask{1}
2023-04-07 22:22:06,463 [AppLog] INFO : 准备读取编码器位置：Y方向！
2023-04-07 22:22:06,478 [AppLog] INFO : 准备运动，编码器当前位置：DEM_GetAxisEncodeVal：MoveDirectionFlag{false为Y方向：True}CurrentPos{68.94}AimPos{123}
2023-04-07 22:22:06,510 [AppLog] INFO : Y方向运动开始：DEM_Run：返回值{True}nAxis{1}DirFlag{True}nSpeed{300000}MoveStep{54060}nCtlValue{0}
2023-04-07 22:22:06,697 [AppLog] INFO : Y方向到位停止：DEM_StopAxisRun：返回值{True}CurrentPos{79.085}bImmeStop{False}nAxisMask{2}
2023-04-07 22:22:06,697 [AppLog] INFO : 获取打印Pass数据：IDP_GetPassItem2：nLayerIndex{5}nPassID{2}nProcState{3}LPPassDataItemb:PrtDir{False}nDataTxCompleteCnt{1}nHwMemAdrMatchMask{1}nLayerIndex{5}nLayerPassCount{6}nLayerPassIndex{2}nMinJet0ImgLinePos{2560}nPrtMemHwAddr{System.UInt32[]}nPrtDataOffset{System.UInt32[]}nSrcDataSize{System.UInt32[]}nPrtColBytes{System.UInt32[]}nPrtPrecession{8}nSrcEndCols{8000}nSrcStartCols{0}nStartEncPos{76472}nValidPassJets{1280}nValidPrtCols{8310}nValidPrtCtlCnts{1}pDataBuf{0}pNextItem{674087920}
2023-04-07 22:22:06,697 [AppLog] INFO : 使能Pass打印成功：IDP_DoPassPrint2：nLayerIndex{5}nPassID{2}
2023-04-07 22:22:06,712 [AppLog] INFO : PASS打印前关键状态：DEV_GetDeviceInfo2：nLayerIndex{5}nPassID{2}LPPRINTER_INFO:nXSysEncDPI{0}nStatus{0}nPrintStatus{0}bSuperDevice{0}
LPPRINTER_INFO-LPPrtRunInfo:bJobPrtRuning{False}bLayerPrtIsOver{False}nContReqMemErr{0}nContWDErr{0}nCurPrtDir{0}nDTLayerIndex{0}nDTLayerPassIndex{0}nDTPtrCtlIndex{0}nLayerPassCount{0}nPrintLayerIndex{0}nPrintPassIndex{0}nProcLayerIndex{0}nPrtDataMemAddr{0}nPrtState{0}nReverse{System.Int32[]}nRevPrtCols{0}
LPPRINTER_INFO-LPDRVINFO:nFMVersion{0}nFpgaVersion{0}nPCBVersion{0}nState{0}nNextState{0}nPtvwarnState{0}nCrc32{0}nRevInfo{System.UInt32[]}nSignature{0}
2023-04-07 22:22:06,712 [AppLog] INFO : 进入：EquipmentMotionLogic3=》准备创建对象-手动操作！
2023-04-07 22:22:06,712 [AppLog] INFO : 进入：EquipmentMotionLogic3=》不需重新创建-手动操作！
2023-04-07 22:22:06,712 [AppLog] INFO : 进入：EquipmentMotionLogic3=》赋值完成自-AutoPrintMotion2！
2023-04-07 22:22:06,712 [AppLog] INFO : 进入：EquipmentMotionLogic3=》加载配置文件-LoadJsonFile成功！
2023-04-07 22:22:06,712 [AppLog] INFO : 进入：AutoPrintThread2！
2023-04-07 22:22:06,712 [AppLog] INFO : 准备读取编码器位置：X方向！
2023-04-07 22:22:06,712 [AppLog] INFO : 准备运动，当前位置：DEV_GetPrintEncoderValue：MoveDirectionFlag{false为Y方向：False}CurrentPos{423.405}AimPos{25}
2023-04-07 22:22:06,744 [AppLog] INFO : X方向运动开始：DEM_Run：返回值{True}nAxis{0}DirFlag{False}nSpeed{300000}MoveStep{-398405}nCtlValue{2}
2023-04-07 22:22:08,616 [AppLog] INFO : X方向到位停止：DEM_StopAxisRun：返回值{True}CurrentPos{30.775}bImmeStop{False}nAxisMask{1}
2023-04-07 22:22:08,616 [AppLog] INFO : 准备读取编码器位置：Y方向！
2023-04-07 22:22:08,616 [AppLog] INFO : 准备运动，编码器当前位置：DEM_GetAxisEncodeVal：MoveDirectionFlag{false为Y方向：True}CurrentPos{122.855}AimPos{177}
2023-04-07 22:22:08,647 [AppLog] INFO : Y方向运动开始：DEM_Run：返回值{True}nAxis{1}DirFlag{True}nSpeed{300000}MoveStep{54145}nCtlValue{0}
2023-04-07 22:22:08,850 [AppLog] INFO : Y方向到位停止：DEM_StopAxisRun：返回值{True}CurrentPos{136.005}bImmeStop{False}nAxisMask{2}
2023-04-07 22:22:08,850 [AppLog] INFO : 获取打印Pass数据：IDP_GetPassItem2：nLayerIndex{5}nPassID{3}nProcState{3}LPPassDataItemb:PrtDir{True}nDataTxCompleteCnt{1}nHwMemAdrMatchMask{1}nLayerIndex{5}nLayerPassCount{6}nLayerPassIndex{3}nMinJet0ImgLinePos{3840}nPrtMemHwAddr{System.UInt32[]}nPrtDataOffset{System.UInt32[]}nSrcDataSize{System.UInt32[]}nPrtColBytes{System.UInt32[]}nPrtPrecession{8}nSrcEndCols{8000}nSrcStartCols{0}nStartEncPos{10000}nValidPassJets{1280}nValidPrtCols{8310}nValidPrtCtlCnts{1}pDataBuf{0}pNextItem{674088080}
2023-04-07 22:22:08,850 [AppLog] INFO : 使能Pass打印成功：IDP_DoPassPrint2：nLayerIndex{5}nPassID{3}
2023-04-07 22:22:08,865 [AppLog] INFO : PASS打印前关键状态：DEV_GetDeviceInfo2：nLayerIndex{5}nPassID{3}LPPRINTER_INFO:nXSysEncDPI{0}nStatus{0}nPrintStatus{0}bSuperDevice{0}
LPPRINTER_INFO-LPPrtRunInfo:bJobPrtRuning{False}bLayerPrtIsOver{False}nContReqMemErr{0}nContWDErr{0}nCurPrtDir{0}nDTLayerIndex{0}nDTLayerPassIndex{0}nDTPtrCtlIndex{0}nLayerPassCount{0}nPrintLayerIndex{0}nPrintPassIndex{0}nProcLayerIndex{0}nPrtDataMemAddr{0}nPrtState{0}nReverse{System.Int32[]}nRevPrtCols{0}
LPPRINTER_INFO-LPDRVINFO:nFMVersion{0}nFpgaVersion{0}nPCBVersion{0}nState{0}nNextState{0}nPtvwarnState{0}nCrc32{0}nRevInfo{System.UInt32[]}nSignature{0}
2023-04-07 22:22:08,865 [AppLog] INFO : 进入：EquipmentMotionLogic3=》准备创建对象-手动操作！
2023-04-07 22:22:08,865 [AppLog] INFO : 进入：EquipmentMotionLogic3=》不需重新创建-手动操作！
2023-04-07 22:22:08,865 [AppLog] INFO : 进入：EquipmentMotionLogic3=》赋值完成自-AutoPrintMotion2！
2023-04-07 22:22:08,865 [AppLog] INFO : 进入：EquipmentMotionLogic3=》加载配置文件-LoadJsonFile成功！
2023-04-07 22:22:08,865 [AppLog] INFO : 进入：AutoPrintThread2！
2023-04-07 22:22:08,865 [AppLog] INFO : 准备读取编码器位置：X方向！
2023-04-07 22:22:08,865 [AppLog] INFO : 准备运动，当前位置：DEV_GetPrintEncoderValue：MoveDirectionFlag{false为Y方向：False}CurrentPos{26.585}AimPos{425}
2023-04-07 22:22:08,896 [AppLog] INFO : X方向运动开始：DEM_Run：返回值{True}nAxis{0}DirFlag{True}nSpeed{300000}MoveStep{398415}nCtlValue{2}
2023-04-07 22:22:10,768 [AppLog] INFO : X方向到位停止：DEM_StopAxisRun：返回值{True}CurrentPos{418.715}bImmeStop{False}nAxisMask{1}
2023-04-07 22:22:10,768 [AppLog] INFO : 准备读取编码器位置：Y方向！
2023-04-07 22:22:10,784 [AppLog] INFO : 准备运动，编码器当前位置：DEM_GetAxisEncodeVal：MoveDirectionFlag{false为Y方向：True}CurrentPos{176.86}AimPos{231}
2023-04-07 22:22:10,815 [AppLog] INFO : Y方向运动开始：DEM_Run：返回值{True}nAxis{1}DirFlag{True}nSpeed{300000}MoveStep{54140}nCtlValue{0}
2023-04-07 22:22:11,002 [AppLog] INFO : Y方向到位停止：DEM_StopAxisRun：返回值{True}CurrentPos{187.45}bImmeStop{False}nAxisMask{2}
2023-04-07 22:22:11,002 [AppLog] INFO : 获取打印Pass数据：IDP_GetPassItem2：nLayerIndex{5}nPassID{4}nProcState{3}LPPassDataItemb:PrtDir{False}nDataTxCompleteCnt{1}nHwMemAdrMatchMask{1}nLayerIndex{5}nLayerPassCount{6}nLayerPassIndex{4}nMinJet0ImgLinePos{5120}nPrtMemHwAddr{System.UInt32[]}nPrtDataOffset{System.UInt32[]}nSrcDataSize{System.UInt32[]}nPrtColBytes{System.UInt32[]}nPrtPrecession{8}nSrcEndCols{8000}nSrcStartCols{0}nStartEncPos{76472}nValidPassJets{1280}nValidPrtCols{8310}nValidPrtCtlCnts{1}pDataBuf{0}pNextItem{674088240}
2023-04-07 22:22:11,018 [AppLog] INFO : 使能Pass打印成功：IDP_DoPassPrint2：nLayerIndex{5}nPassID{4}
2023-04-07 22:22:11,018 [AppLog] INFO : PASS打印前关键状态：DEV_GetDeviceInfo2：nLayerIndex{5}nPassID{4}LPPRINTER_INFO:nXSysEncDPI{0}nStatus{0}nPrintStatus{0}bSuperDevice{0}
LPPRINTER_INFO-LPPrtRunInfo:bJobPrtRuning{False}bLayerPrtIsOver{False}nContReqMemErr{0}nContWDErr{0}nCurPrtDir{0}nDTLayerIndex{0}nDTLayerPassIndex{0}nDTPtrCtlIndex{0}nLayerPassCount{0}nPrintLayerIndex{0}nPrintPassIndex{0}nProcLayerIndex{0}nPrtDataMemAddr{0}nPrtState{0}nReverse{System.Int32[]}nRevPrtCols{0}
LPPRINTER_INFO-LPDRVINFO:nFMVersion{0}nFpgaVersion{0}nPCBVersion{0}nState{0}nNextState{0}nPtvwarnState{0}nCrc32{0}nRevInfo{System.UInt32[]}nSignature{0}
2023-04-07 22:22:11,018 [AppLog] INFO : 进入：EquipmentMotionLogic3=》准备创建对象-手动操作！
2023-04-07 22:22:11,018 [AppLog] INFO : 进入：EquipmentMotionLogic3=》不需重新创建-手动操作！
2023-04-07 22:22:11,018 [AppLog] INFO : 进入：EquipmentMotionLogic3=》赋值完成自-AutoPrintMotion2！
2023-04-07 22:22:11,018 [AppLog] INFO : 进入：EquipmentMotionLogic3=》加载配置文件-LoadJsonFile成功！
2023-04-07 22:22:11,018 [AppLog] INFO : 进入：AutoPrintThread2！
2023-04-07 22:22:11,018 [AppLog] INFO : 准备读取编码器位置：X方向！
2023-04-07 22:22:11,018 [AppLog] INFO : 准备运动，当前位置：DEV_GetPrintEncoderValue：MoveDirectionFlag{false为Y方向：False}CurrentPos{423.41}AimPos{25}
2023-04-07 22:22:11,049 [AppLog] INFO : X方向运动开始：DEM_Run：返回值{True}nAxis{0}DirFlag{False}nSpeed{300000}MoveStep{-398410}nCtlValue{2}
2023-04-07 22:22:12,921 [AppLog] INFO : X方向到位停止：DEM_StopAxisRun：返回值{True}CurrentPos{31.23}bImmeStop{False}nAxisMask{1}
2023-04-07 22:22:12,921 [AppLog] INFO : 准备读取编码器位置：Y方向！
2023-04-07 22:22:12,921 [AppLog] INFO : 准备运动，编码器当前位置：DEM_GetAxisEncodeVal：MoveDirectionFlag{false为Y方向：True}CurrentPos{230.945}AimPos{285}
2023-04-07 22:22:12,952 [AppLog] INFO : Y方向运动开始：DEM_Run：返回值{True}nAxis{1}DirFlag{True}nSpeed{300000}MoveStep{54055}nCtlValue{0}
2023-04-07 22:22:13,140 [AppLog] INFO : Y方向到位停止：DEM_StopAxisRun：返回值{True}CurrentPos{241.34}bImmeStop{False}nAxisMask{2}
2023-04-07 22:22:13,140 [AppLog] INFO : 获取打印Pass数据：IDP_GetPassItem2：nLayerIndex{5}nPassID{5}nProcState{3}LPPassDataItemb:PrtDir{True}nDataTxCompleteCnt{1}nHwMemAdrMatchMask{1}nLayerIndex{5}nLayerPassCount{6}nLayerPassIndex{5}nMinJet0ImgLinePos{6400}nPrtMemHwAddr{System.UInt32[]}nPrtDataOffset{System.UInt32[]}nSrcDataSize{System.UInt32[]}nPrtColBytes{System.UInt32[]}nPrtPrecession{8}nSrcEndCols{8000}nSrcStartCols{0}nStartEncPos{10000}nValidPassJets{1280}nValidPrtCols{8310}nValidPrtCtlCnts{1}pDataBuf{0}pNextItem{0}
2023-04-07 22:22:13,155 [AppLog] INFO : 使能Pass打印成功：IDP_DoPassPrint2：nLayerIndex{5}nPassID{5}
2023-04-07 22:22:13,155 [AppLog] INFO : PASS打印前关键状态：DEV_GetDeviceInfo2：nLayerIndex{5}nPassID{5}LPPRINTER_INFO:nXSysEncDPI{0}nStatus{0}nPrintStatus{0}bSuperDevice{0}
LPPRINTER_INFO-LPPrtRunInfo:bJobPrtRuning{False}bLayerPrtIsOver{False}nContReqMemErr{0}nContWDErr{0}nCurPrtDir{0}nDTLayerIndex{0}nDTLayerPassIndex{0}nDTPtrCtlIndex{0}nLayerPassCount{0}nPrintLayerIndex{0}nPrintPassIndex{0}nProcLayerIndex{0}nPrtDataMemAddr{0}nPrtState{0}nReverse{System.Int32[]}nRevPrtCols{0}
LPPRINTER_INFO-LPDRVINFO:nFMVersion{0}nFpgaVersion{0}nPCBVersion{0}nState{0}nNextState{0}nPtvwarnState{0}nCrc32{0}nRevInfo{System.UInt32[]}nSignature{0}
2023-04-07 22:22:13,155 [AppLog] INFO : 进入：EquipmentMotionLogic3=》准备创建对象-手动操作！
2023-04-07 22:22:13,155 [AppLog] INFO : 进入：EquipmentMotionLogic3=》不需重新创建-手动操作！
2023-04-07 22:22:13,155 [AppLog] INFO : 进入：EquipmentMotionLogic3=》赋值完成自-AutoPrintMotion2！
2023-04-07 22:22:13,155 [AppLog] INFO : 进入：EquipmentMotionLogic3=》加载配置文件-LoadJsonFile成功！
2023-04-07 22:22:13,155 [AppLog] INFO : 进入：AutoPrintThread2！
2023-04-07 22:22:13,155 [AppLog] INFO : 准备读取编码器位置：X方向！
2023-04-07 22:22:13,155 [AppLog] INFO : 准备运动，当前位置：DEV_GetPrintEncoderValue：MoveDirectionFlag{false为Y方向：False}CurrentPos{26.585}AimPos{425}
2023-04-07 22:22:13,186 [AppLog] INFO : X方向运动开始：DEM_Run：返回值{True}nAxis{0}DirFlag{True}nSpeed{300000}MoveStep{398415}nCtlValue{2}
2023-04-07 22:22:15,058 [AppLog] INFO : X方向到位停止：DEM_StopAxisRun：返回值{True}CurrentPos{418.185}bImmeStop{False}nAxisMask{1}
2023-04-07 22:22:15,058 [AppLog] INFO : 准备读取编码器位置：X方向！
2023-04-07 22:22:15,058 [AppLog] INFO : 准备运动，当前位置：DEV_GetPrintEncoderValue：MoveDirectionFlag{false为Y方向：False}CurrentPos{418.395}AimPos{780}
2023-04-07 22:22:15,090 [AppLog] INFO : X方向运动开始：DEM_Run：返回值{True}nAxis{0}DirFlag{True}nSpeed{300000}MoveStep{361605}nCtlValue{2}
2023-04-07 22:22:15,090 [AppLog] INFO : 准备读取编码器位置：Y方向！
2023-04-07 22:22:15,090 [AppLog] INFO : 准备运动，编码器当前位置：DEM_GetAxisEncodeVal：MoveDirectionFlag{false为Y方向：True}CurrentPos{284.895}AimPos{121}
2023-04-07 22:22:15,121 [AppLog] INFO : Y方向运动开始：DEM_Run：返回值{True}nAxis{1}DirFlag{False}nSpeed{300000}MoveStep{-163895}nCtlValue{0}
2023-04-07 22:22:16,852 [AppLog] INFO : Y方向到位等停：DEM_StopAxisRun：返回值{True}bImmeStop{False}nAxisMask{1}
2023-04-07 22:22:16,852 [AppLog] INFO : X方向到位等停：DEM_StopAxisRun：返回值{True}bImmeStop{False}nAxisMask{2}
2023-04-07 22:22:16,868 [AppLog] INFO : 开启闪喷操作：IDP_FlashPrtCtl：返回值{True}
2023-04-07 22:22:16,868 [AppLog] INFO : 进入：EquipmentMotionLogic3=》准备创建对象-手动操作！
2023-04-07 22:22:16,868 [AppLog] INFO : 进入：EquipmentMotionLogic3=》不需重新创建-手动操作！
2023-04-07 22:22:16,868 [AppLog] INFO : 进入：EquipmentMotionLogic3=》赋值完成自-AutoPrintMotion2！
2023-04-07 22:22:16,868 [AppLog] INFO : 进入：EquipmentMotionLogic3=》加载配置文件-LoadJsonFile成功！
2023-04-07 22:22:16,868 [AppLog] INFO : 进入自动铺粉逻辑：NewAutoSupplyPowderThread2
2023-04-07 22:22:16,946 [AppLog] INFO : 手动正向点动指令（8轴运控板卡系统） ====》：输出AXIS{第1轴},点动量{-0.1MM},运动速度{2MM/s}
2023-04-07 22:22:16,946 [AppLog] INFO : 成形面高度下降层厚 TrapSpace{0.1mm}：TrapMoveUp(1, true, Convert.ToString(vel), Convert.ToString(TrapSpace), true, true）
2023-04-07 22:22:17,554 [AppLog] INFO : 进入手动调试子模块！
2023-04-07 22:22:17,554 [AppLog] INFO : 进入：ManulBtn_Click=》准备创建对象-手动操作！
2023-04-07 22:22:17,586 [AppLog] INFO : 创建：ManualControl=》创建完成-手动操作！
2023-04-07 22:22:17,586 [AppLog] INFO : 加载成功：温控Modbus接口！
2023-04-07 22:22:17,710 [AppLog] INFO : 手动正向点动指令（8轴运控板卡系统） ====》：输出AXIS{第1轴},点动量{-1.5MM},运动速度{2MM/s}
2023-04-07 22:22:17,710 [AppLog] INFO : 成形面高度下降指定厚度 TrapSpace{1.5mm}：TrapMoveUp(1, true, Convert.ToString(vel), Convert.ToString(TrapSpace), true, true）
2023-04-07 22:22:18,490 [AppLog] INFO : 手动正向点动指令（8轴运控板卡系统） ====》：输出AXIS{第1轴},点动量{1.5MM},运动速度{2MM/s}
2023-04-07 22:22:18,490 [AppLog] INFO : 成形面高度上升层厚 TrapSpace{1.5mm}：TrapMoveUp(1, true, Convert.ToString(vel), Convert.ToString(TrapSpace), true, true）
2023-04-07 22:22:18,709 [AppLog] INFO : 手动正向点动指令（8轴运控板卡系统） ====》：输出AXIS{第8轴},点动量{0.5MM},运动速度{2.5MM/s}
2023-04-07 22:22:18,709 [AppLog] INFO : Hopper落粉轴转2圈落粉，速度0.5rev/s：TrapMoveUp(8, true, 0.5, rotateNuM.ToString(), true, false)
2023-04-07 22:22:20,004 [AppLog] INFO : 手动正向点动指令（8轴运控板卡系统） ====》：输出AXIS{第2轴},点动量{258MM},运动速度{200MM/s}
2023-04-07 22:22:20,004 [AppLog] INFO : 开启铺粉车不等停运动至准备打印位置255mm，速度200mm/s：BackToStation2
2023-04-07 22:22:20,004 [AppLog] INFO : 手动正向点动指令（8轴运控板卡系统） ====》：输出AXIS{第2轴},点动量{440MM},运动速度{50MM/s}
2023-04-07 22:22:20,004 [AppLog] INFO : 开启铺粉车不等停运动至准备打印位置695mm，速度50mm/s：BackToStation2
2023-04-07 22:22:20,113 [AppLog] INFO : 打开IR灯：OpenIRLamp(true)
2023-04-07 22:22:20,113 [AppLog] INFO : 手动正向点动指令（8轴运控板卡系统） ====》：输出AXIS{第3轴},点动量{0.5MM},运动速度{0.0753424657534247MM/s}
2023-04-07 22:22:20,113 [AppLog] INFO : 开启均匀落粉及辊子铺平运动：TrapMoveUp(3, true, Convert.ToString(DispenseRollerSpeed), 0.5, true, true)
2023-04-07 22:22:25,214 [AppLog] INFO : 关闭IR灯：OpenIRLamp(false)
2023-04-07 22:22:25,869 [AppLog] INFO : {1}号喷头温度更新成功：MCU_SetPhStdTemp{25℃}
2023-04-07 22:22:27,570 [AppLog] INFO : 手动正向点动指令（8轴运控板卡系统） ====》：输出AXIS{第3轴},点动量{0.5MM},运动速度{2MM/s}
2023-04-07 22:22:27,570 [AppLog] INFO : 落粉轴继续转动以倒掉余粉：TrapMoveUp(3, true, 2, 0.5, true, false)
2023-04-07 22:22:29,582 [AppLog] INFO : 手动正向点动指令（8轴运控板卡系统） ====》：输出AXIS{第1轴},点动量{-1.5MM},运动速度{2MM/s}
2023-04-07 22:22:29,582 [AppLog] INFO : 成形面高度下降指定厚度 TrapSpace{1.5mm}：TrapMoveUp(1, true, Convert.ToString(vel), Convert.ToString(TrapSpace), true, true）
2023-04-07 22:22:33,076 [AppLog] INFO : 手动正向点动指令（8轴运控板卡系统） ====》：输出AXIS{第2轴},点动量{-698MM},运动速度{200MM/s}
2023-04-07 22:22:33,076 [AppLog] INFO : 铺粉车返回至站1：BackToStation2(AimPos, MovSpeed, true)：-3mm，速度200mm/s：BackToStation2
2023-04-07 22:22:33,466 [AppLog] INFO : 落粉轴回零成功：motionMap.SetBackSpreaderAxis(3, 0.5, 2, -SinkPosition)：ReturnCode{True}
2023-04-07 22:22:34,231 [AppLog] INFO : 手动正向点动指令（8轴运控板卡系统） ====》：输出AXIS{第1轴},点动量{1.5MM},运动速度{2MM/s}
2023-04-07 22:22:34,231 [AppLog] INFO : 成形面高度上升层厚 TrapSpace{1.5mm}：TrapMoveUp(1, true, Convert.ToString(vel), Convert.ToString(TrapSpace), true, true）
2023-04-07 22:22:34,231 [AppLog] INFO : 自动铺粉正常结束：NewAutoSupplyPowderThread2
2023-04-07 22:22:34,231 [AppLog] INFO : 发送监控指令，拍照记录1条：SendMessageFromSharedMemory
2023-04-07 22:22:34,231 [AppLog] INFO : 执行完成铺粉固化操作：EquipmentMotionLogic3：m_bApplyPowderSupplyMotion:0
2023-04-07 22:22:34,231 [AppLog] INFO : 接收到起始打印指令：PrintTaskTHREAD
2023-04-07 22:22:34,278 [AppLog] INFO : 获取打印Pass数据：IDP_GetPassItem2：nLayerIndex{6}nPassID{0}nProcState{3}LPPassDataItemb:PrtDir{False}nDataTxCompleteCnt{1}nHwMemAdrMatchMask{1}nLayerIndex{6}nLayerPassCount{6}nLayerPassIndex{0}nMinJet0ImgLinePos{0}nPrtMemHwAddr{System.UInt32[]}nPrtDataOffset{System.UInt32[]}nSrcDataSize{System.UInt32[]}nPrtColBytes{System.UInt32[]}nPrtPrecession{8}nSrcEndCols{8000}nSrcStartCols{0}nStartEncPos{76472}nValidPassJets{1280}nValidPrtCols{8310}nValidPrtCtlCnts{1}pDataBuf{0}pNextItem{674088560}
2023-04-07 22:22:34,293 [AppLog] INFO : 使能Pass打印成功：IDP_DoPassPrint2：nLayerIndex{6}nPassID{0}
2023-04-07 22:22:34,309 [AppLog] INFO : PASS打印前关键状态：DEV_GetDeviceInfo2：nLayerIndex{6}nPassID{0}LPPRINTER_INFO:nXSysEncDPI{0}nStatus{0}nPrintStatus{0}bSuperDevice{0}
LPPRINTER_INFO-LPPrtRunInfo:bJobPrtRuning{False}bLayerPrtIsOver{False}nContReqMemErr{0}nContWDErr{0}nCurPrtDir{0}nDTLayerIndex{0}nDTLayerPassIndex{0}nDTPtrCtlIndex{0}nLayerPassCount{0}nPrintLayerIndex{0}nPrintPassIndex{0}nProcLayerIndex{0}nPrtDataMemAddr{0}nPrtState{0}nReverse{System.Int32[]}nRevPrtCols{0}
LPPRINTER_INFO-LPDRVINFO:nFMVersion{0}nFpgaVersion{0}nPCBVersion{0}nState{0}nNextState{0}nPtvwarnState{0}nCrc32{0}nRevInfo{System.UInt32[]}nSignature{0}
2023-04-07 22:22:34,309 [AppLog] INFO : 进入：EquipmentMotionLogic3=》准备创建对象-手动操作！
2023-04-07 22:22:34,309 [AppLog] INFO : 进入：EquipmentMotionLogic3=》不需重新创建-手动操作！
2023-04-07 22:22:34,309 [AppLog] INFO : 进入：EquipmentMotionLogic3=》赋值完成自-AutoPrintMotion2！
2023-04-07 22:22:34,309 [AppLog] INFO : 进入：EquipmentMotionLogic3=》加载配置文件-LoadJsonFile成功！
2023-04-07 22:22:34,309 [AppLog] INFO : 进入自动清洗过程：AutoCleanThread
2023-04-07 22:22:35,276 [AppLog] INFO : 刮墨轴回零成功：motionMap.SetBackSpreaderAxis(4, 1, 2, -SinkPosition)
2023-04-07 22:22:35,276 [AppLog] INFO : 准备读取编码器位置：Y方向！
2023-04-07 22:22:35,307 [AppLog] INFO : 准备运动，编码器当前位置：DEM_GetAxisEncodeVal：MoveDirectionFlag{false为Y方向：True}CurrentPos{121.355}AimPos{121}
2023-04-07 22:22:35,370 [AppLog] INFO : Y方向运动开始：DEM_Run：返回值{True}nAxis{1}DirFlag{False}nSpeed{300000}MoveStep{-355.000000000004}nCtlValue{0}
2023-04-07 22:22:35,416 [AppLog] INFO : Y方向到位停止：DEM_StopAxisRun：返回值{True}CurrentPos{121.355}bImmeStop{False}nAxisMask{2}
2023-04-07 22:22:35,416 [AppLog] INFO : 准备读取编码器位置：X方向！
2023-04-07 22:22:35,432 [AppLog] INFO : 准备运动，当前位置：DEV_GetPrintEncoderValue：MoveDirectionFlag{false为Y方向：False}CurrentPos{785.02}AimPos{780}
2023-04-07 22:22:35,604 [AppLog] INFO : X方向运动开始：DEM_Run：返回值{True}nAxis{0}DirFlag{False}nSpeed{300000}MoveStep{-5019.99999999998}nCtlValue{2}
2023-04-07 22:22:35,791 [AppLog] INFO : X方向到位停止：DEM_StopAxisRun：返回值{True}CurrentPos{783.39}bImmeStop{False}nAxisMask{1}
2023-04-07 22:22:36,649 [AppLog] INFO : 开启压墨： motionMap.SetDo(13, true)
2023-04-07 22:22:40,658 [AppLog] INFO : 关闭压墨： motionMap.SetDo(13, true)
2023-04-07 22:22:40,658 [AppLog] INFO : 准备读取编码器位置：X方向！
2023-04-07 22:22:40,798 [AppLog] INFO : 准备运动，当前位置：DEV_GetPrintEncoderValue：MoveDirectionFlag{false为Y方向：False}CurrentPos{780.34}AimPos{680}
2023-04-07 22:22:40,939 [AppLog] INFO : X方向运动开始：DEM_Run：返回值{True}nAxis{0}DirFlag{False}nSpeed{50000}MoveStep{-100340}nCtlValue{2}
2023-04-07 22:22:42,998 [AppLog] INFO : X方向到位停止：DEM_StopAxisRun：返回值{True}CurrentPos{683.74}bImmeStop{False}nAxisMask{1}
2023-04-07 22:22:43,825 [AppLog] INFO : 结束自动清洗过程：AutoCleanThread
2023-04-07 22:22:43,825 [AppLog] INFO : 进入：EquipmentMotionLogic3=》准备创建对象-手动操作！
2023-04-07 22:22:43,825 [AppLog] INFO : 进入：EquipmentMotionLogic3=》不需重新创建-手动操作！
2023-04-07 22:22:43,825 [AppLog] INFO : 进入：EquipmentMotionLogic3=》赋值完成自-AutoPrintMotion2！
2023-04-07 22:22:43,825 [AppLog] INFO : 进入：EquipmentMotionLogic3=》加载配置文件-LoadJsonFile成功！
2023-04-07 22:22:43,825 [AppLog] INFO : 进入：AutoPrintThread2！
2023-04-07 22:22:43,934 [AppLog] INFO : 关闭闪喷操作：IDP_FlashPrtCtl：返回值{True}
2023-04-07 22:22:43,934 [AppLog] INFO : 准备读取编码器位置：Y方向！
2023-04-07 22:22:44,028 [AppLog] INFO : 准备运动，编码器当前位置：DEM_GetAxisEncodeVal：MoveDirectionFlag{false为Y方向：True}CurrentPos{121}AimPos{15}
2023-04-07 22:22:44,090 [AppLog] INFO : Y方向运动开始：DEM_Run：返回值{True}nAxis{1}DirFlag{False}nSpeed{300000}MoveStep{-106000}nCtlValue{0}
2023-04-07 22:22:44,090 [AppLog] INFO : 准备读取编码器位置：X方向！
2023-04-07 22:22:44,137 [AppLog] INFO : 准备运动，当前位置：DEV_GetPrintEncoderValue：MoveDirectionFlag{false为Y方向：False}CurrentPos{680.32}AimPos{425}
2023-04-07 22:22:44,308 [AppLog] INFO : X方向运动开始：DEM_Run：返回值{True}nAxis{0}DirFlag{False}nSpeed{300000}MoveStep{-255320}nCtlValue{2}
2023-04-07 22:22:45,728 [AppLog] INFO : X方向到位停止：DEM_StopAxisRun：返回值{True}CurrentPos{428.825}bImmeStop{False}nAxisMask{1}
2023-04-07 22:22:45,728 [AppLog] INFO : 准备读取编码器位置：X方向！
2023-04-07 22:22:45,744 [AppLog] INFO : 准备运动，当前位置：DEV_GetPrintEncoderValue：MoveDirectionFlag{false为Y方向：False}CurrentPos{428.655}AimPos{25}
2023-04-07 22:22:45,868 [AppLog] INFO : X方向运动开始：DEM_Run：返回值{True}nAxis{0}DirFlag{False}nSpeed{300000}MoveStep{-403655}nCtlValue{2}
2023-04-07 22:22:47,974 [AppLog] INFO : X方向到位停止：DEM_StopAxisRun：返回值{True}CurrentPos{22.345}bImmeStop{False}nAxisMask{1}
2023-04-07 22:22:47,974 [AppLog] INFO : 准备读取编码器位置：Y方向！
2023-04-07 22:22:47,974 [AppLog] INFO : 准备运动，编码器当前位置：DEM_GetAxisEncodeVal：MoveDirectionFlag{false为Y方向：True}CurrentPos{15.14}AimPos{69}
2023-04-07 22:22:48,084 [AppLog] INFO : Y方向运动开始：DEM_Run：返回值{True}nAxis{1}DirFlag{True}nSpeed{300000}MoveStep{53860}nCtlValue{0}
2023-04-07 22:22:48,302 [AppLog] INFO : Y方向到位停止：DEM_StopAxisRun：返回值{True}CurrentPos{33.435}bImmeStop{False}nAxisMask{2}
2023-04-07 22:22:48,302 [AppLog] INFO : 获取打印Pass数据：IDP_GetPassItem2：nLayerIndex{6}nPassID{1}nProcState{3}LPPassDataItemb:PrtDir{True}nDataTxCompleteCnt{1}nHwMemAdrMatchMask{1}nLayerIndex{6}nLayerPassCount{6}nLayerPassIndex{1}nMinJet0ImgLinePos{1280}nPrtMemHwAddr{System.UInt32[]}nPrtDataOffset{System.UInt32[]}nSrcDataSize{System.UInt32[]}nPrtColBytes{System.UInt32[]}nPrtPrecession{8}nSrcEndCols{8000}nSrcStartCols{0}nStartEncPos{10000}nValidPassJets{1280}nValidPrtCols{8310}nValidPrtCtlCnts{1}pDataBuf{0}pNextItem{674088720}
2023-04-07 22:22:48,318 [AppLog] INFO : 使能Pass打印成功：IDP_DoPassPrint2：nLayerIndex{6}nPassID{1}
2023-04-07 22:22:48,583 [AppLog] INFO : PASS打印前关键状态：DEV_GetDeviceInfo2：nLayerIndex{6}nPassID{1}LPPRINTER_INFO:nXSysEncDPI{0}nStatus{0}nPrintStatus{0}bSuperDevice{0}
LPPRINTER_INFO-LPPrtRunInfo:bJobPrtRuning{False}bLayerPrtIsOver{False}nContReqMemErr{0}nContWDErr{0}nCurPrtDir{0}nDTLayerIndex{0}nDTLayerPassIndex{0}nDTPtrCtlIndex{0}nLayerPassCount{0}nPrintLayerIndex{0}nPrintPassIndex{0}nProcLayerIndex{0}nPrtDataMemAddr{0}nPrtState{0}nReverse{System.Int32[]}nRevPrtCols{0}
LPPRINTER_INFO-LPDRVINFO:nFMVersion{0}nFpgaVersion{0}nPCBVersion{0}nState{0}nNextState{0}nPtvwarnState{0}nCrc32{0}nRevInfo{System.UInt32[]}nSignature{0}
2023-04-07 22:22:48,583 [AppLog] INFO : 进入：EquipmentMotionLogic3=》准备创建对象-手动操作！
2023-04-07 22:22:48,583 [AppLog] INFO : 进入：EquipmentMotionLogic3=》不需重新创建-手动操作！
2023-04-07 22:22:48,583 [AppLog] INFO : 进入：EquipmentMotionLogic3=》赋值完成自-AutoPrintMotion2！
2023-04-07 22:22:48,583 [AppLog] INFO : 进入：EquipmentMotionLogic3=》加载配置文件-LoadJsonFile成功！
2023-04-07 22:22:48,583 [AppLog] INFO : 进入：AutoPrintThread2！
2023-04-07 22:22:48,583 [AppLog] INFO : 准备读取编码器位置：X方向！
2023-04-07 22:22:48,661 [AppLog] INFO : 准备运动，当前位置：DEV_GetPrintEncoderValue：MoveDirectionFlag{false为Y方向：False}CurrentPos{22.32}AimPos{425}
2023-04-07 22:22:48,692 [AppLog] INFO : X方向运动开始：DEM_Run：返回值{True}nAxis{0}DirFlag{True}nSpeed{300000}MoveStep{402680}nCtlValue{2}
2023-04-07 22:22:50,580 [AppLog] INFO : X方向到位停止：DEM_StopAxisRun：返回值{True}CurrentPos{419.695}bImmeStop{False}nAxisMask{1}
2023-04-07 22:22:50,595 [AppLog] INFO : 准备读取编码器位置：Y方向！
2023-04-07 22:22:50,736 [AppLog] INFO : 准备运动，编码器当前位置：DEM_GetAxisEncodeVal：MoveDirectionFlag{false为Y方向：True}CurrentPos{68.915}AimPos{123}
2023-04-07 22:22:50,814 [AppLog] INFO : Y方向运动开始：DEM_Run：返回值{True}nAxis{1}DirFlag{True}nSpeed{300000}MoveStep{54085}nCtlValue{0}
2023-04-07 22:22:51,110 [AppLog] INFO : Y方向到位停止：DEM_StopAxisRun：返回值{True}CurrentPos{108.085}bImmeStop{False}nAxisMask{2}
2023-04-07 22:22:51,110 [AppLog] INFO : 获取打印Pass数据：IDP_GetPassItem2：nLayerIndex{6}nPassID{2}nProcState{3}LPPassDataItemb:PrtDir{False}nDataTxCompleteCnt{1}nHwMemAdrMatchMask{1}nLayerIndex{6}nLayerPassCount{6}nLayerPassIndex{2}nMinJet0ImgLinePos{2560}nPrtMemHwAddr{System.UInt32[]}nPrtDataOffset{System.UInt32[]}nSrcDataSize{System.UInt32[]}nPrtColBytes{System.UInt32[]}nPrtPrecession{8}nSrcEndCols{8000}nSrcStartCols{0}nStartEncPos{76472}nValidPassJets{1280}nValidPrtCols{8310}nValidPrtCtlCnts{1}pDataBuf{0}pNextItem{674088880}
2023-04-07 22:22:51,126 [AppLog] INFO : 使能Pass打印成功：IDP_DoPassPrint2：nLayerIndex{6}nPassID{2}
2023-04-07 22:22:51,141 [AppLog] INFO : PASS打印前关键状态：DEV_GetDeviceInfo2：nLayerIndex{6}nPassID{2}LPPRINTER_INFO:nXSysEncDPI{0}nStatus{0}nPrintStatus{0}bSuperDevice{0}
LPPRINTER_INFO-LPPrtRunInfo:bJobPrtRuning{False}bLayerPrtIsOver{False}nContReqMemErr{0}nContWDErr{0}nCurPrtDir{0}nDTLayerIndex{0}nDTLayerPassIndex{0}nDTPtrCtlIndex{0}nLayerPassCount{0}nPrintLayerIndex{0}nPrintPassIndex{0}nProcLayerIndex{0}nPrtDataMemAddr{0}nPrtState{0}nReverse{System.Int32[]}nRevPrtCols{0}
LPPRINTER_INFO-LPDRVINFO:nFMVersion{0}nFpgaVersion{0}nPCBVersion{0}nState{0}nNextState{0}nPtvwarnState{0}nCrc32{0}nRevInfo{System.UInt32[]}nSignature{0}
2023-04-07 22:22:51,141 [AppLog] INFO : 进入：EquipmentMotionLogic3=》准备创建对象-手动操作！
2023-04-07 22:22:51,141 [AppLog] INFO : 进入：EquipmentMotionLogic3=》不需重新创建-手动操作！
2023-04-07 22:22:51,141 [AppLog] INFO : 进入：EquipmentMotionLogic3=》赋值完成自-AutoPrintMotion2！
2023-04-07 22:22:51,141 [AppLog] INFO : 进入：EquipmentMotionLogic3=》加载配置文件-LoadJsonFile成功！
2023-04-07 22:22:51,141 [AppLog] INFO : 进入：AutoPrintThread2！
2023-04-07 22:22:51,141 [AppLog] INFO : 准备读取编码器位置：X方向！
2023-04-07 22:22:51,219 [AppLog] INFO : 准备运动，当前位置：DEV_GetPrintEncoderValue：MoveDirectionFlag{false为Y方向：False}CurrentPos{423.395}AimPos{25}
2023-04-07 22:22:51,266 [AppLog] INFO : X方向运动开始：DEM_Run：返回值{True}nAxis{0}DirFlag{False}nSpeed{300000}MoveStep{-398395}nCtlValue{2}
2023-04-07 22:22:53,154 [AppLog] INFO : X方向到位停止：DEM_StopAxisRun：返回值{True}CurrentPos{30.08}bImmeStop{False}nAxisMask{1}
2023-04-07 22:22:53,154 [AppLog] INFO : 准备读取编码器位置：Y方向！
2023-04-07 22:22:53,169 [AppLog] INFO : 准备运动，编码器当前位置：DEM_GetAxisEncodeVal：MoveDirectionFlag{false为Y方向：True}CurrentPos{122.865}AimPos{177}
2023-04-07 22:22:53,434 [AppLog] INFO : Y方向运动开始：DEM_Run：返回值{True}nAxis{1}DirFlag{True}nSpeed{300000}MoveStep{54135}nCtlValue{0}
2023-04-07 22:22:53,700 [AppLog] INFO : Y方向到位停止：DEM_StopAxisRun：返回值{True}CurrentPos{151.38}bImmeStop{False}nAxisMask{2}
2023-04-07 22:22:53,700 [AppLog] INFO : 获取打印Pass数据：IDP_GetPassItem2：nLayerIndex{6}nPassID{3}nProcState{3}LPPassDataItemb:PrtDir{True}nDataTxCompleteCnt{1}nHwMemAdrMatchMask{1}nLayerIndex{6}nLayerPassCount{6}nLayerPassIndex{3}nMinJet0ImgLinePos{3840}nPrtMemHwAddr{System.UInt32[]}nPrtDataOffset{System.UInt32[]}nSrcDataSize{System.UInt32[]}nPrtColBytes{System.UInt32[]}nPrtPrecession{8}nSrcEndCols{8000}nSrcStartCols{0}nStartEncPos{10000}nValidPassJets{1280}nValidPrtCols{8310}nValidPrtCtlCnts{1}pDataBuf{0}pNextItem{674089040}
2023-04-07 22:22:53,793 [AppLog] INFO : 使能Pass打印成功：IDP_DoPassPrint2：nLayerIndex{6}nPassID{3}
2023-04-07 22:22:53,793 [AppLog] INFO : PASS打印前关键状态：DEV_GetDeviceInfo2：nLayerIndex{6}nPassID{3}LPPRINTER_INFO:nXSysEncDPI{0}nStatus{0}nPrintStatus{0}bSuperDevice{0}
LPPRINTER_INFO-LPPrtRunInfo:bJobPrtRuning{False}bLayerPrtIsOver{False}nContReqMemErr{0}nContWDErr{0}nCurPrtDir{0}nDTLayerIndex{0}nDTLayerPassIndex{0}nDTPtrCtlIndex{0}nLayerPassCount{0}nPrintLayerIndex{0}nPrintPassIndex{0}nProcLayerIndex{0}nPrtDataMemAddr{0}nPrtState{0}nReverse{System.Int32[]}nRevPrtCols{0}
LPPRINTER_INFO-LPDRVINFO:nFMVersion{0}nFpgaVersion{0}nPCBVersion{0}nState{0}nNextState{0}nPtvwarnState{0}nCrc32{0}nRevInfo{System.UInt32[]}nSignature{0}
2023-04-07 22:22:53,793 [AppLog] INFO : 进入：EquipmentMotionLogic3=》准备创建对象-手动操作！
2023-04-07 22:22:53,793 [AppLog] INFO : 进入：EquipmentMotionLogic3=》不需重新创建-手动操作！
2023-04-07 22:22:53,793 [AppLog] INFO : 进入：EquipmentMotionLogic3=》赋值完成自-AutoPrintMotion2！
2023-04-07 22:22:53,793 [AppLog] INFO : 进入：EquipmentMotionLogic3=》加载配置文件-LoadJsonFile成功！
2023-04-07 22:22:53,793 [AppLog] INFO : 进入：AutoPrintThread2！
2023-04-07 22:22:53,793 [AppLog] INFO : 准备读取编码器位置：X方向！
2023-04-07 22:22:53,809 [AppLog] INFO : 准备运动，当前位置：DEV_GetPrintEncoderValue：MoveDirectionFlag{false为Y方向：False}CurrentPos{26.54}AimPos{425}
2023-04-07 22:22:53,840 [AppLog] INFO : X方向运动开始：DEM_Run：返回值{True}nAxis{0}DirFlag{True}nSpeed{300000}MoveStep{398460}nCtlValue{2}
2023-04-07 22:22:55,759 [AppLog] INFO : X方向到位停止：DEM_StopAxisRun：返回值{True}CurrentPos{421.205}bImmeStop{False}nAxisMask{1}
2023-04-07 22:22:55,759 [AppLog] INFO : 准备读取编码器位置：Y方向！
2023-04-07 22:22:55,774 [AppLog] INFO : 准备运动，编码器当前位置：DEM_GetAxisEncodeVal：MoveDirectionFlag{false为Y方向：True}CurrentPos{176.895}AimPos{231}
2023-04-07 22:22:55,946 [AppLog] INFO : Y方向运动开始：DEM_Run：返回值{True}nAxis{1}DirFlag{True}nSpeed{300000}MoveStep{54105}nCtlValue{0}
2023-04-07 22:22:56,274 [AppLog] INFO : Y方向到位停止：DEM_StopAxisRun：返回值{True}CurrentPos{222.02}bImmeStop{False}nAxisMask{2}
2023-04-07 22:22:56,274 [AppLog] INFO : 获取打印Pass数据：IDP_GetPassItem2：nLayerIndex{6}nPassID{4}nProcState{3}LPPassDataItemb:PrtDir{False}nDataTxCompleteCnt{1}nHwMemAdrMatchMask{1}nLayerIndex{6}nLayerPassCount{6}nLayerPassIndex{4}nMinJet0ImgLinePos{5120}nPrtMemHwAddr{System.UInt32[]}nPrtDataOffset{System.UInt32[]}nSrcDataSize{System.UInt32[]}nPrtColBytes{System.UInt32[]}nPrtPrecession{8}nSrcEndCols{8000}nSrcStartCols{0}nStartEncPos{76472}nValidPassJets{1280}nValidPrtCols{8310}nValidPrtCtlCnts{1}pDataBuf{0}pNextItem{674089200}
2023-04-07 22:22:56,289 [AppLog] INFO : 使能Pass打印成功：IDP_DoPassPrint2：nLayerIndex{6}nPassID{4}
2023-04-07 22:22:56,367 [AppLog] INFO : PASS打印前关键状态：DEV_GetDeviceInfo2：nLayerIndex{6}nPassID{4}LPPRINTER_INFO:nXSysEncDPI{0}nStatus{0}nPrintStatus{0}bSuperDevice{0}
LPPRINTER_INFO-LPPrtRunInfo:bJobPrtRuning{False}bLayerPrtIsOver{False}nContReqMemErr{0}nContWDErr{0}nCurPrtDir{0}nDTLayerIndex{0}nDTLayerPassIndex{0}nDTPtrCtlIndex{0}nLayerPassCount{0}nPrintLayerIndex{0}nPrintPassIndex{0}nProcLayerIndex{0}nPrtDataMemAddr{0}nPrtState{0}nReverse{System.Int32[]}nRevPrtCols{0}
LPPRINTER_INFO-LPDRVINFO:nFMVersion{0}nFpgaVersion{0}nPCBVersion{0}nState{0}nNextState{0}nPtvwarnState{0}nCrc32{0}nRevInfo{System.UInt32[]}nSignature{0}
2023-04-07 22:22:56,367 [AppLog] INFO : 进入：EquipmentMotionLogic3=》准备创建对象-手动操作！
2023-04-07 22:22:56,367 [AppLog] INFO : 进入：EquipmentMotionLogic3=》不需重新创建-手动操作！
2023-04-07 22:22:56,367 [AppLog] INFO : 进入：EquipmentMotionLogic3=》赋值完成自-AutoPrintMotion2！
2023-04-07 22:22:56,367 [AppLog] INFO : 进入：EquipmentMotionLogic3=》加载配置文件-LoadJsonFile成功！
2023-04-07 22:22:56,367 [AppLog] INFO : 进入：AutoPrintThread2！
2023-04-07 22:22:56,367 [AppLog] INFO : 准备读取编码器位置：X方向！
2023-04-07 22:22:56,383 [AppLog] INFO : 准备运动，当前位置：DEV_GetPrintEncoderValue：MoveDirectionFlag{false为Y方向：False}CurrentPos{423.46}AimPos{25}
2023-04-07 22:22:56,492 [AppLog] INFO : X方向运动开始：DEM_Run：返回值{True}nAxis{0}DirFlag{False}nSpeed{300000}MoveStep{-398460}nCtlValue{2}
2023-04-07 22:22:58,380 [AppLog] INFO : X方向到位停止：DEM_StopAxisRun：返回值{True}CurrentPos{31.195}bImmeStop{False}nAxisMask{1}
2023-04-07 22:22:58,380 [AppLog] INFO : 准备读取编码器位置：Y方向！
2023-04-07 22:22:58,426 [AppLog] INFO : 准备运动，编码器当前位置：DEM_GetAxisEncodeVal：MoveDirectionFlag{false为Y方向：True}CurrentPos{230.915}AimPos{285}
2023-04-07 22:22:58,676 [AppLog] INFO : Y方向运动开始：DEM_Run：返回值{True}nAxis{1}DirFlag{True}nSpeed{300000}MoveStep{54085}nCtlValue{0}
2023-04-07 22:22:58,879 [AppLog] INFO : Y方向到位停止：DEM_StopAxisRun：返回值{True}CurrentPos{246.85}bImmeStop{False}nAxisMask{2}
2023-04-07 22:22:58,879 [AppLog] INFO : 获取打印Pass数据：IDP_GetPassItem2：nLayerIndex{6}nPassID{5}nProcState{3}LPPassDataItemb:PrtDir{True}nDataTxCompleteCnt{1}nHwMemAdrMatchMask{1}nLayerIndex{6}nLayerPassCount{6}nLayerPassIndex{5}nMinJet0ImgLinePos{6400}nPrtMemHwAddr{System.UInt32[]}nPrtDataOffset{System.UInt32[]}nSrcDataSize{System.UInt32[]}nPrtColBytes{System.UInt32[]}nPrtPrecession{8}nSrcEndCols{8000}nSrcStartCols{0}nStartEncPos{10000}nValidPassJets{1280}nValidPrtCols{8310}nValidPrtCtlCnts{1}pDataBuf{0}pNextItem{0}
2023-04-07 22:22:59,082 [AppLog] INFO : 使能Pass打印成功：IDP_DoPassPrint2：nLayerIndex{6}nPassID{5}
2023-04-07 22:22:59,097 [AppLog] INFO : PASS打印前关键状态：DEV_GetDeviceInfo2：nLayerIndex{6}nPassID{5}LPPRINTER_INFO:nXSysEncDPI{0}nStatus{0}nPrintStatus{0}bSuperDevice{0}
LPPRINTER_INFO-LPPrtRunInfo:bJobPrtRuning{False}bLayerPrtIsOver{False}nContReqMemErr{0}nContWDErr{0}nCurPrtDir{0}nDTLayerIndex{0}nDTLayerPassIndex{0}nDTPtrCtlIndex{0}nLayerPassCount{0}nPrintLayerIndex{0}nPrintPassIndex{0}nProcLayerIndex{0}nPrtDataMemAddr{0}nPrtState{0}nReverse{System.Int32[]}nRevPrtCols{0}
LPPRINTER_INFO-LPDRVINFO:nFMVersion{0}nFpgaVersion{0}nPCBVersion{0}nState{0}nNextState{0}nPtvwarnState{0}nCrc32{0}nRevInfo{System.UInt32[]}nSignature{0}
2023-04-07 22:22:59,097 [AppLog] INFO : 进入：EquipmentMotionLogic3=》准备创建对象-手动操作！
2023-04-07 22:22:59,097 [AppLog] INFO : 进入：EquipmentMotionLogic3=》不需重新创建-手动操作！
2023-04-07 22:22:59,097 [AppLog] INFO : 进入：EquipmentMotionLogic3=》赋值完成自-AutoPrintMotion2！
2023-04-07 22:22:59,097 [AppLog] INFO : 进入：EquipmentMotionLogic3=》加载配置文件-LoadJsonFile成功！
2023-04-07 22:22:59,097 [AppLog] INFO : 进入：AutoPrintThread2！
2023-04-07 22:22:59,097 [AppLog] INFO : 准备读取编码器位置：X方向！
2023-04-07 22:22:59,113 [AppLog] INFO : 准备运动，当前位置：DEV_GetPrintEncoderValue：MoveDirectionFlag{false为Y方向：False}CurrentPos{26.55}AimPos{425}
2023-04-07 22:22:59,269 [AppLog] INFO : X方向运动开始：DEM_Run：返回值{True}nAxis{0}DirFlag{True}nSpeed{300000}MoveStep{398450}nCtlValue{2}
2023-04-07 22:23:01,156 [AppLog] INFO : X方向到位停止：DEM_StopAxisRun：返回值{True}CurrentPos{419.18}bImmeStop{False}nAxisMask{1}
2023-04-07 22:23:01,156 [AppLog] INFO : 准备读取编码器位置：X方向！
2023-04-07 22:23:01,156 [AppLog] INFO : 准备运动，当前位置：DEV_GetPrintEncoderValue：MoveDirectionFlag{false为Y方向：False}CurrentPos{419.37}AimPos{780}
2023-04-07 22:23:01,266 [AppLog] INFO : X方向运动开始：DEM_Run：返回值{True}nAxis{0}DirFlag{True}nSpeed{300000}MoveStep{360630}nCtlValue{2}
2023-04-07 22:23:01,266 [AppLog] INFO : 准备读取编码器位置：Y方向！
2023-04-07 22:23:01,406 [AppLog] INFO : 准备运动，编码器当前位置：DEM_GetAxisEncodeVal：MoveDirectionFlag{false为Y方向：True}CurrentPos{284.88}AimPos{121}
2023-04-07 22:23:01,437 [AppLog] INFO : Y方向运动开始：DEM_Run：返回值{True}nAxis{1}DirFlag{False}nSpeed{300000}MoveStep{-163880}nCtlValue{0}
2023-04-07 22:23:03,044 [AppLog] INFO : Y方向到位等停：DEM_StopAxisRun：返回值{True}bImmeStop{False}nAxisMask{1}
2023-04-07 22:23:03,184 [AppLog] INFO : X方向到位等停：DEM_StopAxisRun：返回值{True}bImmeStop{False}nAxisMask{2}
2023-04-07 22:23:03,278 [AppLog] INFO : 开启闪喷操作：IDP_FlashPrtCtl：返回值{True}
2023-04-07 22:23:03,278 [AppLog] INFO : 进入：EquipmentMotionLogic3=》准备创建对象-手动操作！
2023-04-07 22:23:03,278 [AppLog] INFO : 进入：EquipmentMotionLogic3=》不需重新创建-手动操作！
2023-04-07 22:23:03,278 [AppLog] INFO : 进入：EquipmentMotionLogic3=》赋值完成自-AutoPrintMotion2！
2023-04-07 22:23:03,278 [AppLog] INFO : 进入：EquipmentMotionLogic3=》加载配置文件-LoadJsonFile成功！
2023-04-07 22:23:03,278 [AppLog] INFO : 进入自动铺粉逻辑：NewAutoSupplyPowderThread2
2023-04-07 22:23:03,356 [AppLog] INFO : 手动正向点动指令（8轴运控板卡系统） ====》：输出AXIS{第1轴},点动量{-0.1MM},运动速度{2MM/s}
2023-04-07 22:23:03,356 [AppLog] INFO : 成形面高度下降层厚 TrapSpace{0.1mm}：TrapMoveUp(1, true, Convert.ToString(vel), Convert.ToString(TrapSpace), true, true）
2023-04-07 22:23:04,136 [AppLog] INFO : 手动正向点动指令（8轴运控板卡系统） ====》：输出AXIS{第1轴},点动量{-1.5MM},运动速度{2MM/s}
2023-04-07 22:23:04,136 [AppLog] INFO : 成形面高度下降指定厚度 TrapSpace{1.5mm}：TrapMoveUp(1, true, Convert.ToString(vel), Convert.ToString(TrapSpace), true, true）
2023-04-07 22:23:04,900 [AppLog] INFO : 手动正向点动指令（8轴运控板卡系统） ====》：输出AXIS{第1轴},点动量{1.5MM},运动速度{2MM/s}
2023-04-07 22:23:04,900 [AppLog] INFO : 成形面高度上升层厚 TrapSpace{1.5mm}：TrapMoveUp(1, true, Convert.ToString(vel), Convert.ToString(TrapSpace), true, true）
2023-04-07 22:23:05,119 [AppLog] INFO : 手动正向点动指令（8轴运控板卡系统） ====》：输出AXIS{第8轴},点动量{0.5MM},运动速度{2.5MM/s}
2023-04-07 22:23:05,119 [AppLog] INFO : Hopper落粉轴转2圈落粉，速度0.5rev/s：TrapMoveUp(8, true, 0.5, rotateNuM.ToString(), true, false)
2023-04-07 22:23:06,414 [AppLog] INFO : 手动正向点动指令（8轴运控板卡系统） ====》：输出AXIS{第2轴},点动量{258MM},运动速度{200MM/s}
2023-04-07 22:23:06,414 [AppLog] INFO : 开启铺粉车不等停运动至准备打印位置255mm，速度200mm/s：BackToStation2
2023-04-07 22:23:06,414 [AppLog] INFO : 手动正向点动指令（8轴运控板卡系统） ====》：输出AXIS{第2轴},点动量{440MM},运动速度{50MM/s}
2023-04-07 22:23:06,414 [AppLog] INFO : 开启铺粉车不等停运动至准备打印位置695mm，速度50mm/s：BackToStation2
2023-04-07 22:23:06,538 [AppLog] INFO : 打开IR灯：OpenIRLamp(true)
2023-04-07 22:23:06,538 [AppLog] INFO : 手动正向点动指令（8轴运控板卡系统） ====》：输出AXIS{第3轴},点动量{0.5MM},运动速度{0.0753424657534247MM/s}
2023-04-07 22:23:06,538 [AppLog] INFO : 开启均匀落粉及辊子铺平运动：TrapMoveUp(3, true, Convert.ToString(DispenseRollerSpeed), 0.5, true, true)
2023-04-07 22:23:09,331 [AppLog] INFO : 进入气压控制卡参数监控状态时
2023-04-07 22:23:11,624 [AppLog] INFO : 关闭IR灯：OpenIRLamp(false)
2023-04-07 22:23:13,980 [AppLog] INFO : 手动正向点动指令（8轴运控板卡系统） ====》：输出AXIS{第3轴},点动量{0.5MM},运动速度{2MM/s}
2023-04-07 22:23:13,980 [AppLog] INFO : 落粉轴继续转动以倒掉余粉：TrapMoveUp(3, true, 2, 0.5, true, false)
2023-04-07 22:23:15,992 [AppLog] INFO : 手动正向点动指令（8轴运控板卡系统） ====》：输出AXIS{第1轴},点动量{-1.5MM},运动速度{2MM/s}
2023-04-07 22:23:15,992 [AppLog] INFO : 成形面高度下降指定厚度 TrapSpace{1.5mm}：TrapMoveUp(1, true, Convert.ToString(vel), Convert.ToString(TrapSpace), true, true）
2023-04-07 22:23:19,486 [AppLog] INFO : 手动正向点动指令（8轴运控板卡系统） ====》：输出AXIS{第2轴},点动量{-698MM},运动速度{200MM/s}
2023-04-07 22:23:19,486 [AppLog] INFO : 铺粉车返回至站1：BackToStation2(AimPos, MovSpeed, true)：-3mm，速度200mm/s：BackToStation2
2023-04-07 22:23:19,876 [AppLog] INFO : 落粉轴回零成功：motionMap.SetBackSpreaderAxis(3, 0.5, 2, -SinkPosition)：ReturnCode{True}
2023-04-07 22:23:20,578 [AppLog] INFO : 更新气压控制卡参数：DEV_AdibControl:二级墨盒加热电压：{12V}；MCU_SetPhVoltage:二级墨盒加热温度：{25℃}MCU_SetPhVoltage:负压目标值：{System.Single[]kPa}MCU_SetPhVoltage:负压阈值：{0.1kPa}
2023-04-07 22:23:20,578 [AppLog] INFO : 进入气压控制卡参数设置状态时
2023-04-07 22:23:20,641 [AppLog] INFO : 手动正向点动指令（8轴运控板卡系统） ====》：输出AXIS{第1轴},点动量{1.5MM},运动速度{2MM/s}
2023-04-07 22:23:20,641 [AppLog] INFO : 成形面高度上升层厚 TrapSpace{1.5mm}：TrapMoveUp(1, true, Convert.ToString(vel), Convert.ToString(TrapSpace), true, true）
2023-04-07 22:23:20,641 [AppLog] INFO : 自动铺粉正常结束：NewAutoSupplyPowderThread2
2023-04-07 22:23:20,641 [AppLog] INFO : 发送监控指令，拍照记录1条：SendMessageFromSharedMemory
2023-04-07 22:23:20,641 [AppLog] INFO : 执行完成铺粉固化操作：EquipmentMotionLogic3：m_bApplyPowderSupplyMotion:0
2023-04-07 22:23:20,641 [AppLog] INFO : 接收到起始打印指令：PrintTaskTHREAD
2023-04-07 22:23:26,600 [AppLog] INFO : 进入气压控制卡参数监控状态时
2023-04-07 22:23:26,600 [AppLog] INFO : 获取打印Pass数据：IDP_GetPassItem2：nLayerIndex{7}nPassID{0}nProcState{3}LPPassDataItemb:PrtDir{False}nDataTxCompleteCnt{1}nHwMemAdrMatchMask{1}nLayerIndex{7}nLayerPassCount{6}nLayerPassIndex{0}nMinJet0ImgLinePos{0}nPrtMemHwAddr{System.UInt32[]}nPrtDataOffset{System.UInt32[]}nSrcDataSize{System.UInt32[]}nPrtColBytes{System.UInt32[]}nPrtPrecession{8}nSrcEndCols{8000}nSrcStartCols{0}nStartEncPos{76472}nValidPassJets{1280}nValidPrtCols{8310}nValidPrtCtlCnts{1}pDataBuf{0}pNextItem{674103648}
2023-04-07 22:23:26,616 [AppLog] INFO : 使能Pass打印成功：IDP_DoPassPrint2：nLayerIndex{7}nPassID{0}
2023-04-07 22:23:26,616 [AppLog] INFO : PASS打印前关键状态：DEV_GetDeviceInfo2：nLayerIndex{7}nPassID{0}LPPRINTER_INFO:nXSysEncDPI{0}nStatus{0}nPrintStatus{0}bSuperDevice{0}
LPPRINTER_INFO-LPPrtRunInfo:bJobPrtRuning{False}bLayerPrtIsOver{False}nContReqMemErr{0}nContWDErr{0}nCurPrtDir{0}nDTLayerIndex{0}nDTLayerPassIndex{0}nDTPtrCtlIndex{0}nLayerPassCount{0}nPrintLayerIndex{0}nPrintPassIndex{0}nProcLayerIndex{0}nPrtDataMemAddr{0}nPrtState{0}nReverse{System.Int32[]}nRevPrtCols{0}
LPPRINTER_INFO-LPDRVINFO:nFMVersion{0}nFpgaVersion{0}nPCBVersion{0}nState{0}nNextState{0}nPtvwarnState{0}nCrc32{0}nRevInfo{System.UInt32[]}nSignature{0}
2023-04-07 22:23:26,616 [AppLog] INFO : 进入：EquipmentMotionLogic3=》准备创建对象-手动操作！
2023-04-07 22:23:26,616 [AppLog] INFO : 进入：EquipmentMotionLogic3=》不需重新创建-手动操作！
2023-04-07 22:23:26,616 [AppLog] INFO : 进入：EquipmentMotionLogic3=》赋值完成自-AutoPrintMotion2！
2023-04-07 22:23:26,616 [AppLog] INFO : 退出手动调试子模块,已执行修改
==========================================================================
2023-04-07 22:23:26,616 [AppLog] INFO : 进入：EquipmentMotionLogic3=》加载配置文件-LoadJsonFile成功！
2023-04-07 22:23:26,616 [AppLog] INFO : 进入自动清洗过程：AutoCleanThread
2023-04-07 22:23:27,598 [AppLog] INFO : 刮墨轴回零成功：motionMap.SetBackSpreaderAxis(4, 1, 2, -SinkPosition)
2023-04-07 22:23:27,598 [AppLog] INFO : 准备读取编码器位置：Y方向！
2023-04-07 22:23:27,598 [AppLog] INFO : 准备运动，编码器当前位置：DEM_GetAxisEncodeVal：MoveDirectionFlag{false为Y方向：True}CurrentPos{121.385}AimPos{121}
2023-04-07 22:23:27,645 [AppLog] INFO : Y方向运动开始：DEM_Run：返回值{True}nAxis{1}DirFlag{False}nSpeed{300000}MoveStep{-385.000000000005}nCtlValue{0}
2023-04-07 22:23:27,832 [AppLog] INFO : Y方向到位停止：DEM_StopAxisRun：返回值{True}CurrentPos{121.38}bImmeStop{False}nAxisMask{2}
2023-04-07 22:23:27,832 [AppLog] INFO : 准备读取编码器位置：X方向！
2023-04-07 22:23:27,832 [AppLog] INFO : 准备运动，当前位置：DEV_GetPrintEncoderValue：MoveDirectionFlag{false为Y方向：False}CurrentPos{784.06}AimPos{780}
2023-04-07 22:23:27,864 [AppLog] INFO : X方向运动开始：DEM_Run：返回值{True}nAxis{0}DirFlag{False}nSpeed{300000}MoveStep{-4060.00000000006}nCtlValue{2}
2023-04-07 22:23:28,035 [AppLog] INFO : X方向到位停止：DEM_StopAxisRun：返回值{True}CurrentPos{782.635}bImmeStop{False}nAxisMask{1}
2023-04-07 22:23:28,862 [AppLog] INFO : 开启压墨： motionMap.SetDo(13, true)
2023-04-07 22:23:32,871 [AppLog] INFO : 关闭压墨： motionMap.SetDo(13, true)
2023-04-07 22:23:32,871 [AppLog] INFO : 准备读取编码器位置：X方向！
2023-04-07 22:23:32,871 [AppLog] INFO : 准备运动，当前位置：DEV_GetPrintEncoderValue：MoveDirectionFlag{false为Y方向：False}CurrentPos{780.33}AimPos{680}
2023-04-07 22:23:32,902 [AppLog] INFO : X方向运动开始：DEM_Run：返回值{True}nAxis{0}DirFlag{False}nSpeed{50000}MoveStep{-100330}nCtlValue{2}
2023-04-07 22:23:34,962 [AppLog] INFO : X方向到位停止：DEM_StopAxisRun：返回值{True}CurrentPos{683.735}bImmeStop{False}nAxisMask{1}
2023-04-07 22:23:35,788 [AppLog] INFO : 结束自动清洗过程：AutoCleanThread
2023-04-07 22:23:35,788 [AppLog] INFO : 进入：EquipmentMotionLogic3=》准备创建对象-手动操作！
2023-04-07 22:23:35,788 [AppLog] INFO : 进入：EquipmentMotionLogic3=》不需重新创建-手动操作！
2023-04-07 22:23:35,788 [AppLog] INFO : 进入：EquipmentMotionLogic3=》赋值完成自-AutoPrintMotion2！
2023-04-07 22:23:35,788 [AppLog] INFO : 进入：EquipmentMotionLogic3=》加载配置文件-LoadJsonFile成功！
2023-04-07 22:23:35,788 [AppLog] INFO : 进入：AutoPrintThread2！
2023-04-07 22:23:35,788 [AppLog] INFO : 关闭闪喷操作：IDP_FlashPrtCtl：返回值{True}
2023-04-07 22:23:35,788 [AppLog] INFO : 准备读取编码器位置：Y方向！
2023-04-07 22:23:35,788 [AppLog] INFO : 准备运动，编码器当前位置：DEM_GetAxisEncodeVal：MoveDirectionFlag{false为Y方向：True}CurrentPos{121.005}AimPos{15}
2023-04-07 22:23:35,835 [AppLog] INFO : Y方向运动开始：DEM_Run：返回值{True}nAxis{1}DirFlag{False}nSpeed{300000}MoveStep{-106005}nCtlValue{0}
2023-04-07 22:23:35,835 [AppLog] INFO : 准备读取编码器位置：X方向！
2023-04-07 22:23:35,835 [AppLog] INFO : 准备运动，当前位置：DEV_GetPrintEncoderValue：MoveDirectionFlag{false为Y方向：False}CurrentPos{680.32}AimPos{425}
2023-04-07 22:23:35,866 [AppLog] INFO : X方向运动开始：DEM_Run：返回值{True}nAxis{0}DirFlag{False}nSpeed{300000}MoveStep{-255320}nCtlValue{2}
2023-04-07 22:23:37,286 [AppLog] INFO : X方向到位停止：DEM_StopAxisRun：返回值{True}CurrentPos{428.165}bImmeStop{False}nAxisMask{1}
2023-04-07 22:23:37,286 [AppLog] INFO : 准备读取编码器位置：X方向！
2023-04-07 22:23:37,302 [AppLog] INFO : 准备运动，当前位置：DEV_GetPrintEncoderValue：MoveDirectionFlag{false为Y方向：False}CurrentPos{428.085}AimPos{25}
2023-04-07 22:23:37,333 [AppLog] INFO : X方向运动开始：DEM_Run：返回值{True}nAxis{0}DirFlag{False}nSpeed{300000}MoveStep{-403085}nCtlValue{2}
2023-04-07 22:23:39,236 [AppLog] INFO : X方向到位停止：DEM_StopAxisRun：返回值{True}CurrentPos{26.365}bImmeStop{False}nAxisMask{1}
2023-04-07 22:23:39,236 [AppLog] INFO : 准备读取编码器位置：Y方向！
2023-04-07 22:23:39,236 [AppLog] INFO : 准备运动，编码器当前位置：DEM_GetAxisEncodeVal：MoveDirectionFlag{false为Y方向：True}CurrentPos{15.155}AimPos{69}
2023-04-07 22:23:39,267 [AppLog] INFO : Y方向运动开始：DEM_Run：返回值{True}nAxis{1}DirFlag{True}nSpeed{300000}MoveStep{53845}nCtlValue{0}
2023-04-07 22:23:39,454 [AppLog] INFO : Y方向到位停止：DEM_StopAxisRun：返回值{True}CurrentPos{25.925}bImmeStop{False}nAxisMask{2}
2023-04-07 22:23:39,454 [AppLog] INFO : 获取打印Pass数据：IDP_GetPassItem2：nLayerIndex{7}nPassID{1}nProcState{3}LPPassDataItemb:PrtDir{True}nDataTxCompleteCnt{1}nHwMemAdrMatchMask{1}nLayerIndex{7}nLayerPassCount{6}nLayerPassIndex{1}nMinJet0ImgLinePos{1280}nPrtMemHwAddr{System.UInt32[]}nPrtDataOffset{System.UInt32[]}nSrcDataSize{System.UInt32[]}nPrtColBytes{System.UInt32[]}nPrtPrecession{8}nSrcEndCols{8000}nSrcStartCols{0}nStartEncPos{10000}nValidPassJets{1280}nValidPrtCols{8310}nValidPrtCtlCnts{1}pDataBuf{0}pNextItem{674103808}
2023-04-07 22:23:39,454 [AppLog] INFO : 使能Pass打印成功：IDP_DoPassPrint2：nLayerIndex{7}nPassID{1}
2023-04-07 22:23:39,470 [AppLog] INFO : PASS打印前关键状态：DEV_GetDeviceInfo2：nLayerIndex{7}nPassID{1}LPPRINTER_INFO:nXSysEncDPI{0}nStatus{0}nPrintStatus{0}bSuperDevice{0}
LPPRINTER_INFO-LPPrtRunInfo:bJobPrtRuning{False}bLayerPrtIsOver{False}nContReqMemErr{0}nContWDErr{0}nCurPrtDir{0}nDTLayerIndex{0}nDTLayerPassIndex{0}nDTPtrCtlIndex{0}nLayerPassCount{0}nPrintLayerIndex{0}nPrintPassIndex{0}nProcLayerIndex{0}nPrtDataMemAddr{0}nPrtState{0}nReverse{System.Int32[]}nRevPrtCols{0}
LPPRINTER_INFO-LPDRVINFO:nFMVersion{0}nFpgaVersion{0}nPCBVersion{0}nState{0}nNextState{0}nPtvwarnState{0}nCrc32{0}nRevInfo{System.UInt32[]}nSignature{0}
2023-04-07 22:23:39,470 [AppLog] INFO : 进入：EquipmentMotionLogic3=》准备创建对象-手动操作！
2023-04-07 22:23:39,470 [AppLog] INFO : 进入：EquipmentMotionLogic3=》不需重新创建-手动操作！
2023-04-07 22:23:39,470 [AppLog] INFO : 进入：EquipmentMotionLogic3=》赋值完成自-AutoPrintMotion2！
2023-04-07 22:23:39,470 [AppLog] INFO : 进入：EquipmentMotionLogic3=》加载配置文件-LoadJsonFile成功！
2023-04-07 22:23:39,470 [AppLog] INFO : 进入：AutoPrintThread2！
2023-04-07 22:23:39,470 [AppLog] INFO : 准备读取编码器位置：X方向！
2023-04-07 22:23:39,470 [AppLog] INFO : 准备运动，当前位置：DEV_GetPrintEncoderValue：MoveDirectionFlag{false为Y方向：False}CurrentPos{22.9}AimPos{425}
2023-04-07 22:23:39,501 [AppLog] INFO : X方向运动开始：DEM_Run：返回值{True}nAxis{0}DirFlag{True}nSpeed{300000}MoveStep{402100}nCtlValue{2}
2023-04-07 22:23:41,389 [AppLog] INFO : X方向到位停止：DEM_StopAxisRun：返回值{True}CurrentPos{419.42}bImmeStop{False}nAxisMask{1}
2023-04-07 22:23:41,389 [AppLog] INFO : 准备读取编码器位置：Y方向！
2023-04-07 22:23:41,389 [AppLog] INFO : 准备运动，编码器当前位置：DEM_GetAxisEncodeVal：MoveDirectionFlag{false为Y方向：True}CurrentPos{68.925}AimPos{123}
2023-04-07 22:23:41,420 [AppLog] INFO : Y方向运动开始：DEM_Run：返回值{True}nAxis{1}DirFlag{True}nSpeed{300000}MoveStep{54075}nCtlValue{0}
2023-04-07 22:23:41,607 [AppLog] INFO : Y方向到位停止：DEM_StopAxisRun：返回值{True}CurrentPos{80.3}bImmeStop{False}nAxisMask{2}
2023-04-07 22:23:41,607 [AppLog] INFO : 获取打印Pass数据：IDP_GetPassItem2：nLayerIndex{7}nPassID{2}nProcState{3}LPPassDataItemb:PrtDir{False}nDataTxCompleteCnt{1}nHwMemAdrMatchMask{1}nLayerIndex{7}nLayerPassCount{6}nLayerPassIndex{2}nMinJet0ImgLinePos{2560}nPrtMemHwAddr{System.UInt32[]}nPrtDataOffset{System.UInt32[]}nSrcDataSize{System.UInt32[]}nPrtColBytes{System.UInt32[]}nPrtPrecession{8}nSrcEndCols{8000}nSrcStartCols{0}nStartEncPos{76472}nValidPassJets{1280}nValidPrtCols{8310}nValidPrtCtlCnts{1}pDataBuf{0}pNextItem{674103968}
2023-04-07 22:23:41,623 [AppLog] INFO : 使能Pass打印成功：IDP_DoPassPrint2：nLayerIndex{7}nPassID{2}
2023-04-07 22:23:41,623 [AppLog] INFO : PASS打印前关键状态：DEV_GetDeviceInfo2：nLayerIndex{7}nPassID{2}LPPRINTER_INFO:nXSysEncDPI{0}nStatus{0}nPrintStatus{0}bSuperDevice{0}
LPPRINTER_INFO-LPPrtRunInfo:bJobPrtRuning{False}bLayerPrtIsOver{False}nContReqMemErr{0}nContWDErr{0}nCurPrtDir{0}nDTLayerIndex{0}nDTLayerPassIndex{0}nDTPtrCtlIndex{0}nLayerPassCount{0}nPrintLayerIndex{0}nPrintPassIndex{0}nProcLayerIndex{0}nPrtDataMemAddr{0}nPrtState{0}nReverse{System.Int32[]}nRevPrtCols{0}
LPPRINTER_INFO-LPDRVINFO:nFMVersion{0}nFpgaVersion{0}nPCBVersion{0}nState{0}nNextState{0}nPtvwarnState{0}nCrc32{0}nRevInfo{System.UInt32[]}nSignature{0}
2023-04-07 22:23:41,623 [AppLog] INFO : 进入：EquipmentMotionLogic3=》准备创建对象-手动操作！
2023-04-07 22:23:41,623 [AppLog] INFO : 进入：EquipmentMotionLogic3=》不需重新创建-手动操作！
2023-04-07 22:23:41,623 [AppLog] INFO : 进入：EquipmentMotionLogic3=》赋值完成自-AutoPrintMotion2！
2023-04-07 22:23:41,623 [AppLog] INFO : 进入：EquipmentMotionLogic3=》加载配置文件-LoadJsonFile成功！
2023-04-07 22:23:41,623 [AppLog] INFO : 进入：AutoPrintThread2！
2023-04-07 22:23:41,623 [AppLog] INFO : 准备读取编码器位置：X方向！
2023-04-07 22:23:41,623 [AppLog] INFO : 准备运动，当前位置：DEV_GetPrintEncoderValue：MoveDirectionFlag{false为Y方向：False}CurrentPos{423.375}AimPos{25}
2023-04-07 22:23:41,685 [AppLog] INFO : X方向运动开始：DEM_Run：返回值{True}nAxis{0}DirFlag{False}nSpeed{300000}MoveStep{-398375}nCtlValue{2}
2023-04-07 22:23:43,573 [AppLog] INFO : X方向到位停止：DEM_StopAxisRun：返回值{True}CurrentPos{30.48}bImmeStop{False}nAxisMask{1}
2023-04-07 22:23:43,573 [AppLog] INFO : 准备读取编码器位置：Y方向！
2023-04-07 22:23:43,573 [AppLog] INFO : 准备运动，编码器当前位置：DEM_GetAxisEncodeVal：MoveDirectionFlag{false为Y方向：True}CurrentPos{122.84}AimPos{177}
2023-04-07 22:23:43,604 [AppLog] INFO : Y方向运动开始：DEM_Run：返回值{True}nAxis{1}DirFlag{True}nSpeed{300000}MoveStep{54160}nCtlValue{0}
2023-04-07 22:23:43,791 [AppLog] INFO : Y方向到位停止：DEM_StopAxisRun：返回值{True}CurrentPos{133.32}bImmeStop{False}nAxisMask{2}
2023-04-07 22:23:43,791 [AppLog] INFO : 获取打印Pass数据：IDP_GetPassItem2：nLayerIndex{7}nPassID{3}nProcState{3}LPPassDataItemb:PrtDir{True}nDataTxCompleteCnt{1}nHwMemAdrMatchMask{1}nLayerIndex{7}nLayerPassCount{6}nLayerPassIndex{3}nMinJet0ImgLinePos{3840}nPrtMemHwAddr{System.UInt32[]}nPrtDataOffset{System.UInt32[]}nSrcDataSize{System.UInt32[]}nPrtColBytes{System.UInt32[]}nPrtPrecession{8}nSrcEndCols{8000}nSrcStartCols{0}nStartEncPos{10000}nValidPassJets{1280}nValidPrtCols{8310}nValidPrtCtlCnts{1}pDataBuf{0}pNextItem{674104128}
2023-04-07 22:23:43,807 [AppLog] INFO : 使能Pass打印成功：IDP_DoPassPrint2：nLayerIndex{7}nPassID{3}
2023-04-07 22:23:43,807 [AppLog] INFO : PASS打印前关键状态：DEV_GetDeviceInfo2：nLayerIndex{7}nPassID{3}LPPRINTER_INFO:nXSysEncDPI{0}nStatus{0}nPrintStatus{0}bSuperDevice{0}
LPPRINTER_INFO-LPPrtRunInfo:bJobPrtRuning{False}bLayerPrtIsOver{False}nContReqMemErr{0}nContWDErr{0}nCurPrtDir{0}nDTLayerIndex{0}nDTLayerPassIndex{0}nDTPtrCtlIndex{0}nLayerPassCount{0}nPrintLayerIndex{0}nPrintPassIndex{0}nProcLayerIndex{0}nPrtDataMemAddr{0}nPrtState{0}nReverse{System.Int32[]}nRevPrtCols{0}
LPPRINTER_INFO-LPDRVINFO:nFMVersion{0}nFpgaVersion{0}nPCBVersion{0}nState{0}nNextState{0}nPtvwarnState{0}nCrc32{0}nRevInfo{System.UInt32[]}nSignature{0}
2023-04-07 22:23:43,807 [AppLog] INFO : 进入：EquipmentMotionLogic3=》准备创建对象-手动操作！
2023-04-07 22:23:43,807 [AppLog] INFO : 进入：EquipmentMotionLogic3=》不需重新创建-手动操作！
2023-04-07 22:23:43,807 [AppLog] INFO : 进入：EquipmentMotionLogic3=》赋值完成自-AutoPrintMotion2！
2023-04-07 22:23:43,807 [AppLog] INFO : 进入：EquipmentMotionLogic3=》加载配置文件-LoadJsonFile成功！
2023-04-07 22:23:43,807 [AppLog] INFO : 进入：AutoPrintThread2！
2023-04-07 22:23:43,807 [AppLog] INFO : 准备读取编码器位置：X方向！
2023-04-07 22:23:43,807 [AppLog] INFO : 准备运动，当前位置：DEV_GetPrintEncoderValue：MoveDirectionFlag{false为Y方向：False}CurrentPos{26.565}AimPos{425}
2023-04-07 22:23:43,838 [AppLog] INFO : X方向运动开始：DEM_Run：返回值{True}nAxis{0}DirFlag{True}nSpeed{300000}MoveStep{398435}nCtlValue{2}
2023-04-07 22:23:45,726 [AppLog] INFO : X方向到位停止：DEM_StopAxisRun：返回值{True}CurrentPos{419.67}bImmeStop{False}nAxisMask{1}
2023-04-07 22:23:45,726 [AppLog] INFO : 准备读取编码器位置：Y方向！
2023-04-07 22:23:45,726 [AppLog] INFO : 准备运动，编码器当前位置：DEM_GetAxisEncodeVal：MoveDirectionFlag{false为Y方向：True}CurrentPos{176.89}AimPos{231}
2023-04-07 22:23:45,757 [AppLog] INFO : Y方向运动开始：DEM_Run：返回值{True}nAxis{1}DirFlag{True}nSpeed{300000}MoveStep{54110}nCtlValue{0}
2023-04-07 22:23:45,960 [AppLog] INFO : Y方向到位停止：DEM_StopAxisRun：返回值{True}CurrentPos{190.95}bImmeStop{False}nAxisMask{2}
2023-04-07 22:23:45,960 [AppLog] INFO : 获取打印Pass数据：IDP_GetPassItem2：nLayerIndex{7}nPassID{4}nProcState{3}LPPassDataItemb:PrtDir{False}nDataTxCompleteCnt{1}nHwMemAdrMatchMask{1}nLayerIndex{7}nLayerPassCount{6}nLayerPassIndex{4}nMinJet0ImgLinePos{5120}nPrtMemHwAddr{System.UInt32[]}nPrtDataOffset{System.UInt32[]}nSrcDataSize{System.UInt32[]}nPrtColBytes{System.UInt32[]}nPrtPrecession{8}nSrcEndCols{8000}nSrcStartCols{0}nStartEncPos{76472}nValidPassJets{1280}nValidPrtCols{8310}nValidPrtCtlCnts{1}pDataBuf{0}pNextItem{674104288}
2023-04-07 22:23:45,960 [AppLog] INFO : 使能Pass打印成功：IDP_DoPassPrint2：nLayerIndex{7}nPassID{4}
2023-04-07 22:23:45,975 [AppLog] INFO : PASS打印前关键状态：DEV_GetDeviceInfo2：nLayerIndex{7}nPassID{4}LPPRINTER_INFO:nXSysEncDPI{0}nStatus{0}nPrintStatus{0}bSuperDevice{0}
LPPRINTER_INFO-LPPrtRunInfo:bJobPrtRuning{False}bLayerPrtIsOver{False}nContReqMemErr{0}nContWDErr{0}nCurPrtDir{0}nDTLayerIndex{0}nDTLayerPassIndex{0}nDTPtrCtlIndex{0}nLayerPassCount{0}nPrintLayerIndex{0}nPrintPassIndex{0}nProcLayerIndex{0}nPrtDataMemAddr{0}nPrtState{0}nReverse{System.Int32[]}nRevPrtCols{0}
LPPRINTER_INFO-LPDRVINFO:nFMVersion{0}nFpgaVersion{0}nPCBVersion{0}nState{0}nNextState{0}nPtvwarnState{0}nCrc32{0}nRevInfo{System.UInt32[]}nSignature{0}
2023-04-07 22:23:45,975 [AppLog] INFO : 进入：EquipmentMotionLogic3=》准备创建对象-手动操作！
2023-04-07 22:23:45,975 [AppLog] INFO : 进入：EquipmentMotionLogic3=》不需重新创建-手动操作！
2023-04-07 22:23:45,975 [AppLog] INFO : 进入：EquipmentMotionLogic3=》赋值完成自-AutoPrintMotion2！
2023-04-07 22:23:45,975 [AppLog] INFO : 进入：EquipmentMotionLogic3=》加载配置文件-LoadJsonFile成功！
2023-04-07 22:23:45,975 [AppLog] INFO : 进入：AutoPrintThread2！
2023-04-07 22:23:45,975 [AppLog] INFO : 准备读取编码器位置：X方向！
2023-04-07 22:23:45,975 [AppLog] INFO : 准备运动，当前位置：DEV_GetPrintEncoderValue：MoveDirectionFlag{false为Y方向：False}CurrentPos{423.43}AimPos{25}
2023-04-07 22:23:46,006 [AppLog] INFO : X方向运动开始：DEM_Run：返回值{True}nAxis{0}DirFlag{False}nSpeed{300000}MoveStep{-398430}nCtlValue{2}
2023-04-07 22:23:47,894 [AppLog] INFO : X方向到位停止：DEM_StopAxisRun：返回值{True}CurrentPos{30.385}bImmeStop{False}nAxisMask{1}
2023-04-07 22:23:47,894 [AppLog] INFO : 准备读取编码器位置：Y方向！
2023-04-07 22:23:47,894 [AppLog] INFO : 准备运动，编码器当前位置：DEM_GetAxisEncodeVal：MoveDirectionFlag{false为Y方向：True}CurrentPos{230.935}AimPos{285}
2023-04-07 22:23:47,925 [AppLog] INFO : Y方向运动开始：DEM_Run：返回值{True}nAxis{1}DirFlag{True}nSpeed{300000}MoveStep{54065}nCtlValue{0}
2023-04-07 22:23:48,112 [AppLog] INFO : Y方向到位停止：DEM_StopAxisRun：返回值{True}CurrentPos{241.315}bImmeStop{False}nAxisMask{2}
2023-04-07 22:23:48,112 [AppLog] INFO : 获取打印Pass数据：IDP_GetPassItem2：nLayerIndex{7}nPassID{5}nProcState{3}LPPassDataItemb:PrtDir{True}nDataTxCompleteCnt{1}nHwMemAdrMatchMask{1}nLayerIndex{7}nLayerPassCount{6}nLayerPassIndex{5}nMinJet0ImgLinePos{6400}nPrtMemHwAddr{System.UInt32[]}nPrtDataOffset{System.UInt32[]}nSrcDataSize{System.UInt32[]}nPrtColBytes{System.UInt32[]}nPrtPrecession{8}nSrcEndCols{8000}nSrcStartCols{0}nStartEncPos{10000}nValidPassJets{1280}nValidPrtCols{8310}nValidPrtCtlCnts{1}pDataBuf{0}pNextItem{0}
2023-04-07 22:23:48,128 [AppLog] INFO : 使能Pass打印成功：IDP_DoPassPrint2：nLayerIndex{7}nPassID{5}
2023-04-07 22:23:48,128 [AppLog] INFO : PASS打印前关键状态：DEV_GetDeviceInfo2：nLayerIndex{7}nPassID{5}LPPRINTER_INFO:nXSysEncDPI{0}nStatus{0}nPrintStatus{0}bSuperDevice{0}
LPPRINTER_INFO-LPPrtRunInfo:bJobPrtRuning{False}bLayerPrtIsOver{False}nContReqMemErr{0}nContWDErr{0}nCurPrtDir{0}nDTLayerIndex{0}nDTLayerPassIndex{0}nDTPtrCtlIndex{0}nLayerPassCount{0}nPrintLayerIndex{0}nPrintPassIndex{0}nProcLayerIndex{0}nPrtDataMemAddr{0}nPrtState{0}nReverse{System.Int32[]}nRevPrtCols{0}
LPPRINTER_INFO-LPDRVINFO:nFMVersion{0}nFpgaVersion{0}nPCBVersion{0}nState{0}nNextState{0}nPtvwarnState{0}nCrc32{0}nRevInfo{System.UInt32[]}nSignature{0}
2023-04-07 22:23:48,128 [AppLog] INFO : 进入：EquipmentMotionLogic3=》准备创建对象-手动操作！
2023-04-07 22:23:48,128 [AppLog] INFO : 进入：EquipmentMotionLogic3=》不需重新创建-手动操作！
2023-04-07 22:23:48,128 [AppLog] INFO : 进入：EquipmentMotionLogic3=》赋值完成自-AutoPrintMotion2！
2023-04-07 22:23:48,128 [AppLog] INFO : 进入：EquipmentMotionLogic3=》加载配置文件-LoadJsonFile成功！
2023-04-07 22:23:48,128 [AppLog] INFO : 进入：AutoPrintThread2！
2023-04-07 22:23:48,128 [AppLog] INFO : 准备读取编码器位置：X方向！
2023-04-07 22:23:48,128 [AppLog] INFO : 准备运动，当前位置：DEV_GetPrintEncoderValue：MoveDirectionFlag{false为Y方向：False}CurrentPos{26.56}AimPos{425}
2023-04-07 22:23:48,159 [AppLog] INFO : X方向运动开始：DEM_Run：返回值{True}nAxis{0}DirFlag{True}nSpeed{300000}MoveStep{398440}nCtlValue{2}
2023-04-07 22:23:50,047 [AppLog] INFO : X方向到位停止：DEM_StopAxisRun：返回值{True}CurrentPos{419.225}bImmeStop{False}nAxisMask{1}
2023-04-07 22:23:50,047 [AppLog] INFO : 准备读取编码器位置：X方向！
2023-04-07 22:23:50,047 [AppLog] INFO : 准备运动，当前位置：DEV_GetPrintEncoderValue：MoveDirectionFlag{false为Y方向：False}CurrentPos{419.345}AimPos{780}
2023-04-07 22:23:50,078 [AppLog] INFO : X方向运动开始：DEM_Run：返回值{True}nAxis{0}DirFlag{True}nSpeed{300000}MoveStep{360655}nCtlValue{2}
2023-04-07 22:23:50,078 [AppLog] INFO : 准备读取编码器位置：Y方向！
2023-04-07 22:23:50,078 [AppLog] INFO : 准备运动，编码器当前位置：DEM_GetAxisEncodeVal：MoveDirectionFlag{false为Y方向：True}CurrentPos{284.89}AimPos{121}
2023-04-07 22:23:50,125 [AppLog] INFO : Y方向运动开始：DEM_Run：返回值{True}nAxis{1}DirFlag{False}nSpeed{300000}MoveStep{-163890}nCtlValue{0}
2023-04-07 22:23:51,825 [AppLog] INFO : Y方向到位等停：DEM_StopAxisRun：返回值{True}bImmeStop{False}nAxisMask{1}
2023-04-07 22:23:51,825 [AppLog] INFO : X方向到位等停：DEM_StopAxisRun：返回值{True}bImmeStop{False}nAxisMask{2}
2023-04-07 22:23:51,841 [AppLog] INFO : 开启闪喷操作：IDP_FlashPrtCtl：返回值{True}
2023-04-07 22:23:51,841 [AppLog] INFO : 进入：EquipmentMotionLogic3=》准备创建对象-手动操作！
2023-04-07 22:23:51,841 [AppLog] INFO : 进入：EquipmentMotionLogic3=》不需重新创建-手动操作！
2023-04-07 22:23:51,841 [AppLog] INFO : 进入：EquipmentMotionLogic3=》赋值完成自-AutoPrintMotion2！
2023-04-07 22:23:51,841 [AppLog] INFO : 进入：EquipmentMotionLogic3=》加载配置文件-LoadJsonFile成功！
2023-04-07 22:23:51,841 [AppLog] INFO : 进入自动铺粉逻辑：NewAutoSupplyPowderThread2
2023-04-07 22:23:51,919 [AppLog] INFO : 手动正向点动指令（8轴运控板卡系统） ====》：输出AXIS{第1轴},点动量{-0.1MM},运动速度{2MM/s}
2023-04-07 22:23:51,919 [AppLog] INFO : 成形面高度下降层厚 TrapSpace{0.1mm}：TrapMoveUp(1, true, Convert.ToString(vel), Convert.ToString(TrapSpace), true, true）
2023-04-07 22:23:52,683 [AppLog] INFO : 手动正向点动指令（8轴运控板卡系统） ====》：输出AXIS{第1轴},点动量{-1.5MM},运动速度{2MM/s}
2023-04-07 22:23:52,683 [AppLog] INFO : 成形面高度下降指定厚度 TrapSpace{1.5mm}：TrapMoveUp(1, true, Convert.ToString(vel), Convert.ToString(TrapSpace), true, true）
2023-04-07 22:23:52,933 [AppLog] INFO : 进入手动调试子模块！
2023-04-07 22:23:52,933 [AppLog] INFO : 进入：ManulBtn_Click=》准备创建对象-手动操作！
2023-04-07 22:23:52,948 [AppLog] INFO : 创建：ManualControl=》创建完成-手动操作！
2023-04-07 22:23:52,948 [AppLog] INFO : 加载成功：温控Modbus接口！
2023-04-07 22:23:53,463 [AppLog] INFO : 手动正向点动指令（8轴运控板卡系统） ====》：输出AXIS{第1轴},点动量{1.5MM},运动速度{2MM/s}
2023-04-07 22:23:53,463 [AppLog] INFO : 成形面高度上升层厚 TrapSpace{1.5mm}：TrapMoveUp(1, true, Convert.ToString(vel), Convert.ToString(TrapSpace), true, true）
2023-04-07 22:23:53,682 [AppLog] INFO : 手动正向点动指令（8轴运控板卡系统） ====》：输出AXIS{第8轴},点动量{0.5MM},运动速度{2.5MM/s}
2023-04-07 22:23:53,682 [AppLog] INFO : Hopper落粉轴转2圈落粉，速度0.5rev/s：TrapMoveUp(8, true, 0.5, rotateNuM.ToString(), true, false)
2023-04-07 22:23:54,976 [AppLog] INFO : 手动正向点动指令（8轴运控板卡系统） ====》：输出AXIS{第2轴},点动量{258MM},运动速度{200MM/s}
2023-04-07 22:23:54,976 [AppLog] INFO : 开启铺粉车不等停运动至准备打印位置255mm，速度200mm/s：BackToStation2
2023-04-07 22:23:54,976 [AppLog] INFO : 手动正向点动指令（8轴运控板卡系统） ====》：输出AXIS{第2轴},点动量{440MM},运动速度{50MM/s}
2023-04-07 22:23:54,976 [AppLog] INFO : 开启铺粉车不等停运动至准备打印位置695mm，速度50mm/s：BackToStation2
2023-04-07 22:23:55,101 [AppLog] INFO : 打开IR灯：OpenIRLamp(true)
2023-04-07 22:23:55,101 [AppLog] INFO : 手动正向点动指令（8轴运控板卡系统） ====》：输出AXIS{第3轴},点动量{0.5MM},运动速度{0.0753424657534247MM/s}
2023-04-07 22:23:55,101 [AppLog] INFO : 开启均匀落粉及辊子铺平运动：TrapMoveUp(3, true, Convert.ToString(DispenseRollerSpeed), 0.5, true, true)
2023-04-07 22:24:00,187 [AppLog] INFO : 关闭IR灯：OpenIRLamp(false)
2023-04-07 22:24:01,825 [AppLog] INFO : 进入气压控制卡参数监控状态时
2023-04-07 22:24:02,543 [AppLog] INFO : 手动正向点动指令（8轴运控板卡系统） ====》：输出AXIS{第3轴},点动量{0.5MM},运动速度{2MM/s}
2023-04-07 22:24:02,543 [AppLog] INFO : 落粉轴继续转动以倒掉余粉：TrapMoveUp(3, true, 2, 0.5, true, false)
2023-04-07 22:24:04,555 [AppLog] INFO : 手动正向点动指令（8轴运控板卡系统） ====》：输出AXIS{第1轴},点动量{-1.5MM},运动速度{2MM/s}
2023-04-07 22:24:04,555 [AppLog] INFO : 成形面高度下降指定厚度 TrapSpace{1.5mm}：TrapMoveUp(1, true, Convert.ToString(vel), Convert.ToString(TrapSpace), true, true）
2023-04-07 22:24:08,049 [AppLog] INFO : 手动正向点动指令（8轴运控板卡系统） ====》：输出AXIS{第2轴},点动量{-698MM},运动速度{200MM/s}
2023-04-07 22:24:08,049 [AppLog] INFO : 铺粉车返回至站1：BackToStation2(AimPos, MovSpeed, true)：-3mm，速度200mm/s：BackToStation2
2023-04-07 22:24:08,439 [AppLog] INFO : 落粉轴回零成功：motionMap.SetBackSpreaderAxis(3, 0.5, 2, -SinkPosition)：ReturnCode{True}
2023-04-07 22:24:09,204 [AppLog] INFO : 手动正向点动指令（8轴运控板卡系统） ====》：输出AXIS{第1轴},点动量{1.5MM},运动速度{2MM/s}
2023-04-07 22:24:09,204 [AppLog] INFO : 成形面高度上升层厚 TrapSpace{1.5mm}：TrapMoveUp(1, true, Convert.ToString(vel), Convert.ToString(TrapSpace), true, true）
2023-04-07 22:24:09,204 [AppLog] INFO : 自动铺粉正常结束：NewAutoSupplyPowderThread2
2023-04-07 22:24:09,204 [AppLog] INFO : 发送监控指令，拍照记录1条：SendMessageFromSharedMemory
2023-04-07 22:24:09,204 [AppLog] INFO : 执行完成铺粉固化操作：EquipmentMotionLogic3：m_bApplyPowderSupplyMotion:0
2023-04-07 22:24:09,204 [AppLog] INFO : 接收到起始打印指令：PrintTaskTHREAD
2023-04-07 22:24:13,073 [AppLog] INFO : 更新气压控制卡参数：DEV_AdibControl:二级墨盒加热电压：{12V}；MCU_SetPhVoltage:二级墨盒加热温度：{25℃}MCU_SetPhVoltage:负压目标值：{System.Single[]kPa}MCU_SetPhVoltage:负压阈值：{0.1kPa}
2023-04-07 22:24:13,073 [AppLog] INFO : 获取打印Pass数据：IDP_GetPassItem2：nLayerIndex{8}nPassID{0}nProcState{3}LPPassDataItemb:PrtDir{False}nDataTxCompleteCnt{1}nHwMemAdrMatchMask{1}nLayerIndex{8}nLayerPassCount{6}nLayerPassIndex{0}nMinJet0ImgLinePos{0}nPrtMemHwAddr{System.UInt32[]}nPrtDataOffset{System.UInt32[]}nSrcDataSize{System.UInt32[]}nPrtColBytes{System.UInt32[]}nPrtPrecession{8}nSrcEndCols{8000}nSrcStartCols{0}nStartEncPos{76472}nValidPassJets{1280}nValidPrtCols{8310}nValidPrtCtlCnts{1}pDataBuf{0}pNextItem{674104608}
2023-04-07 22:24:13,073 [AppLog] INFO : 进入气压控制卡参数设置状态时
2023-04-07 22:24:13,073 [AppLog] INFO : 使能Pass打印成功：IDP_DoPassPrint2：nLayerIndex{8}nPassID{0}
2023-04-07 22:24:13,088 [AppLog] INFO : PASS打印前关键状态：DEV_GetDeviceInfo2：nLayerIndex{8}nPassID{0}LPPRINTER_INFO:nXSysEncDPI{0}nStatus{0}nPrintStatus{0}bSuperDevice{0}
LPPRINTER_INFO-LPPrtRunInfo:bJobPrtRuning{False}bLayerPrtIsOver{False}nContReqMemErr{0}nContWDErr{0}nCurPrtDir{0}nDTLayerIndex{0}nDTLayerPassIndex{0}nDTPtrCtlIndex{0}nLayerPassCount{0}nPrintLayerIndex{0}nPrintPassIndex{0}nProcLayerIndex{0}nPrtDataMemAddr{0}nPrtState{0}nReverse{System.Int32[]}nRevPrtCols{0}
LPPRINTER_INFO-LPDRVINFO:nFMVersion{0}nFpgaVersion{0}nPCBVersion{0}nState{0}nNextState{0}nPtvwarnState{0}nCrc32{0}nRevInfo{System.UInt32[]}nSignature{0}
2023-04-07 22:24:13,088 [AppLog] INFO : 进入：EquipmentMotionLogic3=》准备创建对象-手动操作！
2023-04-07 22:24:13,088 [AppLog] INFO : 进入：EquipmentMotionLogic3=》不需重新创建-手动操作！
2023-04-07 22:24:13,088 [AppLog] INFO : 进入：EquipmentMotionLogic3=》赋值完成自-AutoPrintMotion2！
2023-04-07 22:24:13,088 [AppLog] INFO : 进入：EquipmentMotionLogic3=》加载配置文件-LoadJsonFile成功！
2023-04-07 22:24:13,088 [AppLog] INFO : 进入自动清洗过程：AutoCleanThread
2023-04-07 22:24:14,055 [AppLog] INFO : 刮墨轴回零成功：motionMap.SetBackSpreaderAxis(4, 1, 2, -SinkPosition)
2023-04-07 22:24:14,055 [AppLog] INFO : 准备读取编码器位置：Y方向！
2023-04-07 22:24:14,055 [AppLog] INFO : 准备运动，编码器当前位置：DEM_GetAxisEncodeVal：MoveDirectionFlag{false为Y方向：True}CurrentPos{121.355}AimPos{121}
2023-04-07 22:24:14,087 [AppLog] INFO : Y方向运动开始：DEM_Run：返回值{True}nAxis{1}DirFlag{False}nSpeed{300000}MoveStep{-355.000000000004}nCtlValue{0}
2023-04-07 22:24:14,087 [AppLog] INFO : Y方向到位停止：DEM_StopAxisRun：返回值{True}CurrentPos{121.355}bImmeStop{False}nAxisMask{2}
2023-04-07 22:24:14,087 [AppLog] INFO : 准备读取编码器位置：X方向！
2023-04-07 22:24:14,087 [AppLog] INFO : 准备运动，当前位置：DEV_GetPrintEncoderValue：MoveDirectionFlag{false为Y方向：False}CurrentPos{784.09}AimPos{780}
2023-04-07 22:24:14,118 [AppLog] INFO : X方向运动开始：DEM_Run：返回值{True}nAxis{0}DirFlag{False}nSpeed{300000}MoveStep{-4090.00000000003}nCtlValue{2}
2023-04-07 22:24:14,461 [AppLog] INFO : X方向到位停止：DEM_StopAxisRun：返回值{True}CurrentPos{780.345}bImmeStop{False}nAxisMask{1}
2023-04-07 22:24:15,288 [AppLog] INFO : 开启压墨： motionMap.SetDo(13, true)
2023-04-07 22:24:19,297 [AppLog] INFO : 关闭压墨： motionMap.SetDo(13, true)
2023-04-07 22:24:19,297 [AppLog] INFO : 准备读取编码器位置：X方向！
2023-04-07 22:24:19,297 [AppLog] INFO : 准备运动，当前位置：DEV_GetPrintEncoderValue：MoveDirectionFlag{false为Y方向：False}CurrentPos{780.325}AimPos{680}
2023-04-07 22:24:19,328 [AppLog] INFO : X方向运动开始：DEM_Run：返回值{True}nAxis{0}DirFlag{False}nSpeed{50000}MoveStep{-100325}nCtlValue{2}
2023-04-07 22:24:20,046 [AppLog] INFO : 退出手动调试子模块,已执行修改
==========================================================================
2023-04-07 22:24:21,387 [AppLog] INFO : X方向到位停止：DEM_StopAxisRun：返回值{True}CurrentPos{683.685}bImmeStop{False}nAxisMask{1}
2023-04-07 22:24:22,214 [AppLog] INFO : 结束自动清洗过程：AutoCleanThread
2023-04-07 22:24:22,214 [AppLog] INFO : 进入：EquipmentMotionLogic3=》准备创建对象-手动操作！
2023-04-07 22:24:22,214 [AppLog] INFO : 进入：EquipmentMotionLogic3=》不需重新创建-手动操作！
2023-04-07 22:24:22,214 [AppLog] INFO : 进入：EquipmentMotionLogic3=》赋值完成自-AutoPrintMotion2！
2023-04-07 22:24:22,214 [AppLog] INFO : 进入：EquipmentMotionLogic3=》加载配置文件-LoadJsonFile成功！
2023-04-07 22:24:22,214 [AppLog] INFO : 进入：AutoPrintThread2！
2023-04-07 22:24:22,214 [AppLog] INFO : 关闭闪喷操作：IDP_FlashPrtCtl：返回值{True}
2023-04-07 22:24:22,214 [AppLog] INFO : 准备读取编码器位置：Y方向！
2023-04-07 22:24:22,214 [AppLog] INFO : 准备运动，编码器当前位置：DEM_GetAxisEncodeVal：MoveDirectionFlag{false为Y方向：True}CurrentPos{121}AimPos{15}
2023-04-07 22:24:22,245 [AppLog] INFO : Y方向运动开始：DEM_Run：返回值{True}nAxis{1}DirFlag{False}nSpeed{300000}MoveStep{-106000}nCtlValue{0}
2023-04-07 22:24:22,245 [AppLog] INFO : 准备读取编码器位置：X方向！
2023-04-07 22:24:22,245 [AppLog] INFO : 准备运动，当前位置：DEV_GetPrintEncoderValue：MoveDirectionFlag{false为Y方向：False}CurrentPos{680.34}AimPos{425}
2023-04-07 22:24:22,277 [AppLog] INFO : X方向运动开始：DEM_Run：返回值{True}nAxis{0}DirFlag{False}nSpeed{300000}MoveStep{-255340}nCtlValue{2}
2023-04-07 22:24:23,681 [AppLog] INFO : X方向到位停止：DEM_StopAxisRun：返回值{True}CurrentPos{429.47}bImmeStop{False}nAxisMask{1}
2023-04-07 22:24:23,681 [AppLog] INFO : 准备读取编码器位置：X方向！
2023-04-07 22:24:23,681 [AppLog] INFO : 准备运动，当前位置：DEV_GetPrintEncoderValue：MoveDirectionFlag{false为Y方向：False}CurrentPos{429.29}AimPos{25}
2023-04-07 22:24:23,712 [AppLog] INFO : X方向运动开始：DEM_Run：返回值{True}nAxis{0}DirFlag{False}nSpeed{300000}MoveStep{-404290}nCtlValue{2}
2023-04-07 22:24:25,599 [AppLog] INFO : X方向到位停止：DEM_StopAxisRun：返回值{True}CurrentPos{25.53}bImmeStop{False}nAxisMask{1}
2023-04-07 22:24:25,599 [AppLog] INFO : 准备读取编码器位置：Y方向！
2023-04-07 22:24:25,615 [AppLog] INFO : 准备运动，编码器当前位置：DEM_GetAxisEncodeVal：MoveDirectionFlag{false为Y方向：True}CurrentPos{15.15}AimPos{69}
2023-04-07 22:24:25,646 [AppLog] INFO : Y方向运动开始：DEM_Run：返回值{True}nAxis{1}DirFlag{True}nSpeed{300000}MoveStep{53850}nCtlValue{0}
2023-04-07 22:24:25,833 [AppLog] INFO : Y方向到位停止：DEM_StopAxisRun：返回值{True}CurrentPos{26.265}bImmeStop{False}nAxisMask{2}
2023-04-07 22:24:25,833 [AppLog] INFO : 获取打印Pass数据：IDP_GetPassItem2：nLayerIndex{8}nPassID{1}nProcState{3}LPPassDataItemb:PrtDir{True}nDataTxCompleteCnt{1}nHwMemAdrMatchMask{1}nLayerIndex{8}nLayerPassCount{6}nLayerPassIndex{1}nMinJet0ImgLinePos{1280}nPrtMemHwAddr{System.UInt32[]}nPrtDataOffset{System.UInt32[]}nSrcDataSize{System.UInt32[]}nPrtColBytes{System.UInt32[]}nPrtPrecession{8}nSrcEndCols{8000}nSrcStartCols{0}nStartEncPos{10000}nValidPassJets{1280}nValidPrtCols{8310}nValidPrtCtlCnts{1}pDataBuf{0}pNextItem{674104768}
2023-04-07 22:24:25,849 [AppLog] INFO : 使能Pass打印成功：IDP_DoPassPrint2：nLayerIndex{8}nPassID{1}
2023-04-07 22:24:25,849 [AppLog] INFO : PASS打印前关键状态：DEV_GetDeviceInfo2：nLayerIndex{8}nPassID{1}LPPRINTER_INFO:nXSysEncDPI{0}nStatus{0}nPrintStatus{0}bSuperDevice{0}
LPPRINTER_INFO-LPPrtRunInfo:bJobPrtRuning{False}bLayerPrtIsOver{False}nContReqMemErr{0}nContWDErr{0}nCurPrtDir{0}nDTLayerIndex{0}nDTLayerPassIndex{0}nDTPtrCtlIndex{0}nLayerPassCount{0}nPrintLayerIndex{0}nPrintPassIndex{0}nProcLayerIndex{0}nPrtDataMemAddr{0}nPrtState{0}nReverse{System.Int32[]}nRevPrtCols{0}
LPPRINTER_INFO-LPDRVINFO:nFMVersion{0}nFpgaVersion{0}nPCBVersion{0}nState{0}nNextState{0}nPtvwarnState{0}nCrc32{0}nRevInfo{System.UInt32[]}nSignature{0}
2023-04-07 22:24:25,849 [AppLog] INFO : 进入：EquipmentMotionLogic3=》准备创建对象-手动操作！
2023-04-07 22:24:25,849 [AppLog] INFO : 进入：EquipmentMotionLogic3=》不需重新创建-手动操作！
2023-04-07 22:24:25,849 [AppLog] INFO : 进入：EquipmentMotionLogic3=》赋值完成自-AutoPrintMotion2！
2023-04-07 22:24:25,849 [AppLog] INFO : 进入：EquipmentMotionLogic3=》加载配置文件-LoadJsonFile成功！
2023-04-07 22:24:25,849 [AppLog] INFO : 进入：AutoPrintThread2！
2023-04-07 22:24:25,849 [AppLog] INFO : 准备读取编码器位置：X方向！
2023-04-07 22:24:25,849 [AppLog] INFO : 准备运动，当前位置：DEV_GetPrintEncoderValue：MoveDirectionFlag{false为Y方向：False}CurrentPos{21.68}AimPos{425}
2023-04-07 22:24:25,880 [AppLog] INFO : X方向运动开始：DEM_Run：返回值{True}nAxis{0}DirFlag{True}nSpeed{300000}MoveStep{403320}nCtlValue{2}
2023-04-07 22:24:27,768 [AppLog] INFO : X方向到位停止：DEM_StopAxisRun：返回值{True}CurrentPos{419.135}bImmeStop{False}nAxisMask{1}
2023-04-07 22:24:27,768 [AppLog] INFO : 准备读取编码器位置：Y方向！
2023-04-07 22:24:27,768 [AppLog] INFO : 准备运动，编码器当前位置：DEM_GetAxisEncodeVal：MoveDirectionFlag{false为Y方向：True}CurrentPos{68.935}AimPos{123}
2023-04-07 22:24:27,799 [AppLog] INFO : Y方向运动开始：DEM_Run：返回值{True}nAxis{1}DirFlag{True}nSpeed{300000}MoveStep{54065}nCtlValue{0}
2023-04-07 22:24:27,986 [AppLog] INFO : Y方向到位停止：DEM_StopAxisRun：返回值{True}CurrentPos{79.88}bImmeStop{False}nAxisMask{2}
2023-04-07 22:24:27,986 [AppLog] INFO : 获取打印Pass数据：IDP_GetPassItem2：nLayerIndex{8}nPassID{2}nProcState{3}LPPassDataItemb:PrtDir{False}nDataTxCompleteCnt{1}nHwMemAdrMatchMask{1}nLayerIndex{8}nLayerPassCount{6}nLayerPassIndex{2}nMinJet0ImgLinePos{2560}nPrtMemHwAddr{System.UInt32[]}nPrtDataOffset{System.UInt32[]}nSrcDataSize{System.UInt32[]}nPrtColBytes{System.UInt32[]}nPrtPrecession{8}nSrcEndCols{8000}nSrcStartCols{0}nStartEncPos{76472}nValidPassJets{1280}nValidPrtCols{8310}nValidPrtCtlCnts{1}pDataBuf{0}pNextItem{674104928}
2023-04-07 22:24:28,002 [AppLog] INFO : 使能Pass打印成功：IDP_DoPassPrint2：nLayerIndex{8}nPassID{2}
2023-04-07 22:24:28,002 [AppLog] INFO : PASS打印前关键状态：DEV_GetDeviceInfo2：nLayerIndex{8}nPassID{2}LPPRINTER_INFO:nXSysEncDPI{0}nStatus{0}nPrintStatus{0}bSuperDevice{0}
LPPRINTER_INFO-LPPrtRunInfo:bJobPrtRuning{False}bLayerPrtIsOver{False}nContReqMemErr{0}nContWDErr{0}nCurPrtDir{0}nDTLayerIndex{0}nDTLayerPassIndex{0}nDTPtrCtlIndex{0}nLayerPassCount{0}nPrintLayerIndex{0}nPrintPassIndex{0}nProcLayerIndex{0}nPrtDataMemAddr{0}nPrtState{0}nReverse{System.Int32[]}nRevPrtCols{0}
LPPRINTER_INFO-LPDRVINFO:nFMVersion{0}nFpgaVersion{0}nPCBVersion{0}nState{0}nNextState{0}nPtvwarnState{0}nCrc32{0}nRevInfo{System.UInt32[]}nSignature{0}
2023-04-07 22:24:28,002 [AppLog] INFO : 进入：EquipmentMotionLogic3=》准备创建对象-手动操作！
2023-04-07 22:24:28,002 [AppLog] INFO : 进入：EquipmentMotionLogic3=》不需重新创建-手动操作！
2023-04-07 22:24:28,002 [AppLog] INFO : 进入：EquipmentMotionLogic3=》赋值完成自-AutoPrintMotion2！
2023-04-07 22:24:28,002 [AppLog] INFO : 进入：EquipmentMotionLogic3=》加载配置文件-LoadJsonFile成功！
2023-04-07 22:24:28,002 [AppLog] INFO : 进入：AutoPrintThread2！
2023-04-07 22:24:28,002 [AppLog] INFO : 准备读取编码器位置：X方向！
2023-04-07 22:24:28,002 [AppLog] INFO : 准备运动，当前位置：DEV_GetPrintEncoderValue：MoveDirectionFlag{false为Y方向：False}CurrentPos{423.37}AimPos{25}
2023-04-07 22:24:28,049 [AppLog] INFO : X方向运动开始：DEM_Run：返回值{True}nAxis{0}DirFlag{False}nSpeed{300000}MoveStep{-398370}nCtlValue{2}
2023-04-07 22:24:29,921 [AppLog] INFO : X方向到位停止：DEM_StopAxisRun：返回值{True}CurrentPos{31.09}bImmeStop{False}nAxisMask{1}
2023-04-07 22:24:29,921 [AppLog] INFO : 准备读取编码器位置：Y方向！
2023-04-07 22:24:29,921 [AppLog] INFO : 准备运动，编码器当前位置：DEM_GetAxisEncodeVal：MoveDirectionFlag{false为Y方向：True}CurrentPos{122.85}AimPos{177}
2023-04-07 22:24:29,952 [AppLog] INFO : Y方向运动开始：DEM_Run：返回值{True}nAxis{1}DirFlag{True}nSpeed{300000}MoveStep{54150}nCtlValue{0}
2023-04-07 22:24:30,139 [AppLog] INFO : Y方向到位停止：DEM_StopAxisRun：返回值{True}CurrentPos{133.31}bImmeStop{False}nAxisMask{2}
2023-04-07 22:24:30,139 [AppLog] INFO : 获取打印Pass数据：IDP_GetPassItem2：nLayerIndex{8}nPassID{3}nProcState{3}LPPassDataItemb:PrtDir{True}nDataTxCompleteCnt{1}nHwMemAdrMatchMask{1}nLayerIndex{8}nLayerPassCount{6}nLayerPassIndex{3}nMinJet0ImgLinePos{3840}nPrtMemHwAddr{System.UInt32[]}nPrtDataOffset{System.UInt32[]}nSrcDataSize{System.UInt32[]}nPrtColBytes{System.UInt32[]}nPrtPrecession{8}nSrcEndCols{8000}nSrcStartCols{0}nStartEncPos{10000}nValidPassJets{1280}nValidPrtCols{8310}nValidPrtCtlCnts{1}pDataBuf{0}pNextItem{674105088}
2023-04-07 22:24:30,139 [AppLog] INFO : 使能Pass打印成功：IDP_DoPassPrint2：nLayerIndex{8}nPassID{3}
2023-04-07 22:24:30,155 [AppLog] INFO : PASS打印前关键状态：DEV_GetDeviceInfo2：nLayerIndex{8}nPassID{3}LPPRINTER_INFO:nXSysEncDPI{0}nStatus{0}nPrintStatus{0}bSuperDevice{0}
LPPRINTER_INFO-LPPrtRunInfo:bJobPrtRuning{False}bLayerPrtIsOver{False}nContReqMemErr{0}nContWDErr{0}nCurPrtDir{0}nDTLayerIndex{0}nDTLayerPassIndex{0}nDTPtrCtlIndex{0}nLayerPassCount{0}nPrintLayerIndex{0}nPrintPassIndex{0}nProcLayerIndex{0}nPrtDataMemAddr{0}nPrtState{0}nReverse{System.Int32[]}nRevPrtCols{0}
LPPRINTER_INFO-LPDRVINFO:nFMVersion{0}nFpgaVersion{0}nPCBVersion{0}nState{0}nNextState{0}nPtvwarnState{0}nCrc32{0}nRevInfo{System.UInt32[]}nSignature{0}
2023-04-07 22:24:30,155 [AppLog] INFO : 进入：EquipmentMotionLogic3=》准备创建对象-手动操作！
2023-04-07 22:24:30,155 [AppLog] INFO : 进入：EquipmentMotionLogic3=》不需重新创建-手动操作！
2023-04-07 22:24:30,155 [AppLog] INFO : 进入：EquipmentMotionLogic3=》赋值完成自-AutoPrintMotion2！
2023-04-07 22:24:30,155 [AppLog] INFO : 进入：EquipmentMotionLogic3=》加载配置文件-LoadJsonFile成功！
2023-04-07 22:24:30,155 [AppLog] INFO : 进入：AutoPrintThread2！
2023-04-07 22:24:30,155 [AppLog] INFO : 准备读取编码器位置：X方向！
2023-04-07 22:24:30,155 [AppLog] INFO : 准备运动，当前位置：DEV_GetPrintEncoderValue：MoveDirectionFlag{false为Y方向：False}CurrentPos{26.59}AimPos{425}
2023-04-07 22:24:30,186 [AppLog] INFO : X方向运动开始：DEM_Run：返回值{True}nAxis{0}DirFlag{True}nSpeed{300000}MoveStep{398410}nCtlValue{2}
2023-04-07 22:24:32,058 [AppLog] INFO : X方向到位停止：DEM_StopAxisRun：返回值{True}CurrentPos{418.685}bImmeStop{False}nAxisMask{1}
2023-04-07 22:24:32,058 [AppLog] INFO : 准备读取编码器位置：Y方向！
2023-04-07 22:24:32,058 [AppLog] INFO : 准备运动，编码器当前位置：DEM_GetAxisEncodeVal：MoveDirectionFlag{false为Y方向：True}CurrentPos{176.88}AimPos{231}
2023-04-07 22:24:32,089 [AppLog] INFO : Y方向运动开始：DEM_Run：返回值{True}nAxis{1}DirFlag{True}nSpeed{300000}MoveStep{54120}nCtlValue{0}
2023-04-07 22:24:32,292 [AppLog] INFO : Y方向到位停止：DEM_StopAxisRun：返回值{True}CurrentPos{191.77}bImmeStop{False}nAxisMask{2}
2023-04-07 22:24:32,292 [AppLog] INFO : 获取打印Pass数据：IDP_GetPassItem2：nLayerIndex{8}nPassID{4}nProcState{3}LPPassDataItemb:PrtDir{False}nDataTxCompleteCnt{1}nHwMemAdrMatchMask{1}nLayerIndex{8}nLayerPassCount{6}nLayerPassIndex{4}nMinJet0ImgLinePos{5120}nPrtMemHwAddr{System.UInt32[]}nPrtDataOffset{System.UInt32[]}nSrcDataSize{System.UInt32[]}nPrtColBytes{System.UInt32[]}nPrtPrecession{8}nSrcEndCols{8000}nSrcStartCols{0}nStartEncPos{76472}nValidPassJets{1280}nValidPrtCols{8310}nValidPrtCtlCnts{1}pDataBuf{0}pNextItem{674105248}
2023-04-07 22:24:32,307 [AppLog] INFO : 使能Pass打印成功：IDP_DoPassPrint2：nLayerIndex{8}nPassID{4}
2023-04-07 22:24:32,307 [AppLog] INFO : PASS打印前关键状态：DEV_GetDeviceInfo2：nLayerIndex{8}nPassID{4}LPPRINTER_INFO:nXSysEncDPI{0}nStatus{0}nPrintStatus{0}bSuperDevice{0}
LPPRINTER_INFO-LPPrtRunInfo:bJobPrtRuning{False}bLayerPrtIsOver{False}nContReqMemErr{0}nContWDErr{0}nCurPrtDir{0}nDTLayerIndex{0}nDTLayerPassIndex{0}nDTPtrCtlIndex{0}nLayerPassCount{0}nPrintLayerIndex{0}nPrintPassIndex{0}nProcLayerIndex{0}nPrtDataMemAddr{0}nPrtState{0}nReverse{System.Int32[]}nRevPrtCols{0}
LPPRINTER_INFO-LPDRVINFO:nFMVersion{0}nFpgaVersion{0}nPCBVersion{0}nState{0}nNextState{0}nPtvwarnState{0}nCrc32{0}nRevInfo{System.UInt32[]}nSignature{0}
2023-04-07 22:24:32,307 [AppLog] INFO : 进入：EquipmentMotionLogic3=》准备创建对象-手动操作！
2023-04-07 22:24:32,307 [AppLog] INFO : 进入：EquipmentMotionLogic3=》不需重新创建-手动操作！
2023-04-07 22:24:32,307 [AppLog] INFO : 进入：EquipmentMotionLogic3=》赋值完成自-AutoPrintMotion2！
2023-04-07 22:24:32,307 [AppLog] INFO : 进入：EquipmentMotionLogic3=》加载配置文件-LoadJsonFile成功！
2023-04-07 22:24:32,307 [AppLog] INFO : 进入：AutoPrintThread2！
2023-04-07 22:24:32,307 [AppLog] INFO : 准备读取编码器位置：X方向！
2023-04-07 22:24:32,307 [AppLog] INFO : 准备运动，当前位置：DEV_GetPrintEncoderValue：MoveDirectionFlag{false为Y方向：False}CurrentPos{423.41}AimPos{25}
2023-04-07 22:24:32,339 [AppLog] INFO : X方向运动开始：DEM_Run：返回值{True}nAxis{0}DirFlag{False}nSpeed{300000}MoveStep{-398410}nCtlValue{2}
2023-04-07 22:24:34,226 [AppLog] INFO : X方向到位停止：DEM_StopAxisRun：返回值{True}CurrentPos{30.41}bImmeStop{False}nAxisMask{1}
2023-04-07 22:24:34,226 [AppLog] INFO : 准备读取编码器位置：Y方向！
2023-04-07 22:24:34,226 [AppLog] INFO : 准备运动，编码器当前位置：DEM_GetAxisEncodeVal：MoveDirectionFlag{false为Y方向：True}CurrentPos{230.95}AimPos{285}
2023-04-07 22:24:34,257 [AppLog] INFO : Y方向运动开始：DEM_Run：返回值{True}nAxis{1}DirFlag{True}nSpeed{300000}MoveStep{54050}nCtlValue{0}
2023-04-07 22:24:34,445 [AppLog] INFO : Y方向到位停止：DEM_StopAxisRun：返回值{True}CurrentPos{241.32}bImmeStop{False}nAxisMask{2}
2023-04-07 22:24:34,445 [AppLog] INFO : 获取打印Pass数据：IDP_GetPassItem2：nLayerIndex{8}nPassID{5}nProcState{3}LPPassDataItemb:PrtDir{True}nDataTxCompleteCnt{1}nHwMemAdrMatchMask{1}nLayerIndex{8}nLayerPassCount{6}nLayerPassIndex{5}nMinJet0ImgLinePos{6400}nPrtMemHwAddr{System.UInt32[]}nPrtDataOffset{System.UInt32[]}nSrcDataSize{System.UInt32[]}nPrtColBytes{System.UInt32[]}nPrtPrecession{8}nSrcEndCols{8000}nSrcStartCols{0}nStartEncPos{10000}nValidPassJets{1280}nValidPrtCols{8310}nValidPrtCtlCnts{1}pDataBuf{0}pNextItem{0}
2023-04-07 22:24:34,445 [AppLog] INFO : 使能Pass打印成功：IDP_DoPassPrint2：nLayerIndex{8}nPassID{5}
2023-04-07 22:24:34,460 [AppLog] INFO : PASS打印前关键状态：DEV_GetDeviceInfo2：nLayerIndex{8}nPassID{5}LPPRINTER_INFO:nXSysEncDPI{0}nStatus{0}nPrintStatus{0}bSuperDevice{0}
LPPRINTER_INFO-LPPrtRunInfo:bJobPrtRuning{False}bLayerPrtIsOver{False}nContReqMemErr{0}nContWDErr{0}nCurPrtDir{0}nDTLayerIndex{0}nDTLayerPassIndex{0}nDTPtrCtlIndex{0}nLayerPassCount{0}nPrintLayerIndex{0}nPrintPassIndex{0}nProcLayerIndex{0}nPrtDataMemAddr{0}nPrtState{0}nReverse{System.Int32[]}nRevPrtCols{0}
LPPRINTER_INFO-LPDRVINFO:nFMVersion{0}nFpgaVersion{0}nPCBVersion{0}nState{0}nNextState{0}nPtvwarnState{0}nCrc32{0}nRevInfo{System.UInt32[]}nSignature{0}
2023-04-07 22:24:34,460 [AppLog] INFO : 进入：EquipmentMotionLogic3=》准备创建对象-手动操作！
2023-04-07 22:24:34,460 [AppLog] INFO : 进入：EquipmentMotionLogic3=》不需重新创建-手动操作！
2023-04-07 22:24:34,460 [AppLog] INFO : 进入：EquipmentMotionLogic3=》赋值完成自-AutoPrintMotion2！
2023-04-07 22:24:34,460 [AppLog] INFO : 进入：EquipmentMotionLogic3=》加载配置文件-LoadJsonFile成功！
2023-04-07 22:24:34,460 [AppLog] INFO : 进入：AutoPrintThread2！
2023-04-07 22:24:34,460 [AppLog] INFO : 准备读取编码器位置：X方向！
2023-04-07 22:24:34,460 [AppLog] INFO : 准备运动，当前位置：DEV_GetPrintEncoderValue：MoveDirectionFlag{false为Y方向：False}CurrentPos{26.59}AimPos{425}
2023-04-07 22:24:34,491 [AppLog] INFO : X方向运动开始：DEM_Run：返回值{True}nAxis{0}DirFlag{True}nSpeed{300000}MoveStep{398410}nCtlValue{2}
2023-04-07 22:24:36,363 [AppLog] INFO : X方向到位停止：DEM_StopAxisRun：返回值{True}CurrentPos{418.17}bImmeStop{False}nAxisMask{1}
2023-04-07 22:24:36,363 [AppLog] INFO : 准备读取编码器位置：X方向！
2023-04-07 22:24:36,363 [AppLog] INFO : 准备运动，当前位置：DEV_GetPrintEncoderValue：MoveDirectionFlag{false为Y方向：False}CurrentPos{418.285}AimPos{780}
2023-04-07 22:24:36,395 [AppLog] INFO : X方向运动开始：DEM_Run：返回值{True}nAxis{0}DirFlag{True}nSpeed{300000}MoveStep{361715}nCtlValue{2}
2023-04-07 22:24:36,395 [AppLog] INFO : 准备读取编码器位置：Y方向！
2023-04-07 22:24:36,395 [AppLog] INFO : 准备运动，编码器当前位置：DEM_GetAxisEncodeVal：MoveDirectionFlag{false为Y方向：True}CurrentPos{284.89}AimPos{121}
2023-04-07 22:24:36,426 [AppLog] INFO : Y方向运动开始：DEM_Run：返回值{True}nAxis{1}DirFlag{False}nSpeed{300000}MoveStep{-163890}nCtlValue{0}
2023-04-07 22:24:38,142 [AppLog] INFO : Y方向到位等停：DEM_StopAxisRun：返回值{True}bImmeStop{False}nAxisMask{1}
2023-04-07 22:24:38,142 [AppLog] INFO : X方向到位等停：DEM_StopAxisRun：返回值{True}bImmeStop{False}nAxisMask{2}
2023-04-07 22:24:38,157 [AppLog] INFO : 开启闪喷操作：IDP_FlashPrtCtl：返回值{True}
2023-04-07 22:24:38,157 [AppLog] INFO : 进入：EquipmentMotionLogic3=》准备创建对象-手动操作！
2023-04-07 22:24:38,157 [AppLog] INFO : 进入：EquipmentMotionLogic3=》不需重新创建-手动操作！
2023-04-07 22:24:38,157 [AppLog] INFO : 进入：EquipmentMotionLogic3=》赋值完成自-AutoPrintMotion2！
2023-04-07 22:24:38,157 [AppLog] INFO : 进入：EquipmentMotionLogic3=》加载配置文件-LoadJsonFile成功！
2023-04-07 22:24:38,157 [AppLog] INFO : 进入自动铺粉逻辑：NewAutoSupplyPowderThread2
2023-04-07 22:24:38,235 [AppLog] INFO : 手动正向点动指令（8轴运控板卡系统） ====》：输出AXIS{第1轴},点动量{-0.1MM},运动速度{2MM/s}
2023-04-07 22:24:38,235 [AppLog] INFO : 成形面高度下降层厚 TrapSpace{0.1mm}：TrapMoveUp(1, true, Convert.ToString(vel), Convert.ToString(TrapSpace), true, true）
2023-04-07 22:24:39,000 [AppLog] INFO : 手动正向点动指令（8轴运控板卡系统） ====》：输出AXIS{第1轴},点动量{-1.5MM},运动速度{2MM/s}
2023-04-07 22:24:39,000 [AppLog] INFO : 成形面高度下降指定厚度 TrapSpace{1.5mm}：TrapMoveUp(1, true, Convert.ToString(vel), Convert.ToString(TrapSpace), true, true）
2023-04-07 22:24:39,780 [AppLog] INFO : 手动正向点动指令（8轴运控板卡系统） ====》：输出AXIS{第1轴},点动量{1.5MM},运动速度{2MM/s}
2023-04-07 22:24:39,780 [AppLog] INFO : 成形面高度上升层厚 TrapSpace{1.5mm}：TrapMoveUp(1, true, Convert.ToString(vel), Convert.ToString(TrapSpace), true, true）
2023-04-07 22:24:39,998 [AppLog] INFO : 手动正向点动指令（8轴运控板卡系统） ====》：输出AXIS{第8轴},点动量{0.5MM},运动速度{2.5MM/s}
2023-04-07 22:24:39,998 [AppLog] INFO : Hopper落粉轴转2圈落粉，速度0.5rev/s：TrapMoveUp(8, true, 0.5, rotateNuM.ToString(), true, false)
2023-04-07 22:24:41,293 [AppLog] INFO : 手动正向点动指令（8轴运控板卡系统） ====》：输出AXIS{第2轴},点动量{258MM},运动速度{200MM/s}
2023-04-07 22:24:41,293 [AppLog] INFO : 开启铺粉车不等停运动至准备打印位置255mm，速度200mm/s：BackToStation2
2023-04-07 22:24:41,293 [AppLog] INFO : 手动正向点动指令（8轴运控板卡系统） ====》：输出AXIS{第2轴},点动量{440MM},运动速度{50MM/s}
2023-04-07 22:24:41,293 [AppLog] INFO : 开启铺粉车不等停运动至准备打印位置695mm，速度50mm/s：BackToStation2
2023-04-07 22:24:41,402 [AppLog] INFO : 打开IR灯：OpenIRLamp(true)
2023-04-07 22:24:41,402 [AppLog] INFO : 手动正向点动指令（8轴运控板卡系统） ====》：输出AXIS{第3轴},点动量{0.5MM},运动速度{0.0753424657534247MM/s}
2023-04-07 22:24:41,402 [AppLog] INFO : 开启均匀落粉及辊子铺平运动：TrapMoveUp(3, true, Convert.ToString(DispenseRollerSpeed), 0.5, true, true)
2023-04-07 22:24:46,503 [AppLog] INFO : 关闭IR灯：OpenIRLamp(false)
2023-04-07 22:24:48,859 [AppLog] INFO : 手动正向点动指令（8轴运控板卡系统） ====》：输出AXIS{第3轴},点动量{0.5MM},运动速度{2MM/s}
2023-04-07 22:24:48,859 [AppLog] INFO : 落粉轴继续转动以倒掉余粉：TrapMoveUp(3, true, 2, 0.5, true, false)
2023-04-07 22:24:50,871 [AppLog] INFO : 手动正向点动指令（8轴运控板卡系统） ====》：输出AXIS{第1轴},点动量{-1.5MM},运动速度{2MM/s}
2023-04-07 22:24:50,871 [AppLog] INFO : 成形面高度下降指定厚度 TrapSpace{1.5mm}：TrapMoveUp(1, true, Convert.ToString(vel), Convert.ToString(TrapSpace), true, true）
2023-04-07 22:24:54,366 [AppLog] INFO : 手动正向点动指令（8轴运控板卡系统） ====》：输出AXIS{第2轴},点动量{-698MM},运动速度{200MM/s}
2023-04-07 22:24:54,366 [AppLog] INFO : 铺粉车返回至站1：BackToStation2(AimPos, MovSpeed, true)：-3mm，速度200mm/s：BackToStation2
2023-04-07 22:24:54,756 [AppLog] INFO : 落粉轴回零成功：motionMap.SetBackSpreaderAxis(3, 0.5, 2, -SinkPosition)：ReturnCode{True}
2023-04-07 22:24:55,520 [AppLog] INFO : 手动正向点动指令（8轴运控板卡系统） ====》：输出AXIS{第1轴},点动量{1.5MM},运动速度{2MM/s}
2023-04-07 22:24:55,520 [AppLog] INFO : 成形面高度上升层厚 TrapSpace{1.5mm}：TrapMoveUp(1, true, Convert.ToString(vel), Convert.ToString(TrapSpace), true, true）
2023-04-07 22:24:55,520 [AppLog] INFO : 自动铺粉正常结束：NewAutoSupplyPowderThread2
2023-04-07 22:24:55,520 [AppLog] INFO : 发送监控指令，拍照记录1条：SendMessageFromSharedMemory
2023-04-07 22:24:55,520 [AppLog] INFO : 执行完成铺粉固化操作：EquipmentMotionLogic3：m_bApplyPowderSupplyMotion:0
2023-04-07 22:24:55,520 [AppLog] INFO : 接收到起始打印指令：PrintTaskTHREAD
2023-04-07 22:24:55,520 [AppLog] INFO : 获取打印Pass数据：IDP_GetPassItem2：nLayerIndex{9}nPassID{0}nProcState{3}LPPassDataItemb:PrtDir{False}nDataTxCompleteCnt{1}nHwMemAdrMatchMask{1}nLayerIndex{9}nLayerPassCount{6}nLayerPassIndex{0}nMinJet0ImgLinePos{0}nPrtMemHwAddr{System.UInt32[]}nPrtDataOffset{System.UInt32[]}nSrcDataSize{System.UInt32[]}nPrtColBytes{System.UInt32[]}nPrtPrecession{8}nSrcEndCols{8000}nSrcStartCols{0}nStartEncPos{76472}nValidPassJets{1280}nValidPrtCols{8310}nValidPrtCtlCnts{1}pDataBuf{0}pNextItem{674105568}
2023-04-07 22:24:55,536 [AppLog] INFO : 使能Pass打印成功：IDP_DoPassPrint2：nLayerIndex{9}nPassID{0}
2023-04-07 22:24:55,536 [AppLog] INFO : PASS打印前关键状态：DEV_GetDeviceInfo2：nLayerIndex{9}nPassID{0}LPPRINTER_INFO:nXSysEncDPI{0}nStatus{0}nPrintStatus{0}bSuperDevice{0}
LPPRINTER_INFO-LPPrtRunInfo:bJobPrtRuning{False}bLayerPrtIsOver{False}nContReqMemErr{0}nContWDErr{0}nCurPrtDir{0}nDTLayerIndex{0}nDTLayerPassIndex{0}nDTPtrCtlIndex{0}nLayerPassCount{0}nPrintLayerIndex{0}nPrintPassIndex{0}nProcLayerIndex{0}nPrtDataMemAddr{0}nPrtState{0}nReverse{System.Int32[]}nRevPrtCols{0}
LPPRINTER_INFO-LPDRVINFO:nFMVersion{0}nFpgaVersion{0}nPCBVersion{0}nState{0}nNextState{0}nPtvwarnState{0}nCrc32{0}nRevInfo{System.UInt32[]}nSignature{0}
2023-04-07 22:24:55,536 [AppLog] INFO : 进入：EquipmentMotionLogic3=》准备创建对象-手动操作！
2023-04-07 22:24:55,536 [AppLog] INFO : 进入：EquipmentMotionLogic3=》不需重新创建-手动操作！
2023-04-07 22:24:55,536 [AppLog] INFO : 进入：EquipmentMotionLogic3=》赋值完成自-AutoPrintMotion2！
2023-04-07 22:24:55,536 [AppLog] INFO : 进入：EquipmentMotionLogic3=》加载配置文件-LoadJsonFile成功！
2023-04-07 22:24:55,536 [AppLog] INFO : 进入自动清洗过程：AutoCleanThread
2023-04-07 22:24:56,519 [AppLog] INFO : 刮墨轴回零成功：motionMap.SetBackSpreaderAxis(4, 1, 2, -SinkPosition)
2023-04-07 22:24:56,519 [AppLog] INFO : 准备读取编码器位置：Y方向！
2023-04-07 22:24:56,519 [AppLog] INFO : 准备运动，编码器当前位置：DEM_GetAxisEncodeVal：MoveDirectionFlag{false为Y方向：True}CurrentPos{121.35}AimPos{121}
2023-04-07 22:24:56,550 [AppLog] INFO : Y方向运动开始：DEM_Run：返回值{True}nAxis{1}DirFlag{False}nSpeed{300000}MoveStep{-350.000000000009}nCtlValue{0}
2023-04-07 22:24:56,550 [AppLog] INFO : Y方向到位停止：DEM_StopAxisRun：返回值{True}CurrentPos{121.35}bImmeStop{False}nAxisMask{2}
2023-04-07 22:24:56,550 [AppLog] INFO : 准备读取编码器位置：X方向！
2023-04-07 22:24:56,550 [AppLog] INFO : 准备运动，当前位置：DEV_GetPrintEncoderValue：MoveDirectionFlag{false为Y方向：False}CurrentPos{785.105}AimPos{780}
2023-04-07 22:24:56,581 [AppLog] INFO : X方向运动开始：DEM_Run：返回值{True}nAxis{0}DirFlag{False}nSpeed{300000}MoveStep{-5105.00000000002}nCtlValue{2}
2023-04-07 22:24:56,940 [AppLog] INFO : X方向到位停止：DEM_StopAxisRun：返回值{True}CurrentPos{780.365}bImmeStop{False}nAxisMask{1}
2023-04-07 22:24:57,767 [AppLog] INFO : 开启压墨： motionMap.SetDo(13, true)
2023-04-07 22:25:01,776 [AppLog] INFO : 关闭压墨： motionMap.SetDo(13, true)
2023-04-07 22:25:01,776 [AppLog] INFO : 准备读取编码器位置：X方向！
2023-04-07 22:25:01,776 [AppLog] INFO : 准备运动，当前位置：DEV_GetPrintEncoderValue：MoveDirectionFlag{false为Y方向：False}CurrentPos{780.35}AimPos{680}
2023-04-07 22:25:01,807 [AppLog] INFO : X方向运动开始：DEM_Run：返回值{True}nAxis{0}DirFlag{False}nSpeed{50000}MoveStep{-100350}nCtlValue{2}
2023-04-07 22:25:03,866 [AppLog] INFO : X方向到位停止：DEM_StopAxisRun：返回值{True}CurrentPos{683.72}bImmeStop{False}nAxisMask{1}
2023-04-07 22:25:04,693 [AppLog] INFO : 结束自动清洗过程：AutoCleanThread
2023-04-07 22:25:04,693 [AppLog] INFO : 进入：EquipmentMotionLogic3=》准备创建对象-手动操作！
2023-04-07 22:25:04,693 [AppLog] INFO : 进入：EquipmentMotionLogic3=》不需重新创建-手动操作！
2023-04-07 22:25:04,693 [AppLog] INFO : 进入：EquipmentMotionLogic3=》赋值完成自-AutoPrintMotion2！
2023-04-07 22:25:04,693 [AppLog] INFO : 进入：EquipmentMotionLogic3=》加载配置文件-LoadJsonFile成功！
2023-04-07 22:25:04,693 [AppLog] INFO : 进入：AutoPrintThread2！
2023-04-07 22:25:04,693 [AppLog] INFO : 关闭闪喷操作：IDP_FlashPrtCtl：返回值{True}
2023-04-07 22:25:04,693 [AppLog] INFO : 准备读取编码器位置：Y方向！
2023-04-07 22:25:04,693 [AppLog] INFO : 准备运动，编码器当前位置：DEM_GetAxisEncodeVal：MoveDirectionFlag{false为Y方向：True}CurrentPos{120.985}AimPos{15}
2023-04-07 22:25:04,724 [AppLog] INFO : Y方向运动开始：DEM_Run：返回值{True}nAxis{1}DirFlag{False}nSpeed{300000}MoveStep{-105985}nCtlValue{0}
2023-04-07 22:25:04,724 [AppLog] INFO : 准备读取编码器位置：X方向！
2023-04-07 22:25:04,724 [AppLog] INFO : 准备运动，当前位置：DEV_GetPrintEncoderValue：MoveDirectionFlag{false为Y方向：False}CurrentPos{680.315}AimPos{425}
2023-04-07 22:25:04,755 [AppLog] INFO : X方向运动开始：DEM_Run：返回值{True}nAxis{0}DirFlag{False}nSpeed{300000}MoveStep{-255315}nCtlValue{2}
2023-04-07 22:25:06,159 [AppLog] INFO : X方向到位停止：DEM_StopAxisRun：返回值{True}CurrentPos{429.36}bImmeStop{False}nAxisMask{1}
2023-04-07 22:25:06,159 [AppLog] INFO : 准备读取编码器位置：X方向！
2023-04-07 22:25:06,159 [AppLog] INFO : 准备运动，当前位置：DEV_GetPrintEncoderValue：MoveDirectionFlag{false为Y方向：False}CurrentPos{429.185}AimPos{25}
2023-04-07 22:25:06,191 [AppLog] INFO : X方向运动开始：DEM_Run：返回值{True}nAxis{0}DirFlag{False}nSpeed{300000}MoveStep{-404185}nCtlValue{2}
2023-04-07 22:25:08,094 [AppLog] INFO : X方向到位停止：DEM_StopAxisRun：返回值{True}CurrentPos{25.3}bImmeStop{False}nAxisMask{1}
2023-04-07 22:25:08,094 [AppLog] INFO : 准备读取编码器位置：Y方向！
2023-04-07 22:25:08,094 [AppLog] INFO : 准备运动，编码器当前位置：DEM_GetAxisEncodeVal：MoveDirectionFlag{false为Y方向：True}CurrentPos{15.16}AimPos{69}
2023-04-07 22:25:08,125 [AppLog] INFO : Y方向运动开始：DEM_Run：返回值{True}nAxis{1}DirFlag{True}nSpeed{300000}MoveStep{53840}nCtlValue{0}
2023-04-07 22:25:08,312 [AppLog] INFO : Y方向到位停止：DEM_StopAxisRun：返回值{True}CurrentPos{26.115}bImmeStop{False}nAxisMask{2}
2023-04-07 22:25:08,312 [AppLog] INFO : 获取打印Pass数据：IDP_GetPassItem2：nLayerIndex{9}nPassID{1}nProcState{3}LPPassDataItemb:PrtDir{True}nDataTxCompleteCnt{1}nHwMemAdrMatchMask{1}nLayerIndex{9}nLayerPassCount{6}nLayerPassIndex{1}nMinJet0ImgLinePos{1280}nPrtMemHwAddr{System.UInt32[]}nPrtDataOffset{System.UInt32[]}nSrcDataSize{System.UInt32[]}nPrtColBytes{System.UInt32[]}nPrtPrecession{8}nSrcEndCols{8000}nSrcStartCols{0}nStartEncPos{10000}nValidPassJets{1280}nValidPrtCols{8310}nValidPrtCtlCnts{1}pDataBuf{0}pNextItem{674105728}
2023-04-07 22:25:08,328 [AppLog] INFO : 使能Pass打印成功：IDP_DoPassPrint2：nLayerIndex{9}nPassID{1}
2023-04-07 22:25:08,328 [AppLog] INFO : PASS打印前关键状态：DEV_GetDeviceInfo2：nLayerIndex{9}nPassID{1}LPPRINTER_INFO:nXSysEncDPI{0}nStatus{0}nPrintStatus{0}bSuperDevice{0}
LPPRINTER_INFO-LPPrtRunInfo:bJobPrtRuning{False}bLayerPrtIsOver{False}nContReqMemErr{0}nContWDErr{0}nCurPrtDir{0}nDTLayerIndex{0}nDTLayerPassIndex{0}nDTPtrCtlIndex{0}nLayerPassCount{0}nPrintLayerIndex{0}nPrintPassIndex{0}nProcLayerIndex{0}nPrtDataMemAddr{0}nPrtState{0}nReverse{System.Int32[]}nRevPrtCols{0}
LPPRINTER_INFO-LPDRVINFO:nFMVersion{0}nFpgaVersion{0}nPCBVersion{0}nState{0}nNextState{0}nPtvwarnState{0}nCrc32{0}nRevInfo{System.UInt32[]}nSignature{0}
2023-04-07 22:25:08,328 [AppLog] INFO : 进入：EquipmentMotionLogic3=》准备创建对象-手动操作！
2023-04-07 22:25:08,328 [AppLog] INFO : 进入：EquipmentMotionLogic3=》不需重新创建-手动操作！
2023-04-07 22:25:08,328 [AppLog] INFO : 进入：EquipmentMotionLogic3=》赋值完成自-AutoPrintMotion2！
2023-04-07 22:25:08,328 [AppLog] INFO : 进入：EquipmentMotionLogic3=》加载配置文件-LoadJsonFile成功！
2023-04-07 22:25:08,328 [AppLog] INFO : 进入：AutoPrintThread2！
2023-04-07 22:25:08,328 [AppLog] INFO : 准备读取编码器位置：X方向！
2023-04-07 22:25:08,328 [AppLog] INFO : 准备运动，当前位置：DEV_GetPrintEncoderValue：MoveDirectionFlag{false为Y方向：False}CurrentPos{21.805}AimPos{425}
2023-04-07 22:25:08,359 [AppLog] INFO : X方向运动开始：DEM_Run：返回值{True}nAxis{0}DirFlag{True}nSpeed{300000}MoveStep{403195}nCtlValue{2}
2023-04-07 22:25:10,262 [AppLog] INFO : X方向到位停止：DEM_StopAxisRun：返回值{True}CurrentPos{419.755}bImmeStop{False}nAxisMask{1}
2023-04-07 22:25:10,262 [AppLog] INFO : 准备读取编码器位置：Y方向！
2023-04-07 22:25:10,278 [AppLog] INFO : 准备运动，编码器当前位置：DEM_GetAxisEncodeVal：MoveDirectionFlag{false为Y方向：True}CurrentPos{68.955}AimPos{123}
2023-04-07 22:25:10,309 [AppLog] INFO : Y方向运动开始：DEM_Run：返回值{True}nAxis{1}DirFlag{True}nSpeed{300000}MoveStep{54045}nCtlValue{0}
2023-04-07 22:25:10,512 [AppLog] INFO : Y方向到位停止：DEM_StopAxisRun：返回值{True}CurrentPos{82.17}bImmeStop{False}nAxisMask{2}
2023-04-07 22:25:10,512 [AppLog] INFO : 获取打印Pass数据：IDP_GetPassItem2：nLayerIndex{9}nPassID{2}nProcState{3}LPPassDataItemb:PrtDir{False}nDataTxCompleteCnt{1}nHwMemAdrMatchMask{1}nLayerIndex{9}nLayerPassCount{6}nLayerPassIndex{2}nMinJet0ImgLinePos{2560}nPrtMemHwAddr{System.UInt32[]}nPrtDataOffset{System.UInt32[]}nSrcDataSize{System.UInt32[]}nPrtColBytes{System.UInt32[]}nPrtPrecession{8}nSrcEndCols{8000}nSrcStartCols{0}nStartEncPos{76472}nValidPassJets{1280}nValidPrtCols{8310}nValidPrtCtlCnts{1}pDataBuf{0}pNextItem{674105888}
2023-04-07 22:25:10,543 [AppLog] INFO : 使能Pass打印成功：IDP_DoPassPrint2：nLayerIndex{9}nPassID{2}
2023-04-07 22:25:10,543 [AppLog] INFO : PASS打印前关键状态：DEV_GetDeviceInfo2：nLayerIndex{9}nPassID{2}LPPRINTER_INFO:nXSysEncDPI{0}nStatus{0}nPrintStatus{0}bSuperDevice{0}
LPPRINTER_INFO-LPPrtRunInfo:bJobPrtRuning{False}bLayerPrtIsOver{False}nContReqMemErr{0}nContWDErr{0}nCurPrtDir{0}nDTLayerIndex{0}nDTLayerPassIndex{0}nDTPtrCtlIndex{0}nLayerPassCount{0}nPrintLayerIndex{0}nPrintPassIndex{0}nProcLayerIndex{0}nPrtDataMemAddr{0}nPrtState{0}nReverse{System.Int32[]}nRevPrtCols{0}
LPPRINTER_INFO-LPDRVINFO:nFMVersion{0}nFpgaVersion{0}nPCBVersion{0}nState{0}nNextState{0}nPtvwarnState{0}nCrc32{0}nRevInfo{System.UInt32[]}nSignature{0}
2023-04-07 22:25:10,543 [AppLog] INFO : 进入：EquipmentMotionLogic3=》准备创建对象-手动操作！
2023-04-07 22:25:10,543 [AppLog] INFO : 进入：EquipmentMotionLogic3=》不需重新创建-手动操作！
2023-04-07 22:25:10,543 [AppLog] INFO : 进入：EquipmentMotionLogic3=》赋值完成自-AutoPrintMotion2！
2023-04-07 22:25:10,543 [AppLog] INFO : 进入：EquipmentMotionLogic3=》加载配置文件-LoadJsonFile成功！
2023-04-07 22:25:10,543 [AppLog] INFO : 进入：AutoPrintThread2！
2023-04-07 22:25:10,543 [AppLog] INFO : 准备读取编码器位置：X方向！
2023-04-07 22:25:10,543 [AppLog] INFO : 准备运动，当前位置：DEV_GetPrintEncoderValue：MoveDirectionFlag{false为Y方向：False}CurrentPos{423.36}AimPos{25}
2023-04-07 22:25:10,590 [AppLog] INFO : X方向运动开始：DEM_Run：返回值{True}nAxis{0}DirFlag{False}nSpeed{300000}MoveStep{-398360}nCtlValue{2}
2023-04-07 22:25:12,462 [AppLog] INFO : X方向到位停止：DEM_StopAxisRun：返回值{True}CurrentPos{30.715}bImmeStop{False}nAxisMask{1}
2023-04-07 22:25:12,462 [AppLog] INFO : 准备读取编码器位置：Y方向！
2023-04-07 22:25:12,462 [AppLog] INFO : 准备运动，编码器当前位置：DEM_GetAxisEncodeVal：MoveDirectionFlag{false为Y方向：True}CurrentPos{122.81}AimPos{177}
2023-04-07 22:25:12,493 [AppLog] INFO : Y方向运动开始：DEM_Run：返回值{True}nAxis{1}DirFlag{True}nSpeed{300000}MoveStep{54190}nCtlValue{0}
2023-04-07 22:25:12,680 [AppLog] INFO : Y方向到位停止：DEM_StopAxisRun：返回值{True}CurrentPos{133.31}bImmeStop{False}nAxisMask{2}
2023-04-07 22:25:12,680 [AppLog] INFO : 获取打印Pass数据：IDP_GetPassItem2：nLayerIndex{9}nPassID{3}nProcState{3}LPPassDataItemb:PrtDir{True}nDataTxCompleteCnt{1}nHwMemAdrMatchMask{1}nLayerIndex{9}nLayerPassCount{6}nLayerPassIndex{3}nMinJet0ImgLinePos{3840}nPrtMemHwAddr{System.UInt32[]}nPrtDataOffset{System.UInt32[]}nSrcDataSize{System.UInt32[]}nPrtColBytes{System.UInt32[]}nPrtPrecession{8}nSrcEndCols{8000}nSrcStartCols{0}nStartEncPos{10000}nValidPassJets{1280}nValidPrtCols{8310}nValidPrtCtlCnts{1}pDataBuf{0}pNextItem{674106048}
2023-04-07 22:25:12,680 [AppLog] INFO : 使能Pass打印成功：IDP_DoPassPrint2：nLayerIndex{9}nPassID{3}
2023-04-07 22:25:12,696 [AppLog] INFO : PASS打印前关键状态：DEV_GetDeviceInfo2：nLayerIndex{9}nPassID{3}LPPRINTER_INFO:nXSysEncDPI{0}nStatus{0}nPrintStatus{0}bSuperDevice{0}
LPPRINTER_INFO-LPPrtRunInfo:bJobPrtRuning{False}bLayerPrtIsOver{False}nContReqMemErr{0}nContWDErr{0}nCurPrtDir{0}nDTLayerIndex{0}nDTLayerPassIndex{0}nDTPtrCtlIndex{0}nLayerPassCount{0}nPrintLayerIndex{0}nPrintPassIndex{0}nProcLayerIndex{0}nPrtDataMemAddr{0}nPrtState{0}nReverse{System.Int32[]}nRevPrtCols{0}
LPPRINTER_INFO-LPDRVINFO:nFMVersion{0}nFpgaVersion{0}nPCBVersion{0}nState{0}nNextState{0}nPtvwarnState{0}nCrc32{0}nRevInfo{System.UInt32[]}nSignature{0}
2023-04-07 22:25:12,696 [AppLog] INFO : 进入：EquipmentMotionLogic3=》准备创建对象-手动操作！
2023-04-07 22:25:12,696 [AppLog] INFO : 进入：EquipmentMotionLogic3=》不需重新创建-手动操作！
2023-04-07 22:25:12,696 [AppLog] INFO : 进入：EquipmentMotionLogic3=》赋值完成自-AutoPrintMotion2！
2023-04-07 22:25:12,696 [AppLog] INFO : 进入：EquipmentMotionLogic3=》加载配置文件-LoadJsonFile成功！
2023-04-07 22:25:12,696 [AppLog] INFO : 进入：AutoPrintThread2！
2023-04-07 22:25:12,696 [AppLog] INFO : 准备读取编码器位置：X方向！
2023-04-07 22:25:12,696 [AppLog] INFO : 准备运动，当前位置：DEV_GetPrintEncoderValue：MoveDirectionFlag{false为Y方向：False}CurrentPos{26.58}AimPos{425}
2023-04-07 22:25:12,727 [AppLog] INFO : X方向运动开始：DEM_Run：返回值{True}nAxis{0}DirFlag{True}nSpeed{300000}MoveStep{398420}nCtlValue{2}
2023-04-07 22:25:14,599 [AppLog] INFO : X方向到位停止：DEM_StopAxisRun：返回值{True}CurrentPos{418.755}bImmeStop{False}nAxisMask{1}
2023-04-07 22:25:14,599 [AppLog] INFO : 准备读取编码器位置：Y方向！
2023-04-07 22:25:14,599 [AppLog] INFO : 准备运动，编码器当前位置：DEM_GetAxisEncodeVal：MoveDirectionFlag{false为Y方向：True}CurrentPos{176.915}AimPos{231}
2023-04-07 22:25:14,630 [AppLog] INFO : Y方向运动开始：DEM_Run：返回值{True}nAxis{1}DirFlag{True}nSpeed{300000}MoveStep{54085}nCtlValue{0}
2023-04-07 22:25:14,849 [AppLog] INFO : Y方向到位停止：DEM_StopAxisRun：返回值{True}CurrentPos{193.95}bImmeStop{False}nAxisMask{2}
2023-04-07 22:25:14,849 [AppLog] INFO : 获取打印Pass数据：IDP_GetPassItem2：nLayerIndex{9}nPassID{4}nProcState{3}LPPassDataItemb:PrtDir{False}nDataTxCompleteCnt{1}nHwMemAdrMatchMask{1}nLayerIndex{9}nLayerPassCount{6}nLayerPassIndex{4}nMinJet0ImgLinePos{5120}nPrtMemHwAddr{System.UInt32[]}nPrtDataOffset{System.UInt32[]}nSrcDataSize{System.UInt32[]}nPrtColBytes{System.UInt32[]}nPrtPrecession{8}nSrcEndCols{8000}nSrcStartCols{0}nStartEncPos{76472}nValidPassJets{1280}nValidPrtCols{8310}nValidPrtCtlCnts{1}pDataBuf{0}pNextItem{674106208}
2023-04-07 22:25:14,864 [AppLog] INFO : 使能Pass打印成功：IDP_DoPassPrint2：nLayerIndex{9}nPassID{4}
2023-04-07 22:25:14,864 [AppLog] INFO : PASS打印前关键状态：DEV_GetDeviceInfo2：nLayerIndex{9}nPassID{4}LPPRINTER_INFO:nXSysEncDPI{0}nStatus{0}nPrintStatus{0}bSuperDevice{0}
LPPRINTER_INFO-LPPrtRunInfo:bJobPrtRuning{False}bLayerPrtIsOver{False}nContReqMemErr{0}nContWDErr{0}nCurPrtDir{0}nDTLayerIndex{0}nDTLayerPassIndex{0}nDTPtrCtlIndex{0}nLayerPassCount{0}nPrintLayerIndex{0}nPrintPassIndex{0}nProcLayerIndex{0}nPrtDataMemAddr{0}nPrtState{0}nReverse{System.Int32[]}nRevPrtCols{0}
LPPRINTER_INFO-LPDRVINFO:nFMVersion{0}nFpgaVersion{0}nPCBVersion{0}nState{0}nNextState{0}nPtvwarnState{0}nCrc32{0}nRevInfo{System.UInt32[]}nSignature{0}
2023-04-07 22:25:14,864 [AppLog] INFO : 进入：EquipmentMotionLogic3=》准备创建对象-手动操作！
2023-04-07 22:25:14,864 [AppLog] INFO : 进入：EquipmentMotionLogic3=》不需重新创建-手动操作！
2023-04-07 22:25:14,864 [AppLog] INFO : 进入：EquipmentMotionLogic3=》赋值完成自-AutoPrintMotion2！
2023-04-07 22:25:14,864 [AppLog] INFO : 进入：EquipmentMotionLogic3=》加载配置文件-LoadJsonFile成功！
2023-04-07 22:25:14,864 [AppLog] INFO : 进入：AutoPrintThread2！
2023-04-07 22:25:14,864 [AppLog] INFO : 准备读取编码器位置：X方向！
2023-04-07 22:25:14,864 [AppLog] INFO : 准备运动，当前位置：DEV_GetPrintEncoderValue：MoveDirectionFlag{false为Y方向：False}CurrentPos{423.425}AimPos{25}
2023-04-07 22:25:14,895 [AppLog] INFO : X方向运动开始：DEM_Run：返回值{True}nAxis{0}DirFlag{False}nSpeed{300000}MoveStep{-398425}nCtlValue{2}
2023-04-07 22:25:16,783 [AppLog] INFO : X方向到位停止：DEM_StopAxisRun：返回值{True}CurrentPos{30.275}bImmeStop{False}nAxisMask{1}
2023-04-07 22:25:16,783 [AppLog] INFO : 准备读取编码器位置：Y方向！
2023-04-07 22:25:16,783 [AppLog] INFO : 准备运动，编码器当前位置：DEM_GetAxisEncodeVal：MoveDirectionFlag{false为Y方向：True}CurrentPos{230.915}AimPos{285}
2023-04-07 22:25:16,814 [AppLog] INFO : Y方向运动开始：DEM_Run：返回值{True}nAxis{1}DirFlag{True}nSpeed{300000}MoveStep{54085}nCtlValue{0}
2023-04-07 22:25:17,001 [AppLog] INFO : Y方向到位停止：DEM_StopAxisRun：返回值{True}CurrentPos{241.365}bImmeStop{False}nAxisMask{2}
2023-04-07 22:25:17,001 [AppLog] INFO : 获取打印Pass数据：IDP_GetPassItem2：nLayerIndex{9}nPassID{5}nProcState{3}LPPassDataItemb:PrtDir{True}nDataTxCompleteCnt{1}nHwMemAdrMatchMask{1}nLayerIndex{9}nLayerPassCount{6}nLayerPassIndex{5}nMinJet0ImgLinePos{6400}nPrtMemHwAddr{System.UInt32[]}nPrtDataOffset{System.UInt32[]}nSrcDataSize{System.UInt32[]}nPrtColBytes{System.UInt32[]}nPrtPrecession{8}nSrcEndCols{8000}nSrcStartCols{0}nStartEncPos{10000}nValidPassJets{1280}nValidPrtCols{8310}nValidPrtCtlCnts{1}pDataBuf{0}pNextItem{0}
2023-04-07 22:25:17,017 [AppLog] INFO : 使能Pass打印成功：IDP_DoPassPrint2：nLayerIndex{9}nPassID{5}
2023-04-07 22:25:17,017 [AppLog] INFO : PASS打印前关键状态：DEV_GetDeviceInfo2：nLayerIndex{9}nPassID{5}LPPRINTER_INFO:nXSysEncDPI{0}nStatus{0}nPrintStatus{0}bSuperDevice{0}
LPPRINTER_INFO-LPPrtRunInfo:bJobPrtRuning{False}bLayerPrtIsOver{False}nContReqMemErr{0}nContWDErr{0}nCurPrtDir{0}nDTLayerIndex{0}nDTLayerPassIndex{0}nDTPtrCtlIndex{0}nLayerPassCount{0}nPrintLayerIndex{0}nPrintPassIndex{0}nProcLayerIndex{0}nPrtDataMemAddr{0}nPrtState{0}nReverse{System.Int32[]}nRevPrtCols{0}
LPPRINTER_INFO-LPDRVINFO:nFMVersion{0}nFpgaVersion{0}nPCBVersion{0}nState{0}nNextState{0}nPtvwarnState{0}nCrc32{0}nRevInfo{System.UInt32[]}nSignature{0}
2023-04-07 22:25:17,017 [AppLog] INFO : 进入：EquipmentMotionLogic3=》准备创建对象-手动操作！
2023-04-07 22:25:17,017 [AppLog] INFO : 进入：EquipmentMotionLogic3=》不需重新创建-手动操作！
2023-04-07 22:25:17,017 [AppLog] INFO : 进入：EquipmentMotionLogic3=》赋值完成自-AutoPrintMotion2！
2023-04-07 22:25:17,017 [AppLog] INFO : 进入：EquipmentMotionLogic3=》加载配置文件-LoadJsonFile成功！
2023-04-07 22:25:17,017 [AppLog] INFO : 进入：AutoPrintThread2！
2023-04-07 22:25:17,017 [AppLog] INFO : 准备读取编码器位置：X方向！
2023-04-07 22:25:17,017 [AppLog] INFO : 准备运动，当前位置：DEV_GetPrintEncoderValue：MoveDirectionFlag{false为Y方向：False}CurrentPos{26.58}AimPos{425}
2023-04-07 22:25:17,048 [AppLog] INFO : X方向运动开始：DEM_Run：返回值{True}nAxis{0}DirFlag{True}nSpeed{300000}MoveStep{398420}nCtlValue{2}
2023-04-07 22:25:18,920 [AppLog] INFO : X方向到位停止：DEM_StopAxisRun：返回值{True}CurrentPos{418.18}bImmeStop{False}nAxisMask{1}
2023-04-07 22:25:18,920 [AppLog] INFO : 准备读取编码器位置：X方向！
2023-04-07 22:25:18,920 [AppLog] INFO : 准备运动，当前位置：DEV_GetPrintEncoderValue：MoveDirectionFlag{false为Y方向：False}CurrentPos{418.285}AimPos{780}
2023-04-07 22:25:18,951 [AppLog] INFO : X方向运动开始：DEM_Run：返回值{True}nAxis{0}DirFlag{True}nSpeed{300000}MoveStep{361715}nCtlValue{2}
2023-04-07 22:25:18,951 [AppLog] INFO : 准备读取编码器位置：Y方向！
2023-04-07 22:25:18,951 [AppLog] INFO : 准备运动，编码器当前位置：DEM_GetAxisEncodeVal：MoveDirectionFlag{false为Y方向：True}CurrentPos{284.9}AimPos{121}
2023-04-07 22:25:18,983 [AppLog] INFO : Y方向运动开始：DEM_Run：返回值{True}nAxis{1}DirFlag{False}nSpeed{300000}MoveStep{-163900}nCtlValue{0}
2023-04-07 22:25:20,699 [AppLog] INFO : Y方向到位等停：DEM_StopAxisRun：返回值{True}bImmeStop{False}nAxisMask{1}
2023-04-07 22:25:20,699 [AppLog] INFO : X方向到位等停：DEM_StopAxisRun：返回值{True}bImmeStop{False}nAxisMask{2}
2023-04-07 22:25:20,714 [AppLog] INFO : 开启闪喷操作：IDP_FlashPrtCtl：返回值{True}
2023-04-07 22:25:20,714 [AppLog] INFO : 进入：EquipmentMotionLogic3=》准备创建对象-手动操作！
2023-04-07 22:25:20,714 [AppLog] INFO : 进入：EquipmentMotionLogic3=》不需重新创建-手动操作！
2023-04-07 22:25:20,714 [AppLog] INFO : 进入：EquipmentMotionLogic3=》赋值完成自-AutoPrintMotion2！
2023-04-07 22:25:20,714 [AppLog] INFO : 进入：EquipmentMotionLogic3=》加载配置文件-LoadJsonFile成功！
2023-04-07 22:25:20,714 [AppLog] INFO : 进入自动铺粉逻辑：NewAutoSupplyPowderThread2
2023-04-07 22:25:20,792 [AppLog] INFO : 手动正向点动指令（8轴运控板卡系统） ====》：输出AXIS{第1轴},点动量{-0.1MM},运动速度{2MM/s}
2023-04-07 22:25:20,792 [AppLog] INFO : 成形面高度下降层厚 TrapSpace{0.1mm}：TrapMoveUp(1, true, Convert.ToString(vel), Convert.ToString(TrapSpace), true, true）
2023-04-07 22:25:21,557 [AppLog] INFO : 手动正向点动指令（8轴运控板卡系统） ====》：输出AXIS{第1轴},点动量{-1.5MM},运动速度{2MM/s}
2023-04-07 22:25:21,557 [AppLog] INFO : 成形面高度下降指定厚度 TrapSpace{1.5mm}：TrapMoveUp(1, true, Convert.ToString(vel), Convert.ToString(TrapSpace), true, true）
2023-04-07 22:25:22,337 [AppLog] INFO : 手动正向点动指令（8轴运控板卡系统） ====》：输出AXIS{第1轴},点动量{1.5MM},运动速度{2MM/s}
2023-04-07 22:25:22,337 [AppLog] INFO : 成形面高度上升层厚 TrapSpace{1.5mm}：TrapMoveUp(1, true, Convert.ToString(vel), Convert.ToString(TrapSpace), true, true）
2023-04-07 22:25:22,555 [AppLog] INFO : 手动正向点动指令（8轴运控板卡系统） ====》：输出AXIS{第8轴},点动量{0.5MM},运动速度{2.5MM/s}
2023-04-07 22:25:22,555 [AppLog] INFO : Hopper落粉轴转2圈落粉，速度0.5rev/s：TrapMoveUp(8, true, 0.5, rotateNuM.ToString(), true, false)
2023-04-07 22:25:23,850 [AppLog] INFO : 手动正向点动指令（8轴运控板卡系统） ====》：输出AXIS{第2轴},点动量{258MM},运动速度{200MM/s}
2023-04-07 22:25:23,850 [AppLog] INFO : 开启铺粉车不等停运动至准备打印位置255mm，速度200mm/s：BackToStation2
2023-04-07 22:25:23,850 [AppLog] INFO : 手动正向点动指令（8轴运控板卡系统） ====》：输出AXIS{第2轴},点动量{440MM},运动速度{50MM/s}
2023-04-07 22:25:23,850 [AppLog] INFO : 开启铺粉车不等停运动至准备打印位置695mm，速度50mm/s：BackToStation2
2023-04-07 22:25:23,959 [AppLog] INFO : 打开IR灯：OpenIRLamp(true)
2023-04-07 22:25:23,959 [AppLog] INFO : 手动正向点动指令（8轴运控板卡系统） ====》：输出AXIS{第3轴},点动量{0.5MM},运动速度{0.0753424657534247MM/s}
2023-04-07 22:25:23,959 [AppLog] INFO : 开启均匀落粉及辊子铺平运动：TrapMoveUp(3, true, Convert.ToString(DispenseRollerSpeed), 0.5, true, true)
2023-04-07 22:25:29,060 [AppLog] INFO : 关闭IR灯：OpenIRLamp(false)
2023-04-07 22:25:31,416 [AppLog] INFO : 手动正向点动指令（8轴运控板卡系统） ====》：输出AXIS{第3轴},点动量{0.5MM},运动速度{2MM/s}
2023-04-07 22:25:31,416 [AppLog] INFO : 落粉轴继续转动以倒掉余粉：TrapMoveUp(3, true, 2, 0.5, true, false)
2023-04-07 22:25:33,428 [AppLog] INFO : 手动正向点动指令（8轴运控板卡系统） ====》：输出AXIS{第1轴},点动量{-1.5MM},运动速度{2MM/s}
2023-04-07 22:25:33,428 [AppLog] INFO : 成形面高度下降指定厚度 TrapSpace{1.5mm}：TrapMoveUp(1, true, Convert.ToString(vel), Convert.ToString(TrapSpace), true, true）
2023-04-07 22:25:36,923 [AppLog] INFO : 手动正向点动指令（8轴运控板卡系统） ====》：输出AXIS{第2轴},点动量{-698MM},运动速度{200MM/s}
2023-04-07 22:25:36,923 [AppLog] INFO : 铺粉车返回至站1：BackToStation2(AimPos, MovSpeed, true)：-3mm，速度200mm/s：BackToStation2
2023-04-07 22:25:37,313 [AppLog] INFO : 落粉轴回零成功：motionMap.SetBackSpreaderAxis(3, 0.5, 2, -SinkPosition)：ReturnCode{True}
2023-04-07 22:25:38,077 [AppLog] INFO : 手动正向点动指令（8轴运控板卡系统） ====》：输出AXIS{第1轴},点动量{1.5MM},运动速度{2MM/s}
2023-04-07 22:25:38,077 [AppLog] INFO : 成形面高度上升层厚 TrapSpace{1.5mm}：TrapMoveUp(1, true, Convert.ToString(vel), Convert.ToString(TrapSpace), true, true）
2023-04-07 22:25:38,077 [AppLog] INFO : 自动铺粉正常结束：NewAutoSupplyPowderThread2
2023-04-07 22:25:38,077 [AppLog] INFO : 发送监控指令，拍照记录1条：SendMessageFromSharedMemory
2023-04-07 22:25:38,077 [AppLog] INFO : 执行完成铺粉固化操作：EquipmentMotionLogic3：m_bApplyPowderSupplyMotion:0
2023-04-07 22:25:38,077 [AppLog] INFO : 接收到起始打印指令：PrintTaskTHREAD
2023-04-07 22:25:38,077 [AppLog] INFO : 获取打印Pass数据：IDP_GetPassItem2：nLayerIndex{10}nPassID{0}nProcState{3}LPPassDataItemb:PrtDir{False}nDataTxCompleteCnt{1}nHwMemAdrMatchMask{1}nLayerIndex{10}nLayerPassCount{6}nLayerPassIndex{0}nMinJet0ImgLinePos{0}nPrtMemHwAddr{System.UInt32[]}nPrtDataOffset{System.UInt32[]}nSrcDataSize{System.UInt32[]}nPrtColBytes{System.UInt32[]}nPrtPrecession{8}nSrcEndCols{8000}nSrcStartCols{0}nStartEncPos{76472}nValidPassJets{1280}nValidPrtCols{8310}nValidPrtCtlCnts{1}pDataBuf{0}pNextItem{674106528}
2023-04-07 22:25:38,093 [AppLog] INFO : 使能Pass打印成功：IDP_DoPassPrint2：nLayerIndex{10}nPassID{0}
2023-04-07 22:25:38,093 [AppLog] INFO : PASS打印前关键状态：DEV_GetDeviceInfo2：nLayerIndex{10}nPassID{0}LPPRINTER_INFO:nXSysEncDPI{0}nStatus{0}nPrintStatus{0}bSuperDevice{0}
LPPRINTER_INFO-LPPrtRunInfo:bJobPrtRuning{False}bLayerPrtIsOver{False}nContReqMemErr{0}nContWDErr{0}nCurPrtDir{0}nDTLayerIndex{0}nDTLayerPassIndex{0}nDTPtrCtlIndex{0}nLayerPassCount{0}nPrintLayerIndex{0}nPrintPassIndex{0}nProcLayerIndex{0}nPrtDataMemAddr{0}nPrtState{0}nReverse{System.Int32[]}nRevPrtCols{0}
LPPRINTER_INFO-LPDRVINFO:nFMVersion{0}nFpgaVersion{0}nPCBVersion{0}nState{0}nNextState{0}nPtvwarnState{0}nCrc32{0}nRevInfo{System.UInt32[]}nSignature{0}
2023-04-07 22:25:38,093 [AppLog] INFO : 进入：EquipmentMotionLogic3=》准备创建对象-手动操作！
2023-04-07 22:25:38,093 [AppLog] INFO : 进入：EquipmentMotionLogic3=》不需重新创建-手动操作！
2023-04-07 22:25:38,093 [AppLog] INFO : 进入：EquipmentMotionLogic3=》赋值完成自-AutoPrintMotion2！
2023-04-07 22:25:38,093 [AppLog] INFO : 进入：EquipmentMotionLogic3=》加载配置文件-LoadJsonFile成功！
2023-04-07 22:25:38,093 [AppLog] INFO : 进入自动清洗过程：AutoCleanThread
2023-04-07 22:25:39,075 [AppLog] INFO : 刮墨轴回零成功：motionMap.SetBackSpreaderAxis(4, 1, 2, -SinkPosition)
2023-04-07 22:25:39,075 [AppLog] INFO : 准备读取编码器位置：Y方向！
2023-04-07 22:25:39,075 [AppLog] INFO : 准备运动，编码器当前位置：DEM_GetAxisEncodeVal：MoveDirectionFlag{false为Y方向：True}CurrentPos{121.355}AimPos{121}
2023-04-07 22:25:39,107 [AppLog] INFO : Y方向运动开始：DEM_Run：返回值{True}nAxis{1}DirFlag{False}nSpeed{300000}MoveStep{-355.000000000004}nCtlValue{0}
2023-04-07 22:25:39,107 [AppLog] INFO : Y方向到位停止：DEM_StopAxisRun：返回值{True}CurrentPos{121.355}bImmeStop{False}nAxisMask{2}
2023-04-07 22:25:39,107 [AppLog] INFO : 准备读取编码器位置：X方向！
2023-04-07 22:25:39,107 [AppLog] INFO : 准备运动，当前位置：DEV_GetPrintEncoderValue：MoveDirectionFlag{false为Y方向：False}CurrentPos{785.11}AimPos{780}
2023-04-07 22:25:39,138 [AppLog] INFO : X方向运动开始：DEM_Run：返回值{True}nAxis{0}DirFlag{False}nSpeed{300000}MoveStep{-5110.00000000001}nCtlValue{2}
2023-04-07 22:25:39,309 [AppLog] INFO : X方向到位停止：DEM_StopAxisRun：返回值{True}CurrentPos{783.605}bImmeStop{False}nAxisMask{1}
2023-04-07 22:25:40,152 [AppLog] INFO : 开启压墨： motionMap.SetDo(13, true)
2023-04-07 22:25:44,161 [AppLog] INFO : 关闭压墨： motionMap.SetDo(13, true)
2023-04-07 22:25:44,161 [AppLog] INFO : 准备读取编码器位置：X方向！
2023-04-07 22:25:44,161 [AppLog] INFO : 准备运动，当前位置：DEV_GetPrintEncoderValue：MoveDirectionFlag{false为Y方向：False}CurrentPos{780.355}AimPos{680}
2023-04-07 22:25:44,192 [AppLog] INFO : X方向运动开始：DEM_Run：返回值{True}nAxis{0}DirFlag{False}nSpeed{50000}MoveStep{-100355}nCtlValue{2}
2023-04-07 22:25:46,251 [AppLog] INFO : X方向到位停止：DEM_StopAxisRun：返回值{True}CurrentPos{683.7}bImmeStop{False}nAxisMask{1}
2023-04-07 22:25:47,078 [AppLog] INFO : 结束自动清洗过程：AutoCleanThread
2023-04-07 22:25:47,078 [AppLog] INFO : 进入：EquipmentMotionLogic3=》准备创建对象-手动操作！
2023-04-07 22:25:47,078 [AppLog] INFO : 进入：EquipmentMotionLogic3=》不需重新创建-手动操作！
2023-04-07 22:25:47,078 [AppLog] INFO : 进入：EquipmentMotionLogic3=》赋值完成自-AutoPrintMotion2！
2023-04-07 22:25:47,078 [AppLog] INFO : 进入：EquipmentMotionLogic3=》加载配置文件-LoadJsonFile成功！
2023-04-07 22:25:47,078 [AppLog] INFO : 进入：AutoPrintThread2！
2023-04-07 22:25:47,094 [AppLog] INFO : 关闭闪喷操作：IDP_FlashPrtCtl：返回值{True}
2023-04-07 22:25:47,094 [AppLog] INFO : 准备读取编码器位置：Y方向！
2023-04-07 22:25:47,094 [AppLog] INFO : 准备运动，编码器当前位置：DEM_GetAxisEncodeVal：MoveDirectionFlag{false为Y方向：True}CurrentPos{120.995}AimPos{15}
2023-04-07 22:25:47,141 [AppLog] INFO : Y方向运动开始：DEM_Run：返回值{True}nAxis{1}DirFlag{False}nSpeed{300000}MoveStep{-105995}nCtlValue{0}
2023-04-07 22:25:47,141 [AppLog] INFO : 准备读取编码器位置：X方向！
2023-04-07 22:25:47,141 [AppLog] INFO : 准备运动，当前位置：DEV_GetPrintEncoderValue：MoveDirectionFlag{false为Y方向：False}CurrentPos{680.33}AimPos{425}
2023-04-07 22:25:47,172 [AppLog] INFO : X方向运动开始：DEM_Run：返回值{True}nAxis{0}DirFlag{False}nSpeed{300000}MoveStep{-255330}nCtlValue{2}
2023-04-07 22:25:48,576 [AppLog] INFO : X方向到位停止：DEM_StopAxisRun：返回值{True}CurrentPos{429.55}bImmeStop{False}nAxisMask{1}
2023-04-07 22:25:48,576 [AppLog] INFO : 准备读取编码器位置：X方向！
2023-04-07 22:25:48,576 [AppLog] INFO : 准备运动，当前位置：DEV_GetPrintEncoderValue：MoveDirectionFlag{false为Y方向：False}CurrentPos{429.455}AimPos{25}
2023-04-07 22:25:48,607 [AppLog] INFO : X方向运动开始：DEM_Run：返回值{True}nAxis{0}DirFlag{False}nSpeed{300000}MoveStep{-404455}nCtlValue{2}
2023-04-07 22:25:49,200 [AppLog] INFO : 进入JOB参数设置：修改前初始参数：灰度数据格式{1bits}打印灰阶{1阶}m_XPrintDpi{635Dpi}墨车运动速度{300MM/s}X向起打位置{50MM}X向起打位置偏移{0MM}Y向起打位置偏移{0MM}
2023-04-07 22:25:50,510 [AppLog] INFO : X方向到位停止：DEM_StopAxisRun：返回值{True}CurrentPos{24.985}bImmeStop{False}nAxisMask{1}
2023-04-07 22:25:50,510 [AppLog] INFO : 准备读取编码器位置：Y方向！
2023-04-07 22:25:50,510 [AppLog] INFO : 准备运动，编码器当前位置：DEM_GetAxisEncodeVal：MoveDirectionFlag{false为Y方向：True}CurrentPos{15.165}AimPos{69}
2023-04-07 22:25:50,541 [AppLog] INFO : Y方向运动开始：DEM_Run：返回值{True}nAxis{1}DirFlag{True}nSpeed{300000}MoveStep{53835}nCtlValue{0}
2023-04-07 22:25:50,729 [AppLog] INFO : Y方向到位停止：DEM_StopAxisRun：返回值{True}CurrentPos{26.145}bImmeStop{False}nAxisMask{2}
2023-04-07 22:25:50,729 [AppLog] INFO : 获取打印Pass数据：IDP_GetPassItem2：nLayerIndex{10}nPassID{1}nProcState{3}LPPassDataItemb:PrtDir{True}nDataTxCompleteCnt{1}nHwMemAdrMatchMask{1}nLayerIndex{10}nLayerPassCount{6}nLayerPassIndex{1}nMinJet0ImgLinePos{1280}nPrtMemHwAddr{System.UInt32[]}nPrtDataOffset{System.UInt32[]}nSrcDataSize{System.UInt32[]}nPrtColBytes{System.UInt32[]}nPrtPrecession{8}nSrcEndCols{8000}nSrcStartCols{0}nStartEncPos{10000}nValidPassJets{1280}nValidPrtCols{8310}nValidPrtCtlCnts{1}pDataBuf{0}pNextItem{674106688}
2023-04-07 22:25:50,760 [AppLog] INFO : 使能Pass打印成功：IDP_DoPassPrint2：nLayerIndex{10}nPassID{1}
2023-04-07 22:25:50,760 [AppLog] INFO : PASS打印前关键状态：DEV_GetDeviceInfo2：nLayerIndex{10}nPassID{1}LPPRINTER_INFO:nXSysEncDPI{0}nStatus{0}nPrintStatus{0}bSuperDevice{0}
LPPRINTER_INFO-LPPrtRunInfo:bJobPrtRuning{False}bLayerPrtIsOver{False}nContReqMemErr{0}nContWDErr{0}nCurPrtDir{0}nDTLayerIndex{0}nDTLayerPassIndex{0}nDTPtrCtlIndex{0}nLayerPassCount{0}nPrintLayerIndex{0}nPrintPassIndex{0}nProcLayerIndex{0}nPrtDataMemAddr{0}nPrtState{0}nReverse{System.Int32[]}nRevPrtCols{0}
LPPRINTER_INFO-LPDRVINFO:nFMVersion{0}nFpgaVersion{0}nPCBVersion{0}nState{0}nNextState{0}nPtvwarnState{0}nCrc32{0}nRevInfo{System.UInt32[]}nSignature{0}
2023-04-07 22:25:50,760 [AppLog] INFO : 进入：EquipmentMotionLogic3=》准备创建对象-手动操作！
2023-04-07 22:25:50,760 [AppLog] INFO : 进入：EquipmentMotionLogic3=》不需重新创建-手动操作！
2023-04-07 22:25:50,760 [AppLog] INFO : 进入：EquipmentMotionLogic3=》赋值完成自-AutoPrintMotion2！
2023-04-07 22:25:50,760 [AppLog] INFO : 进入：EquipmentMotionLogic3=》加载配置文件-LoadJsonFile成功！
2023-04-07 22:25:50,760 [AppLog] INFO : 进入：AutoPrintThread2！
2023-04-07 22:25:50,760 [AppLog] INFO : 准备读取编码器位置：X方向！
2023-04-07 22:25:50,775 [AppLog] INFO : 准备运动，当前位置：DEV_GetPrintEncoderValue：MoveDirectionFlag{false为Y方向：False}CurrentPos{21.505}AimPos{425}
2023-04-07 22:25:50,807 [AppLog] INFO : X方向运动开始：DEM_Run：返回值{True}nAxis{0}DirFlag{True}nSpeed{300000}MoveStep{403495}nCtlValue{2}
2023-04-07 22:25:52,694 [AppLog] INFO : X方向到位停止：DEM_StopAxisRun：返回值{True}CurrentPos{419.065}bImmeStop{False}nAxisMask{1}
2023-04-07 22:25:52,694 [AppLog] INFO : 准备读取编码器位置：Y方向！
2023-04-07 22:25:52,694 [AppLog] INFO : 准备运动，编码器当前位置：DEM_GetAxisEncodeVal：MoveDirectionFlag{false为Y方向：True}CurrentPos{68.93}AimPos{123}
2023-04-07 22:25:52,726 [AppLog] INFO : Y方向运动开始：DEM_Run：返回值{True}nAxis{1}DirFlag{True}nSpeed{300000}MoveStep{54070}nCtlValue{0}
2023-04-07 22:25:52,913 [AppLog] INFO : Y方向到位停止：DEM_StopAxisRun：返回值{True}CurrentPos{79.115}bImmeStop{False}nAxisMask{2}
2023-04-07 22:25:52,913 [AppLog] INFO : 获取打印Pass数据：IDP_GetPassItem2：nLayerIndex{10}nPassID{2}nProcState{3}LPPassDataItemb:PrtDir{False}nDataTxCompleteCnt{1}nHwMemAdrMatchMask{1}nLayerIndex{10}nLayerPassCount{6}nLayerPassIndex{2}nMinJet0ImgLinePos{2560}nPrtMemHwAddr{System.UInt32[]}nPrtDataOffset{System.UInt32[]}nSrcDataSize{System.UInt32[]}nPrtColBytes{System.UInt32[]}nPrtPrecession{8}nSrcEndCols{8000}nSrcStartCols{0}nStartEncPos{76472}nValidPassJets{1280}nValidPrtCols{8310}nValidPrtCtlCnts{1}pDataBuf{0}pNextItem{674106848}
2023-04-07 22:25:52,928 [AppLog] INFO : 使能Pass打印成功：IDP_DoPassPrint2：nLayerIndex{10}nPassID{2}
2023-04-07 22:25:52,944 [AppLog] INFO : PASS打印前关键状态：DEV_GetDeviceInfo2：nLayerIndex{10}nPassID{2}LPPRINTER_INFO:nXSysEncDPI{0}nStatus{0}nPrintStatus{0}bSuperDevice{0}
LPPRINTER_INFO-LPPrtRunInfo:bJobPrtRuning{False}bLayerPrtIsOver{False}nContReqMemErr{0}nContWDErr{0}nCurPrtDir{0}nDTLayerIndex{0}nDTLayerPassIndex{0}nDTPtrCtlIndex{0}nLayerPassCount{0}nPrintLayerIndex{0}nPrintPassIndex{0}nProcLayerIndex{0}nPrtDataMemAddr{0}nPrtState{0}nReverse{System.Int32[]}nRevPrtCols{0}
LPPRINTER_INFO-LPDRVINFO:nFMVersion{0}nFpgaVersion{0}nPCBVersion{0}nState{0}nNextState{0}nPtvwarnState{0}nCrc32{0}nRevInfo{System.UInt32[]}nSignature{0}
2023-04-07 22:25:52,944 [AppLog] INFO : 进入：EquipmentMotionLogic3=》准备创建对象-手动操作！
2023-04-07 22:25:52,944 [AppLog] INFO : 进入：EquipmentMotionLogic3=》不需重新创建-手动操作！
2023-04-07 22:25:52,944 [AppLog] INFO : 进入：EquipmentMotionLogic3=》赋值完成自-AutoPrintMotion2！
2023-04-07 22:25:52,944 [AppLog] INFO : 进入：EquipmentMotionLogic3=》加载配置文件-LoadJsonFile成功！
2023-04-07 22:25:52,944 [AppLog] INFO : 进入：AutoPrintThread2！
2023-04-07 22:25:52,944 [AppLog] INFO : 准备读取编码器位置：X方向！
2023-04-07 22:25:52,944 [AppLog] INFO : 准备运动，当前位置：DEV_GetPrintEncoderValue：MoveDirectionFlag{false为Y方向：False}CurrentPos{423.365}AimPos{25}
2023-04-07 22:25:52,975 [AppLog] INFO : X方向运动开始：DEM_Run：返回值{True}nAxis{0}DirFlag{False}nSpeed{300000}MoveStep{-398365}nCtlValue{2}
2023-04-07 22:25:53,942 [AppLog] INFO : 退出JOB参数设置：修改后参数：灰度数据格式{1bits}打印灰阶{1阶}m_XPrintDpi{635Dpi}墨车运动速度{300MM/s}X向起打位置{50MM}X向起打位置偏移{0MM}Y向起打位置偏移{0MM}
2023-04-07 22:25:54,847 [AppLog] INFO : X方向到位停止：DEM_StopAxisRun：返回值{True}CurrentPos{30.83}bImmeStop{False}nAxisMask{1}
2023-04-07 22:25:54,847 [AppLog] INFO : 准备读取编码器位置：Y方向！
2023-04-07 22:25:54,847 [AppLog] INFO : 准备运动，编码器当前位置：DEM_GetAxisEncodeVal：MoveDirectionFlag{false为Y方向：True}CurrentPos{122.845}AimPos{177}
2023-04-07 22:25:54,878 [AppLog] INFO : Y方向运动开始：DEM_Run：返回值{True}nAxis{1}DirFlag{True}nSpeed{300000}MoveStep{54155}nCtlValue{0}
2023-04-07 22:25:55,066 [AppLog] INFO : Y方向到位停止：DEM_StopAxisRun：返回值{True}CurrentPos{133.215}bImmeStop{False}nAxisMask{2}
2023-04-07 22:25:55,066 [AppLog] INFO : 获取打印Pass数据：IDP_GetPassItem2：nLayerIndex{10}nPassID{3}nProcState{3}LPPassDataItemb:PrtDir{True}nDataTxCompleteCnt{1}nHwMemAdrMatchMask{1}nLayerIndex{10}nLayerPassCount{6}nLayerPassIndex{3}nMinJet0ImgLinePos{3840}nPrtMemHwAddr{System.UInt32[]}nPrtDataOffset{System.UInt32[]}nSrcDataSize{System.UInt32[]}nPrtColBytes{System.UInt32[]}nPrtPrecession{8}nSrcEndCols{8000}nSrcStartCols{0}nStartEncPos{10000}nValidPassJets{1280}nValidPrtCols{8310}nValidPrtCtlCnts{1}pDataBuf{0}pNextItem{674107008}
2023-04-07 22:25:55,081 [AppLog] INFO : 使能Pass打印成功：IDP_DoPassPrint2：nLayerIndex{10}nPassID{3}
2023-04-07 22:25:55,081 [AppLog] INFO : PASS打印前关键状态：DEV_GetDeviceInfo2：nLayerIndex{10}nPassID{3}LPPRINTER_INFO:nXSysEncDPI{0}nStatus{0}nPrintStatus{0}bSuperDevice{0}
LPPRINTER_INFO-LPPrtRunInfo:bJobPrtRuning{False}bLayerPrtIsOver{False}nContReqMemErr{0}nContWDErr{0}nCurPrtDir{0}nDTLayerIndex{0}nDTLayerPassIndex{0}nDTPtrCtlIndex{0}nLayerPassCount{0}nPrintLayerIndex{0}nPrintPassIndex{0}nProcLayerIndex{0}nPrtDataMemAddr{0}nPrtState{0}nReverse{System.Int32[]}nRevPrtCols{0}
LPPRINTER_INFO-LPDRVINFO:nFMVersion{0}nFpgaVersion{0}nPCBVersion{0}nState{0}nNextState{0}nPtvwarnState{0}nCrc32{0}nRevInfo{System.UInt32[]}nSignature{0}
2023-04-07 22:25:55,081 [AppLog] INFO : 进入：EquipmentMotionLogic3=》准备创建对象-手动操作！
2023-04-07 22:25:55,081 [AppLog] INFO : 进入：EquipmentMotionLogic3=》不需重新创建-手动操作！
2023-04-07 22:25:55,081 [AppLog] INFO : 进入：EquipmentMotionLogic3=》赋值完成自-AutoPrintMotion2！
2023-04-07 22:25:55,081 [AppLog] INFO : 进入：EquipmentMotionLogic3=》加载配置文件-LoadJsonFile成功！
2023-04-07 22:25:55,081 [AppLog] INFO : 进入：AutoPrintThread2！
2023-04-07 22:25:55,081 [AppLog] INFO : 准备读取编码器位置：X方向！
2023-04-07 22:25:55,081 [AppLog] INFO : 准备运动，当前位置：DEV_GetPrintEncoderValue：MoveDirectionFlag{false为Y方向：False}CurrentPos{26.6}AimPos{425}
2023-04-07 22:25:55,112 [AppLog] INFO : X方向运动开始：DEM_Run：返回值{True}nAxis{0}DirFlag{True}nSpeed{300000}MoveStep{398400}nCtlValue{2}
2023-04-07 22:25:57,000 [AppLog] INFO : X方向到位停止：DEM_StopAxisRun：返回值{True}CurrentPos{419.51}bImmeStop{False}nAxisMask{1}
2023-04-07 22:25:57,000 [AppLog] INFO : 准备读取编码器位置：Y方向！
2023-04-07 22:25:57,000 [AppLog] INFO : 准备运动，编码器当前位置：DEM_GetAxisEncodeVal：MoveDirectionFlag{false为Y方向：True}CurrentPos{176.865}AimPos{231}
2023-04-07 22:25:57,031 [AppLog] INFO : Y方向运动开始：DEM_Run：返回值{True}nAxis{1}DirFlag{True}nSpeed{300000}MoveStep{54135}nCtlValue{0}
2023-04-07 22:25:57,218 [AppLog] INFO : Y方向到位停止：DEM_StopAxisRun：返回值{True}CurrentPos{187.525}bImmeStop{False}nAxisMask{2}
2023-04-07 22:25:57,218 [AppLog] INFO : 获取打印Pass数据：IDP_GetPassItem2：nLayerIndex{10}nPassID{4}nProcState{3}LPPassDataItemb:PrtDir{False}nDataTxCompleteCnt{1}nHwMemAdrMatchMask{1}nLayerIndex{10}nLayerPassCount{6}nLayerPassIndex{4}nMinJet0ImgLinePos{5120}nPrtMemHwAddr{System.UInt32[]}nPrtDataOffset{System.UInt32[]}nSrcDataSize{System.UInt32[]}nPrtColBytes{System.UInt32[]}nPrtPrecession{8}nSrcEndCols{8000}nSrcStartCols{0}nStartEncPos{76472}nValidPassJets{1280}nValidPrtCols{8310}nValidPrtCtlCnts{1}pDataBuf{0}pNextItem{674107168}
2023-04-07 22:25:57,234 [AppLog] INFO : 使能Pass打印成功：IDP_DoPassPrint2：nLayerIndex{10}nPassID{4}
2023-04-07 22:25:57,234 [AppLog] INFO : PASS打印前关键状态：DEV_GetDeviceInfo2：nLayerIndex{10}nPassID{4}LPPRINTER_INFO:nXSysEncDPI{0}nStatus{0}nPrintStatus{0}bSuperDevice{0}
LPPRINTER_INFO-LPPrtRunInfo:bJobPrtRuning{False}bLayerPrtIsOver{False}nContReqMemErr{0}nContWDErr{0}nCurPrtDir{0}nDTLayerIndex{0}nDTLayerPassIndex{0}nDTPtrCtlIndex{0}nLayerPassCount{0}nPrintLayerIndex{0}nPrintPassIndex{0}nProcLayerIndex{0}nPrtDataMemAddr{0}nPrtState{0}nReverse{System.Int32[]}nRevPrtCols{0}
LPPRINTER_INFO-LPDRVINFO:nFMVersion{0}nFpgaVersion{0}nPCBVersion{0}nState{0}nNextState{0}nPtvwarnState{0}nCrc32{0}nRevInfo{System.UInt32[]}nSignature{0}
2023-04-07 22:25:57,234 [AppLog] INFO : 进入：EquipmentMotionLogic3=》准备创建对象-手动操作！
2023-04-07 22:25:57,234 [AppLog] INFO : 进入：EquipmentMotionLogic3=》不需重新创建-手动操作！
2023-04-07 22:25:57,234 [AppLog] INFO : 进入：EquipmentMotionLogic3=》赋值完成自-AutoPrintMotion2！
2023-04-07 22:25:57,234 [AppLog] INFO : 进入：EquipmentMotionLogic3=》加载配置文件-LoadJsonFile成功！
2023-04-07 22:25:57,234 [AppLog] INFO : 进入：AutoPrintThread2！
2023-04-07 22:25:57,234 [AppLog] INFO : 准备读取编码器位置：X方向！
2023-04-07 22:25:57,234 [AppLog] INFO : 准备运动，当前位置：DEV_GetPrintEncoderValue：MoveDirectionFlag{false为Y方向：False}CurrentPos{423.415}AimPos{25}
2023-04-07 22:25:57,265 [AppLog] INFO : X方向运动开始：DEM_Run：返回值{True}nAxis{0}DirFlag{False}nSpeed{300000}MoveStep{-398415}nCtlValue{2}
2023-04-07 22:25:59,137 [AppLog] INFO : X方向到位停止：DEM_StopAxisRun：返回值{True}CurrentPos{31.19}bImmeStop{False}nAxisMask{1}
2023-04-07 22:25:59,137 [AppLog] INFO : 准备读取编码器位置：Y方向！
2023-04-07 22:25:59,137 [AppLog] INFO : 准备运动，编码器当前位置：DEM_GetAxisEncodeVal：MoveDirectionFlag{false为Y方向：True}CurrentPos{230.95}AimPos{285}
2023-04-07 22:25:59,168 [AppLog] INFO : Y方向运动开始：DEM_Run：返回值{True}nAxis{1}DirFlag{True}nSpeed{300000}MoveStep{54050}nCtlValue{0}
2023-04-07 22:25:59,356 [AppLog] INFO : Y方向到位停止：DEM_StopAxisRun：返回值{True}CurrentPos{241.32}bImmeStop{False}nAxisMask{2}
2023-04-07 22:25:59,356 [AppLog] INFO : 获取打印Pass数据：IDP_GetPassItem2：nLayerIndex{10}nPassID{5}nProcState{3}LPPassDataItemb:PrtDir{True}nDataTxCompleteCnt{1}nHwMemAdrMatchMask{1}nLayerIndex{10}nLayerPassCount{6}nLayerPassIndex{5}nMinJet0ImgLinePos{6400}nPrtMemHwAddr{System.UInt32[]}nPrtDataOffset{System.UInt32[]}nSrcDataSize{System.UInt32[]}nPrtColBytes{System.UInt32[]}nPrtPrecession{8}nSrcEndCols{8000}nSrcStartCols{0}nStartEncPos{10000}nValidPassJets{1280}nValidPrtCols{8310}nValidPrtCtlCnts{1}pDataBuf{0}pNextItem{0}
2023-04-07 22:25:59,356 [AppLog] INFO : 使能Pass打印成功：IDP_DoPassPrint2：nLayerIndex{10}nPassID{5}
2023-04-07 22:25:59,371 [AppLog] INFO : PASS打印前关键状态：DEV_GetDeviceInfo2：nLayerIndex{10}nPassID{5}LPPRINTER_INFO:nXSysEncDPI{0}nStatus{0}nPrintStatus{0}bSuperDevice{0}
LPPRINTER_INFO-LPPrtRunInfo:bJobPrtRuning{False}bLayerPrtIsOver{False}nContReqMemErr{0}nContWDErr{0}nCurPrtDir{0}nDTLayerIndex{0}nDTLayerPassIndex{0}nDTPtrCtlIndex{0}nLayerPassCount{0}nPrintLayerIndex{0}nPrintPassIndex{0}nProcLayerIndex{0}nPrtDataMemAddr{0}nPrtState{0}nReverse{System.Int32[]}nRevPrtCols{0}
LPPRINTER_INFO-LPDRVINFO:nFMVersion{0}nFpgaVersion{0}nPCBVersion{0}nState{0}nNextState{0}nPtvwarnState{0}nCrc32{0}nRevInfo{System.UInt32[]}nSignature{0}
2023-04-07 22:25:59,371 [AppLog] INFO : 进入：EquipmentMotionLogic3=》准备创建对象-手动操作！
2023-04-07 22:25:59,371 [AppLog] INFO : 进入：EquipmentMotionLogic3=》不需重新创建-手动操作！
2023-04-07 22:25:59,371 [AppLog] INFO : 进入：EquipmentMotionLogic3=》赋值完成自-AutoPrintMotion2！
2023-04-07 22:25:59,371 [AppLog] INFO : 进入：EquipmentMotionLogic3=》加载配置文件-LoadJsonFile成功！
2023-04-07 22:25:59,371 [AppLog] INFO : 进入：AutoPrintThread2！
2023-04-07 22:25:59,371 [AppLog] INFO : 准备读取编码器位置：X方向！
2023-04-07 22:25:59,387 [AppLog] INFO : 准备运动，当前位置：DEV_GetPrintEncoderValue：MoveDirectionFlag{false为Y方向：False}CurrentPos{26.595}AimPos{425}
2023-04-07 22:25:59,418 [AppLog] INFO : X方向运动开始：DEM_Run：返回值{True}nAxis{0}DirFlag{True}nSpeed{300000}MoveStep{398405}nCtlValue{2}
2023-04-07 22:26:01,290 [AppLog] INFO : X方向到位停止：DEM_StopAxisRun：返回值{True}CurrentPos{418.555}bImmeStop{False}nAxisMask{1}
2023-04-07 22:26:01,290 [AppLog] INFO : 准备读取编码器位置：X方向！
2023-04-07 22:26:01,306 [AppLog] INFO : 准备运动，当前位置：DEV_GetPrintEncoderValue：MoveDirectionFlag{false为Y方向：False}CurrentPos{418.655}AimPos{780}
2023-04-07 22:26:01,337 [AppLog] INFO : X方向运动开始：DEM_Run：返回值{True}nAxis{0}DirFlag{True}nSpeed{300000}MoveStep{361345}nCtlValue{2}
2023-04-07 22:26:01,337 [AppLog] INFO : 准备读取编码器位置：Y方向！
2023-04-07 22:26:01,337 [AppLog] INFO : 准备运动，编码器当前位置：DEM_GetAxisEncodeVal：MoveDirectionFlag{false为Y方向：True}CurrentPos{284.895}AimPos{121}
2023-04-07 22:26:01,368 [AppLog] INFO : Y方向运动开始：DEM_Run：返回值{True}nAxis{1}DirFlag{False}nSpeed{300000}MoveStep{-163895}nCtlValue{0}
2023-04-07 22:26:03,100 [AppLog] INFO : Y方向到位等停：DEM_StopAxisRun：返回值{True}bImmeStop{False}nAxisMask{1}
2023-04-07 22:26:03,100 [AppLog] INFO : X方向到位等停：DEM_StopAxisRun：返回值{True}bImmeStop{False}nAxisMask{2}
2023-04-07 22:26:03,131 [AppLog] INFO : 开启闪喷操作：IDP_FlashPrtCtl：返回值{True}
2023-04-07 22:26:03,131 [AppLog] INFO : 进入：EquipmentMotionLogic3=》准备创建对象-手动操作！
2023-04-07 22:26:03,131 [AppLog] INFO : 进入：EquipmentMotionLogic3=》不需重新创建-手动操作！
2023-04-07 22:26:03,131 [AppLog] INFO : 进入：EquipmentMotionLogic3=》赋值完成自-AutoPrintMotion2！
2023-04-07 22:26:03,131 [AppLog] INFO : 进入：EquipmentMotionLogic3=》加载配置文件-LoadJsonFile成功！
2023-04-07 22:26:03,131 [AppLog] INFO : 进入自动铺粉逻辑：NewAutoSupplyPowderThread2
2023-04-07 22:26:03,209 [AppLog] INFO : 手动正向点动指令（8轴运控板卡系统） ====》：输出AXIS{第1轴},点动量{-0.1MM},运动速度{2MM/s}
2023-04-07 22:26:03,209 [AppLog] INFO : 成形面高度下降层厚 TrapSpace{0.1mm}：TrapMoveUp(1, true, Convert.ToString(vel), Convert.ToString(TrapSpace), true, true）
2023-04-07 22:26:03,973 [AppLog] INFO : 手动正向点动指令（8轴运控板卡系统） ====》：输出AXIS{第1轴},点动量{-1.5MM},运动速度{2MM/s}
2023-04-07 22:26:03,989 [AppLog] INFO : 成形面高度下降指定厚度 TrapSpace{1.5mm}：TrapMoveUp(1, true, Convert.ToString(vel), Convert.ToString(TrapSpace), true, true）
2023-04-07 22:26:04,753 [AppLog] INFO : 手动正向点动指令（8轴运控板卡系统） ====》：输出AXIS{第1轴},点动量{1.5MM},运动速度{2MM/s}
2023-04-07 22:26:04,753 [AppLog] INFO : 成形面高度上升层厚 TrapSpace{1.5mm}：TrapMoveUp(1, true, Convert.ToString(vel), Convert.ToString(TrapSpace), true, true）
2023-04-07 22:26:04,972 [AppLog] INFO : 手动正向点动指令（8轴运控板卡系统） ====》：输出AXIS{第8轴},点动量{0.5MM},运动速度{2.5MM/s}
2023-04-07 22:26:04,972 [AppLog] INFO : Hopper落粉轴转2圈落粉，速度0.5rev/s：TrapMoveUp(8, true, 0.5, rotateNuM.ToString(), true, false)
2023-04-07 22:26:06,266 [AppLog] INFO : 手动正向点动指令（8轴运控板卡系统） ====》：输出AXIS{第2轴},点动量{258MM},运动速度{200MM/s}
2023-04-07 22:26:06,266 [AppLog] INFO : 开启铺粉车不等停运动至准备打印位置255mm，速度200mm/s：BackToStation2
2023-04-07 22:26:06,266 [AppLog] INFO : 手动正向点动指令（8轴运控板卡系统） ====》：输出AXIS{第2轴},点动量{440MM},运动速度{50MM/s}
2023-04-07 22:26:06,266 [AppLog] INFO : 开启铺粉车不等停运动至准备打印位置695mm，速度50mm/s：BackToStation2
2023-04-07 22:26:06,376 [AppLog] INFO : 打开IR灯：OpenIRLamp(true)
2023-04-07 22:26:06,376 [AppLog] INFO : 手动正向点动指令（8轴运控板卡系统） ====》：输出AXIS{第3轴},点动量{0.5MM},运动速度{0.0753424657534247MM/s}
2023-04-07 22:26:06,376 [AppLog] INFO : 开启均匀落粉及辊子铺平运动：TrapMoveUp(3, true, Convert.ToString(DispenseRollerSpeed), 0.5, true, true)
2023-04-07 22:26:11,477 [AppLog] INFO : 关闭IR灯：OpenIRLamp(false)
2023-04-07 22:26:13,832 [AppLog] INFO : 手动正向点动指令（8轴运控板卡系统） ====》：输出AXIS{第3轴},点动量{0.5MM},运动速度{2MM/s}
2023-04-07 22:26:13,832 [AppLog] INFO : 落粉轴继续转动以倒掉余粉：TrapMoveUp(3, true, 2, 0.5, true, false)
2023-04-07 22:26:15,845 [AppLog] INFO : 手动正向点动指令（8轴运控板卡系统） ====》：输出AXIS{第1轴},点动量{-1.5MM},运动速度{2MM/s}
2023-04-07 22:26:15,845 [AppLog] INFO : 成形面高度下降指定厚度 TrapSpace{1.5mm}：TrapMoveUp(1, true, Convert.ToString(vel), Convert.ToString(TrapSpace), true, true）
2023-04-07 22:26:19,339 [AppLog] INFO : 手动正向点动指令（8轴运控板卡系统） ====》：输出AXIS{第2轴},点动量{-698MM},运动速度{200MM/s}
2023-04-07 22:26:19,339 [AppLog] INFO : 铺粉车返回至站1：BackToStation2(AimPos, MovSpeed, true)：-3mm，速度200mm/s：BackToStation2
2023-04-07 22:26:19,729 [AppLog] INFO : 落粉轴回零成功：motionMap.SetBackSpreaderAxis(3, 0.5, 2, -SinkPosition)：ReturnCode{True}
2023-04-07 22:26:20,494 [AppLog] INFO : 手动正向点动指令（8轴运控板卡系统） ====》：输出AXIS{第1轴},点动量{1.5MM},运动速度{2MM/s}
2023-04-07 22:26:20,494 [AppLog] INFO : 成形面高度上升层厚 TrapSpace{1.5mm}：TrapMoveUp(1, true, Convert.ToString(vel), Convert.ToString(TrapSpace), true, true）
2023-04-07 22:26:20,494 [AppLog] INFO : 自动铺粉正常结束：NewAutoSupplyPowderThread2
2023-04-07 22:26:20,494 [AppLog] INFO : 发送监控指令，拍照记录1条：SendMessageFromSharedMemory
2023-04-07 22:26:20,494 [AppLog] INFO : 执行完成铺粉固化操作：EquipmentMotionLogic3：m_bApplyPowderSupplyMotion:0
2023-04-07 22:26:20,494 [AppLog] INFO : 接收到起始打印指令：PrintTaskTHREAD
2023-04-07 22:26:20,494 [AppLog] INFO : 获取打印Pass数据：IDP_GetPassItem2：nLayerIndex{11}nPassID{0}nProcState{3}LPPassDataItemb:PrtDir{False}nDataTxCompleteCnt{1}nHwMemAdrMatchMask{1}nLayerIndex{11}nLayerPassCount{6}nLayerPassIndex{0}nMinJet0ImgLinePos{0}nPrtMemHwAddr{System.UInt32[]}nPrtDataOffset{System.UInt32[]}nSrcDataSize{System.UInt32[]}nPrtColBytes{System.UInt32[]}nPrtPrecession{8}nSrcEndCols{8000}nSrcStartCols{0}nStartEncPos{76472}nValidPassJets{1280}nValidPrtCols{8310}nValidPrtCtlCnts{1}pDataBuf{0}pNextItem{685954416}
2023-04-07 22:26:20,509 [AppLog] INFO : 使能Pass打印成功：IDP_DoPassPrint2：nLayerIndex{11}nPassID{0}
2023-04-07 22:26:20,509 [AppLog] INFO : PASS打印前关键状态：DEV_GetDeviceInfo2：nLayerIndex{11}nPassID{0}LPPRINTER_INFO:nXSysEncDPI{0}nStatus{0}nPrintStatus{0}bSuperDevice{0}
LPPRINTER_INFO-LPPrtRunInfo:bJobPrtRuning{False}bLayerPrtIsOver{False}nContReqMemErr{0}nContWDErr{0}nCurPrtDir{0}nDTLayerIndex{0}nDTLayerPassIndex{0}nDTPtrCtlIndex{0}nLayerPassCount{0}nPrintLayerIndex{0}nPrintPassIndex{0}nProcLayerIndex{0}nPrtDataMemAddr{0}nPrtState{0}nReverse{System.Int32[]}nRevPrtCols{0}
LPPRINTER_INFO-LPDRVINFO:nFMVersion{0}nFpgaVersion{0}nPCBVersion{0}nState{0}nNextState{0}nPtvwarnState{0}nCrc32{0}nRevInfo{System.UInt32[]}nSignature{0}
2023-04-07 22:26:20,509 [AppLog] INFO : 进入：EquipmentMotionLogic3=》准备创建对象-手动操作！
2023-04-07 22:26:20,509 [AppLog] INFO : 进入：EquipmentMotionLogic3=》不需重新创建-手动操作！
2023-04-07 22:26:20,509 [AppLog] INFO : 进入：EquipmentMotionLogic3=》赋值完成自-AutoPrintMotion2！
2023-04-07 22:26:20,509 [AppLog] INFO : 进入：EquipmentMotionLogic3=》加载配置文件-LoadJsonFile成功！
2023-04-07 22:26:20,509 [AppLog] INFO : 进入自动清洗过程：AutoCleanThread
2023-04-07 22:26:21,492 [AppLog] INFO : 刮墨轴回零成功：motionMap.SetBackSpreaderAxis(4, 1, 2, -SinkPosition)
2023-04-07 22:26:21,492 [AppLog] INFO : 准备读取编码器位置：Y方向！
2023-04-07 22:26:21,492 [AppLog] INFO : 准备运动，编码器当前位置：DEM_GetAxisEncodeVal：MoveDirectionFlag{false为Y方向：True}CurrentPos{121.35}AimPos{121}
2023-04-07 22:26:21,523 [AppLog] INFO : Y方向运动开始：DEM_Run：返回值{True}nAxis{1}DirFlag{False}nSpeed{300000}MoveStep{-350.000000000009}nCtlValue{0}
2023-04-07 22:26:21,523 [AppLog] INFO : Y方向到位停止：DEM_StopAxisRun：返回值{True}CurrentPos{121.35}bImmeStop{False}nAxisMask{2}
2023-04-07 22:26:21,523 [AppLog] INFO : 准备读取编码器位置：X方向！
2023-04-07 22:26:21,523 [AppLog] INFO : 准备运动，当前位置：DEV_GetPrintEncoderValue：MoveDirectionFlag{false为Y方向：False}CurrentPos{784.735}AimPos{780}
2023-04-07 22:26:21,554 [AppLog] INFO : X方向运动开始：DEM_Run：返回值{True}nAxis{0}DirFlag{False}nSpeed{300000}MoveStep{-4735.00000000001}nCtlValue{2}
2023-04-07 22:26:21,742 [AppLog] INFO : X方向到位停止：DEM_StopAxisRun：返回值{True}CurrentPos{782.98}bImmeStop{False}nAxisMask{1}
2023-04-07 22:26:22,568 [AppLog] INFO : 开启压墨： motionMap.SetDo(13, true)
2023-04-07 22:26:26,578 [AppLog] INFO : 关闭压墨： motionMap.SetDo(13, true)
2023-04-07 22:26:26,578 [AppLog] INFO : 准备读取编码器位置：X方向！
2023-04-07 22:26:26,578 [AppLog] INFO : 准备运动，当前位置：DEV_GetPrintEncoderValue：MoveDirectionFlag{false为Y方向：False}CurrentPos{780.345}AimPos{680}
2023-04-07 22:26:26,609 [AppLog] INFO : X方向运动开始：DEM_Run：返回值{True}nAxis{0}DirFlag{False}nSpeed{50000}MoveStep{-100345}nCtlValue{2}
2023-04-07 22:26:28,668 [AppLog] INFO : X方向到位停止：DEM_StopAxisRun：返回值{True}CurrentPos{683.725}bImmeStop{False}nAxisMask{1}
2023-04-07 22:26:29,495 [AppLog] INFO : 结束自动清洗过程：AutoCleanThread
2023-04-07 22:26:29,495 [AppLog] INFO : 进入：EquipmentMotionLogic3=》准备创建对象-手动操作！
2023-04-07 22:26:29,495 [AppLog] INFO : 进入：EquipmentMotionLogic3=》不需重新创建-手动操作！
2023-04-07 22:26:29,495 [AppLog] INFO : 进入：EquipmentMotionLogic3=》赋值完成自-AutoPrintMotion2！
2023-04-07 22:26:29,495 [AppLog] INFO : 进入：EquipmentMotionLogic3=》加载配置文件-LoadJsonFile成功！
2023-04-07 22:26:29,495 [AppLog] INFO : 进入：AutoPrintThread2！
2023-04-07 22:26:29,495 [AppLog] INFO : 关闭闪喷操作：IDP_FlashPrtCtl：返回值{True}
2023-04-07 22:26:29,495 [AppLog] INFO : 准备读取编码器位置：Y方向！
2023-04-07 22:26:29,495 [AppLog] INFO : 准备运动，编码器当前位置：DEM_GetAxisEncodeVal：MoveDirectionFlag{false为Y方向：True}CurrentPos{121.005}AimPos{15}
2023-04-07 22:26:29,526 [AppLog] INFO : Y方向运动开始：DEM_Run：返回值{True}nAxis{1}DirFlag{False}nSpeed{300000}MoveStep{-106005}nCtlValue{0}
2023-04-07 22:26:29,526 [AppLog] INFO : 准备读取编码器位置：X方向！
2023-04-07 22:26:29,526 [AppLog] INFO : 准备运动，当前位置：DEV_GetPrintEncoderValue：MoveDirectionFlag{false为Y方向：False}CurrentPos{680.32}AimPos{425}
2023-04-07 22:26:29,557 [AppLog] INFO : X方向运动开始：DEM_Run：返回值{True}nAxis{0}DirFlag{False}nSpeed{300000}MoveStep{-255320}nCtlValue{2}
2023-04-07 22:26:30,961 [AppLog] INFO : X方向到位停止：DEM_StopAxisRun：返回值{True}CurrentPos{429.625}bImmeStop{False}nAxisMask{1}
2023-04-07 22:26:30,961 [AppLog] INFO : 准备读取编码器位置：X方向！
2023-04-07 22:26:30,961 [AppLog] INFO : 准备运动，当前位置：DEV_GetPrintEncoderValue：MoveDirectionFlag{false为Y方向：False}CurrentPos{429.44}AimPos{25}
2023-04-07 22:26:30,992 [AppLog] INFO : X方向运动开始：DEM_Run：返回值{True}nAxis{0}DirFlag{False}nSpeed{300000}MoveStep{-404440}nCtlValue{2}
2023-04-07 22:26:32,896 [AppLog] INFO : X方向到位停止：DEM_StopAxisRun：返回值{True}CurrentPos{24.975}bImmeStop{False}nAxisMask{1}
2023-04-07 22:26:32,896 [AppLog] INFO : 准备读取编码器位置：Y方向！
2023-04-07 22:26:32,896 [AppLog] INFO : 准备运动，编码器当前位置：DEM_GetAxisEncodeVal：MoveDirectionFlag{false为Y方向：True}CurrentPos{15.145}AimPos{69}
2023-04-07 22:26:32,927 [AppLog] INFO : Y方向运动开始：DEM_Run：返回值{True}nAxis{1}DirFlag{True}nSpeed{300000}MoveStep{53855}nCtlValue{0}
2023-04-07 22:26:33,114 [AppLog] INFO : Y方向到位停止：DEM_StopAxisRun：返回值{True}CurrentPos{26.17}bImmeStop{False}nAxisMask{2}
2023-04-07 22:26:33,114 [AppLog] INFO : 获取打印Pass数据：IDP_GetPassItem2：nLayerIndex{11}nPassID{1}nProcState{3}LPPassDataItemb:PrtDir{True}nDataTxCompleteCnt{1}nHwMemAdrMatchMask{1}nLayerIndex{11}nLayerPassCount{6}nLayerPassIndex{1}nMinJet0ImgLinePos{1280}nPrtMemHwAddr{System.UInt32[]}nPrtDataOffset{System.UInt32[]}nSrcDataSize{System.UInt32[]}nPrtColBytes{System.UInt32[]}nPrtPrecession{8}nSrcEndCols{8000}nSrcStartCols{0}nStartEncPos{10000}nValidPassJets{1280}nValidPrtCols{8310}nValidPrtCtlCnts{1}pDataBuf{0}pNextItem{685954576}
2023-04-07 22:26:33,130 [AppLog] INFO : 使能Pass打印成功：IDP_DoPassPrint2：nLayerIndex{11}nPassID{1}
2023-04-07 22:26:33,145 [AppLog] INFO : PASS打印前关键状态：DEV_GetDeviceInfo2：nLayerIndex{11}nPassID{1}LPPRINTER_INFO:nXSysEncDPI{0}nStatus{0}nPrintStatus{0}bSuperDevice{0}
LPPRINTER_INFO-LPPrtRunInfo:bJobPrtRuning{False}bLayerPrtIsOver{False}nContReqMemErr{0}nContWDErr{0}nCurPrtDir{0}nDTLayerIndex{0}nDTLayerPassIndex{0}nDTPtrCtlIndex{0}nLayerPassCount{0}nPrintLayerIndex{0}nPrintPassIndex{0}nProcLayerIndex{0}nPrtDataMemAddr{0}nPrtState{0}nReverse{System.Int32[]}nRevPrtCols{0}
LPPRINTER_INFO-LPDRVINFO:nFMVersion{0}nFpgaVersion{0}nPCBVersion{0}nState{0}nNextState{0}nPtvwarnState{0}nCrc32{0}nRevInfo{System.UInt32[]}nSignature{0}
2023-04-07 22:26:33,145 [AppLog] INFO : 进入：EquipmentMotionLogic3=》准备创建对象-手动操作！
2023-04-07 22:26:33,145 [AppLog] INFO : 进入：EquipmentMotionLogic3=》不需重新创建-手动操作！
2023-04-07 22:26:33,145 [AppLog] INFO : 进入：EquipmentMotionLogic3=》赋值完成自-AutoPrintMotion2！
2023-04-07 22:26:33,145 [AppLog] INFO : 进入：EquipmentMotionLogic3=》加载配置文件-LoadJsonFile成功！
2023-04-07 22:26:33,145 [AppLog] INFO : 进入：AutoPrintThread2！
2023-04-07 22:26:33,145 [AppLog] INFO : 准备读取编码器位置：X方向！
2023-04-07 22:26:33,145 [AppLog] INFO : 准备运动，当前位置：DEV_GetPrintEncoderValue：MoveDirectionFlag{false为Y方向：False}CurrentPos{21.55}AimPos{425}
2023-04-07 22:26:33,176 [AppLog] INFO : X方向运动开始：DEM_Run：返回值{True}nAxis{0}DirFlag{True}nSpeed{300000}MoveStep{403450}nCtlValue{2}
2023-04-07 22:26:35,080 [AppLog] INFO : X方向到位停止：DEM_StopAxisRun：返回值{True}CurrentPos{420.015}bImmeStop{False}nAxisMask{1}
2023-04-07 22:26:35,080 [AppLog] INFO : 准备读取编码器位置：Y方向！
2023-04-07 22:26:35,080 [AppLog] INFO : 准备运动，编码器当前位置：DEM_GetAxisEncodeVal：MoveDirectionFlag{false为Y方向：True}CurrentPos{68.93}AimPos{123}
2023-04-07 22:26:35,126 [AppLog] INFO : Y方向运动开始：DEM_Run：返回值{True}nAxis{1}DirFlag{True}nSpeed{300000}MoveStep{54070}nCtlValue{0}
2023-04-07 22:26:35,329 [AppLog] INFO : Y方向到位停止：DEM_StopAxisRun：返回值{True}CurrentPos{80.45}bImmeStop{False}nAxisMask{2}
2023-04-07 22:26:35,329 [AppLog] INFO : 获取打印Pass数据：IDP_GetPassItem2：nLayerIndex{11}nPassID{2}nProcState{3}LPPassDataItemb:PrtDir{False}nDataTxCompleteCnt{1}nHwMemAdrMatchMask{1}nLayerIndex{11}nLayerPassCount{6}nLayerPassIndex{2}nMinJet0ImgLinePos{2560}nPrtMemHwAddr{System.UInt32[]}nPrtDataOffset{System.UInt32[]}nSrcDataSize{System.UInt32[]}nPrtColBytes{System.UInt32[]}nPrtPrecession{8}nSrcEndCols{8000}nSrcStartCols{0}nStartEncPos{76472}nValidPassJets{1280}nValidPrtCols{8310}nValidPrtCtlCnts{1}pDataBuf{0}pNextItem{685954736}
2023-04-07 22:26:35,329 [AppLog] INFO : 使能Pass打印成功：IDP_DoPassPrint2：nLayerIndex{11}nPassID{2}
2023-04-07 22:26:35,345 [AppLog] INFO : PASS打印前关键状态：DEV_GetDeviceInfo2：nLayerIndex{11}nPassID{2}LPPRINTER_INFO:nXSysEncDPI{0}nStatus{0}nPrintStatus{0}bSuperDevice{0}
LPPRINTER_INFO-LPPrtRunInfo:bJobPrtRuning{False}bLayerPrtIsOver{False}nContReqMemErr{0}nContWDErr{0}nCurPrtDir{0}nDTLayerIndex{0}nDTLayerPassIndex{0}nDTPtrCtlIndex{0}nLayerPassCount{0}nPrintLayerIndex{0}nPrintPassIndex{0}nProcLayerIndex{0}nPrtDataMemAddr{0}nPrtState{0}nReverse{System.Int32[]}nRevPrtCols{0}
LPPRINTER_INFO-LPDRVINFO:nFMVersion{0}nFpgaVersion{0}nPCBVersion{0}nState{0}nNextState{0}nPtvwarnState{0}nCrc32{0}nRevInfo{System.UInt32[]}nSignature{0}
2023-04-07 22:26:35,345 [AppLog] INFO : 进入：EquipmentMotionLogic3=》准备创建对象-手动操作！
2023-04-07 22:26:35,345 [AppLog] INFO : 进入：EquipmentMotionLogic3=》不需重新创建-手动操作！
2023-04-07 22:26:35,345 [AppLog] INFO : 进入：EquipmentMotionLogic3=》赋值完成自-AutoPrintMotion2！
2023-04-07 22:26:35,345 [AppLog] INFO : 进入：EquipmentMotionLogic3=》加载配置文件-LoadJsonFile成功！
2023-04-07 22:26:35,345 [AppLog] INFO : 进入：AutoPrintThread2！
2023-04-07 22:26:35,345 [AppLog] INFO : 准备读取编码器位置：X方向！
2023-04-07 22:26:35,345 [AppLog] INFO : 准备运动，当前位置：DEV_GetPrintEncoderValue：MoveDirectionFlag{false为Y方向：False}CurrentPos{423.345}AimPos{25}
2023-04-07 22:26:35,376 [AppLog] INFO : X方向运动开始：DEM_Run：返回值{True}nAxis{0}DirFlag{False}nSpeed{300000}MoveStep{-398345}nCtlValue{2}
2023-04-07 22:26:37,248 [AppLog] INFO : X方向到位停止：DEM_StopAxisRun：返回值{True}CurrentPos{30.69}bImmeStop{False}nAxisMask{1}
2023-04-07 22:26:37,248 [AppLog] INFO : 准备读取编码器位置：Y方向！
2023-04-07 22:26:37,248 [AppLog] INFO : 准备运动，编码器当前位置：DEM_GetAxisEncodeVal：MoveDirectionFlag{false为Y方向：True}CurrentPos{122.85}AimPos{177}
2023-04-07 22:26:37,279 [AppLog] INFO : Y方向运动开始：DEM_Run：返回值{True}nAxis{1}DirFlag{True}nSpeed{300000}MoveStep{54150}nCtlValue{0}
2023-04-07 22:26:37,466 [AppLog] INFO : Y方向到位停止：DEM_StopAxisRun：返回值{True}CurrentPos{133.26}bImmeStop{False}nAxisMask{2}
2023-04-07 22:26:37,466 [AppLog] INFO : 获取打印Pass数据：IDP_GetPassItem2：nLayerIndex{11}nPassID{3}nProcState{3}LPPassDataItemb:PrtDir{True}nDataTxCompleteCnt{1}nHwMemAdrMatchMask{1}nLayerIndex{11}nLayerPassCount{6}nLayerPassIndex{3}nMinJet0ImgLinePos{3840}nPrtMemHwAddr{System.UInt32[]}nPrtDataOffset{System.UInt32[]}nSrcDataSize{System.UInt32[]}nPrtColBytes{System.UInt32[]}nPrtPrecession{8}nSrcEndCols{8000}nSrcStartCols{0}nStartEncPos{10000}nValidPassJets{1280}nValidPrtCols{8310}nValidPrtCtlCnts{1}pDataBuf{0}pNextItem{685954896}
2023-04-07 22:26:37,482 [AppLog] INFO : 使能Pass打印成功：IDP_DoPassPrint2：nLayerIndex{11}nPassID{3}
2023-04-07 22:26:37,498 [AppLog] INFO : PASS打印前关键状态：DEV_GetDeviceInfo2：nLayerIndex{11}nPassID{3}LPPRINTER_INFO:nXSysEncDPI{0}nStatus{0}nPrintStatus{0}bSuperDevice{0}
LPPRINTER_INFO-LPPrtRunInfo:bJobPrtRuning{False}bLayerPrtIsOver{False}nContReqMemErr{0}nContWDErr{0}nCurPrtDir{0}nDTLayerIndex{0}nDTLayerPassIndex{0}nDTPtrCtlIndex{0}nLayerPassCount{0}nPrintLayerIndex{0}nPrintPassIndex{0}nProcLayerIndex{0}nPrtDataMemAddr{0}nPrtState{0}nReverse{System.Int32[]}nRevPrtCols{0}
LPPRINTER_INFO-LPDRVINFO:nFMVersion{0}nFpgaVersion{0}nPCBVersion{0}nState{0}nNextState{0}nPtvwarnState{0}nCrc32{0}nRevInfo{System.UInt32[]}nSignature{0}
2023-04-07 22:26:37,498 [AppLog] INFO : 进入：EquipmentMotionLogic3=》准备创建对象-手动操作！
2023-04-07 22:26:37,498 [AppLog] INFO : 进入：EquipmentMotionLogic3=》不需重新创建-手动操作！
2023-04-07 22:26:37,498 [AppLog] INFO : 进入：EquipmentMotionLogic3=》赋值完成自-AutoPrintMotion2！
2023-04-07 22:26:37,498 [AppLog] INFO : 进入：EquipmentMotionLogic3=》加载配置文件-LoadJsonFile成功！
2023-04-07 22:26:37,498 [AppLog] INFO : 进入：AutoPrintThread2！
2023-04-07 22:26:37,498 [AppLog] INFO : 准备读取编码器位置：X方向！
2023-04-07 22:26:37,498 [AppLog] INFO : 准备运动，当前位置：DEV_GetPrintEncoderValue：MoveDirectionFlag{false为Y方向：False}CurrentPos{26.58}AimPos{425}
2023-04-07 22:26:37,529 [AppLog] INFO : X方向运动开始：DEM_Run：返回值{True}nAxis{0}DirFlag{True}nSpeed{300000}MoveStep{398420}nCtlValue{2}
2023-04-07 22:26:39,401 [AppLog] INFO : X方向到位停止：DEM_StopAxisRun：返回值{True}CurrentPos{418.075}bImmeStop{False}nAxisMask{1}
2023-04-07 22:26:39,401 [AppLog] INFO : 准备读取编码器位置：Y方向！
2023-04-07 22:26:39,416 [AppLog] INFO : 准备运动，编码器当前位置：DEM_GetAxisEncodeVal：MoveDirectionFlag{false为Y方向：True}CurrentPos{176.895}AimPos{231}
2023-04-07 22:26:39,463 [AppLog] INFO : Y方向运动开始：DEM_Run：返回值{True}nAxis{1}DirFlag{True}nSpeed{300000}MoveStep{54105}nCtlValue{0}
2023-04-07 22:26:39,650 [AppLog] INFO : Y方向到位停止：DEM_StopAxisRun：返回值{True}CurrentPos{187.305}bImmeStop{False}nAxisMask{2}
2023-04-07 22:26:39,650 [AppLog] INFO : 获取打印Pass数据：IDP_GetPassItem2：nLayerIndex{11}nPassID{4}nProcState{3}LPPassDataItemb:PrtDir{False}nDataTxCompleteCnt{1}nHwMemAdrMatchMask{1}nLayerIndex{11}nLayerPassCount{6}nLayerPassIndex{4}nMinJet0ImgLinePos{5120}nPrtMemHwAddr{System.UInt32[]}nPrtDataOffset{System.UInt32[]}nSrcDataSize{System.UInt32[]}nPrtColBytes{System.UInt32[]}nPrtPrecession{8}nSrcEndCols{8000}nSrcStartCols{0}nStartEncPos{76472}nValidPassJets{1280}nValidPrtCols{8310}nValidPrtCtlCnts{1}pDataBuf{0}pNextItem{685955056}
2023-04-07 22:26:39,666 [AppLog] INFO : 使能Pass打印成功：IDP_DoPassPrint2：nLayerIndex{11}nPassID{4}
2023-04-07 22:26:39,666 [AppLog] INFO : PASS打印前关键状态：DEV_GetDeviceInfo2：nLayerIndex{11}nPassID{4}LPPRINTER_INFO:nXSysEncDPI{0}nStatus{0}nPrintStatus{0}bSuperDevice{0}
LPPRINTER_INFO-LPPrtRunInfo:bJobPrtRuning{False}bLayerPrtIsOver{False}nContReqMemErr{0}nContWDErr{0}nCurPrtDir{0}nDTLayerIndex{0}nDTLayerPassIndex{0}nDTPtrCtlIndex{0}nLayerPassCount{0}nPrintLayerIndex{0}nPrintPassIndex{0}nProcLayerIndex{0}nPrtDataMemAddr{0}nPrtState{0}nReverse{System.Int32[]}nRevPrtCols{0}
LPPRINTER_INFO-LPDRVINFO:nFMVersion{0}nFpgaVersion{0}nPCBVersion{0}nState{0}nNextState{0}nPtvwarnState{0}nCrc32{0}nRevInfo{System.UInt32[]}nSignature{0}
2023-04-07 22:26:39,666 [AppLog] INFO : 进入：EquipmentMotionLogic3=》准备创建对象-手动操作！
2023-04-07 22:26:39,666 [AppLog] INFO : 进入：EquipmentMotionLogic3=》不需重新创建-手动操作！
2023-04-07 22:26:39,666 [AppLog] INFO : 进入：EquipmentMotionLogic3=》赋值完成自-AutoPrintMotion2！
2023-04-07 22:26:39,666 [AppLog] INFO : 进入：EquipmentMotionLogic3=》加载配置文件-LoadJsonFile成功！
2023-04-07 22:26:39,666 [AppLog] INFO : 进入：AutoPrintThread2！
2023-04-07 22:26:39,666 [AppLog] INFO : 准备读取编码器位置：X方向！
2023-04-07 22:26:39,666 [AppLog] INFO : 准备运动，当前位置：DEV_GetPrintEncoderValue：MoveDirectionFlag{false为Y方向：False}CurrentPos{423.41}AimPos{25}
2023-04-07 22:26:39,697 [AppLog] INFO : X方向运动开始：DEM_Run：返回值{True}nAxis{0}DirFlag{False}nSpeed{300000}MoveStep{-398410}nCtlValue{2}
2023-04-07 22:26:41,569 [AppLog] INFO : X方向到位停止：DEM_StopAxisRun：返回值{True}CurrentPos{31.27}bImmeStop{False}nAxisMask{1}
2023-04-07 22:26:41,569 [AppLog] INFO : 准备读取编码器位置：Y方向！
2023-04-07 22:26:41,569 [AppLog] INFO : 准备运动，编码器当前位置：DEM_GetAxisEncodeVal：MoveDirectionFlag{false为Y方向：True}CurrentPos{230.94}AimPos{285}
2023-04-07 22:26:41,616 [AppLog] INFO : Y方向运动开始：DEM_Run：返回值{True}nAxis{1}DirFlag{True}nSpeed{300000}MoveStep{54060}nCtlValue{0}
2023-04-07 22:26:41,819 [AppLog] INFO : Y方向到位停止：DEM_StopAxisRun：返回值{True}CurrentPos{242.405}bImmeStop{False}nAxisMask{2}
2023-04-07 22:26:41,819 [AppLog] INFO : 获取打印Pass数据：IDP_GetPassItem2：nLayerIndex{11}nPassID{5}nProcState{3}LPPassDataItemb:PrtDir{True}nDataTxCompleteCnt{1}nHwMemAdrMatchMask{1}nLayerIndex{11}nLayerPassCount{6}nLayerPassIndex{5}nMinJet0ImgLinePos{6400}nPrtMemHwAddr{System.UInt32[]}nPrtDataOffset{System.UInt32[]}nSrcDataSize{System.UInt32[]}nPrtColBytes{System.UInt32[]}nPrtPrecession{8}nSrcEndCols{8000}nSrcStartCols{0}nStartEncPos{10000}nValidPassJets{1280}nValidPrtCols{8310}nValidPrtCtlCnts{1}pDataBuf{0}pNextItem{0}
2023-04-07 22:26:41,834 [AppLog] INFO : 使能Pass打印成功：IDP_DoPassPrint2：nLayerIndex{11}nPassID{5}
2023-04-07 22:26:41,834 [AppLog] INFO : PASS打印前关键状态：DEV_GetDeviceInfo2：nLayerIndex{11}nPassID{5}LPPRINTER_INFO:nXSysEncDPI{0}nStatus{0}nPrintStatus{0}bSuperDevice{0}
LPPRINTER_INFO-LPPrtRunInfo:bJobPrtRuning{False}bLayerPrtIsOver{False}nContReqMemErr{0}nContWDErr{0}nCurPrtDir{0}nDTLayerIndex{0}nDTLayerPassIndex{0}nDTPtrCtlIndex{0}nLayerPassCount{0}nPrintLayerIndex{0}nPrintPassIndex{0}nProcLayerIndex{0}nPrtDataMemAddr{0}nPrtState{0}nReverse{System.Int32[]}nRevPrtCols{0}
LPPRINTER_INFO-LPDRVINFO:nFMVersion{0}nFpgaVersion{0}nPCBVersion{0}nState{0}nNextState{0}nPtvwarnState{0}nCrc32{0}nRevInfo{System.UInt32[]}nSignature{0}
2023-04-07 22:26:41,834 [AppLog] INFO : 进入：EquipmentMotionLogic3=》准备创建对象-手动操作！
2023-04-07 22:26:41,834 [AppLog] INFO : 进入：EquipmentMotionLogic3=》不需重新创建-手动操作！
2023-04-07 22:26:41,834 [AppLog] INFO : 进入：EquipmentMotionLogic3=》赋值完成自-AutoPrintMotion2！
2023-04-07 22:26:41,834 [AppLog] INFO : 进入：EquipmentMotionLogic3=》加载配置文件-LoadJsonFile成功！
2023-04-07 22:26:41,834 [AppLog] INFO : 进入：AutoPrintThread2！
2023-04-07 22:26:41,834 [AppLog] INFO : 准备读取编码器位置：X方向！
2023-04-07 22:26:41,834 [AppLog] INFO : 准备运动，当前位置：DEV_GetPrintEncoderValue：MoveDirectionFlag{false为Y方向：False}CurrentPos{26.59}AimPos{425}
2023-04-07 22:26:41,866 [AppLog] INFO : X方向运动开始：DEM_Run：返回值{True}nAxis{0}DirFlag{True}nSpeed{300000}MoveStep{398410}nCtlValue{2}
2023-04-07 22:26:43,738 [AppLog] INFO : X方向到位停止：DEM_StopAxisRun：返回值{True}CurrentPos{418.26}bImmeStop{False}nAxisMask{1}
2023-04-07 22:26:43,738 [AppLog] INFO : 准备读取编码器位置：X方向！
2023-04-07 22:26:43,738 [AppLog] INFO : 准备运动，当前位置：DEV_GetPrintEncoderValue：MoveDirectionFlag{false为Y方向：False}CurrentPos{418.47}AimPos{780}
2023-04-07 22:26:43,769 [AppLog] INFO : X方向运动开始：DEM_Run：返回值{True}nAxis{0}DirFlag{True}nSpeed{300000}MoveStep{361530}nCtlValue{2}
2023-04-07 22:26:43,769 [AppLog] INFO : 准备读取编码器位置：Y方向！
2023-04-07 22:26:43,784 [AppLog] INFO : 准备运动，编码器当前位置：DEM_GetAxisEncodeVal：MoveDirectionFlag{false为Y方向：True}CurrentPos{284.96}AimPos{121}
2023-04-07 22:26:43,831 [AppLog] INFO : Y方向运动开始：DEM_Run：返回值{True}nAxis{1}DirFlag{False}nSpeed{300000}MoveStep{-163960}nCtlValue{0}
2023-04-07 22:26:45,532 [AppLog] INFO : Y方向到位等停：DEM_StopAxisRun：返回值{True}bImmeStop{False}nAxisMask{1}
2023-04-07 22:26:45,532 [AppLog] INFO : X方向到位等停：DEM_StopAxisRun：返回值{True}bImmeStop{False}nAxisMask{2}
2023-04-07 22:26:45,547 [AppLog] INFO : 开启闪喷操作：IDP_FlashPrtCtl：返回值{True}
2023-04-07 22:26:45,547 [AppLog] INFO : 进入：EquipmentMotionLogic3=》准备创建对象-手动操作！
2023-04-07 22:26:45,547 [AppLog] INFO : 进入：EquipmentMotionLogic3=》不需重新创建-手动操作！
2023-04-07 22:26:45,547 [AppLog] INFO : 进入：EquipmentMotionLogic3=》赋值完成自-AutoPrintMotion2！
2023-04-07 22:26:45,547 [AppLog] INFO : 进入：EquipmentMotionLogic3=》加载配置文件-LoadJsonFile成功！
2023-04-07 22:26:45,547 [AppLog] INFO : 进入自动铺粉逻辑：NewAutoSupplyPowderThread2
2023-04-07 22:26:45,625 [AppLog] INFO : 手动正向点动指令（8轴运控板卡系统） ====》：输出AXIS{第1轴},点动量{-0.1MM},运动速度{2MM/s}
2023-04-07 22:26:45,625 [AppLog] INFO : 成形面高度下降层厚 TrapSpace{0.1mm}：TrapMoveUp(1, true, Convert.ToString(vel), Convert.ToString(TrapSpace), true, true）
2023-04-07 22:26:46,390 [AppLog] INFO : 手动正向点动指令（8轴运控板卡系统） ====》：输出AXIS{第1轴},点动量{-1.5MM},运动速度{2MM/s}
2023-04-07 22:26:46,390 [AppLog] INFO : 成形面高度下降指定厚度 TrapSpace{1.5mm}：TrapMoveUp(1, true, Convert.ToString(vel), Convert.ToString(TrapSpace), true, true）
2023-04-07 22:26:47,170 [AppLog] INFO : 手动正向点动指令（8轴运控板卡系统） ====》：输出AXIS{第1轴},点动量{1.5MM},运动速度{2MM/s}
2023-04-07 22:26:47,170 [AppLog] INFO : 成形面高度上升层厚 TrapSpace{1.5mm}：TrapMoveUp(1, true, Convert.ToString(vel), Convert.ToString(TrapSpace), true, true）
2023-04-07 22:26:47,388 [AppLog] INFO : 手动正向点动指令（8轴运控板卡系统） ====》：输出AXIS{第8轴},点动量{0.5MM},运动速度{2.5MM/s}
2023-04-07 22:26:47,388 [AppLog] INFO : Hopper落粉轴转2圈落粉，速度0.5rev/s：TrapMoveUp(8, true, 0.5, rotateNuM.ToString(), true, false)
2023-04-07 22:26:48,683 [AppLog] INFO : 手动正向点动指令（8轴运控板卡系统） ====》：输出AXIS{第2轴},点动量{258MM},运动速度{200MM/s}
2023-04-07 22:26:48,683 [AppLog] INFO : 开启铺粉车不等停运动至准备打印位置255mm，速度200mm/s：BackToStation2
2023-04-07 22:26:48,683 [AppLog] INFO : 手动正向点动指令（8轴运控板卡系统） ====》：输出AXIS{第2轴},点动量{440MM},运动速度{50MM/s}
2023-04-07 22:26:48,683 [AppLog] INFO : 开启铺粉车不等停运动至准备打印位置695mm，速度50mm/s：BackToStation2
2023-04-07 22:26:48,792 [AppLog] INFO : 打开IR灯：OpenIRLamp(true)
2023-04-07 22:26:48,792 [AppLog] INFO : 手动正向点动指令（8轴运控板卡系统） ====》：输出AXIS{第3轴},点动量{0.5MM},运动速度{0.0753424657534247MM/s}
2023-04-07 22:26:48,792 [AppLog] INFO : 开启均匀落粉及辊子铺平运动：TrapMoveUp(3, true, Convert.ToString(DispenseRollerSpeed), 0.5, true, true)
2023-04-07 22:26:53,909 [AppLog] INFO : 关闭IR灯：OpenIRLamp(false)
2023-04-07 22:26:56,249 [AppLog] INFO : 手动正向点动指令（8轴运控板卡系统） ====》：输出AXIS{第3轴},点动量{0.5MM},运动速度{2MM/s}
2023-04-07 22:26:56,249 [AppLog] INFO : 落粉轴继续转动以倒掉余粉：TrapMoveUp(3, true, 2, 0.5, true, false)
2023-04-07 22:26:58,261 [AppLog] INFO : 手动正向点动指令（8轴运控板卡系统） ====》：输出AXIS{第1轴},点动量{-1.5MM},运动速度{2MM/s}
2023-04-07 22:26:58,261 [AppLog] INFO : 成形面高度下降指定厚度 TrapSpace{1.5mm}：TrapMoveUp(1, true, Convert.ToString(vel), Convert.ToString(TrapSpace), true, true）
2023-04-07 22:27:01,756 [AppLog] INFO : 手动正向点动指令（8轴运控板卡系统） ====》：输出AXIS{第2轴},点动量{-698MM},运动速度{200MM/s}
2023-04-07 22:27:01,756 [AppLog] INFO : 铺粉车返回至站1：BackToStation2(AimPos, MovSpeed, true)：-3mm，速度200mm/s：BackToStation2
2023-04-07 22:27:02,146 [AppLog] INFO : 落粉轴回零成功：motionMap.SetBackSpreaderAxis(3, 0.5, 2, -SinkPosition)：ReturnCode{True}
2023-04-07 22:27:02,473 [AppLog] INFO : 关闭闪喷操作：IDP_FlashPrtCtl：返回值{True}
2023-04-07 22:27:02,473 [AppLog] INFO : 删除打印任务：准备删除数据处理及打印线程
2023-04-07 22:27:02,489 [AppLog] INFO : 对象发生异常，区间位点2：System.Threading.ThreadAbortException: 正在中止线程。
   在 gts.mc.GT_GetPrfPos(Int16 cardNum, Int16 profile, Double& pValue, Int16 count, UInt32& pClock)
   在 Motion.GoogolMotionMap.TrapMotion(Int16 AXIS, TTrapPrm& p_trap, Int32 position, Double vel, Double RollerParam, Int32 RollerDirection, Boolean WaitStopFlag)
   在 BinderJetting.手动操作.TrapMoveUp(Int16 AXIS, Boolean m_bMoveModeFlag, String m_sVel, String m_sStep, Boolean OtherThreadUse, Boolean WaitStopFlag)
   在 BinderJetting.手动操作.NewAutoSupplyPowderThread2(SendMessageToCamera& toCamera, Int32 RecordLayerIndex, Int32 RecordProcessIndex)
   在 BinderJetting.主界面.EquipmentMotionLogic3(Int32 index, Int32 Command, Int32 PassIndex, Single m_MovSpeed, Single m_BackCleanMovSpeed, SendMessageToCamera& toCamera, Int32 RecordLayerIndex, Int32 RecordProcessIndex)
2023-04-07 22:27:02,598 [AppLog] INFO : 关闭打印线程成功：PrintTaskTHREAD
2023-04-07 22:27:02,598 [AppLog] INFO : 关闭打印线程成功：DataTaskTHREAD
2023-04-07 22:27:02,598 [AppLog] INFO : 停止打印任务，释放板卡内存：IDP_StopPrintJob()：ReturnFlag{True}
2023-04-07 22:27:03,737 [AppLog] INFO : 进入手动调试子模块！
2023-04-07 22:27:03,737 [AppLog] INFO : 进入：ManulBtn_Click=》准备创建对象-手动操作！
2023-04-07 22:27:03,768 [AppLog] INFO : 创建：ManualControl=》创建完成-手动操作！
2023-04-07 22:27:03,768 [AppLog] INFO : 加载成功：温控Modbus接口！
2023-04-07 22:27:10,882 [AppLog] INFO : 开启刮墨轴回零校准：SpreaderHomeBtn_Click
2023-04-07 22:27:11,864 [AppLog] INFO : 刮墨轴回零成功：SpreaderHomeBtn_Click：{AXIS{4},Vel{1圈/s},开槽位置{-108°}}
2023-04-07 22:27:18,073 [AppLog] INFO : 手动正向JOG指令（8轴运控板卡系统） ====》：输出AXIS{第4轴},运动速度{0.5MM/s}
2023-04-07 22:27:18,151 [AppLog] INFO : 自动停止铺粉棍轴JOG输出（8轴运控板卡系统） ====》：输出AXIS{第6轴}
2023-04-07 22:27:18,151 [AppLog] INFO : 手动停止JOG输出（8轴运控板卡系统） ====》：输出AXIS{第4轴}
2023-04-07 22:27:22,082 [AppLog] INFO : 开启撒粉轴回零校准：SpreaderHomeBtn_Click
2023-04-07 22:27:22,847 [AppLog] INFO : 撒粉轴回零成功：SetBackSpreaderAxis：{AXIS{3}, Vel{0.5圈/s},开槽位置{-40°}}
2023-04-07 22:27:25,608 [AppLog] INFO : 开启刮墨轴回零校准：SpreaderHomeBtn_Click
2023-04-07 22:27:26,528 [AppLog] INFO : 刮墨轴回零成功：SpreaderHomeBtn_Click：{AXIS{4},Vel{1圈/s},开槽位置{-108°}}
2023-04-07 22:27:31,396 [AppLog] INFO : 手动正向JOG指令（8轴运控板卡系统） ====》：输出AXIS{第4轴},运动速度{0.5MM/s}
2023-04-07 22:27:31,458 [AppLog] INFO : 自动停止铺粉棍轴JOG输出（8轴运控板卡系统） ====》：输出AXIS{第6轴}
2023-04-07 22:27:31,458 [AppLog] INFO : 手动停止JOG输出（8轴运控板卡系统） ====》：输出AXIS{第4轴}
2023-04-07 22:27:34,063 [AppLog] INFO : 开启刮墨轴回零校准：SpreaderHomeBtn_Click
2023-04-07 22:27:34,999 [AppLog] INFO : 刮墨轴回零成功：SpreaderHomeBtn_Click：{AXIS{4},Vel{1圈/s},开槽位置{-108°}}
2023-04-07 22:27:39,398 [AppLog] INFO : 切换为点动模式====》：输出AXIS{第4轴}
2023-04-07 22:27:41,879 [AppLog] INFO : 手动正向点动指令（8轴运控板卡系统） ====》：输出AXIS{第4轴},点动量{0.5MM},运动速度{0.5MM/s}
2023-04-07 22:27:57,978 [AppLog] INFO : 开启刮墨轴回零校准：SpreaderHomeBtn_Click
2023-04-07 22:27:59,491 [AppLog] INFO : 刮墨轴回零成功：SpreaderHomeBtn_Click：{AXIS{4},Vel{1圈/s},开槽位置{-107°}}
2023-04-07 22:28:04,905 [AppLog] INFO : 手动正向点动指令（8轴运控板卡系统） ====》：输出AXIS{第4轴},点动量{0.5MM},运动速度{0.5MM/s}
2023-04-07 22:28:11,831 [AppLog] INFO : 手动开启自动清洗过程：AutoCleanBtn_Click
2023-04-07 22:28:11,831 [AppLog] INFO : 进入自动清洗过程：AutoCleanThread
2023-04-07 22:28:13,344 [AppLog] INFO : 刮墨轴回零成功：motionMap.SetBackSpreaderAxis(4, 1, 2, -SinkPosition)
2023-04-07 22:28:13,344 [AppLog] INFO : 准备读取编码器位置：Y方向！
2023-04-07 22:28:13,344 [AppLog] INFO : 准备运动，编码器当前位置：DEM_GetAxisEncodeVal：MoveDirectionFlag{false为Y方向：True}CurrentPos{121.275}AimPos{121}
2023-04-07 22:28:13,375 [AppLog] INFO : Y方向运动开始：DEM_Run：返回值{True}nAxis{1}DirFlag{False}nSpeed{300000}MoveStep{-275.000000000006}nCtlValue{0}
2023-04-07 22:28:13,578 [AppLog] INFO : Y方向到位停止：DEM_StopAxisRun：返回值{True}CurrentPos{121.275}bImmeStop{False}nAxisMask{2}
2023-04-07 22:28:13,578 [AppLog] INFO : 准备读取编码器位置：X方向！
2023-04-07 22:28:13,578 [AppLog] INFO : 准备运动，当前位置：DEV_GetPrintEncoderValue：MoveDirectionFlag{false为Y方向：False}CurrentPos{784.945}AimPos{780}
2023-04-07 22:28:13,609 [AppLog] INFO : X方向运动开始：DEM_Run：返回值{True}nAxis{0}DirFlag{False}nSpeed{300000}MoveStep{-4945.00000000005}nCtlValue{2}
2023-04-07 22:28:13,890 [AppLog] INFO : X方向到位停止：DEM_StopAxisRun：返回值{True}CurrentPos{780.74}bImmeStop{False}nAxisMask{1}
2023-04-07 22:28:14,717 [AppLog] INFO : 开启压墨： motionMap.SetDo(13, true)
2023-04-07 22:28:18,726 [AppLog] INFO : 关闭压墨： motionMap.SetDo(13, true)
2023-04-07 22:28:18,726 [AppLog] INFO : 准备读取编码器位置：X方向！
2023-04-07 22:28:18,726 [AppLog] INFO : 准备运动，当前位置：DEV_GetPrintEncoderValue：MoveDirectionFlag{false为Y方向：False}CurrentPos{780.36}AimPos{680}
2023-04-07 22:28:18,757 [AppLog] INFO : X方向运动开始：DEM_Run：返回值{True}nAxis{0}DirFlag{False}nSpeed{50000}MoveStep{-100360}nCtlValue{2}
2023-04-07 22:28:20,817 [AppLog] INFO : X方向到位停止：DEM_StopAxisRun：返回值{True}CurrentPos{683.735}bImmeStop{False}nAxisMask{1}
2023-04-07 22:28:21,456 [AppLog] INFO : 退出手动调试子模块,已执行修改
==========================================================================
2023-04-07 22:28:21,643 [AppLog] INFO : 结束自动清洗过程：AutoCleanThread
2023-04-07 22:28:22,470 [AppLog] INFO : 启动打印任务：准备开启数据处理及打印线程
2023-04-07 22:28:22,470 [AppLog] INFO : 停止打印任务，释放板卡内存：IDP_StopPrintJob()：ReturnFlag{True}
2023-04-07 22:28:22,470 [AppLog] INFO : 启动打印线程成功： DataTaskTHREAD
2023-04-07 22:28:22,470 [AppLog] INFO : 启动打印线程成功：PrintTaskTHREAD
2023-04-07 22:28:22,486 [AppLog] INFO : 写入打印参数：IDP_SartPrintJob：nJobID{1}szJobName{金属3DP打印}nPixelGrayBits{1} nPrtCtl{0}nPrtXEncPos{10000}fPrtYPos{0}
2023-04-07 22:28:22,486 [AppLog] INFO : 进入：EquipmentMotionLogic3=》准备创建对象-手动操作！
2023-04-07 22:28:22,486 [AppLog] INFO : 创建：AutoPrintMotion4=》不需重新创建-手动操作！
2023-04-07 22:28:22,501 [AppLog] INFO : 准备处理第1层数据：准备调用RenderToWic，index为0，subindex为0，g_nRePrintTimes为1，起始层为0
2023-04-07 22:28:22,673 [AppLog] INFO : 完成处理第0层数据：准备调用DrawLayerBMP，index为0，起始层为0
2023-04-07 22:28:22,673 [AppLog] INFO : 完成处理第0层数据：准备调用DrawLayerBMP，index为0，起始层为0
2023-04-07 22:28:23,391 [AppLog] INFO : 作业写入成功：IDP_WriteImgLayerData：bpp:{1bit}灰阶:{1阶}nLayerIndex{0}LayerIndex{0}SubIndex{0}RePrintTimes{1}nBytesPerLine{1004}nWidth{8001}nHeight{7560}nXEncOff{0}nYJetOff{0}nImgStartJetIndex{0}nXDPI{635}nYDPI{600}nPrtDir{0} nPrtFlag{1}nColorCnts{1}nReserved{System.Int32[]}
2023-04-07 22:28:23,391 [AppLog] INFO : 完成处理第1层数据：准备调用RenderToWic，index为0，subindex为0，g_nRePrintTimes为1，起始层为0
2023-04-07 22:28:23,391 [AppLog] INFO : 准备处理第1层数据：准备调用RenderToWic，index为0，subindex为1，g_nRePrintTimes为1，起始层为0
2023-04-07 22:28:23,578 [AppLog] INFO : 完成处理第0层数据：准备调用DrawLayerBMP，index为0，起始层为0
2023-04-07 22:28:23,578 [AppLog] INFO : 完成处理第0层数据：准备调用DrawLayerBMP，index为0，起始层为0
2023-04-07 22:28:24,280 [AppLog] INFO : 作业写入成功：IDP_WriteImgLayerData：bpp:{1bit}灰阶:{1阶}nLayerIndex{1}LayerIndex{0}SubIndex{1}RePrintTimes{1}nBytesPerLine{1004}nWidth{8001}nHeight{7560}nXEncOff{0}nYJetOff{0}nImgStartJetIndex{0}nXDPI{635}nYDPI{600}nPrtDir{0} nPrtFlag{1}nColorCnts{1}nReserved{System.Int32[]}
2023-04-07 22:28:24,280 [AppLog] INFO : 完成处理第1层数据：准备调用RenderToWic，index为0，subindex为1，g_nRePrintTimes为1，起始层为0
2023-04-07 22:28:24,280 [AppLog] INFO : 准备处理第1层数据：准备调用RenderToWic，index为1，subindex为0，g_nRePrintTimes为1，起始层为0
2023-04-07 22:28:24,327 [AppLog] INFO : 关闭自动供墨：DEV_EnableInkAutoSupply：ControlBit{0xX}
2023-04-07 22:28:24,342 [AppLog] INFO : 初始化墨轴1：DEM_InitAxis：{0, 0x100}
2023-04-07 22:28:24,358 [AppLog] INFO : 初始化墨轴2：DEM_InitAxis：{1, 0x1400}
2023-04-07 22:28:24,358 [AppLog] INFO : 初始化墨轴3：DEM_InitAxis：{1, 0x1400}
2023-04-07 22:28:24,373 [AppLog] INFO : 使能所有墨轴：DEM_EnableAxisRun：{true}
2023-04-07 22:28:24,373 [AppLog] INFO : 使能双Y墨轴输出同步：DEM_EnableDYOutPut：{true, true}
2023-04-07 22:28:24,373 [AppLog] INFO : 初始化墨轴1：DEM_InitAxis：{0, 0x100}
2023-04-07 22:28:24,373 [AppLog] INFO : 使能所有墨轴：DEM_EnableAxisRun：{true}
2023-04-07 22:28:24,389 [AppLog] INFO : 开启自动供墨：DEV_EnableInkAutoSupply：ControlBit{0xFF}
2023-04-07 22:28:24,389 [AppLog] INFO : 接收到恢复打印指令：PrintTaskTHREAD
2023-04-07 22:28:24,389 [AppLog] INFO : 获取打印Pass数据：IDP_GetPassItem2：nLayerIndex{1}nPassID{0}nProcState{3}LPPassDataItemb:PrtDir{False}nDataTxCompleteCnt{1}nHwMemAdrMatchMask{1}nLayerIndex{1}nLayerPassCount{6}nLayerPassIndex{0}nMinJet0ImgLinePos{0}nPrtMemHwAddr{System.UInt32[]}nPrtDataOffset{System.UInt32[]}nSrcDataSize{System.UInt32[]}nPrtColBytes{System.UInt32[]}nPrtPrecession{8}nSrcEndCols{8000}nSrcStartCols{0}nStartEncPos{76472}nValidPassJets{1280}nValidPrtCols{8310}nValidPrtCtlCnts{1}pDataBuf{0}pNextItem{674161856}
2023-04-07 22:28:24,405 [AppLog] INFO : 使能Pass打印成功：IDP_DoPassPrint2：nLayerIndex{1}nPassID{0}
2023-04-07 22:28:24,405 [AppLog] INFO : PASS打印前关键状态：DEV_GetDeviceInfo2：nLayerIndex{1}nPassID{0}LPPRINTER_INFO:nXSysEncDPI{0}nStatus{0}nPrintStatus{0}bSuperDevice{0}
LPPRINTER_INFO-LPPrtRunInfo:bJobPrtRuning{False}bLayerPrtIsOver{False}nContReqMemErr{0}nContWDErr{0}nCurPrtDir{0}nDTLayerIndex{0}nDTLayerPassIndex{0}nDTPtrCtlIndex{0}nLayerPassCount{0}nPrintLayerIndex{0}nPrintPassIndex{0}nProcLayerIndex{0}nPrtDataMemAddr{0}nPrtState{0}nReverse{System.Int32[]}nRevPrtCols{0}
LPPRINTER_INFO-LPDRVINFO:nFMVersion{0}nFpgaVersion{0}nPCBVersion{0}nState{0}nNextState{0}nPtvwarnState{0}nCrc32{0}nRevInfo{System.UInt32[]}nSignature{0}
2023-04-07 22:28:24,405 [AppLog] INFO : 进入：EquipmentMotionLogic3=》准备创建对象-手动操作！
2023-04-07 22:28:24,405 [AppLog] INFO : 进入：EquipmentMotionLogic3=》不需重新创建-手动操作！
2023-04-07 22:28:24,405 [AppLog] INFO : 进入：EquipmentMotionLogic3=》赋值完成自-AutoPrintMotion2！
2023-04-07 22:28:24,405 [AppLog] INFO : 进入：EquipmentMotionLogic3=》加载配置文件-LoadJsonFile成功！
2023-04-07 22:28:24,405 [AppLog] INFO : 进入自动清洗过程：AutoCleanThread
2023-04-07 22:28:24,467 [AppLog] INFO : 完成处理第1层数据：准备调用DrawLayerBMP，index为1，起始层为0
2023-04-07 22:28:24,467 [AppLog] INFO : 完成处理第1层数据：准备调用DrawLayerBMP，index为1，起始层为0
2023-04-07 22:28:25,185 [AppLog] INFO : 作业写入成功：IDP_WriteImgLayerData：bpp:{1bit}灰阶:{1阶}nLayerIndex{2}LayerIndex{1}SubIndex{1}RePrintTimes{1}nBytesPerLine{1004}nWidth{8001}nHeight{7560}nXEncOff{0}nYJetOff{0}nImgStartJetIndex{0}nXDPI{635}nYDPI{600}nPrtDir{0} nPrtFlag{1}nColorCnts{1}nReserved{System.Int32[]}
2023-04-07 22:28:25,200 [AppLog] INFO : 完成处理第1层数据：准备调用RenderToWic，index为1，subindex为0，g_nRePrintTimes为1，起始层为0
2023-04-07 22:28:25,216 [AppLog] INFO : 准备处理第1层数据：准备调用RenderToWic，index为2，subindex为0，g_nRePrintTimes为1，起始层为0
2023-04-07 22:28:25,387 [AppLog] INFO : 刮墨轴回零成功：motionMap.SetBackSpreaderAxis(4, 1, 2, -SinkPosition)
2023-04-07 22:28:25,387 [AppLog] INFO : 准备读取编码器位置：Y方向！
2023-04-07 22:28:25,387 [AppLog] INFO : 准备运动，编码器当前位置：DEM_GetAxisEncodeVal：MoveDirectionFlag{false为Y方向：True}CurrentPos{120.975}AimPos{121}
2023-04-07 22:28:25,387 [AppLog] INFO : 完成处理第2层数据：准备调用DrawLayerBMP，index为2，起始层为0
2023-04-07 22:28:25,387 [AppLog] INFO : 完成处理第2层数据：准备调用DrawLayerBMP，index为2，起始层为0
2023-04-07 22:28:25,419 [AppLog] INFO : Y方向运动开始：DEM_Run：返回值{True}nAxis{1}DirFlag{True}nSpeed{300000}MoveStep{24.9999999999915}nCtlValue{0}
2023-04-07 22:28:25,434 [AppLog] INFO : Y方向到位停止：DEM_StopAxisRun：返回值{True}CurrentPos{120.975}bImmeStop{False}nAxisMask{2}
2023-04-07 22:28:25,434 [AppLog] INFO : 准备读取编码器位置：X方向！
2023-04-07 22:28:25,434 [AppLog] INFO : 准备运动，当前位置：DEV_GetPrintEncoderValue：MoveDirectionFlag{false为Y方向：False}CurrentPos{680.335}AimPos{780}
2023-04-07 22:28:25,465 [AppLog] INFO : X方向运动开始：DEM_Run：返回值{True}nAxis{0}DirFlag{True}nSpeed{300000}MoveStep{99665}nCtlValue{2}
2023-04-07 22:28:26,105 [AppLog] INFO : 作业写入成功：IDP_WriteImgLayerData：bpp:{1bit}灰阶:{1阶}nLayerIndex{3}LayerIndex{2}SubIndex{1}RePrintTimes{1}nBytesPerLine{1004}nWidth{8001}nHeight{7560}nXEncOff{0}nYJetOff{0}nImgStartJetIndex{0}nXDPI{635}nYDPI{600}nPrtDir{0} nPrtFlag{1}nColorCnts{1}nReserved{System.Int32[]}
2023-04-07 22:28:26,105 [AppLog] INFO : 完成处理第1层数据：准备调用RenderToWic，index为2，subindex为0，g_nRePrintTimes为1，起始层为0
2023-04-07 22:28:26,105 [AppLog] INFO : 准备处理第1层数据：准备调用RenderToWic，index为3，subindex为0，g_nRePrintTimes为1，起始层为0
2023-04-07 22:28:26,292 [AppLog] INFO : 完成处理第3层数据：准备调用DrawLayerBMP，index为3，起始层为0
2023-04-07 22:28:26,292 [AppLog] INFO : 完成处理第3层数据：准备调用DrawLayerBMP，index为3，起始层为0
2023-04-07 22:28:26,355 [AppLog] INFO : X方向到位停止：DEM_StopAxisRun：返回值{True}CurrentPos{777.5}bImmeStop{False}nAxisMask{1}
2023-04-07 22:28:27,010 [AppLog] INFO : 作业写入成功：IDP_WriteImgLayerData：bpp:{1bit}灰阶:{1阶}nLayerIndex{4}LayerIndex{3}SubIndex{1}RePrintTimes{1}nBytesPerLine{1004}nWidth{8001}nHeight{7560}nXEncOff{0}nYJetOff{0}nImgStartJetIndex{0}nXDPI{635}nYDPI{600}nPrtDir{0} nPrtFlag{1}nColorCnts{1}nReserved{System.Int32[]}
2023-04-07 22:28:27,010 [AppLog] INFO : 完成处理第1层数据：准备调用RenderToWic，index为3，subindex为0，g_nRePrintTimes为1，起始层为0
2023-04-07 22:28:27,010 [AppLog] INFO : 准备处理第1层数据：准备调用RenderToWic，index为4，subindex为0，g_nRePrintTimes为1，起始层为0
2023-04-07 22:28:27,181 [AppLog] INFO : 开启压墨： motionMap.SetDo(13, true)
2023-04-07 22:28:27,197 [AppLog] INFO : 完成处理第4层数据：准备调用DrawLayerBMP，index为4，起始层为0
2023-04-07 22:28:27,197 [AppLog] INFO : 完成处理第4层数据：准备调用DrawLayerBMP，index为4，起始层为0
2023-04-07 22:28:27,899 [AppLog] INFO : 作业写入成功：IDP_WriteImgLayerData：bpp:{1bit}灰阶:{1阶}nLayerIndex{5}LayerIndex{4}SubIndex{1}RePrintTimes{1}nBytesPerLine{1004}nWidth{8001}nHeight{7560}nXEncOff{0}nYJetOff{0}nImgStartJetIndex{0}nXDPI{635}nYDPI{600}nPrtDir{0} nPrtFlag{1}nColorCnts{1}nReserved{System.Int32[]}
2023-04-07 22:28:27,899 [AppLog] INFO : 完成处理第1层数据：准备调用RenderToWic，index为4，subindex为0，g_nRePrintTimes为1，起始层为0
2023-04-07 22:28:27,899 [AppLog] INFO : 准备处理第1层数据：准备调用RenderToWic，index为5，subindex为0，g_nRePrintTimes为1，起始层为0
2023-04-07 22:28:28,071 [AppLog] INFO : 完成处理第5层数据：准备调用DrawLayerBMP，index为5，起始层为0
2023-04-07 22:28:28,071 [AppLog] INFO : 完成处理第5层数据：准备调用DrawLayerBMP，index为5，起始层为0
2023-04-07 22:28:28,788 [AppLog] INFO : 作业写入成功：IDP_WriteImgLayerData：bpp:{1bit}灰阶:{1阶}nLayerIndex{6}LayerIndex{5}SubIndex{1}RePrintTimes{1}nBytesPerLine{1004}nWidth{8001}nHeight{7560}nXEncOff{0}nYJetOff{0}nImgStartJetIndex{0}nXDPI{635}nYDPI{600}nPrtDir{0} nPrtFlag{1}nColorCnts{1}nReserved{System.Int32[]}
2023-04-07 22:28:28,788 [AppLog] INFO : 完成处理第1层数据：准备调用RenderToWic，index为5，subindex为0，g_nRePrintTimes为1，起始层为0
2023-04-07 22:28:28,788 [AppLog] INFO : 准备处理第1层数据：准备调用RenderToWic，index为6，subindex为0，g_nRePrintTimes为1，起始层为0
2023-04-07 22:28:28,975 [AppLog] INFO : 完成处理第6层数据：准备调用DrawLayerBMP，index为6，起始层为0
2023-04-07 22:28:28,975 [AppLog] INFO : 完成处理第6层数据：准备调用DrawLayerBMP，index为6，起始层为0
2023-04-07 22:28:29,818 [AppLog] INFO : 作业写入成功：IDP_WriteImgLayerData：bpp:{1bit}灰阶:{1阶}nLayerIndex{7}LayerIndex{6}SubIndex{1}RePrintTimes{1}nBytesPerLine{1004}nWidth{8001}nHeight{7560}nXEncOff{0}nYJetOff{0}nImgStartJetIndex{0}nXDPI{635}nYDPI{600}nPrtDir{0} nPrtFlag{1}nColorCnts{1}nReserved{System.Int32[]}
2023-04-07 22:28:29,818 [AppLog] INFO : 完成处理第1层数据：准备调用RenderToWic，index为6，subindex为0，g_nRePrintTimes为1，起始层为0
2023-04-07 22:28:29,818 [AppLog] INFO : 准备处理第1层数据：准备调用RenderToWic，index为7，subindex为0，g_nRePrintTimes为1，起始层为0
2023-04-07 22:28:30,005 [AppLog] INFO : 完成处理第7层数据：准备调用DrawLayerBMP，index为7，起始层为0
2023-04-07 22:28:30,005 [AppLog] INFO : 完成处理第7层数据：准备调用DrawLayerBMP，index为7，起始层为0
2023-04-07 22:28:30,707 [AppLog] INFO : 作业写入成功：IDP_WriteImgLayerData：bpp:{1bit}灰阶:{1阶}nLayerIndex{8}LayerIndex{7}SubIndex{1}RePrintTimes{1}nBytesPerLine{1004}nWidth{8001}nHeight{7560}nXEncOff{0}nYJetOff{0}nImgStartJetIndex{0}nXDPI{635}nYDPI{600}nPrtDir{0} nPrtFlag{1}nColorCnts{1}nReserved{System.Int32[]}
2023-04-07 22:28:30,707 [AppLog] INFO : 完成处理第1层数据：准备调用RenderToWic，index为7，subindex为0，g_nRePrintTimes为1，起始层为0
2023-04-07 22:28:30,707 [AppLog] INFO : 准备处理第1层数据：准备调用RenderToWic，index为8，subindex为0，g_nRePrintTimes为1，起始层为0
2023-04-07 22:28:30,894 [AppLog] INFO : 完成处理第8层数据：准备调用DrawLayerBMP，index为8，起始层为0
2023-04-07 22:28:30,894 [AppLog] INFO : 完成处理第8层数据：准备调用DrawLayerBMP，index为8，起始层为0
2023-04-07 22:28:31,191 [AppLog] INFO : 关闭压墨： motionMap.SetDo(13, true)
2023-04-07 22:28:31,191 [AppLog] INFO : 准备读取编码器位置：X方向！
2023-04-07 22:28:31,191 [AppLog] INFO : 准备运动，当前位置：DEV_GetPrintEncoderValue：MoveDirectionFlag{false为Y方向：False}CurrentPos{779.33}AimPos{680}
2023-04-07 22:28:31,222 [AppLog] INFO : X方向运动开始：DEM_Run：返回值{True}nAxis{0}DirFlag{False}nSpeed{50000}MoveStep{-99330}nCtlValue{2}
2023-04-07 22:28:31,627 [AppLog] INFO : 作业写入成功：IDP_WriteImgLayerData：bpp:{1bit}灰阶:{1阶}nLayerIndex{9}LayerIndex{8}SubIndex{1}RePrintTimes{1}nBytesPerLine{1004}nWidth{8001}nHeight{7560}nXEncOff{0}nYJetOff{0}nImgStartJetIndex{0}nXDPI{635}nYDPI{600}nPrtDir{0} nPrtFlag{1}nColorCnts{1}nReserved{System.Int32[]}
2023-04-07 22:28:31,627 [AppLog] INFO : 完成处理第1层数据：准备调用RenderToWic，index为8，subindex为0，g_nRePrintTimes为1，起始层为0
2023-04-07 22:28:31,627 [AppLog] INFO : 准备处理第1层数据：准备调用RenderToWic，index为9，subindex为0，g_nRePrintTimes为1，起始层为0
2023-04-07 22:28:31,815 [AppLog] INFO : 完成处理第9层数据：准备调用DrawLayerBMP，index为9，起始层为0
2023-04-07 22:28:31,815 [AppLog] INFO : 完成处理第9层数据：准备调用DrawLayerBMP，index为9，起始层为0
2023-04-07 22:28:32,532 [AppLog] INFO : 作业写入成功：IDP_WriteImgLayerData：bpp:{1bit}灰阶:{1阶}nLayerIndex{10}LayerIndex{9}SubIndex{1}RePrintTimes{1}nBytesPerLine{1004}nWidth{8001}nHeight{7560}nXEncOff{0}nYJetOff{0}nImgStartJetIndex{0}nXDPI{635}nYDPI{600}nPrtDir{0} nPrtFlag{1}nColorCnts{1}nReserved{System.Int32[]}
2023-04-07 22:28:32,532 [AppLog] INFO : 完成处理第1层数据：准备调用RenderToWic，index为9，subindex为0，g_nRePrintTimes为1，起始层为0
2023-04-07 22:28:32,532 [AppLog] INFO : 准备处理第1层数据：准备调用RenderToWic，index为10，subindex为0，g_nRePrintTimes为1，起始层为0
2023-04-07 22:28:32,704 [AppLog] INFO : 完成处理第10层数据：准备调用DrawLayerBMP，index为10，起始层为0
2023-04-07 22:28:32,704 [AppLog] INFO : 完成处理第10层数据：准备调用DrawLayerBMP，index为10，起始层为0
2023-04-07 22:28:33,265 [AppLog] INFO : X方向到位停止：DEM_StopAxisRun：返回值{True}CurrentPos{683.545}bImmeStop{False}nAxisMask{1}
2023-04-07 22:28:33,437 [AppLog] INFO : 作业写入成功：IDP_WriteImgLayerData：bpp:{1bit}灰阶:{1阶}nLayerIndex{11}LayerIndex{10}SubIndex{1}RePrintTimes{1}nBytesPerLine{1004}nWidth{8001}nHeight{7560}nXEncOff{0}nYJetOff{0}nImgStartJetIndex{0}nXDPI{635}nYDPI{600}nPrtDir{0} nPrtFlag{1}nColorCnts{1}nReserved{System.Int32[]}
2023-04-07 22:28:33,437 [AppLog] INFO : 完成处理第1层数据：准备调用RenderToWic，index为10，subindex为0，g_nRePrintTimes为1，起始层为0
2023-04-07 22:28:33,453 [AppLog] INFO : 准备处理第1层数据：准备调用RenderToWic，index为11，subindex为0，g_nRePrintTimes为1，起始层为0
2023-04-07 22:28:33,624 [AppLog] INFO : 完成处理第11层数据：准备调用DrawLayerBMP，index为11，起始层为0
2023-04-07 22:28:33,624 [AppLog] INFO : 完成处理第11层数据：准备调用DrawLayerBMP，index为11，起始层为0
2023-04-07 22:28:34,092 [AppLog] INFO : 结束自动清洗过程：AutoCleanThread
2023-04-07 22:28:34,092 [AppLog] INFO : 进入：EquipmentMotionLogic3=》准备创建对象-手动操作！
2023-04-07 22:28:34,092 [AppLog] INFO : 进入：EquipmentMotionLogic3=》不需重新创建-手动操作！
2023-04-07 22:28:34,092 [AppLog] INFO : 进入：EquipmentMotionLogic3=》赋值完成自-AutoPrintMotion2！
2023-04-07 22:28:34,092 [AppLog] INFO : 进入：EquipmentMotionLogic3=》加载配置文件-LoadJsonFile成功！
2023-04-07 22:28:34,092 [AppLog] INFO : 进入：AutoPrintThread2！
2023-04-07 22:28:34,092 [AppLog] INFO : 关闭闪喷操作：IDP_FlashPrtCtl：返回值{True}
2023-04-07 22:28:34,092 [AppLog] INFO : 准备读取编码器位置：Y方向！
2023-04-07 22:28:34,092 [AppLog] INFO : 准备运动，编码器当前位置：DEM_GetAxisEncodeVal：MoveDirectionFlag{false为Y方向：True}CurrentPos{121}AimPos{15}
2023-04-07 22:28:34,139 [AppLog] INFO : Y方向运动开始：DEM_Run：返回值{True}nAxis{1}DirFlag{False}nSpeed{300000}MoveStep{-106000}nCtlValue{0}
2023-04-07 22:28:34,139 [AppLog] INFO : 准备读取编码器位置：X方向！
2023-04-07 22:28:34,139 [AppLog] INFO : 准备运动，当前位置：DEV_GetPrintEncoderValue：MoveDirectionFlag{false为Y方向：False}CurrentPos{680.625}AimPos{425}
2023-04-07 22:28:34,170 [AppLog] INFO : X方向运动开始：DEM_Run：返回值{True}nAxis{0}DirFlag{False}nSpeed{300000}MoveStep{-255625}nCtlValue{2}
2023-04-07 22:28:34,342 [AppLog] INFO : 作业写入成功：IDP_WriteImgLayerData：bpp:{1bit}灰阶:{1阶}nLayerIndex{12}LayerIndex{11}SubIndex{1}RePrintTimes{1}nBytesPerLine{1004}nWidth{8001}nHeight{7560}nXEncOff{0}nYJetOff{0}nImgStartJetIndex{0}nXDPI{635}nYDPI{600}nPrtDir{0} nPrtFlag{1}nColorCnts{1}nReserved{System.Int32[]}
2023-04-07 22:28:34,342 [AppLog] INFO : 完成处理第1层数据：准备调用RenderToWic，index为11，subindex为0，g_nRePrintTimes为1，起始层为0
2023-04-07 22:28:34,342 [AppLog] INFO : 准备处理第1层数据：准备调用RenderToWic，index为12，subindex为0，g_nRePrintTimes为1，起始层为0
2023-04-07 22:28:34,529 [AppLog] INFO : 完成处理第12层数据：准备调用DrawLayerBMP，index为12，起始层为0
2023-04-07 22:28:34,529 [AppLog] INFO : 完成处理第12层数据：准备调用DrawLayerBMP，index为12，起始层为0
2023-04-07 22:28:35,262 [AppLog] INFO : 作业写入成功：IDP_WriteImgLayerData：bpp:{1bit}灰阶:{1阶}nLayerIndex{13}LayerIndex{12}SubIndex{1}RePrintTimes{1}nBytesPerLine{1004}nWidth{8001}nHeight{7560}nXEncOff{0}nYJetOff{0}nImgStartJetIndex{0}nXDPI{635}nYDPI{600}nPrtDir{0} nPrtFlag{1}nColorCnts{1}nReserved{System.Int32[]}
2023-04-07 22:28:35,262 [AppLog] INFO : 完成处理第1层数据：准备调用RenderToWic，index为12，subindex为0，g_nRePrintTimes为1，起始层为0
2023-04-07 22:28:35,309 [AppLog] INFO : 准备处理第1层数据：准备调用RenderToWic，index为13，subindex为0，g_nRePrintTimes为1，起始层为0
2023-04-07 22:28:35,481 [AppLog] INFO : 完成处理第13层数据：准备调用DrawLayerBMP，index为13，起始层为0
2023-04-07 22:28:35,481 [AppLog] INFO : 完成处理第13层数据：准备调用DrawLayerBMP，index为13，起始层为0
2023-04-07 22:28:35,574 [AppLog] INFO : X方向到位停止：DEM_StopAxisRun：返回值{True}CurrentPos{429.625}bImmeStop{False}nAxisMask{1}
2023-04-07 22:28:35,574 [AppLog] INFO : 准备读取编码器位置：X方向！
2023-04-07 22:28:35,574 [AppLog] INFO : 准备运动，当前位置：DEV_GetPrintEncoderValue：MoveDirectionFlag{false为Y方向：False}CurrentPos{429.52}AimPos{25}
2023-04-07 22:28:35,605 [AppLog] INFO : X方向运动开始：DEM_Run：返回值{True}nAxis{0}DirFlag{False}nSpeed{300000}MoveStep{-404520}nCtlValue{2}
2023-04-07 22:28:36,198 [AppLog] INFO : 作业写入成功：IDP_WriteImgLayerData：bpp:{1bit}灰阶:{1阶}nLayerIndex{14}LayerIndex{13}SubIndex{1}RePrintTimes{1}nBytesPerLine{1004}nWidth{8001}nHeight{7560}nXEncOff{0}nYJetOff{0}nImgStartJetIndex{0}nXDPI{635}nYDPI{600}nPrtDir{0} nPrtFlag{1}nColorCnts{1}nReserved{System.Int32[]}
2023-04-07 22:28:36,198 [AppLog] INFO : 完成处理第1层数据：准备调用RenderToWic，index为13，subindex为0，g_nRePrintTimes为1，起始层为0
2023-04-07 22:28:36,245 [AppLog] INFO : 准备处理第1层数据：准备调用RenderToWic，index为14，subindex为0，g_nRePrintTimes为1，起始层为0
2023-04-07 22:28:36,432 [AppLog] INFO : 完成处理第14层数据：准备调用DrawLayerBMP，index为14，起始层为0
2023-04-07 22:28:36,432 [AppLog] INFO : 完成处理第14层数据：准备调用DrawLayerBMP，index为14，起始层为0
2023-04-07 22:28:37,150 [AppLog] INFO : 作业写入成功：IDP_WriteImgLayerData：bpp:{1bit}灰阶:{1阶}nLayerIndex{15}LayerIndex{14}SubIndex{1}RePrintTimes{1}nBytesPerLine{1004}nWidth{8001}nHeight{7560}nXEncOff{0}nYJetOff{0}nImgStartJetIndex{0}nXDPI{635}nYDPI{600}nPrtDir{0} nPrtFlag{1}nColorCnts{1}nReserved{System.Int32[]}
2023-04-07 22:28:37,150 [AppLog] INFO : 完成处理第1层数据：准备调用RenderToWic，index为14，subindex为0，g_nRePrintTimes为1，起始层为0
2023-04-07 22:28:37,150 [AppLog] INFO : 准备处理第1层数据：准备调用RenderToWic，index为15，subindex为0，g_nRePrintTimes为1，起始层为0
2023-04-07 22:28:37,321 [AppLog] INFO : 完成处理第15层数据：准备调用DrawLayerBMP，index为15，起始层为0
2023-04-07 22:28:37,321 [AppLog] INFO : 完成处理第15层数据：准备调用DrawLayerBMP，index为15，起始层为0
2023-04-07 22:28:37,493 [AppLog] INFO : X方向到位停止：DEM_StopAxisRun：返回值{True}CurrentPos{25.795}bImmeStop{False}nAxisMask{1}
2023-04-07 22:28:37,493 [AppLog] INFO : 准备读取编码器位置：Y方向！
2023-04-07 22:28:37,493 [AppLog] INFO : 准备运动，编码器当前位置：DEM_GetAxisEncodeVal：MoveDirectionFlag{false为Y方向：True}CurrentPos{15.18}AimPos{69}
2023-04-07 22:28:37,524 [AppLog] INFO : Y方向运动开始：DEM_Run：返回值{True}nAxis{1}DirFlag{True}nSpeed{300000}MoveStep{53820}nCtlValue{0}
2023-04-07 22:28:37,711 [AppLog] INFO : Y方向到位停止：DEM_StopAxisRun：返回值{True}CurrentPos{26.195}bImmeStop{False}nAxisMask{2}
2023-04-07 22:28:37,711 [AppLog] INFO : 获取打印Pass数据：IDP_GetPassItem2：nLayerIndex{1}nPassID{1}nProcState{3}LPPassDataItemb:PrtDir{True}nDataTxCompleteCnt{1}nHwMemAdrMatchMask{1}nLayerIndex{1}nLayerPassCount{6}nLayerPassIndex{1}nMinJet0ImgLinePos{1280}nPrtMemHwAddr{System.UInt32[]}nPrtDataOffset{System.UInt32[]}nSrcDataSize{System.UInt32[]}nPrtColBytes{System.UInt32[]}nPrtPrecession{8}nSrcEndCols{8000}nSrcStartCols{0}nStartEncPos{10000}nValidPassJets{1280}nValidPrtCols{8310}nValidPrtCtlCnts{1}pDataBuf{0}pNextItem{674161696}
2023-04-07 22:28:37,727 [AppLog] INFO : 使能Pass打印成功：IDP_DoPassPrint2：nLayerIndex{1}nPassID{1}
2023-04-07 22:28:37,727 [AppLog] INFO : PASS打印前关键状态：DEV_GetDeviceInfo2：nLayerIndex{1}nPassID{1}LPPRINTER_INFO:nXSysEncDPI{0}nStatus{0}nPrintStatus{0}bSuperDevice{0}
LPPRINTER_INFO-LPPrtRunInfo:bJobPrtRuning{False}bLayerPrtIsOver{False}nContReqMemErr{0}nContWDErr{0}nCurPrtDir{0}nDTLayerIndex{0}nDTLayerPassIndex{0}nDTPtrCtlIndex{0}nLayerPassCount{0}nPrintLayerIndex{0}nPrintPassIndex{0}nProcLayerIndex{0}nPrtDataMemAddr{0}nPrtState{0}nReverse{System.Int32[]}nRevPrtCols{0}
LPPRINTER_INFO-LPDRVINFO:nFMVersion{0}nFpgaVersion{0}nPCBVersion{0}nState{0}nNextState{0}nPtvwarnState{0}nCrc32{0}nRevInfo{System.UInt32[]}nSignature{0}
2023-04-07 22:28:37,727 [AppLog] INFO : 进入：EquipmentMotionLogic3=》准备创建对象-手动操作！
2023-04-07 22:28:37,727 [AppLog] INFO : 进入：EquipmentMotionLogic3=》不需重新创建-手动操作！
2023-04-07 22:28:37,727 [AppLog] INFO : 进入：EquipmentMotionLogic3=》赋值完成自-AutoPrintMotion2！
2023-04-07 22:28:37,727 [AppLog] INFO : 进入：EquipmentMotionLogic3=》加载配置文件-LoadJsonFile成功！
2023-04-07 22:28:37,727 [AppLog] INFO : 进入：AutoPrintThread2！
2023-04-07 22:28:37,727 [AppLog] INFO : 准备读取编码器位置：X方向！
2023-04-07 22:28:37,727 [AppLog] INFO : 准备运动，当前位置：DEV_GetPrintEncoderValue：MoveDirectionFlag{false为Y方向：False}CurrentPos{21.46}AimPos{425}
2023-04-07 22:28:37,758 [AppLog] INFO : X方向运动开始：DEM_Run：返回值{True}nAxis{0}DirFlag{True}nSpeed{300000}MoveStep{403540}nCtlValue{2}
2023-04-07 22:28:38,055 [AppLog] INFO : 作业写入成功：IDP_WriteImgLayerData：bpp:{1bit}灰阶:{1阶}nLayerIndex{16}LayerIndex{15}SubIndex{1}RePrintTimes{1}nBytesPerLine{1004}nWidth{8001}nHeight{7560}nXEncOff{0}nYJetOff{0}nImgStartJetIndex{0}nXDPI{635}nYDPI{600}nPrtDir{0} nPrtFlag{1}nColorCnts{1}nReserved{System.Int32[]}
2023-04-07 22:28:38,055 [AppLog] INFO : 完成处理第1层数据：准备调用RenderToWic，index为15，subindex为0，g_nRePrintTimes为1，起始层为0
2023-04-07 22:28:38,055 [AppLog] INFO : 准备处理第1层数据：准备调用RenderToWic，index为16，subindex为0，g_nRePrintTimes为1，起始层为0
2023-04-07 22:28:38,242 [AppLog] INFO : 完成处理第16层数据：准备调用DrawLayerBMP，index为16，起始层为0
2023-04-07 22:28:38,242 [AppLog] INFO : 完成处理第16层数据：准备调用DrawLayerBMP，index为16，起始层为0
2023-04-07 22:28:38,959 [AppLog] INFO : 作业写入成功：IDP_WriteImgLayerData：bpp:{1bit}灰阶:{1阶}nLayerIndex{17}LayerIndex{16}SubIndex{1}RePrintTimes{1}nBytesPerLine{1004}nWidth{8001}nHeight{7560}nXEncOff{0}nYJetOff{0}nImgStartJetIndex{0}nXDPI{635}nYDPI{600}nPrtDir{0} nPrtFlag{1}nColorCnts{1}nReserved{System.Int32[]}
2023-04-07 22:28:38,959 [AppLog] INFO : 完成处理第1层数据：准备调用RenderToWic，index为16，subindex为0，g_nRePrintTimes为1，起始层为0
2023-04-07 22:28:38,991 [AppLog] INFO : 准备处理第1层数据：准备调用RenderToWic，index为17，subindex为0，g_nRePrintTimes为1，起始层为0
2023-04-07 22:28:39,178 [AppLog] INFO : 完成处理第17层数据：准备调用DrawLayerBMP，index为17，起始层为0
2023-04-07 22:28:39,178 [AppLog] INFO : 完成处理第17层数据：准备调用DrawLayerBMP，index为17，起始层为0
2023-04-07 22:28:39,661 [AppLog] INFO : X方向到位停止：DEM_StopAxisRun：返回值{True}CurrentPos{420.005}bImmeStop{False}nAxisMask{1}
2023-04-07 22:28:39,661 [AppLog] INFO : 准备读取编码器位置：Y方向！
2023-04-07 22:28:39,661 [AppLog] INFO : 准备运动，编码器当前位置：DEM_GetAxisEncodeVal：MoveDirectionFlag{false为Y方向：True}CurrentPos{68.93}AimPos{123}
2023-04-07 22:28:39,693 [AppLog] INFO : Y方向运动开始：DEM_Run：返回值{True}nAxis{1}DirFlag{True}nSpeed{300000}MoveStep{54070}nCtlValue{0}
2023-04-07 22:28:39,880 [AppLog] INFO : Y方向到位停止：DEM_StopAxisRun：返回值{True}CurrentPos{79.045}bImmeStop{False}nAxisMask{2}
2023-04-07 22:28:39,880 [AppLog] INFO : 获取打印Pass数据：IDP_GetPassItem2：nLayerIndex{1}nPassID{2}nProcState{3}LPPassDataItemb:PrtDir{False}nDataTxCompleteCnt{1}nHwMemAdrMatchMask{1}nLayerIndex{1}nLayerPassCount{6}nLayerPassIndex{2}nMinJet0ImgLinePos{2560}nPrtMemHwAddr{System.UInt32[]}nPrtDataOffset{System.UInt32[]}nSrcDataSize{System.UInt32[]}nPrtColBytes{System.UInt32[]}nPrtPrecession{8}nSrcEndCols{8000}nSrcStartCols{0}nStartEncPos{76472}nValidPassJets{1280}nValidPrtCols{8310}nValidPrtCtlCnts{1}pDataBuf{0}pNextItem{674161536}
2023-04-07 22:28:39,895 [AppLog] INFO : 使能Pass打印成功：IDP_DoPassPrint2：nLayerIndex{1}nPassID{2}
2023-04-07 22:28:39,895 [AppLog] INFO : PASS打印前关键状态：DEV_GetDeviceInfo2：nLayerIndex{1}nPassID{2}LPPRINTER_INFO:nXSysEncDPI{0}nStatus{0}nPrintStatus{0}bSuperDevice{0}
LPPRINTER_INFO-LPPrtRunInfo:bJobPrtRuning{False}bLayerPrtIsOver{False}nContReqMemErr{0}nContWDErr{0}nCurPrtDir{0}nDTLayerIndex{0}nDTLayerPassIndex{0}nDTPtrCtlIndex{0}nLayerPassCount{0}nPrintLayerIndex{0}nPrintPassIndex{0}nProcLayerIndex{0}nPrtDataMemAddr{0}nPrtState{0}nReverse{System.Int32[]}nRevPrtCols{0}
LPPRINTER_INFO-LPDRVINFO:nFMVersion{0}nFpgaVersion{0}nPCBVersion{0}nState{0}nNextState{0}nPtvwarnState{0}nCrc32{0}nRevInfo{System.UInt32[]}nSignature{0}
2023-04-07 22:28:39,895 [AppLog] INFO : 进入：EquipmentMotionLogic3=》准备创建对象-手动操作！
2023-04-07 22:28:39,895 [AppLog] INFO : 进入：EquipmentMotionLogic3=》不需重新创建-手动操作！
2023-04-07 22:28:39,895 [AppLog] INFO : 进入：EquipmentMotionLogic3=》赋值完成自-AutoPrintMotion2！
2023-04-07 22:28:39,895 [AppLog] INFO : 进入：EquipmentMotionLogic3=》加载配置文件-LoadJsonFile成功！
2023-04-07 22:28:39,895 [AppLog] INFO : 进入：AutoPrintThread2！
2023-04-07 22:28:39,895 [AppLog] INFO : 准备读取编码器位置：X方向！
2023-04-07 22:28:39,895 [AppLog] INFO : 准备运动，当前位置：DEV_GetPrintEncoderValue：MoveDirectionFlag{false为Y方向：False}CurrentPos{423.385}AimPos{25}
2023-04-07 22:28:39,911 [AppLog] INFO : 作业写入成功：IDP_WriteImgLayerData：bpp:{1bit}灰阶:{1阶}nLayerIndex{18}LayerIndex{17}SubIndex{1}RePrintTimes{1}nBytesPerLine{1004}nWidth{8001}nHeight{7560}nXEncOff{0}nYJetOff{0}nImgStartJetIndex{0}nXDPI{635}nYDPI{600}nPrtDir{0} nPrtFlag{1}nColorCnts{1}nReserved{System.Int32[]}
2023-04-07 22:28:39,911 [AppLog] INFO : 完成处理第1层数据：准备调用RenderToWic，index为17，subindex为0，g_nRePrintTimes为1，起始层为0
2023-04-07 22:28:39,911 [AppLog] INFO : 准备处理第1层数据：准备调用RenderToWic，index为18，subindex为0，g_nRePrintTimes为1，起始层为0
2023-04-07 22:28:39,927 [AppLog] INFO : X方向运动开始：DEM_Run：返回值{True}nAxis{0}DirFlag{False}nSpeed{300000}MoveStep{-398385}nCtlValue{2}
2023-04-07 22:28:40,098 [AppLog] INFO : 完成处理第18层数据：准备调用DrawLayerBMP，index为18，起始层为0
2023-04-07 22:28:40,098 [AppLog] INFO : 完成处理第18层数据：准备调用DrawLayerBMP，index为18，起始层为0
2023-04-07 22:28:40,800 [AppLog] INFO : 作业写入成功：IDP_WriteImgLayerData：bpp:{1bit}灰阶:{1阶}nLayerIndex{19}LayerIndex{18}SubIndex{1}RePrintTimes{1}nBytesPerLine{1004}nWidth{8001}nHeight{7560}nXEncOff{0}nYJetOff{0}nImgStartJetIndex{0}nXDPI{635}nYDPI{600}nPrtDir{0} nPrtFlag{1}nColorCnts{1}nReserved{System.Int32[]}
2023-04-07 22:28:40,800 [AppLog] INFO : 完成处理第1层数据：准备调用RenderToWic，index为18，subindex为0，g_nRePrintTimes为1，起始层为0
2023-04-07 22:28:40,816 [AppLog] INFO : 准备处理第1层数据：准备调用RenderToWic，index为19，subindex为0，g_nRePrintTimes为1，起始层为0
2023-04-07 22:28:40,987 [AppLog] INFO : 完成处理第19层数据：准备调用DrawLayerBMP，index为19，起始层为0
2023-04-07 22:28:40,987 [AppLog] INFO : 完成处理第19层数据：准备调用DrawLayerBMP，index为19，起始层为0
2023-04-07 22:28:41,736 [AppLog] INFO : 作业写入成功：IDP_WriteImgLayerData：bpp:{1bit}灰阶:{1阶}nLayerIndex{20}LayerIndex{19}SubIndex{1}RePrintTimes{1}nBytesPerLine{1004}nWidth{8001}nHeight{7560}nXEncOff{0}nYJetOff{0}nImgStartJetIndex{0}nXDPI{635}nYDPI{600}nPrtDir{0} nPrtFlag{1}nColorCnts{1}nReserved{System.Int32[]}
2023-04-07 22:28:41,736 [AppLog] INFO : 完成处理第1层数据：准备调用RenderToWic，index为19，subindex为0，g_nRePrintTimes为1，起始层为0
2023-04-07 22:28:41,736 [AppLog] INFO : 准备处理第1层数据：准备调用RenderToWic，index为20，subindex为0，g_nRePrintTimes为1，起始层为0
2023-04-07 22:28:41,799 [AppLog] INFO : X方向到位停止：DEM_StopAxisRun：返回值{True}CurrentPos{30.38}bImmeStop{False}nAxisMask{1}
2023-04-07 22:28:41,799 [AppLog] INFO : 准备读取编码器位置：Y方向！
2023-04-07 22:28:41,799 [AppLog] INFO : 准备运动，编码器当前位置：DEM_GetAxisEncodeVal：MoveDirectionFlag{false为Y方向：True}CurrentPos{122.86}AimPos{177}
2023-04-07 22:28:41,845 [AppLog] INFO : Y方向运动开始：DEM_Run：返回值{True}nAxis{1}DirFlag{True}nSpeed{300000}MoveStep{54140}nCtlValue{0}
2023-04-07 22:28:41,923 [AppLog] INFO : 完成处理第20层数据：准备调用DrawLayerBMP，index为20，起始层为0
2023-04-07 22:28:41,923 [AppLog] INFO : 完成处理第20层数据：准备调用DrawLayerBMP，index为20，起始层为0
2023-04-07 22:28:42,064 [AppLog] INFO : Y方向到位停止：DEM_StopAxisRun：返回值{True}CurrentPos{139.51}bImmeStop{False}nAxisMask{2}
2023-04-07 22:28:42,064 [AppLog] INFO : 获取打印Pass数据：IDP_GetPassItem2：nLayerIndex{1}nPassID{3}nProcState{3}LPPassDataItemb:PrtDir{True}nDataTxCompleteCnt{1}nHwMemAdrMatchMask{1}nLayerIndex{1}nLayerPassCount{6}nLayerPassIndex{3}nMinJet0ImgLinePos{3840}nPrtMemHwAddr{System.UInt32[]}nPrtDataOffset{System.UInt32[]}nSrcDataSize{System.UInt32[]}nPrtColBytes{System.UInt32[]}nPrtPrecession{8}nSrcEndCols{8000}nSrcStartCols{0}nStartEncPos{10000}nValidPassJets{1280}nValidPrtCols{8310}nValidPrtCtlCnts{1}pDataBuf{0}pNextItem{674161376}
2023-04-07 22:28:42,079 [AppLog] INFO : 使能Pass打印成功：IDP_DoPassPrint2：nLayerIndex{1}nPassID{3}
2023-04-07 22:28:42,079 [AppLog] INFO : PASS打印前关键状态：DEV_GetDeviceInfo2：nLayerIndex{1}nPassID{3}LPPRINTER_INFO:nXSysEncDPI{0}nStatus{0}nPrintStatus{0}bSuperDevice{0}
LPPRINTER_INFO-LPPrtRunInfo:bJobPrtRuning{False}bLayerPrtIsOver{False}nContReqMemErr{0}nContWDErr{0}nCurPrtDir{0}nDTLayerIndex{0}nDTLayerPassIndex{0}nDTPtrCtlIndex{0}nLayerPassCount{0}nPrintLayerIndex{0}nPrintPassIndex{0}nProcLayerIndex{0}nPrtDataMemAddr{0}nPrtState{0}nReverse{System.Int32[]}nRevPrtCols{0}
LPPRINTER_INFO-LPDRVINFO:nFMVersion{0}nFpgaVersion{0}nPCBVersion{0}nState{0}nNextState{0}nPtvwarnState{0}nCrc32{0}nRevInfo{System.UInt32[]}nSignature{0}
2023-04-07 22:28:42,079 [AppLog] INFO : 进入：EquipmentMotionLogic3=》准备创建对象-手动操作！
2023-04-07 22:28:42,079 [AppLog] INFO : 进入：EquipmentMotionLogic3=》不需重新创建-手动操作！
2023-04-07 22:28:42,079 [AppLog] INFO : 进入：EquipmentMotionLogic3=》赋值完成自-AutoPrintMotion2！
2023-04-07 22:28:42,079 [AppLog] INFO : 进入：EquipmentMotionLogic3=》加载配置文件-LoadJsonFile成功！
2023-04-07 22:28:42,079 [AppLog] INFO : 进入：AutoPrintThread2！
2023-04-07 22:28:42,079 [AppLog] INFO : 准备读取编码器位置：X方向！
2023-04-07 22:28:42,079 [AppLog] INFO : 准备运动，当前位置：DEV_GetPrintEncoderValue：MoveDirectionFlag{false为Y方向：False}CurrentPos{26.57}AimPos{425}
2023-04-07 22:28:42,126 [AppLog] INFO : X方向运动开始：DEM_Run：返回值{True}nAxis{0}DirFlag{True}nSpeed{300000}MoveStep{398430}nCtlValue{2}
2023-04-07 22:28:42,657 [AppLog] INFO : 作业写入成功：IDP_WriteImgLayerData：bpp:{1bit}灰阶:{1阶}nLayerIndex{21}LayerIndex{20}SubIndex{1}RePrintTimes{1}nBytesPerLine{1004}nWidth{8001}nHeight{7560}nXEncOff{0}nYJetOff{0}nImgStartJetIndex{0}nXDPI{635}nYDPI{600}nPrtDir{0} nPrtFlag{1}nColorCnts{1}nReserved{System.Int32[]}
2023-04-07 22:28:42,657 [AppLog] INFO : 完成处理第1层数据：准备调用RenderToWic，index为20，subindex为0，g_nRePrintTimes为1，起始层为0
2023-04-07 22:28:42,657 [AppLog] INFO : 准备处理第1层数据：准备调用RenderToWic，index为21，subindex为0，g_nRePrintTimes为1，起始层为0
2023-04-07 22:28:42,844 [AppLog] INFO : 完成处理第21层数据：准备调用DrawLayerBMP，index为21，起始层为0
2023-04-07 22:28:42,844 [AppLog] INFO : 完成处理第21层数据：准备调用DrawLayerBMP，index为21，起始层为0
2023-04-07 22:28:43,561 [AppLog] INFO : 作业写入成功：IDP_WriteImgLayerData：bpp:{1bit}灰阶:{1阶}nLayerIndex{22}LayerIndex{21}SubIndex{1}RePrintTimes{1}nBytesPerLine{1004}nWidth{8001}nHeight{7560}nXEncOff{0}nYJetOff{0}nImgStartJetIndex{0}nXDPI{635}nYDPI{600}nPrtDir{0} nPrtFlag{1}nColorCnts{1}nReserved{System.Int32[]}
2023-04-07 22:28:43,561 [AppLog] INFO : 完成处理第1层数据：准备调用RenderToWic，index为21，subindex为0，g_nRePrintTimes为1，起始层为0
2023-04-07 22:28:43,577 [AppLog] INFO : 准备处理第1层数据：准备调用RenderToWic，index为22，subindex为0，g_nRePrintTimes为1，起始层为0
2023-04-07 22:28:43,749 [AppLog] INFO : 完成处理第22层数据：准备调用DrawLayerBMP，index为22，起始层为0
2023-04-07 22:28:43,749 [AppLog] INFO : 完成处理第22层数据：准备调用DrawLayerBMP，index为22，起始层为0
2023-04-07 22:28:43,998 [AppLog] INFO : X方向到位停止：DEM_StopAxisRun：返回值{True}CurrentPos{418.74}bImmeStop{False}nAxisMask{1}
2023-04-07 22:28:43,998 [AppLog] INFO : 准备读取编码器位置：Y方向！
2023-04-07 22:28:43,998 [AppLog] INFO : 准备运动，编码器当前位置：DEM_GetAxisEncodeVal：MoveDirectionFlag{false为Y方向：True}CurrentPos{176.87}AimPos{231}
2023-04-07 22:28:44,029 [AppLog] INFO : Y方向运动开始：DEM_Run：返回值{True}nAxis{1}DirFlag{True}nSpeed{300000}MoveStep{54130}nCtlValue{0}
2023-04-07 22:28:44,232 [AppLog] INFO : Y方向到位停止：DEM_StopAxisRun：返回值{True}CurrentPos{190.94}bImmeStop{False}nAxisMask{2}
2023-04-07 22:28:44,232 [AppLog] INFO : 获取打印Pass数据：IDP_GetPassItem2：nLayerIndex{1}nPassID{4}nProcState{3}LPPassDataItemb:PrtDir{False}nDataTxCompleteCnt{1}nHwMemAdrMatchMask{1}nLayerIndex{1}nLayerPassCount{6}nLayerPassIndex{4}nMinJet0ImgLinePos{5120}nPrtMemHwAddr{System.UInt32[]}nPrtDataOffset{System.UInt32[]}nSrcDataSize{System.UInt32[]}nPrtColBytes{System.UInt32[]}nPrtPrecession{8}nSrcEndCols{8000}nSrcStartCols{0}nStartEncPos{76472}nValidPassJets{1280}nValidPrtCols{8310}nValidPrtCtlCnts{1}pDataBuf{0}pNextItem{674161216}
2023-04-07 22:28:44,248 [AppLog] INFO : 使能Pass打印成功：IDP_DoPassPrint2：nLayerIndex{1}nPassID{4}
2023-04-07 22:28:44,248 [AppLog] INFO : PASS打印前关键状态：DEV_GetDeviceInfo2：nLayerIndex{1}nPassID{4}LPPRINTER_INFO:nXSysEncDPI{0}nStatus{0}nPrintStatus{0}bSuperDevice{0}
LPPRINTER_INFO-LPPrtRunInfo:bJobPrtRuning{False}bLayerPrtIsOver{False}nContReqMemErr{0}nContWDErr{0}nCurPrtDir{0}nDTLayerIndex{0}nDTLayerPassIndex{0}nDTPtrCtlIndex{0}nLayerPassCount{0}nPrintLayerIndex{0}nPrintPassIndex{0}nProcLayerIndex{0}nPrtDataMemAddr{0}nPrtState{0}nReverse{System.Int32[]}nRevPrtCols{0}
LPPRINTER_INFO-LPDRVINFO:nFMVersion{0}nFpgaVersion{0}nPCBVersion{0}nState{0}nNextState{0}nPtvwarnState{0}nCrc32{0}nRevInfo{System.UInt32[]}nSignature{0}
2023-04-07 22:28:44,248 [AppLog] INFO : 进入：EquipmentMotionLogic3=》准备创建对象-手动操作！
2023-04-07 22:28:44,248 [AppLog] INFO : 进入：EquipmentMotionLogic3=》不需重新创建-手动操作！
2023-04-07 22:28:44,248 [AppLog] INFO : 进入：EquipmentMotionLogic3=》赋值完成自-AutoPrintMotion2！
2023-04-07 22:28:44,248 [AppLog] INFO : 进入：EquipmentMotionLogic3=》加载配置文件-LoadJsonFile成功！
2023-04-07 22:28:44,248 [AppLog] INFO : 进入：AutoPrintThread2！
2023-04-07 22:28:44,248 [AppLog] INFO : 准备读取编码器位置：X方向！
2023-04-07 22:28:44,248 [AppLog] INFO : 准备运动，当前位置：DEV_GetPrintEncoderValue：MoveDirectionFlag{false为Y方向：False}CurrentPos{423.425}AimPos{25}
2023-04-07 22:28:44,279 [AppLog] INFO : X方向运动开始：DEM_Run：返回值{True}nAxis{0}DirFlag{False}nSpeed{300000}MoveStep{-398425}nCtlValue{2}
2023-04-07 22:28:44,466 [AppLog] INFO : 作业写入成功：IDP_WriteImgLayerData：bpp:{1bit}灰阶:{1阶}nLayerIndex{23}LayerIndex{22}SubIndex{1}RePrintTimes{1}nBytesPerLine{1004}nWidth{8001}nHeight{7560}nXEncOff{0}nYJetOff{0}nImgStartJetIndex{0}nXDPI{635}nYDPI{600}nPrtDir{0} nPrtFlag{1}nColorCnts{1}nReserved{System.Int32[]}
2023-04-07 22:28:44,466 [AppLog] INFO : 完成处理第1层数据：准备调用RenderToWic，index为22，subindex为0，g_nRePrintTimes为1，起始层为0
2023-04-07 22:28:44,466 [AppLog] INFO : 准备处理第1层数据：准备调用RenderToWic，index为23，subindex为0，g_nRePrintTimes为1，起始层为0
2023-04-07 22:28:44,653 [AppLog] INFO : 完成处理第23层数据：准备调用DrawLayerBMP，index为23，起始层为0
2023-04-07 22:28:44,653 [AppLog] INFO : 完成处理第23层数据：准备调用DrawLayerBMP，index为23，起始层为0
2023-04-07 22:28:45,371 [AppLog] INFO : 作业写入成功：IDP_WriteImgLayerData：bpp:{1bit}灰阶:{1阶}nLayerIndex{24}LayerIndex{23}SubIndex{1}RePrintTimes{1}nBytesPerLine{1004}nWidth{8001}nHeight{7560}nXEncOff{0}nYJetOff{0}nImgStartJetIndex{0}nXDPI{635}nYDPI{600}nPrtDir{0} nPrtFlag{1}nColorCnts{1}nReserved{System.Int32[]}
2023-04-07 22:28:45,371 [AppLog] INFO : 完成处理第1层数据：准备调用RenderToWic，index为23，subindex为0，g_nRePrintTimes为1，起始层为0
2023-04-07 22:28:45,387 [AppLog] INFO : 准备处理第1层数据：准备调用RenderToWic，index为24，subindex为0，g_nRePrintTimes为1，起始层为0
2023-04-07 22:28:45,574 [AppLog] INFO : 完成处理第24层数据：准备调用DrawLayerBMP，index为24，起始层为0
2023-04-07 22:28:45,574 [AppLog] INFO : 完成处理第24层数据：准备调用DrawLayerBMP，index为24，起始层为0
2023-04-07 22:28:46,151 [AppLog] INFO : X方向到位停止：DEM_StopAxisRun：返回值{True}CurrentPos{31.22}bImmeStop{False}nAxisMask{1}
2023-04-07 22:28:46,151 [AppLog] INFO : 准备读取编码器位置：Y方向！
2023-04-07 22:28:46,151 [AppLog] INFO : 准备运动，编码器当前位置：DEM_GetAxisEncodeVal：MoveDirectionFlag{false为Y方向：True}CurrentPos{230.93}AimPos{285}
2023-04-07 22:28:46,182 [AppLog] INFO : Y方向运动开始：DEM_Run：返回值{True}nAxis{1}DirFlag{True}nSpeed{300000}MoveStep{54070}nCtlValue{0}
2023-04-07 22:28:46,307 [AppLog] INFO : 作业写入成功：IDP_WriteImgLayerData：bpp:{1bit}灰阶:{1阶}nLayerIndex{25}LayerIndex{24}SubIndex{1}RePrintTimes{1}nBytesPerLine{1004}nWidth{8001}nHeight{7560}nXEncOff{0}nYJetOff{0}nImgStartJetIndex{0}nXDPI{635}nYDPI{600}nPrtDir{0} nPrtFlag{1}nColorCnts{1}nReserved{System.Int32[]}
2023-04-07 22:28:46,307 [AppLog] INFO : 完成处理第1层数据：准备调用RenderToWic，index为24，subindex为0，g_nRePrintTimes为1，起始层为0
2023-04-07 22:28:46,323 [AppLog] INFO : 准备处理第1层数据：准备调用RenderToWic，index为25，subindex为0，g_nRePrintTimes为1，起始层为0
2023-04-07 22:28:46,369 [AppLog] INFO : Y方向到位停止：DEM_StopAxisRun：返回值{True}CurrentPos{242.625}bImmeStop{False}nAxisMask{2}
2023-04-07 22:28:46,369 [AppLog] INFO : 获取打印Pass数据：IDP_GetPassItem2：nLayerIndex{1}nPassID{5}nProcState{3}LPPassDataItemb:PrtDir{True}nDataTxCompleteCnt{1}nHwMemAdrMatchMask{1}nLayerIndex{1}nLayerPassCount{6}nLayerPassIndex{5}nMinJet0ImgLinePos{6400}nPrtMemHwAddr{System.UInt32[]}nPrtDataOffset{System.UInt32[]}nSrcDataSize{System.UInt32[]}nPrtColBytes{System.UInt32[]}nPrtPrecession{8}nSrcEndCols{8000}nSrcStartCols{0}nStartEncPos{10000}nValidPassJets{1280}nValidPrtCols{8310}nValidPrtCtlCnts{1}pDataBuf{0}pNextItem{0}
2023-04-07 22:28:46,385 [AppLog] INFO : 使能Pass打印成功：IDP_DoPassPrint2：nLayerIndex{1}nPassID{5}
2023-04-07 22:28:46,385 [AppLog] INFO : PASS打印前关键状态：DEV_GetDeviceInfo2：nLayerIndex{1}nPassID{5}LPPRINTER_INFO:nXSysEncDPI{0}nStatus{0}nPrintStatus{0}bSuperDevice{0}
LPPRINTER_INFO-LPPrtRunInfo:bJobPrtRuning{False}bLayerPrtIsOver{False}nContReqMemErr{0}nContWDErr{0}nCurPrtDir{0}nDTLayerIndex{0}nDTLayerPassIndex{0}nDTPtrCtlIndex{0}nLayerPassCount{0}nPrintLayerIndex{0}nPrintPassIndex{0}nProcLayerIndex{0}nPrtDataMemAddr{0}nPrtState{0}nReverse{System.Int32[]}nRevPrtCols{0}
LPPRINTER_INFO-LPDRVINFO:nFMVersion{0}nFpgaVersion{0}nPCBVersion{0}nState{0}nNextState{0}nPtvwarnState{0}nCrc32{0}nRevInfo{System.UInt32[]}nSignature{0}
2023-04-07 22:28:46,385 [AppLog] INFO : 进入：EquipmentMotionLogic3=》准备创建对象-手动操作！
2023-04-07 22:28:46,385 [AppLog] INFO : 进入：EquipmentMotionLogic3=》不需重新创建-手动操作！
2023-04-07 22:28:46,385 [AppLog] INFO : 进入：EquipmentMotionLogic3=》赋值完成自-AutoPrintMotion2！
2023-04-07 22:28:46,385 [AppLog] INFO : 进入：EquipmentMotionLogic3=》加载配置文件-LoadJsonFile成功！
2023-04-07 22:28:46,385 [AppLog] INFO : 进入：AutoPrintThread2！
2023-04-07 22:28:46,385 [AppLog] INFO : 准备读取编码器位置：X方向！
2023-04-07 22:28:46,401 [AppLog] INFO : 准备运动，当前位置：DEV_GetPrintEncoderValue：MoveDirectionFlag{false为Y方向：False}CurrentPos{26.595}AimPos{425}
2023-04-07 22:28:46,432 [AppLog] INFO : X方向运动开始：DEM_Run：返回值{True}nAxis{0}DirFlag{True}nSpeed{300000}MoveStep{398405}nCtlValue{2}
2023-04-07 22:28:46,494 [AppLog] INFO : 完成处理第25层数据：准备调用DrawLayerBMP，index为25，起始层为0
2023-04-07 22:28:46,494 [AppLog] INFO : 完成处理第25层数据：准备调用DrawLayerBMP，index为25，起始层为0
2023-04-07 22:28:47,212 [AppLog] INFO : 作业写入成功：IDP_WriteImgLayerData：bpp:{1bit}灰阶:{1阶}nLayerIndex{26}LayerIndex{25}SubIndex{1}RePrintTimes{1}nBytesPerLine{1004}nWidth{8001}nHeight{7560}nXEncOff{0}nYJetOff{0}nImgStartJetIndex{0}nXDPI{635}nYDPI{600}nPrtDir{0} nPrtFlag{1}nColorCnts{1}nReserved{System.Int32[]}
2023-04-07 22:28:47,212 [AppLog] INFO : 完成处理第1层数据：准备调用RenderToWic，index为25，subindex为0，g_nRePrintTimes为1，起始层为0
2023-04-07 22:28:47,227 [AppLog] INFO : 准备处理第1层数据：准备调用RenderToWic，index为26，subindex为0，g_nRePrintTimes为1，起始层为0
2023-04-07 22:28:47,415 [AppLog] INFO : 完成处理第26层数据：准备调用DrawLayerBMP，index为26，起始层为0
2023-04-07 22:28:47,415 [AppLog] INFO : 完成处理第26层数据：准备调用DrawLayerBMP，index为26，起始层为0
2023-04-07 22:28:48,163 [AppLog] INFO : 作业写入成功：IDP_WriteImgLayerData：bpp:{1bit}灰阶:{1阶}nLayerIndex{27}LayerIndex{26}SubIndex{1}RePrintTimes{1}nBytesPerLine{1004}nWidth{8001}nHeight{7560}nXEncOff{0}nYJetOff{0}nImgStartJetIndex{0}nXDPI{635}nYDPI{600}nPrtDir{0} nPrtFlag{1}nColorCnts{1}nReserved{System.Int32[]}
2023-04-07 22:28:48,163 [AppLog] INFO : 完成处理第1层数据：准备调用RenderToWic，index为26，subindex为0，g_nRePrintTimes为1，起始层为0
2023-04-07 22:28:48,163 [AppLog] INFO : 准备处理第1层数据：准备调用RenderToWic，index为27，subindex为0，g_nRePrintTimes为1，起始层为0
2023-04-07 22:28:48,304 [AppLog] INFO : X方向到位停止：DEM_StopAxisRun：返回值{True}CurrentPos{418.23}bImmeStop{False}nAxisMask{1}
2023-04-07 22:28:48,304 [AppLog] INFO : 准备读取编码器位置：X方向！
2023-04-07 22:28:48,304 [AppLog] INFO : 准备运动，当前位置：DEV_GetPrintEncoderValue：MoveDirectionFlag{false为Y方向：False}CurrentPos{418.435}AimPos{780}
2023-04-07 22:28:48,351 [AppLog] INFO : X方向运动开始：DEM_Run：返回值{True}nAxis{0}DirFlag{True}nSpeed{300000}MoveStep{361565}nCtlValue{2}
2023-04-07 22:28:48,351 [AppLog] INFO : 准备读取编码器位置：Y方向！
2023-04-07 22:28:48,351 [AppLog] INFO : 准备运动，编码器当前位置：DEM_GetAxisEncodeVal：MoveDirectionFlag{false为Y方向：True}CurrentPos{284.9}AimPos{121}
2023-04-07 22:28:48,351 [AppLog] INFO : 完成处理第27层数据：准备调用DrawLayerBMP，index为27，起始层为0
2023-04-07 22:28:48,351 [AppLog] INFO : 完成处理第27层数据：准备调用DrawLayerBMP，index为27，起始层为0
2023-04-07 22:28:48,382 [AppLog] INFO : Y方向运动开始：DEM_Run：返回值{True}nAxis{1}DirFlag{False}nSpeed{300000}MoveStep{-163900}nCtlValue{0}
2023-04-07 22:28:49,068 [AppLog] INFO : 作业写入成功：IDP_WriteImgLayerData：bpp:{1bit}灰阶:{1阶}nLayerIndex{28}LayerIndex{27}SubIndex{1}RePrintTimes{1}nBytesPerLine{1004}nWidth{8001}nHeight{7560}nXEncOff{0}nYJetOff{0}nImgStartJetIndex{0}nXDPI{635}nYDPI{600}nPrtDir{0} nPrtFlag{1}nColorCnts{1}nReserved{System.Int32[]}
2023-04-07 22:28:49,068 [AppLog] INFO : 完成处理第1层数据：准备调用RenderToWic，index为27，subindex为0，g_nRePrintTimes为1，起始层为0
2023-04-07 22:28:49,084 [AppLog] INFO : 准备处理第1层数据：准备调用RenderToWic，index为28，subindex为0，g_nRePrintTimes为1，起始层为0
2023-04-07 22:28:49,271 [AppLog] INFO : 完成处理第28层数据：准备调用DrawLayerBMP，index为28，起始层为0
2023-04-07 22:28:49,271 [AppLog] INFO : 完成处理第28层数据：准备调用DrawLayerBMP，index为28，起始层为0
2023-04-07 22:28:49,989 [AppLog] INFO : 作业写入成功：IDP_WriteImgLayerData：bpp:{1bit}灰阶:{1阶}nLayerIndex{29}LayerIndex{28}SubIndex{1}RePrintTimes{1}nBytesPerLine{1004}nWidth{8001}nHeight{7560}nXEncOff{0}nYJetOff{0}nImgStartJetIndex{0}nXDPI{635}nYDPI{600}nPrtDir{0} nPrtFlag{1}nColorCnts{1}nReserved{System.Int32[]}
2023-04-07 22:28:49,989 [AppLog] INFO : 完成处理第1层数据：准备调用RenderToWic，index为28，subindex为0，g_nRePrintTimes为1，起始层为0
2023-04-07 22:28:49,989 [AppLog] INFO : 准备处理第1层数据：准备调用RenderToWic，index为29，subindex为0，g_nRePrintTimes为1，起始层为0
2023-04-07 22:28:50,098 [AppLog] INFO : Y方向到位等停：DEM_StopAxisRun：返回值{True}bImmeStop{False}nAxisMask{1}
2023-04-07 22:28:50,098 [AppLog] INFO : X方向到位等停：DEM_StopAxisRun：返回值{True}bImmeStop{False}nAxisMask{2}
2023-04-07 22:28:50,129 [AppLog] INFO : 开启闪喷操作：IDP_FlashPrtCtl：返回值{True}
2023-04-07 22:28:50,129 [AppLog] INFO : 进入：EquipmentMotionLogic3=》准备创建对象-手动操作！
2023-04-07 22:28:50,129 [AppLog] INFO : 进入：EquipmentMotionLogic3=》不需重新创建-手动操作！
2023-04-07 22:28:50,129 [AppLog] INFO : 进入：EquipmentMotionLogic3=》赋值完成自-AutoPrintMotion2！
2023-04-07 22:28:50,129 [AppLog] INFO : 进入：EquipmentMotionLogic3=》加载配置文件-LoadJsonFile成功！
2023-04-07 22:28:50,129 [AppLog] INFO : 进入自动铺粉逻辑：NewAutoSupplyPowderThread2
2023-04-07 22:28:50,176 [AppLog] INFO : 完成处理第29层数据：准备调用DrawLayerBMP，index为29，起始层为0
2023-04-07 22:28:50,176 [AppLog] INFO : 完成处理第29层数据：准备调用DrawLayerBMP，index为29，起始层为0
2023-04-07 22:28:50,207 [AppLog] INFO : 手动正向点动指令（8轴运控板卡系统） ====》：输出AXIS{第1轴},点动量{-0.1MM},运动速度{2MM/s}
2023-04-07 22:28:50,207 [AppLog] INFO : 成形面高度下降层厚 TrapSpace{0.1mm}：TrapMoveUp(1, true, Convert.ToString(vel), Convert.ToString(TrapSpace), true, true）
2023-04-07 22:28:50,909 [AppLog] INFO : 作业写入成功：IDP_WriteImgLayerData：bpp:{1bit}灰阶:{1阶}nLayerIndex{30}LayerIndex{29}SubIndex{1}RePrintTimes{1}nBytesPerLine{1004}nWidth{8001}nHeight{7560}nXEncOff{0}nYJetOff{0}nImgStartJetIndex{0}nXDPI{635}nYDPI{600}nPrtDir{0} nPrtFlag{1}nColorCnts{1}nReserved{System.Int32[]}
2023-04-07 22:28:50,909 [AppLog] INFO : 完成处理第1层数据：准备调用RenderToWic，index为29，subindex为0，g_nRePrintTimes为1，起始层为0
2023-04-07 22:28:50,987 [AppLog] INFO : 手动正向点动指令（8轴运控板卡系统） ====》：输出AXIS{第1轴},点动量{-1.5MM},运动速度{2MM/s}
2023-04-07 22:28:50,987 [AppLog] INFO : 成形面高度下降指定厚度 TrapSpace{1.5mm}：TrapMoveUp(1, true, Convert.ToString(vel), Convert.ToString(TrapSpace), true, true）
2023-04-07 22:28:51,751 [AppLog] INFO : 手动正向点动指令（8轴运控板卡系统） ====》：输出AXIS{第1轴},点动量{1.5MM},运动速度{2MM/s}
2023-04-07 22:28:51,751 [AppLog] INFO : 成形面高度上升层厚 TrapSpace{1.5mm}：TrapMoveUp(1, true, Convert.ToString(vel), Convert.ToString(TrapSpace), true, true）
2023-04-07 22:28:51,970 [AppLog] INFO : 手动正向点动指令（8轴运控板卡系统） ====》：输出AXIS{第8轴},点动量{0.5MM},运动速度{2.5MM/s}
2023-04-07 22:28:51,970 [AppLog] INFO : Hopper落粉轴转2圈落粉，速度0.5rev/s：TrapMoveUp(8, true, 0.5, rotateNuM.ToString(), true, false)
2023-04-07 22:28:53,265 [AppLog] INFO : 手动正向点动指令（8轴运控板卡系统） ====》：输出AXIS{第2轴},点动量{258MM},运动速度{200MM/s}
2023-04-07 22:28:53,265 [AppLog] INFO : 开启铺粉车不等停运动至准备打印位置255mm，速度200mm/s：BackToStation2
2023-04-07 22:28:53,265 [AppLog] INFO : 手动正向点动指令（8轴运控板卡系统） ====》：输出AXIS{第2轴},点动量{440MM},运动速度{50MM/s}
2023-04-07 22:28:53,265 [AppLog] INFO : 开启铺粉车不等停运动至准备打印位置695mm，速度50mm/s：BackToStation2
2023-04-07 22:28:53,374 [AppLog] INFO : 打开IR灯：OpenIRLamp(true)
2023-04-07 22:28:53,374 [AppLog] INFO : 手动正向点动指令（8轴运控板卡系统） ====》：输出AXIS{第3轴},点动量{0.5MM},运动速度{0.0753424657534247MM/s}
2023-04-07 22:28:53,374 [AppLog] INFO : 开启均匀落粉及辊子铺平运动：TrapMoveUp(3, true, Convert.ToString(DispenseRollerSpeed), 0.5, true, true)
2023-04-07 22:28:58,491 [AppLog] INFO : 关闭IR灯：OpenIRLamp(false)
2023-04-07 22:29:00,831 [AppLog] INFO : 手动正向点动指令（8轴运控板卡系统） ====》：输出AXIS{第3轴},点动量{0.5MM},运动速度{2MM/s}
2023-04-07 22:29:00,831 [AppLog] INFO : 落粉轴继续转动以倒掉余粉：TrapMoveUp(3, true, 2, 0.5, true, false)
2023-04-07 22:29:02,843 [AppLog] INFO : 手动正向点动指令（8轴运控板卡系统） ====》：输出AXIS{第1轴},点动量{-1.5MM},运动速度{2MM/s}
2023-04-07 22:29:02,843 [AppLog] INFO : 成形面高度下降指定厚度 TrapSpace{1.5mm}：TrapMoveUp(1, true, Convert.ToString(vel), Convert.ToString(TrapSpace), true, true）
2023-04-07 22:29:06,337 [AppLog] INFO : 手动正向点动指令（8轴运控板卡系统） ====》：输出AXIS{第2轴},点动量{-698MM},运动速度{200MM/s}
2023-04-07 22:29:06,337 [AppLog] INFO : 铺粉车返回至站1：BackToStation2(AimPos, MovSpeed, true)：-3mm，速度200mm/s：BackToStation2
2023-04-07 22:29:06,727 [AppLog] INFO : 落粉轴回零成功：motionMap.SetBackSpreaderAxis(3, 0.5, 2, -SinkPosition)：ReturnCode{True}
2023-04-07 22:29:07,492 [AppLog] INFO : 手动正向点动指令（8轴运控板卡系统） ====》：输出AXIS{第1轴},点动量{1.5MM},运动速度{2MM/s}
2023-04-07 22:29:07,492 [AppLog] INFO : 成形面高度上升层厚 TrapSpace{1.5mm}：TrapMoveUp(1, true, Convert.ToString(vel), Convert.ToString(TrapSpace), true, true）
2023-04-07 22:29:07,492 [AppLog] INFO : 自动铺粉正常结束：NewAutoSupplyPowderThread2
2023-04-07 22:29:07,492 [AppLog] INFO : 发送监控指令，拍照记录1条：SendMessageFromSharedMemory
2023-04-07 22:29:07,492 [AppLog] INFO : 执行完成铺粉固化操作：EquipmentMotionLogic3：m_bApplyPowderSupplyMotion:0
2023-04-07 22:29:07,492 [AppLog] INFO : 接收到恢复打印指令：PrintTaskTHREAD
2023-04-07 22:29:07,492 [AppLog] INFO : 获取打印Pass数据：IDP_GetPassItem2：nLayerIndex{2}nPassID{0}nProcState{3}LPPassDataItemb:PrtDir{False}nDataTxCompleteCnt{1}nHwMemAdrMatchMask{1}nLayerIndex{2}nLayerPassCount{6}nLayerPassIndex{0}nMinJet0ImgLinePos{0}nPrtMemHwAddr{System.UInt32[]}nPrtDataOffset{System.UInt32[]}nSrcDataSize{System.UInt32[]}nPrtColBytes{System.UInt32[]}nPrtPrecession{8}nSrcEndCols{8000}nSrcStartCols{0}nStartEncPos{76472}nValidPassJets{1280}nValidPrtCols{8310}nValidPrtCtlCnts{1}pDataBuf{0}pNextItem{674160896}
2023-04-07 22:29:07,507 [AppLog] INFO : 使能Pass打印成功：IDP_DoPassPrint2：nLayerIndex{2}nPassID{0}
2023-04-07 22:29:07,507 [AppLog] INFO : PASS打印前关键状态：DEV_GetDeviceInfo2：nLayerIndex{2}nPassID{0}LPPRINTER_INFO:nXSysEncDPI{0}nStatus{0}nPrintStatus{0}bSuperDevice{0}
LPPRINTER_INFO-LPPrtRunInfo:bJobPrtRuning{False}bLayerPrtIsOver{False}nContReqMemErr{0}nContWDErr{0}nCurPrtDir{0}nDTLayerIndex{0}nDTLayerPassIndex{0}nDTPtrCtlIndex{0}nLayerPassCount{0}nPrintLayerIndex{0}nPrintPassIndex{0}nProcLayerIndex{0}nPrtDataMemAddr{0}nPrtState{0}nReverse{System.Int32[]}nRevPrtCols{0}
LPPRINTER_INFO-LPDRVINFO:nFMVersion{0}nFpgaVersion{0}nPCBVersion{0}nState{0}nNextState{0}nPtvwarnState{0}nCrc32{0}nRevInfo{System.UInt32[]}nSignature{0}
2023-04-07 22:29:07,507 [AppLog] INFO : 进入：EquipmentMotionLogic3=》准备创建对象-手动操作！
2023-04-07 22:29:07,507 [AppLog] INFO : 进入：EquipmentMotionLogic3=》不需重新创建-手动操作！
2023-04-07 22:29:07,507 [AppLog] INFO : 进入：EquipmentMotionLogic3=》赋值完成自-AutoPrintMotion2！
2023-04-07 22:29:07,507 [AppLog] INFO : 进入：EquipmentMotionLogic3=》加载配置文件-LoadJsonFile成功！
2023-04-07 22:29:07,507 [AppLog] INFO : 进入自动清洗过程：AutoCleanThread
2023-04-07 22:29:08,475 [AppLog] INFO : 刮墨轴回零成功：motionMap.SetBackSpreaderAxis(4, 1, 2, -SinkPosition)
2023-04-07 22:29:08,475 [AppLog] INFO : 准备读取编码器位置：Y方向！
2023-04-07 22:29:08,475 [AppLog] INFO : 准备运动，编码器当前位置：DEM_GetAxisEncodeVal：MoveDirectionFlag{false为Y方向：True}CurrentPos{121.35}AimPos{121}
2023-04-07 22:29:08,506 [AppLog] INFO : Y方向运动开始：DEM_Run：返回值{True}nAxis{1}DirFlag{False}nSpeed{300000}MoveStep{-350.000000000009}nCtlValue{0}
2023-04-07 22:29:08,506 [AppLog] INFO : Y方向到位停止：DEM_StopAxisRun：返回值{True}CurrentPos{121.35}bImmeStop{False}nAxisMask{2}
2023-04-07 22:29:08,506 [AppLog] INFO : 准备读取编码器位置：X方向！
2023-04-07 22:29:08,506 [AppLog] INFO : 准备运动，当前位置：DEV_GetPrintEncoderValue：MoveDirectionFlag{false为Y方向：False}CurrentPos{784.965}AimPos{780}
2023-04-07 22:29:08,537 [AppLog] INFO : X方向运动开始：DEM_Run：返回值{True}nAxis{0}DirFlag{False}nSpeed{300000}MoveStep{-4965.00000000003}nCtlValue{2}
2023-04-07 22:29:08,709 [AppLog] INFO : X方向到位停止：DEM_StopAxisRun：返回值{True}CurrentPos{783.685}bImmeStop{False}nAxisMask{1}
2023-04-07 22:29:09,535 [AppLog] INFO : 开启压墨： motionMap.SetDo(13, true)
2023-04-07 22:29:13,545 [AppLog] INFO : 关闭压墨： motionMap.SetDo(13, true)
2023-04-07 22:29:13,545 [AppLog] INFO : 准备读取编码器位置：X方向！
2023-04-07 22:29:13,545 [AppLog] INFO : 准备运动，当前位置：DEV_GetPrintEncoderValue：MoveDirectionFlag{false为Y方向：False}CurrentPos{780.36}AimPos{680}
2023-04-07 22:29:13,576 [AppLog] INFO : X方向运动开始：DEM_Run：返回值{True}nAxis{0}DirFlag{False}nSpeed{50000}MoveStep{-100360}nCtlValue{2}
2023-04-07 22:29:15,635 [AppLog] INFO : X方向到位停止：DEM_StopAxisRun：返回值{True}CurrentPos{683.685}bImmeStop{False}nAxisMask{1}
2023-04-07 22:29:16,462 [AppLog] INFO : 结束自动清洗过程：AutoCleanThread
2023-04-07 22:29:16,462 [AppLog] INFO : 进入：EquipmentMotionLogic3=》准备创建对象-手动操作！
2023-04-07 22:29:16,462 [AppLog] INFO : 进入：EquipmentMotionLogic3=》不需重新创建-手动操作！
2023-04-07 22:29:16,462 [AppLog] INFO : 进入：EquipmentMotionLogic3=》赋值完成自-AutoPrintMotion2！
2023-04-07 22:29:16,462 [AppLog] INFO : 进入：EquipmentMotionLogic3=》加载配置文件-LoadJsonFile成功！
2023-04-07 22:29:16,462 [AppLog] INFO : 进入：AutoPrintThread2！
2023-04-07 22:29:16,462 [AppLog] INFO : 关闭闪喷操作：IDP_FlashPrtCtl：返回值{True}
2023-04-07 22:29:16,462 [AppLog] INFO : 准备读取编码器位置：Y方向！
2023-04-07 22:29:16,462 [AppLog] INFO : 准备运动，编码器当前位置：DEM_GetAxisEncodeVal：MoveDirectionFlag{false为Y方向：True}CurrentPos{121}AimPos{15}
2023-04-07 22:29:16,493 [AppLog] INFO : Y方向运动开始：DEM_Run：返回值{True}nAxis{1}DirFlag{False}nSpeed{300000}MoveStep{-106000}nCtlValue{0}
2023-04-07 22:29:16,493 [AppLog] INFO : 准备读取编码器位置：X方向！
2023-04-07 22:29:16,493 [AppLog] INFO : 准备运动，当前位置：DEV_GetPrintEncoderValue：MoveDirectionFlag{false为Y方向：False}CurrentPos{680.325}AimPos{425}
2023-04-07 22:29:16,540 [AppLog] INFO : X方向运动开始：DEM_Run：返回值{True}nAxis{0}DirFlag{False}nSpeed{300000}MoveStep{-255325}nCtlValue{2}
2023-04-07 22:29:17,944 [AppLog] INFO : X方向到位停止：DEM_StopAxisRun：返回值{True}CurrentPos{429.525}bImmeStop{False}nAxisMask{1}
2023-04-07 22:29:17,944 [AppLog] INFO : 准备读取编码器位置：X方向！
2023-04-07 22:29:17,944 [AppLog] INFO : 准备运动，当前位置：DEV_GetPrintEncoderValue：MoveDirectionFlag{false为Y方向：False}CurrentPos{429.35}AimPos{25}
2023-04-07 22:29:17,975 [AppLog] INFO : X方向运动开始：DEM_Run：返回值{True}nAxis{0}DirFlag{False}nSpeed{300000}MoveStep{-404350}nCtlValue{2}
2023-04-07 22:29:19,863 [AppLog] INFO : X方向到位停止：DEM_StopAxisRun：返回值{True}CurrentPos{25.935}bImmeStop{False}nAxisMask{1}
2023-04-07 22:29:19,863 [AppLog] INFO : 准备读取编码器位置：Y方向！
2023-04-07 22:29:19,863 [AppLog] INFO : 准备运动，编码器当前位置：DEM_GetAxisEncodeVal：MoveDirectionFlag{false为Y方向：True}CurrentPos{15.15}AimPos{69}
2023-04-07 22:29:19,894 [AppLog] INFO : Y方向运动开始：DEM_Run：返回值{True}nAxis{1}DirFlag{True}nSpeed{300000}MoveStep{53850}nCtlValue{0}
2023-04-07 22:29:20,081 [AppLog] INFO : Y方向到位停止：DEM_StopAxisRun：返回值{True}CurrentPos{26.28}bImmeStop{False}nAxisMask{2}
2023-04-07 22:29:20,081 [AppLog] INFO : 获取打印Pass数据：IDP_GetPassItem2：nLayerIndex{2}nPassID{1}nProcState{3}LPPassDataItemb:PrtDir{True}nDataTxCompleteCnt{1}nHwMemAdrMatchMask{1}nLayerIndex{2}nLayerPassCount{6}nLayerPassIndex{1}nMinJet0ImgLinePos{1280}nPrtMemHwAddr{System.UInt32[]}nPrtDataOffset{System.UInt32[]}nSrcDataSize{System.UInt32[]}nPrtColBytes{System.UInt32[]}nPrtPrecession{8}nSrcEndCols{8000}nSrcStartCols{0}nStartEncPos{10000}nValidPassJets{1280}nValidPrtCols{8310}nValidPrtCtlCnts{1}pDataBuf{0}pNextItem{674160736}
2023-04-07 22:29:20,097 [AppLog] INFO : 使能Pass打印成功：IDP_DoPassPrint2：nLayerIndex{2}nPassID{1}
2023-04-07 22:29:20,112 [AppLog] INFO : PASS打印前关键状态：DEV_GetDeviceInfo2：nLayerIndex{2}nPassID{1}LPPRINTER_INFO:nXSysEncDPI{0}nStatus{0}nPrintStatus{0}bSuperDevice{0}
LPPRINTER_INFO-LPPrtRunInfo:bJobPrtRuning{False}bLayerPrtIsOver{False}nContReqMemErr{0}nContWDErr{0}nCurPrtDir{0}nDTLayerIndex{0}nDTLayerPassIndex{0}nDTPtrCtlIndex{0}nLayerPassCount{0}nPrintLayerIndex{0}nPrintPassIndex{0}nProcLayerIndex{0}nPrtDataMemAddr{0}nPrtState{0}nReverse{System.Int32[]}nRevPrtCols{0}
LPPRINTER_INFO-LPDRVINFO:nFMVersion{0}nFpgaVersion{0}nPCBVersion{0}nState{0}nNextState{0}nPtvwarnState{0}nCrc32{0}nRevInfo{System.UInt32[]}nSignature{0}
2023-04-07 22:29:20,112 [AppLog] INFO : 进入：EquipmentMotionLogic3=》准备创建对象-手动操作！
2023-04-07 22:29:20,112 [AppLog] INFO : 进入：EquipmentMotionLogic3=》不需重新创建-手动操作！
2023-04-07 22:29:20,112 [AppLog] INFO : 进入：EquipmentMotionLogic3=》赋值完成自-AutoPrintMotion2！
2023-04-07 22:29:20,112 [AppLog] INFO : 进入：EquipmentMotionLogic3=》加载配置文件-LoadJsonFile成功！
2023-04-07 22:29:20,112 [AppLog] INFO : 进入：AutoPrintThread2！
2023-04-07 22:29:20,112 [AppLog] INFO : 准备读取编码器位置：X方向！
2023-04-07 22:29:20,112 [AppLog] INFO : 准备运动，当前位置：DEV_GetPrintEncoderValue：MoveDirectionFlag{false为Y方向：False}CurrentPos{21.62}AimPos{425}
2023-04-07 22:29:20,143 [AppLog] INFO : X方向运动开始：DEM_Run：返回值{True}nAxis{0}DirFlag{True}nSpeed{300000}MoveStep{403380}nCtlValue{2}
2023-04-07 22:29:22,047 [AppLog] INFO : X方向到位停止：DEM_StopAxisRun：返回值{True}CurrentPos{419.95}bImmeStop{False}nAxisMask{1}
2023-04-07 22:29:22,047 [AppLog] INFO : 准备读取编码器位置：Y方向！
2023-04-07 22:29:22,047 [AppLog] INFO : 准备运动，编码器当前位置：DEM_GetAxisEncodeVal：MoveDirectionFlag{false为Y方向：True}CurrentPos{68.93}AimPos{123}
2023-04-07 22:29:22,078 [AppLog] INFO : Y方向运动开始：DEM_Run：返回值{True}nAxis{1}DirFlag{True}nSpeed{300000}MoveStep{54070}nCtlValue{0}
2023-04-07 22:29:22,265 [AppLog] INFO : Y方向到位停止：DEM_StopAxisRun：返回值{True}CurrentPos{79.16}bImmeStop{False}nAxisMask{2}
2023-04-07 22:29:22,265 [AppLog] INFO : 获取打印Pass数据：IDP_GetPassItem2：nLayerIndex{2}nPassID{2}nProcState{3}LPPassDataItemb:PrtDir{False}nDataTxCompleteCnt{1}nHwMemAdrMatchMask{1}nLayerIndex{2}nLayerPassCount{6}nLayerPassIndex{2}nMinJet0ImgLinePos{2560}nPrtMemHwAddr{System.UInt32[]}nPrtDataOffset{System.UInt32[]}nSrcDataSize{System.UInt32[]}nPrtColBytes{System.UInt32[]}nPrtPrecession{8}nSrcEndCols{8000}nSrcStartCols{0}nStartEncPos{76472}nValidPassJets{1280}nValidPrtCols{8310}nValidPrtCtlCnts{1}pDataBuf{0}pNextItem{674160576}
2023-04-07 22:29:22,281 [AppLog] INFO : 使能Pass打印成功：IDP_DoPassPrint2：nLayerIndex{2}nPassID{2}
2023-04-07 22:29:22,281 [AppLog] INFO : PASS打印前关键状态：DEV_GetDeviceInfo2：nLayerIndex{2}nPassID{2}LPPRINTER_INFO:nXSysEncDPI{0}nStatus{0}nPrintStatus{0}bSuperDevice{0}
LPPRINTER_INFO-LPPrtRunInfo:bJobPrtRuning{False}bLayerPrtIsOver{False}nContReqMemErr{0}nContWDErr{0}nCurPrtDir{0}nDTLayerIndex{0}nDTLayerPassIndex{0}nDTPtrCtlIndex{0}nLayerPassCount{0}nPrintLayerIndex{0}nPrintPassIndex{0}nProcLayerIndex{0}nPrtDataMemAddr{0}nPrtState{0}nReverse{System.Int32[]}nRevPrtCols{0}
LPPRINTER_INFO-LPDRVINFO:nFMVersion{0}nFpgaVersion{0}nPCBVersion{0}nState{0}nNextState{0}nPtvwarnState{0}nCrc32{0}nRevInfo{System.UInt32[]}nSignature{0}
2023-04-07 22:29:22,281 [AppLog] INFO : 进入：EquipmentMotionLogic3=》准备创建对象-手动操作！
2023-04-07 22:29:22,281 [AppLog] INFO : 进入：EquipmentMotionLogic3=》不需重新创建-手动操作！
2023-04-07 22:29:22,281 [AppLog] INFO : 进入：EquipmentMotionLogic3=》赋值完成自-AutoPrintMotion2！
2023-04-07 22:29:22,281 [AppLog] INFO : 进入：EquipmentMotionLogic3=》加载配置文件-LoadJsonFile成功！
2023-04-07 22:29:22,281 [AppLog] INFO : 进入：AutoPrintThread2！
2023-04-07 22:29:22,281 [AppLog] INFO : 准备读取编码器位置：X方向！
2023-04-07 22:29:22,281 [AppLog] INFO : 准备运动，当前位置：DEV_GetPrintEncoderValue：MoveDirectionFlag{false为Y方向：False}CurrentPos{423.34}AimPos{25}
2023-04-07 22:29:22,312 [AppLog] INFO : X方向运动开始：DEM_Run：返回值{True}nAxis{0}DirFlag{False}nSpeed{300000}MoveStep{-398340}nCtlValue{2}
2023-04-07 22:29:24,184 [AppLog] INFO : X方向到位停止：DEM_StopAxisRun：返回值{True}CurrentPos{30.695}bImmeStop{False}nAxisMask{1}
2023-04-07 22:29:24,184 [AppLog] INFO : 准备读取编码器位置：Y方向！
2023-04-07 22:29:24,184 [AppLog] INFO : 准备运动，编码器当前位置：DEM_GetAxisEncodeVal：MoveDirectionFlag{false为Y方向：True}CurrentPos{122.865}AimPos{177}
2023-04-07 22:29:24,215 [AppLog] INFO : Y方向运动开始：DEM_Run：返回值{True}nAxis{1}DirFlag{True}nSpeed{300000}MoveStep{54135}nCtlValue{0}
2023-04-07 22:29:24,402 [AppLog] INFO : Y方向到位停止：DEM_StopAxisRun：返回值{True}CurrentPos{133.255}bImmeStop{False}nAxisMask{2}
2023-04-07 22:29:24,402 [AppLog] INFO : 获取打印Pass数据：IDP_GetPassItem2：nLayerIndex{2}nPassID{3}nProcState{3}LPPassDataItemb:PrtDir{True}nDataTxCompleteCnt{1}nHwMemAdrMatchMask{1}nLayerIndex{2}nLayerPassCount{6}nLayerPassIndex{3}nMinJet0ImgLinePos{3840}nPrtMemHwAddr{System.UInt32[]}nPrtDataOffset{System.UInt32[]}nSrcDataSize{System.UInt32[]}nPrtColBytes{System.UInt32[]}nPrtPrecession{8}nSrcEndCols{8000}nSrcStartCols{0}nStartEncPos{10000}nValidPassJets{1280}nValidPrtCols{8310}nValidPrtCtlCnts{1}pDataBuf{0}pNextItem{674160416}
2023-04-07 22:29:24,418 [AppLog] INFO : 使能Pass打印成功：IDP_DoPassPrint2：nLayerIndex{2}nPassID{3}
2023-04-07 22:29:24,433 [AppLog] INFO : PASS打印前关键状态：DEV_GetDeviceInfo2：nLayerIndex{2}nPassID{3}LPPRINTER_INFO:nXSysEncDPI{0}nStatus{0}nPrintStatus{0}bSuperDevice{0}
LPPRINTER_INFO-LPPrtRunInfo:bJobPrtRuning{False}bLayerPrtIsOver{False}nContReqMemErr{0}nContWDErr{0}nCurPrtDir{0}nDTLayerIndex{0}nDTLayerPassIndex{0}nDTPtrCtlIndex{0}nLayerPassCount{0}nPrintLayerIndex{0}nPrintPassIndex{0}nProcLayerIndex{0}nPrtDataMemAddr{0}nPrtState{0}nReverse{System.Int32[]}nRevPrtCols{0}
LPPRINTER_INFO-LPDRVINFO:nFMVersion{0}nFpgaVersion{0}nPCBVersion{0}nState{0}nNextState{0}nPtvwarnState{0}nCrc32{0}nRevInfo{System.UInt32[]}nSignature{0}
2023-04-07 22:29:24,433 [AppLog] INFO : 进入：EquipmentMotionLogic3=》准备创建对象-手动操作！
2023-04-07 22:29:24,433 [AppLog] INFO : 进入：EquipmentMotionLogic3=》不需重新创建-手动操作！
2023-04-07 22:29:24,433 [AppLog] INFO : 进入：EquipmentMotionLogic3=》赋值完成自-AutoPrintMotion2！
2023-04-07 22:29:24,433 [AppLog] INFO : 进入：EquipmentMotionLogic3=》加载配置文件-LoadJsonFile成功！
2023-04-07 22:29:24,433 [AppLog] INFO : 进入：AutoPrintThread2！
2023-04-07 22:29:24,433 [AppLog] INFO : 准备读取编码器位置：X方向！
2023-04-07 22:29:24,433 [AppLog] INFO : 准备运动，当前位置：DEV_GetPrintEncoderValue：MoveDirectionFlag{false为Y方向：False}CurrentPos{26.59}AimPos{425}
2023-04-07 22:29:24,480 [AppLog] INFO : X方向运动开始：DEM_Run：返回值{True}nAxis{0}DirFlag{True}nSpeed{300000}MoveStep{398410}nCtlValue{2}
2023-04-07 22:29:26,368 [AppLog] INFO : X方向到位停止：DEM_StopAxisRun：返回值{True}CurrentPos{418.945}bImmeStop{False}nAxisMask{1}
2023-04-07 22:29:26,368 [AppLog] INFO : 准备读取编码器位置：Y方向！
2023-04-07 22:29:26,368 [AppLog] INFO : 准备运动，编码器当前位置：DEM_GetAxisEncodeVal：MoveDirectionFlag{false为Y方向：True}CurrentPos{176.86}AimPos{231}
2023-04-07 22:29:26,399 [AppLog] INFO : Y方向运动开始：DEM_Run：返回值{True}nAxis{1}DirFlag{True}nSpeed{300000}MoveStep{54140}nCtlValue{0}
2023-04-07 22:29:26,586 [AppLog] INFO : Y方向到位停止：DEM_StopAxisRun：返回值{True}CurrentPos{187.495}bImmeStop{False}nAxisMask{2}
2023-04-07 22:29:26,586 [AppLog] INFO : 获取打印Pass数据：IDP_GetPassItem2：nLayerIndex{2}nPassID{4}nProcState{3}LPPassDataItemb:PrtDir{False}nDataTxCompleteCnt{1}nHwMemAdrMatchMask{1}nLayerIndex{2}nLayerPassCount{6}nLayerPassIndex{4}nMinJet0ImgLinePos{5120}nPrtMemHwAddr{System.UInt32[]}nPrtDataOffset{System.UInt32[]}nSrcDataSize{System.UInt32[]}nPrtColBytes{System.UInt32[]}nPrtPrecession{8}nSrcEndCols{8000}nSrcStartCols{0}nStartEncPos{76472}nValidPassJets{1280}nValidPrtCols{8310}nValidPrtCtlCnts{1}pDataBuf{0}pNextItem{674160256}
2023-04-07 22:29:26,602 [AppLog] INFO : 使能Pass打印成功：IDP_DoPassPrint2：nLayerIndex{2}nPassID{4}
2023-04-07 22:29:26,602 [AppLog] INFO : PASS打印前关键状态：DEV_GetDeviceInfo2：nLayerIndex{2}nPassID{4}LPPRINTER_INFO:nXSysEncDPI{0}nStatus{0}nPrintStatus{0}bSuperDevice{0}
LPPRINTER_INFO-LPPrtRunInfo:bJobPrtRuning{False}bLayerPrtIsOver{False}nContReqMemErr{0}nContWDErr{0}nCurPrtDir{0}nDTLayerIndex{0}nDTLayerPassIndex{0}nDTPtrCtlIndex{0}nLayerPassCount{0}nPrintLayerIndex{0}nPrintPassIndex{0}nProcLayerIndex{0}nPrtDataMemAddr{0}nPrtState{0}nReverse{System.Int32[]}nRevPrtCols{0}
LPPRINTER_INFO-LPDRVINFO:nFMVersion{0}nFpgaVersion{0}nPCBVersion{0}nState{0}nNextState{0}nPtvwarnState{0}nCrc32{0}nRevInfo{System.UInt32[]}nSignature{0}
2023-04-07 22:29:26,602 [AppLog] INFO : 进入：EquipmentMotionLogic3=》准备创建对象-手动操作！
2023-04-07 22:29:26,602 [AppLog] INFO : 进入：EquipmentMotionLogic3=》不需重新创建-手动操作！
2023-04-07 22:29:26,602 [AppLog] INFO : 进入：EquipmentMotionLogic3=》赋值完成自-AutoPrintMotion2！
2023-04-07 22:29:26,602 [AppLog] INFO : 进入：EquipmentMotionLogic3=》加载配置文件-LoadJsonFile成功！
2023-04-07 22:29:26,602 [AppLog] INFO : 进入：AutoPrintThread2！
2023-04-07 22:29:26,602 [AppLog] INFO : 准备读取编码器位置：X方向！
2023-04-07 22:29:26,602 [AppLog] INFO : 准备运动，当前位置：DEV_GetPrintEncoderValue：MoveDirectionFlag{false为Y方向：False}CurrentPos{423.42}AimPos{25}
2023-04-07 22:29:26,633 [AppLog] INFO : X方向运动开始：DEM_Run：返回值{True}nAxis{0}DirFlag{False}nSpeed{300000}MoveStep{-398420}nCtlValue{2}
2023-04-07 22:29:28,505 [AppLog] INFO : X方向到位停止：DEM_StopAxisRun：返回值{True}CurrentPos{31.27}bImmeStop{False}nAxisMask{1}
2023-04-07 22:29:28,505 [AppLog] INFO : 准备读取编码器位置：Y方向！
2023-04-07 22:29:28,536 [AppLog] INFO : 准备运动，编码器当前位置：DEM_GetAxisEncodeVal：MoveDirectionFlag{false为Y方向：True}CurrentPos{230.955}AimPos{285}
2023-04-07 22:29:28,567 [AppLog] INFO : Y方向运动开始：DEM_Run：返回值{True}nAxis{1}DirFlag{True}nSpeed{300000}MoveStep{54045}nCtlValue{0}
2023-04-07 22:29:28,755 [AppLog] INFO : Y方向到位停止：DEM_StopAxisRun：返回值{True}CurrentPos{241.255}bImmeStop{False}nAxisMask{2}
2023-04-07 22:29:28,755 [AppLog] INFO : 获取打印Pass数据：IDP_GetPassItem2：nLayerIndex{2}nPassID{5}nProcState{3}LPPassDataItemb:PrtDir{True}nDataTxCompleteCnt{1}nHwMemAdrMatchMask{1}nLayerIndex{2}nLayerPassCount{6}nLayerPassIndex{5}nMinJet0ImgLinePos{6400}nPrtMemHwAddr{System.UInt32[]}nPrtDataOffset{System.UInt32[]}nSrcDataSize{System.UInt32[]}nPrtColBytes{System.UInt32[]}nPrtPrecession{8}nSrcEndCols{8000}nSrcStartCols{0}nStartEncPos{10000}nValidPassJets{1280}nValidPrtCols{8310}nValidPrtCtlCnts{1}pDataBuf{0}pNextItem{0}
2023-04-07 22:29:28,770 [AppLog] INFO : 使能Pass打印成功：IDP_DoPassPrint2：nLayerIndex{2}nPassID{5}
2023-04-07 22:29:28,770 [AppLog] INFO : PASS打印前关键状态：DEV_GetDeviceInfo2：nLayerIndex{2}nPassID{5}LPPRINTER_INFO:nXSysEncDPI{0}nStatus{0}nPrintStatus{0}bSuperDevice{0}
LPPRINTER_INFO-LPPrtRunInfo:bJobPrtRuning{False}bLayerPrtIsOver{False}nContReqMemErr{0}nContWDErr{0}nCurPrtDir{0}nDTLayerIndex{0}nDTLayerPassIndex{0}nDTPtrCtlIndex{0}nLayerPassCount{0}nPrintLayerIndex{0}nPrintPassIndex{0}nProcLayerIndex{0}nPrtDataMemAddr{0}nPrtState{0}nReverse{System.Int32[]}nRevPrtCols{0}
LPPRINTER_INFO-LPDRVINFO:nFMVersion{0}nFpgaVersion{0}nPCBVersion{0}nState{0}nNextState{0}nPtvwarnState{0}nCrc32{0}nRevInfo{System.UInt32[]}nSignature{0}
2023-04-07 22:29:28,770 [AppLog] INFO : 进入：EquipmentMotionLogic3=》准备创建对象-手动操作！
2023-04-07 22:29:28,770 [AppLog] INFO : 进入：EquipmentMotionLogic3=》不需重新创建-手动操作！
2023-04-07 22:29:28,770 [AppLog] INFO : 进入：EquipmentMotionLogic3=》赋值完成自-AutoPrintMotion2！
2023-04-07 22:29:28,770 [AppLog] INFO : 进入：EquipmentMotionLogic3=》加载配置文件-LoadJsonFile成功！
2023-04-07 22:29:28,770 [AppLog] INFO : 进入：AutoPrintThread2！
2023-04-07 22:29:28,770 [AppLog] INFO : 准备读取编码器位置：X方向！
2023-04-07 22:29:28,770 [AppLog] INFO : 准备运动，当前位置：DEV_GetPrintEncoderValue：MoveDirectionFlag{false为Y方向：False}CurrentPos{26.61}AimPos{425}
2023-04-07 22:29:28,801 [AppLog] INFO : X方向运动开始：DEM_Run：返回值{True}nAxis{0}DirFlag{True}nSpeed{300000}MoveStep{398390}nCtlValue{2}
2023-04-07 22:29:30,673 [AppLog] INFO : X方向到位停止：DEM_StopAxisRun：返回值{True}CurrentPos{418.18}bImmeStop{False}nAxisMask{1}
2023-04-07 22:29:30,673 [AppLog] INFO : 准备读取编码器位置：X方向！
2023-04-07 22:29:30,673 [AppLog] INFO : 准备运动，当前位置：DEV_GetPrintEncoderValue：MoveDirectionFlag{false为Y方向：False}CurrentPos{418.39}AimPos{780}
2023-04-07 22:29:30,705 [AppLog] INFO : X方向运动开始：DEM_Run：返回值{True}nAxis{0}DirFlag{True}nSpeed{300000}MoveStep{361610}nCtlValue{2}
2023-04-07 22:29:30,705 [AppLog] INFO : 准备读取编码器位置：Y方向！
2023-04-07 22:29:30,705 [AppLog] INFO : 准备运动，编码器当前位置：DEM_GetAxisEncodeVal：MoveDirectionFlag{false为Y方向：True}CurrentPos{284.9}AimPos{121}
2023-04-07 22:29:30,736 [AppLog] INFO : Y方向运动开始：DEM_Run：返回值{True}nAxis{1}DirFlag{False}nSpeed{300000}MoveStep{-163900}nCtlValue{0}
2023-04-07 22:29:32,452 [AppLog] INFO : Y方向到位等停：DEM_StopAxisRun：返回值{True}bImmeStop{False}nAxisMask{1}
2023-04-07 22:29:32,452 [AppLog] INFO : X方向到位等停：DEM_StopAxisRun：返回值{True}bImmeStop{False}nAxisMask{2}
2023-04-07 22:29:32,483 [AppLog] INFO : 开启闪喷操作：IDP_FlashPrtCtl：返回值{True}
2023-04-07 22:29:32,483 [AppLog] INFO : 进入：EquipmentMotionLogic3=》准备创建对象-手动操作！
2023-04-07 22:29:32,483 [AppLog] INFO : 进入：EquipmentMotionLogic3=》不需重新创建-手动操作！
2023-04-07 22:29:32,483 [AppLog] INFO : 进入：EquipmentMotionLogic3=》赋值完成自-AutoPrintMotion2！
2023-04-07 22:29:32,483 [AppLog] INFO : 进入：EquipmentMotionLogic3=》加载配置文件-LoadJsonFile成功！
2023-04-07 22:29:32,483 [AppLog] INFO : 进入自动铺粉逻辑：NewAutoSupplyPowderThread2
2023-04-07 22:29:32,561 [AppLog] INFO : 手动正向点动指令（8轴运控板卡系统） ====》：输出AXIS{第1轴},点动量{-0.1MM},运动速度{2MM/s}
2023-04-07 22:29:32,561 [AppLog] INFO : 成形面高度下降层厚 TrapSpace{0.1mm}：TrapMoveUp(1, true, Convert.ToString(vel), Convert.ToString(TrapSpace), true, true）
2023-04-07 22:29:33,325 [AppLog] INFO : 手动正向点动指令（8轴运控板卡系统） ====》：输出AXIS{第1轴},点动量{-1.5MM},运动速度{2MM/s}
2023-04-07 22:29:33,325 [AppLog] INFO : 成形面高度下降指定厚度 TrapSpace{1.5mm}：TrapMoveUp(1, true, Convert.ToString(vel), Convert.ToString(TrapSpace), true, true）
2023-04-07 22:29:34,105 [AppLog] INFO : 手动正向点动指令（8轴运控板卡系统） ====》：输出AXIS{第1轴},点动量{1.5MM},运动速度{2MM/s}
2023-04-07 22:29:34,105 [AppLog] INFO : 成形面高度上升层厚 TrapSpace{1.5mm}：TrapMoveUp(1, true, Convert.ToString(vel), Convert.ToString(TrapSpace), true, true）
2023-04-07 22:29:34,324 [AppLog] INFO : 手动正向点动指令（8轴运控板卡系统） ====》：输出AXIS{第8轴},点动量{0.5MM},运动速度{2.5MM/s}
2023-04-07 22:29:34,324 [AppLog] INFO : Hopper落粉轴转2圈落粉，速度0.5rev/s：TrapMoveUp(8, true, 0.5, rotateNuM.ToString(), true, false)
2023-04-07 22:29:35,619 [AppLog] INFO : 手动正向点动指令（8轴运控板卡系统） ====》：输出AXIS{第2轴},点动量{258MM},运动速度{200MM/s}
2023-04-07 22:29:35,619 [AppLog] INFO : 开启铺粉车不等停运动至准备打印位置255mm，速度200mm/s：BackToStation2
2023-04-07 22:29:35,619 [AppLog] INFO : 手动正向点动指令（8轴运控板卡系统） ====》：输出AXIS{第2轴},点动量{440MM},运动速度{50MM/s}
2023-04-07 22:29:35,619 [AppLog] INFO : 开启铺粉车不等停运动至准备打印位置695mm，速度50mm/s：BackToStation2
2023-04-07 22:29:35,728 [AppLog] INFO : 打开IR灯：OpenIRLamp(true)
2023-04-07 22:29:35,728 [AppLog] INFO : 手动正向点动指令（8轴运控板卡系统） ====》：输出AXIS{第3轴},点动量{0.5MM},运动速度{0.0753424657534247MM/s}
2023-04-07 22:29:35,728 [AppLog] INFO : 开启均匀落粉及辊子铺平运动：TrapMoveUp(3, true, Convert.ToString(DispenseRollerSpeed), 0.5, true, true)
2023-04-07 22:29:40,845 [AppLog] INFO : 关闭IR灯：OpenIRLamp(false)
2023-04-07 22:29:43,185 [AppLog] INFO : 手动正向点动指令（8轴运控板卡系统） ====》：输出AXIS{第3轴},点动量{0.5MM},运动速度{2MM/s}
2023-04-07 22:29:43,185 [AppLog] INFO : 落粉轴继续转动以倒掉余粉：TrapMoveUp(3, true, 2, 0.5, true, false)
2023-04-07 22:29:45,197 [AppLog] INFO : 手动正向点动指令（8轴运控板卡系统） ====》：输出AXIS{第1轴},点动量{-1.5MM},运动速度{2MM/s}
2023-04-07 22:29:45,197 [AppLog] INFO : 成形面高度下降指定厚度 TrapSpace{1.5mm}：TrapMoveUp(1, true, Convert.ToString(vel), Convert.ToString(TrapSpace), true, true）
2023-04-07 22:29:48,692 [AppLog] INFO : 手动正向点动指令（8轴运控板卡系统） ====》：输出AXIS{第2轴},点动量{-698MM},运动速度{200MM/s}
2023-04-07 22:29:48,692 [AppLog] INFO : 铺粉车返回至站1：BackToStation2(AimPos, MovSpeed, true)：-3mm，速度200mm/s：BackToStation2
2023-04-07 22:29:49,082 [AppLog] INFO : 落粉轴回零成功：motionMap.SetBackSpreaderAxis(3, 0.5, 2, -SinkPosition)：ReturnCode{True}
2023-04-07 22:29:49,846 [AppLog] INFO : 手动正向点动指令（8轴运控板卡系统） ====》：输出AXIS{第1轴},点动量{1.5MM},运动速度{2MM/s}
2023-04-07 22:29:49,846 [AppLog] INFO : 成形面高度上升层厚 TrapSpace{1.5mm}：TrapMoveUp(1, true, Convert.ToString(vel), Convert.ToString(TrapSpace), true, true）
2023-04-07 22:29:49,846 [AppLog] INFO : 自动铺粉正常结束：NewAutoSupplyPowderThread2
2023-04-07 22:29:49,846 [AppLog] INFO : 发送监控指令，拍照记录1条：SendMessageFromSharedMemory
2023-04-07 22:29:49,846 [AppLog] INFO : 执行完成铺粉固化操作：EquipmentMotionLogic3：m_bApplyPowderSupplyMotion:0
2023-04-07 22:29:49,846 [AppLog] INFO : 接收到恢复打印指令：PrintTaskTHREAD
2023-04-07 22:29:49,846 [AppLog] INFO : 获取打印Pass数据：IDP_GetPassItem2：nLayerIndex{3}nPassID{0}nProcState{3}LPPassDataItemb:PrtDir{False}nDataTxCompleteCnt{1}nHwMemAdrMatchMask{1}nLayerIndex{3}nLayerPassCount{6}nLayerPassIndex{0}nMinJet0ImgLinePos{0}nPrtMemHwAddr{System.UInt32[]}nPrtDataOffset{System.UInt32[]}nSrcDataSize{System.UInt32[]}nPrtColBytes{System.UInt32[]}nPrtPrecession{8}nSrcEndCols{8000}nSrcStartCols{0}nStartEncPos{76472}nValidPassJets{1280}nValidPrtCols{8310}nValidPrtCtlCnts{1}pDataBuf{0}pNextItem{674163136}
2023-04-07 22:29:49,862 [AppLog] INFO : 使能Pass打印成功：IDP_DoPassPrint2：nLayerIndex{3}nPassID{0}
2023-04-07 22:29:49,862 [AppLog] INFO : PASS打印前关键状态：DEV_GetDeviceInfo2：nLayerIndex{3}nPassID{0}LPPRINTER_INFO:nXSysEncDPI{0}nStatus{0}nPrintStatus{0}bSuperDevice{0}
LPPRINTER_INFO-LPPrtRunInfo:bJobPrtRuning{False}bLayerPrtIsOver{False}nContReqMemErr{0}nContWDErr{0}nCurPrtDir{0}nDTLayerIndex{0}nDTLayerPassIndex{0}nDTPtrCtlIndex{0}nLayerPassCount{0}nPrintLayerIndex{0}nPrintPassIndex{0}nProcLayerIndex{0}nPrtDataMemAddr{0}nPrtState{0}nReverse{System.Int32[]}nRevPrtCols{0}
LPPRINTER_INFO-LPDRVINFO:nFMVersion{0}nFpgaVersion{0}nPCBVersion{0}nState{0}nNextState{0}nPtvwarnState{0}nCrc32{0}nRevInfo{System.UInt32[]}nSignature{0}
2023-04-07 22:29:49,862 [AppLog] INFO : 进入：EquipmentMotionLogic3=》准备创建对象-手动操作！
2023-04-07 22:29:49,862 [AppLog] INFO : 进入：EquipmentMotionLogic3=》不需重新创建-手动操作！
2023-04-07 22:29:49,862 [AppLog] INFO : 进入：EquipmentMotionLogic3=》赋值完成自-AutoPrintMotion2！
2023-04-07 22:29:49,862 [AppLog] INFO : 进入：EquipmentMotionLogic3=》加载配置文件-LoadJsonFile成功！
2023-04-07 22:29:49,862 [AppLog] INFO : 进入自动清洗过程：AutoCleanThread
2023-04-07 22:29:50,844 [AppLog] INFO : 刮墨轴回零成功：motionMap.SetBackSpreaderAxis(4, 1, 2, -SinkPosition)
2023-04-07 22:29:50,844 [AppLog] INFO : 准备读取编码器位置：Y方向！
2023-04-07 22:29:50,844 [AppLog] INFO : 准备运动，编码器当前位置：DEM_GetAxisEncodeVal：MoveDirectionFlag{false为Y方向：True}CurrentPos{121.335}AimPos{121}
2023-04-07 22:29:50,876 [AppLog] INFO : Y方向运动开始：DEM_Run：返回值{True}nAxis{1}DirFlag{False}nSpeed{300000}MoveStep{-335.000000000008}nCtlValue{0}
2023-04-07 22:29:50,876 [AppLog] INFO : Y方向到位停止：DEM_StopAxisRun：返回值{True}CurrentPos{121.335}bImmeStop{False}nAxisMask{2}
2023-04-07 22:29:50,876 [AppLog] INFO : 准备读取编码器位置：X方向！
2023-04-07 22:29:50,876 [AppLog] INFO : 准备运动，当前位置：DEV_GetPrintEncoderValue：MoveDirectionFlag{false为Y方向：False}CurrentPos{784.995}AimPos{780}
2023-04-07 22:29:50,907 [AppLog] INFO : X方向运动开始：DEM_Run：返回值{True}nAxis{0}DirFlag{False}nSpeed{300000}MoveStep{-4995}nCtlValue{2}
2023-04-07 22:29:51,188 [AppLog] INFO : X方向到位停止：DEM_StopAxisRun：返回值{True}CurrentPos{780.705}bImmeStop{False}nAxisMask{1}
2023-04-07 22:29:52,014 [AppLog] INFO : 开启压墨： motionMap.SetDo(13, true)
2023-04-07 22:29:56,024 [AppLog] INFO : 关闭压墨： motionMap.SetDo(13, true)
2023-04-07 22:29:56,024 [AppLog] INFO : 准备读取编码器位置：X方向！
2023-04-07 22:29:56,024 [AppLog] INFO : 准备运动，当前位置：DEV_GetPrintEncoderValue：MoveDirectionFlag{false为Y方向：False}CurrentPos{780.34}AimPos{680}
2023-04-07 22:29:56,055 [AppLog] INFO : X方向运动开始：DEM_Run：返回值{True}nAxis{0}DirFlag{False}nSpeed{50000}MoveStep{-100340}nCtlValue{2}
2023-04-07 22:29:58,114 [AppLog] INFO : X方向到位停止：DEM_StopAxisRun：返回值{True}CurrentPos{683.67}bImmeStop{False}nAxisMask{1}
2023-04-07 22:29:58,941 [AppLog] INFO : 结束自动清洗过程：AutoCleanThread
2023-04-07 22:29:58,941 [AppLog] INFO : 进入：EquipmentMotionLogic3=》准备创建对象-手动操作！
2023-04-07 22:29:58,941 [AppLog] INFO : 进入：EquipmentMotionLogic3=》不需重新创建-手动操作！
2023-04-07 22:29:58,941 [AppLog] INFO : 进入：EquipmentMotionLogic3=》赋值完成自-AutoPrintMotion2！
2023-04-07 22:29:58,941 [AppLog] INFO : 进入：EquipmentMotionLogic3=》加载配置文件-LoadJsonFile成功！
2023-04-07 22:29:58,941 [AppLog] INFO : 进入：AutoPrintThread2！
2023-04-07 22:29:58,941 [AppLog] INFO : 关闭闪喷操作：IDP_FlashPrtCtl：返回值{True}
2023-04-07 22:29:58,941 [AppLog] INFO : 准备读取编码器位置：Y方向！
2023-04-07 22:29:58,941 [AppLog] INFO : 准备运动，编码器当前位置：DEM_GetAxisEncodeVal：MoveDirectionFlag{false为Y方向：True}CurrentPos{120.995}AimPos{15}
2023-04-07 22:29:58,972 [AppLog] INFO : Y方向运动开始：DEM_Run：返回值{True}nAxis{1}DirFlag{False}nSpeed{300000}MoveStep{-105995}nCtlValue{0}
2023-04-07 22:29:58,972 [AppLog] INFO : 准备读取编码器位置：X方向！
2023-04-07 22:29:58,972 [AppLog] INFO : 准备运动，当前位置：DEV_GetPrintEncoderValue：MoveDirectionFlag{false为Y方向：False}CurrentPos{680.325}AimPos{425}
2023-04-07 22:29:59,003 [AppLog] INFO : X方向运动开始：DEM_Run：返回值{True}nAxis{0}DirFlag{False}nSpeed{300000}MoveStep{-255325}nCtlValue{2}
2023-04-07 22:30:00,407 [AppLog] INFO : X方向到位停止：DEM_StopAxisRun：返回值{True}CurrentPos{429.545}bImmeStop{False}nAxisMask{1}
2023-04-07 22:30:00,407 [AppLog] INFO : 准备读取编码器位置：X方向！
2023-04-07 22:30:00,407 [AppLog] INFO : 准备运动，当前位置：DEV_GetPrintEncoderValue：MoveDirectionFlag{false为Y方向：False}CurrentPos{429.45}AimPos{25}
2023-04-07 22:30:00,438 [AppLog] INFO : X方向运动开始：DEM_Run：返回值{True}nAxis{0}DirFlag{False}nSpeed{300000}MoveStep{-404450}nCtlValue{2}
2023-04-07 22:30:02,326 [AppLog] INFO : X方向到位停止：DEM_StopAxisRun：返回值{True}CurrentPos{25.29}bImmeStop{False}nAxisMask{1}
2023-04-07 22:30:02,326 [AppLog] INFO : 准备读取编码器位置：Y方向！
2023-04-07 22:30:02,342 [AppLog] INFO : 准备运动，编码器当前位置：DEM_GetAxisEncodeVal：MoveDirectionFlag{false为Y方向：True}CurrentPos{15.17}AimPos{69}
2023-04-07 22:30:02,373 [AppLog] INFO : Y方向运动开始：DEM_Run：返回值{True}nAxis{1}DirFlag{True}nSpeed{300000}MoveStep{53830}nCtlValue{0}
2023-04-07 22:30:02,560 [AppLog] INFO : Y方向到位停止：DEM_StopAxisRun：返回值{True}CurrentPos{26.245}bImmeStop{False}nAxisMask{2}
2023-04-07 22:30:02,560 [AppLog] INFO : 获取打印Pass数据：IDP_GetPassItem2：nLayerIndex{3}nPassID{1}nProcState{3}LPPassDataItemb:PrtDir{True}nDataTxCompleteCnt{1}nHwMemAdrMatchMask{1}nLayerIndex{3}nLayerPassCount{6}nLayerPassIndex{1}nMinJet0ImgLinePos{1280}nPrtMemHwAddr{System.UInt32[]}nPrtDataOffset{System.UInt32[]}nSrcDataSize{System.UInt32[]}nPrtColBytes{System.UInt32[]}nPrtPrecession{8}nSrcEndCols{8000}nSrcStartCols{0}nStartEncPos{10000}nValidPassJets{1280}nValidPrtCols{8310}nValidPrtCtlCnts{1}pDataBuf{0}pNextItem{674163296}
2023-04-07 22:30:02,576 [AppLog] INFO : 使能Pass打印成功：IDP_DoPassPrint2：nLayerIndex{3}nPassID{1}
2023-04-07 22:30:02,576 [AppLog] INFO : PASS打印前关键状态：DEV_GetDeviceInfo2：nLayerIndex{3}nPassID{1}LPPRINTER_INFO:nXSysEncDPI{0}nStatus{0}nPrintStatus{0}bSuperDevice{0}
LPPRINTER_INFO-LPPrtRunInfo:bJobPrtRuning{False}bLayerPrtIsOver{False}nContReqMemErr{0}nContWDErr{0}nCurPrtDir{0}nDTLayerIndex{0}nDTLayerPassIndex{0}nDTPtrCtlIndex{0}nLayerPassCount{0}nPrintLayerIndex{0}nPrintPassIndex{0}nProcLayerIndex{0}nPrtDataMemAddr{0}nPrtState{0}nReverse{System.Int32[]}nRevPrtCols{0}
LPPRINTER_INFO-LPDRVINFO:nFMVersion{0}nFpgaVersion{0}nPCBVersion{0}nState{0}nNextState{0}nPtvwarnState{0}nCrc32{0}nRevInfo{System.UInt32[]}nSignature{0}
2023-04-07 22:30:02,576 [AppLog] INFO : 进入：EquipmentMotionLogic3=》准备创建对象-手动操作！
2023-04-07 22:30:02,576 [AppLog] INFO : 进入：EquipmentMotionLogic3=》不需重新创建-手动操作！
2023-04-07 22:30:02,576 [AppLog] INFO : 进入：EquipmentMotionLogic3=》赋值完成自-AutoPrintMotion2！
2023-04-07 22:30:02,576 [AppLog] INFO : 进入：EquipmentMotionLogic3=》加载配置文件-LoadJsonFile成功！
2023-04-07 22:30:02,576 [AppLog] INFO : 进入：AutoPrintThread2！
2023-04-07 22:30:02,576 [AppLog] INFO : 准备读取编码器位置：X方向！
2023-04-07 22:30:02,576 [AppLog] INFO : 准备运动，当前位置：DEV_GetPrintEncoderValue：MoveDirectionFlag{false为Y方向：False}CurrentPos{21.54}AimPos{425}
2023-04-07 22:30:02,607 [AppLog] INFO : X方向运动开始：DEM_Run：返回值{True}nAxis{0}DirFlag{True}nSpeed{300000}MoveStep{403460}nCtlValue{2}
2023-04-07 22:30:04,494 [AppLog] INFO : X方向到位停止：DEM_StopAxisRun：返回值{True}CurrentPos{419.085}bImmeStop{False}nAxisMask{1}
2023-04-07 22:30:04,494 [AppLog] INFO : 准备读取编码器位置：Y方向！
2023-04-07 22:30:04,494 [AppLog] INFO : 准备运动，编码器当前位置：DEM_GetAxisEncodeVal：MoveDirectionFlag{false为Y方向：True}CurrentPos{68.945}AimPos{123}
2023-04-07 22:30:04,526 [AppLog] INFO : Y方向运动开始：DEM_Run：返回值{True}nAxis{1}DirFlag{True}nSpeed{300000}MoveStep{54055}nCtlValue{0}
2023-04-07 22:30:04,713 [AppLog] INFO : Y方向到位停止：DEM_StopAxisRun：返回值{True}CurrentPos{79.86}bImmeStop{False}nAxisMask{2}
2023-04-07 22:30:04,713 [AppLog] INFO : 获取打印Pass数据：IDP_GetPassItem2：nLayerIndex{3}nPassID{2}nProcState{3}LPPassDataItemb:PrtDir{False}nDataTxCompleteCnt{1}nHwMemAdrMatchMask{1}nLayerIndex{3}nLayerPassCount{6}nLayerPassIndex{2}nMinJet0ImgLinePos{2560}nPrtMemHwAddr{System.UInt32[]}nPrtDataOffset{System.UInt32[]}nSrcDataSize{System.UInt32[]}nPrtColBytes{System.UInt32[]}nPrtPrecession{8}nSrcEndCols{8000}nSrcStartCols{0}nStartEncPos{76472}nValidPassJets{1280}nValidPrtCols{8310}nValidPrtCtlCnts{1}pDataBuf{0}pNextItem{674163456}
2023-04-07 22:30:04,728 [AppLog] INFO : 使能Pass打印成功：IDP_DoPassPrint2：nLayerIndex{3}nPassID{2}
2023-04-07 22:30:04,728 [AppLog] INFO : PASS打印前关键状态：DEV_GetDeviceInfo2：nLayerIndex{3}nPassID{2}LPPRINTER_INFO:nXSysEncDPI{0}nStatus{0}nPrintStatus{0}bSuperDevice{0}
LPPRINTER_INFO-LPPrtRunInfo:bJobPrtRuning{False}bLayerPrtIsOver{False}nContReqMemErr{0}nContWDErr{0}nCurPrtDir{0}nDTLayerIndex{0}nDTLayerPassIndex{0}nDTPtrCtlIndex{0}nLayerPassCount{0}nPrintLayerIndex{0}nPrintPassIndex{0}nProcLayerIndex{0}nPrtDataMemAddr{0}nPrtState{0}nReverse{System.Int32[]}nRevPrtCols{0}
LPPRINTER_INFO-LPDRVINFO:nFMVersion{0}nFpgaVersion{0}nPCBVersion{0}nState{0}nNextState{0}nPtvwarnState{0}nCrc32{0}nRevInfo{System.UInt32[]}nSignature{0}
2023-04-07 22:30:04,728 [AppLog] INFO : 进入：EquipmentMotionLogic3=》准备创建对象-手动操作！
2023-04-07 22:30:04,728 [AppLog] INFO : 进入：EquipmentMotionLogic3=》不需重新创建-手动操作！
2023-04-07 22:30:04,728 [AppLog] INFO : 进入：EquipmentMotionLogic3=》赋值完成自-AutoPrintMotion2！
2023-04-07 22:30:04,728 [AppLog] INFO : 进入：EquipmentMotionLogic3=》加载配置文件-LoadJsonFile成功！
2023-04-07 22:30:04,728 [AppLog] INFO : 进入：AutoPrintThread2！
2023-04-07 22:30:04,728 [AppLog] INFO : 准备读取编码器位置：X方向！
2023-04-07 22:30:04,728 [AppLog] INFO : 准备运动，当前位置：DEV_GetPrintEncoderValue：MoveDirectionFlag{false为Y方向：False}CurrentPos{423.345}AimPos{25}
2023-04-07 22:30:04,760 [AppLog] INFO : X方向运动开始：DEM_Run：返回值{True}nAxis{0}DirFlag{False}nSpeed{300000}MoveStep{-398345}nCtlValue{2}
2023-04-07 22:30:06,647 [AppLog] INFO : X方向到位停止：DEM_StopAxisRun：返回值{True}CurrentPos{30}bImmeStop{False}nAxisMask{1}
2023-04-07 22:30:06,647 [AppLog] INFO : 准备读取编码器位置：Y方向！
2023-04-07 22:30:06,647 [AppLog] INFO : 准备运动，编码器当前位置：DEM_GetAxisEncodeVal：MoveDirectionFlag{false为Y方向：True}CurrentPos{122.83}AimPos{177}
2023-04-07 22:30:06,678 [AppLog] INFO : Y方向运动开始：DEM_Run：返回值{True}nAxis{1}DirFlag{True}nSpeed{300000}MoveStep{54170}nCtlValue{0}
2023-04-07 22:30:06,866 [AppLog] INFO : Y方向到位停止：DEM_StopAxisRun：返回值{True}CurrentPos{133.225}bImmeStop{False}nAxisMask{2}
2023-04-07 22:30:06,866 [AppLog] INFO : 获取打印Pass数据：IDP_GetPassItem2：nLayerIndex{3}nPassID{3}nProcState{3}LPPassDataItemb:PrtDir{True}nDataTxCompleteCnt{1}nHwMemAdrMatchMask{1}nLayerIndex{3}nLayerPassCount{6}nLayerPassIndex{3}nMinJet0ImgLinePos{3840}nPrtMemHwAddr{System.UInt32[]}nPrtDataOffset{System.UInt32[]}nSrcDataSize{System.UInt32[]}nPrtColBytes{System.UInt32[]}nPrtPrecession{8}nSrcEndCols{8000}nSrcStartCols{0}nStartEncPos{10000}nValidPassJets{1280}nValidPrtCols{8310}nValidPrtCtlCnts{1}pDataBuf{0}pNextItem{674163616}
2023-04-07 22:30:06,881 [AppLog] INFO : 使能Pass打印成功：IDP_DoPassPrint2：nLayerIndex{3}nPassID{3}
2023-04-07 22:30:06,881 [AppLog] INFO : PASS打印前关键状态：DEV_GetDeviceInfo2：nLayerIndex{3}nPassID{3}LPPRINTER_INFO:nXSysEncDPI{0}nStatus{0}nPrintStatus{0}bSuperDevice{0}
LPPRINTER_INFO-LPPrtRunInfo:bJobPrtRuning{False}bLayerPrtIsOver{False}nContReqMemErr{0}nContWDErr{0}nCurPrtDir{0}nDTLayerIndex{0}nDTLayerPassIndex{0}nDTPtrCtlIndex{0}nLayerPassCount{0}nPrintLayerIndex{0}nPrintPassIndex{0}nProcLayerIndex{0}nPrtDataMemAddr{0}nPrtState{0}nReverse{System.Int32[]}nRevPrtCols{0}
LPPRINTER_INFO-LPDRVINFO:nFMVersion{0}nFpgaVersion{0}nPCBVersion{0}nState{0}nNextState{0}nPtvwarnState{0}nCrc32{0}nRevInfo{System.UInt32[]}nSignature{0}
2023-04-07 22:30:06,881 [AppLog] INFO : 进入：EquipmentMotionLogic3=》准备创建对象-手动操作！
2023-04-07 22:30:06,881 [AppLog] INFO : 进入：EquipmentMotionLogic3=》不需重新创建-手动操作！
2023-04-07 22:30:06,881 [AppLog] INFO : 进入：EquipmentMotionLogic3=》赋值完成自-AutoPrintMotion2！
2023-04-07 22:30:06,881 [AppLog] INFO : 进入：EquipmentMotionLogic3=》加载配置文件-LoadJsonFile成功！
2023-04-07 22:30:06,881 [AppLog] INFO : 进入：AutoPrintThread2！
2023-04-07 22:30:06,881 [AppLog] INFO : 准备读取编码器位置：X方向！
2023-04-07 22:30:06,881 [AppLog] INFO : 准备运动，当前位置：DEV_GetPrintEncoderValue：MoveDirectionFlag{false为Y方向：False}CurrentPos{26.595}AimPos{425}
2023-04-07 22:30:06,912 [AppLog] INFO : X方向运动开始：DEM_Run：返回值{True}nAxis{0}DirFlag{True}nSpeed{300000}MoveStep{398405}nCtlValue{2}
2023-04-07 22:30:08,784 [AppLog] INFO : X方向到位停止：DEM_StopAxisRun：返回值{True}CurrentPos{418.775}bImmeStop{False}nAxisMask{1}
2023-04-07 22:30:08,784 [AppLog] INFO : 准备读取编码器位置：Y方向！
2023-04-07 22:30:08,784 [AppLog] INFO : 准备运动，编码器当前位置：DEM_GetAxisEncodeVal：MoveDirectionFlag{false为Y方向：True}CurrentPos{176.895}AimPos{231}
2023-04-07 22:30:08,816 [AppLog] INFO : Y方向运动开始：DEM_Run：返回值{True}nAxis{1}DirFlag{True}nSpeed{300000}MoveStep{54105}nCtlValue{0}
2023-04-07 22:30:09,018 [AppLog] INFO : Y方向到位停止：DEM_StopAxisRun：返回值{True}CurrentPos{190.175}bImmeStop{False}nAxisMask{2}
2023-04-07 22:30:09,018 [AppLog] INFO : 获取打印Pass数据：IDP_GetPassItem2：nLayerIndex{3}nPassID{4}nProcState{3}LPPassDataItemb:PrtDir{False}nDataTxCompleteCnt{1}nHwMemAdrMatchMask{1}nLayerIndex{3}nLayerPassCount{6}nLayerPassIndex{4}nMinJet0ImgLinePos{5120}nPrtMemHwAddr{System.UInt32[]}nPrtDataOffset{System.UInt32[]}nSrcDataSize{System.UInt32[]}nPrtColBytes{System.UInt32[]}nPrtPrecession{8}nSrcEndCols{8000}nSrcStartCols{0}nStartEncPos{76472}nValidPassJets{1280}nValidPrtCols{8310}nValidPrtCtlCnts{1}pDataBuf{0}pNextItem{674163776}
2023-04-07 22:30:09,018 [AppLog] INFO : 使能Pass打印成功：IDP_DoPassPrint2：nLayerIndex{3}nPassID{4}
2023-04-07 22:30:09,034 [AppLog] INFO : PASS打印前关键状态：DEV_GetDeviceInfo2：nLayerIndex{3}nPassID{4}LPPRINTER_INFO:nXSysEncDPI{0}nStatus{0}nPrintStatus{0}bSuperDevice{0}
LPPRINTER_INFO-LPPrtRunInfo:bJobPrtRuning{False}bLayerPrtIsOver{False}nContReqMemErr{0}nContWDErr{0}nCurPrtDir{0}nDTLayerIndex{0}nDTLayerPassIndex{0}nDTPtrCtlIndex{0}nLayerPassCount{0}nPrintLayerIndex{0}nPrintPassIndex{0}nProcLayerIndex{0}nPrtDataMemAddr{0}nPrtState{0}nReverse{System.Int32[]}nRevPrtCols{0}
LPPRINTER_INFO-LPDRVINFO:nFMVersion{0}nFpgaVersion{0}nPCBVersion{0}nState{0}nNextState{0}nPtvwarnState{0}nCrc32{0}nRevInfo{System.UInt32[]}nSignature{0}
2023-04-07 22:30:09,034 [AppLog] INFO : 进入：EquipmentMotionLogic3=》准备创建对象-手动操作！
2023-04-07 22:30:09,034 [AppLog] INFO : 进入：EquipmentMotionLogic3=》不需重新创建-手动操作！
2023-04-07 22:30:09,034 [AppLog] INFO : 进入：EquipmentMotionLogic3=》赋值完成自-AutoPrintMotion2！
2023-04-07 22:30:09,034 [AppLog] INFO : 进入：EquipmentMotionLogic3=》加载配置文件-LoadJsonFile成功！
2023-04-07 22:30:09,034 [AppLog] INFO : 进入：AutoPrintThread2！
2023-04-07 22:30:09,034 [AppLog] INFO : 准备读取编码器位置：X方向！
2023-04-07 22:30:09,034 [AppLog] INFO : 准备运动，当前位置：DEV_GetPrintEncoderValue：MoveDirectionFlag{false为Y方向：False}CurrentPos{423.41}AimPos{25}
2023-04-07 22:30:09,065 [AppLog] INFO : X方向运动开始：DEM_Run：返回值{True}nAxis{0}DirFlag{False}nSpeed{300000}MoveStep{-398410}nCtlValue{2}
2023-04-07 22:30:10,953 [AppLog] INFO : X方向到位停止：DEM_StopAxisRun：返回值{True}CurrentPos{30.16}bImmeStop{False}nAxisMask{1}
2023-04-07 22:30:10,953 [AppLog] INFO : 准备读取编码器位置：Y方向！
2023-04-07 22:30:10,953 [AppLog] INFO : 准备运动，编码器当前位置：DEM_GetAxisEncodeVal：MoveDirectionFlag{false为Y方向：True}CurrentPos{230.92}AimPos{285}
2023-04-07 22:30:10,984 [AppLog] INFO : Y方向运动开始：DEM_Run：返回值{True}nAxis{1}DirFlag{True}nSpeed{300000}MoveStep{54080}nCtlValue{0}
2023-04-07 22:30:11,171 [AppLog] INFO : Y方向到位停止：DEM_StopAxisRun：返回值{True}CurrentPos{241.31}bImmeStop{False}nAxisMask{2}
2023-04-07 22:30:11,171 [AppLog] INFO : 获取打印Pass数据：IDP_GetPassItem2：nLayerIndex{3}nPassID{5}nProcState{3}LPPassDataItemb:PrtDir{True}nDataTxCompleteCnt{1}nHwMemAdrMatchMask{1}nLayerIndex{3}nLayerPassCount{6}nLayerPassIndex{5}nMinJet0ImgLinePos{6400}nPrtMemHwAddr{System.UInt32[]}nPrtDataOffset{System.UInt32[]}nSrcDataSize{System.UInt32[]}nPrtColBytes{System.UInt32[]}nPrtPrecession{8}nSrcEndCols{8000}nSrcStartCols{0}nStartEncPos{10000}nValidPassJets{1280}nValidPrtCols{8310}nValidPrtCtlCnts{1}pDataBuf{0}pNextItem{0}
2023-04-07 22:30:11,171 [AppLog] INFO : 使能Pass打印成功：IDP_DoPassPrint2：nLayerIndex{3}nPassID{5}
2023-04-07 22:30:11,187 [AppLog] INFO : PASS打印前关键状态：DEV_GetDeviceInfo2：nLayerIndex{3}nPassID{5}LPPRINTER_INFO:nXSysEncDPI{0}nStatus{0}nPrintStatus{0}bSuperDevice{0}
LPPRINTER_INFO-LPPrtRunInfo:bJobPrtRuning{False}bLayerPrtIsOver{False}nContReqMemErr{0}nContWDErr{0}nCurPrtDir{0}nDTLayerIndex{0}nDTLayerPassIndex{0}nDTPtrCtlIndex{0}nLayerPassCount{0}nPrintLayerIndex{0}nPrintPassIndex{0}nProcLayerIndex{0}nPrtDataMemAddr{0}nPrtState{0}nReverse{System.Int32[]}nRevPrtCols{0}
LPPRINTER_INFO-LPDRVINFO:nFMVersion{0}nFpgaVersion{0}nPCBVersion{0}nState{0}nNextState{0}nPtvwarnState{0}nCrc32{0}nRevInfo{System.UInt32[]}nSignature{0}
2023-04-07 22:30:11,187 [AppLog] INFO : 进入：EquipmentMotionLogic3=》准备创建对象-手动操作！
2023-04-07 22:30:11,187 [AppLog] INFO : 进入：EquipmentMotionLogic3=》不需重新创建-手动操作！
2023-04-07 22:30:11,187 [AppLog] INFO : 进入：EquipmentMotionLogic3=》赋值完成自-AutoPrintMotion2！
2023-04-07 22:30:11,187 [AppLog] INFO : 进入：EquipmentMotionLogic3=》加载配置文件-LoadJsonFile成功！
2023-04-07 22:30:11,187 [AppLog] INFO : 进入：AutoPrintThread2！
2023-04-07 22:30:11,187 [AppLog] INFO : 准备读取编码器位置：X方向！
2023-04-07 22:30:11,187 [AppLog] INFO : 准备运动，当前位置：DEV_GetPrintEncoderValue：MoveDirectionFlag{false为Y方向：False}CurrentPos{26.615}AimPos{425}
2023-04-07 22:30:11,218 [AppLog] INFO : X方向运动开始：DEM_Run：返回值{True}nAxis{0}DirFlag{True}nSpeed{300000}MoveStep{398385}nCtlValue{2}
2023-04-07 22:30:13,090 [AppLog] INFO : X方向到位停止：DEM_StopAxisRun：返回值{True}CurrentPos{418.145}bImmeStop{False}nAxisMask{1}
2023-04-07 22:30:13,090 [AppLog] INFO : 准备读取编码器位置：X方向！
2023-04-07 22:30:13,090 [AppLog] INFO : 准备运动，当前位置：DEV_GetPrintEncoderValue：MoveDirectionFlag{false为Y方向：False}CurrentPos{418.255}AimPos{780}
2023-04-07 22:30:13,121 [AppLog] INFO : X方向运动开始：DEM_Run：返回值{True}nAxis{0}DirFlag{True}nSpeed{300000}MoveStep{361745}nCtlValue{2}
2023-04-07 22:30:13,121 [AppLog] INFO : 准备读取编码器位置：Y方向！
2023-04-07 22:30:13,121 [AppLog] INFO : 准备运动，编码器当前位置：DEM_GetAxisEncodeVal：MoveDirectionFlag{false为Y方向：True}CurrentPos{284.9}AimPos{121}
2023-04-07 22:30:13,152 [AppLog] INFO : Y方向运动开始：DEM_Run：返回值{True}nAxis{1}DirFlag{False}nSpeed{300000}MoveStep{-163900}nCtlValue{0}
2023-04-07 22:30:14,868 [AppLog] INFO : Y方向到位等停：DEM_StopAxisRun：返回值{True}bImmeStop{False}nAxisMask{1}
2023-04-07 22:30:14,868 [AppLog] INFO : X方向到位等停：DEM_StopAxisRun：返回值{True}bImmeStop{False}nAxisMask{2}
2023-04-07 22:30:14,900 [AppLog] INFO : 开启闪喷操作：IDP_FlashPrtCtl：返回值{True}
2023-04-07 22:30:14,900 [AppLog] INFO : 进入：EquipmentMotionLogic3=》准备创建对象-手动操作！
2023-04-07 22:30:14,900 [AppLog] INFO : 进入：EquipmentMotionLogic3=》不需重新创建-手动操作！
2023-04-07 22:30:14,900 [AppLog] INFO : 进入：EquipmentMotionLogic3=》赋值完成自-AutoPrintMotion2！
2023-04-07 22:30:14,900 [AppLog] INFO : 进入：EquipmentMotionLogic3=》加载配置文件-LoadJsonFile成功！
2023-04-07 22:30:14,900 [AppLog] INFO : 进入自动铺粉逻辑：NewAutoSupplyPowderThread2
2023-04-07 22:30:14,978 [AppLog] INFO : 手动正向点动指令（8轴运控板卡系统） ====》：输出AXIS{第1轴},点动量{-0.1MM},运动速度{2MM/s}
2023-04-07 22:30:14,978 [AppLog] INFO : 成形面高度下降层厚 TrapSpace{0.1mm}：TrapMoveUp(1, true, Convert.ToString(vel), Convert.ToString(TrapSpace), true, true）
2023-04-07 22:30:15,742 [AppLog] INFO : 手动正向点动指令（8轴运控板卡系统） ====》：输出AXIS{第1轴},点动量{-1.5MM},运动速度{2MM/s}
2023-04-07 22:30:15,742 [AppLog] INFO : 成形面高度下降指定厚度 TrapSpace{1.5mm}：TrapMoveUp(1, true, Convert.ToString(vel), Convert.ToString(TrapSpace), true, true）
2023-04-07 22:30:16,522 [AppLog] INFO : 手动正向点动指令（8轴运控板卡系统） ====》：输出AXIS{第1轴},点动量{1.5MM},运动速度{2MM/s}
2023-04-07 22:30:16,522 [AppLog] INFO : 成形面高度上升层厚 TrapSpace{1.5mm}：TrapMoveUp(1, true, Convert.ToString(vel), Convert.ToString(TrapSpace), true, true）
2023-04-07 22:30:16,740 [AppLog] INFO : 手动正向点动指令（8轴运控板卡系统） ====》：输出AXIS{第8轴},点动量{0.5MM},运动速度{2.5MM/s}
2023-04-07 22:30:16,740 [AppLog] INFO : Hopper落粉轴转2圈落粉，速度0.5rev/s：TrapMoveUp(8, true, 0.5, rotateNuM.ToString(), true, false)
2023-04-07 22:30:18,035 [AppLog] INFO : 手动正向点动指令（8轴运控板卡系统） ====》：输出AXIS{第2轴},点动量{258MM},运动速度{200MM/s}
2023-04-07 22:30:18,035 [AppLog] INFO : 开启铺粉车不等停运动至准备打印位置255mm，速度200mm/s：BackToStation2
2023-04-07 22:30:18,035 [AppLog] INFO : 手动正向点动指令（8轴运控板卡系统） ====》：输出AXIS{第2轴},点动量{440MM},运动速度{50MM/s}
2023-04-07 22:30:18,035 [AppLog] INFO : 开启铺粉车不等停运动至准备打印位置695mm，速度50mm/s：BackToStation2
2023-04-07 22:30:18,144 [AppLog] INFO : 打开IR灯：OpenIRLamp(true)
2023-04-07 22:30:18,144 [AppLog] INFO : 手动正向点动指令（8轴运控板卡系统） ====》：输出AXIS{第3轴},点动量{0.5MM},运动速度{0.0753424657534247MM/s}
2023-04-07 22:30:18,144 [AppLog] INFO : 开启均匀落粉及辊子铺平运动：TrapMoveUp(3, true, Convert.ToString(DispenseRollerSpeed), 0.5, true, true)
2023-04-07 22:30:23,261 [AppLog] INFO : 关闭IR灯：OpenIRLamp(false)
2023-04-07 22:30:25,601 [AppLog] INFO : 手动正向点动指令（8轴运控板卡系统） ====》：输出AXIS{第3轴},点动量{0.5MM},运动速度{2MM/s}
2023-04-07 22:30:25,601 [AppLog] INFO : 落粉轴继续转动以倒掉余粉：TrapMoveUp(3, true, 2, 0.5, true, false)
2023-04-07 22:30:27,614 [AppLog] INFO : 手动正向点动指令（8轴运控板卡系统） ====》：输出AXIS{第1轴},点动量{-1.5MM},运动速度{2MM/s}
2023-04-07 22:30:27,614 [AppLog] INFO : 成形面高度下降指定厚度 TrapSpace{1.5mm}：TrapMoveUp(1, true, Convert.ToString(vel), Convert.ToString(TrapSpace), true, true）
2023-04-07 22:30:31,108 [AppLog] INFO : 手动正向点动指令（8轴运控板卡系统） ====》：输出AXIS{第2轴},点动量{-698MM},运动速度{200MM/s}
2023-04-07 22:30:31,108 [AppLog] INFO : 铺粉车返回至站1：BackToStation2(AimPos, MovSpeed, true)：-3mm，速度200mm/s：BackToStation2
2023-04-07 22:30:31,498 [AppLog] INFO : 落粉轴回零成功：motionMap.SetBackSpreaderAxis(3, 0.5, 2, -SinkPosition)：ReturnCode{True}
2023-04-07 22:30:32,262 [AppLog] INFO : 手动正向点动指令（8轴运控板卡系统） ====》：输出AXIS{第1轴},点动量{1.5MM},运动速度{2MM/s}
2023-04-07 22:30:32,262 [AppLog] INFO : 成形面高度上升层厚 TrapSpace{1.5mm}：TrapMoveUp(1, true, Convert.ToString(vel), Convert.ToString(TrapSpace), true, true）
2023-04-07 22:30:32,262 [AppLog] INFO : 自动铺粉正常结束：NewAutoSupplyPowderThread2
2023-04-07 22:30:32,262 [AppLog] INFO : 发送监控指令，拍照记录1条：SendMessageFromSharedMemory
2023-04-07 22:30:32,262 [AppLog] INFO : 执行完成铺粉固化操作：EquipmentMotionLogic3：m_bApplyPowderSupplyMotion:0
2023-04-07 22:30:32,262 [AppLog] INFO : 接收到恢复打印指令：PrintTaskTHREAD
2023-04-07 22:30:32,262 [AppLog] INFO : 获取打印Pass数据：IDP_GetPassItem2：nLayerIndex{4}nPassID{0}nProcState{3}LPPassDataItemb:PrtDir{False}nDataTxCompleteCnt{1}nHwMemAdrMatchMask{1}nLayerIndex{4}nLayerPassCount{6}nLayerPassIndex{0}nMinJet0ImgLinePos{0}nPrtMemHwAddr{System.UInt32[]}nPrtDataOffset{System.UInt32[]}nSrcDataSize{System.UInt32[]}nPrtColBytes{System.UInt32[]}nPrtPrecession{8}nSrcEndCols{8000}nSrcStartCols{0}nStartEncPos{76472}nValidPassJets{1280}nValidPrtCols{8310}nValidPrtCtlCnts{1}pDataBuf{0}pNextItem{674103488}
2023-04-07 22:30:32,278 [AppLog] INFO : 使能Pass打印成功：IDP_DoPassPrint2：nLayerIndex{4}nPassID{0}
2023-04-07 22:30:32,278 [AppLog] INFO : PASS打印前关键状态：DEV_GetDeviceInfo2：nLayerIndex{4}nPassID{0}LPPRINTER_INFO:nXSysEncDPI{0}nStatus{0}nPrintStatus{0}bSuperDevice{0}
LPPRINTER_INFO-LPPrtRunInfo:bJobPrtRuning{False}bLayerPrtIsOver{False}nContReqMemErr{0}nContWDErr{0}nCurPrtDir{0}nDTLayerIndex{0}nDTLayerPassIndex{0}nDTPtrCtlIndex{0}nLayerPassCount{0}nPrintLayerIndex{0}nPrintPassIndex{0}nProcLayerIndex{0}nPrtDataMemAddr{0}nPrtState{0}nReverse{System.Int32[]}nRevPrtCols{0}
LPPRINTER_INFO-LPDRVINFO:nFMVersion{0}nFpgaVersion{0}nPCBVersion{0}nState{0}nNextState{0}nPtvwarnState{0}nCrc32{0}nRevInfo{System.UInt32[]}nSignature{0}
2023-04-07 22:30:32,278 [AppLog] INFO : 进入：EquipmentMotionLogic3=》准备创建对象-手动操作！
2023-04-07 22:30:32,278 [AppLog] INFO : 进入：EquipmentMotionLogic3=》不需重新创建-手动操作！
2023-04-07 22:30:32,278 [AppLog] INFO : 进入：EquipmentMotionLogic3=》赋值完成自-AutoPrintMotion2！
2023-04-07 22:30:32,278 [AppLog] INFO : 进入：EquipmentMotionLogic3=》加载配置文件-LoadJsonFile成功！
2023-04-07 22:30:32,278 [AppLog] INFO : 进入自动清洗过程：AutoCleanThread
2023-04-07 22:30:33,261 [AppLog] INFO : 刮墨轴回零成功：motionMap.SetBackSpreaderAxis(4, 1, 2, -SinkPosition)
2023-04-07 22:30:33,261 [AppLog] INFO : 准备读取编码器位置：Y方向！
2023-04-07 22:30:33,261 [AppLog] INFO : 准备运动，编码器当前位置：DEM_GetAxisEncodeVal：MoveDirectionFlag{false为Y方向：True}CurrentPos{121.34}AimPos{121}
2023-04-07 22:30:33,292 [AppLog] INFO : Y方向运动开始：DEM_Run：返回值{True}nAxis{1}DirFlag{False}nSpeed{300000}MoveStep{-340.000000000003}nCtlValue{0}
2023-04-07 22:30:33,292 [AppLog] INFO : Y方向到位停止：DEM_StopAxisRun：返回值{True}CurrentPos{121.34}bImmeStop{False}nAxisMask{2}
2023-04-07 22:30:33,292 [AppLog] INFO : 准备读取编码器位置：X方向！
2023-04-07 22:30:33,292 [AppLog] INFO : 准备运动，当前位置：DEV_GetPrintEncoderValue：MoveDirectionFlag{false为Y方向：False}CurrentPos{785.12}AimPos{780}
2023-04-07 22:30:33,323 [AppLog] INFO : X方向运动开始：DEM_Run：返回值{True}nAxis{0}DirFlag{False}nSpeed{300000}MoveStep{-5120}nCtlValue{2}
2023-04-07 22:30:33,510 [AppLog] INFO : X方向到位停止：DEM_StopAxisRun：返回值{True}CurrentPos{783.095}bImmeStop{False}nAxisMask{1}
2023-04-07 22:30:34,337 [AppLog] INFO : 开启压墨： motionMap.SetDo(13, true)
2023-04-07 22:30:38,346 [AppLog] INFO : 关闭压墨： motionMap.SetDo(13, true)
2023-04-07 22:30:38,346 [AppLog] INFO : 准备读取编码器位置：X方向！
2023-04-07 22:30:38,346 [AppLog] INFO : 准备运动，当前位置：DEV_GetPrintEncoderValue：MoveDirectionFlag{false为Y方向：False}CurrentPos{780.34}AimPos{680}
2023-04-07 22:30:38,378 [AppLog] INFO : X方向运动开始：DEM_Run：返回值{True}nAxis{0}DirFlag{False}nSpeed{50000}MoveStep{-100340}nCtlValue{2}
2023-04-07 22:30:40,437 [AppLog] INFO : X方向到位停止：DEM_StopAxisRun：返回值{True}CurrentPos{683.68}bImmeStop{False}nAxisMask{1}
2023-04-07 22:30:41,264 [AppLog] INFO : 结束自动清洗过程：AutoCleanThread
2023-04-07 22:30:41,264 [AppLog] INFO : 进入：EquipmentMotionLogic3=》准备创建对象-手动操作！
2023-04-07 22:30:41,264 [AppLog] INFO : 进入：EquipmentMotionLogic3=》不需重新创建-手动操作！
2023-04-07 22:30:41,264 [AppLog] INFO : 进入：EquipmentMotionLogic3=》赋值完成自-AutoPrintMotion2！
2023-04-07 22:30:41,264 [AppLog] INFO : 进入：EquipmentMotionLogic3=》加载配置文件-LoadJsonFile成功！
2023-04-07 22:30:41,264 [AppLog] INFO : 进入：AutoPrintThread2！
2023-04-07 22:30:41,279 [AppLog] INFO : 关闭闪喷操作：IDP_FlashPrtCtl：返回值{True}
2023-04-07 22:30:41,279 [AppLog] INFO : 准备读取编码器位置：Y方向！
2023-04-07 22:30:41,279 [AppLog] INFO : 准备运动，编码器当前位置：DEM_GetAxisEncodeVal：MoveDirectionFlag{false为Y方向：True}CurrentPos{121.005}AimPos{15}
2023-04-07 22:30:41,326 [AppLog] INFO : Y方向运动开始：DEM_Run：返回值{True}nAxis{1}DirFlag{False}nSpeed{300000}MoveStep{-106005}nCtlValue{0}
2023-04-07 22:30:41,326 [AppLog] INFO : 准备读取编码器位置：X方向！
2023-04-07 22:30:41,326 [AppLog] INFO : 准备运动，当前位置：DEV_GetPrintEncoderValue：MoveDirectionFlag{false为Y方向：False}CurrentPos{680.32}AimPos{425}
2023-04-07 22:30:41,357 [AppLog] INFO : X方向运动开始：DEM_Run：返回值{True}nAxis{0}DirFlag{False}nSpeed{300000}MoveStep{-255320}nCtlValue{2}
2023-04-07 22:30:42,746 [AppLog] INFO : X方向到位停止：DEM_StopAxisRun：返回值{True}CurrentPos{429.87}bImmeStop{False}nAxisMask{1}
2023-04-07 22:30:42,746 [AppLog] INFO : 准备读取编码器位置：X方向！
2023-04-07 22:30:42,761 [AppLog] INFO : 准备运动，当前位置：DEV_GetPrintEncoderValue：MoveDirectionFlag{false为Y方向：False}CurrentPos{429.555}AimPos{25}
2023-04-07 22:30:42,792 [AppLog] INFO : X方向运动开始：DEM_Run：返回值{True}nAxis{0}DirFlag{False}nSpeed{300000}MoveStep{-404555}nCtlValue{2}
2023-04-07 22:30:44,696 [AppLog] INFO : X方向到位停止：DEM_StopAxisRun：返回值{True}CurrentPos{24.89}bImmeStop{False}nAxisMask{1}
2023-04-07 22:30:44,696 [AppLog] INFO : 准备读取编码器位置：Y方向！
2023-04-07 22:30:44,696 [AppLog] INFO : 准备运动，编码器当前位置：DEM_GetAxisEncodeVal：MoveDirectionFlag{false为Y方向：True}CurrentPos{15.145}AimPos{69}
2023-04-07 22:30:44,727 [AppLog] INFO : Y方向运动开始：DEM_Run：返回值{True}nAxis{1}DirFlag{True}nSpeed{300000}MoveStep{53855}nCtlValue{0}
2023-04-07 22:30:44,914 [AppLog] INFO : Y方向到位停止：DEM_StopAxisRun：返回值{True}CurrentPos{26.235}bImmeStop{False}nAxisMask{2}
2023-04-07 22:30:44,914 [AppLog] INFO : 获取打印Pass数据：IDP_GetPassItem2：nLayerIndex{4}nPassID{1}nProcState{3}LPPassDataItemb:PrtDir{True}nDataTxCompleteCnt{1}nHwMemAdrMatchMask{1}nLayerIndex{4}nLayerPassCount{6}nLayerPassIndex{1}nMinJet0ImgLinePos{1280}nPrtMemHwAddr{System.UInt32[]}nPrtDataOffset{System.UInt32[]}nSrcDataSize{System.UInt32[]}nPrtColBytes{System.UInt32[]}nPrtPrecession{8}nSrcEndCols{8000}nSrcStartCols{0}nStartEncPos{10000}nValidPassJets{1280}nValidPrtCols{8310}nValidPrtCtlCnts{1}pDataBuf{0}pNextItem{674103648}
2023-04-07 22:30:44,930 [AppLog] INFO : 使能Pass打印成功：IDP_DoPassPrint2：nLayerIndex{4}nPassID{1}
2023-04-07 22:30:44,945 [AppLog] INFO : PASS打印前关键状态：DEV_GetDeviceInfo2：nLayerIndex{4}nPassID{1}LPPRINTER_INFO:nXSysEncDPI{0}nStatus{0}nPrintStatus{0}bSuperDevice{0}
LPPRINTER_INFO-LPPrtRunInfo:bJobPrtRuning{False}bLayerPrtIsOver{False}nContReqMemErr{0}nContWDErr{0}nCurPrtDir{0}nDTLayerIndex{0}nDTLayerPassIndex{0}nDTPtrCtlIndex{0}nLayerPassCount{0}nPrintLayerIndex{0}nPrintPassIndex{0}nProcLayerIndex{0}nPrtDataMemAddr{0}nPrtState{0}nReverse{System.Int32[]}nRevPrtCols{0}
LPPRINTER_INFO-LPDRVINFO:nFMVersion{0}nFpgaVersion{0}nPCBVersion{0}nState{0}nNextState{0}nPtvwarnState{0}nCrc32{0}nRevInfo{System.UInt32[]}nSignature{0}
2023-04-07 22:30:44,945 [AppLog] INFO : 进入：EquipmentMotionLogic3=》准备创建对象-手动操作！
2023-04-07 22:30:44,945 [AppLog] INFO : 进入：EquipmentMotionLogic3=》不需重新创建-手动操作！
2023-04-07 22:30:44,945 [AppLog] INFO : 进入：EquipmentMotionLogic3=》赋值完成自-AutoPrintMotion2！
2023-04-07 22:30:44,945 [AppLog] INFO : 进入：EquipmentMotionLogic3=》加载配置文件-LoadJsonFile成功！
2023-04-07 22:30:44,945 [AppLog] INFO : 进入：AutoPrintThread2！
2023-04-07 22:30:44,945 [AppLog] INFO : 准备读取编码器位置：X方向！
2023-04-07 22:30:44,961 [AppLog] INFO : 准备运动，当前位置：DEV_GetPrintEncoderValue：MoveDirectionFlag{false为Y方向：False}CurrentPos{21.415}AimPos{425}
2023-04-07 22:30:44,992 [AppLog] INFO : X方向运动开始：DEM_Run：返回值{True}nAxis{0}DirFlag{True}nSpeed{300000}MoveStep{403585}nCtlValue{2}
2023-04-07 22:30:46,880 [AppLog] INFO : X方向到位停止：DEM_StopAxisRun：返回值{True}CurrentPos{418.91}bImmeStop{False}nAxisMask{1}
2023-04-07 22:30:46,880 [AppLog] INFO : 准备读取编码器位置：Y方向！
2023-04-07 22:30:46,880 [AppLog] INFO : 准备运动，编码器当前位置：DEM_GetAxisEncodeVal：MoveDirectionFlag{false为Y方向：True}CurrentPos{68.965}AimPos{123}
2023-04-07 22:30:46,911 [AppLog] INFO : Y方向运动开始：DEM_Run：返回值{True}nAxis{1}DirFlag{True}nSpeed{300000}MoveStep{54035}nCtlValue{0}
2023-04-07 22:30:47,098 [AppLog] INFO : Y方向到位停止：DEM_StopAxisRun：返回值{True}CurrentPos{79.05}bImmeStop{False}nAxisMask{2}
2023-04-07 22:30:47,098 [AppLog] INFO : 获取打印Pass数据：IDP_GetPassItem2：nLayerIndex{4}nPassID{2}nProcState{3}LPPassDataItemb:PrtDir{False}nDataTxCompleteCnt{1}nHwMemAdrMatchMask{1}nLayerIndex{4}nLayerPassCount{6}nLayerPassIndex{2}nMinJet0ImgLinePos{2560}nPrtMemHwAddr{System.UInt32[]}nPrtDataOffset{System.UInt32[]}nSrcDataSize{System.UInt32[]}nPrtColBytes{System.UInt32[]}nPrtPrecession{8}nSrcEndCols{8000}nSrcStartCols{0}nStartEncPos{76472}nValidPassJets{1280}nValidPrtCols{8310}nValidPrtCtlCnts{1}pDataBuf{0}pNextItem{674103808}
2023-04-07 22:30:47,114 [AppLog] INFO : 使能Pass打印成功：IDP_DoPassPrint2：nLayerIndex{4}nPassID{2}
2023-04-07 22:30:47,114 [AppLog] INFO : PASS打印前关键状态：DEV_GetDeviceInfo2：nLayerIndex{4}nPassID{2}LPPRINTER_INFO:nXSysEncDPI{0}nStatus{0}nPrintStatus{0}bSuperDevice{0}
LPPRINTER_INFO-LPPrtRunInfo:bJobPrtRuning{False}bLayerPrtIsOver{False}nContReqMemErr{0}nContWDErr{0}nCurPrtDir{0}nDTLayerIndex{0}nDTLayerPassIndex{0}nDTPtrCtlIndex{0}nLayerPassCount{0}nPrintLayerIndex{0}nPrintPassIndex{0}nProcLayerIndex{0}nPrtDataMemAddr{0}nPrtState{0}nReverse{System.Int32[]}nRevPrtCols{0}
LPPRINTER_INFO-LPDRVINFO:nFMVersion{0}nFpgaVersion{0}nPCBVersion{0}nState{0}nNextState{0}nPtvwarnState{0}nCrc32{0}nRevInfo{System.UInt32[]}nSignature{0}
2023-04-07 22:30:47,114 [AppLog] INFO : 进入：EquipmentMotionLogic3=》准备创建对象-手动操作！
2023-04-07 22:30:47,114 [AppLog] INFO : 进入：EquipmentMotionLogic3=》不需重新创建-手动操作！
2023-04-07 22:30:47,114 [AppLog] INFO : 进入：EquipmentMotionLogic3=》赋值完成自-AutoPrintMotion2！
2023-04-07 22:30:47,114 [AppLog] INFO : 进入：EquipmentMotionLogic3=》加载配置文件-LoadJsonFile成功！
2023-04-07 22:30:47,114 [AppLog] INFO : 进入：AutoPrintThread2！
2023-04-07 22:30:47,114 [AppLog] INFO : 准备读取编码器位置：X方向！
2023-04-07 22:30:47,114 [AppLog] INFO : 准备运动，当前位置：DEV_GetPrintEncoderValue：MoveDirectionFlag{false为Y方向：False}CurrentPos{423.37}AimPos{25}
2023-04-07 22:30:47,145 [AppLog] INFO : X方向运动开始：DEM_Run：返回值{True}nAxis{0}DirFlag{False}nSpeed{300000}MoveStep{-398370}nCtlValue{2}
2023-04-07 22:30:49,017 [AppLog] INFO : X方向到位停止：DEM_StopAxisRun：返回值{True}CurrentPos{30.67}bImmeStop{False}nAxisMask{1}
2023-04-07 22:30:49,017 [AppLog] INFO : 准备读取编码器位置：Y方向！
2023-04-07 22:30:49,017 [AppLog] INFO : 准备运动，编码器当前位置：DEM_GetAxisEncodeVal：MoveDirectionFlag{false为Y方向：True}CurrentPos{122.825}AimPos{177}
2023-04-07 22:30:49,048 [AppLog] INFO : Y方向运动开始：DEM_Run：返回值{True}nAxis{1}DirFlag{True}nSpeed{300000}MoveStep{54175}nCtlValue{0}
2023-04-07 22:30:49,235 [AppLog] INFO : Y方向到位停止：DEM_StopAxisRun：返回值{True}CurrentPos{133.055}bImmeStop{False}nAxisMask{2}
2023-04-07 22:30:49,235 [AppLog] INFO : 获取打印Pass数据：IDP_GetPassItem2：nLayerIndex{4}nPassID{3}nProcState{3}LPPassDataItemb:PrtDir{True}nDataTxCompleteCnt{1}nHwMemAdrMatchMask{1}nLayerIndex{4}nLayerPassCount{6}nLayerPassIndex{3}nMinJet0ImgLinePos{3840}nPrtMemHwAddr{System.UInt32[]}nPrtDataOffset{System.UInt32[]}nSrcDataSize{System.UInt32[]}nPrtColBytes{System.UInt32[]}nPrtPrecession{8}nSrcEndCols{8000}nSrcStartCols{0}nStartEncPos{10000}nValidPassJets{1280}nValidPrtCols{8310}nValidPrtCtlCnts{1}pDataBuf{0}pNextItem{674103968}
2023-04-07 22:30:49,266 [AppLog] INFO : 使能Pass打印成功：IDP_DoPassPrint2：nLayerIndex{4}nPassID{3}
2023-04-07 22:30:49,266 [AppLog] INFO : PASS打印前关键状态：DEV_GetDeviceInfo2：nLayerIndex{4}nPassID{3}LPPRINTER_INFO:nXSysEncDPI{0}nStatus{0}nPrintStatus{0}bSuperDevice{0}
LPPRINTER_INFO-LPPrtRunInfo:bJobPrtRuning{False}bLayerPrtIsOver{False}nContReqMemErr{0}nContWDErr{0}nCurPrtDir{0}nDTLayerIndex{0}nDTLayerPassIndex{0}nDTPtrCtlIndex{0}nLayerPassCount{0}nPrintLayerIndex{0}nPrintPassIndex{0}nProcLayerIndex{0}nPrtDataMemAddr{0}nPrtState{0}nReverse{System.Int32[]}nRevPrtCols{0}
LPPRINTER_INFO-LPDRVINFO:nFMVersion{0}nFpgaVersion{0}nPCBVersion{0}nState{0}nNextState{0}nPtvwarnState{0}nCrc32{0}nRevInfo{System.UInt32[]}nSignature{0}
2023-04-07 22:30:49,266 [AppLog] INFO : 进入：EquipmentMotionLogic3=》准备创建对象-手动操作！
2023-04-07 22:30:49,282 [AppLog] INFO : 进入：EquipmentMotionLogic3=》不需重新创建-手动操作！
2023-04-07 22:30:49,282 [AppLog] INFO : 进入：EquipmentMotionLogic3=》赋值完成自-AutoPrintMotion2！
2023-04-07 22:30:49,282 [AppLog] INFO : 进入：EquipmentMotionLogic3=》加载配置文件-LoadJsonFile成功！
2023-04-07 22:30:49,282 [AppLog] INFO : 进入：AutoPrintThread2！
2023-04-07 22:30:49,282 [AppLog] INFO : 准备读取编码器位置：X方向！
2023-04-07 22:30:49,282 [AppLog] INFO : 准备运动，当前位置：DEV_GetPrintEncoderValue：MoveDirectionFlag{false为Y方向：False}CurrentPos{26.625}AimPos{425}
2023-04-07 22:30:49,313 [AppLog] INFO : X方向运动开始：DEM_Run：返回值{True}nAxis{0}DirFlag{True}nSpeed{300000}MoveStep{398375}nCtlValue{2}
2023-04-07 22:30:51,185 [AppLog] INFO : X方向到位停止：DEM_StopAxisRun：返回值{True}CurrentPos{418.88}bImmeStop{False}nAxisMask{1}
2023-04-07 22:30:51,185 [AppLog] INFO : 准备读取编码器位置：Y方向！
2023-04-07 22:30:51,185 [AppLog] INFO : 准备运动，编码器当前位置：DEM_GetAxisEncodeVal：MoveDirectionFlag{false为Y方向：True}CurrentPos{176.875}AimPos{231}
2023-04-07 22:30:51,216 [AppLog] INFO : Y方向运动开始：DEM_Run：返回值{True}nAxis{1}DirFlag{True}nSpeed{300000}MoveStep{54125}nCtlValue{0}
2023-04-07 22:30:51,419 [AppLog] INFO : Y方向到位停止：DEM_StopAxisRun：返回值{True}CurrentPos{190.975}bImmeStop{False}nAxisMask{2}
2023-04-07 22:30:51,419 [AppLog] INFO : 获取打印Pass数据：IDP_GetPassItem2：nLayerIndex{4}nPassID{4}nProcState{3}LPPassDataItemb:PrtDir{False}nDataTxCompleteCnt{1}nHwMemAdrMatchMask{1}nLayerIndex{4}nLayerPassCount{6}nLayerPassIndex{4}nMinJet0ImgLinePos{5120}nPrtMemHwAddr{System.UInt32[]}nPrtDataOffset{System.UInt32[]}nSrcDataSize{System.UInt32[]}nPrtColBytes{System.UInt32[]}nPrtPrecession{8}nSrcEndCols{8000}nSrcStartCols{0}nStartEncPos{76472}nValidPassJets{1280}nValidPrtCols{8310}nValidPrtCtlCnts{1}pDataBuf{0}pNextItem{674104128}
2023-04-07 22:30:51,435 [AppLog] INFO : 使能Pass打印成功：IDP_DoPassPrint2：nLayerIndex{4}nPassID{4}
2023-04-07 22:30:51,450 [AppLog] INFO : PASS打印前关键状态：DEV_GetDeviceInfo2：nLayerIndex{4}nPassID{4}LPPRINTER_INFO:nXSysEncDPI{0}nStatus{0}nPrintStatus{0}bSuperDevice{0}
LPPRINTER_INFO-LPPrtRunInfo:bJobPrtRuning{False}bLayerPrtIsOver{False}nContReqMemErr{0}nContWDErr{0}nCurPrtDir{0}nDTLayerIndex{0}nDTLayerPassIndex{0}nDTPtrCtlIndex{0}nLayerPassCount{0}nPrintLayerIndex{0}nPrintPassIndex{0}nProcLayerIndex{0}nPrtDataMemAddr{0}nPrtState{0}nReverse{System.Int32[]}nRevPrtCols{0}
LPPRINTER_INFO-LPDRVINFO:nFMVersion{0}nFpgaVersion{0}nPCBVersion{0}nState{0}nNextState{0}nPtvwarnState{0}nCrc32{0}nRevInfo{System.UInt32[]}nSignature{0}
2023-04-07 22:30:51,450 [AppLog] INFO : 进入：EquipmentMotionLogic3=》准备创建对象-手动操作！
2023-04-07 22:30:51,450 [AppLog] INFO : 进入：EquipmentMotionLogic3=》不需重新创建-手动操作！
2023-04-07 22:30:51,450 [AppLog] INFO : 进入：EquipmentMotionLogic3=》赋值完成自-AutoPrintMotion2！
2023-04-07 22:30:51,450 [AppLog] INFO : 进入：EquipmentMotionLogic3=》加载配置文件-LoadJsonFile成功！
2023-04-07 22:30:51,450 [AppLog] INFO : 进入：AutoPrintThread2！
2023-04-07 22:30:51,450 [AppLog] INFO : 准备读取编码器位置：X方向！
2023-04-07 22:30:51,450 [AppLog] INFO : 准备运动，当前位置：DEV_GetPrintEncoderValue：MoveDirectionFlag{false为Y方向：False}CurrentPos{423.375}AimPos{25}
2023-04-07 22:30:51,482 [AppLog] INFO : X方向运动开始：DEM_Run：返回值{True}nAxis{0}DirFlag{False}nSpeed{300000}MoveStep{-398375}nCtlValue{2}
2023-04-07 22:30:53,354 [AppLog] INFO : X方向到位停止：DEM_StopAxisRun：返回值{True}CurrentPos{30.69}bImmeStop{False}nAxisMask{1}
2023-04-07 22:30:53,354 [AppLog] INFO : 准备读取编码器位置：Y方向！
2023-04-07 22:30:53,369 [AppLog] INFO : 准备运动，编码器当前位置：DEM_GetAxisEncodeVal：MoveDirectionFlag{false为Y方向：True}CurrentPos{230.925}AimPos{285}
2023-04-07 22:30:53,400 [AppLog] INFO : Y方向运动开始：DEM_Run：返回值{True}nAxis{1}DirFlag{True}nSpeed{300000}MoveStep{54075}nCtlValue{0}
2023-04-07 22:30:53,588 [AppLog] INFO : Y方向到位停止：DEM_StopAxisRun：返回值{True}CurrentPos{241.315}bImmeStop{False}nAxisMask{2}
2023-04-07 22:30:53,588 [AppLog] INFO : 获取打印Pass数据：IDP_GetPassItem2：nLayerIndex{4}nPassID{5}nProcState{3}LPPassDataItemb:PrtDir{True}nDataTxCompleteCnt{1}nHwMemAdrMatchMask{1}nLayerIndex{4}nLayerPassCount{6}nLayerPassIndex{5}nMinJet0ImgLinePos{6400}nPrtMemHwAddr{System.UInt32[]}nPrtDataOffset{System.UInt32[]}nSrcDataSize{System.UInt32[]}nPrtColBytes{System.UInt32[]}nPrtPrecession{8}nSrcEndCols{8000}nSrcStartCols{0}nStartEncPos{10000}nValidPassJets{1280}nValidPrtCols{8310}nValidPrtCtlCnts{1}pDataBuf{0}pNextItem{0}
2023-04-07 22:30:53,603 [AppLog] INFO : 使能Pass打印成功：IDP_DoPassPrint2：nLayerIndex{4}nPassID{5}
2023-04-07 22:30:53,603 [AppLog] INFO : PASS打印前关键状态：DEV_GetDeviceInfo2：nLayerIndex{4}nPassID{5}LPPRINTER_INFO:nXSysEncDPI{0}nStatus{0}nPrintStatus{0}bSuperDevice{0}
LPPRINTER_INFO-LPPrtRunInfo:bJobPrtRuning{False}bLayerPrtIsOver{False}nContReqMemErr{0}nContWDErr{0}nCurPrtDir{0}nDTLayerIndex{0}nDTLayerPassIndex{0}nDTPtrCtlIndex{0}nLayerPassCount{0}nPrintLayerIndex{0}nPrintPassIndex{0}nProcLayerIndex{0}nPrtDataMemAddr{0}nPrtState{0}nReverse{System.Int32[]}nRevPrtCols{0}
LPPRINTER_INFO-LPDRVINFO:nFMVersion{0}nFpgaVersion{0}nPCBVersion{0}nState{0}nNextState{0}nPtvwarnState{0}nCrc32{0}nRevInfo{System.UInt32[]}nSignature{0}
2023-04-07 22:30:53,603 [AppLog] INFO : 进入：EquipmentMotionLogic3=》准备创建对象-手动操作！
2023-04-07 22:30:53,603 [AppLog] INFO : 进入：EquipmentMotionLogic3=》不需重新创建-手动操作！
2023-04-07 22:30:53,603 [AppLog] INFO : 进入：EquipmentMotionLogic3=》赋值完成自-AutoPrintMotion2！
2023-04-07 22:30:53,603 [AppLog] INFO : 进入：EquipmentMotionLogic3=》加载配置文件-LoadJsonFile成功！
2023-04-07 22:30:53,603 [AppLog] INFO : 进入：AutoPrintThread2！
2023-04-07 22:30:53,603 [AppLog] INFO : 准备读取编码器位置：X方向！
2023-04-07 22:30:53,603 [AppLog] INFO : 准备运动，当前位置：DEV_GetPrintEncoderValue：MoveDirectionFlag{false为Y方向：False}CurrentPos{26.64}AimPos{425}
2023-04-07 22:30:53,634 [AppLog] INFO : X方向运动开始：DEM_Run：返回值{True}nAxis{0}DirFlag{True}nSpeed{300000}MoveStep{398360}nCtlValue{2}
2023-04-07 22:30:55,506 [AppLog] INFO : X方向到位停止：DEM_StopAxisRun：返回值{True}CurrentPos{418.66}bImmeStop{False}nAxisMask{1}
2023-04-07 22:30:55,506 [AppLog] INFO : 准备读取编码器位置：X方向！
2023-04-07 22:30:55,506 [AppLog] INFO : 准备运动，当前位置：DEV_GetPrintEncoderValue：MoveDirectionFlag{false为Y方向：False}CurrentPos{418.765}AimPos{780}
2023-04-07 22:30:55,538 [AppLog] INFO : X方向运动开始：DEM_Run：返回值{True}nAxis{0}DirFlag{True}nSpeed{300000}MoveStep{361235}nCtlValue{2}
2023-04-07 22:30:55,538 [AppLog] INFO : 准备读取编码器位置：Y方向！
2023-04-07 22:30:55,553 [AppLog] INFO : 准备运动，编码器当前位置：DEM_GetAxisEncodeVal：MoveDirectionFlag{false为Y方向：True}CurrentPos{284.91}AimPos{121}
2023-04-07 22:30:55,584 [AppLog] INFO : Y方向运动开始：DEM_Run：返回值{True}nAxis{1}DirFlag{False}nSpeed{300000}MoveStep{-163910}nCtlValue{0}
2023-04-07 22:30:57,285 [AppLog] INFO : Y方向到位等停：DEM_StopAxisRun：返回值{True}bImmeStop{False}nAxisMask{1}
2023-04-07 22:30:57,285 [AppLog] INFO : X方向到位等停：DEM_StopAxisRun：返回值{True}bImmeStop{False}nAxisMask{2}
2023-04-07 22:30:57,300 [AppLog] INFO : 开启闪喷操作：IDP_FlashPrtCtl：返回值{True}
2023-04-07 22:30:57,300 [AppLog] INFO : 进入：EquipmentMotionLogic3=》准备创建对象-手动操作！
2023-04-07 22:30:57,300 [AppLog] INFO : 进入：EquipmentMotionLogic3=》不需重新创建-手动操作！
2023-04-07 22:30:57,300 [AppLog] INFO : 进入：EquipmentMotionLogic3=》赋值完成自-AutoPrintMotion2！
2023-04-07 22:30:57,300 [AppLog] INFO : 进入：EquipmentMotionLogic3=》加载配置文件-LoadJsonFile成功！
2023-04-07 22:30:57,300 [AppLog] INFO : 进入自动铺粉逻辑：NewAutoSupplyPowderThread2
2023-04-07 22:30:57,378 [AppLog] INFO : 手动正向点动指令（8轴运控板卡系统） ====》：输出AXIS{第1轴},点动量{-0.1MM},运动速度{2MM/s}
2023-04-07 22:30:57,378 [AppLog] INFO : 成形面高度下降层厚 TrapSpace{0.1mm}：TrapMoveUp(1, true, Convert.ToString(vel), Convert.ToString(TrapSpace), true, true）
2023-04-07 22:30:58,143 [AppLog] INFO : 手动正向点动指令（8轴运控板卡系统） ====》：输出AXIS{第1轴},点动量{-1.5MM},运动速度{2MM/s}
2023-04-07 22:30:58,143 [AppLog] INFO : 成形面高度下降指定厚度 TrapSpace{1.5mm}：TrapMoveUp(1, true, Convert.ToString(vel), Convert.ToString(TrapSpace), true, true）
2023-04-07 22:30:58,923 [AppLog] INFO : 手动正向点动指令（8轴运控板卡系统） ====》：输出AXIS{第1轴},点动量{1.5MM},运动速度{2MM/s}
2023-04-07 22:30:58,923 [AppLog] INFO : 成形面高度上升层厚 TrapSpace{1.5mm}：TrapMoveUp(1, true, Convert.ToString(vel), Convert.ToString(TrapSpace), true, true）
2023-04-07 22:30:59,141 [AppLog] INFO : 手动正向点动指令（8轴运控板卡系统） ====》：输出AXIS{第8轴},点动量{0.5MM},运动速度{2.5MM/s}
2023-04-07 22:30:59,141 [AppLog] INFO : Hopper落粉轴转2圈落粉，速度0.5rev/s：TrapMoveUp(8, true, 0.5, rotateNuM.ToString(), true, false)
2023-04-07 22:31:00,436 [AppLog] INFO : 手动正向点动指令（8轴运控板卡系统） ====》：输出AXIS{第2轴},点动量{258MM},运动速度{200MM/s}
2023-04-07 22:31:00,436 [AppLog] INFO : 开启铺粉车不等停运动至准备打印位置255mm，速度200mm/s：BackToStation2
2023-04-07 22:31:00,436 [AppLog] INFO : 手动正向点动指令（8轴运控板卡系统） ====》：输出AXIS{第2轴},点动量{440MM},运动速度{50MM/s}
2023-04-07 22:31:00,436 [AppLog] INFO : 开启铺粉车不等停运动至准备打印位置695mm，速度50mm/s：BackToStation2
2023-04-07 22:31:00,545 [AppLog] INFO : 打开IR灯：OpenIRLamp(true)
2023-04-07 22:31:00,545 [AppLog] INFO : 手动正向点动指令（8轴运控板卡系统） ====》：输出AXIS{第3轴},点动量{0.5MM},运动速度{0.0753424657534247MM/s}
2023-04-07 22:31:00,545 [AppLog] INFO : 开启均匀落粉及辊子铺平运动：TrapMoveUp(3, true, Convert.ToString(DispenseRollerSpeed), 0.5, true, true)
2023-04-07 22:31:05,662 [AppLog] INFO : 关闭IR灯：OpenIRLamp(false)
2023-04-07 22:31:08,002 [AppLog] INFO : 手动正向点动指令（8轴运控板卡系统） ====》：输出AXIS{第3轴},点动量{0.5MM},运动速度{2MM/s}
2023-04-07 22:31:08,002 [AppLog] INFO : 落粉轴继续转动以倒掉余粉：TrapMoveUp(3, true, 2, 0.5, true, false)
2023-04-07 22:31:10,014 [AppLog] INFO : 手动正向点动指令（8轴运控板卡系统） ====》：输出AXIS{第1轴},点动量{-1.5MM},运动速度{2MM/s}
2023-04-07 22:31:10,014 [AppLog] INFO : 成形面高度下降指定厚度 TrapSpace{1.5mm}：TrapMoveUp(1, true, Convert.ToString(vel), Convert.ToString(TrapSpace), true, true）
2023-04-07 22:31:13,509 [AppLog] INFO : 手动正向点动指令（8轴运控板卡系统） ====》：输出AXIS{第2轴},点动量{-698MM},运动速度{200MM/s}
2023-04-07 22:31:13,509 [AppLog] INFO : 铺粉车返回至站1：BackToStation2(AimPos, MovSpeed, true)：-3mm，速度200mm/s：BackToStation2
2023-04-07 22:31:13,899 [AppLog] INFO : 落粉轴回零成功：motionMap.SetBackSpreaderAxis(3, 0.5, 2, -SinkPosition)：ReturnCode{True}
2023-04-07 22:31:14,663 [AppLog] INFO : 手动正向点动指令（8轴运控板卡系统） ====》：输出AXIS{第1轴},点动量{1.5MM},运动速度{2MM/s}
2023-04-07 22:31:14,663 [AppLog] INFO : 成形面高度上升层厚 TrapSpace{1.5mm}：TrapMoveUp(1, true, Convert.ToString(vel), Convert.ToString(TrapSpace), true, true）
2023-04-07 22:31:14,663 [AppLog] INFO : 自动铺粉正常结束：NewAutoSupplyPowderThread2
2023-04-07 22:31:14,663 [AppLog] INFO : 发送监控指令，拍照记录1条：SendMessageFromSharedMemory
2023-04-07 22:31:14,663 [AppLog] INFO : 执行完成铺粉固化操作：EquipmentMotionLogic3：m_bApplyPowderSupplyMotion:0
2023-04-07 22:31:14,663 [AppLog] INFO : 接收到恢复打印指令：PrintTaskTHREAD
2023-04-07 22:31:14,663 [AppLog] INFO : 获取打印Pass数据：IDP_GetPassItem2：nLayerIndex{5}nPassID{0}nProcState{3}LPPassDataItemb:PrtDir{False}nDataTxCompleteCnt{1}nHwMemAdrMatchMask{1}nLayerIndex{5}nLayerPassCount{6}nLayerPassIndex{0}nMinJet0ImgLinePos{0}nPrtMemHwAddr{System.UInt32[]}nPrtDataOffset{System.UInt32[]}nSrcDataSize{System.UInt32[]}nPrtColBytes{System.UInt32[]}nPrtPrecession{8}nSrcEndCols{8000}nSrcStartCols{0}nStartEncPos{76472}nValidPassJets{1280}nValidPrtCols{8310}nValidPrtCtlCnts{1}pDataBuf{0}pNextItem{674104448}
2023-04-07 22:31:14,679 [AppLog] INFO : 使能Pass打印成功：IDP_DoPassPrint2：nLayerIndex{5}nPassID{0}
2023-04-07 22:31:14,679 [AppLog] INFO : PASS打印前关键状态：DEV_GetDeviceInfo2：nLayerIndex{5}nPassID{0}LPPRINTER_INFO:nXSysEncDPI{0}nStatus{0}nPrintStatus{0}bSuperDevice{0}
LPPRINTER_INFO-LPPrtRunInfo:bJobPrtRuning{False}bLayerPrtIsOver{False}nContReqMemErr{0}nContWDErr{0}nCurPrtDir{0}nDTLayerIndex{0}nDTLayerPassIndex{0}nDTPtrCtlIndex{0}nLayerPassCount{0}nPrintLayerIndex{0}nPrintPassIndex{0}nProcLayerIndex{0}nPrtDataMemAddr{0}nPrtState{0}nReverse{System.Int32[]}nRevPrtCols{0}
LPPRINTER_INFO-LPDRVINFO:nFMVersion{0}nFpgaVersion{0}nPCBVersion{0}nState{0}nNextState{0}nPtvwarnState{0}nCrc32{0}nRevInfo{System.UInt32[]}nSignature{0}
2023-04-07 22:31:14,679 [AppLog] INFO : 进入：EquipmentMotionLogic3=》准备创建对象-手动操作！
2023-04-07 22:31:14,679 [AppLog] INFO : 进入：EquipmentMotionLogic3=》不需重新创建-手动操作！
2023-04-07 22:31:14,679 [AppLog] INFO : 进入：EquipmentMotionLogic3=》赋值完成自-AutoPrintMotion2！
2023-04-07 22:31:14,679 [AppLog] INFO : 进入：EquipmentMotionLogic3=》加载配置文件-LoadJsonFile成功！
2023-04-07 22:31:14,679 [AppLog] INFO : 进入自动清洗过程：AutoCleanThread
2023-04-07 22:31:15,662 [AppLog] INFO : 刮墨轴回零成功：motionMap.SetBackSpreaderAxis(4, 1, 2, -SinkPosition)
2023-04-07 22:31:15,662 [AppLog] INFO : 准备读取编码器位置：Y方向！
2023-04-07 22:31:15,662 [AppLog] INFO : 准备运动，编码器当前位置：DEM_GetAxisEncodeVal：MoveDirectionFlag{false为Y方向：True}CurrentPos{121.35}AimPos{121}
2023-04-07 22:31:15,693 [AppLog] INFO : Y方向运动开始：DEM_Run：返回值{True}nAxis{1}DirFlag{False}nSpeed{300000}MoveStep{-350.000000000009}nCtlValue{0}
2023-04-07 22:31:15,693 [AppLog] INFO : Y方向到位停止：DEM_StopAxisRun：返回值{True}CurrentPos{121.35}bImmeStop{False}nAxisMask{2}
2023-04-07 22:31:15,693 [AppLog] INFO : 准备读取编码器位置：X方向！
2023-04-07 22:31:15,693 [AppLog] INFO : 准备运动，当前位置：DEV_GetPrintEncoderValue：MoveDirectionFlag{false为Y方向：False}CurrentPos{784.6}AimPos{780}
2023-04-07 22:31:15,724 [AppLog] INFO : X方向运动开始：DEM_Run：返回值{True}nAxis{0}DirFlag{False}nSpeed{300000}MoveStep{-4600.00000000002}nCtlValue{2}
2023-04-07 22:31:16,005 [AppLog] INFO : X方向到位停止：DEM_StopAxisRun：返回值{True}CurrentPos{780.575}bImmeStop{False}nAxisMask{1}
2023-04-07 22:31:16,832 [AppLog] INFO : 开启压墨： motionMap.SetDo(13, true)
2023-04-07 22:31:20,841 [AppLog] INFO : 关闭压墨： motionMap.SetDo(13, true)
2023-04-07 22:31:20,841 [AppLog] INFO : 准备读取编码器位置：X方向！
2023-04-07 22:31:20,841 [AppLog] INFO : 准备运动，当前位置：DEV_GetPrintEncoderValue：MoveDirectionFlag{false为Y方向：False}CurrentPos{780.34}AimPos{680}
2023-04-07 22:31:20,872 [AppLog] INFO : X方向运动开始：DEM_Run：返回值{True}nAxis{0}DirFlag{False}nSpeed{50000}MoveStep{-100340}nCtlValue{2}
2023-04-07 22:31:22,931 [AppLog] INFO : X方向到位停止：DEM_StopAxisRun：返回值{True}CurrentPos{683.69}bImmeStop{False}nAxisMask{1}
2023-04-07 22:31:23,758 [AppLog] INFO : 结束自动清洗过程：AutoCleanThread
2023-04-07 22:31:23,758 [AppLog] INFO : 进入：EquipmentMotionLogic3=》准备创建对象-手动操作！
2023-04-07 22:31:23,758 [AppLog] INFO : 进入：EquipmentMotionLogic3=》不需重新创建-手动操作！
2023-04-07 22:31:23,758 [AppLog] INFO : 进入：EquipmentMotionLogic3=》赋值完成自-AutoPrintMotion2！
2023-04-07 22:31:23,758 [AppLog] INFO : 进入：EquipmentMotionLogic3=》加载配置文件-LoadJsonFile成功！
2023-04-07 22:31:23,758 [AppLog] INFO : 进入：AutoPrintThread2！
2023-04-07 22:31:23,774 [AppLog] INFO : 关闭闪喷操作：IDP_FlashPrtCtl：返回值{True}
2023-04-07 22:31:23,774 [AppLog] INFO : 准备读取编码器位置：Y方向！
2023-04-07 22:31:23,774 [AppLog] INFO : 准备运动，编码器当前位置：DEM_GetAxisEncodeVal：MoveDirectionFlag{false为Y方向：True}CurrentPos{121.005}AimPos{15}
2023-04-07 22:31:23,805 [AppLog] INFO : Y方向运动开始：DEM_Run：返回值{True}nAxis{1}DirFlag{False}nSpeed{300000}MoveStep{-106005}nCtlValue{0}
2023-04-07 22:31:23,805 [AppLog] INFO : 准备读取编码器位置：X方向！
2023-04-07 22:31:23,820 [AppLog] INFO : 准备运动，当前位置：DEV_GetPrintEncoderValue：MoveDirectionFlag{false为Y方向：False}CurrentPos{680.305}AimPos{425}
2023-04-07 22:31:23,852 [AppLog] INFO : X方向运动开始：DEM_Run：返回值{True}nAxis{0}DirFlag{False}nSpeed{300000}MoveStep{-255305}nCtlValue{2}
2023-04-07 22:31:25,240 [AppLog] INFO : X方向到位停止：DEM_StopAxisRun：返回值{True}CurrentPos{429.89}bImmeStop{False}nAxisMask{1}
2023-04-07 22:31:25,240 [AppLog] INFO : 准备读取编码器位置：X方向！
2023-04-07 22:31:25,256 [AppLog] INFO : 准备运动，当前位置：DEV_GetPrintEncoderValue：MoveDirectionFlag{false为Y方向：False}CurrentPos{429.8}AimPos{25}
2023-04-07 22:31:25,287 [AppLog] INFO : X方向运动开始：DEM_Run：返回值{True}nAxis{0}DirFlag{False}nSpeed{300000}MoveStep{-404800}nCtlValue{2}
2023-04-07 22:31:27,174 [AppLog] INFO : X方向到位停止：DEM_StopAxisRun：返回值{True}CurrentPos{25.575}bImmeStop{False}nAxisMask{1}
2023-04-07 22:31:27,174 [AppLog] INFO : 准备读取编码器位置：Y方向！
2023-04-07 22:31:27,174 [AppLog] INFO : 准备运动，编码器当前位置：DEM_GetAxisEncodeVal：MoveDirectionFlag{false为Y方向：True}CurrentPos{15.145}AimPos{69}
2023-04-07 22:31:27,206 [AppLog] INFO : Y方向运动开始：DEM_Run：返回值{True}nAxis{1}DirFlag{True}nSpeed{300000}MoveStep{53855}nCtlValue{0}
2023-04-07 22:31:27,393 [AppLog] INFO : Y方向到位停止：DEM_StopAxisRun：返回值{True}CurrentPos{26.255}bImmeStop{False}nAxisMask{2}
2023-04-07 22:31:27,393 [AppLog] INFO : 获取打印Pass数据：IDP_GetPassItem2：nLayerIndex{5}nPassID{1}nProcState{3}LPPassDataItemb:PrtDir{True}nDataTxCompleteCnt{1}nHwMemAdrMatchMask{1}nLayerIndex{5}nLayerPassCount{6}nLayerPassIndex{1}nMinJet0ImgLinePos{1280}nPrtMemHwAddr{System.UInt32[]}nPrtDataOffset{System.UInt32[]}nSrcDataSize{System.UInt32[]}nPrtColBytes{System.UInt32[]}nPrtPrecession{8}nSrcEndCols{8000}nSrcStartCols{0}nStartEncPos{10000}nValidPassJets{1280}nValidPrtCols{8310}nValidPrtCtlCnts{1}pDataBuf{0}pNextItem{674104608}
2023-04-07 22:31:27,408 [AppLog] INFO : 使能Pass打印成功：IDP_DoPassPrint2：nLayerIndex{5}nPassID{1}
2023-04-07 22:31:27,408 [AppLog] INFO : PASS打印前关键状态：DEV_GetDeviceInfo2：nLayerIndex{5}nPassID{1}LPPRINTER_INFO:nXSysEncDPI{0}nStatus{0}nPrintStatus{0}bSuperDevice{0}
LPPRINTER_INFO-LPPrtRunInfo:bJobPrtRuning{False}bLayerPrtIsOver{False}nContReqMemErr{0}nContWDErr{0}nCurPrtDir{0}nDTLayerIndex{0}nDTLayerPassIndex{0}nDTPtrCtlIndex{0}nLayerPassCount{0}nPrintLayerIndex{0}nPrintPassIndex{0}nProcLayerIndex{0}nPrtDataMemAddr{0}nPrtState{0}nReverse{System.Int32[]}nRevPrtCols{0}
LPPRINTER_INFO-LPDRVINFO:nFMVersion{0}nFpgaVersion{0}nPCBVersion{0}nState{0}nNextState{0}nPtvwarnState{0}nCrc32{0}nRevInfo{System.UInt32[]}nSignature{0}
2023-04-07 22:31:27,408 [AppLog] INFO : 进入：EquipmentMotionLogic3=》准备创建对象-手动操作！
2023-04-07 22:31:27,408 [AppLog] INFO : 进入：EquipmentMotionLogic3=》不需重新创建-手动操作！
2023-04-07 22:31:27,408 [AppLog] INFO : 进入：EquipmentMotionLogic3=》赋值完成自-AutoPrintMotion2！
2023-04-07 22:31:27,408 [AppLog] INFO : 进入：EquipmentMotionLogic3=》加载配置文件-LoadJsonFile成功！
2023-04-07 22:31:27,408 [AppLog] INFO : 进入：AutoPrintThread2！
2023-04-07 22:31:27,408 [AppLog] INFO : 准备读取编码器位置：X方向！
2023-04-07 22:31:27,408 [AppLog] INFO : 准备运动，当前位置：DEV_GetPrintEncoderValue：MoveDirectionFlag{false为Y方向：False}CurrentPos{21.21}AimPos{425}
2023-04-07 22:31:27,440 [AppLog] INFO : X方向运动开始：DEM_Run：返回值{True}nAxis{0}DirFlag{True}nSpeed{300000}MoveStep{403790}nCtlValue{2}
2023-04-07 22:31:29,343 [AppLog] INFO : X方向到位停止：DEM_StopAxisRun：返回值{True}CurrentPos{420.38}bImmeStop{False}nAxisMask{1}
2023-04-07 22:31:29,343 [AppLog] INFO : 准备读取编码器位置：Y方向！
2023-04-07 22:31:29,343 [AppLog] INFO : 准备运动，编码器当前位置：DEM_GetAxisEncodeVal：MoveDirectionFlag{false为Y方向：True}CurrentPos{68.925}AimPos{123}
2023-04-07 22:31:29,390 [AppLog] INFO : Y方向运动开始：DEM_Run：返回值{True}nAxis{1}DirFlag{True}nSpeed{300000}MoveStep{54075}nCtlValue{0}
2023-04-07 22:31:29,577 [AppLog] INFO : Y方向到位停止：DEM_StopAxisRun：返回值{True}CurrentPos{79.095}bImmeStop{False}nAxisMask{2}
2023-04-07 22:31:29,577 [AppLog] INFO : 获取打印Pass数据：IDP_GetPassItem2：nLayerIndex{5}nPassID{2}nProcState{3}LPPassDataItemb:PrtDir{False}nDataTxCompleteCnt{1}nHwMemAdrMatchMask{1}nLayerIndex{5}nLayerPassCount{6}nLayerPassIndex{2}nMinJet0ImgLinePos{2560}nPrtMemHwAddr{System.UInt32[]}nPrtDataOffset{System.UInt32[]}nSrcDataSize{System.UInt32[]}nPrtColBytes{System.UInt32[]}nPrtPrecession{8}nSrcEndCols{8000}nSrcStartCols{0}nStartEncPos{76472}nValidPassJets{1280}nValidPrtCols{8310}nValidPrtCtlCnts{1}pDataBuf{0}pNextItem{674104768}
2023-04-07 22:31:29,577 [AppLog] INFO : 使能Pass打印成功：IDP_DoPassPrint2：nLayerIndex{5}nPassID{2}
2023-04-07 22:31:29,592 [AppLog] INFO : PASS打印前关键状态：DEV_GetDeviceInfo2：nLayerIndex{5}nPassID{2}LPPRINTER_INFO:nXSysEncDPI{0}nStatus{0}nPrintStatus{0}bSuperDevice{0}
LPPRINTER_INFO-LPPrtRunInfo:bJobPrtRuning{False}bLayerPrtIsOver{False}nContReqMemErr{0}nContWDErr{0}nCurPrtDir{0}nDTLayerIndex{0}nDTLayerPassIndex{0}nDTPtrCtlIndex{0}nLayerPassCount{0}nPrintLayerIndex{0}nPrintPassIndex{0}nProcLayerIndex{0}nPrtDataMemAddr{0}nPrtState{0}nReverse{System.Int32[]}nRevPrtCols{0}
LPPRINTER_INFO-LPDRVINFO:nFMVersion{0}nFpgaVersion{0}nPCBVersion{0}nState{0}nNextState{0}nPtvwarnState{0}nCrc32{0}nRevInfo{System.UInt32[]}nSignature{0}
2023-04-07 22:31:29,592 [AppLog] INFO : 进入：EquipmentMotionLogic3=》准备创建对象-手动操作！
2023-04-07 22:31:29,592 [AppLog] INFO : 进入：EquipmentMotionLogic3=》不需重新创建-手动操作！
2023-04-07 22:31:29,592 [AppLog] INFO : 进入：EquipmentMotionLogic3=》赋值完成自-AutoPrintMotion2！
2023-04-07 22:31:29,592 [AppLog] INFO : 进入：EquipmentMotionLogic3=》加载配置文件-LoadJsonFile成功！
2023-04-07 22:31:29,592 [AppLog] INFO : 进入：AutoPrintThread2！
2023-04-07 22:31:29,592 [AppLog] INFO : 准备读取编码器位置：X方向！
2023-04-07 22:31:29,592 [AppLog] INFO : 准备运动，当前位置：DEV_GetPrintEncoderValue：MoveDirectionFlag{false为Y方向：False}CurrentPos{423.345}AimPos{25}
2023-04-07 22:31:29,624 [AppLog] INFO : X方向运动开始：DEM_Run：返回值{True}nAxis{0}DirFlag{False}nSpeed{300000}MoveStep{-398345}nCtlValue{2}
2023-04-07 22:31:31,496 [AppLog] INFO : X方向到位停止：DEM_StopAxisRun：返回值{True}CurrentPos{30.925}bImmeStop{False}nAxisMask{1}
2023-04-07 22:31:31,496 [AppLog] INFO : 准备读取编码器位置：Y方向！
2023-04-07 22:31:31,496 [AppLog] INFO : 准备运动，编码器当前位置：DEM_GetAxisEncodeVal：MoveDirectionFlag{false为Y方向：True}CurrentPos{122.865}AimPos{177}
2023-04-07 22:31:31,527 [AppLog] INFO : Y方向运动开始：DEM_Run：返回值{True}nAxis{1}DirFlag{True}nSpeed{300000}MoveStep{54135}nCtlValue{0}
2023-04-07 22:31:31,730 [AppLog] INFO : Y方向到位停止：DEM_StopAxisRun：返回值{True}CurrentPos{137.055}bImmeStop{False}nAxisMask{2}
2023-04-07 22:31:31,730 [AppLog] INFO : 获取打印Pass数据：IDP_GetPassItem2：nLayerIndex{5}nPassID{3}nProcState{3}LPPassDataItemb:PrtDir{True}nDataTxCompleteCnt{1}nHwMemAdrMatchMask{1}nLayerIndex{5}nLayerPassCount{6}nLayerPassIndex{3}nMinJet0ImgLinePos{3840}nPrtMemHwAddr{System.UInt32[]}nPrtDataOffset{System.UInt32[]}nSrcDataSize{System.UInt32[]}nPrtColBytes{System.UInt32[]}nPrtPrecession{8}nSrcEndCols{8000}nSrcStartCols{0}nStartEncPos{10000}nValidPassJets{1280}nValidPrtCols{8310}nValidPrtCtlCnts{1}pDataBuf{0}pNextItem{674104928}
2023-04-07 22:31:31,745 [AppLog] INFO : 使能Pass打印成功：IDP_DoPassPrint2：nLayerIndex{5}nPassID{3}
2023-04-07 22:31:31,745 [AppLog] INFO : PASS打印前关键状态：DEV_GetDeviceInfo2：nLayerIndex{5}nPassID{3}LPPRINTER_INFO:nXSysEncDPI{0}nStatus{0}nPrintStatus{0}bSuperDevice{0}
LPPRINTER_INFO-LPPrtRunInfo:bJobPrtRuning{False}bLayerPrtIsOver{False}nContReqMemErr{0}nContWDErr{0}nCurPrtDir{0}nDTLayerIndex{0}nDTLayerPassIndex{0}nDTPtrCtlIndex{0}nLayerPassCount{0}nPrintLayerIndex{0}nPrintPassIndex{0}nProcLayerIndex{0}nPrtDataMemAddr{0}nPrtState{0}nReverse{System.Int32[]}nRevPrtCols{0}
LPPRINTER_INFO-LPDRVINFO:nFMVersion{0}nFpgaVersion{0}nPCBVersion{0}nState{0}nNextState{0}nPtvwarnState{0}nCrc32{0}nRevInfo{System.UInt32[]}nSignature{0}
2023-04-07 22:31:31,745 [AppLog] INFO : 进入：EquipmentMotionLogic3=》准备创建对象-手动操作！
2023-04-07 22:31:31,745 [AppLog] INFO : 进入：EquipmentMotionLogic3=》不需重新创建-手动操作！
2023-04-07 22:31:31,745 [AppLog] INFO : 进入：EquipmentMotionLogic3=》赋值完成自-AutoPrintMotion2！
2023-04-07 22:31:31,745 [AppLog] INFO : 进入：EquipmentMotionLogic3=》加载配置文件-LoadJsonFile成功！
2023-04-07 22:31:31,745 [AppLog] INFO : 进入：AutoPrintThread2！
2023-04-07 22:31:31,745 [AppLog] INFO : 准备读取编码器位置：X方向！
2023-04-07 22:31:31,745 [AppLog] INFO : 准备运动，当前位置：DEV_GetPrintEncoderValue：MoveDirectionFlag{false为Y方向：False}CurrentPos{26.595}AimPos{425}
2023-04-07 22:31:31,776 [AppLog] INFO : X方向运动开始：DEM_Run：返回值{True}nAxis{0}DirFlag{True}nSpeed{300000}MoveStep{398405}nCtlValue{2}
2023-04-07 22:31:33,648 [AppLog] INFO : X方向到位停止：DEM_StopAxisRun：返回值{True}CurrentPos{418.55}bImmeStop{False}nAxisMask{1}
2023-04-07 22:31:33,648 [AppLog] INFO : 准备读取编码器位置：Y方向！
2023-04-07 22:31:33,648 [AppLog] INFO : 准备运动，编码器当前位置：DEM_GetAxisEncodeVal：MoveDirectionFlag{false为Y方向：True}CurrentPos{176.88}AimPos{231}
2023-04-07 22:31:33,680 [AppLog] INFO : Y方向运动开始：DEM_Run：返回值{True}nAxis{1}DirFlag{True}nSpeed{300000}MoveStep{54120}nCtlValue{0}
2023-04-07 22:31:33,882 [AppLog] INFO : Y方向到位停止：DEM_StopAxisRun：返回值{True}CurrentPos{191.04}bImmeStop{False}nAxisMask{2}
2023-04-07 22:31:33,882 [AppLog] INFO : 获取打印Pass数据：IDP_GetPassItem2：nLayerIndex{5}nPassID{4}nProcState{3}LPPassDataItemb:PrtDir{False}nDataTxCompleteCnt{1}nHwMemAdrMatchMask{1}nLayerIndex{5}nLayerPassCount{6}nLayerPassIndex{4}nMinJet0ImgLinePos{5120}nPrtMemHwAddr{System.UInt32[]}nPrtDataOffset{System.UInt32[]}nSrcDataSize{System.UInt32[]}nPrtColBytes{System.UInt32[]}nPrtPrecession{8}nSrcEndCols{8000}nSrcStartCols{0}nStartEncPos{76472}nValidPassJets{1280}nValidPrtCols{8310}nValidPrtCtlCnts{1}pDataBuf{0}pNextItem{674105088}
2023-04-07 22:31:33,898 [AppLog] INFO : 使能Pass打印成功：IDP_DoPassPrint2：nLayerIndex{5}nPassID{4}
2023-04-07 22:31:33,898 [AppLog] INFO : PASS打印前关键状态：DEV_GetDeviceInfo2：nLayerIndex{5}nPassID{4}LPPRINTER_INFO:nXSysEncDPI{0}nStatus{0}nPrintStatus{0}bSuperDevice{0}
LPPRINTER_INFO-LPPrtRunInfo:bJobPrtRuning{False}bLayerPrtIsOver{False}nContReqMemErr{0}nContWDErr{0}nCurPrtDir{0}nDTLayerIndex{0}nDTLayerPassIndex{0}nDTPtrCtlIndex{0}nLayerPassCount{0}nPrintLayerIndex{0}nPrintPassIndex{0}nProcLayerIndex{0}nPrtDataMemAddr{0}nPrtState{0}nReverse{System.Int32[]}nRevPrtCols{0}
LPPRINTER_INFO-LPDRVINFO:nFMVersion{0}nFpgaVersion{0}nPCBVersion{0}nState{0}nNextState{0}nPtvwarnState{0}nCrc32{0}nRevInfo{System.UInt32[]}nSignature{0}
2023-04-07 22:31:33,898 [AppLog] INFO : 进入：EquipmentMotionLogic3=》准备创建对象-手动操作！
2023-04-07 22:31:33,898 [AppLog] INFO : 进入：EquipmentMotionLogic3=》不需重新创建-手动操作！
2023-04-07 22:31:33,898 [AppLog] INFO : 进入：EquipmentMotionLogic3=》赋值完成自-AutoPrintMotion2！
2023-04-07 22:31:33,898 [AppLog] INFO : 进入：EquipmentMotionLogic3=》加载配置文件-LoadJsonFile成功！
2023-04-07 22:31:33,898 [AppLog] INFO : 进入：AutoPrintThread2！
2023-04-07 22:31:33,898 [AppLog] INFO : 准备读取编码器位置：X方向！
2023-04-07 22:31:33,914 [AppLog] INFO : 准备运动，当前位置：DEV_GetPrintEncoderValue：MoveDirectionFlag{false为Y方向：False}CurrentPos{423.395}AimPos{25}
2023-04-07 22:31:33,945 [AppLog] INFO : X方向运动开始：DEM_Run：返回值{True}nAxis{0}DirFlag{False}nSpeed{300000}MoveStep{-398395}nCtlValue{2}
2023-04-07 22:31:35,817 [AppLog] INFO : X方向到位停止：DEM_StopAxisRun：返回值{True}CurrentPos{31.555}bImmeStop{False}nAxisMask{1}
2023-04-07 22:31:35,817 [AppLog] INFO : 准备读取编码器位置：Y方向！
2023-04-07 22:31:35,833 [AppLog] INFO : 准备运动，编码器当前位置：DEM_GetAxisEncodeVal：MoveDirectionFlag{false为Y方向：True}CurrentPos{230.93}AimPos{285}
2023-04-07 22:31:35,879 [AppLog] INFO : Y方向运动开始：DEM_Run：返回值{True}nAxis{1}DirFlag{True}nSpeed{300000}MoveStep{54070}nCtlValue{0}
2023-04-07 22:31:36,067 [AppLog] INFO : Y方向到位停止：DEM_StopAxisRun：返回值{True}CurrentPos{241.565}bImmeStop{False}nAxisMask{2}
2023-04-07 22:31:36,067 [AppLog] INFO : 获取打印Pass数据：IDP_GetPassItem2：nLayerIndex{5}nPassID{5}nProcState{3}LPPassDataItemb:PrtDir{True}nDataTxCompleteCnt{1}nHwMemAdrMatchMask{1}nLayerIndex{5}nLayerPassCount{6}nLayerPassIndex{5}nMinJet0ImgLinePos{6400}nPrtMemHwAddr{System.UInt32[]}nPrtDataOffset{System.UInt32[]}nSrcDataSize{System.UInt32[]}nPrtColBytes{System.UInt32[]}nPrtPrecession{8}nSrcEndCols{8000}nSrcStartCols{0}nStartEncPos{10000}nValidPassJets{1280}nValidPrtCols{8310}nValidPrtCtlCnts{1}pDataBuf{0}pNextItem{0}
2023-04-07 22:31:36,082 [AppLog] INFO : 使能Pass打印成功：IDP_DoPassPrint2：nLayerIndex{5}nPassID{5}
2023-04-07 22:31:36,082 [AppLog] INFO : PASS打印前关键状态：DEV_GetDeviceInfo2：nLayerIndex{5}nPassID{5}LPPRINTER_INFO:nXSysEncDPI{0}nStatus{0}nPrintStatus{0}bSuperDevice{0}
LPPRINTER_INFO-LPPrtRunInfo:bJobPrtRuning{False}bLayerPrtIsOver{False}nContReqMemErr{0}nContWDErr{0}nCurPrtDir{0}nDTLayerIndex{0}nDTLayerPassIndex{0}nDTPtrCtlIndex{0}nLayerPassCount{0}nPrintLayerIndex{0}nPrintPassIndex{0}nProcLayerIndex{0}nPrtDataMemAddr{0}nPrtState{0}nReverse{System.Int32[]}nRevPrtCols{0}
LPPRINTER_INFO-LPDRVINFO:nFMVersion{0}nFpgaVersion{0}nPCBVersion{0}nState{0}nNextState{0}nPtvwarnState{0}nCrc32{0}nRevInfo{System.UInt32[]}nSignature{0}
2023-04-07 22:31:36,082 [AppLog] INFO : 进入：EquipmentMotionLogic3=》准备创建对象-手动操作！
2023-04-07 22:31:36,082 [AppLog] INFO : 进入：EquipmentMotionLogic3=》不需重新创建-手动操作！
2023-04-07 22:31:36,082 [AppLog] INFO : 进入：EquipmentMotionLogic3=》赋值完成自-AutoPrintMotion2！
2023-04-07 22:31:36,082 [AppLog] INFO : 进入：EquipmentMotionLogic3=》加载配置文件-LoadJsonFile成功！
2023-04-07 22:31:36,082 [AppLog] INFO : 进入：AutoPrintThread2！
2023-04-07 22:31:36,082 [AppLog] INFO : 准备读取编码器位置：X方向！
2023-04-07 22:31:36,082 [AppLog] INFO : 准备运动，当前位置：DEV_GetPrintEncoderValue：MoveDirectionFlag{false为Y方向：False}CurrentPos{26.625}AimPos{425}
2023-04-07 22:31:36,113 [AppLog] INFO : X方向运动开始：DEM_Run：返回值{True}nAxis{0}DirFlag{True}nSpeed{300000}MoveStep{398375}nCtlValue{2}
2023-04-07 22:31:37,985 [AppLog] INFO : X方向到位停止：DEM_StopAxisRun：返回值{True}CurrentPos{418.215}bImmeStop{False}nAxisMask{1}
2023-04-07 22:31:37,985 [AppLog] INFO : 准备读取编码器位置：X方向！
2023-04-07 22:31:37,985 [AppLog] INFO : 准备运动，当前位置：DEV_GetPrintEncoderValue：MoveDirectionFlag{false为Y方向：False}CurrentPos{418.325}AimPos{780}
2023-04-07 22:31:38,017 [AppLog] INFO : X方向运动开始：DEM_Run：返回值{True}nAxis{0}DirFlag{True}nSpeed{300000}MoveStep{361675}nCtlValue{2}
2023-04-07 22:31:38,017 [AppLog] INFO : 准备读取编码器位置：Y方向！
2023-04-07 22:31:38,032 [AppLog] INFO : 准备运动，编码器当前位置：DEM_GetAxisEncodeVal：MoveDirectionFlag{false为Y方向：True}CurrentPos{284.88}AimPos{121}
2023-04-07 22:31:38,063 [AppLog] INFO : Y方向运动开始：DEM_Run：返回值{True}nAxis{1}DirFlag{False}nSpeed{300000}MoveStep{-163880}nCtlValue{0}
2023-04-07 22:31:39,764 [AppLog] INFO : Y方向到位等停：DEM_StopAxisRun：返回值{True}bImmeStop{False}nAxisMask{1}
2023-04-07 22:31:39,764 [AppLog] INFO : X方向到位等停：DEM_StopAxisRun：返回值{True}bImmeStop{False}nAxisMask{2}
2023-04-07 22:31:39,779 [AppLog] INFO : 开启闪喷操作：IDP_FlashPrtCtl：返回值{True}
2023-04-07 22:31:39,779 [AppLog] INFO : 进入：EquipmentMotionLogic3=》准备创建对象-手动操作！
2023-04-07 22:31:39,779 [AppLog] INFO : 进入：EquipmentMotionLogic3=》不需重新创建-手动操作！
2023-04-07 22:31:39,779 [AppLog] INFO : 进入：EquipmentMotionLogic3=》赋值完成自-AutoPrintMotion2！
2023-04-07 22:31:39,779 [AppLog] INFO : 进入：EquipmentMotionLogic3=》加载配置文件-LoadJsonFile成功！
2023-04-07 22:31:39,779 [AppLog] INFO : 进入自动铺粉逻辑：NewAutoSupplyPowderThread2
2023-04-07 22:31:39,857 [AppLog] INFO : 手动正向点动指令（8轴运控板卡系统） ====》：输出AXIS{第1轴},点动量{-0.1MM},运动速度{2MM/s}
2023-04-07 22:31:39,857 [AppLog] INFO : 成形面高度下降层厚 TrapSpace{0.1mm}：TrapMoveUp(1, true, Convert.ToString(vel), Convert.ToString(TrapSpace), true, true）
2023-04-07 22:31:40,622 [AppLog] INFO : 手动正向点动指令（8轴运控板卡系统） ====》：输出AXIS{第1轴},点动量{-1.5MM},运动速度{2MM/s}
2023-04-07 22:31:40,622 [AppLog] INFO : 成形面高度下降指定厚度 TrapSpace{1.5mm}：TrapMoveUp(1, true, Convert.ToString(vel), Convert.ToString(TrapSpace), true, true）
2023-04-07 22:31:41,402 [AppLog] INFO : 手动正向点动指令（8轴运控板卡系统） ====》：输出AXIS{第1轴},点动量{1.5MM},运动速度{2MM/s}
2023-04-07 22:31:41,402 [AppLog] INFO : 成形面高度上升层厚 TrapSpace{1.5mm}：TrapMoveUp(1, true, Convert.ToString(vel), Convert.ToString(TrapSpace), true, true）
2023-04-07 22:31:41,620 [AppLog] INFO : 手动正向点动指令（8轴运控板卡系统） ====》：输出AXIS{第8轴},点动量{0.5MM},运动速度{2.5MM/s}
2023-04-07 22:31:41,620 [AppLog] INFO : Hopper落粉轴转2圈落粉，速度0.5rev/s：TrapMoveUp(8, true, 0.5, rotateNuM.ToString(), true, false)
2023-04-07 22:31:42,915 [AppLog] INFO : 手动正向点动指令（8轴运控板卡系统） ====》：输出AXIS{第2轴},点动量{258MM},运动速度{200MM/s}
2023-04-07 22:31:42,915 [AppLog] INFO : 开启铺粉车不等停运动至准备打印位置255mm，速度200mm/s：BackToStation2
2023-04-07 22:31:42,915 [AppLog] INFO : 手动正向点动指令（8轴运控板卡系统） ====》：输出AXIS{第2轴},点动量{440MM},运动速度{50MM/s}
2023-04-07 22:31:42,915 [AppLog] INFO : 开启铺粉车不等停运动至准备打印位置695mm，速度50mm/s：BackToStation2
2023-04-07 22:31:43,024 [AppLog] INFO : 打开IR灯：OpenIRLamp(true)
2023-04-07 22:31:43,024 [AppLog] INFO : 手动正向点动指令（8轴运控板卡系统） ====》：输出AXIS{第3轴},点动量{0.5MM},运动速度{0.0753424657534247MM/s}
2023-04-07 22:31:43,024 [AppLog] INFO : 开启均匀落粉及辊子铺平运动：TrapMoveUp(3, true, Convert.ToString(DispenseRollerSpeed), 0.5, true, true)
2023-04-07 22:31:48,141 [AppLog] INFO : 关闭IR灯：OpenIRLamp(false)
2023-04-07 22:31:48,796 [AppLog] INFO : 进入手动调试子模块！
2023-04-07 22:31:48,796 [AppLog] INFO : 进入：ManulBtn_Click=》准备创建对象-手动操作！
2023-04-07 22:31:48,827 [AppLog] INFO : 创建：ManualControl=》创建完成-手动操作！
2023-04-07 22:31:48,827 [AppLog] INFO : 加载成功：温控Modbus接口！
2023-04-07 22:31:50,481 [AppLog] INFO : 手动正向点动指令（8轴运控板卡系统） ====》：输出AXIS{第3轴},点动量{0.5MM},运动速度{2MM/s}
2023-04-07 22:31:50,481 [AppLog] INFO : 落粉轴继续转动以倒掉余粉：TrapMoveUp(3, true, 2, 0.5, true, false)
2023-04-07 22:31:52,493 [AppLog] INFO : 手动正向点动指令（8轴运控板卡系统） ====》：输出AXIS{第1轴},点动量{-1.5MM},运动速度{2MM/s}
2023-04-07 22:31:52,493 [AppLog] INFO : 成形面高度下降指定厚度 TrapSpace{1.5mm}：TrapMoveUp(1, true, Convert.ToString(vel), Convert.ToString(TrapSpace), true, true）
2023-04-07 22:31:54,272 [AppLog] INFO : 开启刮墨轴回零校准：SpreaderHomeBtn_Click
2023-04-07 22:31:55,988 [AppLog] INFO : 手动正向点动指令（8轴运控板卡系统） ====》：输出AXIS{第2轴},点动量{-698MM},运动速度{200MM/s}
2023-04-07 22:31:55,988 [AppLog] INFO : 铺粉车返回至站1：BackToStation2(AimPos, MovSpeed, true)：-3mm，速度200mm/s：BackToStation2
2023-04-07 22:31:56,456 [AppLog] INFO : 刮墨轴回零失败：SpreaderHomeBtn_Click：{AXIS{4}, Vel{1圈/s},开槽位置{-106.5°}}
2023-04-07 22:31:58,016 [AppLog] INFO : 落粉轴回零失败：motionMap.SetBackSpreaderAxis(3, 0.5, 2, -SinkPosition)：ReturnCode{False}
2023-04-07 22:31:59,903 [AppLog] INFO : 手动正向点动指令（8轴运控板卡系统） ====》：输出AXIS{第1轴},点动量{1.5MM},运动速度{2MM/s}
2023-04-07 22:31:59,903 [AppLog] INFO : 成形面高度上升层厚 TrapSpace{1.5mm}：TrapMoveUp(1, true, Convert.ToString(vel), Convert.ToString(TrapSpace), true, true）
2023-04-07 22:31:59,903 [AppLog] INFO : 自动铺粉正常结束：NewAutoSupplyPowderThread2
2023-04-07 22:31:59,903 [AppLog] INFO : 发送监控指令，拍照记录1条：SendMessageFromSharedMemory
2023-04-07 22:31:59,903 [AppLog] INFO : 执行完成铺粉固化操作：EquipmentMotionLogic3：m_bApplyPowderSupplyMotion:0
2023-04-07 22:31:59,903 [AppLog] INFO : 接收到恢复打印指令：PrintTaskTHREAD
2023-04-07 22:31:59,903 [AppLog] INFO : 获取打印Pass数据：IDP_GetPassItem2：nLayerIndex{6}nPassID{0}nProcState{3}LPPassDataItemb:PrtDir{False}nDataTxCompleteCnt{1}nHwMemAdrMatchMask{1}nLayerIndex{6}nLayerPassCount{6}nLayerPassIndex{0}nMinJet0ImgLinePos{0}nPrtMemHwAddr{System.UInt32[]}nPrtDataOffset{System.UInt32[]}nSrcDataSize{System.UInt32[]}nPrtColBytes{System.UInt32[]}nPrtPrecession{8}nSrcEndCols{8000}nSrcStartCols{0}nStartEncPos{76472}nValidPassJets{1280}nValidPrtCols{8310}nValidPrtCtlCnts{1}pDataBuf{0}pNextItem{674105408}
2023-04-07 22:31:59,919 [AppLog] INFO : 使能Pass打印成功：IDP_DoPassPrint2：nLayerIndex{6}nPassID{0}
2023-04-07 22:31:59,950 [AppLog] INFO : PASS打印前关键状态：DEV_GetDeviceInfo2：nLayerIndex{6}nPassID{0}LPPRINTER_INFO:nXSysEncDPI{0}nStatus{0}nPrintStatus{0}bSuperDevice{0}
LPPRINTER_INFO-LPPrtRunInfo:bJobPrtRuning{False}bLayerPrtIsOver{False}nContReqMemErr{0}nContWDErr{0}nCurPrtDir{0}nDTLayerIndex{0}nDTLayerPassIndex{0}nDTPtrCtlIndex{0}nLayerPassCount{0}nPrintLayerIndex{0}nPrintPassIndex{0}nProcLayerIndex{0}nPrtDataMemAddr{0}nPrtState{0}nReverse{System.Int32[]}nRevPrtCols{0}
LPPRINTER_INFO-LPDRVINFO:nFMVersion{0}nFpgaVersion{0}nPCBVersion{0}nState{0}nNextState{0}nPtvwarnState{0}nCrc32{0}nRevInfo{System.UInt32[]}nSignature{0}
2023-04-07 22:31:59,950 [AppLog] INFO : 进入：EquipmentMotionLogic3=》准备创建对象-手动操作！
2023-04-07 22:31:59,950 [AppLog] INFO : 进入：EquipmentMotionLogic3=》不需重新创建-手动操作！
2023-04-07 22:31:59,950 [AppLog] INFO : 进入：EquipmentMotionLogic3=》赋值完成自-AutoPrintMotion2！
2023-04-07 22:31:59,950 [AppLog] INFO : 进入：EquipmentMotionLogic3=》加载配置文件-LoadJsonFile成功！
2023-04-07 22:31:59,950 [AppLog] INFO : 进入自动清洗过程：AutoCleanThread
2023-04-07 22:32:01,448 [AppLog] INFO : 刮墨轴回零成功：motionMap.SetBackSpreaderAxis(4, 1, 2, -SinkPosition)
2023-04-07 22:32:01,448 [AppLog] INFO : 准备读取编码器位置：Y方向！
2023-04-07 22:32:01,448 [AppLog] INFO : 准备运动，编码器当前位置：DEM_GetAxisEncodeVal：MoveDirectionFlag{false为Y方向：True}CurrentPos{121.375}AimPos{121}
2023-04-07 22:32:01,479 [AppLog] INFO : Y方向运动开始：DEM_Run：返回值{True}nAxis{1}DirFlag{False}nSpeed{300000}MoveStep{-375}nCtlValue{0}
2023-04-07 22:32:01,557 [AppLog] INFO : Y方向到位停止：DEM_StopAxisRun：返回值{True}CurrentPos{121.37}bImmeStop{False}nAxisMask{2}
2023-04-07 22:32:01,557 [AppLog] INFO : 准备读取编码器位置：X方向！
2023-04-07 22:32:01,557 [AppLog] INFO : 准备运动，当前位置：DEV_GetPrintEncoderValue：MoveDirectionFlag{false为Y方向：False}CurrentPos{785.055}AimPos{780}
2023-04-07 22:32:01,588 [AppLog] INFO : X方向运动开始：DEM_Run：返回值{True}nAxis{0}DirFlag{False}nSpeed{300000}MoveStep{-5055.00000000006}nCtlValue{2}
2023-04-07 22:32:01,963 [AppLog] INFO : X方向到位停止：DEM_StopAxisRun：返回值{True}CurrentPos{780.36}bImmeStop{False}nAxisMask{1}
2023-04-07 22:32:02,789 [AppLog] INFO : 开启压墨： motionMap.SetDo(13, true)
2023-04-07 22:32:06,393 [AppLog] INFO : 退出手动调试子模块,已执行修改
==========================================================================
2023-04-07 22:32:06,799 [AppLog] INFO : 关闭压墨： motionMap.SetDo(13, true)
2023-04-07 22:32:06,799 [AppLog] INFO : 准备读取编码器位置：X方向！
2023-04-07 22:32:06,814 [AppLog] INFO : 准备运动，当前位置：DEV_GetPrintEncoderValue：MoveDirectionFlag{false为Y方向：False}CurrentPos{780.34}AimPos{680}
2023-04-07 22:32:06,845 [AppLog] INFO : X方向运动开始：DEM_Run：返回值{True}nAxis{0}DirFlag{False}nSpeed{50000}MoveStep{-100340}nCtlValue{2}
2023-04-07 22:32:08,905 [AppLog] INFO : X方向到位停止：DEM_StopAxisRun：返回值{True}CurrentPos{683.75}bImmeStop{False}nAxisMask{1}
2023-04-07 22:32:09,731 [AppLog] INFO : 结束自动清洗过程：AutoCleanThread
2023-04-07 22:32:09,731 [AppLog] INFO : 进入：EquipmentMotionLogic3=》准备创建对象-手动操作！
2023-04-07 22:32:09,731 [AppLog] INFO : 进入：EquipmentMotionLogic3=》不需重新创建-手动操作！
2023-04-07 22:32:09,731 [AppLog] INFO : 进入：EquipmentMotionLogic3=》赋值完成自-AutoPrintMotion2！
2023-04-07 22:32:09,731 [AppLog] INFO : 进入：EquipmentMotionLogic3=》加载配置文件-LoadJsonFile成功！
2023-04-07 22:32:09,731 [AppLog] INFO : 进入：AutoPrintThread2！
2023-04-07 22:32:09,731 [AppLog] INFO : 关闭闪喷操作：IDP_FlashPrtCtl：返回值{True}
2023-04-07 22:32:09,731 [AppLog] INFO : 准备读取编码器位置：Y方向！
2023-04-07 22:32:09,731 [AppLog] INFO : 准备运动，编码器当前位置：DEM_GetAxisEncodeVal：MoveDirectionFlag{false为Y方向：True}CurrentPos{120.995}AimPos{15}
2023-04-07 22:32:09,763 [AppLog] INFO : Y方向运动开始：DEM_Run：返回值{True}nAxis{1}DirFlag{False}nSpeed{300000}MoveStep{-105995}nCtlValue{0}
2023-04-07 22:32:09,763 [AppLog] INFO : 准备读取编码器位置：X方向！
2023-04-07 22:32:09,763 [AppLog] INFO : 准备运动，当前位置：DEV_GetPrintEncoderValue：MoveDirectionFlag{false为Y方向：False}CurrentPos{680.305}AimPos{425}
2023-04-07 22:32:09,794 [AppLog] INFO : X方向运动开始：DEM_Run：返回值{True}nAxis{0}DirFlag{False}nSpeed{300000}MoveStep{-255305}nCtlValue{2}
2023-04-07 22:32:11,198 [AppLog] INFO : X方向到位停止：DEM_StopAxisRun：返回值{True}CurrentPos{429.605}bImmeStop{False}nAxisMask{1}
2023-04-07 22:32:11,198 [AppLog] INFO : 准备读取编码器位置：X方向！
2023-04-07 22:32:11,198 [AppLog] INFO : 准备运动，当前位置：DEV_GetPrintEncoderValue：MoveDirectionFlag{false为Y方向：False}CurrentPos{429.43}AimPos{25}
2023-04-07 22:32:11,229 [AppLog] INFO : X方向运动开始：DEM_Run：返回值{True}nAxis{0}DirFlag{False}nSpeed{300000}MoveStep{-404430}nCtlValue{2}
2023-04-07 22:32:13,132 [AppLog] INFO : X方向到位停止：DEM_StopAxisRun：返回值{True}CurrentPos{24.945}bImmeStop{False}nAxisMask{1}
2023-04-07 22:32:13,132 [AppLog] INFO : 准备读取编码器位置：Y方向！
2023-04-07 22:32:13,132 [AppLog] INFO : 准备运动，编码器当前位置：DEM_GetAxisEncodeVal：MoveDirectionFlag{false为Y方向：True}CurrentPos{15.155}AimPos{69}
2023-04-07 22:32:13,163 [AppLog] INFO : Y方向运动开始：DEM_Run：返回值{True}nAxis{1}DirFlag{True}nSpeed{300000}MoveStep{53845}nCtlValue{0}
2023-04-07 22:32:13,351 [AppLog] INFO : Y方向到位停止：DEM_StopAxisRun：返回值{True}CurrentPos{25.99}bImmeStop{False}nAxisMask{2}
2023-04-07 22:32:13,351 [AppLog] INFO : 获取打印Pass数据：IDP_GetPassItem2：nLayerIndex{6}nPassID{1}nProcState{3}LPPassDataItemb:PrtDir{True}nDataTxCompleteCnt{1}nHwMemAdrMatchMask{1}nLayerIndex{6}nLayerPassCount{6}nLayerPassIndex{1}nMinJet0ImgLinePos{1280}nPrtMemHwAddr{System.UInt32[]}nPrtDataOffset{System.UInt32[]}nSrcDataSize{System.UInt32[]}nPrtColBytes{System.UInt32[]}nPrtPrecession{8}nSrcEndCols{8000}nSrcStartCols{0}nStartEncPos{10000}nValidPassJets{1280}nValidPrtCols{8310}nValidPrtCtlCnts{1}pDataBuf{0}pNextItem{674105568}
2023-04-07 22:32:13,366 [AppLog] INFO : 使能Pass打印成功：IDP_DoPassPrint2：nLayerIndex{6}nPassID{1}
2023-04-07 22:32:13,397 [AppLog] INFO : PASS打印前关键状态：DEV_GetDeviceInfo2：nLayerIndex{6}nPassID{1}LPPRINTER_INFO:nXSysEncDPI{0}nStatus{0}nPrintStatus{0}bSuperDevice{0}
LPPRINTER_INFO-LPPrtRunInfo:bJobPrtRuning{False}bLayerPrtIsOver{False}nContReqMemErr{0}nContWDErr{0}nCurPrtDir{0}nDTLayerIndex{0}nDTLayerPassIndex{0}nDTPtrCtlIndex{0}nLayerPassCount{0}nPrintLayerIndex{0}nPrintPassIndex{0}nProcLayerIndex{0}nPrtDataMemAddr{0}nPrtState{0}nReverse{System.Int32[]}nRevPrtCols{0}
LPPRINTER_INFO-LPDRVINFO:nFMVersion{0}nFpgaVersion{0}nPCBVersion{0}nState{0}nNextState{0}nPtvwarnState{0}nCrc32{0}nRevInfo{System.UInt32[]}nSignature{0}
2023-04-07 22:32:13,397 [AppLog] INFO : 进入：EquipmentMotionLogic3=》准备创建对象-手动操作！
2023-04-07 22:32:13,397 [AppLog] INFO : 进入：EquipmentMotionLogic3=》不需重新创建-手动操作！
2023-04-07 22:32:13,397 [AppLog] INFO : 进入：EquipmentMotionLogic3=》赋值完成自-AutoPrintMotion2！
2023-04-07 22:32:13,397 [AppLog] INFO : 进入：EquipmentMotionLogic3=》加载配置文件-LoadJsonFile成功！
2023-04-07 22:32:13,397 [AppLog] INFO : 进入：AutoPrintThread2！
2023-04-07 22:32:13,397 [AppLog] INFO : 准备读取编码器位置：X方向！
2023-04-07 22:32:13,397 [AppLog] INFO : 准备运动，当前位置：DEV_GetPrintEncoderValue：MoveDirectionFlag{false为Y方向：False}CurrentPos{21.59}AimPos{425}
2023-04-07 22:32:13,429 [AppLog] INFO : X方向运动开始：DEM_Run：返回值{True}nAxis{0}DirFlag{True}nSpeed{300000}MoveStep{403410}nCtlValue{2}
2023-04-07 22:32:15,332 [AppLog] INFO : X方向到位停止：DEM_StopAxisRun：返回值{True}CurrentPos{419.93}bImmeStop{False}nAxisMask{1}
2023-04-07 22:32:15,332 [AppLog] INFO : 准备读取编码器位置：Y方向！
2023-04-07 22:32:15,332 [AppLog] INFO : 准备运动，编码器当前位置：DEM_GetAxisEncodeVal：MoveDirectionFlag{false为Y方向：True}CurrentPos{68.93}AimPos{123}
2023-04-07 22:32:15,363 [AppLog] INFO : Y方向运动开始：DEM_Run：返回值{True}nAxis{1}DirFlag{True}nSpeed{300000}MoveStep{54070}nCtlValue{0}
2023-04-07 22:32:15,550 [AppLog] INFO : Y方向到位停止：DEM_StopAxisRun：返回值{True}CurrentPos{79.1}bImmeStop{False}nAxisMask{2}
2023-04-07 22:32:15,550 [AppLog] INFO : 获取打印Pass数据：IDP_GetPassItem2：nLayerIndex{6}nPassID{2}nProcState{3}LPPassDataItemb:PrtDir{False}nDataTxCompleteCnt{1}nHwMemAdrMatchMask{1}nLayerIndex{6}nLayerPassCount{6}nLayerPassIndex{2}nMinJet0ImgLinePos{2560}nPrtMemHwAddr{System.UInt32[]}nPrtDataOffset{System.UInt32[]}nSrcDataSize{System.UInt32[]}nPrtColBytes{System.UInt32[]}nPrtPrecession{8}nSrcEndCols{8000}nSrcStartCols{0}nStartEncPos{76472}nValidPassJets{1280}nValidPrtCols{8310}nValidPrtCtlCnts{1}pDataBuf{0}pNextItem{674105728}
2023-04-07 22:32:15,566 [AppLog] INFO : 使能Pass打印成功：IDP_DoPassPrint2：nLayerIndex{6}nPassID{2}
2023-04-07 22:32:15,566 [AppLog] INFO : PASS打印前关键状态：DEV_GetDeviceInfo2：nLayerIndex{6}nPassID{2}LPPRINTER_INFO:nXSysEncDPI{0}nStatus{0}nPrintStatus{0}bSuperDevice{0}
LPPRINTER_INFO-LPPrtRunInfo:bJobPrtRuning{False}bLayerPrtIsOver{False}nContReqMemErr{0}nContWDErr{0}nCurPrtDir{0}nDTLayerIndex{0}nDTLayerPassIndex{0}nDTPtrCtlIndex{0}nLayerPassCount{0}nPrintLayerIndex{0}nPrintPassIndex{0}nProcLayerIndex{0}nPrtDataMemAddr{0}nPrtState{0}nReverse{System.Int32[]}nRevPrtCols{0}
LPPRINTER_INFO-LPDRVINFO:nFMVersion{0}nFpgaVersion{0}nPCBVersion{0}nState{0}nNextState{0}nPtvwarnState{0}nCrc32{0}nRevInfo{System.UInt32[]}nSignature{0}
2023-04-07 22:32:15,566 [AppLog] INFO : 进入：EquipmentMotionLogic3=》准备创建对象-手动操作！
2023-04-07 22:32:15,566 [AppLog] INFO : 进入：EquipmentMotionLogic3=》不需重新创建-手动操作！
2023-04-07 22:32:15,566 [AppLog] INFO : 进入：EquipmentMotionLogic3=》赋值完成自-AutoPrintMotion2！
2023-04-07 22:32:15,566 [AppLog] INFO : 进入：EquipmentMotionLogic3=》加载配置文件-LoadJsonFile成功！
2023-04-07 22:32:15,566 [AppLog] INFO : 进入：AutoPrintThread2！
2023-04-07 22:32:15,566 [AppLog] INFO : 准备读取编码器位置：X方向！
2023-04-07 22:32:15,566 [AppLog] INFO : 准备运动，当前位置：DEV_GetPrintEncoderValue：MoveDirectionFlag{false为Y方向：False}CurrentPos{423.345}AimPos{25}
2023-04-07 22:32:15,597 [AppLog] INFO : X方向运动开始：DEM_Run：返回值{True}nAxis{0}DirFlag{False}nSpeed{300000}MoveStep{-398345}nCtlValue{2}
2023-04-07 22:32:17,469 [AppLog] INFO : X方向到位停止：DEM_StopAxisRun：返回值{True}CurrentPos{30.76}bImmeStop{False}nAxisMask{1}
2023-04-07 22:32:17,469 [AppLog] INFO : 准备读取编码器位置：Y方向！
2023-04-07 22:32:17,469 [AppLog] INFO : 准备运动，编码器当前位置：DEM_GetAxisEncodeVal：MoveDirectionFlag{false为Y方向：True}CurrentPos{122.85}AimPos{177}
2023-04-07 22:32:17,500 [AppLog] INFO : Y方向运动开始：DEM_Run：返回值{True}nAxis{1}DirFlag{True}nSpeed{300000}MoveStep{54150}nCtlValue{0}
2023-04-07 22:32:17,687 [AppLog] INFO : Y方向到位停止：DEM_StopAxisRun：返回值{True}CurrentPos{133.24}bImmeStop{False}nAxisMask{2}
2023-04-07 22:32:17,687 [AppLog] INFO : 获取打印Pass数据：IDP_GetPassItem2：nLayerIndex{6}nPassID{3}nProcState{3}LPPassDataItemb:PrtDir{True}nDataTxCompleteCnt{1}nHwMemAdrMatchMask{1}nLayerIndex{6}nLayerPassCount{6}nLayerPassIndex{3}nMinJet0ImgLinePos{3840}nPrtMemHwAddr{System.UInt32[]}nPrtDataOffset{System.UInt32[]}nSrcDataSize{System.UInt32[]}nPrtColBytes{System.UInt32[]}nPrtPrecession{8}nSrcEndCols{8000}nSrcStartCols{0}nStartEncPos{10000}nValidPassJets{1280}nValidPrtCols{8310}nValidPrtCtlCnts{1}pDataBuf{0}pNextItem{674105888}
2023-04-07 22:32:17,703 [AppLog] INFO : 使能Pass打印成功：IDP_DoPassPrint2：nLayerIndex{6}nPassID{3}
2023-04-07 22:32:17,703 [AppLog] INFO : PASS打印前关键状态：DEV_GetDeviceInfo2：nLayerIndex{6}nPassID{3}LPPRINTER_INFO:nXSysEncDPI{0}nStatus{0}nPrintStatus{0}bSuperDevice{0}
LPPRINTER_INFO-LPPrtRunInfo:bJobPrtRuning{False}bLayerPrtIsOver{False}nContReqMemErr{0}nContWDErr{0}nCurPrtDir{0}nDTLayerIndex{0}nDTLayerPassIndex{0}nDTPtrCtlIndex{0}nLayerPassCount{0}nPrintLayerIndex{0}nPrintPassIndex{0}nProcLayerIndex{0}nPrtDataMemAddr{0}nPrtState{0}nReverse{System.Int32[]}nRevPrtCols{0}
LPPRINTER_INFO-LPDRVINFO:nFMVersion{0}nFpgaVersion{0}nPCBVersion{0}nState{0}nNextState{0}nPtvwarnState{0}nCrc32{0}nRevInfo{System.UInt32[]}nSignature{0}
2023-04-07 22:32:17,703 [AppLog] INFO : 进入：EquipmentMotionLogic3=》准备创建对象-手动操作！
2023-04-07 22:32:17,703 [AppLog] INFO : 进入：EquipmentMotionLogic3=》不需重新创建-手动操作！
2023-04-07 22:32:17,703 [AppLog] INFO : 进入：EquipmentMotionLogic3=》赋值完成自-AutoPrintMotion2！
2023-04-07 22:32:17,703 [AppLog] INFO : 进入：EquipmentMotionLogic3=》加载配置文件-LoadJsonFile成功！
2023-04-07 22:32:17,703 [AppLog] INFO : 进入：AutoPrintThread2！
2023-04-07 22:32:17,703 [AppLog] INFO : 准备读取编码器位置：X方向！
2023-04-07 22:32:17,703 [AppLog] INFO : 准备运动，当前位置：DEV_GetPrintEncoderValue：MoveDirectionFlag{false为Y方向：False}CurrentPos{26.605}AimPos{425}
2023-04-07 22:32:17,734 [AppLog] INFO : X方向运动开始：DEM_Run：返回值{True}nAxis{0}DirFlag{True}nSpeed{300000}MoveStep{398395}nCtlValue{2}
2023-04-07 22:32:19,606 [AppLog] INFO : X方向到位停止：DEM_StopAxisRun：返回值{True}CurrentPos{418.745}bImmeStop{False}nAxisMask{1}
2023-04-07 22:32:19,606 [AppLog] INFO : 准备读取编码器位置：Y方向！
2023-04-07 22:32:19,606 [AppLog] INFO : 准备运动，编码器当前位置：DEM_GetAxisEncodeVal：MoveDirectionFlag{false为Y方向：True}CurrentPos{176.885}AimPos{231}
2023-04-07 22:32:19,637 [AppLog] INFO : Y方向运动开始：DEM_Run：返回值{True}nAxis{1}DirFlag{True}nSpeed{300000}MoveStep{54115}nCtlValue{0}
2023-04-07 22:32:19,840 [AppLog] INFO : Y方向到位停止：DEM_StopAxisRun：返回值{True}CurrentPos{191.845}bImmeStop{False}nAxisMask{2}
2023-04-07 22:32:19,840 [AppLog] INFO : 获取打印Pass数据：IDP_GetPassItem2：nLayerIndex{6}nPassID{4}nProcState{3}LPPassDataItemb:PrtDir{False}nDataTxCompleteCnt{1}nHwMemAdrMatchMask{1}nLayerIndex{6}nLayerPassCount{6}nLayerPassIndex{4}nMinJet0ImgLinePos{5120}nPrtMemHwAddr{System.UInt32[]}nPrtDataOffset{System.UInt32[]}nSrcDataSize{System.UInt32[]}nPrtColBytes{System.UInt32[]}nPrtPrecession{8}nSrcEndCols{8000}nSrcStartCols{0}nStartEncPos{76472}nValidPassJets{1280}nValidPrtCols{8310}nValidPrtCtlCnts{1}pDataBuf{0}pNextItem{674106048}
2023-04-07 22:32:19,856 [AppLog] INFO : 使能Pass打印成功：IDP_DoPassPrint2：nLayerIndex{6}nPassID{4}
2023-04-07 22:32:19,856 [AppLog] INFO : PASS打印前关键状态：DEV_GetDeviceInfo2：nLayerIndex{6}nPassID{4}LPPRINTER_INFO:nXSysEncDPI{0}nStatus{0}nPrintStatus{0}bSuperDevice{0}
LPPRINTER_INFO-LPPrtRunInfo:bJobPrtRuning{False}bLayerPrtIsOver{False}nContReqMemErr{0}nContWDErr{0}nCurPrtDir{0}nDTLayerIndex{0}nDTLayerPassIndex{0}nDTPtrCtlIndex{0}nLayerPassCount{0}nPrintLayerIndex{0}nPrintPassIndex{0}nProcLayerIndex{0}nPrtDataMemAddr{0}nPrtState{0}nReverse{System.Int32[]}nRevPrtCols{0}
LPPRINTER_INFO-LPDRVINFO:nFMVersion{0}nFpgaVersion{0}nPCBVersion{0}nState{0}nNextState{0}nPtvwarnState{0}nCrc32{0}nRevInfo{System.UInt32[]}nSignature{0}
2023-04-07 22:32:19,856 [AppLog] INFO : 进入：EquipmentMotionLogic3=》准备创建对象-手动操作！
2023-04-07 22:32:19,856 [AppLog] INFO : 进入：EquipmentMotionLogic3=》不需重新创建-手动操作！
2023-04-07 22:32:19,856 [AppLog] INFO : 进入：EquipmentMotionLogic3=》赋值完成自-AutoPrintMotion2！
2023-04-07 22:32:19,856 [AppLog] INFO : 进入：EquipmentMotionLogic3=》加载配置文件-LoadJsonFile成功！
2023-04-07 22:32:19,856 [AppLog] INFO : 进入：AutoPrintThread2！
2023-04-07 22:32:19,856 [AppLog] INFO : 准备读取编码器位置：X方向！
2023-04-07 22:32:19,856 [AppLog] INFO : 准备运动，当前位置：DEV_GetPrintEncoderValue：MoveDirectionFlag{false为Y方向：False}CurrentPos{423.405}AimPos{25}
2023-04-07 22:32:19,887 [AppLog] INFO : X方向运动开始：DEM_Run：返回值{True}nAxis{0}DirFlag{False}nSpeed{300000}MoveStep{-398405}nCtlValue{2}
2023-04-07 22:32:21,759 [AppLog] INFO : X方向到位停止：DEM_StopAxisRun：返回值{True}CurrentPos{31.28}bImmeStop{False}nAxisMask{1}
2023-04-07 22:32:21,759 [AppLog] INFO : 准备读取编码器位置：Y方向！
2023-04-07 22:32:21,759 [AppLog] INFO : 准备运动，编码器当前位置：DEM_GetAxisEncodeVal：MoveDirectionFlag{false为Y方向：True}CurrentPos{230.93}AimPos{285}
2023-04-07 22:32:21,790 [AppLog] INFO : Y方向运动开始：DEM_Run：返回值{True}nAxis{1}DirFlag{True}nSpeed{300000}MoveStep{54070}nCtlValue{0}
2023-04-07 22:32:21,977 [AppLog] INFO : Y方向到位停止：DEM_StopAxisRun：返回值{True}CurrentPos{241.315}bImmeStop{False}nAxisMask{2}
2023-04-07 22:32:21,977 [AppLog] INFO : 获取打印Pass数据：IDP_GetPassItem2：nLayerIndex{6}nPassID{5}nProcState{3}LPPassDataItemb:PrtDir{True}nDataTxCompleteCnt{1}nHwMemAdrMatchMask{1}nLayerIndex{6}nLayerPassCount{6}nLayerPassIndex{5}nMinJet0ImgLinePos{6400}nPrtMemHwAddr{System.UInt32[]}nPrtDataOffset{System.UInt32[]}nSrcDataSize{System.UInt32[]}nPrtColBytes{System.UInt32[]}nPrtPrecession{8}nSrcEndCols{8000}nSrcStartCols{0}nStartEncPos{10000}nValidPassJets{1280}nValidPrtCols{8310}nValidPrtCtlCnts{1}pDataBuf{0}pNextItem{0}
2023-04-07 22:32:21,993 [AppLog] INFO : 使能Pass打印成功：IDP_DoPassPrint2：nLayerIndex{6}nPassID{5}
2023-04-07 22:32:21,993 [AppLog] INFO : PASS打印前关键状态：DEV_GetDeviceInfo2：nLayerIndex{6}nPassID{5}LPPRINTER_INFO:nXSysEncDPI{0}nStatus{0}nPrintStatus{0}bSuperDevice{0}
LPPRINTER_INFO-LPPrtRunInfo:bJobPrtRuning{False}bLayerPrtIsOver{False}nContReqMemErr{0}nContWDErr{0}nCurPrtDir{0}nDTLayerIndex{0}nDTLayerPassIndex{0}nDTPtrCtlIndex{0}nLayerPassCount{0}nPrintLayerIndex{0}nPrintPassIndex{0}nProcLayerIndex{0}nPrtDataMemAddr{0}nPrtState{0}nReverse{System.Int32[]}nRevPrtCols{0}
LPPRINTER_INFO-LPDRVINFO:nFMVersion{0}nFpgaVersion{0}nPCBVersion{0}nState{0}nNextState{0}nPtvwarnState{0}nCrc32{0}nRevInfo{System.UInt32[]}nSignature{0}
2023-04-07 22:32:21,993 [AppLog] INFO : 进入：EquipmentMotionLogic3=》准备创建对象-手动操作！
2023-04-07 22:32:21,993 [AppLog] INFO : 进入：EquipmentMotionLogic3=》不需重新创建-手动操作！
2023-04-07 22:32:21,993 [AppLog] INFO : 进入：EquipmentMotionLogic3=》赋值完成自-AutoPrintMotion2！
2023-04-07 22:32:21,993 [AppLog] INFO : 进入：EquipmentMotionLogic3=》加载配置文件-LoadJsonFile成功！
2023-04-07 22:32:21,993 [AppLog] INFO : 进入：AutoPrintThread2！
2023-04-07 22:32:21,993 [AppLog] INFO : 准备读取编码器位置：X方向！
2023-04-07 22:32:21,993 [AppLog] INFO : 准备运动，当前位置：DEV_GetPrintEncoderValue：MoveDirectionFlag{false为Y方向：False}CurrentPos{26.6}AimPos{425}
2023-04-07 22:32:22,024 [AppLog] INFO : X方向运动开始：DEM_Run：返回值{True}nAxis{0}DirFlag{True}nSpeed{300000}MoveStep{398400}nCtlValue{2}
2023-04-07 22:32:23,896 [AppLog] INFO : X方向到位停止：DEM_StopAxisRun：返回值{True}CurrentPos{418.2}bImmeStop{False}nAxisMask{1}
2023-04-07 22:32:23,896 [AppLog] INFO : 准备读取编码器位置：X方向！
2023-04-07 22:32:23,896 [AppLog] INFO : 准备运动，当前位置：DEV_GetPrintEncoderValue：MoveDirectionFlag{false为Y方向：False}CurrentPos{418.315}AimPos{780}
2023-04-07 22:32:23,927 [AppLog] INFO : X方向运动开始：DEM_Run：返回值{True}nAxis{0}DirFlag{True}nSpeed{300000}MoveStep{361685}nCtlValue{2}
2023-04-07 22:32:23,927 [AppLog] INFO : 准备读取编码器位置：Y方向！
2023-04-07 22:32:23,927 [AppLog] INFO : 准备运动，编码器当前位置：DEM_GetAxisEncodeVal：MoveDirectionFlag{false为Y方向：True}CurrentPos{284.9}AimPos{121}
2023-04-07 22:32:23,959 [AppLog] INFO : Y方向运动开始：DEM_Run：返回值{True}nAxis{1}DirFlag{False}nSpeed{300000}MoveStep{-163900}nCtlValue{0}
2023-04-07 22:32:25,675 [AppLog] INFO : Y方向到位等停：DEM_StopAxisRun：返回值{True}bImmeStop{False}nAxisMask{1}
2023-04-07 22:32:25,675 [AppLog] INFO : X方向到位等停：DEM_StopAxisRun：返回值{True}bImmeStop{False}nAxisMask{2}
2023-04-07 22:32:25,690 [AppLog] INFO : 开启闪喷操作：IDP_FlashPrtCtl：返回值{True}
2023-04-07 22:32:25,690 [AppLog] INFO : 进入：EquipmentMotionLogic3=》准备创建对象-手动操作！
2023-04-07 22:32:25,690 [AppLog] INFO : 进入：EquipmentMotionLogic3=》不需重新创建-手动操作！
2023-04-07 22:32:25,690 [AppLog] INFO : 进入：EquipmentMotionLogic3=》赋值完成自-AutoPrintMotion2！
2023-04-07 22:32:25,690 [AppLog] INFO : 进入：EquipmentMotionLogic3=》加载配置文件-LoadJsonFile成功！
2023-04-07 22:32:25,690 [AppLog] INFO : 进入自动铺粉逻辑：NewAutoSupplyPowderThread2
2023-04-07 22:32:25,768 [AppLog] INFO : 手动正向点动指令（8轴运控板卡系统） ====》：输出AXIS{第1轴},点动量{-0.1MM},运动速度{2MM/s}
2023-04-07 22:32:25,768 [AppLog] INFO : 成形面高度下降层厚 TrapSpace{0.1mm}：TrapMoveUp(1, true, Convert.ToString(vel), Convert.ToString(TrapSpace), true, true）
2023-04-07 22:32:26,548 [AppLog] INFO : 手动正向点动指令（8轴运控板卡系统） ====》：输出AXIS{第1轴},点动量{-1.5MM},运动速度{2MM/s}
2023-04-07 22:32:26,548 [AppLog] INFO : 成形面高度下降指定厚度 TrapSpace{1.5mm}：TrapMoveUp(1, true, Convert.ToString(vel), Convert.ToString(TrapSpace), true, true）
2023-04-07 22:32:27,313 [AppLog] INFO : 手动正向点动指令（8轴运控板卡系统） ====》：输出AXIS{第1轴},点动量{1.5MM},运动速度{2MM/s}
2023-04-07 22:32:27,313 [AppLog] INFO : 成形面高度上升层厚 TrapSpace{1.5mm}：TrapMoveUp(1, true, Convert.ToString(vel), Convert.ToString(TrapSpace), true, true）
2023-04-07 22:32:27,531 [AppLog] INFO : 手动正向点动指令（8轴运控板卡系统） ====》：输出AXIS{第8轴},点动量{0.5MM},运动速度{2.5MM/s}
2023-04-07 22:32:27,531 [AppLog] INFO : Hopper落粉轴转2圈落粉，速度0.5rev/s：TrapMoveUp(8, true, 0.5, rotateNuM.ToString(), true, false)
2023-04-07 22:32:28,826 [AppLog] INFO : 手动正向点动指令（8轴运控板卡系统） ====》：输出AXIS{第2轴},点动量{258MM},运动速度{200MM/s}
2023-04-07 22:32:28,826 [AppLog] INFO : 开启铺粉车不等停运动至准备打印位置255mm，速度200mm/s：BackToStation2
2023-04-07 22:32:28,826 [AppLog] INFO : 手动正向点动指令（8轴运控板卡系统） ====》：输出AXIS{第2轴},点动量{440MM},运动速度{50MM/s}
2023-04-07 22:32:28,826 [AppLog] INFO : 开启铺粉车不等停运动至准备打印位置695mm，速度50mm/s：BackToStation2
2023-04-07 22:32:28,935 [AppLog] INFO : 打开IR灯：OpenIRLamp(true)
2023-04-07 22:32:28,935 [AppLog] INFO : 手动正向点动指令（8轴运控板卡系统） ====》：输出AXIS{第3轴},点动量{0.5MM},运动速度{0.0753424657534247MM/s}
2023-04-07 22:32:28,935 [AppLog] INFO : 开启均匀落粉及辊子铺平运动：TrapMoveUp(3, true, Convert.ToString(DispenseRollerSpeed), 0.5, true, true)
2023-04-07 22:32:34,052 [AppLog] INFO : 关闭IR灯：OpenIRLamp(false)
2023-04-07 22:32:36,392 [AppLog] INFO : 手动正向点动指令（8轴运控板卡系统） ====》：输出AXIS{第3轴},点动量{0.5MM},运动速度{2MM/s}
2023-04-07 22:32:36,392 [AppLog] INFO : 落粉轴继续转动以倒掉余粉：TrapMoveUp(3, true, 2, 0.5, true, false)
2023-04-07 22:32:38,404 [AppLog] INFO : 手动正向点动指令（8轴运控板卡系统） ====》：输出AXIS{第1轴},点动量{-1.5MM},运动速度{2MM/s}
2023-04-07 22:32:38,404 [AppLog] INFO : 成形面高度下降指定厚度 TrapSpace{1.5mm}：TrapMoveUp(1, true, Convert.ToString(vel), Convert.ToString(TrapSpace), true, true）
2023-04-07 22:32:41,899 [AppLog] INFO : 手动正向点动指令（8轴运控板卡系统） ====》：输出AXIS{第2轴},点动量{-698MM},运动速度{200MM/s}
2023-04-07 22:32:41,899 [AppLog] INFO : 铺粉车返回至站1：BackToStation2(AimPos, MovSpeed, true)：-3mm，速度200mm/s：BackToStation2
2023-04-07 22:32:42,507 [AppLog] INFO : 落粉轴回零成功：motionMap.SetBackSpreaderAxis(3, 0.5, 2, -SinkPosition)：ReturnCode{True}
2023-04-07 22:32:43,271 [AppLog] INFO : 手动正向点动指令（8轴运控板卡系统） ====》：输出AXIS{第1轴},点动量{1.5MM},运动速度{2MM/s}
2023-04-07 22:32:43,271 [AppLog] INFO : 成形面高度上升层厚 TrapSpace{1.5mm}：TrapMoveUp(1, true, Convert.ToString(vel), Convert.ToString(TrapSpace), true, true）
2023-04-07 22:32:43,271 [AppLog] INFO : 自动铺粉正常结束：NewAutoSupplyPowderThread2
2023-04-07 22:32:43,271 [AppLog] INFO : 发送监控指令，拍照记录1条：SendMessageFromSharedMemory
2023-04-07 22:32:43,271 [AppLog] INFO : 执行完成铺粉固化操作：EquipmentMotionLogic3：m_bApplyPowderSupplyMotion:0
2023-04-07 22:32:43,271 [AppLog] INFO : 接收到恢复打印指令：PrintTaskTHREAD
2023-04-07 22:32:43,271 [AppLog] INFO : 获取打印Pass数据：IDP_GetPassItem2：nLayerIndex{7}nPassID{0}nProcState{3}LPPassDataItemb:PrtDir{False}nDataTxCompleteCnt{1}nHwMemAdrMatchMask{1}nLayerIndex{7}nLayerPassCount{6}nLayerPassIndex{0}nMinJet0ImgLinePos{0}nPrtMemHwAddr{System.UInt32[]}nPrtDataOffset{System.UInt32[]}nSrcDataSize{System.UInt32[]}nPrtColBytes{System.UInt32[]}nPrtPrecession{8}nSrcEndCols{8000}nSrcStartCols{0}nStartEncPos{76472}nValidPassJets{1280}nValidPrtCols{8310}nValidPrtCtlCnts{1}pDataBuf{0}pNextItem{674106368}
2023-04-07 22:32:43,287 [AppLog] INFO : 使能Pass打印成功：IDP_DoPassPrint2：nLayerIndex{7}nPassID{0}
2023-04-07 22:32:43,287 [AppLog] INFO : PASS打印前关键状态：DEV_GetDeviceInfo2：nLayerIndex{7}nPassID{0}LPPRINTER_INFO:nXSysEncDPI{0}nStatus{0}nPrintStatus{0}bSuperDevice{0}
LPPRINTER_INFO-LPPrtRunInfo:bJobPrtRuning{False}bLayerPrtIsOver{False}nContReqMemErr{0}nContWDErr{0}nCurPrtDir{0}nDTLayerIndex{0}nDTLayerPassIndex{0}nDTPtrCtlIndex{0}nLayerPassCount{0}nPrintLayerIndex{0}nPrintPassIndex{0}nProcLayerIndex{0}nPrtDataMemAddr{0}nPrtState{0}nReverse{System.Int32[]}nRevPrtCols{0}
LPPRINTER_INFO-LPDRVINFO:nFMVersion{0}nFpgaVersion{0}nPCBVersion{0}nState{0}nNextState{0}nPtvwarnState{0}nCrc32{0}nRevInfo{System.UInt32[]}nSignature{0}
2023-04-07 22:32:43,287 [AppLog] INFO : 进入：EquipmentMotionLogic3=》准备创建对象-手动操作！
2023-04-07 22:32:43,287 [AppLog] INFO : 进入：EquipmentMotionLogic3=》不需重新创建-手动操作！
2023-04-07 22:32:43,287 [AppLog] INFO : 进入：EquipmentMotionLogic3=》赋值完成自-AutoPrintMotion2！
2023-04-07 22:32:43,287 [AppLog] INFO : 进入：EquipmentMotionLogic3=》加载配置文件-LoadJsonFile成功！
2023-04-07 22:32:43,287 [AppLog] INFO : 进入自动清洗过程：AutoCleanThread
2023-04-07 22:32:44,254 [AppLog] INFO : 刮墨轴回零成功：motionMap.SetBackSpreaderAxis(4, 1, 2, -SinkPosition)
2023-04-07 22:32:44,254 [AppLog] INFO : 准备读取编码器位置：Y方向！
2023-04-07 22:32:44,254 [AppLog] INFO : 准备运动，编码器当前位置：DEM_GetAxisEncodeVal：MoveDirectionFlag{false为Y方向：True}CurrentPos{121.345}AimPos{121}
2023-04-07 22:32:44,285 [AppLog] INFO : Y方向运动开始：DEM_Run：返回值{True}nAxis{1}DirFlag{False}nSpeed{300000}MoveStep{-344.999999999999}nCtlValue{0}
2023-04-07 22:32:44,301 [AppLog] INFO : Y方向到位停止：DEM_StopAxisRun：返回值{True}CurrentPos{121.345}bImmeStop{False}nAxisMask{2}
2023-04-07 22:32:44,301 [AppLog] INFO : 准备读取编码器位置：X方向！
2023-04-07 22:32:44,301 [AppLog] INFO : 准备运动，当前位置：DEV_GetPrintEncoderValue：MoveDirectionFlag{false为Y方向：False}CurrentPos{785.065}AimPos{780}
2023-04-07 22:32:44,332 [AppLog] INFO : X方向运动开始：DEM_Run：返回值{True}nAxis{0}DirFlag{False}nSpeed{300000}MoveStep{-5065.00000000005}nCtlValue{2}
2023-04-07 22:32:44,519 [AppLog] INFO : X方向到位停止：DEM_StopAxisRun：返回值{True}CurrentPos{783.24}bImmeStop{False}nAxisMask{1}
2023-04-07 22:32:45,346 [AppLog] INFO : 开启压墨： motionMap.SetDo(13, true)
2023-04-07 22:32:49,355 [AppLog] INFO : 关闭压墨： motionMap.SetDo(13, true)
2023-04-07 22:32:49,355 [AppLog] INFO : 准备读取编码器位置：X方向！
2023-04-07 22:32:49,355 [AppLog] INFO : 准备运动，当前位置：DEV_GetPrintEncoderValue：MoveDirectionFlag{false为Y方向：False}CurrentPos{780.335}AimPos{680}
2023-04-07 22:32:49,387 [AppLog] INFO : X方向运动开始：DEM_Run：返回值{True}nAxis{0}DirFlag{False}nSpeed{50000}MoveStep{-100335}nCtlValue{2}
2023-04-07 22:32:51,446 [AppLog] INFO : X方向到位停止：DEM_StopAxisRun：返回值{True}CurrentPos{683.75}bImmeStop{False}nAxisMask{1}
2023-04-07 22:32:52,273 [AppLog] INFO : 结束自动清洗过程：AutoCleanThread
2023-04-07 22:32:52,273 [AppLog] INFO : 进入：EquipmentMotionLogic3=》准备创建对象-手动操作！
2023-04-07 22:32:52,273 [AppLog] INFO : 进入：EquipmentMotionLogic3=》不需重新创建-手动操作！
2023-04-07 22:32:52,273 [AppLog] INFO : 进入：EquipmentMotionLogic3=》赋值完成自-AutoPrintMotion2！
2023-04-07 22:32:52,273 [AppLog] INFO : 进入：EquipmentMotionLogic3=》加载配置文件-LoadJsonFile成功！
2023-04-07 22:32:52,273 [AppLog] INFO : 进入：AutoPrintThread2！
2023-04-07 22:32:52,273 [AppLog] INFO : 关闭闪喷操作：IDP_FlashPrtCtl：返回值{True}
2023-04-07 22:32:52,273 [AppLog] INFO : 准备读取编码器位置：Y方向！
2023-04-07 22:32:52,273 [AppLog] INFO : 准备运动，编码器当前位置：DEM_GetAxisEncodeVal：MoveDirectionFlag{false为Y方向：True}CurrentPos{121.005}AimPos{15}
2023-04-07 22:32:52,304 [AppLog] INFO : Y方向运动开始：DEM_Run：返回值{True}nAxis{1}DirFlag{False}nSpeed{300000}MoveStep{-106005}nCtlValue{0}
2023-04-07 22:32:52,304 [AppLog] INFO : 准备读取编码器位置：X方向！
2023-04-07 22:32:52,304 [AppLog] INFO : 准备运动，当前位置：DEV_GetPrintEncoderValue：MoveDirectionFlag{false为Y方向：False}CurrentPos{680.31}AimPos{425}
2023-04-07 22:32:52,351 [AppLog] INFO : X方向运动开始：DEM_Run：返回值{True}nAxis{0}DirFlag{False}nSpeed{300000}MoveStep{-255310}nCtlValue{2}
2023-04-07 22:32:53,755 [AppLog] INFO : X方向到位停止：DEM_StopAxisRun：返回值{True}CurrentPos{429.77}bImmeStop{False}nAxisMask{1}
2023-04-07 22:32:53,755 [AppLog] INFO : 准备读取编码器位置：X方向！
2023-04-07 22:32:53,755 [AppLog] INFO : 准备运动，当前位置：DEV_GetPrintEncoderValue：MoveDirectionFlag{false为Y方向：False}CurrentPos{429.575}AimPos{25}
2023-04-07 22:32:53,786 [AppLog] INFO : X方向运动开始：DEM_Run：返回值{True}nAxis{0}DirFlag{False}nSpeed{300000}MoveStep{-404575}nCtlValue{2}
2023-04-07 22:32:55,689 [AppLog] INFO : X方向到位停止：DEM_StopAxisRun：返回值{True}CurrentPos{24.865}bImmeStop{False}nAxisMask{1}
2023-04-07 22:32:55,689 [AppLog] INFO : 准备读取编码器位置：Y方向！
2023-04-07 22:32:55,689 [AppLog] INFO : 准备运动，编码器当前位置：DEM_GetAxisEncodeVal：MoveDirectionFlag{false为Y方向：True}CurrentPos{15.145}AimPos{69}
2023-04-07 22:32:55,720 [AppLog] INFO : Y方向运动开始：DEM_Run：返回值{True}nAxis{1}DirFlag{True}nSpeed{300000}MoveStep{53855}nCtlValue{0}
2023-04-07 22:32:55,907 [AppLog] INFO : Y方向到位停止：DEM_StopAxisRun：返回值{True}CurrentPos{26.215}bImmeStop{False}nAxisMask{2}
2023-04-07 22:32:55,907 [AppLog] INFO : 获取打印Pass数据：IDP_GetPassItem2：nLayerIndex{7}nPassID{1}nProcState{3}LPPassDataItemb:PrtDir{True}nDataTxCompleteCnt{1}nHwMemAdrMatchMask{1}nLayerIndex{7}nLayerPassCount{6}nLayerPassIndex{1}nMinJet0ImgLinePos{1280}nPrtMemHwAddr{System.UInt32[]}nPrtDataOffset{System.UInt32[]}nSrcDataSize{System.UInt32[]}nPrtColBytes{System.UInt32[]}nPrtPrecession{8}nSrcEndCols{8000}nSrcStartCols{0}nStartEncPos{10000}nValidPassJets{1280}nValidPrtCols{8310}nValidPrtCtlCnts{1}pDataBuf{0}pNextItem{674106528}
2023-04-07 22:32:55,923 [AppLog] INFO : 使能Pass打印成功：IDP_DoPassPrint2：nLayerIndex{7}nPassID{1}
2023-04-07 22:32:55,923 [AppLog] INFO : PASS打印前关键状态：DEV_GetDeviceInfo2：nLayerIndex{7}nPassID{1}LPPRINTER_INFO:nXSysEncDPI{0}nStatus{0}nPrintStatus{0}bSuperDevice{0}
LPPRINTER_INFO-LPPrtRunInfo:bJobPrtRuning{False}bLayerPrtIsOver{False}nContReqMemErr{0}nContWDErr{0}nCurPrtDir{0}nDTLayerIndex{0}nDTLayerPassIndex{0}nDTPtrCtlIndex{0}nLayerPassCount{0}nPrintLayerIndex{0}nPrintPassIndex{0}nProcLayerIndex{0}nPrtDataMemAddr{0}nPrtState{0}nReverse{System.Int32[]}nRevPrtCols{0}
LPPRINTER_INFO-LPDRVINFO:nFMVersion{0}nFpgaVersion{0}nPCBVersion{0}nState{0}nNextState{0}nPtvwarnState{0}nCrc32{0}nRevInfo{System.UInt32[]}nSignature{0}
2023-04-07 22:32:55,923 [AppLog] INFO : 进入：EquipmentMotionLogic3=》准备创建对象-手动操作！
2023-04-07 22:32:55,923 [AppLog] INFO : 进入：EquipmentMotionLogic3=》不需重新创建-手动操作！
2023-04-07 22:32:55,923 [AppLog] INFO : 进入：EquipmentMotionLogic3=》赋值完成自-AutoPrintMotion2！
2023-04-07 22:32:55,923 [AppLog] INFO : 进入：EquipmentMotionLogic3=》加载配置文件-LoadJsonFile成功！
2023-04-07 22:32:55,923 [AppLog] INFO : 进入：AutoPrintThread2！
2023-04-07 22:32:55,923 [AppLog] INFO : 准备读取编码器位置：X方向！
2023-04-07 22:32:55,923 [AppLog] INFO : 准备运动，当前位置：DEV_GetPrintEncoderValue：MoveDirectionFlag{false为Y方向：False}CurrentPos{21.43}AimPos{425}
2023-04-07 22:32:55,954 [AppLog] INFO : X方向运动开始：DEM_Run：返回值{True}nAxis{0}DirFlag{True}nSpeed{300000}MoveStep{403570}nCtlValue{2}
2023-04-07 22:32:57,857 [AppLog] INFO : X方向到位停止：DEM_StopAxisRun：返回值{True}CurrentPos{420.1}bImmeStop{False}nAxisMask{1}
2023-04-07 22:32:57,857 [AppLog] INFO : 准备读取编码器位置：Y方向！
2023-04-07 22:32:57,857 [AppLog] INFO : 准备运动，编码器当前位置：DEM_GetAxisEncodeVal：MoveDirectionFlag{false为Y方向：True}CurrentPos{68.955}AimPos{123}
2023-04-07 22:32:57,889 [AppLog] INFO : Y方向运动开始：DEM_Run：返回值{True}nAxis{1}DirFlag{True}nSpeed{300000}MoveStep{54045}nCtlValue{0}
2023-04-07 22:32:58,076 [AppLog] INFO : Y方向到位停止：DEM_StopAxisRun：返回值{True}CurrentPos{79.165}bImmeStop{False}nAxisMask{2}
2023-04-07 22:32:58,076 [AppLog] INFO : 获取打印Pass数据：IDP_GetPassItem2：nLayerIndex{7}nPassID{2}nProcState{3}LPPassDataItemb:PrtDir{False}nDataTxCompleteCnt{1}nHwMemAdrMatchMask{1}nLayerIndex{7}nLayerPassCount{6}nLayerPassIndex{2}nMinJet0ImgLinePos{2560}nPrtMemHwAddr{System.UInt32[]}nPrtDataOffset{System.UInt32[]}nSrcDataSize{System.UInt32[]}nPrtColBytes{System.UInt32[]}nPrtPrecession{8}nSrcEndCols{8000}nSrcStartCols{0}nStartEncPos{76472}nValidPassJets{1280}nValidPrtCols{8310}nValidPrtCtlCnts{1}pDataBuf{0}pNextItem{674106688}
2023-04-07 22:32:58,091 [AppLog] INFO : 使能Pass打印成功：IDP_DoPassPrint2：nLayerIndex{7}nPassID{2}
2023-04-07 22:32:58,091 [AppLog] INFO : PASS打印前关键状态：DEV_GetDeviceInfo2：nLayerIndex{7}nPassID{2}LPPRINTER_INFO:nXSysEncDPI{0}nStatus{0}nPrintStatus{0}bSuperDevice{0}
LPPRINTER_INFO-LPPrtRunInfo:bJobPrtRuning{False}bLayerPrtIsOver{False}nContReqMemErr{0}nContWDErr{0}nCurPrtDir{0}nDTLayerIndex{0}nDTLayerPassIndex{0}nDTPtrCtlIndex{0}nLayerPassCount{0}nPrintLayerIndex{0}nPrintPassIndex{0}nProcLayerIndex{0}nPrtDataMemAddr{0}nPrtState{0}nReverse{System.Int32[]}nRevPrtCols{0}
LPPRINTER_INFO-LPDRVINFO:nFMVersion{0}nFpgaVersion{0}nPCBVersion{0}nState{0}nNextState{0}nPtvwarnState{0}nCrc32{0}nRevInfo{System.UInt32[]}nSignature{0}
2023-04-07 22:32:58,091 [AppLog] INFO : 进入：EquipmentMotionLogic3=》准备创建对象-手动操作！
2023-04-07 22:32:58,091 [AppLog] INFO : 进入：EquipmentMotionLogic3=》不需重新创建-手动操作！
2023-04-07 22:32:58,091 [AppLog] INFO : 进入：EquipmentMotionLogic3=》赋值完成自-AutoPrintMotion2！
2023-04-07 22:32:58,091 [AppLog] INFO : 进入：EquipmentMotionLogic3=》加载配置文件-LoadJsonFile成功！
2023-04-07 22:32:58,091 [AppLog] INFO : 进入：AutoPrintThread2！
2023-04-07 22:32:58,091 [AppLog] INFO : 准备读取编码器位置：X方向！
2023-04-07 22:32:58,091 [AppLog] INFO : 准备运动，当前位置：DEV_GetPrintEncoderValue：MoveDirectionFlag{false为Y方向：False}CurrentPos{423.355}AimPos{25}
2023-04-07 22:32:58,123 [AppLog] INFO : X方向运动开始：DEM_Run：返回值{True}nAxis{0}DirFlag{False}nSpeed{300000}MoveStep{-398355}nCtlValue{2}
2023-04-07 22:32:59,995 [AppLog] INFO : X方向到位停止：DEM_StopAxisRun：返回值{True}CurrentPos{30.715}bImmeStop{False}nAxisMask{1}
2023-04-07 22:32:59,995 [AppLog] INFO : 准备读取编码器位置：Y方向！
2023-04-07 22:32:59,995 [AppLog] INFO : 准备运动，编码器当前位置：DEM_GetAxisEncodeVal：MoveDirectionFlag{false为Y方向：True}CurrentPos{122.85}AimPos{177}
2023-04-07 22:33:00,026 [AppLog] INFO : Y方向运动开始：DEM_Run：返回值{True}nAxis{1}DirFlag{True}nSpeed{300000}MoveStep{54150}nCtlValue{0}
2023-04-07 22:33:00,229 [AppLog] INFO : Y方向到位停止：DEM_StopAxisRun：返回值{True}CurrentPos{138.685}bImmeStop{False}nAxisMask{2}
2023-04-07 22:33:00,229 [AppLog] INFO : 获取打印Pass数据：IDP_GetPassItem2：nLayerIndex{7}nPassID{3}nProcState{3}LPPassDataItemb:PrtDir{True}nDataTxCompleteCnt{1}nHwMemAdrMatchMask{1}nLayerIndex{7}nLayerPassCount{6}nLayerPassIndex{3}nMinJet0ImgLinePos{3840}nPrtMemHwAddr{System.UInt32[]}nPrtDataOffset{System.UInt32[]}nSrcDataSize{System.UInt32[]}nPrtColBytes{System.UInt32[]}nPrtPrecession{8}nSrcEndCols{8000}nSrcStartCols{0}nStartEncPos{10000}nValidPassJets{1280}nValidPrtCols{8310}nValidPrtCtlCnts{1}pDataBuf{0}pNextItem{674106848}
2023-04-07 22:33:00,244 [AppLog] INFO : 使能Pass打印成功：IDP_DoPassPrint2：nLayerIndex{7}nPassID{3}
2023-04-07 22:33:00,244 [AppLog] INFO : PASS打印前关键状态：DEV_GetDeviceInfo2：nLayerIndex{7}nPassID{3}LPPRINTER_INFO:nXSysEncDPI{0}nStatus{0}nPrintStatus{0}bSuperDevice{0}
LPPRINTER_INFO-LPPrtRunInfo:bJobPrtRuning{False}bLayerPrtIsOver{False}nContReqMemErr{0}nContWDErr{0}nCurPrtDir{0}nDTLayerIndex{0}nDTLayerPassIndex{0}nDTPtrCtlIndex{0}nLayerPassCount{0}nPrintLayerIndex{0}nPrintPassIndex{0}nProcLayerIndex{0}nPrtDataMemAddr{0}nPrtState{0}nReverse{System.Int32[]}nRevPrtCols{0}
LPPRINTER_INFO-LPDRVINFO:nFMVersion{0}nFpgaVersion{0}nPCBVersion{0}nState{0}nNextState{0}nPtvwarnState{0}nCrc32{0}nRevInfo{System.UInt32[]}nSignature{0}
2023-04-07 22:33:00,244 [AppLog] INFO : 进入：EquipmentMotionLogic3=》准备创建对象-手动操作！
2023-04-07 22:33:00,244 [AppLog] INFO : 进入：EquipmentMotionLogic3=》不需重新创建-手动操作！
2023-04-07 22:33:00,244 [AppLog] INFO : 进入：EquipmentMotionLogic3=》赋值完成自-AutoPrintMotion2！
2023-04-07 22:33:00,244 [AppLog] INFO : 进入：EquipmentMotionLogic3=》加载配置文件-LoadJsonFile成功！
2023-04-07 22:33:00,244 [AppLog] INFO : 进入：AutoPrintThread2！
2023-04-07 22:33:00,244 [AppLog] INFO : 准备读取编码器位置：X方向！
2023-04-07 22:33:00,260 [AppLog] INFO : 准备运动，当前位置：DEV_GetPrintEncoderValue：MoveDirectionFlag{false为Y方向：False}CurrentPos{26.6}AimPos{425}
2023-04-07 22:33:00,291 [AppLog] INFO : X方向运动开始：DEM_Run：返回值{True}nAxis{0}DirFlag{True}nSpeed{300000}MoveStep{398400}nCtlValue{2}
2023-04-07 22:33:02,163 [AppLog] INFO : X方向到位停止：DEM_StopAxisRun：返回值{True}CurrentPos{418.7}bImmeStop{False}nAxisMask{1}
2023-04-07 22:33:02,163 [AppLog] INFO : 准备读取编码器位置：Y方向！
2023-04-07 22:33:02,163 [AppLog] INFO : 准备运动，编码器当前位置：DEM_GetAxisEncodeVal：MoveDirectionFlag{false为Y方向：True}CurrentPos{176.86}AimPos{231}
2023-04-07 22:33:02,194 [AppLog] INFO : Y方向运动开始：DEM_Run：返回值{True}nAxis{1}DirFlag{True}nSpeed{300000}MoveStep{54140}nCtlValue{0}
2023-04-07 22:33:02,381 [AppLog] INFO : Y方向到位停止：DEM_StopAxisRun：返回值{True}CurrentPos{187.555}bImmeStop{False}nAxisMask{2}
2023-04-07 22:33:02,381 [AppLog] INFO : 获取打印Pass数据：IDP_GetPassItem2：nLayerIndex{7}nPassID{4}nProcState{3}LPPassDataItemb:PrtDir{False}nDataTxCompleteCnt{1}nHwMemAdrMatchMask{1}nLayerIndex{7}nLayerPassCount{6}nLayerPassIndex{4}nMinJet0ImgLinePos{5120}nPrtMemHwAddr{System.UInt32[]}nPrtDataOffset{System.UInt32[]}nSrcDataSize{System.UInt32[]}nPrtColBytes{System.UInt32[]}nPrtPrecession{8}nSrcEndCols{8000}nSrcStartCols{0}nStartEncPos{76472}nValidPassJets{1280}nValidPrtCols{8310}nValidPrtCtlCnts{1}pDataBuf{0}pNextItem{674107008}
2023-04-07 22:33:02,397 [AppLog] INFO : 使能Pass打印成功：IDP_DoPassPrint2：nLayerIndex{7}nPassID{4}
2023-04-07 22:33:02,413 [AppLog] INFO : PASS打印前关键状态：DEV_GetDeviceInfo2：nLayerIndex{7}nPassID{4}LPPRINTER_INFO:nXSysEncDPI{0}nStatus{0}nPrintStatus{0}bSuperDevice{0}
LPPRINTER_INFO-LPPrtRunInfo:bJobPrtRuning{False}bLayerPrtIsOver{False}nContReqMemErr{0}nContWDErr{0}nCurPrtDir{0}nDTLayerIndex{0}nDTLayerPassIndex{0}nDTPtrCtlIndex{0}nLayerPassCount{0}nPrintLayerIndex{0}nPrintPassIndex{0}nProcLayerIndex{0}nPrtDataMemAddr{0}nPrtState{0}nReverse{System.Int32[]}nRevPrtCols{0}
LPPRINTER_INFO-LPDRVINFO:nFMVersion{0}nFpgaVersion{0}nPCBVersion{0}nState{0}nNextState{0}nPtvwarnState{0}nCrc32{0}nRevInfo{System.UInt32[]}nSignature{0}
2023-04-07 22:33:02,413 [AppLog] INFO : 进入：EquipmentMotionLogic3=》准备创建对象-手动操作！
2023-04-07 22:33:02,413 [AppLog] INFO : 进入：EquipmentMotionLogic3=》不需重新创建-手动操作！
2023-04-07 22:33:02,413 [AppLog] INFO : 进入：EquipmentMotionLogic3=》赋值完成自-AutoPrintMotion2！
2023-04-07 22:33:02,413 [AppLog] INFO : 进入：EquipmentMotionLogic3=》加载配置文件-LoadJsonFile成功！
2023-04-07 22:33:02,413 [AppLog] INFO : 进入：AutoPrintThread2！
2023-04-07 22:33:02,413 [AppLog] INFO : 准备读取编码器位置：X方向！
2023-04-07 22:33:02,413 [AppLog] INFO : 准备运动，当前位置：DEV_GetPrintEncoderValue：MoveDirectionFlag{false为Y方向：False}CurrentPos{423.42}AimPos{25}
2023-04-07 22:33:02,444 [AppLog] INFO : X方向运动开始：DEM_Run：返回值{True}nAxis{0}DirFlag{False}nSpeed{300000}MoveStep{-398420}nCtlValue{2}
2023-04-07 22:33:04,331 [AppLog] INFO : X方向到位停止：DEM_StopAxisRun：返回值{True}CurrentPos{29.735}bImmeStop{False}nAxisMask{1}
2023-04-07 22:33:04,331 [AppLog] INFO : 准备读取编码器位置：Y方向！
2023-04-07 22:33:04,347 [AppLog] INFO : 准备运动，编码器当前位置：DEM_GetAxisEncodeVal：MoveDirectionFlag{false为Y方向：True}CurrentPos{230.935}AimPos{285}
2023-04-07 22:33:04,378 [AppLog] INFO : Y方向运动开始：DEM_Run：返回值{True}nAxis{1}DirFlag{True}nSpeed{300000}MoveStep{54065}nCtlValue{0}
2023-04-07 22:33:04,565 [AppLog] INFO : Y方向到位停止：DEM_StopAxisRun：返回值{True}CurrentPos{241.355}bImmeStop{False}nAxisMask{2}
2023-04-07 22:33:04,565 [AppLog] INFO : 获取打印Pass数据：IDP_GetPassItem2：nLayerIndex{7}nPassID{5}nProcState{3}LPPassDataItemb:PrtDir{True}nDataTxCompleteCnt{1}nHwMemAdrMatchMask{1}nLayerIndex{7}nLayerPassCount{6}nLayerPassIndex{5}nMinJet0ImgLinePos{6400}nPrtMemHwAddr{System.UInt32[]}nPrtDataOffset{System.UInt32[]}nSrcDataSize{System.UInt32[]}nPrtColBytes{System.UInt32[]}nPrtPrecession{8}nSrcEndCols{8000}nSrcStartCols{0}nStartEncPos{10000}nValidPassJets{1280}nValidPrtCols{8310}nValidPrtCtlCnts{1}pDataBuf{0}pNextItem{0}
2023-04-07 22:33:04,581 [AppLog] INFO : 使能Pass打印成功：IDP_DoPassPrint2：nLayerIndex{7}nPassID{5}
2023-04-07 22:33:04,581 [AppLog] INFO : PASS打印前关键状态：DEV_GetDeviceInfo2：nLayerIndex{7}nPassID{5}LPPRINTER_INFO:nXSysEncDPI{0}nStatus{0}nPrintStatus{0}bSuperDevice{0}
LPPRINTER_INFO-LPPrtRunInfo:bJobPrtRuning{False}bLayerPrtIsOver{False}nContReqMemErr{0}nContWDErr{0}nCurPrtDir{0}nDTLayerIndex{0}nDTLayerPassIndex{0}nDTPtrCtlIndex{0}nLayerPassCount{0}nPrintLayerIndex{0}nPrintPassIndex{0}nProcLayerIndex{0}nPrtDataMemAddr{0}nPrtState{0}nReverse{System.Int32[]}nRevPrtCols{0}
LPPRINTER_INFO-LPDRVINFO:nFMVersion{0}nFpgaVersion{0}nPCBVersion{0}nState{0}nNextState{0}nPtvwarnState{0}nCrc32{0}nRevInfo{System.UInt32[]}nSignature{0}
2023-04-07 22:33:04,581 [AppLog] INFO : 进入：EquipmentMotionLogic3=》准备创建对象-手动操作！
2023-04-07 22:33:04,581 [AppLog] INFO : 进入：EquipmentMotionLogic3=》不需重新创建-手动操作！
2023-04-07 22:33:04,581 [AppLog] INFO : 进入：EquipmentMotionLogic3=》赋值完成自-AutoPrintMotion2！
2023-04-07 22:33:04,581 [AppLog] INFO : 进入：EquipmentMotionLogic3=》加载配置文件-LoadJsonFile成功！
2023-04-07 22:33:04,581 [AppLog] INFO : 进入：AutoPrintThread2！
2023-04-07 22:33:04,581 [AppLog] INFO : 准备读取编码器位置：X方向！
2023-04-07 22:33:04,581 [AppLog] INFO : 准备运动，当前位置：DEV_GetPrintEncoderValue：MoveDirectionFlag{false为Y方向：False}CurrentPos{26.585}AimPos{425}
2023-04-07 22:33:04,612 [AppLog] INFO : X方向运动开始：DEM_Run：返回值{True}nAxis{0}DirFlag{True}nSpeed{300000}MoveStep{398415}nCtlValue{2}
2023-04-07 22:33:06,484 [AppLog] INFO : X方向到位停止：DEM_StopAxisRun：返回值{True}CurrentPos{418.165}bImmeStop{False}nAxisMask{1}
2023-04-07 22:33:06,484 [AppLog] INFO : 准备读取编码器位置：X方向！
2023-04-07 22:33:06,484 [AppLog] INFO : 准备运动，当前位置：DEV_GetPrintEncoderValue：MoveDirectionFlag{false为Y方向：False}CurrentPos{418.305}AimPos{780}
2023-04-07 22:33:06,515 [AppLog] INFO : X方向运动开始：DEM_Run：返回值{True}nAxis{0}DirFlag{True}nSpeed{300000}MoveStep{361695}nCtlValue{2}
2023-04-07 22:33:06,515 [AppLog] INFO : 准备读取编码器位置：Y方向！
2023-04-07 22:33:06,531 [AppLog] INFO : 准备运动，编码器当前位置：DEM_GetAxisEncodeVal：MoveDirectionFlag{false为Y方向：True}CurrentPos{284.915}AimPos{121}
2023-04-07 22:33:06,578 [AppLog] INFO : Y方向运动开始：DEM_Run：返回值{True}nAxis{1}DirFlag{False}nSpeed{300000}MoveStep{-163915}nCtlValue{0}
2023-04-07 22:33:08,263 [AppLog] INFO : Y方向到位等停：DEM_StopAxisRun：返回值{True}bImmeStop{False}nAxisMask{1}
2023-04-07 22:33:08,263 [AppLog] INFO : X方向到位等停：DEM_StopAxisRun：返回值{True}bImmeStop{False}nAxisMask{2}
2023-04-07 22:33:08,278 [AppLog] INFO : 开启闪喷操作：IDP_FlashPrtCtl：返回值{True}
2023-04-07 22:33:08,278 [AppLog] INFO : 进入：EquipmentMotionLogic3=》准备创建对象-手动操作！
2023-04-07 22:33:08,278 [AppLog] INFO : 进入：EquipmentMotionLogic3=》不需重新创建-手动操作！
2023-04-07 22:33:08,278 [AppLog] INFO : 进入：EquipmentMotionLogic3=》赋值完成自-AutoPrintMotion2！
2023-04-07 22:33:08,278 [AppLog] INFO : 进入：EquipmentMotionLogic3=》加载配置文件-LoadJsonFile成功！
2023-04-07 22:33:08,278 [AppLog] INFO : 进入自动铺粉逻辑：NewAutoSupplyPowderThread2
2023-04-07 22:33:08,356 [AppLog] INFO : 手动正向点动指令（8轴运控板卡系统） ====》：输出AXIS{第1轴},点动量{-0.1MM},运动速度{2MM/s}
2023-04-07 22:33:08,356 [AppLog] INFO : 成形面高度下降层厚 TrapSpace{0.1mm}：TrapMoveUp(1, true, Convert.ToString(vel), Convert.ToString(TrapSpace), true, true）
2023-04-07 22:33:09,121 [AppLog] INFO : 手动正向点动指令（8轴运控板卡系统） ====》：输出AXIS{第1轴},点动量{-1.5MM},运动速度{2MM/s}
2023-04-07 22:33:09,121 [AppLog] INFO : 成形面高度下降指定厚度 TrapSpace{1.5mm}：TrapMoveUp(1, true, Convert.ToString(vel), Convert.ToString(TrapSpace), true, true）
2023-04-07 22:33:09,901 [AppLog] INFO : 手动正向点动指令（8轴运控板卡系统） ====》：输出AXIS{第1轴},点动量{1.5MM},运动速度{2MM/s}
2023-04-07 22:33:09,901 [AppLog] INFO : 成形面高度上升层厚 TrapSpace{1.5mm}：TrapMoveUp(1, true, Convert.ToString(vel), Convert.ToString(TrapSpace), true, true）
2023-04-07 22:33:10,103 [AppLog] INFO : 手动正向点动指令（8轴运控板卡系统） ====》：输出AXIS{第8轴},点动量{0.5MM},运动速度{2.5MM/s}
2023-04-07 22:33:10,119 [AppLog] INFO : Hopper落粉轴转2圈落粉，速度0.5rev/s：TrapMoveUp(8, true, 0.5, rotateNuM.ToString(), true, false)
2023-04-07 22:33:11,414 [AppLog] INFO : 手动正向点动指令（8轴运控板卡系统） ====》：输出AXIS{第2轴},点动量{258MM},运动速度{200MM/s}
2023-04-07 22:33:11,414 [AppLog] INFO : 开启铺粉车不等停运动至准备打印位置255mm，速度200mm/s：BackToStation2
2023-04-07 22:33:11,414 [AppLog] INFO : 手动正向点动指令（8轴运控板卡系统） ====》：输出AXIS{第2轴},点动量{440MM},运动速度{50MM/s}
2023-04-07 22:33:11,414 [AppLog] INFO : 开启铺粉车不等停运动至准备打印位置695mm，速度50mm/s：BackToStation2
2023-04-07 22:33:11,523 [AppLog] INFO : 打开IR灯：OpenIRLamp(true)
2023-04-07 22:33:11,523 [AppLog] INFO : 手动正向点动指令（8轴运控板卡系统） ====》：输出AXIS{第3轴},点动量{0.5MM},运动速度{0.0753424657534247MM/s}
2023-04-07 22:33:11,523 [AppLog] INFO : 开启均匀落粉及辊子铺平运动：TrapMoveUp(3, true, Convert.ToString(DispenseRollerSpeed), 0.5, true, true)
2023-04-07 22:33:16,624 [AppLog] INFO : 关闭IR灯：OpenIRLamp(false)
2023-04-07 22:33:18,980 [AppLog] INFO : 手动正向点动指令（8轴运控板卡系统） ====》：输出AXIS{第3轴},点动量{0.5MM},运动速度{2MM/s}
2023-04-07 22:33:18,980 [AppLog] INFO : 落粉轴继续转动以倒掉余粉：TrapMoveUp(3, true, 2, 0.5, true, false)
2023-04-07 22:33:20,992 [AppLog] INFO : 手动正向点动指令（8轴运控板卡系统） ====》：输出AXIS{第1轴},点动量{-1.5MM},运动速度{2MM/s}
2023-04-07 22:33:20,992 [AppLog] INFO : 成形面高度下降指定厚度 TrapSpace{1.5mm}：TrapMoveUp(1, true, Convert.ToString(vel), Convert.ToString(TrapSpace), true, true）
2023-04-07 22:33:24,487 [AppLog] INFO : 手动正向点动指令（8轴运控板卡系统） ====》：输出AXIS{第2轴},点动量{-698MM},运动速度{200MM/s}
2023-04-07 22:33:24,487 [AppLog] INFO : 铺粉车返回至站1：BackToStation2(AimPos, MovSpeed, true)：-3mm，速度200mm/s：BackToStation2
2023-04-07 22:33:24,877 [AppLog] INFO : 落粉轴回零成功：motionMap.SetBackSpreaderAxis(3, 0.5, 2, -SinkPosition)：ReturnCode{True}
2023-04-07 22:33:25,641 [AppLog] INFO : 手动正向点动指令（8轴运控板卡系统） ====》：输出AXIS{第1轴},点动量{1.5MM},运动速度{2MM/s}
2023-04-07 22:33:25,641 [AppLog] INFO : 成形面高度上升层厚 TrapSpace{1.5mm}：TrapMoveUp(1, true, Convert.ToString(vel), Convert.ToString(TrapSpace), true, true）
2023-04-07 22:33:25,641 [AppLog] INFO : 自动铺粉正常结束：NewAutoSupplyPowderThread2
2023-04-07 22:33:25,641 [AppLog] INFO : 发送监控指令，拍照记录1条：SendMessageFromSharedMemory
2023-04-07 22:33:25,641 [AppLog] INFO : 执行完成铺粉固化操作：EquipmentMotionLogic3：m_bApplyPowderSupplyMotion:0
2023-04-07 22:33:25,641 [AppLog] INFO : 接收到恢复打印指令：PrintTaskTHREAD
2023-04-07 22:33:25,641 [AppLog] INFO : 获取打印Pass数据：IDP_GetPassItem2：nLayerIndex{8}nPassID{0}nProcState{3}LPPassDataItemb:PrtDir{False}nDataTxCompleteCnt{1}nHwMemAdrMatchMask{1}nLayerIndex{8}nLayerPassCount{6}nLayerPassIndex{0}nMinJet0ImgLinePos{0}nPrtMemHwAddr{System.UInt32[]}nPrtDataOffset{System.UInt32[]}nSrcDataSize{System.UInt32[]}nPrtColBytes{System.UInt32[]}nPrtPrecession{8}nSrcEndCols{8000}nSrcStartCols{0}nStartEncPos{76472}nValidPassJets{1280}nValidPrtCols{8310}nValidPrtCtlCnts{1}pDataBuf{0}pNextItem{674107328}
2023-04-07 22:33:25,657 [AppLog] INFO : 使能Pass打印成功：IDP_DoPassPrint2：nLayerIndex{8}nPassID{0}
2023-04-07 22:33:25,657 [AppLog] INFO : PASS打印前关键状态：DEV_GetDeviceInfo2：nLayerIndex{8}nPassID{0}LPPRINTER_INFO:nXSysEncDPI{0}nStatus{0}nPrintStatus{0}bSuperDevice{0}
LPPRINTER_INFO-LPPrtRunInfo:bJobPrtRuning{False}bLayerPrtIsOver{False}nContReqMemErr{0}nContWDErr{0}nCurPrtDir{0}nDTLayerIndex{0}nDTLayerPassIndex{0}nDTPtrCtlIndex{0}nLayerPassCount{0}nPrintLayerIndex{0}nPrintPassIndex{0}nProcLayerIndex{0}nPrtDataMemAddr{0}nPrtState{0}nReverse{System.Int32[]}nRevPrtCols{0}
LPPRINTER_INFO-LPDRVINFO:nFMVersion{0}nFpgaVersion{0}nPCBVersion{0}nState{0}nNextState{0}nPtvwarnState{0}nCrc32{0}nRevInfo{System.UInt32[]}nSignature{0}
2023-04-07 22:33:25,657 [AppLog] INFO : 进入：EquipmentMotionLogic3=》准备创建对象-手动操作！
2023-04-07 22:33:25,657 [AppLog] INFO : 进入：EquipmentMotionLogic3=》不需重新创建-手动操作！
2023-04-07 22:33:25,657 [AppLog] INFO : 进入：EquipmentMotionLogic3=》赋值完成自-AutoPrintMotion2！
2023-04-07 22:33:25,657 [AppLog] INFO : 进入：EquipmentMotionLogic3=》加载配置文件-LoadJsonFile成功！
2023-04-07 22:33:25,657 [AppLog] INFO : 进入自动清洗过程：AutoCleanThread
2023-04-07 22:33:26,624 [AppLog] INFO : 刮墨轴回零成功：motionMap.SetBackSpreaderAxis(4, 1, 2, -SinkPosition)
2023-04-07 22:33:26,624 [AppLog] INFO : 准备读取编码器位置：Y方向！
2023-04-07 22:33:26,624 [AppLog] INFO : 准备运动，编码器当前位置：DEM_GetAxisEncodeVal：MoveDirectionFlag{false为Y方向：True}CurrentPos{121.335}AimPos{121}
2023-04-07 22:33:26,655 [AppLog] INFO : Y方向运动开始：DEM_Run：返回值{True}nAxis{1}DirFlag{False}nSpeed{300000}MoveStep{-335.000000000008}nCtlValue{0}
2023-04-07 22:33:26,655 [AppLog] INFO : Y方向到位停止：DEM_StopAxisRun：返回值{True}CurrentPos{121.335}bImmeStop{False}nAxisMask{2}
2023-04-07 22:33:26,655 [AppLog] INFO : 准备读取编码器位置：X方向！
2023-04-07 22:33:26,655 [AppLog] INFO : 准备运动，当前位置：DEV_GetPrintEncoderValue：MoveDirectionFlag{false为Y方向：False}CurrentPos{785.09}AimPos{780}
2023-04-07 22:33:26,686 [AppLog] INFO : X方向运动开始：DEM_Run：返回值{True}nAxis{0}DirFlag{False}nSpeed{300000}MoveStep{-5090.00000000003}nCtlValue{2}
2023-04-07 22:33:26,920 [AppLog] INFO : X方向到位停止：DEM_StopAxisRun：返回值{True}CurrentPos{781.71}bImmeStop{False}nAxisMask{1}
2023-04-07 22:33:27,747 [AppLog] INFO : 开启压墨： motionMap.SetDo(13, true)
2023-04-07 22:33:31,756 [AppLog] INFO : 关闭压墨： motionMap.SetDo(13, true)
2023-04-07 22:33:31,756 [AppLog] INFO : 准备读取编码器位置：X方向！
2023-04-07 22:33:31,756 [AppLog] INFO : 准备运动，当前位置：DEV_GetPrintEncoderValue：MoveDirectionFlag{false为Y方向：False}CurrentPos{780.335}AimPos{680}
2023-04-07 22:33:31,788 [AppLog] INFO : X方向运动开始：DEM_Run：返回值{True}nAxis{0}DirFlag{False}nSpeed{50000}MoveStep{-100335}nCtlValue{2}
2023-04-07 22:33:33,847 [AppLog] INFO : X方向到位停止：DEM_StopAxisRun：返回值{True}CurrentPos{683.665}bImmeStop{False}nAxisMask{1}
2023-04-07 22:33:34,674 [AppLog] INFO : 结束自动清洗过程：AutoCleanThread
2023-04-07 22:33:34,674 [AppLog] INFO : 进入：EquipmentMotionLogic3=》准备创建对象-手动操作！
2023-04-07 22:33:34,674 [AppLog] INFO : 进入：EquipmentMotionLogic3=》不需重新创建-手动操作！
2023-04-07 22:33:34,674 [AppLog] INFO : 进入：EquipmentMotionLogic3=》赋值完成自-AutoPrintMotion2！
2023-04-07 22:33:34,674 [AppLog] INFO : 进入：EquipmentMotionLogic3=》加载配置文件-LoadJsonFile成功！
2023-04-07 22:33:34,674 [AppLog] INFO : 进入：AutoPrintThread2！
2023-04-07 22:33:34,674 [AppLog] INFO : 关闭闪喷操作：IDP_FlashPrtCtl：返回值{True}
2023-04-07 22:33:34,674 [AppLog] INFO : 准备读取编码器位置：Y方向！
2023-04-07 22:33:34,674 [AppLog] INFO : 准备运动，编码器当前位置：DEM_GetAxisEncodeVal：MoveDirectionFlag{false为Y方向：True}CurrentPos{120.995}AimPos{15}
2023-04-07 22:33:34,705 [AppLog] INFO : Y方向运动开始：DEM_Run：返回值{True}nAxis{1}DirFlag{False}nSpeed{300000}MoveStep{-105995}nCtlValue{0}
2023-04-07 22:33:34,705 [AppLog] INFO : 准备读取编码器位置：X方向！
2023-04-07 22:33:34,705 [AppLog] INFO : 准备运动，当前位置：DEV_GetPrintEncoderValue：MoveDirectionFlag{false为Y方向：False}CurrentPos{680.295}AimPos{425}
2023-04-07 22:33:34,736 [AppLog] INFO : X方向运动开始：DEM_Run：返回值{True}nAxis{0}DirFlag{False}nSpeed{300000}MoveStep{-255295}nCtlValue{2}
2023-04-07 22:33:36,140 [AppLog] INFO : X方向到位停止：DEM_StopAxisRun：返回值{True}CurrentPos{429.555}bImmeStop{False}nAxisMask{1}
2023-04-07 22:33:36,140 [AppLog] INFO : 准备读取编码器位置：X方向！
2023-04-07 22:33:36,140 [AppLog] INFO : 准备运动，当前位置：DEV_GetPrintEncoderValue：MoveDirectionFlag{false为Y方向：False}CurrentPos{429.375}AimPos{25}
2023-04-07 22:33:36,171 [AppLog] INFO : X方向运动开始：DEM_Run：返回值{True}nAxis{0}DirFlag{False}nSpeed{300000}MoveStep{-404375}nCtlValue{2}
2023-04-07 22:33:38,059 [AppLog] INFO : X方向到位停止：DEM_StopAxisRun：返回值{True}CurrentPos{25.98}bImmeStop{False}nAxisMask{1}
2023-04-07 22:33:38,059 [AppLog] INFO : 准备读取编码器位置：Y方向！
2023-04-07 22:33:38,059 [AppLog] INFO : 准备运动，编码器当前位置：DEM_GetAxisEncodeVal：MoveDirectionFlag{false为Y方向：True}CurrentPos{15.165}AimPos{69}
2023-04-07 22:33:38,090 [AppLog] INFO : Y方向运动开始：DEM_Run：返回值{True}nAxis{1}DirFlag{True}nSpeed{300000}MoveStep{53835}nCtlValue{0}
2023-04-07 22:33:38,277 [AppLog] INFO : Y方向到位停止：DEM_StopAxisRun：返回值{True}CurrentPos{26.185}bImmeStop{False}nAxisMask{2}
2023-04-07 22:33:38,277 [AppLog] INFO : 获取打印Pass数据：IDP_GetPassItem2：nLayerIndex{8}nPassID{1}nProcState{3}LPPassDataItemb:PrtDir{True}nDataTxCompleteCnt{1}nHwMemAdrMatchMask{1}nLayerIndex{8}nLayerPassCount{6}nLayerPassIndex{1}nMinJet0ImgLinePos{1280}nPrtMemHwAddr{System.UInt32[]}nPrtDataOffset{System.UInt32[]}nSrcDataSize{System.UInt32[]}nPrtColBytes{System.UInt32[]}nPrtPrecession{8}nSrcEndCols{8000}nSrcStartCols{0}nStartEncPos{10000}nValidPassJets{1280}nValidPrtCols{8310}nValidPrtCtlCnts{1}pDataBuf{0}pNextItem{674085360}
2023-04-07 22:33:38,277 [AppLog] INFO : 使能Pass打印成功：IDP_DoPassPrint2：nLayerIndex{8}nPassID{1}
2023-04-07 22:33:38,293 [AppLog] INFO : PASS打印前关键状态：DEV_GetDeviceInfo2：nLayerIndex{8}nPassID{1}LPPRINTER_INFO:nXSysEncDPI{0}nStatus{0}nPrintStatus{0}bSuperDevice{0}
LPPRINTER_INFO-LPPrtRunInfo:bJobPrtRuning{False}bLayerPrtIsOver{False}nContReqMemErr{0}nContWDErr{0}nCurPrtDir{0}nDTLayerIndex{0}nDTLayerPassIndex{0}nDTPtrCtlIndex{0}nLayerPassCount{0}nPrintLayerIndex{0}nPrintPassIndex{0}nProcLayerIndex{0}nPrtDataMemAddr{0}nPrtState{0}nReverse{System.Int32[]}nRevPrtCols{0}
LPPRINTER_INFO-LPDRVINFO:nFMVersion{0}nFpgaVersion{0}nPCBVersion{0}nState{0}nNextState{0}nPtvwarnState{0}nCrc32{0}nRevInfo{System.UInt32[]}nSignature{0}
2023-04-07 22:33:38,293 [AppLog] INFO : 进入：EquipmentMotionLogic3=》准备创建对象-手动操作！
2023-04-07 22:33:38,293 [AppLog] INFO : 进入：EquipmentMotionLogic3=》不需重新创建-手动操作！
2023-04-07 22:33:38,293 [AppLog] INFO : 进入：EquipmentMotionLogic3=》赋值完成自-AutoPrintMotion2！
2023-04-07 22:33:38,293 [AppLog] INFO : 进入：EquipmentMotionLogic3=》加载配置文件-LoadJsonFile成功！
2023-04-07 22:33:38,293 [AppLog] INFO : 进入：AutoPrintThread2！
2023-04-07 22:33:38,293 [AppLog] INFO : 准备读取编码器位置：X方向！
2023-04-07 22:33:38,293 [AppLog] INFO : 准备运动，当前位置：DEV_GetPrintEncoderValue：MoveDirectionFlag{false为Y方向：False}CurrentPos{21.66}AimPos{425}
2023-04-07 22:33:38,324 [AppLog] INFO : X方向运动开始：DEM_Run：返回值{True}nAxis{0}DirFlag{True}nSpeed{300000}MoveStep{403340}nCtlValue{2}
2023-04-07 22:33:40,212 [AppLog] INFO : X方向到位停止：DEM_StopAxisRun：返回值{True}CurrentPos{419.565}bImmeStop{False}nAxisMask{1}
2023-04-07 22:33:40,212 [AppLog] INFO : 准备读取编码器位置：Y方向！
2023-04-07 22:33:40,227 [AppLog] INFO : 准备运动，编码器当前位置：DEM_GetAxisEncodeVal：MoveDirectionFlag{false为Y方向：True}CurrentPos{68.94}AimPos{123}
2023-04-07 22:33:40,258 [AppLog] INFO : Y方向运动开始：DEM_Run：返回值{True}nAxis{1}DirFlag{True}nSpeed{300000}MoveStep{54060}nCtlValue{0}
2023-04-07 22:33:40,446 [AppLog] INFO : Y方向到位停止：DEM_StopAxisRun：返回值{True}CurrentPos{79.54}bImmeStop{False}nAxisMask{2}
2023-04-07 22:33:40,446 [AppLog] INFO : 获取打印Pass数据：IDP_GetPassItem2：nLayerIndex{8}nPassID{2}nProcState{3}LPPassDataItemb:PrtDir{False}nDataTxCompleteCnt{1}nHwMemAdrMatchMask{1}nLayerIndex{8}nLayerPassCount{6}nLayerPassIndex{2}nMinJet0ImgLinePos{2560}nPrtMemHwAddr{System.UInt32[]}nPrtDataOffset{System.UInt32[]}nSrcDataSize{System.UInt32[]}nPrtColBytes{System.UInt32[]}nPrtPrecession{8}nSrcEndCols{8000}nSrcStartCols{0}nStartEncPos{76472}nValidPassJets{1280}nValidPrtCols{8310}nValidPrtCtlCnts{1}pDataBuf{0}pNextItem{674085520}
2023-04-07 22:33:40,461 [AppLog] INFO : 使能Pass打印成功：IDP_DoPassPrint2：nLayerIndex{8}nPassID{2}
2023-04-07 22:33:40,461 [AppLog] INFO : PASS打印前关键状态：DEV_GetDeviceInfo2：nLayerIndex{8}nPassID{2}LPPRINTER_INFO:nXSysEncDPI{0}nStatus{0}nPrintStatus{0}bSuperDevice{0}
LPPRINTER_INFO-LPPrtRunInfo:bJobPrtRuning{False}bLayerPrtIsOver{False}nContReqMemErr{0}nContWDErr{0}nCurPrtDir{0}nDTLayerIndex{0}nDTLayerPassIndex{0}nDTPtrCtlIndex{0}nLayerPassCount{0}nPrintLayerIndex{0}nPrintPassIndex{0}nProcLayerIndex{0}nPrtDataMemAddr{0}nPrtState{0}nReverse{System.Int32[]}nRevPrtCols{0}
LPPRINTER_INFO-LPDRVINFO:nFMVersion{0}nFpgaVersion{0}nPCBVersion{0}nState{0}nNextState{0}nPtvwarnState{0}nCrc32{0}nRevInfo{System.UInt32[]}nSignature{0}
2023-04-07 22:33:40,461 [AppLog] INFO : 进入：EquipmentMotionLogic3=》准备创建对象-手动操作！
2023-04-07 22:33:40,461 [AppLog] INFO : 进入：EquipmentMotionLogic3=》不需重新创建-手动操作！
2023-04-07 22:33:40,461 [AppLog] INFO : 进入：EquipmentMotionLogic3=》赋值完成自-AutoPrintMotion2！
2023-04-07 22:33:40,461 [AppLog] INFO : 进入：EquipmentMotionLogic3=》加载配置文件-LoadJsonFile成功！
2023-04-07 22:33:40,461 [AppLog] INFO : 进入：AutoPrintThread2！
2023-04-07 22:33:40,461 [AppLog] INFO : 准备读取编码器位置：X方向！
2023-04-07 22:33:40,461 [AppLog] INFO : 准备运动，当前位置：DEV_GetPrintEncoderValue：MoveDirectionFlag{false为Y方向：False}CurrentPos{423.33}AimPos{25}
2023-04-07 22:33:40,492 [AppLog] INFO : X方向运动开始：DEM_Run：返回值{True}nAxis{0}DirFlag{False}nSpeed{300000}MoveStep{-398330}nCtlValue{2}
2023-04-07 22:33:42,380 [AppLog] INFO : X方向到位停止：DEM_StopAxisRun：返回值{True}CurrentPos{29.875}bImmeStop{False}nAxisMask{1}
2023-04-07 22:33:42,380 [AppLog] INFO : 准备读取编码器位置：Y方向！
2023-04-07 22:33:42,380 [AppLog] INFO : 准备运动，编码器当前位置：DEM_GetAxisEncodeVal：MoveDirectionFlag{false为Y方向：True}CurrentPos{122.84}AimPos{177}
2023-04-07 22:33:42,411 [AppLog] INFO : Y方向运动开始：DEM_Run：返回值{True}nAxis{1}DirFlag{True}nSpeed{300000}MoveStep{54160}nCtlValue{0}
2023-04-07 22:33:42,598 [AppLog] INFO : Y方向到位停止：DEM_StopAxisRun：返回值{True}CurrentPos{133.13}bImmeStop{False}nAxisMask{2}
2023-04-07 22:33:42,598 [AppLog] INFO : 获取打印Pass数据：IDP_GetPassItem2：nLayerIndex{8}nPassID{3}nProcState{3}LPPassDataItemb:PrtDir{True}nDataTxCompleteCnt{1}nHwMemAdrMatchMask{1}nLayerIndex{8}nLayerPassCount{6}nLayerPassIndex{3}nMinJet0ImgLinePos{3840}nPrtMemHwAddr{System.UInt32[]}nPrtDataOffset{System.UInt32[]}nSrcDataSize{System.UInt32[]}nPrtColBytes{System.UInt32[]}nPrtPrecession{8}nSrcEndCols{8000}nSrcStartCols{0}nStartEncPos{10000}nValidPassJets{1280}nValidPrtCols{8310}nValidPrtCtlCnts{1}pDataBuf{0}pNextItem{674085680}
2023-04-07 22:33:42,614 [AppLog] INFO : 使能Pass打印成功：IDP_DoPassPrint2：nLayerIndex{8}nPassID{3}
2023-04-07 22:33:42,630 [AppLog] INFO : PASS打印前关键状态：DEV_GetDeviceInfo2：nLayerIndex{8}nPassID{3}LPPRINTER_INFO:nXSysEncDPI{0}nStatus{0}nPrintStatus{0}bSuperDevice{0}
LPPRINTER_INFO-LPPrtRunInfo:bJobPrtRuning{False}bLayerPrtIsOver{False}nContReqMemErr{0}nContWDErr{0}nCurPrtDir{0}nDTLayerIndex{0}nDTLayerPassIndex{0}nDTPtrCtlIndex{0}nLayerPassCount{0}nPrintLayerIndex{0}nPrintPassIndex{0}nProcLayerIndex{0}nPrtDataMemAddr{0}nPrtState{0}nReverse{System.Int32[]}nRevPrtCols{0}
LPPRINTER_INFO-LPDRVINFO:nFMVersion{0}nFpgaVersion{0}nPCBVersion{0}nState{0}nNextState{0}nPtvwarnState{0}nCrc32{0}nRevInfo{System.UInt32[]}nSignature{0}
2023-04-07 22:33:42,630 [AppLog] INFO : 进入：EquipmentMotionLogic3=》准备创建对象-手动操作！
2023-04-07 22:33:42,630 [AppLog] INFO : 进入：EquipmentMotionLogic3=》不需重新创建-手动操作！
2023-04-07 22:33:42,630 [AppLog] INFO : 进入：EquipmentMotionLogic3=》赋值完成自-AutoPrintMotion2！
2023-04-07 22:33:42,630 [AppLog] INFO : 进入：EquipmentMotionLogic3=》加载配置文件-LoadJsonFile成功！
2023-04-07 22:33:42,630 [AppLog] INFO : 进入：AutoPrintThread2！
2023-04-07 22:33:42,630 [AppLog] INFO : 准备读取编码器位置：X方向！
2023-04-07 22:33:42,630 [AppLog] INFO : 准备运动，当前位置：DEV_GetPrintEncoderValue：MoveDirectionFlag{false为Y方向：False}CurrentPos{26.63}AimPos{425}
2023-04-07 22:33:42,661 [AppLog] INFO : X方向运动开始：DEM_Run：返回值{True}nAxis{0}DirFlag{True}nSpeed{300000}MoveStep{398370}nCtlValue{2}
2023-04-07 22:33:44,533 [AppLog] INFO : X方向到位停止：DEM_StopAxisRun：返回值{True}CurrentPos{418.575}bImmeStop{False}nAxisMask{1}
2023-04-07 22:33:44,533 [AppLog] INFO : 准备读取编码器位置：Y方向！
2023-04-07 22:33:44,533 [AppLog] INFO : 准备运动，编码器当前位置：DEM_GetAxisEncodeVal：MoveDirectionFlag{false为Y方向：True}CurrentPos{176.885}AimPos{231}
2023-04-07 22:33:44,564 [AppLog] INFO : Y方向运动开始：DEM_Run：返回值{True}nAxis{1}DirFlag{True}nSpeed{300000}MoveStep{54115}nCtlValue{0}
2023-04-07 22:33:44,782 [AppLog] INFO : Y方向到位停止：DEM_StopAxisRun：返回值{True}CurrentPos{194.135}bImmeStop{False}nAxisMask{2}
2023-04-07 22:33:44,782 [AppLog] INFO : 获取打印Pass数据：IDP_GetPassItem2：nLayerIndex{8}nPassID{4}nProcState{3}LPPassDataItemb:PrtDir{False}nDataTxCompleteCnt{1}nHwMemAdrMatchMask{1}nLayerIndex{8}nLayerPassCount{6}nLayerPassIndex{4}nMinJet0ImgLinePos{5120}nPrtMemHwAddr{System.UInt32[]}nPrtDataOffset{System.UInt32[]}nSrcDataSize{System.UInt32[]}nPrtColBytes{System.UInt32[]}nPrtPrecession{8}nSrcEndCols{8000}nSrcStartCols{0}nStartEncPos{76472}nValidPassJets{1280}nValidPrtCols{8310}nValidPrtCtlCnts{1}pDataBuf{0}pNextItem{674085840}
2023-04-07 22:33:44,798 [AppLog] INFO : 使能Pass打印成功：IDP_DoPassPrint2：nLayerIndex{8}nPassID{4}
2023-04-07 22:33:44,798 [AppLog] INFO : PASS打印前关键状态：DEV_GetDeviceInfo2：nLayerIndex{8}nPassID{4}LPPRINTER_INFO:nXSysEncDPI{0}nStatus{0}nPrintStatus{0}bSuperDevice{0}
LPPRINTER_INFO-LPPrtRunInfo:bJobPrtRuning{False}bLayerPrtIsOver{False}nContReqMemErr{0}nContWDErr{0}nCurPrtDir{0}nDTLayerIndex{0}nDTLayerPassIndex{0}nDTPtrCtlIndex{0}nLayerPassCount{0}nPrintLayerIndex{0}nPrintPassIndex{0}nProcLayerIndex{0}nPrtDataMemAddr{0}nPrtState{0}nReverse{System.Int32[]}nRevPrtCols{0}
LPPRINTER_INFO-LPDRVINFO:nFMVersion{0}nFpgaVersion{0}nPCBVersion{0}nState{0}nNextState{0}nPtvwarnState{0}nCrc32{0}nRevInfo{System.UInt32[]}nSignature{0}
2023-04-07 22:33:44,798 [AppLog] INFO : 进入：EquipmentMotionLogic3=》准备创建对象-手动操作！
2023-04-07 22:33:44,798 [AppLog] INFO : 进入：EquipmentMotionLogic3=》不需重新创建-手动操作！
2023-04-07 22:33:44,798 [AppLog] INFO : 进入：EquipmentMotionLogic3=》赋值完成自-AutoPrintMotion2！
2023-04-07 22:33:44,798 [AppLog] INFO : 进入：EquipmentMotionLogic3=》加载配置文件-LoadJsonFile成功！
2023-04-07 22:33:44,798 [AppLog] INFO : 进入：AutoPrintThread2！
2023-04-07 22:33:44,798 [AppLog] INFO : 准备读取编码器位置：X方向！
2023-04-07 22:33:44,798 [AppLog] INFO : 准备运动，当前位置：DEV_GetPrintEncoderValue：MoveDirectionFlag{false为Y方向：False}CurrentPos{423.38}AimPos{25}
2023-04-07 22:33:44,829 [AppLog] INFO : X方向运动开始：DEM_Run：返回值{True}nAxis{0}DirFlag{False}nSpeed{300000}MoveStep{-398380}nCtlValue{2}
2023-04-07 22:33:46,701 [AppLog] INFO : X方向到位停止：DEM_StopAxisRun：返回值{True}CurrentPos{30.665}bImmeStop{False}nAxisMask{1}
2023-04-07 22:33:46,701 [AppLog] INFO : 准备读取编码器位置：Y方向！
2023-04-07 22:33:46,701 [AppLog] INFO : 准备运动，编码器当前位置：DEM_GetAxisEncodeVal：MoveDirectionFlag{false为Y方向：True}CurrentPos{230.925}AimPos{285}
2023-04-07 22:33:46,748 [AppLog] INFO : Y方向运动开始：DEM_Run：返回值{True}nAxis{1}DirFlag{True}nSpeed{300000}MoveStep{54075}nCtlValue{0}
2023-04-07 22:33:46,935 [AppLog] INFO : Y方向到位停止：DEM_StopAxisRun：返回值{True}CurrentPos{241.24}bImmeStop{False}nAxisMask{2}
2023-04-07 22:33:46,935 [AppLog] INFO : 获取打印Pass数据：IDP_GetPassItem2：nLayerIndex{8}nPassID{5}nProcState{3}LPPassDataItemb:PrtDir{True}nDataTxCompleteCnt{1}nHwMemAdrMatchMask{1}nLayerIndex{8}nLayerPassCount{6}nLayerPassIndex{5}nMinJet0ImgLinePos{6400}nPrtMemHwAddr{System.UInt32[]}nPrtDataOffset{System.UInt32[]}nSrcDataSize{System.UInt32[]}nPrtColBytes{System.UInt32[]}nPrtPrecession{8}nSrcEndCols{8000}nSrcStartCols{0}nStartEncPos{10000}nValidPassJets{1280}nValidPrtCols{8310}nValidPrtCtlCnts{1}pDataBuf{0}pNextItem{0}
2023-04-07 22:33:46,951 [AppLog] INFO : 使能Pass打印成功：IDP_DoPassPrint2：nLayerIndex{8}nPassID{5}
2023-04-07 22:33:46,951 [AppLog] INFO : PASS打印前关键状态：DEV_GetDeviceInfo2：nLayerIndex{8}nPassID{5}LPPRINTER_INFO:nXSysEncDPI{0}nStatus{0}nPrintStatus{0}bSuperDevice{0}
LPPRINTER_INFO-LPPrtRunInfo:bJobPrtRuning{False}bLayerPrtIsOver{False}nContReqMemErr{0}nContWDErr{0}nCurPrtDir{0}nDTLayerIndex{0}nDTLayerPassIndex{0}nDTPtrCtlIndex{0}nLayerPassCount{0}nPrintLayerIndex{0}nPrintPassIndex{0}nProcLayerIndex{0}nPrtDataMemAddr{0}nPrtState{0}nReverse{System.Int32[]}nRevPrtCols{0}
LPPRINTER_INFO-LPDRVINFO:nFMVersion{0}nFpgaVersion{0}nPCBVersion{0}nState{0}nNextState{0}nPtvwarnState{0}nCrc32{0}nRevInfo{System.UInt32[]}nSignature{0}
2023-04-07 22:33:46,951 [AppLog] INFO : 进入：EquipmentMotionLogic3=》准备创建对象-手动操作！
2023-04-07 22:33:46,951 [AppLog] INFO : 进入：EquipmentMotionLogic3=》不需重新创建-手动操作！
2023-04-07 22:33:46,951 [AppLog] INFO : 进入：EquipmentMotionLogic3=》赋值完成自-AutoPrintMotion2！
2023-04-07 22:33:46,951 [AppLog] INFO : 进入：EquipmentMotionLogic3=》加载配置文件-LoadJsonFile成功！
2023-04-07 22:33:46,951 [AppLog] INFO : 进入：AutoPrintThread2！
2023-04-07 22:33:46,951 [AppLog] INFO : 准备读取编码器位置：X方向！
2023-04-07 22:33:46,951 [AppLog] INFO : 准备运动，当前位置：DEV_GetPrintEncoderValue：MoveDirectionFlag{false为Y方向：False}CurrentPos{26.615}AimPos{425}
2023-04-07 22:33:46,982 [AppLog] INFO : X方向运动开始：DEM_Run：返回值{True}nAxis{0}DirFlag{True}nSpeed{300000}MoveStep{398385}nCtlValue{2}
2023-04-07 22:33:48,854 [AppLog] INFO : X方向到位停止：DEM_StopAxisRun：返回值{True}CurrentPos{418.1}bImmeStop{False}nAxisMask{1}
2023-04-07 22:33:48,854 [AppLog] INFO : 准备读取编码器位置：X方向！
2023-04-07 22:33:48,854 [AppLog] INFO : 准备运动，当前位置：DEV_GetPrintEncoderValue：MoveDirectionFlag{false为Y方向：False}CurrentPos{418.21}AimPos{780}
2023-04-07 22:33:48,885 [AppLog] INFO : X方向运动开始：DEM_Run：返回值{True}nAxis{0}DirFlag{True}nSpeed{300000}MoveStep{361790}nCtlValue{2}
2023-04-07 22:33:48,885 [AppLog] INFO : 准备读取编码器位置：Y方向！
2023-04-07 22:33:48,885 [AppLog] INFO : 准备运动，编码器当前位置：DEM_GetAxisEncodeVal：MoveDirectionFlag{false为Y方向：True}CurrentPos{284.9}AimPos{121}
2023-04-07 22:33:48,916 [AppLog] INFO : Y方向运动开始：DEM_Run：返回值{True}nAxis{1}DirFlag{False}nSpeed{300000}MoveStep{-163900}nCtlValue{0}
2023-04-07 22:33:50,648 [AppLog] INFO : Y方向到位等停：DEM_StopAxisRun：返回值{True}bImmeStop{False}nAxisMask{1}
2023-04-07 22:33:50,648 [AppLog] INFO : X方向到位等停：DEM_StopAxisRun：返回值{True}bImmeStop{False}nAxisMask{2}
2023-04-07 22:33:50,679 [AppLog] INFO : 开启闪喷操作：IDP_FlashPrtCtl：返回值{True}
2023-04-07 22:33:50,679 [AppLog] INFO : 进入：EquipmentMotionLogic3=》准备创建对象-手动操作！
2023-04-07 22:33:50,679 [AppLog] INFO : 进入：EquipmentMotionLogic3=》不需重新创建-手动操作！
2023-04-07 22:33:50,695 [AppLog] INFO : 进入：EquipmentMotionLogic3=》赋值完成自-AutoPrintMotion2！
2023-04-07 22:33:50,695 [AppLog] INFO : 进入：EquipmentMotionLogic3=》加载配置文件-LoadJsonFile成功！
2023-04-07 22:33:50,695 [AppLog] INFO : 进入自动铺粉逻辑：NewAutoSupplyPowderThread2
2023-04-07 22:33:50,757 [AppLog] INFO : 手动正向点动指令（8轴运控板卡系统） ====》：输出AXIS{第1轴},点动量{-0.1MM},运动速度{2MM/s}
2023-04-07 22:33:50,757 [AppLog] INFO : 成形面高度下降层厚 TrapSpace{0.1mm}：TrapMoveUp(1, true, Convert.ToString(vel), Convert.ToString(TrapSpace), true, true）
2023-04-07 22:33:51,537 [AppLog] INFO : 手动正向点动指令（8轴运控板卡系统） ====》：输出AXIS{第1轴},点动量{-1.5MM},运动速度{2MM/s}
2023-04-07 22:33:51,537 [AppLog] INFO : 成形面高度下降指定厚度 TrapSpace{1.5mm}：TrapMoveUp(1, true, Convert.ToString(vel), Convert.ToString(TrapSpace), true, true）
2023-04-07 22:33:52,317 [AppLog] INFO : 手动正向点动指令（8轴运控板卡系统） ====》：输出AXIS{第1轴},点动量{1.5MM},运动速度{2MM/s}
2023-04-07 22:33:52,317 [AppLog] INFO : 成形面高度上升层厚 TrapSpace{1.5mm}：TrapMoveUp(1, true, Convert.ToString(vel), Convert.ToString(TrapSpace), true, true）
2023-04-07 22:33:52,520 [AppLog] INFO : 手动正向点动指令（8轴运控板卡系统） ====》：输出AXIS{第8轴},点动量{0.5MM},运动速度{2.5MM/s}
2023-04-07 22:33:52,520 [AppLog] INFO : Hopper落粉轴转2圈落粉，速度0.5rev/s：TrapMoveUp(8, true, 0.5, rotateNuM.ToString(), true, false)
2023-04-07 22:33:53,815 [AppLog] INFO : 手动正向点动指令（8轴运控板卡系统） ====》：输出AXIS{第2轴},点动量{258MM},运动速度{200MM/s}
2023-04-07 22:33:53,815 [AppLog] INFO : 开启铺粉车不等停运动至准备打印位置255mm，速度200mm/s：BackToStation2
2023-04-07 22:33:53,815 [AppLog] INFO : 手动正向点动指令（8轴运控板卡系统） ====》：输出AXIS{第2轴},点动量{440MM},运动速度{50MM/s}
2023-04-07 22:33:53,815 [AppLog] INFO : 开启铺粉车不等停运动至准备打印位置695mm，速度50mm/s：BackToStation2
2023-04-07 22:33:53,940 [AppLog] INFO : 打开IR灯：OpenIRLamp(true)
2023-04-07 22:33:53,940 [AppLog] INFO : 手动正向点动指令（8轴运控板卡系统） ====》：输出AXIS{第3轴},点动量{0.5MM},运动速度{0.0753424657534247MM/s}
2023-04-07 22:33:53,940 [AppLog] INFO : 开启均匀落粉及辊子铺平运动：TrapMoveUp(3, true, Convert.ToString(DispenseRollerSpeed), 0.5, true, true)
2023-04-07 22:33:59,025 [AppLog] INFO : 关闭IR灯：OpenIRLamp(false)
2023-04-07 22:34:01,381 [AppLog] INFO : 手动正向点动指令（8轴运控板卡系统） ====》：输出AXIS{第3轴},点动量{0.5MM},运动速度{2MM/s}
2023-04-07 22:34:01,381 [AppLog] INFO : 落粉轴继续转动以倒掉余粉：TrapMoveUp(3, true, 2, 0.5, true, false)
2023-04-07 22:34:03,393 [AppLog] INFO : 手动正向点动指令（8轴运控板卡系统） ====》：输出AXIS{第1轴},点动量{-1.5MM},运动速度{2MM/s}
2023-04-07 22:34:03,393 [AppLog] INFO : 成形面高度下降指定厚度 TrapSpace{1.5mm}：TrapMoveUp(1, true, Convert.ToString(vel), Convert.ToString(TrapSpace), true, true）
2023-04-07 22:34:06,888 [AppLog] INFO : 手动正向点动指令（8轴运控板卡系统） ====》：输出AXIS{第2轴},点动量{-698MM},运动速度{200MM/s}
2023-04-07 22:34:06,903 [AppLog] INFO : 铺粉车返回至站1：BackToStation2(AimPos, MovSpeed, true)：-3mm，速度200mm/s：BackToStation2
2023-04-07 22:34:07,278 [AppLog] INFO : 落粉轴回零成功：motionMap.SetBackSpreaderAxis(3, 0.5, 2, -SinkPosition)：ReturnCode{True}
2023-04-07 22:34:08,042 [AppLog] INFO : 手动正向点动指令（8轴运控板卡系统） ====》：输出AXIS{第1轴},点动量{1.5MM},运动速度{2MM/s}
2023-04-07 22:34:08,042 [AppLog] INFO : 成形面高度上升层厚 TrapSpace{1.5mm}：TrapMoveUp(1, true, Convert.ToString(vel), Convert.ToString(TrapSpace), true, true）
2023-04-07 22:34:08,042 [AppLog] INFO : 自动铺粉正常结束：NewAutoSupplyPowderThread2
2023-04-07 22:34:08,042 [AppLog] INFO : 发送监控指令，拍照记录1条：SendMessageFromSharedMemory
2023-04-07 22:34:08,042 [AppLog] INFO : 执行完成铺粉固化操作：EquipmentMotionLogic3：m_bApplyPowderSupplyMotion:0
2023-04-07 22:34:08,042 [AppLog] INFO : 接收到恢复打印指令：PrintTaskTHREAD
2023-04-07 22:34:08,042 [AppLog] INFO : 获取打印Pass数据：IDP_GetPassItem2：nLayerIndex{9}nPassID{0}nProcState{3}LPPassDataItemb:PrtDir{False}nDataTxCompleteCnt{1}nHwMemAdrMatchMask{1}nLayerIndex{9}nLayerPassCount{6}nLayerPassIndex{0}nMinJet0ImgLinePos{0}nPrtMemHwAddr{System.UInt32[]}nPrtDataOffset{System.UInt32[]}nSrcDataSize{System.UInt32[]}nPrtColBytes{System.UInt32[]}nPrtPrecession{8}nSrcEndCols{8000}nSrcStartCols{0}nStartEncPos{76472}nValidPassJets{1280}nValidPrtCols{8310}nValidPrtCtlCnts{1}pDataBuf{0}pNextItem{674086160}
2023-04-07 22:34:08,058 [AppLog] INFO : 使能Pass打印成功：IDP_DoPassPrint2：nLayerIndex{9}nPassID{0}
2023-04-07 22:34:08,058 [AppLog] INFO : PASS打印前关键状态：DEV_GetDeviceInfo2：nLayerIndex{9}nPassID{0}LPPRINTER_INFO:nXSysEncDPI{0}nStatus{0}nPrintStatus{0}bSuperDevice{0}
LPPRINTER_INFO-LPPrtRunInfo:bJobPrtRuning{False}bLayerPrtIsOver{False}nContReqMemErr{0}nContWDErr{0}nCurPrtDir{0}nDTLayerIndex{0}nDTLayerPassIndex{0}nDTPtrCtlIndex{0}nLayerPassCount{0}nPrintLayerIndex{0}nPrintPassIndex{0}nProcLayerIndex{0}nPrtDataMemAddr{0}nPrtState{0}nReverse{System.Int32[]}nRevPrtCols{0}
LPPRINTER_INFO-LPDRVINFO:nFMVersion{0}nFpgaVersion{0}nPCBVersion{0}nState{0}nNextState{0}nPtvwarnState{0}nCrc32{0}nRevInfo{System.UInt32[]}nSignature{0}
2023-04-07 22:34:08,058 [AppLog] INFO : 进入：EquipmentMotionLogic3=》准备创建对象-手动操作！
2023-04-07 22:34:08,058 [AppLog] INFO : 进入：EquipmentMotionLogic3=》不需重新创建-手动操作！
2023-04-07 22:34:08,058 [AppLog] INFO : 进入：EquipmentMotionLogic3=》赋值完成自-AutoPrintMotion2！
2023-04-07 22:34:08,058 [AppLog] INFO : 进入：EquipmentMotionLogic3=》加载配置文件-LoadJsonFile成功！
2023-04-07 22:34:08,058 [AppLog] INFO : 进入自动清洗过程：AutoCleanThread
2023-04-07 22:34:09,025 [AppLog] INFO : 刮墨轴回零成功：motionMap.SetBackSpreaderAxis(4, 1, 2, -SinkPosition)
2023-04-07 22:34:09,025 [AppLog] INFO : 准备读取编码器位置：Y方向！
2023-04-07 22:34:09,025 [AppLog] INFO : 准备运动，编码器当前位置：DEM_GetAxisEncodeVal：MoveDirectionFlag{false为Y方向：True}CurrentPos{121.345}AimPos{121}
2023-04-07 22:34:09,056 [AppLog] INFO : Y方向运动开始：DEM_Run：返回值{True}nAxis{1}DirFlag{False}nSpeed{300000}MoveStep{-344.999999999999}nCtlValue{0}
2023-04-07 22:34:09,072 [AppLog] INFO : Y方向到位停止：DEM_StopAxisRun：返回值{True}CurrentPos{121.345}bImmeStop{False}nAxisMask{2}
2023-04-07 22:34:09,072 [AppLog] INFO : 准备读取编码器位置：X方向！
2023-04-07 22:34:09,087 [AppLog] INFO : 准备运动，当前位置：DEV_GetPrintEncoderValue：MoveDirectionFlag{false为Y方向：False}CurrentPos{785.16}AimPos{780}
2023-04-07 22:34:09,118 [AppLog] INFO : X方向运动开始：DEM_Run：返回值{True}nAxis{0}DirFlag{False}nSpeed{300000}MoveStep{-5159.99999999997}nCtlValue{2}
2023-04-07 22:34:09,306 [AppLog] INFO : X方向到位停止：DEM_StopAxisRun：返回值{True}CurrentPos{783.355}bImmeStop{False}nAxisMask{1}
2023-04-07 22:34:10,132 [AppLog] INFO : 开启压墨： motionMap.SetDo(13, true)
2023-04-07 22:34:12,675 [AppLog] INFO : 进入JOB参数设置：修改前初始参数：灰度数据格式{1bits}打印灰阶{1阶}m_XPrintDpi{635Dpi}墨车运动速度{300MM/s}X向起打位置{50MM}X向起打位置偏移{0MM}Y向起打位置偏移{0MM}
2023-04-07 22:34:14,142 [AppLog] INFO : 关闭压墨： motionMap.SetDo(13, true)
2023-04-07 22:34:14,142 [AppLog] INFO : 准备读取编码器位置：X方向！
2023-04-07 22:34:14,157 [AppLog] INFO : 准备运动，当前位置：DEV_GetPrintEncoderValue：MoveDirectionFlag{false为Y方向：False}CurrentPos{780.345}AimPos{680}
2023-04-07 22:34:14,188 [AppLog] INFO : X方向运动开始：DEM_Run：返回值{True}nAxis{0}DirFlag{False}nSpeed{50000}MoveStep{-100345}nCtlValue{2}
2023-04-07 22:34:16,263 [AppLog] INFO : X方向到位停止：DEM_StopAxisRun：返回值{True}CurrentPos{682.625}bImmeStop{False}nAxisMask{1}
2023-04-07 22:34:16,326 [AppLog] INFO : 退出JOB参数设置：修改后参数：灰度数据格式{1bits}打印灰阶{1阶}m_XPrintDpi{635Dpi}墨车运动速度{300MM/s}X向起打位置{50MM}X向起打位置偏移{0MM}Y向起打位置偏移{0MM}
2023-04-07 22:34:17,090 [AppLog] INFO : 结束自动清洗过程：AutoCleanThread
2023-04-07 22:34:17,090 [AppLog] INFO : 进入：EquipmentMotionLogic3=》准备创建对象-手动操作！
2023-04-07 22:34:17,090 [AppLog] INFO : 进入：EquipmentMotionLogic3=》不需重新创建-手动操作！
2023-04-07 22:34:17,090 [AppLog] INFO : 进入：EquipmentMotionLogic3=》赋值完成自-AutoPrintMotion2！
2023-04-07 22:34:17,090 [AppLog] INFO : 进入：EquipmentMotionLogic3=》加载配置文件-LoadJsonFile成功！
2023-04-07 22:34:17,090 [AppLog] INFO : 进入：AutoPrintThread2！
2023-04-07 22:34:17,106 [AppLog] INFO : 关闭闪喷操作：IDP_FlashPrtCtl：返回值{True}
2023-04-07 22:34:17,106 [AppLog] INFO : 准备读取编码器位置：Y方向！
2023-04-07 22:34:17,121 [AppLog] INFO : 准备运动，编码器当前位置：DEM_GetAxisEncodeVal：MoveDirectionFlag{false为Y方向：True}CurrentPos{121}AimPos{15}
2023-04-07 22:34:17,152 [AppLog] INFO : Y方向运动开始：DEM_Run：返回值{True}nAxis{1}DirFlag{False}nSpeed{300000}MoveStep{-106000}nCtlValue{0}
2023-04-07 22:34:17,152 [AppLog] INFO : 准备读取编码器位置：X方向！
2023-04-07 22:34:17,152 [AppLog] INFO : 准备运动，当前位置：DEV_GetPrintEncoderValue：MoveDirectionFlag{false为Y方向：False}CurrentPos{680.305}AimPos{425}
2023-04-07 22:34:17,184 [AppLog] INFO : X方向运动开始：DEM_Run：返回值{True}nAxis{0}DirFlag{False}nSpeed{300000}MoveStep{-255305}nCtlValue{2}
2023-04-07 22:34:18,588 [AppLog] INFO : X方向到位停止：DEM_StopAxisRun：返回值{True}CurrentPos{429.56}bImmeStop{False}nAxisMask{1}
2023-04-07 22:34:18,588 [AppLog] INFO : 准备读取编码器位置：X方向！
2023-04-07 22:34:18,588 [AppLog] INFO : 准备运动，当前位置：DEV_GetPrintEncoderValue：MoveDirectionFlag{false为Y方向：False}CurrentPos{429.375}AimPos{25}
2023-04-07 22:34:18,619 [AppLog] INFO : X方向运动开始：DEM_Run：返回值{True}nAxis{0}DirFlag{False}nSpeed{300000}MoveStep{-404375}nCtlValue{2}
2023-04-07 22:34:20,522 [AppLog] INFO : X方向到位停止：DEM_StopAxisRun：返回值{True}CurrentPos{25.215}bImmeStop{False}nAxisMask{1}
2023-04-07 22:34:20,522 [AppLog] INFO : 准备读取编码器位置：Y方向！
2023-04-07 22:34:20,522 [AppLog] INFO : 准备运动，编码器当前位置：DEM_GetAxisEncodeVal：MoveDirectionFlag{false为Y方向：True}CurrentPos{15.16}AimPos{69}
2023-04-07 22:34:20,553 [AppLog] INFO : Y方向运动开始：DEM_Run：返回值{True}nAxis{1}DirFlag{True}nSpeed{300000}MoveStep{53840}nCtlValue{0}
2023-04-07 22:34:20,740 [AppLog] INFO : Y方向到位停止：DEM_StopAxisRun：返回值{True}CurrentPos{26.215}bImmeStop{False}nAxisMask{2}
2023-04-07 22:34:20,740 [AppLog] INFO : 获取打印Pass数据：IDP_GetPassItem2：nLayerIndex{9}nPassID{1}nProcState{3}LPPassDataItemb:PrtDir{True}nDataTxCompleteCnt{1}nHwMemAdrMatchMask{1}nLayerIndex{9}nLayerPassCount{6}nLayerPassIndex{1}nMinJet0ImgLinePos{1280}nPrtMemHwAddr{System.UInt32[]}nPrtDataOffset{System.UInt32[]}nSrcDataSize{System.UInt32[]}nPrtColBytes{System.UInt32[]}nPrtPrecession{8}nSrcEndCols{8000}nSrcStartCols{0}nStartEncPos{10000}nValidPassJets{1280}nValidPrtCols{8310}nValidPrtCtlCnts{1}pDataBuf{0}pNextItem{674086320}
2023-04-07 22:34:20,756 [AppLog] INFO : 使能Pass打印成功：IDP_DoPassPrint2：nLayerIndex{9}nPassID{1}
2023-04-07 22:34:20,756 [AppLog] INFO : PASS打印前关键状态：DEV_GetDeviceInfo2：nLayerIndex{9}nPassID{1}LPPRINTER_INFO:nXSysEncDPI{0}nStatus{0}nPrintStatus{0}bSuperDevice{0}
LPPRINTER_INFO-LPPrtRunInfo:bJobPrtRuning{False}bLayerPrtIsOver{False}nContReqMemErr{0}nContWDErr{0}nCurPrtDir{0}nDTLayerIndex{0}nDTLayerPassIndex{0}nDTPtrCtlIndex{0}nLayerPassCount{0}nPrintLayerIndex{0}nPrintPassIndex{0}nProcLayerIndex{0}nPrtDataMemAddr{0}nPrtState{0}nReverse{System.Int32[]}nRevPrtCols{0}
LPPRINTER_INFO-LPDRVINFO:nFMVersion{0}nFpgaVersion{0}nPCBVersion{0}nState{0}nNextState{0}nPtvwarnState{0}nCrc32{0}nRevInfo{System.UInt32[]}nSignature{0}
2023-04-07 22:34:20,756 [AppLog] INFO : 进入：EquipmentMotionLogic3=》准备创建对象-手动操作！
2023-04-07 22:34:20,756 [AppLog] INFO : 进入：EquipmentMotionLogic3=》不需重新创建-手动操作！
2023-04-07 22:34:20,756 [AppLog] INFO : 进入：EquipmentMotionLogic3=》赋值完成自-AutoPrintMotion2！
2023-04-07 22:34:20,756 [AppLog] INFO : 进入：EquipmentMotionLogic3=》加载配置文件-LoadJsonFile成功！
2023-04-07 22:34:20,756 [AppLog] INFO : 进入：AutoPrintThread2！
2023-04-07 22:34:20,756 [AppLog] INFO : 准备读取编码器位置：X方向！
2023-04-07 22:34:20,756 [AppLog] INFO : 准备运动，当前位置：DEV_GetPrintEncoderValue：MoveDirectionFlag{false为Y方向：False}CurrentPos{21.64}AimPos{425}
2023-04-07 22:34:20,787 [AppLog] INFO : X方向运动开始：DEM_Run：返回值{True}nAxis{0}DirFlag{True}nSpeed{300000}MoveStep{403360}nCtlValue{2}
2023-04-07 22:34:22,690 [AppLog] INFO : X方向到位停止：DEM_StopAxisRun：返回值{True}CurrentPos{420.01}bImmeStop{False}nAxisMask{1}
2023-04-07 22:34:22,690 [AppLog] INFO : 准备读取编码器位置：Y方向！
2023-04-07 22:34:22,690 [AppLog] INFO : 准备运动，编码器当前位置：DEM_GetAxisEncodeVal：MoveDirectionFlag{false为Y方向：True}CurrentPos{68.92}AimPos{123}
2023-04-07 22:34:22,722 [AppLog] INFO : Y方向运动开始：DEM_Run：返回值{True}nAxis{1}DirFlag{True}nSpeed{300000}MoveStep{54080}nCtlValue{0}
2023-04-07 22:34:22,924 [AppLog] INFO : Y方向到位停止：DEM_StopAxisRun：返回值{True}CurrentPos{83.145}bImmeStop{False}nAxisMask{2}
2023-04-07 22:34:22,924 [AppLog] INFO : 获取打印Pass数据：IDP_GetPassItem2：nLayerIndex{9}nPassID{2}nProcState{3}LPPassDataItemb:PrtDir{False}nDataTxCompleteCnt{1}nHwMemAdrMatchMask{1}nLayerIndex{9}nLayerPassCount{6}nLayerPassIndex{2}nMinJet0ImgLinePos{2560}nPrtMemHwAddr{System.UInt32[]}nPrtDataOffset{System.UInt32[]}nSrcDataSize{System.UInt32[]}nPrtColBytes{System.UInt32[]}nPrtPrecession{8}nSrcEndCols{8000}nSrcStartCols{0}nStartEncPos{76472}nValidPassJets{1280}nValidPrtCols{8310}nValidPrtCtlCnts{1}pDataBuf{0}pNextItem{674086480}
2023-04-07 22:34:22,940 [AppLog] INFO : 使能Pass打印成功：IDP_DoPassPrint2：nLayerIndex{9}nPassID{2}
2023-04-07 22:34:22,940 [AppLog] INFO : PASS打印前关键状态：DEV_GetDeviceInfo2：nLayerIndex{9}nPassID{2}LPPRINTER_INFO:nXSysEncDPI{0}nStatus{0}nPrintStatus{0}bSuperDevice{0}
LPPRINTER_INFO-LPPrtRunInfo:bJobPrtRuning{False}bLayerPrtIsOver{False}nContReqMemErr{0}nContWDErr{0}nCurPrtDir{0}nDTLayerIndex{0}nDTLayerPassIndex{0}nDTPtrCtlIndex{0}nLayerPassCount{0}nPrintLayerIndex{0}nPrintPassIndex{0}nProcLayerIndex{0}nPrtDataMemAddr{0}nPrtState{0}nReverse{System.Int32[]}nRevPrtCols{0}
LPPRINTER_INFO-LPDRVINFO:nFMVersion{0}nFpgaVersion{0}nPCBVersion{0}nState{0}nNextState{0}nPtvwarnState{0}nCrc32{0}nRevInfo{System.UInt32[]}nSignature{0}
2023-04-07 22:34:22,940 [AppLog] INFO : 进入：EquipmentMotionLogic3=》准备创建对象-手动操作！
2023-04-07 22:34:22,940 [AppLog] INFO : 进入：EquipmentMotionLogic3=》不需重新创建-手动操作！
2023-04-07 22:34:22,940 [AppLog] INFO : 进入：EquipmentMotionLogic3=》赋值完成自-AutoPrintMotion2！
2023-04-07 22:34:22,940 [AppLog] INFO : 进入：EquipmentMotionLogic3=》加载配置文件-LoadJsonFile成功！
2023-04-07 22:34:22,940 [AppLog] INFO : 进入：AutoPrintThread2！
2023-04-07 22:34:22,940 [AppLog] INFO : 准备读取编码器位置：X方向！
2023-04-07 22:34:22,940 [AppLog] INFO : 准备运动，当前位置：DEV_GetPrintEncoderValue：MoveDirectionFlag{false为Y方向：False}CurrentPos{423.34}AimPos{25}
2023-04-07 22:34:22,971 [AppLog] INFO : X方向运动开始：DEM_Run：返回值{True}nAxis{0}DirFlag{False}nSpeed{300000}MoveStep{-398340}nCtlValue{2}
2023-04-07 22:34:24,843 [AppLog] INFO : X方向到位停止：DEM_StopAxisRun：返回值{True}CurrentPos{31.19}bImmeStop{False}nAxisMask{1}
2023-04-07 22:34:24,843 [AppLog] INFO : 准备读取编码器位置：Y方向！
2023-04-07 22:34:24,843 [AppLog] INFO : 准备运动，编码器当前位置：DEM_GetAxisEncodeVal：MoveDirectionFlag{false为Y方向：True}CurrentPos{122.865}AimPos{177}
2023-04-07 22:34:24,874 [AppLog] INFO : Y方向运动开始：DEM_Run：返回值{True}nAxis{1}DirFlag{True}nSpeed{300000}MoveStep{54135}nCtlValue{0}
2023-04-07 22:34:25,077 [AppLog] INFO : Y方向到位停止：DEM_StopAxisRun：返回值{True}CurrentPos{135.57}bImmeStop{False}nAxisMask{2}
2023-04-07 22:34:25,077 [AppLog] INFO : 获取打印Pass数据：IDP_GetPassItem2：nLayerIndex{9}nPassID{3}nProcState{3}LPPassDataItemb:PrtDir{True}nDataTxCompleteCnt{1}nHwMemAdrMatchMask{1}nLayerIndex{9}nLayerPassCount{6}nLayerPassIndex{3}nMinJet0ImgLinePos{3840}nPrtMemHwAddr{System.UInt32[]}nPrtDataOffset{System.UInt32[]}nSrcDataSize{System.UInt32[]}nPrtColBytes{System.UInt32[]}nPrtPrecession{8}nSrcEndCols{8000}nSrcStartCols{0}nStartEncPos{10000}nValidPassJets{1280}nValidPrtCols{8310}nValidPrtCtlCnts{1}pDataBuf{0}pNextItem{674086640}
2023-04-07 22:34:25,077 [AppLog] INFO : 使能Pass打印成功：IDP_DoPassPrint2：nLayerIndex{9}nPassID{3}
2023-04-07 22:34:25,093 [AppLog] INFO : PASS打印前关键状态：DEV_GetDeviceInfo2：nLayerIndex{9}nPassID{3}LPPRINTER_INFO:nXSysEncDPI{0}nStatus{0}nPrintStatus{0}bSuperDevice{0}
LPPRINTER_INFO-LPPrtRunInfo:bJobPrtRuning{False}bLayerPrtIsOver{False}nContReqMemErr{0}nContWDErr{0}nCurPrtDir{0}nDTLayerIndex{0}nDTLayerPassIndex{0}nDTPtrCtlIndex{0}nLayerPassCount{0}nPrintLayerIndex{0}nPrintPassIndex{0}nProcLayerIndex{0}nPrtDataMemAddr{0}nPrtState{0}nReverse{System.Int32[]}nRevPrtCols{0}
LPPRINTER_INFO-LPDRVINFO:nFMVersion{0}nFpgaVersion{0}nPCBVersion{0}nState{0}nNextState{0}nPtvwarnState{0}nCrc32{0}nRevInfo{System.UInt32[]}nSignature{0}
2023-04-07 22:34:25,093 [AppLog] INFO : 进入：EquipmentMotionLogic3=》准备创建对象-手动操作！
2023-04-07 22:34:25,093 [AppLog] INFO : 进入：EquipmentMotionLogic3=》不需重新创建-手动操作！
2023-04-07 22:34:25,093 [AppLog] INFO : 进入：EquipmentMotionLogic3=》赋值完成自-AutoPrintMotion2！
2023-04-07 22:34:25,093 [AppLog] INFO : 进入：EquipmentMotionLogic3=》加载配置文件-LoadJsonFile成功！
2023-04-07 22:34:25,093 [AppLog] INFO : 进入：AutoPrintThread2！
2023-04-07 22:34:25,093 [AppLog] INFO : 准备读取编码器位置：X方向！
2023-04-07 22:34:25,093 [AppLog] INFO : 准备运动，当前位置：DEV_GetPrintEncoderValue：MoveDirectionFlag{false为Y方向：False}CurrentPos{26.61}AimPos{425}
2023-04-07 22:34:25,124 [AppLog] INFO : X方向运动开始：DEM_Run：返回值{True}nAxis{0}DirFlag{True}nSpeed{300000}MoveStep{398390}nCtlValue{2}
2023-04-07 22:34:26,996 [AppLog] INFO : X方向到位停止：DEM_StopAxisRun：返回值{True}CurrentPos{418.67}bImmeStop{False}nAxisMask{1}
2023-04-07 22:34:26,996 [AppLog] INFO : 准备读取编码器位置：Y方向！
2023-04-07 22:34:26,996 [AppLog] INFO : 准备运动，编码器当前位置：DEM_GetAxisEncodeVal：MoveDirectionFlag{false为Y方向：True}CurrentPos{176.87}AimPos{231}
2023-04-07 22:34:27,027 [AppLog] INFO : Y方向运动开始：DEM_Run：返回值{True}nAxis{1}DirFlag{True}nSpeed{300000}MoveStep{54130}nCtlValue{0}
2023-04-07 22:34:27,214 [AppLog] INFO : Y方向到位停止：DEM_StopAxisRun：返回值{True}CurrentPos{187.765}bImmeStop{False}nAxisMask{2}
2023-04-07 22:34:27,214 [AppLog] INFO : 获取打印Pass数据：IDP_GetPassItem2：nLayerIndex{9}nPassID{4}nProcState{3}LPPassDataItemb:PrtDir{False}nDataTxCompleteCnt{1}nHwMemAdrMatchMask{1}nLayerIndex{9}nLayerPassCount{6}nLayerPassIndex{4}nMinJet0ImgLinePos{5120}nPrtMemHwAddr{System.UInt32[]}nPrtDataOffset{System.UInt32[]}nSrcDataSize{System.UInt32[]}nPrtColBytes{System.UInt32[]}nPrtPrecession{8}nSrcEndCols{8000}nSrcStartCols{0}nStartEncPos{76472}nValidPassJets{1280}nValidPrtCols{8310}nValidPrtCtlCnts{1}pDataBuf{0}pNextItem{674086800}
2023-04-07 22:34:27,230 [AppLog] INFO : 使能Pass打印成功：IDP_DoPassPrint2：nLayerIndex{9}nPassID{4}
2023-04-07 22:34:27,246 [AppLog] INFO : PASS打印前关键状态：DEV_GetDeviceInfo2：nLayerIndex{9}nPassID{4}LPPRINTER_INFO:nXSysEncDPI{0}nStatus{0}nPrintStatus{0}bSuperDevice{0}
LPPRINTER_INFO-LPPrtRunInfo:bJobPrtRuning{False}bLayerPrtIsOver{False}nContReqMemErr{0}nContWDErr{0}nCurPrtDir{0}nDTLayerIndex{0}nDTLayerPassIndex{0}nDTPtrCtlIndex{0}nLayerPassCount{0}nPrintLayerIndex{0}nPrintPassIndex{0}nProcLayerIndex{0}nPrtDataMemAddr{0}nPrtState{0}nReverse{System.Int32[]}nRevPrtCols{0}
LPPRINTER_INFO-LPDRVINFO:nFMVersion{0}nFpgaVersion{0}nPCBVersion{0}nState{0}nNextState{0}nPtvwarnState{0}nCrc32{0}nRevInfo{System.UInt32[]}nSignature{0}
2023-04-07 22:34:27,246 [AppLog] INFO : 进入：EquipmentMotionLogic3=》准备创建对象-手动操作！
2023-04-07 22:34:27,246 [AppLog] INFO : 进入：EquipmentMotionLogic3=》不需重新创建-手动操作！
2023-04-07 22:34:27,246 [AppLog] INFO : 进入：EquipmentMotionLogic3=》赋值完成自-AutoPrintMotion2！
2023-04-07 22:34:27,246 [AppLog] INFO : 进入：EquipmentMotionLogic3=》加载配置文件-LoadJsonFile成功！
2023-04-07 22:34:27,246 [AppLog] INFO : 进入：AutoPrintThread2！
2023-04-07 22:34:27,246 [AppLog] INFO : 准备读取编码器位置：X方向！
2023-04-07 22:34:27,261 [AppLog] INFO : 准备运动，当前位置：DEV_GetPrintEncoderValue：MoveDirectionFlag{false为Y方向：False}CurrentPos{423.41}AimPos{25}
2023-04-07 22:34:27,292 [AppLog] INFO : X方向运动开始：DEM_Run：返回值{True}nAxis{0}DirFlag{False}nSpeed{300000}MoveStep{-398410}nCtlValue{2}
2023-04-07 22:34:29,164 [AppLog] INFO : X方向到位停止：DEM_StopAxisRun：返回值{True}CurrentPos{31.23}bImmeStop{False}nAxisMask{1}
2023-04-07 22:34:29,164 [AppLog] INFO : 准备读取编码器位置：Y方向！
2023-04-07 22:34:29,164 [AppLog] INFO : 准备运动，编码器当前位置：DEM_GetAxisEncodeVal：MoveDirectionFlag{false为Y方向：True}CurrentPos{230.935}AimPos{285}
2023-04-07 22:34:29,196 [AppLog] INFO : Y方向运动开始：DEM_Run：返回值{True}nAxis{1}DirFlag{True}nSpeed{300000}MoveStep{54065}nCtlValue{0}
2023-04-07 22:34:29,383 [AppLog] INFO : Y方向到位停止：DEM_StopAxisRun：返回值{True}CurrentPos{241.6}bImmeStop{False}nAxisMask{2}
2023-04-07 22:34:29,383 [AppLog] INFO : 获取打印Pass数据：IDP_GetPassItem2：nLayerIndex{9}nPassID{5}nProcState{3}LPPassDataItemb:PrtDir{True}nDataTxCompleteCnt{1}nHwMemAdrMatchMask{1}nLayerIndex{9}nLayerPassCount{6}nLayerPassIndex{5}nMinJet0ImgLinePos{6400}nPrtMemHwAddr{System.UInt32[]}nPrtDataOffset{System.UInt32[]}nSrcDataSize{System.UInt32[]}nPrtColBytes{System.UInt32[]}nPrtPrecession{8}nSrcEndCols{8000}nSrcStartCols{0}nStartEncPos{10000}nValidPassJets{1280}nValidPrtCols{8310}nValidPrtCtlCnts{1}pDataBuf{0}pNextItem{0}
2023-04-07 22:34:29,398 [AppLog] INFO : 使能Pass打印成功：IDP_DoPassPrint2：nLayerIndex{9}nPassID{5}
2023-04-07 22:34:29,398 [AppLog] INFO : PASS打印前关键状态：DEV_GetDeviceInfo2：nLayerIndex{9}nPassID{5}LPPRINTER_INFO:nXSysEncDPI{0}nStatus{0}nPrintStatus{0}bSuperDevice{0}
LPPRINTER_INFO-LPPrtRunInfo:bJobPrtRuning{False}bLayerPrtIsOver{False}nContReqMemErr{0}nContWDErr{0}nCurPrtDir{0}nDTLayerIndex{0}nDTLayerPassIndex{0}nDTPtrCtlIndex{0}nLayerPassCount{0}nPrintLayerIndex{0}nPrintPassIndex{0}nProcLayerIndex{0}nPrtDataMemAddr{0}nPrtState{0}nReverse{System.Int32[]}nRevPrtCols{0}
LPPRINTER_INFO-LPDRVINFO:nFMVersion{0}nFpgaVersion{0}nPCBVersion{0}nState{0}nNextState{0}nPtvwarnState{0}nCrc32{0}nRevInfo{System.UInt32[]}nSignature{0}
2023-04-07 22:34:29,398 [AppLog] INFO : 进入：EquipmentMotionLogic3=》准备创建对象-手动操作！
2023-04-07 22:34:29,398 [AppLog] INFO : 进入：EquipmentMotionLogic3=》不需重新创建-手动操作！
2023-04-07 22:34:29,398 [AppLog] INFO : 进入：EquipmentMotionLogic3=》赋值完成自-AutoPrintMotion2！
2023-04-07 22:34:29,398 [AppLog] INFO : 进入：EquipmentMotionLogic3=》加载配置文件-LoadJsonFile成功！
2023-04-07 22:34:29,398 [AppLog] INFO : 进入：AutoPrintThread2！
2023-04-07 22:34:29,398 [AppLog] INFO : 准备读取编码器位置：X方向！
2023-04-07 22:34:29,398 [AppLog] INFO : 准备运动，当前位置：DEV_GetPrintEncoderValue：MoveDirectionFlag{false为Y方向：False}CurrentPos{26.61}AimPos{425}
2023-04-07 22:34:29,430 [AppLog] INFO : X方向运动开始：DEM_Run：返回值{True}nAxis{0}DirFlag{True}nSpeed{300000}MoveStep{398390}nCtlValue{2}
2023-04-07 22:34:31,302 [AppLog] INFO : X方向到位停止：DEM_StopAxisRun：返回值{True}CurrentPos{418.69}bImmeStop{False}nAxisMask{1}
2023-04-07 22:34:31,302 [AppLog] INFO : 准备读取编码器位置：X方向！
2023-04-07 22:34:31,302 [AppLog] INFO : 准备运动，当前位置：DEV_GetPrintEncoderValue：MoveDirectionFlag{false为Y方向：False}CurrentPos{418.79}AimPos{780}
2023-04-07 22:34:31,348 [AppLog] INFO : X方向运动开始：DEM_Run：返回值{True}nAxis{0}DirFlag{True}nSpeed{300000}MoveStep{361210}nCtlValue{2}
2023-04-07 22:34:31,348 [AppLog] INFO : 准备读取编码器位置：Y方向！
2023-04-07 22:34:31,348 [AppLog] INFO : 准备运动，编码器当前位置：DEM_GetAxisEncodeVal：MoveDirectionFlag{false为Y方向：True}CurrentPos{284.895}AimPos{121}
2023-04-07 22:34:31,380 [AppLog] INFO : Y方向运动开始：DEM_Run：返回值{True}nAxis{1}DirFlag{False}nSpeed{300000}MoveStep{-163895}nCtlValue{0}
2023-04-07 22:34:33,096 [AppLog] INFO : Y方向到位等停：DEM_StopAxisRun：返回值{True}bImmeStop{False}nAxisMask{1}
2023-04-07 22:34:33,096 [AppLog] INFO : X方向到位等停：DEM_StopAxisRun：返回值{True}bImmeStop{False}nAxisMask{2}
2023-04-07 22:34:33,127 [AppLog] INFO : 开启闪喷操作：IDP_FlashPrtCtl：返回值{True}
2023-04-07 22:34:33,127 [AppLog] INFO : 进入：EquipmentMotionLogic3=》准备创建对象-手动操作！
2023-04-07 22:34:33,127 [AppLog] INFO : 进入：EquipmentMotionLogic3=》不需重新创建-手动操作！
2023-04-07 22:34:33,127 [AppLog] INFO : 进入：EquipmentMotionLogic3=》赋值完成自-AutoPrintMotion2！
2023-04-07 22:34:33,127 [AppLog] INFO : 进入：EquipmentMotionLogic3=》加载配置文件-LoadJsonFile成功！
2023-04-07 22:34:33,127 [AppLog] INFO : 进入自动铺粉逻辑：NewAutoSupplyPowderThread2
2023-04-07 22:34:33,205 [AppLog] INFO : 手动正向点动指令（8轴运控板卡系统） ====》：输出AXIS{第1轴},点动量{-0.1MM},运动速度{2MM/s}
2023-04-07 22:34:33,205 [AppLog] INFO : 成形面高度下降层厚 TrapSpace{0.1mm}：TrapMoveUp(1, true, Convert.ToString(vel), Convert.ToString(TrapSpace), true, true）
2023-04-07 22:34:33,969 [AppLog] INFO : 手动正向点动指令（8轴运控板卡系统） ====》：输出AXIS{第1轴},点动量{-1.5MM},运动速度{2MM/s}
2023-04-07 22:34:33,969 [AppLog] INFO : 成形面高度下降指定厚度 TrapSpace{1.5mm}：TrapMoveUp(1, true, Convert.ToString(vel), Convert.ToString(TrapSpace), true, true）
2023-04-07 22:34:34,749 [AppLog] INFO : 手动正向点动指令（8轴运控板卡系统） ====》：输出AXIS{第1轴},点动量{1.5MM},运动速度{2MM/s}
2023-04-07 22:34:34,749 [AppLog] INFO : 成形面高度上升层厚 TrapSpace{1.5mm}：TrapMoveUp(1, true, Convert.ToString(vel), Convert.ToString(TrapSpace), true, true）
2023-04-07 22:34:34,968 [AppLog] INFO : 手动正向点动指令（8轴运控板卡系统） ====》：输出AXIS{第8轴},点动量{0.5MM},运动速度{2.5MM/s}
2023-04-07 22:34:34,968 [AppLog] INFO : Hopper落粉轴转2圈落粉，速度0.5rev/s：TrapMoveUp(8, true, 0.5, rotateNuM.ToString(), true, false)
2023-04-07 22:34:36,262 [AppLog] INFO : 手动正向点动指令（8轴运控板卡系统） ====》：输出AXIS{第2轴},点动量{258MM},运动速度{200MM/s}
2023-04-07 22:34:36,262 [AppLog] INFO : 开启铺粉车不等停运动至准备打印位置255mm，速度200mm/s：BackToStation2
2023-04-07 22:34:36,262 [AppLog] INFO : 手动正向点动指令（8轴运控板卡系统） ====》：输出AXIS{第2轴},点动量{440MM},运动速度{50MM/s}
2023-04-07 22:34:36,262 [AppLog] INFO : 开启铺粉车不等停运动至准备打印位置695mm，速度50mm/s：BackToStation2
2023-04-07 22:34:36,372 [AppLog] INFO : 打开IR灯：OpenIRLamp(true)
2023-04-07 22:34:36,372 [AppLog] INFO : 手动正向点动指令（8轴运控板卡系统） ====》：输出AXIS{第3轴},点动量{0.5MM},运动速度{0.0753424657534247MM/s}
2023-04-07 22:34:36,372 [AppLog] INFO : 开启均匀落粉及辊子铺平运动：TrapMoveUp(3, true, Convert.ToString(DispenseRollerSpeed), 0.5, true, true)
2023-04-07 22:34:41,473 [AppLog] INFO : 关闭IR灯：OpenIRLamp(false)
2023-04-07 22:34:43,828 [AppLog] INFO : 手动正向点动指令（8轴运控板卡系统） ====》：输出AXIS{第3轴},点动量{0.5MM},运动速度{2MM/s}
2023-04-07 22:34:43,828 [AppLog] INFO : 落粉轴继续转动以倒掉余粉：TrapMoveUp(3, true, 2, 0.5, true, false)
2023-04-07 22:34:45,841 [AppLog] INFO : 手动正向点动指令（8轴运控板卡系统） ====》：输出AXIS{第1轴},点动量{-1.5MM},运动速度{2MM/s}
2023-04-07 22:34:45,841 [AppLog] INFO : 成形面高度下降指定厚度 TrapSpace{1.5mm}：TrapMoveUp(1, true, Convert.ToString(vel), Convert.ToString(TrapSpace), true, true）
2023-04-07 22:34:49,335 [AppLog] INFO : 手动正向点动指令（8轴运控板卡系统） ====》：输出AXIS{第2轴},点动量{-698MM},运动速度{200MM/s}
2023-04-07 22:34:49,335 [AppLog] INFO : 铺粉车返回至站1：BackToStation2(AimPos, MovSpeed, true)：-3mm，速度200mm/s：BackToStation2
2023-04-07 22:34:49,725 [AppLog] INFO : 落粉轴回零成功：motionMap.SetBackSpreaderAxis(3, 0.5, 2, -SinkPosition)：ReturnCode{True}
2023-04-07 22:34:50,490 [AppLog] INFO : 手动正向点动指令（8轴运控板卡系统） ====》：输出AXIS{第1轴},点动量{1.5MM},运动速度{2MM/s}
2023-04-07 22:34:50,490 [AppLog] INFO : 成形面高度上升层厚 TrapSpace{1.5mm}：TrapMoveUp(1, true, Convert.ToString(vel), Convert.ToString(TrapSpace), true, true）
2023-04-07 22:34:50,490 [AppLog] INFO : 自动铺粉正常结束：NewAutoSupplyPowderThread2
2023-04-07 22:34:50,490 [AppLog] INFO : 发送监控指令，拍照记录1条：SendMessageFromSharedMemory
2023-04-07 22:34:50,490 [AppLog] INFO : 执行完成铺粉固化操作：EquipmentMotionLogic3：m_bApplyPowderSupplyMotion:0
2023-04-07 22:34:50,490 [AppLog] INFO : 接收到恢复打印指令：PrintTaskTHREAD
2023-04-07 22:34:50,490 [AppLog] INFO : 获取打印Pass数据：IDP_GetPassItem2：nLayerIndex{10}nPassID{0}nProcState{3}LPPassDataItemb:PrtDir{False}nDataTxCompleteCnt{1}nHwMemAdrMatchMask{1}nLayerIndex{10}nLayerPassCount{6}nLayerPassIndex{0}nMinJet0ImgLinePos{0}nPrtMemHwAddr{System.UInt32[]}nPrtDataOffset{System.UInt32[]}nSrcDataSize{System.UInt32[]}nPrtColBytes{System.UInt32[]}nPrtPrecession{8}nSrcEndCols{8000}nSrcStartCols{0}nStartEncPos{76472}nValidPassJets{1280}nValidPrtCols{8310}nValidPrtCtlCnts{1}pDataBuf{0}pNextItem{674087120}
2023-04-07 22:34:50,505 [AppLog] INFO : 使能Pass打印成功：IDP_DoPassPrint2：nLayerIndex{10}nPassID{0}
2023-04-07 22:34:50,536 [AppLog] INFO : PASS打印前关键状态：DEV_GetDeviceInfo2：nLayerIndex{10}nPassID{0}LPPRINTER_INFO:nXSysEncDPI{0}nStatus{0}nPrintStatus{0}bSuperDevice{0}
LPPRINTER_INFO-LPPrtRunInfo:bJobPrtRuning{False}bLayerPrtIsOver{False}nContReqMemErr{0}nContWDErr{0}nCurPrtDir{0}nDTLayerIndex{0}nDTLayerPassIndex{0}nDTPtrCtlIndex{0}nLayerPassCount{0}nPrintLayerIndex{0}nPrintPassIndex{0}nProcLayerIndex{0}nPrtDataMemAddr{0}nPrtState{0}nReverse{System.Int32[]}nRevPrtCols{0}
LPPRINTER_INFO-LPDRVINFO:nFMVersion{0}nFpgaVersion{0}nPCBVersion{0}nState{0}nNextState{0}nPtvwarnState{0}nCrc32{0}nRevInfo{System.UInt32[]}nSignature{0}
2023-04-07 22:34:50,536 [AppLog] INFO : 进入：EquipmentMotionLogic3=》准备创建对象-手动操作！
2023-04-07 22:34:50,536 [AppLog] INFO : 进入：EquipmentMotionLogic3=》不需重新创建-手动操作！
2023-04-07 22:34:50,536 [AppLog] INFO : 进入：EquipmentMotionLogic3=》赋值完成自-AutoPrintMotion2！
2023-04-07 22:34:50,536 [AppLog] INFO : 进入：EquipmentMotionLogic3=》加载配置文件-LoadJsonFile成功！
2023-04-07 22:34:50,536 [AppLog] INFO : 进入自动清洗过程：AutoCleanThread
2023-04-07 22:34:51,504 [AppLog] INFO : 刮墨轴回零成功：motionMap.SetBackSpreaderAxis(4, 1, 2, -SinkPosition)
2023-04-07 22:34:51,504 [AppLog] INFO : 准备读取编码器位置：Y方向！
2023-04-07 22:34:51,504 [AppLog] INFO : 准备运动，编码器当前位置：DEM_GetAxisEncodeVal：MoveDirectionFlag{false为Y方向：True}CurrentPos{121.36}AimPos{121}
2023-04-07 22:34:51,535 [AppLog] INFO : Y方向运动开始：DEM_Run：返回值{True}nAxis{1}DirFlag{False}nSpeed{300000}MoveStep{-359.999999999999}nCtlValue{0}
2023-04-07 22:34:51,550 [AppLog] INFO : Y方向到位停止：DEM_StopAxisRun：返回值{True}CurrentPos{121.36}bImmeStop{False}nAxisMask{2}
2023-04-07 22:34:51,550 [AppLog] INFO : 准备读取编码器位置：X方向！
2023-04-07 22:34:51,566 [AppLog] INFO : 准备运动，当前位置：DEV_GetPrintEncoderValue：MoveDirectionFlag{false为Y方向：False}CurrentPos{784.565}AimPos{780}
2023-04-07 22:34:51,597 [AppLog] INFO : X方向运动开始：DEM_Run：返回值{True}nAxis{0}DirFlag{False}nSpeed{300000}MoveStep{-4565.00000000005}nCtlValue{2}
2023-04-07 22:34:51,769 [AppLog] INFO : X方向到位停止：DEM_StopAxisRun：返回值{True}CurrentPos{783.435}bImmeStop{False}nAxisMask{1}
2023-04-07 22:34:52,596 [AppLog] INFO : 开启压墨： motionMap.SetDo(13, true)
2023-04-07 22:34:56,605 [AppLog] INFO : 关闭压墨： motionMap.SetDo(13, true)
2023-04-07 22:34:56,605 [AppLog] INFO : 准备读取编码器位置：X方向！
2023-04-07 22:34:56,605 [AppLog] INFO : 准备运动，当前位置：DEV_GetPrintEncoderValue：MoveDirectionFlag{false为Y方向：False}CurrentPos{780.35}AimPos{680}
2023-04-07 22:34:56,636 [AppLog] INFO : X方向运动开始：DEM_Run：返回值{True}nAxis{0}DirFlag{False}nSpeed{50000}MoveStep{-100350}nCtlValue{2}
2023-04-07 22:34:58,695 [AppLog] INFO : X方向到位停止：DEM_StopAxisRun：返回值{True}CurrentPos{683.855}bImmeStop{False}nAxisMask{1}
2023-04-07 22:34:59,522 [AppLog] INFO : 结束自动清洗过程：AutoCleanThread
2023-04-07 22:34:59,522 [AppLog] INFO : 进入：EquipmentMotionLogic3=》准备创建对象-手动操作！
2023-04-07 22:34:59,522 [AppLog] INFO : 进入：EquipmentMotionLogic3=》不需重新创建-手动操作！
2023-04-07 22:34:59,522 [AppLog] INFO : 进入：EquipmentMotionLogic3=》赋值完成自-AutoPrintMotion2！
2023-04-07 22:34:59,522 [AppLog] INFO : 进入：EquipmentMotionLogic3=》加载配置文件-LoadJsonFile成功！
2023-04-07 22:34:59,522 [AppLog] INFO : 进入：AutoPrintThread2！
2023-04-07 22:34:59,522 [AppLog] INFO : 关闭闪喷操作：IDP_FlashPrtCtl：返回值{True}
2023-04-07 22:34:59,522 [AppLog] INFO : 准备读取编码器位置：Y方向！
2023-04-07 22:34:59,522 [AppLog] INFO : 准备运动，编码器当前位置：DEM_GetAxisEncodeVal：MoveDirectionFlag{false为Y方向：True}CurrentPos{121}AimPos{15}
2023-04-07 22:34:59,553 [AppLog] INFO : Y方向运动开始：DEM_Run：返回值{True}nAxis{1}DirFlag{False}nSpeed{300000}MoveStep{-106000}nCtlValue{0}
2023-04-07 22:34:59,553 [AppLog] INFO : 准备读取编码器位置：X方向！
2023-04-07 22:34:59,553 [AppLog] INFO : 准备运动，当前位置：DEV_GetPrintEncoderValue：MoveDirectionFlag{false为Y方向：False}CurrentPos{680.325}AimPos{425}
2023-04-07 22:34:59,584 [AppLog] INFO : X方向运动开始：DEM_Run：返回值{True}nAxis{0}DirFlag{False}nSpeed{300000}MoveStep{-255325}nCtlValue{2}
2023-04-07 22:35:00,988 [AppLog] INFO : X方向到位停止：DEM_StopAxisRun：返回值{True}CurrentPos{429.725}bImmeStop{False}nAxisMask{1}
2023-04-07 22:35:00,988 [AppLog] INFO : 准备读取编码器位置：X方向！
2023-04-07 22:35:01,004 [AppLog] INFO : 准备运动，当前位置：DEV_GetPrintEncoderValue：MoveDirectionFlag{false为Y方向：False}CurrentPos{429.04}AimPos{25}
2023-04-07 22:35:01,035 [AppLog] INFO : X方向运动开始：DEM_Run：返回值{True}nAxis{0}DirFlag{False}nSpeed{300000}MoveStep{-404040}nCtlValue{2}
2023-04-07 22:35:02,923 [AppLog] INFO : X方向到位停止：DEM_StopAxisRun：返回值{True}CurrentPos{26.005}bImmeStop{False}nAxisMask{1}
2023-04-07 22:35:02,923 [AppLog] INFO : 准备读取编码器位置：Y方向！
2023-04-07 22:35:02,938 [AppLog] INFO : 准备运动，编码器当前位置：DEM_GetAxisEncodeVal：MoveDirectionFlag{false为Y方向：True}CurrentPos{15.16}AimPos{69}
2023-04-07 22:35:02,970 [AppLog] INFO : Y方向运动开始：DEM_Run：返回值{True}nAxis{1}DirFlag{True}nSpeed{300000}MoveStep{53840}nCtlValue{0}
2023-04-07 22:35:03,157 [AppLog] INFO : Y方向到位停止：DEM_StopAxisRun：返回值{True}CurrentPos{26.6}bImmeStop{False}nAxisMask{2}
2023-04-07 22:35:03,157 [AppLog] INFO : 获取打印Pass数据：IDP_GetPassItem2：nLayerIndex{10}nPassID{1}nProcState{3}LPPassDataItemb:PrtDir{True}nDataTxCompleteCnt{1}nHwMemAdrMatchMask{1}nLayerIndex{10}nLayerPassCount{6}nLayerPassIndex{1}nMinJet0ImgLinePos{1280}nPrtMemHwAddr{System.UInt32[]}nPrtDataOffset{System.UInt32[]}nSrcDataSize{System.UInt32[]}nPrtColBytes{System.UInt32[]}nPrtPrecession{8}nSrcEndCols{8000}nSrcStartCols{0}nStartEncPos{10000}nValidPassJets{1280}nValidPrtCols{8310}nValidPrtCtlCnts{1}pDataBuf{0}pNextItem{674087280}
2023-04-07 22:35:03,172 [AppLog] INFO : 使能Pass打印成功：IDP_DoPassPrint2：nLayerIndex{10}nPassID{1}
2023-04-07 22:35:03,172 [AppLog] INFO : PASS打印前关键状态：DEV_GetDeviceInfo2：nLayerIndex{10}nPassID{1}LPPRINTER_INFO:nXSysEncDPI{0}nStatus{0}nPrintStatus{0}bSuperDevice{0}
LPPRINTER_INFO-LPPrtRunInfo:bJobPrtRuning{False}bLayerPrtIsOver{False}nContReqMemErr{0}nContWDErr{0}nCurPrtDir{0}nDTLayerIndex{0}nDTLayerPassIndex{0}nDTPtrCtlIndex{0}nLayerPassCount{0}nPrintLayerIndex{0}nPrintPassIndex{0}nProcLayerIndex{0}nPrtDataMemAddr{0}nPrtState{0}nReverse{System.Int32[]}nRevPrtCols{0}
LPPRINTER_INFO-LPDRVINFO:nFMVersion{0}nFpgaVersion{0}nPCBVersion{0}nState{0}nNextState{0}nPtvwarnState{0}nCrc32{0}nRevInfo{System.UInt32[]}nSignature{0}
2023-04-07 22:35:03,172 [AppLog] INFO : 进入：EquipmentMotionLogic3=》准备创建对象-手动操作！
2023-04-07 22:35:03,172 [AppLog] INFO : 进入：EquipmentMotionLogic3=》不需重新创建-手动操作！
2023-04-07 22:35:03,172 [AppLog] INFO : 进入：EquipmentMotionLogic3=》赋值完成自-AutoPrintMotion2！
2023-04-07 22:35:03,172 [AppLog] INFO : 进入：EquipmentMotionLogic3=》加载配置文件-LoadJsonFile成功！
2023-04-07 22:35:03,172 [AppLog] INFO : 进入：AutoPrintThread2！
2023-04-07 22:35:03,172 [AppLog] INFO : 准备读取编码器位置：X方向！
2023-04-07 22:35:03,172 [AppLog] INFO : 准备运动，当前位置：DEV_GetPrintEncoderValue：MoveDirectionFlag{false为Y方向：False}CurrentPos{21.955}AimPos{425}
2023-04-07 22:35:03,204 [AppLog] INFO : X方向运动开始：DEM_Run：返回值{True}nAxis{0}DirFlag{True}nSpeed{300000}MoveStep{403045}nCtlValue{2}
2023-04-07 22:35:05,091 [AppLog] INFO : X方向到位停止：DEM_StopAxisRun：返回值{True}CurrentPos{419.145}bImmeStop{False}nAxisMask{1}
2023-04-07 22:35:05,091 [AppLog] INFO : 准备读取编码器位置：Y方向！
2023-04-07 22:35:05,091 [AppLog] INFO : 准备运动，编码器当前位置：DEM_GetAxisEncodeVal：MoveDirectionFlag{false为Y方向：True}CurrentPos{68.91}AimPos{123}
2023-04-07 22:35:05,122 [AppLog] INFO : Y方向运动开始：DEM_Run：返回值{True}nAxis{1}DirFlag{True}nSpeed{300000}MoveStep{54090}nCtlValue{0}
2023-04-07 22:35:05,310 [AppLog] INFO : Y方向到位停止：DEM_StopAxisRun：返回值{True}CurrentPos{79.265}bImmeStop{False}nAxisMask{2}
2023-04-07 22:35:05,310 [AppLog] INFO : 获取打印Pass数据：IDP_GetPassItem2：nLayerIndex{10}nPassID{2}nProcState{3}LPPassDataItemb:PrtDir{False}nDataTxCompleteCnt{1}nHwMemAdrMatchMask{1}nLayerIndex{10}nLayerPassCount{6}nLayerPassIndex{2}nMinJet0ImgLinePos{2560}nPrtMemHwAddr{System.UInt32[]}nPrtDataOffset{System.UInt32[]}nSrcDataSize{System.UInt32[]}nPrtColBytes{System.UInt32[]}nPrtPrecession{8}nSrcEndCols{8000}nSrcStartCols{0}nStartEncPos{76472}nValidPassJets{1280}nValidPrtCols{8310}nValidPrtCtlCnts{1}pDataBuf{0}pNextItem{674087440}
2023-04-07 22:35:05,325 [AppLog] INFO : 使能Pass打印成功：IDP_DoPassPrint2：nLayerIndex{10}nPassID{2}
2023-04-07 22:35:05,341 [AppLog] INFO : PASS打印前关键状态：DEV_GetDeviceInfo2：nLayerIndex{10}nPassID{2}LPPRINTER_INFO:nXSysEncDPI{0}nStatus{0}nPrintStatus{0}bSuperDevice{0}
LPPRINTER_INFO-LPPrtRunInfo:bJobPrtRuning{False}bLayerPrtIsOver{False}nContReqMemErr{0}nContWDErr{0}nCurPrtDir{0}nDTLayerIndex{0}nDTLayerPassIndex{0}nDTPtrCtlIndex{0}nLayerPassCount{0}nPrintLayerIndex{0}nPrintPassIndex{0}nProcLayerIndex{0}nPrtDataMemAddr{0}nPrtState{0}nReverse{System.Int32[]}nRevPrtCols{0}
LPPRINTER_INFO-LPDRVINFO:nFMVersion{0}nFpgaVersion{0}nPCBVersion{0}nState{0}nNextState{0}nPtvwarnState{0}nCrc32{0}nRevInfo{System.UInt32[]}nSignature{0}
2023-04-07 22:35:05,341 [AppLog] INFO : 进入：EquipmentMotionLogic3=》准备创建对象-手动操作！
2023-04-07 22:35:05,341 [AppLog] INFO : 进入：EquipmentMotionLogic3=》不需重新创建-手动操作！
2023-04-07 22:35:05,341 [AppLog] INFO : 进入：EquipmentMotionLogic3=》赋值完成自-AutoPrintMotion2！
2023-04-07 22:35:05,341 [AppLog] INFO : 进入：EquipmentMotionLogic3=》加载配置文件-LoadJsonFile成功！
2023-04-07 22:35:05,341 [AppLog] INFO : 进入：AutoPrintThread2！
2023-04-07 22:35:05,341 [AppLog] INFO : 准备读取编码器位置：X方向！
2023-04-07 22:35:05,341 [AppLog] INFO : 准备运动，当前位置：DEV_GetPrintEncoderValue：MoveDirectionFlag{false为Y方向：False}CurrentPos{423.355}AimPos{25}
2023-04-07 22:35:05,388 [AppLog] INFO : X方向运动开始：DEM_Run：返回值{True}nAxis{0}DirFlag{False}nSpeed{300000}MoveStep{-398355}nCtlValue{2}
2023-04-07 22:35:07,260 [AppLog] INFO : X方向到位停止：DEM_StopAxisRun：返回值{True}CurrentPos{30.705}bImmeStop{False}nAxisMask{1}
2023-04-07 22:35:07,260 [AppLog] INFO : 准备读取编码器位置：Y方向！
2023-04-07 22:35:07,260 [AppLog] INFO : 准备运动，编码器当前位置：DEM_GetAxisEncodeVal：MoveDirectionFlag{false为Y方向：True}CurrentPos{122.86}AimPos{177}
2023-04-07 22:35:07,291 [AppLog] INFO : Y方向运动开始：DEM_Run：返回值{True}nAxis{1}DirFlag{True}nSpeed{300000}MoveStep{54140}nCtlValue{0}
2023-04-07 22:35:07,494 [AppLog] INFO : Y方向到位停止：DEM_StopAxisRun：返回值{True}CurrentPos{138.845}bImmeStop{False}nAxisMask{2}
2023-04-07 22:35:07,494 [AppLog] INFO : 获取打印Pass数据：IDP_GetPassItem2：nLayerIndex{10}nPassID{3}nProcState{3}LPPassDataItemb:PrtDir{True}nDataTxCompleteCnt{1}nHwMemAdrMatchMask{1}nLayerIndex{10}nLayerPassCount{6}nLayerPassIndex{3}nMinJet0ImgLinePos{3840}nPrtMemHwAddr{System.UInt32[]}nPrtDataOffset{System.UInt32[]}nSrcDataSize{System.UInt32[]}nPrtColBytes{System.UInt32[]}nPrtPrecession{8}nSrcEndCols{8000}nSrcStartCols{0}nStartEncPos{10000}nValidPassJets{1280}nValidPrtCols{8310}nValidPrtCtlCnts{1}pDataBuf{0}pNextItem{674087600}
2023-04-07 22:35:07,509 [AppLog] INFO : 使能Pass打印成功：IDP_DoPassPrint2：nLayerIndex{10}nPassID{3}
2023-04-07 22:35:07,509 [AppLog] INFO : PASS打印前关键状态：DEV_GetDeviceInfo2：nLayerIndex{10}nPassID{3}LPPRINTER_INFO:nXSysEncDPI{0}nStatus{0}nPrintStatus{0}bSuperDevice{0}
LPPRINTER_INFO-LPPrtRunInfo:bJobPrtRuning{False}bLayerPrtIsOver{False}nContReqMemErr{0}nContWDErr{0}nCurPrtDir{0}nDTLayerIndex{0}nDTLayerPassIndex{0}nDTPtrCtlIndex{0}nLayerPassCount{0}nPrintLayerIndex{0}nPrintPassIndex{0}nProcLayerIndex{0}nPrtDataMemAddr{0}nPrtState{0}nReverse{System.Int32[]}nRevPrtCols{0}
LPPRINTER_INFO-LPDRVINFO:nFMVersion{0}nFpgaVersion{0}nPCBVersion{0}nState{0}nNextState{0}nPtvwarnState{0}nCrc32{0}nRevInfo{System.UInt32[]}nSignature{0}
2023-04-07 22:35:07,509 [AppLog] INFO : 进入：EquipmentMotionLogic3=》准备创建对象-手动操作！
2023-04-07 22:35:07,509 [AppLog] INFO : 进入：EquipmentMotionLogic3=》不需重新创建-手动操作！
2023-04-07 22:35:07,525 [AppLog] INFO : 进入：EquipmentMotionLogic3=》赋值完成自-AutoPrintMotion2！
2023-04-07 22:35:07,525 [AppLog] INFO : 进入：EquipmentMotionLogic3=》加载配置文件-LoadJsonFile成功！
2023-04-07 22:35:07,525 [AppLog] INFO : 进入：AutoPrintThread2！
2023-04-07 22:35:07,525 [AppLog] INFO : 准备读取编码器位置：X方向！
2023-04-07 22:35:07,525 [AppLog] INFO : 准备运动，当前位置：DEV_GetPrintEncoderValue：MoveDirectionFlag{false为Y方向：False}CurrentPos{26.605}AimPos{425}
2023-04-07 22:35:07,556 [AppLog] INFO : X方向运动开始：DEM_Run：返回值{True}nAxis{0}DirFlag{True}nSpeed{300000}MoveStep{398395}nCtlValue{2}
2023-04-07 22:35:09,428 [AppLog] INFO : X方向到位停止：DEM_StopAxisRun：返回值{True}CurrentPos{418.705}bImmeStop{False}nAxisMask{1}
2023-04-07 22:35:09,428 [AppLog] INFO : 准备读取编码器位置：Y方向！
2023-04-07 22:35:09,428 [AppLog] INFO : 准备运动，编码器当前位置：DEM_GetAxisEncodeVal：MoveDirectionFlag{false为Y方向：True}CurrentPos{176.885}AimPos{231}
2023-04-07 22:35:09,459 [AppLog] INFO : Y方向运动开始：DEM_Run：返回值{True}nAxis{1}DirFlag{True}nSpeed{300000}MoveStep{54115}nCtlValue{0}
2023-04-07 22:35:09,678 [AppLog] INFO : Y方向到位停止：DEM_StopAxisRun：返回值{True}CurrentPos{195.225}bImmeStop{False}nAxisMask{2}
2023-04-07 22:35:09,678 [AppLog] INFO : 获取打印Pass数据：IDP_GetPassItem2：nLayerIndex{10}nPassID{4}nProcState{3}LPPassDataItemb:PrtDir{False}nDataTxCompleteCnt{1}nHwMemAdrMatchMask{1}nLayerIndex{10}nLayerPassCount{6}nLayerPassIndex{4}nMinJet0ImgLinePos{5120}nPrtMemHwAddr{System.UInt32[]}nPrtDataOffset{System.UInt32[]}nSrcDataSize{System.UInt32[]}nPrtColBytes{System.UInt32[]}nPrtPrecession{8}nSrcEndCols{8000}nSrcStartCols{0}nStartEncPos{76472}nValidPassJets{1280}nValidPrtCols{8310}nValidPrtCtlCnts{1}pDataBuf{0}pNextItem{674087760}
2023-04-07 22:35:09,693 [AppLog] INFO : 使能Pass打印成功：IDP_DoPassPrint2：nLayerIndex{10}nPassID{4}
2023-04-07 22:35:09,693 [AppLog] INFO : PASS打印前关键状态：DEV_GetDeviceInfo2：nLayerIndex{10}nPassID{4}LPPRINTER_INFO:nXSysEncDPI{0}nStatus{0}nPrintStatus{0}bSuperDevice{0}
LPPRINTER_INFO-LPPrtRunInfo:bJobPrtRuning{False}bLayerPrtIsOver{False}nContReqMemErr{0}nContWDErr{0}nCurPrtDir{0}nDTLayerIndex{0}nDTLayerPassIndex{0}nDTPtrCtlIndex{0}nLayerPassCount{0}nPrintLayerIndex{0}nPrintPassIndex{0}nProcLayerIndex{0}nPrtDataMemAddr{0}nPrtState{0}nReverse{System.Int32[]}nRevPrtCols{0}
LPPRINTER_INFO-LPDRVINFO:nFMVersion{0}nFpgaVersion{0}nPCBVersion{0}nState{0}nNextState{0}nPtvwarnState{0}nCrc32{0}nRevInfo{System.UInt32[]}nSignature{0}
2023-04-07 22:35:09,693 [AppLog] INFO : 进入：EquipmentMotionLogic3=》准备创建对象-手动操作！
2023-04-07 22:35:09,693 [AppLog] INFO : 进入：EquipmentMotionLogic3=》不需重新创建-手动操作！
2023-04-07 22:35:09,693 [AppLog] INFO : 进入：EquipmentMotionLogic3=》赋值完成自-AutoPrintMotion2！
2023-04-07 22:35:09,693 [AppLog] INFO : 进入：EquipmentMotionLogic3=》加载配置文件-LoadJsonFile成功！
2023-04-07 22:35:09,693 [AppLog] INFO : 进入：AutoPrintThread2！
2023-04-07 22:35:09,693 [AppLog] INFO : 准备读取编码器位置：X方向！
2023-04-07 22:35:09,693 [AppLog] INFO : 准备运动，当前位置：DEV_GetPrintEncoderValue：MoveDirectionFlag{false为Y方向：False}CurrentPos{423.405}AimPos{25}
2023-04-07 22:35:09,740 [AppLog] INFO : X方向运动开始：DEM_Run：返回值{True}nAxis{0}DirFlag{False}nSpeed{300000}MoveStep{-398405}nCtlValue{2}
2023-04-07 22:35:11,628 [AppLog] INFO : X方向到位停止：DEM_StopAxisRun：返回值{True}CurrentPos{31.23}bImmeStop{False}nAxisMask{1}
2023-04-07 22:35:11,628 [AppLog] INFO : 准备读取编码器位置：Y方向！
2023-04-07 22:35:11,628 [AppLog] INFO : 准备运动，编码器当前位置：DEM_GetAxisEncodeVal：MoveDirectionFlag{false为Y方向：True}CurrentPos{230.925}AimPos{285}
2023-04-07 22:35:11,659 [AppLog] INFO : Y方向运动开始：DEM_Run：返回值{True}nAxis{1}DirFlag{True}nSpeed{300000}MoveStep{54075}nCtlValue{0}
2023-04-07 22:35:11,846 [AppLog] INFO : Y方向到位停止：DEM_StopAxisRun：返回值{True}CurrentPos{241.385}bImmeStop{False}nAxisMask{2}
2023-04-07 22:35:11,846 [AppLog] INFO : 获取打印Pass数据：IDP_GetPassItem2：nLayerIndex{10}nPassID{5}nProcState{3}LPPassDataItemb:PrtDir{True}nDataTxCompleteCnt{1}nHwMemAdrMatchMask{1}nLayerIndex{10}nLayerPassCount{6}nLayerPassIndex{5}nMinJet0ImgLinePos{6400}nPrtMemHwAddr{System.UInt32[]}nPrtDataOffset{System.UInt32[]}nSrcDataSize{System.UInt32[]}nPrtColBytes{System.UInt32[]}nPrtPrecession{8}nSrcEndCols{8000}nSrcStartCols{0}nStartEncPos{10000}nValidPassJets{1280}nValidPrtCols{8310}nValidPrtCtlCnts{1}pDataBuf{0}pNextItem{0}
2023-04-07 22:35:11,862 [AppLog] INFO : 使能Pass打印成功：IDP_DoPassPrint2：nLayerIndex{10}nPassID{5}
2023-04-07 22:35:11,862 [AppLog] INFO : PASS打印前关键状态：DEV_GetDeviceInfo2：nLayerIndex{10}nPassID{5}LPPRINTER_INFO:nXSysEncDPI{0}nStatus{0}nPrintStatus{0}bSuperDevice{0}
LPPRINTER_INFO-LPPrtRunInfo:bJobPrtRuning{False}bLayerPrtIsOver{False}nContReqMemErr{0}nContWDErr{0}nCurPrtDir{0}nDTLayerIndex{0}nDTLayerPassIndex{0}nDTPtrCtlIndex{0}nLayerPassCount{0}nPrintLayerIndex{0}nPrintPassIndex{0}nProcLayerIndex{0}nPrtDataMemAddr{0}nPrtState{0}nReverse{System.Int32[]}nRevPrtCols{0}
LPPRINTER_INFO-LPDRVINFO:nFMVersion{0}nFpgaVersion{0}nPCBVersion{0}nState{0}nNextState{0}nPtvwarnState{0}nCrc32{0}nRevInfo{System.UInt32[]}nSignature{0}
2023-04-07 22:35:11,862 [AppLog] INFO : 进入：EquipmentMotionLogic3=》准备创建对象-手动操作！
2023-04-07 22:35:11,862 [AppLog] INFO : 进入：EquipmentMotionLogic3=》不需重新创建-手动操作！
2023-04-07 22:35:11,862 [AppLog] INFO : 进入：EquipmentMotionLogic3=》赋值完成自-AutoPrintMotion2！
2023-04-07 22:35:11,862 [AppLog] INFO : 进入：EquipmentMotionLogic3=》加载配置文件-LoadJsonFile成功！
2023-04-07 22:35:11,862 [AppLog] INFO : 进入：AutoPrintThread2！
2023-04-07 22:35:11,862 [AppLog] INFO : 准备读取编码器位置：X方向！
2023-04-07 22:35:11,862 [AppLog] INFO : 准备运动，当前位置：DEV_GetPrintEncoderValue：MoveDirectionFlag{false为Y方向：False}CurrentPos{26.605}AimPos{425}
2023-04-07 22:35:11,893 [AppLog] INFO : X方向运动开始：DEM_Run：返回值{True}nAxis{0}DirFlag{True}nSpeed{300000}MoveStep{398395}nCtlValue{2}
2023-04-07 22:35:13,765 [AppLog] INFO : X方向到位停止：DEM_StopAxisRun：返回值{True}CurrentPos{418.175}bImmeStop{False}nAxisMask{1}
2023-04-07 22:35:13,765 [AppLog] INFO : 准备读取编码器位置：X方向！
2023-04-07 22:35:13,765 [AppLog] INFO : 准备运动，当前位置：DEV_GetPrintEncoderValue：MoveDirectionFlag{false为Y方向：False}CurrentPos{418.39}AimPos{780}
2023-04-07 22:35:13,827 [AppLog] INFO : X方向运动开始：DEM_Run：返回值{True}nAxis{0}DirFlag{True}nSpeed{300000}MoveStep{361610}nCtlValue{2}
2023-04-07 22:35:13,827 [AppLog] INFO : 准备读取编码器位置：Y方向！
2023-04-07 22:35:13,827 [AppLog] INFO : 准备运动，编码器当前位置：DEM_GetAxisEncodeVal：MoveDirectionFlag{false为Y方向：True}CurrentPos{284.91}AimPos{121}
2023-04-07 22:35:13,858 [AppLog] INFO : Y方向运动开始：DEM_Run：返回值{True}nAxis{1}DirFlag{False}nSpeed{300000}MoveStep{-163910}nCtlValue{0}
2023-04-07 22:35:15,590 [AppLog] INFO : Y方向到位等停：DEM_StopAxisRun：返回值{True}bImmeStop{False}nAxisMask{1}
2023-04-07 22:35:15,606 [AppLog] INFO : X方向到位等停：DEM_StopAxisRun：返回值{True}bImmeStop{False}nAxisMask{2}
2023-04-07 22:35:15,621 [AppLog] INFO : 开启闪喷操作：IDP_FlashPrtCtl：返回值{True}
2023-04-07 22:35:15,621 [AppLog] INFO : 进入：EquipmentMotionLogic3=》准备创建对象-手动操作！
2023-04-07 22:35:15,621 [AppLog] INFO : 进入：EquipmentMotionLogic3=》不需重新创建-手动操作！
2023-04-07 22:35:15,621 [AppLog] INFO : 进入：EquipmentMotionLogic3=》赋值完成自-AutoPrintMotion2！
2023-04-07 22:35:15,621 [AppLog] INFO : 进入：EquipmentMotionLogic3=》加载配置文件-LoadJsonFile成功！
2023-04-07 22:35:15,621 [AppLog] INFO : 进入自动铺粉逻辑：NewAutoSupplyPowderThread2
2023-04-07 22:35:15,699 [AppLog] INFO : 手动正向点动指令（8轴运控板卡系统） ====》：输出AXIS{第1轴},点动量{-0.1MM},运动速度{2MM/s}
2023-04-07 22:35:15,699 [AppLog] INFO : 成形面高度下降层厚 TrapSpace{0.1mm}：TrapMoveUp(1, true, Convert.ToString(vel), Convert.ToString(TrapSpace), true, true）
2023-04-07 22:35:16,464 [AppLog] INFO : 手动正向点动指令（8轴运控板卡系统） ====》：输出AXIS{第1轴},点动量{-1.5MM},运动速度{2MM/s}
2023-04-07 22:35:16,464 [AppLog] INFO : 成形面高度下降指定厚度 TrapSpace{1.5mm}：TrapMoveUp(1, true, Convert.ToString(vel), Convert.ToString(TrapSpace), true, true）
2023-04-07 22:35:17,244 [AppLog] INFO : 手动正向点动指令（8轴运控板卡系统） ====》：输出AXIS{第1轴},点动量{1.5MM},运动速度{2MM/s}
2023-04-07 22:35:17,244 [AppLog] INFO : 成形面高度上升层厚 TrapSpace{1.5mm}：TrapMoveUp(1, true, Convert.ToString(vel), Convert.ToString(TrapSpace), true, true）
2023-04-07 22:35:17,462 [AppLog] INFO : 手动正向点动指令（8轴运控板卡系统） ====》：输出AXIS{第8轴},点动量{0.5MM},运动速度{2.5MM/s}
2023-04-07 22:35:17,462 [AppLog] INFO : Hopper落粉轴转2圈落粉，速度0.5rev/s：TrapMoveUp(8, true, 0.5, rotateNuM.ToString(), true, false)
2023-04-07 22:35:18,757 [AppLog] INFO : 手动正向点动指令（8轴运控板卡系统） ====》：输出AXIS{第2轴},点动量{258MM},运动速度{200MM/s}
2023-04-07 22:35:18,757 [AppLog] INFO : 开启铺粉车不等停运动至准备打印位置255mm，速度200mm/s：BackToStation2
2023-04-07 22:35:18,757 [AppLog] INFO : 手动正向点动指令（8轴运控板卡系统） ====》：输出AXIS{第2轴},点动量{440MM},运动速度{50MM/s}
2023-04-07 22:35:18,757 [AppLog] INFO : 开启铺粉车不等停运动至准备打印位置695mm，速度50mm/s：BackToStation2
2023-04-07 22:35:18,866 [AppLog] INFO : 打开IR灯：OpenIRLamp(true)
2023-04-07 22:35:18,866 [AppLog] INFO : 手动正向点动指令（8轴运控板卡系统） ====》：输出AXIS{第3轴},点动量{0.5MM},运动速度{0.0753424657534247MM/s}
2023-04-07 22:35:18,866 [AppLog] INFO : 开启均匀落粉及辊子铺平运动：TrapMoveUp(3, true, Convert.ToString(DispenseRollerSpeed), 0.5, true, true)
2023-04-07 22:35:23,967 [AppLog] INFO : 关闭IR灯：OpenIRLamp(false)
2023-04-07 22:35:26,323 [AppLog] INFO : 手动正向点动指令（8轴运控板卡系统） ====》：输出AXIS{第3轴},点动量{0.5MM},运动速度{2MM/s}
2023-04-07 22:35:26,323 [AppLog] INFO : 落粉轴继续转动以倒掉余粉：TrapMoveUp(3, true, 2, 0.5, true, false)
2023-04-07 22:35:28,335 [AppLog] INFO : 手动正向点动指令（8轴运控板卡系统） ====》：输出AXIS{第1轴},点动量{-1.5MM},运动速度{2MM/s}
2023-04-07 22:35:28,335 [AppLog] INFO : 成形面高度下降指定厚度 TrapSpace{1.5mm}：TrapMoveUp(1, true, Convert.ToString(vel), Convert.ToString(TrapSpace), true, true）
2023-04-07 22:35:31,830 [AppLog] INFO : 手动正向点动指令（8轴运控板卡系统） ====》：输出AXIS{第2轴},点动量{-698MM},运动速度{200MM/s}
2023-04-07 22:35:31,830 [AppLog] INFO : 铺粉车返回至站1：BackToStation2(AimPos, MovSpeed, true)：-3mm，速度200mm/s：BackToStation2
2023-04-07 22:35:32,220 [AppLog] INFO : 落粉轴回零成功：motionMap.SetBackSpreaderAxis(3, 0.5, 2, -SinkPosition)：ReturnCode{True}
2023-04-07 22:35:32,984 [AppLog] INFO : 手动正向点动指令（8轴运控板卡系统） ====》：输出AXIS{第1轴},点动量{1.5MM},运动速度{2MM/s}
2023-04-07 22:35:32,984 [AppLog] INFO : 成形面高度上升层厚 TrapSpace{1.5mm}：TrapMoveUp(1, true, Convert.ToString(vel), Convert.ToString(TrapSpace), true, true）
2023-04-07 22:35:32,984 [AppLog] INFO : 自动铺粉正常结束：NewAutoSupplyPowderThread2
2023-04-07 22:35:32,984 [AppLog] INFO : 发送监控指令，拍照记录1条：SendMessageFromSharedMemory
2023-04-07 22:35:32,984 [AppLog] INFO : 执行完成铺粉固化操作：EquipmentMotionLogic3：m_bApplyPowderSupplyMotion:0
2023-04-07 22:35:32,984 [AppLog] INFO : 接收到恢复打印指令：PrintTaskTHREAD
2023-04-07 22:35:32,984 [AppLog] INFO : 获取打印Pass数据：IDP_GetPassItem2：nLayerIndex{11}nPassID{0}nProcState{3}LPPassDataItemb:PrtDir{False}nDataTxCompleteCnt{1}nHwMemAdrMatchMask{1}nLayerIndex{11}nLayerPassCount{6}nLayerPassIndex{0}nMinJet0ImgLinePos{0}nPrtMemHwAddr{System.UInt32[]}nPrtDataOffset{System.UInt32[]}nSrcDataSize{System.UInt32[]}nPrtColBytes{System.UInt32[]}nPrtPrecession{8}nSrcEndCols{8000}nSrcStartCols{0}nStartEncPos{76472}nValidPassJets{1280}nValidPrtCols{8310}nValidPrtCtlCnts{1}pDataBuf{0}pNextItem{674088080}
2023-04-07 22:35:33,000 [AppLog] INFO : 使能Pass打印成功：IDP_DoPassPrint2：nLayerIndex{11}nPassID{0}
2023-04-07 22:35:33,000 [AppLog] INFO : PASS打印前关键状态：DEV_GetDeviceInfo2：nLayerIndex{11}nPassID{0}LPPRINTER_INFO:nXSysEncDPI{0}nStatus{0}nPrintStatus{0}bSuperDevice{0}
LPPRINTER_INFO-LPPrtRunInfo:bJobPrtRuning{False}bLayerPrtIsOver{False}nContReqMemErr{0}nContWDErr{0}nCurPrtDir{0}nDTLayerIndex{0}nDTLayerPassIndex{0}nDTPtrCtlIndex{0}nLayerPassCount{0}nPrintLayerIndex{0}nPrintPassIndex{0}nProcLayerIndex{0}nPrtDataMemAddr{0}nPrtState{0}nReverse{System.Int32[]}nRevPrtCols{0}
LPPRINTER_INFO-LPDRVINFO:nFMVersion{0}nFpgaVersion{0}nPCBVersion{0}nState{0}nNextState{0}nPtvwarnState{0}nCrc32{0}nRevInfo{System.UInt32[]}nSignature{0}
2023-04-07 22:35:33,000 [AppLog] INFO : 进入：EquipmentMotionLogic3=》准备创建对象-手动操作！
2023-04-07 22:35:33,000 [AppLog] INFO : 进入：EquipmentMotionLogic3=》不需重新创建-手动操作！
2023-04-07 22:35:33,000 [AppLog] INFO : 进入：EquipmentMotionLogic3=》赋值完成自-AutoPrintMotion2！
2023-04-07 22:35:33,000 [AppLog] INFO : 进入：EquipmentMotionLogic3=》加载配置文件-LoadJsonFile成功！
2023-04-07 22:35:33,000 [AppLog] INFO : 进入自动清洗过程：AutoCleanThread
2023-04-07 22:35:33,967 [AppLog] INFO : 刮墨轴回零成功：motionMap.SetBackSpreaderAxis(4, 1, 2, -SinkPosition)
2023-04-07 22:35:33,967 [AppLog] INFO : 准备读取编码器位置：Y方向！
2023-04-07 22:35:33,967 [AppLog] INFO : 准备运动，编码器当前位置：DEM_GetAxisEncodeVal：MoveDirectionFlag{false为Y方向：True}CurrentPos{121.345}AimPos{121}
2023-04-07 22:35:33,998 [AppLog] INFO : Y方向运动开始：DEM_Run：返回值{True}nAxis{1}DirFlag{False}nSpeed{300000}MoveStep{-344.999999999999}nCtlValue{0}
2023-04-07 22:35:33,998 [AppLog] INFO : Y方向到位停止：DEM_StopAxisRun：返回值{True}CurrentPos{121.345}bImmeStop{False}nAxisMask{2}
2023-04-07 22:35:33,998 [AppLog] INFO : 准备读取编码器位置：X方向！
2023-04-07 22:35:33,998 [AppLog] INFO : 准备运动，当前位置：DEV_GetPrintEncoderValue：MoveDirectionFlag{false为Y方向：False}CurrentPos{784.985}AimPos{780}
2023-04-07 22:35:34,029 [AppLog] INFO : X方向运动开始：DEM_Run：返回值{True}nAxis{0}DirFlag{False}nSpeed{300000}MoveStep{-4985.00000000001}nCtlValue{2}
2023-04-07 22:35:34,217 [AppLog] INFO : X方向到位停止：DEM_StopAxisRun：返回值{True}CurrentPos{783.21}bImmeStop{False}nAxisMask{1}
2023-04-07 22:35:35,043 [AppLog] INFO : 开启压墨： motionMap.SetDo(13, true)
2023-04-07 22:35:39,053 [AppLog] INFO : 关闭压墨： motionMap.SetDo(13, true)
2023-04-07 22:35:39,053 [AppLog] INFO : 准备读取编码器位置：X方向！
2023-04-07 22:35:39,053 [AppLog] INFO : 准备运动，当前位置：DEV_GetPrintEncoderValue：MoveDirectionFlag{false为Y方向：False}CurrentPos{780.36}AimPos{680}
2023-04-07 22:35:39,084 [AppLog] INFO : X方向运动开始：DEM_Run：返回值{True}nAxis{0}DirFlag{False}nSpeed{50000}MoveStep{-100360}nCtlValue{2}
2023-04-07 22:35:41,143 [AppLog] INFO : X方向到位停止：DEM_StopAxisRun：返回值{True}CurrentPos{683.685}bImmeStop{False}nAxisMask{1}
2023-04-07 22:35:41,970 [AppLog] INFO : 结束自动清洗过程：AutoCleanThread
2023-04-07 22:35:41,970 [AppLog] INFO : 进入：EquipmentMotionLogic3=》准备创建对象-手动操作！
2023-04-07 22:35:41,970 [AppLog] INFO : 进入：EquipmentMotionLogic3=》不需重新创建-手动操作！
2023-04-07 22:35:41,970 [AppLog] INFO : 进入：EquipmentMotionLogic3=》赋值完成自-AutoPrintMotion2！
2023-04-07 22:35:41,970 [AppLog] INFO : 进入：EquipmentMotionLogic3=》加载配置文件-LoadJsonFile成功！
2023-04-07 22:35:41,970 [AppLog] INFO : 进入：AutoPrintThread2！
2023-04-07 22:35:41,970 [AppLog] INFO : 关闭闪喷操作：IDP_FlashPrtCtl：返回值{True}
2023-04-07 22:35:41,970 [AppLog] INFO : 准备读取编码器位置：Y方向！
2023-04-07 22:35:41,970 [AppLog] INFO : 准备运动，编码器当前位置：DEM_GetAxisEncodeVal：MoveDirectionFlag{false为Y方向：True}CurrentPos{121}AimPos{15}
2023-04-07 22:35:42,001 [AppLog] INFO : Y方向运动开始：DEM_Run：返回值{True}nAxis{1}DirFlag{False}nSpeed{300000}MoveStep{-106000}nCtlValue{0}
2023-04-07 22:35:42,001 [AppLog] INFO : 准备读取编码器位置：X方向！
2023-04-07 22:35:42,017 [AppLog] INFO : 准备运动，当前位置：DEV_GetPrintEncoderValue：MoveDirectionFlag{false为Y方向：False}CurrentPos{680.285}AimPos{425}
2023-04-07 22:35:42,048 [AppLog] INFO : X方向运动开始：DEM_Run：返回值{True}nAxis{0}DirFlag{False}nSpeed{300000}MoveStep{-255285}nCtlValue{2}
2023-04-07 22:35:43,452 [AppLog] INFO : X方向到位停止：DEM_StopAxisRun：返回值{True}CurrentPos{429.495}bImmeStop{False}nAxisMask{1}
2023-04-07 22:35:43,452 [AppLog] INFO : 准备读取编码器位置：X方向！
2023-04-07 22:35:43,452 [AppLog] INFO : 准备运动，当前位置：DEV_GetPrintEncoderValue：MoveDirectionFlag{false为Y方向：False}CurrentPos{429.37}AimPos{25}
2023-04-07 22:35:43,483 [AppLog] INFO : X方向运动开始：DEM_Run：返回值{True}nAxis{0}DirFlag{False}nSpeed{300000}MoveStep{-404370}nCtlValue{2}
2023-04-07 22:35:45,371 [AppLog] INFO : X方向到位停止：DEM_StopAxisRun：返回值{True}CurrentPos{25.97}bImmeStop{False}nAxisMask{1}
2023-04-07 22:35:45,371 [AppLog] INFO : 准备读取编码器位置：Y方向！
2023-04-07 22:35:45,371 [AppLog] INFO : 准备运动，编码器当前位置：DEM_GetAxisEncodeVal：MoveDirectionFlag{false为Y方向：True}CurrentPos{15.16}AimPos{69}
2023-04-07 22:35:45,402 [AppLog] INFO : Y方向运动开始：DEM_Run：返回值{True}nAxis{1}DirFlag{True}nSpeed{300000}MoveStep{53840}nCtlValue{0}
2023-04-07 22:35:45,589 [AppLog] INFO : Y方向到位停止：DEM_StopAxisRun：返回值{True}CurrentPos{26.205}bImmeStop{False}nAxisMask{2}
2023-04-07 22:35:45,589 [AppLog] INFO : 获取打印Pass数据：IDP_GetPassItem2：nLayerIndex{11}nPassID{1}nProcState{3}LPPassDataItemb:PrtDir{True}nDataTxCompleteCnt{1}nHwMemAdrMatchMask{1}nLayerIndex{11}nLayerPassCount{6}nLayerPassIndex{1}nMinJet0ImgLinePos{1280}nPrtMemHwAddr{System.UInt32[]}nPrtDataOffset{System.UInt32[]}nSrcDataSize{System.UInt32[]}nPrtColBytes{System.UInt32[]}nPrtPrecession{8}nSrcEndCols{8000}nSrcStartCols{0}nStartEncPos{10000}nValidPassJets{1280}nValidPrtCols{8310}nValidPrtCtlCnts{1}pDataBuf{0}pNextItem{674088240}
2023-04-07 22:35:45,605 [AppLog] INFO : 使能Pass打印成功：IDP_DoPassPrint2：nLayerIndex{11}nPassID{1}
2023-04-07 22:35:45,605 [AppLog] INFO : PASS打印前关键状态：DEV_GetDeviceInfo2：nLayerIndex{11}nPassID{1}LPPRINTER_INFO:nXSysEncDPI{0}nStatus{0}nPrintStatus{0}bSuperDevice{0}
LPPRINTER_INFO-LPPrtRunInfo:bJobPrtRuning{False}bLayerPrtIsOver{False}nContReqMemErr{0}nContWDErr{0}nCurPrtDir{0}nDTLayerIndex{0}nDTLayerPassIndex{0}nDTPtrCtlIndex{0}nLayerPassCount{0}nPrintLayerIndex{0}nPrintPassIndex{0}nProcLayerIndex{0}nPrtDataMemAddr{0}nPrtState{0}nReverse{System.Int32[]}nRevPrtCols{0}
LPPRINTER_INFO-LPDRVINFO:nFMVersion{0}nFpgaVersion{0}nPCBVersion{0}nState{0}nNextState{0}nPtvwarnState{0}nCrc32{0}nRevInfo{System.UInt32[]}nSignature{0}
2023-04-07 22:35:45,605 [AppLog] INFO : 进入：EquipmentMotionLogic3=》准备创建对象-手动操作！
2023-04-07 22:35:45,605 [AppLog] INFO : 进入：EquipmentMotionLogic3=》不需重新创建-手动操作！
2023-04-07 22:35:45,605 [AppLog] INFO : 进入：EquipmentMotionLogic3=》赋值完成自-AutoPrintMotion2！
2023-04-07 22:35:45,605 [AppLog] INFO : 进入：EquipmentMotionLogic3=》加载配置文件-LoadJsonFile成功！
2023-04-07 22:35:45,605 [AppLog] INFO : 进入：AutoPrintThread2！
2023-04-07 22:35:45,605 [AppLog] INFO : 准备读取编码器位置：X方向！
2023-04-07 22:35:45,605 [AppLog] INFO : 准备运动，当前位置：DEV_GetPrintEncoderValue：MoveDirectionFlag{false为Y方向：False}CurrentPos{21.67}AimPos{425}
2023-04-07 22:35:45,636 [AppLog] INFO : X方向运动开始：DEM_Run：返回值{True}nAxis{0}DirFlag{True}nSpeed{300000}MoveStep{403330}nCtlValue{2}
2023-04-07 22:35:47,539 [AppLog] INFO : X方向到位停止：DEM_StopAxisRun：返回值{True}CurrentPos{420.1}bImmeStop{False}nAxisMask{1}
2023-04-07 22:35:47,539 [AppLog] INFO : 准备读取编码器位置：Y方向！
2023-04-07 22:35:47,539 [AppLog] INFO : 准备运动，编码器当前位置：DEM_GetAxisEncodeVal：MoveDirectionFlag{false为Y方向：True}CurrentPos{68.95}AimPos{123}
2023-04-07 22:35:47,570 [AppLog] INFO : Y方向运动开始：DEM_Run：返回值{True}nAxis{1}DirFlag{True}nSpeed{300000}MoveStep{54050}nCtlValue{0}
2023-04-07 22:35:47,757 [AppLog] INFO : Y方向到位停止：DEM_StopAxisRun：返回值{True}CurrentPos{79.16}bImmeStop{False}nAxisMask{2}
2023-04-07 22:35:47,757 [AppLog] INFO : 获取打印Pass数据：IDP_GetPassItem2：nLayerIndex{11}nPassID{2}nProcState{3}LPPassDataItemb:PrtDir{False}nDataTxCompleteCnt{1}nHwMemAdrMatchMask{1}nLayerIndex{11}nLayerPassCount{6}nLayerPassIndex{2}nMinJet0ImgLinePos{2560}nPrtMemHwAddr{System.UInt32[]}nPrtDataOffset{System.UInt32[]}nSrcDataSize{System.UInt32[]}nPrtColBytes{System.UInt32[]}nPrtPrecession{8}nSrcEndCols{8000}nSrcStartCols{0}nStartEncPos{76472}nValidPassJets{1280}nValidPrtCols{8310}nValidPrtCtlCnts{1}pDataBuf{0}pNextItem{674088400}
2023-04-07 22:35:47,757 [AppLog] INFO : 使能Pass打印成功：IDP_DoPassPrint2：nLayerIndex{11}nPassID{2}
2023-04-07 22:35:47,773 [AppLog] INFO : PASS打印前关键状态：DEV_GetDeviceInfo2：nLayerIndex{11}nPassID{2}LPPRINTER_INFO:nXSysEncDPI{0}nStatus{0}nPrintStatus{0}bSuperDevice{0}
LPPRINTER_INFO-LPPrtRunInfo:bJobPrtRuning{False}bLayerPrtIsOver{False}nContReqMemErr{0}nContWDErr{0}nCurPrtDir{0}nDTLayerIndex{0}nDTLayerPassIndex{0}nDTPtrCtlIndex{0}nLayerPassCount{0}nPrintLayerIndex{0}nPrintPassIndex{0}nProcLayerIndex{0}nPrtDataMemAddr{0}nPrtState{0}nReverse{System.Int32[]}nRevPrtCols{0}
LPPRINTER_INFO-LPDRVINFO:nFMVersion{0}nFpgaVersion{0}nPCBVersion{0}nState{0}nNextState{0}nPtvwarnState{0}nCrc32{0}nRevInfo{System.UInt32[]}nSignature{0}
2023-04-07 22:35:47,773 [AppLog] INFO : 进入：EquipmentMotionLogic3=》准备创建对象-手动操作！
2023-04-07 22:35:47,773 [AppLog] INFO : 进入：EquipmentMotionLogic3=》不需重新创建-手动操作！
2023-04-07 22:35:47,773 [AppLog] INFO : 进入：EquipmentMotionLogic3=》赋值完成自-AutoPrintMotion2！
2023-04-07 22:35:47,773 [AppLog] INFO : 进入：EquipmentMotionLogic3=》加载配置文件-LoadJsonFile成功！
2023-04-07 22:35:47,773 [AppLog] INFO : 进入：AutoPrintThread2！
2023-04-07 22:35:47,773 [AppLog] INFO : 准备读取编码器位置：X方向！
2023-04-07 22:35:47,773 [AppLog] INFO : 准备运动，当前位置：DEV_GetPrintEncoderValue：MoveDirectionFlag{false为Y方向：False}CurrentPos{423.325}AimPos{25}
2023-04-07 22:35:47,804 [AppLog] INFO : X方向运动开始：DEM_Run：返回值{True}nAxis{0}DirFlag{False}nSpeed{300000}MoveStep{-398325}nCtlValue{2}
2023-04-07 22:35:49,692 [AppLog] INFO : X方向到位停止：DEM_StopAxisRun：返回值{True}CurrentPos{29.855}bImmeStop{False}nAxisMask{1}
2023-04-07 22:35:49,692 [AppLog] INFO : 准备读取编码器位置：Y方向！
2023-04-07 22:35:49,692 [AppLog] INFO : 准备运动，编码器当前位置：DEM_GetAxisEncodeVal：MoveDirectionFlag{false为Y方向：True}CurrentPos{122.825}AimPos{177}
2023-04-07 22:35:49,723 [AppLog] INFO : Y方向运动开始：DEM_Run：返回值{True}nAxis{1}DirFlag{True}nSpeed{300000}MoveStep{54175}nCtlValue{0}
2023-04-07 22:35:49,910 [AppLog] INFO : Y方向到位停止：DEM_StopAxisRun：返回值{True}CurrentPos{133.28}bImmeStop{False}nAxisMask{2}
2023-04-07 22:35:49,910 [AppLog] INFO : 获取打印Pass数据：IDP_GetPassItem2：nLayerIndex{11}nPassID{3}nProcState{3}LPPassDataItemb:PrtDir{True}nDataTxCompleteCnt{1}nHwMemAdrMatchMask{1}nLayerIndex{11}nLayerPassCount{6}nLayerPassIndex{3}nMinJet0ImgLinePos{3840}nPrtMemHwAddr{System.UInt32[]}nPrtDataOffset{System.UInt32[]}nSrcDataSize{System.UInt32[]}nPrtColBytes{System.UInt32[]}nPrtPrecession{8}nSrcEndCols{8000}nSrcStartCols{0}nStartEncPos{10000}nValidPassJets{1280}nValidPrtCols{8310}nValidPrtCtlCnts{1}pDataBuf{0}pNextItem{674088560}
2023-04-07 22:35:49,910 [AppLog] INFO : 使能Pass打印成功：IDP_DoPassPrint2：nLayerIndex{11}nPassID{3}
2023-04-07 22:35:49,926 [AppLog] INFO : PASS打印前关键状态：DEV_GetDeviceInfo2：nLayerIndex{11}nPassID{3}LPPRINTER_INFO:nXSysEncDPI{0}nStatus{0}nPrintStatus{0}bSuperDevice{0}
LPPRINTER_INFO-LPPrtRunInfo:bJobPrtRuning{False}bLayerPrtIsOver{False}nContReqMemErr{0}nContWDErr{0}nCurPrtDir{0}nDTLayerIndex{0}nDTLayerPassIndex{0}nDTPtrCtlIndex{0}nLayerPassCount{0}nPrintLayerIndex{0}nPrintPassIndex{0}nProcLayerIndex{0}nPrtDataMemAddr{0}nPrtState{0}nReverse{System.Int32[]}nRevPrtCols{0}
LPPRINTER_INFO-LPDRVINFO:nFMVersion{0}nFpgaVersion{0}nPCBVersion{0}nState{0}nNextState{0}nPtvwarnState{0}nCrc32{0}nRevInfo{System.UInt32[]}nSignature{0}
2023-04-07 22:35:49,926 [AppLog] INFO : 进入：EquipmentMotionLogic3=》准备创建对象-手动操作！
2023-04-07 22:35:49,926 [AppLog] INFO : 进入：EquipmentMotionLogic3=》不需重新创建-手动操作！
2023-04-07 22:35:49,926 [AppLog] INFO : 进入：EquipmentMotionLogic3=》赋值完成自-AutoPrintMotion2！
2023-04-07 22:35:49,926 [AppLog] INFO : 进入：EquipmentMotionLogic3=》加载配置文件-LoadJsonFile成功！
2023-04-07 22:35:49,926 [AppLog] INFO : 进入：AutoPrintThread2！
2023-04-07 22:35:49,926 [AppLog] INFO : 准备读取编码器位置：X方向！
2023-04-07 22:35:49,926 [AppLog] INFO : 准备运动，当前位置：DEV_GetPrintEncoderValue：MoveDirectionFlag{false为Y方向：False}CurrentPos{26.625}AimPos{425}
2023-04-07 22:35:49,957 [AppLog] INFO : X方向运动开始：DEM_Run：返回值{True}nAxis{0}DirFlag{True}nSpeed{300000}MoveStep{398375}nCtlValue{2}
2023-04-07 22:35:51,829 [AppLog] INFO : X方向到位停止：DEM_StopAxisRun：返回值{True}CurrentPos{418.8}bImmeStop{False}nAxisMask{1}
2023-04-07 22:35:51,829 [AppLog] INFO : 准备读取编码器位置：Y方向！
2023-04-07 22:35:51,829 [AppLog] INFO : 准备运动，编码器当前位置：DEM_GetAxisEncodeVal：MoveDirectionFlag{false为Y方向：True}CurrentPos{176.895}AimPos{231}
2023-04-07 22:35:51,860 [AppLog] INFO : Y方向运动开始：DEM_Run：返回值{True}nAxis{1}DirFlag{True}nSpeed{300000}MoveStep{54105}nCtlValue{0}
2023-04-07 22:35:52,047 [AppLog] INFO : Y方向到位停止：DEM_StopAxisRun：返回值{True}CurrentPos{187.52}bImmeStop{False}nAxisMask{2}
2023-04-07 22:35:52,047 [AppLog] INFO : 获取打印Pass数据：IDP_GetPassItem2：nLayerIndex{11}nPassID{4}nProcState{3}LPPassDataItemb:PrtDir{False}nDataTxCompleteCnt{1}nHwMemAdrMatchMask{1}nLayerIndex{11}nLayerPassCount{6}nLayerPassIndex{4}nMinJet0ImgLinePos{5120}nPrtMemHwAddr{System.UInt32[]}nPrtDataOffset{System.UInt32[]}nSrcDataSize{System.UInt32[]}nPrtColBytes{System.UInt32[]}nPrtPrecession{8}nSrcEndCols{8000}nSrcStartCols{0}nStartEncPos{76472}nValidPassJets{1280}nValidPrtCols{8310}nValidPrtCtlCnts{1}pDataBuf{0}pNextItem{674088720}
2023-04-07 22:35:52,063 [AppLog] INFO : 使能Pass打印成功：IDP_DoPassPrint2：nLayerIndex{11}nPassID{4}
2023-04-07 22:35:52,079 [AppLog] INFO : PASS打印前关键状态：DEV_GetDeviceInfo2：nLayerIndex{11}nPassID{4}LPPRINTER_INFO:nXSysEncDPI{0}nStatus{0}nPrintStatus{0}bSuperDevice{0}
LPPRINTER_INFO-LPPrtRunInfo:bJobPrtRuning{False}bLayerPrtIsOver{False}nContReqMemErr{0}nContWDErr{0}nCurPrtDir{0}nDTLayerIndex{0}nDTLayerPassIndex{0}nDTPtrCtlIndex{0}nLayerPassCount{0}nPrintLayerIndex{0}nPrintPassIndex{0}nProcLayerIndex{0}nPrtDataMemAddr{0}nPrtState{0}nReverse{System.Int32[]}nRevPrtCols{0}
LPPRINTER_INFO-LPDRVINFO:nFMVersion{0}nFpgaVersion{0}nPCBVersion{0}nState{0}nNextState{0}nPtvwarnState{0}nCrc32{0}nRevInfo{System.UInt32[]}nSignature{0}
2023-04-07 22:35:52,079 [AppLog] INFO : 进入：EquipmentMotionLogic3=》准备创建对象-手动操作！
2023-04-07 22:35:52,079 [AppLog] INFO : 进入：EquipmentMotionLogic3=》不需重新创建-手动操作！
2023-04-07 22:35:52,079 [AppLog] INFO : 进入：EquipmentMotionLogic3=》赋值完成自-AutoPrintMotion2！
2023-04-07 22:35:52,079 [AppLog] INFO : 进入：EquipmentMotionLogic3=》加载配置文件-LoadJsonFile成功！
2023-04-07 22:35:52,079 [AppLog] INFO : 进入：AutoPrintThread2！
2023-04-07 22:35:52,079 [AppLog] INFO : 准备读取编码器位置：X方向！
2023-04-07 22:35:52,079 [AppLog] INFO : 准备运动，当前位置：DEV_GetPrintEncoderValue：MoveDirectionFlag{false为Y方向：False}CurrentPos{423.385}AimPos{25}
2023-04-07 22:35:52,125 [AppLog] INFO : X方向运动开始：DEM_Run：返回值{True}nAxis{0}DirFlag{False}nSpeed{300000}MoveStep{-398385}nCtlValue{2}
2023-04-07 22:35:53,997 [AppLog] INFO : X方向到位停止：DEM_StopAxisRun：返回值{True}CurrentPos{31.205}bImmeStop{False}nAxisMask{1}
2023-04-07 22:35:53,997 [AppLog] INFO : 准备读取编码器位置：Y方向！
2023-04-07 22:35:53,997 [AppLog] INFO : 准备运动，编码器当前位置：DEM_GetAxisEncodeVal：MoveDirectionFlag{false为Y方向：True}CurrentPos{230.92}AimPos{285}
2023-04-07 22:35:54,029 [AppLog] INFO : Y方向运动开始：DEM_Run：返回值{True}nAxis{1}DirFlag{True}nSpeed{300000}MoveStep{54080}nCtlValue{0}
2023-04-07 22:35:54,216 [AppLog] INFO : Y方向到位停止：DEM_StopAxisRun：返回值{True}CurrentPos{241.915}bImmeStop{False}nAxisMask{2}
2023-04-07 22:35:54,216 [AppLog] INFO : 获取打印Pass数据：IDP_GetPassItem2：nLayerIndex{11}nPassID{5}nProcState{3}LPPassDataItemb:PrtDir{True}nDataTxCompleteCnt{1}nHwMemAdrMatchMask{1}nLayerIndex{11}nLayerPassCount{6}nLayerPassIndex{5}nMinJet0ImgLinePos{6400}nPrtMemHwAddr{System.UInt32[]}nPrtDataOffset{System.UInt32[]}nSrcDataSize{System.UInt32[]}nPrtColBytes{System.UInt32[]}nPrtPrecession{8}nSrcEndCols{8000}nSrcStartCols{0}nStartEncPos{10000}nValidPassJets{1280}nValidPrtCols{8310}nValidPrtCtlCnts{1}pDataBuf{0}pNextItem{0}
2023-04-07 22:35:54,231 [AppLog] INFO : 使能Pass打印成功：IDP_DoPassPrint2：nLayerIndex{11}nPassID{5}
2023-04-07 22:35:54,231 [AppLog] INFO : PASS打印前关键状态：DEV_GetDeviceInfo2：nLayerIndex{11}nPassID{5}LPPRINTER_INFO:nXSysEncDPI{0}nStatus{0}nPrintStatus{0}bSuperDevice{0}
LPPRINTER_INFO-LPPrtRunInfo:bJobPrtRuning{False}bLayerPrtIsOver{False}nContReqMemErr{0}nContWDErr{0}nCurPrtDir{0}nDTLayerIndex{0}nDTLayerPassIndex{0}nDTPtrCtlIndex{0}nLayerPassCount{0}nPrintLayerIndex{0}nPrintPassIndex{0}nProcLayerIndex{0}nPrtDataMemAddr{0}nPrtState{0}nReverse{System.Int32[]}nRevPrtCols{0}
LPPRINTER_INFO-LPDRVINFO:nFMVersion{0}nFpgaVersion{0}nPCBVersion{0}nState{0}nNextState{0}nPtvwarnState{0}nCrc32{0}nRevInfo{System.UInt32[]}nSignature{0}
2023-04-07 22:35:54,231 [AppLog] INFO : 进入：EquipmentMotionLogic3=》准备创建对象-手动操作！
2023-04-07 22:35:54,231 [AppLog] INFO : 进入：EquipmentMotionLogic3=》不需重新创建-手动操作！
2023-04-07 22:35:54,231 [AppLog] INFO : 进入：EquipmentMotionLogic3=》赋值完成自-AutoPrintMotion2！
2023-04-07 22:35:54,231 [AppLog] INFO : 进入：EquipmentMotionLogic3=》加载配置文件-LoadJsonFile成功！
2023-04-07 22:35:54,231 [AppLog] INFO : 进入：AutoPrintThread2！
2023-04-07 22:35:54,231 [AppLog] INFO : 准备读取编码器位置：X方向！
2023-04-07 22:35:54,231 [AppLog] INFO : 准备运动，当前位置：DEV_GetPrintEncoderValue：MoveDirectionFlag{false为Y方向：False}CurrentPos{26.615}AimPos{425}
2023-04-07 22:35:54,263 [AppLog] INFO : X方向运动开始：DEM_Run：返回值{True}nAxis{0}DirFlag{True}nSpeed{300000}MoveStep{398385}nCtlValue{2}
2023-04-07 22:35:56,135 [AppLog] INFO : X方向到位停止：DEM_StopAxisRun：返回值{True}CurrentPos{418.155}bImmeStop{False}nAxisMask{1}
2023-04-07 22:35:56,135 [AppLog] INFO : 准备读取编码器位置：X方向！
2023-04-07 22:35:56,135 [AppLog] INFO : 准备运动，当前位置：DEV_GetPrintEncoderValue：MoveDirectionFlag{false为Y方向：False}CurrentPos{418.26}AimPos{780}
2023-04-07 22:35:56,166 [AppLog] INFO : X方向运动开始：DEM_Run：返回值{True}nAxis{0}DirFlag{True}nSpeed{300000}MoveStep{361740}nCtlValue{2}
2023-04-07 22:35:56,166 [AppLog] INFO : 准备读取编码器位置：Y方向！
2023-04-07 22:35:56,166 [AppLog] INFO : 准备运动，编码器当前位置：DEM_GetAxisEncodeVal：MoveDirectionFlag{false为Y方向：True}CurrentPos{284.9}AimPos{121}
2023-04-07 22:35:56,213 [AppLog] INFO : Y方向运动开始：DEM_Run：返回值{True}nAxis{1}DirFlag{False}nSpeed{300000}MoveStep{-163900}nCtlValue{0}
2023-04-07 22:35:57,929 [AppLog] INFO : Y方向到位等停：DEM_StopAxisRun：返回值{True}bImmeStop{False}nAxisMask{1}
2023-04-07 22:35:57,929 [AppLog] INFO : X方向到位等停：DEM_StopAxisRun：返回值{True}bImmeStop{False}nAxisMask{2}
2023-04-07 22:35:57,944 [AppLog] INFO : 开启闪喷操作：IDP_FlashPrtCtl：返回值{True}
2023-04-07 22:35:57,944 [AppLog] INFO : 进入：EquipmentMotionLogic3=》准备创建对象-手动操作！
2023-04-07 22:35:57,944 [AppLog] INFO : 进入：EquipmentMotionLogic3=》不需重新创建-手动操作！
2023-04-07 22:35:57,944 [AppLog] INFO : 进入：EquipmentMotionLogic3=》赋值完成自-AutoPrintMotion2！
2023-04-07 22:35:57,944 [AppLog] INFO : 进入：EquipmentMotionLogic3=》加载配置文件-LoadJsonFile成功！
2023-04-07 22:35:57,944 [AppLog] INFO : 进入自动铺粉逻辑：NewAutoSupplyPowderThread2
2023-04-07 22:35:58,022 [AppLog] INFO : 手动正向点动指令（8轴运控板卡系统） ====》：输出AXIS{第1轴},点动量{-0.1MM},运动速度{2MM/s}
2023-04-07 22:35:58,022 [AppLog] INFO : 成形面高度下降层厚 TrapSpace{0.1mm}：TrapMoveUp(1, true, Convert.ToString(vel), Convert.ToString(TrapSpace), true, true）
2023-04-07 22:35:58,787 [AppLog] INFO : 手动正向点动指令（8轴运控板卡系统） ====》：输出AXIS{第1轴},点动量{-1.5MM},运动速度{2MM/s}
2023-04-07 22:35:58,787 [AppLog] INFO : 成形面高度下降指定厚度 TrapSpace{1.5mm}：TrapMoveUp(1, true, Convert.ToString(vel), Convert.ToString(TrapSpace), true, true）
2023-04-07 22:35:59,567 [AppLog] INFO : 手动正向点动指令（8轴运控板卡系统） ====》：输出AXIS{第1轴},点动量{1.5MM},运动速度{2MM/s}
2023-04-07 22:35:59,567 [AppLog] INFO : 成形面高度上升层厚 TrapSpace{1.5mm}：TrapMoveUp(1, true, Convert.ToString(vel), Convert.ToString(TrapSpace), true, true）
2023-04-07 22:35:59,785 [AppLog] INFO : 手动正向点动指令（8轴运控板卡系统） ====》：输出AXIS{第8轴},点动量{0.5MM},运动速度{2.5MM/s}
2023-04-07 22:35:59,785 [AppLog] INFO : Hopper落粉轴转2圈落粉，速度0.5rev/s：TrapMoveUp(8, true, 0.5, rotateNuM.ToString(), true, false)
2023-04-07 22:36:01,080 [AppLog] INFO : 手动正向点动指令（8轴运控板卡系统） ====》：输出AXIS{第2轴},点动量{258MM},运动速度{200MM/s}
2023-04-07 22:36:01,080 [AppLog] INFO : 开启铺粉车不等停运动至准备打印位置255mm，速度200mm/s：BackToStation2
2023-04-07 22:36:01,080 [AppLog] INFO : 手动正向点动指令（8轴运控板卡系统） ====》：输出AXIS{第2轴},点动量{440MM},运动速度{50MM/s}
2023-04-07 22:36:01,080 [AppLog] INFO : 开启铺粉车不等停运动至准备打印位置695mm，速度50mm/s：BackToStation2
2023-04-07 22:36:01,189 [AppLog] INFO : 打开IR灯：OpenIRLamp(true)
2023-04-07 22:36:01,189 [AppLog] INFO : 手动正向点动指令（8轴运控板卡系统） ====》：输出AXIS{第3轴},点动量{0.5MM},运动速度{0.0753424657534247MM/s}
2023-04-07 22:36:01,189 [AppLog] INFO : 开启均匀落粉及辊子铺平运动：TrapMoveUp(3, true, Convert.ToString(DispenseRollerSpeed), 0.5, true, true)
2023-04-07 22:36:06,306 [AppLog] INFO : 关闭IR灯：OpenIRLamp(false)
2023-04-07 22:36:06,711 [AppLog] INFO : 进入手动调试子模块！
2023-04-07 22:36:06,711 [AppLog] INFO : 进入：ManulBtn_Click=》准备创建对象-手动操作！
2023-04-07 22:36:06,743 [AppLog] INFO : 创建：ManualControl=》创建完成-手动操作！
2023-04-07 22:36:06,743 [AppLog] INFO : 加载成功：温控Modbus接口！
2023-04-07 22:36:08,646 [AppLog] INFO : 手动正向点动指令（8轴运控板卡系统） ====》：输出AXIS{第3轴},点动量{0.5MM},运动速度{2MM/s}
2023-04-07 22:36:08,646 [AppLog] INFO : 落粉轴继续转动以倒掉余粉：TrapMoveUp(3, true, 2, 0.5, true, false)
2023-04-07 22:36:10,658 [AppLog] INFO : 手动正向点动指令（8轴运控板卡系统） ====》：输出AXIS{第1轴},点动量{-1.5MM},运动速度{2MM/s}
2023-04-07 22:36:10,658 [AppLog] INFO : 成形面高度下降指定厚度 TrapSpace{1.5mm}：TrapMoveUp(1, true, Convert.ToString(vel), Convert.ToString(TrapSpace), true, true）
2023-04-07 22:36:14,153 [AppLog] INFO : 手动正向点动指令（8轴运控板卡系统） ====》：输出AXIS{第2轴},点动量{-698MM},运动速度{200MM/s}
2023-04-07 22:36:14,153 [AppLog] INFO : 铺粉车返回至站1：BackToStation2(AimPos, MovSpeed, true)：-3mm，速度200mm/s：BackToStation2
2023-04-07 22:36:14,543 [AppLog] INFO : 落粉轴回零成功：motionMap.SetBackSpreaderAxis(3, 0.5, 2, -SinkPosition)：ReturnCode{True}
2023-04-07 22:36:15,307 [AppLog] INFO : 手动正向点动指令（8轴运控板卡系统） ====》：输出AXIS{第1轴},点动量{1.5MM},运动速度{2MM/s}
2023-04-07 22:36:15,307 [AppLog] INFO : 成形面高度上升层厚 TrapSpace{1.5mm}：TrapMoveUp(1, true, Convert.ToString(vel), Convert.ToString(TrapSpace), true, true）
2023-04-07 22:36:15,307 [AppLog] INFO : 自动铺粉正常结束：NewAutoSupplyPowderThread2
2023-04-07 22:36:15,307 [AppLog] INFO : 发送监控指令，拍照记录1条：SendMessageFromSharedMemory
2023-04-07 22:36:15,307 [AppLog] INFO : 执行完成铺粉固化操作：EquipmentMotionLogic3：m_bApplyPowderSupplyMotion:0
2023-04-07 22:36:15,307 [AppLog] INFO : 接收到恢复打印指令：PrintTaskTHREAD
2023-04-07 22:36:18,989 [AppLog] INFO : 进入气压控制卡参数监控状态时
2023-04-07 22:36:18,989 [AppLog] INFO : 获取打印Pass数据：IDP_GetPassItem2：nLayerIndex{12}nPassID{0}nProcState{3}LPPassDataItemb:PrtDir{False}nDataTxCompleteCnt{1}nHwMemAdrMatchMask{1}nLayerIndex{12}nLayerPassCount{6}nLayerPassIndex{0}nMinJet0ImgLinePos{0}nPrtMemHwAddr{System.UInt32[]}nPrtDataOffset{System.UInt32[]}nSrcDataSize{System.UInt32[]}nPrtColBytes{System.UInt32[]}nPrtPrecession{8}nSrcEndCols{8000}nSrcStartCols{0}nStartEncPos{76472}nValidPassJets{1280}nValidPrtCols{8310}nValidPrtCtlCnts{1}pDataBuf{0}pNextItem{674089040}
2023-04-07 22:36:19,004 [AppLog] INFO : 使能Pass打印成功：IDP_DoPassPrint2：nLayerIndex{12}nPassID{0}
2023-04-07 22:36:19,004 [AppLog] INFO : PASS打印前关键状态：DEV_GetDeviceInfo2：nLayerIndex{12}nPassID{0}LPPRINTER_INFO:nXSysEncDPI{0}nStatus{0}nPrintStatus{0}bSuperDevice{0}
LPPRINTER_INFO-LPPrtRunInfo:bJobPrtRuning{False}bLayerPrtIsOver{False}nContReqMemErr{0}nContWDErr{0}nCurPrtDir{0}nDTLayerIndex{0}nDTLayerPassIndex{0}nDTPtrCtlIndex{0}nLayerPassCount{0}nPrintLayerIndex{0}nPrintPassIndex{0}nProcLayerIndex{0}nPrtDataMemAddr{0}nPrtState{0}nReverse{System.Int32[]}nRevPrtCols{0}
LPPRINTER_INFO-LPDRVINFO:nFMVersion{0}nFpgaVersion{0}nPCBVersion{0}nState{0}nNextState{0}nPtvwarnState{0}nCrc32{0}nRevInfo{System.UInt32[]}nSignature{0}
2023-04-07 22:36:19,004 [AppLog] INFO : 进入：EquipmentMotionLogic3=》准备创建对象-手动操作！
2023-04-07 22:36:19,004 [AppLog] INFO : 进入：EquipmentMotionLogic3=》不需重新创建-手动操作！
2023-04-07 22:36:19,004 [AppLog] INFO : 进入：EquipmentMotionLogic3=》赋值完成自-AutoPrintMotion2！
2023-04-07 22:36:19,004 [AppLog] INFO : 进入：EquipmentMotionLogic3=》加载配置文件-LoadJsonFile成功！
2023-04-07 22:36:19,004 [AppLog] INFO : 进入自动清洗过程：AutoCleanThread
2023-04-07 22:36:19,971 [AppLog] INFO : 刮墨轴回零成功：motionMap.SetBackSpreaderAxis(4, 1, 2, -SinkPosition)
2023-04-07 22:36:19,971 [AppLog] INFO : 准备读取编码器位置：Y方向！
2023-04-07 22:36:19,971 [AppLog] INFO : 准备运动，编码器当前位置：DEM_GetAxisEncodeVal：MoveDirectionFlag{false为Y方向：True}CurrentPos{121.35}AimPos{121}
2023-04-07 22:36:20,003 [AppLog] INFO : Y方向运动开始：DEM_Run：返回值{True}nAxis{1}DirFlag{False}nSpeed{300000}MoveStep{-350.000000000009}nCtlValue{0}
2023-04-07 22:36:20,003 [AppLog] INFO : Y方向到位停止：DEM_StopAxisRun：返回值{True}CurrentPos{121.35}bImmeStop{False}nAxisMask{2}
2023-04-07 22:36:20,003 [AppLog] INFO : 准备读取编码器位置：X方向！
2023-04-07 22:36:20,003 [AppLog] INFO : 准备运动，当前位置：DEV_GetPrintEncoderValue：MoveDirectionFlag{false为Y方向：False}CurrentPos{785.1}AimPos{780}
2023-04-07 22:36:20,034 [AppLog] INFO : X方向运动开始：DEM_Run：返回值{True}nAxis{0}DirFlag{False}nSpeed{300000}MoveStep{-5100.00000000002}nCtlValue{2}
2023-04-07 22:36:20,346 [AppLog] INFO : X方向到位停止：DEM_StopAxisRun：返回值{True}CurrentPos{780.535}bImmeStop{False}nAxisMask{1}
2023-04-07 22:36:21,173 [AppLog] INFO : 开启压墨： motionMap.SetDo(13, true)
2023-04-07 22:36:25,182 [AppLog] INFO : 关闭压墨： motionMap.SetDo(13, true)
2023-04-07 22:36:25,182 [AppLog] INFO : 准备读取编码器位置：X方向！
2023-04-07 22:36:25,182 [AppLog] INFO : 准备运动，当前位置：DEV_GetPrintEncoderValue：MoveDirectionFlag{false为Y方向：False}CurrentPos{780.365}AimPos{680}
2023-04-07 22:36:25,213 [AppLog] INFO : X方向运动开始：DEM_Run：返回值{True}nAxis{0}DirFlag{False}nSpeed{50000}MoveStep{-100365}nCtlValue{2}
2023-04-07 22:36:27,272 [AppLog] INFO : X方向到位停止：DEM_StopAxisRun：返回值{True}CurrentPos{683.71}bImmeStop{False}nAxisMask{1}
2023-04-07 22:36:28,099 [AppLog] INFO : 结束自动清洗过程：AutoCleanThread
2023-04-07 22:36:28,099 [AppLog] INFO : 进入：EquipmentMotionLogic3=》准备创建对象-手动操作！
2023-04-07 22:36:28,099 [AppLog] INFO : 进入：EquipmentMotionLogic3=》不需重新创建-手动操作！
2023-04-07 22:36:28,099 [AppLog] INFO : 进入：EquipmentMotionLogic3=》赋值完成自-AutoPrintMotion2！
2023-04-07 22:36:28,099 [AppLog] INFO : 进入：EquipmentMotionLogic3=》加载配置文件-LoadJsonFile成功！
2023-04-07 22:36:28,099 [AppLog] INFO : 进入：AutoPrintThread2！
2023-04-07 22:36:28,099 [AppLog] INFO : 关闭闪喷操作：IDP_FlashPrtCtl：返回值{True}
2023-04-07 22:36:28,099 [AppLog] INFO : 准备读取编码器位置：Y方向！
2023-04-07 22:36:28,099 [AppLog] INFO : 准备运动，编码器当前位置：DEM_GetAxisEncodeVal：MoveDirectionFlag{false为Y方向：True}CurrentPos{121.005}AimPos{15}
2023-04-07 22:36:28,130 [AppLog] INFO : Y方向运动开始：DEM_Run：返回值{True}nAxis{1}DirFlag{False}nSpeed{300000}MoveStep{-106005}nCtlValue{0}
2023-04-07 22:36:28,130 [AppLog] INFO : 准备读取编码器位置：X方向！
2023-04-07 22:36:28,130 [AppLog] INFO : 准备运动，当前位置：DEV_GetPrintEncoderValue：MoveDirectionFlag{false为Y方向：False}CurrentPos{680.29}AimPos{425}
2023-04-07 22:36:28,161 [AppLog] INFO : X方向运动开始：DEM_Run：返回值{True}nAxis{0}DirFlag{False}nSpeed{300000}MoveStep{-255290}nCtlValue{2}
2023-04-07 22:36:29,581 [AppLog] INFO : X方向到位停止：DEM_StopAxisRun：返回值{True}CurrentPos{428.575}bImmeStop{False}nAxisMask{1}
2023-04-07 22:36:29,581 [AppLog] INFO : 准备读取编码器位置：X方向！
2023-04-07 22:36:29,581 [AppLog] INFO : 准备运动，当前位置：DEV_GetPrintEncoderValue：MoveDirectionFlag{false为Y方向：False}CurrentPos{428.5}AimPos{25}
2023-04-07 22:36:29,612 [AppLog] INFO : X方向运动开始：DEM_Run：返回值{True}nAxis{0}DirFlag{False}nSpeed{300000}MoveStep{-403500}nCtlValue{2}
2023-04-07 22:36:31,500 [AppLog] INFO : X方向到位停止：DEM_StopAxisRun：返回值{True}CurrentPos{26.055}bImmeStop{False}nAxisMask{1}
2023-04-07 22:36:31,500 [AppLog] INFO : 准备读取编码器位置：Y方向！
2023-04-07 22:36:31,515 [AppLog] INFO : 准备运动，编码器当前位置：DEM_GetAxisEncodeVal：MoveDirectionFlag{false为Y方向：True}CurrentPos{15.15}AimPos{69}
2023-04-07 22:36:31,547 [AppLog] INFO : Y方向运动开始：DEM_Run：返回值{True}nAxis{1}DirFlag{True}nSpeed{300000}MoveStep{53850}nCtlValue{0}
2023-04-07 22:36:31,734 [AppLog] INFO : Y方向到位停止：DEM_StopAxisRun：返回值{True}CurrentPos{26.28}bImmeStop{False}nAxisMask{2}
2023-04-07 22:36:31,734 [AppLog] INFO : 获取打印Pass数据：IDP_GetPassItem2：nLayerIndex{12}nPassID{1}nProcState{3}LPPassDataItemb:PrtDir{True}nDataTxCompleteCnt{1}nHwMemAdrMatchMask{1}nLayerIndex{12}nLayerPassCount{6}nLayerPassIndex{1}nMinJet0ImgLinePos{1280}nPrtMemHwAddr{System.UInt32[]}nPrtDataOffset{System.UInt32[]}nSrcDataSize{System.UInt32[]}nPrtColBytes{System.UInt32[]}nPrtPrecession{8}nSrcEndCols{8000}nSrcStartCols{0}nStartEncPos{10000}nValidPassJets{1280}nValidPrtCols{8310}nValidPrtCtlCnts{1}pDataBuf{0}pNextItem{674089200}
2023-04-07 22:36:31,734 [AppLog] INFO : 使能Pass打印成功：IDP_DoPassPrint2：nLayerIndex{12}nPassID{1}
2023-04-07 22:36:31,749 [AppLog] INFO : PASS打印前关键状态：DEV_GetDeviceInfo2：nLayerIndex{12}nPassID{1}LPPRINTER_INFO:nXSysEncDPI{0}nStatus{0}nPrintStatus{0}bSuperDevice{0}
LPPRINTER_INFO-LPPrtRunInfo:bJobPrtRuning{False}bLayerPrtIsOver{False}nContReqMemErr{0}nContWDErr{0}nCurPrtDir{0}nDTLayerIndex{0}nDTLayerPassIndex{0}nDTPtrCtlIndex{0}nLayerPassCount{0}nPrintLayerIndex{0}nPrintPassIndex{0}nProcLayerIndex{0}nPrtDataMemAddr{0}nPrtState{0}nReverse{System.Int32[]}nRevPrtCols{0}
LPPRINTER_INFO-LPDRVINFO:nFMVersion{0}nFpgaVersion{0}nPCBVersion{0}nState{0}nNextState{0}nPtvwarnState{0}nCrc32{0}nRevInfo{System.UInt32[]}nSignature{0}
2023-04-07 22:36:31,749 [AppLog] INFO : 进入：EquipmentMotionLogic3=》准备创建对象-手动操作！
2023-04-07 22:36:31,749 [AppLog] INFO : 进入：EquipmentMotionLogic3=》不需重新创建-手动操作！
2023-04-07 22:36:31,749 [AppLog] INFO : 进入：EquipmentMotionLogic3=》赋值完成自-AutoPrintMotion2！
2023-04-07 22:36:31,749 [AppLog] INFO : 进入：EquipmentMotionLogic3=》加载配置文件-LoadJsonFile成功！
2023-04-07 22:36:31,749 [AppLog] INFO : 进入：AutoPrintThread2！
2023-04-07 22:36:31,749 [AppLog] INFO : 准备读取编码器位置：X方向！
2023-04-07 22:36:31,749 [AppLog] INFO : 准备运动，当前位置：DEV_GetPrintEncoderValue：MoveDirectionFlag{false为Y方向：False}CurrentPos{22.525}AimPos{425}
2023-04-07 22:36:31,781 [AppLog] INFO : X方向运动开始：DEM_Run：返回值{True}nAxis{0}DirFlag{True}nSpeed{300000}MoveStep{402475}nCtlValue{2}
2023-04-07 22:36:33,668 [AppLog] INFO : X方向到位停止：DEM_StopAxisRun：返回值{True}CurrentPos{419.225}bImmeStop{False}nAxisMask{1}
2023-04-07 22:36:33,668 [AppLog] INFO : 准备读取编码器位置：Y方向！
2023-04-07 22:36:33,684 [AppLog] INFO : 准备运动，编码器当前位置：DEM_GetAxisEncodeVal：MoveDirectionFlag{false为Y方向：True}CurrentPos{68.915}AimPos{123}
2023-04-07 22:36:33,715 [AppLog] INFO : Y方向运动开始：DEM_Run：返回值{True}nAxis{1}DirFlag{True}nSpeed{300000}MoveStep{54085}nCtlValue{0}
2023-04-07 22:36:33,902 [AppLog] INFO : Y方向到位停止：DEM_StopAxisRun：返回值{True}CurrentPos{79.3}bImmeStop{False}nAxisMask{2}
2023-04-07 22:36:33,902 [AppLog] INFO : 获取打印Pass数据：IDP_GetPassItem2：nLayerIndex{12}nPassID{2}nProcState{3}LPPassDataItemb:PrtDir{False}nDataTxCompleteCnt{1}nHwMemAdrMatchMask{1}nLayerIndex{12}nLayerPassCount{6}nLayerPassIndex{2}nMinJet0ImgLinePos{2560}nPrtMemHwAddr{System.UInt32[]}nPrtDataOffset{System.UInt32[]}nSrcDataSize{System.UInt32[]}nPrtColBytes{System.UInt32[]}nPrtPrecession{8}nSrcEndCols{8000}nSrcStartCols{0}nStartEncPos{76472}nValidPassJets{1280}nValidPrtCols{8310}nValidPrtCtlCnts{1}pDataBuf{0}pNextItem{674148816}
2023-04-07 22:36:33,918 [AppLog] INFO : 使能Pass打印成功：IDP_DoPassPrint2：nLayerIndex{12}nPassID{2}
2023-04-07 22:36:33,949 [AppLog] INFO : PASS打印前关键状态：DEV_GetDeviceInfo2：nLayerIndex{12}nPassID{2}LPPRINTER_INFO:nXSysEncDPI{0}nStatus{0}nPrintStatus{0}bSuperDevice{0}
LPPRINTER_INFO-LPPrtRunInfo:bJobPrtRuning{False}bLayerPrtIsOver{False}nContReqMemErr{0}nContWDErr{0}nCurPrtDir{0}nDTLayerIndex{0}nDTLayerPassIndex{0}nDTPtrCtlIndex{0}nLayerPassCount{0}nPrintLayerIndex{0}nPrintPassIndex{0}nProcLayerIndex{0}nPrtDataMemAddr{0}nPrtState{0}nReverse{System.Int32[]}nRevPrtCols{0}
LPPRINTER_INFO-LPDRVINFO:nFMVersion{0}nFpgaVersion{0}nPCBVersion{0}nState{0}nNextState{0}nPtvwarnState{0}nCrc32{0}nRevInfo{System.UInt32[]}nSignature{0}
2023-04-07 22:36:33,949 [AppLog] INFO : 进入：EquipmentMotionLogic3=》准备创建对象-手动操作！
2023-04-07 22:36:33,949 [AppLog] INFO : 进入：EquipmentMotionLogic3=》不需重新创建-手动操作！
2023-04-07 22:36:33,949 [AppLog] INFO : 进入：EquipmentMotionLogic3=》赋值完成自-AutoPrintMotion2！
2023-04-07 22:36:33,949 [AppLog] INFO : 进入：EquipmentMotionLogic3=》加载配置文件-LoadJsonFile成功！
2023-04-07 22:36:33,949 [AppLog] INFO : 进入：AutoPrintThread2！
2023-04-07 22:36:33,949 [AppLog] INFO : 准备读取编码器位置：X方向！
2023-04-07 22:36:33,949 [AppLog] INFO : 准备运动，当前位置：DEV_GetPrintEncoderValue：MoveDirectionFlag{false为Y方向：False}CurrentPos{423.34}AimPos{25}
2023-04-07 22:36:33,980 [AppLog] INFO : X方向运动开始：DEM_Run：返回值{True}nAxis{0}DirFlag{False}nSpeed{300000}MoveStep{-398340}nCtlValue{2}
2023-04-07 22:36:35,852 [AppLog] INFO : X方向到位停止：DEM_StopAxisRun：返回值{True}CurrentPos{30.645}bImmeStop{False}nAxisMask{1}
2023-04-07 22:36:35,852 [AppLog] INFO : 准备读取编码器位置：Y方向！
2023-04-07 22:36:35,852 [AppLog] INFO : 准备运动，编码器当前位置：DEM_GetAxisEncodeVal：MoveDirectionFlag{false为Y方向：True}CurrentPos{122.865}AimPos{177}
2023-04-07 22:36:35,883 [AppLog] INFO : Y方向运动开始：DEM_Run：返回值{True}nAxis{1}DirFlag{True}nSpeed{300000}MoveStep{54135}nCtlValue{0}
2023-04-07 22:36:36,071 [AppLog] INFO : Y方向到位停止：DEM_StopAxisRun：返回值{True}CurrentPos{133.265}bImmeStop{False}nAxisMask{2}
2023-04-07 22:36:36,071 [AppLog] INFO : 获取打印Pass数据：IDP_GetPassItem2：nLayerIndex{12}nPassID{3}nProcState{3}LPPassDataItemb:PrtDir{True}nDataTxCompleteCnt{1}nHwMemAdrMatchMask{1}nLayerIndex{12}nLayerPassCount{6}nLayerPassIndex{3}nMinJet0ImgLinePos{3840}nPrtMemHwAddr{System.UInt32[]}nPrtDataOffset{System.UInt32[]}nSrcDataSize{System.UInt32[]}nPrtColBytes{System.UInt32[]}nPrtPrecession{8}nSrcEndCols{8000}nSrcStartCols{0}nStartEncPos{10000}nValidPassJets{1280}nValidPrtCols{8310}nValidPrtCtlCnts{1}pDataBuf{0}pNextItem{674148976}
2023-04-07 22:36:36,117 [AppLog] INFO : 使能Pass打印成功：IDP_DoPassPrint2：nLayerIndex{12}nPassID{3}
2023-04-07 22:36:36,117 [AppLog] INFO : PASS打印前关键状态：DEV_GetDeviceInfo2：nLayerIndex{12}nPassID{3}LPPRINTER_INFO:nXSysEncDPI{0}nStatus{0}nPrintStatus{0}bSuperDevice{0}
LPPRINTER_INFO-LPPrtRunInfo:bJobPrtRuning{False}bLayerPrtIsOver{False}nContReqMemErr{0}nContWDErr{0}nCurPrtDir{0}nDTLayerIndex{0}nDTLayerPassIndex{0}nDTPtrCtlIndex{0}nLayerPassCount{0}nPrintLayerIndex{0}nPrintPassIndex{0}nProcLayerIndex{0}nPrtDataMemAddr{0}nPrtState{0}nReverse{System.Int32[]}nRevPrtCols{0}
LPPRINTER_INFO-LPDRVINFO:nFMVersion{0}nFpgaVersion{0}nPCBVersion{0}nState{0}nNextState{0}nPtvwarnState{0}nCrc32{0}nRevInfo{System.UInt32[]}nSignature{0}
2023-04-07 22:36:36,117 [AppLog] INFO : 进入：EquipmentMotionLogic3=》准备创建对象-手动操作！
2023-04-07 22:36:36,117 [AppLog] INFO : 进入：EquipmentMotionLogic3=》不需重新创建-手动操作！
2023-04-07 22:36:36,117 [AppLog] INFO : 进入：EquipmentMotionLogic3=》赋值完成自-AutoPrintMotion2！
2023-04-07 22:36:36,117 [AppLog] INFO : 进入：EquipmentMotionLogic3=》加载配置文件-LoadJsonFile成功！
2023-04-07 22:36:36,117 [AppLog] INFO : 进入：AutoPrintThread2！
2023-04-07 22:36:36,117 [AppLog] INFO : 准备读取编码器位置：X方向！
2023-04-07 22:36:36,117 [AppLog] INFO : 准备运动，当前位置：DEV_GetPrintEncoderValue：MoveDirectionFlag{false为Y方向：False}CurrentPos{26.61}AimPos{425}
2023-04-07 22:36:36,164 [AppLog] INFO : X方向运动开始：DEM_Run：返回值{True}nAxis{0}DirFlag{True}nSpeed{300000}MoveStep{398390}nCtlValue{2}
2023-04-07 22:36:36,476 [AppLog] INFO : 更新气压控制卡参数：DEV_AdibControl:二级墨盒加热电压：{12V}；MCU_SetPhVoltage:二级墨盒加热温度：{25℃}MCU_SetPhVoltage:负压目标值：{System.Single[]kPa}MCU_SetPhVoltage:负压阈值：{0.1kPa}
2023-04-07 22:36:36,492 [AppLog] INFO : 退出手动调试子模块,已执行修改
==========================================================================
2023-04-07 22:36:38,036 [AppLog] INFO : X方向到位停止：DEM_StopAxisRun：返回值{True}CurrentPos{418.72}bImmeStop{False}nAxisMask{1}
2023-04-07 22:36:38,036 [AppLog] INFO : 准备读取编码器位置：Y方向！
2023-04-07 22:36:38,036 [AppLog] INFO : 准备运动，编码器当前位置：DEM_GetAxisEncodeVal：MoveDirectionFlag{false为Y方向：True}CurrentPos{176.88}AimPos{231}
2023-04-07 22:36:38,067 [AppLog] INFO : Y方向运动开始：DEM_Run：返回值{True}nAxis{1}DirFlag{True}nSpeed{300000}MoveStep{54120}nCtlValue{0}
2023-04-07 22:36:38,286 [AppLog] INFO : Y方向到位停止：DEM_StopAxisRun：返回值{True}CurrentPos{193.46}bImmeStop{False}nAxisMask{2}
2023-04-07 22:36:38,286 [AppLog] INFO : 获取打印Pass数据：IDP_GetPassItem2：nLayerIndex{12}nPassID{4}nProcState{3}LPPassDataItemb:PrtDir{False}nDataTxCompleteCnt{1}nHwMemAdrMatchMask{1}nLayerIndex{12}nLayerPassCount{6}nLayerPassIndex{4}nMinJet0ImgLinePos{5120}nPrtMemHwAddr{System.UInt32[]}nPrtDataOffset{System.UInt32[]}nSrcDataSize{System.UInt32[]}nPrtColBytes{System.UInt32[]}nPrtPrecession{8}nSrcEndCols{8000}nSrcStartCols{0}nStartEncPos{76472}nValidPassJets{1280}nValidPrtCols{8310}nValidPrtCtlCnts{1}pDataBuf{0}pNextItem{674149136}
2023-04-07 22:36:38,286 [AppLog] INFO : 使能Pass打印成功：IDP_DoPassPrint2：nLayerIndex{12}nPassID{4}
2023-04-07 22:36:38,301 [AppLog] INFO : PASS打印前关键状态：DEV_GetDeviceInfo2：nLayerIndex{12}nPassID{4}LPPRINTER_INFO:nXSysEncDPI{0}nStatus{0}nPrintStatus{0}bSuperDevice{0}
LPPRINTER_INFO-LPPrtRunInfo:bJobPrtRuning{False}bLayerPrtIsOver{False}nContReqMemErr{0}nContWDErr{0}nCurPrtDir{0}nDTLayerIndex{0}nDTLayerPassIndex{0}nDTPtrCtlIndex{0}nLayerPassCount{0}nPrintLayerIndex{0}nPrintPassIndex{0}nProcLayerIndex{0}nPrtDataMemAddr{0}nPrtState{0}nReverse{System.Int32[]}nRevPrtCols{0}
LPPRINTER_INFO-LPDRVINFO:nFMVersion{0}nFpgaVersion{0}nPCBVersion{0}nState{0}nNextState{0}nPtvwarnState{0}nCrc32{0}nRevInfo{System.UInt32[]}nSignature{0}
2023-04-07 22:36:38,301 [AppLog] INFO : 进入：EquipmentMotionLogic3=》准备创建对象-手动操作！
2023-04-07 22:36:38,301 [AppLog] INFO : 进入：EquipmentMotionLogic3=》不需重新创建-手动操作！
2023-04-07 22:36:38,301 [AppLog] INFO : 进入：EquipmentMotionLogic3=》赋值完成自-AutoPrintMotion2！
2023-04-07 22:36:38,301 [AppLog] INFO : 进入：EquipmentMotionLogic3=》加载配置文件-LoadJsonFile成功！
2023-04-07 22:36:38,301 [AppLog] INFO : 进入：AutoPrintThread2！
2023-04-07 22:36:38,301 [AppLog] INFO : 准备读取编码器位置：X方向！
2023-04-07 22:36:38,301 [AppLog] INFO : 准备运动，当前位置：DEV_GetPrintEncoderValue：MoveDirectionFlag{false为Y方向：False}CurrentPos{423.395}AimPos{25}
2023-04-07 22:36:38,333 [AppLog] INFO : X方向运动开始：DEM_Run：返回值{True}nAxis{0}DirFlag{False}nSpeed{300000}MoveStep{-398395}nCtlValue{2}
2023-04-07 22:36:40,205 [AppLog] INFO : X方向到位停止：DEM_StopAxisRun：返回值{True}CurrentPos{31.19}bImmeStop{False}nAxisMask{1}
2023-04-07 22:36:40,205 [AppLog] INFO : 准备读取编码器位置：Y方向！
2023-04-07 22:36:40,220 [AppLog] INFO : 准备运动，编码器当前位置：DEM_GetAxisEncodeVal：MoveDirectionFlag{false为Y方向：True}CurrentPos{230.93}AimPos{285}
2023-04-07 22:36:40,251 [AppLog] INFO : Y方向运动开始：DEM_Run：返回值{True}nAxis{1}DirFlag{True}nSpeed{300000}MoveStep{54070}nCtlValue{0}
2023-04-07 22:36:40,439 [AppLog] INFO : Y方向到位停止：DEM_StopAxisRun：返回值{True}CurrentPos{241.335}bImmeStop{False}nAxisMask{2}
2023-04-07 22:36:40,439 [AppLog] INFO : 获取打印Pass数据：IDP_GetPassItem2：nLayerIndex{12}nPassID{5}nProcState{3}LPPassDataItemb:PrtDir{True}nDataTxCompleteCnt{1}nHwMemAdrMatchMask{1}nLayerIndex{12}nLayerPassCount{6}nLayerPassIndex{5}nMinJet0ImgLinePos{6400}nPrtMemHwAddr{System.UInt32[]}nPrtDataOffset{System.UInt32[]}nSrcDataSize{System.UInt32[]}nPrtColBytes{System.UInt32[]}nPrtPrecession{8}nSrcEndCols{8000}nSrcStartCols{0}nStartEncPos{10000}nValidPassJets{1280}nValidPrtCols{8310}nValidPrtCtlCnts{1}pDataBuf{0}pNextItem{0}
2023-04-07 22:36:40,470 [AppLog] INFO : 使能Pass打印成功：IDP_DoPassPrint2：nLayerIndex{12}nPassID{5}
2023-04-07 22:36:40,470 [AppLog] INFO : PASS打印前关键状态：DEV_GetDeviceInfo2：nLayerIndex{12}nPassID{5}LPPRINTER_INFO:nXSysEncDPI{0}nStatus{0}nPrintStatus{0}bSuperDevice{0}
LPPRINTER_INFO-LPPrtRunInfo:bJobPrtRuning{False}bLayerPrtIsOver{False}nContReqMemErr{0}nContWDErr{0}nCurPrtDir{0}nDTLayerIndex{0}nDTLayerPassIndex{0}nDTPtrCtlIndex{0}nLayerPassCount{0}nPrintLayerIndex{0}nPrintPassIndex{0}nProcLayerIndex{0}nPrtDataMemAddr{0}nPrtState{0}nReverse{System.Int32[]}nRevPrtCols{0}
LPPRINTER_INFO-LPDRVINFO:nFMVersion{0}nFpgaVersion{0}nPCBVersion{0}nState{0}nNextState{0}nPtvwarnState{0}nCrc32{0}nRevInfo{System.UInt32[]}nSignature{0}
2023-04-07 22:36:40,470 [AppLog] INFO : 进入：EquipmentMotionLogic3=》准备创建对象-手动操作！
2023-04-07 22:36:40,470 [AppLog] INFO : 进入：EquipmentMotionLogic3=》不需重新创建-手动操作！
2023-04-07 22:36:40,470 [AppLog] INFO : 进入：EquipmentMotionLogic3=》赋值完成自-AutoPrintMotion2！
2023-04-07 22:36:40,470 [AppLog] INFO : 进入：EquipmentMotionLogic3=》加载配置文件-LoadJsonFile成功！
2023-04-07 22:36:40,470 [AppLog] INFO : 进入：AutoPrintThread2！
2023-04-07 22:36:40,470 [AppLog] INFO : 准备读取编码器位置：X方向！
2023-04-07 22:36:40,470 [AppLog] INFO : 准备运动，当前位置：DEV_GetPrintEncoderValue：MoveDirectionFlag{false为Y方向：False}CurrentPos{26.615}AimPos{425}
2023-04-07 22:36:40,517 [AppLog] INFO : X方向运动开始：DEM_Run：返回值{True}nAxis{0}DirFlag{True}nSpeed{300000}MoveStep{398385}nCtlValue{2}
2023-04-07 22:36:42,389 [AppLog] INFO : X方向到位停止：DEM_StopAxisRun：返回值{True}CurrentPos{418.855}bImmeStop{False}nAxisMask{1}
2023-04-07 22:36:42,389 [AppLog] INFO : 准备读取编码器位置：X方向！
2023-04-07 22:36:42,404 [AppLog] INFO : 准备运动，当前位置：DEV_GetPrintEncoderValue：MoveDirectionFlag{false为Y方向：False}CurrentPos{418.955}AimPos{780}
2023-04-07 22:36:42,435 [AppLog] INFO : X方向运动开始：DEM_Run：返回值{True}nAxis{0}DirFlag{True}nSpeed{300000}MoveStep{361045}nCtlValue{2}
2023-04-07 22:36:42,435 [AppLog] INFO : 准备读取编码器位置：Y方向！
2023-04-07 22:36:42,435 [AppLog] INFO : 准备运动，编码器当前位置：DEM_GetAxisEncodeVal：MoveDirectionFlag{false为Y方向：True}CurrentPos{284.9}AimPos{121}
2023-04-07 22:36:42,467 [AppLog] INFO : Y方向运动开始：DEM_Run：返回值{True}nAxis{1}DirFlag{False}nSpeed{300000}MoveStep{-163900}nCtlValue{0}
2023-04-07 22:36:44,198 [AppLog] INFO : Y方向到位等停：DEM_StopAxisRun：返回值{True}bImmeStop{False}nAxisMask{1}
2023-04-07 22:36:44,214 [AppLog] INFO : X方向到位等停：DEM_StopAxisRun：返回值{True}bImmeStop{False}nAxisMask{2}
2023-04-07 22:36:44,229 [AppLog] INFO : 开启闪喷操作：IDP_FlashPrtCtl：返回值{True}
2023-04-07 22:36:44,229 [AppLog] INFO : 进入：EquipmentMotionLogic3=》准备创建对象-手动操作！
2023-04-07 22:36:44,229 [AppLog] INFO : 进入：EquipmentMotionLogic3=》不需重新创建-手动操作！
2023-04-07 22:36:44,229 [AppLog] INFO : 进入：EquipmentMotionLogic3=》赋值完成自-AutoPrintMotion2！
2023-04-07 22:36:44,229 [AppLog] INFO : 进入：EquipmentMotionLogic3=》加载配置文件-LoadJsonFile成功！
2023-04-07 22:36:44,229 [AppLog] INFO : 进入自动铺粉逻辑：NewAutoSupplyPowderThread2
2023-04-07 22:36:44,307 [AppLog] INFO : 手动正向点动指令（8轴运控板卡系统） ====》：输出AXIS{第1轴},点动量{-0.1MM},运动速度{2MM/s}
2023-04-07 22:36:44,307 [AppLog] INFO : 成形面高度下降层厚 TrapSpace{0.1mm}：TrapMoveUp(1, true, Convert.ToString(vel), Convert.ToString(TrapSpace), true, true）
2023-04-07 22:36:45,072 [AppLog] INFO : 手动正向点动指令（8轴运控板卡系统） ====》：输出AXIS{第1轴},点动量{-1.5MM},运动速度{2MM/s}
2023-04-07 22:36:45,072 [AppLog] INFO : 成形面高度下降指定厚度 TrapSpace{1.5mm}：TrapMoveUp(1, true, Convert.ToString(vel), Convert.ToString(TrapSpace), true, true）
2023-04-07 22:36:45,852 [AppLog] INFO : 手动正向点动指令（8轴运控板卡系统） ====》：输出AXIS{第1轴},点动量{1.5MM},运动速度{2MM/s}
2023-04-07 22:36:45,852 [AppLog] INFO : 成形面高度上升层厚 TrapSpace{1.5mm}：TrapMoveUp(1, true, Convert.ToString(vel), Convert.ToString(TrapSpace), true, true）
2023-04-07 22:36:46,070 [AppLog] INFO : 手动正向点动指令（8轴运控板卡系统） ====》：输出AXIS{第8轴},点动量{0.5MM},运动速度{2.5MM/s}
2023-04-07 22:36:46,070 [AppLog] INFO : Hopper落粉轴转2圈落粉，速度0.5rev/s：TrapMoveUp(8, true, 0.5, rotateNuM.ToString(), true, false)
2023-04-07 22:36:47,365 [AppLog] INFO : 手动正向点动指令（8轴运控板卡系统） ====》：输出AXIS{第2轴},点动量{258MM},运动速度{200MM/s}
2023-04-07 22:36:47,365 [AppLog] INFO : 开启铺粉车不等停运动至准备打印位置255mm，速度200mm/s：BackToStation2
2023-04-07 22:36:47,365 [AppLog] INFO : 手动正向点动指令（8轴运控板卡系统） ====》：输出AXIS{第2轴},点动量{440MM},运动速度{50MM/s}
2023-04-07 22:36:47,365 [AppLog] INFO : 开启铺粉车不等停运动至准备打印位置695mm，速度50mm/s：BackToStation2
2023-04-07 22:36:47,490 [AppLog] INFO : 打开IR灯：OpenIRLamp(true)
2023-04-07 22:36:47,490 [AppLog] INFO : 手动正向点动指令（8轴运控板卡系统） ====》：输出AXIS{第3轴},点动量{0.5MM},运动速度{0.0753424657534247MM/s}
2023-04-07 22:36:47,490 [AppLog] INFO : 开启均匀落粉及辊子铺平运动：TrapMoveUp(3, true, Convert.ToString(DispenseRollerSpeed), 0.5, true, true)
2023-04-07 22:36:52,575 [AppLog] INFO : 关闭IR灯：OpenIRLamp(false)
2023-04-07 22:36:54,931 [AppLog] INFO : 手动正向点动指令（8轴运控板卡系统） ====》：输出AXIS{第3轴},点动量{0.5MM},运动速度{2MM/s}
2023-04-07 22:36:54,931 [AppLog] INFO : 落粉轴继续转动以倒掉余粉：TrapMoveUp(3, true, 2, 0.5, true, false)
2023-04-07 22:36:56,943 [AppLog] INFO : 手动正向点动指令（8轴运控板卡系统） ====》：输出AXIS{第1轴},点动量{-1.5MM},运动速度{2MM/s}
2023-04-07 22:36:56,943 [AppLog] INFO : 成形面高度下降指定厚度 TrapSpace{1.5mm}：TrapMoveUp(1, true, Convert.ToString(vel), Convert.ToString(TrapSpace), true, true）
2023-04-07 22:37:00,438 [AppLog] INFO : 手动正向点动指令（8轴运控板卡系统） ====》：输出AXIS{第2轴},点动量{-698MM},运动速度{200MM/s}
2023-04-07 22:37:00,438 [AppLog] INFO : 铺粉车返回至站1：BackToStation2(AimPos, MovSpeed, true)：-3mm，速度200mm/s：BackToStation2
2023-04-07 22:37:00,828 [AppLog] INFO : 落粉轴回零成功：motionMap.SetBackSpreaderAxis(3, 0.5, 2, -SinkPosition)：ReturnCode{True}
2023-04-07 22:37:01,592 [AppLog] INFO : 手动正向点动指令（8轴运控板卡系统） ====》：输出AXIS{第1轴},点动量{1.5MM},运动速度{2MM/s}
2023-04-07 22:37:01,592 [AppLog] INFO : 成形面高度上升层厚 TrapSpace{1.5mm}：TrapMoveUp(1, true, Convert.ToString(vel), Convert.ToString(TrapSpace), true, true）
2023-04-07 22:37:01,592 [AppLog] INFO : 自动铺粉正常结束：NewAutoSupplyPowderThread2
2023-04-07 22:37:01,592 [AppLog] INFO : 发送监控指令，拍照记录1条：SendMessageFromSharedMemory
2023-04-07 22:37:01,592 [AppLog] INFO : 执行完成铺粉固化操作：EquipmentMotionLogic3：m_bApplyPowderSupplyMotion:0
2023-04-07 22:37:01,592 [AppLog] INFO : 接收到恢复打印指令：PrintTaskTHREAD
2023-04-07 22:37:01,592 [AppLog] INFO : 获取打印Pass数据：IDP_GetPassItem2：nLayerIndex{13}nPassID{0}nProcState{3}LPPassDataItemb:PrtDir{False}nDataTxCompleteCnt{1}nHwMemAdrMatchMask{1}nLayerIndex{13}nLayerPassCount{6}nLayerPassIndex{0}nMinJet0ImgLinePos{0}nPrtMemHwAddr{System.UInt32[]}nPrtDataOffset{System.UInt32[]}nSrcDataSize{System.UInt32[]}nPrtColBytes{System.UInt32[]}nPrtPrecession{8}nSrcEndCols{8000}nSrcStartCols{0}nStartEncPos{76472}nValidPassJets{1280}nValidPrtCols{8310}nValidPrtCtlCnts{1}pDataBuf{0}pNextItem{674149456}
2023-04-07 22:37:01,608 [AppLog] INFO : 使能Pass打印成功：IDP_DoPassPrint2：nLayerIndex{13}nPassID{0}
2023-04-07 22:37:01,608 [AppLog] INFO : PASS打印前关键状态：DEV_GetDeviceInfo2：nLayerIndex{13}nPassID{0}LPPRINTER_INFO:nXSysEncDPI{0}nStatus{0}nPrintStatus{0}bSuperDevice{0}
LPPRINTER_INFO-LPPrtRunInfo:bJobPrtRuning{False}bLayerPrtIsOver{False}nContReqMemErr{0}nContWDErr{0}nCurPrtDir{0}nDTLayerIndex{0}nDTLayerPassIndex{0}nDTPtrCtlIndex{0}nLayerPassCount{0}nPrintLayerIndex{0}nPrintPassIndex{0}nProcLayerIndex{0}nPrtDataMemAddr{0}nPrtState{0}nReverse{System.Int32[]}nRevPrtCols{0}
LPPRINTER_INFO-LPDRVINFO:nFMVersion{0}nFpgaVersion{0}nPCBVersion{0}nState{0}nNextState{0}nPtvwarnState{0}nCrc32{0}nRevInfo{System.UInt32[]}nSignature{0}
2023-04-07 22:37:01,608 [AppLog] INFO : 进入：EquipmentMotionLogic3=》准备创建对象-手动操作！
2023-04-07 22:37:01,608 [AppLog] INFO : 进入：EquipmentMotionLogic3=》不需重新创建-手动操作！
2023-04-07 22:37:01,608 [AppLog] INFO : 进入：EquipmentMotionLogic3=》赋值完成自-AutoPrintMotion2！
2023-04-07 22:37:01,608 [AppLog] INFO : 进入：EquipmentMotionLogic3=》加载配置文件-LoadJsonFile成功！
2023-04-07 22:37:01,608 [AppLog] INFO : 进入自动清洗过程：AutoCleanThread
2023-04-07 22:37:02,575 [AppLog] INFO : 刮墨轴回零成功：motionMap.SetBackSpreaderAxis(4, 1, 2, -SinkPosition)
2023-04-07 22:37:02,575 [AppLog] INFO : 准备读取编码器位置：Y方向！
2023-04-07 22:37:02,575 [AppLog] INFO : 准备运动，编码器当前位置：DEM_GetAxisEncodeVal：MoveDirectionFlag{false为Y方向：True}CurrentPos{121.35}AimPos{121}
2023-04-07 22:37:02,622 [AppLog] INFO : Y方向运动开始：DEM_Run：返回值{True}nAxis{1}DirFlag{False}nSpeed{300000}MoveStep{-350.000000000009}nCtlValue{0}
2023-04-07 22:37:02,622 [AppLog] INFO : Y方向到位停止：DEM_StopAxisRun：返回值{True}CurrentPos{121.35}bImmeStop{False}nAxisMask{2}
2023-04-07 22:37:02,622 [AppLog] INFO : 准备读取编码器位置：X方向！
2023-04-07 22:37:02,622 [AppLog] INFO : 准备运动，当前位置：DEV_GetPrintEncoderValue：MoveDirectionFlag{false为Y方向：False}CurrentPos{784.405}AimPos{780}
2023-04-07 22:37:02,653 [AppLog] INFO : X方向运动开始：DEM_Run：返回值{True}nAxis{0}DirFlag{False}nSpeed{300000}MoveStep{-4404.99999999997}nCtlValue{2}
2023-04-07 22:37:02,887 [AppLog] INFO : X方向到位停止：DEM_StopAxisRun：返回值{True}CurrentPos{781.395}bImmeStop{False}nAxisMask{1}
2023-04-07 22:37:03,714 [AppLog] INFO : 开启压墨： motionMap.SetDo(13, true)
2023-04-07 22:37:07,723 [AppLog] INFO : 关闭压墨： motionMap.SetDo(13, true)
2023-04-07 22:37:07,723 [AppLog] INFO : 准备读取编码器位置：X方向！
2023-04-07 22:37:07,723 [AppLog] INFO : 准备运动，当前位置：DEV_GetPrintEncoderValue：MoveDirectionFlag{false为Y方向：False}CurrentPos{780.365}AimPos{680}
2023-04-07 22:37:07,754 [AppLog] INFO : X方向运动开始：DEM_Run：返回值{True}nAxis{0}DirFlag{False}nSpeed{50000}MoveStep{-100365}nCtlValue{2}
2023-04-07 22:37:09,813 [AppLog] INFO : X方向到位停止：DEM_StopAxisRun：返回值{True}CurrentPos{683.77}bImmeStop{False}nAxisMask{1}
2023-04-07 22:37:10,640 [AppLog] INFO : 结束自动清洗过程：AutoCleanThread
2023-04-07 22:37:10,640 [AppLog] INFO : 进入：EquipmentMotionLogic3=》准备创建对象-手动操作！
2023-04-07 22:37:10,640 [AppLog] INFO : 进入：EquipmentMotionLogic3=》不需重新创建-手动操作！
2023-04-07 22:37:10,640 [AppLog] INFO : 进入：EquipmentMotionLogic3=》赋值完成自-AutoPrintMotion2！
2023-04-07 22:37:10,640 [AppLog] INFO : 进入：EquipmentMotionLogic3=》加载配置文件-LoadJsonFile成功！
2023-04-07 22:37:10,640 [AppLog] INFO : 进入：AutoPrintThread2！
2023-04-07 22:37:10,640 [AppLog] INFO : 关闭闪喷操作：IDP_FlashPrtCtl：返回值{True}
2023-04-07 22:37:10,640 [AppLog] INFO : 准备读取编码器位置：Y方向！
2023-04-07 22:37:10,640 [AppLog] INFO : 准备运动，编码器当前位置：DEM_GetAxisEncodeVal：MoveDirectionFlag{false为Y方向：True}CurrentPos{121}AimPos{15}
2023-04-07 22:37:10,671 [AppLog] INFO : Y方向运动开始：DEM_Run：返回值{True}nAxis{1}DirFlag{False}nSpeed{300000}MoveStep{-106000}nCtlValue{0}
2023-04-07 22:37:10,671 [AppLog] INFO : 准备读取编码器位置：X方向！
2023-04-07 22:37:10,687 [AppLog] INFO : 准备运动，当前位置：DEV_GetPrintEncoderValue：MoveDirectionFlag{false为Y方向：False}CurrentPos{680.28}AimPos{425}
2023-04-07 22:37:10,718 [AppLog] INFO : X方向运动开始：DEM_Run：返回值{True}nAxis{0}DirFlag{False}nSpeed{300000}MoveStep{-255280}nCtlValue{2}
2023-04-07 22:37:12,122 [AppLog] INFO : X方向到位停止：DEM_StopAxisRun：返回值{True}CurrentPos{429.33}bImmeStop{False}nAxisMask{1}
2023-04-07 22:37:12,122 [AppLog] INFO : 准备读取编码器位置：X方向！
2023-04-07 22:37:12,122 [AppLog] INFO : 准备运动，当前位置：DEV_GetPrintEncoderValue：MoveDirectionFlag{false为Y方向：False}CurrentPos{429.15}AimPos{25}
2023-04-07 22:37:12,153 [AppLog] INFO : X方向运动开始：DEM_Run：返回值{True}nAxis{0}DirFlag{False}nSpeed{300000}MoveStep{-404150}nCtlValue{2}
2023-04-07 22:37:14,057 [AppLog] INFO : X方向到位停止：DEM_StopAxisRun：返回值{True}CurrentPos{25.3}bImmeStop{False}nAxisMask{1}
2023-04-07 22:37:14,057 [AppLog] INFO : 准备读取编码器位置：Y方向！
2023-04-07 22:37:14,057 [AppLog] INFO : 准备运动，编码器当前位置：DEM_GetAxisEncodeVal：MoveDirectionFlag{false为Y方向：True}CurrentPos{15.16}AimPos{69}
2023-04-07 22:37:14,088 [AppLog] INFO : Y方向运动开始：DEM_Run：返回值{True}nAxis{1}DirFlag{True}nSpeed{300000}MoveStep{53840}nCtlValue{0}
2023-04-07 22:37:14,275 [AppLog] INFO : Y方向到位停止：DEM_StopAxisRun：返回值{True}CurrentPos{26.215}bImmeStop{False}nAxisMask{2}
2023-04-07 22:37:14,275 [AppLog] INFO : 获取打印Pass数据：IDP_GetPassItem2：nLayerIndex{13}nPassID{1}nProcState{3}LPPassDataItemb:PrtDir{True}nDataTxCompleteCnt{1}nHwMemAdrMatchMask{1}nLayerIndex{13}nLayerPassCount{6}nLayerPassIndex{1}nMinJet0ImgLinePos{1280}nPrtMemHwAddr{System.UInt32[]}nPrtDataOffset{System.UInt32[]}nSrcDataSize{System.UInt32[]}nPrtColBytes{System.UInt32[]}nPrtPrecession{8}nSrcEndCols{8000}nSrcStartCols{0}nStartEncPos{10000}nValidPassJets{1280}nValidPrtCols{8310}nValidPrtCtlCnts{1}pDataBuf{0}pNextItem{674149616}
2023-04-07 22:37:14,291 [AppLog] INFO : 使能Pass打印成功：IDP_DoPassPrint2：nLayerIndex{13}nPassID{1}
2023-04-07 22:37:14,291 [AppLog] INFO : PASS打印前关键状态：DEV_GetDeviceInfo2：nLayerIndex{13}nPassID{1}LPPRINTER_INFO:nXSysEncDPI{0}nStatus{0}nPrintStatus{0}bSuperDevice{0}
LPPRINTER_INFO-LPPrtRunInfo:bJobPrtRuning{False}bLayerPrtIsOver{False}nContReqMemErr{0}nContWDErr{0}nCurPrtDir{0}nDTLayerIndex{0}nDTLayerPassIndex{0}nDTPtrCtlIndex{0}nLayerPassCount{0}nPrintLayerIndex{0}nPrintPassIndex{0}nProcLayerIndex{0}nPrtDataMemAddr{0}nPrtState{0}nReverse{System.Int32[]}nRevPrtCols{0}
LPPRINTER_INFO-LPDRVINFO:nFMVersion{0}nFpgaVersion{0}nPCBVersion{0}nState{0}nNextState{0}nPtvwarnState{0}nCrc32{0}nRevInfo{System.UInt32[]}nSignature{0}
2023-04-07 22:37:14,291 [AppLog] INFO : 进入：EquipmentMotionLogic3=》准备创建对象-手动操作！
2023-04-07 22:37:14,291 [AppLog] INFO : 进入：EquipmentMotionLogic3=》不需重新创建-手动操作！
2023-04-07 22:37:14,291 [AppLog] INFO : 进入：EquipmentMotionLogic3=》赋值完成自-AutoPrintMotion2！
2023-04-07 22:37:14,291 [AppLog] INFO : 进入：EquipmentMotionLogic3=》加载配置文件-LoadJsonFile成功！
2023-04-07 22:37:14,291 [AppLog] INFO : 进入：AutoPrintThread2！
2023-04-07 22:37:14,291 [AppLog] INFO : 准备读取编码器位置：X方向！
2023-04-07 22:37:14,291 [AppLog] INFO : 准备运动，当前位置：DEV_GetPrintEncoderValue：MoveDirectionFlag{false为Y方向：False}CurrentPos{21.885}AimPos{425}
2023-04-07 22:37:14,322 [AppLog] INFO : X方向运动开始：DEM_Run：返回值{True}nAxis{0}DirFlag{True}nSpeed{300000}MoveStep{403115}nCtlValue{2}
2023-04-07 22:37:16,225 [AppLog] INFO : X方向到位停止：DEM_StopAxisRun：返回值{True}CurrentPos{420.06}bImmeStop{False}nAxisMask{1}
2023-04-07 22:37:16,225 [AppLog] INFO : 准备读取编码器位置：Y方向！
2023-04-07 22:37:16,225 [AppLog] INFO : 准备运动，编码器当前位置：DEM_GetAxisEncodeVal：MoveDirectionFlag{false为Y方向：True}CurrentPos{68.945}AimPos{123}
2023-04-07 22:37:16,256 [AppLog] INFO : Y方向运动开始：DEM_Run：返回值{True}nAxis{1}DirFlag{True}nSpeed{300000}MoveStep{54055}nCtlValue{0}
2023-04-07 22:37:16,444 [AppLog] INFO : Y方向到位停止：DEM_StopAxisRun：返回值{True}CurrentPos{79.09}bImmeStop{False}nAxisMask{2}
2023-04-07 22:37:16,444 [AppLog] INFO : 获取打印Pass数据：IDP_GetPassItem2：nLayerIndex{13}nPassID{2}nProcState{3}LPPassDataItemb:PrtDir{False}nDataTxCompleteCnt{1}nHwMemAdrMatchMask{1}nLayerIndex{13}nLayerPassCount{6}nLayerPassIndex{2}nMinJet0ImgLinePos{2560}nPrtMemHwAddr{System.UInt32[]}nPrtDataOffset{System.UInt32[]}nSrcDataSize{System.UInt32[]}nPrtColBytes{System.UInt32[]}nPrtPrecession{8}nSrcEndCols{8000}nSrcStartCols{0}nStartEncPos{76472}nValidPassJets{1280}nValidPrtCols{8310}nValidPrtCtlCnts{1}pDataBuf{0}pNextItem{674149776}
2023-04-07 22:37:16,475 [AppLog] INFO : 使能Pass打印成功：IDP_DoPassPrint2：nLayerIndex{13}nPassID{2}
2023-04-07 22:37:16,475 [AppLog] INFO : PASS打印前关键状态：DEV_GetDeviceInfo2：nLayerIndex{13}nPassID{2}LPPRINTER_INFO:nXSysEncDPI{0}nStatus{0}nPrintStatus{0}bSuperDevice{0}
LPPRINTER_INFO-LPPrtRunInfo:bJobPrtRuning{False}bLayerPrtIsOver{False}nContReqMemErr{0}nContWDErr{0}nCurPrtDir{0}nDTLayerIndex{0}nDTLayerPassIndex{0}nDTPtrCtlIndex{0}nLayerPassCount{0}nPrintLayerIndex{0}nPrintPassIndex{0}nProcLayerIndex{0}nPrtDataMemAddr{0}nPrtState{0}nReverse{System.Int32[]}nRevPrtCols{0}
LPPRINTER_INFO-LPDRVINFO:nFMVersion{0}nFpgaVersion{0}nPCBVersion{0}nState{0}nNextState{0}nPtvwarnState{0}nCrc32{0}nRevInfo{System.UInt32[]}nSignature{0}
2023-04-07 22:37:16,475 [AppLog] INFO : 进入：EquipmentMotionLogic3=》准备创建对象-手动操作！
2023-04-07 22:37:16,475 [AppLog] INFO : 进入：EquipmentMotionLogic3=》不需重新创建-手动操作！
2023-04-07 22:37:16,475 [AppLog] INFO : 进入：EquipmentMotionLogic3=》赋值完成自-AutoPrintMotion2！
2023-04-07 22:37:16,475 [AppLog] INFO : 进入：EquipmentMotionLogic3=》加载配置文件-LoadJsonFile成功！
2023-04-07 22:37:16,475 [AppLog] INFO : 进入：AutoPrintThread2！
2023-04-07 22:37:16,475 [AppLog] INFO : 准备读取编码器位置：X方向！
2023-04-07 22:37:16,490 [AppLog] INFO : 准备运动，当前位置：DEV_GetPrintEncoderValue：MoveDirectionFlag{false为Y方向：False}CurrentPos{423.34}AimPos{25}
2023-04-07 22:37:16,522 [AppLog] INFO : X方向运动开始：DEM_Run：返回值{True}nAxis{0}DirFlag{False}nSpeed{300000}MoveStep{-398340}nCtlValue{2}
2023-04-07 22:37:18,394 [AppLog] INFO : X方向到位停止：DEM_StopAxisRun：返回值{True}CurrentPos{30.485}bImmeStop{False}nAxisMask{1}
2023-04-07 22:37:18,394 [AppLog] INFO : 准备读取编码器位置：Y方向！
2023-04-07 22:37:18,394 [AppLog] INFO : 准备运动，编码器当前位置：DEM_GetAxisEncodeVal：MoveDirectionFlag{false为Y方向：True}CurrentPos{122.83}AimPos{177}
2023-04-07 22:37:18,440 [AppLog] INFO : Y方向运动开始：DEM_Run：返回值{True}nAxis{1}DirFlag{True}nSpeed{300000}MoveStep{54170}nCtlValue{0}
2023-04-07 22:37:18,643 [AppLog] INFO : Y方向到位停止：DEM_StopAxisRun：返回值{True}CurrentPos{138.745}bImmeStop{False}nAxisMask{2}
2023-04-07 22:37:18,643 [AppLog] INFO : 获取打印Pass数据：IDP_GetPassItem2：nLayerIndex{13}nPassID{3}nProcState{3}LPPassDataItemb:PrtDir{True}nDataTxCompleteCnt{1}nHwMemAdrMatchMask{1}nLayerIndex{13}nLayerPassCount{6}nLayerPassIndex{3}nMinJet0ImgLinePos{3840}nPrtMemHwAddr{System.UInt32[]}nPrtDataOffset{System.UInt32[]}nSrcDataSize{System.UInt32[]}nPrtColBytes{System.UInt32[]}nPrtPrecession{8}nSrcEndCols{8000}nSrcStartCols{0}nStartEncPos{10000}nValidPassJets{1280}nValidPrtCols{8310}nValidPrtCtlCnts{1}pDataBuf{0}pNextItem{674149936}
2023-04-07 22:37:18,659 [AppLog] INFO : 使能Pass打印成功：IDP_DoPassPrint2：nLayerIndex{13}nPassID{3}
2023-04-07 22:37:18,659 [AppLog] INFO : PASS打印前关键状态：DEV_GetDeviceInfo2：nLayerIndex{13}nPassID{3}LPPRINTER_INFO:nXSysEncDPI{0}nStatus{0}nPrintStatus{0}bSuperDevice{0}
LPPRINTER_INFO-LPPrtRunInfo:bJobPrtRuning{False}bLayerPrtIsOver{False}nContReqMemErr{0}nContWDErr{0}nCurPrtDir{0}nDTLayerIndex{0}nDTLayerPassIndex{0}nDTPtrCtlIndex{0}nLayerPassCount{0}nPrintLayerIndex{0}nPrintPassIndex{0}nProcLayerIndex{0}nPrtDataMemAddr{0}nPrtState{0}nReverse{System.Int32[]}nRevPrtCols{0}
LPPRINTER_INFO-LPDRVINFO:nFMVersion{0}nFpgaVersion{0}nPCBVersion{0}nState{0}nNextState{0}nPtvwarnState{0}nCrc32{0}nRevInfo{System.UInt32[]}nSignature{0}
2023-04-07 22:37:18,659 [AppLog] INFO : 进入：EquipmentMotionLogic3=》准备创建对象-手动操作！
2023-04-07 22:37:18,659 [AppLog] INFO : 进入：EquipmentMotionLogic3=》不需重新创建-手动操作！
2023-04-07 22:37:18,674 [AppLog] INFO : 进入：EquipmentMotionLogic3=》赋值完成自-AutoPrintMotion2！
2023-04-07 22:37:18,674 [AppLog] INFO : 进入：EquipmentMotionLogic3=》加载配置文件-LoadJsonFile成功！
2023-04-07 22:37:18,674 [AppLog] INFO : 进入：AutoPrintThread2！
2023-04-07 22:37:18,674 [AppLog] INFO : 准备读取编码器位置：X方向！
2023-04-07 22:37:18,674 [AppLog] INFO : 准备运动，当前位置：DEV_GetPrintEncoderValue：MoveDirectionFlag{false为Y方向：False}CurrentPos{26.605}AimPos{425}
2023-04-07 22:37:18,706 [AppLog] INFO : X方向运动开始：DEM_Run：返回值{True}nAxis{0}DirFlag{True}nSpeed{300000}MoveStep{398395}nCtlValue{2}
2023-04-07 22:37:20,593 [AppLog] INFO : X方向到位停止：DEM_StopAxisRun：返回值{True}CurrentPos{419.375}bImmeStop{False}nAxisMask{1}
2023-04-07 22:37:20,593 [AppLog] INFO : 准备读取编码器位置：Y方向！
2023-04-07 22:37:20,593 [AppLog] INFO : 准备运动，编码器当前位置：DEM_GetAxisEncodeVal：MoveDirectionFlag{false为Y方向：True}CurrentPos{176.89}AimPos{231}
2023-04-07 22:37:20,624 [AppLog] INFO : Y方向运动开始：DEM_Run：返回值{True}nAxis{1}DirFlag{True}nSpeed{300000}MoveStep{54110}nCtlValue{0}
2023-04-07 22:37:20,812 [AppLog] INFO : Y方向到位停止：DEM_StopAxisRun：返回值{True}CurrentPos{187.545}bImmeStop{False}nAxisMask{2}
2023-04-07 22:37:20,812 [AppLog] INFO : 获取打印Pass数据：IDP_GetPassItem2：nLayerIndex{13}nPassID{4}nProcState{3}LPPassDataItemb:PrtDir{False}nDataTxCompleteCnt{1}nHwMemAdrMatchMask{1}nLayerIndex{13}nLayerPassCount{6}nLayerPassIndex{4}nMinJet0ImgLinePos{5120}nPrtMemHwAddr{System.UInt32[]}nPrtDataOffset{System.UInt32[]}nSrcDataSize{System.UInt32[]}nPrtColBytes{System.UInt32[]}nPrtPrecession{8}nSrcEndCols{8000}nSrcStartCols{0}nStartEncPos{76472}nValidPassJets{1280}nValidPrtCols{8310}nValidPrtCtlCnts{1}pDataBuf{0}pNextItem{674150096}
2023-04-07 22:37:20,812 [AppLog] INFO : 使能Pass打印成功：IDP_DoPassPrint2：nLayerIndex{13}nPassID{4}
2023-04-07 22:37:20,843 [AppLog] INFO : PASS打印前关键状态：DEV_GetDeviceInfo2：nLayerIndex{13}nPassID{4}LPPRINTER_INFO:nXSysEncDPI{0}nStatus{0}nPrintStatus{0}bSuperDevice{0}
LPPRINTER_INFO-LPPrtRunInfo:bJobPrtRuning{False}bLayerPrtIsOver{False}nContReqMemErr{0}nContWDErr{0}nCurPrtDir{0}nDTLayerIndex{0}nDTLayerPassIndex{0}nDTPtrCtlIndex{0}nLayerPassCount{0}nPrintLayerIndex{0}nPrintPassIndex{0}nProcLayerIndex{0}nPrtDataMemAddr{0}nPrtState{0}nReverse{System.Int32[]}nRevPrtCols{0}
LPPRINTER_INFO-LPDRVINFO:nFMVersion{0}nFpgaVersion{0}nPCBVersion{0}nState{0}nNextState{0}nPtvwarnState{0}nCrc32{0}nRevInfo{System.UInt32[]}nSignature{0}
2023-04-07 22:37:20,843 [AppLog] INFO : 进入：EquipmentMotionLogic3=》准备创建对象-手动操作！
2023-04-07 22:37:20,843 [AppLog] INFO : 进入：EquipmentMotionLogic3=》不需重新创建-手动操作！
2023-04-07 22:37:20,843 [AppLog] INFO : 进入：EquipmentMotionLogic3=》赋值完成自-AutoPrintMotion2！
2023-04-07 22:37:20,843 [AppLog] INFO : 进入：EquipmentMotionLogic3=》加载配置文件-LoadJsonFile成功！
2023-04-07 22:37:20,843 [AppLog] INFO : 进入：AutoPrintThread2！
2023-04-07 22:37:20,843 [AppLog] INFO : 准备读取编码器位置：X方向！
2023-04-07 22:37:20,843 [AppLog] INFO : 准备运动，当前位置：DEV_GetPrintEncoderValue：MoveDirectionFlag{false为Y方向：False}CurrentPos{423.41}AimPos{25}
2023-04-07 22:37:20,874 [AppLog] INFO : X方向运动开始：DEM_Run：返回值{True}nAxis{0}DirFlag{False}nSpeed{300000}MoveStep{-398410}nCtlValue{2}
2023-04-07 22:37:22,746 [AppLog] INFO : X方向到位停止：DEM_StopAxisRun：返回值{True}CurrentPos{30.65}bImmeStop{False}nAxisMask{1}
2023-04-07 22:37:22,746 [AppLog] INFO : 准备读取编码器位置：Y方向！
2023-04-07 22:37:22,762 [AppLog] INFO : 准备运动，编码器当前位置：DEM_GetAxisEncodeVal：MoveDirectionFlag{false为Y方向：True}CurrentPos{230.93}AimPos{285}
2023-04-07 22:37:22,793 [AppLog] INFO : Y方向运动开始：DEM_Run：返回值{True}nAxis{1}DirFlag{True}nSpeed{300000}MoveStep{54070}nCtlValue{0}
2023-04-07 22:37:22,980 [AppLog] INFO : Y方向到位停止：DEM_StopAxisRun：返回值{True}CurrentPos{241.31}bImmeStop{False}nAxisMask{2}
2023-04-07 22:37:22,980 [AppLog] INFO : 获取打印Pass数据：IDP_GetPassItem2：nLayerIndex{13}nPassID{5}nProcState{3}LPPassDataItemb:PrtDir{True}nDataTxCompleteCnt{1}nHwMemAdrMatchMask{1}nLayerIndex{13}nLayerPassCount{6}nLayerPassIndex{5}nMinJet0ImgLinePos{6400}nPrtMemHwAddr{System.UInt32[]}nPrtDataOffset{System.UInt32[]}nSrcDataSize{System.UInt32[]}nPrtColBytes{System.UInt32[]}nPrtPrecession{8}nSrcEndCols{8000}nSrcStartCols{0}nStartEncPos{10000}nValidPassJets{1280}nValidPrtCols{8310}nValidPrtCtlCnts{1}pDataBuf{0}pNextItem{0}
2023-04-07 22:37:22,996 [AppLog] INFO : 使能Pass打印成功：IDP_DoPassPrint2：nLayerIndex{13}nPassID{5}
2023-04-07 22:37:22,996 [AppLog] INFO : PASS打印前关键状态：DEV_GetDeviceInfo2：nLayerIndex{13}nPassID{5}LPPRINTER_INFO:nXSysEncDPI{0}nStatus{0}nPrintStatus{0}bSuperDevice{0}
LPPRINTER_INFO-LPPrtRunInfo:bJobPrtRuning{False}bLayerPrtIsOver{False}nContReqMemErr{0}nContWDErr{0}nCurPrtDir{0}nDTLayerIndex{0}nDTLayerPassIndex{0}nDTPtrCtlIndex{0}nLayerPassCount{0}nPrintLayerIndex{0}nPrintPassIndex{0}nProcLayerIndex{0}nPrtDataMemAddr{0}nPrtState{0}nReverse{System.Int32[]}nRevPrtCols{0}
LPPRINTER_INFO-LPDRVINFO:nFMVersion{0}nFpgaVersion{0}nPCBVersion{0}nState{0}nNextState{0}nPtvwarnState{0}nCrc32{0}nRevInfo{System.UInt32[]}nSignature{0}
2023-04-07 22:37:22,996 [AppLog] INFO : 进入：EquipmentMotionLogic3=》准备创建对象-手动操作！
2023-04-07 22:37:22,996 [AppLog] INFO : 进入：EquipmentMotionLogic3=》不需重新创建-手动操作！
2023-04-07 22:37:22,996 [AppLog] INFO : 进入：EquipmentMotionLogic3=》赋值完成自-AutoPrintMotion2！
2023-04-07 22:37:22,996 [AppLog] INFO : 进入：EquipmentMotionLogic3=》加载配置文件-LoadJsonFile成功！
2023-04-07 22:37:22,996 [AppLog] INFO : 进入：AutoPrintThread2！
2023-04-07 22:37:22,996 [AppLog] INFO : 准备读取编码器位置：X方向！
2023-04-07 22:37:22,996 [AppLog] INFO : 准备运动，当前位置：DEV_GetPrintEncoderValue：MoveDirectionFlag{false为Y方向：False}CurrentPos{26.61}AimPos{425}
2023-04-07 22:37:23,027 [AppLog] INFO : X方向运动开始：DEM_Run：返回值{True}nAxis{0}DirFlag{True}nSpeed{300000}MoveStep{398390}nCtlValue{2}
2023-04-07 22:37:23,900 [AppLog] INFO : 进入手动调试子模块！
2023-04-07 22:37:23,900 [AppLog] INFO : 进入：ManulBtn_Click=》准备创建对象-手动操作！
2023-04-07 22:37:23,932 [AppLog] INFO : 创建：ManualControl=》创建完成-手动操作！
2023-04-07 22:37:23,932 [AppLog] INFO : 加载成功：温控Modbus接口！
2023-04-07 22:37:24,899 [AppLog] INFO : X方向到位停止：DEM_StopAxisRun：返回值{True}CurrentPos{418.19}bImmeStop{False}nAxisMask{1}
2023-04-07 22:37:24,899 [AppLog] INFO : 准备读取编码器位置：X方向！
2023-04-07 22:37:24,899 [AppLog] INFO : 准备运动，当前位置：DEV_GetPrintEncoderValue：MoveDirectionFlag{false为Y方向：False}CurrentPos{418.4}AimPos{780}
2023-04-07 22:37:24,930 [AppLog] INFO : X方向运动开始：DEM_Run：返回值{True}nAxis{0}DirFlag{True}nSpeed{300000}MoveStep{361600}nCtlValue{2}
2023-04-07 22:37:24,930 [AppLog] INFO : 准备读取编码器位置：Y方向！
2023-04-07 22:37:24,946 [AppLog] INFO : 准备运动，编码器当前位置：DEM_GetAxisEncodeVal：MoveDirectionFlag{false为Y方向：True}CurrentPos{284.89}AimPos{121}
2023-04-07 22:37:24,977 [AppLog] INFO : Y方向运动开始：DEM_Run：返回值{True}nAxis{1}DirFlag{False}nSpeed{300000}MoveStep{-163890}nCtlValue{0}
2023-04-07 22:37:26,693 [AppLog] INFO : Y方向到位等停：DEM_StopAxisRun：返回值{True}bImmeStop{False}nAxisMask{1}
2023-04-07 22:37:26,693 [AppLog] INFO : X方向到位等停：DEM_StopAxisRun：返回值{True}bImmeStop{False}nAxisMask{2}
2023-04-07 22:37:26,708 [AppLog] INFO : 开启闪喷操作：IDP_FlashPrtCtl：返回值{True}
2023-04-07 22:37:26,708 [AppLog] INFO : 进入：EquipmentMotionLogic3=》准备创建对象-手动操作！
2023-04-07 22:37:26,708 [AppLog] INFO : 进入：EquipmentMotionLogic3=》不需重新创建-手动操作！
2023-04-07 22:37:26,708 [AppLog] INFO : 进入：EquipmentMotionLogic3=》赋值完成自-AutoPrintMotion2！
2023-04-07 22:37:26,708 [AppLog] INFO : 进入：EquipmentMotionLogic3=》加载配置文件-LoadJsonFile成功！
2023-04-07 22:37:26,708 [AppLog] INFO : 进入自动铺粉逻辑：NewAutoSupplyPowderThread2
2023-04-07 22:37:26,786 [AppLog] INFO : 手动正向点动指令（8轴运控板卡系统） ====》：输出AXIS{第1轴},点动量{-0.1MM},运动速度{2MM/s}
2023-04-07 22:37:26,786 [AppLog] INFO : 成形面高度下降层厚 TrapSpace{0.1mm}：TrapMoveUp(1, true, Convert.ToString(vel), Convert.ToString(TrapSpace), true, true）
2023-04-07 22:37:27,551 [AppLog] INFO : 手动正向点动指令（8轴运控板卡系统） ====》：输出AXIS{第1轴},点动量{-1.5MM},运动速度{2MM/s}
2023-04-07 22:37:27,551 [AppLog] INFO : 成形面高度下降指定厚度 TrapSpace{1.5mm}：TrapMoveUp(1, true, Convert.ToString(vel), Convert.ToString(TrapSpace), true, true）
2023-04-07 22:37:28,331 [AppLog] INFO : 手动正向点动指令（8轴运控板卡系统） ====》：输出AXIS{第1轴},点动量{1.5MM},运动速度{2MM/s}
2023-04-07 22:37:28,331 [AppLog] INFO : 成形面高度上升层厚 TrapSpace{1.5mm}：TrapMoveUp(1, true, Convert.ToString(vel), Convert.ToString(TrapSpace), true, true）
2023-04-07 22:37:28,549 [AppLog] INFO : 手动正向点动指令（8轴运控板卡系统） ====》：输出AXIS{第8轴},点动量{0.5MM},运动速度{2.5MM/s}
2023-04-07 22:37:28,549 [AppLog] INFO : Hopper落粉轴转2圈落粉，速度0.5rev/s：TrapMoveUp(8, true, 0.5, rotateNuM.ToString(), true, false)
2023-04-07 22:37:29,844 [AppLog] INFO : 手动正向点动指令（8轴运控板卡系统） ====》：输出AXIS{第2轴},点动量{258MM},运动速度{200MM/s}
2023-04-07 22:37:29,844 [AppLog] INFO : 开启铺粉车不等停运动至准备打印位置255mm，速度200mm/s：BackToStation2
2023-04-07 22:37:29,844 [AppLog] INFO : 手动正向点动指令（8轴运控板卡系统） ====》：输出AXIS{第2轴},点动量{440MM},运动速度{50MM/s}
2023-04-07 22:37:29,844 [AppLog] INFO : 开启铺粉车不等停运动至准备打印位置695mm，速度50mm/s：BackToStation2
2023-04-07 22:37:29,969 [AppLog] INFO : 打开IR灯：OpenIRLamp(true)
2023-04-07 22:37:29,969 [AppLog] INFO : 手动正向点动指令（8轴运控板卡系统） ====》：输出AXIS{第3轴},点动量{0.5MM},运动速度{0.0753424657534247MM/s}
2023-04-07 22:37:29,969 [AppLog] INFO : 开启均匀落粉及辊子铺平运动：TrapMoveUp(3, true, Convert.ToString(DispenseRollerSpeed), 0.5, true, true)
2023-04-07 22:37:35,054 [AppLog] INFO : 关闭IR灯：OpenIRLamp(false)
2023-04-07 22:37:37,410 [AppLog] INFO : 手动正向点动指令（8轴运控板卡系统） ====》：输出AXIS{第3轴},点动量{0.5MM},运动速度{2MM/s}
2023-04-07 22:37:37,410 [AppLog] INFO : 落粉轴继续转动以倒掉余粉：TrapMoveUp(3, true, 2, 0.5, true, false)
2023-04-07 22:37:39,422 [AppLog] INFO : 手动正向点动指令（8轴运控板卡系统） ====》：输出AXIS{第1轴},点动量{-1.5MM},运动速度{2MM/s}
2023-04-07 22:37:39,422 [AppLog] INFO : 成形面高度下降指定厚度 TrapSpace{1.5mm}：TrapMoveUp(1, true, Convert.ToString(vel), Convert.ToString(TrapSpace), true, true）
2023-04-07 22:37:42,917 [AppLog] INFO : 手动正向点动指令（8轴运控板卡系统） ====》：输出AXIS{第2轴},点动量{-698MM},运动速度{200MM/s}
2023-04-07 22:37:42,917 [AppLog] INFO : 铺粉车返回至站1：BackToStation2(AimPos, MovSpeed, true)：-3mm，速度200mm/s：BackToStation2
2023-04-07 22:37:43,307 [AppLog] INFO : 落粉轴回零成功：motionMap.SetBackSpreaderAxis(3, 0.5, 2, -SinkPosition)：ReturnCode{True}
2023-04-07 22:37:44,071 [AppLog] INFO : 手动正向点动指令（8轴运控板卡系统） ====》：输出AXIS{第1轴},点动量{1.5MM},运动速度{2MM/s}
2023-04-07 22:37:44,071 [AppLog] INFO : 成形面高度上升层厚 TrapSpace{1.5mm}：TrapMoveUp(1, true, Convert.ToString(vel), Convert.ToString(TrapSpace), true, true）
2023-04-07 22:37:44,071 [AppLog] INFO : 自动铺粉正常结束：NewAutoSupplyPowderThread2
2023-04-07 22:37:44,071 [AppLog] INFO : 发送监控指令，拍照记录1条：SendMessageFromSharedMemory
2023-04-07 22:37:44,071 [AppLog] INFO : 执行完成铺粉固化操作：EquipmentMotionLogic3：m_bApplyPowderSupplyMotion:0
2023-04-07 22:37:44,071 [AppLog] INFO : 接收到恢复打印指令：PrintTaskTHREAD
2023-04-07 22:37:48,174 [AppLog] INFO : 进入气压控制卡参数监控状态时
2023-04-07 22:37:48,190 [AppLog] INFO : 获取打印Pass数据：IDP_GetPassItem2：nLayerIndex{14}nPassID{0}nProcState{3}LPPassDataItemb:PrtDir{False}nDataTxCompleteCnt{1}nHwMemAdrMatchMask{1}nLayerIndex{14}nLayerPassCount{6}nLayerPassIndex{0}nMinJet0ImgLinePos{0}nPrtMemHwAddr{System.UInt32[]}nPrtDataOffset{System.UInt32[]}nSrcDataSize{System.UInt32[]}nPrtColBytes{System.UInt32[]}nPrtPrecession{8}nSrcEndCols{8000}nSrcStartCols{0}nStartEncPos{76472}nValidPassJets{1280}nValidPrtCols{8310}nValidPrtCtlCnts{1}pDataBuf{0}pNextItem{674150416}
2023-04-07 22:37:48,190 [AppLog] INFO : 使能Pass打印成功：IDP_DoPassPrint2：nLayerIndex{14}nPassID{0}
2023-04-07 22:37:48,205 [AppLog] INFO : PASS打印前关键状态：DEV_GetDeviceInfo2：nLayerIndex{14}nPassID{0}LPPRINTER_INFO:nXSysEncDPI{0}nStatus{0}nPrintStatus{0}bSuperDevice{0}
LPPRINTER_INFO-LPPrtRunInfo:bJobPrtRuning{False}bLayerPrtIsOver{False}nContReqMemErr{0}nContWDErr{0}nCurPrtDir{0}nDTLayerIndex{0}nDTLayerPassIndex{0}nDTPtrCtlIndex{0}nLayerPassCount{0}nPrintLayerIndex{0}nPrintPassIndex{0}nProcLayerIndex{0}nPrtDataMemAddr{0}nPrtState{0}nReverse{System.Int32[]}nRevPrtCols{0}
LPPRINTER_INFO-LPDRVINFO:nFMVersion{0}nFpgaVersion{0}nPCBVersion{0}nState{0}nNextState{0}nPtvwarnState{0}nCrc32{0}nRevInfo{System.UInt32[]}nSignature{0}
2023-04-07 22:37:48,205 [AppLog] INFO : 进入：EquipmentMotionLogic3=》准备创建对象-手动操作！
2023-04-07 22:37:48,205 [AppLog] INFO : 进入：EquipmentMotionLogic3=》不需重新创建-手动操作！
2023-04-07 22:37:48,205 [AppLog] INFO : 进入：EquipmentMotionLogic3=》赋值完成自-AutoPrintMotion2！
2023-04-07 22:37:48,205 [AppLog] INFO : 进入：EquipmentMotionLogic3=》加载配置文件-LoadJsonFile成功！
2023-04-07 22:37:48,205 [AppLog] INFO : 进入自动清洗过程：AutoCleanThread
2023-04-07 22:37:49,172 [AppLog] INFO : 刮墨轴回零成功：motionMap.SetBackSpreaderAxis(4, 1, 2, -SinkPosition)
2023-04-07 22:37:49,172 [AppLog] INFO : 准备读取编码器位置：Y方向！
2023-04-07 22:37:49,172 [AppLog] INFO : 准备运动，编码器当前位置：DEM_GetAxisEncodeVal：MoveDirectionFlag{false为Y方向：True}CurrentPos{121.35}AimPos{121}
2023-04-07 22:37:49,204 [AppLog] INFO : Y方向运动开始：DEM_Run：返回值{True}nAxis{1}DirFlag{False}nSpeed{300000}MoveStep{-350.000000000009}nCtlValue{0}
2023-04-07 22:37:49,204 [AppLog] INFO : Y方向到位停止：DEM_StopAxisRun：返回值{True}CurrentPos{121.35}bImmeStop{False}nAxisMask{2}
2023-04-07 22:37:49,204 [AppLog] INFO : 准备读取编码器位置：X方向！
2023-04-07 22:37:49,204 [AppLog] INFO : 准备运动，当前位置：DEV_GetPrintEncoderValue：MoveDirectionFlag{false为Y方向：False}CurrentPos{784.98}AimPos{780}
2023-04-07 22:37:49,235 [AppLog] INFO : X方向运动开始：DEM_Run：返回值{True}nAxis{0}DirFlag{False}nSpeed{300000}MoveStep{-4980.00000000002}nCtlValue{2}
2023-04-07 22:37:49,422 [AppLog] INFO : X方向到位停止：DEM_StopAxisRun：返回值{True}CurrentPos{783.29}bImmeStop{False}nAxisMask{1}
2023-04-07 22:37:50,249 [AppLog] INFO : 开启压墨： motionMap.SetDo(13, true)
2023-04-07 22:37:54,258 [AppLog] INFO : 关闭压墨： motionMap.SetDo(13, true)
2023-04-07 22:37:54,258 [AppLog] INFO : 准备读取编码器位置：X方向！
2023-04-07 22:37:54,258 [AppLog] INFO : 准备运动，当前位置：DEV_GetPrintEncoderValue：MoveDirectionFlag{false为Y方向：False}CurrentPos{780.335}AimPos{680}
2023-04-07 22:37:54,289 [AppLog] INFO : X方向运动开始：DEM_Run：返回值{True}nAxis{0}DirFlag{False}nSpeed{50000}MoveStep{-100335}nCtlValue{2}
2023-04-07 22:37:56,348 [AppLog] INFO : X方向到位停止：DEM_StopAxisRun：返回值{True}CurrentPos{683.69}bImmeStop{False}nAxisMask{1}
2023-04-07 22:37:57,175 [AppLog] INFO : 结束自动清洗过程：AutoCleanThread
2023-04-07 22:37:57,175 [AppLog] INFO : 进入：EquipmentMotionLogic3=》准备创建对象-手动操作！
2023-04-07 22:37:57,175 [AppLog] INFO : 进入：EquipmentMotionLogic3=》不需重新创建-手动操作！
2023-04-07 22:37:57,175 [AppLog] INFO : 进入：EquipmentMotionLogic3=》赋值完成自-AutoPrintMotion2！
2023-04-07 22:37:57,175 [AppLog] INFO : 进入：EquipmentMotionLogic3=》加载配置文件-LoadJsonFile成功！
2023-04-07 22:37:57,175 [AppLog] INFO : 进入：AutoPrintThread2！
2023-04-07 22:37:57,175 [AppLog] INFO : 关闭闪喷操作：IDP_FlashPrtCtl：返回值{True}
2023-04-07 22:37:57,175 [AppLog] INFO : 准备读取编码器位置：Y方向！
2023-04-07 22:37:57,175 [AppLog] INFO : 准备运动，编码器当前位置：DEM_GetAxisEncodeVal：MoveDirectionFlag{false为Y方向：True}CurrentPos{121.005}AimPos{15}
2023-04-07 22:37:57,206 [AppLog] INFO : Y方向运动开始：DEM_Run：返回值{True}nAxis{1}DirFlag{False}nSpeed{300000}MoveStep{-106005}nCtlValue{0}
2023-04-07 22:37:57,206 [AppLog] INFO : 准备读取编码器位置：X方向！
2023-04-07 22:37:57,206 [AppLog] INFO : 准备运动，当前位置：DEV_GetPrintEncoderValue：MoveDirectionFlag{false为Y方向：False}CurrentPos{680.3}AimPos{425}
2023-04-07 22:37:57,238 [AppLog] INFO : X方向运动开始：DEM_Run：返回值{True}nAxis{0}DirFlag{False}nSpeed{300000}MoveStep{-255300}nCtlValue{2}
2023-04-07 22:37:58,657 [AppLog] INFO : X方向到位停止：DEM_StopAxisRun：返回值{True}CurrentPos{428.57}bImmeStop{False}nAxisMask{1}
2023-04-07 22:37:58,657 [AppLog] INFO : 准备读取编码器位置：X方向！
2023-04-07 22:37:58,657 [AppLog] INFO : 准备运动，当前位置：DEV_GetPrintEncoderValue：MoveDirectionFlag{false为Y方向：False}CurrentPos{428.495}AimPos{25}
2023-04-07 22:37:58,688 [AppLog] INFO : X方向运动开始：DEM_Run：返回值{True}nAxis{0}DirFlag{False}nSpeed{300000}MoveStep{-403495}nCtlValue{2}
2023-04-07 22:38:00,576 [AppLog] INFO : X方向到位停止：DEM_StopAxisRun：返回值{True}CurrentPos{26.665}bImmeStop{False}nAxisMask{1}
2023-04-07 22:38:00,576 [AppLog] INFO : 准备读取编码器位置：Y方向！
2023-04-07 22:38:00,576 [AppLog] INFO : 准备运动，编码器当前位置：DEM_GetAxisEncodeVal：MoveDirectionFlag{false为Y方向：True}CurrentPos{15.16}AimPos{69}
2023-04-07 22:38:00,607 [AppLog] INFO : Y方向运动开始：DEM_Run：返回值{True}nAxis{1}DirFlag{True}nSpeed{300000}MoveStep{53840}nCtlValue{0}
2023-04-07 22:38:00,794 [AppLog] INFO : Y方向到位停止：DEM_StopAxisRun：返回值{True}CurrentPos{26.16}bImmeStop{False}nAxisMask{2}
2023-04-07 22:38:00,794 [AppLog] INFO : 获取打印Pass数据：IDP_GetPassItem2：nLayerIndex{14}nPassID{1}nProcState{3}LPPassDataItemb:PrtDir{True}nDataTxCompleteCnt{1}nHwMemAdrMatchMask{1}nLayerIndex{14}nLayerPassCount{6}nLayerPassIndex{1}nMinJet0ImgLinePos{1280}nPrtMemHwAddr{System.UInt32[]}nPrtDataOffset{System.UInt32[]}nSrcDataSize{System.UInt32[]}nPrtColBytes{System.UInt32[]}nPrtPrecession{8}nSrcEndCols{8000}nSrcStartCols{0}nStartEncPos{10000}nValidPassJets{1280}nValidPrtCols{8310}nValidPrtCtlCnts{1}pDataBuf{0}pNextItem{674150576}
2023-04-07 22:38:00,826 [AppLog] INFO : 使能Pass打印成功：IDP_DoPassPrint2：nLayerIndex{14}nPassID{1}
2023-04-07 22:38:00,826 [AppLog] INFO : PASS打印前关键状态：DEV_GetDeviceInfo2：nLayerIndex{14}nPassID{1}LPPRINTER_INFO:nXSysEncDPI{0}nStatus{0}nPrintStatus{0}bSuperDevice{0}
LPPRINTER_INFO-LPPrtRunInfo:bJobPrtRuning{False}bLayerPrtIsOver{False}nContReqMemErr{0}nContWDErr{0}nCurPrtDir{0}nDTLayerIndex{0}nDTLayerPassIndex{0}nDTPtrCtlIndex{0}nLayerPassCount{0}nPrintLayerIndex{0}nPrintPassIndex{0}nProcLayerIndex{0}nPrtDataMemAddr{0}nPrtState{0}nReverse{System.Int32[]}nRevPrtCols{0}
LPPRINTER_INFO-LPDRVINFO:nFMVersion{0}nFpgaVersion{0}nPCBVersion{0}nState{0}nNextState{0}nPtvwarnState{0}nCrc32{0}nRevInfo{System.UInt32[]}nSignature{0}
2023-04-07 22:38:00,826 [AppLog] INFO : 进入：EquipmentMotionLogic3=》准备创建对象-手动操作！
2023-04-07 22:38:00,826 [AppLog] INFO : 进入：EquipmentMotionLogic3=》不需重新创建-手动操作！
2023-04-07 22:38:00,826 [AppLog] INFO : 进入：EquipmentMotionLogic3=》赋值完成自-AutoPrintMotion2！
2023-04-07 22:38:00,826 [AppLog] INFO : 进入：EquipmentMotionLogic3=》加载配置文件-LoadJsonFile成功！
2023-04-07 22:38:00,826 [AppLog] INFO : 进入：AutoPrintThread2！
2023-04-07 22:38:00,826 [AppLog] INFO : 准备读取编码器位置：X方向！
2023-04-07 22:38:00,826 [AppLog] INFO : 准备运动，当前位置：DEV_GetPrintEncoderValue：MoveDirectionFlag{false为Y方向：False}CurrentPos{22.535}AimPos{425}
2023-04-07 22:38:00,857 [AppLog] INFO : X方向运动开始：DEM_Run：返回值{True}nAxis{0}DirFlag{True}nSpeed{300000}MoveStep{402465}nCtlValue{2}
2023-04-07 22:38:02,760 [AppLog] INFO : X方向到位停止：DEM_StopAxisRun：返回值{True}CurrentPos{420.235}bImmeStop{False}nAxisMask{1}
2023-04-07 22:38:02,760 [AppLog] INFO : 准备读取编码器位置：Y方向！
2023-04-07 22:38:02,760 [AppLog] INFO : 准备运动，编码器当前位置：DEM_GetAxisEncodeVal：MoveDirectionFlag{false为Y方向：True}CurrentPos{68.92}AimPos{123}
2023-04-07 22:38:02,791 [AppLog] INFO : Y方向运动开始：DEM_Run：返回值{True}nAxis{1}DirFlag{True}nSpeed{300000}MoveStep{54080}nCtlValue{0}
2023-04-07 22:38:02,978 [AppLog] INFO : Y方向到位停止：DEM_StopAxisRun：返回值{True}CurrentPos{79.425}bImmeStop{False}nAxisMask{2}
2023-04-07 22:38:02,978 [AppLog] INFO : 获取打印Pass数据：IDP_GetPassItem2：nLayerIndex{14}nPassID{2}nProcState{3}LPPassDataItemb:PrtDir{False}nDataTxCompleteCnt{1}nHwMemAdrMatchMask{1}nLayerIndex{14}nLayerPassCount{6}nLayerPassIndex{2}nMinJet0ImgLinePos{2560}nPrtMemHwAddr{System.UInt32[]}nPrtDataOffset{System.UInt32[]}nSrcDataSize{System.UInt32[]}nPrtColBytes{System.UInt32[]}nPrtPrecession{8}nSrcEndCols{8000}nSrcStartCols{0}nStartEncPos{76472}nValidPassJets{1280}nValidPrtCols{8310}nValidPrtCtlCnts{1}pDataBuf{0}pNextItem{674150736}
2023-04-07 22:38:02,994 [AppLog] INFO : 使能Pass打印成功：IDP_DoPassPrint2：nLayerIndex{14}nPassID{2}
2023-04-07 22:38:02,994 [AppLog] INFO : PASS打印前关键状态：DEV_GetDeviceInfo2：nLayerIndex{14}nPassID{2}LPPRINTER_INFO:nXSysEncDPI{0}nStatus{0}nPrintStatus{0}bSuperDevice{0}
LPPRINTER_INFO-LPPrtRunInfo:bJobPrtRuning{False}bLayerPrtIsOver{False}nContReqMemErr{0}nContWDErr{0}nCurPrtDir{0}nDTLayerIndex{0}nDTLayerPassIndex{0}nDTPtrCtlIndex{0}nLayerPassCount{0}nPrintLayerIndex{0}nPrintPassIndex{0}nProcLayerIndex{0}nPrtDataMemAddr{0}nPrtState{0}nReverse{System.Int32[]}nRevPrtCols{0}
LPPRINTER_INFO-LPDRVINFO:nFMVersion{0}nFpgaVersion{0}nPCBVersion{0}nState{0}nNextState{0}nPtvwarnState{0}nCrc32{0}nRevInfo{System.UInt32[]}nSignature{0}
2023-04-07 22:38:02,994 [AppLog] INFO : 进入：EquipmentMotionLogic3=》准备创建对象-手动操作！
2023-04-07 22:38:02,994 [AppLog] INFO : 进入：EquipmentMotionLogic3=》不需重新创建-手动操作！
2023-04-07 22:38:02,994 [AppLog] INFO : 进入：EquipmentMotionLogic3=》赋值完成自-AutoPrintMotion2！
2023-04-07 22:38:02,994 [AppLog] INFO : 进入：EquipmentMotionLogic3=》加载配置文件-LoadJsonFile成功！
2023-04-07 22:38:02,994 [AppLog] INFO : 进入：AutoPrintThread2！
2023-04-07 22:38:02,994 [AppLog] INFO : 准备读取编码器位置：X方向！
2023-04-07 22:38:02,994 [AppLog] INFO : 准备运动，当前位置：DEV_GetPrintEncoderValue：MoveDirectionFlag{false为Y方向：False}CurrentPos{423.315}AimPos{25}
2023-04-07 22:38:03,025 [AppLog] INFO : X方向运动开始：DEM_Run：返回值{True}nAxis{0}DirFlag{False}nSpeed{300000}MoveStep{-398315}nCtlValue{2}
2023-04-07 22:38:03,462 [AppLog] INFO : 更新气压控制卡参数：DEV_AdibControl:二级墨盒加热电压：{12V}；MCU_SetPhVoltage:二级墨盒加热温度：{25℃}MCU_SetPhVoltage:负压目标值：{System.Single[]kPa}MCU_SetPhVoltage:负压阈值：{0.1kPa}
2023-04-07 22:38:04,913 [AppLog] INFO : X方向到位停止：DEM_StopAxisRun：返回值{True}CurrentPos{29.885}bImmeStop{False}nAxisMask{1}
2023-04-07 22:38:04,913 [AppLog] INFO : 准备读取编码器位置：Y方向！
2023-04-07 22:38:04,913 [AppLog] INFO : 准备运动，编码器当前位置：DEM_GetAxisEncodeVal：MoveDirectionFlag{false为Y方向：True}CurrentPos{122.86}AimPos{177}
2023-04-07 22:38:04,944 [AppLog] INFO : Y方向运动开始：DEM_Run：返回值{True}nAxis{1}DirFlag{True}nSpeed{300000}MoveStep{54140}nCtlValue{0}
2023-04-07 22:38:05,131 [AppLog] INFO : Y方向到位停止：DEM_StopAxisRun：返回值{True}CurrentPos{133.31}bImmeStop{False}nAxisMask{2}
2023-04-07 22:38:05,131 [AppLog] INFO : 获取打印Pass数据：IDP_GetPassItem2：nLayerIndex{14}nPassID{3}nProcState{3}LPPassDataItemb:PrtDir{True}nDataTxCompleteCnt{1}nHwMemAdrMatchMask{1}nLayerIndex{14}nLayerPassCount{6}nLayerPassIndex{3}nMinJet0ImgLinePos{3840}nPrtMemHwAddr{System.UInt32[]}nPrtDataOffset{System.UInt32[]}nSrcDataSize{System.UInt32[]}nPrtColBytes{System.UInt32[]}nPrtPrecession{8}nSrcEndCols{8000}nSrcStartCols{0}nStartEncPos{10000}nValidPassJets{1280}nValidPrtCols{8310}nValidPrtCtlCnts{1}pDataBuf{0}pNextItem{674150896}
2023-04-07 22:38:05,131 [AppLog] INFO : 使能Pass打印成功：IDP_DoPassPrint2：nLayerIndex{14}nPassID{3}
2023-04-07 22:38:05,147 [AppLog] INFO : PASS打印前关键状态：DEV_GetDeviceInfo2：nLayerIndex{14}nPassID{3}LPPRINTER_INFO:nXSysEncDPI{0}nStatus{0}nPrintStatus{0}bSuperDevice{0}
LPPRINTER_INFO-LPPrtRunInfo:bJobPrtRuning{False}bLayerPrtIsOver{False}nContReqMemErr{0}nContWDErr{0}nCurPrtDir{0}nDTLayerIndex{0}nDTLayerPassIndex{0}nDTPtrCtlIndex{0}nLayerPassCount{0}nPrintLayerIndex{0}nPrintPassIndex{0}nProcLayerIndex{0}nPrtDataMemAddr{0}nPrtState{0}nReverse{System.Int32[]}nRevPrtCols{0}
LPPRINTER_INFO-LPDRVINFO:nFMVersion{0}nFpgaVersion{0}nPCBVersion{0}nState{0}nNextState{0}nPtvwarnState{0}nCrc32{0}nRevInfo{System.UInt32[]}nSignature{0}
2023-04-07 22:38:05,147 [AppLog] INFO : 进入：EquipmentMotionLogic3=》准备创建对象-手动操作！
2023-04-07 22:38:05,147 [AppLog] INFO : 进入：EquipmentMotionLogic3=》不需重新创建-手动操作！
2023-04-07 22:38:05,147 [AppLog] INFO : 进入：EquipmentMotionLogic3=》赋值完成自-AutoPrintMotion2！
2023-04-07 22:38:05,147 [AppLog] INFO : 进入：EquipmentMotionLogic3=》加载配置文件-LoadJsonFile成功！
2023-04-07 22:38:05,147 [AppLog] INFO : 进入：AutoPrintThread2！
2023-04-07 22:38:05,147 [AppLog] INFO : 准备读取编码器位置：X方向！
2023-04-07 22:38:05,147 [AppLog] INFO : 准备运动，当前位置：DEV_GetPrintEncoderValue：MoveDirectionFlag{false为Y方向：False}CurrentPos{26.62}AimPos{425}
2023-04-07 22:38:05,194 [AppLog] INFO : X方向运动开始：DEM_Run：返回值{True}nAxis{0}DirFlag{True}nSpeed{300000}MoveStep{398380}nCtlValue{2}
2023-04-07 22:38:07,081 [AppLog] INFO : X方向到位停止：DEM_StopAxisRun：返回值{True}CurrentPos{419.815}bImmeStop{False}nAxisMask{1}
2023-04-07 22:38:07,081 [AppLog] INFO : 准备读取编码器位置：Y方向！
2023-04-07 22:38:07,081 [AppLog] INFO : 准备运动，编码器当前位置：DEM_GetAxisEncodeVal：MoveDirectionFlag{false为Y方向：True}CurrentPos{176.88}AimPos{231}
2023-04-07 22:38:07,112 [AppLog] INFO : Y方向运动开始：DEM_Run：返回值{True}nAxis{1}DirFlag{True}nSpeed{300000}MoveStep{54120}nCtlValue{0}
2023-04-07 22:38:07,331 [AppLog] INFO : Y方向到位停止：DEM_StopAxisRun：返回值{True}CurrentPos{196.56}bImmeStop{False}nAxisMask{2}
2023-04-07 22:38:07,331 [AppLog] INFO : 获取打印Pass数据：IDP_GetPassItem2：nLayerIndex{14}nPassID{4}nProcState{3}LPPassDataItemb:PrtDir{False}nDataTxCompleteCnt{1}nHwMemAdrMatchMask{1}nLayerIndex{14}nLayerPassCount{6}nLayerPassIndex{4}nMinJet0ImgLinePos{5120}nPrtMemHwAddr{System.UInt32[]}nPrtDataOffset{System.UInt32[]}nSrcDataSize{System.UInt32[]}nPrtColBytes{System.UInt32[]}nPrtPrecession{8}nSrcEndCols{8000}nSrcStartCols{0}nStartEncPos{76472}nValidPassJets{1280}nValidPrtCols{8310}nValidPrtCtlCnts{1}pDataBuf{0}pNextItem{674151056}
2023-04-07 22:38:07,346 [AppLog] INFO : 使能Pass打印成功：IDP_DoPassPrint2：nLayerIndex{14}nPassID{4}
2023-04-07 22:38:07,346 [AppLog] INFO : PASS打印前关键状态：DEV_GetDeviceInfo2：nLayerIndex{14}nPassID{4}LPPRINTER_INFO:nXSysEncDPI{0}nStatus{0}nPrintStatus{0}bSuperDevice{0}
LPPRINTER_INFO-LPPrtRunInfo:bJobPrtRuning{False}bLayerPrtIsOver{False}nContReqMemErr{0}nContWDErr{0}nCurPrtDir{0}nDTLayerIndex{0}nDTLayerPassIndex{0}nDTPtrCtlIndex{0}nLayerPassCount{0}nPrintLayerIndex{0}nPrintPassIndex{0}nProcLayerIndex{0}nPrtDataMemAddr{0}nPrtState{0}nReverse{System.Int32[]}nRevPrtCols{0}
LPPRINTER_INFO-LPDRVINFO:nFMVersion{0}nFpgaVersion{0}nPCBVersion{0}nState{0}nNextState{0}nPtvwarnState{0}nCrc32{0}nRevInfo{System.UInt32[]}nSignature{0}
2023-04-07 22:38:07,346 [AppLog] INFO : 进入：EquipmentMotionLogic3=》准备创建对象-手动操作！
2023-04-07 22:38:07,362 [AppLog] INFO : 进入：EquipmentMotionLogic3=》不需重新创建-手动操作！
2023-04-07 22:38:07,362 [AppLog] INFO : 进入：EquipmentMotionLogic3=》赋值完成自-AutoPrintMotion2！
2023-04-07 22:38:07,362 [AppLog] INFO : 进入：EquipmentMotionLogic3=》加载配置文件-LoadJsonFile成功！
2023-04-07 22:38:07,362 [AppLog] INFO : 进入：AutoPrintThread2！
2023-04-07 22:38:07,362 [AppLog] INFO : 准备读取编码器位置：X方向！
2023-04-07 22:38:07,362 [AppLog] INFO : 准备运动，当前位置：DEV_GetPrintEncoderValue：MoveDirectionFlag{false为Y方向：False}CurrentPos{423.4}AimPos{25}
2023-04-07 22:38:07,393 [AppLog] INFO : X方向运动开始：DEM_Run：返回值{True}nAxis{0}DirFlag{False}nSpeed{300000}MoveStep{-398400}nCtlValue{2}
2023-04-07 22:38:09,265 [AppLog] INFO : X方向到位停止：DEM_StopAxisRun：返回值{True}CurrentPos{31.24}bImmeStop{False}nAxisMask{1}
2023-04-07 22:38:09,265 [AppLog] INFO : 准备读取编码器位置：Y方向！
2023-04-07 22:38:09,265 [AppLog] INFO : 准备运动，编码器当前位置：DEM_GetAxisEncodeVal：MoveDirectionFlag{false为Y方向：True}CurrentPos{230.925}AimPos{285}
2023-04-07 22:38:09,296 [AppLog] INFO : Y方向运动开始：DEM_Run：返回值{True}nAxis{1}DirFlag{True}nSpeed{300000}MoveStep{54075}nCtlValue{0}
2023-04-07 22:38:09,484 [AppLog] INFO : Y方向到位停止：DEM_StopAxisRun：返回值{True}CurrentPos{241.35}bImmeStop{False}nAxisMask{2}
2023-04-07 22:38:09,484 [AppLog] INFO : 获取打印Pass数据：IDP_GetPassItem2：nLayerIndex{14}nPassID{5}nProcState{3}LPPassDataItemb:PrtDir{True}nDataTxCompleteCnt{1}nHwMemAdrMatchMask{1}nLayerIndex{14}nLayerPassCount{6}nLayerPassIndex{5}nMinJet0ImgLinePos{6400}nPrtMemHwAddr{System.UInt32[]}nPrtDataOffset{System.UInt32[]}nSrcDataSize{System.UInt32[]}nPrtColBytes{System.UInt32[]}nPrtPrecession{8}nSrcEndCols{8000}nSrcStartCols{0}nStartEncPos{10000}nValidPassJets{1280}nValidPrtCols{8310}nValidPrtCtlCnts{1}pDataBuf{0}pNextItem{0}
2023-04-07 22:38:09,499 [AppLog] INFO : 使能Pass打印成功：IDP_DoPassPrint2：nLayerIndex{14}nPassID{5}
2023-04-07 22:38:09,499 [AppLog] INFO : PASS打印前关键状态：DEV_GetDeviceInfo2：nLayerIndex{14}nPassID{5}LPPRINTER_INFO:nXSysEncDPI{0}nStatus{0}nPrintStatus{0}bSuperDevice{0}
LPPRINTER_INFO-LPPrtRunInfo:bJobPrtRuning{False}bLayerPrtIsOver{False}nContReqMemErr{0}nContWDErr{0}nCurPrtDir{0}nDTLayerIndex{0}nDTLayerPassIndex{0}nDTPtrCtlIndex{0}nLayerPassCount{0}nPrintLayerIndex{0}nPrintPassIndex{0}nProcLayerIndex{0}nPrtDataMemAddr{0}nPrtState{0}nReverse{System.Int32[]}nRevPrtCols{0}
LPPRINTER_INFO-LPDRVINFO:nFMVersion{0}nFpgaVersion{0}nPCBVersion{0}nState{0}nNextState{0}nPtvwarnState{0}nCrc32{0}nRevInfo{System.UInt32[]}nSignature{0}
2023-04-07 22:38:09,499 [AppLog] INFO : 进入：EquipmentMotionLogic3=》准备创建对象-手动操作！
2023-04-07 22:38:09,499 [AppLog] INFO : 进入：EquipmentMotionLogic3=》不需重新创建-手动操作！
2023-04-07 22:38:09,499 [AppLog] INFO : 进入：EquipmentMotionLogic3=》赋值完成自-AutoPrintMotion2！
2023-04-07 22:38:09,499 [AppLog] INFO : 进入：EquipmentMotionLogic3=》加载配置文件-LoadJsonFile成功！
2023-04-07 22:38:09,499 [AppLog] INFO : 进入：AutoPrintThread2！
2023-04-07 22:38:09,499 [AppLog] INFO : 准备读取编码器位置：X方向！
2023-04-07 22:38:09,515 [AppLog] INFO : 准备运动，当前位置：DEV_GetPrintEncoderValue：MoveDirectionFlag{false为Y方向：False}CurrentPos{26.615}AimPos{425}
2023-04-07 22:38:09,546 [AppLog] INFO : X方向运动开始：DEM_Run：返回值{True}nAxis{0}DirFlag{True}nSpeed{300000}MoveStep{398385}nCtlValue{2}
2023-04-07 22:38:11,418 [AppLog] INFO : X方向到位停止：DEM_StopAxisRun：返回值{True}CurrentPos{417.895}bImmeStop{False}nAxisMask{1}
2023-04-07 22:38:11,418 [AppLog] INFO : 准备读取编码器位置：X方向！
2023-04-07 22:38:11,418 [AppLog] INFO : 准备运动，当前位置：DEV_GetPrintEncoderValue：MoveDirectionFlag{false为Y方向：False}CurrentPos{418.115}AimPos{780}
2023-04-07 22:38:11,449 [AppLog] INFO : X方向运动开始：DEM_Run：返回值{True}nAxis{0}DirFlag{True}nSpeed{300000}MoveStep{361885}nCtlValue{2}
2023-04-07 22:38:11,449 [AppLog] INFO : 准备读取编码器位置：Y方向！
2023-04-07 22:38:11,449 [AppLog] INFO : 准备运动，编码器当前位置：DEM_GetAxisEncodeVal：MoveDirectionFlag{false为Y方向：True}CurrentPos{284.91}AimPos{121}
2023-04-07 22:38:11,496 [AppLog] INFO : Y方向运动开始：DEM_Run：返回值{True}nAxis{1}DirFlag{False}nSpeed{300000}MoveStep{-163910}nCtlValue{0}
2023-04-07 22:38:13,056 [AppLog] INFO : 退出手动调试子模块,已执行修改
==========================================================================
2023-04-07 22:38:13,212 [AppLog] INFO : Y方向到位等停：DEM_StopAxisRun：返回值{True}bImmeStop{False}nAxisMask{1}
2023-04-07 22:38:13,212 [AppLog] INFO : X方向到位等停：DEM_StopAxisRun：返回值{True}bImmeStop{False}nAxisMask{2}
2023-04-07 22:38:13,243 [AppLog] INFO : 开启闪喷操作：IDP_FlashPrtCtl：返回值{True}
2023-04-07 22:38:13,243 [AppLog] INFO : 进入：EquipmentMotionLogic3=》准备创建对象-手动操作！
2023-04-07 22:38:13,243 [AppLog] INFO : 进入：EquipmentMotionLogic3=》不需重新创建-手动操作！
2023-04-07 22:38:13,243 [AppLog] INFO : 进入：EquipmentMotionLogic3=》赋值完成自-AutoPrintMotion2！
2023-04-07 22:38:13,243 [AppLog] INFO : 进入：EquipmentMotionLogic3=》加载配置文件-LoadJsonFile成功！
2023-04-07 22:38:13,243 [AppLog] INFO : 进入自动铺粉逻辑：NewAutoSupplyPowderThread2
2023-04-07 22:38:13,321 [AppLog] INFO : 手动正向点动指令（8轴运控板卡系统） ====》：输出AXIS{第1轴},点动量{-0.1MM},运动速度{2MM/s}
2023-04-07 22:38:13,321 [AppLog] INFO : 成形面高度下降层厚 TrapSpace{0.1mm}：TrapMoveUp(1, true, Convert.ToString(vel), Convert.ToString(TrapSpace), true, true）
2023-04-07 22:38:14,101 [AppLog] INFO : 手动正向点动指令（8轴运控板卡系统） ====》：输出AXIS{第1轴},点动量{-1.5MM},运动速度{2MM/s}
2023-04-07 22:38:14,101 [AppLog] INFO : 成形面高度下降指定厚度 TrapSpace{1.5mm}：TrapMoveUp(1, true, Convert.ToString(vel), Convert.ToString(TrapSpace), true, true）
2023-04-07 22:38:14,366 [AppLog] INFO : 进入JOB参数设置：修改前初始参数：灰度数据格式{1bits}打印灰阶{1阶}m_XPrintDpi{635Dpi}墨车运动速度{300MM/s}X向起打位置{50MM}X向起打位置偏移{0MM}Y向起打位置偏移{0MM}
2023-04-07 22:38:14,866 [AppLog] INFO : 手动正向点动指令（8轴运控板卡系统） ====》：输出AXIS{第1轴},点动量{1.5MM},运动速度{2MM/s}
2023-04-07 22:38:14,866 [AppLog] INFO : 成形面高度上升层厚 TrapSpace{1.5mm}：TrapMoveUp(1, true, Convert.ToString(vel), Convert.ToString(TrapSpace), true, true）
2023-04-07 22:38:15,084 [AppLog] INFO : 手动正向点动指令（8轴运控板卡系统） ====》：输出AXIS{第8轴},点动量{0.5MM},运动速度{2.5MM/s}
2023-04-07 22:38:15,084 [AppLog] INFO : Hopper落粉轴转2圈落粉，速度0.5rev/s：TrapMoveUp(8, true, 0.5, rotateNuM.ToString(), true, false)
2023-04-07 22:38:16,379 [AppLog] INFO : 手动正向点动指令（8轴运控板卡系统） ====》：输出AXIS{第2轴},点动量{258MM},运动速度{200MM/s}
2023-04-07 22:38:16,379 [AppLog] INFO : 开启铺粉车不等停运动至准备打印位置255mm，速度200mm/s：BackToStation2
2023-04-07 22:38:16,379 [AppLog] INFO : 手动正向点动指令（8轴运控板卡系统） ====》：输出AXIS{第2轴},点动量{440MM},运动速度{50MM/s}
2023-04-07 22:38:16,379 [AppLog] INFO : 开启铺粉车不等停运动至准备打印位置695mm，速度50mm/s：BackToStation2
2023-04-07 22:38:16,504 [AppLog] INFO : 打开IR灯：OpenIRLamp(true)
2023-04-07 22:38:16,504 [AppLog] INFO : 手动正向点动指令（8轴运控板卡系统） ====》：输出AXIS{第3轴},点动量{0.5MM},运动速度{0.0753424657534247MM/s}
2023-04-07 22:38:16,504 [AppLog] INFO : 开启均匀落粉及辊子铺平运动：TrapMoveUp(3, true, Convert.ToString(DispenseRollerSpeed), 0.5, true, true)
2023-04-07 22:38:19,171 [AppLog] INFO : 退出JOB参数设置：修改后参数：灰度数据格式{1bits}打印灰阶{1阶}m_XPrintDpi{635Dpi}墨车运动速度{300MM/s}X向起打位置{50MM}X向起打位置偏移{0MM}Y向起打位置偏移{0MM}
2023-04-07 22:38:21,589 [AppLog] INFO : 关闭IR灯：OpenIRLamp(false)
2023-04-07 22:38:23,945 [AppLog] INFO : 手动正向点动指令（8轴运控板卡系统） ====》：输出AXIS{第3轴},点动量{0.5MM},运动速度{2MM/s}
2023-04-07 22:38:23,945 [AppLog] INFO : 落粉轴继续转动以倒掉余粉：TrapMoveUp(3, true, 2, 0.5, true, false)
2023-04-07 22:38:24,491 [AppLog] INFO : 进入手动调试子模块！
2023-04-07 22:38:24,491 [AppLog] INFO : 进入：ManulBtn_Click=》准备创建对象-手动操作！
2023-04-07 22:38:24,522 [AppLog] INFO : 创建：ManualControl=》创建完成-手动操作！
2023-04-07 22:38:24,522 [AppLog] INFO : 加载成功：温控Modbus接口！
2023-04-07 22:38:25,957 [AppLog] INFO : 手动正向点动指令（8轴运控板卡系统） ====》：输出AXIS{第1轴},点动量{-1.5MM},运动速度{2MM/s}
2023-04-07 22:38:25,957 [AppLog] INFO : 成形面高度下降指定厚度 TrapSpace{1.5mm}：TrapMoveUp(1, true, Convert.ToString(vel), Convert.ToString(TrapSpace), true, true）
2023-04-07 22:38:28,344 [AppLog] INFO : IR固化手动出光模式：WriteSingleRegister：SlaveNumber{1}RegisterAddress{132}RegisterValue{1}
2023-04-07 22:38:28,406 [AppLog] INFO : IR固化停止出光成功：WriteSingleRegister：SlaveNumber{1}RegisterAddress{121}目标温度{0 ℃}
2023-04-07 22:38:29,452 [AppLog] INFO : 手动正向点动指令（8轴运控板卡系统） ====》：输出AXIS{第2轴},点动量{-698MM},运动速度{200MM/s}
2023-04-07 22:38:29,452 [AppLog] INFO : 铺粉车返回至站1：BackToStation2(AimPos, MovSpeed, true)：-3mm，速度200mm/s：BackToStation2
2023-04-07 22:38:29,842 [AppLog] INFO : 落粉轴回零成功：motionMap.SetBackSpreaderAxis(3, 0.5, 2, -SinkPosition)：ReturnCode{True}
2023-04-07 22:38:30,294 [AppLog] INFO : 退出手动调试子模块,已执行修改
==========================================================================
2023-04-07 22:38:30,606 [AppLog] INFO : 手动正向点动指令（8轴运控板卡系统） ====》：输出AXIS{第1轴},点动量{1.5MM},运动速度{2MM/s}
2023-04-07 22:38:30,606 [AppLog] INFO : 成形面高度上升层厚 TrapSpace{1.5mm}：TrapMoveUp(1, true, Convert.ToString(vel), Convert.ToString(TrapSpace), true, true）
2023-04-07 22:38:30,606 [AppLog] INFO : 自动铺粉正常结束：NewAutoSupplyPowderThread2
2023-04-07 22:38:30,606 [AppLog] INFO : 发送监控指令，拍照记录1条：SendMessageFromSharedMemory
2023-04-07 22:38:30,606 [AppLog] INFO : 执行完成铺粉固化操作：EquipmentMotionLogic3：m_bApplyPowderSupplyMotion:0
2023-04-07 22:38:30,606 [AppLog] INFO : 接收到恢复打印指令：PrintTaskTHREAD
2023-04-07 22:38:30,606 [AppLog] INFO : 获取打印Pass数据：IDP_GetPassItem2：nLayerIndex{15}nPassID{0}nProcState{3}LPPassDataItemb:PrtDir{False}nDataTxCompleteCnt{1}nHwMemAdrMatchMask{1}nLayerIndex{15}nLayerPassCount{6}nLayerPassIndex{0}nMinJet0ImgLinePos{0}nPrtMemHwAddr{System.UInt32[]}nPrtDataOffset{System.UInt32[]}nSrcDataSize{System.UInt32[]}nPrtColBytes{System.UInt32[]}nPrtPrecession{8}nSrcEndCols{8000}nSrcStartCols{0}nStartEncPos{76472}nValidPassJets{1280}nValidPrtCols{8310}nValidPrtCtlCnts{1}pDataBuf{0}pNextItem{674151376}
2023-04-07 22:38:30,622 [AppLog] INFO : 使能Pass打印成功：IDP_DoPassPrint2：nLayerIndex{15}nPassID{0}
2023-04-07 22:38:30,622 [AppLog] INFO : PASS打印前关键状态：DEV_GetDeviceInfo2：nLayerIndex{15}nPassID{0}LPPRINTER_INFO:nXSysEncDPI{0}nStatus{0}nPrintStatus{0}bSuperDevice{0}
LPPRINTER_INFO-LPPrtRunInfo:bJobPrtRuning{False}bLayerPrtIsOver{False}nContReqMemErr{0}nContWDErr{0}nCurPrtDir{0}nDTLayerIndex{0}nDTLayerPassIndex{0}nDTPtrCtlIndex{0}nLayerPassCount{0}nPrintLayerIndex{0}nPrintPassIndex{0}nProcLayerIndex{0}nPrtDataMemAddr{0}nPrtState{0}nReverse{System.Int32[]}nRevPrtCols{0}
LPPRINTER_INFO-LPDRVINFO:nFMVersion{0}nFpgaVersion{0}nPCBVersion{0}nState{0}nNextState{0}nPtvwarnState{0}nCrc32{0}nRevInfo{System.UInt32[]}nSignature{0}
2023-04-07 22:38:30,622 [AppLog] INFO : 进入：EquipmentMotionLogic3=》准备创建对象-手动操作！
2023-04-07 22:38:30,622 [AppLog] INFO : 进入：EquipmentMotionLogic3=》不需重新创建-手动操作！
2023-04-07 22:38:30,622 [AppLog] INFO : 进入：EquipmentMotionLogic3=》赋值完成自-AutoPrintMotion2！
2023-04-07 22:38:30,622 [AppLog] INFO : 进入：EquipmentMotionLogic3=》加载配置文件-LoadJsonFile成功！
2023-04-07 22:38:30,622 [AppLog] INFO : 进入自动清洗过程：AutoCleanThread
2023-04-07 22:38:31,589 [AppLog] INFO : 刮墨轴回零成功：motionMap.SetBackSpreaderAxis(4, 1, 2, -SinkPosition)
2023-04-07 22:38:31,589 [AppLog] INFO : 准备读取编码器位置：Y方向！
2023-04-07 22:38:31,589 [AppLog] INFO : 准备运动，编码器当前位置：DEM_GetAxisEncodeVal：MoveDirectionFlag{false为Y方向：True}CurrentPos{121.34}AimPos{121}
2023-04-07 22:38:31,620 [AppLog] INFO : Y方向运动开始：DEM_Run：返回值{True}nAxis{1}DirFlag{False}nSpeed{300000}MoveStep{-340.000000000003}nCtlValue{0}
2023-04-07 22:38:31,620 [AppLog] INFO : Y方向到位停止：DEM_StopAxisRun：返回值{True}CurrentPos{121.34}bImmeStop{False}nAxisMask{2}
2023-04-07 22:38:31,620 [AppLog] INFO : 准备读取编码器位置：X方向！
2023-04-07 22:38:31,620 [AppLog] INFO : 准备运动，当前位置：DEV_GetPrintEncoderValue：MoveDirectionFlag{false为Y方向：False}CurrentPos{785.25}AimPos{780}
2023-04-07 22:38:31,651 [AppLog] INFO : X方向运动开始：DEM_Run：返回值{True}nAxis{0}DirFlag{False}nSpeed{300000}MoveStep{-5250}nCtlValue{2}
2023-04-07 22:38:31,916 [AppLog] INFO : X方向到位停止：DEM_StopAxisRun：返回值{True}CurrentPos{781.08}bImmeStop{False}nAxisMask{1}
2023-04-07 22:38:32,743 [AppLog] INFO : 开启压墨： motionMap.SetDo(13, true)
2023-04-07 22:38:36,752 [AppLog] INFO : 关闭压墨： motionMap.SetDo(13, true)
2023-04-07 22:38:36,752 [AppLog] INFO : 准备读取编码器位置：X方向！
2023-04-07 22:38:36,768 [AppLog] INFO : 准备运动，当前位置：DEV_GetPrintEncoderValue：MoveDirectionFlag{false为Y方向：False}CurrentPos{780.35}AimPos{680}
2023-04-07 22:38:36,799 [AppLog] INFO : X方向运动开始：DEM_Run：返回值{True}nAxis{0}DirFlag{False}nSpeed{50000}MoveStep{-100350}nCtlValue{2}
2023-04-07 22:38:38,858 [AppLog] INFO : X方向到位停止：DEM_StopAxisRun：返回值{True}CurrentPos{683.88}bImmeStop{False}nAxisMask{1}
2023-04-07 22:38:39,685 [AppLog] INFO : 结束自动清洗过程：AutoCleanThread
2023-04-07 22:38:39,685 [AppLog] INFO : 进入：EquipmentMotionLogic3=》准备创建对象-手动操作！
2023-04-07 22:38:39,685 [AppLog] INFO : 进入：EquipmentMotionLogic3=》不需重新创建-手动操作！
2023-04-07 22:38:39,685 [AppLog] INFO : 进入：EquipmentMotionLogic3=》赋值完成自-AutoPrintMotion2！
2023-04-07 22:38:39,685 [AppLog] INFO : 进入：EquipmentMotionLogic3=》加载配置文件-LoadJsonFile成功！
2023-04-07 22:38:39,685 [AppLog] INFO : 进入：AutoPrintThread2！
2023-04-07 22:38:39,685 [AppLog] INFO : 关闭闪喷操作：IDP_FlashPrtCtl：返回值{True}
2023-04-07 22:38:39,685 [AppLog] INFO : 准备读取编码器位置：Y方向！
2023-04-07 22:38:39,685 [AppLog] INFO : 准备运动，编码器当前位置：DEM_GetAxisEncodeVal：MoveDirectionFlag{false为Y方向：True}CurrentPos{121.005}AimPos{15}
2023-04-07 22:38:39,716 [AppLog] INFO : Y方向运动开始：DEM_Run：返回值{True}nAxis{1}DirFlag{False}nSpeed{300000}MoveStep{-106005}nCtlValue{0}
2023-04-07 22:38:39,716 [AppLog] INFO : 准备读取编码器位置：X方向！
2023-04-07 22:38:39,716 [AppLog] INFO : 准备运动，当前位置：DEV_GetPrintEncoderValue：MoveDirectionFlag{false为Y方向：False}CurrentPos{680.33}AimPos{425}
2023-04-07 22:38:39,748 [AppLog] INFO : X方向运动开始：DEM_Run：返回值{True}nAxis{0}DirFlag{False}nSpeed{300000}MoveStep{-255330}nCtlValue{2}
2023-04-07 22:38:41,152 [AppLog] INFO : X方向到位停止：DEM_StopAxisRun：返回值{True}CurrentPos{429.975}bImmeStop{False}nAxisMask{1}
2023-04-07 22:38:41,152 [AppLog] INFO : 准备读取编码器位置：X方向！
2023-04-07 22:38:41,152 [AppLog] INFO : 准备运动，当前位置：DEV_GetPrintEncoderValue：MoveDirectionFlag{false为Y方向：False}CurrentPos{429.88}AimPos{25}
2023-04-07 22:38:41,183 [AppLog] INFO : X方向运动开始：DEM_Run：返回值{True}nAxis{0}DirFlag{False}nSpeed{300000}MoveStep{-404880}nCtlValue{2}
2023-04-07 22:38:43,086 [AppLog] INFO : X方向到位停止：DEM_StopAxisRun：返回值{True}CurrentPos{24.965}bImmeStop{False}nAxisMask{1}
2023-04-07 22:38:43,086 [AppLog] INFO : 准备读取编码器位置：Y方向！
2023-04-07 22:38:43,086 [AppLog] INFO : 准备运动，编码器当前位置：DEM_GetAxisEncodeVal：MoveDirectionFlag{false为Y方向：True}CurrentPos{15.155}AimPos{69}
2023-04-07 22:38:43,117 [AppLog] INFO : Y方向运动开始：DEM_Run：返回值{True}nAxis{1}DirFlag{True}nSpeed{300000}MoveStep{53845}nCtlValue{0}
2023-04-07 22:38:43,304 [AppLog] INFO : Y方向到位停止：DEM_StopAxisRun：返回值{True}CurrentPos{26.22}bImmeStop{False}nAxisMask{2}
2023-04-07 22:38:43,304 [AppLog] INFO : 获取打印Pass数据：IDP_GetPassItem2：nLayerIndex{15}nPassID{1}nProcState{3}LPPassDataItemb:PrtDir{True}nDataTxCompleteCnt{1}nHwMemAdrMatchMask{1}nLayerIndex{15}nLayerPassCount{6}nLayerPassIndex{1}nMinJet0ImgLinePos{1280}nPrtMemHwAddr{System.UInt32[]}nPrtDataOffset{System.UInt32[]}nSrcDataSize{System.UInt32[]}nPrtColBytes{System.UInt32[]}nPrtPrecession{8}nSrcEndCols{8000}nSrcStartCols{0}nStartEncPos{10000}nValidPassJets{1280}nValidPrtCols{8310}nValidPrtCtlCnts{1}pDataBuf{0}pNextItem{674151536}
2023-04-07 22:38:43,320 [AppLog] INFO : 使能Pass打印成功：IDP_DoPassPrint2：nLayerIndex{15}nPassID{1}
2023-04-07 22:38:43,320 [AppLog] INFO : PASS打印前关键状态：DEV_GetDeviceInfo2：nLayerIndex{15}nPassID{1}LPPRINTER_INFO:nXSysEncDPI{0}nStatus{0}nPrintStatus{0}bSuperDevice{0}
LPPRINTER_INFO-LPPrtRunInfo:bJobPrtRuning{False}bLayerPrtIsOver{False}nContReqMemErr{0}nContWDErr{0}nCurPrtDir{0}nDTLayerIndex{0}nDTLayerPassIndex{0}nDTPtrCtlIndex{0}nLayerPassCount{0}nPrintLayerIndex{0}nPrintPassIndex{0}nProcLayerIndex{0}nPrtDataMemAddr{0}nPrtState{0}nReverse{System.Int32[]}nRevPrtCols{0}
LPPRINTER_INFO-LPDRVINFO:nFMVersion{0}nFpgaVersion{0}nPCBVersion{0}nState{0}nNextState{0}nPtvwarnState{0}nCrc32{0}nRevInfo{System.UInt32[]}nSignature{0}
2023-04-07 22:38:43,320 [AppLog] INFO : 进入：EquipmentMotionLogic3=》准备创建对象-手动操作！
2023-04-07 22:38:43,320 [AppLog] INFO : 进入：EquipmentMotionLogic3=》不需重新创建-手动操作！
2023-04-07 22:38:43,320 [AppLog] INFO : 进入：EquipmentMotionLogic3=》赋值完成自-AutoPrintMotion2！
2023-04-07 22:38:43,320 [AppLog] INFO : 进入：EquipmentMotionLogic3=》加载配置文件-LoadJsonFile成功！
2023-04-07 22:38:43,320 [AppLog] INFO : 进入：AutoPrintThread2！
2023-04-07 22:38:43,320 [AppLog] INFO : 准备读取编码器位置：X方向！
2023-04-07 22:38:43,320 [AppLog] INFO : 准备运动，当前位置：DEV_GetPrintEncoderValue：MoveDirectionFlag{false为Y方向：False}CurrentPos{21.12}AimPos{425}
2023-04-07 22:38:43,351 [AppLog] INFO : X方向运动开始：DEM_Run：返回值{True}nAxis{0}DirFlag{True}nSpeed{300000}MoveStep{403880}nCtlValue{2}
2023-04-07 22:38:45,239 [AppLog] INFO : X方向到位停止：DEM_StopAxisRun：返回值{True}CurrentPos{419}bImmeStop{False}nAxisMask{1}
2023-04-07 22:38:45,239 [AppLog] INFO : 准备读取编码器位置：Y方向！
2023-04-07 22:38:45,239 [AppLog] INFO : 准备运动，编码器当前位置：DEM_GetAxisEncodeVal：MoveDirectionFlag{false为Y方向：True}CurrentPos{68.93}AimPos{123}
2023-04-07 22:38:45,270 [AppLog] INFO : Y方向运动开始：DEM_Run：返回值{True}nAxis{1}DirFlag{True}nSpeed{300000}MoveStep{54070}nCtlValue{0}
2023-04-07 22:38:45,457 [AppLog] INFO : Y方向到位停止：DEM_StopAxisRun：返回值{True}CurrentPos{79.365}bImmeStop{False}nAxisMask{2}
2023-04-07 22:38:45,457 [AppLog] INFO : 获取打印Pass数据：IDP_GetPassItem2：nLayerIndex{15}nPassID{2}nProcState{3}LPPassDataItemb:PrtDir{False}nDataTxCompleteCnt{1}nHwMemAdrMatchMask{1}nLayerIndex{15}nLayerPassCount{6}nLayerPassIndex{2}nMinJet0ImgLinePos{2560}nPrtMemHwAddr{System.UInt32[]}nPrtDataOffset{System.UInt32[]}nSrcDataSize{System.UInt32[]}nPrtColBytes{System.UInt32[]}nPrtPrecession{8}nSrcEndCols{8000}nSrcStartCols{0}nStartEncPos{76472}nValidPassJets{1280}nValidPrtCols{8310}nValidPrtCtlCnts{1}pDataBuf{0}pNextItem{674151696}
2023-04-07 22:38:45,473 [AppLog] INFO : 使能Pass打印成功：IDP_DoPassPrint2：nLayerIndex{15}nPassID{2}
2023-04-07 22:38:45,473 [AppLog] INFO : PASS打印前关键状态：DEV_GetDeviceInfo2：nLayerIndex{15}nPassID{2}LPPRINTER_INFO:nXSysEncDPI{0}nStatus{0}nPrintStatus{0}bSuperDevice{0}
LPPRINTER_INFO-LPPrtRunInfo:bJobPrtRuning{False}bLayerPrtIsOver{False}nContReqMemErr{0}nContWDErr{0}nCurPrtDir{0}nDTLayerIndex{0}nDTLayerPassIndex{0}nDTPtrCtlIndex{0}nLayerPassCount{0}nPrintLayerIndex{0}nPrintPassIndex{0}nProcLayerIndex{0}nPrtDataMemAddr{0}nPrtState{0}nReverse{System.Int32[]}nRevPrtCols{0}
LPPRINTER_INFO-LPDRVINFO:nFMVersion{0}nFpgaVersion{0}nPCBVersion{0}nState{0}nNextState{0}nPtvwarnState{0}nCrc32{0}nRevInfo{System.UInt32[]}nSignature{0}
2023-04-07 22:38:45,473 [AppLog] INFO : 进入：EquipmentMotionLogic3=》准备创建对象-手动操作！
2023-04-07 22:38:45,473 [AppLog] INFO : 进入：EquipmentMotionLogic3=》不需重新创建-手动操作！
2023-04-07 22:38:45,473 [AppLog] INFO : 进入：EquipmentMotionLogic3=》赋值完成自-AutoPrintMotion2！
2023-04-07 22:38:45,473 [AppLog] INFO : 进入：EquipmentMotionLogic3=》加载配置文件-LoadJsonFile成功！
2023-04-07 22:38:45,473 [AppLog] INFO : 进入：AutoPrintThread2！
2023-04-07 22:38:45,473 [AppLog] INFO : 准备读取编码器位置：X方向！
2023-04-07 22:38:45,473 [AppLog] INFO : 准备运动，当前位置：DEV_GetPrintEncoderValue：MoveDirectionFlag{false为Y方向：False}CurrentPos{423.335}AimPos{25}
2023-04-07 22:38:45,504 [AppLog] INFO : X方向运动开始：DEM_Run：返回值{True}nAxis{0}DirFlag{False}nSpeed{300000}MoveStep{-398335}nCtlValue{2}
2023-04-07 22:38:47,376 [AppLog] INFO : X方向到位停止：DEM_StopAxisRun：返回值{True}CurrentPos{30.74}bImmeStop{False}nAxisMask{1}
2023-04-07 22:38:47,376 [AppLog] INFO : 准备读取编码器位置：Y方向！
2023-04-07 22:38:47,376 [AppLog] INFO : 准备运动，编码器当前位置：DEM_GetAxisEncodeVal：MoveDirectionFlag{false为Y方向：True}CurrentPos{122.845}AimPos{177}
2023-04-07 22:38:47,407 [AppLog] INFO : Y方向运动开始：DEM_Run：返回值{True}nAxis{1}DirFlag{True}nSpeed{300000}MoveStep{54155}nCtlValue{0}
2023-04-07 22:38:47,610 [AppLog] INFO : Y方向到位停止：DEM_StopAxisRun：返回值{True}CurrentPos{138.795}bImmeStop{False}nAxisMask{2}
2023-04-07 22:38:47,610 [AppLog] INFO : 获取打印Pass数据：IDP_GetPassItem2：nLayerIndex{15}nPassID{3}nProcState{3}LPPassDataItemb:PrtDir{True}nDataTxCompleteCnt{1}nHwMemAdrMatchMask{1}nLayerIndex{15}nLayerPassCount{6}nLayerPassIndex{3}nMinJet0ImgLinePos{3840}nPrtMemHwAddr{System.UInt32[]}nPrtDataOffset{System.UInt32[]}nSrcDataSize{System.UInt32[]}nPrtColBytes{System.UInt32[]}nPrtPrecession{8}nSrcEndCols{8000}nSrcStartCols{0}nStartEncPos{10000}nValidPassJets{1280}nValidPrtCols{8310}nValidPrtCtlCnts{1}pDataBuf{0}pNextItem{674151856}
2023-04-07 22:38:47,626 [AppLog] INFO : 使能Pass打印成功：IDP_DoPassPrint2：nLayerIndex{15}nPassID{3}
2023-04-07 22:38:47,626 [AppLog] INFO : PASS打印前关键状态：DEV_GetDeviceInfo2：nLayerIndex{15}nPassID{3}LPPRINTER_INFO:nXSysEncDPI{0}nStatus{0}nPrintStatus{0}bSuperDevice{0}
LPPRINTER_INFO-LPPrtRunInfo:bJobPrtRuning{False}bLayerPrtIsOver{False}nContReqMemErr{0}nContWDErr{0}nCurPrtDir{0}nDTLayerIndex{0}nDTLayerPassIndex{0}nDTPtrCtlIndex{0}nLayerPassCount{0}nPrintLayerIndex{0}nPrintPassIndex{0}nProcLayerIndex{0}nPrtDataMemAddr{0}nPrtState{0}nReverse{System.Int32[]}nRevPrtCols{0}
LPPRINTER_INFO-LPDRVINFO:nFMVersion{0}nFpgaVersion{0}nPCBVersion{0}nState{0}nNextState{0}nPtvwarnState{0}nCrc32{0}nRevInfo{System.UInt32[]}nSignature{0}
2023-04-07 22:38:47,626 [AppLog] INFO : 进入：EquipmentMotionLogic3=》准备创建对象-手动操作！
2023-04-07 22:38:47,626 [AppLog] INFO : 进入：EquipmentMotionLogic3=》不需重新创建-手动操作！
2023-04-07 22:38:47,641 [AppLog] INFO : 进入：EquipmentMotionLogic3=》赋值完成自-AutoPrintMotion2！
2023-04-07 22:38:47,641 [AppLog] INFO : 进入：EquipmentMotionLogic3=》加载配置文件-LoadJsonFile成功！
2023-04-07 22:38:47,641 [AppLog] INFO : 进入：AutoPrintThread2！
2023-04-07 22:38:47,641 [AppLog] INFO : 准备读取编码器位置：X方向！
2023-04-07 22:38:47,641 [AppLog] INFO : 准备运动，当前位置：DEV_GetPrintEncoderValue：MoveDirectionFlag{false为Y方向：False}CurrentPos{26.62}AimPos{425}
2023-04-07 22:38:47,672 [AppLog] INFO : X方向运动开始：DEM_Run：返回值{True}nAxis{0}DirFlag{True}nSpeed{300000}MoveStep{398380}nCtlValue{2}
2023-04-07 22:38:49,544 [AppLog] INFO : X方向到位停止：DEM_StopAxisRun：返回值{True}CurrentPos{418.555}bImmeStop{False}nAxisMask{1}
2023-04-07 22:38:49,544 [AppLog] INFO : 准备读取编码器位置：Y方向！
2023-04-07 22:38:49,544 [AppLog] INFO : 准备运动，编码器当前位置：DEM_GetAxisEncodeVal：MoveDirectionFlag{false为Y方向：True}CurrentPos{176.875}AimPos{231}
2023-04-07 22:38:49,576 [AppLog] INFO : Y方向运动开始：DEM_Run：返回值{True}nAxis{1}DirFlag{True}nSpeed{300000}MoveStep{54125}nCtlValue{0}
2023-04-07 22:38:49,763 [AppLog] INFO : Y方向到位停止：DEM_StopAxisRun：返回值{True}CurrentPos{187.745}bImmeStop{False}nAxisMask{2}
2023-04-07 22:38:49,763 [AppLog] INFO : 获取打印Pass数据：IDP_GetPassItem2：nLayerIndex{15}nPassID{4}nProcState{3}LPPassDataItemb:PrtDir{False}nDataTxCompleteCnt{1}nHwMemAdrMatchMask{1}nLayerIndex{15}nLayerPassCount{6}nLayerPassIndex{4}nMinJet0ImgLinePos{5120}nPrtMemHwAddr{System.UInt32[]}nPrtDataOffset{System.UInt32[]}nSrcDataSize{System.UInt32[]}nPrtColBytes{System.UInt32[]}nPrtPrecession{8}nSrcEndCols{8000}nSrcStartCols{0}nStartEncPos{76472}nValidPassJets{1280}nValidPrtCols{8310}nValidPrtCtlCnts{1}pDataBuf{0}pNextItem{674152016}
2023-04-07 22:38:49,778 [AppLog] INFO : 使能Pass打印成功：IDP_DoPassPrint2：nLayerIndex{15}nPassID{4}
2023-04-07 22:38:49,810 [AppLog] INFO : PASS打印前关键状态：DEV_GetDeviceInfo2：nLayerIndex{15}nPassID{4}LPPRINTER_INFO:nXSysEncDPI{0}nStatus{0}nPrintStatus{0}bSuperDevice{0}
LPPRINTER_INFO-LPPrtRunInfo:bJobPrtRuning{False}bLayerPrtIsOver{False}nContReqMemErr{0}nContWDErr{0}nCurPrtDir{0}nDTLayerIndex{0}nDTLayerPassIndex{0}nDTPtrCtlIndex{0}nLayerPassCount{0}nPrintLayerIndex{0}nPrintPassIndex{0}nProcLayerIndex{0}nPrtDataMemAddr{0}nPrtState{0}nReverse{System.Int32[]}nRevPrtCols{0}
LPPRINTER_INFO-LPDRVINFO:nFMVersion{0}nFpgaVersion{0}nPCBVersion{0}nState{0}nNextState{0}nPtvwarnState{0}nCrc32{0}nRevInfo{System.UInt32[]}nSignature{0}
2023-04-07 22:38:49,810 [AppLog] INFO : 进入：EquipmentMotionLogic3=》准备创建对象-手动操作！
2023-04-07 22:38:49,810 [AppLog] INFO : 进入：EquipmentMotionLogic3=》不需重新创建-手动操作！
2023-04-07 22:38:49,810 [AppLog] INFO : 进入：EquipmentMotionLogic3=》赋值完成自-AutoPrintMotion2！
2023-04-07 22:38:49,810 [AppLog] INFO : 进入：EquipmentMotionLogic3=》加载配置文件-LoadJsonFile成功！
2023-04-07 22:38:49,810 [AppLog] INFO : 进入：AutoPrintThread2！
2023-04-07 22:38:49,810 [AppLog] INFO : 准备读取编码器位置：X方向！
2023-04-07 22:38:49,810 [AppLog] INFO : 准备运动，当前位置：DEV_GetPrintEncoderValue：MoveDirectionFlag{false为Y方向：False}CurrentPos{423.38}AimPos{25}
2023-04-07 22:38:49,841 [AppLog] INFO : X方向运动开始：DEM_Run：返回值{True}nAxis{0}DirFlag{False}nSpeed{300000}MoveStep{-398380}nCtlValue{2}
2023-04-07 22:38:51,713 [AppLog] INFO : X方向到位停止：DEM_StopAxisRun：返回值{True}CurrentPos{31.18}bImmeStop{False}nAxisMask{1}
2023-04-07 22:38:51,713 [AppLog] INFO : 准备读取编码器位置：Y方向！
2023-04-07 22:38:51,713 [AppLog] INFO : 准备运动，编码器当前位置：DEM_GetAxisEncodeVal：MoveDirectionFlag{false为Y方向：True}CurrentPos{230.94}AimPos{285}
2023-04-07 22:38:51,744 [AppLog] INFO : Y方向运动开始：DEM_Run：返回值{True}nAxis{1}DirFlag{True}nSpeed{300000}MoveStep{54060}nCtlValue{0}
2023-04-07 22:38:51,931 [AppLog] INFO : Y方向到位停止：DEM_StopAxisRun：返回值{True}CurrentPos{242.105}bImmeStop{False}nAxisMask{2}
2023-04-07 22:38:51,931 [AppLog] INFO : 获取打印Pass数据：IDP_GetPassItem2：nLayerIndex{15}nPassID{5}nProcState{3}LPPassDataItemb:PrtDir{True}nDataTxCompleteCnt{1}nHwMemAdrMatchMask{1}nLayerIndex{15}nLayerPassCount{6}nLayerPassIndex{5}nMinJet0ImgLinePos{6400}nPrtMemHwAddr{System.UInt32[]}nPrtDataOffset{System.UInt32[]}nSrcDataSize{System.UInt32[]}nPrtColBytes{System.UInt32[]}nPrtPrecession{8}nSrcEndCols{8000}nSrcStartCols{0}nStartEncPos{10000}nValidPassJets{1280}nValidPrtCols{8310}nValidPrtCtlCnts{1}pDataBuf{0}pNextItem{0}
2023-04-07 22:38:51,947 [AppLog] INFO : 使能Pass打印成功：IDP_DoPassPrint2：nLayerIndex{15}nPassID{5}
2023-04-07 22:38:51,947 [AppLog] INFO : PASS打印前关键状态：DEV_GetDeviceInfo2：nLayerIndex{15}nPassID{5}LPPRINTER_INFO:nXSysEncDPI{0}nStatus{0}nPrintStatus{0}bSuperDevice{0}
LPPRINTER_INFO-LPPrtRunInfo:bJobPrtRuning{False}bLayerPrtIsOver{False}nContReqMemErr{0}nContWDErr{0}nCurPrtDir{0}nDTLayerIndex{0}nDTLayerPassIndex{0}nDTPtrCtlIndex{0}nLayerPassCount{0}nPrintLayerIndex{0}nPrintPassIndex{0}nProcLayerIndex{0}nPrtDataMemAddr{0}nPrtState{0}nReverse{System.Int32[]}nRevPrtCols{0}
LPPRINTER_INFO-LPDRVINFO:nFMVersion{0}nFpgaVersion{0}nPCBVersion{0}nState{0}nNextState{0}nPtvwarnState{0}nCrc32{0}nRevInfo{System.UInt32[]}nSignature{0}
2023-04-07 22:38:51,947 [AppLog] INFO : 进入：EquipmentMotionLogic3=》准备创建对象-手动操作！
2023-04-07 22:38:51,947 [AppLog] INFO : 进入：EquipmentMotionLogic3=》不需重新创建-手动操作！
2023-04-07 22:38:51,947 [AppLog] INFO : 进入：EquipmentMotionLogic3=》赋值完成自-AutoPrintMotion2！
2023-04-07 22:38:51,947 [AppLog] INFO : 进入：EquipmentMotionLogic3=》加载配置文件-LoadJsonFile成功！
2023-04-07 22:38:51,947 [AppLog] INFO : 进入：AutoPrintThread2！
2023-04-07 22:38:51,947 [AppLog] INFO : 准备读取编码器位置：X方向！
2023-04-07 22:38:51,947 [AppLog] INFO : 准备运动，当前位置：DEV_GetPrintEncoderValue：MoveDirectionFlag{false为Y方向：False}CurrentPos{26.635}AimPos{425}
2023-04-07 22:38:51,978 [AppLog] INFO : X方向运动开始：DEM_Run：返回值{True}nAxis{0}DirFlag{True}nSpeed{300000}MoveStep{398365}nCtlValue{2}
2023-04-07 22:38:53,850 [AppLog] INFO : X方向到位停止：DEM_StopAxisRun：返回值{True}CurrentPos{418.365}bImmeStop{False}nAxisMask{1}
2023-04-07 22:38:53,850 [AppLog] INFO : 准备读取编码器位置：X方向！
2023-04-07 22:38:53,866 [AppLog] INFO : 准备运动，当前位置：DEV_GetPrintEncoderValue：MoveDirectionFlag{false为Y方向：False}CurrentPos{418.47}AimPos{780}
2023-04-07 22:38:53,897 [AppLog] INFO : X方向运动开始：DEM_Run：返回值{True}nAxis{0}DirFlag{True}nSpeed{300000}MoveStep{361530}nCtlValue{2}
2023-04-07 22:38:53,897 [AppLog] INFO : 准备读取编码器位置：Y方向！
2023-04-07 22:38:53,897 [AppLog] INFO : 准备运动，编码器当前位置：DEM_GetAxisEncodeVal：MoveDirectionFlag{false为Y方向：True}CurrentPos{284.895}AimPos{121}
2023-04-07 22:38:53,928 [AppLog] INFO : Y方向运动开始：DEM_Run：返回值{True}nAxis{1}DirFlag{False}nSpeed{300000}MoveStep{-163895}nCtlValue{0}
2023-04-07 22:38:55,644 [AppLog] INFO : Y方向到位等停：DEM_StopAxisRun：返回值{True}bImmeStop{False}nAxisMask{1}
2023-04-07 22:38:55,644 [AppLog] INFO : X方向到位等停：DEM_StopAxisRun：返回值{True}bImmeStop{False}nAxisMask{2}
2023-04-07 22:38:55,660 [AppLog] INFO : 开启闪喷操作：IDP_FlashPrtCtl：返回值{True}
2023-04-07 22:38:55,660 [AppLog] INFO : 进入：EquipmentMotionLogic3=》准备创建对象-手动操作！
2023-04-07 22:38:55,660 [AppLog] INFO : 进入：EquipmentMotionLogic3=》不需重新创建-手动操作！
2023-04-07 22:38:55,660 [AppLog] INFO : 进入：EquipmentMotionLogic3=》赋值完成自-AutoPrintMotion2！
2023-04-07 22:38:55,660 [AppLog] INFO : 进入：EquipmentMotionLogic3=》加载配置文件-LoadJsonFile成功！
2023-04-07 22:38:55,660 [AppLog] INFO : 进入自动铺粉逻辑：NewAutoSupplyPowderThread2
2023-04-07 22:38:55,738 [AppLog] INFO : 手动正向点动指令（8轴运控板卡系统） ====》：输出AXIS{第1轴},点动量{-0.1MM},运动速度{2MM/s}
2023-04-07 22:38:55,738 [AppLog] INFO : 成形面高度下降层厚 TrapSpace{0.1mm}：TrapMoveUp(1, true, Convert.ToString(vel), Convert.ToString(TrapSpace), true, true）
2023-04-07 22:38:56,502 [AppLog] INFO : 手动正向点动指令（8轴运控板卡系统） ====》：输出AXIS{第1轴},点动量{-1.5MM},运动速度{2MM/s}
2023-04-07 22:38:56,502 [AppLog] INFO : 成形面高度下降指定厚度 TrapSpace{1.5mm}：TrapMoveUp(1, true, Convert.ToString(vel), Convert.ToString(TrapSpace), true, true）
2023-04-07 22:38:57,282 [AppLog] INFO : 手动正向点动指令（8轴运控板卡系统） ====》：输出AXIS{第1轴},点动量{1.5MM},运动速度{2MM/s}
2023-04-07 22:38:57,282 [AppLog] INFO : 成形面高度上升层厚 TrapSpace{1.5mm}：TrapMoveUp(1, true, Convert.ToString(vel), Convert.ToString(TrapSpace), true, true）
2023-04-07 22:38:57,500 [AppLog] INFO : 手动正向点动指令（8轴运控板卡系统） ====》：输出AXIS{第8轴},点动量{0.5MM},运动速度{2.5MM/s}
2023-04-07 22:38:57,500 [AppLog] INFO : Hopper落粉轴转2圈落粉，速度0.5rev/s：TrapMoveUp(8, true, 0.5, rotateNuM.ToString(), true, false)
2023-04-07 22:38:58,795 [AppLog] INFO : 手动正向点动指令（8轴运控板卡系统） ====》：输出AXIS{第2轴},点动量{258MM},运动速度{200MM/s}
2023-04-07 22:38:58,795 [AppLog] INFO : 开启铺粉车不等停运动至准备打印位置255mm，速度200mm/s：BackToStation2
2023-04-07 22:38:58,795 [AppLog] INFO : 手动正向点动指令（8轴运控板卡系统） ====》：输出AXIS{第2轴},点动量{440MM},运动速度{50MM/s}
2023-04-07 22:38:58,795 [AppLog] INFO : 开启铺粉车不等停运动至准备打印位置695mm，速度50mm/s：BackToStation2
2023-04-07 22:38:58,904 [AppLog] INFO : 打开IR灯：OpenIRLamp(true)
2023-04-07 22:38:58,904 [AppLog] INFO : 手动正向点动指令（8轴运控板卡系统） ====》：输出AXIS{第3轴},点动量{0.5MM},运动速度{0.0753424657534247MM/s}
2023-04-07 22:38:58,904 [AppLog] INFO : 开启均匀落粉及辊子铺平运动：TrapMoveUp(3, true, Convert.ToString(DispenseRollerSpeed), 0.5, true, true)
2023-04-07 22:39:01,556 [AppLog] INFO : 进入手动调试子模块！
2023-04-07 22:39:01,556 [AppLog] INFO : 进入：ManulBtn_Click=》准备创建对象-手动操作！
2023-04-07 22:39:01,588 [AppLog] INFO : 创建：ManualControl=》创建完成-手动操作！
2023-04-07 22:39:01,588 [AppLog] INFO : 加载成功：温控Modbus接口！
2023-04-07 22:39:04,006 [AppLog] INFO : 关闭IR灯：OpenIRLamp(false)
2023-04-07 22:39:06,361 [AppLog] INFO : 手动正向点动指令（8轴运控板卡系统） ====》：输出AXIS{第3轴},点动量{0.5MM},运动速度{2MM/s}
2023-04-07 22:39:06,361 [AppLog] INFO : 落粉轴继续转动以倒掉余粉：TrapMoveUp(3, true, 2, 0.5, true, false)
2023-04-07 22:39:08,374 [AppLog] INFO : 手动正向点动指令（8轴运控板卡系统） ====》：输出AXIS{第1轴},点动量{-1.5MM},运动速度{2MM/s}
2023-04-07 22:39:08,374 [AppLog] INFO : 成形面高度下降指定厚度 TrapSpace{1.5mm}：TrapMoveUp(1, true, Convert.ToString(vel), Convert.ToString(TrapSpace), true, true）
2023-04-07 22:39:11,868 [AppLog] INFO : 手动正向点动指令（8轴运控板卡系统） ====》：输出AXIS{第2轴},点动量{-698MM},运动速度{200MM/s}
2023-04-07 22:39:11,868 [AppLog] INFO : 铺粉车返回至站1：BackToStation2(AimPos, MovSpeed, true)：-3mm，速度200mm/s：BackToStation2
2023-04-07 22:39:12,258 [AppLog] INFO : 落粉轴回零成功：motionMap.SetBackSpreaderAxis(3, 0.5, 2, -SinkPosition)：ReturnCode{True}
2023-04-07 22:39:13,023 [AppLog] INFO : 手动正向点动指令（8轴运控板卡系统） ====》：输出AXIS{第1轴},点动量{1.5MM},运动速度{2MM/s}
2023-04-07 22:39:13,023 [AppLog] INFO : 成形面高度上升层厚 TrapSpace{1.5mm}：TrapMoveUp(1, true, Convert.ToString(vel), Convert.ToString(TrapSpace), true, true）
2023-04-07 22:39:13,023 [AppLog] INFO : 自动铺粉正常结束：NewAutoSupplyPowderThread2
2023-04-07 22:39:13,023 [AppLog] INFO : 发送监控指令，拍照记录1条：SendMessageFromSharedMemory
2023-04-07 22:39:13,023 [AppLog] INFO : 执行完成铺粉固化操作：EquipmentMotionLogic3：m_bApplyPowderSupplyMotion:0
2023-04-07 22:39:13,023 [AppLog] INFO : 接收到恢复打印指令：PrintTaskTHREAD
2023-04-07 22:39:13,023 [AppLog] INFO : 获取打印Pass数据：IDP_GetPassItem2：nLayerIndex{16}nPassID{0}nProcState{3}LPPassDataItemb:PrtDir{False}nDataTxCompleteCnt{1}nHwMemAdrMatchMask{1}nLayerIndex{16}nLayerPassCount{6}nLayerPassIndex{0}nMinJet0ImgLinePos{0}nPrtMemHwAddr{System.UInt32[]}nPrtDataOffset{System.UInt32[]}nSrcDataSize{System.UInt32[]}nPrtColBytes{System.UInt32[]}nPrtPrecession{8}nSrcEndCols{8000}nSrcStartCols{0}nStartEncPos{76472}nValidPassJets{1280}nValidPrtCols{8310}nValidPrtCtlCnts{1}pDataBuf{0}pNextItem{674152336}
2023-04-07 22:39:13,038 [AppLog] INFO : 使能Pass打印成功：IDP_DoPassPrint2：nLayerIndex{16}nPassID{0}
2023-04-07 22:39:13,069 [AppLog] INFO : PASS打印前关键状态：DEV_GetDeviceInfo2：nLayerIndex{16}nPassID{0}LPPRINTER_INFO:nXSysEncDPI{0}nStatus{0}nPrintStatus{0}bSuperDevice{0}
LPPRINTER_INFO-LPPrtRunInfo:bJobPrtRuning{False}bLayerPrtIsOver{False}nContReqMemErr{0}nContWDErr{0}nCurPrtDir{0}nDTLayerIndex{0}nDTLayerPassIndex{0}nDTPtrCtlIndex{0}nLayerPassCount{0}nPrintLayerIndex{0}nPrintPassIndex{0}nProcLayerIndex{0}nPrtDataMemAddr{0}nPrtState{0}nReverse{System.Int32[]}nRevPrtCols{0}
LPPRINTER_INFO-LPDRVINFO:nFMVersion{0}nFpgaVersion{0}nPCBVersion{0}nState{0}nNextState{0}nPtvwarnState{0}nCrc32{0}nRevInfo{System.UInt32[]}nSignature{0}
2023-04-07 22:39:13,069 [AppLog] INFO : 进入：EquipmentMotionLogic3=》准备创建对象-手动操作！
2023-04-07 22:39:13,069 [AppLog] INFO : 进入：EquipmentMotionLogic3=》不需重新创建-手动操作！
2023-04-07 22:39:13,069 [AppLog] INFO : 进入：EquipmentMotionLogic3=》赋值完成自-AutoPrintMotion2！
2023-04-07 22:39:13,069 [AppLog] INFO : 进入：EquipmentMotionLogic3=》加载配置文件-LoadJsonFile成功！
2023-04-07 22:39:13,069 [AppLog] INFO : 进入自动清洗过程：AutoCleanThread
2023-04-07 22:39:14,037 [AppLog] INFO : 刮墨轴回零成功：motionMap.SetBackSpreaderAxis(4, 1, 2, -SinkPosition)
2023-04-07 22:39:14,037 [AppLog] INFO : 准备读取编码器位置：Y方向！
2023-04-07 22:39:14,037 [AppLog] INFO : 准备运动，编码器当前位置：DEM_GetAxisEncodeVal：MoveDirectionFlag{false为Y方向：True}CurrentPos{121.355}AimPos{121}
2023-04-07 22:39:14,068 [AppLog] INFO : Y方向运动开始：DEM_Run：返回值{True}nAxis{1}DirFlag{False}nSpeed{300000}MoveStep{-355.000000000004}nCtlValue{0}
2023-04-07 22:39:14,068 [AppLog] INFO : Y方向到位停止：DEM_StopAxisRun：返回值{True}CurrentPos{121.355}bImmeStop{False}nAxisMask{2}
2023-04-07 22:39:14,068 [AppLog] INFO : 准备读取编码器位置：X方向！
2023-04-07 22:39:14,068 [AppLog] INFO : 准备运动，当前位置：DEV_GetPrintEncoderValue：MoveDirectionFlag{false为Y方向：False}CurrentPos{784.89}AimPos{780}
2023-04-07 22:39:14,115 [AppLog] INFO : X方向运动开始：DEM_Run：返回值{True}nAxis{0}DirFlag{False}nSpeed{300000}MoveStep{-4889.99999999999}nCtlValue{2}
2023-04-07 22:39:14,349 [AppLog] INFO : X方向到位停止：DEM_StopAxisRun：返回值{True}CurrentPos{781.61}bImmeStop{False}nAxisMask{1}
2023-04-07 22:39:15,191 [AppLog] INFO : 开启压墨： motionMap.SetDo(13, true)
2023-04-07 22:39:16,891 [AppLog] INFO : {1}号喷头温度更新成功：MCU_SetPhStdTemp{30℃}
2023-04-07 22:39:19,200 [AppLog] INFO : 关闭压墨： motionMap.SetDo(13, true)
2023-04-07 22:39:19,200 [AppLog] INFO : 准备读取编码器位置：X方向！
2023-04-07 22:39:19,247 [AppLog] INFO : 准备运动，当前位置：DEV_GetPrintEncoderValue：MoveDirectionFlag{false为Y方向：False}CurrentPos{780.34}AimPos{680}
2023-04-07 22:39:19,372 [AppLog] INFO : X方向运动开始：DEM_Run：返回值{True}nAxis{0}DirFlag{False}nSpeed{50000}MoveStep{-100340}nCtlValue{2}
2023-04-07 22:39:21,462 [AppLog] INFO : X方向到位停止：DEM_StopAxisRun：返回值{True}CurrentPos{682.41}bImmeStop{False}nAxisMask{1}
2023-04-07 22:39:22,289 [AppLog] INFO : 结束自动清洗过程：AutoCleanThread
2023-04-07 22:39:22,289 [AppLog] INFO : 进入：EquipmentMotionLogic3=》准备创建对象-手动操作！
2023-04-07 22:39:22,289 [AppLog] INFO : 进入：EquipmentMotionLogic3=》不需重新创建-手动操作！
2023-04-07 22:39:22,289 [AppLog] INFO : 进入：EquipmentMotionLogic3=》赋值完成自-AutoPrintMotion2！
2023-04-07 22:39:22,289 [AppLog] INFO : 进入：EquipmentMotionLogic3=》加载配置文件-LoadJsonFile成功！
2023-04-07 22:39:22,289 [AppLog] INFO : 进入：AutoPrintThread2！
2023-04-07 22:39:22,492 [AppLog] INFO : 关闭闪喷操作：IDP_FlashPrtCtl：返回值{True}
2023-04-07 22:39:22,492 [AppLog] INFO : 准备读取编码器位置：Y方向！
2023-04-07 22:39:22,492 [AppLog] INFO : 准备运动，编码器当前位置：DEM_GetAxisEncodeVal：MoveDirectionFlag{false为Y方向：True}CurrentPos{121.005}AimPos{15}
2023-04-07 22:39:22,617 [AppLog] INFO : Y方向运动开始：DEM_Run：返回值{True}nAxis{1}DirFlag{False}nSpeed{300000}MoveStep{-106005}nCtlValue{0}
2023-04-07 22:39:22,617 [AppLog] INFO : 准备读取编码器位置：X方向！
2023-04-07 22:39:22,741 [AppLog] INFO : 准备运动，当前位置：DEV_GetPrintEncoderValue：MoveDirectionFlag{false为Y方向：False}CurrentPos{680.31}AimPos{425}
2023-04-07 22:39:22,851 [AppLog] INFO : X方向运动开始：DEM_Run：返回值{True}nAxis{0}DirFlag{False}nSpeed{300000}MoveStep{-255310}nCtlValue{2}
2023-04-07 22:39:24,551 [AppLog] INFO : X方向到位停止：DEM_StopAxisRun：返回值{True}CurrentPos{425.745}bImmeStop{False}nAxisMask{1}
2023-04-07 22:39:24,551 [AppLog] INFO : 准备读取编码器位置：X方向！
2023-04-07 22:39:24,582 [AppLog] INFO : 准备运动，当前位置：DEV_GetPrintEncoderValue：MoveDirectionFlag{false为Y方向：False}CurrentPos{425.745}AimPos{25}
2023-04-07 22:39:24,613 [AppLog] INFO : X方向运动开始：DEM_Run：返回值{True}nAxis{0}DirFlag{False}nSpeed{300000}MoveStep{-400745}nCtlValue{2}
2023-04-07 22:39:26,548 [AppLog] INFO : X方向到位停止：DEM_StopAxisRun：返回值{True}CurrentPos{26.585}bImmeStop{False}nAxisMask{1}
2023-04-07 22:39:26,548 [AppLog] INFO : 准备读取编码器位置：Y方向！
2023-04-07 22:39:26,626 [AppLog] INFO : 准备运动，编码器当前位置：DEM_GetAxisEncodeVal：MoveDirectionFlag{false为Y方向：True}CurrentPos{15.14}AimPos{69}
2023-04-07 22:39:26,673 [AppLog] INFO : Y方向运动开始：DEM_Run：返回值{True}nAxis{1}DirFlag{True}nSpeed{300000}MoveStep{53860}nCtlValue{0}
2023-04-07 22:39:26,985 [AppLog] INFO : Y方向到位停止：DEM_StopAxisRun：返回值{True}CurrentPos{56.045}bImmeStop{False}nAxisMask{2}
2023-04-07 22:39:26,985 [AppLog] INFO : 获取打印Pass数据：IDP_GetPassItem2：nLayerIndex{16}nPassID{1}nProcState{3}LPPassDataItemb:PrtDir{True}nDataTxCompleteCnt{1}nHwMemAdrMatchMask{1}nLayerIndex{16}nLayerPassCount{6}nLayerPassIndex{1}nMinJet0ImgLinePos{1280}nPrtMemHwAddr{System.UInt32[]}nPrtDataOffset{System.UInt32[]}nSrcDataSize{System.UInt32[]}nPrtColBytes{System.UInt32[]}nPrtPrecession{8}nSrcEndCols{8000}nSrcStartCols{0}nStartEncPos{10000}nValidPassJets{1280}nValidPrtCols{8310}nValidPrtCtlCnts{1}pDataBuf{0}pNextItem{674152496}
2023-04-07 22:39:27,094 [AppLog] INFO : 使能Pass打印成功：IDP_DoPassPrint2：nLayerIndex{16}nPassID{1}
2023-04-07 22:39:27,125 [AppLog] INFO : PASS打印前关键状态：DEV_GetDeviceInfo2：nLayerIndex{16}nPassID{1}LPPRINTER_INFO:nXSysEncDPI{0}nStatus{0}nPrintStatus{0}bSuperDevice{0}
LPPRINTER_INFO-LPPrtRunInfo:bJobPrtRuning{False}bLayerPrtIsOver{False}nContReqMemErr{0}nContWDErr{0}nCurPrtDir{0}nDTLayerIndex{0}nDTLayerPassIndex{0}nDTPtrCtlIndex{0}nLayerPassCount{0}nPrintLayerIndex{0}nPrintPassIndex{0}nProcLayerIndex{0}nPrtDataMemAddr{0}nPrtState{0}nReverse{System.Int32[]}nRevPrtCols{0}
LPPRINTER_INFO-LPDRVINFO:nFMVersion{0}nFpgaVersion{0}nPCBVersion{0}nState{0}nNextState{0}nPtvwarnState{0}nCrc32{0}nRevInfo{System.UInt32[]}nSignature{0}
2023-04-07 22:39:27,125 [AppLog] INFO : 进入：EquipmentMotionLogic3=》准备创建对象-手动操作！
2023-04-07 22:39:27,125 [AppLog] INFO : 进入：EquipmentMotionLogic3=》不需重新创建-手动操作！
2023-04-07 22:39:27,125 [AppLog] INFO : 进入：EquipmentMotionLogic3=》赋值完成自-AutoPrintMotion2！
2023-04-07 22:39:27,125 [AppLog] INFO : 进入：EquipmentMotionLogic3=》加载配置文件-LoadJsonFile成功！
2023-04-07 22:39:27,125 [AppLog] INFO : 进入：AutoPrintThread2！
2023-04-07 22:39:27,125 [AppLog] INFO : 准备读取编码器位置：X方向！
2023-04-07 22:39:27,125 [AppLog] INFO : 准备运动，当前位置：DEV_GetPrintEncoderValue：MoveDirectionFlag{false为Y方向：False}CurrentPos{25.265}AimPos{425}
2023-04-07 22:39:27,156 [AppLog] INFO : X方向运动开始：DEM_Run：返回值{True}nAxis{0}DirFlag{True}nSpeed{300000}MoveStep{399735}nCtlValue{2}
2023-04-07 22:39:29,028 [AppLog] INFO : X方向到位停止：DEM_StopAxisRun：返回值{True}CurrentPos{419.435}bImmeStop{False}nAxisMask{1}
2023-04-07 22:39:29,028 [AppLog] INFO : 准备读取编码器位置：Y方向！
2023-04-07 22:39:29,184 [AppLog] INFO : 准备运动，编码器当前位置：DEM_GetAxisEncodeVal：MoveDirectionFlag{false为Y方向：True}CurrentPos{68.935}AimPos{123}
2023-04-07 22:39:29,309 [AppLog] INFO : Y方向运动开始：DEM_Run：返回值{True}nAxis{1}DirFlag{True}nSpeed{300000}MoveStep{54065}nCtlValue{0}
2023-04-07 22:39:29,574 [AppLog] INFO : Y方向到位停止：DEM_StopAxisRun：返回值{True}CurrentPos{97.245}bImmeStop{False}nAxisMask{2}
2023-04-07 22:39:29,574 [AppLog] INFO : 获取打印Pass数据：IDP_GetPassItem2：nLayerIndex{16}nPassID{2}nProcState{3}LPPassDataItemb:PrtDir{False}nDataTxCompleteCnt{1}nHwMemAdrMatchMask{1}nLayerIndex{16}nLayerPassCount{6}nLayerPassIndex{2}nMinJet0ImgLinePos{2560}nPrtMemHwAddr{System.UInt32[]}nPrtDataOffset{System.UInt32[]}nSrcDataSize{System.UInt32[]}nPrtColBytes{System.UInt32[]}nPrtPrecession{8}nSrcEndCols{8000}nSrcStartCols{0}nStartEncPos{76472}nValidPassJets{1280}nValidPrtCols{8310}nValidPrtCtlCnts{1}pDataBuf{0}pNextItem{674152656}
2023-04-07 22:39:29,652 [AppLog] INFO : 使能Pass打印成功：IDP_DoPassPrint2：nLayerIndex{16}nPassID{2}
2023-04-07 22:39:29,668 [AppLog] INFO : PASS打印前关键状态：DEV_GetDeviceInfo2：nLayerIndex{16}nPassID{2}LPPRINTER_INFO:nXSysEncDPI{0}nStatus{0}nPrintStatus{0}bSuperDevice{0}
LPPRINTER_INFO-LPPrtRunInfo:bJobPrtRuning{False}bLayerPrtIsOver{False}nContReqMemErr{0}nContWDErr{0}nCurPrtDir{0}nDTLayerIndex{0}nDTLayerPassIndex{0}nDTPtrCtlIndex{0}nLayerPassCount{0}nPrintLayerIndex{0}nPrintPassIndex{0}nProcLayerIndex{0}nPrtDataMemAddr{0}nPrtState{0}nReverse{System.Int32[]}nRevPrtCols{0}
LPPRINTER_INFO-LPDRVINFO:nFMVersion{0}nFpgaVersion{0}nPCBVersion{0}nState{0}nNextState{0}nPtvwarnState{0}nCrc32{0}nRevInfo{System.UInt32[]}nSignature{0}
2023-04-07 22:39:29,668 [AppLog] INFO : 进入：EquipmentMotionLogic3=》准备创建对象-手动操作！
2023-04-07 22:39:29,668 [AppLog] INFO : 进入：EquipmentMotionLogic3=》不需重新创建-手动操作！
2023-04-07 22:39:29,668 [AppLog] INFO : 进入：EquipmentMotionLogic3=》赋值完成自-AutoPrintMotion2！
2023-04-07 22:39:29,668 [AppLog] INFO : 进入：EquipmentMotionLogic3=》加载配置文件-LoadJsonFile成功！
2023-04-07 22:39:29,668 [AppLog] INFO : 进入：AutoPrintThread2！
2023-04-07 22:39:29,668 [AppLog] INFO : 准备读取编码器位置：X方向！
2023-04-07 22:39:29,668 [AppLog] INFO : 准备运动，当前位置：DEV_GetPrintEncoderValue：MoveDirectionFlag{false为Y方向：False}CurrentPos{423.35}AimPos{25}
2023-04-07 22:39:29,777 [AppLog] INFO : X方向运动开始：DEM_Run：返回值{True}nAxis{0}DirFlag{False}nSpeed{300000}MoveStep{-398350}nCtlValue{2}
2023-04-07 22:39:31,758 [AppLog] INFO : X方向到位停止：DEM_StopAxisRun：返回值{True}CurrentPos{26.92}bImmeStop{False}nAxisMask{1}
2023-04-07 22:39:31,758 [AppLog] INFO : 准备读取编码器位置：Y方向！
2023-04-07 22:39:31,836 [AppLog] INFO : 准备运动，编码器当前位置：DEM_GetAxisEncodeVal：MoveDirectionFlag{false为Y方向：True}CurrentPos{122.84}AimPos{177}
2023-04-07 22:39:31,961 [AppLog] INFO : Y方向运动开始：DEM_Run：返回值{True}nAxis{1}DirFlag{True}nSpeed{300000}MoveStep{54160}nCtlValue{0}
2023-04-07 22:39:32,164 [AppLog] INFO : Y方向到位停止：DEM_StopAxisRun：返回值{True}CurrentPos{136.67}bImmeStop{False}nAxisMask{2}
2023-04-07 22:39:32,164 [AppLog] INFO : 获取打印Pass数据：IDP_GetPassItem2：nLayerIndex{16}nPassID{3}nProcState{3}LPPassDataItemb:PrtDir{True}nDataTxCompleteCnt{1}nHwMemAdrMatchMask{1}nLayerIndex{16}nLayerPassCount{6}nLayerPassIndex{3}nMinJet0ImgLinePos{3840}nPrtMemHwAddr{System.UInt32[]}nPrtDataOffset{System.UInt32[]}nSrcDataSize{System.UInt32[]}nPrtColBytes{System.UInt32[]}nPrtPrecession{8}nSrcEndCols{8000}nSrcStartCols{0}nStartEncPos{10000}nValidPassJets{1280}nValidPrtCols{8310}nValidPrtCtlCnts{1}pDataBuf{0}pNextItem{674156000}
2023-04-07 22:39:32,226 [AppLog] INFO : 使能Pass打印成功：IDP_DoPassPrint2：nLayerIndex{16}nPassID{3}
2023-04-07 22:39:32,226 [AppLog] INFO : PASS打印前关键状态：DEV_GetDeviceInfo2：nLayerIndex{16}nPassID{3}LPPRINTER_INFO:nXSysEncDPI{0}nStatus{0}nPrintStatus{0}bSuperDevice{0}
LPPRINTER_INFO-LPPrtRunInfo:bJobPrtRuning{False}bLayerPrtIsOver{False}nContReqMemErr{0}nContWDErr{0}nCurPrtDir{0}nDTLayerIndex{0}nDTLayerPassIndex{0}nDTPtrCtlIndex{0}nLayerPassCount{0}nPrintLayerIndex{0}nPrintPassIndex{0}nProcLayerIndex{0}nPrtDataMemAddr{0}nPrtState{0}nReverse{System.Int32[]}nRevPrtCols{0}
LPPRINTER_INFO-LPDRVINFO:nFMVersion{0}nFpgaVersion{0}nPCBVersion{0}nState{0}nNextState{0}nPtvwarnState{0}nCrc32{0}nRevInfo{System.UInt32[]}nSignature{0}
2023-04-07 22:39:32,226 [AppLog] INFO : 进入：EquipmentMotionLogic3=》准备创建对象-手动操作！
2023-04-07 22:39:32,226 [AppLog] INFO : 进入：EquipmentMotionLogic3=》不需重新创建-手动操作！
2023-04-07 22:39:32,226 [AppLog] INFO : 进入：EquipmentMotionLogic3=》赋值完成自-AutoPrintMotion2！
2023-04-07 22:39:32,226 [AppLog] INFO : 进入：EquipmentMotionLogic3=》加载配置文件-LoadJsonFile成功！
2023-04-07 22:39:32,226 [AppLog] INFO : 进入：AutoPrintThread2！
2023-04-07 22:39:32,226 [AppLog] INFO : 准备读取编码器位置：X方向！
2023-04-07 22:39:32,226 [AppLog] INFO : 准备运动，当前位置：DEV_GetPrintEncoderValue：MoveDirectionFlag{false为Y方向：False}CurrentPos{26.6}AimPos{425}
2023-04-07 22:39:32,257 [AppLog] INFO : X方向运动开始：DEM_Run：返回值{True}nAxis{0}DirFlag{True}nSpeed{300000}MoveStep{398400}nCtlValue{2}
2023-04-07 22:39:34,192 [AppLog] INFO : X方向到位停止：DEM_StopAxisRun：返回值{True}CurrentPos{421.545}bImmeStop{False}nAxisMask{1}
2023-04-07 22:39:34,192 [AppLog] INFO : 准备读取编码器位置：Y方向！
2023-04-07 22:39:34,207 [AppLog] INFO : 准备运动，编码器当前位置：DEM_GetAxisEncodeVal：MoveDirectionFlag{false为Y方向：True}CurrentPos{176.9}AimPos{231}
2023-04-07 22:39:34,395 [AppLog] INFO : Y方向运动开始：DEM_Run：返回值{True}nAxis{1}DirFlag{True}nSpeed{300000}MoveStep{54100}nCtlValue{0}
2023-04-07 22:39:34,816 [AppLog] INFO : Y方向到位停止：DEM_StopAxisRun：返回值{True}CurrentPos{230.01}bImmeStop{False}nAxisMask{2}
2023-04-07 22:39:34,816 [AppLog] INFO : 获取打印Pass数据：IDP_GetPassItem2：nLayerIndex{16}nPassID{4}nProcState{3}LPPassDataItemb:PrtDir{False}nDataTxCompleteCnt{1}nHwMemAdrMatchMask{1}nLayerIndex{16}nLayerPassCount{6}nLayerPassIndex{4}nMinJet0ImgLinePos{5120}nPrtMemHwAddr{System.UInt32[]}nPrtDataOffset{System.UInt32[]}nSrcDataSize{System.UInt32[]}nPrtColBytes{System.UInt32[]}nPrtPrecession{8}nSrcEndCols{8000}nSrcStartCols{0}nStartEncPos{76472}nValidPassJets{1280}nValidPrtCols{8310}nValidPrtCtlCnts{1}pDataBuf{0}pNextItem{674156160}
2023-04-07 22:39:34,831 [AppLog] INFO : 使能Pass打印成功：IDP_DoPassPrint2：nLayerIndex{16}nPassID{4}
2023-04-07 22:39:34,831 [AppLog] INFO : PASS打印前关键状态：DEV_GetDeviceInfo2：nLayerIndex{16}nPassID{4}LPPRINTER_INFO:nXSysEncDPI{0}nStatus{0}nPrintStatus{0}bSuperDevice{0}
LPPRINTER_INFO-LPPrtRunInfo:bJobPrtRuning{False}bLayerPrtIsOver{False}nContReqMemErr{0}nContWDErr{0}nCurPrtDir{0}nDTLayerIndex{0}nDTLayerPassIndex{0}nDTPtrCtlIndex{0}nLayerPassCount{0}nPrintLayerIndex{0}nPrintPassIndex{0}nProcLayerIndex{0}nPrtDataMemAddr{0}nPrtState{0}nReverse{System.Int32[]}nRevPrtCols{0}
LPPRINTER_INFO-LPDRVINFO:nFMVersion{0}nFpgaVersion{0}nPCBVersion{0}nState{0}nNextState{0}nPtvwarnState{0}nCrc32{0}nRevInfo{System.UInt32[]}nSignature{0}
2023-04-07 22:39:34,831 [AppLog] INFO : 进入：EquipmentMotionLogic3=》准备创建对象-手动操作！
2023-04-07 22:39:34,831 [AppLog] INFO : 进入：EquipmentMotionLogic3=》不需重新创建-手动操作！
2023-04-07 22:39:34,831 [AppLog] INFO : 进入：EquipmentMotionLogic3=》赋值完成自-AutoPrintMotion2！
2023-04-07 22:39:34,831 [AppLog] INFO : 进入：EquipmentMotionLogic3=》加载配置文件-LoadJsonFile成功！
2023-04-07 22:39:34,831 [AppLog] INFO : 进入：AutoPrintThread2！
2023-04-07 22:39:34,831 [AppLog] INFO : 准备读取编码器位置：X方向！
2023-04-07 22:39:34,847 [AppLog] INFO : 准备运动，当前位置：DEV_GetPrintEncoderValue：MoveDirectionFlag{false为Y方向：False}CurrentPos{423.405}AimPos{25}
2023-04-07 22:39:34,941 [AppLog] INFO : X方向运动开始：DEM_Run：返回值{True}nAxis{0}DirFlag{False}nSpeed{300000}MoveStep{-398405}nCtlValue{2}
2023-04-07 22:39:36,906 [AppLog] INFO : X方向到位停止：DEM_StopAxisRun：返回值{True}CurrentPos{27.54}bImmeStop{False}nAxisMask{1}
2023-04-07 22:39:36,906 [AppLog] INFO : 准备读取编码器位置：Y方向！
2023-04-07 22:39:36,984 [AppLog] INFO : 准备运动，编码器当前位置：DEM_GetAxisEncodeVal：MoveDirectionFlag{false为Y方向：True}CurrentPos{230.925}AimPos{285}
2023-04-07 22:39:37,015 [AppLog] INFO : Y方向运动开始：DEM_Run：返回值{True}nAxis{1}DirFlag{True}nSpeed{300000}MoveStep{54075}nCtlValue{0}
2023-04-07 22:39:37,312 [AppLog] INFO : Y方向到位停止：DEM_StopAxisRun：返回值{True}CurrentPos{270.51}bImmeStop{False}nAxisMask{2}
2023-04-07 22:39:37,312 [AppLog] INFO : 获取打印Pass数据：IDP_GetPassItem2：nLayerIndex{16}nPassID{5}nProcState{3}LPPassDataItemb:PrtDir{True}nDataTxCompleteCnt{1}nHwMemAdrMatchMask{1}nLayerIndex{16}nLayerPassCount{6}nLayerPassIndex{5}nMinJet0ImgLinePos{6400}nPrtMemHwAddr{System.UInt32[]}nPrtDataOffset{System.UInt32[]}nSrcDataSize{System.UInt32[]}nPrtColBytes{System.UInt32[]}nPrtPrecession{8}nSrcEndCols{8000}nSrcStartCols{0}nStartEncPos{10000}nValidPassJets{1280}nValidPrtCols{8310}nValidPrtCtlCnts{1}pDataBuf{0}pNextItem{0}
2023-04-07 22:39:37,359 [AppLog] INFO : 使能Pass打印成功：IDP_DoPassPrint2：nLayerIndex{16}nPassID{5}
2023-04-07 22:39:37,359 [AppLog] INFO : PASS打印前关键状态：DEV_GetDeviceInfo2：nLayerIndex{16}nPassID{5}LPPRINTER_INFO:nXSysEncDPI{0}nStatus{0}nPrintStatus{0}bSuperDevice{0}
LPPRINTER_INFO-LPPrtRunInfo:bJobPrtRuning{False}bLayerPrtIsOver{False}nContReqMemErr{0}nContWDErr{0}nCurPrtDir{0}nDTLayerIndex{0}nDTLayerPassIndex{0}nDTPtrCtlIndex{0}nLayerPassCount{0}nPrintLayerIndex{0}nPrintPassIndex{0}nProcLayerIndex{0}nPrtDataMemAddr{0}nPrtState{0}nReverse{System.Int32[]}nRevPrtCols{0}
LPPRINTER_INFO-LPDRVINFO:nFMVersion{0}nFpgaVersion{0}nPCBVersion{0}nState{0}nNextState{0}nPtvwarnState{0}nCrc32{0}nRevInfo{System.UInt32[]}nSignature{0}
2023-04-07 22:39:37,359 [AppLog] INFO : 进入：EquipmentMotionLogic3=》准备创建对象-手动操作！
2023-04-07 22:39:37,359 [AppLog] INFO : 进入：EquipmentMotionLogic3=》不需重新创建-手动操作！
2023-04-07 22:39:37,359 [AppLog] INFO : 进入：EquipmentMotionLogic3=》赋值完成自-AutoPrintMotion2！
2023-04-07 22:39:37,359 [AppLog] INFO : 进入：EquipmentMotionLogic3=》加载配置文件-LoadJsonFile成功！
2023-04-07 22:39:37,359 [AppLog] INFO : 进入：AutoPrintThread2！
2023-04-07 22:39:37,359 [AppLog] INFO : 准备读取编码器位置：X方向！
2023-04-07 22:39:37,577 [AppLog] INFO : 准备运动，当前位置：DEV_GetPrintEncoderValue：MoveDirectionFlag{false为Y方向：False}CurrentPos{26.595}AimPos{425}
2023-04-07 22:39:37,624 [AppLog] INFO : X方向运动开始：DEM_Run：返回值{True}nAxis{0}DirFlag{True}nSpeed{300000}MoveStep{398405}nCtlValue{2}
2023-04-07 22:39:39,730 [AppLog] INFO : X方向到位停止：DEM_StopAxisRun：返回值{True}CurrentPos{423.405}bImmeStop{False}nAxisMask{1}
2023-04-07 22:39:39,730 [AppLog] INFO : 准备读取编码器位置：X方向！
2023-04-07 22:39:39,730 [AppLog] INFO : 准备运动，当前位置：DEV_GetPrintEncoderValue：MoveDirectionFlag{false为Y方向：False}CurrentPos{423.41}AimPos{780}
2023-04-07 22:39:39,839 [AppLog] INFO : X方向运动开始：DEM_Run：返回值{True}nAxis{0}DirFlag{True}nSpeed{300000}MoveStep{356590}nCtlValue{2}
2023-04-07 22:39:39,839 [AppLog] INFO : 准备读取编码器位置：Y方向！
2023-04-07 22:39:39,917 [AppLog] INFO : 准备运动，编码器当前位置：DEM_GetAxisEncodeVal：MoveDirectionFlag{false为Y方向：True}CurrentPos{284.885}AimPos{121}
2023-04-07 22:39:40,120 [AppLog] INFO : Y方向运动开始：DEM_Run：返回值{True}nAxis{1}DirFlag{False}nSpeed{300000}MoveStep{-163885}nCtlValue{0}
2023-04-07 22:39:41,617 [AppLog] INFO : Y方向到位等停：DEM_StopAxisRun：返回值{True}bImmeStop{False}nAxisMask{1}
2023-04-07 22:39:41,617 [AppLog] INFO : X方向到位等停：DEM_StopAxisRun：返回值{True}bImmeStop{False}nAxisMask{2}
2023-04-07 22:39:41,649 [AppLog] INFO : 开启闪喷操作：IDP_FlashPrtCtl：返回值{True}
2023-04-07 22:39:41,649 [AppLog] INFO : 进入：EquipmentMotionLogic3=》准备创建对象-手动操作！
2023-04-07 22:39:41,649 [AppLog] INFO : 进入：EquipmentMotionLogic3=》不需重新创建-手动操作！
2023-04-07 22:39:41,649 [AppLog] INFO : 进入：EquipmentMotionLogic3=》赋值完成自-AutoPrintMotion2！
2023-04-07 22:39:41,649 [AppLog] INFO : 进入：EquipmentMotionLogic3=》加载配置文件-LoadJsonFile成功！
2023-04-07 22:39:41,649 [AppLog] INFO : 进入自动铺粉逻辑：NewAutoSupplyPowderThread2
2023-04-07 22:39:41,727 [AppLog] INFO : 手动正向点动指令（8轴运控板卡系统） ====》：输出AXIS{第1轴},点动量{-0.1MM},运动速度{2MM/s}
2023-04-07 22:39:41,727 [AppLog] INFO : 成形面高度下降层厚 TrapSpace{0.1mm}：TrapMoveUp(1, true, Convert.ToString(vel), Convert.ToString(TrapSpace), true, true）
2023-04-07 22:39:42,507 [AppLog] INFO : 手动正向点动指令（8轴运控板卡系统） ====》：输出AXIS{第1轴},点动量{-1.5MM},运动速度{2MM/s}
2023-04-07 22:39:42,507 [AppLog] INFO : 成形面高度下降指定厚度 TrapSpace{1.5mm}：TrapMoveUp(1, true, Convert.ToString(vel), Convert.ToString(TrapSpace), true, true）
2023-04-07 22:39:43,271 [AppLog] INFO : 手动正向点动指令（8轴运控板卡系统） ====》：输出AXIS{第1轴},点动量{1.5MM},运动速度{2MM/s}
2023-04-07 22:39:43,271 [AppLog] INFO : 成形面高度上升层厚 TrapSpace{1.5mm}：TrapMoveUp(1, true, Convert.ToString(vel), Convert.ToString(TrapSpace), true, true）
2023-04-07 22:39:43,489 [AppLog] INFO : 手动正向点动指令（8轴运控板卡系统） ====》：输出AXIS{第8轴},点动量{0.5MM},运动速度{2.5MM/s}
2023-04-07 22:39:43,489 [AppLog] INFO : Hopper落粉轴转2圈落粉，速度0.5rev/s：TrapMoveUp(8, true, 0.5, rotateNuM.ToString(), true, false)
2023-04-07 22:39:44,784 [AppLog] INFO : 手动正向点动指令（8轴运控板卡系统） ====》：输出AXIS{第2轴},点动量{258MM},运动速度{200MM/s}
2023-04-07 22:39:44,784 [AppLog] INFO : 开启铺粉车不等停运动至准备打印位置255mm，速度200mm/s：BackToStation2
2023-04-07 22:39:44,784 [AppLog] INFO : 手动正向点动指令（8轴运控板卡系统） ====》：输出AXIS{第2轴},点动量{440MM},运动速度{50MM/s}
2023-04-07 22:39:44,784 [AppLog] INFO : 开启铺粉车不等停运动至准备打印位置695mm，速度50mm/s：BackToStation2
2023-04-07 22:39:44,893 [AppLog] INFO : 打开IR灯：OpenIRLamp(true)
2023-04-07 22:39:44,893 [AppLog] INFO : 手动正向点动指令（8轴运控板卡系统） ====》：输出AXIS{第3轴},点动量{0.5MM},运动速度{0.0753424657534247MM/s}
2023-04-07 22:39:44,893 [AppLog] INFO : 开启均匀落粉及辊子铺平运动：TrapMoveUp(3, true, Convert.ToString(DispenseRollerSpeed), 0.5, true, true)
2023-04-07 22:39:50,010 [AppLog] INFO : 关闭IR灯：OpenIRLamp(false)
2023-04-07 22:39:52,350 [AppLog] INFO : 手动正向点动指令（8轴运控板卡系统） ====》：输出AXIS{第3轴},点动量{0.5MM},运动速度{2MM/s}
2023-04-07 22:39:52,350 [AppLog] INFO : 落粉轴继续转动以倒掉余粉：TrapMoveUp(3, true, 2, 0.5, true, false)
2023-04-07 22:39:54,363 [AppLog] INFO : 手动正向点动指令（8轴运控板卡系统） ====》：输出AXIS{第1轴},点动量{-1.5MM},运动速度{2MM/s}
2023-04-07 22:39:54,363 [AppLog] INFO : 成形面高度下降指定厚度 TrapSpace{1.5mm}：TrapMoveUp(1, true, Convert.ToString(vel), Convert.ToString(TrapSpace), true, true）
2023-04-07 22:39:57,857 [AppLog] INFO : 手动正向点动指令（8轴运控板卡系统） ====》：输出AXIS{第2轴},点动量{-698MM},运动速度{200MM/s}
2023-04-07 22:39:57,857 [AppLog] INFO : 铺粉车返回至站1：BackToStation2(AimPos, MovSpeed, true)：-3mm，速度200mm/s：BackToStation2
2023-04-07 22:39:58,247 [AppLog] INFO : 落粉轴回零成功：motionMap.SetBackSpreaderAxis(3, 0.5, 2, -SinkPosition)：ReturnCode{True}
2023-04-07 22:39:59,011 [AppLog] INFO : 手动正向点动指令（8轴运控板卡系统） ====》：输出AXIS{第1轴},点动量{1.5MM},运动速度{2MM/s}
2023-04-07 22:39:59,011 [AppLog] INFO : 成形面高度上升层厚 TrapSpace{1.5mm}：TrapMoveUp(1, true, Convert.ToString(vel), Convert.ToString(TrapSpace), true, true）
2023-04-07 22:39:59,011 [AppLog] INFO : 自动铺粉正常结束：NewAutoSupplyPowderThread2
2023-04-07 22:39:59,011 [AppLog] INFO : 发送监控指令，拍照记录1条：SendMessageFromSharedMemory
2023-04-07 22:39:59,011 [AppLog] INFO : 执行完成铺粉固化操作：EquipmentMotionLogic3：m_bApplyPowderSupplyMotion:0
2023-04-07 22:39:59,011 [AppLog] INFO : 接收到恢复打印指令：PrintTaskTHREAD
2023-04-07 22:39:59,027 [AppLog] INFO : 获取打印Pass数据：IDP_GetPassItem2：nLayerIndex{17}nPassID{0}nProcState{3}LPPassDataItemb:PrtDir{False}nDataTxCompleteCnt{1}nHwMemAdrMatchMask{1}nLayerIndex{17}nLayerPassCount{6}nLayerPassIndex{0}nMinJet0ImgLinePos{0}nPrtMemHwAddr{System.UInt32[]}nPrtDataOffset{System.UInt32[]}nSrcDataSize{System.UInt32[]}nPrtColBytes{System.UInt32[]}nPrtPrecession{8}nSrcEndCols{8000}nSrcStartCols{0}nStartEncPos{76472}nValidPassJets{1280}nValidPrtCols{8310}nValidPrtCtlCnts{1}pDataBuf{0}pNextItem{674156480}
2023-04-07 22:39:59,105 [AppLog] INFO : 使能Pass打印成功：IDP_DoPassPrint2：nLayerIndex{17}nPassID{0}
2023-04-07 22:39:59,245 [AppLog] INFO : PASS打印前关键状态：DEV_GetDeviceInfo2：nLayerIndex{17}nPassID{0}LPPRINTER_INFO:nXSysEncDPI{0}nStatus{0}nPrintStatus{0}bSuperDevice{0}
LPPRINTER_INFO-LPPrtRunInfo:bJobPrtRuning{False}bLayerPrtIsOver{False}nContReqMemErr{0}nContWDErr{0}nCurPrtDir{0}nDTLayerIndex{0}nDTLayerPassIndex{0}nDTPtrCtlIndex{0}nLayerPassCount{0}nPrintLayerIndex{0}nPrintPassIndex{0}nProcLayerIndex{0}nPrtDataMemAddr{0}nPrtState{0}nReverse{System.Int32[]}nRevPrtCols{0}
LPPRINTER_INFO-LPDRVINFO:nFMVersion{0}nFpgaVersion{0}nPCBVersion{0}nState{0}nNextState{0}nPtvwarnState{0}nCrc32{0}nRevInfo{System.UInt32[]}nSignature{0}
2023-04-07 22:39:59,245 [AppLog] INFO : 进入：EquipmentMotionLogic3=》准备创建对象-手动操作！
2023-04-07 22:39:59,245 [AppLog] INFO : 进入：EquipmentMotionLogic3=》不需重新创建-手动操作！
2023-04-07 22:39:59,245 [AppLog] INFO : 进入：EquipmentMotionLogic3=》赋值完成自-AutoPrintMotion2！
2023-04-07 22:39:59,245 [AppLog] INFO : 进入：EquipmentMotionLogic3=》加载配置文件-LoadJsonFile成功！
2023-04-07 22:39:59,245 [AppLog] INFO : 进入自动清洗过程：AutoCleanThread
2023-04-07 22:40:00,213 [AppLog] INFO : 刮墨轴回零成功：motionMap.SetBackSpreaderAxis(4, 1, 2, -SinkPosition)
2023-04-07 22:40:00,213 [AppLog] INFO : 准备读取编码器位置：Y方向！
2023-04-07 22:40:00,244 [AppLog] INFO : 准备运动，编码器当前位置：DEM_GetAxisEncodeVal：MoveDirectionFlag{false为Y方向：True}CurrentPos{121.37}AimPos{121}
2023-04-07 22:40:00,415 [AppLog] INFO : Y方向运动开始：DEM_Run：返回值{True}nAxis{1}DirFlag{False}nSpeed{300000}MoveStep{-370.000000000005}nCtlValue{0}
2023-04-07 22:40:00,478 [AppLog] INFO : Y方向到位停止：DEM_StopAxisRun：返回值{True}CurrentPos{121.37}bImmeStop{False}nAxisMask{2}
2023-04-07 22:40:00,478 [AppLog] INFO : 准备读取编码器位置：X方向！
2023-04-07 22:40:00,478 [AppLog] INFO : 准备运动，当前位置：DEV_GetPrintEncoderValue：MoveDirectionFlag{false为Y方向：False}CurrentPos{780}AimPos{780}
2023-04-07 22:40:00,478 [AppLog] INFO : X方向运动开始：DEM_Run：返回值{True}nAxis{0}DirFlag{False}nSpeed{300000}MoveStep{0}nCtlValue{2}
2023-04-07 22:40:00,649 [AppLog] INFO : X方向到位停止：DEM_StopAxisRun：返回值{True}CurrentPos{780}bImmeStop{False}nAxisMask{1}
2023-04-07 22:40:01,539 [AppLog] INFO : 开启压墨： motionMap.SetDo(13, true)
2023-04-07 22:40:05,548 [AppLog] INFO : 关闭压墨： motionMap.SetDo(13, true)
2023-04-07 22:40:05,548 [AppLog] INFO : 准备读取编码器位置：X方向！
2023-04-07 22:40:05,595 [AppLog] INFO : 准备运动，当前位置：DEV_GetPrintEncoderValue：MoveDirectionFlag{false为Y方向：False}CurrentPos{780}AimPos{680}
2023-04-07 22:40:05,626 [AppLog] INFO : X方向运动开始：DEM_Run：返回值{True}nAxis{0}DirFlag{False}nSpeed{50000}MoveStep{-100000}nCtlValue{2}
2023-04-07 22:40:07,732 [AppLog] INFO : X方向到位停止：DEM_StopAxisRun：返回值{True}CurrentPos{682.245}bImmeStop{False}nAxisMask{1}
2023-04-07 22:40:08,559 [AppLog] INFO : 结束自动清洗过程：AutoCleanThread
2023-04-07 22:40:08,559 [AppLog] INFO : 进入：EquipmentMotionLogic3=》准备创建对象-手动操作！
2023-04-07 22:40:08,559 [AppLog] INFO : 进入：EquipmentMotionLogic3=》不需重新创建-手动操作！
2023-04-07 22:40:08,559 [AppLog] INFO : 进入：EquipmentMotionLogic3=》赋值完成自-AutoPrintMotion2！
2023-04-07 22:40:08,559 [AppLog] INFO : 进入：EquipmentMotionLogic3=》加载配置文件-LoadJsonFile成功！
2023-04-07 22:40:08,559 [AppLog] INFO : 进入：AutoPrintThread2！
2023-04-07 22:40:08,668 [AppLog] INFO : 关闭闪喷操作：IDP_FlashPrtCtl：返回值{True}
2023-04-07 22:40:08,668 [AppLog] INFO : 准备读取编码器位置：Y方向！
2023-04-07 22:40:08,761 [AppLog] INFO : 准备运动，编码器当前位置：DEM_GetAxisEncodeVal：MoveDirectionFlag{false为Y方向：True}CurrentPos{121.005}AimPos{15}
2023-04-07 22:40:08,824 [AppLog] INFO : Y方向运动开始：DEM_Run：返回值{True}nAxis{1}DirFlag{False}nSpeed{300000}MoveStep{-106005}nCtlValue{0}
2023-04-07 22:40:08,824 [AppLog] INFO : 准备读取编码器位置：X方向！
2023-04-07 22:40:08,871 [AppLog] INFO : 准备运动，当前位置：DEV_GetPrintEncoderValue：MoveDirectionFlag{false为Y方向：False}CurrentPos{680.62}AimPos{425}
2023-04-07 22:40:09,042 [AppLog] INFO : X方向运动开始：DEM_Run：返回值{True}nAxis{0}DirFlag{False}nSpeed{300000}MoveStep{-255620}nCtlValue{2}
2023-04-07 22:40:09,604 [AppLog] INFO : 退出手动调试子模块,已执行修改
==========================================================================
2023-04-07 22:40:10,462 [AppLog] INFO : X方向到位停止：DEM_StopAxisRun：返回值{True}CurrentPos{429.68}bImmeStop{False}nAxisMask{1}
2023-04-07 22:40:10,462 [AppLog] INFO : 准备读取编码器位置：X方向！
2023-04-07 22:40:10,462 [AppLog] INFO : 准备运动，当前位置：DEV_GetPrintEncoderValue：MoveDirectionFlag{false为Y方向：False}CurrentPos{429.56}AimPos{25}
2023-04-07 22:40:10,493 [AppLog] INFO : X方向运动开始：DEM_Run：返回值{True}nAxis{0}DirFlag{False}nSpeed{300000}MoveStep{-404560}nCtlValue{2}
2023-04-07 22:40:12,396 [AppLog] INFO : X方向到位停止：DEM_StopAxisRun：返回值{True}CurrentPos{25.21}bImmeStop{False}nAxisMask{1}
2023-04-07 22:40:12,396 [AppLog] INFO : 准备读取编码器位置：Y方向！
2023-04-07 22:40:12,396 [AppLog] INFO : 准备运动，编码器当前位置：DEM_GetAxisEncodeVal：MoveDirectionFlag{false为Y方向：True}CurrentPos{15.145}AimPos{69}
2023-04-07 22:40:12,427 [AppLog] INFO : Y方向运动开始：DEM_Run：返回值{True}nAxis{1}DirFlag{True}nSpeed{300000}MoveStep{53855}nCtlValue{0}
2023-04-07 22:40:12,615 [AppLog] INFO : Y方向到位停止：DEM_StopAxisRun：返回值{True}CurrentPos{26.09}bImmeStop{False}nAxisMask{2}
2023-04-07 22:40:12,615 [AppLog] INFO : 获取打印Pass数据：IDP_GetPassItem2：nLayerIndex{17}nPassID{1}nProcState{3}LPPassDataItemb:PrtDir{True}nDataTxCompleteCnt{1}nHwMemAdrMatchMask{1}nLayerIndex{17}nLayerPassCount{6}nLayerPassIndex{1}nMinJet0ImgLinePos{1280}nPrtMemHwAddr{System.UInt32[]}nPrtDataOffset{System.UInt32[]}nSrcDataSize{System.UInt32[]}nPrtColBytes{System.UInt32[]}nPrtPrecession{8}nSrcEndCols{8000}nSrcStartCols{0}nStartEncPos{10000}nValidPassJets{1280}nValidPrtCols{8310}nValidPrtCtlCnts{1}pDataBuf{0}pNextItem{674156640}
2023-04-07 22:40:12,646 [AppLog] INFO : 使能Pass打印成功：IDP_DoPassPrint2：nLayerIndex{17}nPassID{1}
2023-04-07 22:40:12,646 [AppLog] INFO : PASS打印前关键状态：DEV_GetDeviceInfo2：nLayerIndex{17}nPassID{1}LPPRINTER_INFO:nXSysEncDPI{0}nStatus{0}nPrintStatus{0}bSuperDevice{0}
LPPRINTER_INFO-LPPrtRunInfo:bJobPrtRuning{False}bLayerPrtIsOver{False}nContReqMemErr{0}nContWDErr{0}nCurPrtDir{0}nDTLayerIndex{0}nDTLayerPassIndex{0}nDTPtrCtlIndex{0}nLayerPassCount{0}nPrintLayerIndex{0}nPrintPassIndex{0}nProcLayerIndex{0}nPrtDataMemAddr{0}nPrtState{0}nReverse{System.Int32[]}nRevPrtCols{0}
LPPRINTER_INFO-LPDRVINFO:nFMVersion{0}nFpgaVersion{0}nPCBVersion{0}nState{0}nNextState{0}nPtvwarnState{0}nCrc32{0}nRevInfo{System.UInt32[]}nSignature{0}
2023-04-07 22:40:12,646 [AppLog] INFO : 进入：EquipmentMotionLogic3=》准备创建对象-手动操作！
2023-04-07 22:40:12,646 [AppLog] INFO : 进入：EquipmentMotionLogic3=》不需重新创建-手动操作！
2023-04-07 22:40:12,646 [AppLog] INFO : 进入：EquipmentMotionLogic3=》赋值完成自-AutoPrintMotion2！
2023-04-07 22:40:12,646 [AppLog] INFO : 进入：EquipmentMotionLogic3=》加载配置文件-LoadJsonFile成功！
2023-04-07 22:40:12,646 [AppLog] INFO : 进入：AutoPrintThread2！
2023-04-07 22:40:12,646 [AppLog] INFO : 准备读取编码器位置：X方向！
2023-04-07 22:40:12,646 [AppLog] INFO : 准备运动，当前位置：DEV_GetPrintEncoderValue：MoveDirectionFlag{false为Y方向：False}CurrentPos{21.455}AimPos{425}
2023-04-07 22:40:12,677 [AppLog] INFO : X方向运动开始：DEM_Run：返回值{True}nAxis{0}DirFlag{True}nSpeed{300000}MoveStep{403545}nCtlValue{2}
2023-04-07 22:40:14,580 [AppLog] INFO : X方向到位停止：DEM_StopAxisRun：返回值{True}CurrentPos{419.635}bImmeStop{False}nAxisMask{1}
2023-04-07 22:40:14,580 [AppLog] INFO : 准备读取编码器位置：Y方向！
2023-04-07 22:40:14,580 [AppLog] INFO : 准备运动，编码器当前位置：DEM_GetAxisEncodeVal：MoveDirectionFlag{false为Y方向：True}CurrentPos{68.92}AimPos{123}
2023-04-07 22:40:14,627 [AppLog] INFO : Y方向运动开始：DEM_Run：返回值{True}nAxis{1}DirFlag{True}nSpeed{300000}MoveStep{54080}nCtlValue{0}
2023-04-07 22:40:14,830 [AppLog] INFO : Y方向到位停止：DEM_StopAxisRun：返回值{True}CurrentPos{79.045}bImmeStop{False}nAxisMask{2}
2023-04-07 22:40:14,830 [AppLog] INFO : 获取打印Pass数据：IDP_GetPassItem2：nLayerIndex{17}nPassID{2}nProcState{3}LPPassDataItemb:PrtDir{False}nDataTxCompleteCnt{1}nHwMemAdrMatchMask{1}nLayerIndex{17}nLayerPassCount{6}nLayerPassIndex{2}nMinJet0ImgLinePos{2560}nPrtMemHwAddr{System.UInt32[]}nPrtDataOffset{System.UInt32[]}nSrcDataSize{System.UInt32[]}nPrtColBytes{System.UInt32[]}nPrtPrecession{8}nSrcEndCols{8000}nSrcStartCols{0}nStartEncPos{76472}nValidPassJets{1280}nValidPrtCols{8310}nValidPrtCtlCnts{1}pDataBuf{0}pNextItem{674156800}
2023-04-07 22:40:14,830 [AppLog] INFO : 使能Pass打印成功：IDP_DoPassPrint2：nLayerIndex{17}nPassID{2}
2023-04-07 22:40:14,845 [AppLog] INFO : PASS打印前关键状态：DEV_GetDeviceInfo2：nLayerIndex{17}nPassID{2}LPPRINTER_INFO:nXSysEncDPI{0}nStatus{0}nPrintStatus{0}bSuperDevice{0}
LPPRINTER_INFO-LPPrtRunInfo:bJobPrtRuning{False}bLayerPrtIsOver{False}nContReqMemErr{0}nContWDErr{0}nCurPrtDir{0}nDTLayerIndex{0}nDTLayerPassIndex{0}nDTPtrCtlIndex{0}nLayerPassCount{0}nPrintLayerIndex{0}nPrintPassIndex{0}nProcLayerIndex{0}nPrtDataMemAddr{0}nPrtState{0}nReverse{System.Int32[]}nRevPrtCols{0}
LPPRINTER_INFO-LPDRVINFO:nFMVersion{0}nFpgaVersion{0}nPCBVersion{0}nState{0}nNextState{0}nPtvwarnState{0}nCrc32{0}nRevInfo{System.UInt32[]}nSignature{0}
2023-04-07 22:40:14,845 [AppLog] INFO : 进入：EquipmentMotionLogic3=》准备创建对象-手动操作！
2023-04-07 22:40:14,845 [AppLog] INFO : 进入：EquipmentMotionLogic3=》不需重新创建-手动操作！
2023-04-07 22:40:14,845 [AppLog] INFO : 进入：EquipmentMotionLogic3=》赋值完成自-AutoPrintMotion2！
2023-04-07 22:40:14,845 [AppLog] INFO : 进入：EquipmentMotionLogic3=》加载配置文件-LoadJsonFile成功！
2023-04-07 22:40:14,845 [AppLog] INFO : 进入：AutoPrintThread2！
2023-04-07 22:40:14,845 [AppLog] INFO : 准备读取编码器位置：X方向！
2023-04-07 22:40:14,845 [AppLog] INFO : 准备运动，当前位置：DEV_GetPrintEncoderValue：MoveDirectionFlag{false为Y方向：False}CurrentPos{423.355}AimPos{25}
2023-04-07 22:40:14,877 [AppLog] INFO : X方向运动开始：DEM_Run：返回值{True}nAxis{0}DirFlag{False}nSpeed{300000}MoveStep{-398355}nCtlValue{2}
2023-04-07 22:40:16,733 [AppLog] INFO : X方向到位停止：DEM_StopAxisRun：返回值{True}CurrentPos{31.03}bImmeStop{False}nAxisMask{1}
2023-04-07 22:40:16,733 [AppLog] INFO : 准备读取编码器位置：Y方向！
2023-04-07 22:40:16,749 [AppLog] INFO : 准备运动，编码器当前位置：DEM_GetAxisEncodeVal：MoveDirectionFlag{false为Y方向：True}CurrentPos{122.875}AimPos{177}
2023-04-07 22:40:16,780 [AppLog] INFO : Y方向运动开始：DEM_Run：返回值{True}nAxis{1}DirFlag{True}nSpeed{300000}MoveStep{54125}nCtlValue{0}
2023-04-07 22:40:16,983 [AppLog] INFO : Y方向到位停止：DEM_StopAxisRun：返回值{True}CurrentPos{136.68}bImmeStop{False}nAxisMask{2}
2023-04-07 22:40:16,983 [AppLog] INFO : 获取打印Pass数据：IDP_GetPassItem2：nLayerIndex{17}nPassID{3}nProcState{3}LPPassDataItemb:PrtDir{True}nDataTxCompleteCnt{1}nHwMemAdrMatchMask{1}nLayerIndex{17}nLayerPassCount{6}nLayerPassIndex{3}nMinJet0ImgLinePos{3840}nPrtMemHwAddr{System.UInt32[]}nPrtDataOffset{System.UInt32[]}nSrcDataSize{System.UInt32[]}nPrtColBytes{System.UInt32[]}nPrtPrecession{8}nSrcEndCols{8000}nSrcStartCols{0}nStartEncPos{10000}nValidPassJets{1280}nValidPrtCols{8310}nValidPrtCtlCnts{1}pDataBuf{0}pNextItem{674156960}
2023-04-07 22:40:16,998 [AppLog] INFO : 使能Pass打印成功：IDP_DoPassPrint2：nLayerIndex{17}nPassID{3}
2023-04-07 22:40:16,998 [AppLog] INFO : PASS打印前关键状态：DEV_GetDeviceInfo2：nLayerIndex{17}nPassID{3}LPPRINTER_INFO:nXSysEncDPI{0}nStatus{0}nPrintStatus{0}bSuperDevice{0}
LPPRINTER_INFO-LPPrtRunInfo:bJobPrtRuning{False}bLayerPrtIsOver{False}nContReqMemErr{0}nContWDErr{0}nCurPrtDir{0}nDTLayerIndex{0}nDTLayerPassIndex{0}nDTPtrCtlIndex{0}nLayerPassCount{0}nPrintLayerIndex{0}nPrintPassIndex{0}nProcLayerIndex{0}nPrtDataMemAddr{0}nPrtState{0}nReverse{System.Int32[]}nRevPrtCols{0}
LPPRINTER_INFO-LPDRVINFO:nFMVersion{0}nFpgaVersion{0}nPCBVersion{0}nState{0}nNextState{0}nPtvwarnState{0}nCrc32{0}nRevInfo{System.UInt32[]}nSignature{0}
2023-04-07 22:40:16,998 [AppLog] INFO : 进入：EquipmentMotionLogic3=》准备创建对象-手动操作！
2023-04-07 22:40:16,998 [AppLog] INFO : 进入：EquipmentMotionLogic3=》不需重新创建-手动操作！
2023-04-07 22:40:16,998 [AppLog] INFO : 进入：EquipmentMotionLogic3=》赋值完成自-AutoPrintMotion2！
2023-04-07 22:40:16,998 [AppLog] INFO : 进入：EquipmentMotionLogic3=》加载配置文件-LoadJsonFile成功！
2023-04-07 22:40:16,998 [AppLog] INFO : 进入：AutoPrintThread2！
2023-04-07 22:40:16,998 [AppLog] INFO : 准备读取编码器位置：X方向！
2023-04-07 22:40:16,998 [AppLog] INFO : 准备运动，当前位置：DEV_GetPrintEncoderValue：MoveDirectionFlag{false为Y方向：False}CurrentPos{26.62}AimPos{425}
2023-04-07 22:40:17,029 [AppLog] INFO : X方向运动开始：DEM_Run：返回值{True}nAxis{0}DirFlag{True}nSpeed{300000}MoveStep{398380}nCtlValue{2}
2023-04-07 22:40:18,901 [AppLog] INFO : X方向到位停止：DEM_StopAxisRun：返回值{True}CurrentPos{418.705}bImmeStop{False}nAxisMask{1}
2023-04-07 22:40:18,901 [AppLog] INFO : 准备读取编码器位置：Y方向！
2023-04-07 22:40:18,901 [AppLog] INFO : 准备运动，编码器当前位置：DEM_GetAxisEncodeVal：MoveDirectionFlag{false为Y方向：True}CurrentPos{176.88}AimPos{231}
2023-04-07 22:40:18,933 [AppLog] INFO : Y方向运动开始：DEM_Run：返回值{True}nAxis{1}DirFlag{True}nSpeed{300000}MoveStep{54120}nCtlValue{0}
2023-04-07 22:40:19,120 [AppLog] INFO : Y方向到位停止：DEM_StopAxisRun：返回值{True}CurrentPos{187.79}bImmeStop{False}nAxisMask{2}
2023-04-07 22:40:19,120 [AppLog] INFO : 获取打印Pass数据：IDP_GetPassItem2：nLayerIndex{17}nPassID{4}nProcState{3}LPPassDataItemb:PrtDir{False}nDataTxCompleteCnt{1}nHwMemAdrMatchMask{1}nLayerIndex{17}nLayerPassCount{6}nLayerPassIndex{4}nMinJet0ImgLinePos{5120}nPrtMemHwAddr{System.UInt32[]}nPrtDataOffset{System.UInt32[]}nSrcDataSize{System.UInt32[]}nPrtColBytes{System.UInt32[]}nPrtPrecession{8}nSrcEndCols{8000}nSrcStartCols{0}nStartEncPos{76472}nValidPassJets{1280}nValidPrtCols{8310}nValidPrtCtlCnts{1}pDataBuf{0}pNextItem{674157120}
2023-04-07 22:40:19,135 [AppLog] INFO : 使能Pass打印成功：IDP_DoPassPrint2：nLayerIndex{17}nPassID{4}
2023-04-07 22:40:19,135 [AppLog] INFO : PASS打印前关键状态：DEV_GetDeviceInfo2：nLayerIndex{17}nPassID{4}LPPRINTER_INFO:nXSysEncDPI{0}nStatus{0}nPrintStatus{0}bSuperDevice{0}
LPPRINTER_INFO-LPPrtRunInfo:bJobPrtRuning{False}bLayerPrtIsOver{False}nContReqMemErr{0}nContWDErr{0}nCurPrtDir{0}nDTLayerIndex{0}nDTLayerPassIndex{0}nDTPtrCtlIndex{0}nLayerPassCount{0}nPrintLayerIndex{0}nPrintPassIndex{0}nProcLayerIndex{0}nPrtDataMemAddr{0}nPrtState{0}nReverse{System.Int32[]}nRevPrtCols{0}
LPPRINTER_INFO-LPDRVINFO:nFMVersion{0}nFpgaVersion{0}nPCBVersion{0}nState{0}nNextState{0}nPtvwarnState{0}nCrc32{0}nRevInfo{System.UInt32[]}nSignature{0}
2023-04-07 22:40:19,135 [AppLog] INFO : 进入：EquipmentMotionLogic3=》准备创建对象-手动操作！
2023-04-07 22:40:19,135 [AppLog] INFO : 进入：EquipmentMotionLogic3=》不需重新创建-手动操作！
2023-04-07 22:40:19,135 [AppLog] INFO : 进入：EquipmentMotionLogic3=》赋值完成自-AutoPrintMotion2！
2023-04-07 22:40:19,135 [AppLog] INFO : 进入：EquipmentMotionLogic3=》加载配置文件-LoadJsonFile成功！
2023-04-07 22:40:19,135 [AppLog] INFO : 进入：AutoPrintThread2！
2023-04-07 22:40:19,135 [AppLog] INFO : 准备读取编码器位置：X方向！
2023-04-07 22:40:19,135 [AppLog] INFO : 准备运动，当前位置：DEV_GetPrintEncoderValue：MoveDirectionFlag{false为Y方向：False}CurrentPos{423.38}AimPos{25}
2023-04-07 22:40:19,167 [AppLog] INFO : X方向运动开始：DEM_Run：返回值{True}nAxis{0}DirFlag{False}nSpeed{300000}MoveStep{-398380}nCtlValue{2}
2023-04-07 22:40:21,039 [AppLog] INFO : X方向到位停止：DEM_StopAxisRun：返回值{True}CurrentPos{30.55}bImmeStop{False}nAxisMask{1}
2023-04-07 22:40:21,039 [AppLog] INFO : 准备读取编码器位置：Y方向！
2023-04-07 22:40:21,054 [AppLog] INFO : 准备运动，编码器当前位置：DEM_GetAxisEncodeVal：MoveDirectionFlag{false为Y方向：True}CurrentPos{230.93}AimPos{285}
2023-04-07 22:40:21,085 [AppLog] INFO : Y方向运动开始：DEM_Run：返回值{True}nAxis{1}DirFlag{True}nSpeed{300000}MoveStep{54070}nCtlValue{0}
2023-04-07 22:40:21,273 [AppLog] INFO : Y方向到位停止：DEM_StopAxisRun：返回值{True}CurrentPos{241.35}bImmeStop{False}nAxisMask{2}
2023-04-07 22:40:21,273 [AppLog] INFO : 获取打印Pass数据：IDP_GetPassItem2：nLayerIndex{17}nPassID{5}nProcState{3}LPPassDataItemb:PrtDir{True}nDataTxCompleteCnt{1}nHwMemAdrMatchMask{1}nLayerIndex{17}nLayerPassCount{6}nLayerPassIndex{5}nMinJet0ImgLinePos{6400}nPrtMemHwAddr{System.UInt32[]}nPrtDataOffset{System.UInt32[]}nSrcDataSize{System.UInt32[]}nPrtColBytes{System.UInt32[]}nPrtPrecession{8}nSrcEndCols{8000}nSrcStartCols{0}nStartEncPos{10000}nValidPassJets{1280}nValidPrtCols{8310}nValidPrtCtlCnts{1}pDataBuf{0}pNextItem{0}
2023-04-07 22:40:21,288 [AppLog] INFO : 使能Pass打印成功：IDP_DoPassPrint2：nLayerIndex{17}nPassID{5}
2023-04-07 22:40:21,288 [AppLog] INFO : PASS打印前关键状态：DEV_GetDeviceInfo2：nLayerIndex{17}nPassID{5}LPPRINTER_INFO:nXSysEncDPI{0}nStatus{0}nPrintStatus{0}bSuperDevice{0}
LPPRINTER_INFO-LPPrtRunInfo:bJobPrtRuning{False}bLayerPrtIsOver{False}nContReqMemErr{0}nContWDErr{0}nCurPrtDir{0}nDTLayerIndex{0}nDTLayerPassIndex{0}nDTPtrCtlIndex{0}nLayerPassCount{0}nPrintLayerIndex{0}nPrintPassIndex{0}nProcLayerIndex{0}nPrtDataMemAddr{0}nPrtState{0}nReverse{System.Int32[]}nRevPrtCols{0}
LPPRINTER_INFO-LPDRVINFO:nFMVersion{0}nFpgaVersion{0}nPCBVersion{0}nState{0}nNextState{0}nPtvwarnState{0}nCrc32{0}nRevInfo{System.UInt32[]}nSignature{0}
2023-04-07 22:40:21,288 [AppLog] INFO : 进入：EquipmentMotionLogic3=》准备创建对象-手动操作！
2023-04-07 22:40:21,288 [AppLog] INFO : 进入：EquipmentMotionLogic3=》不需重新创建-手动操作！
2023-04-07 22:40:21,288 [AppLog] INFO : 进入：EquipmentMotionLogic3=》赋值完成自-AutoPrintMotion2！
2023-04-07 22:40:21,288 [AppLog] INFO : 进入：EquipmentMotionLogic3=》加载配置文件-LoadJsonFile成功！
2023-04-07 22:40:21,288 [AppLog] INFO : 进入：AutoPrintThread2！
2023-04-07 22:40:21,288 [AppLog] INFO : 准备读取编码器位置：X方向！
2023-04-07 22:40:21,288 [AppLog] INFO : 准备运动，当前位置：DEV_GetPrintEncoderValue：MoveDirectionFlag{false为Y方向：False}CurrentPos{26.61}AimPos{425}
2023-04-07 22:40:21,319 [AppLog] INFO : X方向运动开始：DEM_Run：返回值{True}nAxis{0}DirFlag{True}nSpeed{300000}MoveStep{398390}nCtlValue{2}
2023-04-07 22:40:23,191 [AppLog] INFO : X方向到位停止：DEM_StopAxisRun：返回值{True}CurrentPos{418.225}bImmeStop{False}nAxisMask{1}
2023-04-07 22:40:23,191 [AppLog] INFO : 准备读取编码器位置：X方向！
2023-04-07 22:40:23,191 [AppLog] INFO : 准备运动，当前位置：DEV_GetPrintEncoderValue：MoveDirectionFlag{false为Y方向：False}CurrentPos{418.33}AimPos{780}
2023-04-07 22:40:23,238 [AppLog] INFO : X方向运动开始：DEM_Run：返回值{True}nAxis{0}DirFlag{True}nSpeed{300000}MoveStep{361670}nCtlValue{2}
2023-04-07 22:40:23,238 [AppLog] INFO : 准备读取编码器位置：Y方向！
2023-04-07 22:40:23,238 [AppLog] INFO : 准备运动，编码器当前位置：DEM_GetAxisEncodeVal：MoveDirectionFlag{false为Y方向：True}CurrentPos{284.89}AimPos{121}
2023-04-07 22:40:23,269 [AppLog] INFO : Y方向运动开始：DEM_Run：返回值{True}nAxis{1}DirFlag{False}nSpeed{300000}MoveStep{-163890}nCtlValue{0}
2023-04-07 22:40:25,001 [AppLog] INFO : Y方向到位等停：DEM_StopAxisRun：返回值{True}bImmeStop{False}nAxisMask{1}
2023-04-07 22:40:25,001 [AppLog] INFO : X方向到位等停：DEM_StopAxisRun：返回值{True}bImmeStop{False}nAxisMask{2}
2023-04-07 22:40:25,017 [AppLog] INFO : 开启闪喷操作：IDP_FlashPrtCtl：返回值{True}
2023-04-07 22:40:25,017 [AppLog] INFO : 进入：EquipmentMotionLogic3=》准备创建对象-手动操作！
2023-04-07 22:40:25,017 [AppLog] INFO : 进入：EquipmentMotionLogic3=》不需重新创建-手动操作！
2023-04-07 22:40:25,017 [AppLog] INFO : 进入：EquipmentMotionLogic3=》赋值完成自-AutoPrintMotion2！
2023-04-07 22:40:25,017 [AppLog] INFO : 进入：EquipmentMotionLogic3=》加载配置文件-LoadJsonFile成功！
2023-04-07 22:40:25,017 [AppLog] INFO : 进入自动铺粉逻辑：NewAutoSupplyPowderThread2
2023-04-07 22:40:25,095 [AppLog] INFO : 手动正向点动指令（8轴运控板卡系统） ====》：输出AXIS{第1轴},点动量{-0.1MM},运动速度{2MM/s}
2023-04-07 22:40:25,095 [AppLog] INFO : 成形面高度下降层厚 TrapSpace{0.1mm}：TrapMoveUp(1, true, Convert.ToString(vel), Convert.ToString(TrapSpace), true, true）
2023-04-07 22:40:25,859 [AppLog] INFO : 手动正向点动指令（8轴运控板卡系统） ====》：输出AXIS{第1轴},点动量{-1.5MM},运动速度{2MM/s}
2023-04-07 22:40:25,859 [AppLog] INFO : 成形面高度下降指定厚度 TrapSpace{1.5mm}：TrapMoveUp(1, true, Convert.ToString(vel), Convert.ToString(TrapSpace), true, true）
2023-04-07 22:40:26,639 [AppLog] INFO : 手动正向点动指令（8轴运控板卡系统） ====》：输出AXIS{第1轴},点动量{1.5MM},运动速度{2MM/s}
2023-04-07 22:40:26,639 [AppLog] INFO : 成形面高度上升层厚 TrapSpace{1.5mm}：TrapMoveUp(1, true, Convert.ToString(vel), Convert.ToString(TrapSpace), true, true）
2023-04-07 22:40:26,857 [AppLog] INFO : 手动正向点动指令（8轴运控板卡系统） ====》：输出AXIS{第8轴},点动量{0.5MM},运动速度{2.5MM/s}
2023-04-07 22:40:26,857 [AppLog] INFO : Hopper落粉轴转2圈落粉，速度0.5rev/s：TrapMoveUp(8, true, 0.5, rotateNuM.ToString(), true, false)
2023-04-07 22:40:28,152 [AppLog] INFO : 手动正向点动指令（8轴运控板卡系统） ====》：输出AXIS{第2轴},点动量{258MM},运动速度{200MM/s}
2023-04-07 22:40:28,152 [AppLog] INFO : 开启铺粉车不等停运动至准备打印位置255mm，速度200mm/s：BackToStation2
2023-04-07 22:40:28,152 [AppLog] INFO : 手动正向点动指令（8轴运控板卡系统） ====》：输出AXIS{第2轴},点动量{440MM},运动速度{50MM/s}
2023-04-07 22:40:28,152 [AppLog] INFO : 开启铺粉车不等停运动至准备打印位置695mm，速度50mm/s：BackToStation2
2023-04-07 22:40:28,261 [AppLog] INFO : 打开IR灯：OpenIRLamp(true)
2023-04-07 22:40:28,261 [AppLog] INFO : 手动正向点动指令（8轴运控板卡系统） ====》：输出AXIS{第3轴},点动量{0.5MM},运动速度{0.0753424657534247MM/s}
2023-04-07 22:40:28,261 [AppLog] INFO : 开启均匀落粉及辊子铺平运动：TrapMoveUp(3, true, Convert.ToString(DispenseRollerSpeed), 0.5, true, true)
2023-04-07 22:40:33,363 [AppLog] INFO : 关闭IR灯：OpenIRLamp(false)
2023-04-07 22:40:35,718 [AppLog] INFO : 手动正向点动指令（8轴运控板卡系统） ====》：输出AXIS{第3轴},点动量{0.5MM},运动速度{2MM/s}
2023-04-07 22:40:35,718 [AppLog] INFO : 落粉轴继续转动以倒掉余粉：TrapMoveUp(3, true, 2, 0.5, true, false)
2023-04-07 22:40:36,046 [AppLog] INFO : 进入手动调试子模块！
2023-04-07 22:40:36,046 [AppLog] INFO : 进入：ManulBtn_Click=》准备创建对象-手动操作！
2023-04-07 22:40:36,077 [AppLog] INFO : 创建：ManualControl=》创建完成-手动操作！
2023-04-07 22:40:36,077 [AppLog] INFO : 加载成功：温控Modbus接口！
2023-04-07 22:40:37,731 [AppLog] INFO : 手动正向点动指令（8轴运控板卡系统） ====》：输出AXIS{第1轴},点动量{-1.5MM},运动速度{2MM/s}
2023-04-07 22:40:37,731 [AppLog] INFO : 成形面高度下降指定厚度 TrapSpace{1.5mm}：TrapMoveUp(1, true, Convert.ToString(vel), Convert.ToString(TrapSpace), true, true）
2023-04-07 22:40:39,587 [AppLog] INFO : {1}号喷头温度更新成功：MCU_SetPhStdTemp{25℃}
2023-04-07 22:40:41,225 [AppLog] INFO : 手动正向点动指令（8轴运控板卡系统） ====》：输出AXIS{第2轴},点动量{-698MM},运动速度{200MM/s}
2023-04-07 22:40:41,225 [AppLog] INFO : 铺粉车返回至站1：BackToStation2(AimPos, MovSpeed, true)：-3mm，速度200mm/s：BackToStation2
2023-04-07 22:40:41,615 [AppLog] INFO : 落粉轴回零成功：motionMap.SetBackSpreaderAxis(3, 0.5, 2, -SinkPosition)：ReturnCode{True}
2023-04-07 22:40:42,379 [AppLog] INFO : 手动正向点动指令（8轴运控板卡系统） ====》：输出AXIS{第1轴},点动量{1.5MM},运动速度{2MM/s}
2023-04-07 22:40:42,379 [AppLog] INFO : 成形面高度上升层厚 TrapSpace{1.5mm}：TrapMoveUp(1, true, Convert.ToString(vel), Convert.ToString(TrapSpace), true, true）
2023-04-07 22:40:42,379 [AppLog] INFO : 自动铺粉正常结束：NewAutoSupplyPowderThread2
2023-04-07 22:40:42,379 [AppLog] INFO : 发送监控指令，拍照记录1条：SendMessageFromSharedMemory
2023-04-07 22:40:42,379 [AppLog] INFO : 执行完成铺粉固化操作：EquipmentMotionLogic3：m_bApplyPowderSupplyMotion:0
2023-04-07 22:40:42,379 [AppLog] INFO : 接收到恢复打印指令：PrintTaskTHREAD
2023-04-07 22:40:42,411 [AppLog] INFO : 获取打印Pass数据：IDP_GetPassItem2：nLayerIndex{18}nPassID{0}nProcState{3}LPPassDataItemb:PrtDir{False}nDataTxCompleteCnt{1}nHwMemAdrMatchMask{1}nLayerIndex{18}nLayerPassCount{6}nLayerPassIndex{0}nMinJet0ImgLinePos{0}nPrtMemHwAddr{System.UInt32[]}nPrtDataOffset{System.UInt32[]}nSrcDataSize{System.UInt32[]}nPrtColBytes{System.UInt32[]}nPrtPrecession{8}nSrcEndCols{8000}nSrcStartCols{0}nStartEncPos{76472}nValidPassJets{1280}nValidPrtCols{8310}nValidPrtCtlCnts{1}pDataBuf{0}pNextItem{674157440}
2023-04-07 22:40:42,426 [AppLog] INFO : 使能Pass打印成功：IDP_DoPassPrint2：nLayerIndex{18}nPassID{0}
2023-04-07 22:40:42,426 [AppLog] INFO : PASS打印前关键状态：DEV_GetDeviceInfo2：nLayerIndex{18}nPassID{0}LPPRINTER_INFO:nXSysEncDPI{0}nStatus{0}nPrintStatus{0}bSuperDevice{0}
LPPRINTER_INFO-LPPrtRunInfo:bJobPrtRuning{False}bLayerPrtIsOver{False}nContReqMemErr{0}nContWDErr{0}nCurPrtDir{0}nDTLayerIndex{0}nDTLayerPassIndex{0}nDTPtrCtlIndex{0}nLayerPassCount{0}nPrintLayerIndex{0}nPrintPassIndex{0}nProcLayerIndex{0}nPrtDataMemAddr{0}nPrtState{0}nReverse{System.Int32[]}nRevPrtCols{0}
LPPRINTER_INFO-LPDRVINFO:nFMVersion{0}nFpgaVersion{0}nPCBVersion{0}nState{0}nNextState{0}nPtvwarnState{0}nCrc32{0}nRevInfo{System.UInt32[]}nSignature{0}
2023-04-07 22:40:42,426 [AppLog] INFO : 进入：EquipmentMotionLogic3=》准备创建对象-手动操作！
2023-04-07 22:40:42,426 [AppLog] INFO : 进入：EquipmentMotionLogic3=》不需重新创建-手动操作！
2023-04-07 22:40:42,426 [AppLog] INFO : 进入：EquipmentMotionLogic3=》赋值完成自-AutoPrintMotion2！
2023-04-07 22:40:42,426 [AppLog] INFO : 进入：EquipmentMotionLogic3=》加载配置文件-LoadJsonFile成功！
2023-04-07 22:40:42,426 [AppLog] INFO : 进入自动清洗过程：AutoCleanThread
2023-04-07 22:40:43,393 [AppLog] INFO : 刮墨轴回零成功：motionMap.SetBackSpreaderAxis(4, 1, 2, -SinkPosition)
2023-04-07 22:40:43,393 [AppLog] INFO : 准备读取编码器位置：Y方向！
2023-04-07 22:40:43,471 [AppLog] INFO : 准备运动，编码器当前位置：DEM_GetAxisEncodeVal：MoveDirectionFlag{false为Y方向：True}CurrentPos{121.355}AimPos{121}
2023-04-07 22:40:43,549 [AppLog] INFO : Y方向运动开始：DEM_Run：返回值{True}nAxis{1}DirFlag{False}nSpeed{300000}MoveStep{-355.000000000004}nCtlValue{0}
2023-04-07 22:40:43,549 [AppLog] INFO : Y方向到位停止：DEM_StopAxisRun：返回值{True}CurrentPos{121.355}bImmeStop{False}nAxisMask{2}
2023-04-07 22:40:43,549 [AppLog] INFO : 准备读取编码器位置：X方向！
2023-04-07 22:40:43,565 [AppLog] INFO : 准备运动，当前位置：DEV_GetPrintEncoderValue：MoveDirectionFlag{false为Y方向：False}CurrentPos{785.05}AimPos{780}
2023-04-07 22:40:43,721 [AppLog] INFO : X方向运动开始：DEM_Run：返回值{True}nAxis{0}DirFlag{False}nSpeed{300000}MoveStep{-5050.00000000007}nCtlValue{2}
2023-04-07 22:40:44,064 [AppLog] INFO : X方向到位停止：DEM_StopAxisRun：返回值{True}CurrentPos{780.395}bImmeStop{False}nAxisMask{1}
2023-04-07 22:40:44,938 [AppLog] INFO : 开启压墨： motionMap.SetDo(13, true)
2023-04-07 22:40:45,843 [AppLog] INFO : 退出手动调试子模块,已执行修改
==========================================================================
2023-04-07 22:40:48,947 [AppLog] INFO : 关闭压墨： motionMap.SetDo(13, true)
2023-04-07 22:40:48,947 [AppLog] INFO : 准备读取编码器位置：X方向！
2023-04-07 22:40:48,947 [AppLog] INFO : 准备运动，当前位置：DEV_GetPrintEncoderValue：MoveDirectionFlag{false为Y方向：False}CurrentPos{780.35}AimPos{680}
2023-04-07 22:40:48,978 [AppLog] INFO : X方向运动开始：DEM_Run：返回值{True}nAxis{0}DirFlag{False}nSpeed{50000}MoveStep{-100350}nCtlValue{2}
2023-04-07 22:40:51,037 [AppLog] INFO : X方向到位停止：DEM_StopAxisRun：返回值{True}CurrentPos{683.7}bImmeStop{False}nAxisMask{1}
2023-04-07 22:40:51,864 [AppLog] INFO : 结束自动清洗过程：AutoCleanThread
2023-04-07 22:40:51,864 [AppLog] INFO : 进入：EquipmentMotionLogic3=》准备创建对象-手动操作！
2023-04-07 22:40:51,864 [AppLog] INFO : 进入：EquipmentMotionLogic3=》不需重新创建-手动操作！
2023-04-07 22:40:51,864 [AppLog] INFO : 进入：EquipmentMotionLogic3=》赋值完成自-AutoPrintMotion2！
2023-04-07 22:40:51,864 [AppLog] INFO : 进入：EquipmentMotionLogic3=》加载配置文件-LoadJsonFile成功！
2023-04-07 22:40:51,864 [AppLog] INFO : 进入：AutoPrintThread2！
2023-04-07 22:40:51,864 [AppLog] INFO : 关闭闪喷操作：IDP_FlashPrtCtl：返回值{True}
2023-04-07 22:40:51,864 [AppLog] INFO : 准备读取编码器位置：Y方向！
2023-04-07 22:40:51,864 [AppLog] INFO : 准备运动，编码器当前位置：DEM_GetAxisEncodeVal：MoveDirectionFlag{false为Y方向：True}CurrentPos{121}AimPos{15}
2023-04-07 22:40:51,895 [AppLog] INFO : Y方向运动开始：DEM_Run：返回值{True}nAxis{1}DirFlag{False}nSpeed{300000}MoveStep{-106000}nCtlValue{0}
2023-04-07 22:40:51,895 [AppLog] INFO : 准备读取编码器位置：X方向！
2023-04-07 22:40:51,895 [AppLog] INFO : 准备运动，当前位置：DEV_GetPrintEncoderValue：MoveDirectionFlag{false为Y方向：False}CurrentPos{680.33}AimPos{425}
2023-04-07 22:40:51,927 [AppLog] INFO : X方向运动开始：DEM_Run：返回值{True}nAxis{0}DirFlag{False}nSpeed{300000}MoveStep{-255330}nCtlValue{2}
2023-04-07 22:40:53,331 [AppLog] INFO : X方向到位停止：DEM_StopAxisRun：返回值{True}CurrentPos{429.54}bImmeStop{False}nAxisMask{1}
2023-04-07 22:40:53,331 [AppLog] INFO : 准备读取编码器位置：X方向！
2023-04-07 22:40:53,331 [AppLog] INFO : 准备运动，当前位置：DEV_GetPrintEncoderValue：MoveDirectionFlag{false为Y方向：False}CurrentPos{429.45}AimPos{25}
2023-04-07 22:40:53,362 [AppLog] INFO : X方向运动开始：DEM_Run：返回值{True}nAxis{0}DirFlag{False}nSpeed{300000}MoveStep{-404450}nCtlValue{2}
2023-04-07 22:40:55,265 [AppLog] INFO : X方向到位停止：DEM_StopAxisRun：返回值{True}CurrentPos{24.91}bImmeStop{False}nAxisMask{1}
2023-04-07 22:40:55,265 [AppLog] INFO : 准备读取编码器位置：Y方向！
2023-04-07 22:40:55,265 [AppLog] INFO : 准备运动，编码器当前位置：DEM_GetAxisEncodeVal：MoveDirectionFlag{false为Y方向：True}CurrentPos{15.16}AimPos{69}
2023-04-07 22:40:55,296 [AppLog] INFO : Y方向运动开始：DEM_Run：返回值{True}nAxis{1}DirFlag{True}nSpeed{300000}MoveStep{53840}nCtlValue{0}
2023-04-07 22:40:55,483 [AppLog] INFO : Y方向到位停止：DEM_StopAxisRun：返回值{True}CurrentPos{26.2}bImmeStop{False}nAxisMask{2}
2023-04-07 22:40:55,483 [AppLog] INFO : 获取打印Pass数据：IDP_GetPassItem2：nLayerIndex{18}nPassID{1}nProcState{3}LPPassDataItemb:PrtDir{True}nDataTxCompleteCnt{1}nHwMemAdrMatchMask{1}nLayerIndex{18}nLayerPassCount{6}nLayerPassIndex{1}nMinJet0ImgLinePos{1280}nPrtMemHwAddr{System.UInt32[]}nPrtDataOffset{System.UInt32[]}nSrcDataSize{System.UInt32[]}nPrtColBytes{System.UInt32[]}nPrtPrecession{8}nSrcEndCols{8000}nSrcStartCols{0}nStartEncPos{10000}nValidPassJets{1280}nValidPrtCols{8310}nValidPrtCtlCnts{1}pDataBuf{0}pNextItem{674157600}
2023-04-07 22:40:55,499 [AppLog] INFO : 使能Pass打印成功：IDP_DoPassPrint2：nLayerIndex{18}nPassID{1}
2023-04-07 22:40:55,515 [AppLog] INFO : PASS打印前关键状态：DEV_GetDeviceInfo2：nLayerIndex{18}nPassID{1}LPPRINTER_INFO:nXSysEncDPI{0}nStatus{0}nPrintStatus{0}bSuperDevice{0}
LPPRINTER_INFO-LPPrtRunInfo:bJobPrtRuning{False}bLayerPrtIsOver{False}nContReqMemErr{0}nContWDErr{0}nCurPrtDir{0}nDTLayerIndex{0}nDTLayerPassIndex{0}nDTPtrCtlIndex{0}nLayerPassCount{0}nPrintLayerIndex{0}nPrintPassIndex{0}nProcLayerIndex{0}nPrtDataMemAddr{0}nPrtState{0}nReverse{System.Int32[]}nRevPrtCols{0}
LPPRINTER_INFO-LPDRVINFO:nFMVersion{0}nFpgaVersion{0}nPCBVersion{0}nState{0}nNextState{0}nPtvwarnState{0}nCrc32{0}nRevInfo{System.UInt32[]}nSignature{0}
2023-04-07 22:40:55,515 [AppLog] INFO : 进入：EquipmentMotionLogic3=》准备创建对象-手动操作！
2023-04-07 22:40:55,515 [AppLog] INFO : 进入：EquipmentMotionLogic3=》不需重新创建-手动操作！
2023-04-07 22:40:55,515 [AppLog] INFO : 进入：EquipmentMotionLogic3=》赋值完成自-AutoPrintMotion2！
2023-04-07 22:40:55,515 [AppLog] INFO : 进入：EquipmentMotionLogic3=》加载配置文件-LoadJsonFile成功！
2023-04-07 22:40:55,515 [AppLog] INFO : 进入：AutoPrintThread2！
2023-04-07 22:40:55,515 [AppLog] INFO : 准备读取编码器位置：X方向！
2023-04-07 22:40:55,530 [AppLog] INFO : 准备运动，当前位置：DEV_GetPrintEncoderValue：MoveDirectionFlag{false为Y方向：False}CurrentPos{21.53}AimPos{425}
2023-04-07 22:40:55,561 [AppLog] INFO : X方向运动开始：DEM_Run：返回值{True}nAxis{0}DirFlag{True}nSpeed{300000}MoveStep{403470}nCtlValue{2}
2023-04-07 22:40:57,449 [AppLog] INFO : X方向到位停止：DEM_StopAxisRun：返回值{True}CurrentPos{418.89}bImmeStop{False}nAxisMask{1}
2023-04-07 22:40:57,449 [AppLog] INFO : 准备读取编码器位置：Y方向！
2023-04-07 22:40:57,449 [AppLog] INFO : 准备运动，编码器当前位置：DEM_GetAxisEncodeVal：MoveDirectionFlag{false为Y方向：True}CurrentPos{68.935}AimPos{123}
2023-04-07 22:40:57,480 [AppLog] INFO : Y方向运动开始：DEM_Run：返回值{True}nAxis{1}DirFlag{True}nSpeed{300000}MoveStep{54065}nCtlValue{0}
2023-04-07 22:40:57,667 [AppLog] INFO : Y方向到位停止：DEM_StopAxisRun：返回值{True}CurrentPos{79.17}bImmeStop{False}nAxisMask{2}
2023-04-07 22:40:57,667 [AppLog] INFO : 获取打印Pass数据：IDP_GetPassItem2：nLayerIndex{18}nPassID{2}nProcState{3}LPPassDataItemb:PrtDir{False}nDataTxCompleteCnt{1}nHwMemAdrMatchMask{1}nLayerIndex{18}nLayerPassCount{6}nLayerPassIndex{2}nMinJet0ImgLinePos{2560}nPrtMemHwAddr{System.UInt32[]}nPrtDataOffset{System.UInt32[]}nSrcDataSize{System.UInt32[]}nPrtColBytes{System.UInt32[]}nPrtPrecession{8}nSrcEndCols{8000}nSrcStartCols{0}nStartEncPos{76472}nValidPassJets{1280}nValidPrtCols{8310}nValidPrtCtlCnts{1}pDataBuf{0}pNextItem{674157760}
2023-04-07 22:40:57,667 [AppLog] INFO : 使能Pass打印成功：IDP_DoPassPrint2：nLayerIndex{18}nPassID{2}
2023-04-07 22:40:57,699 [AppLog] INFO : PASS打印前关键状态：DEV_GetDeviceInfo2：nLayerIndex{18}nPassID{2}LPPRINTER_INFO:nXSysEncDPI{0}nStatus{0}nPrintStatus{0}bSuperDevice{0}
LPPRINTER_INFO-LPPrtRunInfo:bJobPrtRuning{False}bLayerPrtIsOver{False}nContReqMemErr{0}nContWDErr{0}nCurPrtDir{0}nDTLayerIndex{0}nDTLayerPassIndex{0}nDTPtrCtlIndex{0}nLayerPassCount{0}nPrintLayerIndex{0}nPrintPassIndex{0}nProcLayerIndex{0}nPrtDataMemAddr{0}nPrtState{0}nReverse{System.Int32[]}nRevPrtCols{0}
LPPRINTER_INFO-LPDRVINFO:nFMVersion{0}nFpgaVersion{0}nPCBVersion{0}nState{0}nNextState{0}nPtvwarnState{0}nCrc32{0}nRevInfo{System.UInt32[]}nSignature{0}
2023-04-07 22:40:57,699 [AppLog] INFO : 进入：EquipmentMotionLogic3=》准备创建对象-手动操作！
2023-04-07 22:40:57,699 [AppLog] INFO : 进入：EquipmentMotionLogic3=》不需重新创建-手动操作！
2023-04-07 22:40:57,699 [AppLog] INFO : 进入：EquipmentMotionLogic3=》赋值完成自-AutoPrintMotion2！
2023-04-07 22:40:57,699 [AppLog] INFO : 进入：EquipmentMotionLogic3=》加载配置文件-LoadJsonFile成功！
2023-04-07 22:40:57,699 [AppLog] INFO : 进入：AutoPrintThread2！
2023-04-07 22:40:57,699 [AppLog] INFO : 准备读取编码器位置：X方向！
2023-04-07 22:40:57,699 [AppLog] INFO : 准备运动，当前位置：DEV_GetPrintEncoderValue：MoveDirectionFlag{false为Y方向：False}CurrentPos{423.335}AimPos{25}
2023-04-07 22:40:57,730 [AppLog] INFO : X方向运动开始：DEM_Run：返回值{True}nAxis{0}DirFlag{False}nSpeed{300000}MoveStep{-398335}nCtlValue{2}
2023-04-07 22:40:59,617 [AppLog] INFO : X方向到位停止：DEM_StopAxisRun：返回值{True}CurrentPos{29.25}bImmeStop{False}nAxisMask{1}
2023-04-07 22:40:59,617 [AppLog] INFO : 准备读取编码器位置：Y方向！
2023-04-07 22:40:59,633 [AppLog] INFO : 准备运动，编码器当前位置：DEM_GetAxisEncodeVal：MoveDirectionFlag{false为Y方向：True}CurrentPos{122.845}AimPos{177}
2023-04-07 22:40:59,664 [AppLog] INFO : Y方向运动开始：DEM_Run：返回值{True}nAxis{1}DirFlag{True}nSpeed{300000}MoveStep{54155}nCtlValue{0}
2023-04-07 22:40:59,851 [AppLog] INFO : Y方向到位停止：DEM_StopAxisRun：返回值{True}CurrentPos{133.245}bImmeStop{False}nAxisMask{2}
2023-04-07 22:40:59,851 [AppLog] INFO : 获取打印Pass数据：IDP_GetPassItem2：nLayerIndex{18}nPassID{3}nProcState{3}LPPassDataItemb:PrtDir{True}nDataTxCompleteCnt{1}nHwMemAdrMatchMask{1}nLayerIndex{18}nLayerPassCount{6}nLayerPassIndex{3}nMinJet0ImgLinePos{3840}nPrtMemHwAddr{System.UInt32[]}nPrtDataOffset{System.UInt32[]}nSrcDataSize{System.UInt32[]}nPrtColBytes{System.UInt32[]}nPrtPrecession{8}nSrcEndCols{8000}nSrcStartCols{0}nStartEncPos{10000}nValidPassJets{1280}nValidPrtCols{8310}nValidPrtCtlCnts{1}pDataBuf{0}pNextItem{674157920}
2023-04-07 22:40:59,867 [AppLog] INFO : 使能Pass打印成功：IDP_DoPassPrint2：nLayerIndex{18}nPassID{3}
2023-04-07 22:40:59,867 [AppLog] INFO : PASS打印前关键状态：DEV_GetDeviceInfo2：nLayerIndex{18}nPassID{3}LPPRINTER_INFO:nXSysEncDPI{0}nStatus{0}nPrintStatus{0}bSuperDevice{0}
LPPRINTER_INFO-LPPrtRunInfo:bJobPrtRuning{False}bLayerPrtIsOver{False}nContReqMemErr{0}nContWDErr{0}nCurPrtDir{0}nDTLayerIndex{0}nDTLayerPassIndex{0}nDTPtrCtlIndex{0}nLayerPassCount{0}nPrintLayerIndex{0}nPrintPassIndex{0}nProcLayerIndex{0}nPrtDataMemAddr{0}nPrtState{0}nReverse{System.Int32[]}nRevPrtCols{0}
LPPRINTER_INFO-LPDRVINFO:nFMVersion{0}nFpgaVersion{0}nPCBVersion{0}nState{0}nNextState{0}nPtvwarnState{0}nCrc32{0}nRevInfo{System.UInt32[]}nSignature{0}
2023-04-07 22:40:59,867 [AppLog] INFO : 进入：EquipmentMotionLogic3=》准备创建对象-手动操作！
2023-04-07 22:40:59,867 [AppLog] INFO : 进入：EquipmentMotionLogic3=》不需重新创建-手动操作！
2023-04-07 22:40:59,867 [AppLog] INFO : 进入：EquipmentMotionLogic3=》赋值完成自-AutoPrintMotion2！
2023-04-07 22:40:59,867 [AppLog] INFO : 进入：EquipmentMotionLogic3=》加载配置文件-LoadJsonFile成功！
2023-04-07 22:40:59,867 [AppLog] INFO : 进入：AutoPrintThread2！
2023-04-07 22:40:59,867 [AppLog] INFO : 准备读取编码器位置：X方向！
2023-04-07 22:40:59,867 [AppLog] INFO : 准备运动，当前位置：DEV_GetPrintEncoderValue：MoveDirectionFlag{false为Y方向：False}CurrentPos{26.615}AimPos{425}
2023-04-07 22:40:59,898 [AppLog] INFO : X方向运动开始：DEM_Run：返回值{True}nAxis{0}DirFlag{True}nSpeed{300000}MoveStep{398385}nCtlValue{2}
2023-04-07 22:41:01,770 [AppLog] INFO : X方向到位停止：DEM_StopAxisRun：返回值{True}CurrentPos{418.69}bImmeStop{False}nAxisMask{1}
2023-04-07 22:41:01,770 [AppLog] INFO : 准备读取编码器位置：Y方向！
2023-04-07 22:41:01,770 [AppLog] INFO : 准备运动，编码器当前位置：DEM_GetAxisEncodeVal：MoveDirectionFlag{false为Y方向：True}CurrentPos{176.87}AimPos{231}
2023-04-07 22:41:01,801 [AppLog] INFO : Y方向运动开始：DEM_Run：返回值{True}nAxis{1}DirFlag{True}nSpeed{300000}MoveStep{54130}nCtlValue{0}
2023-04-07 22:41:02,004 [AppLog] INFO : Y方向到位停止：DEM_StopAxisRun：返回值{True}CurrentPos{191.265}bImmeStop{False}nAxisMask{2}
2023-04-07 22:41:02,004 [AppLog] INFO : 获取打印Pass数据：IDP_GetPassItem2：nLayerIndex{18}nPassID{4}nProcState{3}LPPassDataItemb:PrtDir{False}nDataTxCompleteCnt{1}nHwMemAdrMatchMask{1}nLayerIndex{18}nLayerPassCount{6}nLayerPassIndex{4}nMinJet0ImgLinePos{5120}nPrtMemHwAddr{System.UInt32[]}nPrtDataOffset{System.UInt32[]}nSrcDataSize{System.UInt32[]}nPrtColBytes{System.UInt32[]}nPrtPrecession{8}nSrcEndCols{8000}nSrcStartCols{0}nStartEncPos{76472}nValidPassJets{1280}nValidPrtCols{8310}nValidPrtCtlCnts{1}pDataBuf{0}pNextItem{674158080}
2023-04-07 22:41:02,020 [AppLog] INFO : 使能Pass打印成功：IDP_DoPassPrint2：nLayerIndex{18}nPassID{4}
2023-04-07 22:41:02,020 [AppLog] INFO : PASS打印前关键状态：DEV_GetDeviceInfo2：nLayerIndex{18}nPassID{4}LPPRINTER_INFO:nXSysEncDPI{0}nStatus{0}nPrintStatus{0}bSuperDevice{0}
LPPRINTER_INFO-LPPrtRunInfo:bJobPrtRuning{False}bLayerPrtIsOver{False}nContReqMemErr{0}nContWDErr{0}nCurPrtDir{0}nDTLayerIndex{0}nDTLayerPassIndex{0}nDTPtrCtlIndex{0}nLayerPassCount{0}nPrintLayerIndex{0}nPrintPassIndex{0}nProcLayerIndex{0}nPrtDataMemAddr{0}nPrtState{0}nReverse{System.Int32[]}nRevPrtCols{0}
LPPRINTER_INFO-LPDRVINFO:nFMVersion{0}nFpgaVersion{0}nPCBVersion{0}nState{0}nNextState{0}nPtvwarnState{0}nCrc32{0}nRevInfo{System.UInt32[]}nSignature{0}
2023-04-07 22:41:02,020 [AppLog] INFO : 进入：EquipmentMotionLogic3=》准备创建对象-手动操作！
2023-04-07 22:41:02,020 [AppLog] INFO : 进入：EquipmentMotionLogic3=》不需重新创建-手动操作！
2023-04-07 22:41:02,020 [AppLog] INFO : 进入：EquipmentMotionLogic3=》赋值完成自-AutoPrintMotion2！
2023-04-07 22:41:02,020 [AppLog] INFO : 进入：EquipmentMotionLogic3=》加载配置文件-LoadJsonFile成功！
2023-04-07 22:41:02,020 [AppLog] INFO : 进入：AutoPrintThread2！
2023-04-07 22:41:02,020 [AppLog] INFO : 准备读取编码器位置：X方向！
2023-04-07 22:41:02,020 [AppLog] INFO : 准备运动，当前位置：DEV_GetPrintEncoderValue：MoveDirectionFlag{false为Y方向：False}CurrentPos{423.4}AimPos{25}
2023-04-07 22:41:02,051 [AppLog] INFO : X方向运动开始：DEM_Run：返回值{True}nAxis{0}DirFlag{False}nSpeed{300000}MoveStep{-398400}nCtlValue{2}
2023-04-07 22:41:03,939 [AppLog] INFO : X方向到位停止：DEM_StopAxisRun：返回值{True}CurrentPos{30.17}bImmeStop{False}nAxisMask{1}
2023-04-07 22:41:03,939 [AppLog] INFO : 准备读取编码器位置：Y方向！
2023-04-07 22:41:03,939 [AppLog] INFO : 准备运动，编码器当前位置：DEM_GetAxisEncodeVal：MoveDirectionFlag{false为Y方向：True}CurrentPos{230.945}AimPos{285}
2023-04-07 22:41:03,970 [AppLog] INFO : Y方向运动开始：DEM_Run：返回值{True}nAxis{1}DirFlag{True}nSpeed{300000}MoveStep{54055}nCtlValue{0}
2023-04-07 22:41:04,173 [AppLog] INFO : Y方向到位停止：DEM_StopAxisRun：返回值{True}CurrentPos{244.4}bImmeStop{False}nAxisMask{2}
2023-04-07 22:41:04,173 [AppLog] INFO : 获取打印Pass数据：IDP_GetPassItem2：nLayerIndex{18}nPassID{5}nProcState{3}LPPassDataItemb:PrtDir{True}nDataTxCompleteCnt{1}nHwMemAdrMatchMask{1}nLayerIndex{18}nLayerPassCount{6}nLayerPassIndex{5}nMinJet0ImgLinePos{6400}nPrtMemHwAddr{System.UInt32[]}nPrtDataOffset{System.UInt32[]}nSrcDataSize{System.UInt32[]}nPrtColBytes{System.UInt32[]}nPrtPrecession{8}nSrcEndCols{8000}nSrcStartCols{0}nStartEncPos{10000}nValidPassJets{1280}nValidPrtCols{8310}nValidPrtCtlCnts{1}pDataBuf{0}pNextItem{0}
2023-04-07 22:41:04,173 [AppLog] INFO : 使能Pass打印成功：IDP_DoPassPrint2：nLayerIndex{18}nPassID{5}
2023-04-07 22:41:04,188 [AppLog] INFO : PASS打印前关键状态：DEV_GetDeviceInfo2：nLayerIndex{18}nPassID{5}LPPRINTER_INFO:nXSysEncDPI{0}nStatus{0}nPrintStatus{0}bSuperDevice{0}
LPPRINTER_INFO-LPPrtRunInfo:bJobPrtRuning{False}bLayerPrtIsOver{False}nContReqMemErr{0}nContWDErr{0}nCurPrtDir{0}nDTLayerIndex{0}nDTLayerPassIndex{0}nDTPtrCtlIndex{0}nLayerPassCount{0}nPrintLayerIndex{0}nPrintPassIndex{0}nProcLayerIndex{0}nPrtDataMemAddr{0}nPrtState{0}nReverse{System.Int32[]}nRevPrtCols{0}
LPPRINTER_INFO-LPDRVINFO:nFMVersion{0}nFpgaVersion{0}nPCBVersion{0}nState{0}nNextState{0}nPtvwarnState{0}nCrc32{0}nRevInfo{System.UInt32[]}nSignature{0}
2023-04-07 22:41:04,188 [AppLog] INFO : 进入：EquipmentMotionLogic3=》准备创建对象-手动操作！
2023-04-07 22:41:04,188 [AppLog] INFO : 进入：EquipmentMotionLogic3=》不需重新创建-手动操作！
2023-04-07 22:41:04,188 [AppLog] INFO : 进入：EquipmentMotionLogic3=》赋值完成自-AutoPrintMotion2！
2023-04-07 22:41:04,188 [AppLog] INFO : 进入：EquipmentMotionLogic3=》加载配置文件-LoadJsonFile成功！
2023-04-07 22:41:04,188 [AppLog] INFO : 进入：AutoPrintThread2！
2023-04-07 22:41:04,188 [AppLog] INFO : 准备读取编码器位置：X方向！
2023-04-07 22:41:04,188 [AppLog] INFO : 准备运动，当前位置：DEV_GetPrintEncoderValue：MoveDirectionFlag{false为Y方向：False}CurrentPos{26.595}AimPos{425}
2023-04-07 22:41:04,220 [AppLog] INFO : X方向运动开始：DEM_Run：返回值{True}nAxis{0}DirFlag{True}nSpeed{300000}MoveStep{398405}nCtlValue{2}
2023-04-07 22:41:06,107 [AppLog] INFO : X方向到位停止：DEM_StopAxisRun：返回值{True}CurrentPos{418.875}bImmeStop{False}nAxisMask{1}
2023-04-07 22:41:06,107 [AppLog] INFO : 准备读取编码器位置：X方向！
2023-04-07 22:41:06,107 [AppLog] INFO : 准备运动，当前位置：DEV_GetPrintEncoderValue：MoveDirectionFlag{false为Y方向：False}CurrentPos{418.97}AimPos{780}
2023-04-07 22:41:06,138 [AppLog] INFO : X方向运动开始：DEM_Run：返回值{True}nAxis{0}DirFlag{True}nSpeed{300000}MoveStep{361030}nCtlValue{2}
2023-04-07 22:41:06,138 [AppLog] INFO : 准备读取编码器位置：Y方向！
2023-04-07 22:41:06,138 [AppLog] INFO : 准备运动，编码器当前位置：DEM_GetAxisEncodeVal：MoveDirectionFlag{false为Y方向：True}CurrentPos{284.93}AimPos{121}
2023-04-07 22:41:06,170 [AppLog] INFO : Y方向运动开始：DEM_Run：返回值{True}nAxis{1}DirFlag{False}nSpeed{300000}MoveStep{-163930}nCtlValue{0}
2023-04-07 22:41:07,901 [AppLog] INFO : Y方向到位等停：DEM_StopAxisRun：返回值{True}bImmeStop{False}nAxisMask{1}
2023-04-07 22:41:07,901 [AppLog] INFO : X方向到位等停：DEM_StopAxisRun：返回值{True}bImmeStop{False}nAxisMask{2}
2023-04-07 22:41:07,917 [AppLog] INFO : 开启闪喷操作：IDP_FlashPrtCtl：返回值{True}
2023-04-07 22:41:07,917 [AppLog] INFO : 进入：EquipmentMotionLogic3=》准备创建对象-手动操作！
2023-04-07 22:41:07,917 [AppLog] INFO : 进入：EquipmentMotionLogic3=》不需重新创建-手动操作！
2023-04-07 22:41:07,917 [AppLog] INFO : 进入：EquipmentMotionLogic3=》赋值完成自-AutoPrintMotion2！
2023-04-07 22:41:07,917 [AppLog] INFO : 进入：EquipmentMotionLogic3=》加载配置文件-LoadJsonFile成功！
2023-04-07 22:41:07,917 [AppLog] INFO : 进入自动铺粉逻辑：NewAutoSupplyPowderThread2
2023-04-07 22:41:07,995 [AppLog] INFO : 手动正向点动指令（8轴运控板卡系统） ====》：输出AXIS{第1轴},点动量{-0.1MM},运动速度{2MM/s}
2023-04-07 22:41:07,995 [AppLog] INFO : 成形面高度下降层厚 TrapSpace{0.1mm}：TrapMoveUp(1, true, Convert.ToString(vel), Convert.ToString(TrapSpace), true, true）
2023-04-07 22:41:08,775 [AppLog] INFO : 手动正向点动指令（8轴运控板卡系统） ====》：输出AXIS{第1轴},点动量{-1.5MM},运动速度{2MM/s}
2023-04-07 22:41:08,775 [AppLog] INFO : 成形面高度下降指定厚度 TrapSpace{1.5mm}：TrapMoveUp(1, true, Convert.ToString(vel), Convert.ToString(TrapSpace), true, true）
2023-04-07 22:41:09,539 [AppLog] INFO : 手动正向点动指令（8轴运控板卡系统） ====》：输出AXIS{第1轴},点动量{1.5MM},运动速度{2MM/s}
2023-04-07 22:41:09,539 [AppLog] INFO : 成形面高度上升层厚 TrapSpace{1.5mm}：TrapMoveUp(1, true, Convert.ToString(vel), Convert.ToString(TrapSpace), true, true）
2023-04-07 22:41:09,758 [AppLog] INFO : 手动正向点动指令（8轴运控板卡系统） ====》：输出AXIS{第8轴},点动量{0.5MM},运动速度{2.5MM/s}
2023-04-07 22:41:09,758 [AppLog] INFO : Hopper落粉轴转2圈落粉，速度0.5rev/s：TrapMoveUp(8, true, 0.5, rotateNuM.ToString(), true, false)
2023-04-07 22:41:11,052 [AppLog] INFO : 手动正向点动指令（8轴运控板卡系统） ====》：输出AXIS{第2轴},点动量{258MM},运动速度{200MM/s}
2023-04-07 22:41:11,052 [AppLog] INFO : 开启铺粉车不等停运动至准备打印位置255mm，速度200mm/s：BackToStation2
2023-04-07 22:41:11,052 [AppLog] INFO : 手动正向点动指令（8轴运控板卡系统） ====》：输出AXIS{第2轴},点动量{440MM},运动速度{50MM/s}
2023-04-07 22:41:11,052 [AppLog] INFO : 开启铺粉车不等停运动至准备打印位置695mm，速度50mm/s：BackToStation2
2023-04-07 22:41:11,162 [AppLog] INFO : 打开IR灯：OpenIRLamp(true)
2023-04-07 22:41:11,162 [AppLog] INFO : 手动正向点动指令（8轴运控板卡系统） ====》：输出AXIS{第3轴},点动量{0.5MM},运动速度{0.0753424657534247MM/s}
2023-04-07 22:41:11,162 [AppLog] INFO : 开启均匀落粉及辊子铺平运动：TrapMoveUp(3, true, Convert.ToString(DispenseRollerSpeed), 0.5, true, true)
2023-04-07 22:41:15,186 [AppLog] INFO : 进入JOB参数设置：修改前初始参数：灰度数据格式{1bits}打印灰阶{1阶}m_XPrintDpi{635Dpi}墨车运动速度{300MM/s}X向起打位置{50MM}X向起打位置偏移{0MM}Y向起打位置偏移{0MM}
2023-04-07 22:41:16,278 [AppLog] INFO : 关闭IR灯：OpenIRLamp(false)
2023-04-07 22:41:18,618 [AppLog] INFO : 手动正向点动指令（8轴运控板卡系统） ====》：输出AXIS{第3轴},点动量{0.5MM},运动速度{2MM/s}
2023-04-07 22:41:18,618 [AppLog] INFO : 落粉轴继续转动以倒掉余粉：TrapMoveUp(3, true, 2, 0.5, true, false)
2023-04-07 22:41:20,568 [AppLog] INFO : 退出JOB参数设置：修改后参数：灰度数据格式{1bits}打印灰阶{1阶}m_XPrintDpi{635Dpi}墨车运动速度{300MM/s}X向起打位置{50MM}X向起打位置偏移{0MM}Y向起打位置偏移{0MM}
2023-04-07 22:41:20,631 [AppLog] INFO : 手动正向点动指令（8轴运控板卡系统） ====》：输出AXIS{第1轴},点动量{-1.5MM},运动速度{2MM/s}
2023-04-07 22:41:20,631 [AppLog] INFO : 成形面高度下降指定厚度 TrapSpace{1.5mm}：TrapMoveUp(1, true, Convert.ToString(vel), Convert.ToString(TrapSpace), true, true）
2023-04-07 22:41:24,125 [AppLog] INFO : 手动正向点动指令（8轴运控板卡系统） ====》：输出AXIS{第2轴},点动量{-698MM},运动速度{200MM/s}
2023-04-07 22:41:24,125 [AppLog] INFO : 铺粉车返回至站1：BackToStation2(AimPos, MovSpeed, true)：-3mm，速度200mm/s：BackToStation2
2023-04-07 22:41:24,515 [AppLog] INFO : 落粉轴回零成功：motionMap.SetBackSpreaderAxis(3, 0.5, 2, -SinkPosition)：ReturnCode{True}
2023-04-07 22:41:25,280 [AppLog] INFO : 手动正向点动指令（8轴运控板卡系统） ====》：输出AXIS{第1轴},点动量{1.5MM},运动速度{2MM/s}
2023-04-07 22:41:25,280 [AppLog] INFO : 成形面高度上升层厚 TrapSpace{1.5mm}：TrapMoveUp(1, true, Convert.ToString(vel), Convert.ToString(TrapSpace), true, true）
2023-04-07 22:41:25,280 [AppLog] INFO : 自动铺粉正常结束：NewAutoSupplyPowderThread2
2023-04-07 22:41:25,280 [AppLog] INFO : 发送监控指令，拍照记录1条：SendMessageFromSharedMemory
2023-04-07 22:41:25,280 [AppLog] INFO : 执行完成铺粉固化操作：EquipmentMotionLogic3：m_bApplyPowderSupplyMotion:0
2023-04-07 22:41:25,280 [AppLog] INFO : 接收到恢复打印指令：PrintTaskTHREAD
2023-04-07 22:41:25,280 [AppLog] INFO : 获取打印Pass数据：IDP_GetPassItem2：nLayerIndex{19}nPassID{0}nProcState{3}LPPassDataItemb:PrtDir{False}nDataTxCompleteCnt{1}nHwMemAdrMatchMask{1}nLayerIndex{19}nLayerPassCount{6}nLayerPassIndex{0}nMinJet0ImgLinePos{0}nPrtMemHwAddr{System.UInt32[]}nPrtDataOffset{System.UInt32[]}nSrcDataSize{System.UInt32[]}nPrtColBytes{System.UInt32[]}nPrtPrecession{8}nSrcEndCols{8000}nSrcStartCols{0}nStartEncPos{76472}nValidPassJets{1280}nValidPrtCols{8310}nValidPrtCtlCnts{1}pDataBuf{0}pNextItem{674158400}
2023-04-07 22:41:25,295 [AppLog] INFO : 使能Pass打印成功：IDP_DoPassPrint2：nLayerIndex{19}nPassID{0}
2023-04-07 22:41:25,295 [AppLog] INFO : PASS打印前关键状态：DEV_GetDeviceInfo2：nLayerIndex{19}nPassID{0}LPPRINTER_INFO:nXSysEncDPI{0}nStatus{0}nPrintStatus{0}bSuperDevice{0}
LPPRINTER_INFO-LPPrtRunInfo:bJobPrtRuning{False}bLayerPrtIsOver{False}nContReqMemErr{0}nContWDErr{0}nCurPrtDir{0}nDTLayerIndex{0}nDTLayerPassIndex{0}nDTPtrCtlIndex{0}nLayerPassCount{0}nPrintLayerIndex{0}nPrintPassIndex{0}nProcLayerIndex{0}nPrtDataMemAddr{0}nPrtState{0}nReverse{System.Int32[]}nRevPrtCols{0}
LPPRINTER_INFO-LPDRVINFO:nFMVersion{0}nFpgaVersion{0}nPCBVersion{0}nState{0}nNextState{0}nPtvwarnState{0}nCrc32{0}nRevInfo{System.UInt32[]}nSignature{0}
2023-04-07 22:41:25,295 [AppLog] INFO : 进入：EquipmentMotionLogic3=》准备创建对象-手动操作！
2023-04-07 22:41:25,295 [AppLog] INFO : 进入：EquipmentMotionLogic3=》不需重新创建-手动操作！
2023-04-07 22:41:25,295 [AppLog] INFO : 进入：EquipmentMotionLogic3=》赋值完成自-AutoPrintMotion2！
2023-04-07 22:41:25,295 [AppLog] INFO : 进入：EquipmentMotionLogic3=》加载配置文件-LoadJsonFile成功！
2023-04-07 22:41:25,295 [AppLog] INFO : 进入自动清洗过程：AutoCleanThread
2023-04-07 22:41:26,262 [AppLog] INFO : 刮墨轴回零成功：motionMap.SetBackSpreaderAxis(4, 1, 2, -SinkPosition)
2023-04-07 22:41:26,262 [AppLog] INFO : 准备读取编码器位置：Y方向！
2023-04-07 22:41:26,262 [AppLog] INFO : 准备运动，编码器当前位置：DEM_GetAxisEncodeVal：MoveDirectionFlag{false为Y方向：True}CurrentPos{121.315}AimPos{121}
2023-04-07 22:41:26,294 [AppLog] INFO : Y方向运动开始：DEM_Run：返回值{True}nAxis{1}DirFlag{False}nSpeed{300000}MoveStep{-314.999999999998}nCtlValue{0}
2023-04-07 22:41:26,356 [AppLog] INFO : Y方向到位停止：DEM_StopAxisRun：返回值{True}CurrentPos{121.315}bImmeStop{False}nAxisMask{2}
2023-04-07 22:41:26,356 [AppLog] INFO : 准备读取编码器位置：X方向！
2023-04-07 22:41:26,356 [AppLog] INFO : 准备运动，当前位置：DEV_GetPrintEncoderValue：MoveDirectionFlag{false为Y方向：False}CurrentPos{784.41}AimPos{780}
2023-04-07 22:41:26,387 [AppLog] INFO : X方向运动开始：DEM_Run：返回值{True}nAxis{0}DirFlag{False}nSpeed{300000}MoveStep{-4409.99999999997}nCtlValue{2}
2023-04-07 22:41:26,684 [AppLog] INFO : X方向到位停止：DEM_StopAxisRun：返回值{True}CurrentPos{780.495}bImmeStop{False}nAxisMask{1}
2023-04-07 22:41:27,510 [AppLog] INFO : 开启压墨： motionMap.SetDo(13, true)
2023-04-07 22:41:31,520 [AppLog] INFO : 关闭压墨： motionMap.SetDo(13, true)
2023-04-07 22:41:31,520 [AppLog] INFO : 准备读取编码器位置：X方向！
2023-04-07 22:41:31,520 [AppLog] INFO : 准备运动，当前位置：DEV_GetPrintEncoderValue：MoveDirectionFlag{false为Y方向：False}CurrentPos{780.365}AimPos{680}
2023-04-07 22:41:31,551 [AppLog] INFO : X方向运动开始：DEM_Run：返回值{True}nAxis{0}DirFlag{False}nSpeed{50000}MoveStep{-100365}nCtlValue{2}
2023-04-07 22:41:33,610 [AppLog] INFO : X方向到位停止：DEM_StopAxisRun：返回值{True}CurrentPos{683.685}bImmeStop{False}nAxisMask{1}
2023-04-07 22:41:34,437 [AppLog] INFO : 结束自动清洗过程：AutoCleanThread
2023-04-07 22:41:34,437 [AppLog] INFO : 进入：EquipmentMotionLogic3=》准备创建对象-手动操作！
2023-04-07 22:41:34,437 [AppLog] INFO : 进入：EquipmentMotionLogic3=》不需重新创建-手动操作！
2023-04-07 22:41:34,437 [AppLog] INFO : 进入：EquipmentMotionLogic3=》赋值完成自-AutoPrintMotion2！
2023-04-07 22:41:34,437 [AppLog] INFO : 进入：EquipmentMotionLogic3=》加载配置文件-LoadJsonFile成功！
2023-04-07 22:41:34,437 [AppLog] INFO : 进入：AutoPrintThread2！
2023-04-07 22:41:34,437 [AppLog] INFO : 关闭闪喷操作：IDP_FlashPrtCtl：返回值{True}
2023-04-07 22:41:34,437 [AppLog] INFO : 准备读取编码器位置：Y方向！
2023-04-07 22:41:34,437 [AppLog] INFO : 准备运动，编码器当前位置：DEM_GetAxisEncodeVal：MoveDirectionFlag{false为Y方向：True}CurrentPos{121.005}AimPos{15}
2023-04-07 22:41:34,468 [AppLog] INFO : Y方向运动开始：DEM_Run：返回值{True}nAxis{1}DirFlag{False}nSpeed{300000}MoveStep{-106005}nCtlValue{0}
2023-04-07 22:41:34,468 [AppLog] INFO : 准备读取编码器位置：X方向！
2023-04-07 22:41:34,468 [AppLog] INFO : 准备运动，当前位置：DEV_GetPrintEncoderValue：MoveDirectionFlag{false为Y方向：False}CurrentPos{680.36}AimPos{425}
2023-04-07 22:41:34,499 [AppLog] INFO : X方向运动开始：DEM_Run：返回值{True}nAxis{0}DirFlag{False}nSpeed{300000}MoveStep{-255360}nCtlValue{2}
2023-04-07 22:41:35,934 [AppLog] INFO : X方向到位停止：DEM_StopAxisRun：返回值{True}CurrentPos{427.465}bImmeStop{False}nAxisMask{1}
2023-04-07 22:41:35,934 [AppLog] INFO : 准备读取编码器位置：X方向！
2023-04-07 22:41:35,950 [AppLog] INFO : 准备运动，当前位置：DEV_GetPrintEncoderValue：MoveDirectionFlag{false为Y方向：False}CurrentPos{427.41}AimPos{25}
2023-04-07 22:41:35,981 [AppLog] INFO : X方向运动开始：DEM_Run：返回值{True}nAxis{0}DirFlag{False}nSpeed{300000}MoveStep{-402410}nCtlValue{2}
2023-04-07 22:41:37,869 [AppLog] INFO : X方向到位停止：DEM_StopAxisRun：返回值{True}CurrentPos{27.42}bImmeStop{False}nAxisMask{1}
2023-04-07 22:41:37,869 [AppLog] INFO : 准备读取编码器位置：Y方向！
2023-04-07 22:41:37,869 [AppLog] INFO : 准备运动，编码器当前位置：DEM_GetAxisEncodeVal：MoveDirectionFlag{false为Y方向：True}CurrentPos{15.155}AimPos{69}
2023-04-07 22:41:37,900 [AppLog] INFO : Y方向运动开始：DEM_Run：返回值{True}nAxis{1}DirFlag{True}nSpeed{300000}MoveStep{53845}nCtlValue{0}
2023-04-07 22:41:38,087 [AppLog] INFO : Y方向到位停止：DEM_StopAxisRun：返回值{True}CurrentPos{26.215}bImmeStop{False}nAxisMask{2}
2023-04-07 22:41:38,087 [AppLog] INFO : 获取打印Pass数据：IDP_GetPassItem2：nLayerIndex{19}nPassID{1}nProcState{3}LPPassDataItemb:PrtDir{True}nDataTxCompleteCnt{1}nHwMemAdrMatchMask{1}nLayerIndex{19}nLayerPassCount{6}nLayerPassIndex{1}nMinJet0ImgLinePos{1280}nPrtMemHwAddr{System.UInt32[]}nPrtDataOffset{System.UInt32[]}nSrcDataSize{System.UInt32[]}nPrtColBytes{System.UInt32[]}nPrtPrecession{8}nSrcEndCols{8000}nSrcStartCols{0}nStartEncPos{10000}nValidPassJets{1280}nValidPrtCols{8310}nValidPrtCtlCnts{1}pDataBuf{0}pNextItem{674158560}
2023-04-07 22:41:38,103 [AppLog] INFO : 使能Pass打印成功：IDP_DoPassPrint2：nLayerIndex{19}nPassID{1}
2023-04-07 22:41:38,103 [AppLog] INFO : PASS打印前关键状态：DEV_GetDeviceInfo2：nLayerIndex{19}nPassID{1}LPPRINTER_INFO:nXSysEncDPI{0}nStatus{0}nPrintStatus{0}bSuperDevice{0}
LPPRINTER_INFO-LPPrtRunInfo:bJobPrtRuning{False}bLayerPrtIsOver{False}nContReqMemErr{0}nContWDErr{0}nCurPrtDir{0}nDTLayerIndex{0}nDTLayerPassIndex{0}nDTPtrCtlIndex{0}nLayerPassCount{0}nPrintLayerIndex{0}nPrintPassIndex{0}nProcLayerIndex{0}nPrtDataMemAddr{0}nPrtState{0}nReverse{System.Int32[]}nRevPrtCols{0}
LPPRINTER_INFO-LPDRVINFO:nFMVersion{0}nFpgaVersion{0}nPCBVersion{0}nState{0}nNextState{0}nPtvwarnState{0}nCrc32{0}nRevInfo{System.UInt32[]}nSignature{0}
2023-04-07 22:41:38,103 [AppLog] INFO : 进入：EquipmentMotionLogic3=》准备创建对象-手动操作！
2023-04-07 22:41:38,103 [AppLog] INFO : 进入：EquipmentMotionLogic3=》不需重新创建-手动操作！
2023-04-07 22:41:38,103 [AppLog] INFO : 进入：EquipmentMotionLogic3=》赋值完成自-AutoPrintMotion2！
2023-04-07 22:41:38,103 [AppLog] INFO : 进入：EquipmentMotionLogic3=》加载配置文件-LoadJsonFile成功！
2023-04-07 22:41:38,103 [AppLog] INFO : 进入：AutoPrintThread2！
2023-04-07 22:41:38,103 [AppLog] INFO : 准备读取编码器位置：X方向！
2023-04-07 22:41:38,103 [AppLog] INFO : 准备运动，当前位置：DEV_GetPrintEncoderValue：MoveDirectionFlag{false为Y方向：False}CurrentPos{23.555}AimPos{425}
2023-04-07 22:41:38,150 [AppLog] INFO : X方向运动开始：DEM_Run：返回值{True}nAxis{0}DirFlag{True}nSpeed{300000}MoveStep{401445}nCtlValue{2}
2023-04-07 22:41:40,053 [AppLog] INFO : X方向到位停止：DEM_StopAxisRun：返回值{True}CurrentPos{420.295}bImmeStop{False}nAxisMask{1}
2023-04-07 22:41:40,053 [AppLog] INFO : 准备读取编码器位置：Y方向！
2023-04-07 22:41:40,053 [AppLog] INFO : 准备运动，编码器当前位置：DEM_GetAxisEncodeVal：MoveDirectionFlag{false为Y方向：True}CurrentPos{68.94}AimPos{123}
2023-04-07 22:41:40,084 [AppLog] INFO : Y方向运动开始：DEM_Run：返回值{True}nAxis{1}DirFlag{True}nSpeed{300000}MoveStep{54060}nCtlValue{0}
2023-04-07 22:41:40,271 [AppLog] INFO : Y方向到位停止：DEM_StopAxisRun：返回值{True}CurrentPos{78.945}bImmeStop{False}nAxisMask{2}
2023-04-07 22:41:40,271 [AppLog] INFO : 获取打印Pass数据：IDP_GetPassItem2：nLayerIndex{19}nPassID{2}nProcState{3}LPPassDataItemb:PrtDir{False}nDataTxCompleteCnt{1}nHwMemAdrMatchMask{1}nLayerIndex{19}nLayerPassCount{6}nLayerPassIndex{2}nMinJet0ImgLinePos{2560}nPrtMemHwAddr{System.UInt32[]}nPrtDataOffset{System.UInt32[]}nSrcDataSize{System.UInt32[]}nPrtColBytes{System.UInt32[]}nPrtPrecession{8}nSrcEndCols{8000}nSrcStartCols{0}nStartEncPos{76472}nValidPassJets{1280}nValidPrtCols{8310}nValidPrtCtlCnts{1}pDataBuf{0}pNextItem{674158720}
2023-04-07 22:41:40,287 [AppLog] INFO : 使能Pass打印成功：IDP_DoPassPrint2：nLayerIndex{19}nPassID{2}
2023-04-07 22:41:40,302 [AppLog] INFO : PASS打印前关键状态：DEV_GetDeviceInfo2：nLayerIndex{19}nPassID{2}LPPRINTER_INFO:nXSysEncDPI{0}nStatus{0}nPrintStatus{0}bSuperDevice{0}
LPPRINTER_INFO-LPPrtRunInfo:bJobPrtRuning{False}bLayerPrtIsOver{False}nContReqMemErr{0}nContWDErr{0}nCurPrtDir{0}nDTLayerIndex{0}nDTLayerPassIndex{0}nDTPtrCtlIndex{0}nLayerPassCount{0}nPrintLayerIndex{0}nPrintPassIndex{0}nProcLayerIndex{0}nPrtDataMemAddr{0}nPrtState{0}nReverse{System.Int32[]}nRevPrtCols{0}
LPPRINTER_INFO-LPDRVINFO:nFMVersion{0}nFpgaVersion{0}nPCBVersion{0}nState{0}nNextState{0}nPtvwarnState{0}nCrc32{0}nRevInfo{System.UInt32[]}nSignature{0}
2023-04-07 22:41:40,302 [AppLog] INFO : 进入：EquipmentMotionLogic3=》准备创建对象-手动操作！
2023-04-07 22:41:40,302 [AppLog] INFO : 进入：EquipmentMotionLogic3=》不需重新创建-手动操作！
2023-04-07 22:41:40,302 [AppLog] INFO : 进入：EquipmentMotionLogic3=》赋值完成自-AutoPrintMotion2！
2023-04-07 22:41:40,302 [AppLog] INFO : 进入：EquipmentMotionLogic3=》加载配置文件-LoadJsonFile成功！
2023-04-07 22:41:40,302 [AppLog] INFO : 进入：AutoPrintThread2！
2023-04-07 22:41:40,302 [AppLog] INFO : 准备读取编码器位置：X方向！
2023-04-07 22:41:40,302 [AppLog] INFO : 准备运动，当前位置：DEV_GetPrintEncoderValue：MoveDirectionFlag{false为Y方向：False}CurrentPos{423.29}AimPos{25}
2023-04-07 22:41:40,349 [AppLog] INFO : X方向运动开始：DEM_Run：返回值{True}nAxis{0}DirFlag{False}nSpeed{300000}MoveStep{-398290}nCtlValue{2}
2023-04-07 22:41:42,237 [AppLog] INFO : X方向到位停止：DEM_StopAxisRun：返回值{True}CurrentPos{29.86}bImmeStop{False}nAxisMask{1}
2023-04-07 22:41:42,237 [AppLog] INFO : 准备读取编码器位置：Y方向！
2023-04-07 22:41:42,237 [AppLog] INFO : 准备运动，编码器当前位置：DEM_GetAxisEncodeVal：MoveDirectionFlag{false为Y方向：True}CurrentPos{122.835}AimPos{177}
2023-04-07 22:41:42,268 [AppLog] INFO : Y方向运动开始：DEM_Run：返回值{True}nAxis{1}DirFlag{True}nSpeed{300000}MoveStep{54165}nCtlValue{0}
2023-04-07 22:41:42,455 [AppLog] INFO : Y方向到位停止：DEM_StopAxisRun：返回值{True}CurrentPos{133.215}bImmeStop{False}nAxisMask{2}
2023-04-07 22:41:42,455 [AppLog] INFO : 获取打印Pass数据：IDP_GetPassItem2：nLayerIndex{19}nPassID{3}nProcState{3}LPPassDataItemb:PrtDir{True}nDataTxCompleteCnt{1}nHwMemAdrMatchMask{1}nLayerIndex{19}nLayerPassCount{6}nLayerPassIndex{3}nMinJet0ImgLinePos{3840}nPrtMemHwAddr{System.UInt32[]}nPrtDataOffset{System.UInt32[]}nSrcDataSize{System.UInt32[]}nPrtColBytes{System.UInt32[]}nPrtPrecession{8}nSrcEndCols{8000}nSrcStartCols{0}nStartEncPos{10000}nValidPassJets{1280}nValidPrtCols{8310}nValidPrtCtlCnts{1}pDataBuf{0}pNextItem{674158880}
2023-04-07 22:41:42,455 [AppLog] INFO : 使能Pass打印成功：IDP_DoPassPrint2：nLayerIndex{19}nPassID{3}
2023-04-07 22:41:42,471 [AppLog] INFO : PASS打印前关键状态：DEV_GetDeviceInfo2：nLayerIndex{19}nPassID{3}LPPRINTER_INFO:nXSysEncDPI{0}nStatus{0}nPrintStatus{0}bSuperDevice{0}
LPPRINTER_INFO-LPPrtRunInfo:bJobPrtRuning{False}bLayerPrtIsOver{False}nContReqMemErr{0}nContWDErr{0}nCurPrtDir{0}nDTLayerIndex{0}nDTLayerPassIndex{0}nDTPtrCtlIndex{0}nLayerPassCount{0}nPrintLayerIndex{0}nPrintPassIndex{0}nProcLayerIndex{0}nPrtDataMemAddr{0}nPrtState{0}nReverse{System.Int32[]}nRevPrtCols{0}
LPPRINTER_INFO-LPDRVINFO:nFMVersion{0}nFpgaVersion{0}nPCBVersion{0}nState{0}nNextState{0}nPtvwarnState{0}nCrc32{0}nRevInfo{System.UInt32[]}nSignature{0}
2023-04-07 22:41:42,471 [AppLog] INFO : 进入：EquipmentMotionLogic3=》准备创建对象-手动操作！
2023-04-07 22:41:42,471 [AppLog] INFO : 进入：EquipmentMotionLogic3=》不需重新创建-手动操作！
2023-04-07 22:41:42,471 [AppLog] INFO : 进入：EquipmentMotionLogic3=》赋值完成自-AutoPrintMotion2！
2023-04-07 22:41:42,471 [AppLog] INFO : 进入：EquipmentMotionLogic3=》加载配置文件-LoadJsonFile成功！
2023-04-07 22:41:42,471 [AppLog] INFO : 进入：AutoPrintThread2！
2023-04-07 22:41:42,471 [AppLog] INFO : 准备读取编码器位置：X方向！
2023-04-07 22:41:42,471 [AppLog] INFO : 准备运动，当前位置：DEV_GetPrintEncoderValue：MoveDirectionFlag{false为Y方向：False}CurrentPos{26.665}AimPos{425}
2023-04-07 22:41:42,502 [AppLog] INFO : X方向运动开始：DEM_Run：返回值{True}nAxis{0}DirFlag{True}nSpeed{300000}MoveStep{398335}nCtlValue{2}
2023-04-07 22:41:44,358 [AppLog] INFO : X方向到位停止：DEM_StopAxisRun：返回值{True}CurrentPos{418.29}bImmeStop{False}nAxisMask{1}
2023-04-07 22:41:44,358 [AppLog] INFO : 准备读取编码器位置：Y方向！
2023-04-07 22:41:44,374 [AppLog] INFO : 准备运动，编码器当前位置：DEM_GetAxisEncodeVal：MoveDirectionFlag{false为Y方向：True}CurrentPos{176.88}AimPos{231}
2023-04-07 22:41:44,405 [AppLog] INFO : Y方向运动开始：DEM_Run：返回值{True}nAxis{1}DirFlag{True}nSpeed{300000}MoveStep{54120}nCtlValue{0}
2023-04-07 22:41:44,592 [AppLog] INFO : Y方向到位停止：DEM_StopAxisRun：返回值{True}CurrentPos{188.48}bImmeStop{False}nAxisMask{2}
2023-04-07 22:41:44,592 [AppLog] INFO : 获取打印Pass数据：IDP_GetPassItem2：nLayerIndex{19}nPassID{4}nProcState{3}LPPassDataItemb:PrtDir{False}nDataTxCompleteCnt{1}nHwMemAdrMatchMask{1}nLayerIndex{19}nLayerPassCount{6}nLayerPassIndex{4}nMinJet0ImgLinePos{5120}nPrtMemHwAddr{System.UInt32[]}nPrtDataOffset{System.UInt32[]}nSrcDataSize{System.UInt32[]}nPrtColBytes{System.UInt32[]}nPrtPrecession{8}nSrcEndCols{8000}nSrcStartCols{0}nStartEncPos{76472}nValidPassJets{1280}nValidPrtCols{8310}nValidPrtCtlCnts{1}pDataBuf{0}pNextItem{674159040}
2023-04-07 22:41:44,608 [AppLog] INFO : 使能Pass打印成功：IDP_DoPassPrint2：nLayerIndex{19}nPassID{4}
2023-04-07 22:41:44,608 [AppLog] INFO : PASS打印前关键状态：DEV_GetDeviceInfo2：nLayerIndex{19}nPassID{4}LPPRINTER_INFO:nXSysEncDPI{0}nStatus{0}nPrintStatus{0}bSuperDevice{0}
LPPRINTER_INFO-LPPrtRunInfo:bJobPrtRuning{False}bLayerPrtIsOver{False}nContReqMemErr{0}nContWDErr{0}nCurPrtDir{0}nDTLayerIndex{0}nDTLayerPassIndex{0}nDTPtrCtlIndex{0}nLayerPassCount{0}nPrintLayerIndex{0}nPrintPassIndex{0}nProcLayerIndex{0}nPrtDataMemAddr{0}nPrtState{0}nReverse{System.Int32[]}nRevPrtCols{0}
LPPRINTER_INFO-LPDRVINFO:nFMVersion{0}nFpgaVersion{0}nPCBVersion{0}nState{0}nNextState{0}nPtvwarnState{0}nCrc32{0}nRevInfo{System.UInt32[]}nSignature{0}
2023-04-07 22:41:44,608 [AppLog] INFO : 进入：EquipmentMotionLogic3=》准备创建对象-手动操作！
2023-04-07 22:41:44,608 [AppLog] INFO : 进入：EquipmentMotionLogic3=》不需重新创建-手动操作！
2023-04-07 22:41:44,608 [AppLog] INFO : 进入：EquipmentMotionLogic3=》赋值完成自-AutoPrintMotion2！
2023-04-07 22:41:44,608 [AppLog] INFO : 进入：EquipmentMotionLogic3=》加载配置文件-LoadJsonFile成功！
2023-04-07 22:41:44,608 [AppLog] INFO : 进入：AutoPrintThread2！
2023-04-07 22:41:44,608 [AppLog] INFO : 准备读取编码器位置：X方向！
2023-04-07 22:41:44,608 [AppLog] INFO : 准备运动，当前位置：DEV_GetPrintEncoderValue：MoveDirectionFlag{false为Y方向：False}CurrentPos{423.35}AimPos{25}
2023-04-07 22:41:44,639 [AppLog] INFO : X方向运动开始：DEM_Run：返回值{True}nAxis{0}DirFlag{False}nSpeed{300000}MoveStep{-398350}nCtlValue{2}
2023-04-07 22:41:46,511 [AppLog] INFO : X方向到位停止：DEM_StopAxisRun：返回值{True}CurrentPos{31.25}bImmeStop{False}nAxisMask{1}
2023-04-07 22:41:46,511 [AppLog] INFO : 准备读取编码器位置：Y方向！
2023-04-07 22:41:46,511 [AppLog] INFO : 准备运动，编码器当前位置：DEM_GetAxisEncodeVal：MoveDirectionFlag{false为Y方向：True}CurrentPos{230.945}AimPos{285}
2023-04-07 22:41:46,542 [AppLog] INFO : Y方向运动开始：DEM_Run：返回值{True}nAxis{1}DirFlag{True}nSpeed{300000}MoveStep{54055}nCtlValue{0}
2023-04-07 22:41:46,730 [AppLog] INFO : Y方向到位停止：DEM_StopAxisRun：返回值{True}CurrentPos{241.305}bImmeStop{False}nAxisMask{2}
2023-04-07 22:41:46,730 [AppLog] INFO : 获取打印Pass数据：IDP_GetPassItem2：nLayerIndex{19}nPassID{5}nProcState{3}LPPassDataItemb:PrtDir{True}nDataTxCompleteCnt{1}nHwMemAdrMatchMask{1}nLayerIndex{19}nLayerPassCount{6}nLayerPassIndex{5}nMinJet0ImgLinePos{6400}nPrtMemHwAddr{System.UInt32[]}nPrtDataOffset{System.UInt32[]}nSrcDataSize{System.UInt32[]}nPrtColBytes{System.UInt32[]}nPrtPrecession{8}nSrcEndCols{8000}nSrcStartCols{0}nStartEncPos{10000}nValidPassJets{1280}nValidPrtCols{8310}nValidPrtCtlCnts{1}pDataBuf{0}pNextItem{0}
2023-04-07 22:41:46,745 [AppLog] INFO : 使能Pass打印成功：IDP_DoPassPrint2：nLayerIndex{19}nPassID{5}
2023-04-07 22:41:46,745 [AppLog] INFO : PASS打印前关键状态：DEV_GetDeviceInfo2：nLayerIndex{19}nPassID{5}LPPRINTER_INFO:nXSysEncDPI{0}nStatus{0}nPrintStatus{0}bSuperDevice{0}
LPPRINTER_INFO-LPPrtRunInfo:bJobPrtRuning{False}bLayerPrtIsOver{False}nContReqMemErr{0}nContWDErr{0}nCurPrtDir{0}nDTLayerIndex{0}nDTLayerPassIndex{0}nDTPtrCtlIndex{0}nLayerPassCount{0}nPrintLayerIndex{0}nPrintPassIndex{0}nProcLayerIndex{0}nPrtDataMemAddr{0}nPrtState{0}nReverse{System.Int32[]}nRevPrtCols{0}
LPPRINTER_INFO-LPDRVINFO:nFMVersion{0}nFpgaVersion{0}nPCBVersion{0}nState{0}nNextState{0}nPtvwarnState{0}nCrc32{0}nRevInfo{System.UInt32[]}nSignature{0}
2023-04-07 22:41:46,745 [AppLog] INFO : 进入：EquipmentMotionLogic3=》准备创建对象-手动操作！
2023-04-07 22:41:46,745 [AppLog] INFO : 进入：EquipmentMotionLogic3=》不需重新创建-手动操作！
2023-04-07 22:41:46,745 [AppLog] INFO : 进入：EquipmentMotionLogic3=》赋值完成自-AutoPrintMotion2！
2023-04-07 22:41:46,745 [AppLog] INFO : 进入：EquipmentMotionLogic3=》加载配置文件-LoadJsonFile成功！
2023-04-07 22:41:46,745 [AppLog] INFO : 进入：AutoPrintThread2！
2023-04-07 22:41:46,745 [AppLog] INFO : 准备读取编码器位置：X方向！
2023-04-07 22:41:46,745 [AppLog] INFO : 准备运动，当前位置：DEV_GetPrintEncoderValue：MoveDirectionFlag{false为Y方向：False}CurrentPos{26.67}AimPos{425}
2023-04-07 22:41:46,776 [AppLog] INFO : X方向运动开始：DEM_Run：返回值{True}nAxis{0}DirFlag{True}nSpeed{300000}MoveStep{398330}nCtlValue{2}
2023-04-07 22:41:48,664 [AppLog] INFO : X方向到位停止：DEM_StopAxisRun：返回值{True}CurrentPos{419.53}bImmeStop{False}nAxisMask{1}
2023-04-07 22:41:48,664 [AppLog] INFO : 准备读取编码器位置：X方向！
2023-04-07 22:41:48,664 [AppLog] INFO : 准备运动，当前位置：DEV_GetPrintEncoderValue：MoveDirectionFlag{false为Y方向：False}CurrentPos{419.705}AimPos{780}
2023-04-07 22:41:48,695 [AppLog] INFO : X方向运动开始：DEM_Run：返回值{True}nAxis{0}DirFlag{True}nSpeed{300000}MoveStep{360295}nCtlValue{2}
2023-04-07 22:41:48,695 [AppLog] INFO : 准备读取编码器位置：Y方向！
2023-04-07 22:41:48,695 [AppLog] INFO : 准备运动，编码器当前位置：DEM_GetAxisEncodeVal：MoveDirectionFlag{false为Y方向：True}CurrentPos{284.9}AimPos{121}
2023-04-07 22:41:48,726 [AppLog] INFO : Y方向运动开始：DEM_Run：返回值{True}nAxis{1}DirFlag{False}nSpeed{300000}MoveStep{-163900}nCtlValue{0}
2023-04-07 22:41:50,474 [AppLog] INFO : Y方向到位等停：DEM_StopAxisRun：返回值{True}bImmeStop{False}nAxisMask{1}
2023-04-07 22:41:50,474 [AppLog] INFO : X方向到位等停：DEM_StopAxisRun：返回值{True}bImmeStop{False}nAxisMask{2}
2023-04-07 22:41:50,489 [AppLog] INFO : 开启闪喷操作：IDP_FlashPrtCtl：返回值{True}
2023-04-07 22:41:50,489 [AppLog] INFO : 进入：EquipmentMotionLogic3=》准备创建对象-手动操作！
2023-04-07 22:41:50,489 [AppLog] INFO : 进入：EquipmentMotionLogic3=》不需重新创建-手动操作！
2023-04-07 22:41:50,489 [AppLog] INFO : 进入：EquipmentMotionLogic3=》赋值完成自-AutoPrintMotion2！
2023-04-07 22:41:50,489 [AppLog] INFO : 进入：EquipmentMotionLogic3=》加载配置文件-LoadJsonFile成功！
2023-04-07 22:41:50,489 [AppLog] INFO : 进入自动铺粉逻辑：NewAutoSupplyPowderThread2
2023-04-07 22:41:50,567 [AppLog] INFO : 手动正向点动指令（8轴运控板卡系统） ====》：输出AXIS{第1轴},点动量{-0.1MM},运动速度{2MM/s}
2023-04-07 22:41:50,567 [AppLog] INFO : 成形面高度下降层厚 TrapSpace{0.1mm}：TrapMoveUp(1, true, Convert.ToString(vel), Convert.ToString(TrapSpace), true, true）
2023-04-07 22:41:51,332 [AppLog] INFO : 手动正向点动指令（8轴运控板卡系统） ====》：输出AXIS{第1轴},点动量{-1.5MM},运动速度{2MM/s}
2023-04-07 22:41:51,332 [AppLog] INFO : 成形面高度下降指定厚度 TrapSpace{1.5mm}：TrapMoveUp(1, true, Convert.ToString(vel), Convert.ToString(TrapSpace), true, true）
2023-04-07 22:41:52,112 [AppLog] INFO : 手动正向点动指令（8轴运控板卡系统） ====》：输出AXIS{第1轴},点动量{1.5MM},运动速度{2MM/s}
2023-04-07 22:41:52,112 [AppLog] INFO : 成形面高度上升层厚 TrapSpace{1.5mm}：TrapMoveUp(1, true, Convert.ToString(vel), Convert.ToString(TrapSpace), true, true）
2023-04-07 22:41:52,330 [AppLog] INFO : 手动正向点动指令（8轴运控板卡系统） ====》：输出AXIS{第8轴},点动量{0.5MM},运动速度{2.5MM/s}
2023-04-07 22:41:52,330 [AppLog] INFO : Hopper落粉轴转2圈落粉，速度0.5rev/s：TrapMoveUp(8, true, 0.5, rotateNuM.ToString(), true, false)
2023-04-07 22:41:53,625 [AppLog] INFO : 手动正向点动指令（8轴运控板卡系统） ====》：输出AXIS{第2轴},点动量{258MM},运动速度{200MM/s}
2023-04-07 22:41:53,625 [AppLog] INFO : 开启铺粉车不等停运动至准备打印位置255mm，速度200mm/s：BackToStation2
2023-04-07 22:41:53,625 [AppLog] INFO : 手动正向点动指令（8轴运控板卡系统） ====》：输出AXIS{第2轴},点动量{440MM},运动速度{50MM/s}
2023-04-07 22:41:53,625 [AppLog] INFO : 开启铺粉车不等停运动至准备打印位置695mm，速度50mm/s：BackToStation2
2023-04-07 22:41:53,734 [AppLog] INFO : 打开IR灯：OpenIRLamp(true)
2023-04-07 22:41:53,734 [AppLog] INFO : 手动正向点动指令（8轴运控板卡系统） ====》：输出AXIS{第3轴},点动量{0.5MM},运动速度{0.0753424657534247MM/s}
2023-04-07 22:41:53,734 [AppLog] INFO : 开启均匀落粉及辊子铺平运动：TrapMoveUp(3, true, Convert.ToString(DispenseRollerSpeed), 0.5, true, true)
2023-04-07 22:41:58,835 [AppLog] INFO : 关闭IR灯：OpenIRLamp(false)
2023-04-07 22:42:01,191 [AppLog] INFO : 手动正向点动指令（8轴运控板卡系统） ====》：输出AXIS{第3轴},点动量{0.5MM},运动速度{2MM/s}
2023-04-07 22:42:01,191 [AppLog] INFO : 落粉轴继续转动以倒掉余粉：TrapMoveUp(3, true, 2, 0.5, true, false)
2023-04-07 22:42:03,203 [AppLog] INFO : 手动正向点动指令（8轴运控板卡系统） ====》：输出AXIS{第1轴},点动量{-1.5MM},运动速度{2MM/s}
2023-04-07 22:42:03,203 [AppLog] INFO : 成形面高度下降指定厚度 TrapSpace{1.5mm}：TrapMoveUp(1, true, Convert.ToString(vel), Convert.ToString(TrapSpace), true, true）
2023-04-07 22:42:06,698 [AppLog] INFO : 手动正向点动指令（8轴运控板卡系统） ====》：输出AXIS{第2轴},点动量{-698MM},运动速度{200MM/s}
2023-04-07 22:42:06,698 [AppLog] INFO : 铺粉车返回至站1：BackToStation2(AimPos, MovSpeed, true)：-3mm，速度200mm/s：BackToStation2
2023-04-07 22:42:07,088 [AppLog] INFO : 落粉轴回零成功：motionMap.SetBackSpreaderAxis(3, 0.5, 2, -SinkPosition)：ReturnCode{True}
2023-04-07 22:42:07,852 [AppLog] INFO : 手动正向点动指令（8轴运控板卡系统） ====》：输出AXIS{第1轴},点动量{1.5MM},运动速度{2MM/s}
2023-04-07 22:42:07,852 [AppLog] INFO : 成形面高度上升层厚 TrapSpace{1.5mm}：TrapMoveUp(1, true, Convert.ToString(vel), Convert.ToString(TrapSpace), true, true）
2023-04-07 22:42:07,852 [AppLog] INFO : 自动铺粉正常结束：NewAutoSupplyPowderThread2
2023-04-07 22:42:07,852 [AppLog] INFO : 发送监控指令，拍照记录1条：SendMessageFromSharedMemory
2023-04-07 22:42:07,852 [AppLog] INFO : 执行完成铺粉固化操作：EquipmentMotionLogic3：m_bApplyPowderSupplyMotion:0
2023-04-07 22:42:07,852 [AppLog] INFO : 接收到恢复打印指令：PrintTaskTHREAD
2023-04-07 22:42:07,852 [AppLog] INFO : 获取打印Pass数据：IDP_GetPassItem2：nLayerIndex{20}nPassID{0}nProcState{3}LPPassDataItemb:PrtDir{False}nDataTxCompleteCnt{1}nHwMemAdrMatchMask{1}nLayerIndex{20}nLayerPassCount{6}nLayerPassIndex{0}nMinJet0ImgLinePos{0}nPrtMemHwAddr{System.UInt32[]}nPrtDataOffset{System.UInt32[]}nSrcDataSize{System.UInt32[]}nPrtColBytes{System.UInt32[]}nPrtPrecession{8}nSrcEndCols{8000}nSrcStartCols{0}nStartEncPos{76472}nValidPassJets{1280}nValidPrtCols{8310}nValidPrtCtlCnts{1}pDataBuf{0}pNextItem{674159360}
2023-04-07 22:42:07,868 [AppLog] INFO : 使能Pass打印成功：IDP_DoPassPrint2：nLayerIndex{20}nPassID{0}
2023-04-07 22:42:07,868 [AppLog] INFO : PASS打印前关键状态：DEV_GetDeviceInfo2：nLayerIndex{20}nPassID{0}LPPRINTER_INFO:nXSysEncDPI{0}nStatus{0}nPrintStatus{0}bSuperDevice{0}
LPPRINTER_INFO-LPPrtRunInfo:bJobPrtRuning{False}bLayerPrtIsOver{False}nContReqMemErr{0}nContWDErr{0}nCurPrtDir{0}nDTLayerIndex{0}nDTLayerPassIndex{0}nDTPtrCtlIndex{0}nLayerPassCount{0}nPrintLayerIndex{0}nPrintPassIndex{0}nProcLayerIndex{0}nPrtDataMemAddr{0}nPrtState{0}nReverse{System.Int32[]}nRevPrtCols{0}
LPPRINTER_INFO-LPDRVINFO:nFMVersion{0}nFpgaVersion{0}nPCBVersion{0}nState{0}nNextState{0}nPtvwarnState{0}nCrc32{0}nRevInfo{System.UInt32[]}nSignature{0}
2023-04-07 22:42:07,868 [AppLog] INFO : 进入：EquipmentMotionLogic3=》准备创建对象-手动操作！
2023-04-07 22:42:07,868 [AppLog] INFO : 进入：EquipmentMotionLogic3=》不需重新创建-手动操作！
2023-04-07 22:42:07,868 [AppLog] INFO : 进入：EquipmentMotionLogic3=》赋值完成自-AutoPrintMotion2！
2023-04-07 22:42:07,868 [AppLog] INFO : 进入：EquipmentMotionLogic3=》加载配置文件-LoadJsonFile成功！
2023-04-07 22:42:07,868 [AppLog] INFO : 进入自动清洗过程：AutoCleanThread
2023-04-07 22:42:08,835 [AppLog] INFO : 刮墨轴回零成功：motionMap.SetBackSpreaderAxis(4, 1, 2, -SinkPosition)
2023-04-07 22:42:08,835 [AppLog] INFO : 准备读取编码器位置：Y方向！
2023-04-07 22:42:08,835 [AppLog] INFO : 准备运动，编码器当前位置：DEM_GetAxisEncodeVal：MoveDirectionFlag{false为Y方向：True}CurrentPos{121.355}AimPos{121}
2023-04-07 22:42:08,866 [AppLog] INFO : Y方向运动开始：DEM_Run：返回值{True}nAxis{1}DirFlag{False}nSpeed{300000}MoveStep{-355.000000000004}nCtlValue{0}
2023-04-07 22:42:08,866 [AppLog] INFO : Y方向到位停止：DEM_StopAxisRun：返回值{True}CurrentPos{121.355}bImmeStop{False}nAxisMask{2}
2023-04-07 22:42:08,866 [AppLog] INFO : 准备读取编码器位置：X方向！
2023-04-07 22:42:08,866 [AppLog] INFO : 准备运动，当前位置：DEV_GetPrintEncoderValue：MoveDirectionFlag{false为Y方向：False}CurrentPos{783.64}AimPos{780}
2023-04-07 22:42:08,897 [AppLog] INFO : X方向运动开始：DEM_Run：返回值{True}nAxis{0}DirFlag{False}nSpeed{300000}MoveStep{-3639.99999999999}nCtlValue{2}
2023-04-07 22:42:09,162 [AppLog] INFO : X方向到位停止：DEM_StopAxisRun：返回值{True}CurrentPos{780.525}bImmeStop{False}nAxisMask{1}
2023-04-07 22:42:09,942 [AppLog] INFO : 开启压墨： motionMap.SetDo(13, true)
2023-04-07 22:42:13,952 [AppLog] INFO : 关闭压墨： motionMap.SetDo(13, true)
2023-04-07 22:42:13,952 [AppLog] INFO : 准备读取编码器位置：X方向！
2023-04-07 22:42:13,952 [AppLog] INFO : 准备运动，当前位置：DEV_GetPrintEncoderValue：MoveDirectionFlag{false为Y方向：False}CurrentPos{780.345}AimPos{680}
2023-04-07 22:42:13,983 [AppLog] INFO : X方向运动开始：DEM_Run：返回值{True}nAxis{0}DirFlag{False}nSpeed{50000}MoveStep{-100345}nCtlValue{2}
2023-04-07 22:42:16,042 [AppLog] INFO : X方向到位停止：DEM_StopAxisRun：返回值{True}CurrentPos{683.68}bImmeStop{False}nAxisMask{1}
2023-04-07 22:42:16,869 [AppLog] INFO : 结束自动清洗过程：AutoCleanThread
2023-04-07 22:42:16,869 [AppLog] INFO : 进入：EquipmentMotionLogic3=》准备创建对象-手动操作！
2023-04-07 22:42:16,869 [AppLog] INFO : 进入：EquipmentMotionLogic3=》不需重新创建-手动操作！
2023-04-07 22:42:16,869 [AppLog] INFO : 进入：EquipmentMotionLogic3=》赋值完成自-AutoPrintMotion2！
2023-04-07 22:42:16,869 [AppLog] INFO : 进入：EquipmentMotionLogic3=》加载配置文件-LoadJsonFile成功！
2023-04-07 22:42:16,869 [AppLog] INFO : 进入：AutoPrintThread2！
2023-04-07 22:42:16,869 [AppLog] INFO : 关闭闪喷操作：IDP_FlashPrtCtl：返回值{True}
2023-04-07 22:42:16,869 [AppLog] INFO : 准备读取编码器位置：Y方向！
2023-04-07 22:42:16,869 [AppLog] INFO : 准备运动，编码器当前位置：DEM_GetAxisEncodeVal：MoveDirectionFlag{false为Y方向：True}CurrentPos{120.98}AimPos{15}
2023-04-07 22:42:16,900 [AppLog] INFO : Y方向运动开始：DEM_Run：返回值{True}nAxis{1}DirFlag{False}nSpeed{300000}MoveStep{-105980}nCtlValue{0}
2023-04-07 22:42:16,900 [AppLog] INFO : 准备读取编码器位置：X方向！
2023-04-07 22:42:16,900 [AppLog] INFO : 准备运动，当前位置：DEV_GetPrintEncoderValue：MoveDirectionFlag{false为Y方向：False}CurrentPos{680.365}AimPos{425}
2023-04-07 22:42:16,931 [AppLog] INFO : X方向运动开始：DEM_Run：返回值{True}nAxis{0}DirFlag{False}nSpeed{300000}MoveStep{-255365}nCtlValue{2}
2023-04-07 22:42:18,366 [AppLog] INFO : X方向到位停止：DEM_StopAxisRun：返回值{True}CurrentPos{427.845}bImmeStop{False}nAxisMask{1}
2023-04-07 22:42:18,366 [AppLog] INFO : 准备读取编码器位置：X方向！
2023-04-07 22:42:18,366 [AppLog] INFO : 准备运动，当前位置：DEV_GetPrintEncoderValue：MoveDirectionFlag{false为Y方向：False}CurrentPos{427.78}AimPos{25}
2023-04-07 22:42:18,398 [AppLog] INFO : X方向运动开始：DEM_Run：返回值{True}nAxis{0}DirFlag{False}nSpeed{300000}MoveStep{-402780}nCtlValue{2}
2023-04-07 22:42:20,285 [AppLog] INFO : X方向到位停止：DEM_StopAxisRun：返回值{True}CurrentPos{26.685}bImmeStop{False}nAxisMask{1}
2023-04-07 22:42:20,285 [AppLog] INFO : 准备读取编码器位置：Y方向！
2023-04-07 22:42:20,285 [AppLog] INFO : 准备运动，编码器当前位置：DEM_GetAxisEncodeVal：MoveDirectionFlag{false为Y方向：True}CurrentPos{15.16}AimPos{69}
2023-04-07 22:42:20,332 [AppLog] INFO : Y方向运动开始：DEM_Run：返回值{True}nAxis{1}DirFlag{True}nSpeed{300000}MoveStep{53840}nCtlValue{0}
2023-04-07 22:42:20,519 [AppLog] INFO : Y方向到位停止：DEM_StopAxisRun：返回值{True}CurrentPos{26.25}bImmeStop{False}nAxisMask{2}
2023-04-07 22:42:20,519 [AppLog] INFO : 获取打印Pass数据：IDP_GetPassItem2：nLayerIndex{20}nPassID{1}nProcState{3}LPPassDataItemb:PrtDir{True}nDataTxCompleteCnt{1}nHwMemAdrMatchMask{1}nLayerIndex{20}nLayerPassCount{6}nLayerPassIndex{1}nMinJet0ImgLinePos{1280}nPrtMemHwAddr{System.UInt32[]}nPrtDataOffset{System.UInt32[]}nSrcDataSize{System.UInt32[]}nPrtColBytes{System.UInt32[]}nPrtPrecession{8}nSrcEndCols{8000}nSrcStartCols{0}nStartEncPos{10000}nValidPassJets{1280}nValidPrtCols{8310}nValidPrtCtlCnts{1}pDataBuf{0}pNextItem{674159520}
2023-04-07 22:42:20,535 [AppLog] INFO : 使能Pass打印成功：IDP_DoPassPrint2：nLayerIndex{20}nPassID{1}
2023-04-07 22:42:20,535 [AppLog] INFO : PASS打印前关键状态：DEV_GetDeviceInfo2：nLayerIndex{20}nPassID{1}LPPRINTER_INFO:nXSysEncDPI{0}nStatus{0}nPrintStatus{0}bSuperDevice{0}
LPPRINTER_INFO-LPPrtRunInfo:bJobPrtRuning{False}bLayerPrtIsOver{False}nContReqMemErr{0}nContWDErr{0}nCurPrtDir{0}nDTLayerIndex{0}nDTLayerPassIndex{0}nDTPtrCtlIndex{0}nLayerPassCount{0}nPrintLayerIndex{0}nPrintPassIndex{0}nProcLayerIndex{0}nPrtDataMemAddr{0}nPrtState{0}nReverse{System.Int32[]}nRevPrtCols{0}
LPPRINTER_INFO-LPDRVINFO:nFMVersion{0}nFpgaVersion{0}nPCBVersion{0}nState{0}nNextState{0}nPtvwarnState{0}nCrc32{0}nRevInfo{System.UInt32[]}nSignature{0}
2023-04-07 22:42:20,535 [AppLog] INFO : 进入：EquipmentMotionLogic3=》准备创建对象-手动操作！
2023-04-07 22:42:20,535 [AppLog] INFO : 进入：EquipmentMotionLogic3=》不需重新创建-手动操作！
2023-04-07 22:42:20,535 [AppLog] INFO : 进入：EquipmentMotionLogic3=》赋值完成自-AutoPrintMotion2！
2023-04-07 22:42:20,535 [AppLog] INFO : 进入：EquipmentMotionLogic3=》加载配置文件-LoadJsonFile成功！
2023-04-07 22:42:20,535 [AppLog] INFO : 进入：AutoPrintThread2！
2023-04-07 22:42:20,535 [AppLog] INFO : 准备读取编码器位置：X方向！
2023-04-07 22:42:20,535 [AppLog] INFO : 准备运动，当前位置：DEV_GetPrintEncoderValue：MoveDirectionFlag{false为Y方向：False}CurrentPos{23.205}AimPos{425}
2023-04-07 22:42:20,566 [AppLog] INFO : X方向运动开始：DEM_Run：返回值{True}nAxis{0}DirFlag{True}nSpeed{300000}MoveStep{401795}nCtlValue{2}
2023-04-07 22:42:22,469 [AppLog] INFO : X方向到位停止：DEM_StopAxisRun：返回值{True}CurrentPos{420.51}bImmeStop{False}nAxisMask{1}
2023-04-07 22:42:22,469 [AppLog] INFO : 准备读取编码器位置：Y方向！
2023-04-07 22:42:22,485 [AppLog] INFO : 准备运动，编码器当前位置：DEM_GetAxisEncodeVal：MoveDirectionFlag{false为Y方向：True}CurrentPos{68.935}AimPos{123}
2023-04-07 22:42:22,516 [AppLog] INFO : Y方向运动开始：DEM_Run：返回值{True}nAxis{1}DirFlag{True}nSpeed{300000}MoveStep{54065}nCtlValue{0}
2023-04-07 22:42:22,703 [AppLog] INFO : Y方向到位停止：DEM_StopAxisRun：返回值{True}CurrentPos{79.17}bImmeStop{False}nAxisMask{2}
2023-04-07 22:42:22,703 [AppLog] INFO : 获取打印Pass数据：IDP_GetPassItem2：nLayerIndex{20}nPassID{2}nProcState{3}LPPassDataItemb:PrtDir{False}nDataTxCompleteCnt{1}nHwMemAdrMatchMask{1}nLayerIndex{20}nLayerPassCount{6}nLayerPassIndex{2}nMinJet0ImgLinePos{2560}nPrtMemHwAddr{System.UInt32[]}nPrtDataOffset{System.UInt32[]}nSrcDataSize{System.UInt32[]}nPrtColBytes{System.UInt32[]}nPrtPrecession{8}nSrcEndCols{8000}nSrcStartCols{0}nStartEncPos{76472}nValidPassJets{1280}nValidPrtCols{8310}nValidPrtCtlCnts{1}pDataBuf{0}pNextItem{674159680}
2023-04-07 22:42:22,719 [AppLog] INFO : 使能Pass打印成功：IDP_DoPassPrint2：nLayerIndex{20}nPassID{2}
2023-04-07 22:42:22,719 [AppLog] INFO : PASS打印前关键状态：DEV_GetDeviceInfo2：nLayerIndex{20}nPassID{2}LPPRINTER_INFO:nXSysEncDPI{0}nStatus{0}nPrintStatus{0}bSuperDevice{0}
LPPRINTER_INFO-LPPrtRunInfo:bJobPrtRuning{False}bLayerPrtIsOver{False}nContReqMemErr{0}nContWDErr{0}nCurPrtDir{0}nDTLayerIndex{0}nDTLayerPassIndex{0}nDTPtrCtlIndex{0}nLayerPassCount{0}nPrintLayerIndex{0}nPrintPassIndex{0}nProcLayerIndex{0}nPrtDataMemAddr{0}nPrtState{0}nReverse{System.Int32[]}nRevPrtCols{0}
LPPRINTER_INFO-LPDRVINFO:nFMVersion{0}nFpgaVersion{0}nPCBVersion{0}nState{0}nNextState{0}nPtvwarnState{0}nCrc32{0}nRevInfo{System.UInt32[]}nSignature{0}
2023-04-07 22:42:22,719 [AppLog] INFO : 进入：EquipmentMotionLogic3=》准备创建对象-手动操作！
2023-04-07 22:42:22,719 [AppLog] INFO : 进入：EquipmentMotionLogic3=》不需重新创建-手动操作！
2023-04-07 22:42:22,719 [AppLog] INFO : 进入：EquipmentMotionLogic3=》赋值完成自-AutoPrintMotion2！
2023-04-07 22:42:22,719 [AppLog] INFO : 进入：EquipmentMotionLogic3=》加载配置文件-LoadJsonFile成功！
2023-04-07 22:42:22,719 [AppLog] INFO : 进入：AutoPrintThread2！
2023-04-07 22:42:22,719 [AppLog] INFO : 准备读取编码器位置：X方向！
2023-04-07 22:42:22,719 [AppLog] INFO : 准备运动，当前位置：DEV_GetPrintEncoderValue：MoveDirectionFlag{false为Y方向：False}CurrentPos{423.305}AimPos{25}
2023-04-07 22:42:22,750 [AppLog] INFO : X方向运动开始：DEM_Run：返回值{True}nAxis{0}DirFlag{False}nSpeed{300000}MoveStep{-398305}nCtlValue{2}
2023-04-07 22:42:24,638 [AppLog] INFO : X方向到位停止：DEM_StopAxisRun：返回值{True}CurrentPos{29.875}bImmeStop{False}nAxisMask{1}
2023-04-07 22:42:24,638 [AppLog] INFO : 准备读取编码器位置：Y方向！
2023-04-07 22:42:24,638 [AppLog] INFO : 准备运动，编码器当前位置：DEM_GetAxisEncodeVal：MoveDirectionFlag{false为Y方向：True}CurrentPos{122.855}AimPos{177}
2023-04-07 22:42:24,669 [AppLog] INFO : Y方向运动开始：DEM_Run：返回值{True}nAxis{1}DirFlag{True}nSpeed{300000}MoveStep{54145}nCtlValue{0}
2023-04-07 22:42:24,856 [AppLog] INFO : Y方向到位停止：DEM_StopAxisRun：返回值{True}CurrentPos{133.935}bImmeStop{False}nAxisMask{2}
2023-04-07 22:42:24,856 [AppLog] INFO : 获取打印Pass数据：IDP_GetPassItem2：nLayerIndex{20}nPassID{3}nProcState{3}LPPassDataItemb:PrtDir{True}nDataTxCompleteCnt{1}nHwMemAdrMatchMask{1}nLayerIndex{20}nLayerPassCount{6}nLayerPassIndex{3}nMinJet0ImgLinePos{3840}nPrtMemHwAddr{System.UInt32[]}nPrtDataOffset{System.UInt32[]}nSrcDataSize{System.UInt32[]}nPrtColBytes{System.UInt32[]}nPrtPrecession{8}nSrcEndCols{8000}nSrcStartCols{0}nStartEncPos{10000}nValidPassJets{1280}nValidPrtCols{8310}nValidPrtCtlCnts{1}pDataBuf{0}pNextItem{674159840}
2023-04-07 22:42:24,872 [AppLog] INFO : 使能Pass打印成功：IDP_DoPassPrint2：nLayerIndex{20}nPassID{3}
2023-04-07 22:42:24,872 [AppLog] INFO : PASS打印前关键状态：DEV_GetDeviceInfo2：nLayerIndex{20}nPassID{3}LPPRINTER_INFO:nXSysEncDPI{0}nStatus{0}nPrintStatus{0}bSuperDevice{0}
LPPRINTER_INFO-LPPrtRunInfo:bJobPrtRuning{False}bLayerPrtIsOver{False}nContReqMemErr{0}nContWDErr{0}nCurPrtDir{0}nDTLayerIndex{0}nDTLayerPassIndex{0}nDTPtrCtlIndex{0}nLayerPassCount{0}nPrintLayerIndex{0}nPrintPassIndex{0}nProcLayerIndex{0}nPrtDataMemAddr{0}nPrtState{0}nReverse{System.Int32[]}nRevPrtCols{0}
LPPRINTER_INFO-LPDRVINFO:nFMVersion{0}nFpgaVersion{0}nPCBVersion{0}nState{0}nNextState{0}nPtvwarnState{0}nCrc32{0}nRevInfo{System.UInt32[]}nSignature{0}
2023-04-07 22:42:24,872 [AppLog] INFO : 进入：EquipmentMotionLogic3=》准备创建对象-手动操作！
2023-04-07 22:42:24,872 [AppLog] INFO : 进入：EquipmentMotionLogic3=》不需重新创建-手动操作！
2023-04-07 22:42:24,872 [AppLog] INFO : 进入：EquipmentMotionLogic3=》赋值完成自-AutoPrintMotion2！
2023-04-07 22:42:24,872 [AppLog] INFO : 进入：EquipmentMotionLogic3=》加载配置文件-LoadJsonFile成功！
2023-04-07 22:42:24,872 [AppLog] INFO : 进入：AutoPrintThread2！
2023-04-07 22:42:24,872 [AppLog] INFO : 准备读取编码器位置：X方向！
2023-04-07 22:42:24,872 [AppLog] INFO : 准备运动，当前位置：DEV_GetPrintEncoderValue：MoveDirectionFlag{false为Y方向：False}CurrentPos{26.64}AimPos{425}
2023-04-07 22:42:24,903 [AppLog] INFO : X方向运动开始：DEM_Run：返回值{True}nAxis{0}DirFlag{True}nSpeed{300000}MoveStep{398360}nCtlValue{2}
2023-04-07 22:42:26,790 [AppLog] INFO : X方向到位停止：DEM_StopAxisRun：返回值{True}CurrentPos{419.49}bImmeStop{False}nAxisMask{1}
2023-04-07 22:42:26,790 [AppLog] INFO : 准备读取编码器位置：Y方向！
2023-04-07 22:42:26,790 [AppLog] INFO : 准备运动，编码器当前位置：DEM_GetAxisEncodeVal：MoveDirectionFlag{false为Y方向：True}CurrentPos{176.88}AimPos{231}
2023-04-07 22:42:26,822 [AppLog] INFO : Y方向运动开始：DEM_Run：返回值{True}nAxis{1}DirFlag{True}nSpeed{300000}MoveStep{54120}nCtlValue{0}
2023-04-07 22:42:27,024 [AppLog] INFO : Y方向到位停止：DEM_StopAxisRun：返回值{True}CurrentPos{190.94}bImmeStop{False}nAxisMask{2}
2023-04-07 22:42:27,024 [AppLog] INFO : 获取打印Pass数据：IDP_GetPassItem2：nLayerIndex{20}nPassID{4}nProcState{3}LPPassDataItemb:PrtDir{False}nDataTxCompleteCnt{1}nHwMemAdrMatchMask{1}nLayerIndex{20}nLayerPassCount{6}nLayerPassIndex{4}nMinJet0ImgLinePos{5120}nPrtMemHwAddr{System.UInt32[]}nPrtDataOffset{System.UInt32[]}nSrcDataSize{System.UInt32[]}nPrtColBytes{System.UInt32[]}nPrtPrecession{8}nSrcEndCols{8000}nSrcStartCols{0}nStartEncPos{76472}nValidPassJets{1280}nValidPrtCols{8310}nValidPrtCtlCnts{1}pDataBuf{0}pNextItem{674360576}
2023-04-07 22:42:27,024 [AppLog] INFO : 使能Pass打印成功：IDP_DoPassPrint2：nLayerIndex{20}nPassID{4}
2023-04-07 22:42:27,040 [AppLog] INFO : PASS打印前关键状态：DEV_GetDeviceInfo2：nLayerIndex{20}nPassID{4}LPPRINTER_INFO:nXSysEncDPI{0}nStatus{0}nPrintStatus{0}bSuperDevice{0}
LPPRINTER_INFO-LPPrtRunInfo:bJobPrtRuning{False}bLayerPrtIsOver{False}nContReqMemErr{0}nContWDErr{0}nCurPrtDir{0}nDTLayerIndex{0}nDTLayerPassIndex{0}nDTPtrCtlIndex{0}nLayerPassCount{0}nPrintLayerIndex{0}nPrintPassIndex{0}nProcLayerIndex{0}nPrtDataMemAddr{0}nPrtState{0}nReverse{System.Int32[]}nRevPrtCols{0}
LPPRINTER_INFO-LPDRVINFO:nFMVersion{0}nFpgaVersion{0}nPCBVersion{0}nState{0}nNextState{0}nPtvwarnState{0}nCrc32{0}nRevInfo{System.UInt32[]}nSignature{0}
2023-04-07 22:42:27,040 [AppLog] INFO : 进入：EquipmentMotionLogic3=》准备创建对象-手动操作！
2023-04-07 22:42:27,040 [AppLog] INFO : 进入：EquipmentMotionLogic3=》不需重新创建-手动操作！
2023-04-07 22:42:27,040 [AppLog] INFO : 进入：EquipmentMotionLogic3=》赋值完成自-AutoPrintMotion2！
2023-04-07 22:42:27,040 [AppLog] INFO : 进入：EquipmentMotionLogic3=》加载配置文件-LoadJsonFile成功！
2023-04-07 22:42:27,040 [AppLog] INFO : 进入：AutoPrintThread2！
2023-04-07 22:42:27,040 [AppLog] INFO : 准备读取编码器位置：X方向！
2023-04-07 22:42:27,040 [AppLog] INFO : 准备运动，当前位置：DEV_GetPrintEncoderValue：MoveDirectionFlag{false为Y方向：False}CurrentPos{423.37}AimPos{25}
2023-04-07 22:42:27,071 [AppLog] INFO : X方向运动开始：DEM_Run：返回值{True}nAxis{0}DirFlag{False}nSpeed{300000}MoveStep{-398370}nCtlValue{2}
2023-04-07 22:42:28,943 [AppLog] INFO : X方向到位停止：DEM_StopAxisRun：返回值{True}CurrentPos{31.26}bImmeStop{False}nAxisMask{1}
2023-04-07 22:42:28,943 [AppLog] INFO : 准备读取编码器位置：Y方向！
2023-04-07 22:42:28,943 [AppLog] INFO : 准备运动，编码器当前位置：DEM_GetAxisEncodeVal：MoveDirectionFlag{false为Y方向：True}CurrentPos{230.93}AimPos{285}
2023-04-07 22:42:28,974 [AppLog] INFO : Y方向运动开始：DEM_Run：返回值{True}nAxis{1}DirFlag{True}nSpeed{300000}MoveStep{54070}nCtlValue{0}
2023-04-07 22:42:29,162 [AppLog] INFO : Y方向到位停止：DEM_StopAxisRun：返回值{True}CurrentPos{241.14}bImmeStop{False}nAxisMask{2}
2023-04-07 22:42:29,162 [AppLog] INFO : 获取打印Pass数据：IDP_GetPassItem2：nLayerIndex{20}nPassID{5}nProcState{3}LPPassDataItemb:PrtDir{True}nDataTxCompleteCnt{1}nHwMemAdrMatchMask{1}nLayerIndex{20}nLayerPassCount{6}nLayerPassIndex{5}nMinJet0ImgLinePos{6400}nPrtMemHwAddr{System.UInt32[]}nPrtDataOffset{System.UInt32[]}nSrcDataSize{System.UInt32[]}nPrtColBytes{System.UInt32[]}nPrtPrecession{8}nSrcEndCols{8000}nSrcStartCols{0}nStartEncPos{10000}nValidPassJets{1280}nValidPrtCols{8310}nValidPrtCtlCnts{1}pDataBuf{0}pNextItem{0}
2023-04-07 22:42:29,177 [AppLog] INFO : 使能Pass打印成功：IDP_DoPassPrint2：nLayerIndex{20}nPassID{5}
2023-04-07 22:42:29,177 [AppLog] INFO : PASS打印前关键状态：DEV_GetDeviceInfo2：nLayerIndex{20}nPassID{5}LPPRINTER_INFO:nXSysEncDPI{0}nStatus{0}nPrintStatus{0}bSuperDevice{0}
LPPRINTER_INFO-LPPrtRunInfo:bJobPrtRuning{False}bLayerPrtIsOver{False}nContReqMemErr{0}nContWDErr{0}nCurPrtDir{0}nDTLayerIndex{0}nDTLayerPassIndex{0}nDTPtrCtlIndex{0}nLayerPassCount{0}nPrintLayerIndex{0}nPrintPassIndex{0}nProcLayerIndex{0}nPrtDataMemAddr{0}nPrtState{0}nReverse{System.Int32[]}nRevPrtCols{0}
LPPRINTER_INFO-LPDRVINFO:nFMVersion{0}nFpgaVersion{0}nPCBVersion{0}nState{0}nNextState{0}nPtvwarnState{0}nCrc32{0}nRevInfo{System.UInt32[]}nSignature{0}
2023-04-07 22:42:29,177 [AppLog] INFO : 进入：EquipmentMotionLogic3=》准备创建对象-手动操作！
2023-04-07 22:42:29,177 [AppLog] INFO : 进入：EquipmentMotionLogic3=》不需重新创建-手动操作！
2023-04-07 22:42:29,177 [AppLog] INFO : 进入：EquipmentMotionLogic3=》赋值完成自-AutoPrintMotion2！
2023-04-07 22:42:29,177 [AppLog] INFO : 进入：EquipmentMotionLogic3=》加载配置文件-LoadJsonFile成功！
2023-04-07 22:42:29,177 [AppLog] INFO : 进入：AutoPrintThread2！
2023-04-07 22:42:29,177 [AppLog] INFO : 准备读取编码器位置：X方向！
2023-04-07 22:42:29,177 [AppLog] INFO : 准备运动，当前位置：DEV_GetPrintEncoderValue：MoveDirectionFlag{false为Y方向：False}CurrentPos{26.64}AimPos{425}
2023-04-07 22:42:29,208 [AppLog] INFO : X方向运动开始：DEM_Run：返回值{True}nAxis{0}DirFlag{True}nSpeed{300000}MoveStep{398360}nCtlValue{2}
2023-04-07 22:42:31,080 [AppLog] INFO : X方向到位停止：DEM_StopAxisRun：返回值{True}CurrentPos{418.815}bImmeStop{False}nAxisMask{1}
2023-04-07 22:42:31,080 [AppLog] INFO : 准备读取编码器位置：X方向！
2023-04-07 22:42:31,080 [AppLog] INFO : 准备运动，当前位置：DEV_GetPrintEncoderValue：MoveDirectionFlag{false为Y方向：False}CurrentPos{418.91}AimPos{780}
2023-04-07 22:42:31,112 [AppLog] INFO : X方向运动开始：DEM_Run：返回值{True}nAxis{0}DirFlag{True}nSpeed{300000}MoveStep{361090}nCtlValue{2}
2023-04-07 22:42:31,112 [AppLog] INFO : 准备读取编码器位置：Y方向！
2023-04-07 22:42:31,112 [AppLog] INFO : 准备运动，编码器当前位置：DEM_GetAxisEncodeVal：MoveDirectionFlag{false为Y方向：True}CurrentPos{284.885}AimPos{121}
2023-04-07 22:42:31,143 [AppLog] INFO : Y方向运动开始：DEM_Run：返回值{True}nAxis{1}DirFlag{False}nSpeed{300000}MoveStep{-163885}nCtlValue{0}
2023-04-07 22:42:32,859 [AppLog] INFO : Y方向到位等停：DEM_StopAxisRun：返回值{True}bImmeStop{False}nAxisMask{1}
2023-04-07 22:42:32,859 [AppLog] INFO : X方向到位等停：DEM_StopAxisRun：返回值{True}bImmeStop{False}nAxisMask{2}
2023-04-07 22:42:32,874 [AppLog] INFO : 开启闪喷操作：IDP_FlashPrtCtl：返回值{True}
2023-04-07 22:42:32,874 [AppLog] INFO : 进入：EquipmentMotionLogic3=》准备创建对象-手动操作！
2023-04-07 22:42:32,874 [AppLog] INFO : 进入：EquipmentMotionLogic3=》不需重新创建-手动操作！
2023-04-07 22:42:32,874 [AppLog] INFO : 进入：EquipmentMotionLogic3=》赋值完成自-AutoPrintMotion2！
2023-04-07 22:42:32,874 [AppLog] INFO : 进入：EquipmentMotionLogic3=》加载配置文件-LoadJsonFile成功！
2023-04-07 22:42:32,874 [AppLog] INFO : 进入自动铺粉逻辑：NewAutoSupplyPowderThread2
2023-04-07 22:42:32,952 [AppLog] INFO : 手动正向点动指令（8轴运控板卡系统） ====》：输出AXIS{第1轴},点动量{-0.1MM},运动速度{2MM/s}
2023-04-07 22:42:32,952 [AppLog] INFO : 成形面高度下降层厚 TrapSpace{0.1mm}：TrapMoveUp(1, true, Convert.ToString(vel), Convert.ToString(TrapSpace), true, true）
2023-04-07 22:42:33,077 [AppLog] INFO : 进入JOB参数设置：修改前初始参数：灰度数据格式{1bits}打印灰阶{1阶}m_XPrintDpi{635Dpi}墨车运动速度{300MM/s}X向起打位置{50MM}X向起打位置偏移{0MM}Y向起打位置偏移{0MM}
2023-04-07 22:42:33,717 [AppLog] INFO : 手动正向点动指令（8轴运控板卡系统） ====》：输出AXIS{第1轴},点动量{-1.5MM},运动速度{2MM/s}
2023-04-07 22:42:33,717 [AppLog] INFO : 成形面高度下降指定厚度 TrapSpace{1.5mm}：TrapMoveUp(1, true, Convert.ToString(vel), Convert.ToString(TrapSpace), true, true）
2023-04-07 22:42:34,497 [AppLog] INFO : 手动正向点动指令（8轴运控板卡系统） ====》：输出AXIS{第1轴},点动量{1.5MM},运动速度{2MM/s}
2023-04-07 22:42:34,497 [AppLog] INFO : 成形面高度上升层厚 TrapSpace{1.5mm}：TrapMoveUp(1, true, Convert.ToString(vel), Convert.ToString(TrapSpace), true, true）
2023-04-07 22:42:34,715 [AppLog] INFO : 手动正向点动指令（8轴运控板卡系统） ====》：输出AXIS{第8轴},点动量{0.5MM},运动速度{2.5MM/s}
2023-04-07 22:42:34,715 [AppLog] INFO : Hopper落粉轴转2圈落粉，速度0.5rev/s：TrapMoveUp(8, true, 0.5, rotateNuM.ToString(), true, false)
2023-04-07 22:42:36,010 [AppLog] INFO : 手动正向点动指令（8轴运控板卡系统） ====》：输出AXIS{第2轴},点动量{258MM},运动速度{200MM/s}
2023-04-07 22:42:36,010 [AppLog] INFO : 开启铺粉车不等停运动至准备打印位置255mm，速度200mm/s：BackToStation2
2023-04-07 22:42:36,010 [AppLog] INFO : 手动正向点动指令（8轴运控板卡系统） ====》：输出AXIS{第2轴},点动量{440MM},运动速度{50MM/s}
2023-04-07 22:42:36,010 [AppLog] INFO : 开启铺粉车不等停运动至准备打印位置695mm，速度50mm/s：BackToStation2
2023-04-07 22:42:36,119 [AppLog] INFO : 打开IR灯：OpenIRLamp(true)
2023-04-07 22:42:36,119 [AppLog] INFO : 手动正向点动指令（8轴运控板卡系统） ====》：输出AXIS{第3轴},点动量{0.5MM},运动速度{0.0753424657534247MM/s}
2023-04-07 22:42:36,119 [AppLog] INFO : 开启均匀落粉及辊子铺平运动：TrapMoveUp(3, true, Convert.ToString(DispenseRollerSpeed), 0.5, true, true)
2023-04-07 22:42:38,631 [AppLog] INFO : 退出JOB参数设置：修改后参数：灰度数据格式{1bits}打印灰阶{1阶}m_XPrintDpi{635Dpi}墨车运动速度{300MM/s}X向起打位置{50MM}X向起打位置偏移{0MM}Y向起打位置偏移{0MM}
2023-04-07 22:42:41,220 [AppLog] INFO : 关闭IR灯：OpenIRLamp(false)
2023-04-07 22:42:43,576 [AppLog] INFO : 手动正向点动指令（8轴运控板卡系统） ====》：输出AXIS{第3轴},点动量{0.5MM},运动速度{2MM/s}
2023-04-07 22:42:43,576 [AppLog] INFO : 落粉轴继续转动以倒掉余粉：TrapMoveUp(3, true, 2, 0.5, true, false)
2023-04-07 22:42:45,588 [AppLog] INFO : 手动正向点动指令（8轴运控板卡系统） ====》：输出AXIS{第1轴},点动量{-1.5MM},运动速度{2MM/s}
2023-04-07 22:42:45,588 [AppLog] INFO : 成形面高度下降指定厚度 TrapSpace{1.5mm}：TrapMoveUp(1, true, Convert.ToString(vel), Convert.ToString(TrapSpace), true, true）
2023-04-07 22:42:49,083 [AppLog] INFO : 手动正向点动指令（8轴运控板卡系统） ====》：输出AXIS{第2轴},点动量{-698MM},运动速度{200MM/s}
2023-04-07 22:42:49,083 [AppLog] INFO : 铺粉车返回至站1：BackToStation2(AimPos, MovSpeed, true)：-3mm，速度200mm/s：BackToStation2
2023-04-07 22:42:49,473 [AppLog] INFO : 落粉轴回零成功：motionMap.SetBackSpreaderAxis(3, 0.5, 2, -SinkPosition)：ReturnCode{True}
2023-04-07 22:42:50,237 [AppLog] INFO : 手动正向点动指令（8轴运控板卡系统） ====》：输出AXIS{第1轴},点动量{1.5MM},运动速度{2MM/s}
2023-04-07 22:42:50,237 [AppLog] INFO : 成形面高度上升层厚 TrapSpace{1.5mm}：TrapMoveUp(1, true, Convert.ToString(vel), Convert.ToString(TrapSpace), true, true）
2023-04-07 22:42:50,237 [AppLog] INFO : 自动铺粉正常结束：NewAutoSupplyPowderThread2
2023-04-07 22:42:50,237 [AppLog] INFO : 发送监控指令，拍照记录1条：SendMessageFromSharedMemory
2023-04-07 22:42:50,237 [AppLog] INFO : 执行完成铺粉固化操作：EquipmentMotionLogic3：m_bApplyPowderSupplyMotion:0
2023-04-07 22:42:50,237 [AppLog] INFO : 接收到恢复打印指令：PrintTaskTHREAD
2023-04-07 22:42:50,237 [AppLog] INFO : 获取打印Pass数据：IDP_GetPassItem2：nLayerIndex{21}nPassID{0}nProcState{3}LPPassDataItemb:PrtDir{False}nDataTxCompleteCnt{1}nHwMemAdrMatchMask{1}nLayerIndex{21}nLayerPassCount{6}nLayerPassIndex{0}nMinJet0ImgLinePos{0}nPrtMemHwAddr{System.UInt32[]}nPrtDataOffset{System.UInt32[]}nSrcDataSize{System.UInt32[]}nPrtColBytes{System.UInt32[]}nPrtPrecession{8}nSrcEndCols{8000}nSrcStartCols{0}nStartEncPos{76472}nValidPassJets{1280}nValidPrtCols{8310}nValidPrtCtlCnts{1}pDataBuf{0}pNextItem{674360896}
2023-04-07 22:42:50,253 [AppLog] INFO : 使能Pass打印成功：IDP_DoPassPrint2：nLayerIndex{21}nPassID{0}
2023-04-07 22:42:50,253 [AppLog] INFO : PASS打印前关键状态：DEV_GetDeviceInfo2：nLayerIndex{21}nPassID{0}LPPRINTER_INFO:nXSysEncDPI{0}nStatus{0}nPrintStatus{0}bSuperDevice{0}
LPPRINTER_INFO-LPPrtRunInfo:bJobPrtRuning{False}bLayerPrtIsOver{False}nContReqMemErr{0}nContWDErr{0}nCurPrtDir{0}nDTLayerIndex{0}nDTLayerPassIndex{0}nDTPtrCtlIndex{0}nLayerPassCount{0}nPrintLayerIndex{0}nPrintPassIndex{0}nProcLayerIndex{0}nPrtDataMemAddr{0}nPrtState{0}nReverse{System.Int32[]}nRevPrtCols{0}
LPPRINTER_INFO-LPDRVINFO:nFMVersion{0}nFpgaVersion{0}nPCBVersion{0}nState{0}nNextState{0}nPtvwarnState{0}nCrc32{0}nRevInfo{System.UInt32[]}nSignature{0}
2023-04-07 22:42:50,253 [AppLog] INFO : 进入：EquipmentMotionLogic3=》准备创建对象-手动操作！
2023-04-07 22:42:50,253 [AppLog] INFO : 进入：EquipmentMotionLogic3=》不需重新创建-手动操作！
2023-04-07 22:42:50,253 [AppLog] INFO : 进入：EquipmentMotionLogic3=》赋值完成自-AutoPrintMotion2！
2023-04-07 22:42:50,253 [AppLog] INFO : 进入：EquipmentMotionLogic3=》加载配置文件-LoadJsonFile成功！
2023-04-07 22:42:50,253 [AppLog] INFO : 进入自动清洗过程：AutoCleanThread
2023-04-07 22:42:51,220 [AppLog] INFO : 刮墨轴回零成功：motionMap.SetBackSpreaderAxis(4, 1, 2, -SinkPosition)
2023-04-07 22:42:51,220 [AppLog] INFO : 准备读取编码器位置：Y方向！
2023-04-07 22:42:51,220 [AppLog] INFO : 准备运动，编码器当前位置：DEM_GetAxisEncodeVal：MoveDirectionFlag{false为Y方向：True}CurrentPos{121.355}AimPos{121}
2023-04-07 22:42:51,251 [AppLog] INFO : Y方向运动开始：DEM_Run：返回值{True}nAxis{1}DirFlag{False}nSpeed{300000}MoveStep{-355.000000000004}nCtlValue{0}
2023-04-07 22:42:51,251 [AppLog] INFO : Y方向到位停止：DEM_StopAxisRun：返回值{True}CurrentPos{121.355}bImmeStop{False}nAxisMask{2}
2023-04-07 22:42:51,251 [AppLog] INFO : 准备读取编码器位置：X方向！
2023-04-07 22:42:51,251 [AppLog] INFO : 准备运动，当前位置：DEV_GetPrintEncoderValue：MoveDirectionFlag{false为Y方向：False}CurrentPos{784.435}AimPos{780}
2023-04-07 22:42:51,282 [AppLog] INFO : X方向运动开始：DEM_Run：返回值{True}nAxis{0}DirFlag{False}nSpeed{300000}MoveStep{-4435.00000000006}nCtlValue{2}
2023-04-07 22:42:51,454 [AppLog] INFO : X方向到位停止：DEM_StopAxisRun：返回值{True}CurrentPos{783.24}bImmeStop{False}nAxisMask{1}
2023-04-07 22:42:52,281 [AppLog] INFO : 开启压墨： motionMap.SetDo(13, true)
2023-04-07 22:42:56,290 [AppLog] INFO : 关闭压墨： motionMap.SetDo(13, true)
2023-04-07 22:42:56,290 [AppLog] INFO : 准备读取编码器位置：X方向！
2023-04-07 22:42:56,290 [AppLog] INFO : 准备运动，当前位置：DEV_GetPrintEncoderValue：MoveDirectionFlag{false为Y方向：False}CurrentPos{780.335}AimPos{680}
2023-04-07 22:42:56,321 [AppLog] INFO : X方向运动开始：DEM_Run：返回值{True}nAxis{0}DirFlag{False}nSpeed{50000}MoveStep{-100335}nCtlValue{2}
2023-04-07 22:42:58,381 [AppLog] INFO : X方向到位停止：DEM_StopAxisRun：返回值{True}CurrentPos{683.695}bImmeStop{False}nAxisMask{1}
2023-04-07 22:42:59,207 [AppLog] INFO : 结束自动清洗过程：AutoCleanThread
2023-04-07 22:42:59,207 [AppLog] INFO : 进入：EquipmentMotionLogic3=》准备创建对象-手动操作！
2023-04-07 22:42:59,207 [AppLog] INFO : 进入：EquipmentMotionLogic3=》不需重新创建-手动操作！
2023-04-07 22:42:59,207 [AppLog] INFO : 进入：EquipmentMotionLogic3=》赋值完成自-AutoPrintMotion2！
2023-04-07 22:42:59,207 [AppLog] INFO : 进入：EquipmentMotionLogic3=》加载配置文件-LoadJsonFile成功！
2023-04-07 22:42:59,207 [AppLog] INFO : 进入：AutoPrintThread2！
2023-04-07 22:42:59,207 [AppLog] INFO : 关闭闪喷操作：IDP_FlashPrtCtl：返回值{True}
2023-04-07 22:42:59,207 [AppLog] INFO : 准备读取编码器位置：Y方向！
2023-04-07 22:42:59,207 [AppLog] INFO : 准备运动，编码器当前位置：DEM_GetAxisEncodeVal：MoveDirectionFlag{false为Y方向：True}CurrentPos{121}AimPos{15}
2023-04-07 22:42:59,239 [AppLog] INFO : Y方向运动开始：DEM_Run：返回值{True}nAxis{1}DirFlag{False}nSpeed{300000}MoveStep{-106000}nCtlValue{0}
2023-04-07 22:42:59,239 [AppLog] INFO : 准备读取编码器位置：X方向！
2023-04-07 22:42:59,239 [AppLog] INFO : 准备运动，当前位置：DEV_GetPrintEncoderValue：MoveDirectionFlag{false为Y方向：False}CurrentPos{680.355}AimPos{425}
2023-04-07 22:42:59,270 [AppLog] INFO : X方向运动开始：DEM_Run：返回值{True}nAxis{0}DirFlag{False}nSpeed{300000}MoveStep{-255355}nCtlValue{2}
2023-04-07 22:43:00,689 [AppLog] INFO : X方向到位停止：DEM_StopAxisRun：返回值{True}CurrentPos{428.73}bImmeStop{False}nAxisMask{1}
2023-04-07 22:43:00,689 [AppLog] INFO : 准备读取编码器位置：X方向！
2023-04-07 22:43:00,689 [AppLog] INFO : 准备运动，当前位置：DEV_GetPrintEncoderValue：MoveDirectionFlag{false为Y方向：False}CurrentPos{428.58}AimPos{25}
2023-04-07 22:43:00,721 [AppLog] INFO : X方向运动开始：DEM_Run：返回值{True}nAxis{0}DirFlag{False}nSpeed{300000}MoveStep{-403580}nCtlValue{2}
2023-04-07 22:43:02,608 [AppLog] INFO : X方向到位停止：DEM_StopAxisRun：返回值{True}CurrentPos{26.535}bImmeStop{False}nAxisMask{1}
2023-04-07 22:43:02,608 [AppLog] INFO : 准备读取编码器位置：Y方向！
2023-04-07 22:43:02,624 [AppLog] INFO : 准备运动，编码器当前位置：DEM_GetAxisEncodeVal：MoveDirectionFlag{false为Y方向：True}CurrentPos{15.155}AimPos{69}
2023-04-07 22:43:02,655 [AppLog] INFO : Y方向运动开始：DEM_Run：返回值{True}nAxis{1}DirFlag{True}nSpeed{300000}MoveStep{53845}nCtlValue{0}
2023-04-07 22:43:02,842 [AppLog] INFO : Y方向到位停止：DEM_StopAxisRun：返回值{True}CurrentPos{26.9}bImmeStop{False}nAxisMask{2}
2023-04-07 22:43:02,842 [AppLog] INFO : 获取打印Pass数据：IDP_GetPassItem2：nLayerIndex{21}nPassID{1}nProcState{3}LPPassDataItemb:PrtDir{True}nDataTxCompleteCnt{1}nHwMemAdrMatchMask{1}nLayerIndex{21}nLayerPassCount{6}nLayerPassIndex{1}nMinJet0ImgLinePos{1280}nPrtMemHwAddr{System.UInt32[]}nPrtDataOffset{System.UInt32[]}nSrcDataSize{System.UInt32[]}nPrtColBytes{System.UInt32[]}nPrtPrecession{8}nSrcEndCols{8000}nSrcStartCols{0}nStartEncPos{10000}nValidPassJets{1280}nValidPrtCols{8310}nValidPrtCtlCnts{1}pDataBuf{0}pNextItem{674361056}
2023-04-07 22:43:02,858 [AppLog] INFO : 使能Pass打印成功：IDP_DoPassPrint2：nLayerIndex{21}nPassID{1}
2023-04-07 22:43:02,858 [AppLog] INFO : PASS打印前关键状态：DEV_GetDeviceInfo2：nLayerIndex{21}nPassID{1}LPPRINTER_INFO:nXSysEncDPI{0}nStatus{0}nPrintStatus{0}bSuperDevice{0}
LPPRINTER_INFO-LPPrtRunInfo:bJobPrtRuning{False}bLayerPrtIsOver{False}nContReqMemErr{0}nContWDErr{0}nCurPrtDir{0}nDTLayerIndex{0}nDTLayerPassIndex{0}nDTPtrCtlIndex{0}nLayerPassCount{0}nPrintLayerIndex{0}nPrintPassIndex{0}nProcLayerIndex{0}nPrtDataMemAddr{0}nPrtState{0}nReverse{System.Int32[]}nRevPrtCols{0}
LPPRINTER_INFO-LPDRVINFO:nFMVersion{0}nFpgaVersion{0}nPCBVersion{0}nState{0}nNextState{0}nPtvwarnState{0}nCrc32{0}nRevInfo{System.UInt32[]}nSignature{0}
2023-04-07 22:43:02,858 [AppLog] INFO : 进入：EquipmentMotionLogic3=》准备创建对象-手动操作！
2023-04-07 22:43:02,858 [AppLog] INFO : 进入：EquipmentMotionLogic3=》不需重新创建-手动操作！
2023-04-07 22:43:02,858 [AppLog] INFO : 进入：EquipmentMotionLogic3=》赋值完成自-AutoPrintMotion2！
2023-04-07 22:43:02,858 [AppLog] INFO : 进入：EquipmentMotionLogic3=》加载配置文件-LoadJsonFile成功！
2023-04-07 22:43:02,858 [AppLog] INFO : 进入：AutoPrintThread2！
2023-04-07 22:43:02,858 [AppLog] INFO : 准备读取编码器位置：X方向！
2023-04-07 22:43:02,858 [AppLog] INFO : 准备运动，当前位置：DEV_GetPrintEncoderValue：MoveDirectionFlag{false为Y方向：False}CurrentPos{22.41}AimPos{425}
2023-04-07 22:43:02,889 [AppLog] INFO : X方向运动开始：DEM_Run：返回值{True}nAxis{0}DirFlag{True}nSpeed{300000}MoveStep{402590}nCtlValue{2}
2023-04-07 22:43:04,777 [AppLog] INFO : X方向到位停止：DEM_StopAxisRun：返回值{True}CurrentPos{419.15}bImmeStop{False}nAxisMask{1}
2023-04-07 22:43:04,777 [AppLog] INFO : 准备读取编码器位置：Y方向！
2023-04-07 22:43:04,777 [AppLog] INFO : 准备运动，编码器当前位置：DEM_GetAxisEncodeVal：MoveDirectionFlag{false为Y方向：True}CurrentPos{68.93}AimPos{123}
2023-04-07 22:43:04,808 [AppLog] INFO : Y方向运动开始：DEM_Run：返回值{True}nAxis{1}DirFlag{True}nSpeed{300000}MoveStep{54070}nCtlValue{0}
2023-04-07 22:43:04,995 [AppLog] INFO : Y方向到位停止：DEM_StopAxisRun：返回值{True}CurrentPos{79.17}bImmeStop{False}nAxisMask{2}
2023-04-07 22:43:04,995 [AppLog] INFO : 获取打印Pass数据：IDP_GetPassItem2：nLayerIndex{21}nPassID{2}nProcState{3}LPPassDataItemb:PrtDir{False}nDataTxCompleteCnt{1}nHwMemAdrMatchMask{1}nLayerIndex{21}nLayerPassCount{6}nLayerPassIndex{2}nMinJet0ImgLinePos{2560}nPrtMemHwAddr{System.UInt32[]}nPrtDataOffset{System.UInt32[]}nSrcDataSize{System.UInt32[]}nPrtColBytes{System.UInt32[]}nPrtPrecession{8}nSrcEndCols{8000}nSrcStartCols{0}nStartEncPos{76472}nValidPassJets{1280}nValidPrtCols{8310}nValidPrtCtlCnts{1}pDataBuf{0}pNextItem{674361216}
2023-04-07 22:43:05,011 [AppLog] INFO : 使能Pass打印成功：IDP_DoPassPrint2：nLayerIndex{21}nPassID{2}
2023-04-07 22:43:05,026 [AppLog] INFO : PASS打印前关键状态：DEV_GetDeviceInfo2：nLayerIndex{21}nPassID{2}LPPRINTER_INFO:nXSysEncDPI{0}nStatus{0}nPrintStatus{0}bSuperDevice{0}
LPPRINTER_INFO-LPPrtRunInfo:bJobPrtRuning{False}bLayerPrtIsOver{False}nContReqMemErr{0}nContWDErr{0}nCurPrtDir{0}nDTLayerIndex{0}nDTLayerPassIndex{0}nDTPtrCtlIndex{0}nLayerPassCount{0}nPrintLayerIndex{0}nPrintPassIndex{0}nProcLayerIndex{0}nPrtDataMemAddr{0}nPrtState{0}nReverse{System.Int32[]}nRevPrtCols{0}
LPPRINTER_INFO-LPDRVINFO:nFMVersion{0}nFpgaVersion{0}nPCBVersion{0}nState{0}nNextState{0}nPtvwarnState{0}nCrc32{0}nRevInfo{System.UInt32[]}nSignature{0}
2023-04-07 22:43:05,026 [AppLog] INFO : 进入：EquipmentMotionLogic3=》准备创建对象-手动操作！
2023-04-07 22:43:05,026 [AppLog] INFO : 进入：EquipmentMotionLogic3=》不需重新创建-手动操作！
2023-04-07 22:43:05,026 [AppLog] INFO : 进入：EquipmentMotionLogic3=》赋值完成自-AutoPrintMotion2！
2023-04-07 22:43:05,026 [AppLog] INFO : 进入：EquipmentMotionLogic3=》加载配置文件-LoadJsonFile成功！
2023-04-07 22:43:05,026 [AppLog] INFO : 进入：AutoPrintThread2！
2023-04-07 22:43:05,026 [AppLog] INFO : 准备读取编码器位置：X方向！
2023-04-07 22:43:05,026 [AppLog] INFO : 准备运动，当前位置：DEV_GetPrintEncoderValue：MoveDirectionFlag{false为Y方向：False}CurrentPos{423.345}AimPos{25}
2023-04-07 22:43:05,057 [AppLog] INFO : X方向运动开始：DEM_Run：返回值{True}nAxis{0}DirFlag{False}nSpeed{300000}MoveStep{-398345}nCtlValue{2}
2023-04-07 22:43:06,929 [AppLog] INFO : X方向到位停止：DEM_StopAxisRun：返回值{True}CurrentPos{30.805}bImmeStop{False}nAxisMask{1}
2023-04-07 22:43:06,929 [AppLog] INFO : 准备读取编码器位置：Y方向！
2023-04-07 22:43:06,929 [AppLog] INFO : 准备运动，编码器当前位置：DEM_GetAxisEncodeVal：MoveDirectionFlag{false为Y方向：True}CurrentPos{122.865}AimPos{177}
2023-04-07 22:43:06,961 [AppLog] INFO : Y方向运动开始：DEM_Run：返回值{True}nAxis{1}DirFlag{True}nSpeed{300000}MoveStep{54135}nCtlValue{0}
2023-04-07 22:43:07,148 [AppLog] INFO : Y方向到位停止：DEM_StopAxisRun：返回值{True}CurrentPos{133.205}bImmeStop{False}nAxisMask{2}
2023-04-07 22:43:07,148 [AppLog] INFO : 获取打印Pass数据：IDP_GetPassItem2：nLayerIndex{21}nPassID{3}nProcState{3}LPPassDataItemb:PrtDir{True}nDataTxCompleteCnt{1}nHwMemAdrMatchMask{1}nLayerIndex{21}nLayerPassCount{6}nLayerPassIndex{3}nMinJet0ImgLinePos{3840}nPrtMemHwAddr{System.UInt32[]}nPrtDataOffset{System.UInt32[]}nSrcDataSize{System.UInt32[]}nPrtColBytes{System.UInt32[]}nPrtPrecession{8}nSrcEndCols{8000}nSrcStartCols{0}nStartEncPos{10000}nValidPassJets{1280}nValidPrtCols{8310}nValidPrtCtlCnts{1}pDataBuf{0}pNextItem{674361376}
2023-04-07 22:43:07,163 [AppLog] INFO : 使能Pass打印成功：IDP_DoPassPrint2：nLayerIndex{21}nPassID{3}
2023-04-07 22:43:07,163 [AppLog] INFO : PASS打印前关键状态：DEV_GetDeviceInfo2：nLayerIndex{21}nPassID{3}LPPRINTER_INFO:nXSysEncDPI{0}nStatus{0}nPrintStatus{0}bSuperDevice{0}
LPPRINTER_INFO-LPPrtRunInfo:bJobPrtRuning{False}bLayerPrtIsOver{False}nContReqMemErr{0}nContWDErr{0}nCurPrtDir{0}nDTLayerIndex{0}nDTLayerPassIndex{0}nDTPtrCtlIndex{0}nLayerPassCount{0}nPrintLayerIndex{0}nPrintPassIndex{0}nProcLayerIndex{0}nPrtDataMemAddr{0}nPrtState{0}nReverse{System.Int32[]}nRevPrtCols{0}
LPPRINTER_INFO-LPDRVINFO:nFMVersion{0}nFpgaVersion{0}nPCBVersion{0}nState{0}nNextState{0}nPtvwarnState{0}nCrc32{0}nRevInfo{System.UInt32[]}nSignature{0}
2023-04-07 22:43:07,163 [AppLog] INFO : 进入：EquipmentMotionLogic3=》准备创建对象-手动操作！
2023-04-07 22:43:07,163 [AppLog] INFO : 进入：EquipmentMotionLogic3=》不需重新创建-手动操作！
2023-04-07 22:43:07,163 [AppLog] INFO : 进入：EquipmentMotionLogic3=》赋值完成自-AutoPrintMotion2！
2023-04-07 22:43:07,163 [AppLog] INFO : 进入：EquipmentMotionLogic3=》加载配置文件-LoadJsonFile成功！
2023-04-07 22:43:07,163 [AppLog] INFO : 进入：AutoPrintThread2！
2023-04-07 22:43:07,163 [AppLog] INFO : 准备读取编码器位置：X方向！
2023-04-07 22:43:07,163 [AppLog] INFO : 准备运动，当前位置：DEV_GetPrintEncoderValue：MoveDirectionFlag{false为Y方向：False}CurrentPos{26.605}AimPos{425}
2023-04-07 22:43:07,195 [AppLog] INFO : X方向运动开始：DEM_Run：返回值{True}nAxis{0}DirFlag{True}nSpeed{300000}MoveStep{398395}nCtlValue{2}
2023-04-07 22:43:09,082 [AppLog] INFO : X方向到位停止：DEM_StopAxisRun：返回值{True}CurrentPos{419.46}bImmeStop{False}nAxisMask{1}
2023-04-07 22:43:09,082 [AppLog] INFO : 准备读取编码器位置：Y方向！
2023-04-07 22:43:09,082 [AppLog] INFO : 准备运动，编码器当前位置：DEM_GetAxisEncodeVal：MoveDirectionFlag{false为Y方向：True}CurrentPos{176.875}AimPos{231}
2023-04-07 22:43:09,113 [AppLog] INFO : Y方向运动开始：DEM_Run：返回值{True}nAxis{1}DirFlag{True}nSpeed{300000}MoveStep{54125}nCtlValue{0}
2023-04-07 22:43:09,316 [AppLog] INFO : Y方向到位停止：DEM_StopAxisRun：返回值{True}CurrentPos{190.555}bImmeStop{False}nAxisMask{2}
2023-04-07 22:43:09,316 [AppLog] INFO : 获取打印Pass数据：IDP_GetPassItem2：nLayerIndex{21}nPassID{4}nProcState{3}LPPassDataItemb:PrtDir{False}nDataTxCompleteCnt{1}nHwMemAdrMatchMask{1}nLayerIndex{21}nLayerPassCount{6}nLayerPassIndex{4}nMinJet0ImgLinePos{5120}nPrtMemHwAddr{System.UInt32[]}nPrtDataOffset{System.UInt32[]}nSrcDataSize{System.UInt32[]}nPrtColBytes{System.UInt32[]}nPrtPrecession{8}nSrcEndCols{8000}nSrcStartCols{0}nStartEncPos{76472}nValidPassJets{1280}nValidPrtCols{8310}nValidPrtCtlCnts{1}pDataBuf{0}pNextItem{674361536}
2023-04-07 22:43:09,347 [AppLog] INFO : 使能Pass打印成功：IDP_DoPassPrint2：nLayerIndex{21}nPassID{4}
2023-04-07 22:43:09,347 [AppLog] INFO : PASS打印前关键状态：DEV_GetDeviceInfo2：nLayerIndex{21}nPassID{4}LPPRINTER_INFO:nXSysEncDPI{0}nStatus{0}nPrintStatus{0}bSuperDevice{0}
LPPRINTER_INFO-LPPrtRunInfo:bJobPrtRuning{False}bLayerPrtIsOver{False}nContReqMemErr{0}nContWDErr{0}nCurPrtDir{0}nDTLayerIndex{0}nDTLayerPassIndex{0}nDTPtrCtlIndex{0}nLayerPassCount{0}nPrintLayerIndex{0}nPrintPassIndex{0}nProcLayerIndex{0}nPrtDataMemAddr{0}nPrtState{0}nReverse{System.Int32[]}nRevPrtCols{0}
LPPRINTER_INFO-LPDRVINFO:nFMVersion{0}nFpgaVersion{0}nPCBVersion{0}nState{0}nNextState{0}nPtvwarnState{0}nCrc32{0}nRevInfo{System.UInt32[]}nSignature{0}
2023-04-07 22:43:09,347 [AppLog] INFO : 进入：EquipmentMotionLogic3=》准备创建对象-手动操作！
2023-04-07 22:43:09,347 [AppLog] INFO : 进入：EquipmentMotionLogic3=》不需重新创建-手动操作！
2023-04-07 22:43:09,347 [AppLog] INFO : 进入：EquipmentMotionLogic3=》赋值完成自-AutoPrintMotion2！
2023-04-07 22:43:09,347 [AppLog] INFO : 进入：EquipmentMotionLogic3=》加载配置文件-LoadJsonFile成功！
2023-04-07 22:43:09,347 [AppLog] INFO : 进入：AutoPrintThread2！
2023-04-07 22:43:09,347 [AppLog] INFO : 准备读取编码器位置：X方向！
2023-04-07 22:43:09,363 [AppLog] INFO : 准备运动，当前位置：DEV_GetPrintEncoderValue：MoveDirectionFlag{false为Y方向：False}CurrentPos{423.39}AimPos{25}
2023-04-07 22:43:09,394 [AppLog] INFO : X方向运动开始：DEM_Run：返回值{True}nAxis{0}DirFlag{False}nSpeed{300000}MoveStep{-398390}nCtlValue{2}
2023-04-07 22:43:11,266 [AppLog] INFO : X方向到位停止：DEM_StopAxisRun：返回值{True}CurrentPos{31.475}bImmeStop{False}nAxisMask{1}
2023-04-07 22:43:11,266 [AppLog] INFO : 准备读取编码器位置：Y方向！
2023-04-07 22:43:11,266 [AppLog] INFO : 准备运动，编码器当前位置：DEM_GetAxisEncodeVal：MoveDirectionFlag{false为Y方向：True}CurrentPos{230.935}AimPos{285}
2023-04-07 22:43:11,297 [AppLog] INFO : Y方向运动开始：DEM_Run：返回值{True}nAxis{1}DirFlag{True}nSpeed{300000}MoveStep{54065}nCtlValue{0}
2023-04-07 22:43:11,485 [AppLog] INFO : Y方向到位停止：DEM_StopAxisRun：返回值{True}CurrentPos{241.275}bImmeStop{False}nAxisMask{2}
2023-04-07 22:43:11,485 [AppLog] INFO : 获取打印Pass数据：IDP_GetPassItem2：nLayerIndex{21}nPassID{5}nProcState{3}LPPassDataItemb:PrtDir{True}nDataTxCompleteCnt{1}nHwMemAdrMatchMask{1}nLayerIndex{21}nLayerPassCount{6}nLayerPassIndex{5}nMinJet0ImgLinePos{6400}nPrtMemHwAddr{System.UInt32[]}nPrtDataOffset{System.UInt32[]}nSrcDataSize{System.UInt32[]}nPrtColBytes{System.UInt32[]}nPrtPrecession{8}nSrcEndCols{8000}nSrcStartCols{0}nStartEncPos{10000}nValidPassJets{1280}nValidPrtCols{8310}nValidPrtCtlCnts{1}pDataBuf{0}pNextItem{0}
2023-04-07 22:43:11,500 [AppLog] INFO : 使能Pass打印成功：IDP_DoPassPrint2：nLayerIndex{21}nPassID{5}
2023-04-07 22:43:11,500 [AppLog] INFO : PASS打印前关键状态：DEV_GetDeviceInfo2：nLayerIndex{21}nPassID{5}LPPRINTER_INFO:nXSysEncDPI{0}nStatus{0}nPrintStatus{0}bSuperDevice{0}
LPPRINTER_INFO-LPPrtRunInfo:bJobPrtRuning{False}bLayerPrtIsOver{False}nContReqMemErr{0}nContWDErr{0}nCurPrtDir{0}nDTLayerIndex{0}nDTLayerPassIndex{0}nDTPtrCtlIndex{0}nLayerPassCount{0}nPrintLayerIndex{0}nPrintPassIndex{0}nProcLayerIndex{0}nPrtDataMemAddr{0}nPrtState{0}nReverse{System.Int32[]}nRevPrtCols{0}
LPPRINTER_INFO-LPDRVINFO:nFMVersion{0}nFpgaVersion{0}nPCBVersion{0}nState{0}nNextState{0}nPtvwarnState{0}nCrc32{0}nRevInfo{System.UInt32[]}nSignature{0}
2023-04-07 22:43:11,500 [AppLog] INFO : 进入：EquipmentMotionLogic3=》准备创建对象-手动操作！
2023-04-07 22:43:11,500 [AppLog] INFO : 进入：EquipmentMotionLogic3=》不需重新创建-手动操作！
2023-04-07 22:43:11,500 [AppLog] INFO : 进入：EquipmentMotionLogic3=》赋值完成自-AutoPrintMotion2！
2023-04-07 22:43:11,500 [AppLog] INFO : 进入：EquipmentMotionLogic3=》加载配置文件-LoadJsonFile成功！
2023-04-07 22:43:11,500 [AppLog] INFO : 进入：AutoPrintThread2！
2023-04-07 22:43:11,500 [AppLog] INFO : 准备读取编码器位置：X方向！
2023-04-07 22:43:11,500 [AppLog] INFO : 准备运动，当前位置：DEV_GetPrintEncoderValue：MoveDirectionFlag{false为Y方向：False}CurrentPos{26.615}AimPos{425}
2023-04-07 22:43:11,531 [AppLog] INFO : X方向运动开始：DEM_Run：返回值{True}nAxis{0}DirFlag{True}nSpeed{300000}MoveStep{398385}nCtlValue{2}
2023-04-07 22:43:13,435 [AppLog] INFO : X方向到位停止：DEM_StopAxisRun：返回值{True}CurrentPos{420.175}bImmeStop{False}nAxisMask{1}
2023-04-07 22:43:13,435 [AppLog] INFO : 准备读取编码器位置：X方向！
2023-04-07 22:43:13,450 [AppLog] INFO : 准备运动，当前位置：DEV_GetPrintEncoderValue：MoveDirectionFlag{false为Y方向：False}CurrentPos{420.33}AimPos{780}
2023-04-07 22:43:13,481 [AppLog] INFO : X方向运动开始：DEM_Run：返回值{True}nAxis{0}DirFlag{True}nSpeed{300000}MoveStep{359670}nCtlValue{2}
2023-04-07 22:43:13,481 [AppLog] INFO : 准备读取编码器位置：Y方向！
2023-04-07 22:43:13,481 [AppLog] INFO : 准备运动，编码器当前位置：DEM_GetAxisEncodeVal：MoveDirectionFlag{false为Y方向：True}CurrentPos{284.9}AimPos{121}
2023-04-07 22:43:13,513 [AppLog] INFO : Y方向运动开始：DEM_Run：返回值{True}nAxis{1}DirFlag{False}nSpeed{300000}MoveStep{-163900}nCtlValue{0}
2023-04-07 22:43:14,371 [AppLog] INFO : 关闭闪喷操作：IDP_FlashPrtCtl：返回值{True}
2023-04-07 22:43:14,371 [AppLog] INFO : 删除打印任务：准备删除数据处理及打印线程
2023-04-07 22:43:14,417 [AppLog] INFO : 对象发生异常，区间位点2：System.Threading.ThreadAbortException: 正在中止线程。
   在 royal.royal.DEM_AxisIsRuning(UInt32 nAxis, Boolean& pDir, UInt32& pRPos)
   在 BinderJetting.手动操作.WaitStop(Int32 Axis)
   在 BinderJetting.手动操作.AutoPrintThread2(Int32 Command, Int32 PassIndex, Single m_MovSpeed, Single m_BackCleanMovSpeed, SendMessageToCamera& toCamera, Int32 RecordLayerIndex, Int32 RecordProcessIndex)
   在 BinderJetting.主界面.EquipmentMotionLogic3(Int32 index, Int32 Command, Int32 PassIndex, Single m_MovSpeed, Single m_BackCleanMovSpeed, SendMessageToCamera& toCamera, Int32 RecordLayerIndex, Int32 RecordProcessIndex)
2023-04-07 22:43:14,495 [AppLog] INFO : 关闭打印线程成功：PrintTaskTHREAD
2023-04-07 22:43:14,495 [AppLog] INFO : 关闭打印线程成功：DataTaskTHREAD
2023-04-07 22:43:14,495 [AppLog] INFO : 停止打印任务，释放板卡内存：IDP_StopPrintJob()：ReturnFlag{True}
2023-04-07 22:43:15,634 [AppLog] INFO : 进入手动调试子模块！
2023-04-07 22:43:15,634 [AppLog] INFO : 进入：ManulBtn_Click=》准备创建对象-手动操作！
2023-04-07 22:43:15,650 [AppLog] INFO : 创建：ManualControl=》创建完成-手动操作！
2023-04-07 22:43:15,650 [AppLog] INFO : 加载成功：温控Modbus接口！
2023-04-07 22:43:18,068 [AppLog] INFO : 手动控制墨车运动开启，沿X轴右侧方向运动 ====》：nAxis{0},Dir{true},nPlsSpeed{50000},nPlsCount{750000},cControlFlag{2}
2023-04-07 22:43:18,442 [AppLog] INFO : 手动控制墨车运动带减速停止：沿X轴方向运动 ====》《=== ====: bImmeStop{false},nAxisMask{0x1}
2023-04-07 22:43:19,581 [AppLog] INFO : 手动控制墨车运动开启：沿Y轴后侧方向运动 ↓↓↓：nAxis{{1}},Dir{{true}},nPlsSpeed{{{nSpeed}}},nPlsCount{{750000}},cControlFlag{{{nCtlValue}}}
2023-04-07 22:43:22,888 [AppLog] INFO : 手动控制墨车运动带减速停止：沿Y轴方向运动 ↑↑↑↓↓↓ ====: bImmeStop{{false}},nAxisMask{{0x2}}
2023-04-07 22:43:24,183 [AppLog] INFO : 手动控制墨车运动开启：沿Y轴后侧方向运动 ↓↓↓：nAxis{{1}},Dir{{true}},nPlsSpeed{{{nSpeed}}},nPlsCount{{750000}},cControlFlag{{{nCtlValue}}}
2023-04-07 22:43:24,277 [AppLog] INFO : 手动控制墨车运动带减速停止：沿Y轴方向运动 ↑↑↑↓↓↓ ====: bImmeStop{{false}},nAxisMask{{0x2}}
2023-04-07 22:43:24,791 [AppLog] INFO : 手动控制墨车运动开启：沿X轴左侧方向运动 《====：nAxis{{0}},Dir{{false}},nPlsSpeed{{{nSpeed}}},nPlsCount{{750000}},cControlFlag{{{nCtlValue}}}
2023-04-07 22:43:25,135 [AppLog] INFO : 手动控制墨车运动带减速停止：沿X轴方向运动 ====》《=== ====: bImmeStop{false},nAxisMask{0x1}
2023-04-07 22:44:20,780 [AppLog] INFO : 手动开启自动清洗过程：AutoCleanBtn_Click
2023-04-07 22:44:20,780 [AppLog] INFO : 进入自动清洗过程：AutoCleanThread
2023-04-07 22:44:21,747 [AppLog] INFO : 刮墨轴回零成功：motionMap.SetBackSpreaderAxis(4, 1, 2, -SinkPosition)
2023-04-07 22:44:21,747 [AppLog] INFO : 准备读取编码器位置：Y方向！
2023-04-07 22:44:21,747 [AppLog] INFO : 准备运动，编码器当前位置：DEM_GetAxisEncodeVal：MoveDirectionFlag{false为Y方向：True}CurrentPos{316.725}AimPos{121}
2023-04-07 22:44:21,778 [AppLog] INFO : Y方向运动开始：DEM_Run：返回值{True}nAxis{1}DirFlag{False}nSpeed{300000}MoveStep{-195725}nCtlValue{0}
2023-04-07 22:44:22,433 [AppLog] INFO : Y方向到位停止：DEM_StopAxisRun：返回值{True}CurrentPos{164.185}bImmeStop{False}nAxisMask{2}
2023-04-07 22:44:22,433 [AppLog] INFO : 准备读取编码器位置：X方向！
2023-04-07 22:44:22,433 [AppLog] INFO : 准备运动，当前位置：DEV_GetPrintEncoderValue：MoveDirectionFlag{false为Y方向：False}CurrentPos{773.32}AimPos{780}
2023-04-07 22:44:22,465 [AppLog] INFO : X方向运动开始：DEM_Run：返回值{True}nAxis{0}DirFlag{True}nSpeed{300000}MoveStep{6679.99999999995}nCtlValue{2}
2023-04-07 22:44:22,730 [AppLog] INFO : X方向到位停止：DEM_StopAxisRun：返回值{True}CurrentPos{778.72}bImmeStop{False}nAxisMask{1}
2023-04-07 22:44:23,557 [AppLog] INFO : 开启压墨： motionMap.SetDo(13, true)
2023-04-07 22:44:27,566 [AppLog] INFO : 关闭压墨： motionMap.SetDo(13, true)
2023-04-07 22:44:27,566 [AppLog] INFO : 准备读取编码器位置：X方向！
2023-04-07 22:44:27,566 [AppLog] INFO : 准备运动，当前位置：DEV_GetPrintEncoderValue：MoveDirectionFlag{false为Y方向：False}CurrentPos{779.645}AimPos{680}
2023-04-07 22:44:27,597 [AppLog] INFO : X方向运动开始：DEM_Run：返回值{True}nAxis{0}DirFlag{False}nSpeed{50000}MoveStep{-99645}nCtlValue{2}
2023-04-07 22:44:29,641 [AppLog] INFO : X方向到位停止：DEM_StopAxisRun：返回值{True}CurrentPos{683.945}bImmeStop{False}nAxisMask{1}
2023-04-07 22:44:30,467 [AppLog] INFO : 结束自动清洗过程：AutoCleanThread
2023-04-07 22:44:31,871 [AppLog] INFO : 手动停止自动清洗过程：AutoCleanBtn_Click
2023-04-07 22:44:33,634 [AppLog] INFO : 退出手动调试子模块，未执行修改
==========================================================================
2023-04-07 22:44:35,927 [AppLog] INFO : 启动打印任务：准备开启数据处理及打印线程
2023-04-07 22:44:35,943 [AppLog] INFO : 停止打印任务，释放板卡内存：IDP_StopPrintJob()：ReturnFlag{True}
2023-04-07 22:44:35,943 [AppLog] INFO : 启动打印线程成功： DataTaskTHREAD
2023-04-07 22:44:35,943 [AppLog] INFO : 启动打印线程成功：PrintTaskTHREAD
2023-04-07 22:44:35,959 [AppLog] INFO : 写入打印参数：IDP_SartPrintJob：nJobID{1}szJobName{金属3DP打印}nPixelGrayBits{1} nPrtCtl{0}nPrtXEncPos{10000}fPrtYPos{0}
2023-04-07 22:44:35,959 [AppLog] INFO : 进入：EquipmentMotionLogic3=》准备创建对象-手动操作！
2023-04-07 22:44:35,959 [AppLog] INFO : 创建：AutoPrintMotion4=》不需重新创建-手动操作！
2023-04-07 22:44:35,959 [AppLog] INFO : 准备处理第1层数据：准备调用RenderToWic，index为0，subindex为0，g_nRePrintTimes为1，起始层为0
2023-04-07 22:44:36,130 [AppLog] INFO : 完成处理第0层数据：准备调用DrawLayerBMP，index为0，起始层为0
2023-04-07 22:44:36,130 [AppLog] INFO : 完成处理第0层数据：准备调用DrawLayerBMP，index为0，起始层为0
2023-04-07 22:44:36,863 [AppLog] INFO : 作业写入成功：IDP_WriteImgLayerData：bpp:{1bit}灰阶:{1阶}nLayerIndex{0}LayerIndex{0}SubIndex{0}RePrintTimes{1}nBytesPerLine{1004}nWidth{8001}nHeight{7560}nXEncOff{0}nYJetOff{0}nImgStartJetIndex{0}nXDPI{635}nYDPI{600}nPrtDir{0} nPrtFlag{1}nColorCnts{1}nReserved{System.Int32[]}
2023-04-07 22:44:36,863 [AppLog] INFO : 完成处理第1层数据：准备调用RenderToWic，index为0，subindex为0，g_nRePrintTimes为1，起始层为0
2023-04-07 22:44:36,895 [AppLog] INFO : 准备处理第1层数据：准备调用RenderToWic，index为0，subindex为1，g_nRePrintTimes为1，起始层为0
2023-04-07 22:44:37,066 [AppLog] INFO : 完成处理第0层数据：准备调用DrawLayerBMP，index为0，起始层为0
2023-04-07 22:44:37,066 [AppLog] INFO : 完成处理第0层数据：准备调用DrawLayerBMP，index为0，起始层为0
2023-04-07 22:44:37,784 [AppLog] INFO : 作业写入成功：IDP_WriteImgLayerData：bpp:{1bit}灰阶:{1阶}nLayerIndex{1}LayerIndex{0}SubIndex{1}RePrintTimes{1}nBytesPerLine{1004}nWidth{8001}nHeight{7560}nXEncOff{0}nYJetOff{0}nImgStartJetIndex{0}nXDPI{635}nYDPI{600}nPrtDir{0} nPrtFlag{1}nColorCnts{1}nReserved{System.Int32[]}
2023-04-07 22:44:37,784 [AppLog] INFO : 完成处理第1层数据：准备调用RenderToWic，index为0，subindex为1，g_nRePrintTimes为1，起始层为0
2023-04-07 22:44:37,784 [AppLog] INFO : 准备处理第1层数据：准备调用RenderToWic，index为1，subindex为0，g_nRePrintTimes为1，起始层为0
2023-04-07 22:44:37,799 [AppLog] INFO : 关闭自动供墨：DEV_EnableInkAutoSupply：ControlBit{0xX}
2023-04-07 22:44:37,799 [AppLog] INFO : 初始化墨轴1：DEM_InitAxis：{0, 0x100}
2023-04-07 22:44:37,815 [AppLog] INFO : 初始化墨轴2：DEM_InitAxis：{1, 0x1400}
2023-04-07 22:44:37,831 [AppLog] INFO : 初始化墨轴3：DEM_InitAxis：{1, 0x1400}
2023-04-07 22:44:37,831 [AppLog] INFO : 使能所有墨轴：DEM_EnableAxisRun：{true}
2023-04-07 22:44:37,831 [AppLog] INFO : 使能双Y墨轴输出同步：DEM_EnableDYOutPut：{true, true}
2023-04-07 22:44:37,831 [AppLog] INFO : 初始化墨轴1：DEM_InitAxis：{0, 0x100}
2023-04-07 22:44:37,846 [AppLog] INFO : 使能所有墨轴：DEM_EnableAxisRun：{true}
2023-04-07 22:44:37,846 [AppLog] INFO : 开启自动供墨：DEV_EnableInkAutoSupply：ControlBit{0xFF}
2023-04-07 22:44:37,862 [AppLog] INFO : 接收到恢复打印指令：PrintTaskTHREAD
2023-04-07 22:44:37,862 [AppLog] INFO : 获取打印Pass数据：IDP_GetPassItem2：nLayerIndex{1}nPassID{0}nProcState{3}LPPassDataItemb:PrtDir{False}nDataTxCompleteCnt{1}nHwMemAdrMatchMask{1}nLayerIndex{1}nLayerPassCount{6}nLayerPassIndex{0}nMinJet0ImgLinePos{0}nPrtMemHwAddr{System.UInt32[]}nPrtDataOffset{System.UInt32[]}nSrcDataSize{System.UInt32[]}nPrtColBytes{System.UInt32[]}nPrtPrecession{8}nSrcEndCols{8000}nSrcStartCols{0}nStartEncPos{76472}nValidPassJets{1280}nValidPrtCols{8310}nValidPrtCtlCnts{1}pDataBuf{0}pNextItem{674197184}
2023-04-07 22:44:37,877 [AppLog] INFO : 使能Pass打印成功：IDP_DoPassPrint2：nLayerIndex{1}nPassID{0}
2023-04-07 22:44:37,877 [AppLog] INFO : PASS打印前关键状态：DEV_GetDeviceInfo2：nLayerIndex{1}nPassID{0}LPPRINTER_INFO:nXSysEncDPI{0}nStatus{0}nPrintStatus{0}bSuperDevice{0}
LPPRINTER_INFO-LPPrtRunInfo:bJobPrtRuning{False}bLayerPrtIsOver{False}nContReqMemErr{0}nContWDErr{0}nCurPrtDir{0}nDTLayerIndex{0}nDTLayerPassIndex{0}nDTPtrCtlIndex{0}nLayerPassCount{0}nPrintLayerIndex{0}nPrintPassIndex{0}nProcLayerIndex{0}nPrtDataMemAddr{0}nPrtState{0}nReverse{System.Int32[]}nRevPrtCols{0}
LPPRINTER_INFO-LPDRVINFO:nFMVersion{0}nFpgaVersion{0}nPCBVersion{0}nState{0}nNextState{0}nPtvwarnState{0}nCrc32{0}nRevInfo{System.UInt32[]}nSignature{0}
2023-04-07 22:44:37,877 [AppLog] INFO : 进入：EquipmentMotionLogic3=》准备创建对象-手动操作！
2023-04-07 22:44:37,877 [AppLog] INFO : 进入：EquipmentMotionLogic3=》不需重新创建-手动操作！
2023-04-07 22:44:37,877 [AppLog] INFO : 进入：EquipmentMotionLogic3=》赋值完成自-AutoPrintMotion2！
2023-04-07 22:44:37,877 [AppLog] INFO : 进入：EquipmentMotionLogic3=》加载配置文件-LoadJsonFile成功！
2023-04-07 22:44:37,877 [AppLog] INFO : 进入自动清洗过程：AutoCleanThread
2023-04-07 22:44:37,971 [AppLog] INFO : 完成处理第1层数据：准备调用DrawLayerBMP，index为1，起始层为0
2023-04-07 22:44:37,971 [AppLog] INFO : 完成处理第1层数据：准备调用DrawLayerBMP，index为1，起始层为0
2023-04-07 22:44:38,704 [AppLog] INFO : 作业写入成功：IDP_WriteImgLayerData：bpp:{1bit}灰阶:{1阶}nLayerIndex{2}LayerIndex{1}SubIndex{1}RePrintTimes{1}nBytesPerLine{1004}nWidth{8001}nHeight{7560}nXEncOff{0}nYJetOff{0}nImgStartJetIndex{0}nXDPI{635}nYDPI{600}nPrtDir{0} nPrtFlag{1}nColorCnts{1}nReserved{System.Int32[]}
2023-04-07 22:44:38,704 [AppLog] INFO : 完成处理第1层数据：准备调用RenderToWic，index为1，subindex为0，g_nRePrintTimes为1，起始层为0
2023-04-07 22:44:38,720 [AppLog] INFO : 准备处理第1层数据：准备调用RenderToWic，index为2，subindex为0，g_nRePrintTimes为1，起始层为0
2023-04-07 22:44:38,845 [AppLog] INFO : 刮墨轴回零成功：motionMap.SetBackSpreaderAxis(4, 1, 2, -SinkPosition)
2023-04-07 22:44:38,845 [AppLog] INFO : 准备读取编码器位置：Y方向！
2023-04-07 22:44:38,845 [AppLog] INFO : 准备运动，编码器当前位置：DEM_GetAxisEncodeVal：MoveDirectionFlag{false为Y方向：True}CurrentPos{121.485}AimPos{121}
2023-04-07 22:44:38,876 [AppLog] INFO : Y方向运动开始：DEM_Run：返回值{True}nAxis{1}DirFlag{False}nSpeed{300000}MoveStep{-484.999999999999}nCtlValue{0}
2023-04-07 22:44:38,876 [AppLog] INFO : Y方向到位停止：DEM_StopAxisRun：返回值{True}CurrentPos{121.485}bImmeStop{False}nAxisMask{2}
2023-04-07 22:44:38,876 [AppLog] INFO : 准备读取编码器位置：X方向！
2023-04-07 22:44:38,876 [AppLog] INFO : 准备运动，当前位置：DEV_GetPrintEncoderValue：MoveDirectionFlag{false为Y方向：False}CurrentPos{680.635}AimPos{780}
2023-04-07 22:44:38,907 [AppLog] INFO : 完成处理第2层数据：准备调用DrawLayerBMP，index为2，起始层为0
2023-04-07 22:44:38,907 [AppLog] INFO : 完成处理第2层数据：准备调用DrawLayerBMP，index为2，起始层为0
2023-04-07 22:44:38,923 [AppLog] INFO : X方向运动开始：DEM_Run：返回值{True}nAxis{0}DirFlag{True}nSpeed{300000}MoveStep{99365}nCtlValue{2}
2023-04-07 22:44:39,625 [AppLog] INFO : 作业写入成功：IDP_WriteImgLayerData：bpp:{1bit}灰阶:{1阶}nLayerIndex{3}LayerIndex{2}SubIndex{1}RePrintTimes{1}nBytesPerLine{1004}nWidth{8001}nHeight{7560}nXEncOff{0}nYJetOff{0}nImgStartJetIndex{0}nXDPI{635}nYDPI{600}nPrtDir{0} nPrtFlag{1}nColorCnts{1}nReserved{System.Int32[]}
2023-04-07 22:44:39,625 [AppLog] INFO : 完成处理第1层数据：准备调用RenderToWic，index为2，subindex为0，g_nRePrintTimes为1，起始层为0
2023-04-07 22:44:39,656 [AppLog] INFO : 准备处理第1层数据：准备调用RenderToWic，index为3，subindex为0，g_nRePrintTimes为1，起始层为0
2023-04-07 22:44:39,843 [AppLog] INFO : 完成处理第3层数据：准备调用DrawLayerBMP，index为3，起始层为0
2023-04-07 22:44:39,843 [AppLog] INFO : 完成处理第3层数据：准备调用DrawLayerBMP，index为3，起始层为0
2023-04-07 22:44:40,529 [AppLog] INFO : X方向到位停止：DEM_StopAxisRun：返回值{True}CurrentPos{779.315}bImmeStop{False}nAxisMask{1}
2023-04-07 22:44:40,561 [AppLog] INFO : 作业写入成功：IDP_WriteImgLayerData：bpp:{1bit}灰阶:{1阶}nLayerIndex{4}LayerIndex{3}SubIndex{1}RePrintTimes{1}nBytesPerLine{1004}nWidth{8001}nHeight{7560}nXEncOff{0}nYJetOff{0}nImgStartJetIndex{0}nXDPI{635}nYDPI{600}nPrtDir{0} nPrtFlag{1}nColorCnts{1}nReserved{System.Int32[]}
2023-04-07 22:44:40,561 [AppLog] INFO : 完成处理第1层数据：准备调用RenderToWic，index为3，subindex为0，g_nRePrintTimes为1，起始层为0
2023-04-07 22:44:40,576 [AppLog] INFO : 准备处理第1层数据：准备调用RenderToWic，index为4，subindex为0，g_nRePrintTimes为1，起始层为0
2023-04-07 22:44:40,748 [AppLog] INFO : 完成处理第4层数据：准备调用DrawLayerBMP，index为4，起始层为0
2023-04-07 22:44:40,763 [AppLog] INFO : 完成处理第4层数据：准备调用DrawLayerBMP，index为4，起始层为0
2023-04-07 22:44:41,356 [AppLog] INFO : 开启压墨： motionMap.SetDo(13, true)
2023-04-07 22:44:41,465 [AppLog] INFO : 作业写入成功：IDP_WriteImgLayerData：bpp:{1bit}灰阶:{1阶}nLayerIndex{5}LayerIndex{4}SubIndex{1}RePrintTimes{1}nBytesPerLine{1004}nWidth{8001}nHeight{7560}nXEncOff{0}nYJetOff{0}nImgStartJetIndex{0}nXDPI{635}nYDPI{600}nPrtDir{0} nPrtFlag{1}nColorCnts{1}nReserved{System.Int32[]}
2023-04-07 22:44:41,465 [AppLog] INFO : 完成处理第1层数据：准备调用RenderToWic，index为4，subindex为0，g_nRePrintTimes为1，起始层为0
2023-04-07 22:44:41,465 [AppLog] INFO : 准备处理第1层数据：准备调用RenderToWic，index为5，subindex为0，g_nRePrintTimes为1，起始层为0
2023-04-07 22:44:41,637 [AppLog] INFO : 完成处理第5层数据：准备调用DrawLayerBMP，index为5，起始层为0
2023-04-07 22:44:41,637 [AppLog] INFO : 完成处理第5层数据：准备调用DrawLayerBMP，index为5，起始层为0
2023-04-07 22:44:42,370 [AppLog] INFO : 作业写入成功：IDP_WriteImgLayerData：bpp:{1bit}灰阶:{1阶}nLayerIndex{6}LayerIndex{5}SubIndex{1}RePrintTimes{1}nBytesPerLine{1004}nWidth{8001}nHeight{7560}nXEncOff{0}nYJetOff{0}nImgStartJetIndex{0}nXDPI{635}nYDPI{600}nPrtDir{0} nPrtFlag{1}nColorCnts{1}nReserved{System.Int32[]}
2023-04-07 22:44:42,370 [AppLog] INFO : 完成处理第1层数据：准备调用RenderToWic，index为5，subindex为0，g_nRePrintTimes为1，起始层为0
2023-04-07 22:44:42,370 [AppLog] INFO : 准备处理第1层数据：准备调用RenderToWic，index为6，subindex为0，g_nRePrintTimes为1，起始层为0
2023-04-07 22:44:42,557 [AppLog] INFO : 完成处理第6层数据：准备调用DrawLayerBMP，index为6，起始层为0
2023-04-07 22:44:42,557 [AppLog] INFO : 完成处理第6层数据：准备调用DrawLayerBMP，index为6，起始层为0
2023-04-07 22:44:43,275 [AppLog] INFO : 作业写入成功：IDP_WriteImgLayerData：bpp:{1bit}灰阶:{1阶}nLayerIndex{7}LayerIndex{6}SubIndex{1}RePrintTimes{1}nBytesPerLine{1004}nWidth{8001}nHeight{7560}nXEncOff{0}nYJetOff{0}nImgStartJetIndex{0}nXDPI{635}nYDPI{600}nPrtDir{0} nPrtFlag{1}nColorCnts{1}nReserved{System.Int32[]}
2023-04-07 22:44:43,275 [AppLog] INFO : 完成处理第1层数据：准备调用RenderToWic，index为6，subindex为0，g_nRePrintTimes为1，起始层为0
2023-04-07 22:44:43,291 [AppLog] INFO : 准备处理第1层数据：准备调用RenderToWic，index为7，subindex为0，g_nRePrintTimes为1，起始层为0
2023-04-07 22:44:43,462 [AppLog] INFO : 完成处理第7层数据：准备调用DrawLayerBMP，index为7，起始层为0
2023-04-07 22:44:43,478 [AppLog] INFO : 完成处理第7层数据：准备调用DrawLayerBMP，index为7，起始层为0
2023-04-07 22:44:44,180 [AppLog] INFO : 作业写入成功：IDP_WriteImgLayerData：bpp:{1bit}灰阶:{1阶}nLayerIndex{8}LayerIndex{7}SubIndex{1}RePrintTimes{1}nBytesPerLine{1004}nWidth{8001}nHeight{7560}nXEncOff{0}nYJetOff{0}nImgStartJetIndex{0}nXDPI{635}nYDPI{600}nPrtDir{0} nPrtFlag{1}nColorCnts{1}nReserved{System.Int32[]}
2023-04-07 22:44:44,180 [AppLog] INFO : 完成处理第1层数据：准备调用RenderToWic，index为7，subindex为0，g_nRePrintTimes为1，起始层为0
2023-04-07 22:44:44,180 [AppLog] INFO : 准备处理第1层数据：准备调用RenderToWic，index为8，subindex为0，g_nRePrintTimes为1，起始层为0
2023-04-07 22:44:44,383 [AppLog] INFO : 完成处理第8层数据：准备调用DrawLayerBMP，index为8，起始层为0
2023-04-07 22:44:44,383 [AppLog] INFO : 完成处理第8层数据：准备调用DrawLayerBMP，index为8，起始层为0
2023-04-07 22:44:45,116 [AppLog] INFO : 作业写入成功：IDP_WriteImgLayerData：bpp:{1bit}灰阶:{1阶}nLayerIndex{9}LayerIndex{8}SubIndex{1}RePrintTimes{1}nBytesPerLine{1004}nWidth{8001}nHeight{7560}nXEncOff{0}nYJetOff{0}nImgStartJetIndex{0}nXDPI{635}nYDPI{600}nPrtDir{0} nPrtFlag{1}nColorCnts{1}nReserved{System.Int32[]}
2023-04-07 22:44:45,116 [AppLog] INFO : 完成处理第1层数据：准备调用RenderToWic，index为8，subindex为0，g_nRePrintTimes为1，起始层为0
2023-04-07 22:44:45,116 [AppLog] INFO : 准备处理第1层数据：准备调用RenderToWic，index为9，subindex为0，g_nRePrintTimes为1，起始层为0
2023-04-07 22:44:45,303 [AppLog] INFO : 完成处理第9层数据：准备调用DrawLayerBMP，index为9，起始层为0
2023-04-07 22:44:45,303 [AppLog] INFO : 完成处理第9层数据：准备调用DrawLayerBMP，index为9，起始层为0
2023-04-07 22:44:45,365 [AppLog] INFO : 关闭压墨： motionMap.SetDo(13, true)
2023-04-07 22:44:45,365 [AppLog] INFO : 准备读取编码器位置：X方向！
2023-04-07 22:44:45,365 [AppLog] INFO : 准备运动，当前位置：DEV_GetPrintEncoderValue：MoveDirectionFlag{false为Y方向：False}CurrentPos{779.33}AimPos{680}
2023-04-07 22:44:45,397 [AppLog] INFO : X方向运动开始：DEM_Run：返回值{True}nAxis{0}DirFlag{False}nSpeed{50000}MoveStep{-99330}nCtlValue{2}
2023-04-07 22:44:46,036 [AppLog] INFO : 作业写入成功：IDP_WriteImgLayerData：bpp:{1bit}灰阶:{1阶}nLayerIndex{10}LayerIndex{9}SubIndex{1}RePrintTimes{1}nBytesPerLine{1004}nWidth{8001}nHeight{7560}nXEncOff{0}nYJetOff{0}nImgStartJetIndex{0}nXDPI{635}nYDPI{600}nPrtDir{0} nPrtFlag{1}nColorCnts{1}nReserved{System.Int32[]}
2023-04-07 22:44:46,036 [AppLog] INFO : 完成处理第1层数据：准备调用RenderToWic，index为9，subindex为0，g_nRePrintTimes为1，起始层为0
2023-04-07 22:44:46,036 [AppLog] INFO : 准备处理第1层数据：准备调用RenderToWic，index为10，subindex为0，g_nRePrintTimes为1，起始层为0
2023-04-07 22:44:46,223 [AppLog] INFO : 完成处理第10层数据：准备调用DrawLayerBMP，index为10，起始层为0
2023-04-07 22:44:46,223 [AppLog] INFO : 完成处理第10层数据：准备调用DrawLayerBMP，index为10，起始层为0
2023-04-07 22:44:46,972 [AppLog] INFO : 作业写入成功：IDP_WriteImgLayerData：bpp:{1bit}灰阶:{1阶}nLayerIndex{11}LayerIndex{10}SubIndex{1}RePrintTimes{1}nBytesPerLine{1004}nWidth{8001}nHeight{7560}nXEncOff{0}nYJetOff{0}nImgStartJetIndex{0}nXDPI{635}nYDPI{600}nPrtDir{0} nPrtFlag{1}nColorCnts{1}nReserved{System.Int32[]}
2023-04-07 22:44:46,972 [AppLog] INFO : 完成处理第1层数据：准备调用RenderToWic，index为10，subindex为0，g_nRePrintTimes为1，起始层为0
2023-04-07 22:44:46,988 [AppLog] INFO : 准备处理第1层数据：准备调用RenderToWic，index为11，subindex为0，g_nRePrintTimes为1，起始层为0
2023-04-07 22:44:47,175 [AppLog] INFO : 完成处理第11层数据：准备调用DrawLayerBMP，index为11，起始层为0
2023-04-07 22:44:47,175 [AppLog] INFO : 完成处理第11层数据：准备调用DrawLayerBMP，index为11，起始层为0
2023-04-07 22:44:47,440 [AppLog] INFO : X方向到位停止：DEM_StopAxisRun：返回值{True}CurrentPos{683.82}bImmeStop{False}nAxisMask{1}
2023-04-07 22:44:47,893 [AppLog] INFO : 作业写入成功：IDP_WriteImgLayerData：bpp:{1bit}灰阶:{1阶}nLayerIndex{12}LayerIndex{11}SubIndex{1}RePrintTimes{1}nBytesPerLine{1004}nWidth{8001}nHeight{7560}nXEncOff{0}nYJetOff{0}nImgStartJetIndex{0}nXDPI{635}nYDPI{600}nPrtDir{0} nPrtFlag{1}nColorCnts{1}nReserved{System.Int32[]}
2023-04-07 22:44:47,893 [AppLog] INFO : 完成处理第1层数据：准备调用RenderToWic，index为11，subindex为0，g_nRePrintTimes为1，起始层为0
2023-04-07 22:44:47,893 [AppLog] INFO : 准备处理第1层数据：准备调用RenderToWic，index为12，subindex为0，g_nRePrintTimes为1，起始层为0
2023-04-07 22:44:48,095 [AppLog] INFO : 完成处理第12层数据：准备调用DrawLayerBMP，index为12，起始层为0
2023-04-07 22:44:48,095 [AppLog] INFO : 完成处理第12层数据：准备调用DrawLayerBMP，index为12，起始层为0
2023-04-07 22:44:48,267 [AppLog] INFO : 结束自动清洗过程：AutoCleanThread
2023-04-07 22:44:48,267 [AppLog] INFO : 进入：EquipmentMotionLogic3=》准备创建对象-手动操作！
2023-04-07 22:44:48,267 [AppLog] INFO : 进入：EquipmentMotionLogic3=》不需重新创建-手动操作！
2023-04-07 22:44:48,267 [AppLog] INFO : 进入：EquipmentMotionLogic3=》赋值完成自-AutoPrintMotion2！
2023-04-07 22:44:48,267 [AppLog] INFO : 进入：EquipmentMotionLogic3=》加载配置文件-LoadJsonFile成功！
2023-04-07 22:44:48,267 [AppLog] INFO : 进入：AutoPrintThread2！
2023-04-07 22:44:48,267 [AppLog] INFO : 关闭闪喷操作：IDP_FlashPrtCtl：返回值{True}
2023-04-07 22:44:48,267 [AppLog] INFO : 准备读取编码器位置：Y方向！
2023-04-07 22:44:48,267 [AppLog] INFO : 准备运动，编码器当前位置：DEM_GetAxisEncodeVal：MoveDirectionFlag{false为Y方向：True}CurrentPos{121.005}AimPos{15}
2023-04-07 22:44:48,314 [AppLog] INFO : Y方向运动开始：DEM_Run：返回值{True}nAxis{1}DirFlag{False}nSpeed{300000}MoveStep{-106005}nCtlValue{0}
2023-04-07 22:44:48,314 [AppLog] INFO : 准备读取编码器位置：X方向！
2023-04-07 22:44:48,314 [AppLog] INFO : 准备运动，当前位置：DEV_GetPrintEncoderValue：MoveDirectionFlag{false为Y方向：False}CurrentPos{680.65}AimPos{425}
2023-04-07 22:44:48,345 [AppLog] INFO : X方向运动开始：DEM_Run：返回值{True}nAxis{0}DirFlag{False}nSpeed{300000}MoveStep{-255650}nCtlValue{2}
2023-04-07 22:44:48,844 [AppLog] INFO : 作业写入成功：IDP_WriteImgLayerData：bpp:{1bit}灰阶:{1阶}nLayerIndex{13}LayerIndex{12}SubIndex{1}RePrintTimes{1}nBytesPerLine{1004}nWidth{8001}nHeight{7560}nXEncOff{0}nYJetOff{0}nImgStartJetIndex{0}nXDPI{635}nYDPI{600}nPrtDir{0} nPrtFlag{1}nColorCnts{1}nReserved{System.Int32[]}
2023-04-07 22:44:48,844 [AppLog] INFO : 完成处理第1层数据：准备调用RenderToWic，index为12，subindex为0，g_nRePrintTimes为1，起始层为0
2023-04-07 22:44:48,860 [AppLog] INFO : 准备处理第1层数据：准备调用RenderToWic，index为13，subindex为0，g_nRePrintTimes为1，起始层为0
2023-04-07 22:44:49,031 [AppLog] INFO : 完成处理第13层数据：准备调用DrawLayerBMP，index为13，起始层为0
2023-04-07 22:44:49,047 [AppLog] INFO : 完成处理第13层数据：准备调用DrawLayerBMP，index为13，起始层为0
2023-04-07 22:44:49,749 [AppLog] INFO : X方向到位停止：DEM_StopAxisRun：返回值{True}CurrentPos{429.31}bImmeStop{False}nAxisMask{1}
2023-04-07 22:44:49,749 [AppLog] INFO : 准备读取编码器位置：X方向！
2023-04-07 22:44:49,749 [AppLog] INFO : 作业写入成功：IDP_WriteImgLayerData：bpp:{1bit}灰阶:{1阶}nLayerIndex{14}LayerIndex{13}SubIndex{1}RePrintTimes{1}nBytesPerLine{1004}nWidth{8001}nHeight{7560}nXEncOff{0}nYJetOff{0}nImgStartJetIndex{0}nXDPI{635}nYDPI{600}nPrtDir{0} nPrtFlag{1}nColorCnts{1}nReserved{System.Int32[]}
2023-04-07 22:44:49,749 [AppLog] INFO : 准备运动，当前位置：DEV_GetPrintEncoderValue：MoveDirectionFlag{false为Y方向：False}CurrentPos{429.225}AimPos{25}
2023-04-07 22:44:49,749 [AppLog] INFO : 完成处理第1层数据：准备调用RenderToWic，index为13，subindex为0，g_nRePrintTimes为1，起始层为0
2023-04-07 22:44:49,749 [AppLog] INFO : 准备处理第1层数据：准备调用RenderToWic，index为14，subindex为0，g_nRePrintTimes为1，起始层为0
2023-04-07 22:44:49,780 [AppLog] INFO : X方向运动开始：DEM_Run：返回值{True}nAxis{0}DirFlag{False}nSpeed{300000}MoveStep{-404225}nCtlValue{2}
2023-04-07 22:44:49,936 [AppLog] INFO : 完成处理第14层数据：准备调用DrawLayerBMP，index为14，起始层为0
2023-04-07 22:44:49,936 [AppLog] INFO : 完成处理第14层数据：准备调用DrawLayerBMP，index为14，起始层为0
2023-04-07 22:44:50,654 [AppLog] INFO : 作业写入成功：IDP_WriteImgLayerData：bpp:{1bit}灰阶:{1阶}nLayerIndex{15}LayerIndex{14}SubIndex{1}RePrintTimes{1}nBytesPerLine{1004}nWidth{8001}nHeight{7560}nXEncOff{0}nYJetOff{0}nImgStartJetIndex{0}nXDPI{635}nYDPI{600}nPrtDir{0} nPrtFlag{1}nColorCnts{1}nReserved{System.Int32[]}
2023-04-07 22:44:50,669 [AppLog] INFO : 完成处理第1层数据：准备调用RenderToWic，index为14，subindex为0，g_nRePrintTimes为1，起始层为0
2023-04-07 22:44:50,685 [AppLog] INFO : 准备处理第1层数据：准备调用RenderToWic，index为15，subindex为0，g_nRePrintTimes为1，起始层为0
2023-04-07 22:44:50,872 [AppLog] INFO : 完成处理第15层数据：准备调用DrawLayerBMP，index为15，起始层为0
2023-04-07 22:44:50,872 [AppLog] INFO : 完成处理第15层数据：准备调用DrawLayerBMP，index为15，起始层为0
2023-04-07 22:44:51,606 [AppLog] INFO : 作业写入成功：IDP_WriteImgLayerData：bpp:{1bit}灰阶:{1阶}nLayerIndex{16}LayerIndex{15}SubIndex{1}RePrintTimes{1}nBytesPerLine{1004}nWidth{8001}nHeight{7560}nXEncOff{0}nYJetOff{0}nImgStartJetIndex{0}nXDPI{635}nYDPI{600}nPrtDir{0} nPrtFlag{1}nColorCnts{1}nReserved{System.Int32[]}
2023-04-07 22:44:51,606 [AppLog] INFO : 完成处理第1层数据：准备调用RenderToWic，index为15，subindex为0，g_nRePrintTimes为1，起始层为0
2023-04-07 22:44:51,606 [AppLog] INFO : 准备处理第1层数据：准备调用RenderToWic，index为16，subindex为0，g_nRePrintTimes为1，起始层为0
2023-04-07 22:44:51,684 [AppLog] INFO : X方向到位停止：DEM_StopAxisRun：返回值{True}CurrentPos{24.785}bImmeStop{False}nAxisMask{1}
2023-04-07 22:44:51,684 [AppLog] INFO : 准备读取编码器位置：Y方向！
2023-04-07 22:44:51,684 [AppLog] INFO : 准备运动，编码器当前位置：DEM_GetAxisEncodeVal：MoveDirectionFlag{false为Y方向：True}CurrentPos{15.14}AimPos{69}
2023-04-07 22:44:51,730 [AppLog] INFO : Y方向运动开始：DEM_Run：返回值{True}nAxis{1}DirFlag{True}nSpeed{300000}MoveStep{53860}nCtlValue{0}
2023-04-07 22:44:51,793 [AppLog] INFO : 完成处理第16层数据：准备调用DrawLayerBMP，index为16，起始层为0
2023-04-07 22:44:51,793 [AppLog] INFO : 完成处理第16层数据：准备调用DrawLayerBMP，index为16，起始层为0
2023-04-07 22:44:51,918 [AppLog] INFO : Y方向到位停止：DEM_StopAxisRun：返回值{True}CurrentPos{26.405}bImmeStop{False}nAxisMask{2}
2023-04-07 22:44:51,918 [AppLog] INFO : 获取打印Pass数据：IDP_GetPassItem2：nLayerIndex{1}nPassID{1}nProcState{3}LPPassDataItemb:PrtDir{True}nDataTxCompleteCnt{1}nHwMemAdrMatchMask{1}nLayerIndex{1}nLayerPassCount{6}nLayerPassIndex{1}nMinJet0ImgLinePos{1280}nPrtMemHwAddr{System.UInt32[]}nPrtDataOffset{System.UInt32[]}nSrcDataSize{System.UInt32[]}nPrtColBytes{System.UInt32[]}nPrtPrecession{8}nSrcEndCols{8000}nSrcStartCols{0}nStartEncPos{10000}nValidPassJets{1280}nValidPrtCols{8310}nValidPrtCtlCnts{1}pDataBuf{0}pNextItem{674197024}
2023-04-07 22:44:51,933 [AppLog] INFO : 使能Pass打印成功：IDP_DoPassPrint2：nLayerIndex{1}nPassID{1}
2023-04-07 22:44:51,933 [AppLog] INFO : PASS打印前关键状态：DEV_GetDeviceInfo2：nLayerIndex{1}nPassID{1}LPPRINTER_INFO:nXSysEncDPI{0}nStatus{0}nPrintStatus{0}bSuperDevice{0}
LPPRINTER_INFO-LPPrtRunInfo:bJobPrtRuning{False}bLayerPrtIsOver{False}nContReqMemErr{0}nContWDErr{0}nCurPrtDir{0}nDTLayerIndex{0}nDTLayerPassIndex{0}nDTPtrCtlIndex{0}nLayerPassCount{0}nPrintLayerIndex{0}nPrintPassIndex{0}nProcLayerIndex{0}nPrtDataMemAddr{0}nPrtState{0}nReverse{System.Int32[]}nRevPrtCols{0}
LPPRINTER_INFO-LPDRVINFO:nFMVersion{0}nFpgaVersion{0}nPCBVersion{0}nState{0}nNextState{0}nPtvwarnState{0}nCrc32{0}nRevInfo{System.UInt32[]}nSignature{0}
2023-04-07 22:44:51,933 [AppLog] INFO : 进入：EquipmentMotionLogic3=》准备创建对象-手动操作！
2023-04-07 22:44:51,933 [AppLog] INFO : 进入：EquipmentMotionLogic3=》不需重新创建-手动操作！
2023-04-07 22:44:51,933 [AppLog] INFO : 进入：EquipmentMotionLogic3=》赋值完成自-AutoPrintMotion2！
2023-04-07 22:44:51,933 [AppLog] INFO : 进入：EquipmentMotionLogic3=》加载配置文件-LoadJsonFile成功！
2023-04-07 22:44:51,933 [AppLog] INFO : 进入：AutoPrintThread2！
2023-04-07 22:44:51,933 [AppLog] INFO : 准备读取编码器位置：X方向！
2023-04-07 22:44:51,933 [AppLog] INFO : 准备运动，当前位置：DEV_GetPrintEncoderValue：MoveDirectionFlag{false为Y方向：False}CurrentPos{21.815}AimPos{425}
2023-04-07 22:44:51,964 [AppLog] INFO : X方向运动开始：DEM_Run：返回值{True}nAxis{0}DirFlag{True}nSpeed{300000}MoveStep{403185}nCtlValue{2}
2023-04-07 22:44:52,526 [AppLog] INFO : 作业写入成功：IDP_WriteImgLayerData：bpp:{1bit}灰阶:{1阶}nLayerIndex{17}LayerIndex{16}SubIndex{1}RePrintTimes{1}nBytesPerLine{1004}nWidth{8001}nHeight{7560}nXEncOff{0}nYJetOff{0}nImgStartJetIndex{0}nXDPI{635}nYDPI{600}nPrtDir{0} nPrtFlag{1}nColorCnts{1}nReserved{System.Int32[]}
2023-04-07 22:44:52,526 [AppLog] INFO : 完成处理第1层数据：准备调用RenderToWic，index为16，subindex为0，g_nRePrintTimes为1，起始层为0
2023-04-07 22:44:52,526 [AppLog] INFO : 准备处理第1层数据：准备调用RenderToWic，index为17，subindex为0，g_nRePrintTimes为1，起始层为0
2023-04-07 22:44:52,713 [AppLog] INFO : 完成处理第17层数据：准备调用DrawLayerBMP，index为17，起始层为0
2023-04-07 22:44:52,713 [AppLog] INFO : 完成处理第17层数据：准备调用DrawLayerBMP，index为17，起始层为0
2023-04-07 22:44:53,431 [AppLog] INFO : 作业写入成功：IDP_WriteImgLayerData：bpp:{1bit}灰阶:{1阶}nLayerIndex{18}LayerIndex{17}SubIndex{1}RePrintTimes{1}nBytesPerLine{1004}nWidth{8001}nHeight{7560}nXEncOff{0}nYJetOff{0}nImgStartJetIndex{0}nXDPI{635}nYDPI{600}nPrtDir{0} nPrtFlag{1}nColorCnts{1}nReserved{System.Int32[]}
2023-04-07 22:44:53,431 [AppLog] INFO : 完成处理第1层数据：准备调用RenderToWic，index为17，subindex为0，g_nRePrintTimes为1，起始层为0
2023-04-07 22:44:53,446 [AppLog] INFO : 准备处理第1层数据：准备调用RenderToWic，index为18，subindex为0，g_nRePrintTimes为1，起始层为0
2023-04-07 22:44:53,634 [AppLog] INFO : 完成处理第18层数据：准备调用DrawLayerBMP，index为18，起始层为0
2023-04-07 22:44:53,634 [AppLog] INFO : 完成处理第18层数据：准备调用DrawLayerBMP，index为18，起始层为0
2023-04-07 22:44:53,852 [AppLog] INFO : X方向到位停止：DEM_StopAxisRun：返回值{True}CurrentPos{419.185}bImmeStop{False}nAxisMask{1}
2023-04-07 22:44:53,852 [AppLog] INFO : 准备读取编码器位置：Y方向！
2023-04-07 22:44:53,852 [AppLog] INFO : 准备运动，编码器当前位置：DEM_GetAxisEncodeVal：MoveDirectionFlag{false为Y方向：True}CurrentPos{68.935}AimPos{123}
2023-04-07 22:44:53,883 [AppLog] INFO : Y方向运动开始：DEM_Run：返回值{True}nAxis{1}DirFlag{True}nSpeed{300000}MoveStep{54065}nCtlValue{0}
2023-04-07 22:44:54,070 [AppLog] INFO : Y方向到位停止：DEM_StopAxisRun：返回值{True}CurrentPos{79.175}bImmeStop{False}nAxisMask{2}
2023-04-07 22:44:54,070 [AppLog] INFO : 获取打印Pass数据：IDP_GetPassItem2：nLayerIndex{1}nPassID{2}nProcState{3}LPPassDataItemb:PrtDir{False}nDataTxCompleteCnt{1}nHwMemAdrMatchMask{1}nLayerIndex{1}nLayerPassCount{6}nLayerPassIndex{2}nMinJet0ImgLinePos{2560}nPrtMemHwAddr{System.UInt32[]}nPrtDataOffset{System.UInt32[]}nSrcDataSize{System.UInt32[]}nPrtColBytes{System.UInt32[]}nPrtPrecession{8}nSrcEndCols{8000}nSrcStartCols{0}nStartEncPos{76472}nValidPassJets{1280}nValidPrtCols{8310}nValidPrtCtlCnts{1}pDataBuf{0}pNextItem{674196864}
2023-04-07 22:44:54,086 [AppLog] INFO : 使能Pass打印成功：IDP_DoPassPrint2：nLayerIndex{1}nPassID{2}
2023-04-07 22:44:54,086 [AppLog] INFO : PASS打印前关键状态：DEV_GetDeviceInfo2：nLayerIndex{1}nPassID{2}LPPRINTER_INFO:nXSysEncDPI{0}nStatus{0}nPrintStatus{0}bSuperDevice{0}
LPPRINTER_INFO-LPPrtRunInfo:bJobPrtRuning{False}bLayerPrtIsOver{False}nContReqMemErr{0}nContWDErr{0}nCurPrtDir{0}nDTLayerIndex{0}nDTLayerPassIndex{0}nDTPtrCtlIndex{0}nLayerPassCount{0}nPrintLayerIndex{0}nPrintPassIndex{0}nProcLayerIndex{0}nPrtDataMemAddr{0}nPrtState{0}nReverse{System.Int32[]}nRevPrtCols{0}
LPPRINTER_INFO-LPDRVINFO:nFMVersion{0}nFpgaVersion{0}nPCBVersion{0}nState{0}nNextState{0}nPtvwarnState{0}nCrc32{0}nRevInfo{System.UInt32[]}nSignature{0}
2023-04-07 22:44:54,086 [AppLog] INFO : 进入：EquipmentMotionLogic3=》准备创建对象-手动操作！
2023-04-07 22:44:54,086 [AppLog] INFO : 进入：EquipmentMotionLogic3=》不需重新创建-手动操作！
2023-04-07 22:44:54,086 [AppLog] INFO : 进入：EquipmentMotionLogic3=》赋值完成自-AutoPrintMotion2！
2023-04-07 22:44:54,086 [AppLog] INFO : 进入：EquipmentMotionLogic3=》加载配置文件-LoadJsonFile成功！
2023-04-07 22:44:54,086 [AppLog] INFO : 进入：AutoPrintThread2！
2023-04-07 22:44:54,086 [AppLog] INFO : 准备读取编码器位置：X方向！
2023-04-07 22:44:54,086 [AppLog] INFO : 准备运动，当前位置：DEV_GetPrintEncoderValue：MoveDirectionFlag{false为Y方向：False}CurrentPos{423.335}AimPos{25}
2023-04-07 22:44:54,117 [AppLog] INFO : X方向运动开始：DEM_Run：返回值{True}nAxis{0}DirFlag{False}nSpeed{300000}MoveStep{-398335}nCtlValue{2}
2023-04-07 22:44:54,351 [AppLog] INFO : 作业写入成功：IDP_WriteImgLayerData：bpp:{1bit}灰阶:{1阶}nLayerIndex{19}LayerIndex{18}SubIndex{1}RePrintTimes{1}nBytesPerLine{1004}nWidth{8001}nHeight{7560}nXEncOff{0}nYJetOff{0}nImgStartJetIndex{0}nXDPI{635}nYDPI{600}nPrtDir{0} nPrtFlag{1}nColorCnts{1}nReserved{System.Int32[]}
2023-04-07 22:44:54,351 [AppLog] INFO : 完成处理第1层数据：准备调用RenderToWic，index为18，subindex为0，g_nRePrintTimes为1，起始层为0
2023-04-07 22:44:54,351 [AppLog] INFO : 准备处理第1层数据：准备调用RenderToWic，index为19，subindex为0，g_nRePrintTimes为1，起始层为0
2023-04-07 22:44:54,538 [AppLog] INFO : 完成处理第19层数据：准备调用DrawLayerBMP，index为19，起始层为0
2023-04-07 22:44:54,538 [AppLog] INFO : 完成处理第19层数据：准备调用DrawLayerBMP，index为19，起始层为0
2023-04-07 22:44:55,272 [AppLog] INFO : 作业写入成功：IDP_WriteImgLayerData：bpp:{1bit}灰阶:{1阶}nLayerIndex{20}LayerIndex{19}SubIndex{1}RePrintTimes{1}nBytesPerLine{1004}nWidth{8001}nHeight{7560}nXEncOff{0}nYJetOff{0}nImgStartJetIndex{0}nXDPI{635}nYDPI{600}nPrtDir{0} nPrtFlag{1}nColorCnts{1}nReserved{System.Int32[]}
2023-04-07 22:44:55,272 [AppLog] INFO : 完成处理第1层数据：准备调用RenderToWic，index为19，subindex为0，g_nRePrintTimes为1，起始层为0
2023-04-07 22:44:55,272 [AppLog] INFO : 准备处理第1层数据：准备调用RenderToWic，index为20，subindex为0，g_nRePrintTimes为1，起始层为0
2023-04-07 22:44:55,459 [AppLog] INFO : 完成处理第20层数据：准备调用DrawLayerBMP，index为20，起始层为0
2023-04-07 22:44:55,459 [AppLog] INFO : 完成处理第20层数据：准备调用DrawLayerBMP，index为20，起始层为0
2023-04-07 22:44:55,989 [AppLog] INFO : X方向到位停止：DEM_StopAxisRun：返回值{True}CurrentPos{30.775}bImmeStop{False}nAxisMask{1}
2023-04-07 22:44:55,989 [AppLog] INFO : 准备读取编码器位置：Y方向！
2023-04-07 22:44:55,989 [AppLog] INFO : 准备运动，编码器当前位置：DEM_GetAxisEncodeVal：MoveDirectionFlag{false为Y方向：True}CurrentPos{122.85}AimPos{177}
2023-04-07 22:44:56,020 [AppLog] INFO : Y方向运动开始：DEM_Run：返回值{True}nAxis{1}DirFlag{True}nSpeed{300000}MoveStep{54150}nCtlValue{0}
2023-04-07 22:44:56,176 [AppLog] INFO : 作业写入成功：IDP_WriteImgLayerData：bpp:{1bit}灰阶:{1阶}nLayerIndex{21}LayerIndex{20}SubIndex{1}RePrintTimes{1}nBytesPerLine{1004}nWidth{8001}nHeight{7560}nXEncOff{0}nYJetOff{0}nImgStartJetIndex{0}nXDPI{635}nYDPI{600}nPrtDir{0} nPrtFlag{1}nColorCnts{1}nReserved{System.Int32[]}
2023-04-07 22:44:56,176 [AppLog] INFO : 完成处理第1层数据：准备调用RenderToWic，index为20，subindex为0，g_nRePrintTimes为1，起始层为0
2023-04-07 22:44:56,176 [AppLog] INFO : 准备处理第1层数据：准备调用RenderToWic，index为21，subindex为0，g_nRePrintTimes为1，起始层为0
2023-04-07 22:44:56,208 [AppLog] INFO : Y方向到位停止：DEM_StopAxisRun：返回值{True}CurrentPos{135.26}bImmeStop{False}nAxisMask{2}
2023-04-07 22:44:56,223 [AppLog] INFO : 获取打印Pass数据：IDP_GetPassItem2：nLayerIndex{1}nPassID{3}nProcState{3}LPPassDataItemb:PrtDir{True}nDataTxCompleteCnt{1}nHwMemAdrMatchMask{1}nLayerIndex{1}nLayerPassCount{6}nLayerPassIndex{3}nMinJet0ImgLinePos{3840}nPrtMemHwAddr{System.UInt32[]}nPrtDataOffset{System.UInt32[]}nSrcDataSize{System.UInt32[]}nPrtColBytes{System.UInt32[]}nPrtPrecession{8}nSrcEndCols{8000}nSrcStartCols{0}nStartEncPos{10000}nValidPassJets{1280}nValidPrtCols{8310}nValidPrtCtlCnts{1}pDataBuf{0}pNextItem{674196704}
2023-04-07 22:44:56,239 [AppLog] INFO : 使能Pass打印成功：IDP_DoPassPrint2：nLayerIndex{1}nPassID{3}
2023-04-07 22:44:56,239 [AppLog] INFO : PASS打印前关键状态：DEV_GetDeviceInfo2：nLayerIndex{1}nPassID{3}LPPRINTER_INFO:nXSysEncDPI{0}nStatus{0}nPrintStatus{0}bSuperDevice{0}
LPPRINTER_INFO-LPPrtRunInfo:bJobPrtRuning{False}bLayerPrtIsOver{False}nContReqMemErr{0}nContWDErr{0}nCurPrtDir{0}nDTLayerIndex{0}nDTLayerPassIndex{0}nDTPtrCtlIndex{0}nLayerPassCount{0}nPrintLayerIndex{0}nPrintPassIndex{0}nProcLayerIndex{0}nPrtDataMemAddr{0}nPrtState{0}nReverse{System.Int32[]}nRevPrtCols{0}
LPPRINTER_INFO-LPDRVINFO:nFMVersion{0}nFpgaVersion{0}nPCBVersion{0}nState{0}nNextState{0}nPtvwarnState{0}nCrc32{0}nRevInfo{System.UInt32[]}nSignature{0}
2023-04-07 22:44:56,254 [AppLog] INFO : 进入：EquipmentMotionLogic3=》准备创建对象-手动操作！
2023-04-07 22:44:56,254 [AppLog] INFO : 进入：EquipmentMotionLogic3=》不需重新创建-手动操作！
2023-04-07 22:44:56,254 [AppLog] INFO : 进入：EquipmentMotionLogic3=》赋值完成自-AutoPrintMotion2！
2023-04-07 22:44:56,254 [AppLog] INFO : 进入：EquipmentMotionLogic3=》加载配置文件-LoadJsonFile成功！
2023-04-07 22:44:56,254 [AppLog] INFO : 进入：AutoPrintThread2！
2023-04-07 22:44:56,254 [AppLog] INFO : 准备读取编码器位置：X方向！
2023-04-07 22:44:56,254 [AppLog] INFO : 准备运动，当前位置：DEV_GetPrintEncoderValue：MoveDirectionFlag{false为Y方向：False}CurrentPos{26.6}AimPos{425}
2023-04-07 22:44:56,301 [AppLog] INFO : X方向运动开始：DEM_Run：返回值{True}nAxis{0}DirFlag{True}nSpeed{300000}MoveStep{398400}nCtlValue{2}
2023-04-07 22:44:56,364 [AppLog] INFO : 完成处理第21层数据：准备调用DrawLayerBMP，index为21，起始层为0
2023-04-07 22:44:56,364 [AppLog] INFO : 完成处理第21层数据：准备调用DrawLayerBMP，index为21，起始层为0
2023-04-07 22:44:57,112 [AppLog] INFO : 作业写入成功：IDP_WriteImgLayerData：bpp:{1bit}灰阶:{1阶}nLayerIndex{22}LayerIndex{21}SubIndex{1}RePrintTimes{1}nBytesPerLine{1004}nWidth{8001}nHeight{7560}nXEncOff{0}nYJetOff{0}nImgStartJetIndex{0}nXDPI{635}nYDPI{600}nPrtDir{0} nPrtFlag{1}nColorCnts{1}nReserved{System.Int32[]}
2023-04-07 22:44:57,112 [AppLog] INFO : 完成处理第1层数据：准备调用RenderToWic，index为21，subindex为0，g_nRePrintTimes为1，起始层为0
2023-04-07 22:44:57,112 [AppLog] INFO : 准备处理第1层数据：准备调用RenderToWic，index为22，subindex为0，g_nRePrintTimes为1，起始层为0
2023-04-07 22:44:57,300 [AppLog] INFO : 完成处理第22层数据：准备调用DrawLayerBMP，index为22，起始层为0
2023-04-07 22:44:57,300 [AppLog] INFO : 完成处理第22层数据：准备调用DrawLayerBMP，index为22，起始层为0
2023-04-07 22:44:58,048 [AppLog] INFO : 作业写入成功：IDP_WriteImgLayerData：bpp:{1bit}灰阶:{1阶}nLayerIndex{23}LayerIndex{22}SubIndex{1}RePrintTimes{1}nBytesPerLine{1004}nWidth{8001}nHeight{7560}nXEncOff{0}nYJetOff{0}nImgStartJetIndex{0}nXDPI{635}nYDPI{600}nPrtDir{0} nPrtFlag{1}nColorCnts{1}nReserved{System.Int32[]}
2023-04-07 22:44:58,048 [AppLog] INFO : 完成处理第1层数据：准备调用RenderToWic，index为22，subindex为0，g_nRePrintTimes为1，起始层为0
2023-04-07 22:44:58,048 [AppLog] INFO : 准备处理第1层数据：准备调用RenderToWic，index为23，subindex为0，g_nRePrintTimes为1，起始层为0
2023-04-07 22:44:58,189 [AppLog] INFO : X方向到位停止：DEM_StopAxisRun：返回值{True}CurrentPos{418.745}bImmeStop{False}nAxisMask{1}
2023-04-07 22:44:58,189 [AppLog] INFO : 准备读取编码器位置：Y方向！
2023-04-07 22:44:58,204 [AppLog] INFO : 准备运动，编码器当前位置：DEM_GetAxisEncodeVal：MoveDirectionFlag{false为Y方向：True}CurrentPos{176.875}AimPos{231}
2023-04-07 22:44:58,236 [AppLog] INFO : 完成处理第23层数据：准备调用DrawLayerBMP，index为23，起始层为0
2023-04-07 22:44:58,236 [AppLog] INFO : 完成处理第23层数据：准备调用DrawLayerBMP，index为23，起始层为0
2023-04-07 22:44:58,267 [AppLog] INFO : Y方向运动开始：DEM_Run：返回值{True}nAxis{1}DirFlag{True}nSpeed{300000}MoveStep{54125}nCtlValue{0}
2023-04-07 22:44:58,470 [AppLog] INFO : Y方向到位停止：DEM_StopAxisRun：返回值{True}CurrentPos{190.34}bImmeStop{False}nAxisMask{2}
2023-04-07 22:44:58,470 [AppLog] INFO : 获取打印Pass数据：IDP_GetPassItem2：nLayerIndex{1}nPassID{4}nProcState{3}LPPassDataItemb:PrtDir{False}nDataTxCompleteCnt{1}nHwMemAdrMatchMask{1}nLayerIndex{1}nLayerPassCount{6}nLayerPassIndex{4}nMinJet0ImgLinePos{5120}nPrtMemHwAddr{System.UInt32[]}nPrtDataOffset{System.UInt32[]}nSrcDataSize{System.UInt32[]}nPrtColBytes{System.UInt32[]}nPrtPrecession{8}nSrcEndCols{8000}nSrcStartCols{0}nStartEncPos{76472}nValidPassJets{1280}nValidPrtCols{8310}nValidPrtCtlCnts{1}pDataBuf{0}pNextItem{674198464}
2023-04-07 22:44:58,470 [AppLog] INFO : 使能Pass打印成功：IDP_DoPassPrint2：nLayerIndex{1}nPassID{4}
2023-04-07 22:44:58,485 [AppLog] INFO : PASS打印前关键状态：DEV_GetDeviceInfo2：nLayerIndex{1}nPassID{4}LPPRINTER_INFO:nXSysEncDPI{0}nStatus{0}nPrintStatus{0}bSuperDevice{0}
LPPRINTER_INFO-LPPrtRunInfo:bJobPrtRuning{False}bLayerPrtIsOver{False}nContReqMemErr{0}nContWDErr{0}nCurPrtDir{0}nDTLayerIndex{0}nDTLayerPassIndex{0}nDTPtrCtlIndex{0}nLayerPassCount{0}nPrintLayerIndex{0}nPrintPassIndex{0}nProcLayerIndex{0}nPrtDataMemAddr{0}nPrtState{0}nReverse{System.Int32[]}nRevPrtCols{0}
LPPRINTER_INFO-LPDRVINFO:nFMVersion{0}nFpgaVersion{0}nPCBVersion{0}nState{0}nNextState{0}nPtvwarnState{0}nCrc32{0}nRevInfo{System.UInt32[]}nSignature{0}
2023-04-07 22:44:58,485 [AppLog] INFO : 进入：EquipmentMotionLogic3=》准备创建对象-手动操作！
2023-04-07 22:44:58,485 [AppLog] INFO : 进入：EquipmentMotionLogic3=》不需重新创建-手动操作！
2023-04-07 22:44:58,485 [AppLog] INFO : 进入：EquipmentMotionLogic3=》赋值完成自-AutoPrintMotion2！
2023-04-07 22:44:58,485 [AppLog] INFO : 进入：EquipmentMotionLogic3=》加载配置文件-LoadJsonFile成功！
2023-04-07 22:44:58,485 [AppLog] INFO : 进入：AutoPrintThread2！
2023-04-07 22:44:58,485 [AppLog] INFO : 准备读取编码器位置：X方向！
2023-04-07 22:44:58,485 [AppLog] INFO : 准备运动，当前位置：DEV_GetPrintEncoderValue：MoveDirectionFlag{false为Y方向：False}CurrentPos{423.425}AimPos{25}
2023-04-07 22:44:58,516 [AppLog] INFO : X方向运动开始：DEM_Run：返回值{True}nAxis{0}DirFlag{False}nSpeed{300000}MoveStep{-398425}nCtlValue{2}
2023-04-07 22:44:59,094 [AppLog] INFO : 作业写入成功：IDP_WriteImgLayerData：bpp:{1bit}灰阶:{1阶}nLayerIndex{24}LayerIndex{23}SubIndex{1}RePrintTimes{1}nBytesPerLine{1004}nWidth{8001}nHeight{7560}nXEncOff{0}nYJetOff{0}nImgStartJetIndex{0}nXDPI{635}nYDPI{600}nPrtDir{0} nPrtFlag{1}nColorCnts{1}nReserved{System.Int32[]}
2023-04-07 22:44:59,094 [AppLog] INFO : 完成处理第1层数据：准备调用RenderToWic，index为23，subindex为0，g_nRePrintTimes为1，起始层为0
2023-04-07 22:44:59,125 [AppLog] INFO : 准备处理第1层数据：准备调用RenderToWic，index为24，subindex为0，g_nRePrintTimes为1，起始层为0
2023-04-07 22:44:59,312 [AppLog] INFO : 完成处理第24层数据：准备调用DrawLayerBMP，index为24，起始层为0
2023-04-07 22:44:59,312 [AppLog] INFO : 完成处理第24层数据：准备调用DrawLayerBMP，index为24，起始层为0
2023-04-07 22:45:00,045 [AppLog] INFO : 作业写入成功：IDP_WriteImgLayerData：bpp:{1bit}灰阶:{1阶}nLayerIndex{25}LayerIndex{24}SubIndex{1}RePrintTimes{1}nBytesPerLine{1004}nWidth{8001}nHeight{7560}nXEncOff{0}nYJetOff{0}nImgStartJetIndex{0}nXDPI{635}nYDPI{600}nPrtDir{0} nPrtFlag{1}nColorCnts{1}nReserved{System.Int32[]}
2023-04-07 22:45:00,045 [AppLog] INFO : 完成处理第1层数据：准备调用RenderToWic，index为24，subindex为0，g_nRePrintTimes为1，起始层为0
2023-04-07 22:45:00,061 [AppLog] INFO : 准备处理第1层数据：准备调用RenderToWic，index为25，subindex为0，g_nRePrintTimes为1，起始层为0
2023-04-07 22:45:00,248 [AppLog] INFO : 完成处理第25层数据：准备调用DrawLayerBMP，index为25，起始层为0
2023-04-07 22:45:00,248 [AppLog] INFO : 完成处理第25层数据：准备调用DrawLayerBMP，index为25，起始层为0
2023-04-07 22:45:00,388 [AppLog] INFO : X方向到位停止：DEM_StopAxisRun：返回值{True}CurrentPos{30.695}bImmeStop{False}nAxisMask{1}
2023-04-07 22:45:00,388 [AppLog] INFO : 准备读取编码器位置：Y方向！
2023-04-07 22:45:00,388 [AppLog] INFO : 准备运动，编码器当前位置：DEM_GetAxisEncodeVal：MoveDirectionFlag{false为Y方向：True}CurrentPos{230.935}AimPos{285}
2023-04-07 22:45:00,435 [AppLog] INFO : Y方向运动开始：DEM_Run：返回值{True}nAxis{1}DirFlag{True}nSpeed{300000}MoveStep{54065}nCtlValue{0}
2023-04-07 22:45:00,622 [AppLog] INFO : Y方向到位停止：DEM_StopAxisRun：返回值{True}CurrentPos{241.33}bImmeStop{False}nAxisMask{2}
2023-04-07 22:45:00,622 [AppLog] INFO : 获取打印Pass数据：IDP_GetPassItem2：nLayerIndex{1}nPassID{5}nProcState{3}LPPassDataItemb:PrtDir{True}nDataTxCompleteCnt{1}nHwMemAdrMatchMask{1}nLayerIndex{1}nLayerPassCount{6}nLayerPassIndex{5}nMinJet0ImgLinePos{6400}nPrtMemHwAddr{System.UInt32[]}nPrtDataOffset{System.UInt32[]}nSrcDataSize{System.UInt32[]}nPrtColBytes{System.UInt32[]}nPrtPrecession{8}nSrcEndCols{8000}nSrcStartCols{0}nStartEncPos{10000}nValidPassJets{1280}nValidPrtCols{8310}nValidPrtCtlCnts{1}pDataBuf{0}pNextItem{0}
2023-04-07 22:45:00,638 [AppLog] INFO : 使能Pass打印成功：IDP_DoPassPrint2：nLayerIndex{1}nPassID{5}
2023-04-07 22:45:00,638 [AppLog] INFO : PASS打印前关键状态：DEV_GetDeviceInfo2：nLayerIndex{1}nPassID{5}LPPRINTER_INFO:nXSysEncDPI{0}nStatus{0}nPrintStatus{0}bSuperDevice{0}
LPPRINTER_INFO-LPPrtRunInfo:bJobPrtRuning{False}bLayerPrtIsOver{False}nContReqMemErr{0}nContWDErr{0}nCurPrtDir{0}nDTLayerIndex{0}nDTLayerPassIndex{0}nDTPtrCtlIndex{0}nLayerPassCount{0}nPrintLayerIndex{0}nPrintPassIndex{0}nProcLayerIndex{0}nPrtDataMemAddr{0}nPrtState{0}nReverse{System.Int32[]}nRevPrtCols{0}
LPPRINTER_INFO-LPDRVINFO:nFMVersion{0}nFpgaVersion{0}nPCBVersion{0}nState{0}nNextState{0}nPtvwarnState{0}nCrc32{0}nRevInfo{System.UInt32[]}nSignature{0}
2023-04-07 22:45:00,638 [AppLog] INFO : 进入：EquipmentMotionLogic3=》准备创建对象-手动操作！
2023-04-07 22:45:00,638 [AppLog] INFO : 进入：EquipmentMotionLogic3=》不需重新创建-手动操作！
2023-04-07 22:45:00,638 [AppLog] INFO : 进入：EquipmentMotionLogic3=》赋值完成自-AutoPrintMotion2！
2023-04-07 22:45:00,638 [AppLog] INFO : 进入：EquipmentMotionLogic3=》加载配置文件-LoadJsonFile成功！
2023-04-07 22:45:00,638 [AppLog] INFO : 进入：AutoPrintThread2！
2023-04-07 22:45:00,638 [AppLog] INFO : 准备读取编码器位置：X方向！
2023-04-07 22:45:00,638 [AppLog] INFO : 准备运动，当前位置：DEV_GetPrintEncoderValue：MoveDirectionFlag{false为Y方向：False}CurrentPos{26.595}AimPos{425}
2023-04-07 22:45:00,669 [AppLog] INFO : X方向运动开始：DEM_Run：返回值{True}nAxis{0}DirFlag{True}nSpeed{300000}MoveStep{398405}nCtlValue{2}
2023-04-07 22:45:01,012 [AppLog] INFO : 作业写入成功：IDP_WriteImgLayerData：bpp:{1bit}灰阶:{1阶}nLayerIndex{26}LayerIndex{25}SubIndex{1}RePrintTimes{1}nBytesPerLine{1004}nWidth{8001}nHeight{7560}nXEncOff{0}nYJetOff{0}nImgStartJetIndex{0}nXDPI{635}nYDPI{600}nPrtDir{0} nPrtFlag{1}nColorCnts{1}nReserved{System.Int32[]}
2023-04-07 22:45:01,012 [AppLog] INFO : 完成处理第1层数据：准备调用RenderToWic，index为25，subindex为0，g_nRePrintTimes为1，起始层为0
2023-04-07 22:45:01,028 [AppLog] INFO : 准备处理第1层数据：准备调用RenderToWic，index为26，subindex为0，g_nRePrintTimes为1，起始层为0
2023-04-07 22:45:01,215 [AppLog] INFO : 完成处理第26层数据：准备调用DrawLayerBMP，index为26，起始层为0
2023-04-07 22:45:01,215 [AppLog] INFO : 完成处理第26层数据：准备调用DrawLayerBMP，index为26，起始层为0
2023-04-07 22:45:01,948 [AppLog] INFO : 作业写入成功：IDP_WriteImgLayerData：bpp:{1bit}灰阶:{1阶}nLayerIndex{27}LayerIndex{26}SubIndex{1}RePrintTimes{1}nBytesPerLine{1004}nWidth{8001}nHeight{7560}nXEncOff{0}nYJetOff{0}nImgStartJetIndex{0}nXDPI{635}nYDPI{600}nPrtDir{0} nPrtFlag{1}nColorCnts{1}nReserved{System.Int32[]}
2023-04-07 22:45:01,948 [AppLog] INFO : 完成处理第1层数据：准备调用RenderToWic，index为26，subindex为0，g_nRePrintTimes为1，起始层为0
2023-04-07 22:45:01,964 [AppLog] INFO : 准备处理第1层数据：准备调用RenderToWic，index为27，subindex为0，g_nRePrintTimes为1，起始层为0
2023-04-07 22:45:02,151 [AppLog] INFO : 完成处理第27层数据：准备调用DrawLayerBMP，index为27，起始层为0
2023-04-07 22:45:02,151 [AppLog] INFO : 完成处理第27层数据：准备调用DrawLayerBMP，index为27，起始层为0
2023-04-07 22:45:02,557 [AppLog] INFO : X方向到位停止：DEM_StopAxisRun：返回值{True}CurrentPos{418.82}bImmeStop{False}nAxisMask{1}
2023-04-07 22:45:02,557 [AppLog] INFO : 准备读取编码器位置：X方向！
2023-04-07 22:45:02,557 [AppLog] INFO : 准备运动，当前位置：DEV_GetPrintEncoderValue：MoveDirectionFlag{false为Y方向：False}CurrentPos{419.015}AimPos{780}
2023-04-07 22:45:02,588 [AppLog] INFO : X方向运动开始：DEM_Run：返回值{True}nAxis{0}DirFlag{True}nSpeed{300000}MoveStep{360985}nCtlValue{2}
2023-04-07 22:45:02,588 [AppLog] INFO : 准备读取编码器位置：Y方向！
2023-04-07 22:45:02,588 [AppLog] INFO : 准备运动，编码器当前位置：DEM_GetAxisEncodeVal：MoveDirectionFlag{false为Y方向：True}CurrentPos{284.89}AimPos{121}
2023-04-07 22:45:02,619 [AppLog] INFO : Y方向运动开始：DEM_Run：返回值{True}nAxis{1}DirFlag{False}nSpeed{300000}MoveStep{-163890}nCtlValue{0}
2023-04-07 22:45:02,884 [AppLog] INFO : 作业写入成功：IDP_WriteImgLayerData：bpp:{1bit}灰阶:{1阶}nLayerIndex{28}LayerIndex{27}SubIndex{1}RePrintTimes{1}nBytesPerLine{1004}nWidth{8001}nHeight{7560}nXEncOff{0}nYJetOff{0}nImgStartJetIndex{0}nXDPI{635}nYDPI{600}nPrtDir{0} nPrtFlag{1}nColorCnts{1}nReserved{System.Int32[]}
2023-04-07 22:45:02,884 [AppLog] INFO : 完成处理第1层数据：准备调用RenderToWic，index为27，subindex为0，g_nRePrintTimes为1，起始层为0
2023-04-07 22:45:02,900 [AppLog] INFO : 准备处理第1层数据：准备调用RenderToWic，index为28，subindex为0，g_nRePrintTimes为1，起始层为0
2023-04-07 22:45:03,087 [AppLog] INFO : 完成处理第28层数据：准备调用DrawLayerBMP，index为28，起始层为0
2023-04-07 22:45:03,087 [AppLog] INFO : 完成处理第28层数据：准备调用DrawLayerBMP，index为28，起始层为0
2023-04-07 22:45:03,805 [AppLog] INFO : 作业写入成功：IDP_WriteImgLayerData：bpp:{1bit}灰阶:{1阶}nLayerIndex{29}LayerIndex{28}SubIndex{1}RePrintTimes{1}nBytesPerLine{1004}nWidth{8001}nHeight{7560}nXEncOff{0}nYJetOff{0}nImgStartJetIndex{0}nXDPI{635}nYDPI{600}nPrtDir{0} nPrtFlag{1}nColorCnts{1}nReserved{System.Int32[]}
2023-04-07 22:45:03,805 [AppLog] INFO : 完成处理第1层数据：准备调用RenderToWic，index为28，subindex为0，g_nRePrintTimes为1，起始层为0
2023-04-07 22:45:03,805 [AppLog] INFO : 准备处理第1层数据：准备调用RenderToWic，index为29，subindex为0，g_nRePrintTimes为1，起始层为0
2023-04-07 22:45:03,992 [AppLog] INFO : 完成处理第29层数据：准备调用DrawLayerBMP，index为29，起始层为0
2023-04-07 22:45:03,992 [AppLog] INFO : 完成处理第29层数据：准备调用DrawLayerBMP，index为29，起始层为0
2023-04-07 22:45:04,070 [AppLog] INFO : 关闭闪喷操作：IDP_FlashPrtCtl：返回值{True}
2023-04-07 22:45:04,070 [AppLog] INFO : 删除打印任务：准备删除数据处理及打印线程
2023-04-07 22:45:04,070 [AppLog] INFO : 对象发生异常，区间位点2：System.Threading.ThreadAbortException: 正在中止线程。
   在 System.Threading.Thread.SleepInternal(Int32 millisecondsTimeout)
   在 System.Threading.Thread.Sleep(Int32 millisecondsTimeout)
   在 BinderJetting.手动操作.WaitStop(Int32 Axis)
   在 BinderJetting.手动操作.AutoPrintThread2(Int32 Command, Int32 PassIndex, Single m_MovSpeed, Single m_BackCleanMovSpeed, SendMessageToCamera& toCamera, Int32 RecordLayerIndex, Int32 RecordProcessIndex)
   在 BinderJetting.主界面.EquipmentMotionLogic3(Int32 index, Int32 Command, Int32 PassIndex, Single m_MovSpeed, Single m_BackCleanMovSpeed, SendMessageToCamera& toCamera, Int32 RecordLayerIndex, Int32 RecordProcessIndex)
2023-04-07 22:45:04,086 [AppLog] INFO : 关闭打印线程成功：PrintTaskTHREAD
2023-04-07 22:45:04,710 [AppLog] INFO : 作业写入成功：IDP_WriteImgLayerData：bpp:{1bit}灰阶:{1阶}nLayerIndex{30}LayerIndex{29}SubIndex{1}RePrintTimes{1}nBytesPerLine{1004}nWidth{8001}nHeight{7560}nXEncOff{0}nYJetOff{0}nImgStartJetIndex{0}nXDPI{635}nYDPI{600}nPrtDir{0} nPrtFlag{1}nColorCnts{1}nReserved{System.Int32[]}
2023-04-07 22:45:04,710 [AppLog] INFO : 完成处理第1层数据：准备调用RenderToWic，index为29，subindex为0，g_nRePrintTimes为1，起始层为0
2023-04-07 22:45:04,741 [AppLog] INFO : 关闭打印线程成功：DataTaskTHREAD
2023-04-07 22:45:04,741 [AppLog] INFO : 停止打印任务，释放板卡内存：IDP_StopPrintJob()：ReturnFlag{True}
2023-04-07 22:45:06,223 [AppLog] INFO : 进入手动调试子模块！
2023-04-07 22:45:06,223 [AppLog] INFO : 进入：ManulBtn_Click=》准备创建对象-手动操作！
2023-04-07 22:45:06,254 [AppLog] INFO : 创建：ManualControl=》创建完成-手动操作！
2023-04-07 22:45:06,254 [AppLog] INFO : 加载成功：温控Modbus接口！
2023-04-07 22:45:07,970 [AppLog] INFO : 手动控制墨车运动开启，沿X轴右侧方向运动 ====》：nAxis{0},Dir{true},nPlsSpeed{50000},nPlsCount{750000},cControlFlag{2}
2023-04-07 22:45:08,376 [AppLog] INFO : 手动控制墨车运动带减速停止：沿X轴方向运动 ====》《=== ====: bImmeStop{false},nAxisMask{0x1}
2023-04-07 22:45:09,156 [AppLog] INFO : 手动控制墨车运动开启：沿Y轴后侧方向运动 ↓↓↓：nAxis{{1}},Dir{{true}},nPlsSpeed{{{nSpeed}}},nPlsCount{{750000}},cControlFlag{{{nCtlValue}}}
2023-04-07 22:45:12,322 [AppLog] INFO : 手动控制墨车运动带减速停止：沿Y轴方向运动 ↑↑↑↓↓↓ ====: bImmeStop{{false}},nAxisMask{{0x2}}
2023-04-07 22:45:12,822 [AppLog] INFO : 手动控制墨车运动开启：沿X轴左侧方向运动 《====：nAxis{{0}},Dir{{false}},nPlsSpeed{{{nSpeed}}},nPlsCount{{750000}},cControlFlag{{{nCtlValue}}}
2023-04-07 22:45:13,274 [AppLog] INFO : 手动控制墨车运动带减速停止：沿X轴方向运动 ====》《=== ====: bImmeStop{false},nAxisMask{0x1}
2023-04-07 22:45:14,038 [AppLog] INFO : 开启手动压墨：PushInkBtn_Click
2023-04-07 22:45:21,152 [AppLog] INFO : 停止手动压墨：PushInkBtn_Click
2023-04-07 22:45:23,632 [AppLog] INFO : 手动开启自动清洗过程：AutoCleanBtn_Click
2023-04-07 22:45:23,632 [AppLog] INFO : 进入自动清洗过程：AutoCleanThread
2023-04-07 22:45:24,600 [AppLog] INFO : 刮墨轴回零成功：motionMap.SetBackSpreaderAxis(4, 1, 2, -SinkPosition)
2023-04-07 22:45:24,600 [AppLog] INFO : 准备读取编码器位置：Y方向！
2023-04-07 22:45:24,615 [AppLog] INFO : 准备运动，编码器当前位置：DEM_GetAxisEncodeVal：MoveDirectionFlag{false为Y方向：True}CurrentPos{301.865}AimPos{121}
2023-04-07 22:45:24,662 [AppLog] INFO : Y方向运动开始：DEM_Run：返回值{True}nAxis{1}DirFlag{False}nSpeed{300000}MoveStep{-180865}nCtlValue{0}
2023-04-07 22:45:25,270 [AppLog] INFO : Y方向到位停止：DEM_StopAxisRun：返回值{True}CurrentPos{164.02}bImmeStop{False}nAxisMask{2}
2023-04-07 22:45:25,270 [AppLog] INFO : 准备读取编码器位置：X方向！
2023-04-07 22:45:25,270 [AppLog] INFO : 准备运动，当前位置：DEV_GetPrintEncoderValue：MoveDirectionFlag{false为Y方向：False}CurrentPos{766.91}AimPos{780}
2023-04-07 22:45:25,302 [AppLog] INFO : X方向运动开始：DEM_Run：返回值{True}nAxis{0}DirFlag{True}nSpeed{300000}MoveStep{13090}nCtlValue{2}
2023-04-07 22:45:25,598 [AppLog] INFO : X方向到位停止：DEM_StopAxisRun：返回值{True}CurrentPos{776.37}bImmeStop{False}nAxisMask{1}
2023-04-07 22:45:26,425 [AppLog] INFO : 开启压墨： motionMap.SetDo(13, true)
2023-04-07 22:45:30,434 [AppLog] INFO : 关闭压墨： motionMap.SetDo(13, true)
2023-04-07 22:45:30,434 [AppLog] INFO : 准备读取编码器位置：X方向！
2023-04-07 22:45:30,434 [AppLog] INFO : 准备运动，当前位置：DEV_GetPrintEncoderValue：MoveDirectionFlag{false为Y方向：False}CurrentPos{779.635}AimPos{680}
2023-04-07 22:45:30,465 [AppLog] INFO : X方向运动开始：DEM_Run：返回值{True}nAxis{0}DirFlag{False}nSpeed{50000}MoveStep{-99635}nCtlValue{2}
2023-04-07 22:45:32,509 [AppLog] INFO : X方向到位停止：DEM_StopAxisRun：返回值{True}CurrentPos{684.105}bImmeStop{False}nAxisMask{1}
2023-04-07 22:45:33,304 [AppLog] INFO : 退出手动调试子模块,已执行修改
==========================================================================
2023-04-07 22:45:33,336 [AppLog] INFO : 结束自动清洗过程：AutoCleanThread
2023-04-07 22:45:34,506 [AppLog] INFO : 启动打印任务：准备开启数据处理及打印线程
2023-04-07 22:45:34,521 [AppLog] INFO : 停止打印任务，释放板卡内存：IDP_StopPrintJob()：ReturnFlag{True}
2023-04-07 22:45:34,521 [AppLog] INFO : 启动打印线程成功： DataTaskTHREAD
2023-04-07 22:45:34,537 [AppLog] INFO : 写入打印参数：IDP_SartPrintJob：nJobID{1}szJobName{金属3DP打印}nPixelGrayBits{1} nPrtCtl{0}nPrtXEncPos{10000}fPrtYPos{0}
2023-04-07 22:45:34,537 [AppLog] INFO : 进入：EquipmentMotionLogic3=》准备创建对象-手动操作！
2023-04-07 22:45:34,537 [AppLog] INFO : 创建：AutoPrintMotion4=》不需重新创建-手动操作！
2023-04-07 22:45:34,537 [AppLog] INFO : 启动打印线程成功：PrintTaskTHREAD
2023-04-07 22:45:34,537 [AppLog] INFO : 准备处理第1层数据：准备调用RenderToWic，index为0，subindex为0，g_nRePrintTimes为1，起始层为0
2023-04-07 22:45:34,724 [AppLog] INFO : 完成处理第0层数据：准备调用DrawLayerBMP，index为0，起始层为0
2023-04-07 22:45:34,724 [AppLog] INFO : 完成处理第0层数据：准备调用DrawLayerBMP，index为0，起始层为0
2023-04-07 22:45:35,426 [AppLog] INFO : 作业写入成功：IDP_WriteImgLayerData：bpp:{1bit}灰阶:{1阶}nLayerIndex{0}LayerIndex{0}SubIndex{0}RePrintTimes{1}nBytesPerLine{1004}nWidth{8001}nHeight{7560}nXEncOff{0}nYJetOff{0}nImgStartJetIndex{0}nXDPI{635}nYDPI{600}nPrtDir{0} nPrtFlag{1}nColorCnts{1}nReserved{System.Int32[]}
2023-04-07 22:45:35,426 [AppLog] INFO : 完成处理第1层数据：准备调用RenderToWic，index为0，subindex为0，g_nRePrintTimes为1，起始层为0
2023-04-07 22:45:35,426 [AppLog] INFO : 准备处理第1层数据：准备调用RenderToWic，index为0，subindex为1，g_nRePrintTimes为1，起始层为0
2023-04-07 22:45:35,613 [AppLog] INFO : 完成处理第0层数据：准备调用DrawLayerBMP，index为0，起始层为0
2023-04-07 22:45:35,613 [AppLog] INFO : 完成处理第0层数据：准备调用DrawLayerBMP，index为0，起始层为0
2023-04-07 22:45:36,331 [AppLog] INFO : 作业写入成功：IDP_WriteImgLayerData：bpp:{1bit}灰阶:{1阶}nLayerIndex{1}LayerIndex{0}SubIndex{1}RePrintTimes{1}nBytesPerLine{1004}nWidth{8001}nHeight{7560}nXEncOff{0}nYJetOff{0}nImgStartJetIndex{0}nXDPI{635}nYDPI{600}nPrtDir{0} nPrtFlag{1}nColorCnts{1}nReserved{System.Int32[]}
2023-04-07 22:45:36,331 [AppLog] INFO : 完成处理第1层数据：准备调用RenderToWic，index为0，subindex为1，g_nRePrintTimes为1，起始层为0
2023-04-07 22:45:36,331 [AppLog] INFO : 准备处理第1层数据：准备调用RenderToWic，index为1，subindex为0，g_nRePrintTimes为1，起始层为0
2023-04-07 22:45:36,409 [AppLog] INFO : 关闭自动供墨：DEV_EnableInkAutoSupply：ControlBit{0xX}
2023-04-07 22:45:36,409 [AppLog] INFO : 初始化墨轴1：DEM_InitAxis：{0, 0x100}
2023-04-07 22:45:36,424 [AppLog] INFO : 初始化墨轴2：DEM_InitAxis：{1, 0x1400}
2023-04-07 22:45:36,440 [AppLog] INFO : 初始化墨轴3：DEM_InitAxis：{1, 0x1400}
2023-04-07 22:45:36,440 [AppLog] INFO : 使能所有墨轴：DEM_EnableAxisRun：{true}
2023-04-07 22:45:36,440 [AppLog] INFO : 使能双Y墨轴输出同步：DEM_EnableDYOutPut：{true, true}
2023-04-07 22:45:36,440 [AppLog] INFO : 初始化墨轴1：DEM_InitAxis：{0, 0x100}
2023-04-07 22:45:36,456 [AppLog] INFO : 使能所有墨轴：DEM_EnableAxisRun：{true}
2023-04-07 22:45:36,456 [AppLog] INFO : 开启自动供墨：DEV_EnableInkAutoSupply：ControlBit{0xFF}
2023-04-07 22:45:36,471 [AppLog] INFO : 接收到恢复打印指令：PrintTaskTHREAD
2023-04-07 22:45:36,471 [AppLog] INFO : 获取打印Pass数据：IDP_GetPassItem2：nLayerIndex{1}nPassID{0}nProcState{3}LPPassDataItemb:PrtDir{False}nDataTxCompleteCnt{1}nHwMemAdrMatchMask{1}nLayerIndex{1}nLayerPassCount{6}nLayerPassIndex{0}nMinJet0ImgLinePos{0}nPrtMemHwAddr{System.UInt32[]}nPrtDataOffset{System.UInt32[]}nSrcDataSize{System.UInt32[]}nPrtColBytes{System.UInt32[]}nPrtPrecession{8}nSrcEndCols{8000}nSrcStartCols{0}nStartEncPos{76472}nValidPassJets{1280}nValidPrtCols{8310}nValidPrtCtlCnts{1}pDataBuf{0}pNextItem{674217664}
2023-04-07 22:45:36,487 [AppLog] INFO : 使能Pass打印成功：IDP_DoPassPrint2：nLayerIndex{1}nPassID{0}
2023-04-07 22:45:36,487 [AppLog] INFO : PASS打印前关键状态：DEV_GetDeviceInfo2：nLayerIndex{1}nPassID{0}LPPRINTER_INFO:nXSysEncDPI{0}nStatus{0}nPrintStatus{0}bSuperDevice{0}
LPPRINTER_INFO-LPPrtRunInfo:bJobPrtRuning{False}bLayerPrtIsOver{False}nContReqMemErr{0}nContWDErr{0}nCurPrtDir{0}nDTLayerIndex{0}nDTLayerPassIndex{0}nDTPtrCtlIndex{0}nLayerPassCount{0}nPrintLayerIndex{0}nPrintPassIndex{0}nProcLayerIndex{0}nPrtDataMemAddr{0}nPrtState{0}nReverse{System.Int32[]}nRevPrtCols{0}
LPPRINTER_INFO-LPDRVINFO:nFMVersion{0}nFpgaVersion{0}nPCBVersion{0}nState{0}nNextState{0}nPtvwarnState{0}nCrc32{0}nRevInfo{System.UInt32[]}nSignature{0}
2023-04-07 22:45:36,487 [AppLog] INFO : 进入：EquipmentMotionLogic3=》准备创建对象-手动操作！
2023-04-07 22:45:36,487 [AppLog] INFO : 进入：EquipmentMotionLogic3=》不需重新创建-手动操作！
2023-04-07 22:45:36,487 [AppLog] INFO : 进入：EquipmentMotionLogic3=》赋值完成自-AutoPrintMotion2！
2023-04-07 22:45:36,487 [AppLog] INFO : 进入：EquipmentMotionLogic3=》加载配置文件-LoadJsonFile成功！
2023-04-07 22:45:36,487 [AppLog] INFO : 进入自动清洗过程：AutoCleanThread
2023-04-07 22:45:36,518 [AppLog] INFO : 完成处理第1层数据：准备调用DrawLayerBMP，index为1，起始层为0
2023-04-07 22:45:36,518 [AppLog] INFO : 完成处理第1层数据：准备调用DrawLayerBMP，index为1，起始层为0
2023-04-07 22:45:37,251 [AppLog] INFO : 作业写入成功：IDP_WriteImgLayerData：bpp:{1bit}灰阶:{1阶}nLayerIndex{2}LayerIndex{1}SubIndex{1}RePrintTimes{1}nBytesPerLine{1004}nWidth{8001}nHeight{7560}nXEncOff{0}nYJetOff{0}nImgStartJetIndex{0}nXDPI{635}nYDPI{600}nPrtDir{0} nPrtFlag{1}nColorCnts{1}nReserved{System.Int32[]}
2023-04-07 22:45:37,251 [AppLog] INFO : 完成处理第1层数据：准备调用RenderToWic，index为1，subindex为0，g_nRePrintTimes为1，起始层为0
2023-04-07 22:45:37,251 [AppLog] INFO : 准备处理第1层数据：准备调用RenderToWic，index为2，subindex为0，g_nRePrintTimes为1，起始层为0
2023-04-07 22:45:37,438 [AppLog] INFO : 完成处理第2层数据：准备调用DrawLayerBMP，index为2，起始层为0
2023-04-07 22:45:37,438 [AppLog] INFO : 完成处理第2层数据：准备调用DrawLayerBMP，index为2，起始层为0
2023-04-07 22:45:37,470 [AppLog] INFO : 刮墨轴回零成功：motionMap.SetBackSpreaderAxis(4, 1, 2, -SinkPosition)
2023-04-07 22:45:37,470 [AppLog] INFO : 准备读取编码器位置：Y方向！
2023-04-07 22:45:37,470 [AppLog] INFO : 准备运动，编码器当前位置：DEM_GetAxisEncodeVal：MoveDirectionFlag{false为Y方向：True}CurrentPos{121.425}AimPos{121}
2023-04-07 22:45:37,516 [AppLog] INFO : Y方向运动开始：DEM_Run：返回值{True}nAxis{1}DirFlag{False}nSpeed{300000}MoveStep{-424.999999999997}nCtlValue{0}
2023-04-07 22:45:37,516 [AppLog] INFO : Y方向到位停止：DEM_StopAxisRun：返回值{True}CurrentPos{121.425}bImmeStop{False}nAxisMask{2}
2023-04-07 22:45:37,516 [AppLog] INFO : 准备读取编码器位置：X方向！
2023-04-07 22:45:37,532 [AppLog] INFO : 准备运动，当前位置：DEV_GetPrintEncoderValue：MoveDirectionFlag{false为Y方向：False}CurrentPos{680.61}AimPos{780}
2023-04-07 22:45:37,563 [AppLog] INFO : X方向运动开始：DEM_Run：返回值{True}nAxis{0}DirFlag{True}nSpeed{300000}MoveStep{99390}nCtlValue{2}
2023-04-07 22:45:38,172 [AppLog] INFO : 作业写入成功：IDP_WriteImgLayerData：bpp:{1bit}灰阶:{1阶}nLayerIndex{3}LayerIndex{2}SubIndex{1}RePrintTimes{1}nBytesPerLine{1004}nWidth{8001}nHeight{7560}nXEncOff{0}nYJetOff{0}nImgStartJetIndex{0}nXDPI{635}nYDPI{600}nPrtDir{0} nPrtFlag{1}nColorCnts{1}nReserved{System.Int32[]}
2023-04-07 22:45:38,172 [AppLog] INFO : 完成处理第1层数据：准备调用RenderToWic，index为2，subindex为0，g_nRePrintTimes为1，起始层为0
2023-04-07 22:45:38,187 [AppLog] INFO : 准备处理第1层数据：准备调用RenderToWic，index为3，subindex为0，g_nRePrintTimes为1，起始层为0
2023-04-07 22:45:38,390 [AppLog] INFO : 完成处理第3层数据：准备调用DrawLayerBMP，index为3，起始层为0
2023-04-07 22:45:38,390 [AppLog] INFO : 完成处理第3层数据：准备调用DrawLayerBMP，index为3，起始层为0
2023-04-07 22:45:39,108 [AppLog] INFO : 作业写入成功：IDP_WriteImgLayerData：bpp:{1bit}灰阶:{1阶}nLayerIndex{4}LayerIndex{3}SubIndex{1}RePrintTimes{1}nBytesPerLine{1004}nWidth{8001}nHeight{7560}nXEncOff{0}nYJetOff{0}nImgStartJetIndex{0}nXDPI{635}nYDPI{600}nPrtDir{0} nPrtFlag{1}nColorCnts{1}nReserved{System.Int32[]}
2023-04-07 22:45:39,108 [AppLog] INFO : 完成处理第1层数据：准备调用RenderToWic，index为3，subindex为0，g_nRePrintTimes为1，起始层为0
2023-04-07 22:45:39,123 [AppLog] INFO : 准备处理第1层数据：准备调用RenderToWic，index为4，subindex为0，g_nRePrintTimes为1，起始层为0
2023-04-07 22:45:39,310 [AppLog] INFO : 完成处理第4层数据：准备调用DrawLayerBMP，index为4，起始层为0
2023-04-07 22:45:39,310 [AppLog] INFO : 完成处理第4层数据：准备调用DrawLayerBMP，index为4，起始层为0
2023-04-07 22:45:39,404 [AppLog] INFO : X方向到位停止：DEM_StopAxisRun：返回值{True}CurrentPos{779.35}bImmeStop{False}nAxisMask{1}
2023-04-07 22:45:40,106 [AppLog] INFO : 作业写入成功：IDP_WriteImgLayerData：bpp:{1bit}灰阶:{1阶}nLayerIndex{5}LayerIndex{4}SubIndex{1}RePrintTimes{1}nBytesPerLine{1004}nWidth{8001}nHeight{7560}nXEncOff{0}nYJetOff{0}nImgStartJetIndex{0}nXDPI{635}nYDPI{600}nPrtDir{0} nPrtFlag{1}nColorCnts{1}nReserved{System.Int32[]}
2023-04-07 22:45:40,106 [AppLog] INFO : 完成处理第1层数据：准备调用RenderToWic，index为4，subindex为0，g_nRePrintTimes为1，起始层为0
2023-04-07 22:45:40,106 [AppLog] INFO : 准备处理第1层数据：准备调用RenderToWic，index为5，subindex为0，g_nRePrintTimes为1，起始层为0
2023-04-07 22:45:40,231 [AppLog] INFO : 开启压墨： motionMap.SetDo(13, true)
2023-04-07 22:45:40,309 [AppLog] INFO : 完成处理第5层数据：准备调用DrawLayerBMP，index为5，起始层为0
2023-04-07 22:45:40,309 [AppLog] INFO : 完成处理第5层数据：准备调用DrawLayerBMP，index为5，起始层为0
2023-04-07 22:45:41,011 [AppLog] INFO : 作业写入成功：IDP_WriteImgLayerData：bpp:{1bit}灰阶:{1阶}nLayerIndex{6}LayerIndex{5}SubIndex{1}RePrintTimes{1}nBytesPerLine{1004}nWidth{8001}nHeight{7560}nXEncOff{0}nYJetOff{0}nImgStartJetIndex{0}nXDPI{635}nYDPI{600}nPrtDir{0} nPrtFlag{1}nColorCnts{1}nReserved{System.Int32[]}
2023-04-07 22:45:41,026 [AppLog] INFO : 完成处理第1层数据：准备调用RenderToWic，index为5，subindex为0，g_nRePrintTimes为1，起始层为0
2023-04-07 22:45:41,042 [AppLog] INFO : 准备处理第1层数据：准备调用RenderToWic，index为6，subindex为0，g_nRePrintTimes为1，起始层为0
2023-04-07 22:45:41,229 [AppLog] INFO : 完成处理第6层数据：准备调用DrawLayerBMP，index为6，起始层为0
2023-04-07 22:45:41,229 [AppLog] INFO : 完成处理第6层数据：准备调用DrawLayerBMP，index为6，起始层为0
2023-04-07 22:45:41,947 [AppLog] INFO : 作业写入成功：IDP_WriteImgLayerData：bpp:{1bit}灰阶:{1阶}nLayerIndex{7}LayerIndex{6}SubIndex{1}RePrintTimes{1}nBytesPerLine{1004}nWidth{8001}nHeight{7560}nXEncOff{0}nYJetOff{0}nImgStartJetIndex{0}nXDPI{635}nYDPI{600}nPrtDir{0} nPrtFlag{1}nColorCnts{1}nReserved{System.Int32[]}
2023-04-07 22:45:41,947 [AppLog] INFO : 完成处理第1层数据：准备调用RenderToWic，index为6，subindex为0，g_nRePrintTimes为1，起始层为0
2023-04-07 22:45:41,947 [AppLog] INFO : 准备处理第1层数据：准备调用RenderToWic，index为7，subindex为0，g_nRePrintTimes为1，起始层为0
2023-04-07 22:45:42,134 [AppLog] INFO : 完成处理第7层数据：准备调用DrawLayerBMP，index为7，起始层为0
2023-04-07 22:45:42,134 [AppLog] INFO : 完成处理第7层数据：准备调用DrawLayerBMP，index为7，起始层为0
2023-04-07 22:45:42,852 [AppLog] INFO : 作业写入成功：IDP_WriteImgLayerData：bpp:{1bit}灰阶:{1阶}nLayerIndex{8}LayerIndex{7}SubIndex{1}RePrintTimes{1}nBytesPerLine{1004}nWidth{8001}nHeight{7560}nXEncOff{0}nYJetOff{0}nImgStartJetIndex{0}nXDPI{635}nYDPI{600}nPrtDir{0} nPrtFlag{1}nColorCnts{1}nReserved{System.Int32[]}
2023-04-07 22:45:42,852 [AppLog] INFO : 完成处理第1层数据：准备调用RenderToWic，index为7，subindex为0，g_nRePrintTimes为1，起始层为0
2023-04-07 22:45:42,852 [AppLog] INFO : 准备处理第1层数据：准备调用RenderToWic，index为8，subindex为0，g_nRePrintTimes为1，起始层为0
2023-04-07 22:45:43,039 [AppLog] INFO : 完成处理第8层数据：准备调用DrawLayerBMP，index为8，起始层为0
2023-04-07 22:45:43,039 [AppLog] INFO : 完成处理第8层数据：准备调用DrawLayerBMP，index为8，起始层为0
2023-04-07 22:45:43,741 [AppLog] INFO : 作业写入成功：IDP_WriteImgLayerData：bpp:{1bit}灰阶:{1阶}nLayerIndex{9}LayerIndex{8}SubIndex{1}RePrintTimes{1}nBytesPerLine{1004}nWidth{8001}nHeight{7560}nXEncOff{0}nYJetOff{0}nImgStartJetIndex{0}nXDPI{635}nYDPI{600}nPrtDir{0} nPrtFlag{1}nColorCnts{1}nReserved{System.Int32[]}
2023-04-07 22:45:43,741 [AppLog] INFO : 完成处理第1层数据：准备调用RenderToWic，index为8，subindex为0，g_nRePrintTimes为1，起始层为0
2023-04-07 22:45:43,772 [AppLog] INFO : 准备处理第1层数据：准备调用RenderToWic，index为9，subindex为0，g_nRePrintTimes为1，起始层为0
2023-04-07 22:45:43,959 [AppLog] INFO : 完成处理第9层数据：准备调用DrawLayerBMP，index为9，起始层为0
2023-04-07 22:45:43,959 [AppLog] INFO : 完成处理第9层数据：准备调用DrawLayerBMP，index为9，起始层为0
2023-04-07 22:45:44,240 [AppLog] INFO : 关闭压墨： motionMap.SetDo(13, true)
2023-04-07 22:45:44,240 [AppLog] INFO : 准备读取编码器位置：X方向！
2023-04-07 22:45:44,240 [AppLog] INFO : 准备运动，当前位置：DEV_GetPrintEncoderValue：MoveDirectionFlag{false为Y方向：False}CurrentPos{779.375}AimPos{680}
2023-04-07 22:45:44,271 [AppLog] INFO : X方向运动开始：DEM_Run：返回值{True}nAxis{0}DirFlag{False}nSpeed{50000}MoveStep{-99375}nCtlValue{2}
2023-04-07 22:45:44,661 [AppLog] INFO : 作业写入成功：IDP_WriteImgLayerData：bpp:{1bit}灰阶:{1阶}nLayerIndex{10}LayerIndex{9}SubIndex{1}RePrintTimes{1}nBytesPerLine{1004}nWidth{8001}nHeight{7560}nXEncOff{0}nYJetOff{0}nImgStartJetIndex{0}nXDPI{635}nYDPI{600}nPrtDir{0} nPrtFlag{1}nColorCnts{1}nReserved{System.Int32[]}
2023-04-07 22:45:44,661 [AppLog] INFO : 完成处理第1层数据：准备调用RenderToWic，index为9，subindex为0，g_nRePrintTimes为1，起始层为0
2023-04-07 22:45:44,677 [AppLog] INFO : 准备处理第1层数据：准备调用RenderToWic，index为10，subindex为0，g_nRePrintTimes为1，起始层为0
2023-04-07 22:45:44,864 [AppLog] INFO : 完成处理第10层数据：准备调用DrawLayerBMP，index为10，起始层为0
2023-04-07 22:45:44,864 [AppLog] INFO : 完成处理第10层数据：准备调用DrawLayerBMP，index为10，起始层为0
2023-04-07 22:45:45,597 [AppLog] INFO : 作业写入成功：IDP_WriteImgLayerData：bpp:{1bit}灰阶:{1阶}nLayerIndex{11}LayerIndex{10}SubIndex{1}RePrintTimes{1}nBytesPerLine{1004}nWidth{8001}nHeight{7560}nXEncOff{0}nYJetOff{0}nImgStartJetIndex{0}nXDPI{635}nYDPI{600}nPrtDir{0} nPrtFlag{1}nColorCnts{1}nReserved{System.Int32[]}
2023-04-07 22:45:45,597 [AppLog] INFO : 完成处理第1层数据：准备调用RenderToWic，index为10，subindex为0，g_nRePrintTimes为1，起始层为0
2023-04-07 22:45:45,597 [AppLog] INFO : 准备处理第1层数据：准备调用RenderToWic，index为11，subindex为0，g_nRePrintTimes为1，起始层为0
2023-04-07 22:45:45,784 [AppLog] INFO : 完成处理第11层数据：准备调用DrawLayerBMP，index为11，起始层为0
2023-04-07 22:45:45,784 [AppLog] INFO : 完成处理第11层数据：准备调用DrawLayerBMP，index为11，起始层为0
2023-04-07 22:45:46,315 [AppLog] INFO : X方向到位停止：DEM_StopAxisRun：返回值{True}CurrentPos{683.695}bImmeStop{False}nAxisMask{1}
2023-04-07 22:45:46,518 [AppLog] INFO : 作业写入成功：IDP_WriteImgLayerData：bpp:{1bit}灰阶:{1阶}nLayerIndex{12}LayerIndex{11}SubIndex{1}RePrintTimes{1}nBytesPerLine{1004}nWidth{8001}nHeight{7560}nXEncOff{0}nYJetOff{0}nImgStartJetIndex{0}nXDPI{635}nYDPI{600}nPrtDir{0} nPrtFlag{1}nColorCnts{1}nReserved{System.Int32[]}
2023-04-07 22:45:46,518 [AppLog] INFO : 完成处理第1层数据：准备调用RenderToWic，index为11，subindex为0，g_nRePrintTimes为1，起始层为0
2023-04-07 22:45:46,533 [AppLog] INFO : 准备处理第1层数据：准备调用RenderToWic，index为12，subindex为0，g_nRePrintTimes为1，起始层为0
2023-04-07 22:45:46,720 [AppLog] INFO : 完成处理第12层数据：准备调用DrawLayerBMP，index为12，起始层为0
2023-04-07 22:45:46,720 [AppLog] INFO : 完成处理第12层数据：准备调用DrawLayerBMP，index为12，起始层为0
2023-04-07 22:45:47,142 [AppLog] INFO : 结束自动清洗过程：AutoCleanThread
2023-04-07 22:45:47,142 [AppLog] INFO : 进入：EquipmentMotionLogic3=》准备创建对象-手动操作！
2023-04-07 22:45:47,142 [AppLog] INFO : 进入：EquipmentMotionLogic3=》不需重新创建-手动操作！
2023-04-07 22:45:47,142 [AppLog] INFO : 进入：EquipmentMotionLogic3=》赋值完成自-AutoPrintMotion2！
2023-04-07 22:45:47,142 [AppLog] INFO : 进入：EquipmentMotionLogic3=》加载配置文件-LoadJsonFile成功！
2023-04-07 22:45:47,142 [AppLog] INFO : 进入：AutoPrintThread2！
2023-04-07 22:45:47,142 [AppLog] INFO : 关闭闪喷操作：IDP_FlashPrtCtl：返回值{True}
2023-04-07 22:45:47,142 [AppLog] INFO : 准备读取编码器位置：Y方向！
2023-04-07 22:45:47,142 [AppLog] INFO : 准备运动，编码器当前位置：DEM_GetAxisEncodeVal：MoveDirectionFlag{false为Y方向：True}CurrentPos{121.005}AimPos{15}
2023-04-07 22:45:47,173 [AppLog] INFO : Y方向运动开始：DEM_Run：返回值{True}nAxis{1}DirFlag{False}nSpeed{300000}MoveStep{-106005}nCtlValue{0}
2023-04-07 22:45:47,173 [AppLog] INFO : 准备读取编码器位置：X方向！
2023-04-07 22:45:47,173 [AppLog] INFO : 准备运动，当前位置：DEV_GetPrintEncoderValue：MoveDirectionFlag{false为Y方向：False}CurrentPos{680.62}AimPos{425}
2023-04-07 22:45:47,204 [AppLog] INFO : X方向运动开始：DEM_Run：返回值{True}nAxis{0}DirFlag{False}nSpeed{300000}MoveStep{-255620}nCtlValue{2}
2023-04-07 22:45:47,438 [AppLog] INFO : 作业写入成功：IDP_WriteImgLayerData：bpp:{1bit}灰阶:{1阶}nLayerIndex{13}LayerIndex{12}SubIndex{1}RePrintTimes{1}nBytesPerLine{1004}nWidth{8001}nHeight{7560}nXEncOff{0}nYJetOff{0}nImgStartJetIndex{0}nXDPI{635}nYDPI{600}nPrtDir{0} nPrtFlag{1}nColorCnts{1}nReserved{System.Int32[]}
2023-04-07 22:45:47,438 [AppLog] INFO : 完成处理第1层数据：准备调用RenderToWic，index为12，subindex为0，g_nRePrintTimes为1，起始层为0
2023-04-07 22:45:47,438 [AppLog] INFO : 准备处理第1层数据：准备调用RenderToWic，index为13，subindex为0，g_nRePrintTimes为1，起始层为0
2023-04-07 22:45:47,625 [AppLog] INFO : 完成处理第13层数据：准备调用DrawLayerBMP，index为13，起始层为0
2023-04-07 22:45:47,625 [AppLog] INFO : 完成处理第13层数据：准备调用DrawLayerBMP，index为13，起始层为0
2023-04-07 22:45:48,358 [AppLog] INFO : 作业写入成功：IDP_WriteImgLayerData：bpp:{1bit}灰阶:{1阶}nLayerIndex{14}LayerIndex{13}SubIndex{1}RePrintTimes{1}nBytesPerLine{1004}nWidth{8001}nHeight{7560}nXEncOff{0}nYJetOff{0}nImgStartJetIndex{0}nXDPI{635}nYDPI{600}nPrtDir{0} nPrtFlag{1}nColorCnts{1}nReserved{System.Int32[]}
2023-04-07 22:45:48,358 [AppLog] INFO : 完成处理第1层数据：准备调用RenderToWic，index为13，subindex为0，g_nRePrintTimes为1，起始层为0
2023-04-07 22:45:48,358 [AppLog] INFO : 准备处理第1层数据：准备调用RenderToWic，index为14，subindex为0，g_nRePrintTimes为1，起始层为0
2023-04-07 22:45:48,546 [AppLog] INFO : 完成处理第14层数据：准备调用DrawLayerBMP，index为14，起始层为0
2023-04-07 22:45:48,546 [AppLog] INFO : 完成处理第14层数据：准备调用DrawLayerBMP，index为14，起始层为0
2023-04-07 22:45:48,608 [AppLog] INFO : X方向到位停止：DEM_StopAxisRun：返回值{True}CurrentPos{429.285}bImmeStop{False}nAxisMask{1}
2023-04-07 22:45:48,608 [AppLog] INFO : 准备读取编码器位置：X方向！
2023-04-07 22:45:48,608 [AppLog] INFO : 准备运动，当前位置：DEV_GetPrintEncoderValue：MoveDirectionFlag{false为Y方向：False}CurrentPos{429.19}AimPos{25}
2023-04-07 22:45:48,639 [AppLog] INFO : X方向运动开始：DEM_Run：返回值{True}nAxis{0}DirFlag{False}nSpeed{300000}MoveStep{-404190}nCtlValue{2}
2023-04-07 22:45:49,279 [AppLog] INFO : 作业写入成功：IDP_WriteImgLayerData：bpp:{1bit}灰阶:{1阶}nLayerIndex{15}LayerIndex{14}SubIndex{1}RePrintTimes{1}nBytesPerLine{1004}nWidth{8001}nHeight{7560}nXEncOff{0}nYJetOff{0}nImgStartJetIndex{0}nXDPI{635}nYDPI{600}nPrtDir{0} nPrtFlag{1}nColorCnts{1}nReserved{System.Int32[]}
2023-04-07 22:45:49,279 [AppLog] INFO : 完成处理第1层数据：准备调用RenderToWic，index为14，subindex为0，g_nRePrintTimes为1，起始层为0
2023-04-07 22:45:49,310 [AppLog] INFO : 准备处理第1层数据：准备调用RenderToWic，index为15，subindex为0，g_nRePrintTimes为1，起始层为0
2023-04-07 22:45:49,497 [AppLog] INFO : 完成处理第15层数据：准备调用DrawLayerBMP，index为15，起始层为0
2023-04-07 22:45:49,497 [AppLog] INFO : 完成处理第15层数据：准备调用DrawLayerBMP，index为15，起始层为0
2023-04-07 22:45:50,418 [AppLog] INFO : 作业写入成功：IDP_WriteImgLayerData：bpp:{1bit}灰阶:{1阶}nLayerIndex{16}LayerIndex{15}SubIndex{1}RePrintTimes{1}nBytesPerLine{1004}nWidth{8001}nHeight{7560}nXEncOff{0}nYJetOff{0}nImgStartJetIndex{0}nXDPI{635}nYDPI{600}nPrtDir{0} nPrtFlag{1}nColorCnts{1}nReserved{System.Int32[]}
2023-04-07 22:45:50,418 [AppLog] INFO : 完成处理第1层数据：准备调用RenderToWic，index为15，subindex为0，g_nRePrintTimes为1，起始层为0
2023-04-07 22:45:50,418 [AppLog] INFO : 准备处理第1层数据：准备调用RenderToWic，index为16，subindex为0，g_nRePrintTimes为1，起始层为0
2023-04-07 22:45:50,527 [AppLog] INFO : X方向到位停止：DEM_StopAxisRun：返回值{True}CurrentPos{26.14}bImmeStop{False}nAxisMask{1}
2023-04-07 22:45:50,527 [AppLog] INFO : 准备读取编码器位置：Y方向！
2023-04-07 22:45:50,527 [AppLog] INFO : 准备运动，编码器当前位置：DEM_GetAxisEncodeVal：MoveDirectionFlag{false为Y方向：True}CurrentPos{15.15}AimPos{69}
2023-04-07 22:45:50,558 [AppLog] INFO : Y方向运动开始：DEM_Run：返回值{True}nAxis{1}DirFlag{True}nSpeed{300000}MoveStep{53850}nCtlValue{0}
2023-04-07 22:45:50,605 [AppLog] INFO : 完成处理第16层数据：准备调用DrawLayerBMP，index为16，起始层为0
2023-04-07 22:45:50,605 [AppLog] INFO : 完成处理第16层数据：准备调用DrawLayerBMP，index为16，起始层为0
2023-04-07 22:45:50,745 [AppLog] INFO : Y方向到位停止：DEM_StopAxisRun：返回值{True}CurrentPos{26.255}bImmeStop{False}nAxisMask{2}
2023-04-07 22:45:50,745 [AppLog] INFO : 获取打印Pass数据：IDP_GetPassItem2：nLayerIndex{1}nPassID{1}nProcState{3}LPPassDataItemb:PrtDir{True}nDataTxCompleteCnt{1}nHwMemAdrMatchMask{1}nLayerIndex{1}nLayerPassCount{6}nLayerPassIndex{1}nMinJet0ImgLinePos{1280}nPrtMemHwAddr{System.UInt32[]}nPrtDataOffset{System.UInt32[]}nSrcDataSize{System.UInt32[]}nPrtColBytes{System.UInt32[]}nPrtPrecession{8}nSrcEndCols{8000}nSrcStartCols{0}nStartEncPos{10000}nValidPassJets{1280}nValidPrtCols{8310}nValidPrtCtlCnts{1}pDataBuf{0}pNextItem{674217504}
2023-04-07 22:45:50,761 [AppLog] INFO : 使能Pass打印成功：IDP_DoPassPrint2：nLayerIndex{1}nPassID{1}
2023-04-07 22:45:50,761 [AppLog] INFO : PASS打印前关键状态：DEV_GetDeviceInfo2：nLayerIndex{1}nPassID{1}LPPRINTER_INFO:nXSysEncDPI{0}nStatus{0}nPrintStatus{0}bSuperDevice{0}
LPPRINTER_INFO-LPPrtRunInfo:bJobPrtRuning{False}bLayerPrtIsOver{False}nContReqMemErr{0}nContWDErr{0}nCurPrtDir{0}nDTLayerIndex{0}nDTLayerPassIndex{0}nDTPtrCtlIndex{0}nLayerPassCount{0}nPrintLayerIndex{0}nPrintPassIndex{0}nProcLayerIndex{0}nPrtDataMemAddr{0}nPrtState{0}nReverse{System.Int32[]}nRevPrtCols{0}
LPPRINTER_INFO-LPDRVINFO:nFMVersion{0}nFpgaVersion{0}nPCBVersion{0}nState{0}nNextState{0}nPtvwarnState{0}nCrc32{0}nRevInfo{System.UInt32[]}nSignature{0}
2023-04-07 22:45:50,761 [AppLog] INFO : 进入：EquipmentMotionLogic3=》准备创建对象-手动操作！
2023-04-07 22:45:50,761 [AppLog] INFO : 进入：EquipmentMotionLogic3=》不需重新创建-手动操作！
2023-04-07 22:45:50,761 [AppLog] INFO : 进入：EquipmentMotionLogic3=》赋值完成自-AutoPrintMotion2！
2023-04-07 22:45:50,761 [AppLog] INFO : 进入：EquipmentMotionLogic3=》加载配置文件-LoadJsonFile成功！
2023-04-07 22:45:50,761 [AppLog] INFO : 进入：AutoPrintThread2！
2023-04-07 22:45:50,761 [AppLog] INFO : 准备读取编码器位置：X方向！
2023-04-07 22:45:50,761 [AppLog] INFO : 准备运动，当前位置：DEV_GetPrintEncoderValue：MoveDirectionFlag{false为Y方向：False}CurrentPos{21.88}AimPos{425}
2023-04-07 22:45:50,792 [AppLog] INFO : X方向运动开始：DEM_Run：返回值{True}nAxis{0}DirFlag{True}nSpeed{300000}MoveStep{403120}nCtlValue{2}
2023-04-07 22:45:51,338 [AppLog] INFO : 作业写入成功：IDP_WriteImgLayerData：bpp:{1bit}灰阶:{1阶}nLayerIndex{17}LayerIndex{16}SubIndex{1}RePrintTimes{1}nBytesPerLine{1004}nWidth{8001}nHeight{7560}nXEncOff{0}nYJetOff{0}nImgStartJetIndex{0}nXDPI{635}nYDPI{600}nPrtDir{0} nPrtFlag{1}nColorCnts{1}nReserved{System.Int32[]}
2023-04-07 22:45:51,338 [AppLog] INFO : 完成处理第1层数据：准备调用RenderToWic，index为16，subindex为0，g_nRePrintTimes为1，起始层为0
2023-04-07 22:45:51,354 [AppLog] INFO : 准备处理第1层数据：准备调用RenderToWic，index为17，subindex为0，g_nRePrintTimes为1，起始层为0
2023-04-07 22:45:51,541 [AppLog] INFO : 完成处理第17层数据：准备调用DrawLayerBMP，index为17，起始层为0
2023-04-07 22:45:51,541 [AppLog] INFO : 完成处理第17层数据：准备调用DrawLayerBMP，index为17，起始层为0
2023-04-07 22:45:52,258 [AppLog] INFO : 作业写入成功：IDP_WriteImgLayerData：bpp:{1bit}灰阶:{1阶}nLayerIndex{18}LayerIndex{17}SubIndex{1}RePrintTimes{1}nBytesPerLine{1004}nWidth{8001}nHeight{7560}nXEncOff{0}nYJetOff{0}nImgStartJetIndex{0}nXDPI{635}nYDPI{600}nPrtDir{0} nPrtFlag{1}nColorCnts{1}nReserved{System.Int32[]}
2023-04-07 22:45:52,258 [AppLog] INFO : 完成处理第1层数据：准备调用RenderToWic，index为17，subindex为0，g_nRePrintTimes为1，起始层为0
2023-04-07 22:45:52,258 [AppLog] INFO : 准备处理第1层数据：准备调用RenderToWic，index为18，subindex为0，g_nRePrintTimes为1，起始层为0
2023-04-07 22:45:52,446 [AppLog] INFO : 完成处理第18层数据：准备调用DrawLayerBMP，index为18，起始层为0
2023-04-07 22:45:52,446 [AppLog] INFO : 完成处理第18层数据：准备调用DrawLayerBMP，index为18，起始层为0
2023-04-07 22:45:52,695 [AppLog] INFO : X方向到位停止：DEM_StopAxisRun：返回值{True}CurrentPos{420.065}bImmeStop{False}nAxisMask{1}
2023-04-07 22:45:52,695 [AppLog] INFO : 准备读取编码器位置：Y方向！
2023-04-07 22:45:52,695 [AppLog] INFO : 准备运动，编码器当前位置：DEM_GetAxisEncodeVal：MoveDirectionFlag{false为Y方向：True}CurrentPos{68.95}AimPos{123}
2023-04-07 22:45:52,726 [AppLog] INFO : Y方向运动开始：DEM_Run：返回值{True}nAxis{1}DirFlag{True}nSpeed{300000}MoveStep{54050}nCtlValue{0}
2023-04-07 22:45:52,929 [AppLog] INFO : Y方向到位停止：DEM_StopAxisRun：返回值{True}CurrentPos{83.095}bImmeStop{False}nAxisMask{2}
2023-04-07 22:45:52,929 [AppLog] INFO : 获取打印Pass数据：IDP_GetPassItem2：nLayerIndex{1}nPassID{2}nProcState{3}LPPassDataItemb:PrtDir{False}nDataTxCompleteCnt{1}nHwMemAdrMatchMask{1}nLayerIndex{1}nLayerPassCount{6}nLayerPassIndex{2}nMinJet0ImgLinePos{2560}nPrtMemHwAddr{System.UInt32[]}nPrtDataOffset{System.UInt32[]}nSrcDataSize{System.UInt32[]}nPrtColBytes{System.UInt32[]}nPrtPrecession{8}nSrcEndCols{8000}nSrcStartCols{0}nStartEncPos{76472}nValidPassJets{1280}nValidPrtCols{8310}nValidPrtCtlCnts{1}pDataBuf{0}pNextItem{674217344}
2023-04-07 22:45:52,945 [AppLog] INFO : 使能Pass打印成功：IDP_DoPassPrint2：nLayerIndex{1}nPassID{2}
2023-04-07 22:45:52,945 [AppLog] INFO : PASS打印前关键状态：DEV_GetDeviceInfo2：nLayerIndex{1}nPassID{2}LPPRINTER_INFO:nXSysEncDPI{0}nStatus{0}nPrintStatus{0}bSuperDevice{0}
LPPRINTER_INFO-LPPrtRunInfo:bJobPrtRuning{False}bLayerPrtIsOver{False}nContReqMemErr{0}nContWDErr{0}nCurPrtDir{0}nDTLayerIndex{0}nDTLayerPassIndex{0}nDTPtrCtlIndex{0}nLayerPassCount{0}nPrintLayerIndex{0}nPrintPassIndex{0}nProcLayerIndex{0}nPrtDataMemAddr{0}nPrtState{0}nReverse{System.Int32[]}nRevPrtCols{0}
LPPRINTER_INFO-LPDRVINFO:nFMVersion{0}nFpgaVersion{0}nPCBVersion{0}nState{0}nNextState{0}nPtvwarnState{0}nCrc32{0}nRevInfo{System.UInt32[]}nSignature{0}
2023-04-07 22:45:52,945 [AppLog] INFO : 进入：EquipmentMotionLogic3=》准备创建对象-手动操作！
2023-04-07 22:45:52,945 [AppLog] INFO : 进入：EquipmentMotionLogic3=》不需重新创建-手动操作！
2023-04-07 22:45:52,945 [AppLog] INFO : 进入：EquipmentMotionLogic3=》赋值完成自-AutoPrintMotion2！
2023-04-07 22:45:52,945 [AppLog] INFO : 进入：EquipmentMotionLogic3=》加载配置文件-LoadJsonFile成功！
2023-04-07 22:45:52,945 [AppLog] INFO : 进入：AutoPrintThread2！
2023-04-07 22:45:52,945 [AppLog] INFO : 准备读取编码器位置：X方向！
2023-04-07 22:45:52,945 [AppLog] INFO : 准备运动，当前位置：DEV_GetPrintEncoderValue：MoveDirectionFlag{false为Y方向：False}CurrentPos{423.32}AimPos{25}
2023-04-07 22:45:52,976 [AppLog] INFO : X方向运动开始：DEM_Run：返回值{True}nAxis{0}DirFlag{False}nSpeed{300000}MoveStep{-398320}nCtlValue{2}
2023-04-07 22:45:53,163 [AppLog] INFO : 作业写入成功：IDP_WriteImgLayerData：bpp:{1bit}灰阶:{1阶}nLayerIndex{19}LayerIndex{18}SubIndex{1}RePrintTimes{1}nBytesPerLine{1004}nWidth{8001}nHeight{7560}nXEncOff{0}nYJetOff{0}nImgStartJetIndex{0}nXDPI{635}nYDPI{600}nPrtDir{0} nPrtFlag{1}nColorCnts{1}nReserved{System.Int32[]}
2023-04-07 22:45:53,163 [AppLog] INFO : 完成处理第1层数据：准备调用RenderToWic，index为18，subindex为0，g_nRePrintTimes为1，起始层为0
2023-04-07 22:45:53,179 [AppLog] INFO : 准备处理第1层数据：准备调用RenderToWic，index为19，subindex为0，g_nRePrintTimes为1，起始层为0
2023-04-07 22:45:53,366 [AppLog] INFO : 完成处理第19层数据：准备调用DrawLayerBMP，index为19，起始层为0
2023-04-07 22:45:53,366 [AppLog] INFO : 完成处理第19层数据：准备调用DrawLayerBMP，index为19，起始层为0
2023-04-07 22:45:54,068 [AppLog] INFO : 作业写入成功：IDP_WriteImgLayerData：bpp:{1bit}灰阶:{1阶}nLayerIndex{20}LayerIndex{19}SubIndex{1}RePrintTimes{1}nBytesPerLine{1004}nWidth{8001}nHeight{7560}nXEncOff{0}nYJetOff{0}nImgStartJetIndex{0}nXDPI{635}nYDPI{600}nPrtDir{0} nPrtFlag{1}nColorCnts{1}nReserved{System.Int32[]}
2023-04-07 22:45:54,068 [AppLog] INFO : 完成处理第1层数据：准备调用RenderToWic，index为19，subindex为0，g_nRePrintTimes为1，起始层为0
2023-04-07 22:45:54,068 [AppLog] INFO : 准备处理第1层数据：准备调用RenderToWic，index为20，subindex为0，g_nRePrintTimes为1，起始层为0
2023-04-07 22:45:54,271 [AppLog] INFO : 完成处理第20层数据：准备调用DrawLayerBMP，index为20，起始层为0
2023-04-07 22:45:54,271 [AppLog] INFO : 完成处理第20层数据：准备调用DrawLayerBMP，index为20，起始层为0
2023-04-07 22:45:54,864 [AppLog] INFO : X方向到位停止：DEM_StopAxisRun：返回值{True}CurrentPos{29.9}bImmeStop{False}nAxisMask{1}
2023-04-07 22:45:54,864 [AppLog] INFO : 准备读取编码器位置：Y方向！
2023-04-07 22:45:54,864 [AppLog] INFO : 准备运动，编码器当前位置：DEM_GetAxisEncodeVal：MoveDirectionFlag{false为Y方向：True}CurrentPos{122.83}AimPos{177}
2023-04-07 22:45:54,895 [AppLog] INFO : Y方向运动开始：DEM_Run：返回值{True}nAxis{1}DirFlag{True}nSpeed{300000}MoveStep{54170}nCtlValue{0}
2023-04-07 22:45:54,988 [AppLog] INFO : 作业写入成功：IDP_WriteImgLayerData：bpp:{1bit}灰阶:{1阶}nLayerIndex{21}LayerIndex{20}SubIndex{1}RePrintTimes{1}nBytesPerLine{1004}nWidth{8001}nHeight{7560}nXEncOff{0}nYJetOff{0}nImgStartJetIndex{0}nXDPI{635}nYDPI{600}nPrtDir{0} nPrtFlag{1}nColorCnts{1}nReserved{System.Int32[]}
2023-04-07 22:45:54,988 [AppLog] INFO : 完成处理第1层数据：准备调用RenderToWic，index为20，subindex为0，g_nRePrintTimes为1，起始层为0
2023-04-07 22:45:55,004 [AppLog] INFO : 准备处理第1层数据：准备调用RenderToWic，index为21，subindex为0，g_nRePrintTimes为1，起始层为0
2023-04-07 22:45:55,098 [AppLog] INFO : Y方向到位停止：DEM_StopAxisRun：返回值{True}CurrentPos{135.495}bImmeStop{False}nAxisMask{2}
2023-04-07 22:45:55,098 [AppLog] INFO : 获取打印Pass数据：IDP_GetPassItem2：nLayerIndex{1}nPassID{3}nProcState{3}LPPassDataItemb:PrtDir{True}nDataTxCompleteCnt{1}nHwMemAdrMatchMask{1}nLayerIndex{1}nLayerPassCount{6}nLayerPassIndex{3}nMinJet0ImgLinePos{3840}nPrtMemHwAddr{System.UInt32[]}nPrtDataOffset{System.UInt32[]}nSrcDataSize{System.UInt32[]}nPrtColBytes{System.UInt32[]}nPrtPrecession{8}nSrcEndCols{8000}nSrcStartCols{0}nStartEncPos{10000}nValidPassJets{1280}nValidPrtCols{8310}nValidPrtCtlCnts{1}pDataBuf{0}pNextItem{674217184}
2023-04-07 22:45:55,098 [AppLog] INFO : 使能Pass打印成功：IDP_DoPassPrint2：nLayerIndex{1}nPassID{3}
2023-04-07 22:45:55,098 [AppLog] INFO : PASS打印前关键状态：DEV_GetDeviceInfo2：nLayerIndex{1}nPassID{3}LPPRINTER_INFO:nXSysEncDPI{0}nStatus{0}nPrintStatus{0}bSuperDevice{0}
LPPRINTER_INFO-LPPrtRunInfo:bJobPrtRuning{False}bLayerPrtIsOver{False}nContReqMemErr{0}nContWDErr{0}nCurPrtDir{0}nDTLayerIndex{0}nDTLayerPassIndex{0}nDTPtrCtlIndex{0}nLayerPassCount{0}nPrintLayerIndex{0}nPrintPassIndex{0}nProcLayerIndex{0}nPrtDataMemAddr{0}nPrtState{0}nReverse{System.Int32[]}nRevPrtCols{0}
LPPRINTER_INFO-LPDRVINFO:nFMVersion{0}nFpgaVersion{0}nPCBVersion{0}nState{0}nNextState{0}nPtvwarnState{0}nCrc32{0}nRevInfo{System.UInt32[]}nSignature{0}
2023-04-07 22:45:55,098 [AppLog] INFO : 进入：EquipmentMotionLogic3=》准备创建对象-手动操作！
2023-04-07 22:45:55,098 [AppLog] INFO : 进入：EquipmentMotionLogic3=》不需重新创建-手动操作！
2023-04-07 22:45:55,098 [AppLog] INFO : 进入：EquipmentMotionLogic3=》赋值完成自-AutoPrintMotion2！
2023-04-07 22:45:55,113 [AppLog] INFO : 进入：EquipmentMotionLogic3=》加载配置文件-LoadJsonFile成功！
2023-04-07 22:45:55,113 [AppLog] INFO : 进入：AutoPrintThread2！
2023-04-07 22:45:55,113 [AppLog] INFO : 准备读取编码器位置：X方向！
2023-04-07 22:45:55,113 [AppLog] INFO : 准备运动，当前位置：DEV_GetPrintEncoderValue：MoveDirectionFlag{false为Y方向：False}CurrentPos{26.615}AimPos{425}
2023-04-07 22:45:55,144 [AppLog] INFO : X方向运动开始：DEM_Run：返回值{True}nAxis{0}DirFlag{True}nSpeed{300000}MoveStep{398385}nCtlValue{2}
2023-04-07 22:45:55,176 [AppLog] INFO : 完成处理第21层数据：准备调用DrawLayerBMP，index为21，起始层为0
2023-04-07 22:45:55,191 [AppLog] INFO : 完成处理第21层数据：准备调用DrawLayerBMP，index为21，起始层为0
2023-04-07 22:45:55,909 [AppLog] INFO : 作业写入成功：IDP_WriteImgLayerData：bpp:{1bit}灰阶:{1阶}nLayerIndex{22}LayerIndex{21}SubIndex{1}RePrintTimes{1}nBytesPerLine{1004}nWidth{8001}nHeight{7560}nXEncOff{0}nYJetOff{0}nImgStartJetIndex{0}nXDPI{635}nYDPI{600}nPrtDir{0} nPrtFlag{1}nColorCnts{1}nReserved{System.Int32[]}
2023-04-07 22:45:55,909 [AppLog] INFO : 完成处理第1层数据：准备调用RenderToWic，index为21，subindex为0，g_nRePrintTimes为1，起始层为0
2023-04-07 22:45:55,909 [AppLog] INFO : 准备处理第1层数据：准备调用RenderToWic，index为22，subindex为0，g_nRePrintTimes为1，起始层为0
2023-04-07 22:45:56,096 [AppLog] INFO : 完成处理第22层数据：准备调用DrawLayerBMP，index为22，起始层为0
2023-04-07 22:45:56,096 [AppLog] INFO : 完成处理第22层数据：准备调用DrawLayerBMP，index为22，起始层为0
2023-04-07 22:45:56,829 [AppLog] INFO : 作业写入成功：IDP_WriteImgLayerData：bpp:{1bit}灰阶:{1阶}nLayerIndex{23}LayerIndex{22}SubIndex{1}RePrintTimes{1}nBytesPerLine{1004}nWidth{8001}nHeight{7560}nXEncOff{0}nYJetOff{0}nImgStartJetIndex{0}nXDPI{635}nYDPI{600}nPrtDir{0} nPrtFlag{1}nColorCnts{1}nReserved{System.Int32[]}
2023-04-07 22:45:56,829 [AppLog] INFO : 完成处理第1层数据：准备调用RenderToWic，index为22，subindex为0，g_nRePrintTimes为1，起始层为0
2023-04-07 22:45:56,829 [AppLog] INFO : 准备处理第1层数据：准备调用RenderToWic，index为23，subindex为0，g_nRePrintTimes为1，起始层为0
2023-04-07 22:45:57,016 [AppLog] INFO : X方向到位停止：DEM_StopAxisRun：返回值{True}CurrentPos{418.675}bImmeStop{False}nAxisMask{1}
2023-04-07 22:45:57,016 [AppLog] INFO : 准备读取编码器位置：Y方向！
2023-04-07 22:45:57,016 [AppLog] INFO : 完成处理第23层数据：准备调用DrawLayerBMP，index为23，起始层为0
2023-04-07 22:45:57,016 [AppLog] INFO : 完成处理第23层数据：准备调用DrawLayerBMP，index为23，起始层为0
2023-04-07 22:45:57,048 [AppLog] INFO : 准备运动，编码器当前位置：DEM_GetAxisEncodeVal：MoveDirectionFlag{false为Y方向：True}CurrentPos{176.89}AimPos{231}
2023-04-07 22:45:57,079 [AppLog] INFO : Y方向运动开始：DEM_Run：返回值{True}nAxis{1}DirFlag{True}nSpeed{300000}MoveStep{54110}nCtlValue{0}
2023-04-07 22:45:57,282 [AppLog] INFO : Y方向到位停止：DEM_StopAxisRun：返回值{True}CurrentPos{189.15}bImmeStop{False}nAxisMask{2}
2023-04-07 22:45:57,282 [AppLog] INFO : 获取打印Pass数据：IDP_GetPassItem2：nLayerIndex{1}nPassID{4}nProcState{3}LPPassDataItemb:PrtDir{False}nDataTxCompleteCnt{1}nHwMemAdrMatchMask{1}nLayerIndex{1}nLayerPassCount{6}nLayerPassIndex{4}nMinJet0ImgLinePos{5120}nPrtMemHwAddr{System.UInt32[]}nPrtDataOffset{System.UInt32[]}nSrcDataSize{System.UInt32[]}nPrtColBytes{System.UInt32[]}nPrtPrecession{8}nSrcEndCols{8000}nSrcStartCols{0}nStartEncPos{76472}nValidPassJets{1280}nValidPrtCols{8310}nValidPrtCtlCnts{1}pDataBuf{0}pNextItem{674218944}
2023-04-07 22:45:57,297 [AppLog] INFO : 使能Pass打印成功：IDP_DoPassPrint2：nLayerIndex{1}nPassID{4}
2023-04-07 22:45:57,297 [AppLog] INFO : PASS打印前关键状态：DEV_GetDeviceInfo2：nLayerIndex{1}nPassID{4}LPPRINTER_INFO:nXSysEncDPI{0}nStatus{0}nPrintStatus{0}bSuperDevice{0}
LPPRINTER_INFO-LPPrtRunInfo:bJobPrtRuning{False}bLayerPrtIsOver{False}nContReqMemErr{0}nContWDErr{0}nCurPrtDir{0}nDTLayerIndex{0}nDTLayerPassIndex{0}nDTPtrCtlIndex{0}nLayerPassCount{0}nPrintLayerIndex{0}nPrintPassIndex{0}nProcLayerIndex{0}nPrtDataMemAddr{0}nPrtState{0}nReverse{System.Int32[]}nRevPrtCols{0}
LPPRINTER_INFO-LPDRVINFO:nFMVersion{0}nFpgaVersion{0}nPCBVersion{0}nState{0}nNextState{0}nPtvwarnState{0}nCrc32{0}nRevInfo{System.UInt32[]}nSignature{0}
2023-04-07 22:45:57,297 [AppLog] INFO : 进入：EquipmentMotionLogic3=》准备创建对象-手动操作！
2023-04-07 22:45:57,297 [AppLog] INFO : 进入：EquipmentMotionLogic3=》不需重新创建-手动操作！
2023-04-07 22:45:57,297 [AppLog] INFO : 进入：EquipmentMotionLogic3=》赋值完成自-AutoPrintMotion2！
2023-04-07 22:45:57,297 [AppLog] INFO : 进入：EquipmentMotionLogic3=》加载配置文件-LoadJsonFile成功！
2023-04-07 22:45:57,297 [AppLog] INFO : 进入：AutoPrintThread2！
2023-04-07 22:45:57,297 [AppLog] INFO : 准备读取编码器位置：X方向！
2023-04-07 22:45:57,297 [AppLog] INFO : 准备运动，当前位置：DEV_GetPrintEncoderValue：MoveDirectionFlag{false为Y方向：False}CurrentPos{423.395}AimPos{25}
2023-04-07 22:45:57,328 [AppLog] INFO : X方向运动开始：DEM_Run：返回值{True}nAxis{0}DirFlag{False}nSpeed{300000}MoveStep{-398395}nCtlValue{2}
2023-04-07 22:45:57,734 [AppLog] INFO : 作业写入成功：IDP_WriteImgLayerData：bpp:{1bit}灰阶:{1阶}nLayerIndex{24}LayerIndex{23}SubIndex{1}RePrintTimes{1}nBytesPerLine{1004}nWidth{8001}nHeight{7560}nXEncOff{0}nYJetOff{0}nImgStartJetIndex{0}nXDPI{635}nYDPI{600}nPrtDir{0} nPrtFlag{1}nColorCnts{1}nReserved{System.Int32[]}
2023-04-07 22:45:57,734 [AppLog] INFO : 完成处理第1层数据：准备调用RenderToWic，index为23，subindex为0，g_nRePrintTimes为1，起始层为0
2023-04-07 22:45:57,734 [AppLog] INFO : 准备处理第1层数据：准备调用RenderToWic，index为24，subindex为0，g_nRePrintTimes为1，起始层为0
2023-04-07 22:45:57,921 [AppLog] INFO : 完成处理第24层数据：准备调用DrawLayerBMP，index为24，起始层为0
2023-04-07 22:45:57,921 [AppLog] INFO : 完成处理第24层数据：准备调用DrawLayerBMP，index为24，起始层为0
2023-04-07 22:45:58,654 [AppLog] INFO : 作业写入成功：IDP_WriteImgLayerData：bpp:{1bit}灰阶:{1阶}nLayerIndex{25}LayerIndex{24}SubIndex{1}RePrintTimes{1}nBytesPerLine{1004}nWidth{8001}nHeight{7560}nXEncOff{0}nYJetOff{0}nImgStartJetIndex{0}nXDPI{635}nYDPI{600}nPrtDir{0} nPrtFlag{1}nColorCnts{1}nReserved{System.Int32[]}
2023-04-07 22:45:58,654 [AppLog] INFO : 完成处理第1层数据：准备调用RenderToWic，index为24，subindex为0，g_nRePrintTimes为1，起始层为0
2023-04-07 22:45:58,654 [AppLog] INFO : 准备处理第1层数据：准备调用RenderToWic，index为25，subindex为0，g_nRePrintTimes为1，起始层为0
2023-04-07 22:45:58,842 [AppLog] INFO : 完成处理第25层数据：准备调用DrawLayerBMP，index为25，起始层为0
2023-04-07 22:45:58,842 [AppLog] INFO : 完成处理第25层数据：准备调用DrawLayerBMP，index为25，起始层为0
2023-04-07 22:45:59,200 [AppLog] INFO : X方向到位停止：DEM_StopAxisRun：返回值{True}CurrentPos{30.995}bImmeStop{False}nAxisMask{1}
2023-04-07 22:45:59,200 [AppLog] INFO : 准备读取编码器位置：Y方向！
2023-04-07 22:45:59,200 [AppLog] INFO : 准备运动，编码器当前位置：DEM_GetAxisEncodeVal：MoveDirectionFlag{false为Y方向：True}CurrentPos{230.93}AimPos{285}
2023-04-07 22:45:59,232 [AppLog] INFO : Y方向运动开始：DEM_Run：返回值{True}nAxis{1}DirFlag{True}nSpeed{300000}MoveStep{54070}nCtlValue{0}
2023-04-07 22:45:59,434 [AppLog] INFO : Y方向到位停止：DEM_StopAxisRun：返回值{True}CurrentPos{244.925}bImmeStop{False}nAxisMask{2}
2023-04-07 22:45:59,434 [AppLog] INFO : 获取打印Pass数据：IDP_GetPassItem2：nLayerIndex{1}nPassID{5}nProcState{3}LPPassDataItemb:PrtDir{True}nDataTxCompleteCnt{1}nHwMemAdrMatchMask{1}nLayerIndex{1}nLayerPassCount{6}nLayerPassIndex{5}nMinJet0ImgLinePos{6400}nPrtMemHwAddr{System.UInt32[]}nPrtDataOffset{System.UInt32[]}nSrcDataSize{System.UInt32[]}nPrtColBytes{System.UInt32[]}nPrtPrecession{8}nSrcEndCols{8000}nSrcStartCols{0}nStartEncPos{10000}nValidPassJets{1280}nValidPrtCols{8310}nValidPrtCtlCnts{1}pDataBuf{0}pNextItem{0}
2023-04-07 22:45:59,450 [AppLog] INFO : 使能Pass打印成功：IDP_DoPassPrint2：nLayerIndex{1}nPassID{5}
2023-04-07 22:45:59,450 [AppLog] INFO : PASS打印前关键状态：DEV_GetDeviceInfo2：nLayerIndex{1}nPassID{5}LPPRINTER_INFO:nXSysEncDPI{0}nStatus{0}nPrintStatus{0}bSuperDevice{0}
LPPRINTER_INFO-LPPrtRunInfo:bJobPrtRuning{False}bLayerPrtIsOver{False}nContReqMemErr{0}nContWDErr{0}nCurPrtDir{0}nDTLayerIndex{0}nDTLayerPassIndex{0}nDTPtrCtlIndex{0}nLayerPassCount{0}nPrintLayerIndex{0}nPrintPassIndex{0}nProcLayerIndex{0}nPrtDataMemAddr{0}nPrtState{0}nReverse{System.Int32[]}nRevPrtCols{0}
LPPRINTER_INFO-LPDRVINFO:nFMVersion{0}nFpgaVersion{0}nPCBVersion{0}nState{0}nNextState{0}nPtvwarnState{0}nCrc32{0}nRevInfo{System.UInt32[]}nSignature{0}
2023-04-07 22:45:59,450 [AppLog] INFO : 进入：EquipmentMotionLogic3=》准备创建对象-手动操作！
2023-04-07 22:45:59,450 [AppLog] INFO : 进入：EquipmentMotionLogic3=》不需重新创建-手动操作！
2023-04-07 22:45:59,450 [AppLog] INFO : 进入：EquipmentMotionLogic3=》赋值完成自-AutoPrintMotion2！
2023-04-07 22:45:59,450 [AppLog] INFO : 进入：EquipmentMotionLogic3=》加载配置文件-LoadJsonFile成功！
2023-04-07 22:45:59,450 [AppLog] INFO : 进入：AutoPrintThread2！
2023-04-07 22:45:59,450 [AppLog] INFO : 准备读取编码器位置：X方向！
2023-04-07 22:45:59,450 [AppLog] INFO : 准备运动，当前位置：DEV_GetPrintEncoderValue：MoveDirectionFlag{false为Y方向：False}CurrentPos{26.605}AimPos{425}
2023-04-07 22:45:59,481 [AppLog] INFO : X方向运动开始：DEM_Run：返回值{True}nAxis{0}DirFlag{True}nSpeed{300000}MoveStep{398395}nCtlValue{2}
2023-04-07 22:45:59,575 [AppLog] INFO : 作业写入成功：IDP_WriteImgLayerData：bpp:{1bit}灰阶:{1阶}nLayerIndex{26}LayerIndex{25}SubIndex{1}RePrintTimes{1}nBytesPerLine{1004}nWidth{8001}nHeight{7560}nXEncOff{0}nYJetOff{0}nImgStartJetIndex{0}nXDPI{635}nYDPI{600}nPrtDir{0} nPrtFlag{1}nColorCnts{1}nReserved{System.Int32[]}
2023-04-07 22:45:59,575 [AppLog] INFO : 完成处理第1层数据：准备调用RenderToWic，index为25，subindex为0，g_nRePrintTimes为1，起始层为0
2023-04-07 22:45:59,590 [AppLog] INFO : 准备处理第1层数据：准备调用RenderToWic，index为26，subindex为0，g_nRePrintTimes为1，起始层为0
2023-04-07 22:45:59,778 [AppLog] INFO : 完成处理第26层数据：准备调用DrawLayerBMP，index为26，起始层为0
2023-04-07 22:45:59,778 [AppLog] INFO : 完成处理第26层数据：准备调用DrawLayerBMP，index为26，起始层为0
2023-04-07 22:46:00,667 [AppLog] INFO : 作业写入成功：IDP_WriteImgLayerData：bpp:{1bit}灰阶:{1阶}nLayerIndex{27}LayerIndex{26}SubIndex{1}RePrintTimes{1}nBytesPerLine{1004}nWidth{8001}nHeight{7560}nXEncOff{0}nYJetOff{0}nImgStartJetIndex{0}nXDPI{635}nYDPI{600}nPrtDir{0} nPrtFlag{1}nColorCnts{1}nReserved{System.Int32[]}
2023-04-07 22:46:00,667 [AppLog] INFO : 完成处理第1层数据：准备调用RenderToWic，index为26，subindex为0，g_nRePrintTimes为1，起始层为0
2023-04-07 22:46:00,667 [AppLog] INFO : 准备处理第1层数据：准备调用RenderToWic，index为27，subindex为0，g_nRePrintTimes为1，起始层为0
2023-04-07 22:46:00,854 [AppLog] INFO : 完成处理第27层数据：准备调用DrawLayerBMP，index为27，起始层为0
2023-04-07 22:46:00,854 [AppLog] INFO : 完成处理第27层数据：准备调用DrawLayerBMP，index为27，起始层为0
2023-04-07 22:46:01,353 [AppLog] INFO : X方向到位停止：DEM_StopAxisRun：返回值{True}CurrentPos{418.13}bImmeStop{False}nAxisMask{1}
2023-04-07 22:46:01,353 [AppLog] INFO : 准备读取编码器位置：X方向！
2023-04-07 22:46:01,353 [AppLog] INFO : 准备运动，当前位置：DEV_GetPrintEncoderValue：MoveDirectionFlag{false为Y方向：False}CurrentPos{418.255}AimPos{780}
2023-04-07 22:46:01,384 [AppLog] INFO : X方向运动开始：DEM_Run：返回值{True}nAxis{0}DirFlag{True}nSpeed{300000}MoveStep{361745}nCtlValue{2}
2023-04-07 22:46:01,384 [AppLog] INFO : 准备读取编码器位置：Y方向！
2023-04-07 22:46:01,384 [AppLog] INFO : 准备运动，编码器当前位置：DEM_GetAxisEncodeVal：MoveDirectionFlag{false为Y方向：True}CurrentPos{284.89}AimPos{121}
2023-04-07 22:46:01,431 [AppLog] INFO : Y方向运动开始：DEM_Run：返回值{True}nAxis{1}DirFlag{False}nSpeed{300000}MoveStep{-163890}nCtlValue{0}
2023-04-07 22:46:01,587 [AppLog] INFO : 作业写入成功：IDP_WriteImgLayerData：bpp:{1bit}灰阶:{1阶}nLayerIndex{28}LayerIndex{27}SubIndex{1}RePrintTimes{1}nBytesPerLine{1004}nWidth{8001}nHeight{7560}nXEncOff{0}nYJetOff{0}nImgStartJetIndex{0}nXDPI{635}nYDPI{600}nPrtDir{0} nPrtFlag{1}nColorCnts{1}nReserved{System.Int32[]}
2023-04-07 22:46:01,587 [AppLog] INFO : 完成处理第1层数据：准备调用RenderToWic，index为27，subindex为0，g_nRePrintTimes为1，起始层为0
2023-04-07 22:46:01,603 [AppLog] INFO : 准备处理第1层数据：准备调用RenderToWic，index为28，subindex为0，g_nRePrintTimes为1，起始层为0
2023-04-07 22:46:01,790 [AppLog] INFO : 完成处理第28层数据：准备调用DrawLayerBMP，index为28，起始层为0
2023-04-07 22:46:01,790 [AppLog] INFO : 完成处理第28层数据：准备调用DrawLayerBMP，index为28，起始层为0
2023-04-07 22:46:02,508 [AppLog] INFO : 作业写入成功：IDP_WriteImgLayerData：bpp:{1bit}灰阶:{1阶}nLayerIndex{29}LayerIndex{28}SubIndex{1}RePrintTimes{1}nBytesPerLine{1004}nWidth{8001}nHeight{7560}nXEncOff{0}nYJetOff{0}nImgStartJetIndex{0}nXDPI{635}nYDPI{600}nPrtDir{0} nPrtFlag{1}nColorCnts{1}nReserved{System.Int32[]}
2023-04-07 22:46:02,508 [AppLog] INFO : 完成处理第1层数据：准备调用RenderToWic，index为28，subindex为0，g_nRePrintTimes为1，起始层为0
2023-04-07 22:46:02,508 [AppLog] INFO : 准备处理第1层数据：准备调用RenderToWic，index为29，subindex为0，g_nRePrintTimes为1，起始层为0
2023-04-07 22:46:02,710 [AppLog] INFO : 完成处理第29层数据：准备调用DrawLayerBMP，index为29，起始层为0
2023-04-07 22:46:02,710 [AppLog] INFO : 完成处理第29层数据：准备调用DrawLayerBMP，index为29，起始层为0
2023-04-07 22:46:03,147 [AppLog] INFO : Y方向到位等停：DEM_StopAxisRun：返回值{True}bImmeStop{False}nAxisMask{1}
2023-04-07 22:46:03,147 [AppLog] INFO : X方向到位等停：DEM_StopAxisRun：返回值{True}bImmeStop{False}nAxisMask{2}
2023-04-07 22:46:03,163 [AppLog] INFO : 开启闪喷操作：IDP_FlashPrtCtl：返回值{True}
2023-04-07 22:46:03,163 [AppLog] INFO : 进入：EquipmentMotionLogic3=》准备创建对象-手动操作！
2023-04-07 22:46:03,163 [AppLog] INFO : 进入：EquipmentMotionLogic3=》不需重新创建-手动操作！
2023-04-07 22:46:03,163 [AppLog] INFO : 进入：EquipmentMotionLogic3=》赋值完成自-AutoPrintMotion2！
2023-04-07 22:46:03,163 [AppLog] INFO : 进入：EquipmentMotionLogic3=》加载配置文件-LoadJsonFile成功！
2023-04-07 22:46:03,163 [AppLog] INFO : 进入自动铺粉逻辑：NewAutoSupplyPowderThread2
2023-04-07 22:46:03,241 [AppLog] INFO : 手动正向点动指令（8轴运控板卡系统） ====》：输出AXIS{第1轴},点动量{-0.1MM},运动速度{2MM/s}
2023-04-07 22:46:03,241 [AppLog] INFO : 成形面高度下降层厚 TrapSpace{0.1mm}：TrapMoveUp(1, true, Convert.ToString(vel), Convert.ToString(TrapSpace), true, true）
2023-04-07 22:46:03,428 [AppLog] INFO : 作业写入成功：IDP_WriteImgLayerData：bpp:{1bit}灰阶:{1阶}nLayerIndex{30}LayerIndex{29}SubIndex{1}RePrintTimes{1}nBytesPerLine{1004}nWidth{8001}nHeight{7560}nXEncOff{0}nYJetOff{0}nImgStartJetIndex{0}nXDPI{635}nYDPI{600}nPrtDir{0} nPrtFlag{1}nColorCnts{1}nReserved{System.Int32[]}
2023-04-07 22:46:03,444 [AppLog] INFO : 完成处理第1层数据：准备调用RenderToWic，index为29，subindex为0，g_nRePrintTimes为1，起始层为0
2023-04-07 22:46:04,005 [AppLog] INFO : 手动正向点动指令（8轴运控板卡系统） ====》：输出AXIS{第1轴},点动量{-1.5MM},运动速度{2MM/s}
2023-04-07 22:46:04,005 [AppLog] INFO : 成形面高度下降指定厚度 TrapSpace{1.5mm}：TrapMoveUp(1, true, Convert.ToString(vel), Convert.ToString(TrapSpace), true, true）
2023-04-07 22:46:04,785 [AppLog] INFO : 手动正向点动指令（8轴运控板卡系统） ====》：输出AXIS{第1轴},点动量{1.5MM},运动速度{2MM/s}
2023-04-07 22:46:04,785 [AppLog] INFO : 成形面高度上升层厚 TrapSpace{1.5mm}：TrapMoveUp(1, true, Convert.ToString(vel), Convert.ToString(TrapSpace), true, true）
2023-04-07 22:46:05,004 [AppLog] INFO : 手动正向点动指令（8轴运控板卡系统） ====》：输出AXIS{第8轴},点动量{0.5MM},运动速度{2.5MM/s}
2023-04-07 22:46:05,004 [AppLog] INFO : Hopper落粉轴转2圈落粉，速度0.5rev/s：TrapMoveUp(8, true, 0.5, rotateNuM.ToString(), true, false)
2023-04-07 22:46:06,298 [AppLog] INFO : 手动正向点动指令（8轴运控板卡系统） ====》：输出AXIS{第2轴},点动量{258MM},运动速度{200MM/s}
2023-04-07 22:46:06,298 [AppLog] INFO : 开启铺粉车不等停运动至准备打印位置255mm，速度200mm/s：BackToStation2
2023-04-07 22:46:06,298 [AppLog] INFO : 手动正向点动指令（8轴运控板卡系统） ====》：输出AXIS{第2轴},点动量{440MM},运动速度{50MM/s}
2023-04-07 22:46:06,298 [AppLog] INFO : 开启铺粉车不等停运动至准备打印位置695mm，速度50mm/s：BackToStation2
2023-04-07 22:46:06,408 [AppLog] INFO : 打开IR灯：OpenIRLamp(true)
2023-04-07 22:46:06,408 [AppLog] INFO : 手动正向点动指令（8轴运控板卡系统） ====》：输出AXIS{第3轴},点动量{0.5MM},运动速度{0.0753424657534247MM/s}
2023-04-07 22:46:06,408 [AppLog] INFO : 开启均匀落粉及辊子铺平运动：TrapMoveUp(3, true, Convert.ToString(DispenseRollerSpeed), 0.5, true, true)
2023-04-07 22:46:11,509 [AppLog] INFO : 关闭IR灯：OpenIRLamp(false)
2023-04-07 22:46:13,864 [AppLog] INFO : 手动正向点动指令（8轴运控板卡系统） ====》：输出AXIS{第3轴},点动量{0.5MM},运动速度{2MM/s}
2023-04-07 22:46:13,864 [AppLog] INFO : 落粉轴继续转动以倒掉余粉：TrapMoveUp(3, true, 2, 0.5, true, false)
2023-04-07 22:46:15,877 [AppLog] INFO : 手动正向点动指令（8轴运控板卡系统） ====》：输出AXIS{第1轴},点动量{-1.5MM},运动速度{2MM/s}
2023-04-07 22:46:15,877 [AppLog] INFO : 成形面高度下降指定厚度 TrapSpace{1.5mm}：TrapMoveUp(1, true, Convert.ToString(vel), Convert.ToString(TrapSpace), true, true）
2023-04-07 22:46:19,371 [AppLog] INFO : 手动正向点动指令（8轴运控板卡系统） ====》：输出AXIS{第2轴},点动量{-698MM},运动速度{200MM/s}
2023-04-07 22:46:19,371 [AppLog] INFO : 铺粉车返回至站1：BackToStation2(AimPos, MovSpeed, true)：-3mm，速度200mm/s：BackToStation2
2023-04-07 22:46:19,761 [AppLog] INFO : 落粉轴回零成功：motionMap.SetBackSpreaderAxis(3, 0.5, 2, -SinkPosition)：ReturnCode{True}
2023-04-07 22:46:20,526 [AppLog] INFO : 手动正向点动指令（8轴运控板卡系统） ====》：输出AXIS{第1轴},点动量{1.5MM},运动速度{2MM/s}
2023-04-07 22:46:20,526 [AppLog] INFO : 成形面高度上升层厚 TrapSpace{1.5mm}：TrapMoveUp(1, true, Convert.ToString(vel), Convert.ToString(TrapSpace), true, true）
2023-04-07 22:46:20,526 [AppLog] INFO : 自动铺粉正常结束：NewAutoSupplyPowderThread2
2023-04-07 22:46:20,526 [AppLog] INFO : 发送监控指令，拍照记录1条：SendMessageFromSharedMemory
2023-04-07 22:46:20,526 [AppLog] INFO : 执行完成铺粉固化操作：EquipmentMotionLogic3：m_bApplyPowderSupplyMotion:0
2023-04-07 22:46:20,526 [AppLog] INFO : 接收到恢复打印指令：PrintTaskTHREAD
2023-04-07 22:46:20,526 [AppLog] INFO : 获取打印Pass数据：IDP_GetPassItem2：nLayerIndex{2}nPassID{0}nProcState{3}LPPassDataItemb:PrtDir{False}nDataTxCompleteCnt{1}nHwMemAdrMatchMask{1}nLayerIndex{2}nLayerPassCount{6}nLayerPassIndex{0}nMinJet0ImgLinePos{0}nPrtMemHwAddr{System.UInt32[]}nPrtDataOffset{System.UInt32[]}nSrcDataSize{System.UInt32[]}nPrtColBytes{System.UInt32[]}nPrtPrecession{8}nSrcEndCols{8000}nSrcStartCols{0}nStartEncPos{76472}nValidPassJets{1280}nValidPrtCols{8310}nValidPrtCtlCnts{1}pDataBuf{0}pNextItem{674219264}
2023-04-07 22:46:20,541 [AppLog] INFO : 使能Pass打印成功：IDP_DoPassPrint2：nLayerIndex{2}nPassID{0}
2023-04-07 22:46:20,541 [AppLog] INFO : PASS打印前关键状态：DEV_GetDeviceInfo2：nLayerIndex{2}nPassID{0}LPPRINTER_INFO:nXSysEncDPI{0}nStatus{0}nPrintStatus{0}bSuperDevice{0}
LPPRINTER_INFO-LPPrtRunInfo:bJobPrtRuning{False}bLayerPrtIsOver{False}nContReqMemErr{0}nContWDErr{0}nCurPrtDir{0}nDTLayerIndex{0}nDTLayerPassIndex{0}nDTPtrCtlIndex{0}nLayerPassCount{0}nPrintLayerIndex{0}nPrintPassIndex{0}nProcLayerIndex{0}nPrtDataMemAddr{0}nPrtState{0}nReverse{System.Int32[]}nRevPrtCols{0}
LPPRINTER_INFO-LPDRVINFO:nFMVersion{0}nFpgaVersion{0}nPCBVersion{0}nState{0}nNextState{0}nPtvwarnState{0}nCrc32{0}nRevInfo{System.UInt32[]}nSignature{0}
2023-04-07 22:46:20,541 [AppLog] INFO : 进入：EquipmentMotionLogic3=》准备创建对象-手动操作！
2023-04-07 22:46:20,541 [AppLog] INFO : 进入：EquipmentMotionLogic3=》不需重新创建-手动操作！
2023-04-07 22:46:20,541 [AppLog] INFO : 进入：EquipmentMotionLogic3=》赋值完成自-AutoPrintMotion2！
2023-04-07 22:46:20,541 [AppLog] INFO : 进入：EquipmentMotionLogic3=》加载配置文件-LoadJsonFile成功！
2023-04-07 22:46:20,541 [AppLog] INFO : 进入自动清洗过程：AutoCleanThread
2023-04-07 22:46:21,508 [AppLog] INFO : 刮墨轴回零成功：motionMap.SetBackSpreaderAxis(4, 1, 2, -SinkPosition)
2023-04-07 22:46:21,508 [AppLog] INFO : 准备读取编码器位置：Y方向！
2023-04-07 22:46:21,508 [AppLog] INFO : 准备运动，编码器当前位置：DEM_GetAxisEncodeVal：MoveDirectionFlag{false为Y方向：True}CurrentPos{121.35}AimPos{121}
2023-04-07 22:46:21,540 [AppLog] INFO : Y方向运动开始：DEM_Run：返回值{True}nAxis{1}DirFlag{False}nSpeed{300000}MoveStep{-350.000000000009}nCtlValue{0}
2023-04-07 22:46:21,555 [AppLog] INFO : Y方向到位停止：DEM_StopAxisRun：返回值{True}CurrentPos{121.35}bImmeStop{False}nAxisMask{2}
2023-04-07 22:46:21,555 [AppLog] INFO : 准备读取编码器位置：X方向！
2023-04-07 22:46:21,555 [AppLog] INFO : 准备运动，当前位置：DEV_GetPrintEncoderValue：MoveDirectionFlag{false为Y方向：False}CurrentPos{785.125}AimPos{780}
2023-04-07 22:46:21,586 [AppLog] INFO : X方向运动开始：DEM_Run：返回值{True}nAxis{0}DirFlag{False}nSpeed{300000}MoveStep{-5125}nCtlValue{2}
2023-04-07 22:46:21,774 [AppLog] INFO : X方向到位停止：DEM_StopAxisRun：返回值{True}CurrentPos{783.105}bImmeStop{False}nAxisMask{1}
2023-04-07 22:46:22,600 [AppLog] INFO : 开启压墨： motionMap.SetDo(13, true)
2023-04-07 22:46:26,610 [AppLog] INFO : 关闭压墨： motionMap.SetDo(13, true)
2023-04-07 22:46:26,610 [AppLog] INFO : 准备读取编码器位置：X方向！
2023-04-07 22:46:26,610 [AppLog] INFO : 准备运动，当前位置：DEV_GetPrintEncoderValue：MoveDirectionFlag{false为Y方向：False}CurrentPos{780.34}AimPos{680}
2023-04-07 22:46:26,641 [AppLog] INFO : X方向运动开始：DEM_Run：返回值{True}nAxis{0}DirFlag{False}nSpeed{50000}MoveStep{-100340}nCtlValue{2}
2023-04-07 22:46:28,700 [AppLog] INFO : X方向到位停止：DEM_StopAxisRun：返回值{True}CurrentPos{683.415}bImmeStop{False}nAxisMask{1}
2023-04-07 22:46:29,527 [AppLog] INFO : 结束自动清洗过程：AutoCleanThread
2023-04-07 22:46:29,527 [AppLog] INFO : 进入：EquipmentMotionLogic3=》准备创建对象-手动操作！
2023-04-07 22:46:29,527 [AppLog] INFO : 进入：EquipmentMotionLogic3=》不需重新创建-手动操作！
2023-04-07 22:46:29,527 [AppLog] INFO : 进入：EquipmentMotionLogic3=》赋值完成自-AutoPrintMotion2！
2023-04-07 22:46:29,527 [AppLog] INFO : 进入：EquipmentMotionLogic3=》加载配置文件-LoadJsonFile成功！
2023-04-07 22:46:29,527 [AppLog] INFO : 进入：AutoPrintThread2！
2023-04-07 22:46:29,527 [AppLog] INFO : 关闭闪喷操作：IDP_FlashPrtCtl：返回值{True}
2023-04-07 22:46:29,527 [AppLog] INFO : 准备读取编码器位置：Y方向！
2023-04-07 22:46:29,527 [AppLog] INFO : 准备运动，编码器当前位置：DEM_GetAxisEncodeVal：MoveDirectionFlag{false为Y方向：True}CurrentPos{121}AimPos{15}
2023-04-07 22:46:29,558 [AppLog] INFO : Y方向运动开始：DEM_Run：返回值{True}nAxis{1}DirFlag{False}nSpeed{300000}MoveStep{-106000}nCtlValue{0}
2023-04-07 22:46:29,558 [AppLog] INFO : 准备读取编码器位置：X方向！
2023-04-07 22:46:29,558 [AppLog] INFO : 准备运动，当前位置：DEV_GetPrintEncoderValue：MoveDirectionFlag{false为Y方向：False}CurrentPos{680.315}AimPos{425}
2023-04-07 22:46:29,589 [AppLog] INFO : X方向运动开始：DEM_Run：返回值{True}nAxis{0}DirFlag{False}nSpeed{300000}MoveStep{-255315}nCtlValue{2}
2023-04-07 22:46:31,009 [AppLog] INFO : X方向到位停止：DEM_StopAxisRun：返回值{True}CurrentPos{428.77}bImmeStop{False}nAxisMask{1}
2023-04-07 22:46:31,009 [AppLog] INFO : 准备读取编码器位置：X方向！
2023-04-07 22:46:31,009 [AppLog] INFO : 准备运动，当前位置：DEV_GetPrintEncoderValue：MoveDirectionFlag{false为Y方向：False}CurrentPos{428.61}AimPos{25}
2023-04-07 22:46:31,040 [AppLog] INFO : X方向运动开始：DEM_Run：返回值{True}nAxis{0}DirFlag{False}nSpeed{300000}MoveStep{-403610}nCtlValue{2}
2023-04-07 22:46:32,928 [AppLog] INFO : X方向到位停止：DEM_StopAxisRun：返回值{True}CurrentPos{26.535}bImmeStop{False}nAxisMask{1}
2023-04-07 22:46:32,928 [AppLog] INFO : 准备读取编码器位置：Y方向！
2023-04-07 22:46:32,928 [AppLog] INFO : 准备运动，编码器当前位置：DEM_GetAxisEncodeVal：MoveDirectionFlag{false为Y方向：True}CurrentPos{15.15}AimPos{69}
2023-04-07 22:46:32,959 [AppLog] INFO : Y方向运动开始：DEM_Run：返回值{True}nAxis{1}DirFlag{True}nSpeed{300000}MoveStep{53850}nCtlValue{0}
2023-04-07 22:46:33,146 [AppLog] INFO : Y方向到位停止：DEM_StopAxisRun：返回值{True}CurrentPos{26.26}bImmeStop{False}nAxisMask{2}
2023-04-07 22:46:33,146 [AppLog] INFO : 获取打印Pass数据：IDP_GetPassItem2：nLayerIndex{2}nPassID{1}nProcState{3}LPPassDataItemb:PrtDir{True}nDataTxCompleteCnt{1}nHwMemAdrMatchMask{1}nLayerIndex{2}nLayerPassCount{6}nLayerPassIndex{1}nMinJet0ImgLinePos{1280}nPrtMemHwAddr{System.UInt32[]}nPrtDataOffset{System.UInt32[]}nSrcDataSize{System.UInt32[]}nPrtColBytes{System.UInt32[]}nPrtPrecession{8}nSrcEndCols{8000}nSrcStartCols{0}nStartEncPos{10000}nValidPassJets{1280}nValidPrtCols{8310}nValidPrtCtlCnts{1}pDataBuf{0}pNextItem{674219424}
2023-04-07 22:46:33,146 [AppLog] INFO : 使能Pass打印成功：IDP_DoPassPrint2：nLayerIndex{2}nPassID{1}
2023-04-07 22:46:33,162 [AppLog] INFO : PASS打印前关键状态：DEV_GetDeviceInfo2：nLayerIndex{2}nPassID{1}LPPRINTER_INFO:nXSysEncDPI{0}nStatus{0}nPrintStatus{0}bSuperDevice{0}
LPPRINTER_INFO-LPPrtRunInfo:bJobPrtRuning{False}bLayerPrtIsOver{False}nContReqMemErr{0}nContWDErr{0}nCurPrtDir{0}nDTLayerIndex{0}nDTLayerPassIndex{0}nDTPtrCtlIndex{0}nLayerPassCount{0}nPrintLayerIndex{0}nPrintPassIndex{0}nProcLayerIndex{0}nPrtDataMemAddr{0}nPrtState{0}nReverse{System.Int32[]}nRevPrtCols{0}
LPPRINTER_INFO-LPDRVINFO:nFMVersion{0}nFpgaVersion{0}nPCBVersion{0}nState{0}nNextState{0}nPtvwarnState{0}nCrc32{0}nRevInfo{System.UInt32[]}nSignature{0}
2023-04-07 22:46:33,162 [AppLog] INFO : 进入：EquipmentMotionLogic3=》准备创建对象-手动操作！
2023-04-07 22:46:33,162 [AppLog] INFO : 进入：EquipmentMotionLogic3=》不需重新创建-手动操作！
2023-04-07 22:46:33,162 [AppLog] INFO : 进入：EquipmentMotionLogic3=》赋值完成自-AutoPrintMotion2！
2023-04-07 22:46:33,162 [AppLog] INFO : 进入：EquipmentMotionLogic3=》加载配置文件-LoadJsonFile成功！
2023-04-07 22:46:33,162 [AppLog] INFO : 进入：AutoPrintThread2！
2023-04-07 22:46:33,162 [AppLog] INFO : 准备读取编码器位置：X方向！
2023-04-07 22:46:33,162 [AppLog] INFO : 准备运动，当前位置：DEV_GetPrintEncoderValue：MoveDirectionFlag{false为Y方向：False}CurrentPos{22.405}AimPos{425}
2023-04-07 22:46:33,193 [AppLog] INFO : X方向运动开始：DEM_Run：返回值{True}nAxis{0}DirFlag{True}nSpeed{300000}MoveStep{402595}nCtlValue{2}
2023-04-07 22:46:35,080 [AppLog] INFO : X方向到位停止：DEM_StopAxisRun：返回值{True}CurrentPos{419.215}bImmeStop{False}nAxisMask{1}
2023-04-07 22:46:35,080 [AppLog] INFO : 准备读取编码器位置：Y方向！
2023-04-07 22:46:35,080 [AppLog] INFO : 准备运动，编码器当前位置：DEM_GetAxisEncodeVal：MoveDirectionFlag{false为Y方向：True}CurrentPos{68.965}AimPos{123}
2023-04-07 22:46:35,112 [AppLog] INFO : Y方向运动开始：DEM_Run：返回值{True}nAxis{1}DirFlag{True}nSpeed{300000}MoveStep{54035}nCtlValue{0}
2023-04-07 22:46:35,299 [AppLog] INFO : Y方向到位停止：DEM_StopAxisRun：返回值{True}CurrentPos{79.23}bImmeStop{False}nAxisMask{2}
2023-04-07 22:46:35,299 [AppLog] INFO : 获取打印Pass数据：IDP_GetPassItem2：nLayerIndex{2}nPassID{2}nProcState{3}LPPassDataItemb:PrtDir{False}nDataTxCompleteCnt{1}nHwMemAdrMatchMask{1}nLayerIndex{2}nLayerPassCount{6}nLayerPassIndex{2}nMinJet0ImgLinePos{2560}nPrtMemHwAddr{System.UInt32[]}nPrtDataOffset{System.UInt32[]}nSrcDataSize{System.UInt32[]}nPrtColBytes{System.UInt32[]}nPrtPrecession{8}nSrcEndCols{8000}nSrcStartCols{0}nStartEncPos{76472}nValidPassJets{1280}nValidPrtCols{8310}nValidPrtCtlCnts{1}pDataBuf{0}pNextItem{674219584}
2023-04-07 22:46:35,314 [AppLog] INFO : 使能Pass打印成功：IDP_DoPassPrint2：nLayerIndex{2}nPassID{2}
2023-04-07 22:46:35,314 [AppLog] INFO : PASS打印前关键状态：DEV_GetDeviceInfo2：nLayerIndex{2}nPassID{2}LPPRINTER_INFO:nXSysEncDPI{0}nStatus{0}nPrintStatus{0}bSuperDevice{0}
LPPRINTER_INFO-LPPrtRunInfo:bJobPrtRuning{False}bLayerPrtIsOver{False}nContReqMemErr{0}nContWDErr{0}nCurPrtDir{0}nDTLayerIndex{0}nDTLayerPassIndex{0}nDTPtrCtlIndex{0}nLayerPassCount{0}nPrintLayerIndex{0}nPrintPassIndex{0}nProcLayerIndex{0}nPrtDataMemAddr{0}nPrtState{0}nReverse{System.Int32[]}nRevPrtCols{0}
LPPRINTER_INFO-LPDRVINFO:nFMVersion{0}nFpgaVersion{0}nPCBVersion{0}nState{0}nNextState{0}nPtvwarnState{0}nCrc32{0}nRevInfo{System.UInt32[]}nSignature{0}
2023-04-07 22:46:35,314 [AppLog] INFO : 进入：EquipmentMotionLogic3=》准备创建对象-手动操作！
2023-04-07 22:46:35,314 [AppLog] INFO : 进入：EquipmentMotionLogic3=》不需重新创建-手动操作！
2023-04-07 22:46:35,314 [AppLog] INFO : 进入：EquipmentMotionLogic3=》赋值完成自-AutoPrintMotion2！
2023-04-07 22:46:35,314 [AppLog] INFO : 进入：EquipmentMotionLogic3=》加载配置文件-LoadJsonFile成功！
2023-04-07 22:46:35,314 [AppLog] INFO : 进入：AutoPrintThread2！
2023-04-07 22:46:35,314 [AppLog] INFO : 准备读取编码器位置：X方向！
2023-04-07 22:46:35,314 [AppLog] INFO : 准备运动，当前位置：DEV_GetPrintEncoderValue：MoveDirectionFlag{false为Y方向：False}CurrentPos{423.32}AimPos{25}
2023-04-07 22:46:35,346 [AppLog] INFO : X方向运动开始：DEM_Run：返回值{True}nAxis{0}DirFlag{False}nSpeed{300000}MoveStep{-398320}nCtlValue{2}
2023-04-07 22:46:37,233 [AppLog] INFO : X方向到位停止：DEM_StopAxisRun：返回值{True}CurrentPos{29.88}bImmeStop{False}nAxisMask{1}
2023-04-07 22:46:37,233 [AppLog] INFO : 准备读取编码器位置：Y方向！
2023-04-07 22:46:37,249 [AppLog] INFO : 准备运动，编码器当前位置：DEM_GetAxisEncodeVal：MoveDirectionFlag{false为Y方向：True}CurrentPos{122.83}AimPos{177}
2023-04-07 22:46:37,280 [AppLog] INFO : Y方向运动开始：DEM_Run：返回值{True}nAxis{1}DirFlag{True}nSpeed{300000}MoveStep{54170}nCtlValue{0}
2023-04-07 22:46:37,483 [AppLog] INFO : Y方向到位停止：DEM_StopAxisRun：返回值{True}CurrentPos{136.18}bImmeStop{False}nAxisMask{2}
2023-04-07 22:46:37,483 [AppLog] INFO : 获取打印Pass数据：IDP_GetPassItem2：nLayerIndex{2}nPassID{3}nProcState{3}LPPassDataItemb:PrtDir{True}nDataTxCompleteCnt{1}nHwMemAdrMatchMask{1}nLayerIndex{2}nLayerPassCount{6}nLayerPassIndex{3}nMinJet0ImgLinePos{3840}nPrtMemHwAddr{System.UInt32[]}nPrtDataOffset{System.UInt32[]}nSrcDataSize{System.UInt32[]}nPrtColBytes{System.UInt32[]}nPrtPrecession{8}nSrcEndCols{8000}nSrcStartCols{0}nStartEncPos{10000}nValidPassJets{1280}nValidPrtCols{8310}nValidPrtCtlCnts{1}pDataBuf{0}pNextItem{674219744}
2023-04-07 22:46:37,498 [AppLog] INFO : 使能Pass打印成功：IDP_DoPassPrint2：nLayerIndex{2}nPassID{3}
2023-04-07 22:46:37,498 [AppLog] INFO : PASS打印前关键状态：DEV_GetDeviceInfo2：nLayerIndex{2}nPassID{3}LPPRINTER_INFO:nXSysEncDPI{0}nStatus{0}nPrintStatus{0}bSuperDevice{0}
LPPRINTER_INFO-LPPrtRunInfo:bJobPrtRuning{False}bLayerPrtIsOver{False}nContReqMemErr{0}nContWDErr{0}nCurPrtDir{0}nDTLayerIndex{0}nDTLayerPassIndex{0}nDTPtrCtlIndex{0}nLayerPassCount{0}nPrintLayerIndex{0}nPrintPassIndex{0}nProcLayerIndex{0}nPrtDataMemAddr{0}nPrtState{0}nReverse{System.Int32[]}nRevPrtCols{0}
LPPRINTER_INFO-LPDRVINFO:nFMVersion{0}nFpgaVersion{0}nPCBVersion{0}nState{0}nNextState{0}nPtvwarnState{0}nCrc32{0}nRevInfo{System.UInt32[]}nSignature{0}
2023-04-07 22:46:37,498 [AppLog] INFO : 进入：EquipmentMotionLogic3=》准备创建对象-手动操作！
2023-04-07 22:46:37,498 [AppLog] INFO : 进入：EquipmentMotionLogic3=》不需重新创建-手动操作！
2023-04-07 22:46:37,498 [AppLog] INFO : 进入：EquipmentMotionLogic3=》赋值完成自-AutoPrintMotion2！
2023-04-07 22:46:37,498 [AppLog] INFO : 进入：EquipmentMotionLogic3=》加载配置文件-LoadJsonFile成功！
2023-04-07 22:46:37,498 [AppLog] INFO : 进入：AutoPrintThread2！
2023-04-07 22:46:37,498 [AppLog] INFO : 准备读取编码器位置：X方向！
2023-04-07 22:46:37,498 [AppLog] INFO : 准备运动，当前位置：DEV_GetPrintEncoderValue：MoveDirectionFlag{false为Y方向：False}CurrentPos{26.615}AimPos{425}
2023-04-07 22:46:37,530 [AppLog] INFO : X方向运动开始：DEM_Run：返回值{True}nAxis{0}DirFlag{True}nSpeed{300000}MoveStep{398385}nCtlValue{2}
2023-04-07 22:46:39,402 [AppLog] INFO : X方向到位停止：DEM_StopAxisRun：返回值{True}CurrentPos{418.325}bImmeStop{False}nAxisMask{1}
2023-04-07 22:46:39,402 [AppLog] INFO : 准备读取编码器位置：Y方向！
2023-04-07 22:46:39,402 [AppLog] INFO : 准备运动，编码器当前位置：DEM_GetAxisEncodeVal：MoveDirectionFlag{false为Y方向：True}CurrentPos{176.87}AimPos{231}
2023-04-07 22:46:39,433 [AppLog] INFO : Y方向运动开始：DEM_Run：返回值{True}nAxis{1}DirFlag{True}nSpeed{300000}MoveStep{54130}nCtlValue{0}
2023-04-07 22:46:39,636 [AppLog] INFO : Y方向到位停止：DEM_StopAxisRun：返回值{True}CurrentPos{191.065}bImmeStop{False}nAxisMask{2}
2023-04-07 22:46:39,636 [AppLog] INFO : 获取打印Pass数据：IDP_GetPassItem2：nLayerIndex{2}nPassID{4}nProcState{3}LPPassDataItemb:PrtDir{False}nDataTxCompleteCnt{1}nHwMemAdrMatchMask{1}nLayerIndex{2}nLayerPassCount{6}nLayerPassIndex{4}nMinJet0ImgLinePos{5120}nPrtMemHwAddr{System.UInt32[]}nPrtDataOffset{System.UInt32[]}nSrcDataSize{System.UInt32[]}nPrtColBytes{System.UInt32[]}nPrtPrecession{8}nSrcEndCols{8000}nSrcStartCols{0}nStartEncPos{76472}nValidPassJets{1280}nValidPrtCols{8310}nValidPrtCtlCnts{1}pDataBuf{0}pNextItem{674219904}
2023-04-07 22:46:39,651 [AppLog] INFO : 使能Pass打印成功：IDP_DoPassPrint2：nLayerIndex{2}nPassID{4}
2023-04-07 22:46:39,651 [AppLog] INFO : PASS打印前关键状态：DEV_GetDeviceInfo2：nLayerIndex{2}nPassID{4}LPPRINTER_INFO:nXSysEncDPI{0}nStatus{0}nPrintStatus{0}bSuperDevice{0}
LPPRINTER_INFO-LPPrtRunInfo:bJobPrtRuning{False}bLayerPrtIsOver{False}nContReqMemErr{0}nContWDErr{0}nCurPrtDir{0}nDTLayerIndex{0}nDTLayerPassIndex{0}nDTPtrCtlIndex{0}nLayerPassCount{0}nPrintLayerIndex{0}nPrintPassIndex{0}nProcLayerIndex{0}nPrtDataMemAddr{0}nPrtState{0}nReverse{System.Int32[]}nRevPrtCols{0}
LPPRINTER_INFO-LPDRVINFO:nFMVersion{0}nFpgaVersion{0}nPCBVersion{0}nState{0}nNextState{0}nPtvwarnState{0}nCrc32{0}nRevInfo{System.UInt32[]}nSignature{0}
2023-04-07 22:46:39,651 [AppLog] INFO : 进入：EquipmentMotionLogic3=》准备创建对象-手动操作！
2023-04-07 22:46:39,651 [AppLog] INFO : 进入：EquipmentMotionLogic3=》不需重新创建-手动操作！
2023-04-07 22:46:39,651 [AppLog] INFO : 进入：EquipmentMotionLogic3=》赋值完成自-AutoPrintMotion2！
2023-04-07 22:46:39,651 [AppLog] INFO : 进入：EquipmentMotionLogic3=》加载配置文件-LoadJsonFile成功！
2023-04-07 22:46:39,651 [AppLog] INFO : 进入：AutoPrintThread2！
2023-04-07 22:46:39,651 [AppLog] INFO : 准备读取编码器位置：X方向！
2023-04-07 22:46:39,651 [AppLog] INFO : 准备运动，当前位置：DEV_GetPrintEncoderValue：MoveDirectionFlag{false为Y方向：False}CurrentPos{423.4}AimPos{25}
2023-04-07 22:46:39,682 [AppLog] INFO : X方向运动开始：DEM_Run：返回值{True}nAxis{0}DirFlag{False}nSpeed{300000}MoveStep{-398400}nCtlValue{2}
2023-04-07 22:46:41,554 [AppLog] INFO : X方向到位停止：DEM_StopAxisRun：返回值{True}CurrentPos{31.24}bImmeStop{False}nAxisMask{1}
2023-04-07 22:46:41,554 [AppLog] INFO : 准备读取编码器位置：Y方向！
2023-04-07 22:46:41,554 [AppLog] INFO : 准备运动，编码器当前位置：DEM_GetAxisEncodeVal：MoveDirectionFlag{false为Y方向：True}CurrentPos{230.94}AimPos{285}
2023-04-07 22:46:41,586 [AppLog] INFO : Y方向运动开始：DEM_Run：返回值{True}nAxis{1}DirFlag{True}nSpeed{300000}MoveStep{54060}nCtlValue{0}
2023-04-07 22:46:41,804 [AppLog] INFO : Y方向到位停止：DEM_StopAxisRun：返回值{True}CurrentPos{248.225}bImmeStop{False}nAxisMask{2}
2023-04-07 22:46:41,804 [AppLog] INFO : 获取打印Pass数据：IDP_GetPassItem2：nLayerIndex{2}nPassID{5}nProcState{3}LPPassDataItemb:PrtDir{True}nDataTxCompleteCnt{1}nHwMemAdrMatchMask{1}nLayerIndex{2}nLayerPassCount{6}nLayerPassIndex{5}nMinJet0ImgLinePos{6400}nPrtMemHwAddr{System.UInt32[]}nPrtDataOffset{System.UInt32[]}nSrcDataSize{System.UInt32[]}nPrtColBytes{System.UInt32[]}nPrtPrecession{8}nSrcEndCols{8000}nSrcStartCols{0}nStartEncPos{10000}nValidPassJets{1280}nValidPrtCols{8310}nValidPrtCtlCnts{1}pDataBuf{0}pNextItem{0}
2023-04-07 22:46:41,804 [AppLog] INFO : 使能Pass打印成功：IDP_DoPassPrint2：nLayerIndex{2}nPassID{5}
2023-04-07 22:46:41,820 [AppLog] INFO : PASS打印前关键状态：DEV_GetDeviceInfo2：nLayerIndex{2}nPassID{5}LPPRINTER_INFO:nXSysEncDPI{0}nStatus{0}nPrintStatus{0}bSuperDevice{0}
LPPRINTER_INFO-LPPrtRunInfo:bJobPrtRuning{False}bLayerPrtIsOver{False}nContReqMemErr{0}nContWDErr{0}nCurPrtDir{0}nDTLayerIndex{0}nDTLayerPassIndex{0}nDTPtrCtlIndex{0}nLayerPassCount{0}nPrintLayerIndex{0}nPrintPassIndex{0}nProcLayerIndex{0}nPrtDataMemAddr{0}nPrtState{0}nReverse{System.Int32[]}nRevPrtCols{0}
LPPRINTER_INFO-LPDRVINFO:nFMVersion{0}nFpgaVersion{0}nPCBVersion{0}nState{0}nNextState{0}nPtvwarnState{0}nCrc32{0}nRevInfo{System.UInt32[]}nSignature{0}
2023-04-07 22:46:41,820 [AppLog] INFO : 进入：EquipmentMotionLogic3=》准备创建对象-手动操作！
2023-04-07 22:46:41,820 [AppLog] INFO : 进入：EquipmentMotionLogic3=》不需重新创建-手动操作！
2023-04-07 22:46:41,820 [AppLog] INFO : 进入：EquipmentMotionLogic3=》赋值完成自-AutoPrintMotion2！
2023-04-07 22:46:41,820 [AppLog] INFO : 进入：EquipmentMotionLogic3=》加载配置文件-LoadJsonFile成功！
2023-04-07 22:46:41,820 [AppLog] INFO : 进入：AutoPrintThread2！
2023-04-07 22:46:41,820 [AppLog] INFO : 准备读取编码器位置：X方向！
2023-04-07 22:46:41,820 [AppLog] INFO : 准备运动，当前位置：DEV_GetPrintEncoderValue：MoveDirectionFlag{false为Y方向：False}CurrentPos{26.59}AimPos{425}
2023-04-07 22:46:41,851 [AppLog] INFO : X方向运动开始：DEM_Run：返回值{True}nAxis{0}DirFlag{True}nSpeed{300000}MoveStep{398410}nCtlValue{2}
2023-04-07 22:46:43,723 [AppLog] INFO : X方向到位停止：DEM_StopAxisRun：返回值{True}CurrentPos{418.155}bImmeStop{False}nAxisMask{1}
2023-04-07 22:46:43,723 [AppLog] INFO : 准备读取编码器位置：X方向！
2023-04-07 22:46:43,723 [AppLog] INFO : 准备运动，当前位置：DEV_GetPrintEncoderValue：MoveDirectionFlag{false为Y方向：False}CurrentPos{418.26}AimPos{780}
2023-04-07 22:46:43,754 [AppLog] INFO : X方向运动开始：DEM_Run：返回值{True}nAxis{0}DirFlag{True}nSpeed{300000}MoveStep{361740}nCtlValue{2}
2023-04-07 22:46:43,754 [AppLog] INFO : 准备读取编码器位置：Y方向！
2023-04-07 22:46:43,770 [AppLog] INFO : 准备运动，编码器当前位置：DEM_GetAxisEncodeVal：MoveDirectionFlag{false为Y方向：True}CurrentPos{284.885}AimPos{121}
2023-04-07 22:46:43,801 [AppLog] INFO : Y方向运动开始：DEM_Run：返回值{True}nAxis{1}DirFlag{False}nSpeed{300000}MoveStep{-163885}nCtlValue{0}
2023-04-07 22:46:45,517 [AppLog] INFO : Y方向到位等停：DEM_StopAxisRun：返回值{True}bImmeStop{False}nAxisMask{1}
2023-04-07 22:46:45,517 [AppLog] INFO : X方向到位等停：DEM_StopAxisRun：返回值{True}bImmeStop{False}nAxisMask{2}
2023-04-07 22:46:45,533 [AppLog] INFO : 开启闪喷操作：IDP_FlashPrtCtl：返回值{True}
2023-04-07 22:46:45,533 [AppLog] INFO : 进入：EquipmentMotionLogic3=》准备创建对象-手动操作！
2023-04-07 22:46:45,533 [AppLog] INFO : 进入：EquipmentMotionLogic3=》不需重新创建-手动操作！
2023-04-07 22:46:45,533 [AppLog] INFO : 进入：EquipmentMotionLogic3=》赋值完成自-AutoPrintMotion2！
2023-04-07 22:46:45,533 [AppLog] INFO : 进入：EquipmentMotionLogic3=》加载配置文件-LoadJsonFile成功！
2023-04-07 22:46:45,533 [AppLog] INFO : 进入自动铺粉逻辑：NewAutoSupplyPowderThread2
2023-04-07 22:46:45,611 [AppLog] INFO : 手动正向点动指令（8轴运控板卡系统） ====》：输出AXIS{第1轴},点动量{-0.1MM},运动速度{2MM/s}
2023-04-07 22:46:45,611 [AppLog] INFO : 成形面高度下降层厚 TrapSpace{0.1mm}：TrapMoveUp(1, true, Convert.ToString(vel), Convert.ToString(TrapSpace), true, true）
2023-04-07 22:46:46,375 [AppLog] INFO : 手动正向点动指令（8轴运控板卡系统） ====》：输出AXIS{第1轴},点动量{-1.5MM},运动速度{2MM/s}
2023-04-07 22:46:46,375 [AppLog] INFO : 成形面高度下降指定厚度 TrapSpace{1.5mm}：TrapMoveUp(1, true, Convert.ToString(vel), Convert.ToString(TrapSpace), true, true）
2023-04-07 22:46:47,155 [AppLog] INFO : 手动正向点动指令（8轴运控板卡系统） ====》：输出AXIS{第1轴},点动量{1.5MM},运动速度{2MM/s}
2023-04-07 22:46:47,155 [AppLog] INFO : 成形面高度上升层厚 TrapSpace{1.5mm}：TrapMoveUp(1, true, Convert.ToString(vel), Convert.ToString(TrapSpace), true, true）
2023-04-07 22:46:47,373 [AppLog] INFO : 手动正向点动指令（8轴运控板卡系统） ====》：输出AXIS{第8轴},点动量{0.5MM},运动速度{2.5MM/s}
2023-04-07 22:46:47,373 [AppLog] INFO : Hopper落粉轴转2圈落粉，速度0.5rev/s：TrapMoveUp(8, true, 0.5, rotateNuM.ToString(), true, false)
2023-04-07 22:46:48,668 [AppLog] INFO : 手动正向点动指令（8轴运控板卡系统） ====》：输出AXIS{第2轴},点动量{258MM},运动速度{200MM/s}
2023-04-07 22:46:48,668 [AppLog] INFO : 开启铺粉车不等停运动至准备打印位置255mm，速度200mm/s：BackToStation2
2023-04-07 22:46:48,668 [AppLog] INFO : 手动正向点动指令（8轴运控板卡系统） ====》：输出AXIS{第2轴},点动量{440MM},运动速度{50MM/s}
2023-04-07 22:46:48,668 [AppLog] INFO : 开启铺粉车不等停运动至准备打印位置695mm，速度50mm/s：BackToStation2
2023-04-07 22:46:48,793 [AppLog] INFO : 打开IR灯：OpenIRLamp(true)
2023-04-07 22:46:48,793 [AppLog] INFO : 手动正向点动指令（8轴运控板卡系统） ====》：输出AXIS{第3轴},点动量{0.5MM},运动速度{0.0753424657534247MM/s}
2023-04-07 22:46:48,793 [AppLog] INFO : 开启均匀落粉及辊子铺平运动：TrapMoveUp(3, true, Convert.ToString(DispenseRollerSpeed), 0.5, true, true)
2023-04-07 22:46:52,896 [AppLog] INFO : 进入手动调试子模块！
2023-04-07 22:46:52,896 [AppLog] INFO : 进入：ManulBtn_Click=》准备创建对象-手动操作！
2023-04-07 22:46:52,911 [AppLog] INFO : 创建：ManualControl=》创建完成-手动操作！
2023-04-07 22:46:52,911 [AppLog] INFO : 加载成功：温控Modbus接口！
2023-04-07 22:46:53,879 [AppLog] INFO : 关闭IR灯：OpenIRLamp(false)
2023-04-07 22:46:56,234 [AppLog] INFO : 手动正向点动指令（8轴运控板卡系统） ====》：输出AXIS{第3轴},点动量{0.5MM},运动速度{2MM/s}
2023-04-07 22:46:56,234 [AppLog] INFO : 落粉轴继续转动以倒掉余粉：TrapMoveUp(3, true, 2, 0.5, true, false)
2023-04-07 22:46:58,247 [AppLog] INFO : 手动正向点动指令（8轴运控板卡系统） ====》：输出AXIS{第1轴},点动量{-1.5MM},运动速度{2MM/s}
2023-04-07 22:46:58,247 [AppLog] INFO : 成形面高度下降指定厚度 TrapSpace{1.5mm}：TrapMoveUp(1, true, Convert.ToString(vel), Convert.ToString(TrapSpace), true, true）
2023-04-07 22:47:01,741 [AppLog] INFO : 手动正向点动指令（8轴运控板卡系统） ====》：输出AXIS{第2轴},点动量{-698MM},运动速度{200MM/s}
2023-04-07 22:47:01,741 [AppLog] INFO : 铺粉车返回至站1：BackToStation2(AimPos, MovSpeed, true)：-3mm，速度200mm/s：BackToStation2
2023-04-07 22:47:02,131 [AppLog] INFO : 落粉轴回零成功：motionMap.SetBackSpreaderAxis(3, 0.5, 2, -SinkPosition)：ReturnCode{True}
2023-04-07 22:47:02,895 [AppLog] INFO : 手动正向点动指令（8轴运控板卡系统） ====》：输出AXIS{第1轴},点动量{1.5MM},运动速度{2MM/s}
2023-04-07 22:47:02,895 [AppLog] INFO : 成形面高度上升层厚 TrapSpace{1.5mm}：TrapMoveUp(1, true, Convert.ToString(vel), Convert.ToString(TrapSpace), true, true）
2023-04-07 22:47:02,895 [AppLog] INFO : 自动铺粉正常结束：NewAutoSupplyPowderThread2
2023-04-07 22:47:02,895 [AppLog] INFO : 发送监控指令，拍照记录1条：SendMessageFromSharedMemory
2023-04-07 22:47:02,895 [AppLog] INFO : 执行完成铺粉固化操作：EquipmentMotionLogic3：m_bApplyPowderSupplyMotion:0
2023-04-07 22:47:02,895 [AppLog] INFO : 接收到恢复打印指令：PrintTaskTHREAD
2023-04-07 22:47:02,911 [AppLog] INFO : 获取打印Pass数据：IDP_GetPassItem2：nLayerIndex{3}nPassID{0}nProcState{3}LPPassDataItemb:PrtDir{False}nDataTxCompleteCnt{1}nHwMemAdrMatchMask{1}nLayerIndex{3}nLayerPassCount{6}nLayerPassIndex{0}nMinJet0ImgLinePos{0}nPrtMemHwAddr{System.UInt32[]}nPrtDataOffset{System.UInt32[]}nSrcDataSize{System.UInt32[]}nPrtColBytes{System.UInt32[]}nPrtPrecession{8}nSrcEndCols{8000}nSrcStartCols{0}nStartEncPos{76472}nValidPassJets{1280}nValidPrtCols{8310}nValidPrtCtlCnts{1}pDataBuf{0}pNextItem{674220224}
2023-04-07 22:47:02,927 [AppLog] INFO : 使能Pass打印成功：IDP_DoPassPrint2：nLayerIndex{3}nPassID{0}
2023-04-07 22:47:02,927 [AppLog] INFO : PASS打印前关键状态：DEV_GetDeviceInfo2：nLayerIndex{3}nPassID{0}LPPRINTER_INFO:nXSysEncDPI{0}nStatus{0}nPrintStatus{0}bSuperDevice{0}
LPPRINTER_INFO-LPPrtRunInfo:bJobPrtRuning{False}bLayerPrtIsOver{False}nContReqMemErr{0}nContWDErr{0}nCurPrtDir{0}nDTLayerIndex{0}nDTLayerPassIndex{0}nDTPtrCtlIndex{0}nLayerPassCount{0}nPrintLayerIndex{0}nPrintPassIndex{0}nProcLayerIndex{0}nPrtDataMemAddr{0}nPrtState{0}nReverse{System.Int32[]}nRevPrtCols{0}
LPPRINTER_INFO-LPDRVINFO:nFMVersion{0}nFpgaVersion{0}nPCBVersion{0}nState{0}nNextState{0}nPtvwarnState{0}nCrc32{0}nRevInfo{System.UInt32[]}nSignature{0}
2023-04-07 22:47:02,927 [AppLog] INFO : 进入：EquipmentMotionLogic3=》准备创建对象-手动操作！
2023-04-07 22:47:02,927 [AppLog] INFO : 进入：EquipmentMotionLogic3=》不需重新创建-手动操作！
2023-04-07 22:47:02,927 [AppLog] INFO : 进入：EquipmentMotionLogic3=》赋值完成自-AutoPrintMotion2！
2023-04-07 22:47:02,927 [AppLog] INFO : 进入：EquipmentMotionLogic3=》加载配置文件-LoadJsonFile成功！
2023-04-07 22:47:02,927 [AppLog] INFO : 进入自动清洗过程：AutoCleanThread
2023-04-07 22:47:03,894 [AppLog] INFO : 刮墨轴回零成功：motionMap.SetBackSpreaderAxis(4, 1, 2, -SinkPosition)
2023-04-07 22:47:03,894 [AppLog] INFO : 准备读取编码器位置：Y方向！
2023-04-07 22:47:03,894 [AppLog] INFO : 准备运动，编码器当前位置：DEM_GetAxisEncodeVal：MoveDirectionFlag{false为Y方向：True}CurrentPos{121.36}AimPos{121}
2023-04-07 22:47:03,925 [AppLog] INFO : Y方向运动开始：DEM_Run：返回值{True}nAxis{1}DirFlag{False}nSpeed{300000}MoveStep{-359.999999999999}nCtlValue{0}
2023-04-07 22:47:03,941 [AppLog] INFO : Y方向到位停止：DEM_StopAxisRun：返回值{True}CurrentPos{121.36}bImmeStop{False}nAxisMask{2}
2023-04-07 22:47:03,941 [AppLog] INFO : 准备读取编码器位置：X方向！
2023-04-07 22:47:03,941 [AppLog] INFO : 准备运动，当前位置：DEV_GetPrintEncoderValue：MoveDirectionFlag{false为Y方向：False}CurrentPos{785.145}AimPos{780}
2023-04-07 22:47:03,972 [AppLog] INFO : X方向运动开始：DEM_Run：返回值{True}nAxis{0}DirFlag{False}nSpeed{300000}MoveStep{-5144.99999999998}nCtlValue{2}
2023-04-07 22:47:04,237 [AppLog] INFO : X方向到位停止：DEM_StopAxisRun：返回值{True}CurrentPos{781.08}bImmeStop{False}nAxisMask{1}
2023-04-07 22:47:05,001 [AppLog] INFO : 开启压墨： motionMap.SetDo(13, true)
2023-04-07 22:47:09,011 [AppLog] INFO : 关闭压墨： motionMap.SetDo(13, true)
2023-04-07 22:47:09,011 [AppLog] INFO : 准备读取编码器位置：X方向！
2023-04-07 22:47:09,011 [AppLog] INFO : 准备运动，当前位置：DEV_GetPrintEncoderValue：MoveDirectionFlag{false为Y方向：False}CurrentPos{780.33}AimPos{680}
2023-04-07 22:47:09,042 [AppLog] INFO : X方向运动开始：DEM_Run：返回值{True}nAxis{0}DirFlag{False}nSpeed{50000}MoveStep{-100330}nCtlValue{2}
2023-04-07 22:47:10,259 [AppLog] INFO : 退出手动调试子模块,已执行修改
==========================================================================
2023-04-07 22:47:11,117 [AppLog] INFO : X方向到位停止：DEM_StopAxisRun：返回值{True}CurrentPos{683.085}bImmeStop{False}nAxisMask{1}
2023-04-07 22:47:11,304 [AppLog] INFO : 进入手动调试子模块！
2023-04-07 22:47:11,304 [AppLog] INFO : 进入：ManulBtn_Click=》准备创建对象-手动操作！
2023-04-07 22:47:11,335 [AppLog] INFO : 创建：ManualControl=》创建完成-手动操作！
2023-04-07 22:47:11,335 [AppLog] INFO : 加载成功：温控Modbus接口！
2023-04-07 22:47:11,881 [AppLog] INFO : 结束自动清洗过程：AutoCleanThread
2023-04-07 22:47:11,881 [AppLog] INFO : 进入：EquipmentMotionLogic3=》准备创建对象-手动操作！
2023-04-07 22:47:11,881 [AppLog] INFO : 进入：EquipmentMotionLogic3=》不需重新创建-手动操作！
2023-04-07 22:47:11,881 [AppLog] INFO : 进入：EquipmentMotionLogic3=》赋值完成自-AutoPrintMotion2！
2023-04-07 22:47:11,881 [AppLog] INFO : 进入：EquipmentMotionLogic3=》加载配置文件-LoadJsonFile成功！
2023-04-07 22:47:11,881 [AppLog] INFO : 进入：AutoPrintThread2！
2023-04-07 22:47:11,881 [AppLog] INFO : 关闭闪喷操作：IDP_FlashPrtCtl：返回值{True}
2023-04-07 22:47:11,881 [AppLog] INFO : 准备读取编码器位置：Y方向！
2023-04-07 22:47:11,881 [AppLog] INFO : 准备运动，编码器当前位置：DEM_GetAxisEncodeVal：MoveDirectionFlag{false为Y方向：True}CurrentPos{121.005}AimPos{15}
2023-04-07 22:47:11,912 [AppLog] INFO : Y方向运动开始：DEM_Run：返回值{True}nAxis{1}DirFlag{False}nSpeed{300000}MoveStep{-106005}nCtlValue{0}
2023-04-07 22:47:11,912 [AppLog] INFO : 准备读取编码器位置：X方向！
2023-04-07 22:47:11,912 [AppLog] INFO : 准备运动，当前位置：DEV_GetPrintEncoderValue：MoveDirectionFlag{false为Y方向：False}CurrentPos{680.315}AimPos{425}
2023-04-07 22:47:11,943 [AppLog] INFO : X方向运动开始：DEM_Run：返回值{True}nAxis{0}DirFlag{False}nSpeed{300000}MoveStep{-255315}nCtlValue{2}
2023-04-07 22:47:13,347 [AppLog] INFO : X方向到位停止：DEM_StopAxisRun：返回值{True}CurrentPos{428.935}bImmeStop{False}nAxisMask{1}
2023-04-07 22:47:13,347 [AppLog] INFO : 准备读取编码器位置：X方向！
2023-04-07 22:47:13,363 [AppLog] INFO : 准备运动，当前位置：DEV_GetPrintEncoderValue：MoveDirectionFlag{false为Y方向：False}CurrentPos{428.85}AimPos{25}
2023-04-07 22:47:13,394 [AppLog] INFO : X方向运动开始：DEM_Run：返回值{True}nAxis{0}DirFlag{False}nSpeed{300000}MoveStep{-403850}nCtlValue{2}
2023-04-07 22:47:15,297 [AppLog] INFO : X方向到位停止：DEM_StopAxisRun：返回值{True}CurrentPos{25.57}bImmeStop{False}nAxisMask{1}
2023-04-07 22:47:15,297 [AppLog] INFO : 准备读取编码器位置：Y方向！
2023-04-07 22:47:15,297 [AppLog] INFO : 准备运动，编码器当前位置：DEM_GetAxisEncodeVal：MoveDirectionFlag{false为Y方向：True}CurrentPos{15.14}AimPos{69}
2023-04-07 22:47:15,329 [AppLog] INFO : Y方向运动开始：DEM_Run：返回值{True}nAxis{1}DirFlag{True}nSpeed{300000}MoveStep{53860}nCtlValue{0}
2023-04-07 22:47:15,516 [AppLog] INFO : Y方向到位停止：DEM_StopAxisRun：返回值{True}CurrentPos{26.285}bImmeStop{False}nAxisMask{2}
2023-04-07 22:47:15,516 [AppLog] INFO : 获取打印Pass数据：IDP_GetPassItem2：nLayerIndex{3}nPassID{1}nProcState{3}LPPassDataItemb:PrtDir{True}nDataTxCompleteCnt{1}nHwMemAdrMatchMask{1}nLayerIndex{3}nLayerPassCount{6}nLayerPassIndex{1}nMinJet0ImgLinePos{1280}nPrtMemHwAddr{System.UInt32[]}nPrtDataOffset{System.UInt32[]}nSrcDataSize{System.UInt32[]}nPrtColBytes{System.UInt32[]}nPrtPrecession{8}nSrcEndCols{8000}nSrcStartCols{0}nStartEncPos{10000}nValidPassJets{1280}nValidPrtCols{8310}nValidPrtCtlCnts{1}pDataBuf{0}pNextItem{674220384}
2023-04-07 22:47:15,531 [AppLog] INFO : 使能Pass打印成功：IDP_DoPassPrint2：nLayerIndex{3}nPassID{1}
2023-04-07 22:47:15,547 [AppLog] INFO : PASS打印前关键状态：DEV_GetDeviceInfo2：nLayerIndex{3}nPassID{1}LPPRINTER_INFO:nXSysEncDPI{0}nStatus{0}nPrintStatus{0}bSuperDevice{0}
LPPRINTER_INFO-LPPrtRunInfo:bJobPrtRuning{False}bLayerPrtIsOver{False}nContReqMemErr{0}nContWDErr{0}nCurPrtDir{0}nDTLayerIndex{0}nDTLayerPassIndex{0}nDTPtrCtlIndex{0}nLayerPassCount{0}nPrintLayerIndex{0}nPrintPassIndex{0}nProcLayerIndex{0}nPrtDataMemAddr{0}nPrtState{0}nReverse{System.Int32[]}nRevPrtCols{0}
LPPRINTER_INFO-LPDRVINFO:nFMVersion{0}nFpgaVersion{0}nPCBVersion{0}nState{0}nNextState{0}nPtvwarnState{0}nCrc32{0}nRevInfo{System.UInt32[]}nSignature{0}
2023-04-07 22:47:15,547 [AppLog] INFO : 进入：EquipmentMotionLogic3=》准备创建对象-手动操作！
2023-04-07 22:47:15,547 [AppLog] INFO : 进入：EquipmentMotionLogic3=》不需重新创建-手动操作！
2023-04-07 22:47:15,547 [AppLog] INFO : 进入：EquipmentMotionLogic3=》赋值完成自-AutoPrintMotion2！
2023-04-07 22:47:15,547 [AppLog] INFO : 进入：EquipmentMotionLogic3=》加载配置文件-LoadJsonFile成功！
2023-04-07 22:47:15,547 [AppLog] INFO : 进入：AutoPrintThread2！
2023-04-07 22:47:15,547 [AppLog] INFO : 准备读取编码器位置：X方向！
2023-04-07 22:47:15,547 [AppLog] INFO : 准备运动，当前位置：DEV_GetPrintEncoderValue：MoveDirectionFlag{false为Y方向：False}CurrentPos{22.17}AimPos{425}
2023-04-07 22:47:15,578 [AppLog] INFO : X方向运动开始：DEM_Run：返回值{True}nAxis{0}DirFlag{True}nSpeed{300000}MoveStep{402830}nCtlValue{2}
2023-04-07 22:47:16,405 [AppLog] INFO : 退出手动调试子模块,已执行修改
==========================================================================
2023-04-07 22:47:17,466 [AppLog] INFO : X方向到位停止：DEM_StopAxisRun：返回值{True}CurrentPos{419.78}bImmeStop{False}nAxisMask{1}
2023-04-07 22:47:17,466 [AppLog] INFO : 准备读取编码器位置：Y方向！
2023-04-07 22:47:17,481 [AppLog] INFO : 准备运动，编码器当前位置：DEM_GetAxisEncodeVal：MoveDirectionFlag{false为Y方向：True}CurrentPos{68.94}AimPos{123}
2023-04-07 22:47:17,513 [AppLog] INFO : Y方向运动开始：DEM_Run：返回值{True}nAxis{1}DirFlag{True}nSpeed{300000}MoveStep{54060}nCtlValue{0}
2023-04-07 22:47:17,700 [AppLog] INFO : Y方向到位停止：DEM_StopAxisRun：返回值{True}CurrentPos{79.2}bImmeStop{False}nAxisMask{2}
2023-04-07 22:47:17,700 [AppLog] INFO : 获取打印Pass数据：IDP_GetPassItem2：nLayerIndex{3}nPassID{2}nProcState{3}LPPassDataItemb:PrtDir{False}nDataTxCompleteCnt{1}nHwMemAdrMatchMask{1}nLayerIndex{3}nLayerPassCount{6}nLayerPassIndex{2}nMinJet0ImgLinePos{2560}nPrtMemHwAddr{System.UInt32[]}nPrtDataOffset{System.UInt32[]}nSrcDataSize{System.UInt32[]}nPrtColBytes{System.UInt32[]}nPrtPrecession{8}nSrcEndCols{8000}nSrcStartCols{0}nStartEncPos{76472}nValidPassJets{1280}nValidPrtCols{8310}nValidPrtCtlCnts{1}pDataBuf{0}pNextItem{674220544}
2023-04-07 22:47:17,715 [AppLog] INFO : 使能Pass打印成功：IDP_DoPassPrint2：nLayerIndex{3}nPassID{2}
2023-04-07 22:47:17,715 [AppLog] INFO : PASS打印前关键状态：DEV_GetDeviceInfo2：nLayerIndex{3}nPassID{2}LPPRINTER_INFO:nXSysEncDPI{0}nStatus{0}nPrintStatus{0}bSuperDevice{0}
LPPRINTER_INFO-LPPrtRunInfo:bJobPrtRuning{False}bLayerPrtIsOver{False}nContReqMemErr{0}nContWDErr{0}nCurPrtDir{0}nDTLayerIndex{0}nDTLayerPassIndex{0}nDTPtrCtlIndex{0}nLayerPassCount{0}nPrintLayerIndex{0}nPrintPassIndex{0}nProcLayerIndex{0}nPrtDataMemAddr{0}nPrtState{0}nReverse{System.Int32[]}nRevPrtCols{0}
LPPRINTER_INFO-LPDRVINFO:nFMVersion{0}nFpgaVersion{0}nPCBVersion{0}nState{0}nNextState{0}nPtvwarnState{0}nCrc32{0}nRevInfo{System.UInt32[]}nSignature{0}
2023-04-07 22:47:17,715 [AppLog] INFO : 进入：EquipmentMotionLogic3=》准备创建对象-手动操作！
2023-04-07 22:47:17,715 [AppLog] INFO : 进入：EquipmentMotionLogic3=》不需重新创建-手动操作！
2023-04-07 22:47:17,715 [AppLog] INFO : 进入：EquipmentMotionLogic3=》赋值完成自-AutoPrintMotion2！
2023-04-07 22:47:17,715 [AppLog] INFO : 进入：EquipmentMotionLogic3=》加载配置文件-LoadJsonFile成功！
2023-04-07 22:47:17,715 [AppLog] INFO : 进入：AutoPrintThread2！
2023-04-07 22:47:17,715 [AppLog] INFO : 准备读取编码器位置：X方向！
2023-04-07 22:47:17,715 [AppLog] INFO : 准备运动，当前位置：DEV_GetPrintEncoderValue：MoveDirectionFlag{false为Y方向：False}CurrentPos{423.335}AimPos{25}
2023-04-07 22:47:17,747 [AppLog] INFO : X方向运动开始：DEM_Run：返回值{True}nAxis{0}DirFlag{False}nSpeed{300000}MoveStep{-398335}nCtlValue{2}
2023-04-07 22:47:19,619 [AppLog] INFO : X方向到位停止：DEM_StopAxisRun：返回值{True}CurrentPos{30.715}bImmeStop{False}nAxisMask{1}
2023-04-07 22:47:19,619 [AppLog] INFO : 准备读取编码器位置：Y方向！
2023-04-07 22:47:19,619 [AppLog] INFO : 准备运动，编码器当前位置：DEM_GetAxisEncodeVal：MoveDirectionFlag{false为Y方向：True}CurrentPos{122.85}AimPos{177}
2023-04-07 22:47:19,650 [AppLog] INFO : Y方向运动开始：DEM_Run：返回值{True}nAxis{1}DirFlag{True}nSpeed{300000}MoveStep{54150}nCtlValue{0}
2023-04-07 22:47:19,837 [AppLog] INFO : Y方向到位停止：DEM_StopAxisRun：返回值{True}CurrentPos{133.185}bImmeStop{False}nAxisMask{2}
2023-04-07 22:47:19,837 [AppLog] INFO : 获取打印Pass数据：IDP_GetPassItem2：nLayerIndex{3}nPassID{3}nProcState{3}LPPassDataItemb:PrtDir{True}nDataTxCompleteCnt{1}nHwMemAdrMatchMask{1}nLayerIndex{3}nLayerPassCount{6}nLayerPassIndex{3}nMinJet0ImgLinePos{3840}nPrtMemHwAddr{System.UInt32[]}nPrtDataOffset{System.UInt32[]}nSrcDataSize{System.UInt32[]}nPrtColBytes{System.UInt32[]}nPrtPrecession{8}nSrcEndCols{8000}nSrcStartCols{0}nStartEncPos{10000}nValidPassJets{1280}nValidPrtCols{8310}nValidPrtCtlCnts{1}pDataBuf{0}pNextItem{674220704}
2023-04-07 22:47:19,868 [AppLog] INFO : 使能Pass打印成功：IDP_DoPassPrint2：nLayerIndex{3}nPassID{3}
2023-04-07 22:47:19,868 [AppLog] INFO : PASS打印前关键状态：DEV_GetDeviceInfo2：nLayerIndex{3}nPassID{3}LPPRINTER_INFO:nXSysEncDPI{0}nStatus{0}nPrintStatus{0}bSuperDevice{0}
LPPRINTER_INFO-LPPrtRunInfo:bJobPrtRuning{False}bLayerPrtIsOver{False}nContReqMemErr{0}nContWDErr{0}nCurPrtDir{0}nDTLayerIndex{0}nDTLayerPassIndex{0}nDTPtrCtlIndex{0}nLayerPassCount{0}nPrintLayerIndex{0}nPrintPassIndex{0}nProcLayerIndex{0}nPrtDataMemAddr{0}nPrtState{0}nReverse{System.Int32[]}nRevPrtCols{0}
LPPRINTER_INFO-LPDRVINFO:nFMVersion{0}nFpgaVersion{0}nPCBVersion{0}nState{0}nNextState{0}nPtvwarnState{0}nCrc32{0}nRevInfo{System.UInt32[]}nSignature{0}
2023-04-07 22:47:19,868 [AppLog] INFO : 进入：EquipmentMotionLogic3=》准备创建对象-手动操作！
2023-04-07 22:47:19,868 [AppLog] INFO : 进入：EquipmentMotionLogic3=》不需重新创建-手动操作！
2023-04-07 22:47:19,868 [AppLog] INFO : 进入：EquipmentMotionLogic3=》赋值完成自-AutoPrintMotion2！
2023-04-07 22:47:19,868 [AppLog] INFO : 进入：EquipmentMotionLogic3=》加载配置文件-LoadJsonFile成功！
2023-04-07 22:47:19,868 [AppLog] INFO : 进入：AutoPrintThread2！
2023-04-07 22:47:19,868 [AppLog] INFO : 准备读取编码器位置：X方向！
2023-04-07 22:47:19,868 [AppLog] INFO : 准备运动，当前位置：DEV_GetPrintEncoderValue：MoveDirectionFlag{false为Y方向：False}CurrentPos{26.62}AimPos{425}
2023-04-07 22:47:19,931 [AppLog] INFO : X方向运动开始：DEM_Run：返回值{True}nAxis{0}DirFlag{True}nSpeed{300000}MoveStep{398380}nCtlValue{2}
2023-04-07 22:47:21,803 [AppLog] INFO : X方向到位停止：DEM_StopAxisRun：返回值{True}CurrentPos{418.55}bImmeStop{False}nAxisMask{1}
2023-04-07 22:47:21,803 [AppLog] INFO : 准备读取编码器位置：Y方向！
2023-04-07 22:47:21,803 [AppLog] INFO : 准备运动，编码器当前位置：DEM_GetAxisEncodeVal：MoveDirectionFlag{false为Y方向：True}CurrentPos{176.885}AimPos{231}
2023-04-07 22:47:21,834 [AppLog] INFO : Y方向运动开始：DEM_Run：返回值{True}nAxis{1}DirFlag{True}nSpeed{300000}MoveStep{54115}nCtlValue{0}
2023-04-07 22:47:22,021 [AppLog] INFO : Y方向到位停止：DEM_StopAxisRun：返回值{True}CurrentPos{187.485}bImmeStop{False}nAxisMask{2}
2023-04-07 22:47:22,021 [AppLog] INFO : 获取打印Pass数据：IDP_GetPassItem2：nLayerIndex{3}nPassID{4}nProcState{3}LPPassDataItemb:PrtDir{False}nDataTxCompleteCnt{1}nHwMemAdrMatchMask{1}nLayerIndex{3}nLayerPassCount{6}nLayerPassIndex{4}nMinJet0ImgLinePos{5120}nPrtMemHwAddr{System.UInt32[]}nPrtDataOffset{System.UInt32[]}nSrcDataSize{System.UInt32[]}nPrtColBytes{System.UInt32[]}nPrtPrecession{8}nSrcEndCols{8000}nSrcStartCols{0}nStartEncPos{76472}nValidPassJets{1280}nValidPrtCols{8310}nValidPrtCtlCnts{1}pDataBuf{0}pNextItem{674220864}
2023-04-07 22:47:22,021 [AppLog] INFO : 使能Pass打印成功：IDP_DoPassPrint2：nLayerIndex{3}nPassID{4}
2023-04-07 22:47:22,037 [AppLog] INFO : PASS打印前关键状态：DEV_GetDeviceInfo2：nLayerIndex{3}nPassID{4}LPPRINTER_INFO:nXSysEncDPI{0}nStatus{0}nPrintStatus{0}bSuperDevice{0}
LPPRINTER_INFO-LPPrtRunInfo:bJobPrtRuning{False}bLayerPrtIsOver{False}nContReqMemErr{0}nContWDErr{0}nCurPrtDir{0}nDTLayerIndex{0}nDTLayerPassIndex{0}nDTPtrCtlIndex{0}nLayerPassCount{0}nPrintLayerIndex{0}nPrintPassIndex{0}nProcLayerIndex{0}nPrtDataMemAddr{0}nPrtState{0}nReverse{System.Int32[]}nRevPrtCols{0}
LPPRINTER_INFO-LPDRVINFO:nFMVersion{0}nFpgaVersion{0}nPCBVersion{0}nState{0}nNextState{0}nPtvwarnState{0}nCrc32{0}nRevInfo{System.UInt32[]}nSignature{0}
2023-04-07 22:47:22,037 [AppLog] INFO : 进入：EquipmentMotionLogic3=》准备创建对象-手动操作！
2023-04-07 22:47:22,037 [AppLog] INFO : 进入：EquipmentMotionLogic3=》不需重新创建-手动操作！
2023-04-07 22:47:22,037 [AppLog] INFO : 进入：EquipmentMotionLogic3=》赋值完成自-AutoPrintMotion2！
2023-04-07 22:47:22,037 [AppLog] INFO : 进入：EquipmentMotionLogic3=》加载配置文件-LoadJsonFile成功！
2023-04-07 22:47:22,037 [AppLog] INFO : 进入：AutoPrintThread2！
2023-04-07 22:47:22,037 [AppLog] INFO : 准备读取编码器位置：X方向！
2023-04-07 22:47:22,037 [AppLog] INFO : 准备运动，当前位置：DEV_GetPrintEncoderValue：MoveDirectionFlag{false为Y方向：False}CurrentPos{423.385}AimPos{25}
2023-04-07 22:47:22,068 [AppLog] INFO : X方向运动开始：DEM_Run：返回值{True}nAxis{0}DirFlag{False}nSpeed{300000}MoveStep{-398385}nCtlValue{2}
2023-04-07 22:47:23,940 [AppLog] INFO : X方向到位停止：DEM_StopAxisRun：返回值{True}CurrentPos{31.21}bImmeStop{False}nAxisMask{1}
2023-04-07 22:47:23,940 [AppLog] INFO : 准备读取编码器位置：Y方向！
2023-04-07 22:47:23,940 [AppLog] INFO : 准备运动，编码器当前位置：DEM_GetAxisEncodeVal：MoveDirectionFlag{false为Y方向：True}CurrentPos{230.945}AimPos{285}
2023-04-07 22:47:23,971 [AppLog] INFO : Y方向运动开始：DEM_Run：返回值{True}nAxis{1}DirFlag{True}nSpeed{300000}MoveStep{54055}nCtlValue{0}
2023-04-07 22:47:24,158 [AppLog] INFO : Y方向到位停止：DEM_StopAxisRun：返回值{True}CurrentPos{241.295}bImmeStop{False}nAxisMask{2}
2023-04-07 22:47:24,158 [AppLog] INFO : 获取打印Pass数据：IDP_GetPassItem2：nLayerIndex{3}nPassID{5}nProcState{3}LPPassDataItemb:PrtDir{True}nDataTxCompleteCnt{1}nHwMemAdrMatchMask{1}nLayerIndex{3}nLayerPassCount{6}nLayerPassIndex{5}nMinJet0ImgLinePos{6400}nPrtMemHwAddr{System.UInt32[]}nPrtDataOffset{System.UInt32[]}nSrcDataSize{System.UInt32[]}nPrtColBytes{System.UInt32[]}nPrtPrecession{8}nSrcEndCols{8000}nSrcStartCols{0}nStartEncPos{10000}nValidPassJets{1280}nValidPrtCols{8310}nValidPrtCtlCnts{1}pDataBuf{0}pNextItem{0}
2023-04-07 22:47:24,158 [AppLog] INFO : 使能Pass打印成功：IDP_DoPassPrint2：nLayerIndex{3}nPassID{5}
2023-04-07 22:47:24,174 [AppLog] INFO : PASS打印前关键状态：DEV_GetDeviceInfo2：nLayerIndex{3}nPassID{5}LPPRINTER_INFO:nXSysEncDPI{0}nStatus{0}nPrintStatus{0}bSuperDevice{0}
LPPRINTER_INFO-LPPrtRunInfo:bJobPrtRuning{False}bLayerPrtIsOver{False}nContReqMemErr{0}nContWDErr{0}nCurPrtDir{0}nDTLayerIndex{0}nDTLayerPassIndex{0}nDTPtrCtlIndex{0}nLayerPassCount{0}nPrintLayerIndex{0}nPrintPassIndex{0}nProcLayerIndex{0}nPrtDataMemAddr{0}nPrtState{0}nReverse{System.Int32[]}nRevPrtCols{0}
LPPRINTER_INFO-LPDRVINFO:nFMVersion{0}nFpgaVersion{0}nPCBVersion{0}nState{0}nNextState{0}nPtvwarnState{0}nCrc32{0}nRevInfo{System.UInt32[]}nSignature{0}
2023-04-07 22:47:24,174 [AppLog] INFO : 进入：EquipmentMotionLogic3=》准备创建对象-手动操作！
2023-04-07 22:47:24,174 [AppLog] INFO : 进入：EquipmentMotionLogic3=》不需重新创建-手动操作！
2023-04-07 22:47:24,174 [AppLog] INFO : 进入：EquipmentMotionLogic3=》赋值完成自-AutoPrintMotion2！
2023-04-07 22:47:24,174 [AppLog] INFO : 进入：EquipmentMotionLogic3=》加载配置文件-LoadJsonFile成功！
2023-04-07 22:47:24,174 [AppLog] INFO : 进入：AutoPrintThread2！
2023-04-07 22:47:24,174 [AppLog] INFO : 准备读取编码器位置：X方向！
2023-04-07 22:47:24,174 [AppLog] INFO : 准备运动，当前位置：DEV_GetPrintEncoderValue：MoveDirectionFlag{false为Y方向：False}CurrentPos{26.64}AimPos{425}
2023-04-07 22:47:24,205 [AppLog] INFO : X方向运动开始：DEM_Run：返回值{True}nAxis{0}DirFlag{True}nSpeed{300000}MoveStep{398360}nCtlValue{2}
2023-04-07 22:47:26,077 [AppLog] INFO : X方向到位停止：DEM_StopAxisRun：返回值{True}CurrentPos{418.385}bImmeStop{False}nAxisMask{1}
2023-04-07 22:47:26,077 [AppLog] INFO : 准备读取编码器位置：X方向！
2023-04-07 22:47:26,077 [AppLog] INFO : 准备运动，当前位置：DEV_GetPrintEncoderValue：MoveDirectionFlag{false为Y方向：False}CurrentPos{418.585}AimPos{780}
2023-04-07 22:47:26,108 [AppLog] INFO : X方向运动开始：DEM_Run：返回值{True}nAxis{0}DirFlag{True}nSpeed{300000}MoveStep{361415}nCtlValue{2}
2023-04-07 22:47:26,108 [AppLog] INFO : 准备读取编码器位置：Y方向！
2023-04-07 22:47:26,108 [AppLog] INFO : 准备运动，编码器当前位置：DEM_GetAxisEncodeVal：MoveDirectionFlag{false为Y方向：True}CurrentPos{284.875}AimPos{121}
2023-04-07 22:47:26,139 [AppLog] INFO : Y方向运动开始：DEM_Run：返回值{True}nAxis{1}DirFlag{False}nSpeed{300000}MoveStep{-163875}nCtlValue{0}
2023-04-07 22:47:27,855 [AppLog] INFO : Y方向到位等停：DEM_StopAxisRun：返回值{True}bImmeStop{False}nAxisMask{1}
2023-04-07 22:47:27,855 [AppLog] INFO : X方向到位等停：DEM_StopAxisRun：返回值{True}bImmeStop{False}nAxisMask{2}
2023-04-07 22:47:27,871 [AppLog] INFO : 开启闪喷操作：IDP_FlashPrtCtl：返回值{True}
2023-04-07 22:47:27,871 [AppLog] INFO : 进入：EquipmentMotionLogic3=》准备创建对象-手动操作！
2023-04-07 22:47:27,871 [AppLog] INFO : 进入：EquipmentMotionLogic3=》不需重新创建-手动操作！
2023-04-07 22:47:27,871 [AppLog] INFO : 进入：EquipmentMotionLogic3=》赋值完成自-AutoPrintMotion2！
2023-04-07 22:47:27,871 [AppLog] INFO : 进入：EquipmentMotionLogic3=》加载配置文件-LoadJsonFile成功！
2023-04-07 22:47:27,871 [AppLog] INFO : 进入自动铺粉逻辑：NewAutoSupplyPowderThread2
2023-04-07 22:47:27,949 [AppLog] INFO : 手动正向点动指令（8轴运控板卡系统） ====》：输出AXIS{第1轴},点动量{-0.1MM},运动速度{2MM/s}
2023-04-07 22:47:27,949 [AppLog] INFO : 成形面高度下降层厚 TrapSpace{0.1mm}：TrapMoveUp(1, true, Convert.ToString(vel), Convert.ToString(TrapSpace), true, true）
2023-04-07 22:47:28,713 [AppLog] INFO : 手动正向点动指令（8轴运控板卡系统） ====》：输出AXIS{第1轴},点动量{-1.5MM},运动速度{2MM/s}
2023-04-07 22:47:28,713 [AppLog] INFO : 成形面高度下降指定厚度 TrapSpace{1.5mm}：TrapMoveUp(1, true, Convert.ToString(vel), Convert.ToString(TrapSpace), true, true）
2023-04-07 22:47:29,493 [AppLog] INFO : 手动正向点动指令（8轴运控板卡系统） ====》：输出AXIS{第1轴},点动量{1.5MM},运动速度{2MM/s}
2023-04-07 22:47:29,493 [AppLog] INFO : 成形面高度上升层厚 TrapSpace{1.5mm}：TrapMoveUp(1, true, Convert.ToString(vel), Convert.ToString(TrapSpace), true, true）
2023-04-07 22:47:29,712 [AppLog] INFO : 手动正向点动指令（8轴运控板卡系统） ====》：输出AXIS{第8轴},点动量{0.5MM},运动速度{2.5MM/s}
2023-04-07 22:47:29,712 [AppLog] INFO : Hopper落粉轴转2圈落粉，速度0.5rev/s：TrapMoveUp(8, true, 0.5, rotateNuM.ToString(), true, false)
2023-04-07 22:47:31,007 [AppLog] INFO : 手动正向点动指令（8轴运控板卡系统） ====》：输出AXIS{第2轴},点动量{258MM},运动速度{200MM/s}
2023-04-07 22:47:31,007 [AppLog] INFO : 开启铺粉车不等停运动至准备打印位置255mm，速度200mm/s：BackToStation2
2023-04-07 22:47:31,007 [AppLog] INFO : 手动正向点动指令（8轴运控板卡系统） ====》：输出AXIS{第2轴},点动量{440MM},运动速度{50MM/s}
2023-04-07 22:47:31,007 [AppLog] INFO : 开启铺粉车不等停运动至准备打印位置695mm，速度50mm/s：BackToStation2
2023-04-07 22:47:31,116 [AppLog] INFO : 打开IR灯：OpenIRLamp(true)
2023-04-07 22:47:31,116 [AppLog] INFO : 手动正向点动指令（8轴运控板卡系统） ====》：输出AXIS{第3轴},点动量{0.5MM},运动速度{0.0753424657534247MM/s}
2023-04-07 22:47:31,116 [AppLog] INFO : 开启均匀落粉及辊子铺平运动：TrapMoveUp(3, true, Convert.ToString(DispenseRollerSpeed), 0.5, true, true)
2023-04-07 22:47:36,217 [AppLog] INFO : 关闭IR灯：OpenIRLamp(false)
2023-04-07 22:47:38,573 [AppLog] INFO : 手动正向点动指令（8轴运控板卡系统） ====》：输出AXIS{第3轴},点动量{0.5MM},运动速度{2MM/s}
2023-04-07 22:47:38,573 [AppLog] INFO : 落粉轴继续转动以倒掉余粉：TrapMoveUp(3, true, 2, 0.5, true, false)
2023-04-07 22:47:40,585 [AppLog] INFO : 手动正向点动指令（8轴运控板卡系统） ====》：输出AXIS{第1轴},点动量{-1.5MM},运动速度{2MM/s}
2023-04-07 22:47:40,585 [AppLog] INFO : 成形面高度下降指定厚度 TrapSpace{1.5mm}：TrapMoveUp(1, true, Convert.ToString(vel), Convert.ToString(TrapSpace), true, true）
2023-04-07 22:47:44,079 [AppLog] INFO : 手动正向点动指令（8轴运控板卡系统） ====》：输出AXIS{第2轴},点动量{-698MM},运动速度{200MM/s}
2023-04-07 22:47:44,079 [AppLog] INFO : 铺粉车返回至站1：BackToStation2(AimPos, MovSpeed, true)：-3mm，速度200mm/s：BackToStation2
2023-04-07 22:47:44,469 [AppLog] INFO : 落粉轴回零成功：motionMap.SetBackSpreaderAxis(3, 0.5, 2, -SinkPosition)：ReturnCode{True}
2023-04-07 22:47:45,234 [AppLog] INFO : 手动正向点动指令（8轴运控板卡系统） ====》：输出AXIS{第1轴},点动量{1.5MM},运动速度{2MM/s}
2023-04-07 22:47:45,234 [AppLog] INFO : 成形面高度上升层厚 TrapSpace{1.5mm}：TrapMoveUp(1, true, Convert.ToString(vel), Convert.ToString(TrapSpace), true, true）
2023-04-07 22:47:45,234 [AppLog] INFO : 自动铺粉正常结束：NewAutoSupplyPowderThread2
2023-04-07 22:47:45,234 [AppLog] INFO : 发送监控指令，拍照记录1条：SendMessageFromSharedMemory
2023-04-07 22:47:45,234 [AppLog] INFO : 执行完成铺粉固化操作：EquipmentMotionLogic3：m_bApplyPowderSupplyMotion:0
2023-04-07 22:47:45,234 [AppLog] INFO : 接收到恢复打印指令：PrintTaskTHREAD
2023-04-07 22:47:45,234 [AppLog] INFO : 获取打印Pass数据：IDP_GetPassItem2：nLayerIndex{4}nPassID{0}nProcState{3}LPPassDataItemb:PrtDir{False}nDataTxCompleteCnt{1}nHwMemAdrMatchMask{1}nLayerIndex{4}nLayerPassCount{6}nLayerPassIndex{0}nMinJet0ImgLinePos{0}nPrtMemHwAddr{System.UInt32[]}nPrtDataOffset{System.UInt32[]}nSrcDataSize{System.UInt32[]}nPrtColBytes{System.UInt32[]}nPrtPrecession{8}nSrcEndCols{8000}nSrcStartCols{0}nStartEncPos{76472}nValidPassJets{1280}nValidPrtCols{8310}nValidPrtCtlCnts{1}pDataBuf{0}pNextItem{674315504}
2023-04-07 22:47:45,249 [AppLog] INFO : 使能Pass打印成功：IDP_DoPassPrint2：nLayerIndex{4}nPassID{0}
2023-04-07 22:47:45,249 [AppLog] INFO : PASS打印前关键状态：DEV_GetDeviceInfo2：nLayerIndex{4}nPassID{0}LPPRINTER_INFO:nXSysEncDPI{0}nStatus{0}nPrintStatus{0}bSuperDevice{0}
LPPRINTER_INFO-LPPrtRunInfo:bJobPrtRuning{False}bLayerPrtIsOver{False}nContReqMemErr{0}nContWDErr{0}nCurPrtDir{0}nDTLayerIndex{0}nDTLayerPassIndex{0}nDTPtrCtlIndex{0}nLayerPassCount{0}nPrintLayerIndex{0}nPrintPassIndex{0}nProcLayerIndex{0}nPrtDataMemAddr{0}nPrtState{0}nReverse{System.Int32[]}nRevPrtCols{0}
LPPRINTER_INFO-LPDRVINFO:nFMVersion{0}nFpgaVersion{0}nPCBVersion{0}nState{0}nNextState{0}nPtvwarnState{0}nCrc32{0}nRevInfo{System.UInt32[]}nSignature{0}
2023-04-07 22:47:45,249 [AppLog] INFO : 进入：EquipmentMotionLogic3=》准备创建对象-手动操作！
2023-04-07 22:47:45,249 [AppLog] INFO : 进入：EquipmentMotionLogic3=》不需重新创建-手动操作！
2023-04-07 22:47:45,249 [AppLog] INFO : 进入：EquipmentMotionLogic3=》赋值完成自-AutoPrintMotion2！
2023-04-07 22:47:45,249 [AppLog] INFO : 进入：EquipmentMotionLogic3=》加载配置文件-LoadJsonFile成功！
2023-04-07 22:47:45,249 [AppLog] INFO : 进入自动清洗过程：AutoCleanThread
2023-04-07 22:47:46,217 [AppLog] INFO : 刮墨轴回零成功：motionMap.SetBackSpreaderAxis(4, 1, 2, -SinkPosition)
2023-04-07 22:47:46,217 [AppLog] INFO : 准备读取编码器位置：Y方向！
2023-04-07 22:47:46,217 [AppLog] INFO : 准备运动，编码器当前位置：DEM_GetAxisEncodeVal：MoveDirectionFlag{false为Y方向：True}CurrentPos{121.36}AimPos{121}
2023-04-07 22:47:46,248 [AppLog] INFO : Y方向运动开始：DEM_Run：返回值{True}nAxis{1}DirFlag{False}nSpeed{300000}MoveStep{-359.999999999999}nCtlValue{0}
2023-04-07 22:47:46,263 [AppLog] INFO : Y方向到位停止：DEM_StopAxisRun：返回值{True}CurrentPos{121.36}bImmeStop{False}nAxisMask{2}
2023-04-07 22:47:46,263 [AppLog] INFO : 准备读取编码器位置：X方向！
2023-04-07 22:47:46,263 [AppLog] INFO : 准备运动，当前位置：DEV_GetPrintEncoderValue：MoveDirectionFlag{false为Y方向：False}CurrentPos{784.78}AimPos{780}
2023-04-07 22:47:46,295 [AppLog] INFO : X方向运动开始：DEM_Run：返回值{True}nAxis{0}DirFlag{False}nSpeed{300000}MoveStep{-4779.99999999997}nCtlValue{2}
2023-04-07 22:47:46,466 [AppLog] INFO : X方向到位停止：DEM_StopAxisRun：返回值{True}CurrentPos{783.515}bImmeStop{False}nAxisMask{1}
2023-04-07 22:47:47,293 [AppLog] INFO : 开启压墨： motionMap.SetDo(13, true)
2023-04-07 22:47:52,301 [AppLog] INFO : 关闭压墨： motionMap.SetDo(13, true)
2023-04-07 22:47:52,301 [AppLog] INFO : 准备读取编码器位置：X方向！
2023-04-07 22:47:52,301 [AppLog] INFO : 准备运动，当前位置：DEV_GetPrintEncoderValue：MoveDirectionFlag{false为Y方向：False}CurrentPos{780.325}AimPos{680}
2023-04-07 22:47:52,332 [AppLog] INFO : X方向运动开始：DEM_Run：返回值{True}nAxis{0}DirFlag{False}nSpeed{50000}MoveStep{-100325}nCtlValue{2}
2023-04-07 22:47:54,391 [AppLog] INFO : X方向到位停止：DEM_StopAxisRun：返回值{True}CurrentPos{683.67}bImmeStop{False}nAxisMask{1}
2023-04-07 22:47:55,218 [AppLog] INFO : 结束自动清洗过程：AutoCleanThread
2023-04-07 22:47:55,218 [AppLog] INFO : 进入：EquipmentMotionLogic3=》准备创建对象-手动操作！
2023-04-07 22:47:55,218 [AppLog] INFO : 进入：EquipmentMotionLogic3=》不需重新创建-手动操作！
2023-04-07 22:47:55,218 [AppLog] INFO : 进入：EquipmentMotionLogic3=》赋值完成自-AutoPrintMotion2！
2023-04-07 22:47:55,218 [AppLog] INFO : 进入：EquipmentMotionLogic3=》加载配置文件-LoadJsonFile成功！
2023-04-07 22:47:55,218 [AppLog] INFO : 进入：AutoPrintThread2！
2023-04-07 22:47:55,218 [AppLog] INFO : 关闭闪喷操作：IDP_FlashPrtCtl：返回值{True}
2023-04-07 22:47:55,218 [AppLog] INFO : 准备读取编码器位置：Y方向！
2023-04-07 22:47:55,218 [AppLog] INFO : 准备运动，编码器当前位置：DEM_GetAxisEncodeVal：MoveDirectionFlag{false为Y方向：True}CurrentPos{121}AimPos{15}
2023-04-07 22:47:55,249 [AppLog] INFO : Y方向运动开始：DEM_Run：返回值{True}nAxis{1}DirFlag{False}nSpeed{300000}MoveStep{-106000}nCtlValue{0}
2023-04-07 22:47:55,249 [AppLog] INFO : 准备读取编码器位置：X方向！
2023-04-07 22:47:55,249 [AppLog] INFO : 准备运动，当前位置：DEV_GetPrintEncoderValue：MoveDirectionFlag{false为Y方向：False}CurrentPos{680.305}AimPos{425}
2023-04-07 22:47:55,280 [AppLog] INFO : X方向运动开始：DEM_Run：返回值{True}nAxis{0}DirFlag{False}nSpeed{300000}MoveStep{-255305}nCtlValue{2}
2023-04-07 22:47:56,684 [AppLog] INFO : X方向到位停止：DEM_StopAxisRun：返回值{True}CurrentPos{429.54}bImmeStop{False}nAxisMask{1}
2023-04-07 22:47:56,684 [AppLog] INFO : 准备读取编码器位置：X方向！
2023-04-07 22:47:56,684 [AppLog] INFO : 准备运动，当前位置：DEV_GetPrintEncoderValue：MoveDirectionFlag{false为Y方向：False}CurrentPos{429.45}AimPos{25}
2023-04-07 22:47:56,715 [AppLog] INFO : X方向运动开始：DEM_Run：返回值{True}nAxis{0}DirFlag{False}nSpeed{300000}MoveStep{-404450}nCtlValue{2}
2023-04-07 22:47:58,619 [AppLog] INFO : X方向到位停止：DEM_StopAxisRun：返回值{True}CurrentPos{25.03}bImmeStop{False}nAxisMask{1}
2023-04-07 22:47:58,619 [AppLog] INFO : 准备读取编码器位置：Y方向！
2023-04-07 22:47:58,619 [AppLog] INFO : 准备运动，编码器当前位置：DEM_GetAxisEncodeVal：MoveDirectionFlag{false为Y方向：True}CurrentPos{15.155}AimPos{69}
2023-04-07 22:47:58,650 [AppLog] INFO : Y方向运动开始：DEM_Run：返回值{True}nAxis{1}DirFlag{True}nSpeed{300000}MoveStep{53845}nCtlValue{0}
2023-04-07 22:47:58,837 [AppLog] INFO : Y方向到位停止：DEM_StopAxisRun：返回值{True}CurrentPos{26.195}bImmeStop{False}nAxisMask{2}
2023-04-07 22:47:58,837 [AppLog] INFO : 获取打印Pass数据：IDP_GetPassItem2：nLayerIndex{4}nPassID{1}nProcState{3}LPPassDataItemb:PrtDir{True}nDataTxCompleteCnt{1}nHwMemAdrMatchMask{1}nLayerIndex{4}nLayerPassCount{6}nLayerPassIndex{1}nMinJet0ImgLinePos{1280}nPrtMemHwAddr{System.UInt32[]}nPrtDataOffset{System.UInt32[]}nSrcDataSize{System.UInt32[]}nPrtColBytes{System.UInt32[]}nPrtPrecession{8}nSrcEndCols{8000}nSrcStartCols{0}nStartEncPos{10000}nValidPassJets{1280}nValidPrtCols{8310}nValidPrtCtlCnts{1}pDataBuf{0}pNextItem{674315664}
2023-04-07 22:47:58,837 [AppLog] INFO : 使能Pass打印成功：IDP_DoPassPrint2：nLayerIndex{4}nPassID{1}
2023-04-07 22:47:58,868 [AppLog] INFO : PASS打印前关键状态：DEV_GetDeviceInfo2：nLayerIndex{4}nPassID{1}LPPRINTER_INFO:nXSysEncDPI{0}nStatus{0}nPrintStatus{0}bSuperDevice{0}
LPPRINTER_INFO-LPPrtRunInfo:bJobPrtRuning{False}bLayerPrtIsOver{False}nContReqMemErr{0}nContWDErr{0}nCurPrtDir{0}nDTLayerIndex{0}nDTLayerPassIndex{0}nDTPtrCtlIndex{0}nLayerPassCount{0}nPrintLayerIndex{0}nPrintPassIndex{0}nProcLayerIndex{0}nPrtDataMemAddr{0}nPrtState{0}nReverse{System.Int32[]}nRevPrtCols{0}
LPPRINTER_INFO-LPDRVINFO:nFMVersion{0}nFpgaVersion{0}nPCBVersion{0}nState{0}nNextState{0}nPtvwarnState{0}nCrc32{0}nRevInfo{System.UInt32[]}nSignature{0}
2023-04-07 22:47:58,868 [AppLog] INFO : 进入：EquipmentMotionLogic3=》准备创建对象-手动操作！
2023-04-07 22:47:58,868 [AppLog] INFO : 进入：EquipmentMotionLogic3=》不需重新创建-手动操作！
2023-04-07 22:47:58,868 [AppLog] INFO : 进入：EquipmentMotionLogic3=》赋值完成自-AutoPrintMotion2！
2023-04-07 22:47:58,868 [AppLog] INFO : 进入：EquipmentMotionLogic3=》加载配置文件-LoadJsonFile成功！
2023-04-07 22:47:58,868 [AppLog] INFO : 进入：AutoPrintThread2！
2023-04-07 22:47:58,868 [AppLog] INFO : 准备读取编码器位置：X方向！
2023-04-07 22:47:58,884 [AppLog] INFO : 准备运动，当前位置：DEV_GetPrintEncoderValue：MoveDirectionFlag{false为Y方向：False}CurrentPos{21.585}AimPos{425}
2023-04-07 22:47:58,915 [AppLog] INFO : X方向运动开始：DEM_Run：返回值{True}nAxis{0}DirFlag{True}nSpeed{300000}MoveStep{403415}nCtlValue{2}
2023-04-07 22:48:00,818 [AppLog] INFO : X方向到位停止：DEM_StopAxisRun：返回值{True}CurrentPos{419.955}bImmeStop{False}nAxisMask{1}
2023-04-07 22:48:00,818 [AppLog] INFO : 准备读取编码器位置：Y方向！
2023-04-07 22:48:00,818 [AppLog] INFO : 准备运动，编码器当前位置：DEM_GetAxisEncodeVal：MoveDirectionFlag{false为Y方向：True}CurrentPos{68.95}AimPos{123}
2023-04-07 22:48:00,849 [AppLog] INFO : Y方向运动开始：DEM_Run：返回值{True}nAxis{1}DirFlag{True}nSpeed{300000}MoveStep{54050}nCtlValue{0}
2023-04-07 22:48:01,037 [AppLog] INFO : Y方向到位停止：DEM_StopAxisRun：返回值{True}CurrentPos{79.16}bImmeStop{False}nAxisMask{2}
2023-04-07 22:48:01,037 [AppLog] INFO : 获取打印Pass数据：IDP_GetPassItem2：nLayerIndex{4}nPassID{2}nProcState{3}LPPassDataItemb:PrtDir{False}nDataTxCompleteCnt{1}nHwMemAdrMatchMask{1}nLayerIndex{4}nLayerPassCount{6}nLayerPassIndex{2}nMinJet0ImgLinePos{2560}nPrtMemHwAddr{System.UInt32[]}nPrtDataOffset{System.UInt32[]}nSrcDataSize{System.UInt32[]}nPrtColBytes{System.UInt32[]}nPrtPrecession{8}nSrcEndCols{8000}nSrcStartCols{0}nStartEncPos{76472}nValidPassJets{1280}nValidPrtCols{8310}nValidPrtCtlCnts{1}pDataBuf{0}pNextItem{674315824}
2023-04-07 22:48:01,052 [AppLog] INFO : 使能Pass打印成功：IDP_DoPassPrint2：nLayerIndex{4}nPassID{2}
2023-04-07 22:48:01,052 [AppLog] INFO : PASS打印前关键状态：DEV_GetDeviceInfo2：nLayerIndex{4}nPassID{2}LPPRINTER_INFO:nXSysEncDPI{0}nStatus{0}nPrintStatus{0}bSuperDevice{0}
LPPRINTER_INFO-LPPrtRunInfo:bJobPrtRuning{False}bLayerPrtIsOver{False}nContReqMemErr{0}nContWDErr{0}nCurPrtDir{0}nDTLayerIndex{0}nDTLayerPassIndex{0}nDTPtrCtlIndex{0}nLayerPassCount{0}nPrintLayerIndex{0}nPrintPassIndex{0}nProcLayerIndex{0}nPrtDataMemAddr{0}nPrtState{0}nReverse{System.Int32[]}nRevPrtCols{0}
LPPRINTER_INFO-LPDRVINFO:nFMVersion{0}nFpgaVersion{0}nPCBVersion{0}nState{0}nNextState{0}nPtvwarnState{0}nCrc32{0}nRevInfo{System.UInt32[]}nSignature{0}
2023-04-07 22:48:01,052 [AppLog] INFO : 进入：EquipmentMotionLogic3=》准备创建对象-手动操作！
2023-04-07 22:48:01,052 [AppLog] INFO : 进入：EquipmentMotionLogic3=》不需重新创建-手动操作！
2023-04-07 22:48:01,052 [AppLog] INFO : 进入：EquipmentMotionLogic3=》赋值完成自-AutoPrintMotion2！
2023-04-07 22:48:01,052 [AppLog] INFO : 进入：EquipmentMotionLogic3=》加载配置文件-LoadJsonFile成功！
2023-04-07 22:48:01,052 [AppLog] INFO : 进入：AutoPrintThread2！
2023-04-07 22:48:01,052 [AppLog] INFO : 准备读取编码器位置：X方向！
2023-04-07 22:48:01,052 [AppLog] INFO : 准备运动，当前位置：DEV_GetPrintEncoderValue：MoveDirectionFlag{false为Y方向：False}CurrentPos{423.32}AimPos{25}
2023-04-07 22:48:01,083 [AppLog] INFO : X方向运动开始：DEM_Run：返回值{True}nAxis{0}DirFlag{False}nSpeed{300000}MoveStep{-398320}nCtlValue{2}
2023-04-07 22:48:02,971 [AppLog] INFO : X方向到位停止：DEM_StopAxisRun：返回值{True}CurrentPos{29.805}bImmeStop{False}nAxisMask{1}
2023-04-07 22:48:02,971 [AppLog] INFO : 准备读取编码器位置：Y方向！
2023-04-07 22:48:02,971 [AppLog] INFO : 准备运动，编码器当前位置：DEM_GetAxisEncodeVal：MoveDirectionFlag{false为Y方向：True}CurrentPos{122.825}AimPos{177}
2023-04-07 22:48:03,002 [AppLog] INFO : Y方向运动开始：DEM_Run：返回值{True}nAxis{1}DirFlag{True}nSpeed{300000}MoveStep{54175}nCtlValue{0}
2023-04-07 22:48:03,189 [AppLog] INFO : Y方向到位停止：DEM_StopAxisRun：返回值{True}CurrentPos{133.36}bImmeStop{False}nAxisMask{2}
2023-04-07 22:48:03,189 [AppLog] INFO : 获取打印Pass数据：IDP_GetPassItem2：nLayerIndex{4}nPassID{3}nProcState{3}LPPassDataItemb:PrtDir{True}nDataTxCompleteCnt{1}nHwMemAdrMatchMask{1}nLayerIndex{4}nLayerPassCount{6}nLayerPassIndex{3}nMinJet0ImgLinePos{3840}nPrtMemHwAddr{System.UInt32[]}nPrtDataOffset{System.UInt32[]}nSrcDataSize{System.UInt32[]}nPrtColBytes{System.UInt32[]}nPrtPrecession{8}nSrcEndCols{8000}nSrcStartCols{0}nStartEncPos{10000}nValidPassJets{1280}nValidPrtCols{8310}nValidPrtCtlCnts{1}pDataBuf{0}pNextItem{674315984}
2023-04-07 22:48:03,205 [AppLog] INFO : 使能Pass打印成功：IDP_DoPassPrint2：nLayerIndex{4}nPassID{3}
2023-04-07 22:48:03,221 [AppLog] INFO : PASS打印前关键状态：DEV_GetDeviceInfo2：nLayerIndex{4}nPassID{3}LPPRINTER_INFO:nXSysEncDPI{0}nStatus{0}nPrintStatus{0}bSuperDevice{0}
LPPRINTER_INFO-LPPrtRunInfo:bJobPrtRuning{False}bLayerPrtIsOver{False}nContReqMemErr{0}nContWDErr{0}nCurPrtDir{0}nDTLayerIndex{0}nDTLayerPassIndex{0}nDTPtrCtlIndex{0}nLayerPassCount{0}nPrintLayerIndex{0}nPrintPassIndex{0}nProcLayerIndex{0}nPrtDataMemAddr{0}nPrtState{0}nReverse{System.Int32[]}nRevPrtCols{0}
LPPRINTER_INFO-LPDRVINFO:nFMVersion{0}nFpgaVersion{0}nPCBVersion{0}nState{0}nNextState{0}nPtvwarnState{0}nCrc32{0}nRevInfo{System.UInt32[]}nSignature{0}
2023-04-07 22:48:03,221 [AppLog] INFO : 进入：EquipmentMotionLogic3=》准备创建对象-手动操作！
2023-04-07 22:48:03,221 [AppLog] INFO : 进入：EquipmentMotionLogic3=》不需重新创建-手动操作！
2023-04-07 22:48:03,221 [AppLog] INFO : 进入：EquipmentMotionLogic3=》赋值完成自-AutoPrintMotion2！
2023-04-07 22:48:03,221 [AppLog] INFO : 进入：EquipmentMotionLogic3=》加载配置文件-LoadJsonFile成功！
2023-04-07 22:48:03,221 [AppLog] INFO : 进入：AutoPrintThread2！
2023-04-07 22:48:03,221 [AppLog] INFO : 准备读取编码器位置：X方向！
2023-04-07 22:48:03,221 [AppLog] INFO : 准备运动，当前位置：DEV_GetPrintEncoderValue：MoveDirectionFlag{false为Y方向：False}CurrentPos{26.63}AimPos{425}
2023-04-07 22:48:03,267 [AppLog] INFO : X方向运动开始：DEM_Run：返回值{True}nAxis{0}DirFlag{True}nSpeed{300000}MoveStep{398370}nCtlValue{2}
2023-04-07 22:48:05,155 [AppLog] INFO : X方向到位停止：DEM_StopAxisRun：返回值{True}CurrentPos{420.27}bImmeStop{False}nAxisMask{1}
2023-04-07 22:48:05,155 [AppLog] INFO : 准备读取编码器位置：Y方向！
2023-04-07 22:48:05,171 [AppLog] INFO : 准备运动，编码器当前位置：DEM_GetAxisEncodeVal：MoveDirectionFlag{false为Y方向：True}CurrentPos{176.895}AimPos{231}
2023-04-07 22:48:05,202 [AppLog] INFO : Y方向运动开始：DEM_Run：返回值{True}nAxis{1}DirFlag{True}nSpeed{300000}MoveStep{54105}nCtlValue{0}
2023-04-07 22:48:05,389 [AppLog] INFO : Y方向到位停止：DEM_StopAxisRun：返回值{True}CurrentPos{187.53}bImmeStop{False}nAxisMask{2}
2023-04-07 22:48:05,389 [AppLog] INFO : 获取打印Pass数据：IDP_GetPassItem2：nLayerIndex{4}nPassID{4}nProcState{3}LPPassDataItemb:PrtDir{False}nDataTxCompleteCnt{1}nHwMemAdrMatchMask{1}nLayerIndex{4}nLayerPassCount{6}nLayerPassIndex{4}nMinJet0ImgLinePos{5120}nPrtMemHwAddr{System.UInt32[]}nPrtDataOffset{System.UInt32[]}nSrcDataSize{System.UInt32[]}nPrtColBytes{System.UInt32[]}nPrtPrecession{8}nSrcEndCols{8000}nSrcStartCols{0}nStartEncPos{76472}nValidPassJets{1280}nValidPrtCols{8310}nValidPrtCtlCnts{1}pDataBuf{0}pNextItem{674316144}
2023-04-07 22:48:05,405 [AppLog] INFO : 使能Pass打印成功：IDP_DoPassPrint2：nLayerIndex{4}nPassID{4}
2023-04-07 22:48:05,405 [AppLog] INFO : PASS打印前关键状态：DEV_GetDeviceInfo2：nLayerIndex{4}nPassID{4}LPPRINTER_INFO:nXSysEncDPI{0}nStatus{0}nPrintStatus{0}bSuperDevice{0}
LPPRINTER_INFO-LPPrtRunInfo:bJobPrtRuning{False}bLayerPrtIsOver{False}nContReqMemErr{0}nContWDErr{0}nCurPrtDir{0}nDTLayerIndex{0}nDTLayerPassIndex{0}nDTPtrCtlIndex{0}nLayerPassCount{0}nPrintLayerIndex{0}nPrintPassIndex{0}nProcLayerIndex{0}nPrtDataMemAddr{0}nPrtState{0}nReverse{System.Int32[]}nRevPrtCols{0}
LPPRINTER_INFO-LPDRVINFO:nFMVersion{0}nFpgaVersion{0}nPCBVersion{0}nState{0}nNextState{0}nPtvwarnState{0}nCrc32{0}nRevInfo{System.UInt32[]}nSignature{0}
2023-04-07 22:48:05,405 [AppLog] INFO : 进入：EquipmentMotionLogic3=》准备创建对象-手动操作！
2023-04-07 22:48:05,405 [AppLog] INFO : 进入：EquipmentMotionLogic3=》不需重新创建-手动操作！
2023-04-07 22:48:05,405 [AppLog] INFO : 进入：EquipmentMotionLogic3=》赋值完成自-AutoPrintMotion2！
2023-04-07 22:48:05,405 [AppLog] INFO : 进入：EquipmentMotionLogic3=》加载配置文件-LoadJsonFile成功！
2023-04-07 22:48:05,405 [AppLog] INFO : 进入：AutoPrintThread2！
2023-04-07 22:48:05,405 [AppLog] INFO : 准备读取编码器位置：X方向！
2023-04-07 22:48:05,405 [AppLog] INFO : 准备运动，当前位置：DEV_GetPrintEncoderValue：MoveDirectionFlag{false为Y方向：False}CurrentPos{423.355}AimPos{25}
2023-04-07 22:48:05,436 [AppLog] INFO : X方向运动开始：DEM_Run：返回值{True}nAxis{0}DirFlag{False}nSpeed{300000}MoveStep{-398355}nCtlValue{2}
2023-04-07 22:48:07,308 [AppLog] INFO : X方向到位停止：DEM_StopAxisRun：返回值{True}CurrentPos{31.22}bImmeStop{False}nAxisMask{1}
2023-04-07 22:48:07,308 [AppLog] INFO : 准备读取编码器位置：Y方向！
2023-04-07 22:48:07,308 [AppLog] INFO : 准备运动，编码器当前位置：DEM_GetAxisEncodeVal：MoveDirectionFlag{false为Y方向：True}CurrentPos{230.915}AimPos{285}
2023-04-07 22:48:07,339 [AppLog] INFO : Y方向运动开始：DEM_Run：返回值{True}nAxis{1}DirFlag{True}nSpeed{300000}MoveStep{54085}nCtlValue{0}
2023-04-07 22:48:07,526 [AppLog] INFO : Y方向到位停止：DEM_StopAxisRun：返回值{True}CurrentPos{241.37}bImmeStop{False}nAxisMask{2}
2023-04-07 22:48:07,526 [AppLog] INFO : 获取打印Pass数据：IDP_GetPassItem2：nLayerIndex{4}nPassID{5}nProcState{3}LPPassDataItemb:PrtDir{True}nDataTxCompleteCnt{1}nHwMemAdrMatchMask{1}nLayerIndex{4}nLayerPassCount{6}nLayerPassIndex{5}nMinJet0ImgLinePos{6400}nPrtMemHwAddr{System.UInt32[]}nPrtDataOffset{System.UInt32[]}nSrcDataSize{System.UInt32[]}nPrtColBytes{System.UInt32[]}nPrtPrecession{8}nSrcEndCols{8000}nSrcStartCols{0}nStartEncPos{10000}nValidPassJets{1280}nValidPrtCols{8310}nValidPrtCtlCnts{1}pDataBuf{0}pNextItem{0}
2023-04-07 22:48:07,542 [AppLog] INFO : 使能Pass打印成功：IDP_DoPassPrint2：nLayerIndex{4}nPassID{5}
2023-04-07 22:48:07,542 [AppLog] INFO : PASS打印前关键状态：DEV_GetDeviceInfo2：nLayerIndex{4}nPassID{5}LPPRINTER_INFO:nXSysEncDPI{0}nStatus{0}nPrintStatus{0}bSuperDevice{0}
LPPRINTER_INFO-LPPrtRunInfo:bJobPrtRuning{False}bLayerPrtIsOver{False}nContReqMemErr{0}nContWDErr{0}nCurPrtDir{0}nDTLayerIndex{0}nDTLayerPassIndex{0}nDTPtrCtlIndex{0}nLayerPassCount{0}nPrintLayerIndex{0}nPrintPassIndex{0}nProcLayerIndex{0}nPrtDataMemAddr{0}nPrtState{0}nReverse{System.Int32[]}nRevPrtCols{0}
LPPRINTER_INFO-LPDRVINFO:nFMVersion{0}nFpgaVersion{0}nPCBVersion{0}nState{0}nNextState{0}nPtvwarnState{0}nCrc32{0}nRevInfo{System.UInt32[]}nSignature{0}
2023-04-07 22:48:07,542 [AppLog] INFO : 进入：EquipmentMotionLogic3=》准备创建对象-手动操作！
2023-04-07 22:48:07,542 [AppLog] INFO : 进入：EquipmentMotionLogic3=》不需重新创建-手动操作！
2023-04-07 22:48:07,542 [AppLog] INFO : 进入：EquipmentMotionLogic3=》赋值完成自-AutoPrintMotion2！
2023-04-07 22:48:07,542 [AppLog] INFO : 进入：EquipmentMotionLogic3=》加载配置文件-LoadJsonFile成功！
2023-04-07 22:48:07,542 [AppLog] INFO : 进入：AutoPrintThread2！
2023-04-07 22:48:07,542 [AppLog] INFO : 准备读取编码器位置：X方向！
2023-04-07 22:48:07,542 [AppLog] INFO : 准备运动，当前位置：DEV_GetPrintEncoderValue：MoveDirectionFlag{false为Y方向：False}CurrentPos{26.665}AimPos{425}
2023-04-07 22:48:07,573 [AppLog] INFO : X方向运动开始：DEM_Run：返回值{True}nAxis{0}DirFlag{True}nSpeed{300000}MoveStep{398335}nCtlValue{2}
2023-04-07 22:48:09,445 [AppLog] INFO : X方向到位停止：DEM_StopAxisRun：返回值{True}CurrentPos{418.19}bImmeStop{False}nAxisMask{1}
2023-04-07 22:48:09,445 [AppLog] INFO : 准备读取编码器位置：X方向！
2023-04-07 22:48:09,461 [AppLog] INFO : 准备运动，当前位置：DEV_GetPrintEncoderValue：MoveDirectionFlag{false为Y方向：False}CurrentPos{419.815}AimPos{780}
2023-04-07 22:48:09,507 [AppLog] INFO : X方向运动开始：DEM_Run：返回值{True}nAxis{0}DirFlag{True}nSpeed{300000}MoveStep{360185}nCtlValue{2}
2023-04-07 22:48:09,507 [AppLog] INFO : 准备读取编码器位置：Y方向！
2023-04-07 22:48:09,507 [AppLog] INFO : 准备运动，编码器当前位置：DEM_GetAxisEncodeVal：MoveDirectionFlag{false为Y方向：True}CurrentPos{284.9}AimPos{121}
2023-04-07 22:48:09,539 [AppLog] INFO : Y方向运动开始：DEM_Run：返回值{True}nAxis{1}DirFlag{False}nSpeed{300000}MoveStep{-163900}nCtlValue{0}
2023-04-07 22:48:11,270 [AppLog] INFO : Y方向到位等停：DEM_StopAxisRun：返回值{True}bImmeStop{False}nAxisMask{1}
2023-04-07 22:48:11,270 [AppLog] INFO : X方向到位等停：DEM_StopAxisRun：返回值{True}bImmeStop{False}nAxisMask{2}
2023-04-07 22:48:11,317 [AppLog] INFO : 开启闪喷操作：IDP_FlashPrtCtl：返回值{True}
2023-04-07 22:48:11,317 [AppLog] INFO : 进入：EquipmentMotionLogic3=》准备创建对象-手动操作！
2023-04-07 22:48:11,317 [AppLog] INFO : 进入：EquipmentMotionLogic3=》不需重新创建-手动操作！
2023-04-07 22:48:11,317 [AppLog] INFO : 进入：EquipmentMotionLogic3=》赋值完成自-AutoPrintMotion2！
2023-04-07 22:48:11,333 [AppLog] INFO : 进入：EquipmentMotionLogic3=》加载配置文件-LoadJsonFile成功！
2023-04-07 22:48:11,333 [AppLog] INFO : 进入自动铺粉逻辑：NewAutoSupplyPowderThread2
2023-04-07 22:48:11,395 [AppLog] INFO : 手动正向点动指令（8轴运控板卡系统） ====》：输出AXIS{第1轴},点动量{-0.1MM},运动速度{2MM/s}
2023-04-07 22:48:11,395 [AppLog] INFO : 成形面高度下降层厚 TrapSpace{0.1mm}：TrapMoveUp(1, true, Convert.ToString(vel), Convert.ToString(TrapSpace), true, true）
2023-04-07 22:48:12,175 [AppLog] INFO : 手动正向点动指令（8轴运控板卡系统） ====》：输出AXIS{第1轴},点动量{-1.5MM},运动速度{2MM/s}
2023-04-07 22:48:12,175 [AppLog] INFO : 成形面高度下降指定厚度 TrapSpace{1.5mm}：TrapMoveUp(1, true, Convert.ToString(vel), Convert.ToString(TrapSpace), true, true）
2023-04-07 22:48:12,955 [AppLog] INFO : 手动正向点动指令（8轴运控板卡系统） ====》：输出AXIS{第1轴},点动量{1.5MM},运动速度{2MM/s}
2023-04-07 22:48:12,955 [AppLog] INFO : 成形面高度上升层厚 TrapSpace{1.5mm}：TrapMoveUp(1, true, Convert.ToString(vel), Convert.ToString(TrapSpace), true, true）
2023-04-07 22:48:13,158 [AppLog] INFO : 手动正向点动指令（8轴运控板卡系统） ====》：输出AXIS{第8轴},点动量{0.5MM},运动速度{2.5MM/s}
2023-04-07 22:48:13,158 [AppLog] INFO : Hopper落粉轴转2圈落粉，速度0.5rev/s：TrapMoveUp(8, true, 0.5, rotateNuM.ToString(), true, false)
2023-04-07 22:48:13,626 [AppLog] INFO : 进入手动调试子模块！
2023-04-07 22:48:13,626 [AppLog] INFO : 进入：ManulBtn_Click=》准备创建对象-手动操作！
2023-04-07 22:48:13,641 [AppLog] INFO : 创建：ManualControl=》创建完成-手动操作！
2023-04-07 22:48:13,641 [AppLog] INFO : 加载成功：温控Modbus接口！
2023-04-07 22:48:14,453 [AppLog] INFO : 手动正向点动指令（8轴运控板卡系统） ====》：输出AXIS{第2轴},点动量{258MM},运动速度{200MM/s}
2023-04-07 22:48:14,453 [AppLog] INFO : 开启铺粉车不等停运动至准备打印位置255mm，速度200mm/s：BackToStation2
2023-04-07 22:48:14,453 [AppLog] INFO : 手动正向点动指令（8轴运控板卡系统） ====》：输出AXIS{第2轴},点动量{440MM},运动速度{50MM/s}
2023-04-07 22:48:14,453 [AppLog] INFO : 开启铺粉车不等停运动至准备打印位置695mm，速度50mm/s：BackToStation2
2023-04-07 22:48:14,577 [AppLog] INFO : 打开IR灯：OpenIRLamp(true)
2023-04-07 22:48:14,577 [AppLog] INFO : 手动正向点动指令（8轴运控板卡系统） ====》：输出AXIS{第3轴},点动量{0.5MM},运动速度{0.0753424657534247MM/s}
2023-04-07 22:48:14,577 [AppLog] INFO : 开启均匀落粉及辊子铺平运动：TrapMoveUp(3, true, Convert.ToString(DispenseRollerSpeed), 0.5, true, true)
2023-04-07 22:48:19,663 [AppLog] INFO : 关闭IR灯：OpenIRLamp(false)
2023-04-07 22:48:22,019 [AppLog] INFO : 手动正向点动指令（8轴运控板卡系统） ====》：输出AXIS{第3轴},点动量{0.5MM},运动速度{2MM/s}
2023-04-07 22:48:22,019 [AppLog] INFO : 落粉轴继续转动以倒掉余粉：TrapMoveUp(3, true, 2, 0.5, true, false)
2023-04-07 22:48:24,031 [AppLog] INFO : 手动正向点动指令（8轴运控板卡系统） ====》：输出AXIS{第1轴},点动量{-1.5MM},运动速度{2MM/s}
2023-04-07 22:48:24,031 [AppLog] INFO : 成形面高度下降指定厚度 TrapSpace{1.5mm}：TrapMoveUp(1, true, Convert.ToString(vel), Convert.ToString(TrapSpace), true, true）
2023-04-07 22:48:24,483 [AppLog] INFO : 退出手动调试子模块,已执行修改
==========================================================================
2023-04-07 22:48:27,541 [AppLog] INFO : 手动正向点动指令（8轴运控板卡系统） ====》：输出AXIS{第2轴},点动量{-698MM},运动速度{200MM/s}
2023-04-07 22:48:27,541 [AppLog] INFO : 铺粉车返回至站1：BackToStation2(AimPos, MovSpeed, true)：-3mm，速度200mm/s：BackToStation2
2023-04-07 22:48:27,915 [AppLog] INFO : 落粉轴回零成功：motionMap.SetBackSpreaderAxis(3, 0.5, 2, -SinkPosition)：ReturnCode{True}
2023-04-07 22:48:28,680 [AppLog] INFO : 手动正向点动指令（8轴运控板卡系统） ====》：输出AXIS{第1轴},点动量{1.5MM},运动速度{2MM/s}
2023-04-07 22:48:28,680 [AppLog] INFO : 成形面高度上升层厚 TrapSpace{1.5mm}：TrapMoveUp(1, true, Convert.ToString(vel), Convert.ToString(TrapSpace), true, true）
2023-04-07 22:48:28,680 [AppLog] INFO : 自动铺粉正常结束：NewAutoSupplyPowderThread2
2023-04-07 22:48:28,680 [AppLog] INFO : 发送监控指令，拍照记录1条：SendMessageFromSharedMemory
2023-04-07 22:48:28,680 [AppLog] INFO : 执行完成铺粉固化操作：EquipmentMotionLogic3：m_bApplyPowderSupplyMotion:0
2023-04-07 22:48:28,680 [AppLog] INFO : 接收到恢复打印指令：PrintTaskTHREAD
2023-04-07 22:48:28,695 [AppLog] INFO : 获取打印Pass数据：IDP_GetPassItem2：nLayerIndex{5}nPassID{0}nProcState{3}LPPassDataItemb:PrtDir{False}nDataTxCompleteCnt{1}nHwMemAdrMatchMask{1}nLayerIndex{5}nLayerPassCount{6}nLayerPassIndex{0}nMinJet0ImgLinePos{0}nPrtMemHwAddr{System.UInt32[]}nPrtDataOffset{System.UInt32[]}nSrcDataSize{System.UInt32[]}nPrtColBytes{System.UInt32[]}nPrtPrecession{8}nSrcEndCols{8000}nSrcStartCols{0}nStartEncPos{76472}nValidPassJets{1280}nValidPrtCols{8310}nValidPrtCtlCnts{1}pDataBuf{0}pNextItem{674316464}
2023-04-07 22:48:28,711 [AppLog] INFO : 使能Pass打印成功：IDP_DoPassPrint2：nLayerIndex{5}nPassID{0}
2023-04-07 22:48:28,711 [AppLog] INFO : PASS打印前关键状态：DEV_GetDeviceInfo2：nLayerIndex{5}nPassID{0}LPPRINTER_INFO:nXSysEncDPI{0}nStatus{0}nPrintStatus{0}bSuperDevice{0}
LPPRINTER_INFO-LPPrtRunInfo:bJobPrtRuning{False}bLayerPrtIsOver{False}nContReqMemErr{0}nContWDErr{0}nCurPrtDir{0}nDTLayerIndex{0}nDTLayerPassIndex{0}nDTPtrCtlIndex{0}nLayerPassCount{0}nPrintLayerIndex{0}nPrintPassIndex{0}nProcLayerIndex{0}nPrtDataMemAddr{0}nPrtState{0}nReverse{System.Int32[]}nRevPrtCols{0}
LPPRINTER_INFO-LPDRVINFO:nFMVersion{0}nFpgaVersion{0}nPCBVersion{0}nState{0}nNextState{0}nPtvwarnState{0}nCrc32{0}nRevInfo{System.UInt32[]}nSignature{0}
2023-04-07 22:48:28,711 [AppLog] INFO : 进入：EquipmentMotionLogic3=》准备创建对象-手动操作！
2023-04-07 22:48:28,711 [AppLog] INFO : 进入：EquipmentMotionLogic3=》不需重新创建-手动操作！
2023-04-07 22:48:28,711 [AppLog] INFO : 进入：EquipmentMotionLogic3=》赋值完成自-AutoPrintMotion2！
2023-04-07 22:48:28,711 [AppLog] INFO : 进入：EquipmentMotionLogic3=》加载配置文件-LoadJsonFile成功！
2023-04-07 22:48:28,711 [AppLog] INFO : 进入自动清洗过程：AutoCleanThread
2023-04-07 22:48:29,678 [AppLog] INFO : 刮墨轴回零成功：motionMap.SetBackSpreaderAxis(4, 1, 2, -SinkPosition)
2023-04-07 22:48:29,678 [AppLog] INFO : 准备读取编码器位置：Y方向！
2023-04-07 22:48:29,678 [AppLog] INFO : 准备运动，编码器当前位置：DEM_GetAxisEncodeVal：MoveDirectionFlag{false为Y方向：True}CurrentPos{121.36}AimPos{121}
2023-04-07 22:48:29,725 [AppLog] INFO : Y方向运动开始：DEM_Run：返回值{True}nAxis{1}DirFlag{False}nSpeed{300000}MoveStep{-359.999999999999}nCtlValue{0}
2023-04-07 22:48:29,741 [AppLog] INFO : Y方向到位停止：DEM_StopAxisRun：返回值{True}CurrentPos{121.36}bImmeStop{False}nAxisMask{2}
2023-04-07 22:48:29,741 [AppLog] INFO : 准备读取编码器位置：X方向！
2023-04-07 22:48:29,741 [AppLog] INFO : 准备运动，当前位置：DEV_GetPrintEncoderValue：MoveDirectionFlag{false为Y方向：False}CurrentPos{783.55}AimPos{780}
2023-04-07 22:48:29,772 [AppLog] INFO : X方向运动开始：DEM_Run：返回值{True}nAxis{0}DirFlag{False}nSpeed{300000}MoveStep{-3550.00000000007}nCtlValue{2}
2023-04-07 22:48:29,990 [AppLog] INFO : X方向到位停止：DEM_StopAxisRun：返回值{True}CurrentPos{781.26}bImmeStop{False}nAxisMask{1}
2023-04-07 22:48:30,817 [AppLog] INFO : 开启压墨： motionMap.SetDo(13, true)
2023-04-07 22:48:35,825 [AppLog] INFO : 关闭压墨： motionMap.SetDo(13, true)
2023-04-07 22:48:35,825 [AppLog] INFO : 准备读取编码器位置：X方向！
2023-04-07 22:48:35,825 [AppLog] INFO : 准备运动，当前位置：DEV_GetPrintEncoderValue：MoveDirectionFlag{false为Y方向：False}CurrentPos{780.34}AimPos{680}
2023-04-07 22:48:35,856 [AppLog] INFO : X方向运动开始：DEM_Run：返回值{True}nAxis{0}DirFlag{False}nSpeed{50000}MoveStep{-100340}nCtlValue{2}
2023-04-07 22:48:37,915 [AppLog] INFO : X方向到位停止：DEM_StopAxisRun：返回值{True}CurrentPos{683.675}bImmeStop{False}nAxisMask{1}
2023-04-07 22:48:37,915 [AppLog] INFO : 准备读取编码器位置：X方向！
2023-04-07 22:48:37,915 [AppLog] INFO : 准备运动，当前位置：DEV_GetPrintEncoderValue：MoveDirectionFlag{false为Y方向：False}CurrentPos{683.605}AimPos{780}
2023-04-07 22:48:37,946 [AppLog] INFO : X方向运动开始：DEM_Run：返回值{True}nAxis{0}DirFlag{True}nSpeed{300000}MoveStep{96395}nCtlValue{2}
2023-04-07 22:48:38,898 [AppLog] INFO : X方向到位停止：DEM_StopAxisRun：返回值{True}CurrentPos{775.81}bImmeStop{False}nAxisMask{1}
2023-04-07 22:48:39,725 [AppLog] INFO : 开启压墨： motionMap.SetDo(13, true)
2023-04-07 22:48:44,732 [AppLog] INFO : 关闭压墨： motionMap.SetDo(13, true)
2023-04-07 22:48:44,732 [AppLog] INFO : 准备读取编码器位置：X方向！
2023-04-07 22:48:44,748 [AppLog] INFO : 准备运动，当前位置：DEV_GetPrintEncoderValue：MoveDirectionFlag{false为Y方向：False}CurrentPos{776.06}AimPos{680}
2023-04-07 22:48:44,779 [AppLog] INFO : X方向运动开始：DEM_Run：返回值{True}nAxis{0}DirFlag{False}nSpeed{50000}MoveStep{-96060.0000000001}nCtlValue{2}
2023-04-07 22:48:46,760 [AppLog] INFO : X方向到位停止：DEM_StopAxisRun：返回值{True}CurrentPos{683.71}bImmeStop{False}nAxisMask{1}
2023-04-07 22:48:47,587 [AppLog] INFO : 结束自动清洗过程：AutoCleanThread
2023-04-07 22:48:47,587 [AppLog] INFO : 进入：EquipmentMotionLogic3=》准备创建对象-手动操作！
2023-04-07 22:48:47,587 [AppLog] INFO : 进入：EquipmentMotionLogic3=》不需重新创建-手动操作！
2023-04-07 22:48:47,587 [AppLog] INFO : 进入：EquipmentMotionLogic3=》赋值完成自-AutoPrintMotion2！
2023-04-07 22:48:47,587 [AppLog] INFO : 进入：EquipmentMotionLogic3=》加载配置文件-LoadJsonFile成功！
2023-04-07 22:48:47,587 [AppLog] INFO : 进入：AutoPrintThread2！
2023-04-07 22:48:47,587 [AppLog] INFO : 关闭闪喷操作：IDP_FlashPrtCtl：返回值{True}
2023-04-07 22:48:47,587 [AppLog] INFO : 准备读取编码器位置：Y方向！
2023-04-07 22:48:47,587 [AppLog] INFO : 准备运动，编码器当前位置：DEM_GetAxisEncodeVal：MoveDirectionFlag{false为Y方向：True}CurrentPos{121.005}AimPos{15}
2023-04-07 22:48:47,618 [AppLog] INFO : Y方向运动开始：DEM_Run：返回值{True}nAxis{1}DirFlag{False}nSpeed{300000}MoveStep{-106005}nCtlValue{0}
2023-04-07 22:48:47,618 [AppLog] INFO : 准备读取编码器位置：X方向！
2023-04-07 22:48:47,618 [AppLog] INFO : 准备运动，当前位置：DEV_GetPrintEncoderValue：MoveDirectionFlag{false为Y方向：False}CurrentPos{680.62}AimPos{425}
2023-04-07 22:48:47,650 [AppLog] INFO : X方向运动开始：DEM_Run：返回值{True}nAxis{0}DirFlag{False}nSpeed{300000}MoveStep{-255620}nCtlValue{2}
2023-04-07 22:48:49,054 [AppLog] INFO : X方向到位停止：DEM_StopAxisRun：返回值{True}CurrentPos{429.64}bImmeStop{False}nAxisMask{1}
2023-04-07 22:48:49,054 [AppLog] INFO : 准备读取编码器位置：X方向！
2023-04-07 22:48:49,054 [AppLog] INFO : 准备运动，当前位置：DEV_GetPrintEncoderValue：MoveDirectionFlag{false为Y方向：False}CurrentPos{429.545}AimPos{25}
2023-04-07 22:48:49,085 [AppLog] INFO : X方向运动开始：DEM_Run：返回值{True}nAxis{0}DirFlag{False}nSpeed{300000}MoveStep{-404545}nCtlValue{2}
2023-04-07 22:48:50,972 [AppLog] INFO : X方向到位停止：DEM_StopAxisRun：返回值{True}CurrentPos{25.75}bImmeStop{False}nAxisMask{1}
2023-04-07 22:48:50,972 [AppLog] INFO : 准备读取编码器位置：Y方向！
2023-04-07 22:48:50,972 [AppLog] INFO : 准备运动，编码器当前位置：DEM_GetAxisEncodeVal：MoveDirectionFlag{false为Y方向：True}CurrentPos{15.15}AimPos{69}
2023-04-07 22:48:51,004 [AppLog] INFO : Y方向运动开始：DEM_Run：返回值{True}nAxis{1}DirFlag{True}nSpeed{300000}MoveStep{53850}nCtlValue{0}
2023-04-07 22:48:51,206 [AppLog] INFO : Y方向到位停止：DEM_StopAxisRun：返回值{True}CurrentPos{29.875}bImmeStop{False}nAxisMask{2}
2023-04-07 22:48:51,206 [AppLog] INFO : 获取打印Pass数据：IDP_GetPassItem2：nLayerIndex{5}nPassID{1}nProcState{3}LPPassDataItemb:PrtDir{True}nDataTxCompleteCnt{1}nHwMemAdrMatchMask{1}nLayerIndex{5}nLayerPassCount{6}nLayerPassIndex{1}nMinJet0ImgLinePos{1280}nPrtMemHwAddr{System.UInt32[]}nPrtDataOffset{System.UInt32[]}nSrcDataSize{System.UInt32[]}nPrtColBytes{System.UInt32[]}nPrtPrecession{8}nSrcEndCols{8000}nSrcStartCols{0}nStartEncPos{10000}nValidPassJets{1280}nValidPrtCols{8310}nValidPrtCtlCnts{1}pDataBuf{0}pNextItem{674316624}
2023-04-07 22:48:51,222 [AppLog] INFO : 使能Pass打印成功：IDP_DoPassPrint2：nLayerIndex{5}nPassID{1}
2023-04-07 22:48:51,253 [AppLog] INFO : PASS打印前关键状态：DEV_GetDeviceInfo2：nLayerIndex{5}nPassID{1}LPPRINTER_INFO:nXSysEncDPI{0}nStatus{0}nPrintStatus{0}bSuperDevice{0}
LPPRINTER_INFO-LPPrtRunInfo:bJobPrtRuning{False}bLayerPrtIsOver{False}nContReqMemErr{0}nContWDErr{0}nCurPrtDir{0}nDTLayerIndex{0}nDTLayerPassIndex{0}nDTPtrCtlIndex{0}nLayerPassCount{0}nPrintLayerIndex{0}nPrintPassIndex{0}nProcLayerIndex{0}nPrtDataMemAddr{0}nPrtState{0}nReverse{System.Int32[]}nRevPrtCols{0}
LPPRINTER_INFO-LPDRVINFO:nFMVersion{0}nFpgaVersion{0}nPCBVersion{0}nState{0}nNextState{0}nPtvwarnState{0}nCrc32{0}nRevInfo{System.UInt32[]}nSignature{0}
2023-04-07 22:48:51,253 [AppLog] INFO : 进入：EquipmentMotionLogic3=》准备创建对象-手动操作！
2023-04-07 22:48:51,253 [AppLog] INFO : 进入：EquipmentMotionLogic3=》不需重新创建-手动操作！
2023-04-07 22:48:51,253 [AppLog] INFO : 进入：EquipmentMotionLogic3=》赋值完成自-AutoPrintMotion2！
2023-04-07 22:48:51,253 [AppLog] INFO : 进入：EquipmentMotionLogic3=》加载配置文件-LoadJsonFile成功！
2023-04-07 22:48:51,253 [AppLog] INFO : 进入：AutoPrintThread2！
2023-04-07 22:48:51,253 [AppLog] INFO : 准备读取编码器位置：X方向！
2023-04-07 22:48:51,253 [AppLog] INFO : 准备运动，当前位置：DEV_GetPrintEncoderValue：MoveDirectionFlag{false为Y方向：False}CurrentPos{21.485}AimPos{425}
2023-04-07 22:48:51,284 [AppLog] INFO : X方向运动开始：DEM_Run：返回值{True}nAxis{0}DirFlag{True}nSpeed{300000}MoveStep{403515}nCtlValue{2}
2023-04-07 22:48:53,203 [AppLog] INFO : X方向到位停止：DEM_StopAxisRun：返回值{True}CurrentPos{420.825}bImmeStop{False}nAxisMask{1}
2023-04-07 22:48:53,203 [AppLog] INFO : 准备读取编码器位置：Y方向！
2023-04-07 22:48:53,203 [AppLog] INFO : 准备运动，编码器当前位置：DEM_GetAxisEncodeVal：MoveDirectionFlag{false为Y方向：True}CurrentPos{68.95}AimPos{123}
2023-04-07 22:48:53,234 [AppLog] INFO : Y方向运动开始：DEM_Run：返回值{True}nAxis{1}DirFlag{True}nSpeed{300000}MoveStep{54050}nCtlValue{0}
2023-04-07 22:48:53,422 [AppLog] INFO : Y方向到位停止：DEM_StopAxisRun：返回值{True}CurrentPos{79.01}bImmeStop{False}nAxisMask{2}
2023-04-07 22:48:53,422 [AppLog] INFO : 获取打印Pass数据：IDP_GetPassItem2：nLayerIndex{5}nPassID{2}nProcState{3}LPPassDataItemb:PrtDir{False}nDataTxCompleteCnt{1}nHwMemAdrMatchMask{1}nLayerIndex{5}nLayerPassCount{6}nLayerPassIndex{2}nMinJet0ImgLinePos{2560}nPrtMemHwAddr{System.UInt32[]}nPrtDataOffset{System.UInt32[]}nSrcDataSize{System.UInt32[]}nPrtColBytes{System.UInt32[]}nPrtPrecession{8}nSrcEndCols{8000}nSrcStartCols{0}nStartEncPos{76472}nValidPassJets{1280}nValidPrtCols{8310}nValidPrtCtlCnts{1}pDataBuf{0}pNextItem{674316784}
2023-04-07 22:48:53,437 [AppLog] INFO : 使能Pass打印成功：IDP_DoPassPrint2：nLayerIndex{5}nPassID{2}
2023-04-07 22:48:53,437 [AppLog] INFO : PASS打印前关键状态：DEV_GetDeviceInfo2：nLayerIndex{5}nPassID{2}LPPRINTER_INFO:nXSysEncDPI{0}nStatus{0}nPrintStatus{0}bSuperDevice{0}
LPPRINTER_INFO-LPPrtRunInfo:bJobPrtRuning{False}bLayerPrtIsOver{False}nContReqMemErr{0}nContWDErr{0}nCurPrtDir{0}nDTLayerIndex{0}nDTLayerPassIndex{0}nDTPtrCtlIndex{0}nLayerPassCount{0}nPrintLayerIndex{0}nPrintPassIndex{0}nProcLayerIndex{0}nPrtDataMemAddr{0}nPrtState{0}nReverse{System.Int32[]}nRevPrtCols{0}
LPPRINTER_INFO-LPDRVINFO:nFMVersion{0}nFpgaVersion{0}nPCBVersion{0}nState{0}nNextState{0}nPtvwarnState{0}nCrc32{0}nRevInfo{System.UInt32[]}nSignature{0}
2023-04-07 22:48:53,437 [AppLog] INFO : 进入：EquipmentMotionLogic3=》准备创建对象-手动操作！
2023-04-07 22:48:53,437 [AppLog] INFO : 进入：EquipmentMotionLogic3=》不需重新创建-手动操作！
2023-04-07 22:48:53,437 [AppLog] INFO : 进入：EquipmentMotionLogic3=》赋值完成自-AutoPrintMotion2！
2023-04-07 22:48:53,437 [AppLog] INFO : 进入：EquipmentMotionLogic3=》加载配置文件-LoadJsonFile成功！
2023-04-07 22:48:53,437 [AppLog] INFO : 进入：AutoPrintThread2！
2023-04-07 22:48:53,437 [AppLog] INFO : 准备读取编码器位置：X方向！
2023-04-07 22:48:53,437 [AppLog] INFO : 准备运动，当前位置：DEV_GetPrintEncoderValue：MoveDirectionFlag{false为Y方向：False}CurrentPos{423.36}AimPos{25}
2023-04-07 22:48:53,468 [AppLog] INFO : X方向运动开始：DEM_Run：返回值{True}nAxis{0}DirFlag{False}nSpeed{300000}MoveStep{-398360}nCtlValue{2}
2023-04-07 22:48:55,340 [AppLog] INFO : X方向到位停止：DEM_StopAxisRun：返回值{True}CurrentPos{30.615}bImmeStop{False}nAxisMask{1}
2023-04-07 22:48:55,340 [AppLog] INFO : 准备读取编码器位置：Y方向！
2023-04-07 22:48:55,340 [AppLog] INFO : 准备运动，编码器当前位置：DEM_GetAxisEncodeVal：MoveDirectionFlag{false为Y方向：True}CurrentPos{122.83}AimPos{177}
2023-04-07 22:48:55,387 [AppLog] INFO : Y方向运动开始：DEM_Run：返回值{True}nAxis{1}DirFlag{True}nSpeed{300000}MoveStep{54170}nCtlValue{0}
2023-04-07 22:48:55,574 [AppLog] INFO : Y方向到位停止：DEM_StopAxisRun：返回值{True}CurrentPos{133.365}bImmeStop{False}nAxisMask{2}
2023-04-07 22:48:55,574 [AppLog] INFO : 获取打印Pass数据：IDP_GetPassItem2：nLayerIndex{5}nPassID{3}nProcState{3}LPPassDataItemb:PrtDir{True}nDataTxCompleteCnt{1}nHwMemAdrMatchMask{1}nLayerIndex{5}nLayerPassCount{6}nLayerPassIndex{3}nMinJet0ImgLinePos{3840}nPrtMemHwAddr{System.UInt32[]}nPrtDataOffset{System.UInt32[]}nSrcDataSize{System.UInt32[]}nPrtColBytes{System.UInt32[]}nPrtPrecession{8}nSrcEndCols{8000}nSrcStartCols{0}nStartEncPos{10000}nValidPassJets{1280}nValidPrtCols{8310}nValidPrtCtlCnts{1}pDataBuf{0}pNextItem{674316944}
2023-04-07 22:48:55,574 [AppLog] INFO : 使能Pass打印成功：IDP_DoPassPrint2：nLayerIndex{5}nPassID{3}
2023-04-07 22:48:55,590 [AppLog] INFO : PASS打印前关键状态：DEV_GetDeviceInfo2：nLayerIndex{5}nPassID{3}LPPRINTER_INFO:nXSysEncDPI{0}nStatus{0}nPrintStatus{0}bSuperDevice{0}
LPPRINTER_INFO-LPPrtRunInfo:bJobPrtRuning{False}bLayerPrtIsOver{False}nContReqMemErr{0}nContWDErr{0}nCurPrtDir{0}nDTLayerIndex{0}nDTLayerPassIndex{0}nDTPtrCtlIndex{0}nLayerPassCount{0}nPrintLayerIndex{0}nPrintPassIndex{0}nProcLayerIndex{0}nPrtDataMemAddr{0}nPrtState{0}nReverse{System.Int32[]}nRevPrtCols{0}
LPPRINTER_INFO-LPDRVINFO:nFMVersion{0}nFpgaVersion{0}nPCBVersion{0}nState{0}nNextState{0}nPtvwarnState{0}nCrc32{0}nRevInfo{System.UInt32[]}nSignature{0}
2023-04-07 22:48:55,590 [AppLog] INFO : 进入：EquipmentMotionLogic3=》准备创建对象-手动操作！
2023-04-07 22:48:55,590 [AppLog] INFO : 进入：EquipmentMotionLogic3=》不需重新创建-手动操作！
2023-04-07 22:48:55,590 [AppLog] INFO : 进入：EquipmentMotionLogic3=》赋值完成自-AutoPrintMotion2！
2023-04-07 22:48:55,590 [AppLog] INFO : 进入：EquipmentMotionLogic3=》加载配置文件-LoadJsonFile成功！
2023-04-07 22:48:55,590 [AppLog] INFO : 进入：AutoPrintThread2！
2023-04-07 22:48:55,590 [AppLog] INFO : 准备读取编码器位置：X方向！
2023-04-07 22:48:55,590 [AppLog] INFO : 准备运动，当前位置：DEV_GetPrintEncoderValue：MoveDirectionFlag{false为Y方向：False}CurrentPos{26.595}AimPos{425}
2023-04-07 22:48:55,621 [AppLog] INFO : X方向运动开始：DEM_Run：返回值{True}nAxis{0}DirFlag{True}nSpeed{300000}MoveStep{398405}nCtlValue{2}
2023-04-07 22:48:57,493 [AppLog] INFO : X方向到位停止：DEM_StopAxisRun：返回值{True}CurrentPos{418.595}bImmeStop{False}nAxisMask{1}
2023-04-07 22:48:57,493 [AppLog] INFO : 准备读取编码器位置：Y方向！
2023-04-07 22:48:57,493 [AppLog] INFO : 准备运动，编码器当前位置：DEM_GetAxisEncodeVal：MoveDirectionFlag{false为Y方向：True}CurrentPos{176.88}AimPos{231}
2023-04-07 22:48:57,524 [AppLog] INFO : Y方向运动开始：DEM_Run：返回值{True}nAxis{1}DirFlag{True}nSpeed{300000}MoveStep{54120}nCtlValue{0}
2023-04-07 22:48:57,618 [AppLog] INFO : 关闭闪喷操作：IDP_FlashPrtCtl：返回值{True}
2023-04-07 22:48:57,618 [AppLog] INFO : 删除打印任务：准备删除数据处理及打印线程
2023-04-07 22:48:57,618 [AppLog] INFO : 对象发生异常，区间位点2：System.Threading.ThreadAbortException: 正在中止线程。
   在 System.Threading.Thread.SleepInternal(Int32 millisecondsTimeout)
   在 System.Threading.Thread.Sleep(Int32 millisecondsTimeout)
   在 BinderJetting.手动操作.BackToStation(Double AimPos, Single m_MovSpeed, Boolean MoveDirectionFlag, Boolean WaitStopFLag)
   在 BinderJetting.手动操作.AutoPrintThread2(Int32 Command, Int32 PassIndex, Single m_MovSpeed, Single m_BackCleanMovSpeed, SendMessageToCamera& toCamera, Int32 RecordLayerIndex, Int32 RecordProcessIndex)
   在 BinderJetting.主界面.EquipmentMotionLogic3(Int32 index, Int32 Command, Int32 PassIndex, Single m_MovSpeed, Single m_BackCleanMovSpeed, SendMessageToCamera& toCamera, Int32 RecordLayerIndex, Int32 RecordProcessIndex)
2023-04-07 22:48:57,634 [AppLog] INFO : 关闭打印线程成功：PrintTaskTHREAD
2023-04-07 22:48:57,634 [AppLog] INFO : 关闭打印线程成功：DataTaskTHREAD
2023-04-07 22:48:57,634 [AppLog] INFO : 停止打印任务，释放板卡内存：IDP_StopPrintJob()：ReturnFlag{True}
2023-04-07 22:48:59,428 [AppLog] INFO : 进入手动调试子模块！
2023-04-07 22:48:59,443 [AppLog] INFO : 进入：ManulBtn_Click=》准备创建对象-手动操作！
2023-04-07 22:48:59,459 [AppLog] INFO : 创建：ManualControl=》创建完成-手动操作！
2023-04-07 22:48:59,459 [AppLog] INFO : 加载成功：温控Modbus接口！
2023-04-07 22:49:04,217 [AppLog] INFO : 开启刮墨轴回零校准：SpreaderHomeBtn_Click
2023-04-07 22:49:05,668 [AppLog] INFO : 刮墨轴回零成功：SpreaderHomeBtn_Click：{AXIS{4},Vel{1圈/s},开槽位置{-106°}}
2023-04-07 22:49:08,507 [AppLog] INFO : 手动控制墨车运动开启，沿X轴右侧方向运动 ====》：nAxis{0},Dir{true},nPlsSpeed{50000},nPlsCount{750000},cControlFlag{2}
2023-04-07 22:49:14,372 [AppLog] INFO : 手动控制墨车运动带减速停止：沿X轴方向运动 ====》《=== ====: bImmeStop{false},nAxisMask{0x1}
2023-04-07 22:49:33,560 [AppLog] INFO : 手动控制墨车运动开启：沿Y轴后侧方向运动 ↓↓↓：nAxis{{1}},Dir{{true}},nPlsSpeed{{{nSpeed}}},nPlsCount{{750000}},cControlFlag{{{nCtlValue}}}
2023-04-07 22:49:34,606 [AppLog] INFO : 手动控制墨车运动带减速停止：沿Y轴方向运动 ↑↑↑↓↓↓ ====: bImmeStop{{false}},nAxisMask{{0x2}}
2023-04-07 22:49:39,769 [AppLog] INFO : 开启手动冲洗喷头：CleanBtn_Click
2023-04-07 22:49:40,534 [AppLog] INFO : 关闭手动冲洗喷头：CleanBtn_Click
2023-04-07 22:49:40,955 [AppLog] INFO : 开启手动冲洗喷头：CleanBtn_Click
2023-04-07 22:49:41,563 [AppLog] INFO : 关闭手动冲洗喷头：CleanBtn_Click
2023-04-07 22:49:41,797 [AppLog] INFO : 开启手动冲洗喷头：CleanBtn_Click
2023-04-07 22:49:41,984 [AppLog] INFO : 关闭手动冲洗喷头：CleanBtn_Click
2023-04-07 22:49:42,218 [AppLog] INFO : 开启手动冲洗喷头：CleanBtn_Click
2023-04-07 22:49:42,655 [AppLog] INFO : 关闭手动冲洗喷头：CleanBtn_Click
2023-04-07 22:49:51,407 [AppLog] INFO : 手动开启自动清洗过程：AutoCleanBtn_Click
2023-04-07 22:49:51,407 [AppLog] INFO : 进入自动清洗过程：AutoCleanThread
2023-04-07 22:49:52,374 [AppLog] INFO : 刮墨轴回零成功：motionMap.SetBackSpreaderAxis(4, 1, 2, -SinkPosition)
2023-04-07 22:49:52,374 [AppLog] INFO : 准备读取编码器位置：Y方向！
2023-04-07 22:49:52,374 [AppLog] INFO : 准备运动，编码器当前位置：DEM_GetAxisEncodeVal：MoveDirectionFlag{false为Y方向：True}CurrentPos{291.175}AimPos{121}
2023-04-07 22:49:52,405 [AppLog] INFO : Y方向运动开始：DEM_Run：返回值{True}nAxis{1}DirFlag{False}nSpeed{300000}MoveStep{-170175}nCtlValue{0}
2023-04-07 22:49:52,967 [AppLog] INFO : Y方向到位停止：DEM_StopAxisRun：返回值{True}CurrentPos{167.9}bImmeStop{False}nAxisMask{2}
2023-04-07 22:49:52,967 [AppLog] INFO : 准备读取编码器位置：X方向！
2023-04-07 22:49:52,967 [AppLog] INFO : 准备运动，当前位置：DEV_GetPrintEncoderValue：MoveDirectionFlag{false为Y方向：False}CurrentPos{721.775}AimPos{780}
2023-04-07 22:49:52,998 [AppLog] INFO : X方向运动开始：DEM_Run：返回值{True}nAxis{0}DirFlag{True}nSpeed{300000}MoveStep{58225}nCtlValue{2}
2023-04-07 22:49:54,402 [AppLog] INFO : X方向到位停止：DEM_StopAxisRun：返回值{True}CurrentPos{779.975}bImmeStop{False}nAxisMask{1}
2023-04-07 22:49:55,229 [AppLog] INFO : 开启压墨： motionMap.SetDo(13, true)
2023-04-07 22:50:00,236 [AppLog] INFO : 关闭压墨： motionMap.SetDo(13, true)
2023-04-07 22:50:00,236 [AppLog] INFO : 准备读取编码器位置：X方向！
2023-04-07 22:50:00,236 [AppLog] INFO : 准备运动，当前位置：DEV_GetPrintEncoderValue：MoveDirectionFlag{false为Y方向：False}CurrentPos{779.995}AimPos{680}
2023-04-07 22:50:00,268 [AppLog] INFO : X方向运动开始：DEM_Run：返回值{True}nAxis{0}DirFlag{False}nSpeed{50000}MoveStep{-99995}nCtlValue{2}
2023-04-07 22:50:02,327 [AppLog] INFO : X方向到位停止：DEM_StopAxisRun：返回值{True}CurrentPos{683.735}bImmeStop{False}nAxisMask{1}
2023-04-07 22:50:03,154 [AppLog] INFO : 结束自动清洗过程：AutoCleanThread
2023-04-07 22:50:31,156 [AppLog] INFO : 手动控制墨车运动开启：沿Y轴后侧方向运动 ↓↓↓：nAxis{{1}},Dir{{true}},nPlsSpeed{{{nSpeed}}},nPlsCount{{750000}},cControlFlag{{{nCtlValue}}}
2023-04-07 22:50:33,433 [AppLog] INFO : 手动控制墨车运动带减速停止：沿Y轴方向运动 ↑↑↑↓↓↓ ====: bImmeStop{{false}},nAxisMask{{0x2}}
2023-04-07 22:50:34,089 [AppLog] INFO : 手动控制墨车运动开启，沿X轴右侧方向运动 ====》：nAxis{0},Dir{true},nPlsSpeed{50000},nPlsCount{750000},cControlFlag{2}
2023-04-07 22:50:34,962 [AppLog] INFO : 手动控制墨车运动带减速停止：沿X轴方向运动 ====》《=== ====: bImmeStop{false},nAxisMask{0x1}
2023-04-07 22:50:35,805 [AppLog] INFO : 手动控制墨车运动开启：沿Y轴后侧方向运动 ↓↓↓：nAxis{{1}},Dir{{true}},nPlsSpeed{{{nSpeed}}},nPlsCount{{750000}},cControlFlag{{{nCtlValue}}}
2023-04-07 22:50:36,787 [AppLog] INFO : 手动控制墨车运动带减速停止：沿Y轴方向运动 ↑↑↑↓↓↓ ====: bImmeStop{{false}},nAxisMask{{0x2}}
2023-04-07 22:50:37,911 [AppLog] INFO : 手动控制墨车运动开启：沿Y轴后侧方向运动 ↓↓↓：nAxis{{1}},Dir{{true}},nPlsSpeed{{{nSpeed}}},nPlsCount{{750000}},cControlFlag{{{nCtlValue}}}
2023-04-07 22:50:38,067 [AppLog] INFO : 手动控制墨车运动带减速停止：沿Y轴方向运动 ↑↑↑↓↓↓ ====: bImmeStop{{false}},nAxisMask{{0x2}}
2023-04-07 22:50:38,394 [AppLog] INFO : 手动控制墨车运动开启：沿Y轴后侧方向运动 ↓↓↓：nAxis{{1}},Dir{{true}},nPlsSpeed{{{nSpeed}}},nPlsCount{{750000}},cControlFlag{{{nCtlValue}}}
2023-04-07 22:50:38,519 [AppLog] INFO : 手动控制墨车运动带减速停止：沿Y轴方向运动 ↑↑↑↓↓↓ ====: bImmeStop{{false}},nAxisMask{{0x2}}
2023-04-07 22:50:42,918 [AppLog] INFO : 手动控制墨车运动开启，沿X轴右侧方向运动 ====》：nAxis{0},Dir{true},nPlsSpeed{50000},nPlsCount{750000},cControlFlag{2}
2023-04-07 22:50:43,059 [AppLog] INFO : 手动控制墨车运动带减速停止：沿X轴方向运动 ====》《=== ====: bImmeStop{false},nAxisMask{0x1}
2023-04-07 22:50:43,230 [AppLog] INFO : 手动控制墨车运动开启，沿X轴右侧方向运动 ====》：nAxis{0},Dir{true},nPlsSpeed{50000},nPlsCount{750000},cControlFlag{2}
2023-04-07 22:50:43,402 [AppLog] INFO : 手动控制墨车运动带减速停止：沿X轴方向运动 ====》《=== ====: bImmeStop{false},nAxisMask{0x1}
2023-04-07 22:50:58,908 [AppLog] INFO : 手动控制墨车运动开启：沿Y轴前侧方向运动 ↑↑↑：nAxis{{1}},Dir{{false}},nPlsSpeed{{{nSpeed}}},nPlsCount{{750000}},cControlFlag{{{nCtlValue}}}
2023-04-07 22:50:59,033 [AppLog] INFO : 手动控制墨车运动带减速停止：沿Y轴方向运动 ↑↑↑↓↓↓ ====: bImmeStop{{false}},nAxisMask{{0x2}}
2023-04-07 22:55:12,315 [AppLog] INFO : 开启手动冲洗喷头：CleanBtn_Click
2023-04-07 22:55:12,487 [AppLog] INFO : 关闭手动冲洗喷头：CleanBtn_Click
2023-04-07 22:55:12,611 [AppLog] INFO : 开启手动冲洗喷头：CleanBtn_Click
2023-04-07 22:55:12,861 [AppLog] INFO : 关闭手动冲洗喷头：CleanBtn_Click
